
2026-09-22T03:37:44.752161+08:00
COMMAND ["H:\\CrystalPilot-campaigns\\scxrd-agent-eval-20260921\\toolbox\\pyplain\\Scripts\\python.exe", "H:\\CrystalPilot-campaigns\\scxrd-agent-eval-20260921\\arena\\r10_C0N_nu1000\\deliverables\\framework.py", "merge"]
{
  "observations": 337815,
  "unique": 11289,
  "invalid_lines": 0,
  "hkl_extent": [
    56,
    56,
    24
  ],
  "d_min": 0.6910782904312252,
  "d_max": 14.919155672359999,
  "multiplicity": 29.9242625564709,
  "completeness_to_measured_dmin": 0.8816087465833659,
  "possible_unique_within_measured_index_box": 12805,
  "rint": 0.6297962609280785,
  "r_weighted_equivalent_chi2": 0.9824432799934304,
  "positive": 6777,
  "observed_gt_2sig": 2104,
  "shells": [
    {
      "d_min": 0,
      "d_max": 0.8,
      "unique": 3045,
      "observations": 41924,
      "mean_i_sigma": -0.003967574502656669,
      "rint": 0.9693243364547413
    },
    {
      "d_min": 0.8,
      "d_max": 1,
      "unique": 3849,
      "observations": 137557,
      "mean_i_sigma": -0.047267035286595475,
      "rint": 0.9839179439918221
    },
    {
      "d_min": 1,
      "d_max": 1.2,
      "unique": 1787,
      "observations": 65183,
      "mean_i_sigma": 1.1181861950517071,
      "rint": 0.9256117182478617
    },
    {
      "d_min": 1.2,
      "d_max": 1.5,
      "unique": 1223,
      "observations": 45299,
      "mean_i_sigma": 2.5356964198235907,
      "rint": 0.7656398780186208
    },
    {
      "d_min": 1.5,
      "d_max": 2,
      "unique": 766,
      "observations": 27214,
      "mean_i_sigma": 8.60776629580919,
      "rint": 0.34616944725709975
    },
    {
      "d_min": 2,
      "d_max": 3,
      "unique": 417,
      "observations": 14213,
      "mean_i_sigma": 13.801018820649592,
      "rint": 0.1939654326332469
    },
    {
      "d_min": 3,
      "d_max": 5,
      "unique": 151,
      "observations": 5137,
      "mean_i_sigma": 20.36799261058463,
      "rint": 0.11494886798904473
    },
    {
      "d_min": 5,
      "d_max": 100,
      "unique": 51,
      "observations": 1288,
      "mean_i_sigma": 23.35434580694688,
      "rint": 0.09302708763806304
    }
  ],
  "seconds": 1.7797703742980957,
  "input_sha256": {
    "start.hkl": "52e803152c644abbfc5a52d70ce90998b439efafec3922a15e4b7a461d8f2614",
    "start.ins": "f89c0cfbf199126ad800d146a6d1ef66cee594a537258245600056bad11207fb",
    "synthesis.png": "942b46860d0bf98be956c5ec33b731bcc03c836d37a470f95e8abaad31c0cc9f"
  }
}

2026-09-22T03:37:47.342534+08:00
COMMAND ["H:\\CrystalPilot-campaigns\\scxrd-agent-eval-20260921\\toolbox\\pyplain\\Scripts\\python.exe", "H:\\CrystalPilot-campaigns\\scxrd-agent-eval-20260921\\arena\\r10_C0N_nu1000\\deliverables\\framework.py", "patterson"]
  0     28.21103 [0. 0. 0.] distance 0.000
  1      5.15786 [0.      0.      0.78125] distance 12.977
  2      4.74732 [0.45833333 0.54166667 0.        ] distance 19.798
  3      4.11382 [0.53125    0.         0.88541667] distance 25.490
  4      3.95567 [0.546875 0.       0.      ] distance 21.432
  5      3.06654 [0.078125   0.         0.11458333] distance 3.605
  6      2.65648 [0.5 0.  0. ] distance 19.595
  7      2.48882 [0.       0.390625 0.      ] distance 15.309
  8      2.01867 [0.         0.45833333 0.21875   ] distance 18.326
  9      1.80633 [0.      0.      0.65625] distance 10.900
 10      1.66535 [0.         0.         0.86458333] distance 14.361
 11      1.66175 [0.08333333 0.46354167 0.10416667] distance 16.862
 12      1.51803 [0.14583333 0.07291667 0.        ] distance 4.950
 13      1.49247 [0.09895833 0.09895833 0.        ] distance 3.878
 14      1.25003 [0.91145833 0.453125   0.21875   ] distance 31.147
 15      1.21258 [0.95833333 0.97916667 0.09375   ] distance 38.004
 16      1.17146 [0.9375  0.96875 0.     ] distance 37.368
 17      1.15457 [0.91145833 0.91145833 0.19791667] distance 35.871
 18      0.91963 [0.05729167 0.         0.        ] distance 2.245
 19      0.87041 [0.296875   0.046875   0.58333333] distance 14.534
 20      0.85050 [0.95833333 0.72395833 0.55208333] distance 35.129
 21      0.84478 [0.95833333 0.78645833 0.47916667] distance 35.585
 22      0.80085 [0.203125   0.25       0.42708333] distance 11.476
 23      0.77119 [0.24479167 0.03645833 0.33333333] distance 10.537
 24      0.75774 [0.25520833 0.953125   0.35416667] distance 34.004
 25      0.73439 [0.41145833 0.41145833 0.75      ] distance 20.377
 26      0.71245 [0.71875    0.04166667 0.44791667] distance 28.380
 27      0.71156 [0.13020833 0.13020833 0.16666667] distance 5.805
 28      0.70847 [0.07291667 0.92708333 0.71875   ] distance 36.972
 29      0.67298 [0.08333333 0.54166667 0.34375   ] distance 20.605
 30      0.65899 [0.13020833 0.         0.5       ] distance 9.747
 31      0.65496 [0.27083333 0.22916667 0.30208333] distance 11.098
 32      0.65184 [0.13541667 0.484375   0.        ] distance 16.964
 33      0.64891 [0.81770833 0.15625    0.5       ] distance 30.613
 34      0.64657 [0.      0.3125  0.53125] distance 15.095
 35      0.62983 [0.171875 0.828125 0.46875 ] distance 30.670
 36      0.60290 [0.51041667 0.17708333 0.5       ] distance 19.454
 37      0.59546 [0.953125   0.05208333 0.8125    ] distance 38.798
 38      0.59260 [0.67708333 0.984375   0.5       ] distance 35.180
 39      0.58373 [0.97395833 0.65104167 0.64583333] distance 35.343
 40      0.58187 [0.80729167 0.640625   0.5       ] distance 30.099
 41      0.56602 [0.125   0.5625  0.09375] distance 20.109
 42      0.56565 [0.609375 0.21875  0.71875 ] distance 24.117
 43      0.56350 [0.359375   0.17708333 0.        ] distance 12.197
 44      0.56275 [0.76041667 0.49479167 0.55208333] distance 27.755
 45      0.55664 [0.328125   0.66145833 0.47916667] distance 23.819
 46      0.55583 [0.828125   0.16145833 0.        ] distance 29.799
 47      0.54793 [0.35416667 0.3125     0.58333333] distance 16.326
 48      0.53833 [0.65625    0.65625    0.35416667] distance 26.383
 49      0.52711 [0.19270833 0.32291667 0.5       ] distance 13.805
 50      0.52470 [0.07291667 0.41145833 0.83333333] distance 20.340
 51      0.51013 [0.59895833 0.46354167 0.        ] distance 21.321
 52      0.50536 [0.96354167 0.81770833 0.5625    ] distance 36.470
 53      0.50173 [0.81770833 0.61979167 0.47916667] distance 30.032
 54      0.50027 [0.71354167 0.49479167 0.58333333] distance 26.639
 55      0.49690 [0.34375  0.171875 0.03125 ] distance 11.678
 56      0.49478 [0.95833333 0.55208333 0.17708333] distance 32.783
 57      0.47469 [0.53645833 0.13541667 0.95833333] distance 24.738
 58      0.45961 [0.34895833 0.69791667 0.5       ] distance 25.101
 59      0.45961 [0.6875     0.49479167 0.55208333] distance 25.760
 60      0.45682 [0.02083333 0.51041667 0.77083333] distance 23.418
 61      0.45676 [0.83333333 0.21354167 0.52083333] distance 30.629
 62      0.45665 [0.15104167 0.30208333 0.        ] distance 10.253
 63      0.45501 [0.015625   0.85416667 0.42708333] distance 33.923
 64      0.45458 [0.36458333 0.67708333 0.5       ] distance 24.456
 65      0.44700 [0.51041667 0.27604167 0.375     ] distance 18.427
 66      0.44342 [0.9375     0.17708333 0.16666667] distance 33.922
 67      0.43539 [0.66666667 0.02604167 0.91666667] distance 29.813
 68      0.42513 [0.34375 0.      0.5625 ] distance 16.394
 69      0.41608 [0.265625   0.21354167 0.78125   ] distance 16.114
 70      0.40312 [0.5        0.         0.19791667] distance 19.869
 71      0.40199 [0.         0.19270833 0.        ] distance 7.552
 72      0.40026 [0.66666667 0.33333333 0.        ] distance 22.626
 73      0.39418 [0.50520833 0.85416667 0.58333333] distance 30.719
 74      0.39045 [0.26041667 0.734375   0.625     ] distance 27.322
 75      0.38841 [0.41145833 0.828125   0.8125    ] distance 31.179
 76      0.38746 [0.953125   0.47395833 0.25      ] distance 32.614
 77      0.38412 [0.796875   0.90104167 0.33333333] distance 33.913
 78      0.38342 [0.140625   0.48958333 0.63541667] distance 20.104
 79      0.38084 [0.47395833 0.07291667 0.76041667] distance 21.439
 80      0.37752 [0.72916667 0.49479167 0.5       ] distance 26.598
 81      0.37514 [0.078125   0.19270833 0.66666667] distance 12.880
 82      0.37373 [0.296875   0.59375    0.41666667] distance 21.307
 83      0.37094 [0.65625 0.65625 0.5    ] distance 27.026
 84      0.35821 [0.79166667 0.703125   0.46875   ] distance 30.456
 85      0.35647 [0.40625  0.140625 0.5     ] distance 16.281
 86      0.35619 [0.13020833 0.94270833 0.64583333] distance 36.297
 87      0.35396 [0.875      0.05729167 0.91666667] distance 36.548
 88      0.35390 [0.27083333 0.77604167 0.66666667] distance 28.938
 89      0.34935 [0.359375   0.41145833 0.07291667] distance 15.256
 90      0.34686 [0.69270833 0.890625   0.54166667] distance 32.995
 91      0.34657 [0.22395833 0.22395833 0.        ] distance 8.777
 92      0.32771 [0.04166667 0.3125     0.82291667] distance 17.874
 93      0.32681 [0.20833333 0.89583333 0.5       ] distance 32.887
 94      0.32446 [0.38020833 0.76041667 0.34375   ] distance 26.432
 95      0.32262 [0.57291667 0.78645833 0.69791667] distance 29.941
 96      0.31997 [0.25       0.75       0.32291667] distance 26.471
 97      0.31393 [0.16666667 0.83333333 0.09375   ] distance 29.972
 98      0.31236 [0.65104167 0.93229167 0.28125   ] distance 32.795
 99      0.30834 [0.640625   0.02083333 0.5       ] distance 26.066

2026-09-22T03:37:48.784072+08:00
COMMAND ["H:\\CrystalPilot-campaigns\\scxrd-agent-eval-20260921\\toolbox\\pyplain\\Scripts\\python.exe", "H:\\CrystalPilot-campaigns\\scxrd-agent-eval-20260921\\arena\\r10_C0N_nu1000\\deliverables\\solve_heavy.py"]
{"kind": 0, "parameters": [0.4543832116689202, 0.03585620067623736, 0.10632455637695812, 0.009287534302027074, 0.0020000000000000005, -8.50614120223206], "cost": 22579.10878029701, "atoms": [{"label": "Zr1", "element": "Zr", "xyz": [0.4543832116689202, 0, 0.10632455637695812], "u": 0.009287534302027074}, {"label": "Zr2", "element": "Zr", "xyz": [0.5358562006762374, 0.07171240135247473, 0], "u": 0.0020000000000000005}], "success": true}
{"kind": 0, "parameters": [0.4531042392186447, 0.03644513226902899, 0.20053423285855318, 0.05355436523688793, 0.0020000000000000005, -9.157799479310139], "cost": 29689.458739155358, "atoms": [{"label": "Zr1", "element": "Zr", "xyz": [0.4531042392186447, 0, 0.20053423285855318], "u": 0.05355436523688793}, {"label": "Zr2", "element": "Zr", "xyz": [0.536445132269029, 0.07289026453805798, 0], "u": 0.0020000000000000005}], "success": true}
{"kind": 1, "parameters": [0.4551867155734136, 0.035439359869983755, 0.10717496895976288, 0.04465505938547352, 0.0020000000000000005, -8.512889702131247], "cost": 25421.467420470064, "atoms": [{"label": "Zr1", "element": "Zr", "xyz": [0.5354393598699838, 0.07087871973996751, 0.10717496895976288], "u": 0.04465505938547352}, {"label": "Zr2", "element": "Zr", "xyz": [0.4551867155734136, 0, 0], "u": 0.0020000000000000005}], "success": true}
{"kind": 1, "parameters": [0.4545986063110869, 0.040149804410967466, 0.18827944963274582, 0.39999999999999997, 0.0020000000000000005, -8.280147858135383], "cost": 28565.122663159058, "atoms": [{"label": "Zr1", "element": "Zr", "xyz": [0.5401498044109675, 0.08029960882193493, 0.18827944963274582], "u": 0.39999999999999997}, {"label": "Zr2", "element": "Zr", "xyz": [0.4545986063110869, 0, 0], "u": 0.0020000000000000005}], "success": true}
peak   0   89.2098 [0.53645833 0.07291667 0.        ]
peak   1   83.0688 [0.546875   0.         0.10416667]
peak   2   10.5685 [0.45833333 0.45833333 0.76041667]
peak   3   10.3497 [0.5625     0.03645833 0.        ]
peak   4   10.0382 [0.515625   0.03645833 0.89583333]
peak   5    9.0332 [0.41666667 0.52083333 0.92708333]
peak   6    9.0285 [0.94791667 0.41145833 0.85416667]
peak   7    8.2353 [0.59895833 0.         0.90625   ]
peak   8    8.1968 [0.75       0.25       0.45833333]
peak   9    6.6798 [0.31770833 0.46354167 0.29166667]
peak  10    5.9339 [0.57291667 0.14583333 0.375     ]
peak  11    5.8109 [0.3125     0.81770833 0.27083333]
peak  12    5.6922 [0.19270833 0.52083333 0.78125   ]
peak  13    5.6373 [0.16666667 0.52604167 0.83333333]
peak  14    5.3970 [0.21354167 0.49479167 0.32291667]
peak  15    5.3599 [0.36979167 0.875      0.1875    ]
peak  16    5.2580 [0.21354167 0.71875    0.41666667]
peak  17    5.2372 [0.3125     0.8125     0.54166667]
peak  18    4.9823 [0.65104167 0.11458333 0.23958333]
peak  19    4.7934 [0.      0.      0.21875]
peak  20    4.5340 [0.79166667 0.53645833 0.        ]
peak  21    4.3050 [0.75520833 0.50520833 0.70833333]
peak  22    3.7542 [0.40625    0.80729167 0.59375   ]
peak  23    3.6691 [0.078125   0.54166667 0.71875   ]
peak  24    3.5817 [0.94791667 0.046875   0.        ]
peak  25    3.2851 [0.08333333 0.40625    0.        ]
peak  26    3.2324 [0.69791667 0.53645833 0.        ]
peak  27    3.2085 [0.33333333 0.66666667 0.64583333]
peak  28    3.1388 [0.         0.         0.63541667]
peak  29    3.1189 [0.9375     0.46875    0.33333333]
peak  30    3.1076 [0.61458333 0.22916667 0.        ]
peak  31    3.0289 [0.       0.078125 0.      ]
peak  32    2.8629 [0.78645833 0.21354167 0.54166667]
peak  33    2.7236 [0.96875    0.03125    0.89583333]
peak  34    2.7024 [0.15104167 0.15104167 0.83333333]
peak  35    2.6278 [0.05208333 0.         0.6875    ]
peak  36    2.6228 [0.30208333 0.69791667 0.25      ]
peak  37    2.4760 [0.96354167 0.734375   0.5       ]
peak  38    2.4743 [0.15625    0.93229167 0.53125   ]
peak  39    2.4281 [0.74479167 0.07291667 0.        ]
peak  40    2.4248 [0.35416667 0.11458333 0.88541667]
peak  41    2.4122 [0.35416667 0.70833333 0.5       ]
peak  42    2.4005 [0.83854167 0.21354167 0.5       ]
peak  43    2.3181 [0.86979167 0.13020833 0.86458333]
peak  44    2.3175 [0.07291667 0.140625   0.5       ]
peak  45    2.3072 [0.83333333 0.         0.35416667]
peak  46    2.2560 [0.28645833 0.         0.77083333]
peak  47    2.2251 [0.92708333 0.58854167 0.5       ]
peak  48    2.2183 [0.38541667 0.19270833 0.75      ]
peak  49    2.2076 [0.47916667 0.8125     0.        ]
peak  50    2.1315 [0.875 0.125 0.   ]
peak  51    2.1003 [0.13541667 0.06770833 0.08333333]
peak  52    1.9875 [0.06770833 0.32291667 0.42708333]
peak  53    1.9872 [0.71875 0.28125 0.5    ]
peak  54    1.9849 [0.38020833 0.61979167 0.40625   ]
peak  55    1.9801 [0.88541667 0.88541667 0.72916667]
peak  56    1.9761 [0.40104167 0.         0.25      ]
peak  57    1.9728 [0.47916667 0.73958333 0.1875    ]
peak  58    1.9618 [0.14583333 0.16666667 0.89583333]
peak  59    1.9517 [0.6875     0.95833333 0.5       ]
peak  60    1.9414 [0.30729167 0.609375   0.625     ]
peak  61    1.9376 [0.3125     0.96354167 0.11458333]
peak  62    1.9074 [0.66145833 0.390625   0.35416667]
peak  63    1.9057 [0.18229167 0.32291667 0.19791667]
peak  64    1.8755 [0.83333333 0.171875   0.40625   ]
peak  65    1.8679 [0.15625    0.29166667 0.13541667]
peak  66    1.8429 [0.07291667 0.53645833 0.11458333]
peak  67    1.8372 [0.828125   0.         0.08333333]
peak  68    1.8263 [0.234375 0.15625  0.      ]
peak  69    1.8108 [0.328125 0.578125 0.5     ]
peak  70    1.8014 [0.31770833 0.75520833 0.55208333]
peak  71    1.7993 [0.30729167 0.15104167 0.3125    ]
peak  72    1.7826 [0.8125     0.078125   0.77083333]
peak  73    1.7615 [0.         0.61458333 0.70833333]
peak  74    1.6957 [0.63020833 0.26041667 0.67708333]
peak  75    1.6858 [0.         0.42708333 0.1875    ]
peak  76    1.6754 [0.171875   0.34375    0.83333333]
peak  77    1.6657 [0.65625  0.515625 0.09375 ]
peak  78    1.6629 [0.33333333 0.66666667 0.25      ]
peak  79    1.6546 [0.35416667 0.9375     0.40625   ]
peak  80    1.6532 [0.9375     0.76041667 0.        ]
peak  81    1.6500 [0.15625    0.38541667 0.8125    ]
peak  82    1.6234 [0.19791667 0.88541667 0.        ]
peak  83    1.5705 [0.60416667 0.80208333 0.38541667]
peak  84    1.5678 [0.10416667 0.         0.4375    ]
peak  85    1.5467 [0.09375  0.453125 0.4375  ]
peak  86    1.5454 [0.72395833 0.         0.5       ]
peak  87    1.5241 [0.359375 0.71875  0.      ]
peak  88    1.5240 [0.48958333 0.77083333 0.91666667]
peak  89    1.5156 [0.875      0.94270833 0.29166667]
peak  90    1.5045 [0.         0.31770833 0.57291667]
peak  91    1.5002 [0.375      0.1875     0.67708333]
peak  92    1.4959 [0.359375   0.359375   0.35416667]
peak  93    1.4741 [0.25520833 0.51041667 0.0625    ]
peak  94    1.4687 [0.59895833 0.72916667 0.07291667]
peak  95    1.4600 [0.91145833 0.91145833 0.80208333]
peak  96    1.4410 [0.83333333 0.66666667 0.23958333]
peak  97    1.4408 [0.8125     0.55208333 0.5       ]
peak  98    1.4222 [0.77083333 0.77083333 0.42708333]
peak  99    1.4086 [0.58333333 0.24479167 0.        ]
SECONDS 1.9803762435913086

2026-09-22T03:37:51.451927+08:00
COMMAND ["H:\\CrystalPilot-campaigns\\scxrd-agent-eval-20260921\\toolbox\\pyplain\\Scripts\\python.exe", "H:\\CrystalPilot-campaigns\\scxrd-agent-eval-20260921\\arena\\r10_C0N_nu1000\\deliverables\\inspect_maps.py"]
 0   89.21 0.536458 0.072917 0.000000 mult  6 Zr 0.041 
 1   83.07 0.453125 0.000000 0.104167 mult 12 Zr 0.061 
 2   10.57 0.458333 0.000000 0.239583 mult 12 Zr 2.219 
 3   10.35 0.473958 0.036458 0.000000 mult 12 Zr 2.108 
 4   10.04 0.518229 0.036458 0.104167 mult 12 Zr 2.104 
 5    9.03 0.520833 0.104167 0.072917 mult 24 Zr 2.045 
 6    9.03 0.463542 0.052083 0.145833 mult 24 Zr 1.998 
 7    8.24 0.401042 0.000000 0.093750 mult 12 Zr 2.101 
 8    8.20 0.500000 0.250000 0.458333 mult 12 Zr 10.764 8:1.38 16:1.51
 9    6.68 0.463542 0.145833 0.291667 mult 24 Zr 6.342 11:1.38 18:1.50
10    5.93 0.572917 0.145833 0.375000 mult 12 Zr 6.718 22:1.67
11    5.81 0.494792 0.182292 0.270833 mult 24 Zr 6.970 9:1.38 12:1.24 14:1.50
12    5.69 0.520833 0.192708 0.218750 mult 24 Zr 6.231 11:1.24 13:1.43
13    5.64 0.526042 0.166667 0.166667 mult 24 Zr 4.805 12:1.43 15:1.51
14    5.40 0.494792 0.213542 0.322917 mult 24 Zr 8.438 11:1.50 16:1.56 21:1.42
15    5.36 0.494792 0.125000 0.187500 mult 24 Zr 4.473 13:1.51 18:1.38
16    5.26 0.494792 0.213542 0.416667 mult 24 Zr 9.266 8:1.51 14:1.56 17:1.33
17    5.24 0.500000 0.187500 0.458333 mult 24 Zr 8.845 16:1.33 17:1.38
18    4.98 0.463542 0.114583 0.239583 mult 24 Zr 4.856 9:1.50 15:1.38
19    4.79 0.000000 0.000000 0.218750 mult  2 Zr 17.905 
20    4.53 0.463542 0.208333 0.000000 mult 12 Zr 7.202 
21    4.31 0.494792 0.247396 0.291667 mult 12 Zr 9.195 14:1.42
22    3.75 0.596354 0.192708 0.406250 mult 12 Zr 7.899 10:1.67
23    3.67 0.539062 0.078125 0.281250 mult 12 Zr 4.321 29:1.01
24    3.58 0.098958 0.049479 0.000000 mult  6 Zr 15.097 31:1.69
25    3.29 0.406250 0.083333 0.000000 mult 12 Zr 4.848 
26    3.23 0.463542 0.161458 0.000000 mult 12 Zr 5.511 
27    3.21 0.666667 0.333333 0.354167 mult  4 Zr 10.651 
28    3.14 0.000000 0.000000 0.364583 mult  2 Zr 18.317 
29    3.12 0.531250 0.062500 0.333333 mult 12 Zr 4.681 23:1.01
30    3.11 0.614583 0.229167 0.000000 mult  6 Zr 5.344 
31    3.03 0.078125 0.000000 0.000000 mult  6 Zr 14.851 24:1.69
32    2.86 0.427083 0.213542 0.458333 mult 12 Zr 10.692 32:1.38
33    2.72 0.062500 0.031250 0.104167 mult 12 Zr 16.005 
34    2.70 0.151042 0.000000 0.166667 mult 12 Zr 11.930 
35    2.63 0.052083 0.000000 0.312500 mult 12 Zr 16.134 
36    2.62 0.604167 0.302083 0.250000 mult 12 Zr 9.042 
37    2.48 0.265625 0.036458 0.500000 mult 12 Zr 10.492 
38    2.47 0.223958 0.067708 0.468750 mult 24 Zr 12.198 38:1.04
39    2.43 0.328125 0.072917 0.000000 mult 12 Zr 7.065 
40    2.42 0.354167 0.114583 0.114583 mult 24 Zr 7.297 
41    2.41 0.645833 0.291667 0.500000 mult  6 Zr 11.167 
42    2.40 0.375000 0.161458 0.500000 mult 12 Zr 10.591 
43    2.32 0.260417 0.130208 0.135417 mult 12 Zr 11.084 
44    2.32 0.140625 0.070312 0.500000 mult  6 Zr 15.344 
Amplitude scale 0.02303915252272131 R1 0.5177284319237535
Top observed [(np.float64(1012.4803995521651), [2, 0, 1]), (np.float64(630.1467170304292), [4, 0, 0]), (np.float64(533.1390240034941), [6, 0, 2]), (np.float64(499.6942903059793), [0, 0, 2]), (np.float64(420.77516507942585), [4, -2, 1]), (np.float64(400.48657385487445), [9, -2, 0]), (np.float64(390.3945391353838), [4, -2, 0]), (np.float64(378.07481334017035), [8, -3, 3]), (np.float64(350.9811022318626), [11, -2, 0]), (np.float64(339.53594480788433), [10, -5, 3]), (np.float64(326.11815787010033), [6, 0, 0]), (np.float64(304.7003757053311), [15, 0, 0]), (np.float64(268.10457230770436), [11, 0, 1]), (np.float64(247.5082148015287), [3, 0, 0]), (np.float64(235.38964530244084), [8, -4, 1]), (np.float64(226.36422130547078), [2, 0, 8]), (np.float64(223.8405941189287), [6, -3, 3]), (np.float64(220.0343898573632), [0, 0, 9]), (np.float64(217.14230706211416), [13, -2, 0]), (np.float64(215.46153231857744), [10, -4, 1])]

2026-09-22T03:37:52.308449+08:00
COMMAND ["H:\\CrystalPilot-campaigns\\scxrd-agent-eval-20260921\\toolbox\\pyplain\\Scripts\\python.exe", "H:\\CrystalPilot-campaigns\\scxrd-agent-eval-20260921\\arena\\r10_C0N_nu1000\\deliverables\\refine.py"]
{"n": 3345, "observed": 1773, "scale": 0.0014190263433566275, "r1_observed": 0.21661275877155575, "r1_all": 0.2852750762069682, "wr2_sigma": 0.521838314015847, "cycle": 0, "cost": 18477.36632755357, "nfev": 13, "optimality": 0.07063808786855146}
{"n": 3345, "observed": 1773, "scale": 0.0014392757049626857, "r1_observed": 0.21314868071109266, "r1_all": 0.28173519982866835, "wr2_sigma": 0.5261933431923779, "cycle": 1, "cost": 17539.668862060647, "nfev": 10, "optimality": 0.07570472611572436}
{"n": 3345, "observed": 1773, "scale": 0.0014491518531582251, "r1_observed": 0.21324029072955503, "r1_all": 0.2817743572525279, "wr2_sigma": 0.527595094189505, "cycle": 2, "cost": 17446.771434911763, "nfev": 7, "optimality": 0.0683741117239776}
{"n": 3345, "observed": 1773, "scale": 0.0014501151234526989, "r1_observed": 0.21321282287837542, "r1_all": 0.28174215689163745, "wr2_sigma": 0.5278047677080039, "cycle": 3, "cost": 17413.35409535257, "nfev": 5, "optimality": 0.09019395579785276}
ALL DATA {"n": 11289, "observed": 2104, "scale": 0.0014501151234526989, "r1_observed": 0.23394397923731203, "r1_all": 0.5097759347068208, "wr2_sigma": 0.537912549340546}
Zr1 [0.4553110741614785, 0.0, 0.10607156082084623] U 0.10144958456915848 mult 12
Zr2 [0.5359690090935978, 0.07193801818719558, 0.0] U 0.09213386051175497 mult 6
O1 [0.4623409950716956, 0.0, 0.23952626260558355] U 0.0854436876020579 mult 12
O2 [0.47437886686226793, 0.035667527626714324, 0.0] U 0.07891672178944949 mult 12
O3 [0.5175359389347098, 0.03507187786942001, 0.1041271746335218] U 0.09421876114874883 mult 12
O4 [0.518876128564953, 0.10520790025483949, 0.08322198400360985] U 0.05358584692766919 mult 24
O5 [0.46578558936595943, 0.05945067066595346, 0.15039645486094558] U 0.07606640496094387 mult 24
O6 [0.39836920574777357, 0.0, 0.08867054969898845] U 0.10576940265297252 mult 12
C1 [0.49705611066663863, 0.24852805533331931, 0.4544590369000055] U 0.09570957028398923 mult 12
C2 [0.4630540735075367, 0.14458866800745132, 0.2906068670502252] U 0.10840820408739064 mult 24
C3 [0.49377391727999453, 0.1840149098015653, 0.2804764222849634] U 0.08285347939741405 mult 24
C4 [0.5235571695448008, 0.19411977816807308, 0.22480694351864783] U 0.09217771762097889 mult 24
C5 [0.523485578864917, 0.1644514084222665, 0.17548698102429636] U 0.0741086339746193 mult 24
C6 [0.4941145396492138, 0.21691756373469936, 0.3284696825100992] U 0.09428078619109637 mult 24
C7 [0.4926417817268519, 0.12522735531416682, 0.1864280746614196] U 0.07679562165513162 mult 24
C8 [0.49585017997988035, 0.2172712214771881, 0.41347289609775073] U 0.10437464770540543 mult 24
C9 [0.49704376555889507, 0.18333255250538616, 0.46029706136431003] U 0.11090836949979099 mult 24
C10 [0.46075758511534426, 0.11212702360119642, 0.2381612263391615] U 0.08912875853040873 mult 24
C11 [0.49682823015746647, 0.2484141150787333, 0.2875110894592482] U 0.0867705166456207 mult 12
C12 [0.4920818510805544, 0.09401165409561872, 0.13333573982645724] U 0.06685574741270559 mult 24
SECONDS 4.258913278579712

2026-09-22T03:37:57.250388+08:00
COMMAND ["H:\\CrystalPilot-campaigns\\scxrd-agent-eval-20260921\\toolbox\\pyplain\\Scripts\\python.exe", "H:\\CrystalPilot-campaigns\\scxrd-agent-eval-20260921\\arena\\r10_C0N_nu1000\\deliverables\\refine.py", "--input", "isotropic_atoms.json", "--name", "aniso_heavy", "--aniso", "heavy", "--cycles", "5"]
{"n": 3345, "observed": 1773, "scale": 0.0014765471068795726, "r1_observed": 0.20827568505092756, "r1_all": 0.27465864896312586, "wr2_sigma": 0.5261969524627795, "cycle": 0, "cost": 16359.169752866874, "nfev": 10, "optimality": 0.1037466296591962}
{"n": 3345, "observed": 1773, "scale": 0.0014606910755110114, "r1_observed": 0.20846889006813976, "r1_all": 0.2749779318130577, "wr2_sigma": 0.5236365863521487, "cycle": 1, "cost": 16912.656007603156, "nfev": 8, "optimality": 0.06140034941429625}
{"n": 3345, "observed": 1773, "scale": 0.001458383013462189, "r1_observed": 0.2085229136333713, "r1_all": 0.27505976477753297, "wr2_sigma": 0.523178666856908, "cycle": 2, "cost": 16973.139896415392, "nfev": 5, "optimality": 0.21847698624065454}
{"n": 3345, "observed": 1773, "scale": 0.0014578951667487813, "r1_observed": 0.2085361287174049, "r1_all": 0.27507950218787464, "wr2_sigma": 0.523084781987583, "cycle": 3, "cost": 16983.767879051033, "nfev": 4, "optimality": 0.06834998522004218}
{"n": 3345, "observed": 1773, "scale": 0.001457796265889299, "r1_observed": 0.20853982939800933, "r1_all": 0.27508453343713785, "wr2_sigma": 0.5230639942458805, "cycle": 4, "cost": 16986.15817100383, "nfev": 3, "optimality": 0.08460565669872572}
ALL DATA {"n": 11289, "observed": 2104, "scale": 0.001457796265889299, "r1_observed": 0.22816389858038358, "r1_all": 0.5032742856922998, "wr2_sigma": 0.533059020936694}
Zr1 [0.4553176487964818, 0.0, 0.10600663702845443] U 0.10216888957079699 mult 12
Zr2 [0.5360383088541001, 0.0720766177082001, 0.0] U 0.09309102792945408 mult 6
O1 [0.4622586843717484, 0.0, 0.23942291742340943] U 0.08566729328002758 mult 12
O2 [0.47422389192066394, 0.035546397478751886, 0.0] U 0.07875658564521908 mult 12
O3 [0.5177386336573125, 0.035477267314625374, 0.10485661422186064] U 0.09137801454698351 mult 12
O4 [0.5189843987940301, 0.10530748812856183, 0.0829385377136181] U 0.05444978144921619 mult 24
O5 [0.46575169289245916, 0.05930233516702532, 0.15089851563138632] U 0.07484759713137469 mult 24
O6 [0.3984652372264998, 0.0, 0.08838125035607579] U 0.10656166784931022 mult 12
C1 [0.49744642578681353, 0.24872321289340676, 0.4547543003690514] U 0.09407457934643303 mult 12
C2 [0.46297432541784345, 0.1445463891006539, 0.29064563122815407] U 0.10772135477517596 mult 24
C3 [0.4938170491543111, 0.1841004206485137, 0.2800293728252182] U 0.08335348580035633 mult 24
C4 [0.5238493699906851, 0.19423599697456845, 0.22429190531242646] U 0.09355700977869759 mult 24
C5 [0.5235621069939266, 0.16427926497918252, 0.17531402602621468] U 0.07688469781442783 mult 24
C6 [0.49410363084076375, 0.21691236861043636, 0.3288490445146649] U 0.09524937293113749 mult 24
C7 [0.4924321861978321, 0.12509336436865454, 0.18629513267390188] U 0.07747849381981715 mult 24
C8 [0.49609437750363794, 0.21737348737345538, 0.4136230232798825] U 0.10394183169672189 mult 24
C9 [0.497163013646025, 0.18343758094584134, 0.46030101634772463] U 0.10709297301646999 mult 24
C10 [0.4607541858500378, 0.1120358156518581, 0.23868920678655065] U 0.08817764417213154 mult 24
C11 [0.496843991276107, 0.24842199563805356, 0.287443962661339] U 0.09134442068005631 mult 12
C12 [0.49212997375449596, 0.09391339246443937, 0.132790118971991] U 0.06698256707753479 mult 24
SECONDS 4.020265102386475

2026-09-22T03:38:01.963995+08:00
COMMAND ["H:\\CrystalPilot-campaigns\\scxrd-agent-eval-20260921\\toolbox\\pyplain\\Scripts\\python.exe", "H:\\CrystalPilot-campaigns\\scxrd-agent-eval-20260921\\arena\\r10_C0N_nu1000\\deliverables\\refine.py", "--input", "aniso_heavy_atoms.json", "--name", "aniso_all", "--aniso", "all", "--cycles", "5"]
{"n": 3345, "observed": 1773, "scale": 0.0015406314138535612, "r1_observed": 0.19083190570164757, "r1_all": 0.25615075960628253, "wr2_sigma": 0.5145181241597562, "cycle": 0, "cost": 15058.86759124597, "nfev": 22, "optimality": 0.05946942061275489}
{"n": 3345, "observed": 1773, "scale": 0.0015207738889087877, "r1_observed": 0.1909592738330637, "r1_all": 0.25627527315175325, "wr2_sigma": 0.5096904333747664, "cycle": 1, "cost": 15481.267236467083, "nfev": 11, "optimality": 0.1381497779651546}
{"n": 3345, "observed": 1773, "scale": 0.0015173346966194795, "r1_observed": 0.19119390494968544, "r1_all": 0.25658650713375375, "wr2_sigma": 0.5090440574790013, "cycle": 2, "cost": 15583.875290426313, "nfev": 11, "optimality": 0.09703353621364913}
{"n": 3345, "observed": 1773, "scale": 0.0015165313558345348, "r1_observed": 0.1912490212152022, "r1_all": 0.25664880138855084, "wr2_sigma": 0.5088244016478577, "cycle": 3, "cost": 15602.929880250169, "nfev": 7, "optimality": 0.08328253145921721}
{"n": 3345, "observed": 1773, "scale": 0.0015162709761881686, "r1_observed": 0.1912731462321058, "r1_all": 0.25667712010907245, "wr2_sigma": 0.5087738981363289, "cycle": 4, "cost": 15609.353963400343, "nfev": 5, "optimality": 0.07855337995922315}
ALL DATA {"n": 11289, "observed": 2104, "scale": 0.0015162709761881686, "r1_observed": 0.21135426309720276, "r1_all": 0.4971950574279547, "wr2_sigma": 0.5198590285645988}
Zr1 [0.45528815389521055, 0.0, 0.10602943439920283] U 0.10438742955944032 mult 12
Zr2 [0.5360374420144325, 0.07207488402886487, 0.0] U 0.09519653176119798 mult 6
O1 [0.46251719779998884, 0.0, 0.23944368069544616] U 0.09730727553029295 mult 12
O2 [0.47420866828635383, 0.03561028346379098, 0.0] U 0.08858606009547022 mult 12
O3 [0.5177543570699241, 0.03550871413984849, 0.10420339690584951] U 0.09696778105818803 mult 12
O4 [0.5190317780703071, 0.10565877813637899, 0.08239540499485558] U 0.061387815371014676 mult 24
O5 [0.46592499512451413, 0.05937558737019796, 0.15032889664033405] U 0.07565646704621605 mult 24
O6 [0.39889014122703276, 0.0, 0.08888644964749114] U 0.12235569538688278 mult 12
C1 [0.497409314213839, 0.2487046571069195, 0.454763005089679] U 0.1017310741179669 mult 12
C2 [0.46515285810209356, 0.14786777262580544, 0.29057542205663184] U 0.12643918212357058 mult 24
C3 [0.49594676137633587, 0.18805480627944612, 0.27994449990355147] U 0.10783483236547525 mult 24
C4 [0.5244596638502287, 0.1932930364780619, 0.21913907861081647] U 0.10648721623981056 mult 24
C5 [0.5228085568787315, 0.16242354121529, 0.17430247270904842] U 0.09205813521865037 mult 24
C6 [0.49501170773234976, 0.21900242723152258, 0.3297394673049306] U 0.09817638601515088 mult 24
C7 [0.4908718488312705, 0.12372820829529063, 0.18710934763282222] U 0.07908830811443934 mult 24
C8 [0.4964836397915032, 0.21775974294635655, 0.4150553233359309] U 0.10399951774491252 mult 24
C9 [0.4970302646964636, 0.18373491295785607, 0.461256329214389] U 0.11347086012872987 mult 24
C10 [0.46058622407879396, 0.11203741093353575, 0.2422343218033677] U 0.10525427184686963 mult 24
C11 [0.49763406802381455, 0.24881703401190733, 0.2891347559766558] U 0.099816587548387 mult 12
C12 [0.49242854507022676, 0.09362044917885577, 0.13321012182667089] U 0.07105158381406436 mult 24
SECONDS 8.35234522819519

2026-09-22T03:38:11.005634+08:00
COMMAND ["H:\\CrystalPilot-campaigns\\scxrd-agent-eval-20260921\\toolbox\\pyplain\\Scripts\\python.exe", "H:\\CrystalPilot-campaigns\\scxrd-agent-eval-20260921\\arena\\r10_C0N_nu1000\\deliverables\\refine.py", "--input", "aniso_all_atoms.json", "--name", "highangle", "--aniso", "all", "--zr-fp", "--restraints", "--dmax", "3", "--cycles", "5"]
{"n": 3143, "observed": 1582, "scale": 0.0027182516158989266, "r1_observed": 0.12097949423009481, "r1_all": 0.20745873194407463, "wr2_sigma": 0.26478922480633205, "cycle": 0, "cost": 4586.939611541548, "nfev": 12, "optimality": 0.058352324807503374}
{"n": 3143, "observed": 1582, "scale": 0.0026851797699065905, "r1_observed": 0.12104226709832985, "r1_all": 0.20748058349402548, "wr2_sigma": 0.2642263069278002, "cycle": 1, "cost": 4735.587020178521, "nfev": 8, "optimality": 0.045554327802352274}
{"n": 3143, "observed": 1582, "scale": 0.002688257061846266, "r1_observed": 0.12107412188245226, "r1_all": 0.20755842540474462, "wr2_sigma": 0.26421426235458695, "cycle": 2, "cost": 4741.690044399515, "nfev": 6, "optimality": 0.049885622525257606}
{"n": 3143, "observed": 1582, "scale": 0.0026876943892866576, "r1_observed": 0.12107700887902914, "r1_all": 0.20756112016172013, "wr2_sigma": 0.26421248591098173, "cycle": 3, "cost": 4742.383957405616, "nfev": 4, "optimality": 0.07983463554948884}
{"n": 3143, "observed": 1582, "scale": 0.0026877140895816194, "r1_observed": 0.12107792738137453, "r1_all": 0.20756280442204675, "wr2_sigma": 0.26421252630110925, "cycle": 4, "cost": 4742.573216867104, "nfev": 3, "optimality": 0.03577527776982923}
ALL DATA {"n": 11289, "observed": 2104, "scale": 0.0026877140895816194, "r1_observed": 0.20008202034866193, "r1_all": 0.481879764500344, "wr2_sigma": 0.6000416106649604}
Zr1 [0.455225579788543, 0.0, 0.10617463402175788] U 0.07359413765229562 mult 12
Zr2 [0.536062274271868, 0.07212454854373591, 0.0] U 0.06414381443514541 mult 6
O1 [0.46156103802822024, 0.0, 0.23874570593522984] U 0.14561862046220794 mult 12
O2 [0.4733599861675686, 0.03645003456379938, 0.0] U 0.13911474288954337 mult 12
O3 [0.5180453813106685, 0.036090762621337195, 0.10687229062694431] U 0.12988367870356907 mult 12
O4 [0.5182406101815001, 0.10518490657332072, 0.0827039001916017] U 0.09949727182509756 mult 24
O5 [0.46607308396015945, 0.05913855106486198, 0.15068528557392755] U 0.12059051754235695 mult 24
O6 [0.3990606253736348, 0.0, 0.08716680653846864] U 0.16723996340211345 mult 12
C1 [0.4937918930174692, 0.2468959465087346, 0.4571849024321893] U 0.1480192051608895 mult 12
C2 [0.46040876365441835, 0.14366425957820853, 0.2926374269606919] U 0.17711625877167206 mult 24
C3 [0.4936430007814093, 0.18372616460254895, 0.2830094589375626] U 0.1424659326640461 mult 24
C4 [0.5236102844424959, 0.19319155094603044, 0.2258513483622076] U 0.1528966573587601 mult 24
C5 [0.5226513853191161, 0.16423567831367752, 0.17377233101701658] U 0.13309904748431076 mult 24
C6 [0.49388507933516873, 0.2160274734347622, 0.3308416425952468] U 0.1423482359432462 mult 24
C7 [0.4922424910552746, 0.12551427682851293, 0.18421979729209198] U 0.119795418055938 mult 24
C8 [0.4938680370572095, 0.21607322580249194, 0.4145458682629328] U 0.15155998295937934 mult 24
C9 [0.49555438723895323, 0.18440565454165506, 0.45907881428274694] U 0.1901049451230223 mult 24
C10 [0.460141584921521, 0.11296595732242588, 0.24041990084681134] U 0.1521353985811727 mult 24
C11 [0.4958971147149712, 0.24794855735748567, 0.2894004174970342] U 0.1398551927959735 mult 12
C12 [0.49181162110525245, 0.09394299959918101, 0.13390724487156375] U 0.10790427560021343 mult 24
SECONDS 6.499211311340332

2026-09-22T03:38:18.218161+08:00
COMMAND ["H:\\CrystalPilot-campaigns\\scxrd-agent-eval-20260921\\toolbox\\pyplain\\Scripts\\python.exe", "H:\\CrystalPilot-campaigns\\scxrd-agent-eval-20260921\\arena\\r10_C0N_nu1000\\deliverables\\refine.py", "--input", "highangle_atoms.json", "--name", "riding", "--aniso", "all", "--zr-fp", "--restraints", "--hydrogen", "--dmax", "3", "--cycles", "6"]
{"n": 3143, "observed": 1582, "scale": 0.002675186047115053, "r1_observed": 0.11910420832199306, "r1_all": 0.20533193133492078, "wr2_sigma": 0.2609302048151143, "cycle": 0, "cost": 4451.56883324515, "nfev": 8, "optimality": 0.0375914495765334}
{"n": 3143, "observed": 1582, "scale": 0.002672767245258729, "r1_observed": 0.1192233305176067, "r1_all": 0.2055735138865743, "wr2_sigma": 0.2607724085377643, "cycle": 1, "cost": 4607.516753416229, "nfev": 6, "optimality": 0.022763444611086373}
{"n": 3143, "observed": 1582, "scale": 0.0026720936510325633, "r1_observed": 0.11923942286630466, "r1_all": 0.20558679362898882, "wr2_sigma": 0.2607742420777846, "cycle": 2, "cost": 4611.017949019563, "nfev": 5, "optimality": 0.022787486501570833}
{"n": 3143, "observed": 1582, "scale": 0.0026719847423455315, "r1_observed": 0.11924136110874586, "r1_all": 0.20558941500426403, "wr2_sigma": 0.2607746684026831, "cycle": 3, "cost": 4611.726822407339, "nfev": 4, "optimality": 0.026163834378070447}
{"n": 3143, "observed": 1582, "scale": 0.0026719770019281355, "r1_observed": 0.11924168021730122, "r1_all": 0.20558971545218005, "wr2_sigma": 0.260775231151689, "cycle": 4, "cost": 4611.796360440054, "nfev": 3, "optimality": 0.03729859420710926}
{"n": 3143, "observed": 1582, "scale": 0.002671969135811607, "r1_observed": 0.11924181545625577, "r1_all": 0.20558987005466212, "wr2_sigma": 0.2607753633091934, "cycle": 5, "cost": 4611.817705521445, "nfev": 2, "optimality": 0.0438804256431921}
ALL DATA {"n": 11289, "observed": 2104, "scale": 0.002671969135811607, "r1_observed": 0.1984176751418794, "r1_all": 0.48062260213471164, "wr2_sigma": 0.6350023579515759}
Zr1 [0.45521860189953134, 0.0, 0.10616900512991533] U 0.0741329380516706 mult 12
Zr2 [0.5360693146442572, 0.07213862928851439, 0.0] U 0.06461985229221646 mult 6
O1 [0.4615826334665718, 0.0, 0.23872779665569815] U 0.14540581996792354 mult 12
O2 [0.4732619018320457, 0.03644734483888677, 0.0] U 0.13844474582363755 mult 12
O3 [0.5180553764834431, 0.03611075296688647, 0.10714298916064517] U 0.1291067374447261 mult 12
O4 [0.518307523775123, 0.10522607963908195, 0.08269286735319442] U 0.09871521926276604 mult 24
O5 [0.46606684828134803, 0.059155352697852354, 0.1507810052669791] U 0.1200530820451543 mult 24
O6 [0.3990632346954889, 0.0, 0.08726317344630048] U 0.16750763563609752 mult 12
C1 [0.4938145466444609, 0.24690727332223045, 0.4572570902755869] U 0.14759931410777546 mult 12
C2 [0.4612527920731169, 0.1440318936869768, 0.2919707033512612] U 0.17574045464632929 mult 24
C3 [0.49363742418665363, 0.183893499719843, 0.2832966507785232] U 0.1423657103097061 mult 24
C4 [0.5229790368016691, 0.1925524066082779, 0.22576616236387556] U 0.15754639568560802 mult 24
C5 [0.5220704322440991, 0.16397422758237118, 0.1745967212954784] U 0.13454331761054836 mult 24
C6 [0.49393558579561125, 0.2159788989508213, 0.3310231085449403] U 0.14284412940709285 mult 24
C7 [0.49220187400437915, 0.12546079448891093, 0.18392462059357859] U 0.11881607155568252 mult 24
C8 [0.49385270670643555, 0.21601250583157205, 0.4145967395987633] U 0.15067084480886492 mult 24
C9 [0.4954152141498649, 0.18467197520572876, 0.4597808957996189] U 0.1949656669813642 mult 24
C10 [0.4608925157470567, 0.1139803609887915, 0.24080760200316523] U 0.1514006392965937 mult 24
C11 [0.49601209170770855, 0.24800604585385433, 0.2910592545360556] U 0.1414094849496024 mult 12
C12 [0.49179914628895405, 0.09395025636824147, 0.13389991199819182] U 0.10751412357779926 mult 24
H2 [0.44086311552228746, 0.1377698307967314, 0.3300407840193566] U 0.21088854557559514 mult 24
H4 [0.5442465790474394, 0.21884249521338803, 0.22150049089940269] U 0.1890556748227296 mult 24
H5 [0.5415760512003808, 0.17082659220563742, 0.13415099037004874] U 0.16145198113265802 mult 24
H9 [0.4964394751674563, 0.16412750744932186, 0.4315216585114558] U 0.23395880037763703 mult 24
H10 [0.44040111792497527, 0.08731068754154181, 0.24486016414160933] U 0.18168076715591244 mult 24
H11 [0.4989672841813015, 0.24948364209065083, 0.23418444387705808] U 0.16969138193952288 mult 12
SECONDS 5.788831949234009

2026-09-22T03:38:24.724879+08:00
COMMAND ["H:\\CrystalPilot-campaigns\\scxrd-agent-eval-20260921\\toolbox\\pyplain\\Scripts\\python.exe", "H:\\CrystalPilot-campaigns\\scxrd-agent-eval-20260921\\arena\\r10_C0N_nu1000\\deliverables\\audit_data.py"]
{
  "shells": [
    {
      "d_min": 0.691,
      "d_max": 0.8,
      "measured": 3045,
      "expected": 4430,
      "completeness": 0.6873589164785553,
      "cc_half": -0.11981543323037433,
      "paired_halves": 2912
    },
    {
      "d_min": 0.8,
      "d_max": 0.9,
      "measured": 2296,
      "expected": 2417,
      "completeness": 0.9499379395945386,
      "cc_half": -0.022273892529853057,
      "paired_halves": 2296
    },
    {
      "d_min": 0.9,
      "d_max": 1,
      "measured": 1553,
      "expected": 1557,
      "completeness": 0.9974309569685292,
      "cc_half": 0.23728395425627338,
      "paired_halves": 1553
    },
    {
      "d_min": 1,
      "d_max": 1.1,
      "measured": 1050,
      "expected": 1051,
      "completeness": 0.9990485252140818,
      "cc_half": 0.5426366224096459,
      "paired_halves": 1050
    },
    {
      "d_min": 1.1,
      "d_max": 1.2,
      "measured": 737,
      "expected": 738,
      "completeness": 0.9986449864498645,
      "cc_half": 0.8121829908953627,
      "paired_halves": 737
    },
    {
      "d_min": 1.2,
      "d_max": 1.5,
      "measured": 1223,
      "expected": 1223,
      "completeness": 1.0,
      "cc_half": 0.9453395718009129,
      "paired_halves": 1223
    },
    {
      "d_min": 1.5,
      "d_max": 2,
      "measured": 766,
      "expected": 766,
      "completeness": 1.0,
      "cc_half": 0.9941003790349072,
      "paired_halves": 766
    },
    {
      "d_min": 2,
      "d_max": 3,
      "measured": 417,
      "expected": 417,
      "completeness": 1.0,
      "cc_half": 0.9976539317763904,
      "paired_halves": 417
    },
    {
      "d_min": 3,
      "d_max": 5,
      "measured": 151,
      "expected": 151,
      "completeness": 1.0,
      "cc_half": 0.9984553738749671,
      "paired_halves": 151
    },
    {
      "d_min": 5,
      "d_max": 15,
      "measured": 51,
      "expected": 51,
      "completeness": 1.0,
      "cc_half": 0.9973582585224195,
      "paired_halves": 51
    },
    {
      "d_min": 15,
      "d_max": 100,
      "measured": 0,
      "expected": 4,
      "completeness": 0.0,
      "cc_half": null,
      "paired_halves": 0
    }
  ],
  "volume": 22092.80153000264,
  "missing_d_above_8": [
    [
      0,
      0,
      1
    ],
    [
      1,
      0,
      0
    ],
    [
      2,
      -1,
      0
    ],
    [
      2,
      0,
      0
    ]
  ],
  "wavelength": 0.68883,
  "random_seed": 20260922,
  "note": "CC1/2 from random inverse-variance half-dataset merges."
}
{
  "symmetry_group_order": 24,
  "sf_implementation_error": 3.552713678800501e-14,
  "max_relative_sf_jacobian_error": 3.5990663711295877e-09,
  "max_relative_restraint_objective_gradient_error": 2.4172591077128584e-09,
  "symmetry_equivalence_error": 5.968558980384842e-13,
  "fourier_roundtrip_error": 2.220446049250313e-16,
  "passed": true
}

2026-09-22T03:38:28.194899+08:00
COMMAND ["H:\\CrystalPilot-campaigns\\scxrd-agent-eval-20260921\\toolbox\\pyplain\\Scripts\\python.exe", "H:\\CrystalPilot-campaigns\\scxrd-agent-eval-20260921\\arena\\r10_C0N_nu1000\\deliverables\\refine.py", "--input", "riding_atoms.json", "--name", "final_all_data", "--dmin", "0.69", "--aniso", "all", "--zr-fp", "--restraints", "--hydrogen", "--cycles", "7"]
{"n": 11289, "observed": 2104, "scale": 0.0024802805674821976, "r1_observed": 0.19654021122105053, "r1_all": 0.47946480598291036, "wr2_sigma": 0.6083362031242121, "cycle": 0, "cost": 17021.578769613112, "nfev": 9, "optimality": 0.15134013862137582}
{"n": 11289, "observed": 2104, "scale": 0.002451579661053592, "r1_observed": 0.19633080118165475, "r1_all": 0.47958896087834263, "wr2_sigma": 0.6041490254547923, "cycle": 1, "cost": 16875.677146002778, "nfev": 8, "optimality": 0.11185716553092194}
{"n": 11289, "observed": 2104, "scale": 0.0024422537224213785, "r1_observed": 0.19643395964034177, "r1_all": 0.4796906279073777, "wr2_sigma": 0.602923465429825, "cycle": 2, "cost": 16915.458792753896, "nfev": 6, "optimality": 0.070727312889804}
{"n": 11289, "observed": 2104, "scale": 0.002439616356724461, "r1_observed": 0.19644896625862113, "r1_all": 0.47972008957820195, "wr2_sigma": 0.602535929250986, "cycle": 3, "cost": 16927.504528923724, "nfev": 5, "optimality": 0.0781747614463462}
{"n": 11289, "observed": 2104, "scale": 0.002438712780858854, "r1_observed": 0.19645612858140898, "r1_all": 0.47972942468942364, "wr2_sigma": 0.6024118327883878, "cycle": 4, "cost": 16931.498538916625, "nfev": 4, "optimality": 0.04650081905310218}
{"n": 11289, "observed": 2104, "scale": 0.002438454205929675, "r1_observed": 0.19645794426837856, "r1_all": 0.4797322886798169, "wr2_sigma": 0.6023743516134573, "cycle": 5, "cost": 16932.867481238518, "nfev": 3, "optimality": 0.0631941846891877}
{"n": 11289, "observed": 2104, "scale": 0.0024383627885440243, "r1_observed": 0.19645864574973637, "r1_all": 0.4797332751802863, "wr2_sigma": 0.6023614938106464, "cycle": 6, "cost": 16933.28448434624, "nfev": 3, "optimality": 0.021360627327427287}
ALL DATA {"n": 11289, "observed": 2104, "scale": 0.0024383627885440243, "r1_observed": 0.19645863856278578, "r1_all": 0.47973326768151664, "wr2_sigma": 0.6023613086692569}
Zr1 [0.4551997896233498, 0.0, 0.10611312740899306] U 0.07671652011640955 mult 12
Zr2 [0.5361588961828415, 0.07231779236568296, 0.0] U 0.0672318775680605 mult 6
O1 [0.4629673156068443, 0.0, 0.2406773893185314] U 0.13300208759822332 mult 12
O2 [0.4735100526677788, 0.03650533067521541, 0.0] U 0.12693728563805642 mult 12
O3 [0.5180134784351133, 0.036026956870226716, 0.10736638737161694] U 0.12907345917133772 mult 12
O4 [0.5187259370868154, 0.1054044386666561, 0.08089428666387131] U 0.09199005885461847 mult 24
O5 [0.4659767464687184, 0.05941805369159073, 0.1510429492232154] U 0.11217916012013866 mult 24
O6 [0.39892192047344505, 0.0, 0.08768810849760343] U 0.15970403175002254 mult 12
C1 [0.49602701164403173, 0.24801350582201587, 0.4567708621830853] U 0.13571718877824254 mult 12
C2 [0.4618786769648408, 0.14320037475251707, 0.2904577668891695] U 0.16069120251899227 mult 24
C3 [0.4937465760294771, 0.1844973953070386, 0.28261527360341554] U 0.13252458772019507 mult 24
C4 [0.5231995989679883, 0.193633849037336, 0.22321152382438375] U 0.13853741590785332 mult 24
C5 [0.5223834053141213, 0.16365430087097363, 0.17465962518523892] U 0.12226040456758458 mult 24
C6 [0.4947180959424562, 0.21706799191579818, 0.33138696358461095] U 0.12879205391875956 mult 24
C7 [0.4912941716198149, 0.12465033490983497, 0.18547525572823392] U 0.10678347147656854 mult 24
C8 [0.49540762778585307, 0.2169319493931239, 0.4149251798658444] U 0.1321355738094822 mult 24
C9 [0.49543571310563594, 0.1846146591528602, 0.459579839270485] U 0.14561120464485217 mult 24
C10 [0.4603278410480554, 0.11292998267166532, 0.24032830363817045] U 0.13362450603942297 mult 24
C11 [0.49613386604136195, 0.24806693302068103, 0.29023474302586105] U 0.1360984422895529 mult 12
C12 [0.4921360830204974, 0.09428501605324267, 0.13315172038448178] U 0.0987747519473174 mult 24
H2 [0.44193929380713953, 0.13662317968685658, 0.32979201935365116] U 0.19282944302279073 mult 24
H4 [0.543617501628708, 0.22014907098397413, 0.21611063081396728] U 0.16624489908942397 mult 24
H5 [0.542307274540177, 0.16960990587805813, 0.13561500036245716] U 0.1467124854811015 mult 24
H9 [0.49545398082550746, 0.16359431081146478, 0.4311313549260349] U 0.1747334455738226 mult 24
H10 [0.43951111717732505, 0.08638936538215528, 0.24395943648539575] U 0.16034940724730756 mult 24
H11 [0.4980966975112808, 0.24904834875564044, 0.2331810775810373] U 0.16331813074746346 mult 12
SECONDS 16.282288312911987

2026-09-22T03:38:45.190532+08:00
COMMAND ["H:\\CrystalPilot-campaigns\\scxrd-agent-eval-20260921\\toolbox\\pyplain\\Scripts\\python.exe", "H:\\CrystalPilot-campaigns\\scxrd-agent-eval-20260921\\arena\\r10_C0N_nu1000\\deliverables\\refine.py", "--input", "riding_atoms.json", "--name", "highangle_check", "--dmin", "1.0", "--dmax", "3", "--aniso", "all", "--zr-fp", "--restraints", "--hydrogen", "--cycles", "6"]
{"n": 4193, "observed": 1776, "scale": 0.002612339983703439, "r1_observed": 0.12335716689314709, "r1_all": 0.2387027746941604, "wr2_sigma": 0.2668945673441393, "cycle": 0, "cost": 4967.435553609045, "nfev": 8, "optimality": 0.02938690218647017}
{"n": 4193, "observed": 1776, "scale": 0.002615216517567646, "r1_observed": 0.12339751028059115, "r1_all": 0.23886062325744997, "wr2_sigma": 0.2664675155115635, "cycle": 1, "cost": 5127.037220058789, "nfev": 6, "optimality": 0.02098710657146465}
{"n": 4193, "observed": 1776, "scale": 0.002614444128997989, "r1_observed": 0.12340796172436928, "r1_all": 0.23887673439062884, "wr2_sigma": 0.2664680336083244, "cycle": 2, "cost": 5129.611819444819, "nfev": 4, "optimality": 0.03465466415341188}
{"n": 4193, "observed": 1776, "scale": 0.0026144438556318767, "r1_observed": 0.12340871854530303, "r1_all": 0.23887784952372335, "wr2_sigma": 0.2664650985461285, "cycle": 3, "cost": 5130.116353161041, "nfev": 3, "optimality": 0.04833065141515084}
{"n": 4193, "observed": 1776, "scale": 0.0026144308235387693, "r1_observed": 0.12340890887071797, "r1_all": 0.2388781982453406, "wr2_sigma": 0.2664651220490134, "cycle": 4, "cost": 5130.161053595796, "nfev": 2, "optimality": 0.05376169971270527}
{"n": 4193, "observed": 1776, "scale": 0.0026144331932051487, "r1_observed": 0.12340892931303449, "r1_all": 0.23887822635713798, "wr2_sigma": 0.26646510470071244, "cycle": 5, "cost": 5130.170780177626, "nfev": 2, "optimality": 0.004384513667751337}
ALL DATA {"n": 11289, "observed": 2104, "scale": 0.0026144331932051487, "r1_observed": 0.19737072282232138, "r1_all": 0.4804785290815683, "wr2_sigma": 0.6270213750700473}
Zr1 [0.45522473818709946, 0.0, 0.10615967616818194] U 0.07350706289443247 mult 12
Zr2 [0.536071550740926, 0.0721431014818521, 0.0] U 0.06379395052944567 mult 6
O1 [0.46154593593677234, 0.0, 0.23892242223831925] U 0.1439086906797176 mult 12
O2 [0.47320413199204214, 0.036417222047013094, 0.0] U 0.13682522214290324 mult 12
O3 [0.518077328094125, 0.036154656188250284, 0.1071522497708461] U 0.1269299129415623 mult 12
O4 [0.5181615971016262, 0.10513537706345626, 0.08285622786131985] U 0.09589803331852725 mult 24
O5 [0.4660411034189882, 0.05908507097094277, 0.15084077164196125] U 0.11865986044581629 mult 24
O6 [0.3990387994257055, 0.0, 0.08727904671431587] U 0.1649859237968043 mult 12
C1 [0.4937679709838342, 0.2468839854919171, 0.4572460566434114] U 0.1457650672504315 mult 12
C2 [0.4613594371528963, 0.14407540685348152, 0.29172219898539375] U 0.1722555696127598 mult 24
C3 [0.49362796660503244, 0.18397611075921544, 0.2832358700483017] U 0.14178729772400442 mult 24
C4 [0.5229964681505862, 0.19258038271584776, 0.2258854874511228] U 0.15550556598654988 mult 24
C5 [0.5221037231939286, 0.16400012785146365, 0.1745454738874507] U 0.13336209923538614 mult 24
C6 [0.493964516896484, 0.21601212377693071, 0.3310972883588919] U 0.14089019014592516 mult 24
C7 [0.4921446216104414, 0.12539972210698455, 0.18388694187096025] U 0.11593356824234907 mult 24
C8 [0.493847761703643, 0.21600756332657306, 0.41454872859930775] U 0.14888626246794404 mult 24
C9 [0.4954279082289528, 0.1846368797084675, 0.45988696054215983] U 0.19179420515345025 mult 24
C10 [0.46098146149397207, 0.11408116883917992, 0.24073800395146674] U 0.1484440976598124 mult 24
C11 [0.49598793634599164, 0.24799396817299588, 0.2911271304776688] U 0.14003861135993242 mult 12
C12 [0.4916137628875031, 0.09384255404318513, 0.1341651772023918] U 0.10412972333118227 mult 24
H2 [0.44096171524437683, 0.13776249537820243, 0.3298010527700722] U 0.20670668353531177 mult 24
H4 [0.5443184234431254, 0.2188498201292909, 0.22178063155937627] U 0.18660667918385984 mult 24
H5 [0.5416083010465196, 0.17086550080274054, 0.13409225911953418] U 0.16003451908246336 mult 24
H9 [0.49646273930682716, 0.16409235562655342, 0.43165149983684686] U 0.2301530461841403 mult 24
H10 [0.4404750934672917, 0.08742297426520831, 0.24490051966359808] U 0.17813291719177488 mult 24
H11 [0.4988679394473661, 0.24943396972368315, 0.23423621807274841] U 0.1680463336319189 mult 12
SECONDS 6.562764644622803

2026-09-22T03:38:52.472480+08:00
COMMAND ["H:\\CrystalPilot-campaigns\\scxrd-agent-eval-20260921\\toolbox\\pyplain\\Scripts\\python.exe", "H:\\CrystalPilot-campaigns\\scxrd-agent-eval-20260921\\arena\\r10_C0N_nu1000\\deliverables\\refine.py", "--input", "final_all_data_atoms.json", "--name", "no_dispersion", "--dmin", "0.69", "--aniso", "all", "--fix-zr-fp", "0", "--restraints", "--hydrogen", "--cycles", "6"]
{"n": 11289, "observed": 2104, "scale": 0.001513418069602111, "r1_observed": 0.20632631036899426, "r1_all": 0.48808995099625463, "wr2_sigma": 0.5349608210148992, "cycle": 0, "cost": 19038.944671831985, "nfev": 10, "optimality": 0.13003084605463047}
{"n": 11289, "observed": 2104, "scale": 0.0014848543376964733, "r1_observed": 0.2050014195752748, "r1_all": 0.4875346900530454, "wr2_sigma": 0.5311569599277061, "cycle": 1, "cost": 18821.55475560246, "nfev": 7, "optimality": 0.18232902628472078}
{"n": 11289, "observed": 2104, "scale": 0.0014830330601939188, "r1_observed": 0.20511647660767338, "r1_all": 0.48769310589399195, "wr2_sigma": 0.5308878558581163, "cycle": 2, "cost": 18922.701603082885, "nfev": 6, "optimality": 0.10327997858087827}
{"n": 11289, "observed": 2104, "scale": 0.0014824703258293098, "r1_observed": 0.20511922195862473, "r1_all": 0.48771048908527015, "wr2_sigma": 0.5307997275323719, "cycle": 3, "cost": 18931.51787086539, "nfev": 4, "optimality": 0.2340616834196243}
{"n": 11289, "observed": 2104, "scale": 0.001482385091536415, "r1_observed": 0.20512260431978102, "r1_all": 0.4877156012700468, "wr2_sigma": 0.5307850648822325, "cycle": 4, "cost": 18934.440642380738, "nfev": 3, "optimality": 0.21029065173080724}
{"n": 11289, "observed": 2104, "scale": 0.0014823610624378602, "r1_observed": 0.20512331235442405, "r1_all": 0.4877170976942727, "wr2_sigma": 0.5307805569480223, "cycle": 5, "cost": 18934.9958742526, "nfev": 3, "optimality": 0.07455005321314595}
ALL DATA {"n": 11289, "observed": 2104, "scale": 0.0014823610624378602, "r1_observed": 0.2051232974652451, "r1_all": 0.4877170840440073, "wr2_sigma": 0.530780485527396}
Zr1 [0.45530384486741027, 0.0, 0.10604672226663533] U 0.10203915179025287 mult 12
Zr2 [0.5360571112047264, 0.07211422240945288, 0.0] U 0.09277768033657097 mult 6
O1 [0.4623245413659957, 0.0, 0.23974764352547262] U 0.09674956493205356 mult 12
O2 [0.47399516936147923, 0.03585252018154854, 0.0] U 0.08782024217110491 mult 12
O3 [0.5178620336004527, 0.035724067200905485, 0.10530013310540963] U 0.09220921706379874 mult 12
O4 [0.5187184128667192, 0.10531263557631315, 0.08254393996946367] U 0.05970698890016318 mult 24
O5 [0.4658531651960287, 0.059266231814009515, 0.1503426218580536] U 0.07660642442805228 mult 24
O6 [0.39880251882175255, 0.0, 0.08777266789579936] U 0.11843654076232861 mult 12
C1 [0.4961988717034565, 0.24809943585172825, 0.4560996312459579] U 0.10006283567005554 mult 12
C2 [0.4632590100802392, 0.14423298123301356, 0.28983559468779946] U 0.11008864061669398 mult 24
C3 [0.4933450889424077, 0.1845432294530381, 0.28095667211630576] U 0.09434560393528447 mult 24
C4 [0.5225718494849226, 0.19283644054298738, 0.22289103208526545] U 0.09591477544377007 mult 24
C5 [0.5224672822368229, 0.16373104203170608, 0.17563931839999303] U 0.08432329982467344 mult 24
C6 [0.49458464671990465, 0.21705993664635315, 0.3302879718932718] U 0.09431238499323182 mult 24
C7 [0.4917832046571748, 0.12471201554452707, 0.18565246783431438] U 0.07537911992384556 mult 24
C8 [0.4954522837516598, 0.21679136779032745, 0.4143641619628054] U 0.10000168179805707 mult 24
C9 [0.49582326307251473, 0.18427226738553426, 0.46063552267426755] U 0.11210936428355306 mult 24
C10 [0.46185877539556663, 0.11353755668663476, 0.2405959714882297] U 0.09463691347724541 mult 24
C11 [0.4966205925680824, 0.24831029628404125, 0.29007763112438234] U 0.09766656719008243 mult 12
C12 [0.49219357466289276, 0.09372480500031637, 0.13365303997663497] U 0.06715571694118642 mult 24
H2 [0.4435402966369452, 0.13758291807193954, 0.32971609826694315] U 0.13210636874003276 mult 24
H4 [0.5430807401477262, 0.21931760549224671, 0.21587089759983058] U 0.11509773053252408 mult 24
H5 [0.5427178453205924, 0.1699925084417621, 0.13722150001473915] U 0.10118795978960814 mult 24
H9 [0.4960625137387144, 0.16330016463292948, 0.4324489471702082] U 0.13453123714026366 mult 24
H10 [0.44136071410369826, 0.08692204126051659, 0.24567308572043794] U 0.11356429617269449 mult 24
H11 [0.49950111019774257, 0.24975055509887134, 0.23318682747992414] U 0.11719988062809891 mult 12
SECONDS 15.056270360946655

2026-09-22T03:39:08.276299+08:00
COMMAND ["H:\\CrystalPilot-campaigns\\scxrd-agent-eval-20260921\\toolbox\\pyplain\\Scripts\\python.exe", "H:\\CrystalPilot-campaigns\\scxrd-agent-eval-20260921\\arena\\r10_C0N_nu1000\\deliverables\\refine.py", "--input", "riding_atoms.json", "--name", "holdout_check", "--dmin", "0.69", "--aniso", "all", "--zr-fp", "--restraints", "--hydrogen", "--holdout", "--cycles", "6"]
{"n": 10169, "observed": 1880, "scale": 0.0023587578954967687, "r1_observed": 0.19807293275493632, "r1_all": 0.48298847745246765, "wr2_sigma": 0.6100041433718428, "cycle": 0, "cost": 15230.112290716494, "nfev": 10, "optimality": 0.22274676763863438}
{"n": 10169, "observed": 1880, "scale": 0.0023239322287701707, "r1_observed": 0.19782209953129198, "r1_all": 0.4831370530420701, "wr2_sigma": 0.6045836340401253, "cycle": 1, "cost": 15120.735312834446, "nfev": 7, "optimality": 0.12578543779098672}
{"n": 10169, "observed": 1880, "scale": 0.0023111681194203284, "r1_observed": 0.19792082710243317, "r1_all": 0.4832419983165878, "wr2_sigma": 0.602802606168, "cycle": 2, "cost": 15173.270952188108, "nfev": 6, "optimality": 0.09674894857293932}
{"n": 10169, "observed": 1880, "scale": 0.0023077094956265925, "r1_observed": 0.19793239069370566, "r1_all": 0.4832739549065903, "wr2_sigma": 0.6022764937180852, "cycle": 3, "cost": 15189.938391875106, "nfev": 5, "optimality": 0.08130705797523578}
{"n": 10169, "observed": 1880, "scale": 0.002306521022308861, "r1_observed": 0.19793874538405015, "r1_all": 0.48328395269952495, "wr2_sigma": 0.6021025299916356, "cycle": 4, "cost": 15195.17864871493, "nfev": 4, "optimality": 0.06381851240166703}
{"n": 10169, "observed": 1880, "scale": 0.0023061694201660515, "r1_observed": 0.1979404095547295, "r1_all": 0.483286977023699, "wr2_sigma": 0.6020501310566058, "cycle": 5, "cost": 15196.982337201887, "nfev": 3, "optimality": 0.08743544483849576}
ALL DATA {"n": 11289, "observed": 2104, "scale": 0.0023061694201660515, "r1_observed": 0.19768739365573837, "r1_all": 0.4818301206894196, "wr2_sigma": 0.5870571206747007}
HOLDOUT {"n": 1120, "observed": 224, "scale": 0.0023061694201660515, "r1_observed": 0.19561368971620777, "r1_all": 0.4694273580162241, "wr2_sigma": 0.4344153355332785}
Zr1 [0.4552681199812341, 0.0, 0.10601652508927818] U 0.07734911285166698 mult 12
Zr2 [0.5361610292001509, 0.07232205840030159, 0.0] U 0.06772847971805686 mult 6
O1 [0.46290873201437793, 0.0, 0.24116695560419657] U 0.13315794186051516 mult 12
O2 [0.4736102590601874, 0.0369648256185004, 0.0] U 0.11827730807348352 mult 12
O3 [0.5180592750739522, 0.03611855014790455, 0.1078573185877332] U 0.12307300421427259 mult 12
O4 [0.5187703781065266, 0.10542335795559557, 0.08058327500528692] U 0.08958316229195422 mult 24
O5 [0.46612121430955467, 0.059513740647020905, 0.15115826663403029] U 0.10877055161100523 mult 24
O6 [0.39865963758299916, 0.0, 0.08722190251520347] U 0.15309433227698901 mult 12
C1 [0.4968298766942417, 0.24841493834712086, 0.45777601201387486] U 0.13677164431170666 mult 12
C2 [0.46098805444221164, 0.14276640911616206, 0.2912910440726487] U 0.16405672729354354 mult 24
C3 [0.4928242111788848, 0.18375769133945744, 0.28276213673835127] U 0.12647705793655994 mult 24
C4 [0.5223627046600566, 0.1929788741725441, 0.2227739336549458] U 0.1346089281777713 mult 24
C5 [0.5223847253819003, 0.16377684968037076, 0.17340966338173316] U 0.12107544445996171 mult 24
C6 [0.49485684866192364, 0.21696976233555007, 0.3312863965306331] U 0.12581737204926532 mult 24
C7 [0.4910802349980766, 0.12460540078589157, 0.1854232961353392] U 0.10766869381901083 mult 24
C8 [0.4955581665375215, 0.21694577070757445, 0.4153060930270256] U 0.12697204935442616 mult 24
C9 [0.4954171327489017, 0.18441887587547212, 0.45933004921370574] U 0.13682551050992917 mult 24
C10 [0.4599761833554259, 0.1127873702876386, 0.2407043216946554] U 0.12866961772000207 mult 24
C11 [0.4966119534170028, 0.24830597670850146, 0.2894387808135072] U 0.14098440140003532 mult 12
C12 [0.49183432632384416, 0.09401693008743331, 0.13318692851192024] U 0.09789376729089261 mult 24
H2 [0.44100330715859215, 0.1361458098384946, 0.3305389995307676] U 0.19686807275225224 mult 24
H4 [0.5425791003588307, 0.21960694937880498, 0.216023010737454] U 0.16153071381332554 mult 24
H5 [0.5422736003178987, 0.169942475833714, 0.1341647908527768] U 0.14529053335195405 mult 24
H9 [0.49532595966664844, 0.16339145197235655, 0.43068697455314] U 0.164190612611915 mult 24
H10 [0.4393086376506787, 0.08617389040869353, 0.24422825127139733] U 0.1544035412640025 mult 24
H11 [0.4990019505408359, 0.24950097527041804, 0.23245319011656204] U 0.16918128168004237 mult 12
SECONDS 14.492455244064331

2026-09-22T03:39:23.485752+08:00
COMMAND ["H:\\CrystalPilot-campaigns\\scxrd-agent-eval-20260921\\toolbox\\pyplain\\Scripts\\python.exe", "H:\\CrystalPilot-campaigns\\scxrd-agent-eval-20260921\\arena\\r10_C0N_nu1000\\deliverables\\refine.py", "--input", "aniso_all_atoms.json", "--name", "aniso_fp", "--aniso", "all", "--zr-fp", "--cycles", "5"]
{"n": 3345, "observed": 1773, "scale": 0.002592218282878373, "r1_observed": 0.1852507167378924, "r1_all": 0.25125008918839625, "wr2_sigma": 0.5655025379162606, "cycle": 0, "cost": 13887.424723764554, "nfev": 31, "optimality": 0.07216740863624764}
{"n": 3345, "observed": 1773, "scale": 0.0026372462398931117, "r1_observed": 0.18496489097773278, "r1_all": 0.25065460441999055, "wr2_sigma": 0.5736983406219134, "cycle": 1, "cost": 13785.394966438536, "nfev": 19, "optimality": 0.204627183941175}
{"n": 3345, "observed": 1773, "scale": 0.002709525612544108, "r1_observed": 0.18545378390406358, "r1_all": 0.2514492409654271, "wr2_sigma": 0.5792545212799692, "cycle": 2, "cost": 13701.142534395383, "nfev": 28, "optimality": 0.07146637003582165}
{"n": 3345, "observed": 1773, "scale": 0.002716924802218927, "r1_observed": 0.18551826542864036, "r1_all": 0.25149939144107647, "wr2_sigma": 0.5803192550595256, "cycle": 3, "cost": 13654.076221091509, "nfev": 18, "optimality": 0.19930831496672988}
{"n": 3345, "observed": 1773, "scale": 0.002730152840109206, "r1_observed": 0.18564632274691686, "r1_all": 0.2516875321027006, "wr2_sigma": 0.581270442435007, "cycle": 4, "cost": 13643.679747551481, "nfev": 22, "optimality": 0.05885464356851072}
ALL DATA {"n": 11289, "observed": 2104, "scale": 0.002730152840109206, "r1_observed": 0.20479445063121704, "r1_all": 0.4958066660218639, "wr2_sigma": 0.5896048162209744}
Zr1 [0.4551491118505488, 0.0, 0.10604353581948307] U 0.07273930599264898 mult 12
Zr2 [0.5361672542620313, 0.07233450852406237, 0.0] U 0.06336161659490923 mult 6
O1 [0.4631540239187398, 0.0, 0.24082050039956082] U 0.14166297743229542 mult 12
O2 [0.4733385750170087, 0.03659032499093616, 0.0] U 0.1362915832943671 mult 12
O3 [0.5180731219004491, 0.0361462438008985, 0.10760341473194414] U 0.14183995374346212 mult 12
O4 [0.518749250467934, 0.10575904303138131, 0.08080907408642582] U 0.10331224686535818 mult 24
O5 [0.4664084873314788, 0.06009877308646663, 0.15070145175731783] U 0.11694436366477468 mult 24
O6 [0.3992314977154223, 0.0, 0.0875648814733786] U 0.17353914184763353 mult 12
C1 [0.4970478474310736, 0.2485239237155368, 0.4577964814922551] U 0.14225676623950745 mult 12
C2 [0.461455020276029, 0.1454113738947519, 0.2930809524873545] U 0.18843009186685244 mult 24
C3 [0.49710419883212414, 0.1887652897385792, 0.2821612598222543] U 0.16675793177400564 mult 24
C4 [0.5262379705402617, 0.19419287326495652, 0.21693636075265926] U 0.17718993721895834 mult 24
C5 [0.5200956676216948, 0.15890407284325264, 0.17305529199359893] U 0.1681999623895911 mult 24
C6 [0.49495719178511816, 0.2191499698672359, 0.3316691879712635] U 0.15239289921463375 mult 24
C7 [0.48576328492781207, 0.12161208170141123, 0.195010313012328] U 0.18605947927534283 mult 24
C8 [0.49608381485599407, 0.2177779636617678, 0.4172196690372841] U 0.14866475464368992 mult 24
C9 [0.4962288275777667, 0.18362516116897654, 0.4594723677677075] U 0.15569213154854547 mult 24
C10 [0.4548976903451242, 0.10741560001842626, 0.24313355150203575] U 0.22693794949974558 mult 24
C11 [0.496108925604698, 0.24805446280234905, 0.2896859724982695] U 0.1636825292808849 mult 12
C12 [0.4914306051867548, 0.09477428068607616, 0.13409672095702266] U 0.12223916678291902 mult 24
SECONDS 15.330604791641235

2026-09-22T03:39:39.511795+08:00
COMMAND ["H:\\CrystalPilot-campaigns\\scxrd-agent-eval-20260921\\toolbox\\pyplain\\Scripts\\python.exe", "H:\\CrystalPilot-campaigns\\scxrd-agent-eval-20260921\\arena\\r10_C0N_nu1000\\deliverables\\refine.py", "--input", "aniso_all_atoms.json", "--name", "restrained", "--aniso", "all", "--restraints", "--cycles", "5"]
{"n": 3345, "observed": 1773, "scale": 0.0015218023410595572, "r1_observed": 0.1900577377133246, "r1_all": 0.2553698594977126, "wr2_sigma": 0.5137671571824537, "cycle": 0, "cost": 15297.162775835279, "nfev": 10, "optimality": 0.06356911931666974}
{"n": 3345, "observed": 1773, "scale": 0.001515462448739682, "r1_observed": 0.18992795170334031, "r1_all": 0.25536352418895303, "wr2_sigma": 0.5128006931864909, "cycle": 1, "cost": 15723.864908422434, "nfev": 7, "optimality": 0.06359892215547816}
{"n": 3345, "observed": 1773, "scale": 0.0015147007961190087, "r1_observed": 0.18990219790086735, "r1_all": 0.2553327613182363, "wr2_sigma": 0.5127113733501578, "cycle": 2, "cost": 15736.775737168167, "nfev": 5, "optimality": 0.12819360784829625}
{"n": 3345, "observed": 1773, "scale": 0.0015146777815559578, "r1_observed": 0.18989128976553638, "r1_all": 0.25532154053041495, "wr2_sigma": 0.5127159932587909, "cycle": 3, "cost": 15737.849478920622, "nfev": 4, "optimality": 0.05073773961394777}
{"n": 3345, "observed": 1773, "scale": 0.0015146925491798125, "r1_observed": 0.18988800049029797, "r1_all": 0.25531797427019376, "wr2_sigma": 0.5127203675779824, "cycle": 4, "cost": 15737.44678655291, "nfev": 3, "optimality": 0.07053961012231362}
ALL DATA {"n": 11289, "observed": 2104, "scale": 0.0015146925491798125, "r1_observed": 0.20913195544631533, "r1_all": 0.49036531725855786, "wr2_sigma": 0.5229191555292662}
Zr1 [0.4553034205889333, 0.0, 0.10604582595926189] U 0.10442501811888433 mult 12
Zr2 [0.5360369683901893, 0.07207393678037863, 0.0] U 0.09514547026772885 mult 6
O1 [0.4624526427621376, 0.0, 0.23932312452223736] U 0.0964261579245204 mult 12
O2 [0.47419549706914627, 0.035658516312146976, 0.0] U 0.08882694151812387 mult 12
O3 [0.5177322338853872, 0.03546446777077469, 0.10431467934502053] U 0.09644494506397445 mult 12
O4 [0.5188316783991518, 0.10545071028827635, 0.08261530135723694] U 0.060580912492098814 mult 24
O5 [0.4657541493867884, 0.059169730892363964, 0.15042033640053082] U 0.0765280168386873 mult 24
O6 [0.3989291624148723, 0.0, 0.08853572041747784] U 0.12160095881658713 mult 12
C1 [0.49697943368353203, 0.24848971684176602, 0.45569034457786994] U 0.10309257237387193 mult 12
C2 [0.46277083698621396, 0.14426563724877417, 0.2903137605986444] U 0.11200020376143131 mult 24
C3 [0.49379502308158607, 0.1848338580508815, 0.28026175808783277] U 0.09170225599138054 mult 24
C4 [0.5234871288730991, 0.1936150265506722, 0.22237647114866319] U 0.0948227414680879 mult 24
C5 [0.5233693907769655, 0.16407752668926787, 0.17527141207492458] U 0.08324002810640549 mult 24
C6 [0.4949851709942457, 0.21735726392130666, 0.32973347662689395] U 0.0922342222240106 mult 24
C7 [0.4920681085382059, 0.12479090670854447, 0.18588558750357478] U 0.07681142577684796 mult 24
C8 [0.49614145408811633, 0.2173325208785434, 0.41409849432900064] U 0.10099298636809113 mult 24
C9 [0.49672579449547116, 0.18421382423922644, 0.459925860998264] U 0.11221585692713143 mult 24
C10 [0.4614195823121632, 0.1125879367860725, 0.24053492990886133] U 0.09851566771653524 mult 24
C11 [0.49729712224834155, 0.24864856112417083, 0.28855344675414984] U 0.0942151568571404 mult 12
C12 [0.492202137215065, 0.09350407230878413, 0.1334944482988881] U 0.06803466249215524 mult 24
SECONDS 6.182339906692505

2026-09-22T03:39:46.466045+08:00
COMMAND ["H:\\CrystalPilot-campaigns\\scxrd-agent-eval-20260921\\toolbox\\pyplain\\Scripts\\python.exe", "H:\\CrystalPilot-campaigns\\scxrd-agent-eval-20260921\\arena\\r10_C0N_nu1000\\deliverables\\solvent_density.py", "--input", "highangle", "--name", "pore_cv", "--holdout", "--iterations", "201"]
{"iteration": 0, "electrons": 2111.147669630164, "maximum_density": 0.6357517326704706, "work": {"n": 299, "observed": 278, "scale": 0.0026877140895816194, "r1_observed": 0.3375334190880086, "r1_all": 0.343999348098268, "wr2_sigma": 0.7741797490042727}, "free": {"n": 33, "observed": 31, "scale": 0.0026877140895816194, "r1_observed": 0.3664717204923873, "r1_all": 0.36951089469771853, "wr2_sigma": 0.5981999105911027}, "all": {"n": 3345, "observed": 1773, "scale": 0.0026877140895816194, "r1_observed": 0.18374241352379836, "r1_all": 0.24812212417730986, "wr2_sigma": 0.5231268047220046}}
{"iteration": 20, "electrons": 3176.9368216393027, "maximum_density": 1.2, "work": {"n": 299, "observed": 278, "scale": 0.0026877140895816194, "r1_observed": 0.13196373578921755, "r1_all": 0.1353666102397554, "wr2_sigma": 0.2921813677691502}, "free": {"n": 33, "observed": 31, "scale": 0.0026877140895816194, "r1_observed": 0.5856421182035966, "r1_all": 0.5879872975981403, "wr2_sigma": 1.2040032586090275}, "all": {"n": 3345, "observed": 1773, "scale": 0.0026877140895816194, "r1_observed": 0.1532851056962593, "r1_all": 0.22671319866608092, "wr2_sigma": 0.38088302489329484}}
{"iteration": 40, "electrons": 3432.7129719524573, "maximum_density": 1.2, "work": {"n": 299, "observed": 278, "scale": 0.0026877140895816194, "r1_observed": 0.12481832064438762, "r1_all": 0.12794434738076751, "wr2_sigma": 0.28083468391442945}, "free": {"n": 33, "observed": 31, "scale": 0.0026877140895816194, "r1_observed": 0.6436119351844403, "r1_all": 0.6504290932733797, "wr2_sigma": 1.561834320670706}, "all": {"n": 3345, "observed": 1773, "scale": 0.0026877140895816194, "r1_observed": 0.16315464436393493, "r1_all": 0.23854359846784412, "wr2_sigma": 0.4439944116519836}}
{"iteration": 60, "electrons": 3591.9593021309774, "maximum_density": 1.2, "work": {"n": 299, "observed": 278, "scale": 0.0026877140895816194, "r1_observed": 0.12224533876257883, "r1_all": 0.12526235921245446, "wr2_sigma": 0.2763936209928854}, "free": {"n": 33, "observed": 31, "scale": 0.0026877140895816194, "r1_observed": 0.6683289099368657, "r1_all": 0.6772661696242828, "wr2_sigma": 1.782485409829177}, "all": {"n": 3345, "observed": 1773, "scale": 0.0026877140895816194, "r1_observed": 0.16741977756458185, "r1_all": 0.24343755896782374, "wr2_sigma": 0.48209039467410236}}
{"iteration": 80, "electrons": 3711.0481606443504, "maximum_density": 1.2, "work": {"n": 299, "observed": 278, "scale": 0.0026877140895816194, "r1_observed": 0.12102049280763362, "r1_all": 0.12399681798088565, "wr2_sigma": 0.27416628463433335}, "free": {"n": 33, "observed": 31, "scale": 0.0026877140895816194, "r1_observed": 0.6739522772653623, "r1_all": 0.6838915206961421, "wr2_sigma": 1.9220162205543854}, "all": {"n": 3345, "observed": 1773, "scale": 0.0026877140895816194, "r1_observed": 0.16929364917395043, "r1_all": 0.24566697148147806, "wr2_sigma": 0.5056140227503774}}
{"iteration": 100, "electrons": 3813.1492520055717, "maximum_density": 1.2, "work": {"n": 299, "observed": 278, "scale": 0.0026877140895816194, "r1_observed": 0.11853726388641647, "r1_all": 0.12150711936052526, "wr2_sigma": 0.2708466723713824}, "free": {"n": 33, "observed": 31, "scale": 0.0026877140895816194, "r1_observed": 0.6795881149718981, "r1_all": 0.6895319397998044, "wr2_sigma": 2.0501501048025936}, "all": {"n": 3345, "observed": 1773, "scale": 0.0026877140895816194, "r1_observed": 0.16965532816719472, "r1_all": 0.24645328544634074, "wr2_sigma": 0.5241346448745046}}
{"iteration": 120, "electrons": 3905.8431255369032, "maximum_density": 1.2, "work": {"n": 299, "observed": 278, "scale": 0.0026877140895816194, "r1_observed": 0.11813809435580906, "r1_all": 0.12108787521287277, "wr2_sigma": 0.2700779657000516}, "free": {"n": 33, "observed": 31, "scale": 0.0026877140895816194, "r1_observed": 0.6790505755847662, "r1_all": 0.689230065095612, "wr2_sigma": 2.1264920980421884}, "all": {"n": 3345, "observed": 1773, "scale": 0.0026877140895816194, "r1_observed": 0.16999022396156963, "r1_all": 0.24691793352866637, "wr2_sigma": 0.5358352511382164}}
{"iteration": 140, "electrons": 3988.5845953720614, "maximum_density": 1.2, "work": {"n": 299, "observed": 278, "scale": 0.0026877140895816194, "r1_observed": 0.11783432044007458, "r1_all": 0.12078097804641713, "wr2_sigma": 0.2695455000279647}, "free": {"n": 33, "observed": 31, "scale": 0.0026877140895816194, "r1_observed": 0.6789222537014753, "r1_all": 0.6893851225234036, "wr2_sigma": 2.184738334554687}, "all": {"n": 3345, "observed": 1773, "scale": 0.0026877140895816194, "r1_observed": 0.17012409990437652, "r1_all": 0.24709426464466347, "wr2_sigma": 0.5445810941304452}}
{"iteration": 160, "electrons": 4064.030460829779, "maximum_density": 1.2, "work": {"n": 299, "observed": 278, "scale": 0.0026877140895816194, "r1_observed": 0.11759718708157528, "r1_all": 0.12054740979236442, "wr2_sigma": 0.2691482943950885}, "free": {"n": 33, "observed": 31, "scale": 0.0026877140895816194, "r1_observed": 0.6789973708785828, "r1_all": 0.6897378154060899, "wr2_sigma": 2.2315951286242273}, "all": {"n": 3345, "observed": 1773, "scale": 0.0026877140895816194, "r1_observed": 0.17016923168895093, "r1_all": 0.24714523129852342, "wr2_sigma": 0.5514803714504442}}
{"iteration": 180, "electrons": 4133.928034284982, "maximum_density": 1.2, "work": {"n": 299, "observed": 278, "scale": 0.0026877140895816194, "r1_observed": 0.11740072055765147, "r1_all": 0.12035693363668243, "wr2_sigma": 0.2688330204768609}, "free": {"n": 33, "observed": 31, "scale": 0.0026877140895816194, "r1_observed": 0.6787774983898004, "r1_all": 0.6897812447582337, "wr2_sigma": 2.2711856844316936}, "all": {"n": 3345, "observed": 1773, "scale": 0.0026877140895816194, "r1_observed": 0.17016370735163192, "r1_all": 0.24713687628021536, "wr2_sigma": 0.5572291941842141}}
{"iteration": 200, "electrons": 4199.357515570284, "maximum_density": 1.2, "work": {"n": 299, "observed": 278, "scale": 0.0026877140895816194, "r1_observed": 0.1172463666154029, "r1_all": 0.12020846515311769, "wr2_sigma": 0.2685727580264753}, "free": {"n": 33, "observed": 31, "scale": 0.0026877140895816194, "r1_observed": 0.6782685459478041, "r1_all": 0.6895236848642076, "wr2_sigma": 2.3059434357408786}, "all": {"n": 3345, "observed": 1773, "scale": 0.0026877140895816194, "r1_observed": 0.1701418479013714, "r1_all": 0.24710995751793693, "wr2_sigma": 0.5622374403814612}}
SECONDS 34.37513446807861

2026-09-22T03:40:21.572343+08:00
COMMAND ["H:\\CrystalPilot-campaigns\\scxrd-agent-eval-20260921\\toolbox\\pyplain\\Scripts\\python.exe", "H:\\CrystalPilot-campaigns\\scxrd-agent-eval-20260921\\arena\\r10_C0N_nu1000\\deliverables\\bulk_pore.py", "--input", "highangle", "--kind", "layered", "--name", "bulk_layered"]
{
  "kind": "layered",
  "input": "highangle",
  "parameters": [
    0.26584360833401205,
    0.18511911204970807,
    0.00924162304506821,
    0.15666922900379052,
    0.1754889954264657,
    7.0669947857125455e-31
  ],
  "electrons": 4167.657058069575,
  "cost": 6972.189748730112,
  "work_low": {
    "n": 299,
    "observed": 278,
    "scale": 0.0026877140895816194,
    "r1_observed": 0.32720448445940914,
    "r1_all": 0.33451403170618593,
    "wr2_sigma": 0.6372409428819582
  },
  "free_low": {
    "n": 33,
    "observed": 31,
    "scale": 0.0026877140895816194,
    "r1_observed": 0.39518476264957736,
    "r1_all": 0.39807154054715216,
    "wr2_sigma": 0.6253199245146361
  },
  "all": {
    "n": 3345,
    "observed": 1773,
    "scale": 0.0026877140895816194,
    "r1_observed": 0.18678887523285462,
    "r1_all": 0.2524795503253934,
    "wr2_sigma": 0.4550227405799363
  }
}

2026-09-22T03:40:23.796686+08:00
COMMAND ["H:\\CrystalPilot-campaigns\\scxrd-agent-eval-20260921\\toolbox\\pyplain\\Scripts\\python.exe", "H:\\CrystalPilot-campaigns\\scxrd-agent-eval-20260921\\arena\\r10_C0N_nu1000\\deliverables\\bulk_pore.py", "--input", "riding", "--kind", "radial", "--name", "bulk_radial"]
{
  "kind": "radial",
  "input": "riding",
  "parameters": [
    0.3130651736140994,
    2.8057014052202476e-14,
    0.4458109854471899,
    0.0862503678046715,
    0.1871245248388234,
    0.11587331902220811,
    0.2946009913014263,
    0.2021647066499621,
    0.19595983330028105,
    9.51053058448962e-17,
    0.43465498060605445,
    0.27928404713788496,
    0.2551465030347631,
    0.010785558078981523,
    4.388211964747574e-16
  ],
  "electrons": 5244.096024729577,
  "cost": 5771.1697279348045,
  "work_low": {
    "n": 299,
    "observed": 278,
    "scale": 0.002671969135811607,
    "r1_observed": 0.28962186208023993,
    "r1_all": 0.2965057599702665,
    "wr2_sigma": 0.6000277842203775
  },
  "free_low": {
    "n": 33,
    "observed": 31,
    "scale": 0.002671969135811607,
    "r1_observed": 0.3564995222926326,
    "r1_all": 0.3600158599781194,
    "wr2_sigma": 0.5882238451269516
  },
  "all": {
    "n": 3345,
    "observed": 1773,
    "scale": 0.002671969135811607,
    "r1_observed": 0.17216802608063528,
    "r1_all": 0.23815823871329467,
    "wr2_sigma": 0.4300342679947701
  }
}

2026-09-22T03:40:26.262392+08:00
COMMAND ["H:\\CrystalPilot-campaigns\\scxrd-agent-eval-20260921\\toolbox\\pyplain\\Scripts\\python.exe", "H:\\CrystalPilot-campaigns\\scxrd-agent-eval-20260921\\arena\\r10_C0N_nu1000\\deliverables\\solvent_density.py", "--input", "restrained", "--name", "pore_conservative_cv", "--holdout", "--iterations", "81", "--cap", "0.5", "--smooth", "0.3", "--dmin", "3"]
{"iteration": 0, "electrons": 2145.3294425623694, "maximum_density": 0.5, "work": {"n": 182, "observed": 171, "scale": 0.0015146925491798125, "r1_observed": 0.36844913919500805, "r1_all": 0.37339241268583123, "wr2_sigma": 0.776238046739072}, "free": {"n": 20, "observed": 20, "scale": 0.0015146925491798125, "r1_observed": 0.4361408219502748, "r1_all": 0.4361408219502748, "wr2_sigma": 0.6763984374387407}, "all": {"n": 3345, "observed": 1773, "scale": 0.0015146925491798125, "r1_observed": 0.19113548187299131, "r1_all": 0.2565971503944746, "wr2_sigma": 0.49272449033763277}}
{"iteration": 20, "electrons": 3256.552918619469, "maximum_density": 0.5, "work": {"n": 182, "observed": 171, "scale": 0.0015146925491798125, "r1_observed": 0.1906776045300175, "r1_all": 0.1933886555596062, "wr2_sigma": 0.4099361880007819}, "free": {"n": 20, "observed": 20, "scale": 0.0015146925491798125, "r1_observed": 0.6028344601176484, "r1_all": 0.6028344601176484, "wr2_sigma": 0.8476660256355298}, "all": {"n": 3345, "observed": 1773, "scale": 0.0015146925491798125, "r1_observed": 0.16685100520578167, "r1_all": 0.2359457787459928, "wr2_sigma": 0.3827997359439989}}
{"iteration": 40, "electrons": 3492.810750532493, "maximum_density": 0.5, "work": {"n": 182, "observed": 171, "scale": 0.0015146925491798125, "r1_observed": 0.1890580052913717, "r1_all": 0.19184441777088312, "wr2_sigma": 0.410059894670103}, "free": {"n": 20, "observed": 20, "scale": 0.0015146925491798125, "r1_observed": 0.6097694342152218, "r1_all": 0.6097694342152218, "wr2_sigma": 0.8663991172223409}, "all": {"n": 3345, "observed": 1773, "scale": 0.0015146925491798125, "r1_observed": 0.16668273938634592, "r1_all": 0.23566895279671032, "wr2_sigma": 0.3842399192732514}}
{"iteration": 60, "electrons": 3614.0046231479682, "maximum_density": 0.5, "work": {"n": 182, "observed": 171, "scale": 0.0015146925491798125, "r1_observed": 0.18863728846237227, "r1_all": 0.19146090019125733, "wr2_sigma": 0.4102368244879587}, "free": {"n": 20, "observed": 20, "scale": 0.0015146925491798125, "r1_observed": 0.6112743793240705, "r1_all": 0.6112743793240705, "wr2_sigma": 0.8714650751823722}, "all": {"n": 3345, "observed": 1773, "scale": 0.0015146925491798125, "r1_observed": 0.16672303460409907, "r1_all": 0.2356782637536349, "wr2_sigma": 0.38442949570926815}}
{"iteration": 80, "electrons": 3690.219711193203, "maximum_density": 0.5, "work": {"n": 182, "observed": 171, "scale": 0.0015146925491798125, "r1_observed": 0.18849234196248385, "r1_all": 0.19133843424246055, "wr2_sigma": 0.41032370720840183}, "free": {"n": 20, "observed": 20, "scale": 0.0015146925491798125, "r1_observed": 0.6119377392603346, "r1_all": 0.6119377392603346, "wr2_sigma": 0.8740274872192291}, "all": {"n": 3345, "observed": 1773, "scale": 0.0015146925491798125, "r1_observed": 0.16676834239569818, "r1_all": 0.23571089040567159, "wr2_sigma": 0.38453672480473705}}
SECONDS 14.691073417663574

2026-09-22T03:40:41.684515+08:00
COMMAND ["H:\\CrystalPilot-campaigns\\scxrd-agent-eval-20260921\\toolbox\\pyplain\\Scripts\\python.exe", "H:\\CrystalPilot-campaigns\\scxrd-agent-eval-20260921\\arena\\r10_C0N_nu1000\\deliverables\\diagnostics.py", "final_all_data"]
0.69 1 {"n": 6894, "observed": 137, "scale": 0.0024383627885440243, "r1_observed": 0.6001069075100036, "r1_all": 0.9684480726111548, "wr2_sigma": 0.9540104478840017, "dmin": 0.69, "dmax": 1}
1 1.1 {"n": 1050, "observed": 194, "scale": 0.0024383627885440243, "r1_observed": 0.1904217380943618, "r1_all": 0.48050146965453744, "wr2_sigma": 0.5436625179626612, "dmin": 1, "dmax": 1.1}
1.1 1.2 {"n": 737, "observed": 231, "scale": 0.0024383627885440243, "r1_observed": 0.13163693323693362, "r1_all": 0.3382369225148903, "wr2_sigma": 0.3645451025893314, "dmin": 1.1, "dmax": 1.2}
1.2 1.5 {"n": 1223, "observed": 473, "scale": 0.0024383627885440243, "r1_observed": 0.1128770330860908, "r1_all": 0.2808194960398072, "wr2_sigma": 0.25587394674631975, "dmin": 1.2, "dmax": 1.5}
1.5 2 {"n": 766, "observed": 532, "scale": 0.0024383627885440243, "r1_observed": 0.09958544350875068, "r1_all": 0.13975520155082036, "wr2_sigma": 0.20629529280594253, "dmin": 1.5, "dmax": 2}
2 3 {"n": 417, "observed": 346, "scale": 0.0024383627885440243, "r1_observed": 0.15256984314922992, "r1_all": 0.173458562440604, "wr2_sigma": 0.31768046290510155, "dmin": 2, "dmax": 3}
3 5 {"n": 151, "observed": 140, "scale": 0.0024383627885440243, "r1_observed": 0.3198725592572529, "r1_all": 0.32495073259663737, "wr2_sigma": 0.5676914562014546, "dmin": 3, "dmax": 5}
5 100 {"n": 51, "observed": 51, "scale": 0.0024383627885440243, "r1_observed": 0.5165654422427057, "r1_all": 0.5165654422427057, "wr2_sigma": 1.726960291200788, "dmin": 5, "dmax": 100}
LARGEST INTENSITY RESIDUALS
[2 0 1] d=11.87 I=1012.48 Ic=2076.32 sig=42.29
[3 0 0] d=11.31 I=247.51 Ic=1128.50 sig=13.12
[4 0 0] d=8.48 I=630.15 Ic=1072.64 sig=30.38
[6 0 2] d=4.68 I=533.14 Ic=142.84 sig=20.57
[ 4 -2  0] d=9.80 I=390.39 Ic=3.73 sig=20.68
[0 0 2] d=8.30 I=499.69 Ic=173.39 sig=41.64
[5 0 0] d=6.79 I=162.18 Ic=404.42 sig=7.89
[ 3 -1  1] d=10.15 I=81.27 Ic=302.91 sig=2.24
[ 9 -2  0] d=4.15 I=400.49 Ic=185.46 sig=13.71
[ 4 -2  1] d=8.44 I=420.78 Ic=634.61 sig=16.18
[0 0 3] d=5.54 I=51.85 Ic=256.80 sig=4.51
[ 8 -3  3] d=3.65 I=378.07 Ic=184.97 sig=9.48
[10 -5  3] d=3.20 I=339.54 Ic=152.70 sig=11.67
[ 4 -2  2] d=6.34 I=109.58 Ic=269.22 sig=4.06
[6 0 0] d=5.66 I=326.12 Ic=478.31 sig=15.83
[10 -4  1] d=3.79 I=215.46 Ic=83.58 sig=5.28
[10 -2  0] d=3.70 I=180.47 Ic=53.37 sig=6.26
[ 6 -3  2] d=5.13 I=89.79 Ic=214.61 sig=3.28
[5 0 4] d=3.54 I=185.75 Ic=69.07 sig=6.70
[15  0  0] d=2.26 I=304.70 Ic=192.51 sig=15.61
[11  0  1] d=3.03 I=268.10 Ic=160.56 sig=9.43
[ 6 -3  3] d=4.22 I=223.84 Ic=118.89 sig=7.71
[ 2 -1  1] d=12.67 I=209.76 Ic=314.23 sig=8.79
[11 -2  0] d=3.34 I=350.98 Ic=249.20 sig=12.08
[ 8 -4  1] d=4.70 I=235.39 Ic=137.59 sig=8.48
[ 7 -3  3] d=3.93 I=180.36 Ic=84.22 sig=4.51
[0 0 5] d=3.32 I=56.74 Ic=147.61 sig=5.04
[0 0 8] d=2.08 I=138.00 Ic=48.94 sig=13.77
[ 9 -4  3] d=3.42 I=168.88 Ic=83.28 sig=4.24
[4 0 1] d=7.56 I=85.85 Ic=2.26 sig=3.19
[ 4 -1  0] d=9.41 I=141.16 Ic=59.99 sig=5.05
[2 0 4] d=4.03 I=194.61 Ic=115.49 sig=6.70
[ 4 -2  4] d=3.82 I=147.89 Ic=74.24 sig=5.11
[1 0 1] d=14.92 I=69.19 Ic=141.18 sig=3.52
[ 6 -3  0] d=6.53 I=32.62 Ic=97.34 sig=1.70
[7 0 2] d=4.19 I=74.35 Ic=11.73 sig=2.77
[ 8 -3  4] d=3.15 I=163.38 Ic=106.16 sig=4.11
[ 5 -2  0] d=7.79 I=11.52 Ic=66.11 sig=0.52
[ 3 -1  2] d=6.97 I=3.78 Ic=55.20 sig=0.28
[2 0 8] d=2.06 I=226.36 Ic=175.90 sig=8.84
GEOMETRY
Zr1 [['O3', 2.1396], ['O3', 2.1396], ['O2', 2.1544], ['O2', 2.1544], ['O6', 2.2267], ['O1', 2.2557], ['O5', 2.2747], ['O5', 2.2747]] Ueig [0.0607 0.0691 0.1004]
Zr2 [['O2', 2.1335], ['O2', 2.1335], ['O3', 2.1674], ['O3', 2.1674], ['O4', 2.1999], ['O4', 2.1999], ['O4', 2.1999], ['O4', 2.1999]] Ueig [0.0571 0.0576 0.087 ]
O1 [['Zr1', 2.2557]] Ueig [0.075  0.0855 0.2385]
O2 [['Zr2', 2.1335], ['Zr1', 2.1544], ['Zr1', 2.1544]] Ueig [0.0805 0.0845 0.2158]
O3 [['Zr1', 2.1396], ['Zr1', 2.1396], ['Zr2', 2.1674]] Ueig [0.0737 0.1111 0.2024]
O4 [['C12', 1.255], ['Zr2', 2.1999]] Ueig [0.0687 0.0901 0.1172]
O5 [['C12', 1.2671], ['Zr1', 2.2747]] Ueig [0.0786 0.0955 0.1624]
O6 [['Zr1', 2.2267]] Ueig [0.0936 0.0963 0.2893]
C1 [['C8', 1.3921], ['C8', 1.3921], ['C1', 1.4361]] Ueig [0.0645 0.0777 0.2649]
C2 [['H2', 0.95], ['C10', 1.4256], ['C3', 1.4747]] Ueig [0.0769 0.1034 0.3017]
C3 [['C4', 1.4216], ['C2', 1.4747], ['C6', 1.4961]] Ueig [0.0705 0.0813 0.2458]
C4 [['H4', 0.95], ['C5', 1.4122], ['C3', 1.4216]] Ueig [0.077  0.125  0.2137]
C5 [['H5', 0.95], ['C7', 1.411], ['C4', 1.4122]] Ueig [0.0676 0.0962 0.203 ]
C6 [['C11', 1.3707], ['C8', 1.3879], ['C3', 1.4961]] Ueig [0.0643 0.0844 0.2377]
C7 [['C10', 1.3987], ['C5', 1.411], ['C12', 1.4872]] Ueig [0.0739 0.0974 0.1491]
C8 [['C6', 1.3879], ['C1', 1.3921], ['C9', 1.4682]] Ueig [0.0684 0.0835 0.2445]
C9 [['H9', 0.95], ['C9', 1.3428], ['C8', 1.4682]] Ueig [0.0832 0.0923 0.2613]
C10 [['H10', 0.95], ['C7', 1.3987], ['C2', 1.4256]] Ueig [0.0742 0.1111 0.2156]
C11 [['H11', 0.95], ['C6', 1.3707], ['C6', 1.3707]] Ueig [0.0648 0.0939 0.2496]
C12 [['O4', 1.255], ['O5', 1.2671], ['C7', 1.4872]] Ueig [0.0716 0.0885 0.1362]
H2 [['C2', 0.95]] Ueig [0.1928 0.1928 0.1928]
H4 [['C4', 0.95]] Ueig [0.1662 0.1662 0.1662]
H5 [['C5', 0.95]] Ueig [0.1467 0.1467 0.1467]
H9 [['C9', 0.95]] Ueig [0.1747 0.1747 0.1747]
H10 [['C10', 0.95]] Ueig [0.1603 0.1603 0.1603]
H11 [['C11', 0.95]] Ueig [0.1633 0.1633 0.1633]
CELL CONTENT {'Zr': 18, 'O': 96, 'C': 264, 'H': 132.0}

2026-09-22T03:40:43.066932+08:00
COMMAND ["H:\\CrystalPilot-campaigns\\scxrd-agent-eval-20260921\\toolbox\\pyplain\\Scripts\\python.exe", "H:\\CrystalPilot-campaigns\\scxrd-agent-eval-20260921\\arena\\r10_C0N_nu1000\\deliverables\\diagnostics.py", "highangle_check"]
0.69 1 {"n": 6894, "observed": 137, "scale": 0.0026144331932051487, "r1_observed": 0.6004680395866772, "r1_all": 0.970141910359886, "wr2_sigma": 0.9543834934856052, "dmin": 0.69, "dmax": 1}
1 1.1 {"n": 1050, "observed": 194, "scale": 0.0026144331932051487, "r1_observed": 0.18655502606543684, "r1_all": 0.4813657354546178, "wr2_sigma": 0.5425551130831471, "dmin": 1, "dmax": 1.1}
1.1 1.2 {"n": 737, "observed": 231, "scale": 0.0026144331932051487, "r1_observed": 0.13376561699772035, "r1_all": 0.3394863385970106, "wr2_sigma": 0.36330297015084684, "dmin": 1.1, "dmax": 1.2}
1.2 1.5 {"n": 1223, "observed": 473, "scale": 0.0026144331932051487, "r1_observed": 0.11211489748926699, "r1_all": 0.2785565485296095, "wr2_sigma": 0.25180687436565113, "dmin": 1.2, "dmax": 1.5}
1.5 2 {"n": 766, "observed": 532, "scale": 0.0026144331932051487, "r1_observed": 0.10162046006749091, "r1_all": 0.14130236608136446, "wr2_sigma": 0.21306774130909847, "dmin": 1.5, "dmax": 2}
2 3 {"n": 417, "observed": 346, "scale": 0.0026144331932051487, "r1_observed": 0.1399399980977816, "r1_all": 0.15982420747544007, "wr2_sigma": 0.2940002959443195, "dmin": 2, "dmax": 3}
3 5 {"n": 151, "observed": 140, "scale": 0.0026144331932051487, "r1_observed": 0.3383699136674661, "r1_all": 0.342888205138211, "wr2_sigma": 0.6102237483898356, "dmin": 3, "dmax": 5}
5 100 {"n": 51, "observed": 51, "scale": 0.0026144331932051487, "r1_observed": 0.5294872028807831, "r1_all": 0.5294872028807831, "wr2_sigma": 1.814581130437795, "dmin": 5, "dmax": 100}
LARGEST INTENSITY RESIDUALS
[2 0 1] d=11.87 I=1012.48 Ic=2168.10 sig=42.29
[3 0 0] d=11.31 I=247.51 Ic=1200.40 sig=13.12
[4 0 0] d=8.48 I=630.15 Ic=1098.94 sig=30.38
[ 4 -2  0] d=9.80 I=390.39 Ic=5.88 sig=20.68
[6 0 2] d=4.68 I=533.14 Ic=154.22 sig=20.57
[0 0 2] d=8.30 I=499.69 Ic=197.36 sig=41.64
[5 0 0] d=6.79 I=162.18 Ic=402.27 sig=7.89
[ 3 -1  1] d=10.15 I=81.27 Ic=320.77 sig=2.24
[ 4 -2  1] d=8.44 I=420.78 Ic=655.09 sig=16.18
[ 9 -2  0] d=4.15 I=400.49 Ic=176.11 sig=13.71
[0 0 3] d=5.54 I=51.85 Ic=266.39 sig=4.51
[ 8 -3  3] d=3.65 I=378.07 Ic=186.36 sig=9.48
[10 -5  3] d=3.20 I=339.54 Ic=150.77 sig=11.67
[6 0 0] d=5.66 I=326.12 Ic=506.60 sig=15.83
[ 4 -2  2] d=6.34 I=109.58 Ic=282.16 sig=4.06
[10 -2  0] d=3.70 I=180.47 Ic=49.33 sig=6.26
[0 0 5] d=3.32 I=56.74 Ic=186.86 sig=5.04
[10 -4  1] d=3.79 I=215.46 Ic=86.04 sig=5.28
[ 6 -3  2] d=5.13 I=89.79 Ic=218.51 sig=3.28
[5 0 4] d=3.54 I=185.75 Ic=61.20 sig=6.70
[11  0  1] d=3.03 I=268.10 Ic=143.80 sig=9.43
[11 -2  0] d=3.34 I=350.98 Ic=232.33 sig=12.08
[ 2 -1  1] d=12.67 I=209.76 Ic=327.58 sig=8.79
[ 6 -3  3] d=4.22 I=223.84 Ic=111.47 sig=7.71
[15  0  0] d=2.26 I=304.70 Ic=204.70 sig=15.61
[ 8 -4  1] d=4.70 I=235.39 Ic=140.37 sig=8.48
[ 7 -3  3] d=3.93 I=180.36 Ic=85.77 sig=4.51
[0 0 8] d=2.08 I=138.00 Ic=54.68 sig=13.77
[4 0 1] d=7.56 I=85.85 Ic=2.68 sig=3.19
[ 9 -4  3] d=3.42 I=168.88 Ic=86.49 sig=4.24
[ 4 -1  0] d=9.41 I=141.16 Ic=61.63 sig=5.05
[1 0 1] d=14.92 I=69.19 Ic=144.19 sig=3.52
[ 4 -2  4] d=3.82 I=147.89 Ic=78.14 sig=5.11
[2 0 4] d=4.03 I=194.61 Ic=127.52 sig=6.70
[ 6 -3  0] d=6.53 I=32.62 Ic=98.12 sig=1.70
[7 0 2] d=4.19 I=74.35 Ic=9.74 sig=2.77
[ 8 -3  4] d=3.15 I=163.38 Ic=102.26 sig=4.11
[ 6 -1  0] d=6.10 I=16.24 Ic=76.71 sig=0.73
[ 5 -2  0] d=7.79 I=11.52 Ic=67.83 sig=0.52
[ 3 -1  2] d=6.97 I=3.78 Ic=56.24 sig=0.28
GEOMETRY
Zr1 [['O3', 2.1413], ['O3', 2.1413], ['O2', 2.1534], ['O2', 2.1534], ['O1', 2.2191], ['O6', 2.2241], ['O5', 2.2607], ['O5', 2.2607]] Ueig [0.0576 0.0643 0.0987]
Zr2 [['O2', 2.1403], ['O2', 2.1403], ['O3', 2.1586], ['O3', 2.1586], ['O4', 2.2284], ['O4', 2.2284], ['O4', 2.2284], ['O4', 2.2284]] Ueig [0.0536 0.0546 0.0832]
O1 [['Zr1', 2.2191]] Ueig [0.0795 0.0889 0.2634]
O2 [['Zr2', 2.1403], ['Zr1', 2.1534], ['Zr1', 2.1534]] Ueig [0.0789 0.093  0.2386]
O3 [['Zr1', 2.1413], ['Zr1', 2.1413], ['Zr2', 2.1586]] Ueig [0.0701 0.1136 0.1971]
O4 [['C12', 1.2427], ['Zr2', 2.2284]] Ueig [0.0731 0.0936 0.121 ]
O5 [['C12', 1.2536], ['Zr1', 2.2607]] Ueig [0.0787 0.1073 0.17  ]
O6 [['Zr1', 2.2241]] Ueig [0.0934 0.0972 0.3044]
C1 [['C8', 1.4039], ['C8', 1.4039], ['C1', 1.4203]] Ueig [0.0665 0.076  0.2949]
C2 [['H2', 0.95], ['C10', 1.4428], ['C3', 1.4446]] Ueig [0.0746 0.1147 0.3275]
C3 [['C4', 1.3992], ['C2', 1.4446], ['C6', 1.4805]] Ueig [0.0669 0.0795 0.279 ]
C4 [['H4', 0.95], ['C5', 1.3942], ['C3', 1.3992]] Ueig [0.0691 0.1382 0.2592]
C5 [['H5', 0.95], ['C7', 1.3838], ['C4', 1.3942]] Ueig [0.0652 0.1043 0.2306]
C6 [['C11', 1.3851], ['C8', 1.3861], ['C3', 1.4805]] Ueig [0.0658 0.0829 0.274 ]
C7 [['C5', 1.3838], ['C10', 1.4277], ['C12', 1.4786]] Ueig [0.078  0.1066 0.1632]
C8 [['C6', 1.3861], ['C1', 1.4039], ['C9', 1.4692]] Ueig [0.0702 0.0812 0.2953]
C9 [['H9', 0.95], ['C9', 1.3326], ['C8', 1.4692]] Ueig [0.0754 0.0934 0.4065]
C10 [['H10', 0.95], ['C7', 1.4277], ['C2', 1.4428]] Ueig [0.085  0.1224 0.238 ]
C11 [['H11', 0.95], ['C6', 1.3851], ['C6', 1.3851]] Ueig [0.0748 0.0954 0.2499]
C12 [['O4', 1.2427], ['O5', 1.2536], ['C7', 1.4786]] Ueig [0.0797 0.0886 0.1441]
H2 [['C2', 0.95]] Ueig [0.2067 0.2067 0.2067]
H4 [['C4', 0.95]] Ueig [0.1866 0.1866 0.1866]
H5 [['C5', 0.95]] Ueig [0.16 0.16 0.16]
H9 [['C9', 0.95]] Ueig [0.2302 0.2302 0.2302]
H10 [['C10', 0.95]] Ueig [0.1781 0.1781 0.1781]
H11 [['C11', 0.95]] Ueig [0.168 0.168 0.168]
CELL CONTENT {'Zr': 18, 'O': 96, 'C': 264, 'H': 132.0}

2026-09-22T03:40:44.412325+08:00
COMMAND ["H:\\CrystalPilot-campaigns\\scxrd-agent-eval-20260921\\toolbox\\pyplain\\Scripts\\python.exe", "H:\\CrystalPilot-campaigns\\scxrd-agent-eval-20260921\\arena\\r10_C0N_nu1000\\deliverables\\export_results.py"]
{
  "final_all_data": {
    "n_reflections": 11289,
    "n_parameters": 156,
    "n_restraint_equations": 306,
    "n_geometry_adp_restraint_equations": 306,
    "n_active_positive_adp_penalties": 0,
    "gof": 1.7418584403716273,
    "wr2": 0.5043612988082228,
    "normal_matrix_rank": 156,
    "largest_correlations": [
      {
        "a": "log_intensity_scale",
        "b": "Zr_effective_real_scattering_offset",
        "correlation": -0.7491431059277848
      },
      {
        "a": "C3_U_basis_2",
        "b": "C2_U_basis_2",
        "correlation": 0.6045902206684317
      },
      {
        "a": "C1_U_basis_2",
        "b": "C1_U_basis_1",
        "correlation": -0.5695509634624242
      },
      {
        "a": "C3_U_basis_4",
        "b": "C2_U_basis_4",
        "correlation": 0.5471944889819812
      },
      {
        "a": "C8_U_basis_6",
        "b": "C8_U_basis_5",
        "correlation": 0.5156838589089608
      },
      {
        "a": "Zr_effective_real_scattering_offset",
        "b": "Zr1_U_basis_3",
        "correlation": -0.5122096275762972
      },
      {
        "a": "Zr_effective_real_scattering_offset",
        "b": "Zr1_U_basis_1",
        "correlation": -0.5088852821204695
      },
      {
        "a": "C11_U_basis_2",
        "b": "C11_U_basis_1",
        "correlation": -0.49200996738407055
      },
      {
        "a": "C3_position_dof_2",
        "b": "C2_position_dof_2",
        "correlation": 0.4895643316372261
      },
      {
        "a": "C6_U_basis_6",
        "b": "C6_U_basis_5",
        "correlation": 0.47388553493401625
      },
      {
        "a": "C8_U_basis_4",
        "b": "C8_U_basis_2",
        "correlation": -0.47131910121038134
      },
      {
        "a": "Zr_effective_real_scattering_offset",
        "b": "Zr1_U_basis_2",
        "correlation": 0.4607006679649661
      }
    ],
    "uncertainty_note": "Conditional least-squares uncertainties include restraints and fitted residual scale; cell uncertainties, solvent model error and systematic scattering-factor error are not included.",
    "effective_zr_fp": -9.559367831421039,
    "effective_zr_fp_su": 0.22915376311908328,
    "refined_subset": {
      "n": 11289,
      "observed": 2104,
      "scale": 0.0024383627885440243,
      "r1_observed": 0.19645863856278578,
      "r1_all": 0.47973326768151664,
      "wr2_sigma": 0.6023613086692569
    },
    "all_input_data": {
      "n": 11289,
      "observed": 2104,
      "scale": 0.0024383627885440243,
      "r1_observed": 0.19645863856278578,
      "r1_all": 0.47973326768151664,
      "wr2_sigma": 0.6023613086692569
    },
    "fo_map": {
      "dmin": 1.2,
      "maximum": 23.706640118237377,
      "minimum": -3.0075870174639965,
      "rms": 0.649345276266139
    },
    "difference_map": {
      "dmin": 1.2,
      "maximum": 1.6939701867014048,
      "minimum": -1.4722464056572029,
      "rms": 0.18443027554221508
    },
    "two_fo_minus_fc_map": {
      "dmin": 1.2,
      "maximum": 23.84335026778804,
      "minimum": -4.439199104102487,
      "rms": 0.7273966697360683
    }
  },
  "highangle_check": {
    "n_reflections": 4193,
    "n_parameters": 156,
    "n_restraint_equations": 306,
    "n_geometry_adp_restraint_equations": 306,
    "n_active_positive_adp_penalties": 0,
    "gof": 1.5882508287049053,
    "wr2": 0.3309652958861575,
    "normal_matrix_rank": 156,
    "largest_correlations": [
      {
        "a": "log_intensity_scale",
        "b": "Zr_effective_real_scattering_offset",
        "correlation": -0.8540200704391422
      },
      {
        "a": "Zr_effective_real_scattering_offset",
        "b": "Zr1_U_basis_3",
        "correlation": -0.6575800083803409
      },
      {
        "a": "C3_U_basis_2",
        "b": "C2_U_basis_2",
        "correlation": 0.6432218958172414
      },
      {
        "a": "Zr_effective_real_scattering_offset",
        "b": "Zr1_U_basis_1",
        "correlation": -0.6385229796925702
      },
      {
        "a": "C1_U_basis_2",
        "b": "C1_U_basis_1",
        "correlation": -0.6145657148435556
      },
      {
        "a": "Zr_effective_real_scattering_offset",
        "b": "Zr1_U_basis_2",
        "correlation": 0.5860555204859614
      },
      {
        "a": "Zr_effective_real_scattering_offset",
        "b": "Zr2_U_basis_3",
        "correlation": -0.574844560165944
      },
      {
        "a": "Zr_effective_real_scattering_offset",
        "b": "Zr2_U_basis_2",
        "correlation": -0.5575923072797973
      },
      {
        "a": "C8_U_basis_6",
        "b": "C8_U_basis_5",
        "correlation": 0.5572571453924509
      },
      {
        "a": "C3_U_basis_4",
        "b": "C2_U_basis_4",
        "correlation": 0.5425757064745322
      },
      {
        "a": "C3_position_dof_2",
        "b": "C2_position_dof_2",
        "correlation": 0.5277737738416497
      },
      {
        "a": "C6_U_basis_6",
        "b": "C6_U_basis_5",
        "correlation": 0.5066003634720972
      }
    ],
    "uncertainty_note": "Conditional least-squares uncertainties include restraints and fitted residual scale; cell uncertainties, solvent model error and systematic scattering-factor error are not included.",
    "effective_zr_fp": -10.580907642676065,
    "effective_zr_fp_su": 0.34345783399043434,
    "refined_subset": {
      "n": 4193,
      "observed": 1776,
      "scale": 0.0026144331932051487,
      "r1_observed": 0.12340893077720184,
      "r1_all": 0.23887822700472056,
      "wr2_sigma": 0.26646510774163484
    },
    "all_input_data": {
      "n": 11289,
      "observed": 2104,
      "scale": 0.0026144331932051487,
      "r1_observed": 0.19737072282232138,
      "r1_all": 0.4804785290815683,
      "wr2_sigma": 0.6270213750700473
    }
  },
  "no_dispersion": {
    "n_reflections": 11289,
    "n_parameters": 155,
    "n_restraint_equations": 306,
    "n_geometry_adp_restraint_equations": 306,
    "n_active_positive_adp_penalties": 0,
    "gof": 1.8419948510078883,
    "wr2": 0.5278331914753378,
    "normal_matrix_rank": 155,
    "largest_correlations": [
      {
        "a": "C1_U_basis_2",
        "b": "C1_U_basis_1",
        "correlation": -0.5566738082671524
      },
      {
        "a": "C3_U_basis_4",
        "b": "C2_U_basis_4",
        "correlation": 0.5452045407500907
      },
      {
        "a": "C3_U_basis_2",
        "b": "C2_U_basis_2",
        "correlation": 0.5385733215294107
      },
      {
        "a": "C8_U_basis_6",
        "b": "C8_U_basis_5",
        "correlation": 0.4849508361706782
      },
      {
        "a": "C3_position_dof_2",
        "b": "C2_position_dof_2",
        "correlation": 0.47797141568082424
      },
      {
        "a": "C8_U_basis_4",
        "b": "C8_U_basis_2",
        "correlation": -0.4583624809336856
      },
      {
        "a": "C6_U_basis_6",
        "b": "C6_U_basis_5",
        "correlation": 0.4443898354309697
      },
      {
        "a": "C11_U_basis_2",
        "b": "C11_U_basis_1",
        "correlation": -0.43049991885119576
      },
      {
        "a": "log_intensity_scale",
        "b": "Zr1_U_basis_1",
        "correlation": -0.4075633547743764
      },
      {
        "a": "C6_U_basis_4",
        "b": "C6_U_basis_2",
        "correlation": -0.40391623714847824
      },
      {
        "a": "C7_U_basis_2",
        "b": "C5_U_basis_2",
        "correlation": 0.3998863032562243
      },
      {
        "a": "C7_position_dof_2",
        "b": "C5_position_dof_2",
        "correlation": 0.39935635428114746
      }
    ],
    "uncertainty_note": "Conditional least-squares uncertainties include restraints and fitted residual scale; cell uncertainties, solvent model error and systematic scattering-factor error are not included.",
    "refined_subset": {
      "n": 11289,
      "observed": 2104,
      "scale": 0.0014823610624378602,
      "r1_observed": 0.2051232974652451,
      "r1_all": 0.4877170840440073,
      "wr2_sigma": 0.530780485527396
    },
    "all_input_data": {
      "n": 11289,
      "observed": 2104,
      "scale": 0.0014823610624378602,
      "r1_observed": 0.2051232974652451,
      "r1_all": 0.4877170840440073,
      "wr2_sigma": 0.530780485527396
    }
  },
  "sensitivity": {
    "highangle_check": {
      "displacements_A": {
        "Zr1": 0.0012465005425905031,
        "Zr2": 0.005928927466285532,
        "O1": 0.06287005438488211,
        "O2": 0.010689343818444283,
        "O3": 0.005606696484386445,
        "O4": 0.037803248342799446,
        "O5": 0.014860801693249928,
        "O6": 0.00819428483394035,
        "C1": 0.07707599692975071,
        "C2": 0.05223954340878186,
        "C3": 0.021219160350377485,
        "C4": 0.05841098610219825,
        "C5": 0.021353362526397246,
        "C6": 0.03722291303604234,
        "C7": 0.041115899880468876,
        "C8": 0.053608858425126485,
        "C9": 0.005209736588511671,
        "C10": 0.039776649664946206,
        "C11": 0.015628123488991594,
        "C12": 0.025457980638941533
      },
      "maximum_A": 0.07707599692975071,
      "rms_A": 0.036940158286097306
    },
    "no_dispersion": {
      "displacements_A": {
        "Zr1": 0.004224459500859226,
        "Zr2": 0.006909069771332031,
        "O1": 0.02954726711655888,
        "O2": 0.038760257562746044,
        "O3": 0.03582698195161778,
        "O4": 0.027618301763688992,
        "O5": 0.012859033894095926,
        "O6": 0.004885594362969796,
        "C1": 0.012582750083501274,
        "C2": 0.04981588212761917,
        "C3": 0.03221838578676241,
        "C4": 0.0290061087648739,
        "C5": 0.016576040756099888,
        "C6": 0.01894776947175457,
        "C7": 0.018316250401207837,
        "C8": 0.011397040628311563,
        "C9": 0.03036447052015593,
        "C10": 0.052514896984749426,
        "C11": 0.016724129817418394,
        "C12": 0.02461478455195814
      },
      "maximum_A": 0.052514896984749426,
      "rms_A": 0.027258424007756035
    }
  },
  "holdout_refinement": {
    "cycles": [
      {
        "n": 10169,
        "observed": 1880,
        "scale": 0.0023587578954967687,
        "r1_observed": 0.19807293275493632,
        "r1_all": 0.48298847745246765,
        "wr2_sigma": 0.6100041433718428,
        "cycle": 0,
        "cost": 15230.112290716494,
        "nfev": 10,
        "optimality": 0.22274676763863438
      },
      {
        "n": 10169,
        "observed": 1880,
        "scale": 0.0023239322287701707,
        "r1_observed": 0.19782209953129198,
        "r1_all": 0.4831370530420701,
        "wr2_sigma": 0.6045836340401253,
        "cycle": 1,
        "cost": 15120.735312834446,
        "nfev": 7,
        "optimality": 0.12578543779098672
      },
      {
        "n": 10169,
        "observed": 1880,
        "scale": 0.0023111681194203284,
        "r1_observed": 0.19792082710243317,
        "r1_all": 0.4832419983165878,
        "wr2_sigma": 0.602802606168,
        "cycle": 2,
        "cost": 15173.270952188108,
        "nfev": 6,
        "optimality": 0.09674894857293932
      },
      {
        "n": 10169,
        "observed": 1880,
        "scale": 0.0023077094956265925,
        "r1_observed": 0.19793239069370566,
        "r1_all": 0.4832739549065903,
        "wr2_sigma": 0.6022764937180852,
        "cycle": 3,
        "cost": 15189.938391875106,
        "nfev": 5,
        "optimality": 0.08130705797523578
      },
      {
        "n": 10169,
        "observed": 1880,
        "scale": 0.002306521022308861,
        "r1_observed": 0.19793874538405015,
        "r1_all": 0.48328395269952495,
        "wr2_sigma": 0.6021025299916356,
        "cycle": 4,
        "cost": 15195.17864871493,
        "nfev": 4,
        "optimality": 0.06381851240166703
      },
      {
        "n": 10169,
        "observed": 1880,
        "scale": 0.0023061694201660515,
        "r1_observed": 0.1979404095547295,
        "r1_all": 0.483286977023699,
        "wr2_sigma": 0.6020501310566058,
        "cycle": 5,
        "cost": 15196.982337201887,
        "nfev": 3,
        "optimality": 0.08743544483849576
      }
    ],
    "all_data": {
      "n": 11289,
      "observed": 2104,
      "scale": 0.0023061694201660515,
      "r1_observed": 0.19768739365573837,
      "r1_all": 0.4818301206894196,
      "wr2_sigma": 0.5870571206747007
    },
    "dmin": 0.69,
    "weight": 0.08,
    "dmax": 100,
    "aniso": "all",
    "zr_fp": true,
    "restraints": true,
    "n_parameters": 156,
    "hydrogen": true,
    "fixed_zr_fp": null,
    "holdout": {
      "n": 1120,
      "observed": 224,
      "scale": 0.0023061694201660515,
      "r1_observed": 0.19561368971620777,
      "r1_all": 0.4694273580162241,
      "wr2_sigma": 0.4344153355332785
    },
    "seconds": 13.946505546569824
  },
  "status": "Provisional solved framework; publication-grade refinement NOT achieved."
}

2026-09-22T03:40:51.429111+08:00
COMMAND ["H:\\CrystalPilot-campaigns\\scxrd-agent-eval-20260921\\toolbox\\pyplain\\Scripts\\python.exe", "H:\\CrystalPilot-campaigns\\scxrd-agent-eval-20260921\\arena\\r10_C0N_nu1000\\deliverables\\validate_exports.py"]
{
  "cif_roundtrips": [
    {
      "file": "nu1000_framework.cif",
      "atom_sites": 26,
      "max_Fcalc_roundtrip_error": 8.245773680215507e-05,
      "R1_roundtrip_error": 3.633899222088566e-07,
      "max_cartesian_tensor_roundtrip_error": 9.38001945560707e-09,
      "passed": true
    },
    {
      "file": "nu1000_highangle_check.cif",
      "atom_sites": 26,
      "max_Fcalc_roundtrip_error": 6.770614069750991e-05,
      "R1_roundtrip_error": 6.742967458006621e-08,
      "max_cartesian_tensor_roundtrip_error": 9.847554507946832e-09,
      "passed": true
    },
    {
      "file": "nu1000_no_dispersion_check.cif",
      "atom_sites": 26,
      "max_Fcalc_roundtrip_error": 0.00010870478311630904,
      "R1_roundtrip_error": 2.9082788843837193e-07,
      "max_cartesian_tensor_roundtrip_error": 1.0566004793322037e-08,
      "passed": true
    }
  ],
  "fcf_reflections": 11289,
  "fcf_I_error": 4.7634307520638686e-07,
  "fcf_sigma_error": 4.6430624678350796e-08,
  "fcf_Icalc_error": 3.66847712029994e-06,
  "passed": true,
  "note": "Self-written format and numerical checks, not checkCIF or a standard validation service."
}
