run,h,k,l,omega,x,y,module,Linv,polarization,scan_edge,I,sigma,Iraw_net,var_raw,raw_counts,bg_sum,nframes,weighted_omega,sum_pos,weighted_omega2
1,-1,0,0,5.5908831,375.11676,340.07057,0,0.091336285,0.99250891,0,0.028007809,0.95532865,0.30434783,107.76749,73,1.1014493,5,49.48913,9.3478261,262.5625
1,0,0,1,48.326766,351.36394,398.69739,0,0.045305964,0.99833121,1,0,0,0,0,0,0,0,0,0,0
1,1,-1,3,36.391072,348.26701,502.24739,0,0.037949127,0.9708001,0,1512.5839,7.7064177,38694.344,38865.22,38817,1.9164963,10,1413078.9,38694.344,51635580
1,2,-3,6,26.81853,377.37138,691.22118,0,0.081174987,0.85786032,0,720.6695,8.3371182,7616.0625,7762.8398,7710,1.4910714,11,205234.17,7616.0625,5538200.6
1,-3,0,-10,36.991049,189.12837,14.609338,0,0.22537733,0.79284773,0,44.165598,3.7083646,155.36875,170.18605,166,0.16875,6,5786.6406,156.125,214509.19
1,-3,0,-9,44.200427,204.44146,48.196425,0,0.20773972,0.81763711,1,0,0,0,0,0,0,0,0,0,0
1,-2,-1,-13,35.586145,35.059811,8.4360678,0,0.44854648,0.7315901,0,92.364675,8.0455913,150.64901,172.20139,166,0.25165563,5,5384.5679,151.2649,191686.65
1,-2,-1,-12,40.184888,62.0656,48.117654,0,0.42762729,0.76087889,1,0,0,0,0,0,0,0,0,0,0
1,-2,-1,-11,45.0818,86.883595,82.859134,0,0.40444152,0.78936438,1,0,0,0,0,0,0,0,0,0,0
1,-2,0,-12,25.198728,113.80336,13.723367,0,0.34081571,0.76602397,0,27.808565,3.729213,62.503067,70.255429,68,0.085889571,5,1573.7914,62.503067,39638.097
1,-2,0,-11,29.328115,137.6257,50.137891,0,0.31603372,0.79478174,0,104.38316,6.636504,262.50943,278.55287,274,0.18238994,5,7690.7217,262.50943,225347.21
1,-2,0,-10,33.795743,160.19653,82.358459,0,0.28888273,0.8223276,0,51.183578,4.4447547,145.69811,160.08188,156,0.16352201,5,4918.1226,145.69811,166035.66
1,-2,0,-9,38.78494,181.60764,111.26356,0,0.25997318,0.84831006,1,16.410938,2.5032545,53.55,66.720937,63,0.15,3,2065.8031,53.55,79696.716
1,-2,0,-8,44.581097,201.84263,137.53124,0,0.23002564,0.87241111,1,0,0,0,0,0,0,0,0,0,0
1,-2,1,-11,5.1900688,185.57889,10.466548,0,0.23005041,0.78936438,0,102.42129,5.5765506,351.43478,366.13422,362,0.16770186,5,1824.3152,351.43478,9539.0734
1,-2,1,-10,6.7232482,207.88848,44.89073,0,0.20138277,0.81666163,0,64.450496,4.1090708,261.3642,277.66869,273,0.17901235,5,1746.0077,261.3642,11718.783
1,-2,1,-9,7.7130218,230.11217,75.526174,0,0.16940013,0.84241915,0,69.717849,3.827294,346.7037,362.25354,358,0.18518519,6,2653.713,346.7037,20405.496
1,-2,1,-8,7.7851804,252.55614,103.11993,0,0.134102,0.86631895,0,11.479687,1.5280468,74.160494,97.444749,91,0.27160494,7,570.46296,74.691358,4392.2299
1,-2,1,-7,5.9323944,275.87957,128.22338,0,0.094788771,0.88807649,0,182.29513,4.4657606,1707.9241,1750.5634,1738,0.4556962,8,10066.12,1707.9241,60364.809
1,-2,1,-6,-2.1833019,302.78673,151.11253,0,0.046938364,0.90744071,0,261.93125,3.7177273,5063.8125,5165.7773,5136,1.09375,14,-11515.478,5063.8125,35601.876
1,-1,-1,-13,32.297241,10.325349,74.295366,0,0.50769531,0.74719697,0,116.35551,9.3393825,171.2454,188.92969,184,0.20245399,5,5575.1718,172.88344,179797.6
1,-1,-1,-12,36.03657,40.286971,109.06301,0,0.48135227,0.77742765,0,3.135238,2.706924,5.0636943,19.113757,15,0.15286624,5,241.05732,6.6878981,8689.0295
1,-1,-1,-11,39.952481,67.948419,139.81477,0,0.45258466,0.80677969,1,0.21036628,0.91495228,0.375,2.6601562,2,0.025,1,14.53125,0.375,563.08594
1,-1,-1,-10,44.113546,93.704706,167.40664,0,0.42180925,0.83486814,1,0,0,0,0,0,0,0,0,0,0
1,-1,-1,-9,48.609978,117.83716,192.49217,0,0.38945278,0.86134151,1,0,0,0,0,0,0,0,0,0,0
1,-1,0,-13,20.076167,49.480262,41.670535,0,0.44254698,0.75220598,0,14.452508,3.4761054,24.565217,34.909263,32,0.11801242,5,538.5,26.869565,10794.462
1,-1,0,-12,23.128617,78.162673,78.058381,0,0.41564417,0.78273263,0,75.205253,6.7002196,141.625,159.20678,154,0.1875,5,3321.8438,143.925,76685.714
1,-1,0,-11,26.240107,105.03945,110.12283,0,0.38588479,0.81235695,0,84.381398,6.6572207,177.63804,196.41037,191,0.20245399,5,4662.9985,177.63804,122421.84
1,-1,0,-10,29.459745,130.47082,138.7819,0,0.35363642,0.84069401,0,137.59402,7.9082071,327.1,353.44188,346,0.3,5,9617.0844,327.1,282799.45
1,-1,0,-9,32.856283,154.73486,164.73397,0,0.31924595,0.86739231,0,29.731464,3.7160427,80.780488,101.93932,96,0.23780488,5,2754.1768,84.073171,90237.23
1,-1,0,-8,36.533371,178.04457,188.52341,0,0.28305627,0.89213386,0,65.948064,4.8431276,207.85443,233.00557,226,0.29746835,5,7599.318,207.85443,277869.42
1,-1,0,-7,40.659543,200.55326,210.58485,0,0.24543108,0.91463411,1,0,0,0,0,0,0,0,0,0,0
1,-1,0,-6,45.532608,222.34431,231.27401,0,0.20680127,0.93464203,1,0,0,0,0,0,0,0,0,0,0
1,-1,1,-12,6.313378,106.64758,41.646318,0,0.36071053,0.77742765,0,2.5891204,1.9255081,5.5802469,17.222375,14,0.13580247,5,44.743827,6.7283951,299.98843
1,-1,1,-11,7.9380482,132.25842,75.869351,0,0.33220829,0.80677969,0,12.520978,2.8169269,30.407643,46.799383,42,0.17834395,5,241.6242,30.407643,1926.7094
1,-1,1,-10,9.2782372,156.73561,106.28629,0,0.30094835,0.83486814,0,161.32774,7.7608839,447.54321,463.52614,459,0.17901235,5,4138.0648,447.54321,38332.2
1,-1,1,-9,10.245109,180.32221,133.67912,0,0.26727836,0.86134151,0,268.87332,9.2753098,866.48148,893.47005,886,0.31481481,5,8874.1389,866.48148,91000.217
1,-1,1,-8,10.682483,203.21671,158.65254,0,0.23152064,0.8858818,0,281.57066,8.6752725,1077.3913,1101.8904,1095,0.27950311,5,11475.413,1077.3913,122405.38
1,-1,1,-7,10.300413,225.58024,181.6854,0,0.19398767,0.90820448,0,419.57384,9.5592286,1964.3457,2002.9252,1992,0.43209877,5,20206.988,1964.3457,208174.47
1,-1,1,-6,8.5092774,247.53361,203.1662,0,0.15500988,0.9280585,0,24.577564,2.2927307,147.14815,188.42478,177,0.48148148,5,1253.2685,147.14815,10698.382
1,-1,1,-5,3.9327229,269.12762,223.4193,0,0.11501093,0.94522626,0,551.89778,8.2447013,4535.8148,4591.3795,4576,0.64814815,5,17650.923,4535.8148,69689.902
1,-1,1,-4,-7.3735483,290.19184,242.72897,0,0.074818329,0.95952367,1,44.91663,1.9005421,576.04294,594.08743,589,0.20245399,2,-3789.1089,576.04294,24956.604
1,-1,2,-11,-13.420857,146.70263,35.746802,0,0.29765048,0.79034937,1,0,0,0,0,0,0,0,0,0,0
1,-1,2,-10,-14.268865,168.49331,68.912948,0,0.2717604,0.81769199,1,0,0,0,0,0,0,0,0,0,0
1,-1,2,-9,-16.060781,189.14341,98.600348,0,0.24419217,0.84349057,1,0,0,0,0,0,0,0,0,0,0
1,0,-2,-10,46.897133,33.357024,240.30077,0,0.53422401,0.82371401,1,0,0,0,0,0,0,0,0,0,0
1,0,-1,-12,31.29986,13.318831,161.75638,0,0.53767466,0.78305699,0,44.80616,6.043812,65.254658,77.476409,74,0.13664596,5,2040.8043,65.254658,63832.445
1,0,-1,-11,34.364946,43.026901,189.78157,0,0.505774,0.81269788,0,100.60507,8.2279756,161.65625,174.7959,171,0.14375,5,5543.7109,161.65625,190123.93
1,0,-1,-10,37.527978,70.726434,215.12566,0,0.47172892,0.84105006,0,53.354683,5.8574297,95.126582,109.06185,105,0.15189873,5,3576.2658,95.126582,134460.84
1,0,-1,-9,40.83237,96.786723,238.34882,0,0.43584343,0.86776205,1,0,0,0,0,0,0,0,0,0,0
1,0,-1,-8,44.336701,121.49277,259.89325,0,0.39841852,0.89251584,1,0,0,0,0,0,0,0,0,0,0
1,0,-1,-7,48.12353,145.06178,280.11638,0,0.35976479,0.9150269,1,0,0,0,0,0,0,0,0,0,0
1,0,0,-13,17.601064,10.813328,99.73141,0,0.5173922,0.75757464,0,-1.6119522,1.7449959,-2.3602484,6.5282975,4,0.099378882,5,7.0714286,0.40993789,122.08463
1,0,0,-12,19.979245,41.783027,132.55383,0,0.48799296,0.78841526,0,223.55079,12.159059,361.175,385.90719,379,0.2875,5,7203.0125,361.175,143687.79
1,0,0,-11,22.309708,70.583962,161.71612,0,0.45592165,0.81832844,0,-1.4485581,2.1549962,-2.6,14.96125,10,0.2,5,29.064063,1.30625,646.69102
1,0,0,-10,24.598865,97.661093,187.99267,0,0.42148175,0.84692923,0,6.9983263,2.5729431,14.0625,26.729883,23,0.1375,5,342.64062,14.0625,8353.5039
1,0,0,-9,26.852318,123.36526,211.97852,0,0.38495067,0.87386614,0,0.83670041,2.1795788,1.8993711,24.480756,18,0.25157233,5,165.52516,6.3522013,4315.4819
1,0,0,-8,29.075026,147.98023,234.14196,0,0.34658481,0.89882119,0,47.749646,4.712124,123.8323,149.33479,142,0.27950311,5,3604.4022,123.8323,104924.04
1,0,0,-7,31.271436,171.74133,254.86028,0,0.30662347,0.92150982,0,-1.0298102,1.8917645,-3.0949367,32.323866,22,0.38607595,5,144.30854,4.4746835,4653.9506
1,0,0,-6,33.445587,194.84871,274.4448,0,0.26529212,0.941681,0,124.7367,6.2015373,442.76543,484.57125,473,0.48765432,5,14775.469,442.76543,493118.54
1,0,0,-5,35.601188,217.47705,293.1588,0,0.22280496,0.95911714,0,0.66822714,1.7103456,2.8765432,54.207743,40,0.59876543,5,404.07407,11.333333,14409.727
1,0,0,-4,37.741687,239.78301,311.23099,0,0.17936723,0.97363412,0,7556.569,37.374036,41018.27,41157.158,41118,1.5582822,5,1546606.7,41018.27,58318267
1,0,0,-3,39.870332,261.91103,328.86572,0,0.13517703,0.98508132,1,-0.75727445,0.60030188,-5.5185185,19.137174,12,0.2654321,1,0,0,0
1,0,0,-2,41.990214,283.99823,346.2513,0,0.090427027,0.99334158,1,0,0,0,0,0,0,0,0,0,0
1,0,0,-1,44.104314,306.17866,363.56696,0,0.045305964,0.99833121,1,0,0,0,0,0,0,0,0,0,0
1,0,1,-13,4.6726349,29.38229,64.222636,0,0.47863587,0.75251233,0,57.292551,6.3966545,90.075472,101.13991,98,0.12578616,5,418.33962,90.264151,1947.8679
1,0,1,-12,6.1673426,58.941775,99.282622,0,0.45131514,0.78305699,0,42.587515,5.371778,73.89172,86.868646,83,0.14012739,5,471.02229,76.789809,2896.9777
1,0,1,-11,7.4313296,86.459638,130.27079,0,0.42132652,0.81269788,0,87.823255,7.1663762,169.40252,191.08204,185,0.25157233,5,1249.5629,170.30189,9187.5024
1,0,1,-10,8.4182959,112.32308,158.05115,0,0.38904275,0.84105006,0,49.815003,5.1726862,107.69231,125.04931,120,0.19230769,5,903.75641,107.69231,7604.8974
1,0,1,-9,9.057241,136.82291,183.28338,0,0.35482809,0.86776205,0,8.706273,2.6451353,21.291925,41.846688,36,0.22981366,5,197.64907,21.291925,1841.4239
1,0,1,-8,9.2385118,160.17136,206.48357,0,0.31905829,0.89251584,0,480.88425,13.284367,1345.1988,1380.9359,1371,0.41614907,5,12403.7,1345.1988,114516.41
1,0,1,-7,8.7888491,182.5066,228.06516,0,0.28215061,0.9150269,0,25.963648,3.2371421,84.201258,110.2121,103,0.3081761,5,738.43711,84.654088,6452.5865
1,0,1,-6,7.4251017,203.88021,248.36755,0,0.24461687,0.93504417,0,81.64897,4.9318759,312.10191,355.3986,343,0.49044586,5,2298.4363,312.10191,16972.471
1,0,1,-5,4.665666,224.21543,267.67667,0,0.20716829,0.95235009,0,433.21176,9.8344195,1991.4691,2043.827,2029,0.58641975,5,9295.7006,1991.4691,43623.152
1,0,1,-4,-0.33821049,243.20225,286.24054,0,0.17094163,0.96676053,0,2369.5514,20.537237,13401,13490.441,13465,1,5,-4531.8463,13401,3043.0439
1,0,1,-3,-9.0770113,260.0507,304.28088,0,0.13800616,0.97812486,1,0,0,0,0,0,0,0,0,0,0
1,0,2,-13,-9.7678121,35.855894,22.020871,0,0.45299921,0.73762685,1,0,0,0,0,0,0,0,0,0,0
1,0,2,-12,-9.2100136,63.50764,60.462138,0,0.43027411,0.76728362,1,0,0,0,0,0,0,0,0,0,0
1,0,2,-11,-9.0565449,89.030423,94.199703,0,0.40516528,0.79610766,1,0,0,0,0,0,0,0,0,0,0
1,0,2,-10,-9.3873459,112.71762,124.24851,0,0.37821617,0.82371401,1,0,0,0,0,0,0,0,0,0,0
1,0,2,-9,-10.313008,134.7464,151.37585,0,0.35000638,0.84975121,1,0,0,0,0,0,0,0,0,0,0
1,0,2,-8,-11.984248,155.18328,176.17663,0,0.3211945,0.87390123,1,0,0,0,0,0,0,0,0,0,0
1,0,2,-7,-14.602164,173.97371,199.12324,0,0.29257621,0.89587956,1,0,0,0,0,0,0,0,0,0,0
1,1,-2,-10,39.742328,9.7859114,284.64956,0,0.57709529,0.81769199,1,-0.25583844,1.2081169,-0.3625,2.9302344,2,0.0375,1,0,0,0
1,1,-2,-9,42.584231,37.790852,306.21859,0,0.54119918,0.84349057,1,0,0,0,0,0,0,0,0,0,0
1,1,-2,-8,45.508613,64.044665,326.43406,0,0.50389317,0.86742709,1,0,0,0,0,0,0,0,0,0,0
1,1,-2,-7,48.545463,88.830292,345.61476,0,0.46544964,0.88921704,1,0,0,0,0,0,0,0,0,0,0
1,1,-1,-11,28.559721,11.684089,235.53513,0,0.56318277,0.80677969,0,19.401779,4.6726528,27.79375,44.806211,40,0.19375,5,797.22969,27.94375,22747.059
1,1,-1,-10,30.891422,40.940311,259.3169,0,0.52780798,0.83486814,0,140.60892,9.883367,222.41026,244.39579,238,0.24358974,5,6973.3526,226.33333,214865.11
1,1,-1,-9,33.213397,68.386071,281.25782,0,0.49055881,0.86134151,0,293.84839,13.316287,515.95,546.68219,538,0.35,5,17122.216,515.95,568240.99
1,1,-1,-8,35.534478,94.364613,301.75797,0,0.45167565,0.8858818,0,274.77017,12.183775,538.91304,571.03403,562,0.36645963,5,19244.098,541.6087,683814.15
1,1,-1,-7,37.86515,119.15471,321.14334,0,0.41138688,0.90820448,1,434.96179,14.268412,960.25,992.24219,983,0.35,5,36271,960.25,1370100.2
1,1,-1,-6,40.218803,142.98717,339.68646,0,0.36991198,0.9280585,1,0,0,0,0,0,0,0,0,0,0
1,1,-1,-5,42.613907,166.05646,357.62151,0,0.32746479,0.94522626,1,0,0,0,0,0,0,0,0,0,0
1,1,-1,-4,45.078142,188.52864,375.15551,0,0.28425749,0.95952367,1,0,0,0,0,0,0,0,0,0,0
1,1,-1,-3,47.656978,210.54598,392.4772,0,0.24050684,0.9708001,1,0,0,0,0,0,0,0,0,0,0
1,1,0,-11,17.912965,32.347799,208.13615,0,0.52671458,0.81235695,0,94.923403,8.2351824,146.40127,161.3205,157,0.1656051,5,2622.6672,146.84713,46856.076
1,1,0,-10,19.50282,60.697325,232.78073,0,0.4918294,0.84069401,0,125.61383,9.0682873,214.71429,240.26886,233,0.28571429,5,4185.8898,214.71429,81627.954
1,1,0,-9,20.93818,87.370677,255.42736,0,0.45505129,0.86739231,0,27.273759,4.4802297,51.987654,72.930803,67,0.2345679,5,1099.4136,52.54321,23010.136
1,1,0,-8,22.184378,112.68099,276.49855,0,0.4166423,0.89213386,0,68.581549,6.1746756,146.85,174.80813,167,0.325,5,3286.6875,148.175,72912.773
1,1,0,-7,23.188445,136.87879,296.33707,0,0.37685889,0.91463411,0,39.763734,4.6891464,96.506329,129.51642,120,0.36708861,5,2230.962,96.506329,51586.975
1,1,0,-6,23.867723,160.16472,315.22795,0,0.33596016,0.93464203,0,649.53211,15.503234,1807,1860.2,1845,0.59375,5,42995.25,1807,1023151.5
1,1,0,-5,24.088571,182.6955,333.41431,0,0.29422065,0.95194002,0,-0.085854106,2.2769959,-0.27777778,54.274691,39,0.62345679,5,187.75,7.8888889,4470.2708
1,1,0,-4,23.623798,204.58181,351.10912,0,0.25195343,0.96634397,0,125.69396,6.0445512,482.0875,537.46609,522,0.64375,5,11435.372,483.8375,270306.06
1,1,0,-3,22.060511,225.87132,368.5039,0,0.20955836,0.97770326,0,924.95521,14.126285,4315.4172,4343.7028,4336,0.33742331,5,95275.471,4315.4172,2103810.5
1,1,0,-2,18.580737,246.49615,385.77476,0,0.16763842,0.98590073,0,-1.4112971,0.36483478,-8.3,4.60375,1,0.15,5,0,0,0
1,1,0,-1,11.386291,266.1137,403.08442,0,0.12732518,0.99085268,0,1100.5888,11.975189,8564.8519,8684.69,8650,1.2901235,5,96975.88,8564.8519,1098515.2
1,1,0,0,-3.8217648,283.57645,420.57213,0,0.091336285,0.99250891,0,0.74188585,1.0352615,8.0617284,126.55586,93,1.3271605,5,-45.882716,10.419753,206.20679
1,1,1,-12,4.4709307,11.758529,149.31978,0,0.53525344,0.77742765,0,5.2770203,3.2372703,7.6645963,22.108483,18,0.16149068,5,33.580745,7.6645963,148.52873
1,1,1,-11,5.4077701,40.936184,178.13693,0,0.50503738,0.80677969,0,12.2648,3.7375144,19.592593,35.647462,31,0.17283951,5,114.62037,20.925926,629.30787
1,1,1,-10,6.0690571,68.01088,204.13585,0,0.47284942,0.83486814,0,157.24854,9.8427118,277.63975,302.0088,295,0.26708075,5,1687.809,279.86957,10207.569
1,1,1,-9,6.3959988,93.324887,227.90458,0,0.43905654,0.86134151,0,287.22147,12.361963,563.47134,588.14544,581,0.27388535,5,3559.6194,563.47134,22557.195
1,1,1,-8,6.3053713,117.1248,249.90551,0,0.4040433,0.8858818,0,296.6021,11.863573,650.3125,676.5918,669,0.2875,5,4070.0078,650.40625,25526.088
1,1,1,-7,5.678481,139.57325,270.51083,0,0.3682345,0.90820448,0,410.12223,13.117486,1011.5153,1046.6936,1037,0.41104294,5,5716.2132,1011.5153,32395.146
1,1,1,-6,4.3442497,160.74837,290.02686,0,0.33212912,0.9280585,0,34.313254,4.0782101,95.880503,129.86017,120,0.37106918,5,411.92296,95.880503,1788.8416
1,1,1,-5,2.0538869,180.62888,308.71131,0,0.29635361,0.94522626,0,613.46711,14.069694,1956.6667,2013.8189,1998,0.66666667,5,4041.7654,1956.6667,8526.0077
1,1,1,-4,-1.5541346,199.0594,326.78523,0,0.26174794,0.95952367,0,222.38002,8.0324379,815.20755,867.04094,852,0.56603774,5,-1330.6824,815.20755,2274.7712
1,1,1,-3,-6.9909957,215.68816,344.44058,0,0.22950075,0.9708001,1,877.52912,14.486988,3711.9938,3755.3255,3743,0.48447205,3,-25026.551,3711.9938,168748.37
1,1,1,-2,-14.913748,229.87547,361.84345,0,0.20133457,0.97893837,1,0,0,0,0,0,0,0,0,0,0
1,1,2,-12,-8.2736927,8.9666999,113.04685,0,0.52508716,0.76181418,1,0,0,0,0,0,0,0,0,0,0
1,1,2,-11,-8.1003727,36.63727,144.28613,0,0.49947517,0.79034937,1,0,0,0,0,0,0,0,0,0,0
1,1,2,-10,-8.3125959,61.991355,172.28375,0,0.47228128,0.81769199,1,0,0,0,0,0,0,0,0,0,0
1,1,2,-9,-8.9806835,85.313115,197.71655,0,0.44400671,0.84349057,1,0,0,0,0,0,0,0,0,0,0
1,1,2,-8,-10.195328,106.77455,221.1113,0,0.41519697,0.86742709,1,0,0,0,0,0,0,0,0,0,0
1,1,2,-7,-12.071209,126.44539,242.88708,0,0.38646908,0.88921704,1,0,0,0,0,0,0,0,0,0,0
1,1,2,-6,-14.748904,144.29313,263.38417,0,0.35854365,0.90860936,1,0,0,0,0,0,0,0,0,0,0
1,2,-3,-7,45.860214,26.040039,413.48377,0,0.56287558,0.8397273,1,0,0,0,0,0,0,0,0,0,0
1,2,-3,-6,48.217058,51.214663,431.62247,0,0.52431608,0.85786032,1,0,0,0,0,0,0,0,0,0,0
1,2,-2,-9,34.608396,7.5829274,348.83626,0,0.58843857,0.82504789,0,146.06202,10.736402,204.7931,226.60713,220,0.24137931,5,7190.15,207.70345,248918.63
1,2,-2,-8,36.626369,35.381223,368.36224,0,0.55019164,0.84834392,0,190.32507,11.384035,293.46341,308.11184,304,0.16463415,5,10744.39,293.46341,393400.48
1,2,-2,-7,38.599783,61.615321,387.02998,0,0.51062148,0.86956873,1,151.67174,9.5563783,258.29114,264.84778,263,0.075949367,3,9959.6551,258.29114,384064.15
1,2,-2,-6,40.522984,86.569981,405.09398,0,0.4699281,0.88847125,1,0,0,0,0,0,0,0,0,0,0
1,2,-2,-5,42.386536,110.48515,422.77611,0,0.42829941,0.90483391,1,0,0,0,0,0,0,0,0,0,0
1,2,-2,-4,44.175229,133.56916,440.27633,0,0.38590983,0.9184726,1,0,0,0,0,0,0,0,0,0,0
1,2,-2,-3,45.86454,156.01024,457.78133,0,0.34291651,0.92923668,1,0,0,0,0,0,0,0,0,0,0
1,2,-2,-2,47.413977,177.98853,475.47203,0,0.29945067,0.93700899,1,0,0,0,0,0,0,0,0,0,0
1,2,-2,-1,48.753518,199.69232,493.53074,0,0.25559868,0.94170586,1,0,0,0,0,0,0,0,0,0,0
1,2,-2,3,44.501351,292.08028,573.82254,0,0.069173112,0.92923668,1,0,0,0,0,0,0,0,0,0,0
1,2,-1,-9,25.891215,32.927742,323.08594,0,0.55050914,0.84241915,0,82.086665,7.9292961,125.6135,147.23012,141,0.23312883,5,3252.5598,126.09202,83907.365
1,2,-1,-8,27.312258,59.982211,342.89565,0,0.51172491,0.86631895,0,8.4109738,3.346065,14.239264,32.088637,27,0.19631902,5,391.52914,14.423313,10632.092
1,2,-1,-7,28.575211,85.644387,361.75758,0,0.47157085,0.88807649,0,198.29994,10.554126,373.44444,395.04938,389,0.24691358,5,10729.347,375.16667,306873.39
1,2,-1,-6,29.639334,110.17855,379.93073,0,0.43024701,0.90744071,0,302.92909,12.195769,638.9125,661.63609,655,0.24375,5,18937.147,638.9125,561325.81
1,2,-1,-5,30.443642,133.80998,397.6398,0,0.38794046,0.92419404,0,-0.92347384,1.5411569,-2.2,13.48,9,0.175,5,72.5,2.4,2190.15
1,2,-1,-4,30.89406,156.73719,415.08603,0,0.34482348,0.93815237,0,-2.0471471,1.7803594,-5.5696203,23.462186,15,0.3164557,5,2.0094937,0.063291139,63.801424
1,2,-1,-3,30.839204,179.14339,432.45593,0,0.30104825,0.94916505,0,246.10964,9.0681684,775.95092,817.42971,806,0.48466258,5,23857.779,775.95092,733574.92
1,2,-1,-2,30.021028,201.20984,449.92873,0,0.25673442,0.95711495,0,877.61979,15.462446,3271.7975,3322.8934,3308,0.55696203,5,98115.816,3271.7975,2942576.9
1,2,-1,-1,27.963618,223.13734,467.68375,0,0.21193901,0.96191835,0,81.750619,4.5911748,371.03797,434.21247,416,0.70253165,5,10504.927,375.78481,293689.72
1,2,-1,0,23.685707,245.19397,485.90904,0,0.16657497,0.96352507,0,4666.8137,28.471391,26994.404,27122.139,27085,1.3726708,5,639232.94,26994.404,15139333
1,2,-1,1,14.791521,267.86341,504.81656,0,0.12013852,0.96191835,0,73.251542,3.1651569,586.50633,642.2474,626,0.60759494,5,8680.8544,586.50633,128565.65
1,2,-1,2,-6.5887937,292.5901,524.69524,0,0.070305061,0.95711495,1,615.6402,6.7435535,8381.1667,8428.1574,8415,0.53703704,4,-52871.819,8381.1667,335138.41
1,2,0,-10,14.306111,18.613288,275.35642,0,0.56314129,0.8223276,0,38.132437,5.7872406,55.682927,71.416419,67,0.17682927,5,801.23171,56.195122,11427.11
1,2,0,-9,15.152556,46.322118,297.10084,0,0.527156,0.84831006,0,35.995404,5.3766417,57.924528,74.860567,70,0.18867925,5,888.34277,58.742138,13440.259
1,2,0,-8,15.738388,72.340364,317.45377,0,0.48974657,0.87241111,0,113.896,8.4514693,202.88889,226.65432,220,0.27160494,5,3212.6806,205.16667,50316.934
1,2,0,-7,15.999904,96.941113,336.73755,0,0.45118946,0.89434622,0,10.840167,3.4812048,21.487342,47.615967,40,0.28481013,6,373.48101,23.189873,6019.9462
1,2,0,-6,15.84639,120.33442,355.22137,0,0.41177208,0.91386435,0,114.39811,7.5080538,253.88889,277.65432,271,0.27160494,5,4005.5278,253.88889,63211.062
1,2,0,-5,15.146217,142.67473,373.13588,0,0.37180614,0.9307479,0,0.12135807,1.3319474,0.30379747,11.117449,8,0.12025316,5,23.544304,1.5696203,354.04747
1,2,0,-4,13.703946,164.06055,390.68399,0,0.33164867,0.94481277,0,-0.48602842,1.054791,-1.3846154,9.0295858,6,0.11538462,5,21.384615,1.5384615,297.86538
1,2,0,-3,11.222002,184.52423,408.04868,0,0.29173723,0.95590833,0,78.475353,5.2239563,257.13291,292.98666,283,0.42405063,5,2891.5981,257.6962,32454.407
1,2,0,-2,7.2365692,204.00515,425.39829,0,0.2526528,0.96391741,0,262.21894,8.447596,1000.414,1038.7181,1028,0.4522293,5,7215.2245,1000.414,52072.367
1,2,0,-1,1.0163369,222.29288,442.8889,0,0.21523634,0.96875634,0,749.09338,12.99019,3371.5912,3418.4476,3405,0.52201258,5,3431.0928,3371.5912,3744.6081
1,2,0,0,-8.5602235,238.91472,460.66208,0,0.18080591,0.97037489,1,0,0,0,0,0,0,0,0,0,0
1,2,1,-10,2.9084143,20.788349,247.16355,0,0.55370421,0.81666163,0,66.580517,7.4802592,98.2,121.72,115,0.2625,5,287.2,101.6,818.25
1,2,1,-9,2.9784488,47.146414,269.96113,0,0.52092442,0.84241915,0,79.368582,7.5804506,128.35185,150.27858,144,0.24074074,5,383.47685,130.57407,1139.1516
1,2,1,-8,2.6654238,71.649273,291.1791,0,0.4871157,0.86631895,0,15.181619,3.9520077,27,49.4,43,0.25,5,75.15,28.2,203.6625
1,2,1,-7,1.8841147,94.50693,311.16598,0,0.45267624,0.88807649,0,203.41916,10.546642,399.075,428.10844,420,0.3375,5,720.6875,399.075,1329.6734
1,2,1,-6,0.52142242,115.84792,330.20921,0,0.41805094,0.90744071,0,269.87007,11.522202,585.79245,625.53139,614,0.43396226,5,298.36635,585.79245,203.8353
1,2,1,-5,-1.5721464,135.71995,348.55108,0,0.38375682,0.92419404,0,23.968667,3.8486315,57.72327,85.906649,78,0.32704403,5,-98.455975,57.72327,175.09513
1,2,1,-4,-4.5916888,154.08195,366.39991,0,0.35041707,0.93815237,0,-0.88415089,1.3060288,-2.3670886,12.225926,8,0.16455696,5,-7.4778481,1.4050633,40.141614
1,2,1,-3,-8.7840216,170.78762,383.93775,0,0.31880452,0.94916505,1,0,0,0,0,0,0,0,0,0,0
1,2,1,-2,-14.440574,185.56292,401.32516,0,0.28989003,0.95711495,1,0,0,0,0,0,0,0,0,0,0
1,2,2,-10,-9.1201947,10.28815,216.29675,0,0.55962633,0.79996516,1,0,0,0,0,0,0,0,0,0,0
1,2,2,-9,-9.7176083,35.069543,240.63428,0,0.53184942,0.82504789,1,0,0,0,0,0,0,0,0,0,0
1,2,2,-8,-10.757211,57.707296,263.13293,0,0.50353697,0.84834392,1,0,0,0,0,0,0,0,0,0,0
1,2,2,-7,-12.313571,78.366056,284.18376,0,0.4751923,0.86956873,1,0,0,0,0,0,0,0,0,0,0
1,2,2,-6,-14.47482,97.121467,304.10491,0,0.44737079,0.88847125,1,0,0,0,0,0,0,0,0,0,0
1,3,-4,-5,44.724369,5.683967,528.0179,0,0.57135046,0.80198963,1,0,0,0,0,0,0,0,0,0,0
1,3,-4,-4,46.225022,30.816681,546.4582,0,0.53165355,0.81378462,1,0,0,0,0,0,0,0,0,0,0
1,3,-4,-3,47.596441,54.888128,565.28955,0,0.49115125,0.82311471,1,0,0,0,0,0,0,0,0,0,0
1,3,-4,-2,48.804531,78.174086,584.72479,0,0.44988644,0.82986275,1,0,0,0,0,0,0,0,0,0,0
1,3,-4,4,46.245372,226.63581,730.01931,0,0.16903347,0.81378462,1,0,0,0,0,0,0,0,0,0,0
1,3,-4,5,38.358156,269.98324,764.60451,0,0.094007283,0.80198963,1,61.874457,2.794409,527.85987,568.32196,557,0.47770701,7,20472.782,538.23567,778880.32
1,3,-3,-6,37.761413,21.745936,477.23955,0,0.56097318,0.82676009,1,6.9350562,3.5011192,10.220859,26.624939,22,0.18404908,5,500.54294,13.325153,18803.486
1,3,-3,-5,39.055855,47.496568,495.13638,0,0.52017496,0.84178091,1,99.008647,8.046407,160.22222,169.55213,167,0.11111111,2,6204.929,160.22222,240300.16
1,3,-3,-4,40.183134,72.19178,513.10692,0,0.47839647,0.85432172,1,0,0,0,0,0,0,0,0,0,0
1,3,-3,-3,41.096511,96.105551,531.35098,0,0.43570145,0.8642319,1,0,0,0,0,0,0,0,0,0,0
1,3,-3,-2,41.726942,119.51797,550.07077,0,0.3920893,0.87139428,1,0,0,0,0,0,0,0,0,0,0
1,3,-3,-1,41.968299,142.74692,569.48102,0,0.34745553,0.87572519,1,0,0,0,0,0,0,0,0,0,0
1,3,-3,0,41.648021,166.20232,589.82235,0,0.30151312,0.8771744,1,0,0,0,0,0,0,0,0,0,0
1,3,-3,1,40.461442,190.49839,611.38292,0,0.25361771,0.87572519,1,0,0,0,0,0,0,0,0,0,0
1,3,-3,2,37.796401,216.74134,634.54386,0,0.20230474,0.87139428,1,17.84436,2.2170581,76.861635,91.195086,87,0.16352201,5,2972.6179,78.761006,112207.57
1,3,-3,3,32.096192,247.55089,659.9187,0,0.14361594,0.8642319,0,208.04907,5.9381862,1251.9686,1276.9177,1270,0.29559748,6,40058.369,1251.9686,1282075.4
1,3,-3,4,15.569596,295.53241,689.39081,0,0.057004942,0.85432172,0,14.839144,1.0748908,222.3913,259.5055,249,0.42236025,15,3466.2609,223.56522,54012.19
1,3,-2,-7,29.245494,25.925492,430.45799,0,0.5616775,0.83795236,0,121.60633,9.5171187,181.42138,201.59305,196,0.23899371,5,5295.9245,181.42138,154601.75
1,3,-2,-6,30.180498,52.208658,448.40186,0,0.52093234,0.85603857,0,121.69247,8.9299998,199.975,215.34109,211,0.175,5,6044.9453,200.30625,182440.05
1,3,-2,-5,30.881245,77.340932,466.11889,0,0.47908042,0.8717105,0,308.23058,13.324615,560.84076,587.81013,580,0.29936306,5,17334.651,562.73248,534012.46
1,3,-2,-4,31.281235,101.5913,483.81167,0,0.43622526,0.88478404,0,78.159242,6.5655973,158.5283,177.33784,172,0.21383648,5,4952.217,158.5283,154711.03
1,3,-2,-3,31.282329,125.22041,501.67428,0,0.39242203,0.89510857,0,579.7042,16.140081,1322.2963,1355.3644,1346,0.37037037,5,41315.432,1322.6173,1290644.6
1,3,-2,-2,30.733945,148.50531,519.90122,0,0.34764937,0.90256691,0,0.51119369,1.6064912,1.3271605,17.395328,13,0.19135802,5,84.33642,2.7160494,2619.821
1,3,-2,-1,29.392469,171.77859,538.69752,0,0.30175313,0.90707539,0,180.15,7.9529648,541.53416,571.533,563,0.33540373,5,15898.868,541.53416,466807.22
1,3,-2,0,26.833412,195.50515,558.29285,0,0.25432279,0.9085838,0,162.67447,6.8984974,581.16456,607.39112,600,0.30379747,5,15628.82,583.48101,418678.13
1,3,-2,1,22.230531,220.46958,578.96786,0,0.20437451,0.90707539,0,164.35684,6.2144962,729.46497,760.75565,752,0.36942675,5,16207.624,729.46497,360190.19
1,3,-2,2,13.644379,248.38857,601.12509,0,0.14929184,0.90256691,0,521.31386,9.3400547,3151.6835,3188.4933,3178,0.41772152,5,42979.263,3151.6835,586818.8
1,3,-2,3,-5.9782355,285.61174,625.66805,0,0.078339037,0.89510857,1,473.33354,6.4680879,5408.3497,5461.9385,5447,0.61349693,7,-31043.149,5408.3497,180897.75
1,3,-1,-8,19.636558,18.385418,385.1287,0,0.57467933,0.83484501,0,299.98581,14.647918,435.79375,452.80621,448,0.19375,5,8562.9109,435.79375,168283.45
1,3,-1,-7,20.1473,45.066843,403.71104,0,0.53555107,0.85566064,0,10.744478,3.5688952,17.166667,32.513889,28,0.16666667,5,349.83333,17.166667,7131.5313
1,3,-1,-6,20.354408,70.363699,421.74381,0,0.4953172,0.87420855,0,173.21894,10.15738,305.72222,321.3858,317,0.17901235,5,6209.6806,305.72222,126149.89
1,3,-1,-5,20.177419,94.529211,439.44818,0,0.454163,0.89027115,0,28.020148,4.4422043,54.92638,75.826,70,0.2392638,5,1140.4064,56.656442,22957.869
1,3,-1,-4,19.501584,117.78222,457.0244,0,0.41225948,0.90366433,0,128.47976,8.1084889,281.625,315.90234,306,0.375,5,5552.1562,285,108184.72
1,3,-1,-3,18.158847,140.31949,474.66043,0,0.36975928,0.91423747,0,5.5623747,2.2404638,13.753086,30.68709,26,0.19753086,5,282.39198,15.641975,5099.7924
1,3,-1,-2,15.894849,162.32829,492.53964,0,0.32678816,0.92187339,0,273.37262,9.9486006,771.1875,787.65117,783,0.1875,5,12239.931,771.1875,194312.91
1,3,-1,-1,12.308819,184.00246,510.84812,0,0.28342719,0.92648842,0,407.42212,11.311565,1331.8125,1367.2324,1357,0.3875,5,16371.047,1331.8125,201306.35
1,3,-1,0,6.7378035,205.56913,529.78303,0,0.23967429,0.92803234,0,47.158405,3.7027777,182.6,205.56,199,0.25625,5,1240.7,183.6,8400.175
1,3,-1,1,-1.9806096,227.34514,549.5641,0,0.19535186,0.92648842,0,388.20981,9.1288925,1841.1491,1874.4811,1865,0.37267081,5,-3594.6071,1841.1491,7260.4724
1,3,-1,2,-16.02787,249.8894,570.45509,0,0.1498441,0.92187339,1,0,0,0,0,0,0,0,0,0,0
1,3,0,-8,9.6101656,26.341798,358.87125,0,0.56291051,0.84067067,0,55.585022,6.8309004,83.012658,104.07082,98,0.23417722,5,852.20253,87.898734,8268.3354
1,3,0,-7,9.3944172,51.701052,377.85968,0,0.52595666,0.86166389,0,26.146606,4.7835698,42.835443,61.415799,56,0.20253165,5,406.76899,43.303797,3824.1812
1,3,0,-6,8.7547787,75.558072,396.17637,0,0.48826784,0.8803657,0,358.16623,14.367289,645.7875,671.05734,664,0.29375,5,5628.9563,646.275,49051.711
1,3,0,-5,7.5862547,98.097739,414.04705,0,0.4501429,0.89655852,0,104.91904,7.7082676,208.96933,235.70567,228,0.28834356,5,1599.5537,209.6135,12218.168
1,3,0,-4,5.7467119,119.44951,431.67165,0,0.41190785,0.91005825,0,970.04879,21.149956,2143.2,2183.52,2172,0.45,5,12255.8,2143.2,70153.55
1,3,0,-3,3.0425533,139.68772,449.2323,0,0.37393192,0.92071425,0,67.536545,5.5515005,166.29193,186.84669,181,0.22981366,5,492.3913,167.6646,1462.8703
1,3,0,-2,-0.79005332,158.82524,466.89925,0,0.33665111,0.92840937,0,5.4482248,2.3451459,15.025,41.827188,34,0.2875,5,-12.45,15.025,13.795312
1,3,0,-1,-6.1062311,176.79842,484.83504,0,0.30060291,0.93305991,1,128.80314,6.6547966,399.8,426.68,419,0.3,4,-2440.75,399.8,14926.687
1,3,0,0,-13.364982,193.44076,503.19687,0,0.26647686,0.93461567,1,0,0,0,0,0,0,0,0,0,0
1,3,1,-8,-1.3769471,21.862904,332.31095,0,0.56732255,0.83484501,0,335.98371,15.420146,494.41772,514.90675,509,0.2278481,5,-687.23734,495.65823,989.13687
1,3,1,-7,-2.2779995,45.586141,351.97226,0,0.5343509,0.85566064,0,6.2211781,3.0514096,9.9620253,23.875421,20,0.16455696,5,-29.713608,14.297468,63.785997
1,3,1,-6,-3.6728269,67.550305,370.81251,0,0.50117109,0.87420855,0,165.89449,10.020281,289.375,305.50469,301,0.1875,5,-1086.0125,289.375,4094.4047
1,3,1,-5,-5.6594783,87.873911,389.06866,0,0.46820375,0.89027115,0,36.297566,4.9939284,69.018405,90.169456,84,0.22699387,5,-407.06135,71.97546,2304.9156
1,3,1,-4,-8.3576464,106.60529,406.94616,0,0.4359197,0.90366433,1,0,0,0,0,0,0,0,0,0,0
1,3,1,-3,-11.909175,123.72216,424.62717,0,0.40485482,0.91423747,1,0,0,0,0,0,0,0,0,0,0
1,3,1,-2,-16.473383,139.1281,442.27662,0,0.375624,0.92187339,1,0,0,0,0,0,0,0,0,0,0
1,3,2,-7,-14.013493,26.919483,325.11223,0,0.55938671,0.83795236,1,0,0,0,0,0,0,0,0,0,0
1,3,2,-6,-15.904515,46.825698,344.78332,0,0.53201237,0.85603857,1,0,0,0,0,0,0,0,0,0,0
1,4,-5,-1,39.635593,32.257099,716.89118,0,0.46808393,0.74557202,1,0.22251796,1.027203,0.35443038,2.6769748,2,0.025316456,1,13.734177,0.35443038,532.19937
1,4,-5,0,39.156793,60.029148,742.37599,0,0.42057433,0.74674391,1,-0.014258505,0.94585593,-0.025316456,2.8203813,2,0.03164557,2,7.2626582,0.18987342,277.79668
1,4,-4,-3,34.815952,26.966067,623.29285,0,0.51163745,0.78218711,0,111.78221,8.8737634,170.89172,184.04005,180,0.14012739,5,5953.6369,171.3758,206842.58
1,4,-4,-2,34.74113,53.48456,643.9828,0,0.46688155,0.7884956,0,61.691875,6.5748623,104.18868,123.29868,118,0.22641509,5,3635.6478,104.79245,126139.61
1,4,-4,-1,34.196068,80.01593,665.89875,0,0.42023068,0.79231416,0,118.29188,8.1647344,223.03067,236.9755,233,0.15337423,5,7615.1994,223.03067,260030.65
1,4,-4,0,33.004023,107.22985,689.38421,0,0.37110596,0.79359259,0,77.22035,6.3517359,165.13208,184.49484,179,0.22012579,5,5443.9151,165.13208,179489.14
1,4,-4,1,30.867974,136.13383,714.88356,0,0.31841684,0.79231416,0,1.5698518,1.4194794,3.90625,12.475586,10,0.09375,5,132.57031,4.34375,4046.3809
1,4,-4,2,27.223368,168.51636,743.03571,0,0.25994096,0.7884956,0,55.880638,4.438635,169.50633,181.2792,178,0.13924051,5,4604.3544,169.50633,125092.84
1,4,-3,-5,28.218287,10.419741,546.69145,0,0.55973991,0.79964827,0,278.35976,14.351383,397.66667,420.35185,414,0.25925926,5,11208.167,397.66667,315920.49
1,4,-3,-4,28.331796,37.168948,565.18214,0,0.51704012,0.81139789,0,25.110507,4.815818,39.40625,57.116211,52,0.19375,5,1164.625,41.25,32884.641
1,4,-3,-3,28.061791,63.175976,584.18549,0,0.47296081,0.82069269,0,83.544717,7.4274175,144.96875,166.10645,160,0.23125,5,4158.9375,148.25,116683.34
1,4,-3,-2,27.289879,88.844504,603.93259,0,0.42734931,0.82741552,0,31.410058,4.4853675,60.814815,75.418409,71,0.15432099,5,1652.537,60.814815,44911.375
1,4,-3,-1,25.836604,114.66249,624.68199,0,0.37987413,0.83148269,0,140.1161,8.2723704,306.69136,327.85886,322,0.24691358,5,7957.7222,308.66667,205177.5
1,4,-3,0,23.412531,141.30217,646.74234,0,0.3298835,0.83284399,0,-0.52323368,1.0845408,-1.3209877,7.4971803,5,0.098765432,5,5.2438272,0.2345679,117.24923
1,4,-3,1,19.505853,169.8419,670.51515,0,0.27607464,0.83148269,0,129.35402,6.6847203,389.58896,405.3404,401,0.18404908,5,7667.4801,394.15337,149208.51
1,4,-3,2,13.063476,202.39626,696.60115,0,0.21552989,0.82741552,0,24.866852,2.7333853,95.463415,110.11184,106,0.16463415,5,1242.4146,95.463415,16188.662
1,4,-3,3,1.1244796,244.89494,726.2238,0,0.13939326,0.82069269,0,86.449583,3.9214897,508.98113,533.06444,526,0.25786164,7,585.73585,508.98113,896.45283
1,4,-2,-6,20.696856,9.2741145,496.26766,0,0.57430444,0.81300752,0,161.33373,11.171132,228.39024,250.09161,244,0.24390244,5,4727.3841,228.5122,97808.904
1,4,-2,-5,20.572278,35.856832,514.23817,0,0.53297778,0.82771243,0,73.766925,7.1613224,114.55975,123.68789,121,0.10062893,5,2359.1022,114.55975,48588.688
1,4,-2,-4,20.037157,61.3997,532.36473,0,0.49048982,0.83999477,0,12.817758,3.7608466,21.95122,41.482451,36,0.2195122,5,481.77439,23.926829,9701.7393
1,4,-2,-3,18.975198,86.221677,550.85388,0,0.44684641,0.84970392,0,172.02718,9.7704903,327.1195,345.18461,340,0.20125786,5,6212.3035,328.53459,117491.56
1,4,-2,-2,17.217727,110.66237,569.91875,0,0.40196267,0.85672271,0,160.73846,8.972783,342.58974,365.73241,359,0.25641026,5,5908.8718,343.28205,101725.6
1,4,-2,-1,14.509903,135.12668,589.79132,0,0.35560434,0.86096746,0,99.765934,6.6505427,241.54717,259.27076,254,0.18867925,5,3505.434,241.54717,50892.983
1,4,-2,0,10.444696,160.16611,610.7402,0,0.30726784,0.86238795,0,65.795784,5.0275837,184.6646,199.10848,195,0.16149068,5,1924.5233,184.6646,20075.284
1,4,-2,1,4.317706,186.65884,633.10268,0,0.25589977,0.86096746,0,138.69168,6.5119182,466.6242,480.01142,476,0.14649682,5,2020.3567,466.6242,8816.6959
1,4,-2,2,-5.2591376,216.31809,657.36222,0,0.19908407,0.85672271,0,163.01793,6.2240798,701.51852,717.39415,713,0.18518519,5,-3659.6327,701.51852,19224.777
1,4,-1,-6,12.023782,23.349006,467.28249,0,0.5604662,0.83005824,0,180.663,11.339427,267.56442,282.03338,278,0.16564417,5,3234.3896,269.36196,38858.289
1,4,-1,-5,11.243625,48.4656,485.2008,0,0.5207105,0.84515382,0,104.63594,8.3888993,169.8323,185.39107,181,0.18012422,5,1912.295,170.75776,21422.511
1,4,-1,-4,9.9411922,72.437907,503.1426,0,0.480181,0.8577558,0,157.26564,9.7019138,280.92638,300.35316,295,0.22699387,5,2779.9617,280.92638,27527.138
1,4,-1,-3,7.9767793,95.498871,521.30382,0,0.43900652,0.86771356,0,29.280179,4.4551963,57.873418,77.543342,72,0.2278481,5,468.01266,59.012658,3717.1377
1,4,-1,-2,5.1565214,117.86983,539.87949,0,0.39728144,0.87490993,0,38.866639,4.640678,85.59375,104.44629,99,0.20625,5,442.14844,86.28125,2271.5801
1,4,-1,-1,1.2059056,139.77898,559.07206,0,0.35504733,0.87926122,0,-0.54181011,1.6191051,-1.3417722,16.077311,11,0.18987342,5,5.5205696,4.2974684,9.309731
1,4,-1,0,-4.272447,161.48832,579.10109,0,0.31225846,0.88071723,0,430.72343,12.463547,1214.8447,1235.7421,1230,0.2484472,5,-5198.6894,1214.8447,22332.95
1,4,-1,1,-11.867268,183.34149,600.21639,0,0.26871219,0.87926122,1,0,0,0,0,0,0,0,0,0,0
1,4,0,-6,2.2165606,24.85768,440.19319,0,0.56216056,0.83584229,0,89.259955,8.1608576,132.71519,147.23109,143,0.15822785,5,292.10918,132.71519,651.05103
1,4,0,-5,0.79177601,48.186107,458.24906,0,0.52568034,0.8510681,0,2.9648222,2.7952612,4.8,20.48,16,0.175,5,5.35,7,7.4375
1,4,0,-4,-1.2206508,70.112086,476.19296,0,0.48899876,0.86377663,0,320.60629,13.733049,566.325,588.46594,582,0.2375,5,-711.90625,566.325,917.43281
1,4,0,-3,-3.9505468,90.771417,494.21402,0,0.45239991,0.87381725,0,8.2583975,3.0839597,15.95122,35.482451,30,0.2195122,5,-81.158537,20.97561,316.18902
1,4,0,-2,-7.5613971,110.25539,512.49321,0,0.41618722,0.88107282,1,0.044284139,0.78001008,0.09375,2.7267578,2,0.03125,1,-0.6328125,0.09375,4.2714844
1,4,0,-1,-12.255542,128.61189,531.20921,0,0.38069086,0.88545963,1,0,0,0,0,0,0,0,0,0,0
1,4,1,-6,-8.1039096,13.974745,413.94264,0,0.57977143,0.83005824,1,0,0,0,0,0,0,0,0,0,0
1,4,1,-5,-10.023915,35.300618,432.36502,0,0.5479684,0.84515382,1,0,0,0,0,0,0,0,0,0,0
1,4,1,-4,-12.521906,54.900802,450.53361,0,0.51654732,0.8577558,1,0,0,0,0,0,0,0,0,0,0
1,4,1,-3,-15.689037,72.84675,468.63842,0,0.48589243,0.86771356,1,0,0,0,0,0,0,0,0,0,0
1,5,-4,-2,21.571534,18.910815,716.8652,0,0.48556744,0.7393802,0,4.3781485,2.7067519,6.6666667,16.987654,14,0.11111111,5,167.37037,7.7037037,3639.4259
1,5,-4,-1,19.76114,49.745454,741.23656,0,0.43500285,0.74285967,0,22.338213,4.1025338,38.147239,49.083293,46,0.12269939,5,778.40491,39.325153,15410.219
1,5,-4,0,17.021801,82.185083,767.89866,0,0.38044379,0.74402508,0,31.461006,4.5872415,61.527559,80.481741,74,0.18897638,5,1056.189,62.204724,17937.589
1,5,-3,-3,16.321729,20.788382,647.52511,0,0.51088753,0.76878464,0,65.872448,6.9758831,99.125,110.1938,107,0.125,5,1612.675,99.125,26242.327
1,5,-3,-2,14.577026,49.086428,668.79828,0,0.46392885,0.77494233,0,35.485715,5.1681649,59.275,74.526156,70,0.1625,5,912.60625,62.4,13351.556
1,5,-3,-1,12.015947,77.773176,691.50394,0,0.41441911,0.77867041,0,43.155883,5.1449849,81.0875,93.453594,90,0.14375,5,991.3,82.9,11858.781
1,5,-3,0,8.3216367,107.76705,716.04744,0,0.36145007,0.77991869,0,69.225399,5.9412447,149.37107,164.34516,160,0.16352201,5,1271.9465,152.50314,10622.157
1,5,-3,1,2.9478308,140.56474,742.98809,0,0.30326936,0.77867041,0,0.34729877,0.90878495,0.89171975,5.4446821,4,0.050955414,5,5.1146497,2.4458599,11.16242
1,5,-2,-4,10.064209,12.588484,589.36723,0,0.54317614,0.7864795,0,192.20075,11.8535,278.29268,294.56871,290,0.18292683,5,2805.372,279.2439,28203.55
1,5,-2,-3,8.3503419,39.134953,608.8365,0,0.49987228,0.79539745,0,33.563477,5.2997962,53.40625,71.116211,66,0.19375,5,456.83594,55.09375,3792.9746
1,5,-2,-2,5.922407,65.217004,629.16813,0,0.45504174,0.8018511,0,221.66123,11.463504,390.6,408.056,403,0.19375,5,2306.55,392.2,13592.912
1,5,-2,-1,2.5626028,91.323949,650.6356,0,0.40838676,0.80575676,0,43.688036,5.0268564,86.197531,98.368846,95,0.14197531,5,224.33642,89.790123,567.03164
1,5,-2,0,-2.0541728,118.10364,673.56593,0,0.3593369,0.80706423,0,193.12402,9.4521646,433.75309,450.68709,446,0.19753086,5,-885.59877,434.81481,1843.5154
1,5,-2,1,-8.4449601,146.54098,698.38011,0,0.30680001,0.80575676,1,0,0,0,0,0,0,0,0,0,0
1,5,-1,-4,1.5168083,19.784452,556.53762,0,0.54406027,0.80280148,0,125.36642,9.6237244,184.9875,201.65484,197,0.19375,5,282.09688,186.3125,439.40703
1,5,-1,-3,-0.76156125,44.069275,575.55694,0,0.50387998,0.81196804,0,226.58085,12.231236,365.1195,388.47617,382,0.27672956,5,-280.1934,366.25786,227.90998
1,5,-1,-2,-3.7967436,67.522997,595.22598,0,0.46291388,0.81859926,0,608.76962,18.798456,1076.525,1105.062,1097,0.325,5,-4097.9531,1078.675,15616.898
1,5,-1,-1,-7.779542,90.442915,615.77767,0,0.42113136,0.82261147,1,0.34556249,1.0111307,0.675,3.9009375,3,0.0375,1,-4.55625,0.675,30.754688
1,5,-1,0,-12.966179,113.17142,637.47296,0,0.3783947,0.82395446,1,0,0,0,0,0,0,0,0,0,0
1,5,0,-4,-7.6746736,14.277864,527.14763,0,0.55999692,0.80834262,1,1.0718355,1.5495074,1.5471698,5.0027293,4,0.037735849,1,-10.443396,1.5471698,70.492925
1,5,0,-3,-10.376052,36.083462,545.95565,0,0.52429282,0.81759205,1,0,0,0,0,0,0,0,0,0,0
1,5,0,-2,-13.796216,56.619556,565.22826,0,0.48858724,0.82428247,1,0,0,0,0,0,0,0,0,0,0
1,6,-2,-2,-3.9811559,11.01163,703.5652,0,0.50121919,0.74100528,0,2.9727325,2.499253,4.3949045,13.652358,11,0.10828025,5,-23.928344,5.8917197,98.444666
1,6,-2,-1,-7.6700395,39.812415,727.45783,0,0.45378899,0.74449651,1,-0.70417135,0.40655352,-1.1552795,0.44489024,0,0.01863354,1,0,0,0
1,6,-2,0,-12.490611,69.49658,753.42194,0,0.40336351,0.74566583,1,0,0,0,0,0,0,0,0,0,0
1,6,-1,-2,-11.811356,9.2858415,663.7474,0,0.51966744,0.7559946,1,0,0,0,0,0,0,0,0,0,0
1,6,-1,-1,-15.748015,34.241035,686.37559,0,0.47760194,0.75959238,1,0,0,0,0,0,0,0,0,0,0
1,-8,-1,1,33.303463,782.16914,22.192824,1,0.64737195,0.63005138,0,32.398067,6.3404997,31.53125,38.079492,36,0.06875,5,1077.5234,32.34375,35898.912
1,-8,0,2,43.120011,774.98477,11.155929,1,0.63336632,0.63111312,1,0,0,0,0,0,0,0,0,0,0
1,-7,-3,-4,3.9122744,755.42425,30.683416,1,0.62306224,0.64635958,0,-2.820464,2.2478728,-2.9259259,5.4378723,3,0.092592593,5,0.99691358,0.20987654,4.7353395
1,-7,-3,-3,5.5706882,758.57214,61.254383,1,0.64391825,0.65275332,0,32.467027,6.4529212,32.9125,42.790703,40,0.1125,5,197.98906,35.66875,1101.7355
1,-7,-3,-2,7.3775523,763.20024,89.245886,1,0.66480913,0.65740396,0,127.3319,11.909176,125.91358,138.68646,135,0.14197531,5,922.50309,125.91358,6765.1968
1,-7,-3,-1,9.3138031,769.31305,115.13871,1,0.68585372,0.66022782,0,2.4195155,3.3641203,2.3291139,10.487396,8,0.088607595,5,53.452532,5.3797468,532.30459
1,-7,-3,0,11.36229,776.92016,139.31806,1,0.7071093,0.66117469,0,9.7623803,3.9345883,9.1282051,13.53499,12,0.044871795,5,121.85897,10.769231,1379.7885
1,-7,-3,1,13.507698,786.04002,162.10105,1,0.72858037,0.66022782,0,-0.3181954,3.4991428,-0.28834356,10.054397,7,0.11042945,5,35.51227,2.7852761,452.78144
1,-7,-2,-3,12.074792,707.3457,28.861294,1,0.56498954,0.67297034,0,15.728203,4.2917957,18.734177,26.132992,24,0.082278481,5,236.57911,19.759494,2834.9565
1,-7,-2,-2,13.715565,715.45592,58.734641,1,0.59120252,0.67791695,0,4.4920705,3.1781275,5.1509434,13.280764,11,0.094339623,5,88.745283,6.490566,1214.2327
1,-7,-2,-1,15.493731,724.61706,86.114734,1,0.61737193,0.68091838,0,45.534614,7.0110707,50.221519,59.795026,57,0.10759494,5,803.89557,52.012658,12428.773
1,-7,-2,0,17.38804,734.89873,111.45703,1,0.64358111,0.68192444,0,-2.0751257,2.6235296,-2.1987578,7.7274796,5,0.11801242,5,27.670807,1.5900621,481.62112
1,-7,-2,1,19.380511,746.36179,135.12823,1,0.66985038,0.68091838,0,38.34101,6.9778139,38.974522,50.312196,47,0.12738854,5,783.17675,40.388535,15188.977
1,-7,-2,2,21.456004,759.06747,157.43212,1,0.69614889,0.67791695,0,10.086959,4.4030739,9.8227848,18.384874,16,0.10126582,5,225.31171,10.525316,4823.8477
1,-7,-2,3,23.601884,773.08476,178.62808,1,0.72240395,0.67297034,0,23.595517,5.9201173,21.980892,30.415311,28,0.095541401,5,524.58439,22.184713,12406.638
1,-7,-2,4,25.807745,788.49713,198.94481,1,0.74850833,0.66616226,0,106.52274,11.801816,94.803797,110.32258,106,0.1835443,5,2448.3908,94.803797,63237.555
1,-7,-1,-2,22.644565,672.6449,22.256888,1,0.5170554,0.69082764,0,81.712077,8.2010763,109.17391,120.06238,117,0.1242236,5,2469.0109,109.17391,55846.389
1,-7,-1,-1,24.000741,685.8967,52.188366,1,0.54983595,0.69393562,0,31.446165,5.8361905,39.6875,54.253906,50,0.15625,6,1029.425,42.875,24720.842
1,-7,-1,0,25.51082,699.65588,79.526828,1,0.5821132,0.69497719,0,258.82377,15.14914,309.00625,327.11629,322,0.20625,5,7875.5016,309.00625,200743.87
1,-7,-1,1,27.148285,714.09489,104.75519,1,0.6139938,0.69393562,0,29.881579,5.9607427,33.772152,45.384874,42,0.12658228,5,989.22943,36.474684,26830.802
1,-7,-1,2,28.892166,729.35552,128.2588,1,0.64551059,0.69082764,0,72.842715,8.7655986,77.956522,88.002665,85,0.11180124,5,2317.7174,80.26087,66935.234
1,-7,-1,3,30.725784,745.56632,150.35499,1,0.6766402,0.68570346,0,81.586206,9.4439753,82.679012,91.593946,89,0.098765432,5,2567.9753,83.654321,78833.105
1,-7,-1,4,32.635875,762.85529,171.31351,1,0.70731544,0.67864676,0,146.49098,13.045938,140.55346,156.6794,152,0.17610063,5,4587.8302,140.55346,149761.25
1,-7,-1,5,34.611957,781.36027,191.37154,1,0.73743414,0.66977471,0,33.111108,7.4074986,30.073171,45.264128,41,0.17073171,5,1120.5183,32.365854,38794.852
1,-7,0,-1,35.176596,652.75344,12.04233,1,0.48550843,0.69837518,0,76.633461,7.6527064,110.2327,121.17531,118,0.11949686,5,3905.3899,110.86792,137580.18
1,-7,0,0,35.937954,671.05932,42.474902,1,0.5251568,0.6994286,0,1.0483383,2.1156962,1.3962264,7.9399066,6,0.075471698,5,140.22013,3.8490566,5110.2531
1,-7,0,1,36.924748,689.21346,70.079458,1,0.56347551,0.69837518,0,82.119852,8.6965754,101.77987,116.17804,112,0.1572327,5,3758.8239,101.8239,138762.96
1,-7,0,2,38.093455,707.55615,95.415138,1,0.60069119,0.69523168,1,561.34197,22.359299,649.68944,669.68867,664,0.22360248,4,24731.494,649.68944,941496
1,-7,0,3,39.411876,726.35292,118.91637,1,0.63691838,0.69004831,1,-4.922696,1.3653102,-5.3333333,2.1880342,0,0.083333333,2,0,0,0
1,-7,0,4,40.855669,745.8298,140.93361,1,0.67219241,0.68290875,1,0,0,0,0,0,0,0,0,0,0
1,-7,0,5,42.406184,766.19667,161.76008,1,0.7064902,0.67393015,1,0,0,0,0,0,0,0,0,0,0
1,-7,0,6,44.049034,787.6646,181.65045,1,0.73974393,0.66326316,1,0,0,0,0,0,0,0,0,0,0
1,-7,1,1,48.583955,672.26342,29.939127,1,0.52043367,0.69393562,1,0,0,0,0,0,0,0,0,0,0
1,-7,1,2,48.902257,694.17124,57.86067,1,0.56361701,0.69082764,1,0,0,0,0,0,0,0,0,0,0
1,-6,-4,-8,-15.741759,778.94011,12.971575,1,0.63862486,0.6295411,1,0,0,0,0,0,0,0,0,0,0
1,-6,-4,-7,-14.432482,770.32716,47.955033,1,0.64946206,0.6426068,1,0,0,0,0,0,0,0,0,0,0
1,-6,-4,-6,-12.900569,763.83272,79.40523,1,0.66004479,0.6544381,1,0,0,0,0,0,0,0,0,0,0
1,-6,-4,-5,-11.162702,759.33322,108.04045,1,0.6707096,0.66481741,1,0,0,0,0,0,0,0,0,0,0
1,-6,-4,-4,-9.2359432,756.73621,134.41006,1,0.68172274,0.67356064,1,0,0,0,0,0,0,0,0,0,0
1,-6,-4,-3,-7.1377609,755.97159,158.94387,1,0.69328492,0.68051713,1,6.9472196,3.4350494,6.8192771,11.368956,10,0.048192771,2,-45.728916,6.8192771,306.78765
1,-6,-4,-2,-4.8858758,756.98595,181.98585,1,0.70553521,0.68556974,0,16.145927,5.1100078,15.689024,24.655228,22,0.091463415,5,-77.047256,16.530488,363.35023
1,-6,-4,-1,-2.4979891,759.73948,203.81799,1,0.7185549,0.68863479,0,73.935776,9.5425302,70.857143,83.634428,80,0.14285714,5,-174.69255,71.242236,435.36258
1,-6,-4,0,0.0085611688,764.20467,224.67768,1,0.73237151,0.68966204,0,-6.1011397,2.7024785,-5.7453416,6.4764091,3,0.13664596,5,-0.25310559,1.0124224,0.063276398
1,-6,-4,1,2.6171621,770.36655,244.77082,1,0.74696322,0.68863479,0,92.506623,10.708037,85.283019,97.453898,94,0.13836478,5,232.11321,85.283019,638.21698
1,-6,-4,2,5.3122663,778.22419,264.28207,1,0.76226356,0.68556974,0,16.787845,5.6826691,15.098765,26.121475,23,0.12345679,5,79.885802,15.098765,424.27701
1,-6,-4,3,8.0796804,787.79323,283.38325,1,0.77816623,0.68051713,0,41.48936,7.9597179,36.283019,48.453898,45,0.13836478,5,292.24057,36.283019,2357.9375
1,-6,-3,-7,-11.006019,705.60589,17.809476,1,0.55690409,0.67033585,1,0,0,0,0,0,0,0,0,0,0
1,-6,-3,-6,-9.3741002,702.40409,50.709888,1,0.5704423,0.68324445,1,0,0,0,0,0,0,0,0,0,0
1,-6,-3,-5,-7.5265704,700.87642,80.545099,1,0.58423644,0.69453533,1,1.8836472,1.5256327,2.2392638,3.2893598,3,0.012269939,1,-15.115031,2.2392638,102.02646
1,-6,-3,-4,-5.4875406,700.99616,107.90728,1,0.59857648,0.70402437,0,9.0621142,3.7557637,10.658537,19.513385,17,0.097560976,5,-76.635671,13.432927,437.58956
1,-6,-3,-3,-3.2807409,702.73617,133.2541,1,0.61366962,0.71156095,0,1.3597781,3.3065909,1.5766871,14.699951,11,0.14723926,5,-15.576687,4.8588957,50.141104
1,-6,-3,-2,-0.92925696,706.06931,156.94751,1,0.62964781,0.71702791,0,42.501768,7.0601237,48.4,64.64,60,0.17575758,5,-46.05,49,47.5625
1,-6,-3,-1,1.5448536,710.96983,179.28074,1,0.64657487,0.72034156,0,-1.5016366,3.6106045,-1.672956,16.180768,11,0.19496855,5,5.2468553,2.6855346,10.686714
1,-6,-3,0,4.1209692,717.4154,200.49768,1,0.66445383,0.72145169,0,3.3769839,3.902537,3.6666667,17.954733,14,0.16666667,5,19.506173,5.1111111,75.177469
1,-6,-3,1,6.7802683,725.38994,220.80716,1,0.68323448,0.72034156,0,-1.3899209,3.4476539,-1.4654088,13.212492,9,0.16352201,5,29.856918,4.572327,195.33608
1,-6,-3,2,9.5060043,734.88689,240.39387,1,0.70282071,0.71702791,0,52.570228,8.0907637,53.632911,68.133713,64,0.16455696,5,519.99842,54.626582,4956.0407
1,-6,-3,3,12.283673,745.913,259.42686,1,0.72307765,0.71156095,0,4.2190977,3.9694034,4.1518987,15.258253,12,0.12658228,5,74.132911,5.8987342,932.375
1,-6,-3,4,15.101073,758.49244,278.06671,1,0.743838,0.70402437,0,2.9268445,4.3403428,2.7701863,16.875892,13,0.16770186,5,98.156832,6.4534161,1494.3847
1,-6,-3,5,17.948274,772.67165,296.47174,1,0.76490763,0.69453533,0,22.026457,6.2806058,20,32.521739,29,0.14285714,5,375.30435,20.956522,6724.1793
1,-6,-3,6,20.817514,788.52487,314.80405,1,0.78607008,0.68324445,0,21.845134,6.5946328,18.987578,32.855715,29,0.16149068,5,430.90683,20.68323,8983.4946
1,-6,-2,-6,-3.0889583,642.53048,14.767883,1,0.47293554,0.70532766,0,2.1127672,2.2520618,3.1509434,11.280764,9,0.094339623,5,-11.839623,3.7106918,38.093553
1,-6,-2,-5,-1.2449187,645.06987,47.101345,1,0.4917848,0.71726965,0,92.102163,8.1847035,134.33129,142.50188,140,0.085889571,5,-172.05828,136.76074,225.70092
1,-6,-2,-4,0.79177352,648.87293,76.515483,1,0.51118206,0.72729143,0,22.853641,4.6030036,32.515337,42.88924,40,0.12269939,5,25.291411,32.638037,21.861963
1,-6,-2,-3,2.9890257,653.97655,103.55247,1,0.53135084,0.73524236,0,0.25479385,2.2390873,0.3525641,9.5993179,7,0.10897436,5,9.4823718,3.0448718,29.680689
1,-6,-2,-2,5.3178257,660.39338,128.63302,1,0.55241872,0.74100528,0,8.3095868,3.2820438,11.146341,19.38182,17,0.091463415,5,66.29878,12.317073,358.87957
1,-6,-2,-1,7.7523414,668.12173,152.09233,1,0.57443248,0.74449651,0,90.973582,8.8705357,117.90683,132.17431,128,0.1552795,5,930.90528,120.15528,7217.3451
1,-6,-2,0,10.270021,677.15356,174.20494,1,0.59737159,0.74566583,0,102.31584,9.5575683,127.71519,142.32925,138,0.15822785,5,1313.2294,127.71519,13512.409
1,-6,-2,1,12.851615,687.48115,195.2024,1,0.62116049,0.74449651,0,93.299661,9.5705836,111.825,131.58141,126,0.225,5,1433.9219,111.825,18397.308
1,-6,-2,2,15.481095,699.10289,215.2861,1,0.64567934,0.74100528,0,3.249774,3.8514059,3.7295597,19.536529,15,0.17610063,5,91.72327,5.9622642,1412.5487
1,-6,-2,3,18.145473,712.02845,234.63693,1,0.67077326,0.73524236,0,3.9361551,4.4234283,4.3144654,23.508643,18,0.21383648,5,84.451258,4.5345912,1573.8809
1,-6,-2,4,20.834555,726.28354,253.42296,1,0.69625989,0.72729143,0,26.8113,6.5011484,28.00625,46.116289,41,0.20625,5,657.93906,31.73125,13644.155
1,-6,-2,5,23.54065,741.91464,271.80576,1,0.72193539,0.71726965,0,105.74553,11.244789,105.06211,124.81618,119,0.21118012,5,2493.4938,105.75155,58802.088
1,-6,-2,6,26.258272,758.99406,289.94622,1,0.74757884,0.70532766,0,-4.3800807,3.582752,-4.1325301,11.426187,7,0.1686747,5,0,0,0
1,-6,-2,7,28.983846,777.62585,308.01023,1,0.77295527,0.69164956,0,66.041077,9.5434661,59.09434,72.924884,69,0.1572327,5,1782.467,61.45283,51705.907
1,-6,-1,-4,10.771851,598.16232,38.560941,1,0.42047628,0.74185457,0,20.768331,3.7657011,36.641975,44.141414,42,0.086419753,5,410.70988,38.17284,4422.25
1,-6,-1,-3,12.619041,608.29255,68.588628,1,0.44820575,0.75005411,0,4.1165558,2.7339541,6.8888889,20.932099,17,0.16049383,5,135.375,10.722222,1709.6979
1,-6,-1,-2,14.611675,619.10624,96.06898,1,0.4763661,0.7559946,0,10.858911,3.8107483,17.233129,36.574316,31,0.20858896,5,273.26534,18.472393,4046.2895
1,-6,-1,-1,16.717598,630.69975,121.45517,1,0.50505099,0.75959238,0,-0.47671888,2.2502527,-0.71698113,11.453898,8,0.13836478,5,60.575472,3.6226415,1012.9528
1,-6,-1,0,18.911188,643.13649,145.1072,1,0.53426988,0.76079721,0,-1.3825548,2.5760284,-1.96875,13.456055,9,0.16875,5,36.328125,1.9375,683.08984
1,-6,-1,1,21.172171,656.46357,167.31998,1,0.56396948,0.75959238,0,3.8051245,2.9877857,5.125,16.193805,13,0.125,5,131.8125,6.0625,2867.7914
1,-6,-1,2,23.484704,670.72338,188.34258,1,0.5940495,0.7559946,0,9.1674961,3.8997151,11.666667,24.62963,21,0.14814815,5,289.06944,12.388889,6746.6076
1,-6,-1,3,25.836613,685.96196,208.39179,1,0.62437458,0.75005411,0,13.034526,4.8706866,15.658228,34.235379,29,0.21518987,5,549.37658,21.253165,14201.771
1,-6,-1,4,28.218762,702.23556,227.66228,1,0.65478286,0.74185457,0,22.016707,5.698827,24.944444,41.688272,37,0.19135802,5,753.69444,26.777778,21215.451
1,-6,-1,5,30.624514,719.61624,246.33453,1,0.68509229,0.73151315,0,14.450315,4.6482698,15.429448,24.633651,22,0.10429448,5,485.03374,15.815951,14875.78
1,-6,-1,6,33.049301,738.19727,264.58156,1,0.71510481,0.71918049,0,23.025021,6.0381455,23.15625,36.875977,33,0.15625,5,933.89219,28.24375,30881.206
1,-6,-1,7,35.490255,758.09902,282.57508,1,0.74460911,0.70504069,0,6.7244235,4.5287325,6.3670886,18.387598,15,0.13924051,5,287.81962,8.1139241,10210.343
1,-6,-1,8,37.945927,779.47607,300.49181,1,0.77338204,0.68931133,1,11.219633,5.3071357,10,22.375,19,0.15,5,525.59375,13.875,19911.43
1,-6,0,-3,26.831014,564.71459,26.669999,1,0.36614634,0.75509184,0,1.2553932,1.5475548,2.5889571,10.185497,8,0.085889571,5,126.05675,4.6809816,3398.2619
1,-6,0,-2,27.774513,582.14033,58.108725,1,0.40440046,0.76109153,0,20.888411,3.6623584,39.3125,47.508594,45,0.0875,5,1127.1172,40.53125,31348.689
1,-6,0,-1,28.976926,599.0909,86.526192,1,0.44179093,0.76472482,0,108.75703,8.2604798,188.25466,204.4501,200,0.19254658,5,5486.4519,189.14907,159156.01
1,-6,0,0,30.375837,615.94079,112.52511,1,0.47862517,0.76594149,0,-0.31833752,2.4534642,-0.50943396,15.415569,11,0.18867925,5,63.707547,2.163522,1876.0755
1,-6,0,1,31.927282,632.94778,136.5622,1,0.51505504,0.76472482,0,100.17497,8.5612788,148.73418,161.57731,158,0.15189873,5,4751.8861,148.82278,151738.13
1,-6,0,2,33.599367,650.30414,158.99829,1,0.55113035,0.76109153,0,18.405009,4.915375,25.416667,46.076389,40,0.22435897,5,901.3125,26.916667,30182.391
1,-6,0,3,35.368529,668.16664,180.12921,1,0.58683093,0.75509184,0,0.80145138,3.1526523,1.03125,16.456055,12,0.16875,5,128.20312,3.6875,4458.3242
1,-6,0,4,37.217189,686.67572,200.2061,1,0.62208677,0.74680943,0,31.203595,5.9366404,37.459627,50.792446,47,0.14906832,5,1426.2345,38.242236,53195.536
1,-6,0,5,39.132207,705.96866,219.44974,1,0.65679113,0.73636147,1,24.356856,5.1882168,27.307692,33.834813,32,0.076923077,2,1057.0417,27.307692,40917.088
1,-6,0,6,41.103814,726.18999,238.06121,1,0.69080908,0.72389858,1,0,0,0,0,0,0,0,0,0,0
1,-6,0,7,43.124867,747.50054,256.23066,1,0.72398309,0.70960488,1,0,0,0,0,0,0,0,0,0,0
1,-6,0,8,45.190305,770.08664,274.1451,1,0.75613651,0.69369794,1,0,0,0,0,0,0,0,0,0,0
1,-6,1,-2,45.24206,550.35892,13.415713,1,0.34002137,0.7559946,1,0,0,0,0,0,0,0,0,0,0
1,-6,1,-1,44.614114,574.61095,46.4164,1,0.38843759,0.75959238,1,0,0,0,0,0,0,0,0,0,0
1,-6,1,0,44.560873,596.90892,75.762143,1,0.43401493,0.76079721,1,0,0,0,0,0,0,0,0,0,0
1,-6,1,1,44.917639,618.13523,102.30947,1,0.47760194,0.75959238,1,0,0,0,0,0,0,0,0,0,0
1,-6,1,2,45.581209,638.85069,126.65635,1,0.51966744,0.7559946,1,0,0,0,0,0,0,0,0,0,0
1,-6,1,3,46.482559,659.44695,149.24867,1,0.56046448,0.75005411,1,0,0,0,0,0,0,0,0,0,0
1,-6,1,4,47.57341,680.22299,170.43672,1,0.60011233,0.74185457,1,0,0,0,0,0,0,0,0,0,0
1,-6,1,5,48.818916,701.4281,190.50846,1,0.63864157,0.73151315,1,0,0,0,0,0,0,0,0,0,0
1,-5,-5,-2,-14.768382,762.78861,258.81828,1,0.74304989,0.69727485,1,0,0,0,0,0,0,0,0,0,0
1,-5,-5,-1,-12.14749,762.8187,278.57707,1,0.74904886,0.70043469,1,0,0,0,0,0,0,0,0,0,0
1,-5,-5,0,-9.3802052,764.65766,297.79773,1,0.75608022,0.70149355,1,0,0,0,0,0,0,0,0,0,0
1,-5,-5,1,-6.4841291,768.2897,316.64423,1,0.76413739,0.70043469,1,172.14213,14.362941,157.79141,173.33215,169,0.17791411,4,-1017.5552,158.58896,6537.7462
1,-5,-5,2,-3.4768537,773.71159,335.27109,1,0.77316665,0.69727485,0,38.496496,7.3105006,34.717791,43.466634,41,0.098159509,5,-122.49847,36.680982,413.60238
1,-5,-5,3,-0.37542412,780.93446,353.82998,1,0.78307026,0.69206425,0,18.881896,6.3256691,16.6875,31.253906,27,0.15625,5,-6.259375,16.6875,6.9492188
1,-5,-5,4,2.8041512,789.98691,372.47598,1,0.79371007,0.68488655,0,43.367371,8.7948474,37.421384,57.593054,52,0.23899371,5,107.01415,38.874214,297.6592
1,-5,-4,-3,-15.804924,707.82976,215.38323,1,0.65773107,0.73363686,1,0,0,0,0,0,0,0,0,0,0
1,-5,-4,-2,-13.104223,707.62551,235.86349,1,0.66522387,0.7393802,1,0,0,0,0,0,0,0,0,0,0
1,-5,-4,-1,-10.246819,709.18539,255.55262,1,0.67408698,0.74285967,1,0,0,0,0,0,0,0,0,0,0
1,-5,-4,0,-7.2558036,712.48006,274.61953,1,0.68434054,0.74402508,1,-1.4199128,1.6948336,-1.54375,3.3953516,2,0.05625,2,0,0,0
1,-5,-4,1,-4.1540749,717.48498,293.2154,1,0.69594713,0.74285967,0,21.553376,6.0072599,23.00625,41.116289,36,0.20625,5,-105.51094,24.94375,446.97148
1,-5,-4,2,-0.96354396,724.1822,311.48072,1,0.70881669,0.7393802,0,3.1755723,3.9239563,3.3125,16.753906,13,0.15625,5,-2.96875,4.025,4.9828125
1,-5,-4,3,2.2955528,732.56336,329.55149,1,0.72281231,0.73363686,0,192.78987,14.375759,195.67702,212.89858,208,0.19254658,5,442.67702,195.67702,1013.9658
1,-5,-4,4,5.6051807,742.63359,347.56474,1,0.73775647,0.72571334,0,40.789301,7.4636237,40.123457,53.901844,50,0.15432099,5,238.67284,42.469136,1344.4691
1,-5,-4,5,8.9498537,754.41626,365.66398,1,0.75343728,0.7157268,0,103.68331,10.998399,98.493827,109.15893,106,0.11728395,5,878.42593,98.493827,7846.5448
1,-5,-4,6,12.316809,767.95868,384.00489,1,0.76961402,0.70382789,0,15.275229,5.9396971,13.969512,29.506358,25,0.16463415,5,172.92378,14.012195,2137.1349
1,-5,-4,7,15.69603,783.33897,402.76174,1,0.78602188,0.69020069,0,34.734342,7.6465803,30.5,45.083333,41,0.16666667,5,513.29167,32.722222,8052.9063
1,-5,-3,-4,-15.397751,656.0935,168.31665,1,0.5638418,0.76028104,1,0,0,0,0,0,0,0,0,0,0
1,-5,-3,-3,-12.609494,656.15064,190.37971,1,0.57309534,0.76878464,1,0,0,0,0,0,0,0,0,0,0
1,-5,-3,-2,-9.6556605,657.96647,211.34855,1,0.58402132,0.77494233,1,0,0,0,0,0,0,0,0,0,0
1,-5,-3,-1,-6.5669186,661.50284,231.41641,1,0.59666812,0.77867041,1,57.848301,7.043392,75.493827,84.490017,82,0.10493827,3,-496.74074,76.17284,3244.088
1,-5,-3,0,-3.373037,666.71759,250.74828,1,0.61101106,0.77991869,0,82.047281,8.5517561,104.7284,119.15468,115,0.16049383,5,-347.25,104.7284,1157.7492
1,-5,-3,1,-0.10172196,673.56785,269.49011,1,0.62696044,0.77867041,0,54.721598,7.1640363,67.962963,79.166715,76,0.12962963,5,-10.447531,67.962963,12.334105
1,-5,-3,2,3.222285,682.01424,287.77618,1,0.64437101,0.77494233,0,39.912401,6.7695836,48,66.28125,61,0.2,5,152.70312,48,492.4375
1,-5,-3,3,6.5777888,692.02573,305.73517,1,0.66305197,0.76878464,0,75.159455,8.7889877,87.144654,103.84653,99,0.18238994,5,575.96698,87.779874,3784.9957
1,-5,-3,4,9.9474029,703.58475,323.4953,1,0.68277651,0.76028104,0,72.809226,9.0571456,81.074074,101.71239,96,0.24074074,5,835.31173,83.962963,8315.4205
1,-5,-3,5,13.317537,716.69234,341.18906,1,0.70329029,0.74954868,0,73.742252,9.386925,78.592593,100.08688,94,0.24074074,5,1071.7685,80.753086,14228.992
1,-5,-3,6,16.678185,731.37363,358.95791,1,0.72431834,0.7367382,0,39.947926,7.5781392,40.632911,59.414517,54,0.20886076,5,689.53481,41.278481,11519.637
1,-5,-3,7,20.022584,747.68365,376.95739,1,0.74557026,0.7220337,0,127.61459,12.202702,123.58599,139.65285,135,0.17834395,5,2480.2086,123.58599,49782.985
1,-5,-3,8,23.346822,765.71428,395.36317,1,0.76674372,0.70565278,0,173.85179,14.555401,160,179.44444,174,0.22222222,5,3815.4444,163.88889,88839.16
1,-5,-3,9,26.649438,785.60282,414.37881,1,0.78752633,0.68784647,0,-5.138159,4.1078856,-4.4878049,12.87329,8,0.19512195,5,46.256098,1.7073171,1253.436
1,-5,-2,-6,-15.312606,604.34939,87.493091,1,0.45025347,0.76175281,1,0,0,0,0,0,0,0,0,0,0
1,-5,-2,-5,-12.672847,603.79476,114.20031,1,0.46046865,0.77521441,1,0,0,0,0,0,0,0,0,0,0
1,-5,-2,-4,-9.8234194,604.99146,139.06065,1,0.47239569,0.7864795,1,0,0,0,0,0,0,0,0,0,0
1,-5,-2,-3,-6.8063793,607.92047,162.38779,1,0.48621845,0.79539745,1,23.236755,4.0358975,38.012658,43.589889,42,0.063291139,3,-252.07911,38.012658,1675.4707
1,-5,-2,-2,-3.6625892,612.54021,184.43078,1,0.50201374,0.8018511,0,202.29791,11.727735,323.12422,350.90093,343,0.31055901,5,-1194.4193,325.68944,4393.9208
1,-5,-2,-1,-0.42985389,618.79257,205.39316,1,0.51976271,0.80575676,0,43.718134,6.2281615,67.773585,93.221787,86,0.28930818,5,-23.962264,69.735849,13.820755
1,-5,-2,0,2.8585217,626.61041,225.44717,1,0.5393656,0.80706423,0,201.37017,11.964513,301.31447,320.50864,315,0.21383648,5,868.6934,304.93711,2489.1561
1,-5,-2,1,6.1745953,635.92527,244.74438,1,0.56065784,0.80575676,0,31.567112,5.713794,45.367089,67.431261,61,0.24050633,5,286.63766,46.360759,1773.6222
1,-5,-2,2,9.4960681,646.67472,263.42358,1,0.5834258,0.8018511,0,224.64834,13.133877,308.75309,325.83829,321,0.19135802,5,2919.7685,308.75309,27643.204
1,-5,-2,3,12.806089,658.80885,281.61678,1,0.60742094,0.79539745,0,39.345801,6.3445552,51.522013,69.022586,64,0.19496855,5,654.78931,51.522013,8325.7956
1,-5,-2,4,16.09274,672.29575,299.45404,1,0.63237129,0.7864795,0,187.16232,12.920555,232.77358,258.22179,251,0.28930818,5,3748.3821,232.77358,60377.133
1,-5,-2,5,19.348347,687.12611,317.06752,1,0.65799018,0.77521441,0,61.794655,8.297192,72.803681,95.558019,89,0.24539877,5,1441.2991,74.447853,27907.984
1,-5,-2,6,22.568757,703.31754,334.5954,1,0.68398232,0.76175281,0,23.146018,5.9656352,25.777778,44.141975,39,0.20987654,5,598.69444,26.444444,13556.569
1,-5,-2,7,25.752646,720.91884,352.18609,1,0.71004751,0.74627882,0,23.962462,6.1523957,25.185185,41.813443,37,0.17901235,5,711.71296,27.444444,18462.771
1,-5,-2,8,28.900915,740.01514,370.00312,1,0.73588237,0.72901,0,56.429431,8.4604414,55.902439,70.248364,66,0.14634146,5,1622.4482,56.268293,46786.748
1,-5,-2,9,32.016203,760.73445,388.2314,1,0.76118059,0.71019743,0,29.321984,7.1893173,27.358025,44.994361,40,0.19753086,5,888.2037,27.728395,28453.326
1,-5,-2,10,35.102498,783.25669,407.08541,1,0.7856319,0.69012562,0,134.61098,13.28782,118.24684,136.24656,131,0.19620253,5,4254.9225,121.18354,149404.28
1,-5,-1,-7,-8.101581,541.05778,14.525051,1,0.32651641,0.76142878,1,0,0,0,0,0,0,0,0,0,0
1,-5,-1,-6,-5.6107414,544.19969,47.290372,1,0.34219372,0.77736448,0,257.18863,10.813056,584.25767,603.39576,598,0.21472393,5,-3261.4632,584.25767,18266.035
1,-5,-1,-5,-2.8990575,548.73449,77.190371,1,0.35941214,0.79121675,0,16.189444,3.0312051,35.639752,44.528298,42,0.099378882,5,-104.40683,35.639752,311.52562
1,-5,-1,-4,-0.026589621,554.71688,104.74004,1,0.3784479,0.80280148,0,114.99472,7.5920291,243.93827,259.37007,255,0.17283951,5,-1.2253086,244.30864,18.911265
1,-5,-1,-3,2.9541395,562.13707,130.32882,1,0.39941832,0.81196804,0,223.22926,10.738639,453.79747,476.56305,470,0.25316456,5,1351.1456,453.79747,4057.5649
1,-5,-1,-2,5.9993262,570.94442,154.2614,1,0.42231261,0.81859926,0,597.81645,17.871305,1158.7911,1200.0163,1188,0.44936709,6,6974.144,1158.7911,42073.244
1,-5,-1,-1,9.0742316,581.06711,176.78532,1,0.4470224,0.82261147,0,145.165,9.2690556,267.13291,290.93899,284,0.25949367,5,2438.182,268.53797,22153.543
1,-5,-1,0,12.152727,592.42768,198.10961,1,0.47336949,0.82395446,0,359.38038,14.627984,625.54321,648.29828,642,0.2654321,5,7621.1142,625.98765,92819.272
1,-5,-1,1,15.216284,604.95457,218.41742,1,0.50112908,0.82261147,0,129.253,9.3210744,212.17089,234.11124,228,0.25949367,5,3240.0997,212.8038,49344.076
1,-5,-1,2,18.252697,618.59011,237.87468,1,0.53004773,0.81859926,0,566.49469,19.426595,874.8875,900.1318,893,0.2875,5,15970.122,874.8875,291562.16
1,-5,-1,3,21.254779,633.29584,256.63625,1,0.55985622,0.81196804,0,241.14917,13.351226,349.74233,374.94463,368,0.29447853,5,7433.6104,350.30675,157760.33
1,-5,-1,4,24.219177,649.05592,274.85059,1,0.59027802,0.80280148,0,136.336,10.588587,185.42236,207.38586,201,0.23602484,5,4493.132,185.42236,108887.23
1,-5,-1,5,27.145382,665.87967,292.66367,1,0.62103441,0.79121675,0,8.3458848,4.2569745,10.632911,29.414517,24,0.20886076,5,389.8481,14.303797,10628.47
1,-5,-1,6,30.034941,683.80375,310.22278,1,0.65184701,0.77736448,0,261.45509,15.239198,311.8,330.28,325,0.20625,5,9374.15,311.8,281863.09
1,-5,-1,7,32.890866,702.89494,327.68042,1,0.68243848,0.76142878,0,102.12859,10.030126,113.94969,125.24038,122,0.12578616,5,3739.7484,113.94969,122745.29
1,-5,-1,8,35.717201,723.25379,345.1989,1,0.71253198,0.74362724,0,70.159081,9.0711743,73.220859,89.624939,85,0.18404908,5,2613.8604,73.220859,93319.26
1,-5,-1,9,38.51873,745.02003,362.95593,1,0.74184976,0.7242109,1,104.03459,10.772374,101.56098,110.59131,108,0.097560976,3,3909.9085,101.56098,150532.34
1,-5,-1,10,41.300776,768.38039,381.15184,1,0.77011099,0.7034643,1,0,0,0,0,0,0,0,0,0,0
1,-5,0,-5,15.116082,487.75334,30.543392,1,0.25006066,0.79665135,0,211.27916,8.3014296,673.1,699.44188,692,0.3,5,10185.412,673.1,154241.63
1,-5,0,-4,16.797172,503.22796,63.311847,1,0.2827042,0.80834262,0,498.12642,13.306584,1424.3043,1447.6368,1441,0.26086957,5,23985.585,1424.3043,404123.02
1,-5,0,-3,18.697303,518.50894,92.940858,1,0.31563713,0.81759205,0,61.244664,5.0774056,158.64151,172.97401,169,0.16981132,5,3006.8302,160.32704,56407.895
1,-5,0,-2,20.744586,533.88837,120.02918,1,0.34911324,0.82428247,0,165.88317,8.5507132,391.66258,407.59061,403,0.17177914,5,8148.6825,392.09202,169387.25
1,-5,0,-1,22.891177,549.53459,145.02745,1,0.38320856,0.82833019,0,303.30997,12.024634,655.6242,675.5855,670,0.23566879,5,15018.674,655.6242,344094.26
1,-5,0,0,25.104632,565.55231,168.29113,1,0.41789169,0.82968502,0,-4.0484075,1.7061012,-8.0377358,11.473834,6,0.22641509,5,36.366352,1.4402516,918.25039
1,-5,0,1,27.362833,582.01524,190.11167,1,0.45306459,0.82833019,0,300.75491,13.166077,549.86503,579.42806,571,0.32515337,5,15024.518,549.86503,410562.78
1,-5,0,2,29.650795,598.98467,210.73602,1,0.48858724,0.82428247,0,161.2856,10.123274,272.10063,291.68213,286,0.21383648,5,8065.7893,272.10063,239111.58
1,-5,0,3,31.958549,616.52064,230.37983,1,0.52429282,0.81759205,0,56.824057,6.6416973,88.6125,107.27133,102,0.2125,5,2841.9953,88.94375,90823.284
1,-5,0,4,34.279703,634.68913,249.23687,1,0.55999692,0.80834262,0,474.23452,18.554428,684.54658,717.3231,708,0.36645963,5,23528.478,687.31677,805465.62
1,-5,0,5,36.610455,653.56727,267.48633,1,0.5955031,0.79665135,0,238.62008,13.914961,319.22086,346.52335,339,0.3190184,5,11746.77,320.88344,430043.19
1,-5,0,6,38.948898,673.2478,285.29892,1,0.63060595,0.78266886,1,-1.213542,2.4124865,-1.5061728,8.9654016,6,0.11728395,3,0,0,0
1,-5,0,7,41.294547,693.8435,302.84249,1,0.66509256,0.76657926,1,0,0,0,0,0,0,0,0,0,0
1,-5,0,8,43.647997,715.49237,320.28765,1,0.69874281,0.74860013,1,0,0,0,0,0,0,0,0,0,0
1,-5,0,9,46.010702,738.36418,337.81388,1,0.7313289,0.72898254,1,0,0,0,0,0,0,0,0,0,0
1,-5,0,10,48.384826,762.6691,355.6168,1,0.76261418,0.70801101,1,0,0,0,0,0,0,0,0,0,0
1,-5,1,-4,45.198758,446.95673,11.313728,1,0.18400307,0.80280148,1,0,0,0,0,0,0,0,0,0,0
1,-5,1,-3,42.537432,478.06489,48.883591,1,0.23934639,0.81196804,1,0,0,0,0,0,0,0,0,0,0
1,-5,1,-2,41.449162,503.83516,81.170408,1,0.28847363,0.81859926,1,0,0,0,0,0,0,0,0,0,0
1,-5,1,-1,41.23588,526.88604,109.82311,1,0.33438826,0.82261147,1,0,0,0,0,0,0,0,0,0,0
1,-5,1,0,41.578338,548.4365,135.75807,1,0.3783947,0.82395446,1,0,0,0,0,0,0,0,0,0,0
1,-5,1,1,42.302125,569.16735,159.57587,1,0.42113136,0.82261147,1,0,0,0,0,0,0,0,0,0,0
1,-5,1,2,43.301516,589.50854,181.71051,1,0.46291388,0.81859926,1,0,0,0,0,0,0,0,0,0,0
1,-5,1,3,44.507962,609.76073,202.49765,1,0.50387998,0.81196804,1,0,0,0,0,0,0,0,0,0,0
1,-5,1,4,45.874942,630.15523,222.2109,1,0.54406027,0.80280148,1,0,0,0,0,0,0,0,0,0,0
1,-5,1,5,47.369882,650.88732,241.08371,1,0.58341629,0.79121675,1,0,0,0,0,0,0,0,0,0,0
1,-5,1,6,48.969496,672.13673,259.32377,1,0.62186232,0.77736448,1,0,0,0,0,0,0,0,0,0,0
1,-4,-6,0,-16.622887,777.91968,366.18339,1,0.78050485,0.69501099,1,0,0,0,0,0,0,0,0,0,0
1,-4,-6,1,-13.583711,779.30161,384.82338,1,0.78230525,0.69396933,1,0,0,0,0,0,0,0,0,0,0
1,-4,-6,2,-10.399905,782.53146,403.54924,1,0.78509776,0.69086107,1,0,0,0,0,0,0,0,0,0,0
1,-4,-6,3,-7.0891252,787.62866,422.51789,1,0.78880818,0.68573644,1,15.306287,5.4728154,13.30625,22.635664,20,0.10625,2,-96.145313,14.24375,648.98086
1,-4,-5,0,-16.380883,719.70452,341.88829,1,0.70743711,0.74674391,1,0,0,0,0,0,0,0,0,0,0
1,-4,-5,1,-13.04693,722.05815,359.85721,1,0.71210961,0.74557202,1,0,0,0,0,0,0,0,0,0,0
1,-4,-5,2,-9.580778,726.19137,377.7904,1,0.71820409,0.7420731,1,0,0,0,0,0,0,0,0,0,0
1,-4,-5,3,-6.0063615,732.10466,395.81881,1,0.72561553,0.73629735,1,24.501808,6.2789269,24.8625,40.594219,36,0.16875,4,-161.30938,26.6375,978.42734
1,-4,-5,4,-2.3466524,739.80836,414.08094,1,0.73419007,0.72832846,0,19.033951,6.1629233,18.881988,37.37757,32,0.19875776,5,-45.236025,20.571429,100.57453
1,-4,-5,5,1.3771671,749.32704,432.7287,1,0.74372999,0.71828358,0,15.5314,5.1482912,15,24.722222,22,0.11111111,5,19.055556,15,27.243056
1,-4,-5,6,5.14635,760.70523,451.93413,1,0.75399889,0.70631337,0,29.407611,7.2781949,27.547771,46.483711,41,0.21019108,5,163.40287,31.254777,856.38973
1,-4,-5,7,8.9450283,774.01462,471.89749,1,0.76472671,0.69260191,0,20.118307,5.8115052,18.220859,27.703338,25,0.10429448,5,175.31442,19.613497,1569.9988
1,-4,-5,8,12.76046,789.36323,492.85749,1,0.77561394,0.67736679,0,64.035977,9.8620591,55.924528,74.180847,69,0.20754717,5,710.0566,55.924528,9017.9764
1,-4,-4,0,-14.799372,668.29053,318.38064,1,0.62975172,0.79359259,1,0,0,0,0,0,0,0,0,0,0
1,-4,-4,1,-11.128497,671.99403,336.0688,1,0.63795913,0.79231416,1,0,0,0,0,0,0,0,0,0,0
1,-4,-4,2,-7.3538766,677.46275,353.6113,1,0.6480022,0.7884956,1,-0.071909333,2.5714859,-0.0875,9.7907031,7,0.1125,2,-0.421875,0.0625,2.8476562
1,-4,-4,3,-3.5064467,684.67007,371.12126,1,0.65972099,0.78218711,0,113.21195,10.452375,134.22785,153.57859,148,0.21518987,5,-483.97152,139.3038,1691.3078
1,-4,-4,4,0.38595145,693.59512,388.71734,1,0.67290363,0.7734724,0,45.507345,7.4840997,52.308642,74.005335,68,0.25308642,5,16.108025,53.197531,7.2939815
1,-4,-4,5,4.2994391,704.22849,406.52871,1,0.68729547,0.76246861,0,91.314353,9.7184546,101.30189,116.23888,112,0.16981132,5,434.23113,101.30189,1869.105
1,-4,-4,6,8.214562,716.57856,424.70029,1,0.70260786,0.74932638,0,61.46834,8.5341591,65.555556,82.839506,78,0.19753086,5,565.01389,68.277778,4679.2118
1,-4,-4,7,12.116393,730.67853,443.39877,1,0.7185258,0.73422982,0,43.767352,7.4322533,44.723926,57.679343,54,0.14723926,5,546.09509,44.723926,6672.3535
1,-4,-4,8,15.994357,746.5943,462.8201,1,0.73471386,0.71739651,0,-0.52173127,3.6594728,-0.50943396,12.767889,9,0.1509434,5,35.966981,2.245283,576.60259
1,-4,-4,9,19.841884,764.43396,483.19913,1,0.75082027,0.6990775,0,7.1959058,4.7553254,6.7,19.60375,16,0.15,5,147.42813,7.4125,2935.5195
1,-4,-4,10,23.655967,784.3597,504.82285,1,0.76647905,0.67955733,0,20.979114,6.4950343,18.6,33.16,29,0.1625,5,503.9,21.2,11977.525
1,-4,-3,-1,-15.266834,618.38268,276.54451,1,0.54011117,0.83148269,1,0,0,0,0,0,0,0,0,0,0
1,-4,-3,0,-11.336047,622.14809,294.67265,1,0.55043057,0.83284399,1,0,0,0,0,0,0,0,0,0,0
1,-4,-3,1,-7.3166073,627.7408,312.43851,1,0.56311888,0.83148269,1,1.219044,2.594836,1.8,14.68,11,0.14375,2,-13.5,2,91.125
1,-4,-3,2,-3.2499322,635.09407,329.94276,1,0.57799116,0.82741552,0,20.917932,5.3895038,29.944785,59.525424,51,0.3190184,5,-104.69785,32.877301,334.63152
1,-4,-3,3,0.82849208,644.1403,347.28678,1,0.59479922,0.82069269,0,78.498053,8.36697,108.31013,133.27748,126,0.2721519,5,84.700949,108.31013,72.076345
1,-4,-3,4,4.8900796,654.81894,364.57713,1,0.61324749,0.81139789,0,29.433349,5.4272922,38.94375,51.565898,48,0.14375,5,196.93437,39.9125,975.26953
1,-4,-3,5,8.9133209,667.0841,381.92977,1,0.63300758,0.79964827,0,293.98263,15.783425,371.37423,397.54172,390,0.28220859,5,3288.3957,371.42331,29148.07
1,-4,-3,6,12.88336,680.91155,399.47401,1,0.65373019,0.78559448,0,92.580245,9.3944251,111.25466,127.4501,123,0.19254658,5,1434.8742,111.77019,18428.529
1,-4,-3,7,16.791207,696.30517,417.35706,1,0.67505406,0.76942062,0,64.439749,8.3590422,73.447853,90.774436,86,0.20245399,5,1232.9417,73.447853,20700.094
1,-4,-3,8,20.632793,713.30342,435.7495,1,0.69661172,0.75134426,0,70.40646,8.8624495,75.938272,91.370066,87,0.17283951,5,1585.75,76.703704,32788.535
1,-4,-3,9,24.408025,731.98647,454.85236,1,0.71803257,0.73161648,0,80.727438,10.025847,82.254658,104.35681,98,0.24223602,5,2034.7966,83.521739,49578.503
1,-4,-3,10,28.119936,752.48497,474.90692,1,0.73894354,0.71052179,0,21.995057,6.1291589,21.149068,34.732341,31,0.16149068,5,616.30124,21.801242,17422.648
1,-4,-3,11,31.773983,774.99203,496.20825,1,0.75896788,0.6883782,0,28.287168,6.8673502,25.65625,38.795898,35,0.14375,5,842.44531,26.46875,26815.623
1,-4,-2,-2,-13.679539,569.92028,231.95476,1,0.44445228,0.85672271,1,0,0,0,0,0,0,0,0,0,0
1,-4,-2,-1,-9.441188,574.40736,251.27021,1,0.45733278,0.86096746,1,0,0,0,0,0,0,0,0,0,0
1,-4,-2,0,-5.156572,580.83467,269.98817,1,0.47312506,0.86238795,0,72.24904,6.7605122,131.69182,151.84925,146,0.22012579,5,-684.0283,131.96226,3554.408
1,-4,-2,1,-0.87867032,589.07731,288.20559,1,0.49158261,0.86096746,0,122.1435,8.9374698,213.92453,245.02456,236,0.33962264,5,-181.65409,217.14465,161.00865
1,-4,-2,2,3.3515141,599.0061,306.01706,1,0.51238483,0.85672271,0,158.15449,10.322874,264.43902,297.91285,288,0.34146341,5,881.58994,267.59146,2923.7854
1,-4,-2,3,7.5050643,610.50065,323.51987,1,0.53516461,0.84970392,0,170.28888,10.810432,270.375,294.60938,288,0.29375,5,2031.3125,270.5,15277.219
1,-4,-2,4,11.563927,623.45978,340.81762,1,0.55953099,0.83999477,0,10.695036,4.1877796,16.055901,39.525057,33,0.27329193,5,189.96739,16.055901,2252.4693
1,-4,-2,5,15.519011,637.80893,358.02304,1,0.58508563,0.82771243,0,70.861547,7.6865987,100.24684,118.24656,113,0.19620253,5,1555.8592,100.24684,24161.31
1,-4,-2,6,19.368127,653.50531,375.26061,1,0.61143331,0.81300752,0,135.74983,10.723935,180.50314,203.32898,197,0.27044025,5,3490.1447,180.50314,67502.539
1,-4,-2,7,23.114102,670.54163,392.66968,1,0.63818745,0.79606415,0,106.1004,9.9525966,132.34783,154.12476,148,0.2484472,5,3174.2609,137.21739,73438.533
1,-4,-2,8,26.763228,688.94953,410.40835,1,0.66497187,0.77709991,0,130.54446,11.286359,152.55696,173.96219,168,0.25316456,5,4075.2152,152.55696,108869.25
1,-4,-2,9,30.324076,708.80364,428.65898,1,0.69142007,0.75636585,0,44.116922,7.34691,48.26087,64.593573,60,0.1863354,5,1487.1739,49.217391,44939.62
1,-4,-2,10,33.806636,730.22748,447.6357,1,0.71717258,0.73414651,0,141.77653,12.529019,145.13208,164.49484,159,0.22012579,5,4967.8255,147.11321,167767.03
1,-4,-2,11,37.221756,753.40211,467.59506,1,0.74187329,0.71075988,0,47.610221,8.1835392,45.613497,61.470774,57,0.17791411,5,1698.7101,45.613497,63267.526
1,-4,-2,12,40.580788,778.57941,488.85116,1,0.76516479,0.68655745,1,0,0,0,0,0,0,0,0,0,0
1,-4,-1,-4,-12.833611,515.66638,159.15224,1,0.32916681,0.8577558,1,0,0,0,0,0,0,0,0,0,0
1,-4,-1,-3,-8.3520859,519.90777,181.74777,1,0.34240137,0.86771356,1,0,0,0,0,0,0,0,0,0,0
1,-4,-1,-2,-3.8540039,526.37537,203.30286,1,0.35927634,0.87490993,0,35.265288,4.2421082,85.878049,106.71684,101,0.24390244,5,-329.7561,86.658537,1262.0381
1,-4,-1,-1,0.58397793,534.86472,223.93343,1,0.37952672,0.87926122,0,346.92424,12.473036,803.73006,835.01728,826,0.33742331,5,491.69325,804.20859,351.16488
1,-4,-1,0,4.9092658,545.15124,243.74331,1,0.40276823,0.88071723,0,414.23904,13.966418,905.8,932.68,925,0.3,5,4437.45,905.8,21800.612
1,-4,-1,1,9.0913145,557.0189,262.83421,1,0.42855351,0.87926122,0,342.40744,13.206626,702.51572,734.19169,725,0.34591195,5,6419.7123,703.23899,58644.783
1,-4,-1,2,13.117061,570.27958,281.31094,1,0.45641501,0.87490993,0,30.560951,4.8662849,58.582822,87.016561,79,0.3190184,5,840.1411,64.110429,11013.013
1,-4,-1,3,16.985824,584.78345,299.28373,1,0.48589243,0.86771356,0,28.067996,4.9423679,50.124224,77.90093,70,0.31055901,5,845.09317,50.124224,14258.45
1,-4,-1,4,20.704856,600.42278,316.86924,1,0.51654732,0.8577558,0,137.14823,9.5776549,227.74233,252.94463,246,0.29447853,5,4717.1963,227.74233,97715.412
1,-4,-1,5,24.285971,617.132,334.19139,1,0.5479684,0.84515382,0,97.438294,8.4788824,150.28302,171.01638,165,0.22641509,5,3642.783,150.55346,88149.432
1,-4,-1,6,27.743229,634.88635,351.38253,1,0.57977143,0.83005824,0,166.27141,11.270288,238.05063,260.35956,254,0.25316456,5,6597.7975,238.05063,182881.57
1,-4,-1,7,31.091469,653.70047,368.58553,1,0.61159588,0.81265317,0,84.750167,8.6661062,112.61111,132.59568,127,0.22839506,5,3511.5417,112.61111,109508.93
1,-4,-1,8,34.345456,673.62823,385.95701,1,0.64310035,0.7931562,0,65.686013,8.1916394,81.012658,102.07082,96,0.23417722,5,2846.0696,83.088608,97490.769
1,-4,-1,9,37.519428,694.76428,403.67192,1,0.67395726,0.77181838,0,0.33958053,3.8354779,0.38888889,19.29321,14,0.21604938,5,147.56944,3.9444444,5521.0799
1,-4,-1,10,40.626925,717.24801,421.93008,1,0.70384762,0.74892424,1,0,0,0,0,0,0,0,0,0,0
1,-4,-1,11,43.680764,741.27081,440.9652,1,0.73245566,0.72479179,1,0,0,0,0,0,0,0,0,0,0
1,-4,-1,12,46.693128,767.08764,461.0576,1,0.75946355,0.6997725,1,0,0,0,0,0,0,0,0,0,0
1,-4,0,-7,-7.5706604,438.73144,31.819174,1,0.17510217,0.81828333,1,4.0325293,1.1492595,18.84472,28.844335,26,0.11180124,2,-140.53416,20.819876,948.60559
1,-4,0,-6,-3.2115067,444.01211,63.82266,1,0.1887184,0.83584229,0,70.978525,4.1413132,314.36709,336.43126,330,0.24050633,5,-985.4019,314.36709,3155.4992
1,-4,0,-5,1.1203701,451.83755,93.531776,1,0.20655491,0.8510681,0,3.3738408,1.3125531,13.901235,29.247676,25,0.17901235,5,11.311728,14.259259,12.298611
1,-4,0,-4,5.3095317,461.91655,121.21999,1,0.22842916,0.86377663,0,301.61801,9.0267428,1140.5312,1165.0967,1158,0.26875,5,6079.8047,1140.5312,32581.299
1,-4,0,-3,9.2999098,473.86825,147.0944,1,0.25389121,0.87381725,0,12.114844,2.204459,41.695652,57.563867,53,0.17391304,5,397.84938,42.925466,3691.394
1,-4,0,-2,13.07741,487.32284,171.3393,1,0.28238599,0.88107282,0,137.93475,6.7824977,430.37037,447.83356,443,0.2037037,5,5641.8519,430.37037,74001.478
1,-4,0,-1,16.65181,501.97172,194.13323,1,0.31335372,0.88545963,0,47.64742,4.4624839,134.63975,159.0088,152,0.26708075,5,2246.514,134.63975,37493.427
1,-4,0,0,20.043757,517.58132,215.65261,1,0.34627632,0.88692748,0,271.75313,10.544325,696.04908,729.40404,720,0.37423313,5,14032.1,698.93865,281766.88
1,-4,0,1,23.27717,533.98841,236.07065,1,0.38069086,0.88545963,0,44.111421,4.8175845,102.6,125.56,119,0.24848485,5,2432.7,104.4,56691.525
1,-4,0,2,26.375459,551.08937,255.55582,1,0.41618722,0.88107282,0,122.98105,7.9712139,260.3522,284.77054,278,0.28930818,5,6858.3223,260.42138,180629.46
1,-4,0,3,29.359946,568.82909,274.27123,1,0.45239991,0.87381725,0,9.1711867,3.4055683,17.714286,43.268855,36,0.28571429,5,514.8354,17.714286,14964.998
1,-4,0,4,32.249426,587.19205,292.37528,1,0.48899876,0.86377663,0,297.14029,13.313999,524.87421,553.10095,545,0.31446541,5,16904.322,524.89937,544421.75
1,-4,0,5,35.060255,606.196,310.02324,1,0.52568034,0.8510681,0,-0.3909312,2.8594419,-0.63291139,21.431261,15,0.24050633,5,117.67247,3.3607595,4120.8841
1,-4,0,6,37.806643,625.88814,327.36974,1,0.56216056,0.83584229,1,68.970322,7.5376167,102.54777,125.60185,119,0.2611465,5,3943.7978,104.56688,148746.49
1,-4,0,7,40.501005,646.3436,344.57205,1,0.59816854,0.81828333,1,0,0,0,0,0,0,0,0,0,0
1,-4,0,8,43.154306,667.66609,361.79417,1,0.63344139,0.79860878,1,0,0,0,0,0,0,0,0,0,0
1,-4,0,9,45.776372,689.99059,379.21198,1,0.66771965,0.7770697,1,0,0,0,0,0,0,0,0,0,0
1,-4,0,10,48.376162,713.4886,397.01983,1,0.7007433,0.75395063,1,0,0,0,0,0,0,0,0,0,0
1,-4,1,-3,40.306271,432.09448,107.20584,1,0.17654921,0.86771356,1,0,0,0,0,0,0,0,0,0,0
1,-4,1,-2,39.358942,457.58567,136.09239,1,0.2238924,0.87490993,1,5.3934064,1.3183325,21.075949,26.539817,25,0.063291139,2,816.28165,21.075949,31615.178
1,-4,1,-1,39.44462,480.63712,162.08114,1,0.26871219,0.87926122,1,21.233174,2.7104601,69.477707,78.658769,76,0.10191083,2,2691.8917,69.477707,104296.67
1,-4,1,0,40.117347,502.38063,185.88744,1,0.31225846,0.88071723,1,0,0,0,0,0,0,0,0,0,0
1,-4,1,1,41.160699,523.39964,207.9791,1,0.35504733,0.87926122,1,0,0,0,0,0,0,0,0,0,0
1,-4,1,2,42.454596,544.0482,228.70178,1,0.39728144,0.87490993,1,0,0,0,0,0,0,0,0,0,0
1,-4,1,3,43.926639,564.57081,248.33099,1,0.43900652,0.86771356,1,0,0,0,0,0,0,0,0,0,0
1,-4,1,4,45.530712,585.15667,267.0987,1,0.480181,0.8577558,1,0,0,0,0,0,0,0,0,0,0
1,-4,1,5,47.236332,605.96789,285.20904,1,0.5207105,0.84515382,1,0,0,0,0,0,0,0,0,0,0
1,-3,-6,2,-16.063945,740.87031,444.60307,1,0.73131751,0.72476647,1,0,0,0,0,0,0,0,0,0,0
1,-3,-6,3,-12.322234,744.45612,463.50951,1,0.73191693,0.71920228,1,0,0,0,0,0,0,0,0,0,0
1,-3,-6,4,-8.448422,749.89292,482.97616,1,0.73363929,0.71152958,1,0,0,0,0,0,0,0,0,0,0
1,-3,-6,5,-4.4661324,757.22118,503.18808,1,0.73631763,0.70186552,0,10.490865,5.4309861,10,26.8,22,0.1875,5,-58.45,13.4,255.5375
1,-3,-6,6,-0.39782781,766.50017,524.3624,1,0.73973796,0.69036073,0,17.038551,5.9897774,15.901235,31.247676,27,0.17901235,5,-7.4753086,18.024691,4.095679
1,-3,-6,7,3.7360659,777.81523,546.76012,1,0.74364251,0.67719933,0,54.686109,8.6938507,49.8,62.68,59,0.14375,5,186.35,49.8,700.9125
1,-3,-6,8,7.9178671,791.28785,570.70186,1,0.74773276,0.6625989,0,15.707288,5.8655933,13.918919,27.016713,23,0.14189189,5,123.85811,15.540541,988.8902
1,-3,-5,2,-15.743636,685.30892,417.91966,1,0.65889727,0.78008246,1,0,0,0,0,0,0,0,0,0,0
1,-3,-5,3,-11.619984,689.77662,435.83767,1,0.66323723,0.77386715,1,0,0,0,0,0,0,0,0,0,0
1,-3,-5,4,-7.3923387,696.05896,454.12346,1,0.66917088,0.76528289,1,-0.22669885,1.8405765,-0.25925926,4.4307545,3,0.049382716,2,-4,0.59259259,27
1,-3,-5,5,-3.0925088,704.16183,472.92385,1,0.67648313,0.75444682,0,58.415812,8.2544587,65.148148,84.746255,79,0.20987654,5,-212.43519,69.222222,659.99306
1,-3,-5,6,1.2509359,714.10291,492.40953,1,0.68490994,0.74150958,0,49.791026,7.6945552,53.90566,69.39587,65,0.17610063,5,70.089623,53.90566,93.982311
1,-3,-5,7,5.6136537,725.91897,512.78339,1,0.69414556,0.72665527,0,49.204962,8.0216353,51.509434,70.515011,65,0.20754717,5,294.95283,52.27673,1666.8553
1,-3,-5,8,9.9761068,739.67468,534.29124,1,0.70384911,0.71010149,0,18.425283,5.0812269,18.588957,26.279609,24,0.085889571,5,184.28834,18.588957,1832.441
1,-3,-5,9,14.323766,755.47354,557.23613,1,0.71364978,0.69209929,0,18.541026,5.4393502,17.981132,27.826627,25,0.11320755,5,272.87893,19.100629,3900.6057
1,-3,-5,10,18.647025,773.47166,581.99828,1,0.7231503,0.67293319,0,44.603706,7.8439619,41.506329,53.279202,50,0.13924051,5,774.93671,41.506329,14472.35
1,-3,-4,2,-13.957084,636.15285,393.28158,1,0.58276014,0.82986275,1,0,0,0,0,0,0,0,0,0,0
1,-3,-4,3,-9.3944046,642.02575,410.62126,1,0.59158393,0.82311471,1,0,0,0,0,0,0,0,0,0,0
1,-3,-4,4,-4.7832949,649.72247,428.17122,1,0.60243501,0.81378462,0,126.68121,10.440448,171.12422,198.90093,191,0.31055901,5,-818.75621,171.12422,3927.7977
1,-3,-4,5,-0.16304867,659.2041,446.05285,1,0.61501563,0.80198963,0,118.3476,10.062589,154.32704,172.18077,167,0.19496855,5,-35.070755,156.8239,21.917846
1,-3,-4,6,4.4344,670.44183,464.40726,1,0.62898263,0.78788038,0,8.4622184,3.5393698,10.6,19.656,17,0.1,5,54.35,12.6,236.0875
1,-3,-4,7,8.9849472,683.4256,483.40135,1,0.64396,0.77164098,0,53.011227,7.5118457,63.522013,81.022586,76,0.19496855,5,578.8695,64.144654,5228.4304
1,-3,-4,8,13.472076,698.17297,503.23543,1,0.65954914,0.753489,0,89.580618,9.4230246,102.33962,115.88845,112,0.1509434,5,1409.2138,104.75472,18969.651
1,-3,-4,9,17.886139,714.73855,524.1531,1,0.67533606,0.73367551,0,30.444557,6.4918913,33.074534,49.740558,45,0.1863354,5,638.0854,35.857143,11358.62
1,-3,-4,10,22.223414,733.22479,546.45492,1,0.6908955,0.71248503,0,1.3333351,4.0675093,1.375,17.594781,13,0.1875,5,191.62813,8.6125,4263.7258
1,-3,-4,11,26.485105,753.79551,570.5177,1,0.70579208,0.69023557,0,23.895434,6.3264515,23.36875,38.279078,34,0.16875,5,696.64375,26.275,18472.142
1,-3,-4,12,30.676444,776.69433,596.82265,1,0.71957866,0.6672786,0,32.031825,6.9283214,29.703704,41.277549,38,0.12962963,5,913.49383,29.703704,28098.449
1,-3,-3,1,-15.088291,586.39127,352.39392,1,0.4949608,0.87572519,1,0,0,0,0,0,0,0,0,0,0
1,-3,-3,2,-10.077177,592.41008,369.52039,1,0.50659915,0.87139428,1,0,0,0,0,0,0,0,0,0,0
1,-3,-3,3,-5.0659418,600.35458,386.62061,1,0.52095322,0.8642319,0,251.86469,12.668714,417.82927,441.70077,435,0.26829268,5,-2110.2378,417.82927,10695.895
1,-3,-3,4,-0.10734337,610.11819,403.78571,1,0.53764999,0.85432172,0,20.554144,4.9330318,32.660377,61.442862,53,0.3081761,5,-7.6650943,32.660377,8.9091981
1,-3,-3,5,4.7597641,621.6009,421.1211,1,0.55626806,0.84178091,0,254.40433,13.40568,384.98113,411.53578,404,0.30188679,5,1821.3302,384.98113,8641.6368
1,-3,-3,6,9.5099059,634.72098,438.75041,1,0.57636004,0.82676009,0,-0.96393413,3.3336598,-1.382716,22.867246,16,0.27160494,5,28.518519,2.8641975,284.54938
1,-3,-3,7,14.12925,649.42448,456.81962,1,0.59746927,0.80944339,0,302.07708,15.327427,409.25,431.20156,425,0.25,5,5795.0094,409.25,82086.966
1,-3,-3,8,18.613344,665.69293,475.50221,1,0.61914044,0.79004837,0,49.669066,7.4634039,63.379747,90.699087,83,0.3164557,5,1212.0633,64.734177,22697.191
1,-3,-3,9,22.96483,683.55019,495.00612,1,0.64092501,0.7688261,0,48.682501,6.997097,58.397436,70.449448,67,0.14102564,5,1343.7212,58.74359,30745.03
1,-3,-3,10,27.191451,703.06972,515.58346,1,0.66238236,0.7460611,0,11.305903,4.4901599,12.734177,25.577311,22,0.15189873,5,400.47468,14.822785,10822.398
1,-3,-3,11,31.304458,724.38371,537.54447,1,0.68307794,0.72207138,0,57.516667,8.2730199,60.8,76.48,72,0.175,5,1896,60.8,59135.8
1,-3,-3,12,35.317442,747.69594,561.27764,1,0.70257893,0.69720842,0,33.439661,6.8977328,33.184049,46.854116,43,0.15337423,5,1276.1963,36.110429,45105.045
1,-3,-3,13,39.245553,773.30098,587.27945,1,0.72044813,0.67185717,1,1.7630838,2.3797336,1.6441718,4.9249878,4,0.036809816,2,69.694785,1.8220859,2665.8255
1,-3,-2,0,-14.238537,538.5816,310.86208,1,0.4021883,0.9085838,1,0,0,0,0,0,0,0,0,0,0
1,-3,-2,1,-8.6449788,545.43107,328.44794,1,0.41700782,0.90707539,1,0,0,0,0,0,0,0,0,0,0
1,-3,-2,2,-3.1588734,554.38411,345.7929,1,0.43527677,0.90256691,0,517.28876,16.03315,1072.6226,1105.2627,1096,0.37106918,5,-3459.6179,1073.3774,11216.482
1,-3,-2,3,2.1560786,565.22887,362.96587,1,0.4564713,0.89510857,0,564.53104,17.191662,1107.0062,1136.4758,1128,0.32298137,5,2424.6863,1107.0062,5370.545
1,-3,-2,4,7.2631994,577.76823,380.05009,1,0.48002989,0.88478404,0,80.20365,7.1157281,147.83019,172.01911,165,0.26415094,5,1080.4135,149.32704,7822.0311
1,-3,-2,5,12.147769,591.83708,397.14526,1,0.50539043,0.8717105,0,316.40419,13.910707,545.74214,575.69032,567,0.32704403,5,6642.1981,546.46541,80764.145
1,-3,-2,6,16.810948,607.31229,414.3691,1,0.53201237,0.85603857,0,109.88101,9.0092768,176.80488,210.14694,201,0.3902439,5,2961.872,176.80488,49625.666
1,-3,-2,7,21.264259,624.11727,431.85924,1,0.55938671,0.83795236,0,139.31223,10.282476,208.6875,237.25195,229,0.3125,5,4419.875,208.6875,93629.73
1,-3,-2,8,25.525277,642.22387,449.77621,1,0.58703775,0.81766945,0,154.04194,10.997258,214.56098,234.63474,229,0.22560976,5,5530.128,216.46341,141300.87
1,-3,-2,9,29.614603,661.65359,468.30831,1,0.61451976,0.79544091,0,332.95585,16.519511,430.9816,457.23399,450,0.30674847,5,12766.009,431.16564,378010.48
1,-3,-2,10,33.553922,682.47999,487.67885,1,0.64141101,0.77155126,0,259.05173,15.108003,311.6125,330.27133,325,0.2125,5,10459.8,311.6125,351130.63
1,-3,-2,11,37.364862,704.83346,508.15694,1,0.66730648,0.7463185,0,20.417877,5.7541894,22.835443,41.415799,36,0.20253165,5,887.56804,23.71519,33221.337
1,-3,-2,12,41.068415,728.9101,530.07299,1,0.69181006,0.72009411,1,0,0,0,0,0,0,0,0,0,0
1,-3,-2,13,44.684739,754.98637,553.84148,1,0.71452629,0.69326306,1,0,0,0,0,0,0,0,0,0,0
1,-3,-2,14,48.233201,783.44244,579.9945,1,0.73505176,0.66624375,1,0,0,0,0,0,0,0,0,0,0
1,-3,-1,-2,-16.129376,484.85917,247.1066,1,0.29193443,0.92187339,1,0,0,0,0,0,0,0,0,0,0
1,-3,-1,-1,-9.6327121,491.00887,266.45256,1,0.30629629,0.92648842,1,0,0,0,0,0,0,0,0,0,0
1,-3,-1,0,-3.389162,499.85489,285.28575,1,0.32554791,0.92803234,0,44.806125,4.4646735,127.72785,161.98538,152,0.37341772,5,-424.08703,127.72785,1420.4355
1,-3,-1,1,2.4989104,510.98056,303.6339,1,0.34892873,0.92648842,0,399.84037,12.483299,1061.6709,1098.665,1088,0.41139241,5,2663.3797,1061.6709,6761.1329
1,-3,-1,2,7.9937323,523.99003,321.54577,1,0.375624,0.92187339,0,303.97095,11.40553,746.01923,783.55017,773,0.44230769,5,5970.867,746.01923,47845.883
1,-3,-1,3,13.101579,538.5513,339.09311,1,0.40485482,0.91423747,0,117.65805,7.6959955,265.69375,302.02926,292,0.43125,5,3496.5203,266.79375,45842.603
1,-3,-1,4,17.853228,554.41148,356.36844,1,0.4359197,0.90366433,0,125.00991,8.2081415,259.14634,289.52826,281,0.34146341,5,4604.8598,259.14634,81844.526
1,-3,-1,5,22.289971,571.39554,373.48204,1,0.46820375,0.89027115,0,30.731518,4.8673364,58.434783,85.655955,78,0.31055901,5,1437.4565,64.608696,31982.364
1,-3,-1,6,26.455257,589.398,390.55997,1,0.50117109,0.87420855,0,149.45084,9.6776096,260.69182,284.96681,278,0.27044025,5,6892.2893,260.69182,182249.32
1,-3,-1,7,30.390385,608.37366,407.74389,1,0.5343509,0.85566064,0,2.7966259,3.6638712,4.4782609,34.42155,26,0.34161491,5,269.06522,8.9565217,8084.538
1,-3,-1,8,34.132712,628.33019,425.19282,1,0.56732255,0.83484501,0,301.13543,14.790122,443.13665,473.69102,465,0.34161491,5,15130.725,443.13665,516664.7
1,-3,-1,9,37.715213,649.32371,443.08698,1,0.59970185,0.8120127,0,29.711933,5.7709595,40.230769,61.059172,55,0.23076923,5,1597.1859,42.384615,60189.559
1,-3,-1,10,41.166723,671.4579,461.63406,1,0.63112925,0.78744825,1,0,0,0,0,0,0,0,0,0,0
1,-3,-1,11,44.512465,694.88692,481.07824,1,0.66125966,0.76146967,1,0,0,0,0,0,0,0,0,0,0
1,-3,-1,12,47.77467,719.82279,501.71332,1,0.68975355,0.73442843,1,0,0,0,0,0,0,0,0,0,0
1,-3,0,-4,-11.482878,423.98877,171.25529,1,0.17164832,0.91005825,1,0,0,0,0,0,0,0,0,0,0
1,-3,0,-3,-3.5091468,430.73204,194.27203,1,0.18620254,0.92071425,0,293.99349,7.7852576,1453.7073,1481.9191,1474,0.31707317,5,-5064.5732,1453.7073,17854.064
1,-3,0,-2,3.5826116,441.38633,216.49256,1,0.20792187,0.92840937,0,216.7408,7.0574503,967.7875,993.05734,986,0.29375,5,3501.5094,967.7875,12765.355
1,-3,0,-1,9.7566813,454.8916,237.81883,1,0.23518264,0.93305991,0,123.4601,5.7693397,489.81366,523.9149,514,0.36645963,5,4787.413,489.81366,46825.849
1,-3,0,0,15.1341,470.36598,258.2341,1,0.26647686,0.93461567,0,-2.2078917,1.6208681,-7.74375,32.317852,21,0.45625,5,46.66875,3.275,665.02969
1,-3,0,1,19.873777,487.18906,277.79274,1,0.30060291,0.93305991,0,132.02482,6.8393966,409.8,450.68,439,0.45625,5,8215.1,414,163032.88
1,-3,0,2,24.11948,504.9644,296.59475,1,0.33665111,0.92840937,0,204.50322,8.8927168,563.97468,601.43382,591,0.44303797,5,13654.598,565.92405,329490.11
1,-3,0,3,27.986222,523.45755,314.7651,1,0.37393192,0.92071425,0,282.90678,10.977696,696.5875,730.61242,721,0.3875,5,19473.213,696.5875,544434.02
1,-3,0,4,31.561956,542.54476,332.44146,1,0.41190785,0.91005825,0,944.94216,20.87492,2087.7301,2127.0999,2116,0.44171779,5,65930.178,2087.7301,2082215.1
1,-3,0,5,34.913148,562.17808,349.76839,1,0.4501429,0.89655852,0,114.19605,8.1250407,227.44654,261.88315,252,0.3836478,5,8050.5959,230.89937,280707.45
1,-3,0,6,38.090249,582.36349,366.89578,1,0.48826784,0.8803657,1,367.79387,14.534444,663.1465,686.76287,680,0.26751592,4,25272.116,663.35669,962844.03
1,-3,0,7,41.132041,603.14826,383.97994,1,0.52595666,0.86166389,1,0,0,0,0,0,0,0,0,0,0
1,-3,0,8,44.068869,624.61446,401.18665,1,0.56291051,0.84067067,1,0,0,0,0,0,0,0,0,0,0
1,-3,0,9,46.924977,646.87711,418.6958,1,0.5988463,0.81763711,1,0,0,0,0,0,0,0,0,0,0
1,-3,1,-1,40.75581,434.96181,207.86312,1,0.19535186,0.92648842,1,0,0,0,0,0,0,0,0,0,0
1,-3,1,0,41.38667,457.88036,230.33549,1,0.23967429,0.92803234,1,0,0,0,0,0,0,0,0,0,0
1,-3,1,1,42.492999,479.95374,251.32342,1,0.28342719,0.92648842,1,0,0,0,0,0,0,0,0,0,0
1,-3,1,2,43.883511,501.53629,271.13391,1,0.32678816,0.92187339,1,0,0,0,0,0,0,0,0,0,0
1,-3,1,3,45.458319,522.86063,290.01495,1,0.36975928,0.91423747,1,0,0,0,0,0,0,0,0,0,0
1,-3,1,4,47.160469,544.10441,308.17958,1,0.41225948,0.90366433,1,0,0,0,0,0,0,0,0,0,0
1,-3,1,5,48.955572,565.42001,325.81929,1,0.454163,0.89027115,1,0,0,0,0,0,0,0,0,0,0
1,-2,-7,3,-16.478931,770.32857,538.54224,1,0.73862731,0.68457205,1,0,0,0,0,0,0,0,0,0,0
1,-2,-7,4,-12.48993,773.60889,560.53017,1,0.73308831,0.67753709,1,0,0,0,0,0,0,0,0,0,0
1,-2,-7,5,-8.3419727,778.83121,583.80538,1,0.72822732,0.66869299,1,0,0,0,0,0,0,0,0,0,0
1,-2,-7,6,-4.0569423,786.07867,608.68509,1,0.72384992,0.65819038,0,130.86416,12.753712,118.99363,134.48667,130,0.17197452,5,-483.61783,119.43949,1968.0414
1,-2,-6,4,-13.022836,711.10375,524.71225,1,0.67022315,0.73669042,1,0,0,0,0,0,0,0,0,0,0
1,-2,-6,5,-8.4863231,716.62343,545.66765,1,0.66964507,0.72646121,1,0,0,0,0,0,0,0,0,0,0
1,-2,-6,6,-3.8433875,724.04601,567.77559,1,0.6700841,0.7142657,0,12.372881,4.8757248,13.188679,27.010917,23,0.1509434,5,-55.418239,14.050314,220.39701
1,-2,-6,7,0.87591565,733.43024,591.3191,1,0.67126402,0.70028799,0,21.762732,5.6120506,22.703704,34.277549,31,0.12962963,5,18.021605,23.469136,17.158179
1,-2,-6,8,5.6450812,744.8605,616.65108,1,0.67285766,0.68474565,0,23.483824,5.8367029,23.898734,35.281525,32,0.12658228,5,156.37975,27.544304,889.86076
1,-2,-6,9,10.442214,758.45868,644.21967,1,0.67448995,0.66788976,0,9.0510689,4.056185,8.9625,16.132219,14,0.08125,5,93.559375,8.9625,980.44766
1,-2,-6,10,15.250739,774.40055,674.60475,1,0.6757397,0.65000482,0,82.02633,10.171066,78.902439,95.720999,91,0.18902439,5,1245.9573,81.634146,19021.322
1,-2,-6,11,20.059807,792.93869,708.57236,1,0.67613885,0.63140886,0,0.10362983,3.205751,0.096774194,8.9620864,6,0.096774194,5,71.356855,3.5241935,1444.817
1,-2,-5,4,-12.324475,657.09712,494.5551,1,0.60082355,0.79337513,1,0,0,0,0,0,0,0,0,0,0
1,-2,-5,5,-7.3225857,663.56198,513.94747,1,0.60507611,0.78197392,1,0.69052557,2.6949504,0.89240506,12.130147,9,0.13291139,2,-21.189873,3.1392405,143.03165
1,-2,-5,6,-2.2701626,671.90277,534.17591,1,0.61084277,0.76834595,0,6.7748685,3.9515579,8.5217391,24.705374,20,0.17391304,5,-27.619565,12.850932,62.123059
1,-2,-5,7,2.7939104,682.12691,555.45657,1,0.6177832,0.75267533,0,6.8532872,3.9407025,8.3496933,23.051037,19,0.17177914,5,32.880368,12.294479,89.618098
1,-2,-5,8,7.8382181,694.26036,578.0562,1,0.6255106,0.73517965,0,30.387443,6.0301417,35.71519,50.231093,46,0.15822785,5,292.58703,37.829114,2266.9308
1,-2,-5,9,12.839467,708.35858,602.30848,1,0.63360009,0.71610995,0,14.927278,4.8107545,16.871166,29.563466,26,0.14723926,5,268.88344,21.055215,3435.7638
1,-2,-5,10,17.782454,724.5198,628.63695,1,0.64159465,0.69575078,0,0.97979671,2.393438,1.0625,6.7364375,5,0.0625,5,69.389062,3.81875,1261.773
1,-2,-5,11,22.659564,742.90165,657.58819,1,0.649008,0.67442013,0,8.0152732,4.0494124,8.3291139,17.706999,15,0.10759494,5,247.99367,10.860759,5663.0459
1,-2,-5,12,27.470042,763.74371,689.88134,1,0.65532371,0.65246948,0,79.064106,9.5561277,78.719745,90.525833,87,0.12738854,5,2168.1576,78.961783,59542.445
1,-2,-5,13,32.219245,787.40006,726.48472,1,0.65999026,0.63028379,0,-0.65039249,2.5370046,-0.62111801,5.870022,4,0.074534161,5,14.822981,0.45962733,478.50078
1,-2,-4,3,-15.435603,603.42565,449.94171,1,0.52098594,0.85404493,1,0,0,0,0,0,0,0,0,0,0
1,-2,-4,4,-9.9204949,609.58435,467.82853,1,0.5286019,0.84427528,1,0,0,0,0,0,0,0,0,0,0
1,-2,-4,5,-4.3989702,617.68623,486.16551,1,0.53853939,0.83191515,0,149.13454,10.398404,230.37736,258.02183,250,0.30188679,5,-1022.3553,233.0566,4504.0063
1,-2,-4,6,1.0729252,627.66714,505.09612,1,0.55039911,0.81711517,0,33.799538,5.5061051,50.178344,66.819019,62,0.18471338,5,53.44586,50.178344,65.846338
1,-2,-4,7,6.4530523,639.47199,524.79554,1,0.56373333,0.80005945,0,204.70577,12.389804,290.52174,309.19039,304,0.2173913,5,1857.2981,290.52174,11914.714
1,-2,-4,8,11.713227,653.06669,545.47891,1,0.57806383,0.78096557,0,153.64321,11.131242,207.57233,226.1515,221,0.22012579,5,2433.5157,207.57233,28548.989
1,-2,-4,9,16.8379,668.44956,567.41228,1,0.59289512,0.76008459,0,8.9389486,3.8839679,11.459627,24.792446,21,0.14906832,5,210.40062,12.447205,3558.5668
1,-2,-4,10,21.822133,685.66271,590.9277,1,0.60772256,0.73770103,0,52.068765,7.0961169,63.205128,74.197896,71,0.12179487,5,1382.1538,63.435897,30121.119
1,-2,-4,11,26.669402,704.80451,616.44513,1,0.62203539,0.71413291,0,28.624417,5.7878537,32.8625,44.153281,41,0.13125,5,880.68438,32.8625,23605.148
1,-2,-4,12,31.3896,726.04547,644.50461,1,0.63531539,0.6897317,0,31.008595,6.0982472,33.664557,43.832038,41,0.12025316,5,1109.1076,35.367089,34784.03
1,-2,-4,13,35.997437,749.65023,675.81483,1,0.6470314,0.66488234,0,-6.7395291,3.0371936,-6.9254658,9.7405578,5,0.1863354,5,7.9891304,0.2173913,293.60054
1,-2,-4,14,40.511308,776.01092,711.3284,1,0.65663015,0.64000328,1,0,0,0,0,0,0,0,0,0,0
1,-2,-3,3,-11.23586,559.51502,425.65274,1,0.44407859,0.89702755,1,0,0,0,0,0,0,0,0,0,0
1,-2,-3,4,-5.0701063,568.08954,443.03709,1,0.4581684,0.88667782,0,93.32747,7.348221,180.6135,202.23012,196,0.23312883,5,-929.17178,181.44785,4778.0982
1,-2,-3,5,0.93206214,578.6409,460.68998,1,0.47494561,0.87357187,0,365.01432,14.46775,671.37423,708.12759,698,0.42944785,5,626.7638,671.37423,652.80138
1,-2,-3,6,6.7201927,591.01386,478.73511,1,0.49383161,0.85786032,0,718.76866,20.65308,1248.6101,1287.1971,1276,0.42138365,5,8367.5959,1248.6101,56157.859
1,-2,-3,7,12.269057,605.07919,497.32482,1,0.51423638,0.8397273,0,17.72776,4.5169631,28.948718,54.405654,47,0.28205128,5,371.76282,30.384615,4550.0657
1,-2,-3,8,17.57315,620.74636,516.64503,1,0.53558038,0.81939038,0,97.173401,8.5561463,148.66667,171.35185,165,0.25925926,5,2641.2917,149.83333,46572.115
1,-2,-3,9,22.640928,637.97221,536.92216,1,0.55730551,0.79710062,0,68.363834,7.7660226,97.779141,123.37777,116,0.27607362,5,2222.1871,98.208589,50288.911
1,-2,-3,10,27.489862,656.76752,558.43351,1,0.57887758,0.77314254,0,278.26206,14.843938,371.64375,393.04652,387,0.24375,5,10203.43,371.64375,280171.81
1,-2,-3,11,32.142702,677.20381,581.52248,1,0.59978312,0.74783416,0,39.304331,6.5705678,49.00625,67.116289,62,0.20625,5,1638.2828,50.94375,52689.143
1,-2,-3,12,36.624915,699.42276,606.62126,1,0.61952247,0.72152695,0,88.565777,9.3933241,103.14815,119.68221,115,0.18518519,5,3784.4599,103.14815,138858.64
1,-2,-3,13,40.963117,723.6507,634.28457,1,0.63760038,0.69460587,1,0,0,0,0,0,0,0,0,0,0
1,-2,-3,14,45.184249,750.22203,665.24096,1,0.65351466,0.66748933,1,0,0,0,0,0,0,0,0,0,0
1,-2,-2,2,-10.375194,511.77504,384.77894,1,0.35484932,0.93700899,1,0,0,0,0,0,0,0,0,0,0
1,-2,-2,3,-3.3580349,521.69831,401.94909,1,0.37363657,0.92923668,0,139.351,8.02251,346.56688,398.08378,383,0.56050955,5,-1146.4984,346.56688,3807.5044
1,-2,-2,4,3.261894,533.74382,419.12201,1,0.39585877,0.9184726,0,112.8557,7.4671998,261.8481,300.17008,289,0.41772152,5,840.80063,261.8481,2720.7832
1,-2,-2,5,9.4490394,547.60291,436.38961,1,0.42069392,0.90483391,0,4.842185,3.104824,10.414634,44.594289,35,0.38414634,5,128.38415,13.487805,1223.4649
1,-2,-2,6,15.210428,563.02666,453.87014,1,0.44737079,0.88847125,0,361.72127,13.816728,718.37267,752.94271,743,0.37888199,5,10903.174,718.37267,165525.64
1,-2,-2,7,20.577899,579.83615,471.70817,1,0.4751923,0.86956873,0,137.81947,9.0740175,252.2,275.72,269,0.2625,5,5182.75,252.2,106533.06
1,-2,-2,8,25.594967,597.9226,490.07631,1,0.50353697,0.84834392,0,164.04137,10.321389,276.37195,302.38307,295,0.28658537,5,7174.6387,279.92073,183909.85
1,-2,-2,9,30.308544,617.24383,509.17935,1,0.53184942,0.82504789,0,157.28937,10.521475,244,266.4,260,0.25,5,7373.7,244,222857.45
1,-2,-2,10,34.764388,637.82096,529.26173,1,0.55962633,0.79996516,0,6.0788147,3.7469877,8.689441,28.688669,23,0.22360248,5,388.22981,11.229814,13422.273
1,-2,-2,11,39.004991,659.73782,550.61919,1,0.58640169,0.77341374,1,32.866288,5.499063,43.347826,52.603025,50,0.10559006,2,1699.9457,43.869565,65872.894
1,-2,-2,12,43.068909,683.14467,573.61605,1,0.61173262,0.7457451,1,0,0,0,0,0,0,0,0,0,0
1,-2,-2,13,46.990877,708.26787,598.71074,1,0.63518601,0.7173442,1,0,0,0,0,0,0,0,0,0,0
1,-2,-1,0,-13.979909,455.8649,325.08299,1,0.24516458,0.96352507,1,0,0,0,0,0,0,0,0,0,0
1,-2,-1,1,-5.1733515,465.69483,343.05781,1,0.26487582,0.96191835,0,82.552135,5.1991276,299.79487,356.49441,340,0.62820513,5,-1595.5256,303.64103,8396.4391
1,-2,-1,2,2.7611876,478.35719,360.73774,1,0.28989003,0.95711495,0,845.76988,16.154271,2792.4348,2844.6994,2830,0.59627329,5,7571.8261,2792.4348,20627.44
1,-2,-1,3,9.8128202,493.1588,378.1538,1,0.31880452,0.94916505,0,243.07004,9.3841098,723.68354,780.58588,764,0.62025316,5,7057.0063,723.68354,68846.224
1,-2,-1,4,16.07381,509.56607,395.37924,1,0.35041707,0.93815237,0,1475.9216,23.614385,3951.4037,3996.9575,3984,0.50931677,5,63641.516,3951.4037,1025303.6
1,-2,-1,5,21.669739,527.21058,412.51948,1,0.38375682,0.92419404,0,22.113808,4.0112092,53.25625,93.317852,82,0.45625,5,1316.3203,60.64375,28574.537
1,-2,-1,6,26.723677,545.8619,429.70421,1,0.41805094,0.90744071,0,293.4435,11.920075,636.96203,669.47765,660,0.35443038,5,17006.528,636.96203,454102.19
1,-2,-1,7,31.342646,565.39606,447.08366,1,0.45267624,0.88807649,0,175.28789,9.9600539,343.88608,381.81125,371,0.43037975,5,10801.627,345.26582,337946.69
1,-2,-1,8,35.61504,585.77047,464.8286,1,0.4871157,0.86631895,0,7.9108504,3.7053065,14.069182,43.424983,35,0.32704403,5,622.12893,17.496855,22123.688
1,-2,-1,9,39.612382,607.0071,483.13376,1,0.52092442,0.84241915,1,3.3361295,1.7096436,5.3950617,7.6439567,7,0.024691358,1,209.05864,5.3950617,8101.0224
1,-2,-1,10,43.392317,629.18312,502.22431,1,0.55370421,0.81666163,1,0,0,0,0,0,0,0,0,0,0
1,-2,-1,11,47.001597,652.42811,522.36589,1,0.58508462,0.78936438,1,0,0,0,0,0,0,0,0,0,0
1,-2,0,0,10.329342,422.51187,298.59684,1,0.18080591,0.97037489,0,4417.7795,28.7489,23709.967,23806.541,23774,1.0327869,5,244938.62,23709.967,2531567.4
1,-2,0,1,17.797725,440.32692,317.68971,1,0.21523634,0.96875634,0,763.76018,13.142332,3437.6049,3498.9907,3482,0.71604938,5,61107.611,3437.6049,1086391.7
1,-2,0,2,23.792206,459.48733,336.13577,1,0.2526528,0.96391741,0,257.83947,8.4434765,983.70552,1037.7053,1023,0.64417178,5,23397.19,985.06748,555755.09
1,-2,0,3,28.801201,479.40825,354.03247,1,0.29173723,0.95590833,0,81.092679,5.4253381,265.70886,316.01114,302,0.59493671,5,7693.568,267.81646,221028.57
1,-2,0,4,33.141082,499.81012,371.51255,1,0.33164867,0.94481277,0,248.66733,9.6909248,708.4125,762.19383,747,0.6125,5,23616.673,712.46875,782876.92
1,-2,0,5,37.015583,520.5794,388.72417,1,0.37180614,0.9307479,0,720.22748,17.190217,1802.9562,1851.7985,1838,0.55625,5,66833.492,1805.6187,2473929.5
1,-2,0,6,40.558795,541.69682,405.82403,1,0.41177208,0.91386435,1,0,0,0,0,0,0,0,0,0,0
1,-2,0,7,43.861717,563.20126,422.97683,1,0.45118946,0.89434622,1,0,0,0,0,0,0,0,0,0,0
1,-2,0,8,46.988192,585.17227,440.35805,1,0.48974657,0.87241111,1,0,0,0,0,0,0,0,0,0,0
1,-2,1,1,48.731012,439.43346,292.25033,1,0.21193901,0.96191835,1,0,0,0,0,0,0,0,0,0,0
1,-1,-7,4,-16.302423,739.4062,607.56344,1,0.67078353,0.69123345,1,0,0,0,0,0,0,0,0,0,0
1,-1,-7,5,-11.626424,742.29864,632.55653,1,0.66157645,0.68205027,1,0,0,0,0,0,0,0,0,0,0
1,-1,-7,6,-6.7710576,747.07621,659.52346,1,0.65292732,0.67113322,1,36.640825,6.5287616,37.6625,45.034922,43,0.0875,3,-250.50938,37.6625,1667.782
1,-1,-7,7,-1.7648578,753.81998,688.93442,1,0.64457302,0.65866642,0,12.012353,5.1247477,12.275,27.424063,23,0.1625,5,-23.06875,12.275,48.348438
1,-1,-7,8,3.3651236,762.63797,721.39763,1,0.63618324,0.64486745,0,-0.024061789,3.0790629,-0.024390244,9.7412255,7,0.1097561,5,3.8292683,1.3170732,12.131098
1,-1,-7,9,8.5950799,773.67737,757.71744,1,0.62735652,0.62998736,0,45.850668,7.4313375,46.042945,55.688923,53,0.11042945,5,409.11043,47.361963,3537.0491
1,-1,-6,5,-12.127959,680.20288,591.35659,1,0.599771,0.74189712,1,0,0,0,0,0,0,0,0,0,0
1,-1,-6,6,-6.7798461,685.33574,615.12708,1,0.59607083,0.72928717,1,8.2871408,3.3668699,10.139241,16.968915,15,0.075949367,3,-67.825949,10.164557,453.3125
1,-1,-6,7,-1.3290117,692.36623,640.65058,1,0.59331343,0.71481967,0,49.06274,7.0152925,59.110429,71.435846,68,0.14110429,5,-74.251534,59.656442,96.82362
1,-1,-6,8,4.1840449,701.34441,668.34433,1,0.59114404,0.69871219,0,44.683867,6.848042,52.814815,65.515318,62,0.14814815,5,219.50617,52.814815,919.33796
1,-1,-6,9,9.7252037,712.34263,698.74772,1,0.58914316,0.6812158,0,3.3465575,2.5310265,3.8695652,8.5648771,7,0.049689441,5,45.336957,4.6521739,442.44293
1,-1,-6,10,15.268387,725.46882,732.57116,1,0.58682785,0.66261502,0,0.86389102,2.5483223,0.97546012,8.2796093,6,0.079754601,5,38.771472,2.6809816,560.89762
1,-1,-5,5,-11.227838,626.17755,557.67909,1,0.53102708,0.79916867,1,0,0,0,0,0,0,0,0,0,0
1,-1,-5,6,-5.2753441,632.43751,579.26302,1,0.53290576,0.78512626,0,72.897929,7.716305,107.4,129.24,123,0.24375,5,-561.4,107.6,2938.225
1,-1,-5,7,0.69060098,640.63217,602.1295,1,0.53633334,0.76896586,0,178.94861,11.485815,256.56688,271.18654,267,0.1656051,5,173.12898,256.56688,145.21059
1,-1,-5,8,6.6168304,650.7516,626.58601,1,0.54087826,0.75090503,0,-2.0483583,2.3754651,-2.84375,10.875977,7,0.15625,5,12.0625,1.85,78.978125
1,-1,-5,9,12.46368,662.80177,653.02484,1,0.54605308,0.73119484,0,68.611258,7.944989,91.874214,113.1835,107,0.2327044,5,1145.4119,91.874214,14289.132
1,-1,-5,10,18.205491,676.81784,681.9525,1,0.55132424,0.71011982,0,6.2882119,3.755705,8.0993789,23.400872,19,0.16770186,5,204.92391,11.347826,3701.7651
1,-1,-5,11,23.829863,692.87971,714.0332,1,0.55611746,0.68799797,0,51.941572,7.007359,64.259259,75.153635,72,0.11728395,5,1532.3611,64.481481,36420.863
1,-1,-5,12,29.336227,711.13125,750.15506,1,0.55981751,0.66518077,0,16.22714,4.6200613,19.28125,30.135742,27,0.11875,5,643.46875,21.9375,18876.809
1,-1,-4,4,-15.021679,572.25281,509.39337,1,0.45350616,0.86324817,1,0,0,0,0,0,0,0,0,0,0
1,-1,-4,5,-8.3147511,578.40835,528.67943,1,0.45946582,0.85054896,1,0,0,0,0,0,0,0,0,0,0
1,-1,-4,6,-1.6786018,586.65853,548.70605,1,0.46798541,0.83533454,0,37.621813,5.2889698,67.153374,89.124769,83,0.25153374,5,-121.54294,71.018405,214.55828
1,-1,-4,7,4.8066745,596.90374,569.66604,1,0.47854378,0.81778903,0,322.72561,14.01125,551.50955,573.31458,567,0.24203822,5,2633.7245,551.50955,12645.453
1,-1,-4,8,11.087893,609.05095,591.80344,1,0.49056608,0.79813001,0,51.413645,6.3485607,83.647799,106.68486,100,0.25157233,5,984.61792,88.232704,10991.521
1,-1,-4,9,17.136933,623.03056,615.42658,1,0.50344913,0.77660853,0,2.489838,2.5249243,3.8407643,15.170149,12,0.13375796,5,99.552548,5.7261146,1731.5776
1,-1,-4,10,22.946428,638.8111,640.92651,1,0.51657809,0.75350913,0,29.809302,4.9795959,43.481481,52.758601,50,0.098765432,5,997.40741,43.481481,22885.218
1,-1,-4,11,28.524724,656.41275,668.80414,1,0.52933428,0.7291498,0,270.15335,14.364029,372.13208,391.49484,386,0.22012579,5,10631.193,372.13208,303755.25
1,-1,-4,12,33.891261,675.92148,699.71133,1,0.54109484,0.70388204,0,39.371677,6.19713,51.216561,64.988154,61,0.15286624,5,1735.3551,51.216561,58805.335
1,-1,-4,13,39.072969,697.50702,734.5143,1,0.5512255,0.67809078,1,11.075873,3.0901202,13.625,14.45,14,0.00625,2,527.15625,13.625,20396.227
1,-1,-3,4,-10.006675,527.73382,484.05969,1,0.37685175,0.90676997,1,0,0,0,0,0,0,0,0,0,0
1,-1,-3,5,-2.3962585,536.85103,502.45156,1,0.39052347,0.89332493,0,30.032435,4.3298892,68.699387,98.102074,90,0.34355828,5,-165.07362,68.699387,403.45015
1,-1,-3,6,4.8468994,548.14427,521.33594,1,0.40717553,0.87719895,0,59.3621,5.7470064,127.88679,153.29085,146,0.28301887,5,614.36478,127.88679,2962.6156
1,-1,-3,7,11.667011,561.37737,540.88117,1,0.42602701,0.85857614,0,197.76011,10.188484,398.54777,421.60185,415,0.2611465,5,4638.1369,398.54777,54019.696
1,-1,-3,8,18.054999,576.35444,561.29922,1,0.44631236,0.83767408,0,51.289309,5.8210858,96.263804,119.36592,113,0.26993865,5,1746.977,96.263804,31717.728
1,-1,-3,9,24.032701,592.9363,582.85255,1,0.46730817,0.81474382,0,414.84391,15.748568,723.27329,753.9066,745,0.32919255,5,17392.377,723.27329,418309.54
1,-1,-3,10,29.639432,611.04878,605.86552,1,0.48834062,0.7900699,0,41.454277,5.6116579,67.067485,82.426663,78,0.16564417,5,2044.2147,69.092025,60490.128
1,-1,-3,11,34.922482,630.68733,630.74258,1,0.50878052,0.76397032,0,50.309433,6.3712781,75.54321,91.526139,87,0.17901235,5,2632.6265,75.54321,91754.524
1,-1,-3,12,39.93127,651.92214,657.99617,1,0.52803139,0.73679656,1,2.7311674,1.6763157,3.8109756,5.4712597,5,0.018292683,1,147.6753,3.8109756,5722.4181
1,-1,-3,13,44.714252,674.90713,688.28934,1,0.54551374,0.70893357,1,0,0,0,0,0,0,0,0,0,0
1,-1,-2,3,-9.2383054,478.99791,442.22393,1,0.28897804,0.95039204,1,0,0,0,0,0,0,0,0,0,0
1,-1,-2,4,-0.24334958,490.10662,459.83247,1,0.30869692,0.93936422,0,212.13452,8.6673933,645.525,695.63344,681,0.5375,5,-181.64375,645.525,95.964062
1,-1,-2,5,7.9076259,503.59941,477.59548,1,0.33227893,0.92538645,0,566.72332,14.5004,1578.3067,1630.7998,1616,0.58895706,5,12418.273,1578.3067,97863.497
1,-1,-2,6,15.229333,518.99825,495.64318,1,0.35854365,0.90860936,0,17.831771,3.368053,45.188679,72.849769,65,0.31446541,5,740.78774,48.735849,11263.65
1,-1,-2,7,21.808201,535.94379,514.1414,1,0.38646908,0.88921704,0,129.71301,7.8981174,298.45342,330.2427,321,0.34161491,5,6495.5668,298.45342,141397.36
1,-1,-2,8,27.755281,554.19608,533.29014,1,0.41519697,0.86742709,0,8.2428235,2.7795741,17.220859,33.722063,29,0.18404908,5,492.82975,17.969325,13521.675
1,-1,-2,9,33.180858,573.62021,553.32691,1,0.44400671,0.84349057,0,333.76807,13.440213,634.06748,651.91912,647,0.20858896,5,21021.962,634.06748,697029.57
1,-1,-2,10,38.183755,594.17068,574.53495,1,0.47228128,0.81769199,1,5.9013451,2.896676,10.217391,25.152309,21,0.17391304,4,487.87733,12.763975,18648.295
1,-1,-2,11,42.848527,615.88002,597.25723,1,0.49947517,0.79034937,1,0,0,0,0,0,0,0,0,0,0
1,-1,-2,12,47.246232,638.85417,621.91778,1,0.52508716,0.76181418,1,0,0,0,0,0,0,0,0,0,0
1,-1,-1,1,-15.595363,420.66233,382.98485,1,0.17965077,0.9838548,1,0,0,0,0,0,0,0,0,0,0
1,-1,-1,2,-2.8421968,432.24078,400.75844,1,0.20133457,0.97893837,0,169.55784,6.1527468,824.4321,894.97744,875,0.79012346,5,-2341.2623,825.07407,6697.9807
1,-1,-1,3,7.7266031,447.28872,418.31779,1,0.22950075,0.9708001,0,1553.6786,19.265482,6572.1411,6641.2706,6622,0.79141104,5,50582.9,6572.1411,389681.96
1,-1,-1,4,16.39189,464.57779,435.72689,1,0.26174794,0.95952367,0,215.23599,7.9219338,789.01875,843.34887,828,0.61875,5,12904.13,789.01875,211111.58
1,-1,-1,5,23.590306,483.31456,453.10434,1,0.29635361,0.94522626,0,602.46212,13.930139,1921.566,1974.0678,1959,0.58490566,5,45410.248,1923.0063,1072463.4
1,-1,-1,6,29.706673,503.04095,470.60104,1,0.33212912,0.9280585,0,22.197323,3.7383282,62.025316,109.11681,96,0.55696203,5,1940.0158,65.379747,57569.355
1,-1,-1,7,35.032464,523.51925,488.39054,1,0.3682345,0.90820448,0,435.47447,13.458418,1074.0435,1101.8091,1094,0.31677019,5,37652.783,1074.3478,1319715
1,-1,-1,8,39.778323,544.6521,506.6679,1,0.4040433,0.8858818,1,9.0261101,2.3081657,19.790123,25.611187,24,0.067901235,1,766.86728,19.790123,29716.107
1,-1,-1,9,44.095444,566.43498,525.65397,1,0.43905654,0.86134151,1,0,0,0,0,0,0,0,0,0,0
1,-1,-1,10,48.093545,588.93048,545.60359,1,0.47284942,0.83486814,1,0,0,0,0,0,0,0,0,0,0
1,-1,0,3,34.344674,436.51712,393.87432,1,0.20955836,0.97770326,0,1026.488,14.959779,4789.1227,4871.4081,4849,0.98159509,5,163988.83,4789.1227,5615520.8
1,-1,0,4,39.102782,458.8797,411.30661,1,0.25195343,0.96634397,1,30.475719,3.1101191,116.88679,142.29085,135,0.28301887,2,4519.3884,116.88679,174744.76
1,-1,0,5,43.103077,481.23959,428.54959,1,0.29422065,0.95194002,1,0,0,0,0,0,0,0,0,0,0
1,-1,0,6,46.636423,503.61854,445.77826,1,0.33596016,0.93464203,1,0,0,0,0,0,0,0,0,0,0
1,0,-8,5,-12.339141,783.27997,748.61185,1,0.64281261,0.62731299,1,0,0,0,0,0,0,0,0,0,0
1,0,-7,5,-14.32254,709.38302,688.1823,1,0.59106311,0.68661578,1,0,0,0,0,0,0,0,0,0,0
1,0,-7,6,-8.7562534,710.86231,718.60857,1,0.57655936,0.67556058,1,0,0,0,0,0,0,0,0,0,0
1,0,-7,7,-2.9727287,714.00931,752.24253,1,0.56219716,0.66293052,0,-0.76854385,2.5306377,-0.90625,8.9046875,6,0.10625,5,-6.234375,2.375,16.476562
1,0,-6,5,-15.235865,646.56991,642.63843,1,0.52735311,0.74715551,1,0,0,0,0,0,0,0,0,0,0
1,0,-6,6,-8.990908,648.5029,669.17413,1,0.51779427,0.73440741,1,0,0,0,0,0,0,0,0,0,0
1,0,-6,7,-2.5824946,652.18397,697.99209,1,0.50923075,0.71977665,0,56.271876,6.818792,79.537975,92.892605,89,0.14556962,5,-206.74051,79.594937,546.41772
1,0,-6,8,3.9270597,657.61718,729.6387,1,0.50127966,0.70348079,0,23.619105,4.5784723,33.146341,41.284355,39,0.091463415,5,128.2378,33.146341,500.59604
1,0,-6,9,10.483552,664.80073,764.83941,1,0.49346206,0.6857709,0,3.7969909,2.6378308,5.2767296,13.438303,11,0.088050314,5,66.987421,6.1383648,731.75157
1,0,-5,5,-14.645165,590.78987,606.25044,1,0.45528328,0.80501333,1,0,0,0,0,0,0,0,0,0,0
1,0,-5,6,-7.5015191,593.95361,630.12957,1,0.45134918,0.79083278,1,-0.36764586,1.2074006,-0.64417178,4.4755542,3,0.055214724,1,0,0,0
1,0,-5,7,-0.31297802,599.08655,655.66083,1,0.44929459,0.77450911,0,12.375518,3.498747,21.333333,36.376068,32,0.16666667,5,-6.3846154,21.333333,7.4358974
1,0,-5,8,6.8252833,606.14749,683.22835,1,0.44866063,0.7562599,0,16.551273,3.7182712,27.898734,39.281525,36,0.12658228,5,199.42722,28.924051,1378.39
1,0,-5,9,13.840454,615.0837,713.33628,1,0.44889438,0.73633622,0,17.945075,3.7967528,29.435897,38.787219,36,0.1025641,5,451.07692,32.717949,6222.1603
1,0,-5,10,20.685371,625.8422,746.65395,1,0.44936174,0.71502258,0,44.620525,5.7011924,71,82.296,79,0.125,5,1472.55,71,30548.638
1,0,-4,5,-11.710891,540.14166,575.62531,1,0.37885642,0.8568733,1,0,0,0,0,0,0,0,0,0,0
1,0,-4,6,-3.4339683,545.56986,597.56436,1,0.38192685,0.84152074,0,120.93918,7.6293585,266.47205,282.58254,278,0.18012422,5,-910.13043,266.47205,3143.8222
1,0,-4,7,4.6216995,553.26931,620.67674,1,0.3877455,0.82381197,0,93.742239,6.9332885,199.16667,216.99074,212,0.2037037,5,933.375,199.16667,4397.1701
1,0,-4,8,12.342411,563.0869,645.25603,1,0.39564175,0.80396457,0,158.14905,9.1197958,321.36709,343.43126,337,0.24050633,5,3966.0696,321.36709,48983.108
1,0,-4,9,19.668962,574.86474,671.68663,1,0.40487463,0.78222959,0,94.135958,7.2481509,181.87342,196.10191,192,0.15822785,5,3583.4873,181.87342,70625.848
1,0,-4,10,26.587936,588.46408,700.46928,1,0.41466942,0.75889157,0,68.058971,6.5076005,124.55556,141.83951,137,0.19753086,5,3334.9028,125.5,88630.01
1,0,-4,11,33.119192,603.78362,732.25989,1,0.42423834,0.73426852,0,9.6590388,2.9212408,16.717791,25.563758,23,0.098159509,5,617.32975,18.644172,20441.748
1,0,-4,12,39.304082,620.77265,767.93065,1,0.43278498,0.7087119,1,30.124459,4.5256542,49.330645,54.923452,53,0.056451613,2,1904.8488,49.330645,73556.091
1,0,-3,4,-14.889477,488.27002,528.66293,1,0.29563464,0.91358044,1,0,0,0,0,0,0,0,0,0,0
1,0,-3,5,-4.8223669,494.69702,548.45867,1,0.30376861,0.90002237,0,216.59374,8.6816916,641.73585,661.65183,656,0.22641509,5,-3084.7264,641.73585,14899.967
1,0,-3,6,4.6317391,503.95953,568.85165,1,0.31621689,0.88375824,0,55.48266,4.747292,155.06211,176.03082,170,0.22981366,5,708.6413,155.06211,3254.9864
1,0,-3,7,13.318273,515.67454,590.03709,1,0.33194107,0.86497217,0,294.58044,10.82928,767.61783,796.30865,788,0.31847134,5,10220.213,767.61783,136168.79
1,0,-3,8,21.213288,529.47408,612.27537,1,0.34987922,0.84388173,0,93.158791,6.4285402,224.69182,240.40948,236,0.18238994,5,4769.3113,224.69182,101264.46
1,0,-3,9,28.374225,545.05395,635.89677,1,0.36902953,0.82073797,0,100.45813,7.022059,223.42331,243.90222,238,0.2208589,5,6353.8865,223.42331,180724.45
1,0,-3,10,34.896858,562.19486,661.31373,1,0.38848139,0.79582543,0,31.301802,4.3085018,64.123457,77.901844,74,0.15432099,5,2257.2654,64.493827,79010.525
1,0,-3,11,40.887491,580.76694,689.04428,1,0.40741189,0.76946212,1,0,0,0,0,0,0,0,0,0,0
1,0,-3,12,46.448602,600.72763,719.75105,1,0.42506447,0.74199951,1,0,0,0,0,0,0,0,0,0,0
1,0,-2,3,-15.932679,436.65024,485.54655,1,0.20521597,0.9575569,1,0,0,0,0,0,0,0,0,0,0
1,0,-2,4,-2.6895139,445.38081,504.13703,1,0.21962018,0.94644118,0,70.947352,4.3628089,305.74375,353.4884,340,0.54375,5,-824.49219,305.74375,2261.6809
1,0,-2,5,8.78466,457.78504,522.87537,1,0.24027632,0.93235038,0,143.39878,6.2810906,556.43396,594.02741,583,0.40251572,5,4890.6745,556.43396,43052.447
1,0,-2,6,18.481711,472.89446,541.92922,1,0.26516294,0.91543514,0,2761.8411,28.380096,9534.8405,9599.6904,9581,0.6993865,5,175979.37,9534.8405,3249385.7
1,0,-2,7,26.673096,489.95246,561.51964,1,0.29257621,0.89587956,0,304.78374,10.070733,933.25949,950.9188,946,0.20886076,5,24913.454,933.25949,665175.89
1,0,-2,8,33.68442,508.44948,581.90751,1,0.3211945,0.87390123,0,3.6019014,1.8974246,9.8,26.65125,22,0.2,5,352.15469,10.46875,11847.676
1,0,-2,9,39.801697,528.08097,603.39438,1,0.35000638,0.84975121,1,9.3119051,2.0983879,22.607595,25.953934,25,0.037974684,1,876.0443,22.607595,33946.717
1,0,-2,10,45.250677,548.69519,626.33386,1,0.37821617,0.82371401,1,0,0,0,0,0,0,0,0,0,0
1,0,-1,5,31.197665,438.26929,497.17747,1,0.20716829,0.95235009,0,439.86542,9.9193388,2022.0559,2079.2759,2063,0.63975155,5,63090.061,2022.0559,1968658.4
1,0,-1,6,38.153691,459.59197,515.19075,1,0.24461687,0.93504417,1,70.580394,4.5161395,269.79245,298.00676,290,0.32075472,4,10295.316,269.79245,392896.92
1,0,-1,7,43.776058,481.41051,533.63015,1,0.28215061,0.9150269,1,0,0,0,0,0,0,0,0,0,0
1,0,-1,8,48.555869,503.58723,552.73202,1,0.31905829,0.89251584,1,0,0,0,0,0,0,0,0,0,0
1,1,-7,5,-16.181247,678.08251,754.83848,1,0.51576168,0.68205027,1,0,0,0,0,0,0,0,0,0,0
1,1,-6,6,-10.081719,610.88635,734.06426,1,0.43373104,0.72928717,1,0,0,0,0,0,0,0,0,0,0
1,1,-5,6,-8.4251098,553.73364,690.40534,1,0.36467789,0.78512626,1,0,0,0,0,0,0,0,0,0,0
1,1,-5,7,0.58997031,553.39196,720.64999,1,0.35351254,0.76896586,0,144.16292,8.2736834,313.58537,323.89352,321,0.11585366,5,201.46951,313.58537,185.72104
1,1,-5,8,9.6033278,554.68678,753.84229,1,0.34377786,0.75090503,0,-1.4339206,1.0999593,-3.1320755,5.7725466,3,0.094339623,5,21.460692,2.1823899,211.20244
1,1,-4,5,-14.148024,501.1063,629.72912,1,0.2966028,0.85054896,1,0,0,0,0,0,0,0,0,0,0
1,1,-4,6,-3.3119447,501.15541,655.14235,1,0.29015682,0.83533454,0,36.005417,3.7539298,103.65625,116.7959,113,0.14375,5,-337.47656,103.65625,1112.9473
1,1,-4,7,7.270903,503.74836,682.18781,1,0.28722994,0.81778903,0,302.61755,10.495531,861.6,892.96,884,0.35,5,6291.6,861.6,46085.15
1,1,-4,8,17.31033,508.73198,711.24145,1,0.28717281,0.79813001,0,49.120327,4.4029825,136.51852,149.74577,146,0.14814815,5,2368.5494,136.51852,41116.434
1,1,-4,9,26.64829,515.8499,742.83334,1,0.28912009,0.77660853,0,4.2506521,1.6941199,11.417722,20.707899,18,0.10126582,5,326.40506,12.240506,8708.9581
1,1,-3,5,-5.2510944,449.40535,601.58636,1,0.21342958,0.89332493,0,25.967642,2.7102872,108.68944,128.68867,123,0.22360248,5,-581.69565,110.45963,3077.5807
1,1,-3,6,8.133581,453.89093,624.88669,1,0.21714459,0.87719895,0,66.977229,4.1803707,270.5679,285.18572,281,0.16049383,5,2208.5833,270.5679,18073.386
1,1,-3,7,19.973951,461.97777,649.11839,1,0.2262192,0.85857614,0,199.14861,7.3182167,755.83436,771.45256,767,0.17177914,5,15118.324,755.83436,302528.56
1,1,-3,8,30.159904,473.02922,674.61827,1,0.23913823,0.83767408,0,56.915086,4.1506267,199.36709,211.3876,208,0.13924051,5,6015.443,199.36709,181537.54
1,1,-3,9,38.876949,486.38784,701.85515,1,0.25433354,0.81474382,1,249.51902,8.9227747,799.32075,817.02385,812,0.20125786,3,30869.915,799.32075,1192266.4
1,1,-3,10,46.414245,501.49316,731.43194,1,0.27037278,0.7900699,1,0,0,0,0,0,0,0,0,0,0
1,1,-2,7,40.2633,435.84899,617.78138,1,0.1876531,0.88921704,1,0,0,0,0,0,0,0,0,0,0
1,1,-2,8,47.853954,454.71278,640.13054,1,0.21577794,0.86742709,1,0,0,0,0,0,0,0,0,0,0
1,2,-5,6,-6.787182,505.42078,766.89171,1,0.2667053,0.76834595,1,4.5968097,1.6142969,13.242857,21.628041,19,0.092857143,3,-84.882143,13.242857,546.56339
1,2,-4,5,-14.480814,457.1263,695.58241,1,0.20917322,0.83191515,1,0,0,0,0,0,0,0,0,0,0
1,2,-4,6,1.4499402,443.96129,728.6137,1,0.18248411,0.81711517,0,28.592959,2.6618789,128.03165,142.06694,138,0.15822785,6,199.43829,128.03165,349.96717
1,2,-4,7,17.85471,431.29377,765.23414,1,0.1574454,0.80005945,0,169.04444,5.9167446,859,903.96203,891,0.5,7,15397.674,859,276332.98
2,-3,-1,-8,-13.003707,369.80397,34.184692,0,0.067173858,0.83484501,1,0,0,0,0,0,0,0,0,0,0
2,-3,0,-5,27.645092,377.47579,130.98648,0,0.086279944,0.89655852,0,107.9166,3.2924732,1121.3909,1170.5287,1153,0.51818182,9,31089.598,1121.3909,862463.08
2,-2,0,-4,15.485128,354.40797,208.72702,0,0.048719332,0.94481277,0,243.53245,3.5770962,4722.8187,4812.2714,4787,1.01875,10,73144.586,4722.8187,1136801.3
2,-2,0,-3,5.5138619,377.39738,233.62277,0,0.092238846,0.95590833,0,76.602452,2.8336088,793.86207,862.35196,838,0.68965517,6,4377.2931,793.86207,24347.961
2,-1,0,-2,-11.590368,346.11167,298.82973,0,0.034616776,0.98590073,1,0,0,0,0,0,0,0,0,0,0
2,-1,0,-1,-5.2180198,362.19213,321.95743,0,0.0661986,0.99085268,0,1072.1541,8.4931844,16047.874,16160.756,16128,1.2327044,5,-83422.292,16047.874,435544.29
2,0,0,1,12.272576,345.88554,403.85915,0,0.034463146,0.99833121,0,-0.040993395,0.25015919,-1.1875,52.513672,37,0.5875,5,107.125,9.25,1241.1406
2,0,0,2,15.053657,363.45341,427.24885,0,0.068683036,0.99334158,0,274.8814,4.4229466,3975.525,4091.8683,4059,1.325,5,59977.725,3975.525,905280.83
2,1,-1,5,-16.812986,377.34893,549.00726,0,0.090676491,0.94522626,1,0,0,0,0,0,0,0,0,0,0
2,2,-2,9,21.516673,352.867,742.43513,0,0.038606209,0.82504789,0,87.034825,2.1524672,1860.0091,2116.0068,2045,2.9837249,24,42484.849,1972.3062,917532.94
2,-3,-2,-9,41.151995,195.53895,15.728764,0,0.21542372,0.79544091,1,0,0,0,0,0,0,0,0,0,0
2,-3,-1,-8,27.584066,288.08802,44.343042,0,0.067173858,0.83484501,0,259.17022,4.6782199,3220.9995,3380.4335,3334,1.7656328,14,89731.779,3257.8516,2473637.6
2,-2,-4,-10,42.065055,23.573215,35.278439,0,0.47447505,0.73770103,1,0,0,0,0,0,0,0,0,0,0
2,-2,-4,-9,48.298461,33.390205,77.325397,0,0.47849448,0.76008459,1,0,0,0,0,0,0,0,0,0,0
2,-2,-3,-10,36.427112,99.154436,39.482401,0,0.37109992,0.77314254,0,267.00051,11.553345,556.2638,579.36592,573,0.26993865,5,20245.084,556.2638,736869.91
2,-2,-3,-9,44.014678,106.36162,79.728804,0,0.37386913,0.79710062,1,0,0,0,0,0,0,0,0,0,0
2,-2,-2,-10,24.330748,171.34236,36.896852,0,0.25903199,0.79996516,0,2.6605559,1.5183668,8.2165605,21.988154,18,0.15286624,5,224.90924,9.2547771,5466.709
2,-2,-2,-9,33.853918,175.95149,76.489711,0,0.26132901,0.82504789,0,155.23666,7.1486401,490.10127,509.36597,504,0.2278481,5,16553.953,490.10127,559208.59
2,-2,-2,-8,43.753969,180.41191,112.11315,0,0.26222469,0.84834392,1,0,0,0,0,0,0,0,0,0,0
2,-2,-1,-10,-4.3082174,250.75558,26.920848,0,0.12762578,0.81666163,0,62.015601,3.2076292,396.83019,421.28483,414,0.26415094,8,-1737.7799,396.83019,7808.8679
2,-2,-1,-9,7.5401494,250.99661,67.163502,0,0.13234669,0.84241915,0,72.306721,3.4855738,460.25,492.24219,483,0.35,8,3468.7188,460.25,26344.859
2,-2,-1,-8,20.885748,252.19763,103.25499,0,0.13475412,0.86631895,0,10.112536,1.4650532,65.012346,88.711172,82,0.2654321,7,1377.4259,65.777778,28861.426
2,-2,-1,-7,36.13791,253.097,136.15045,0,0.13706377,0.88807649,0,203.73261,5.6757938,1320.0435,1352.4107,1343,0.34782609,6,47589.455,1320.0435,1716013.4
2,-1,-4,-10,36.558777,9.0704613,91.807813,0,0.5164624,0.75350913,0,28.335941,5.1506964,41.341615,56.471786,52,0.16149068,5,1574.0963,43.031056,57584.929
2,-1,-4,-9,42.000271,23.400504,129.70456,0,0.51234158,0.77660853,1,0,0,0,0,0,0,0,0,0,0
2,-1,-4,-8,47.427002,36.173614,164.00021,0,0.50706062,0.79813001,1,0,0,0,0,0,0,0,0,0,0
2,-1,-3,-12,18.41953,47.88452,8.1053938,0,0.43148834,0.73679656,0,65.636213,6.5420179,112.07843,124.79021,121,0.1372549,5,2100.4641,114.3268,38600.044
2,-1,-3,-11,24.484742,62.890413,53.967654,0,0.4286899,0.76397032,0,52.060787,5.8874276,92.777778,110.08233,105,0.18518519,5,2269.6667,92.814815,55510.042
2,-1,-3,-10,30.63689,76.915723,94.399261,0,0.4233397,0.7900699,0,41.065269,5.1955989,76.639241,94.020871,89,0.19620253,5,2396.5981,78.227848,73429.532
2,-1,-3,-9,36.900912,89.869183,130.61101,0,0.41618452,0.81474382,0,453.6494,15.481822,888.08696,918.57467,910,0.34782609,5,32701.935,888.08696,1204272
2,-1,-3,-8,43.288212,101.66973,163.50913,0,0.40790955,0.83767408,1,0,0,0,0,0,0,0,0,0,0
2,-1,-2,-12,6.5880835,110.17777,8.1506972,0,0.34430277,0.76181418,0,30.526155,3.9626085,67.543046,76.873986,74,0.099337748,5,451.78311,67.543046,3031.5559
2,-1,-2,-11,13.057981,123.45765,52.716224,0,0.3388156,0.79034937,0,8.7077843,2.4906133,20.3125,33.753906,30,0.15625,5,265.17188,20.3125,3464.6633
2,-1,-2,-10,19.769157,136.43652,92.098225,0,0.33035286,0.81769199,0,9.7495148,2.6188123,24.132075,42.017681,37,0.20754717,5,473.93868,24.132075,9313.1057
2,-1,-2,-9,26.805927,148.86524,127.44764,0,0.31977862,0.84349057,0,337.13653,11.520335,889.27607,923.40419,914,0.39877301,5,23794.494,889.27607,636772.18
2,-1,-2,-8,34.243845,160.53172,159.62878,0,0.30790921,0.86742709,0,5.509727,2.1198898,15.521739,35.665406,30,0.22981366,5,567.48913,16.565217,19444.883
2,-1,-2,-7,42.141939,171.22863,189.30781,0,0.2955524,0.88921704,1,0,0,0,0,0,0,0,0,0,0
2,-1,-1,-11,-5.7040009,175.01724,46.358496,0,0.25548087,0.80677969,0,14.357583,2.4300684,45.339623,58.888454,55,0.1509434,5,-253.49528,45.339623,1428.7205
2,-1,-1,-10,0.6878751,187.59029,85.509461,0,0.24392098,0.83486814,0,143.07045,6.5855248,489.68712,508.0638,503,0.21472393,5,345.64571,489.68712,326.48275
2,-1,-1,-9,7.5788994,200.29138,120.64755,0,0.2294664,0.86134151,0,271.44793,8.5906111,1018.9264,1039.826,1034,0.2392638,5,7751.9647,1018.9264,59119.134
2,-1,-1,-8,15.217482,212.79781,152.64082,0,0.21302261,0.8858818,0,284.07863,8.3554856,1181.3774,1207.3788,1200,0.29559748,5,17985.25,1181.3774,273989.85
2,-1,-1,-7,23.924759,224.78567,182.16032,0,0.19554519,0.90820448,0,431.99837,9.7504561,2006.4051,2050.7979,2038,0.49367089,5,47952.703,2006.4051,1146360.9
2,-1,-1,-6,34.104772,235.86611,209.73859,0,0.17814265,0.9280585,0,25.511388,2.4903788,132.90506,168.32387,158,0.38607595,5,4534.587,132.90506,154729.72
2,-1,-1,-5,46.202346,245.52434,235.80748,0,0.16218645,0.94522626,1,0,0,0,0,0,0,0,0,0,0
2,-1,0,-6,-13.92799,280.4849,200.47616,0,0.091471263,0.93464203,1,0,0,0,0,0,0,0,0,0,0
2,-1,0,-5,-9.6116129,295.53339,226.57904,0,0.063700876,0.95194002,1,0,0,0,0,0,0,0,0,0,0
2,-1,0,-4,-3.1582279,310.49176,251.5029,0,0.035170152,0.96634397,0,113.6072,2.0700243,3121.5,3234.9375,3204,1.375,11,-9832.8125,3121.5,34331.469
2,-1,0,-3,26.067952,321.23059,275.71652,0,0.014341306,0.97770326,0,990.20794,3.8223638,67506.37,67904.841,67792,4.462963,22,1752630,67506.37,45727855
2,0,-4,-8,40.018855,20.356274,207.45238,0,0.5432673,0.80396457,1,0,0,0,0,0,0,0,0,0,0
2,0,-4,-7,44.686142,34.890214,237.08488,0,0.53119312,0.82381197,1,0,0,0,0,0,0,0,0,0,0
2,0,-3,-12,14.760691,9.2975437,62.511441,0,0.50414309,0.74199951,0,14.285411,3.8542664,21.025316,32.179779,29,0.12658228,5,323.16297,22.221519,4701.8477
2,0,-3,-11,19.698664,29.385881,104.30554,0,0.49450699,0.76946212,0,253.04574,13.110156,393.7439,416.1456,410,0.26219512,5,7813.9024,396.90244,153860.32
2,0,-3,-10,24.699826,47.897301,141.47999,0,0.48250693,0.79582543,0,30.845854,4.9846962,50.875776,67.59365,63,0.19875776,5,1256.8649,50.875776,31052.76
2,0,-3,-9,29.787498,64.954947,175.04922,0,0.46871156,0.82073797,0,116.70219,8.6186679,204.35152,227.76029,221,0.24848485,5,6076.1455,204.35152,180678.42
2,0,-3,-8,34.980136,80.637529,205.78486,0,0.4536584,0.84388173,0,94.15857,7.5507258,175.15094,197.27981,191,0.25157233,5,6175.9953,176.73585,215836.23
2,0,-3,-7,40.290132,94.984496,234.28862,0,0.43786784,0.86497217,1,0,0,0,0,0,0,0,0,0,0
2,0,-3,-6,45.721813,107.9999,261.0408,0,0.42185251,0.88375824,1,0,0,0,0,0,0,0,0,0,0
2,0,-2,-13,-0.044329572,41.504047,16.294547,0,0.4432297,0.73762685,0,155.05903,9.9841409,258.05063,276.0814,271,0.20886076,5,-19.493671,258.05063,28.545886
2,0,-2,-12,4.8513761,61.586876,62.422789,0,0.43373093,0.76728362,0,25.889874,4.2292698,45.8,55.976,53,0.1125,5,219.95,45.8,1059.1625
2,0,-2,-11,9.8243955,80.575017,102.90496,0,0.42090164,0.79610766,0,5.4810736,2.5015695,10.367089,22.387598,19,0.13924051,5,113.91456,11.683544,1111.5783
2,0,-2,-10,14.92562,98.529911,139.01578,0,0.40537575,0.82371401,0,298.36713,12.305581,606.275,625.23266,620,0.225,5,9028.3188,606.275,134517.41
2,0,-2,-9,20.207284,115.49403,171.70493,0,0.38773624,0.84975121,0,314.58861,12.131989,689.44304,706.92742,702,0.20253165,5,13924.81,689.44304,281301.61
2,0,-2,-8,25.724144,131.48417,201.69924,0,0.36854291,0.87390123,0,-3.010771,1.8685388,-7.1392405,19.631469,12,0.30379747,5,15.037975,0.60759494,372.18987
2,0,-2,-7,31.533464,146.48577,229.56899,0,0.34835617,0.89587956,0,310.28927,11.163468,797.9816,824.23399,817,0.30674847,5,25161.91,797.9816,793477.85
2,0,-2,-6,37.693109,160.44683,255.77206,0,0.32775896,0.91543514,0,3016.2674,32.969123,8424.475,8479.3159,8464,0.6375,5,317203.95,8424.475,11944205
2,0,-2,-5,44.256428,173.27124,280.68418,0,0.30737725,0.93235038,1,0,0,0,0,0,0,0,0,0,0
2,0,-1,-13,-13.368516,81.753875,12.080969,0,0.38650553,0.75251233,1,0,0,0,0,0,0,0,0,0,0
2,0,-1,-12,-8.9195505,100.6887,57.653416,0,0.37504976,0.78305699,1,0,0,0,0,0,0,0,0,0,0
2,0,-1,-11,-4.4313511,119.09674,97.684498,0,0.35978591,0.81269788,0,106.30225,7.1134486,240.1195,258.18461,253,0.20125786,5,-1064.5204,240.1195,4755.2339
2,0,-1,-10,0.16063237,136.96984,133.41945,0,0.34133148,0.84105006,0,50.372922,4.740309,124.12025,136.42826,133,0.14556962,5,25.030063,124.12025,25.589794
2,0,-1,-9,4.9304729,154.3147,165.78788,0,0.32023288,0.86776205,0,4.4830682,1.9763852,12.148148,28.682213,24,0.18518519,5,65.29321,13.493827,317.04707
2,0,-1,-8,9.9693751,171.13631,195.50327,0,0.29699777,0.89251584,0,508.18511,13.131451,1527.1605,1557.2235,1549,0.35802469,5,15170.244,1527.1605,150913.42
2,0,-1,-7,15.39601,187.42478,223.1275,0,0.27212491,0.9150269,0,30.597074,3.3450136,102.88344,126.5106,120,0.27607362,5,1575.8313,102.88344,24153.228
2,0,-1,-6,21.371344,203.14088,249.1142,0,0.24613836,0.93504417,0,79.892473,4.9191066,303.5,349.20312,336,0.5,5,6473.4844,303.5,138110.17
2,0,-1,-5,28.119831,218.19522,273.83852,0,0.21963426,0.95235009,0,441.4829,10.24406,1914.3019,1973.0464,1956,0.64150943,5,53838.637,1914.7484,1513990.4
2,0,-1,-4,35.956942,232.41431,297.6179,0,0.19335339,0.96676053,0,2590.9019,22.830333,12954.423,13030.429,13009,0.85276074,5,465050.26,12954.423,16696287
2,0,-1,-3,45.312534,245.48345,320.72614,0,0.16829836,0.97812486,1,0,0,0,0,0,0,0,0,0,0
2,0,0,-9,-16.328929,176.40832,157.73821,0,0.27951447,0.87386614,1,0,0,0,0,0,0,0,0,0,0
2,0,0,-8,-13.285377,193.56496,187.60205,0,0.2544917,0.89882119,1,0,0,0,0,0,0,0,0,0,0
2,0,0,-7,-10.30834,210.5638,215.33724,0,0.22723727,0.92150982,1,0,0,0,0,0,0,0,0,0,0
2,0,0,-6,-7.3860576,227.43997,241.40414,0,0.19809775,0.941681,1,16.857071,2.0544325,80.132075,95.374511,91,0.16981132,2,-536.00786,80.132075,3587.5303
2,0,0,-5,-4.5083762,244.23403,266.18419,0,0.16738878,0.95911714,0,0.31652765,1.2289946,1.8136646,49.589599,36,0.53416149,5,-42.009317,8.8695652,199.0295
2,0,0,-4,-1.6663409,260.98996,290.00209,0,0.13540255,0.97363412,0,7306.2177,31.918259,52536.549,52676.422,52635,1.4268293,5,-89036.137,52536.549,158005.97
2,0,0,-3,1.1481128,277.7541,313.14231,0,0.10241353,0.98508132,0,-0.032693252,1.0331006,-0.31446541,98.744907,70,1.081761,5,8.4496855,4.6666667,17.367138
2,0,0,-2,3.9423997,294.57468,335.8618,0,0.068683036,0.99334158,0,281.8867,4.4758021,4076.8405,4190.2509,4159,1.3251534,5,15987.891,4076.8405,63304.496
2,0,0,-1,6.7234806,311.50175,358.4003,0,0.034463146,0.99833121,0,0.025144746,0.25284456,0.72839506,53.647157,39,0.61728395,5,36.811728,5.8888889,233.80633
2,1,-4,-7,36.454917,12.381183,276.02303,0,0.57185944,0.81778903,0,353.92552,16.029953,506.13208,525.49484,520,0.22012579,5,18424.354,506.13208,670729.08
2,1,-4,-6,40.3595,28.10084,302.86191,0,0.55472138,0.83533454,1,0,0,0,0,0,0,0,0,0,0
2,1,-4,-5,44.248393,42.27408,328.44316,0,0.53737402,0.85054896,1,0,0,0,0,0,0,0,0,0,0
2,1,-4,-4,48.110399,54.969787,353.1037,0,0.52015049,0.86324817,1,0,0,0,0,0,0,0,0,0,0
2,1,-3,-10,18.793645,11.965995,183.41876,0,0.54697619,0.7900699,0,27.653111,5.398854,39.943038,60.813131,55,0.24683544,5,801.35443,42.734177,15027.652
2,1,-3,-9,22.894697,32.188885,215.31198,0,0.52905533,0.81474382,0,453.92092,17.490257,699.03704,725.49154,718,0.2962963,5,16000.222,700.59259,365474.63
2,1,-3,-8,27.040993,50.83698,244.68512,0,0.50970944,0.83767408,0,49.597008,6.1004668,81.509434,100.51501,95,0.20754717,5,2241.7657,82.823899,60683.768
2,1,-3,-7,31.243991,68.052648,272.08777,0,0.48935115,0.85857614,0,230.21382,11.731536,403.91463,423.6685,418,0.21341463,5,12594.223,403.91463,392720.54
2,1,-3,-6,35.512264,83.931038,297.96327,0,0.4683846,0.87719895,0,78.523916,7.1484478,147.06098,179.23156,170,0.34756098,5,5299.0183,149.12195,188309.47
2,1,-3,-5,39.850519,98.527364,322.6781,0,0.44721098,0.89332493,1,-1.2734369,0.77479646,-2.54375,2.3953516,1,0.05625,1,0,0,0
2,1,-3,-4,44.25818,111.86207,346.54278,0,0.42623153,0.90676997,1,0,0,0,0,0,0,0,0,0,0
2,1,-3,-3,48.7275,123.92497,369.82733,0,0.40584774,0.91738344,1,0,0,0,0,0,0,0,0,0,0
2,1,-2,-12,2.0874819,12.258143,108.44132,0,0.51896998,0.76181418,0,35.720099,5.5816827,52.434783,67.134216,63,0.16770186,5,114.09783,53.173913,249.25815
2,1,-2,-11,6.0289609,35.164249,146.40995,0,0.5022997,0.79034937,0,12.905461,3.4598011,20.30625,29.635664,27,0.10625,5,128.18594,20.30625,812.91602
2,1,-2,-10,10.002307,56.506239,180.48753,0,0.48307921,0.81769199,0,11.446437,3.3017563,19.375,31.234375,28,0.14375,5,206.25,20.25,2106.4531
2,1,-2,-9,14.03346,76.494065,211.52018,0,0.46175147,0.84349057,0,314.70343,13.376185,574.875,597.04688,591,0.26875,5,8075.2812,574.875,113484.62
2,1,-2,-8,18.149347,95.283887,240.16185,0,0.43873416,0.86742709,0,4.1474611,2.7199919,8.2,28.92,23,0.23125,5,175.8,9.6,3221.1
2,1,-2,-7,22.378604,112.98731,266.93073,0,0.41443255,0.88921704,0,131.96365,8.2912962,283.14458,316.48469,307,0.36144578,5,6322.1506,283.51807,140994.13
2,1,-2,-6,26.7521,129.67653,292.24757,0,0.38925126,0.90860936,0,24.224744,4.0488782,56.546584,89.323097,80,0.36645963,5,1508.9161,56.546584,40268.736
2,1,-2,-5,31.3031,145.38628,316.46236,0,0.36360617,0.92538645,0,624.8492,15.865152,1590.2562,1630.3179,1619,0.45625,5,49667.461,1590.7687,1550819.3
2,1,-2,-4,36.066761,160.11309,339.87337,0,0.33793677,0.93936422,0,249.90295,9.8150491,694.65625,744.3584,730,0.54375,5,25142.93,696.96875,907081.61
2,1,-2,-3,41.078362,173.81211,362.74108,0,0.31271913,0.95039204,1,0,0,0,0,0,0,0,0,0,0
2,1,-2,-2,46.369309,186.39246,385.29842,0,0.28847833,0.95835273,1,0,0,0,0,0,0,0,0,0,0
2,1,-1,-13,-12.641876,20.758627,61.558041,0,0.48893452,0.74719697,1,0,0,0,0,0,0,0,0,0,0
2,1,-1,-12,-9.10266,44.431271,103.9315,0,0.47362693,0.77742765,1,0,0,0,0,0,0,0,0,0,0
2,1,-1,-11,-5.5982019,66.679656,141.4127,0,0.45502255,0.80677969,0,16.975659,3.6166985,30.098765,41.121475,38,0.12345679,5,-170.43519,30.283951,964.61497
2,1,-1,-10,-2.1040804,87.729028,175.08929,0,0.43358508,0.83486814,0,139.71719,8.8901842,269.02548,293.02767,286,0.2611465,5,-583.19904,270.57962,1294.6787
2,1,-1,-9,1.404607,107.75939,205.78277,0,0.40972789,0.86134151,0,280.81219,11.796023,590.33129,614.93741,608,0.27607362,5,813.28834,590.33129,1186.7699
2,1,-1,-8,4.9549265,126.91508,234.13026,0,0.38382846,0.8858818,0,284.06646,11.33403,655.62963,684.29904,676,0.30864198,5,3241.6667,655.62963,16099.347
2,1,-1,-7,8.5781361,145.31102,260.63856,0,0.35624024,0.90820448,0,413.79623,12.922678,1054.9387,1085.3914,1077,0.35582822,5,9053.4525,1054.9387,77791.587
2,1,-1,-6,12.312427,163.03648,285.72103,0,0.32730341,0.9280585,0,22.262635,3.6403034,63.125,106.54297,94,0.475,5,822,67.4375,10025.715
2,1,-1,-5,16.206934,180.15621,309.72348,0,0.29735619,0.94522626,0,610.0831,14.076347,1939.3125,2002.1543,1984,0.6875,5,31384.188,1939.3125,508017.02
2,1,-1,-4,20.32794,196.70859,332.94291,0,0.26674867,0.95952367,0,222.08749,8.1653022,798.87261,862.68331,844,0.69426752,5,16181.451,798.87261,327810.95
2,1,-1,-3,24.768904,212.69951,355.64128,0,0.23586277,0.9708001,0,1619.7651,19.928085,6666.8773,6727.7829,6711,0.71165644,5,164742,6666.8773,4071162.5
2,1,-1,-2,29.667086,228.08887,378.0558,0,0.20514433,0.97893837,0,-0.63895895,0.35353133,-3.0490798,2.8460823,1,0.061349693,5,0,0,0
2,1,-1,-1,35.231311,242.7631,400.40642,0,0.17516016,0.9838548,0,214.96227,6.3678415,1207.4187,1279.3101,1259,0.81875,5,42493.07,1207.4187,1495514.9
2,1,-1,0,41.785974,256.48046,422.90009,0,0.14670488,0.9854992,1,0,0,0,0,0,0,0,0,0,0
2,1,0,-9,-14.630255,123.30399,198.27576,0,0.38170121,0.86739231,1,0,0,0,0,0,0,0,0,0,0
2,1,0,-8,-12.309219,142.35447,226.73046,0,0.35513696,0.89213386,1,0,0,0,0,0,0,0,0,0,0
2,1,0,-7,-10.151815,160.80379,253.31926,0,0.32669794,0.91463411,1,0,0,0,0,0,0,0,0,0,0
2,1,0,-6,-8.1914198,178.74833,278.45903,0,0.29669139,0.93464203,1,0,0,0,0,0,0,0,0,0,0
2,1,0,-5,-6.4836149,196.27138,302.49876,0,0.26540558,0.95194002,1,3.3244843,1.9640367,11.924051,49.62474,39,0.43670886,4,-69.158228,11.949367,404.68987
2,1,0,-4,-5.1214872,213.44517,325.73863,0,0.23311542,0.96634397,0,135.55276,6.002218,561.91304,619.0775,603,0.65217391,5,-2920.1087,561.91304,15230.663
2,1,0,-3,-4.2666554,230.33195,348.44444,0,0.20008765,0.97770326,0,971.88104,14.227066,4748.9752,4832.8608,4809,0.9378882,5,-20440.259,4748.9752,88217.662
2,1,0,-2,-4.2180515,246.98397,370.85878,0,0.16658707,0.98590073,0,6.7021035,1.6089364,39.664596,90.669573,76,0.55900621,5,-184.77174,43.869565,779.00272
2,1,0,-1,-5.5841155,263.44106,393.21021,0,0.13288611,0.99085268,0,118.52729,4.1381375,883.7875,952.06984,933,0.79375,5,-5013.7594,883.7875,28478.637
2,1,0,0,-9.7933145,279.72146,415.72086,0,0.099286938,0.99250891,1,0,0,0,0,0,0,0,0,0,0
2,2,-4,-5,34.710777,15.042697,365.74856,0,0.57907221,0.83191515,0,185.03675,11.854057,265.83019,290.01911,283,0.26415094,5,9219.8506,265.83019,319786.93
2,2,-4,-4,37.791215,30.219633,390.33357,0,0.55780845,0.84427528,1,247.72391,13.237177,374.94444,401.41049,394,0.30246914,5,14185.389,375.88889,535343.55
2,2,-4,-3,40.811117,44.034944,414.4509,0,0.53652318,0.85404493,1,0,0,0,0,0,0,0,0,0,0
2,2,-4,-2,43.756034,56.562918,438.36664,0,0.51544111,0.86110693,1,0,0,0,0,0,0,0,0,0,0
2,2,-4,-1,46.607547,67.860682,462.33193,0,0.49475738,0.86537761,1,0,0,0,0,0,0,0,0,0,0
2,2,-3,-8,19.577216,12.799038,281.87074,0,0.57245526,0.81939038,0,108.38957,9.1584308,155.14465,171.84653,167,0.18238994,5,3040.8113,155.14465,59613.586
2,2,-3,-7,22.851247,32.395871,308.7058,0,0.54941597,0.8397273,0,14.079115,4.0009656,21.518519,37.394147,33,0.18518519,5,503.70062,21.962963,11553.897
2,2,-3,-6,26.116621,50.569633,334.17669,0,0.52547012,0.85786032,0,778.98949,22.071822,1271.7453,1298.4148,1291,0.31055901,5,33237.04,1272.5963,868153.59
2,2,-3,-5,29.373542,67.454693,358.64005,0,0.50092216,0.87357187,0,400.651,15.446117,698.70625,725.59691,718,0.30625,5,20461.248,698.70625,599235.07
2,2,-3,-4,32.619452,83.150108,382.402,0,0.47606576,0.88667782,0,91.734346,7.4658731,170.85625,193.3566,187,0.25625,5,5578.4047,170.85625,182146.86
2,2,-3,-3,35.848364,97.726471,405.73325,0,0.4511839,0.89702755,0,316.3355,12.904303,628.92683,658.22368,650,0.32926829,5,22505.89,629.21951,805014.92
2,2,-3,-2,39.04999,111.23158,428.88096,0,0.42654688,0.90450391,1,150.4642,8.5707868,319.06329,330.31533,327,0.12025316,2,12356.165,319.06329,478513.05
2,2,-3,-1,42.208679,123.69579,452.07847,0,0.40240772,0.90902319,1,0,0,0,0,0,0,0,0,0,0
2,2,-3,0,45.302176,135.13796,475.55399,0,0.37899408,0.9105352,1,0,0,0,0,0,0,0,0,0,0
2,2,-3,1,48.300277,145.57274,499.53895,0,0.35649593,0.90902319,1,0,0,0,0,0,0,0,0,0,0
2,2,-2,-10,5.0724909,9.222647,218.64461,0,0.56174959,0.79996516,0,4.7926349,3.6204343,6.825,26.581406,21,0.225,5,52.329688,9.30625,296.11914
2,2,-2,-9,8.1965996,31.700356,248.73978,0,0.53870674,0.82504789,0,145.32348,10.142798,222.5679,241.30651,236,0.20987654,5,1817.7222,222.5679,14865.114
2,2,-2,-8,11.303284,52.689993,276.63893,0,0.513927,0.84834392,0,171.34485,10.677701,282.84049,310.66803,303,0.32515337,5,3189.5598,283.40491,35907.802
2,2,-2,-7,14.399596,72.395359,302.83625,0,0.48772911,0.86956873,0,160.59336,9.7797688,286.32075,304.02385,299,0.20125786,5,4102.4764,286.32075,58806.32
2,2,-2,-6,17.491411,90.975212,327.73579,0,0.46041637,0.88847125,0,378.89111,14.291032,731.15094,760.5232,752,0.32075472,5,12762.354,731.15094,222845
2,2,-2,-5,20.583266,108.55272,351.67685,0,0.4322809,0.90483391,0,8.5994303,3.140068,18,43.2,36,0.28125,5,398.1,19.2,8256.8
2,2,-2,-4,23.678038,125.2221,374.95241,0,0.4036069,0.9184726,0,-1.3045658,1.5570483,-2.96875,12.555078,8,0.16875,5,39.445312,1.59375,976.27148
2,2,-2,-3,26.776372,141.05348,397.82312,0,0.37467286,0.92923668,0,-2.4192299,1.4130163,-6,12.28125,7,0.2,5,0,0,0
2,2,-2,-2,29.875762,156.09657,420.52815,0,0.34575248,0.93700899,0,-1.9641583,1.7038315,-5.3229814,21.32113,14,0.31677019,5,101.92081,3.484472,2981.1836
2,2,-2,-1,32.969143,170.38399,443.29422,0,0.31711348,0.94170586,0,440.01242,12.378698,1306.6687,1351.2978,1339,0.52147239,5,43008.4,1306.6687,1415702.3
2,2,-2,0,36.042749,183.93522,466.34362,0,0.28901338,0.94327706,0,6.9920429,2.5040302,22.820513,66.791584,54,0.48717949,5,827.88462,22.974359,29838.436
2,2,-2,1,39.072914,196.76222,489.90186,0,0.26168984,0.94170586,1,182.14754,7.2103251,655.46835,673.23474,668,0.18987342,2,25392.114,655.46835,983665.77
2,2,-2,2,42.021327,208.8793,514.20583,0,0.23534229,0.93700899,1,0,0,0,0,0,0,0,0,0,0
2,2,-2,3,44.828021,220.32069,539.51363,0,0.21009899,0.92923668,1,0,0,0,0,0,0,0,0,0,0
2,2,-2,4,47.400809,231.17277,566.11762,0,0.18595958,0.9184726,1,0,0,0,0,0,0,0,0,0,0
2,2,-2,9,44.058741,305.2309,736.30296,0,0.038606209,0.82504789,1,0.13194957,0.12611605,2.8198758,7.2641488,6,0.049689441,2,108.76398,2.8198758,4195.2415
2,2,-1,-11,-7.9234094,12.463401,180.52439,0,0.54533552,0.78936438,1,-1.4584695,1.0269996,-2.1111111,2.2098765,1,0.049382716,1,0,0,0
2,2,-1,-10,-5.1848931,36.130065,213.02677,0,0.52276715,0.81666163,0,65.479823,6.9749426,102.29193,118.72686,114,0.18012422,5,-539.02329,102.29193,2856.2721
2,2,-1,-9,-2.5173985,58.314292,242.77495,0,0.4979557,0.84241915,0,78.937667,7.2280481,133.54321,149.52614,145,0.17901235,5,-335.82407,133.54321,860.88349
2,2,-1,-8,0.080453645,79.255724,270.37085,0,0.47122179,0.86631895,0,13.326424,3.4005045,24.5,39.083333,35,0.16666667,5,4.0694444,27.944444,3.6631944
2,2,-1,-7,2.6070519,99.147234,296.29566,0,0.44285985,0.88807649,0,178.19252,9.8209162,357.33333,387.85744,379,0.33333333,5,929.64937,357.37736,2445.4776
2,2,-1,-6,5.0571559,118.14694,320.94426,0,0.41314236,0.90744071,0,273.00298,11.450878,599.63354,632.5788,623,0.35403727,5,3040.5839,599.96273,15456.554
2,2,-1,-5,7.4207885,136.38718,344.6496,0,0.38232242,0.92419404,0,30.097886,4.2122607,72.756098,103.68055,95,0.34756098,5,546.22561,73.439024,4071.1509
2,2,-1,-4,9.6813993,153.98168,367.7006,0,0.35063446,0.93815237,0,0.46718751,1.3806425,1.25,13.645833,10,0.13461538,5,26.1875,2.5833333,266.41146
2,2,-1,-3,11.812815,171.03217,390.35584,0,0.31829255,0.94916505,0,0.44640738,0.8670323,1.3312102,6.6849949,5,0.057324841,5,22.643312,1.9617834,262.04618
2,2,-1,-2,13.774039,187.63557,412.85455,0,0.2854849,0.95711495,0,845.10739,16.000414,2833.3019,2877.5596,2865,0.50314465,5,38873.797,2833.3019,533469.29
2,2,-1,-1,15.499974,203.8938,435.42609,0,0.25236152,0.96191835,0,81.748987,5.0588272,311.6,371.8175,355,0.7,6,4997.7531,322.7875,77401.199
2,2,-1,0,16.883734,219.93021,458.29902,0,0.21900844,0.96352507,0,4837.2114,33.237205,21281.255,21382.246,21353,1.1210191,5,358579.43,21281.255,6042987
2,2,-1,1,17.739693,235.92176,481.71115,0,0.18539196,0.96191835,0,79.093567,4.1862262,410.38217,471.78052,454,0.68152866,5,7300.0685,411.08917,129654.87
2,2,-1,2,17.715255,252.17338,505.92349,0,0.15122602,0.95711495,0,850.26114,11.662663,5381.3333,5448.4198,5429,0.72222222,5,95369.37,5381.3333,1690687
2,2,-1,3,16.031274,269.32835,531.24669,0,0.11559268,0.94916505,0,245.16616,5.5258899,2013.1304,2058.862,2046,0.52173913,5,32278.043,2013.1304,517877.69
2,2,-1,4,10.356391,289.23752,558.12403,0,0.075364999,0.93815237,0,1466.5021,10.885481,18255.191,18361.265,18330,1.1334758,8,188592.55,18255.191,1957192.3
2,2,0,-9,-15.431119,70.249613,235.3573,0,0.47773588,0.84831006,1,0,0,0,0,0,0,0,0,0,0
2,2,0,-8,-13.662594,90.870658,263.03541,0,0.45088887,0.87241111,1,0,0,0,0,0,0,0,0,0,0
2,2,0,-7,-12.099186,110.52226,289.01748,0,0.42237674,0.89434622,1,0,0,0,0,0,0,0,0,0,0
2,2,0,-6,-10.779912,129.35209,313.70001,0,0.39247636,0.91386435,1,0,0,0,0,0,0,0,0,0,0
2,2,0,-5,-9.7613291,147.4844,337.41703,0,0.36144526,0.9307479,1,0,0,0,0,0,0,0,0,0,0
2,2,0,-4,-9.1259227,165.02646,360.45807,0,0.32952282,0.94481277,1,0,0,0,0,0,0,0,0,0,0
2,2,0,-3,-8.9961584,182.07458,383.08187,0,0.29692893,0.95590833,1,0,0,0,0,0,0,0,0,0,0
2,2,0,-2,-9.5590392,198.72086,405.52732,0,0.26385887,0.96391741,1,0,0,0,0,0,0,0,0,0,0
2,2,0,-1,-11.111397,215.06292,428.02292,0,0.23047082,0.96875634,1,0,0,0,0,0,0,0,0,0,0
2,2,0,0,-14.14926,231.22099,450.79576,0,0.19685806,0.97037489,1,0,0,0,0,0,0,0,0,0,0
2,3,-5,2,42.270103,9.9598779,602.30231,0,0.54215005,0.78008246,1,0,0,0,0,0,0,0,0,0,0
2,3,-5,3,43.41709,19.315018,632.87304,0,0.51844496,0.77386715,1,0,0,0,0,0,0,0,0,0,0
2,3,-5,4,44.297883,28.109138,665.58252,0,0.49404641,0.76528289,1,0,0,0,0,0,0,0,0,0,0
2,3,-5,5,44.869412,36.622704,701.01165,0,0.46859621,0.75444682,1,0,0,0,0,0,0,0,0,0,0
2,3,-5,6,45.077438,45.252042,739.89415,0,0.44157169,0.74150958,1,0,0,0,0,0,0,0,0,0,0
2,3,-4,-3,30.243347,11.313795,454.1699,0,0.57920525,0.82311471,0,557.03089,20.17031,791.60248,821.63875,813,0.32919255,5,23959.901,793.04348,723911.43
2,3,-4,-2,32.383746,26.253996,478.74068,0,0.5543382,0.82986275,0,35.669729,5.5149441,53.398773,68.162445,64,0.16564417,5,1810.4816,56.147239,58383.936
2,3,-4,-1,34.391268,40.109076,503.55375,0,0.52927752,0.83394504,0,287.62175,13.953282,453.18519,483.34888,475,0.35185185,5,15621.574,455.16049,536169.29
2,3,-4,0,36.242933,53.0003,528.88286,0,0.50409395,0.83531139,0,18.808469,4.1083982,31.166667,46.346708,42,0.16666667,5,1210.9985,33.376543,43942.061
2,3,-4,1,37.910635,65.054759,555.01513,0,0.47880306,0.83394504,1,310.57636,13.745504,540.93976,573.16853,564,0.34939759,5,20486.681,540.93976,775913.8
2,3,-4,2,39.360018,76.41872,582.26409,0,0.45334998,0.82986275,1,0.48142259,1.5466529,0.88125,8.0155078,6,0.08125,2,139.13438,3.6375,5321.8898
2,3,-4,3,40.548804,87.275526,610.98558,0,0.42758832,0.82311471,1,0,0,0,0,0,0,0,0,0,0
2,3,-4,4,41.424136,97.871594,641.59863,0,0.4012502,0.81378462,1,0,0,0,0,0,0,0,0,0,0
2,3,-4,5,41.918028,108.55712,674.6149,0,0.37390068,0.80198963,1,0,0,0,0,0,0,0,0,0,0
2,3,-4,6,41.938981,119.85518,710.68272,0,0.34486302,0.78788038,1,0,0,0,0,0,0,0,0,0,0
2,3,-4,7,41.355187,132.59085,750.65851,0,0.31308124,0.77164098,1,0,0,0,0,0,0,0,0,0,0
2,3,-3,-6,17.553252,8.4042887,371.20139,0,0.58832661,0.82676009,0,2.8838729,3.1511664,4.0526316,19.609418,15,0.17105263,5,155.76316,8.9473684,2717.5066
2,3,-3,-5,19.935781,27.323193,395.80392,0,0.56185015,0.84178091,0,272.56025,13.776007,408.35802,425.99436,421,0.19753086,5,8115.9784,408.35802,161336.01
2,3,-3,-4,22.230606,45.016874,419.83667,0,0.5346805,0.85432172,0,11.214198,3.7732232,17.918239,36.34789,31,0.20125786,5,432.80189,19.371069,9671.739
2,3,-3,-3,24.423874,61.631222,443.58035,0,0.50700337,0.8642319,0,242.77253,12.294236,413.82716,439.17939,432,0.28395062,5,10135.938,416.17284,246887.28
2,3,-3,-2,26.497177,77.294913,467.29645,0,0.47897542,0.87139428,0,15.587429,3.7277846,28.358025,45.994361,41,0.19753086,5,809.82407,30.679012,21379.269
2,3,-3,-1,28.426406,92.128968,491.23822,0,0.45071688,0.87572519,0,294.8,12.650406,572.78481,604.13916,595,0.34177215,5,16248.642,572.78481,460976.64
2,3,-3,0,30.180182,106.25741,515.66104,0,0.42230038,0.8771744,0,297.944,12.257812,618.86957,648.26843,640,0.33540373,5,18674.783,618.86957,563551.31
2,3,-3,1,31.717606,119.82069,540.83308,0,0.3937342,0.87572519,0,311.27952,12.0882,692.33333,722.85744,714,0.33333333,5,21951.083,692.33333,696003.82
2,3,-3,2,32.984873,132.9945,567.0478,0,0.36493737,0.87139428,0,18.986318,3.328685,45.335366,63.173966,58,0.18902439,5,1579.7439,48.012195,51987.754
2,3,-3,3,33.909832,146.01821,594.63964,0,0.33570101,0.8642319,0,0.21742788,1.2030503,0.55974843,9.5923025,7,0.10062893,5,94.113208,2.7798742,3186.6297
2,3,-3,4,34.39246,159.24205,624.00599,0,0.30562542,0.85432172,0,15.114533,2.6761504,42.25,55.960938,52,0.15,5,1473.4375,42.875,50640.07
2,3,-3,5,34.286414,173.21243,655.64084,0,0.27400759,0.84178091,0,250.372,9.1725797,769.16981,794.06479,787,0.28301887,5,26355.717,769.16981,903143.35
2,3,-3,6,33.358438,188.84704,690.19262,0,0.23961153,0.82676009,0,3.0713619,1.4151938,10.597484,23.843796,20,0.14465409,5,470.29717,14.09434,15693.805
2,3,-3,7,31.181348,207.86514,728.58196,0,0.20009813,0.80944339,0,310.59493,8.8898588,1256.4286,1293.2325,1283,0.42857143,5,39129.697,1256.4286,1218813.8
2,3,-2,-7,7.2605918,24.890523,338.80289,0,0.56364224,0.83795236,0,125.60755,9.707881,186.7375,208.29578,202,0.23125,5,1349.4031,187.3375,9726.0773
2,3,-2,-6,9.4522197,45.173221,363.68915,0,0.53552827,0.85603857,0,98.776999,8.3699198,157.89441,179.00471,173,0.23602484,5,1487.6134,157.89441,14030.403
2,3,-2,-5,11.538662,64.314255,387.73227,0,0.50637664,0.8717105,0,338.09098,14.296646,582.01235,605.71117,599,0.2654321,5,6727.3056,582.01235,77814.345
2,3,-2,-4,13.503387,82.478463,411.22998,0,0.47638336,0.88478404,0,82.186091,7.1031662,152.64375,174.04652,168,0.24375,5,2066.2141,152.64375,27982.287
2,3,-2,-3,15.323591,99.812235,434.45096,0,0.44571651,0.89510857,0,584.30818,17.27312,1173.4348,1203.3046,1195,0.34782609,5,17904.34,1173.4348,273239.32
2,3,-2,-2,16.968057,116.45372,457.64679,0,0.41450927,0.90256691,0,510.60081,15.553276,1111.8,1146.9225,1137,0.4,5,18838.969,1111.8,319300.47
2,3,-2,-1,18.393913,132.54439,481.06241,0,0.38284807,0.90707539,0,205.17579,9.5267554,486.1195,509.47617,503,0.27672956,5,8915.1399,486.1195,163523.72
2,3,-2,0,19.541538,148.24417,504.94636,0,0.35075315,0.9085838,0,-1.9447868,1.2516563,-5.0377358,10.512282,6,0.16981132,5,7.3867925,0.36477987,149.58255
2,3,-2,1,20.326095,163.75418,529.562,0,0.31814587,0.90707539,0,173.49697,7.9560798,494.6625,514.55578,509,0.23125,5,10070.3,495.6,204648.55
2,3,-2,2,20.622392,179.35471,555.20154,0,0.28479154,0.90256691,0,554.19796,13.347181,1756.375,1789.3023,1780,0.375,5,36173.706,1756.375,745151.41
2,3,-2,3,20.235072,195.47595,582.20632,0,0.25019121,0.89510857,0,561.69849,12.635592,2009.5875,2043.6124,2034,0.3875,5,40622.481,2009.5875,821322.36
2,3,-2,4,18.831367,212.84934,611.00122,0,0.21334874,0.88478404,0,82.588068,4.5581853,342.50311,357.3373,353,0.16149068,5,6430.222,342.50311,120768.99
2,3,-2,5,15.755566,232.90245,642.16779,0,0.17215698,0.8717105,0,315.9721,7.9691284,1599.913,1628.2344,1620,0.30434783,5,25152.326,1599.913,395714.35
2,3,-2,6,9.2958213,259.23838,676.67301,0,0.1210595,0.85603857,0,96.908409,3.7791115,685.26087,714.11531,706,0.32919255,7,6281.9674,685.26087,57863.481
2,3,-2,7,-15.158769,320.26623,718.80629,0,0.014198435,0.83795236,1,0.089113958,0.058384731,5.2592593,11.872885,10,0.074074074,4,-31.660494,5.2592593,191.43364
2,3,-1,-8,-4.7156453,26.764589,305.90789,0,0.55709001,0.83484501,0,311.72867,14.869258,467.15094,496.5232,488,0.32075472,5,-2234.7846,467.15094,10718.027
2,3,-1,-7,-2.9105192,48.18975,331.68849,0,0.52883809,0.85566064,0,7.6530947,3.5382681,12.382716,32.774729,27,0.22839506,5,-37.5,13.728395,106.95679
2,3,-1,-6,-1.2628941,68.454443,356.30062,0,0.49922529,0.87420855,0,159.98292,9.9285563,280.15094,302.27981,296,0.25157233,5,-367.81132,282.30189,492.03066
2,3,-1,-5,0.20101721,87.746035,380.07737,0,0.46845804,0.89027115,0,36.594007,5.0681748,69.544304,92.769748,86,0.25316456,5,12.911392,75.886076,4.7428797
2,3,-1,-4,1.4450555,106.22994,403.3101,0,0.43671395,0.90366433,0,143.19503,8.6400907,296.30435,319.63678,313,0.26086957,5,417.38043,296.30435,612.72399
2,3,-1,-3,2.4191869,124.06073,426.26253,0,0.4041356,0.91423747,0,132.33701,8.0460794,299.37342,331.3084,322,0.34810127,5,719.33544,299.89873,1746.8228
2,3,-1,-2,3.0532921,141.39431,449.18243,0,0.37081905,0.92187339,0,1.8366663,2.1627098,4.5660377,28.907796,22,0.27672956,5,17.259434,5.3396226,57.277123
2,3,-1,-1,3.2469138,158.40383,472.31219,0,0.33679371,0.92648842,0,3.4534055,2.1135767,9.5,33.805556,27,0.27777778,5,48.277778,14.222222,164.61111
2,3,-1,0,2.8513241,175.30402,495.89964,0,0.30198628,0.92803234,0,50.515531,4.5015299,155.23899,191.36921,181,0.40251572,5,451.57862,157.4717,1303.603
2,3,-1,1,1.6356538,192.39369,520.21096,0,0.26615292,0.92648842,0,420.33115,11.091957,1463.1887,1490.8498,1483,0.31446541,5,2419.7689,1463.1887,4108.4587
2,3,-1,2,-0.78420625,210.14107,545.54914,0,0.22873897,0.92187339,0,289.31874,8.5524608,1166.0245,1188.0766,1182,0.25766871,5,-903.3773,1166.0245,810.80905
2,3,-1,3,-5.1196215,229.38612,572.28743,0,0.188541,0.91423747,0,124.06447,5.1756953,601.59006,629.85973,622,0.32919255,5,-3094.6988,601.59006,16009.938
2,3,-1,4,-12.956664,251.96652,600.95287,0,0.14264845,0.90366433,1,0,0,0,0,0,0,0,0,0,0
2,3,0,-8,-16.117405,36.09943,298.35889,0,0.54246299,0.84067067,1,0,0,0,0,0,0,0,0,0,0
2,3,0,-7,-14.985122,57.133016,324.18007,0,0.51440549,0.86166389,1,0,0,0,0,0,0,0,0,0,0
2,3,0,-6,-14.107586,77.043524,348.807,0,0.48501854,0.8803657,1,0,0,0,0,0,0,0,0,0,0
2,3,0,-5,-13.532637,96.00433,372.57272,0,0.45452304,0.89655852,1,0,0,0,0,0,0,0,0,0,0
2,3,0,-4,-13.324959,114.16661,395.76784,0,0.42311448,0.91005825,1,0,0,0,0,0,0,0,0,0,0
2,3,0,-3,-13.572835,131.66921,418.65452,0,0.3909581,0.92071425,1,0,0,0,0,0,0,0,0,0,0
2,3,0,-2,-14.398639,148.64918,441.47795,0,0.35817964,0.92840937,1,0,0,0,0,0,0,0,0,0,0
2,3,0,-1,-15.975681,165.25546,464.47654,0,0.32484839,0.93305991,1,0,0,0,0,0,0,0,0,0,0
2,4,-5,4,30.37068,7.0003996,730.91441,0,0.4948764,0.72832846,0,16.769665,3.9533477,24.680556,33.852527,31,0.097222222,5,791.2934,26.034722,24052.145
2,4,-4,0,24.123718,16.885932,577.33485,0,0.54142977,0.79359259,0,72.474114,7.6454374,106.22785,125.57859,120,0.21518987,5,2588.6329,107.46835,62360.704
2,4,-4,1,24.91532,31.807043,605.43884,0,0.5113451,0.79231416,0,128.13248,9.4202352,198.5375,213.05422,209,0.16875,5,4941.1906,198.5375,122987.96
2,4,-4,2,25.41303,46.429957,635.06572,0,0.48018948,0.7884956,0,55.630491,6.2322001,91.348101,104.72637,101,0.15822785,5,2341.9873,92.278481,59445.188
2,4,-4,3,25.555251,61.110865,666.67161,0,0.44762727,0.78218711,0,94.693643,7.6835649,165.46835,180.26598,176,0.16455696,5,4221.6076,165.46835,107721.18
2,4,-4,4,25.257876,76.344183,700.81594,0,0.41312362,0.7734724,0,45.432995,5.3130528,85.062112,98.950465,95,0.1552795,5,2200.4627,87.242236,55505.397
2,4,-4,5,24.399646,92.865566,738.21543,0,0.37583307,0.76246861,0,79.632305,6.5703964,161.55346,177.6794,173,0.17610063,5,3974.6525,163.05031,96902.804
2,4,-3,-3,14.354146,16.11454,485.3208,0,0.56725344,0.82069269,0,95.331864,8.6013575,137.92453,154.86057,150,0.18867925,5,2002.6053,139.74214,28709.894
2,4,-3,-2,15.56138,33.752789,510.03206,0,0.53701246,0.82741552,0,35.696315,5.5559347,55,73.28125,68,0.2,5,859.00781,55.03125,13417.049
2,4,-3,-1,16.544636,50.653115,535.17475,0,0.50596429,0.83148269,0,139.95696,9.5595893,230,246.8,242,0.1875,5,3820.95,230.6,63327.913
2,4,-3,0,17.259837,67.036559,561.04323,0,0.47405628,0.83284399,0,17.034404,3.9575232,29.926829,48.340869,43,0.19512195,5,584.25915,33.829268,10091.745
2,4,-3,1,17.648703,83.163686,587.95692,0,0.44113979,0.83148269,0,132.44537,8.7822395,249.63975,274.0088,267,0.26708075,5,4477.3494,253.48447,79097.635
2,4,-3,2,17.631985,99.368669,616.27846,0,0.40692908,0.82741552,0,33.84918,4.4800685,68.826087,82.981096,79,0.16149068,5,1231.5978,69.782609,21743.361
2,4,-3,3,17.097466,116.11564,646.43877,0,0.37093102,0.82069269,0,95.918735,6.873454,212.22222,231.27298,226,0.22222222,5,3623.9198,212.22222,61901.424
2,4,-3,4,15.876602,134.10245,678.97617,0,0.33231396,0.81139789,0,14.128472,2.7910952,34.496933,46.44296,43,0.12883436,5,560.34816,35.331288,8889.8248
2,4,-3,5,13.693196,154.47841,714.60565,0,0.28962942,0.79964827,0,39.558104,4.0156641,109.21739,122.92138,119,0.1552795,5,1461.9783,109.21739,19581.565
2,4,-3,6,10.028012,179.39465,754.36668,0,0.24009676,0.78559448,0,76.219717,5.0329657,249.39024,271.18908,265,0.24390244,6,2508.2073,251.80488,25024.079
2,4,-2,-5,3.6293726,12.437575,426.40023,0,0.58092045,0.82771243,0,58.327635,7.1571941,83.106918,103.9947,98,0.2327044,5,311.04403,84.327044,1150.456
2,4,-2,-4,4.8310016,32.170018,450.49757,0,0.55039671,0.83999477,0,14.534004,4.0659579,22.18125,38.505898,34,0.19375,5,119.9,25.1375,572.29922
2,4,-2,-3,5.8146651,50.973793,474.45276,0,0.51889417,0.84970392,0,186.77364,11.041047,305.84713,326.88742,321,0.24840764,5,1767.6146,306.34395,10212.201
2,4,-2,-2,6.5386463,69.055242,498.53851,0,0.48646353,0.85672271,0,169.49579,10.178528,298.50314,321.32898,315,0.27044025,5,1970.5377,302.1761,12869.983
2,4,-2,-1,6.9474839,86.631679,523.02629,0,0.45309018,0.86096746,0,120.14547,8.326157,228.30189,250.31874,244,0.24528302,5,1573.0252,228.30189,10852.388
2,4,-2,0,6.9659258,103.95324,548.19893,0,0.41866864,0.86238795,0,69.163535,6.2237684,142.46541,164.35062,158,0.23899371,5,1024.5189,146.86792,7155.9151
2,4,-2,1,6.4887583,121.33544,574.36551,0,0.38296004,0.86096746,0,142.77325,8.2885363,320.9816,347.23399,340,0.30674847,5,2071.184,320.9816,13388.923
2,4,-2,2,5.3624132,139.21372,601.88105,0,0.34551719,0.85672271,0,0.053266179,1.727212,0.13207547,18.341403,13,0.19496855,5,17.976415,3.6792453,88.682783
2,4,-2,3,3.3483519,158.24674,631.17695,0,0.3055392,0.84970392,0,97.686009,6.0822559,271.6646,286.10848,282,0.16149068,5,890.9736,275.03727,2908.8047
2,4,-2,4,0.039700385,179.54252,662.81606,0,0.26154782,0.83999477,0,12.116292,2.2042206,38.913043,50.114232,47,0.13043478,5,-1.1164596,38.913043,4.3109472
2,4,-2,5,-5.37226,205.27335,697.61856,0,0.21049222,0.82771243,0,70.431699,4.3070871,276.95652,286.84955,284,0.11180124,5,-1482.9565,276.95652,8002.1576
2,4,-2,6,-15.062525,241.16006,737.09911,0,0.14405581,0.81300752,1,0,0,0,0,0,0,0,0,0,0
2,4,-1,-6,-7.0722452,12.623056,393.53874,0,0.58254005,0.83005824,1,58.738131,6.6462315,83.695652,89.68431,88,0.068322981,2,-569.93478,84.434783,3847.0598
2,4,-1,-5,-6.1847708,33.283952,417.75969,0,0.55215556,0.84515382,1,114.15349,8.9830358,174.7284,189.05792,185,0.16049383,4,-1101.1265,175.49383,6916.919
2,4,-1,-4,-5.555939,52.930103,441.54338,0,0.52065927,0.8577558,0,127.59253,9.329127,210.20126,236.2121,229,0.3081761,5,-1183.6635,212.49057,6607.0888
2,4,-1,-3,-5.235277,71.767867,465.16859,0,0.48814454,0.86771356,0,29.140823,4.9900423,51.8,78.68,71,0.3,5,-287.85,55.4,1499.2625
2,4,-1,-2,-5.2887081,90.003549,488.90096,0,0.45465059,0.87490993,0,30.48744,4.9272729,58.668712,89.905115,81,0.34355828,5,-340.25153,64.809816,1786.3206
2,4,-1,-1,-5.8056032,107.86179,513.00504,0,0.42014239,0.87926122,1,338.79738,12.96037,709.02484,735.66078,728,0.29192547,5,-4099.6134,709.02484,23739.994
2,4,-1,0,-6.9103473,125.61128,537.75687,0,0.38447748,0.88071723,1,304.97958,11.691659,698.6125,717.27133,712,0.2125,3,-4702.2219,698.6125,31657.61
2,4,-1,1,-8.7825441,143.6059,563.45918,0,0.34734787,0.87926122,1,0,0,0,0,0,0,0,0,0,0
2,4,-1,2,-11.695359,162.35928,590.46285,0,0.30817038,0.87490993,1,0,0,0,0,0,0,0,0,0,0
2,4,-1,3,-16.097184,182.70018,619.2026,0,0.26585302,0.86771356,1,0,0,0,0,0,0,0,0,0,0
2,5,-4,3,12.05263,23.285092,735.78018,0,0.47212851,0.73363686,0,148.31919,10.105557,230.47205,246.58254,242,0.18012422,5,2801.8913,232.85714,33733.83
2,5,-3,0,6.1694606,17.633492,615.03426,0,0.52731616,0.77991869,0,85.250631,7.9675405,126.08861,138.86892,135,0.13924051,5,779.74367,126.08861,4831.0767
2,5,-3,1,5.7416032,36.248133,644.4985,0,0.49099186,0.77867041,0,41.301128,5.6376213,65.5,79.9375,76,0.175,5,391.65625,68.875,2229.8672
2,5,-3,2,4.8250583,55.310119,675.87589,0,0.45248598,0.77494233,0,41.05013,5.2619594,70.303797,81.212613,78,0.12025316,5,348.21519,72.759494,1672.9019
2,5,-3,3,3.2825613,75.51477,709.73969,0,0.41106397,0.76878464,0,70.152429,6.3725259,131.20126,142.04102,139,0.12578616,5,431.26887,131.98113,1417.9123
2,5,-3,4,0.9013018,97.933487,746.83889,0,0.36550746,0.76028104,0,60.503225,5.5871257,125.85093,135.06185,132,0.093167702,5,113.77329,125.85093,115.21661
2,5,-2,-2,-2.3273585,13.261147,545.91792,0,0.55613115,0.8018511,0,181.90878,11.667808,262.28302,283.01638,277,0.22641509,5,-618.10535,264.00629,1458.2614
2,5,-2,-1,-2.5535265,32.517469,572.04704,0,0.52150335,0.80575676,0,40.205582,5.5836998,62.120253,74.428257,71,0.14556962,5,-157.05854,62.120253,403.48378
2,5,-2,0,-3.2051913,51.558999,599.14922,0,0.48533111,0.80706423,0,189.21246,11.043011,314.64417,337.22124,331,0.26380368,5,-1019.1012,316.96933,3290.5529
2,5,-2,1,-4.3852361,70.798042,627.59893,0,0.44727727,0.80575676,0,43.186943,5.2860179,77.8,90.68,87,0.14375,5,-341.85,77.8,1508.8625
2,5,-2,2,-6.24097,90.794332,657.83876,0,0.40677302,0.8018511,1,198.30668,10.280287,390.91195,410.67066,405,0.22012579,4,-2442.7704,391.13208,15278.722
2,5,-2,3,-8.9962447,112.37962,690.42227,0,0.36286065,0.79539745,1,0,0,0,0,0,0,0,0,0,0
2,5,-2,4,-13.022487,136.92638,726.09263,0,0.31384754,0.7864795,1,0,0,0,0,0,0,0,0,0,0
2,5,-1,-3,-11.98274,12.442273,509.54728,0,0.56695615,0.81196804,1,0,0,0,0,0,0,0,0,0,0
2,5,-1,-2,-12.442341,32.03038,534.58844,0,0.53324796,0.81859926,1,0,0,0,0,0,0,0,0,0,0
2,5,-1,-1,-13.345967,51.151525,560.21576,0,0.49820256,0.82261147,1,0,0,0,0,0,0,0,0,0,0
2,5,-1,0,-14.793664,70.134384,586.74979,0,0.46162422,0.82395446,1,0,0,0,0,0,0,0,0,0,0
2,5,-1,1,-16.923801,89.395656,614.54982,0,0.4231551,0.82261147,1,0,0,0,0,0,0,0,0,0,0
2,6,-2,1,-13.578097,10.756293,694.51834,0,0.50527822,0.74449651,1,0,0,0,0,0,0,0,0,0,0
2,6,-2,2,-15.848551,33.368785,728.86017,0,0.46178599,0.74100528,1,0,0,0,0,0,0,0,0,0,0
2,-8,-1,0,23.01486,783.88495,29.680275,1,0.65351293,0.63090458,0,9.9283791,3.8082249,9.5849057,13.516497,12,0.037735849,5,234.73428,10.194969,5405.2756
2,-8,0,0,31.704535,772.02127,19.125668,1,0.63477004,0.6345565,0,17.527635,5.4352737,17.521739,29.522327,26,0.13043478,5,683.29193,21.57764,21638.327
2,-8,0,1,30.733454,789.96453,55.853197,1,0.6749956,0.63369147,0,9.937271,4.8179548,9.3291925,20.458759,17,0.11801242,5,342.38665,11.173913,10495.04
2,-8,1,1,39.556814,791.14852,42.588891,1,0.66857656,0.63005138,1,-0.9157836,0.6475568,-0.8630137,0.37239632,0,0.01369863,1,0,0,0
2,-7,-4,-3,-5.4979811,782.83047,8.5166599,1,0.64014997,0.62655964,0,6.9474948,3.4821511,6.8,11.616,10,0.051612903,5,-38,6.8,213.325
2,-7,-4,-2,-5.4488822,792.21948,48.424614,1,0.6730601,0.63079593,0,2.4525105,3.2645203,2.2985075,9.3607106,7,0.074626866,5,-16.503731,3.238806,84.29944
2,-7,-3,-3,0.92431409,731.81897,7.6587908,1,0.58299431,0.65275332,0,29.565087,5.6677923,33.10274,40.271463,38,0.075342466,5,27.327055,33.10274,26.171661
2,-7,-3,-2,0.62710543,744.00301,47.404277,1,0.61939745,0.65740396,0,133.38589,11.612435,141.57051,151.90512,149,0.12179487,5,93.133013,142.35256,67.182292
2,-7,-3,-1,0.65430829,756.00543,83.234296,1,0.65328238,0.66022782,0,0.12368503,2.6327412,0.125,7.0794922,5,0.075,5,3.53125,3.375,6.7734375
2,-7,-3,0,0.95775344,768.20007,116.04639,1,0.68509619,0.66117469,0,-1.59663,2.8704149,-1.5408805,7.6739449,5,0.10062893,5,1.4779874,1.1823899,1.8474843
2,-7,-3,1,1.5005361,780.86398,146.52017,1,0.71513875,0.66022782,0,5.4291387,3.9676063,5.0122699,13.417271,11,0.098159509,6,12.292945,6.6319018,25.24885
2,-7,-2,-2,8.5606063,706.44383,42.174895,1,0.57100143,0.67791695,0,18.748711,4.6285306,22.259259,30.197074,28,0.092592593,5,191.8858,22.259259,1657.848
2,-7,-2,-1,8.1409149,720.78417,78.36169,1,0.60843551,0.68091838,0,34.899079,6.1651513,39.056604,47.604553,45,0.094339623,5,340.10849,41.830189,2767.2276
2,-7,-2,0,8.064929,734.84703,111.34068,1,0.64345623,0.68192444,0,-0.18871775,2.5557149,-0.2,7.336,5,0.08125,5,9.7,1.2,78.575
2,-7,-2,1,8.2792452,749.01277,141.84362,1,0.67646327,0.68091838,0,40.607563,7.1914091,40.875,52.399805,49,0.125,5,358.73438,43.125,2986.0859
2,-7,-2,2,8.743243,763.56925,170.43648,1,0.70771479,0.67791695,0,9.2334902,4.5318151,8.8447205,18.844335,16,0.11180124,5,87.518634,10.024845,764.35326
2,-7,-2,3,9.4252041,778.75174,197.57683,1,0.73736591,0.67297034,0,19.859355,5.9201468,18.125,29.193805,26,0.125,5,170.95469,18.30625,1597.6598
2,-7,-1,-2,18.293618,679.75631,33.551505,1,0.53215854,0.69082764,0,69.213278,7.4952766,89.85,94.674422,93,0.05,5,1638.7625,89.85,29897.378
2,-7,-1,-1,17.25913,696.38654,70.569806,1,0.57315998,0.69393562,0,26.640914,5.5083501,32.254658,44.476409,41,0.13664596,5,597.83696,34.639752,10318.74
2,-7,-1,0,16.663938,712.24894,104.09954,1,0.61128152,0.69497719,0,302.17148,16.844862,343.5443,366.76975,360,0.25316456,5,5767.4842,345.48101,96298.808
2,-7,-1,1,16.430434,727.8543,134.95677,1,0.64705826,0.69393562,0,20.110927,5.6090951,21.567901,36.185719,32,0.16049383,5,445.25772,27.191358,7292.3569
2,-7,-1,2,16.501606,743.57192,163.75733,1,0.68083534,0.69082764,0,69.708176,8.938316,70.73125,82.25582,79,0.13125,5,1228.1422,74.45625,20263.541
2,-7,-1,3,16.834155,759.68969,190.98887,1,0.71282662,0.68570346,0,75.627644,9.7899118,72.75,88.6875,84,0.17307692,5,1262.5625,75.25,21191.078
2,-7,-1,4,17.394384,776.45048,217.056,1,0.74315013,0.67864676,0,154.77354,13.801813,141.33962,158.85713,154,0.20754717,5,2474.6006,142.64151,42938.33
2,-7,0,-2,29.423818,665.00439,22.125165,1,0.50686501,0.69523168,0,573.86854,20.830834,787.1358,816.37144,808,0.32098765,5,23155.506,787.1358,681231.11
2,-7,0,-1,27.661389,683.57427,60.292778,1,0.55094679,0.69837518,0,79.969605,8.5035029,101.36875,116.18605,112,0.16875,5,2855.5531,103.125,79075.845
2,-7,0,0,26.449998,700.93005,94.638281,1,0.5916528,0.6994286,0,-0.63039063,2.6959537,-0.74522293,10.157288,7,0.12101911,5,40.573248,1.5541401,1059.8615
2,-7,0,1,25.683518,717.71978,126.08193,1,0.62966469,0.69837518,0,82.64793,8.9879879,91.666667,99.376542,97,0.083333333,5,2354.2115,91.666667,60466.511
2,-7,0,2,25.286031,734.39613,155.30169,1,0.66541914,0.69523168,0,601.22406,24.428935,628.16049,651.44475,645,0.27160494,5,15875.056,628.22222,401191.47
2,-7,0,3,25.201037,751.30038,182.82392,1,0.69919072,0.69004831,0,-2.3017013,3.5184576,-2.2716049,12.057918,8,0.16049383,5,50.722222,2.0493827,1255.8873
2,-7,0,4,25.385258,768.71095,209.07789,1,0.73113975,0.68290875,0,23.82654,6.1737161,22.254777,33.252007,30,0.12101911,5,561.30255,22.254777,14162.021
2,-7,0,5,25.804851,786.87431,234.43129,1,0.7613418,0.67393015,0,36.912915,7.1552895,32.674847,40.116667,38,0.085889571,5,852.82669,33.196319,21911.259
2,-7,1,-2,41.207547,663.39123,8.1591393,1,0.49779895,0.69082764,1,0,0,0,0,0,0,0,0,0,0
2,-7,1,-1,38.731665,683.20684,47.661528,1,0.54395466,0.69393562,1,22.188393,4.8088731,28.30625,37.635664,35,0.10625,3,1147.5422,29.66875,44386.098
2,-7,1,0,36.902878,701.50945,83.001673,1,0.58634686,0.69497719,0,301.87628,16.301448,357.8038,373.32258,369,0.1835443,5,13213.326,358.50633,487022.74
2,-7,1,1,35.592566,719.05217,115.20434,1,0.62576765,0.69393562,0,26.400764,5.5103521,29.27673,37.339702,35,0.088050314,5,1044.2343,29.27673,37248.99
2,-7,1,2,34.709707,736.35071,145.01124,1,0.66272223,0.69082764,0,80.908377,9.4913409,84.339623,97.888454,94,0.1509434,5,2983.7516,85.949686,103586.81
2,-7,1,3,34.187069,753.78702,172.98981,1,0.69753066,0.68570346,0,114.18612,11.416813,112.25,125.96094,122,0.15,5,3888.1875,113.6875,132986.17
2,-7,1,4,33.973426,771.66753,199.59681,1,0.73038522,0.67864676,0,155.5097,13.408481,144.49383,155.21824,152,0.11728395,5,4967.6265,146.23457,168762.08
2,-7,1,5,34.028852,790.25925,225.2188,1,0.76138498,0.66977471,0,38.535326,7.6714193,33.898734,45.540766,42,0.12658228,5,1163.9968,34.113924,39721.79
2,-7,2,0,47.427705,714.3313,68.844364,1,0.59524028,0.68192444,1,0,0,0,0,0,0,0,0,0,0
2,-7,2,1,45.647468,732.1237,101.98323,1,0.635141,0.68091838,1,0,0,0,0,0,0,0,0,0,0
2,-7,2,2,44.330993,749.66261,132.55316,1,0.67244941,0.67791695,1,0,0,0,0,0,0,0,0,0,0
2,-7,2,3,43.406888,767.34913,161.16216,1,0.70750472,0.67297034,1,0,0,0,0,0,0,0,0,0,0
2,-7,2,4,42.820426,785.50502,188.29596,1,0.74051393,0.66616226,1,0,0,0,0,0,0,0,0,0,0
2,-6,-4,-5,-15.377303,709.06948,6.7066806,1,0.55522147,0.66481741,1,0,0,0,0,0,0,0,0,0,0
2,-6,-4,-4,-15.427878,716.77431,47.742999,1,0.58688686,0.67356064,1,0,0,0,0,0,0,0,0,0,0
2,-6,-4,-3,-15.163322,724.46856,84.539379,1,0.61634017,0.68051713,1,0,0,0,0,0,0,0,0,0,0
2,-6,-4,-2,-14.627002,732.46317,118.05706,1,0.64406697,0.68556974,1,0,0,0,0,0,0,0,0,0,0
2,-6,-4,-1,-13.85294,740.9777,149.01478,1,0.67040639,0.68863479,1,0,0,0,0,0,0,0,0,0,0
2,-6,-4,0,-12.868644,750.17734,177.97067,1,0.69558824,0.68966204,1,0,0,0,0,0,0,0,0,0,0
2,-6,-4,1,-11.696847,760.19576,205.37431,1,0.71975731,0.68863479,1,0,0,0,0,0,0,0,0,0,0
2,-6,-4,2,-10.356609,771.15037,231.60177,1,0.7429899,0.68556974,1,0,0,0,0,0,0,0,0,0,0
2,-6,-4,3,-8.8640419,783.15352,256.98042,1,0.7653057,0.68051713,1,0,0,0,0,0,0,0,0,0,0
2,-6,-3,-4,-8.5553532,664.22224,43.539646,1,0.51646672,0.70402437,1,0,0,0,0,0,0,0,0,0,0
2,-6,-3,-3,-8.6594507,675.13212,80.638259,1,0.54990758,0.71156095,1,0,0,0,0,0,0,0,0,0,0
2,-6,-3,-2,-8.4230354,685.76199,114.27237,1,0.58129022,0.71702791,1,0,0,0,0,0,0,0,0,0,0
2,-6,-3,-1,-7.8986714,696.46534,145.21527,1,0.61106888,0.72034156,1,-1.3360793,0.66803967,-1.575,0.62015625,0,0.025,1,0,0,0
2,-6,-3,0,-7.1267967,707.49383,174.05469,1,0.63954619,0.72145169,1,-0.76303856,1.8785132,-0.86075949,4.4905464,3,0.063291139,2,-7.6740506,1.2278481,47.962816
2,-6,-3,1,-6.1394603,719.0379,201.25568,1,0.66691399,0.72034156,1,3.7901175,3.4523274,4.09375,13.904687,11,0.10625,4,-31.414062,5.34375,186.30273
2,-6,-3,2,-4.9625996,731.25206,227.20095,1,0.69327953,0.71702791,0,45.03404,7.4706657,46.576687,59.699951,56,0.14723926,5,-233.51227,47.288344,1155.888
2,-6,-3,3,-3.6174922,744.27179,252.21849,1,0.71868326,0.71156095,0,4.1647302,4.2734075,4.1234568,17.901844,14,0.15432099,5,-26.527778,7.0740741,103.1088
2,-6,-3,4,-2.1217185,758.22596,276.60161,1,0.7431112,0.70402437,0,13.022467,5.2150401,12.3375,24.410859,21,0.1375,5,-24.7,12.3375,51.921094
2,-6,-3,5,-0.48982008,773.24691,300.62454,1,0.7665038,0.69453533,0,23.488388,6.4070426,21.283019,33.703521,30,0.13836478,5,-12.136792,23.641509,8.317217
2,-6,-3,6,1.2662367,789.4796,324.55597,1,0.78876221,0.68324445,0,19.802478,5.9646929,17.153374,26.695386,24,0.11042945,5,23.889571,19.055215,34.083589
2,-6,-2,-4,1.2459453,619.9084,35.02075,1,0.45054297,0.72729143,0,20.868517,4.2365801,33.687117,46.770861,43,0.14110429,5,48.449387,36.141104,66.884586
2,-6,-2,-3,0.45292258,634.59246,73.234445,1,0.48908317,0.73524236,0,0.74834993,2.3139763,1.125,12.100781,9,0.125,5,2.31875,3.6375,1.6367188
2,-6,-2,-2,0.13293607,648.21093,107.59539,1,0.52487334,0.74100528,0,3.6301709,2.8422134,5.125,16.100781,13,0.125,5,0.75,7.85,0.490625
2,-6,-2,-1,0.19487572,661.34155,139.00498,1,0.55859228,0.74449651,0,93.315037,8.8568279,124.37107,139.34516,135,0.16352201,5,30.150943,125.59748,14.444182
2,-6,-2,0,0.57328217,674.37324,168.12434,1,0.59067988,0.74566583,0,100.89076,9.4948997,127.36306,143.6696,139,0.18471338,5,85.729299,127.36306,68.335987
2,-6,-2,1,1.2190665,687.5844,195.46218,1,0.62141585,0.74449651,0,70.730001,8.5924003,84.73913,105.97164,100,0.24223602,5,104.8913,85.826087,130.86413
2,-6,-2,2,2.0942627,701.18751,221.42751,1,0.65096595,0.74100528,0,2.4268295,3.7636447,2.7625,18.354531,14,0.18125,5,11.559375,5.1875,25.842969
2,-6,-2,3,3.1688645,715.3567,246.36361,1,0.67941102,0.73524236,0,4.440015,3.7190674,4.804878,16.198096,13,0.12804878,5,23.54878,6.5365854,87.115854
2,-6,-2,4,4.4188181,730.24613,270.57144,1,0.70676607,0.72729143,0,20.619922,6.1787351,21.21875,40.426367,35,0.21875,5,106.32031,23.94375,475.11211
2,-6,-2,5,5.8246934,746.00353,294.32716,1,0.7329933,0.71726965,0,88.435019,10.213726,86.537975,99.892605,96,0.14556962,5,511.83703,88.651899,2960.4996
2,-6,-2,6,7.3707734,762.78125,317.89626,1,0.75801106,0.70532766,0,2.0074464,4.1331255,1.8679245,14.790673,11,0.13836478,5,30.245283,4.2641509,214.75708
2,-6,-2,7,9.0444147,780.74647,341.5464,1,0.78169997,0.69164956,0,78.160157,10.288885,69.15625,82.875977,79,0.15625,5,656.60781,71.51875,6035.4387
2,-6,-1,-4,14.260088,585.24987,23.138901,1,0.39522646,0.74185457,0,14.043817,3.3121866,26.360759,38.652279,35,0.13291139,5,403.90665,28.651899,5696.8762
2,-6,-1,-3,12.341465,604.13485,63.134779,1,0.43966094,0.75005411,0,13.317102,3.2236562,22.71875,30.244531,28,0.08125,5,279.08594,22.71875,3430.1387
2,-6,-1,-2,11.133271,620.90444,98.684582,1,0.48022689,0.7559946,0,11.262265,3.6786362,17.72956,33.536529,29,0.17610063,5,201.06132,17.72956,2282.3565
2,-6,-1,-1,10.468045,636.49823,130.90809,1,0.51799586,0.75959238,0,1.427021,2.4566364,2.0925926,12.977481,10,0.12962963,5,30.33179,3.1049383,297.14159
2,-6,-1,0,10.234506,651.50931,160.58615,1,0.55363136,0.76079721,0,-1.8973746,2.0445101,-2.607362,7.8935978,5,0.12269939,5,8.803681,0.85889571,90.23773
2,-6,-1,1,10.354069,666.34016,188.29774,1,0.58755022,0.75959238,0,4.4322441,3.4511218,5.7300613,19.906357,16,0.16564417,5,71.884969,6.6319018,780.62002
2,-6,-1,2,10.768779,681.28269,214.49493,1,0.62000724,0.7559946,0,4.2563255,3.5690686,5.1898734,18.938853,15,0.15822785,5,100.6962,9.4683544,1071.6487
2,-6,-1,3,11.434542,696.56382,239.54793,1,0.65114393,0.75005411,0,14.45624,4.6197522,16.652174,28.31839,25,0.13043478,5,224.80745,19.627329,2576.3913
2,-6,-1,4,12.31706,712.37347,263.77426,1,0.68101849,0.74185457,0,16.4373,5.3050137,17.90566,33.39587,29,0.17610063,5,236.0283,19.283019,2889.8467
2,-6,-1,5,13.389262,728.88359,287.45946,1,0.70962524,0.73151315,0,15.599103,5.4108961,16.080247,31.111759,27,0.17901235,5,242.40278,18.092593,3249.0598
2,-6,-1,6,14.629602,746.26237,310.87287,1,0.73690741,0.71918049,0,33.454456,7.0459162,32.649682,47.285164,43,0.15923567,5,491.25796,33.375796,7236.6146
2,-6,-1,7,16.020903,764.68612,334.28127,1,0.76276577,0.70504069,0,1.8650725,4.1450553,1.7239264,14.679343,11,0.14723926,5,50.556748,3.1349693,816.10698
2,-6,-1,8,17.549544,784.35083,357.96188,1,0.78706422,0.68931133,0,3.1636203,5.1044496,2.7707006,19.985192,15,0.1910828,5,119.79936,6.7388535,2129.8097
2,-6,0,-4,29.863768,563.56736,9.117828,1,0.35803847,0.74680943,0,25.900741,3.7414786,54.024691,60.90413,59,0.080246914,5,1636.2284,54.790123,48871.147
2,-6,0,-3,26.463494,586.34945,51.230838,1,0.4080505,0.75509184,0,4.2996924,2.2890804,7.9565217,17.942949,15,0.11180124,5,241.27174,9.0869565,6408.0897
2,-6,0,-2,24.102697,605.86606,88.187122,1,0.45286263,0.76109153,0,19.639313,4.021396,33.006289,45.676674,42,0.13836478,5,793.90094,33.050314,19073.603
2,-6,0,-1,22.500135,623.51671,121.3909,1,0.49406172,0.76472482,0,131.44006,9.5706786,203.4472,219.4489,215,0.1863354,6,4605.6661,204.52795,103733.55
2,-6,0,0,21.480653,640.13174,151.76975,1,0.53258136,0.76594149,0,2.1122259,2.8782993,3.0377358,17.135279,13,0.1509434,5,101.53302,4.8490566,2126.4257
2,-6,0,1,20.926206,656.24938,179.98606,1,0.56899541,0.76472482,0,116.04411,9.7443122,155.96226,171.51228,167,0.16981132,5,3302.555,157.86792,69098.401
2,-6,0,2,20.752774,672.24527,206.54254,1,0.6036573,0.76109153,0,23.749789,5.1803429,29.94375,42.658922,39,0.14375,5,656.86563,31.7,13612.956
2,-6,0,3,20.898168,688.40083,231.8414,1,0.63677435,0.75509184,0,6.0612702,4.101211,7.1875,23.651172,19,0.1875,5,222.99844,10.66875,4661.6824
2,-6,0,4,21.315038,704.94304,256.22084,1,0.66845097,0.74680943,0,27.752976,5.9154058,31.006289,43.676674,40,0.13836478,5,690.48742,32.503145,14670.799
2,-6,0,5,21.966602,722.06972,279.97948,1,0.69871539,0.73636147,0,87.29655,9.8974588,92,108.8,104,0.18181818,5,2062.45,93.8,45355.162
2,-6,0,6,22.823902,739.96738,303.39449,1,0.72753681,0.72389858,0,7.9129886,5.2745519,7.8734177,27.543342,22,0.2278481,5,238.68671,10.544304,5403.6337
2,-6,0,7,23.863977,758.82534,326.73627,1,0.75483661,0.70960488,0,151.78477,13.567975,142.68944,162.68867,157,0.22360248,5,3396.8929,142.68944,80878.291
2,-6,0,8,25.068603,778.84842,350.28208,1,0.78049571,0.69369794,0,39.836396,8.1999963,35.40625,53.116211,48,0.19375,5,930.72656,37.09375,23355.24
2,-6,1,-3,41.37443,583.92871,38.267359,1,0.3992689,0.75005411,1,0,0,0,0,0,0,0,0,0,0
2,-6,1,-2,37.896464,605.00752,76.55041,1,0.44664864,0.7559946,1,7.9910745,2.7274578,13.525641,21.311864,19,0.08974359,5,520.23558,13.698718,19758.443
2,-6,1,-1,35.358134,623.79083,110.71749,1,0.4898572,0.75959238,0,2.1178028,2.3167881,3.2839506,12.906094,10,0.10493827,5,159.40123,4.4444444,5717.6667
2,-6,1,0,33.535166,641.27172,141.81939,1,0.53001064,0.76079721,0,0.88271391,2.8180308,1.2670807,16.362893,12,0.16770186,5,123.52174,3.6397516,4192.4852
2,-6,1,1,32.278594,658.07882,170.58921,1,0.56778702,0.75959238,0,7.3235007,3.6622026,9.7974684,24.003525,20,0.16455696,5,388.35127,12.113924,12453.725
2,-6,1,2,31.483427,674.6429,197.57347,1,0.60360504,0.7559946,0,2.5332746,3.7841121,3.1728395,22.462582,17,0.21604938,5,258.84877,8.2839506,8088.5918
2,-6,1,3,31.072495,691.28146,223.20295,1,0.63771601,0.75005411,0,21.443447,5.4854408,25.220859,41.624939,37,0.18404908,5,832.14571,26.717791,25919.55
2,-6,1,4,30.987321,708.24665,247.8351,1,0.6702557,0.74185457,0,28.423353,6.0467795,31.459627,44.792446,41,0.14906832,5,1011.0078,32.627329,31329.965
2,-6,1,5,31.182605,725.75486,271.78184,1,0.70127579,0.73151315,0,14.315274,4.7717009,14.932515,24.774963,22,0.11042945,5,465.96319,14.932515,14544.97
2,-6,1,6,31.622705,744.00713,295.32944,1,0.73076365,0.71918049,0,19.03761,6.0977918,18.735849,36.013647,31,0.18867925,5,625.93082,19.823899,19765.299
2,-6,1,7,32.279308,763.20481,318.75444,1,0.75865528,0.70504069,0,19.718684,5.6808726,18.325153,27.872087,25,0.10429448,5,587.84202,18.325153,18863.4
2,-6,1,8,33.129828,783.56335,342.3379,1,0.78484363,0.68931133,0,20.635204,6.4309572,18.123457,31.901844,28,0.15432099,5,602.97531,18.123457,20072.818
2,-6,2,-1,47.940442,637.6602,98.712707,1,0.50527822,0.74449651,1,0,0,0,0,0,0,0,0,0,0
2,-6,2,0,45.482786,655.13879,130.53287,1,0.54562801,0.74566583,1,0,0,0,0,0,0,0,0,0,0
2,-6,2,1,43.640559,671.95926,159.8938,1,0.58351635,0.74449651,1,0,0,0,0,0,0,0,0,0,0
2,-6,2,2,42.304844,688.55897,187.37086,1,0.61936806,0.74100528,1,0,0,0,0,0,0,0,0,0,0
2,-6,2,3,41.394387,705.26202,213.41578,1,0.6534416,0.73524236,1,0,0,0,0,0,0,0,0,0,0
2,-6,2,4,40.84682,722.32731,238.40174,1,0.68587996,0.72729143,1,0,0,0,0,0,0,0,0,0,0
2,-6,2,5,40.613272,739.97857,262.65277,1,0.71674171,0.71726965,1,0,0,0,0,0,0,0,0,0,0
2,-6,2,6,40.654884,758.42504,286.46484,1,0.7460206,0.70532766,1,0,0,0,0,0,0,0,0,0,0
2,-6,2,7,40.94046,777.8777,310.12262,1,0.77365837,0.69164956,1,0,0,0,0,0,0,0,0,0,0
2,-5,-4,3,-16.222321,728.67491,299.83741,1,0.71230164,0.73363686,1,0,0,0,0,0,0,0,0,0,0
2,-5,-4,4,-14.151509,740.53176,323.34599,1,0.73200839,0.72571334,1,0,0,0,0,0,0,0,0,0,0
2,-5,-4,5,-11.967482,753.56343,346.79221,1,0.7510827,0.7157268,1,0,0,0,0,0,0,0,0,0,0
2,-5,-4,6,-9.6798721,767.87116,370.42199,1,0.76937585,0.70382789,1,0,0,0,0,0,0,0,0,0,0
2,-5,-4,7,-7.2965312,783.58005,394.49921,1,0.78670833,0.69020069,1,5.6287677,3.451954,4.9382716,9.1717726,8,0.049382716,2,-32.290123,4.9382716,211.43827
2,-5,-3,0,-15.830686,656.16582,221.15264,1,0.58485325,0.77991869,1,0,0,0,0,0,0,0,0,0,0
2,-5,-3,1,-14.294368,666.64291,246.23404,1,0.60946396,0.77867041,1,0,0,0,0,0,0,0,0,0,0
2,-5,-3,2,-12.592701,677.84103,270.42242,1,0.63363965,0.77494233,1,0,0,0,0,0,0,0,0,0,0
2,-5,-3,3,-10.745586,689.84484,293.97589,1,0.65735192,0.76878464,1,0,0,0,0,0,0,0,0,0,0
2,-5,-3,4,-8.7696513,702.73648,317.13405,1,0.68052626,0.76028104,1,0,0,0,0,0,0,0,0,0,0
2,-5,-3,5,-6.6786821,716.60266,340.12912,1,0.70304922,0.74954868,1,49.999311,7.4232952,53.30625,62.635664,60,0.10625,3,-352.86094,53.30625,2339.4566
2,-5,-3,6,-4.4839456,731.54134,363.19594,1,0.72477371,0.7367382,0,37.596748,7.1721656,38.217391,53.152309,49,0.17391304,5,-176.01708,40.763975,766.42042
2,-5,-3,7,-2.1944405,747.66857,386.58217,1,0.74552259,0.7220337,0,128.48367,12.301142,124.43558,141.93327,137,0.19631902,5,-278.21779,124.96933,624.18175
2,-5,-3,8,0.18290985,765.1262,410.5597,1,0.76509089,0.70565278,0,186.14856,14.947607,171.68712,190.0638,185,0.21472393,5,29.019939,171.68712,15.693635
2,-5,-3,9,2.6431156,784.09152,435.4384,1,0.7832466,0.68784647,0,3.5235057,4.0637465,3.0943396,12.736181,10,0.11320755,5,11.105346,3.4779874,35.711085
2,-5,-2,-6,-7.6266224,542.83051,16.880854,1,0.32994987,0.76175281,1,-0.0135358,0.72804486,-0.03125,2.8251953,2,0.03125,1,0,0,0
2,-5,-2,-5,-8.9126518,558.83997,58.681976,1,0.36880918,0.77521441,1,0,0,0,0,0,0,0,0,0,0
2,-5,-2,-4,-9.5007494,572.68288,95.614362,1,0.40406284,0.7864795,1,0,0,0,0,0,0,0,0,0,0
2,-5,-2,-3,-9.5609178,585.36889,128.91422,1,0.43693008,0.79539745,1,0,0,0,0,0,0,0,0,0,0
2,-5,-2,-2,-9.2045827,597.50796,159.42578,1,0.46816436,0.8018511,1,0,0,0,0,0,0,0,0,0,0
2,-5,-2,-1,-8.5103072,609.4932,187.76267,1,0.49824099,0.80575676,1,0,0,0,0,0,0,0,0,0,0
2,-5,-2,0,-7.5363595,621.59176,214.39402,1,0.52745327,0.80706423,1,2.7545142,1.5057567,4.2147239,5.3083293,5,0.012269939,1,-28.449387,4.2147239,192.03336
2,-5,-2,1,-6.3274915,633.99503,239.69498,1,0.55596757,0.80575676,1,39.206619,5.8802728,56.821656,72.627977,68,0.17197452,4,-357.94745,56.821656,2259.7711
2,-5,-2,2,-4.9188847,646.84857,263.97856,1,0.58385751,0.8018511,0,211.03764,12.930017,289.8323,315.33479,308,0.27950311,5,-1415.809,289.8323,6937.9095
2,-5,-2,3,-3.3385969,660.27141,287.5173,1,0.6111264,0.79539745,0,30.066283,5.8763225,39.132075,58.494838,53,0.22012579,5,-134.91038,42.698113,432.2158
2,-5,-2,4,-1.6091637,674.36937,310.55885,1,0.63772269,0.7864795,0,197.27505,13.171047,243.29193,263.84669,258,0.22981366,5,-407.46739,245.06211,703.75116
2,-5,-2,5,0.25130312,689.24498,333.33829,1,0.66355069,0.77521441,0,57.870179,7.6925909,67.608696,80.768261,77,0.14906832,5,16.836957,67.608696,8.986413
2,-5,-2,6,2.2283336,705.00572,356.08867,1,0.6884781,0.76175281,0,26.326156,6.2941648,29.128049,48.498029,43,0.21341463,5,64.809451,30.506098,144.44017
2,-5,-2,7,4.3105279,721.77154,379.05119,1,0.71234101,0.74627882,0,13.933649,5.0367577,14.597484,27.843796,24,0.14465409,5,70.284591,16.91195,295.90291
2,-5,-2,8,6.4891327,739.68267,402.48599,1,0.73494711,0.72901,0,84.810119,9.8313835,84.125,95.100781,92,0.125,5,547.175,84.125,3570.9203
2,-5,-2,9,8.7577294,758.9086,426.68471,1,0.75607709,0.71019743,0,32.935683,7.1455664,30.937107,45.050473,41,0.1572327,5,271.00472,30.937107,2376.4839
2,-5,-2,10,11.112013,779.65934,451.98647,1,0.77548475,0.69012562,0,144.89865,13.377219,128.94937,141.72336,138,0.13924051,5,1446.5111,130.00633,16103.958
2,-5,-1,-5,7.9047181,514.58176,43.810444,1,0.29514101,0.79121675,0,15.419784,2.7261445,41.3375,53.410859,50,0.1375,5,327.47188,41.3375,2603.0961
2,-5,-1,-4,5.4942702,534.85483,83.406224,1,0.33925967,0.80280148,0,102.28377,6.8519207,242.0375,262.89148,257,0.2375,5,1355.4,245.975,7492.4703
2,-5,-1,-3,4.0811321,552.19817,118.45976,1,0.37897577,0.81196804,0,227.50689,10.544305,487.44099,510.37676,504,0.26708075,5,2009.087,487.44099,8324.288
2,-5,-1,-2,3.3771804,567.91071,150.17913,1,0.41583539,0.81859926,0,572.61164,17.306883,1127.2236,1160.7468,1151,0.36024845,5,3837.9022,1127.2236,13148.464
2,-5,-1,-1,3.2078026,582.74379,179.36554,1,0.45072586,0.82261147,0,149.58235,9.3699959,273,292.44444,287,0.22222222,5,899.93056,275.5,2956.8299
2,-5,-1,0,3.4572974,597.17074,206.59462,1,0.48417688,0.82395446,0,327.47283,14.175999,557.28125,581.97676,575,0.28125,5,1936.9031,559.0375,6748.918
2,-5,-1,1,4.0442267,611.51054,232.3061,1,0.51650062,0.82261147,0,151.35068,10.189447,241.05063,263.35956,257,0.25316456,5,991.01899,243.03797,4057.9494
2,-5,-1,2,4.9088121,625.99221,256.85394,1,0.54786609,0.81859926,0,583.85516,20.155473,872.37267,906.94271,897,0.37888199,5,4275.6925,872.37267,21013.924
2,-5,-1,3,6.0058778,640.79164,280.53707,1,0.57834238,0.81196804,0,228.55929,13.169453,320.8875,341.85609,336,0.24375,5,1922.9719,321.4375,11526.902
2,-5,-1,4,7.3006101,656.05455,303.62003,1,0.60792556,0.80280148,0,131.95411,10.646844,174.25316,197.67754,191,0.26582278,5,1272.9241,174.25316,9310.2389
2,-5,-1,5,8.7658622,671.91193,326.34799,1,0.63655611,0.79121675,0,7.756476,4.3985591,9.6410256,29.890861,24,0.22435897,5,100.34615,11.333333,890.42628
2,-5,-1,6,10.380361,688.49141,348.9588,1,0.66413041,0.77736448,0,272.67916,15.778899,319.17089,341.11124,335,0.25949367,5,3296.2468,319.87342,33989.691
2,-5,-1,7,12.127475,705.92673,371.69386,1,0.6905084,0.76142878,0,107.26188,10.416561,118.27848,131.93783,128,0.15189873,5,1440.6392,118.27848,17554.392
2,-5,-1,8,13.994341,724.36654,394.80898,1,0.71551831,0.74362724,0,69.855738,9.2671423,72.6,92.76,87,0.225,5,1044.65,74.6,14635.363
2,-5,-1,9,15.971243,743.98368,418.58665,1,0.73895934,0.7242109,0,107.32028,11.31555,105.17834,122.98166,118,0.21019108,5,1680.199,105.17834,26854.43
2,-5,-1,10,18.051172,764.98625,443.35095,1,0.76060249,0.7034643,0,12.920287,5.2231031,11.949686,23.335969,20,0.12578616,5,230.44654,12.779874,4156.6887
2,-5,-1,11,20.229526,787.63177,469.48716,1,0.78018982,0.68170544,0,52.187724,9.0698609,45.6,62.805,58,0.2,5,919.5625,45.6,18553.394
2,-5,0,-5,30.311061,483.47074,27.167158,1,0.24266799,0.79665135,0,238.27274,8.6225248,782.22222,801.27298,796,0.22222222,5,23729.691,782.22222,719974.17
2,-5,0,-4,24.844378,510.85306,70.049702,1,0.29672409,0.80834262,0,527.48983,14.064195,1437,1467.963,1459,0.33333333,5,35737.25,1437,888919.03
2,-5,0,-3,21.301061,532.71854,107.10211,1,0.34320048,0.81759205,0,60.484052,5.2547546,144.08861,156.70484,153,0.13924051,5,3067.6677,144.08861,65323.436
2,-5,0,-2,18.9846,551.61946,140.14871,1,0.38515742,0.82428247,0,171.71507,9.1178484,367.49057,380.76789,377,0.1509434,5,6984.3538,367.49057,132778.55
2,-5,0,-1,17.531121,568.84477,170.25881,1,0.42413625,0.82833019,0,317.82908,13.016928,620.71429,646.26886,639,0.28571429,5,10902.023,621.48447,191286.76
2,-5,0,0,16.721917,585.14169,198.1457,1,0.46100211,0.82968502,0,-2.1357224,2.3857733,-3.84375,18.436523,12,0.24375,5,16.226562,0.96875,271.79492
2,-5,0,1,16.413502,600.9853,224.32748,1,0.49625989,0.82833019,0,312.23107,14.130389,521.15924,556.28439,546,0.38216561,5,8559.4745,521.15924,140615.61
2,-5,0,2,16.505994,616.70101,249.20588,1,0.53019891,0.82428247,0,171.12542,10.841485,266.04294,284.08743,279,0.20245399,5,4387.9525,266.04294,72391.496
2,-5,0,3,16.926911,632.52796,273.11024,1,0.56296851,0.81759205,0,62.285738,7.0547233,90.45679,104.96997,101,0.17283951,5,1535.7824,90.845679,25969.872
2,-5,0,4,17.622077,648.65532,296.32484,1,0.59462129,0.80834262,0,487.15248,19.297235,662.24691,688.17711,681,0.30246914,5,11691.988,662.24691,206456.33
2,-5,0,5,18.550155,665.24496,319.10747,1,0.62513948,0.79665135,0,234.30226,14.261519,298.58491,330.30438,321,0.33962264,5,5595.5,300.30189,104276.72
2,-5,0,6,19.679182,682.44708,341.70353,1,0.65445164,0.78266886,0,2.2876609,3.9797078,2.7358491,22.651833,17,0.22641509,5,90.429245,4.4716981,1830.5908
2,-5,0,7,20.984278,700.41204,364.358,1,0.68244342,0.76657926,0,12.851207,5.030733,14.435583,31.933268,27,0.19631902,5,337.22853,16.325153,6971.2811
2,-5,0,8,22.446077,719.30069,387.32679,1,0.70896431,0.74860013,0,168.90669,13.158626,178.34969,193.05104,189,0.17177914,5,3999.3911,178.6319,89566.821
2,-5,0,9,24.049639,739.29459,410.88912,1,0.7338317,0.72898254,0,103.81811,10.952378,103.13208,118.37451,114,0.16981132,5,2500.577,103.7673,60265.014
2,-5,0,10,25.783678,760.60748,435.36211,1,0.75683267,0.70801101,0,7.3784041,5.2062659,6.902439,23.720999,19,0.18902439,5,213.41463,8.2439024,5526.6616
2,-5,0,11,27.64003,783.49955,461.11962,1,0.77772394,0.68600355,0,17.862727,6.1922819,15.756098,29.833432,26,0.17073171,5,530.01829,19.146341,14672.819
2,-5,1,-4,45.227474,507.3244,57.434292,1,0.28760019,0.80280148,1,0,0,0,0,0,0,0,0,0,0
2,-5,1,-3,39.646622,531.4271,95.970254,1,0.33764273,0.81196804,1,-0.87669152,0.61785435,-2.1082803,2.2076758,1,0.050955414,1,0,0,0
2,-5,1,-2,35.722738,551.81497,130.03034,1,0.38218095,0.81859926,0,666.34727,17.869674,1427.2595,1465.0008,1454,0.41139241,5,51021.524,1427.2595,1823987.4
2,-5,1,-1,32.947525,570.10886,160.87294,1,0.4231551,0.82261147,0,163.25915,9.4563932,317.375,337.94141,332,0.225,5,10531.906,319.625,347056.82
2,-5,1,0,31.022008,587.21471,189.30634,1,0.46162422,0.82395446,0,394.21861,15.143957,703.64198,730.64761,723,0.30246914,5,21840.787,703.64198,677983.54
2,-5,1,1,29.752577,603.69516,215.90283,1,0.49820256,0.82261147,0,153.65997,9.9947559,253.71698,272.34662,267,0.20754717,5,7552.2028,253.71698,224811.99
2,-5,1,2,29.005645,619.92897,241.09761,1,0.53324796,0.81859926,0,613.96877,20.345741,942.51534,975.50913,966,0.35582822,5,27405.902,944.96933,794891.7
2,-5,1,3,28.68486,636.1904,265.2418,1,0.56695615,0.81196804,0,243.48085,13.457907,348.70186,371.47876,365,0.25465839,5,10051.078,350.08696,288579.3
2,-5,1,4,28.718473,652.69318,288.6343,1,0.59941311,0.80280148,0,126.44524,10.129481,169.34969,184.05104,180,0.17177914,5,4861.184,169.34969,139550.1
2,-5,1,5,29.051818,669.61739,311.54284,1,0.63062627,0.79121675,0,6.5356749,4.4889336,8.2,31.72,25,0.2625,5,250.95,8.6,7324.0375
2,-5,1,6,29.642563,687.12737,334.2195,1,0.66054391,0.77736448,0,297.3066,16.341604,349.88679,369.85831,364,0.21383648,5,10373.415,349.88679,307573.6
2,-5,1,7,30.457599,705.38515,356.91352,1,0.68906758,0.76142878,0,99.690423,10.244632,110.15924,128.15266,123,0.20382166,5,3383.4506,111.16561,102987.93
2,-5,1,8,31.470908,724.56173,379.88317,1,0.71606003,0.74362724,0,55.980634,8.313629,58.135802,74.540619,70,0.19135802,5,1926.0463,61.17284,60647.225
2,-5,1,9,32.66209,744.84806,403.40835,1,0.74134988,0.7242109,0,119.34023,11.787241,116.58125,132.58916,128,0.18125,5,3819.5969,116.9125,124795.13
2,-5,1,10,34.015315,766.46717,427.80531,1,0.76473402,0.7034643,0,4.3348842,4.5936402,3.9875776,17.855715,14,0.16149068,5,247.62112,7.2298137,8481.0233
2,-5,1,11,35.51858,789.68912,453.44538,1,0.78597797,0.68170544,0,60.645608,9.4486324,52.6,67.16,63,0.1625,5,1885.85,53,67106.013
2,-5,2,-1,47.584749,586.64704,151.12256,1,0.44727727,0.80575676,1,0,0,0,0,0,0,0,0,0,0
2,-5,2,0,44.844688,603.36098,179.95459,1,0.48533111,0.80706423,1,0,0,0,0,0,0,0,0,0,0
2,-5,2,1,42.819751,619.53598,206.89343,1,0.52150335,0.80575676,1,0,0,0,0,0,0,0,0,0,0
2,-5,2,2,41.375748,635.53427,232.3835,1,0.55613115,0.8018511,1,0,0,0,0,0,0,0,0,0,0
2,-5,2,3,40.412995,651.62233,256.78402,1,0.58940156,0.79539745,1,0,0,0,0,0,0,0,0,0,0
2,-5,2,4,39.855427,668.01112,280.40068,1,0.62139795,0.7864795,1,-0.070008917,1.6177659,-0.088607595,4.1924371,3,0.050632911,1,0,0,0
2,-5,2,5,39.643864,684.88108,303.50692,1,0.65212818,0.77521441,1,2.3172339,2.0329599,2.7546012,5.8403026,5,0.036809816,1,106.7408,2.7546012,4136.2059
2,-5,2,6,39.731622,702.39928,326.35976,1,0.68154251,0.76175281,1,-1.0038131,1.6050688,-1.1219512,3.2183224,2,0.048780488,1,0,0,0
2,-5,2,7,40.081542,720.73258,349.21285,1,0.70954513,0.74627882,1,0,0,0,0,0,0,0,0,0,0
2,-5,2,8,40.663916,740.05901,372.32869,1,0.73600154,0.72901,1,0,0,0,0,0,0,0,0,0,0
2,-5,2,9,41.455009,760.57919,395.99155,1,0.76074309,0.71019743,1,0,0,0,0,0,0,0,0,0,0
2,-5,2,10,42.435994,782.52909,420.52258,1,0.7835691,0.69012562,1,0,0,0,0,0,0,0,0,0,0
2,-4,-5,7,-16.914147,778.03052,439.75952,1,0.7759442,0.69260191,1,0,0,0,0,0,0,0,0,0,0
2,-4,-4,6,-15.918175,717.8989,406.5303,1,0.70618639,0.74932638,1,0,0,0,0,0,0,0,0,0,0
2,-4,-4,7,-13.051994,732.12842,430.27947,1,0.72247527,0.73422982,1,0,0,0,0,0,0,0,0,0,0
2,-4,-4,8,-10.1126,747.73826,454.88857,1,0.73784523,0.71739651,1,0,0,0,0,0,0,0,0,0,0
2,-4,-4,9,-7.1044114,764.86996,480.68916,1,0.75201881,0.6990775,1,0.61275773,2.1472766,0.56962025,3.9844576,3,0.037974684,2,-3.6550633,0.56962025,23.484968
2,-4,-4,10,-4.0297915,783.71133,508.08281,1,0.76469052,0.67955733,0,32.002317,7.1603052,28.43949,40.489634,37,0.13375796,5,-120.40605,30.10828,483.5824
2,-4,-3,4,-15.814537,654.17271,353.64701,1,0.61159529,0.81139789,1,0,0,0,0,0,0,0,0,0,0
2,-4,-3,5,-13.13969,667.05428,376.09024,1,0.63293545,0.79964827,1,0,0,0,0,0,0,0,0,0,0
2,-4,-3,6,-10.389478,680.94363,398.74362,1,0.65381526,0.78559448,1,0,0,0,0,0,0,0,0,0,0
2,-4,-3,7,-7.5721803,695.91143,421.83957,1,0.67400439,0.76942062,1,1.719535,1.9251659,1.962963,4.829904,4,0.030864198,1,-13.25,1.962963,89.4375
2,-4,-3,8,-4.6936658,712.05099,445.63873,1,0.69324936,0.75134426,0,57.576327,8.1133055,62.401274,77.3205,73,0.1656051,5,-295.29459,62.401274,1404.0529
2,-4,-3,9,-1.7575671,729.48516,470.44281,1,0.7112739,0.73161648,0,68.929827,9.0287389,70.901235,86.247676,82,0.17901235,5,-136.44136,72.580247,263.37577
2,-4,-3,10,1.2345867,748.37541,496.61174,1,0.72777779,0.71052179,0,18.911824,5.9027078,18.463415,33.209304,29,0.16463415,5,26.920732,19.195122,43.480183
2,-4,-3,11,4.2832951,768.9343,524.58732,1,0.74243419,0.6883782,0,23.004016,6.9616428,21.329114,41.664076,36,0.24050633,5,110.79589,26.06962,470.88252
2,-4,-3,12,7.3910817,791.44328,554.92731,1,0.75488518,0.66553719,0,21.526776,6.4037671,18.978873,31.875273,28,0.14788732,5,145.39965,19.415493,1091.4423
2,-4,-2,0,-16.739836,574.14147,254.43111,1,0.45761552,0.86238795,1,0,0,0,0,0,0,0,0,0,0
2,-4,-2,1,-14.74519,585.71097,278.41677,1,0.48362463,0.86096746,1,0,0,0,0,0,0,0,0,0,0
2,-4,-2,2,-12.600797,597.86226,301.64599,1,0.50962964,0.85672271,1,0,0,0,0,0,0,0,0,0,0
2,-4,-2,3,-10.331749,610.65276,324.34234,1,0.5355374,0.84970392,1,0,0,0,0,0,0,0,0,0,0
2,-4,-2,4,-7.9578879,624.13528,346.71742,1,0.56121228,0.83999477,1,-1.7252564,1.7303894,-2.5822785,6.7078994,4,0.10126582,1,0,0,0
2,-4,-2,5,-5.4946847,638.36497,368.97977,1,0.58648512,0.82771243,0,59.438948,7.4074619,83.886792,109.29085,102,0.28301887,5,-460.56447,84.509434,2518.0303
2,-4,-2,6,-2.9539283,653.40506,391.34301,1,0.61115935,0.81300752,0,150.70042,11.167735,200.47239,220.70409,215,0.22699387,5,-587.36656,202.39877,1719.4229
2,-4,-2,7,-0.34427684,669.33211,414.03426,1,0.63501487,0.79606415,0,114.59344,10.384659,143.65605,169.47779,162,0.2866242,5,-41.952229,143.65605,24.45621
2,-4,-2,8,2.3283112,686.24153,437.30367,1,0.65781003,0.77709991,0,100.54462,9.9697899,118.77778,138.71542,133,0.22222222,5,282.64815,124.46914,648.00772
2,-4,-2,9,5.0602464,704.25388,461.4361,1,0.67928203,0.75636585,0,51.729788,7.919474,57.6,77.76,72,0.225,5,298.2,59.2,1510.4
2,-4,-2,10,7.8500715,723.52284,486.76622,1,0.69914588,0.73414651,0,163.67408,12.844688,171.86792,181.91854,179,0.11320755,5,1347.5613,171.86792,10584.015
2,-4,-2,11,10.698313,744.24592,513.69919,1,0.71709182,0.71075988,0,34.078693,7.3877097,33.777778,53.618656,48,0.22222222,5,394.76543,36.888889,4226.3241
2,-4,-2,12,13.607425,766.67963,542.7399,1,0.73278118,0.68655745,0,17.492301,5.4230274,16.388889,25.815988,23,0.10493827,5,235.75,17.333333,3211
2,-4,-2,13,16.581826,791.16146,574.53586,1,0.74584033,0.66192416,0,-3.2585147,3.9937529,-2.8918919,12.56282,8,0.17567568,5,24.641892,1.4864865,409.06588
2,-4,-1,-6,-0.7945845,448.33403,57.316849,1,0.194376,0.83005824,0,160.81801,6.2118915,686.75309,703.68709,699,0.19753086,5,-531.86111,686.75309,551.66281
2,-4,-1,-5,-3.7967447,470.27407,97.365385,1,0.23750945,0.84515382,0,108.78116,5.655891,387.08696,405.05293,400,0.20496894,5,-1450.0761,387.08696,5494.0842
2,-4,-1,-4,-5.2854313,488.12366,132.56065,1,0.27518522,0.8577558,0,147.27803,7.0062205,459.06748,476.91912,472,0.20858896,5,-2408.8436,459.06748,12692.643
2,-4,-1,-3,-5.8203882,503.87738,164.32304,1,0.30988996,0.86771356,1,26.326836,3.4337312,73.716981,92.442215,87,0.20754717,5,-459.14308,78.962264,2673.6993
2,-4,-1,-2,-5.6927161,518.53766,193.51254,1,0.34286981,0.87490993,0,38.130318,4.0737197,97.298137,108.0564,105,0.1242236,5,-551.77174,97.298137,3142.6836
2,-4,-1,-1,-5.0776978,532.67429,220.71735,1,0.374804,0.87926122,0,322.9072,11.950188,757.51534,785.91738,778,0.32515337,5,-3836.661,757.51534,19481.875
2,-4,-1,0,-4.0907809,546.63762,246.3739,1,0.40606305,0.88071723,0,448.49844,14.606788,972.7561,1003.6805,995,0.34756098,5,-3970.0427,972.7561,16268.566
2,-4,-1,1,-2.8125268,560.65706,270.82694,1,0.43683025,0.87926122,0,321.43319,12.948594,646.98758,679.29073,670,0.35403727,5,-1813.5559,647.63975,5100.9526
2,-4,-1,2,-1.301309,574.89273,294.36381,1,0.46716695,0.87490993,0,27.095922,4.6218828,50.745223,74.923891,68,0.27388535,5,-67.555732,53.56051,87.790207
2,-4,-1,3,0.39955197,589.46511,317.23594,1,0.49705097,0.86771356,0,24.383035,4.6855751,42.566038,66.907796,60,0.27672956,5,19.726415,49.660377,10.415094
2,-4,-1,4,2.2574586,604.47342,339.6736,1,0.52640043,0.8577558,0,138.90853,9.6669089,226.34783,248.12476,242,0.2484472,5,509.5,226.34783,1156.6902
2,-4,-1,5,4.247746,620.00782,361.89718,1,0.55508907,0.84515382,0,100.66222,8.867136,153.2638,182.26904,174,0.3190184,5,648.57362,153.2638,2757.7784
2,-4,-1,6,6.3517999,636.15824,384.12666,1,0.58295608,0.83005824,0,155.58305,11.017426,221.53125,246.09668,239,0.26875,5,1392.6484,221.96875,8753.623
2,-4,-1,7,8.5557453,653.0215,406.59073,1,0.60981222,0.81265317,0,82.040202,8.5447769,109.32911,129.66408,124,0.24050633,5,952.93038,110.64557,8214.0008
2,-4,-1,8,10.849516,670.70783,429.53637,1,0.63544329,0.7931562,0,56.716966,7.5072468,70.79375,87.806211,83,0.19375,5,759.63906,70.79375,8163.0027
2,-4,-1,9,13.22619,689.34771,453.24019,1,0.65961152,0.77181838,0,6.0772987,4.0298368,7.1111111,22.234568,18,0.17283951,5,92.972222,7.2222222,1199.2014
2,-4,-1,10,15.681528,709.09988,478.02263,1,0.68205531,0.74892424,0,16.258748,5.3815773,17.852761,34.918514,30,0.18404908,5,278.96012,17.92638,4342.6664
2,-4,-1,11,18.21366,730.16166,504.26696,1,0.70248731,0.72479179,0,54.547578,8.3407881,56.279503,74.056595,69,0.19875776,5,1050.6475,57.84472,19085.743
2,-4,-1,12,20.822915,752.78306,532.44571,1,0.72059095,0.6997725,0,118.74308,11.69545,115.3125,128.99416,125,0.15625,5,2419.6438,116.575,50235.955
2,-4,-1,13,23.511768,777.28692,563.15901,1,0.73601512,0.67425133,0,24.799867,6.0032766,22.71875,30.244531,28,0.08125,5,535.88281,22.71875,12647.061
2,-4,0,-5,27.056622,431.39461,80.252816,1,0.17135911,0.8510681,0,1.41068,1.0090684,7.00625,25.116289,20,0.20625,6,276.11719,10.30625,7399.5504
2,-4,0,-4,20.245626,459.07789,119.1184,1,0.22326807,0.86377663,0,317.75466,9.1793919,1229.3252,1261.1812,1252,0.34355828,5,24923.061,1229.3252,505452.21
2,-4,0,-3,16.285778,480.82568,153.02665,1,0.2671505,0.87381725,0,9.8140647,2.1978881,32.100629,51.682133,46,0.21383648,5,538.0566,33.006289,8774.2421
2,-4,0,-2,13.944615,499.63243,183.61181,1,0.30685589,0.88107282,0,132.31063,6.9368973,379.90244,396.721,392,0.18902439,5,5300.622,379.90244,73991.463
2,-4,0,-1,12.659593,516.84534,211.7726,1,0.34407769,0.88545963,0,43.946937,4.5450473,113.09434,136.80479,130,0.26415094,5,1433.9403,113.09434,18188.528
2,-4,0,0,12.119575,533.19309,238.0992,1,0.37967954,0.88692748,0,282.11273,11.175815,659.01242,681.55391,675,0.24223602,5,8002.222,659.01242,97207.104
2,-4,0,1,12.132308,549.11583,263.02251,1,0.41411993,0.88545963,0,44.553854,5.2136134,95.263804,124.26904,116,0.3190184,5,1177.9617,97.04908,14304.799
2,-4,0,2,12.570199,564.90263,286.88208,1,0.4476296,0.88107282,0,125.66413,8.380272,247.34568,272.08352,265,0.27160494,5,3110.6636,247.34568,39138.965
2,-4,0,3,13.344353,580.75848,309.9625,1,0.48029883,0.87381725,0,8.3135458,3.4876835,15.125,40.261719,33,0.275,5,226.46094,17.03125,3012.9395
2,-4,0,4,14.390726,596.841,332.51555,1,0.51212505,0.86377663,0,288.19212,13.454272,486.07975,514.95739,507,0.33742331,5,6963.066,486.07975,99781.156
2,-4,0,5,15.662105,613.28229,354.77546,1,0.54304073,0.8510681,0,8.1688671,3.7963281,12.802469,35.399025,29,0.25308642,5,212.2716,13.703704,3289.4861
2,-4,0,6,17.123183,630.20332,376.97052,1,0.57293037,0.83584229,0,74.132358,8.0383236,108.15094,137.5232,129,0.32075472,5,1914.9513,111.64151,32850.924
2,-4,0,7,18.747384,647.72434,399.33344,1,0.60164091,0.81828333,0,36.190524,6.1403928,49.222222,69.746914,64,0.2345679,5,973.58333,52.222222,18155.958
2,-4,0,8,20.514745,665.97345,422.11156,1,0.6289879,0.79860878,0,67.410251,8.2623384,85.588957,110.04987,103,0.26380368,5,1788.4908,87.018405,36767.433
2,-4,0,9,22.410465,685.09475,445.57827,1,0.6547588,0.7770697,0,7.2634238,4.1677163,8.6202532,24.46547,20,0.1835443,5,289.47785,12.898734,6497.9707
2,-4,0,10,24.423902,705.25713,470.04693,1,0.67871396,0.75395063,0,119.16177,10.930929,132.37107,147.44376,143,0.16352201,5,3247.2531,132.8239,79399.412
2,-4,0,11,26.547899,726.66504,495.88914,1,0.70058579,0.72956957,0,92.357444,10.199662,96.178344,112.81902,108,0.18471338,5,2566.9395,96.624204,68202.65
2,-4,0,12,28.778328,749.57266,523.55974,1,0.72007607,0.704278,0,44.459898,8.074791,43.484472,62.372632,57,0.21118012,5,1295.7407,45.062112,37261.86
2,-4,0,13,31.113836,774.3038,553.63279,1,0.73685142,0.67846087,0,7.202665,4.6427275,6.6319018,18.274106,15,0.13496933,5,317.3773,10.09816,9975.5023
2,-4,1,-4,47.651598,457.27897,108.10179,1,0.21819651,0.8577558,1,0,0,0,0,0,0,0,0,0,0
2,-4,1,-3,40.262765,481.28742,143.20248,1,0.26585302,0.86771356,1,0,0,0,0,0,0,0,0,0,0
2,-4,1,-2,35.330381,501.5278,174.5759,1,0.30817038,0.87490993,0,41.171887,4.177381,116.88889,140.65432,134,0.27160494,5,4181.0972,118.38889,147674.26
2,-4,1,-1,31.985731,519.73568,203.29319,1,0.34734787,0.87926122,0,352.79969,11.997098,893.06173,922.27191,914,0.32716049,5,28602.735,893.77778,915415.53
2,-4,1,0,29.755222,536.8129,230.02587,1,0.38447748,0.88071723,0,475.28184,14.564753,1088.7215,1113.1082,1106,0.26582278,5,32380.348,1088.7215,963084.84
2,-4,1,1,28.348392,553.29215,255.24977,1,0.42014239,0.87926122,0,333.94815,12.908111,698.87654,729.74013,721,0.34567901,5,19811.179,699.4321,561174.17
2,-4,1,2,27.573367,569.51811,279.33158,1,0.45465059,0.87490993,0,36.195042,5.1433214,69.652174,97.962193,90,0.32298137,5,2040.7609,73.652174,56551.886
2,-4,1,3,27.296822,585.73217,302.57317,1,0.48814454,0.86771356,0,30.093666,5.0092488,53.49375,79.286836,72,0.29375,5,1574.7156,57.825,42886.789
2,-4,1,4,27.422715,602.11726,325.23767,1,0.52065927,0.8577558,0,145.44991,9.8938978,239.62025,265.67762,258,0.27848101,5,6566.3608,239.62025,179955.02
2,-4,1,5,27.880045,618.82412,347.56668,1,0.55215556,0.84515382,0,107.32702,9.140628,164.2795,195.74951,187,0.36645963,5,4568.2189,164.2795,127047.46
2,-4,1,6,28.615351,635.98813,369.7932,1,0.58254005,0.83005824,0,174.90327,11.828452,249.21875,284.06738,274,0.38125,5,7130.1172,249.21875,204009.86
2,-4,1,7,29.587897,653.74123,392.15253,1,0.61167744,0.81265317,0,83.247722,8.6987217,110.6,133.56,127,0.25625,5,3279.1,110.8,97054.625
2,-4,1,8,30.766465,672.22155,414.89293,1,0.63939796,0.7931562,0,67.761711,8.2684941,84.056604,105.20292,99,0.22641509,5,2623.9906,85.54717,80490.988
2,-4,1,9,32.127163,691.58233,438.28718,1,0.66550144,0.77181838,0,-2.5544196,3.6471789,-2.9625,17.891484,12,0.2375,5,65.696875,2.0625,2093.1383
2,-4,1,10,33.651899,712.00141,462.64654,1,0.689759,0.74892424,0,19.893594,5.3195208,21.6,33.36,30,0.13125,5,727.6,21.6,24512.85
2,-4,1,11,35.327321,733.69255,488.33876,1,0.71191269,0.72479179,0,64.123896,8.790893,65.283951,80.101204,76,0.17283951,5,2299.8765,65.283951,81027.741
2,-4,1,12,37.144084,756.92035,515.81277,1,0.7316733,0.6997725,0,159.74252,13.631967,152.77778,169.97942,165,0.18518519,5,5681.6296,153.03704,210946.45
2,-4,1,13,39.096382,782.02092,545.63391,1,0.74871623,0.67425133,1,10.859972,4.1986048,9.7798742,14.296151,13,0.050314465,2,378.27516,9.7798742,14631.58
2,-4,2,0,46.064137,556.88674,222.0681,1,0.41866864,0.86238795,1,0,0,0,0,0,0,0,0,0,0
2,-4,2,1,43.658522,572.5566,247.41323,1,0.45309018,0.86096746,1,0,0,0,0,0,0,0,0,0,0
2,-4,2,2,41.958463,588.12827,271.61584,1,0.48646353,0.85672271,1,0,0,0,0,0,0,0,0,0,0
2,-4,2,3,40.832186,603.81262,294.97394,1,0.51889417,0.84970392,1,0,0,0,0,0,0,0,0,0,0
2,-4,2,4,40.180208,619.77489,317.74917,1,0.55039671,0.83999477,1,0,0,0,0,0,0,0,0,0,0
2,-4,2,5,39.926083,636.15571,340.18285,1,0.58092045,0.82771243,1,-1.2094575,1.7671426,-1.7232704,6.3397018,4,0.088050314,1,0,0,0
2,-4,2,6,40.010308,653.08529,362.50837,1,0.61036546,0.81300752,1,0,0,0,0,0,0,0,0,0,0
2,-4,2,7,40.386169,670.69409,384.96192,1,0.63859266,0.79606415,1,0,0,0,0,0,0,0,0,0,0
2,-4,2,8,41.016836,689.12186,407.79307,1,0.66543008,0.77709991,1,0,0,0,0,0,0,0,0,0,0
2,-4,2,9,41.873278,708.52656,431.27652,1,0.69067626,0.75636585,1,0,0,0,0,0,0,0,0,0,0
2,-4,2,10,42.932771,729.09408,455.72615,1,0.71410156,0.73414651,1,0,0,0,0,0,0,0,0,0,0
2,-4,2,11,44.177808,751.05043,481.51347,1,0.73544763,0.71075988,1,0,0,0,0,0,0,0,0,0,0
2,-4,2,12,45.595333,774.67781,509.09284,1,0.75442512,0.68655745,1,0,0,0,0,0,0,0,0,0,0
2,-3,-5,9,-16.001907,763.20029,528.97213,1,0.73419973,0.69209929,1,0,0,0,0,0,0,0,0,0,0
2,-3,-5,10,-12.459717,780.32002,558.699,1,0.74131003,0.67293319,1,0,0,0,0,0,0,0,0,0,0
2,-3,-4,8,-15.432263,701.48569,490.01826,1,0.66817855,0.753489,1,0,0,0,0,0,0,0,0,0,0
2,-3,-4,9,-11.869571,716.95854,516.21028,1,0.68112409,0.73367551,1,0,0,0,0,0,0,0,0,0,0
2,-3,-4,10,-8.2597584,733.92229,544.15526,1,0.69271329,0.71248503,1,0,0,0,0,0,0,0,0,0,0
2,-3,-4,11,-4.6023394,752.55338,574.37364,1,0.70256076,0.69023557,0,24.479133,6.0437678,24.049689,35.256763,32,0.1242236,5,-111.42857,24.049689,518.86646
2,-3,-4,12,-0.89396511,773.09441,607.53699,1,0.71024418,0.6672786,0,28.930232,6.4456214,27.180124,36.671495,34,0.11180124,5,-21.779503,27.453416,18.995342
2,-3,-3,6,-16.57079,635.61114,433.17915,1,0.57860578,0.82676009,1,0,0,0,0,0,0,0,0,0,0
2,-3,-3,7,-13.07185,649.51348,456.38544,1,0.59769525,0.80944339,1,0,0,0,0,0,0,0,0,0,0
2,-3,-3,8,-9.5499741,664.49325,480.42516,1,0.61607749,0.79004837,1,0,0,0,0,0,0,0,0,0,0
2,-3,-3,9,-6.0069595,680.62204,505.60578,1,0.63341779,0.7688261,1,31.689105,6.0042367,38.463415,53.111838,49,0.16463415,4,-231.85366,38.585366,1396.2165
2,-3,-3,10,-2.4418211,698.00465,532.29892,1,0.64936156,0.7460611,0,9.4190241,4.4913951,10.821656,26.627977,22,0.17197452,5,-27.071656,12.031847,62.048169
2,-3,-3,11,1.1489949,716.78774,560.96511,1,0.66353031,0.72207138,0,79.48997,9.2459629,86.503106,101.23788,97,0.16149068,5,103.81366,88.944099,124.82919
2,-3,-3,12,4.7715209,737.17254,592.18991,1,0.67551555,0.69720842,0,28.551862,6.2390413,29.46875,41.46582,38,0.13125,5,144.69531,30.28125,692.37695
2,-3,-3,13,8.4343247,759.43358,626.73817,1,0.68486998,0.67185717,0,16.717642,5.3007157,16.4,27.04,24,0.11875,5,157.85,18.6,1341.2625
2,-3,-3,14,12.148754,783.94767,665.63816,1,0.69109515,0.64643606,0,9.3425778,3.9788307,8.7388535,13.851168,12,0.050955414,5,114.55255,9.3694268,1401.5187
2,-3,-2,4,-14.881508,577.77008,381.14904,1,0.48003297,0.88478404,1,0,0,0,0,0,0,0,0,0,0
2,-3,-2,5,-11.580117,591.41626,403.27635,1,0.50436236,0.8717105,1,0,0,0,0,0,0,0,0,0,0
2,-3,-2,6,-8.2690131,605.8553,425.6273,1,0.52842044,0.85603857,1,0,0,0,0,0,0,0,0,0,0
2,-3,-2,7,-4.9510439,621.11451,448.42471,1,0.55190919,0.83795236,0,136.07263,9.9437643,206.59627,227.93187,222,0.2484472,5,-1018.8323,206.59627,5044.6638
2,-3,-2,8,-1.6261871,637.24235,471.91978,1,0.57451979,0.81766945,0,138.04266,10.38256,196.46541,218.35062,212,0.23899371,5,-320.67925,196.46541,544.98035
2,-3,-2,9,1.7079445,654.31209,496.40347,1,0.59593102,0.79544091,0,358.48419,16.799181,478.5,502.80556,496,0.27777778,5,810.54167,478.5,1397.6007
2,-3,-2,10,5.0557614,672.4267,522.22196,1,0.61580601,0.77155126,0,245.08389,14.513573,307.06875,330.66668,324,0.26875,5,1568.5953,307.06875,8039.1262
2,-3,-2,11,8.4235065,691.72588,549.79822,1,0.63378764,0.7463185,0,27.10161,5.6707019,31.91358,44.589697,41,0.14197531,5,269.91358,32.074074,2277.1281
2,-3,-2,12,11.819209,712.39641,579.66294,1,0.64949213,0.72009411,0,86.753637,9.4535037,96.184049,109.85412,106,0.15337423,5,1133.5736,96.184049,13366.956
2,-3,-2,13,15.252789,734.68749,612.50039,1,0.66250049,0.69326306,0,30.14457,6.1876831,31.544304,41.925653,39,0.12025316,5,485.21519,31.721519,7424.8307
2,-3,-2,14,18.736325,758.9344,649.21868,1,0.67234702,0.66624375,0,42.295893,6.9748862,41.91195,47.769817,46,0.062893082,5,783.94025,41.91195,14669.387
2,-3,-2,15,22.284548,785.59563,691.06118,1,0.67850357,0.6394881,0,14.746702,4.8829981,13.898734,21.180381,19,0.082278481,5,318.63608,14.291139,7106.7919
2,-3,-1,-1,-15.51131,485.06467,257.99425,1,0.29393674,0.92648842,1,0,0,0,0,0,0,0,0,0,0
2,-3,-1,0,-13.226321,498.4151,282.66858,1,0.32248087,0.92803234,1,0,0,0,0,0,0,0,0,0,0
2,-3,-1,1,-10.791112,512.10273,306.38755,1,0.35137583,0.92648842,1,0,0,0,0,0,0,0,0,0,0
2,-3,-1,2,-8.2462637,526.17579,329.38367,1,0.3804977,0.92187339,1,0,0,0,0,0,0,0,0,0,0
2,-3,-1,3,-5.6199252,540.66971,351.87197,1,0.40967559,0.91423747,0,121.50488,7.7489975,271.1519,299.03974,291,0.31012658,5,-1533.769,271.20253,8693.4565
2,-3,-1,4,-2.9313788,555.61756,374.0591,1,0.43870759,0.90366433,0,122.18024,8.1655808,251.67089,282.90338,274,0.35443038,5,-722.49051,251.67089,2095.5712
2,-3,-1,5,-0.19346453,571.05645,396.15094,1,0.46737028,0.89027115,0,27.106329,4.8280254,51.63354,84.578797,75,0.35403727,5,-14.93323,51.63354,8.683618
2,-3,-1,6,2.5857473,587.03205,418.35979,1,0.49542377,0.87420855,0,173.82252,10.419231,306.72152,338.02419,329,0.34810127,5,810.57911,306.72152,2161.8093
2,-3,-1,7,5.4017948,603.60211,440.91203,1,0.52261392,0.85566064,0,8.4503071,3.314626,13.835443,29.45169,25,0.17721519,5,74.433544,13.835443,403.42801
2,-3,-1,8,8.2530259,620.83991,464.05696,1,0.54867261,0.83484501,0,314.28018,14.786131,478.2,506.1675,498,0.3,5,3928.3938,478.325,32288.064
2,-3,-1,9,11.140062,638.83824,488.07791,1,0.57331628,0.8120127,0,32.425701,5.7853054,45.925926,67.141289,61,0.22839506,5,522.11111,46.592593,5853.338
2,-3,-1,10,14.065464,657.71445,513.30673,1,0.59624326,0.78744825,0,103.68776,9.6401031,136.93865,162.09157,155,0.28220859,5,1948.1702,138.07975,27498.339
2,-3,-1,11,17.033556,677.61737,540.14353,1,0.61712967,0.76146967,0,17.753344,4.9560495,21.90566,37.39587,33,0.17610063,5,418.58491,24.45283,7166.7547
2,-3,-1,12,20.050389,698.7371,569.08473,1,0.63562379,0.73442843,0,35.851162,6.7364854,41.424051,60.585042,55,0.20886076,5,862.30538,42.892405,17339.643
2,-3,-1,13,23.123842,721.31932,600.76392,1,0.65133851,0.70670948,0,34.71356,6.6530388,37.664596,52.108483,48,0.16149068,5,924.54658,40.037267,21353.136
2,-3,-1,14,26.263874,745.68676,636.01379,1,0.66384104,0.67873126,0,107.91281,11.016167,110.33333,126.86111,122,0.17948718,5,2914.7083,111.16667,76430.615
2,-3,-1,15,29.482962,772.27251,675.96311,1,0.67263884,0.65094566,0,50.536082,7.8406615,48.90625,57.574609,55,0.09375,5,1441.9922,48.90625,42524.9
2,-3,0,-3,11.240654,428.80199,192.94045,1,0.18264736,0.92071425,0,303.89302,7.832091,1531.9062,1558.7568,1551,0.29375,5,17271.727,1531.9062,194922.87
2,-3,0,-2,8.7798404,447.97808,222.01722,1,0.22053088,0.92840937,0,220.47419,7.3293718,928.17073,952.08061,945,0.24390244,5,8167.8902,928.17073,71959.474
2,-3,0,-1,7.7539329,465.55159,249.00523,1,0.25631442,0.93305991,0,121.47159,6.0064659,442.19231,478.09147,468,0.42307692,5,3434.6506,443.01282,26649.784
2,-3,0,0,7.6317971,482.30167,274.42316,1,0.29094695,0.93461567,0,-2.6114709,1.7343729,-8.3888889,31.040123,20,0.45061728,5,1.2916667,0.16666667,10.010417
2,-3,0,1,8.1241193,498.64913,298.64602,1,0.32484839,0.93305991,0,123.43128,6.921858,354.53086,395.27831,384,0.47530864,5,2913.7315,357.22222,23781.277
2,-3,0,2,9.056429,514.84857,321.97346,1,0.35817964,0.92840937,0,216.48131,9.4741932,561.12422,603.06165,591,0.45962733,5,5111.6351,562.18012,46511.729
2,-3,0,3,10.316418,531.0702,344.66272,1,0.3909581,0.92071425,0,285.01034,11.272665,671.20513,704.762,695,0.37179487,5,6878.7115,671.20513,70530.309
2,-3,0,4,11.828575,547.44012,366.94761,1,0.42311448,0.91005825,0,976.05832,21.489102,2099.3608,2136.2848,2126,0.43670886,5,24705.954,2099.3608,290861.5
2,-3,0,5,13.540649,564.06229,389.05132,1,0.45452304,0.89655852,0,90.508374,7.3209596,178.53012,208.53622,200,0.3253012,5,2462.491,180.90361,33539.825
2,-3,0,6,15.415857,581.03182,411.19654,1,0.48501854,0.8803657,0,369.70766,14.640549,671.06289,706.19441,696,0.3836478,5,10321.187,671.06289,158806.55
2,-3,0,7,17.42815,598.44383,433.61474,1,0.51440549,0.86166389,0,29.786508,5.0305013,49.89441,71.004707,65,0.23602484,5,874.2236,50.459627,15151.033
2,-3,0,8,19.559209,616.40031,456.55594,1,0.54246299,0.84067067,0,64.914572,7.2535235,100.6,126.36,119,0.2875,5,2041.35,104.2,40003.113
2,-3,0,9,21.796501,635.01635,480.29998,1,0.56894652,0.81763711,0,153.37525,10.961664,220.41667,248.15972,240,0.30128205,5,4872.6875,224.08333,105967.84
2,-3,0,10,24.131992,654.42669,505.17084,1,0.59358747,0.79284773,0,46.348269,6.6981389,61.906832,80.042089,75,0.21118012,5,1511.0761,62.602484,36478.031
2,-3,0,11,26.561323,674.79373,531.55557,1,0.61609084,0.76662054,0,81.650342,8.7595472,101.6,118.805,114,0.2,5,2819.8219,105.8625,75117.298
2,-3,0,12,29.083299,696.31792,559.93071,1,0.63613103,0.73930702,0,129.22078,11.346775,150.17949,173.90072,167,0.26282051,5,4463.4872,153.38462,129898.65
2,-3,0,13,31.699642,719.25244,590.90054,1,0.65334561,0.71129211,0,139.30316,11.943666,151.65823,169.07731,164,0.18987342,5,4802.7199,151.71519,152044.06
2,-3,0,14,34.414967,743.92457,625.25435,1,0.66732634,0.68299425,0,24.661488,5.6666797,25.240506,33.636817,31,0.088607595,5,908.75791,26.474684,31197.167
2,-3,0,15,37.236986,770.76841,664.05563,1,0.67760665,0.65486533,0,67.641192,9.2805101,65.371069,80.443762,76,0.16352201,5,2541.6242,68.459119,94366.801
2,-3,1,-3,45.813305,432.78201,184.24446,1,0.188541,0.91423747,1,0,0,0,0,0,0,0,0,0,0
2,-3,1,-2,38.412599,453.12349,213.86652,1,0.22873897,0.92187339,1,344.08604,9.3157338,1386.75,1409.6016,1403,0.25,4,53265.234,1386.75,2046013
2,-3,1,-1,33.681171,471.43795,241.2209,1,0.26615292,0.92648842,0,430.08365,11.232463,1497.1375,1528.8592,1520,0.36875,5,50487.762,1497.725,1701992.6
2,-3,1,0,30.661448,488.6849,266.89352,1,0.30198628,0.92803234,0,48.305234,4.4005905,148.44654,182.88315,173,0.3836478,5,4551.4261,148.4717,139531.44
2,-3,1,1,28.819377,505.37773,291.29443,1,0.33679371,0.92648842,0,426.80167,12.665798,1174.092,1213.9957,1203,0.46625767,5,33795.112,1174.2761,972653.17
2,-3,1,2,27.827717,521.82578,314.74353,1,0.37081905,0.92187339,0,337.87838,11.936147,839.98137,880.53536,869,0.45341615,5,23327.489,839.98137,647881.48
2,-3,1,3,27.473048,538.2346,337.51029,1,0.4041356,0.91423747,0,139.22259,8.2187655,314.95,345.68219,337,0.35,5,8706.7578,317.06875,239118.68
2,-3,1,4,27.609901,554.75453,359.83596,1,0.43671395,0.90366433,0,145.56095,8.8204406,301.2,333.12,324,0.35625,5,8321.7,301.2,229937.62
2,-3,1,5,28.135889,571.50703,381.94803,1,0.46845804,0.89027115,0,30.635991,4.9862333,58.221519,89.794224,81,0.37341772,5,1764.6883,62.71519,49657.904
2,-3,1,6,28.977251,588.60043,404.07131,1,0.49922529,0.87420855,0,178.43086,10.483193,312.4557,336.99551,330,0.27848101,5,9059.2089,312.83544,262371.38
2,-3,1,7,30.079992,606.14043,426.43771,1,0.52883809,0.85566064,0,1.6076793,3.3499419,2.601227,29.378674,22,0.31288344,5,164.93865,5.4478528,4994.9509
2,-3,1,8,31.404242,624.23805,449.29621,1,0.55709001,0.83484501,0,309.80729,14.840194,464.2716,494.58406,486,0.33950617,5,14554.79,464.2716,456330.94
2,-3,1,9,32.920533,643.01665,472.9242,1,0.5837486,0.8120127,0,26.090482,5.6205192,36.292683,61.126115,54,0.26829268,5,1313.7195,39.926829,43229.233
2,-3,1,10,34.607316,662.61921,497.64163,1,0.60855578,0.78744825,0,92.399116,9.1321935,119.56098,139.63474,134,0.22560976,5,4138.8537,119.56098,143282.79
2,-3,1,11,36.449276,683.21699,523.82958,1,0.63122608,0.76146967,0,34.484637,6.3651855,41.6,58.96,54,0.19375,5,1571.1,43.2,57140.7
2,-3,1,12,38.436206,705.02069,551.95614,1,0.65144315,0.73442843,1,35.610085,6.4308348,40.146341,52.563058,49,0.13414634,4,1613.2622,41.97561,62005.465
2,-3,1,13,40.562301,728.29599,582.61353,1,0.66885399,0.70670948,1,0,0,0,0,0,0,0,0,0,0
2,-3,1,14,42.825778,753.38618,616.57373,1,0.68306073,0.67873126,1,0,0,0,0,0,0,0,0,0,0
2,-3,1,15,45.2288,780.7467,654.87476,1,0.69360888,0.65094566,1,0,0,0,0,0,0,0,0,0,0
2,-3,2,1,47.024884,530.2595,284.25512,1,0.38284807,0.90707539,1,0,0,0,0,0,0,0,0,0,0
2,-3,2,2,44.801094,545.33897,307.64225,1,0.41450927,0.90256691,1,0,0,0,0,0,0,0,0,0,0
2,-3,2,3,43.30636,560.62659,330.3829,1,0.44571651,0.89510857,1,0,0,0,0,0,0,0,0,0,0
2,-3,2,4,42.401587,576.22715,352.70639,1,0.47638336,0.88478404,1,0,0,0,0,0,0,0,0,0,0
2,-3,2,5,41.981199,592.23234,374.83239,1,0.50637664,0.8717105,1,0,0,0,0,0,0,0,0,0,0
2,-3,2,6,41.964273,608.73079,396.98046,1,0.53552827,0.85603857,1,0,0,0,0,0,0,0,0,0,0
2,-3,2,7,42.288335,625.81546,419.37901,1,0.56364224,0.83795236,1,0,0,0,0,0,0,0,0,0,0
2,-3,2,8,42.904972,643.59004,442.27482,1,0.59049833,0.81766945,1,0,0,0,0,0,0,0,0,0,0
2,-3,2,9,43.776676,662.17518,465.94421,1,0.61585349,0.79544091,1,0,0,0,0,0,0,0,0,0,0
2,-3,2,10,44.87457,681.7157,490.70709,1,0.63944136,0.77155126,1,0,0,0,0,0,0,0,0,0,0
2,-3,2,11,46.176776,702.38955,516.94571,1,0.66097008,0.7463185,1,0,0,0,0,0,0,0,0,0,0
2,-3,2,12,47.667251,724.41987,545.13071,1,0.68011849,0.72009411,1,0,0,0,0,0,0,0,0,0,0
2,-2,-5,10,-16.790469,737.03574,597.76314,1,0.67266582,0.69575078,1,0,0,0,0,0,0,0,0,0,0
2,-2,-5,11,-12.608376,753.69965,631.8013,1,0.67554552,0.67442013,1,0,0,0,0,0,0,0,0,0,0
2,-2,-5,12,-8.3536159,772.32376,669.77269,1,0.67615416,0.65246948,1,0,0,0,0,0,0,0,0,0,0
2,-2,-5,13,-4.0193774,793.22497,712.90647,1,0.67392693,0.63028379,0,-2.7217111,3.0229027,-2.5454545,7.9927273,4,0.099173554,5,0,0,0
2,-2,-4,9,-16.560568,674.20009,553.42741,1,0.60700662,0.76008459,1,0,0,0,0,0,0,0,0,0,0
2,-2,-4,10,-12.279529,689.2737,582.56273,1,0.61654411,0.73770103,1,0,0,0,0,0,0,0,0,0,0
2,-2,-4,11,-7.971938,705.77552,614.27039,1,0.62439222,0.71413291,1,1.5867582,1.6282903,1.8148148,3.4682213,3,0.018518519,1,-12.25,1.8148148,82.6875
2,-2,-4,12,-3.6326466,723.85972,649.29982,1,0.63005642,0.6897317,0,33.752525,6.4477436,36.949367,49.821523,46,0.13924051,5,-139.87025,38.240506,515.41851
2,-2,-4,13,0.74800727,743.74665,688.65693,1,0.63298743,0.66488234,0,5.5052125,3.9501184,5.7826087,17.215501,14,0.13043478,5,4.25,8.4782609,6.8777174
2,-2,-4,14,5.1846488,765.7488,733.73409,1,0.63256206,0.64000328,0,-0.66700028,2.9019818,-0.67484663,8.6207987,6,0.10429448,5,6.9846626,1.2147239,40.16181
2,-2,-3,8,-14.413328,620.79969,516.51095,1,0.53570877,0.81939038,1,0,0,0,0,0,0,0,0,0,0
2,-2,-3,9,-10.074665,635.56249,542.57969,1,0.55149548,0.79710062,1,0,0,0,0,0,0,0,0,0,0
2,-2,-3,10,-5.7628417,651.42165,570.38259,1,0.56599251,0.77314254,1,245.36914,13.782764,335.17284,354.46258,349,0.21604938,5,-1950.1512,335.17284,11379.8
2,-2,-3,11,-1.4696449,668.4547,600.42769,1,0.5787475,0.74783416,0,37.820067,6.211685,48.869565,64.424521,60,0.17391304,5,-67.846273,49.062112,99.432842
2,-2,-3,12,2.8167213,686.78124,633.36885,1,0.58927729,0.72152695,0,81.609224,8.8785224,99.924528,118.18085,113,0.20754717,5,282.68868,99.924528,809.31132
2,-2,-3,13,7.1115548,706.57416,670.07024,1,0.5970551,0.69460587,0,24.834742,5.4451687,28.892405,40.130147,37,0.13291139,5,201.62658,29.050633,1403.1764
2,-2,-3,14,11.433953,728.07714,711.70817,1,0.60149233,0.66748933,0,9.8090778,4.0050474,10.88535,19.753488,17,0.095541401,5,126.74522,11.10828,1447.5414
2,-2,-3,15,15.807594,751.63264,759.93881,1,0.60191246,0.64062925,0,8.5578163,3.768672,9.1082803,16.088795,14,0.076433121,5,173.24045,10.961783,2739.6437
2,-2,-2,6,-13.848798,560.97222,460.52993,1,0.44259319,0.88847125,1,0,0,0,0,0,0,0,0,0,0
2,-2,-2,7,-9.5338955,575.50979,483.8279,1,0.46503626,0.86956873,1,0,0,0,0,0,0,0,0,0,0
2,-2,-2,8,-5.309956,590.84828,507.97403,1,0.48679928,0.84834392,0,168.62912,10.16339,293.86957,313.70483,308,0.2173913,5,-1556.4301,293.86957,8267.5656
2,-2,-2,9,-1.1622959,607.00329,533.28036,1,0.50747519,0.82504789,0,140.79235,9.8114702,228.89873,254.44672,247,0.27848101,5,-270.56329,231.83544,334.67009
2,-2,-2,10,2.9255266,624.02021,560.12398,1,0.52665193,0.79996516,0,13.902908,3.8153209,21.118012,33.585896,30,0.13664596,5,57.442547,21.136646,159.70924
2,-2,-2,11,6.9712671,641.97686,588.97144,1,0.54390357,0.77341374,0,71.264143,7.6771623,101.33537,119.17397,114,0.18902439,5,722.94207,103.37805,5065.9703
2,-2,-2,12,10.993921,660.98832,620.41488,1,0.55877957,0.7457451,0,73.062964,7.9354744,97.509554,112.16195,108,0.17197452,5,1069.5334,97.509554,11744.846
2,-2,-2,13,15.013967,681.21531,655.22633,1,0.57079149,0.7173442,0,75.68863,8.4593748,95.121951,113.02558,108,0.20121951,5,1437.0671,96.073171,21505.431
2,-2,-2,14,19.053934,702.87759,694.44243,1,0.57939551,0.68862947,0,18.639292,4.7300114,22.153374,31.604238,29,0.11042945,5,436.6089,22.815951,8356.6254
2,-2,-2,15,23.139349,726.27562,739.50154,1,0.58396877,0.66005281,0,22.946994,5.2981228,25.936709,35.860981,33,0.11392405,5,604.61076,26.113924,14000.873
2,-2,-1,2,-16.735273,478.74305,363.70825,1,0.2907014,0.95711495,1,0,0,0,0,0,0,0,0,0,0
2,-2,-1,3,-12.513323,493.10323,386.1767,1,0.31867317,0.94916505,1,0,0,0,0,0,0,0,0,0,0
2,-2,-1,4,-8.470792,508.03167,408.46466,1,0.34702123,0.93815237,1,0,0,0,0,0,0,0,0,0,0
2,-2,-1,5,-4.5762522,523.47132,430.77087,1,0.37534839,0.92419404,0,19.854682,3.8728344,48.886792,90.931648,79,0.47798742,5,-226.08491,49.207547,1041.6321
2,-2,-1,6,-0.80128625,539.39852,453.30909,1,0.40328571,0.90744071,0,282.18265,11.429576,634.94444,661.41049,654,0.30246914,5,-534.29167,634.94444,497.37847
2,-2,-1,7,2.8794876,555.81736,476.31399,1,0.43048155,0.88807649,0,200.51862,10.207414,413.66667,443.42798,435,0.33333333,5,1172.3056,413.66667,3362.0887
2,-2,-1,8,6.4888169,572.75634,500.04944,1,0.45659201,0.86631895,0,9.0857839,3.3686591,17.238994,40.851984,34,0.25786164,5,121.44025,18.553459,796.2728
2,-2,-1,9,10.047378,590.26697,524.8201,1,0.48127221,0.84241915,0,70.450599,6.9835606,123.31677,149.42687,142,0.29192547,5,1263.7407,124.30435,12859.39
2,-2,-1,10,13.574386,608.4244,550.98733,1,0.50416795,0.81666163,0,54.063549,6.6073421,87.573248,114.54797,107,0.31847134,5,1219.707,89.235669,16681.361
2,-2,-1,11,17.088223,627.32994,578.99168,1,0.52490706,0.78936438,0,106.21071,9.0228035,159.72152,184.10824,177,0.26582278,5,2737.7816,159.72152,46940.517
2,-2,-1,12,20.607081,647.11606,609.38537,1,0.54308956,0.76087889,0,124.80065,9.9937854,174.8481,196.04158,190,0.24050633,5,3610.0981,174.8481,74550.055
2,-2,-1,13,24.149674,667.95452,642.88055,1,0.55827589,0.7315901,0,116.76824,10.067885,153.0184,174.06617,168,0.22699387,5,3701.3988,153.0184,89543.947
2,-2,-1,14,27.736063,690.06914,680.42343,1,0.56997163,0.70191646,0,63.99042,7.886343,78.803797,94.322585,90,0.1835443,5,2180.6123,78.803797,60352.064
2,-2,-1,15,31.38872,713.75589,723.31269,1,0.57760673,0.67230984,0,28.207465,5.4545875,32.832298,40.308652,38,0.080745342,5,1031.5264,33.024845,32225.53
2,-2,0,0,3.2245292,430.806,309.17485,1,0.19685806,0.97037489,0,4458.5122,30.139419,21977.4,22072.04,22045,1.05625,5,71221.15,21977.4,231619.29
2,-2,0,1,4.5749997,447.95525,333.13785,1,0.23047082,0.96875634,0,740.85726,13.397932,3114.1043,3171.559,3155,0.6196319,5,14338.21,3114.1043,66214.653
2,-2,0,2,6.3026215,464.93786,356.32686,1,0.26385887,0.96391741,0,279.87047,9.0354602,1022.4103,1089.524,1070,0.74358974,5,6391.0769,1022.4103,39990.311
2,-2,0,3,8.2803513,481.87417,378.98468,1,0.29692893,0.95590833,0,73.641112,5.3299188,237.07407,294.4209,278,0.62962963,5,1945.1157,237.69753,15930.841
2,-2,0,4,10.434194,498.85211,401.33937,1,0.32952282,0.94481277,0,236.26773,9.3518474,677.43038,718.97757,707,0.46202532,5,7057.3639,677.43038,73591.295
2,-2,0,5,12.719179,515.94643,423.61466,1,0.36144526,0.9307479,0,771.66305,17.480105,1987.0886,2026.1292,2015,0.44303797,5,25223.864,1987.0886,320290.23
2,-2,0,6,15.107446,533.22856,446.03879,1,0.39247636,0.91386435,0,122.19592,7.7530583,284.52795,325.89865,314,0.45341615,5,4317.0575,285.19876,65363.887
2,-2,0,7,17.581867,550.77247,468.85333,1,0.42237674,0.89434622,0,10.814785,3.1849906,22.899371,45.480756,39,0.25157233,5,406.35377,22.899371,7219.9281
2,-2,0,8,20.13244,568.65893,492.32306,1,0.45088887,0.87241111,0,135.02043,8.758369,261.24691,287.17711,280,0.30246914,5,5273.1944,261.24691,106468.64
2,-2,0,9,22.754189,586.97931,516.74819,1,0.47773588,0.84831006,0,25.197067,4.8670455,44.742138,74.690321,66,0.32704403,5,1084.9513,47.830189,24617.062
2,-2,0,10,25.445926,605.83979,542.48008,1,0.50261858,0.8223276,0,51.243925,6.2157678,83.839506,103.41945,98,0.22839506,5,2133.4475,83.839506,54304.684
2,-2,0,11,28.209564,625.36642,569.94283,1,0.52521079,0.79478174,0,88.643005,8.1912819,134.14013,153.64988,148,0.21656051,5,3771.1433,134.14013,106034.21
2,-2,0,12,31.0498,645.71207,599.66369,1,0.54515265,0.76602397,0,23.838603,4.7891668,33.496933,45.286462,42,0.13496933,5,1039.2791,33.496933,32249.676
2,-2,0,13,33.974086,667.06599,632.31776,1,0.5620415,0.73643922,0,12.32842,4.1828996,16.153846,30.039448,26,0.15384615,5,724.60897,21.307692,24643.05
2,-2,0,14,36.992886,689.66787,668.79599,1,0.57541917,0.70644593,0,20.560479,4.7971631,25.242236,34.686316,32,0.10559006,5,934.95342,25.242236,34635.034
2,-2,0,15,40.120246,713.82912,710.31262,1,0.58475409,0.67649601,1,0,0,0,0,0,0,0,0,0,0
2,-2,0,16,43.374795,739.96632,758.58272,1,0.58941519,0.64707481,1,0,0,0,0,0,0,0,0,0,0
2,-2,1,-1,41.402083,425.75005,277.0104,1,0.18539196,0.96191835,1,0,0,0,0,0,0,0,0,0,0
2,-2,1,0,36.146329,442.82981,302.03136,1,0.21900844,0.96352507,0,5102.6343,34.142563,22448.98,22562.986,22530,1.2464623,5,812061.12,22448.98,29376169
2,-2,1,1,32.997135,459.60402,325.99257,1,0.25236152,0.96191835,0,89.849825,5.2021907,342.47771,393.19019,379,0.59872611,5,11302.533,342.47771,373037.21
2,-2,1,2,31.23717,476.26015,349.16634,1,0.2854849,0.95711495,0,896.39871,16.509522,3005.2609,3063.592,3047,0.65217391,5,93777.812,3005.2609,2926395.5
2,-2,1,3,30.439046,492.91733,371.79449,1,0.31829255,0.94916505,0,253.0105,9.5629419,754.49057,813.23033,796,0.62893082,5,22932.137,754.54717,697010.61
2,-2,1,4,30.334362,509.66385,394.10345,1,0.35063446,0.93815237,0,1501.0967,23.837972,4016.3121,4067.9556,4053,0.57324841,5,121504.88,4016.3121,3676060.8
2,-2,1,5,30.747488,526.57519,416.31475,1,0.38232242,0.92419404,0,22.088575,4.0844869,53.395062,97.485902,85,0.49382716,5,1778.9321,57.82716,54728.775
2,-2,1,6,31.559799,543.72375,438.65381,1,0.41314236,0.90744071,0,296.86983,11.906525,652.05556,683.92284,675,0.36419753,5,20618.097,652.05556,651993.2
2,-2,1,7,32.689268,561.18498,461.35869,1,0.44285985,0.88807649,0,220.11431,10.70046,441.4,460.44,455,0.2125,5,14415.15,441.4,470799.49
2,-2,1,8,34.078307,579.04185,484.68976,1,0.47122179,0.86631895,0,9.2922346,3.544578,17.083333,42.465278,35,0.27564103,5,704.64583,20.583333,24123.786
2,-2,1,9,35.68626,597.38908,508.94159,1,0.4979557,0.84241915,0,84.789476,7.532914,143.44304,162.40562,157,0.21518987,5,5122.0918,143.44304,182913.72
2,-2,1,10,37.484639,616.33767,534.45829,1,0.52276715,0.81666163,0,70.341955,7.4412333,109.8875,135.1318,128,0.2875,5,4172.9484,111.43125,156286.81
2,-2,1,11,39.454073,636.02058,561.65426,1,0.54533552,0.78936438,1,6.1827058,2.6434318,8.9493671,14.640763,13,0.063291139,2,345.39557,8.9493671,13330.819
2,-2,1,12,41.582353,656.60038,591.04359,1,0.5653078,0.76087889,1,0,0,0,0,0,0,0,0,0,0
2,-2,1,13,43.863248,678.27992,623.28298,1,0.58229016,0.7315901,1,0,0,0,0,0,0,0,0,0,0
2,-2,1,14,46.295905,701.31808,659.23678,1,0.59583618,0.70191646,1,0,0,0,0,0,0,0,0,0,0
2,-2,1,15,48.884753,726.05373,700.07945,1,0.60543031,0.67230984,1,0,0,0,0,0,0,0,0,0,0
2,-2,2,3,48.962745,522.13838,364.70973,1,0.37467286,0.92923668,1,0,0,0,0,0,0,0,0,0,0
2,-2,2,4,47.505112,537.13066,386.89655,1,0.4036069,0.9184726,1,0,0,0,0,0,0,0,0,0,0
2,-2,2,5,46.680052,552.60526,409.02871,1,0.4322809,0.90483391,1,0,0,0,0,0,0,0,0,0,0
2,-2,2,6,46.371192,568.58744,431.31827,1,0.46041637,0.88847125,1,0,0,0,0,0,0,0,0,0,0
2,-2,2,7,46.489648,585.11832,453.99352,1,0.48772911,0.86956873,1,0,0,0,0,0,0,0,0,0,0
2,-2,2,8,46.967512,602.25663,477.30775,1,0.513927,0.84834392,1,0,0,0,0,0,0,0,0,0,0
2,-2,2,9,47.752994,620.08111,501.55036,1,0.53870674,0.82504789,1,0,0,0,0,0,0,0,0,0,0
2,-2,2,10,48.806872,638.69421,527.06171,1,0.56174959,0.79996516,1,0,0,0,0,0,0,0,0,0,0
2,-1,-6,12,-14.478787,791.03005,748.83083,1,0.65074774,0.6234058,1,0,0,0,0,0,0,0,0,0,0
2,-1,-5,11,-16.008128,712.62914,677.78969,1,0.60074386,0.68799797,1,0,0,0,0,0,0,0,0,0,0
2,-1,-5,12,-11.045087,728.08073,719.24003,1,0.59733638,0.66518077,1,0,0,0,0,0,0,0,0,0,0
2,-1,-5,13,-5.9910782,745.25489,766.87451,1,0.59080401,0.64205318,1,21.430841,5.0724464,23.289855,30.387156,28,0.072463768,5,-138.94565,23.289855,831.74909
2,-1,-4,10,-16.01136,648.08326,625.14181,1,0.53755822,0.75350913,1,0,0,0,0,0,0,0,0,0,0
2,-1,-4,11,-10.86271,662.03304,659.37126,1,0.54189668,0.7291498,1,0,0,0,0,0,0,0,0,0,0
2,-1,-4,12,-5.6991857,677.20652,697.56306,1,0.5439231,0.70388204,0,46.558038,6.5224365,60.25,71.243375,68,0.125,5,-344.69375,60.25,1982.5406
2,-1,-4,13,-0.50606726,693.67569,740.95672,1,0.54295478,0.67809078,0,31.617821,5.4330425,39.487179,46.039921,44,0.070512821,5,-21.320513,39.487179,18.775641
2,-1,-3,9,-13.883417,592.79947,583.07395,1,0.46700162,0.81474382,1,0,0,0,0,0,0,0,0,0,0
2,-1,-3,10,-8.5608701,606.69487,612.78062,1,0.47862745,0.7900699,1,0,0,0,0,0,0,0,0,0,0
2,-1,-3,11,-3.3193242,621.53219,645.16412,1,0.48849722,0.76397032,0,53.008634,6.33792,82.901235,98.247676,94,0.17901235,5,-284.84877,85.962963,951.35417
2,-1,-3,12,1.8621175,637.3199,681.01322,1,0.49600752,0.73679656,0,60.235916,6.833508,89.477707,103.04005,99,0.14649682,5,175.45223,92.44586,339.59634
2,-1,-3,13,7.0105782,654.08967,721.39243,1,0.50049586,0.70893357,0,76.974614,7.8289384,109.03165,122.97472,119,0.15822785,5,772.2769,109.03165,5482.1499
2,-1,-3,14,12.159804,671.8942,767.7861,1,0.50120916,0.68079978,0,28.184532,5.0456086,38.283465,46.970798,44,0.086614173,5,467.23425,38.322835,5701.7298
2,-1,-2,7,-14.106973,531.29549,521.80981,1,0.37629941,0.88921704,1,0,0,0,0,0,0,0,0,0,0
2,-1,-2,8,-8.5707634,545.46869,547.15409,1,0.39599004,0.86742709,1,0,0,0,0,0,0,0,0,0,0
2,-1,-2,9,-3.2636443,560.37124,573.90819,1,0.41473895,0.84349057,0,309.3536,12.508291,629.15924,647.15266,642,0.20382166,5,-2057.3726,629.15924,6787.9053
2,-1,-2,10,1.8553576,575.96256,602.50974,1,0.43201047,0.81769199,0,9.2858855,2.9898234,17.575949,32.024475,28,0.17088608,5,33.742089,19.892405,61.474288
2,-1,-2,11,6.8277571,592.23121,633.51021,1,0.44726508,0.79034937,0,9.3657784,3.085156,16.55,29.720938,26,0.15,5,116.16406,16.73125,808.73945
2,-1,-2,12,11.69505,609.19065,667.62231,1,0.45993961,0.76181418,0,32.093281,4.7863461,53.157233,62.849913,60,0.10691824,5,623.70126,53.157233,7325.2846
2,-1,-2,13,16.499197,626.87539,705.79388,1,0.46942339,0.73247138,0,68.01751,7.1463116,106.13208,124.3414,119,0.19496855,6,1785.6745,107.9434,29552.548
2,-1,-2,14,21.283976,645.33635,749.32692,1,0.4750272,0.70273939,0,46.775106,6.0975203,69.197531,81.368846,78,0.14197531,5,1495.0833,70.111111,31887.734
2,-1,-1,4,-14.815434,460.66869,444.43926,1,0.25370849,0.95952367,1,0,0,0,0,0,0,0,0,0,0
2,-1,-1,5,-8.9011604,475.90379,467.33942,1,0.28083913,0.94522626,1,0,0,0,0,0,0,0,0,0,0
2,-1,-1,6,-3.5097198,491.66227,490.6072,1,0.30791916,0.9280585,0,30.94386,3.7495387,93.263804,127.71237,118,0.38650307,5,-340.19172,95.331288,1228.8723
2,-1,-1,7,1.48453,507.84387,514.49949,1,0.33441076,0.90820448,0,439.97108,12.881166,1194.8889,1223.8189,1216,0.35185185,5,1776.2963,1194.8889,2800.0324
2,-1,-1,8,6.1797889,524.4014,539.31184,1,0.35983956,0.8858818,0,274.40637,10.76652,675.55556,702.56173,695,0.30864198,5,4166.3056,675.55556,25760.778
2,-1,-1,9,10.653415,541.32462,565.39142,1,0.38376286,0.86134151,0,280.39192,11.39216,629.32927,653.78815,647,0.2804878,5,6713.25,629.32927,71675.921
2,-1,-1,10,14.967688,558.63038,593.15652,1,0.40574596,0.83486814,0,145.77251,8.7069432,299.9434,320.96582,315,0.23899371,5,4484.6934,299.9434,67094.831
2,-1,-1,11,19.174427,576.35664,623.12516,1,0.42534227,0.80677969,0,15.188347,3.463345,28.808917,43.154327,39,0.15923567,5,586.54299,30.515924,11275.458
2,-1,-1,12,23.318672,594.55895,655.95756,1,0.44207439,0.77742765,0,4.6174792,2.570106,8.1202532,20.428257,17,0.14556962,5,213.49684,9.0506329,5036.7745
2,-1,-1,13,27.441762,613.30817,692.52104,1,0.45541304,0.74719697,0,141.34541,9.5884382,231.90566,247.4885,243,0.17610063,5,6357.75,231.90566,174335.13
2,-1,-1,14,31.584177,632.68819,733.99288,1,0.46475048,0.71650606,0,21.134671,4.1342493,32.583333,40.625,38,0.083333333,5,1026.7708,32.583333,32361.536
2,-1,0,3,8.5941891,431.75083,414.55104,1,0.20008765,0.97770326,0,1047.8294,14.754755,5120.0875,5198.0155,5176,0.8875,5,44148.325,5120.0875,381046.3
2,-1,0,4,11.591333,449.64056,437.29631,1,0.23311542,0.96634397,0,138.31315,6.0854295,573.35583,636.36159,619,0.73619632,5,6662.4095,573.35583,77464.123
2,-1,0,5,14.551415,467.43717,460.07231,1,0.26540558,0.95194002,0,2.129858,2.0726642,7.6392405,55.265863,42,0.56329114,5,132.69146,8.8164557,1999.3074
2,-1,0,6,17.496465,485.19633,483.1261,1,0.29669139,0.93464203,0,646.91775,14.483344,2037.9308,2081.7012,2069,0.47798742,5,35651.08,2037.9308,623899.08
2,-1,0,7,20.442931,502.9783,506.72307,1,0.32669794,0.91463411,0,43.880084,4.5346234,122.8481,161.17008,150,0.41772152,5,2598.7848,127.43038,53013.68
2,-1,0,8,23.404559,520.84805,531.15826,1,0.35513696,0.89213386,0,67.070746,5.5533506,168.48734,194.61597,187,0.28481013,5,3934.068,168.48734,91875.337
2,-1,0,9,26.393969,538.87599,556.77092,1,0.38170121,0.86739231,0,34.822547,4.3416696,79.132075,97.341403,92,0.19496855,5,2127.3491,80.45283,56259.16
2,-1,0,10,29.423664,557.13918,583.9639,1,0.40605805,0.84069401,0,162.03114,9.1115978,335.46584,355.86783,350,0.22360248,5,9854.4627,335.46584,289527.08
2,-1,0,11,32.506827,575.7229,613.23082,1,0.42784137,0.81235695,0,79.299102,6.8528733,150.5679,169.30651,164,0.20987654,5,4955.0864,152.51852,160998.34
2,-1,0,12,35.65807,594.72265,645.19532,1,0.44664096,0.78273263,0,80.828148,7.2232516,141.65031,160.2416,155,0.20858896,5,5073.1626,142.22086,180974.13
2,-1,0,13,38.894297,614.24644,680.6701,1,0.46198805,0.75220598,1,10.92168,3.3197137,17.782609,29.215501,26,0.13043478,3,763.02174,19.73913,29496.516
2,-1,0,14,42.235833,634.41725,720.74926,1,0.47333478,0.72119543,1,0,0,0,0,0,0,0,0,0,0
2,-1,0,15,45.708034,655.37505,766.95913,1,0.48002388,0.6901529,1,0,0,0,0,0,0,0,0,0,0
2,-1,1,2,41.516064,434.15271,384.07758,1,0.20514433,0.97893837,1,0,0,0,0,0,0,0,0,0,0
2,-1,1,3,39.093698,450.4252,406.853,1,0.23586277,0.9708001,1,429.46816,10.283927,1767.6708,1791.6734,1785,0.27950311,2,68374.939,1767.6708,2644850.8
2,-1,1,4,37.942855,466.99359,429.44607,1,0.26674867,0.95952367,1,239.46412,8.4352444,861.37821,920.66621,904,0.69871795,5,32718.463,863.19872,1240224
2,-1,1,5,37.672429,483.7896,452.07466,1,0.29735619,0.94522626,0,649.83054,14.464306,2065.6604,2114.0382,2100,0.52830189,5,77816.906,2065.6604,2931609
2,-1,1,6,38.036439,500.79417,474.97156,1,0.32730341,0.9280585,1,28.861714,3.8423137,81.836478,118.69578,108,0.40251572,4,3125.4214,81.836478,119371.02
2,-1,1,7,38.875707,518.01951,498.39067,1,0.35624024,0.90820448,1,374.44761,12.262878,954.62264,977.38614,971,0.26415094,3,36940.536,954.62264,1429499.2
2,-1,1,8,40.08484,535.49992,522.61639,1,0.38382846,0.8858818,1,0,0,0,0,0,0,0,0,0,0
2,-1,1,9,41.593071,553.28732,547.97673,1,0.40972789,0.86134151,1,0,0,0,0,0,0,0,0,0,0
2,-1,1,10,43.352874,571.44962,574.86135,1,0.43358508,0.83486814,1,0,0,0,0,0,0,0,0,0,0
2,-1,1,11,45.333062,590.07108,603.74704,1,0.45502255,0.80677969,1,0,0,0,0,0,0,0,0,0,0
2,-1,1,12,47.514608,609.2543,635.23473,1,0.47362693,0.77742765,1,0,0,0,0,0,0,0,0,0,0
2,0,-4,11,-13.018464,619.01637,712.5838,1,0.45495734,0.73426852,1,0,0,0,0,0,0,0,0,0,0
2,0,-4,12,-6.7145418,629.88101,756.05884,1,0.45069498,0.7087119,1,160.79744,10.33898,252.85185,264.31962,261,0.12345679,3,-1666.8056,252.85185,11004.674
2,0,-3,10,-10.489726,561.55763,662.05511,1,0.38718991,0.79582543,1,0,0,0,0,0,0,0,0,0,0
2,0,-3,11,-3.8765659,572.85801,698.3569,1,0.3916,0.76946212,0,221.19318,10.751963,434.62658,446.33877,443,0.13291139,5,-1676.4509,434.62658,6533.5566
2,0,-3,12,2.6122089,584.54848,739.15491,1,0.39329881,0.74199951,0,13.637404,3.1747354,25.728395,35.873772,33,0.11728395,5,69.901235,25.728395,197.32407
2,0,-2,8,-11.040785,499.25568,591.53992,1,0.30267506,0.87390123,1,0,0,0,0,0,0,0,0,0,0
2,0,-2,9,-3.9339269,511.78419,620.74853,1,0.31717699,0.84975121,0,287.75511,10.558825,770.92683,800.22368,792,0.32926829,5,-2980.1341,770.92683,11620.561
2,0,-2,10,2.7470597,524.81172,652.31789,1,0.33024974,0.82371401,0,289.47473,10.948418,722.01235,745.71117,739,0.2654321,5,1994.034,722.01235,5610.1073
2,0,-2,11,9.0950069,538.14754,686.97124,1,0.34112626,0.79610766,0,7.5904407,2.3760637,17.714286,30.748891,27,0.14285714,5,182.04814,19.732919,1680.8203
2,0,-2,12,15.202306,551.59255,725.67399,1,0.34900571,0.76728362,0,36.715198,4.3046987,80.717791,89.563758,87,0.098159509,5,1229.0721,80.717791,18728.671
2,0,-1,5,-13.112156,427.0202,507.61092,1,0.18553452,0.95235009,1,0,0,0,0,0,0,0,0,0,0
2,0,-1,6,-4.6404808,441.75154,532.20138,1,0.20977299,0.93504417,0,77.218642,4.3576759,344.19512,377.28971,368,0.37195122,5,-1611.6463,344.19512,7596.4756
2,0,-1,7,2.5886758,457.02673,557.63383,1,0.23390031,0.9150269,0,23.747052,2.7469563,92.899371,115.48076,109,0.25157233,5,241.24686,93.716981,632.43907
2,0,-1,8,8.9532515,472.59235,584.26959,1,0.25710276,0.89251584,0,513.7535,12.243658,1783.4625,1806.5116,1800,0.2625,5,15959.297,1783.4625,143102.06
2,0,-1,9,14.719223,488.29153,612.54021,1,0.27871136,0.86776205,0,2.6296947,1.5946773,8.1875,24.651172,20,0.1875,5,149.79219,10.09375,2223.7121
2,0,-1,10,20.076308,504.01574,642.97605,1,0.29811889,0.84105006,0,46.598566,4.2717419,131.46341,145.23615,141,0.1402439,5,2657.2805,131.46341,53735.082
2,0,-1,11,25.165013,519.67174,676.24997,1,0.31472269,0.81269788,0,106.83233,6.6259006,275.86957,292.74669,288,0.19254658,5,6942.4457,275.86957,174745.31
2,0,-1,12,30.095566,535.15315,713.24515,1,0.32787735,0.78305699,0,38.332131,4.2577813,91.54717,103.4024,100,0.13207547,5,2761.6981,91.54717,83324.728
2,0,-1,13,34.961599,550.30674,755.16403,1,0.33684496,0.75251233,0,61.429087,5.4488438,137.2327,148.17531,145,0.11949686,5,4794.8365,137.2327,167552.39
2,0,0,6,26.382115,434.83359,524.3907,1,0.19809775,0.941681,0,142.39402,5.6405249,676.88679,718.93165,707,0.47798742,5,17829.203,676.88679,469711.56
2,0,0,7,29.304397,452.6407,549.30234,1,0.22723727,0.92150982,0,0.68682777,1.2026831,2.7852761,23.787196,18,0.24539877,5,232.54755,7.8711656,6871.2036
2,0,0,8,32.281434,470.18812,575.33593,1,0.2544917,0.89882119,0,51.72658,4.0319793,182.68944,202.78506,197,0.22360248,5,5898.8385,182.86957,190295.87
2,0,0,9,35.324985,487.51499,602.90123,1,0.27951447,0.87386614,0,-1.3728135,1.3635445,-4.2919255,18.172717,12,0.26708075,5,110.3354,3.1801242,3828.1988
2,0,0,10,38.44898,504.64833,632.49648,1,0.30191831,0.84692923,1,4.7118134,1.8914695,13.217391,28.152309,24,0.17391304,4,554.92081,14.453416,21308.074
2,0,0,11,41.670306,521.5978,664.74816,1,0.32126157,0.81832844,1,0,0,0,0,0,0,0,0,0,0
2,0,0,12,45.009986,538.34621,700.47098,1,0.33702874,0.78841526,1,0,0,0,0,0,0,0,0,0,0
2,0,0,13,48.494971,554.83227,740.76258,1,0.34860132,0.75757464,1,0,0,0,0,0,0,0,0,0,0
2,1,-3,10,-10.729277,511.93127,722.42035,1,0.28900067,0.7900699,1,0,0,0,0,0,0,0,0,0,0
2,1,-3,11,-1.8274616,515.88368,765.91596,1,0.28247164,0.76397032,0,53.189976,4.6105136,143.85714,155.4898,152,0.12337662,5,-248.60714,143.85714,453.5625
2,1,-2,8,-11.646379,448.7725,644.30922,1,0.20509574,0.86742709,1,0,0,0,0,0,0,0,0,0,0
2,1,-2,9,-1.2061653,455.3706,678.12969,1,0.20973337,0.84349057,0,309.70621,8.8464555,1245.5541,1265.7967,1260,0.22929936,5,-1406.8344,1245.5541,1836.9331
2,1,-2,10,8.3449184,462.01958,715.3693,1,0.21292316,0.81769199,0,9.7565837,1.8825335,37.468354,52.265983,48,0.16455696,5,315.92405,37.468354,2673.5886
2,1,-2,11,17.224566,467.95738,757.22516,1,0.21324354,0.79034937,0,6.5122893,1.5679355,24.136646,33.770919,31,0.10559006,5,416.50932,24.347826,7128.5093
2,1,-1,10,35.423666,431.12996,707.78631,1,0.16612969,0.83486814,0,167.61268,5.8651305,842.32075,868.75365,861,0.28301887,6,29844.665,842.32075,1057627.2
2,1,-1,11,41.573222,441.16641,747.61495,1,0.17495392,0.80677969,1,0,0,0,0,0,0,0,0,0,0
3,-5,1,-6,83.190096,300.35178,6.9184134,0,0.27000432,0.77736448,1,0,0,0,0,0,0,0,0,0,0
3,-5,2,-9,83.369487,171.09799,7.3193681,0,0.45728498,0.71019743,1,0,0,0,0,0,0,0,0,0,0
3,-5,2,-8,80.293855,203.27489,9.6145961,0,0.41342722,0.72901,1,0,0,0,0,0,0,0,0,0,0
3,-5,2,-7,76.156096,234.617,10.273213,0,0.36853993,0.74627882,1,0,0,0,0,0,0,0,0,0,0
3,-5,2,-6,70.63957,265.34642,9.3907178,0,0.32297135,0.76175281,0,14.922185,2.8800772,35.195122,46.143272,43,0.12195122,5,2480.689,35.195122,174853.92
3,-5,2,-5,63.325126,295.58615,7.045589,0,0.27717086,0.77521441,0,68.31363,5.1599423,191.06522,208.27552,203,0.19565217,5,12083.701,191.06522,764244.85
3,-5,3,-8,70.395047,163.77537,6.1671494,0,0.466713,0.70565278,0,199.63536,11.784753,301.84127,317.48507,312,0.15873016,5,21232.317,301.84127,1493574
3,-5,3,-7,66.395482,191.52476,8.4978004,0,0.42953061,0.7220337,0,109.25116,8.342112,183.64935,196.64311,193,0.15584416,5,12175.575,183.64935,807237
3,-5,3,-6,61.454044,217.48391,9.5607596,0,0.39309605,0.7367382,0,56.030634,5.7475946,105.01227,116.03828,113,0.12883436,5,6451.9801,105.01227,396427.29
3,-5,3,-5,55.447498,241.47826,9.5584437,0,0.35824582,0.74954868,0,65.857226,5.9183127,137.79141,153.33215,149,0.17791411,5,7631.6012,137.79141,422696.09
3,-5,3,-4,48.295331,263.12117,8.7227105,0,0.32605436,0.76028104,0,77.099554,5.9124933,179.77778,190.06826,187,0.11111111,5,8676.2026,179.77778,418745.5
3,-5,3,-3,40.018968,281.76955,7.3388195,0,0.29789245,0.76878464,0,65.678694,5.2645748,169.5,184.59375,180,0.16666667,5,6785.75,169.5,271682.72
3,-5,3,-2,30.816321,296.51451,5.7567186,0,0.27542655,0.77494233,0,39.984249,3.9776383,112.5,125.25,121,0.13709677,5,3469.375,112.5,107006.28
3,-5,4,-5,49.260931,181.40555,6.8678756,0,0.44290935,0.7157268,0,72.897537,7.177316,117.8,134.52067,129,0.17777778,5,5794.0833,117.8,285001.86
3,-5,4,-4,43.664739,198.75054,7.8243242,0,0.41908455,0.72571334,0,41.110295,5.376298,71.189189,86.674945,82,0.16891892,5,3215.6419,73.648649,140407.85
3,-5,4,-3,37.471285,212.96743,8.1744547,0,0.39902461,0.73363686,0,184.58719,10.262317,339.37748,356.00307,351,0.17880795,5,12698.881,339.37748,475210.8
3,-5,4,-2,30.801994,223.66257,8.1149287,0,0.38362656,0.7393802,0,1.9918224,2.0430676,3.8389262,15.505428,12,0.12751678,5,169.37416,5.5637584,5157.341
3,-5,4,-1,23.838433,230.44722,7.8177483,0,0.37369151,0.74285967,0,28.563283,4.1221617,56.780822,67.148632,64,0.11643836,5,1354.3185,56.780822,32308.124
3,-5,4,0,16.800887,233.02332,7.4058651,0,0.36979598,0.74402508,0,35.595153,4.6223454,71.617021,86.491927,82,0.17021277,5,1204.0035,71.617021,20249.519
3,-5,4,1,9.9100894,231.26262,6.9291429,0,0.37217466,0.74285967,0,23.732681,3.9333171,47.37037,61.636488,57,0.14814815,5,479.28704,48.777778,4714.1227
3,-5,4,2,3.3466609,225.24379,6.3524713,0,0.38066602,0.7393802,0,6.5543698,2.497012,12.730769,23.522781,20,0.11538462,5,42.101923,12.730769,142.43798
3,-5,4,3,-2.7742494,215.22802,5.5626386,0,0.39474872,0.73363686,1,0,0,0,0,0,0,0,0,0,0
3,-4,1,-4,82.665467,350.05368,104.34483,0,0.21410563,0.8577558,1,0,0,0,0,0,0,0,0,0,0
3,-4,2,-6,81.664276,257.28187,111.79442,0,0.36930599,0.81300752,1,0,0,0,0,0,0,0,0,0,0
3,-4,2,-5,75.948441,283.16,110.58458,0,0.32638432,0.82771243,1,0,0,0,0,0,0,0,0,0,0
3,-4,2,-4,68.389029,307.52243,108.72097,0,0.28550173,0.83999477,0,12.075542,2.5054363,35.528302,54.337843,49,0.21383648,5,2525.1509,36.90566,172778.63
3,-4,2,-3,58.594318,329.6308,106.41369,0,0.24827751,0.84970392,0,208.63833,7.9058986,714.04294,732.08743,727,0.20245399,5,41810.041,714.04294,2448243.7
3,-4,2,-2,46.404524,348.16922,104.00153,0,0.21714625,0.85672271,0,182.10334,6.8965323,718.46541,740.35062,734,0.23899371,5,33297.481,718.46541,1543298.4
3,-4,2,-1,32.323908,361.13908,101.98454,0,0.19547615,0.86096746,0,131.05707,5.5714371,577.23602,602.17179,595,0.27329193,5,18639.238,577.23602,601954.49
3,-4,2,0,17.829148,366.29936,100.92164,0,0.18686207,0.86238795,0,65.083488,3.91554,300.36709,326.54751,319,0.29113924,5,5360.0032,300.36709,95688.919
3,-4,2,1,4.7827305,362.47262,101.10892,0,0.19314631,0.86096746,0,136.53167,5.6238893,608.60248,628.45496,623,0.23602484,5,2902.5357,608.60248,13934.96
3,-4,2,2,-5.7846609,350.53737,102.33092,0,0.21293577,0.85672271,1,0,0,0,0,0,0,0,0,0,0
3,-4,3,-10,82.871639,110.64252,103.7805,0,0.58592034,0.71052179,1,0,0,0,0,0,0,0,0,0,0
3,-4,3,-9,80.850126,139.3742,107.16898,0,0.54832905,0.73161648,1,0,0,0,0,0,0,0,0,0,0
3,-4,3,-8,78.214438,166.29633,109.52247,0,0.51064687,0.75134426,1,0,0,0,0,0,0,0,0,0,0
3,-4,3,-7,74.853087,191.46997,110.97691,0,0.47345342,0.76942062,1,2.7417573,1.5803779,4.4556962,6.5962186,6,0.025316456,1,328.60759,4.4556962,24234.81
3,-4,3,-6,70.642147,214.83244,111.66123,0,0.43744784,0.78559448,0,89.363645,7.4302311,160.48447,178.05285,173,0.19254658,5,11432.927,161.90683,807344.37
3,-4,3,-5,65.457241,236.17891,111.70948,0,0.40348829,0.79964827,0,324.10894,13.030902,642.33129,666.93741,660,0.27607362,5,41988.331,642.33129,2744803.4
3,-4,3,-4,59.199495,255.14,111.27227,0,0.37262973,0.81139789,0,34.13426,4.4092406,74.327044,92.180768,87,0.19496855,5,4582.4355,77.415094,271258.34
3,-4,3,-3,51.840564,271.16922,110.52489,0,0.34613904,0.82069269,0,110.29797,7.1466155,261.51553,287.11824,280,0.29813665,5,13544.165,261.51553,701498.65
3,-4,3,-2,43.482625,283.56753,109.66569,0,0.32544596,0.82741552,0,29.841649,3.7608548,75.869565,91.424521,87,0.17391304,5,3319.1289,76.254658,144477.52
3,-4,3,-1,34.406497,291.58236,108.89579,0,0.31197563,0.83148269,0,156.19813,7.8035354,416.30189,432.56153,428,0.18867925,5,14307.95,416.30189,491801.99
3,-4,3,0,25.057838,294.59589,108.3759,0,0.30684496,0.83284399,0,13.658879,2.6635276,37.073171,52.264128,48,0.17073171,5,984.40854,39.195122,24727.779
3,-4,3,1,15.940585,292.34111,108.17494,0,0.31052158,0.83148269,0,134.68977,7.3009673,360.65839,382.19382,376,0.23602484,5,5747.4752,360.65839,91630.414
3,-4,3,2,7.4655032,285.01166,108.24313,0,0.32265272,0.82741552,0,31.610522,3.7752934,81.0625,93.729883,90,0.1375,5,600.54688,81.0625,4460.6133
3,-4,3,3,-0.14539553,273.18002,108.43089,0,0.3421941,0.82069269,1,95.425971,6.4627545,228.8625,240.24338,237,0.13125,4,-25.959375,228.8625,20.785156
3,-4,3,4,-6.8526133,257.58856,108.53788,0,0.3677395,0.81139789,1,0,0,0,0,0,0,0,0,0,0
3,-4,4,-11,75.579368,37.49296,91.009096,0,0.66830622,0.659154,1,0,0,0,0,0,0,0,0,0,0
3,-4,4,-10,73.870007,67.543217,96.714265,0,0.63669348,0.67955733,1,31.035603,5.8135777,33.125,38.501562,37,0.0625,3,2435.7937,33.125,179116.95
3,-4,4,-9,71.708046,95.070871,101.16604,0,0.60488831,0.6990775,0,8.6847114,4.1274648,10.037037,22.754486,19,0.13580247,5,721.96296,10.074074,51741.63
3,-4,4,-8,69.038762,120.26799,104.55198,0,0.5734135,0.71739651,0,2.8844228,2.6709726,3.6086957,11.166615,9,0.086956522,5,434.73137,6.3043478,29978.63
3,-4,4,-7,65.806472,143.21332,107.0317,0,0.54285098,0.73422982,0,35.704514,5.9482729,48.291925,64.726862,60,0.18012422,5,3177.0109,48.291925,209015.26
3,-4,4,-6,61.960305,163.88034,108.74763,0,0.51385251,0.74932638,0,69.629929,7.3504427,101.53797,114.89261,111,0.14556962,5,6349.4715,102.59494,392968.86
3,-4,4,-5,57.463375,182.14318,109.83301,0,0.48714459,0.76246861,0,102.68165,8.4574902,160.71519,175.23109,171,0.15822785,5,9229.413,160.71519,530043.45
3,-4,4,-4,52.305569,197.78567,110.41663,0,0.46352105,0.7734724,0,49.920563,5.9425244,83.301887,98.331502,94,0.16981132,5,4411.2311,84.471698,230372.07
3,-4,4,-3,46.518443,210.52014,110.62372,0,0.44381459,0.78218711,0,111.28575,8.3293163,196.13208,215.49484,210,0.22012579,5,9199.2311,198.0566,427297.89
3,-4,4,-2,40.18795,220.0223,110.57172,0,0.4288392,0.7884956,0,74.403498,6.7123926,136.8038,152.32258,148,0.1835443,5,5491.8877,136.8038,220489.24
3,-4,4,-1,33.457981,225.9841,110.36069,0,0.41930196,0.79231416,0,136.50335,8.7287936,257.93711,272.05047,268,0.1572327,5,8615.0126,257.93711,287775.71
3,-4,4,0,26.518182,228.1772,110.06021,0,0.41569827,0.79359259,0,76.984911,6.7916108,146.96875,168.10645,162,0.23125,5,3913.8125,147.8125,103647.54
3,-4,4,1,19.575566,226.50808,109.69726,0,0.41822156,0.79231416,0,147.50349,9.0956585,279.44304,296.92742,292,0.20253165,5,5483.1772,279.44304,107621.45
3,-4,4,2,12.818987,221.04234,109.25055,0,0.42672395,0.7884956,0,64.333236,6.4076117,118.87421,140.1835,134,0.2327044,5,1550.5629,121.96226,19729.638
3,-4,4,3,6.3906642,211.98672,108.65419,0,0.44074572,0.78218711,0,112.83838,8.2959329,200.25316,216.75821,212,0.1835443,5,1277.1899,200.25316,8173.5222
3,-4,4,4,0.37446396,199.63742,107.80855,0,0.45960015,0.7734724,0,57.637757,6.2603243,97,111,107,0.15625,5,33.45,97,23.8625
3,-4,4,5,-5.199357,184.31636,106.59329,0,0.48247852,0.76246861,1,0,0,0,0,0,0,0,0,0,0
3,-4,4,6,-10.340146,166.31561,104.87743,0,0.50854224,0.74932638,1,0,0,0,0,0,0,0,0,0,0
3,-4,5,-10,65.809344,13.112977,85.247889,0,0.691313,0.64336328,0,101.60427,11.242246,94.556962,109.46349,105,0.15822785,5,6328.443,96.227848,416200.23
3,-4,5,-9,63.67208,40.293706,91.005516,0,0.66518707,0.66085907,0,1.9746313,3.4742585,1.9617834,11.913911,9,0.10828025,5,269.82325,4.2738854,17035.324
3,-4,5,-8,61.12692,64.655535,95.574372,0,0.63953869,0.67736679,0,93.587827,10.032137,99.123457,112.90184,109,0.15432099,5,6056.2747,99.123457,370038.47
3,-4,5,-7,58.149385,86.355091,99.139329,0,0.61489057,0.69260191,0,16.133042,4.9064359,18.171975,30.542456,27,0.14012739,5,1163.0303,19.993631,67654.186
3,-4,5,-6,54.722395,105.45394,101.85552,0,0.59179217,0.70631337,0,26.420881,5.3354493,31.533742,40.550706,38,0.10429448,5,1774.2071,32.435583,97051.475
3,-4,5,-5,50.840922,121.93585,103.85621,0,0.57081309,0.71828358,0,10.029882,3.8217416,12.621118,23.127393,20,0.11180124,5,756.50155,14.900621,38408.754
3,-4,5,-4,46.517074,135.7241,105.2574,0,0.55252825,0.72832846,0,17.064382,4.3620724,22.493827,33.062167,30,0.11728395,5,1047.179,22.493827,48754.116
3,-4,5,-3,41.784602,146.70127,106.15942,0,0.53749315,0.73629735,0,37.766895,6.0643908,51.735849,69.013647,64,0.18867925,5,2159.6101,51.735849,90161.262
3,-4,5,-2,36.701328,154.73284,106.64608,0,0.52620923,0.7420731,0,28.641757,5.1361097,40.391304,52.462023,49,0.13664596,5,1504.7609,40.956522,55291.016
3,-4,5,-1,31.347899,159.69344,106.7817,0,0.51908251,0.74557202,0,74.890976,7.8245552,107.5679,126.30651,121,0.20987654,5,3405.3549,108.7284,106664.25
3,-4,5,0,25.821965,161.49213,106.60731,0,0.51638241,0.74674391,0,-0.20745362,2.4637483,-0.3,12.693844,9,0.15,5,103.19063,4.0625,2621.6414
3,-4,5,1,20.228343,160.09161,106.13734,0,0.51821045,0.74557202,0,58.075357,7.0360763,83.555556,102.47737,97,0.2037037,5,1689.2222,83.555556,34157
3,-4,5,2,14.667424,155.51602,105.358,0,0.52448735,0.7420731,0,33.022642,5.5825319,46.722222,62.385802,58,0.17901235,5,688.15278,46.722222,10138.059
3,-4,5,3,9.2248674,147.84506,104.22814,0,0.53496273,0.73629735,0,39.791617,5.7420816,54.767296,62.459447,60,0.081761006,5,512.06761,55.779874,4707.7284
3,-4,5,4,3.9650788,137.19628,102.6819,0,0.54924414,0.72832846,0,16.683653,4.5185233,22.123457,35.901844,32,0.15432099,5,90.774691,23.493827,353.51157
3,-4,5,5,-1.0707003,123.70013,100.63223,0,0.56683741,0.71828358,1,1.2442512,1.9810976,1.5766871,6.302119,5,0.055214724,2,-0.55981595,2.2392638,0.13995399
3,-4,5,6,-5.862439,107.47331,97.973653,0,0.5871886,0.70631337,1,0,0,0,0,0,0,0,0,0,0
3,-4,5,7,-10.407127,88.594316,94.583196,0,0.60971986,0.69260191,1,0,0,0,0,0,0,0,0,0,0
3,-4,6,-7,51.396625,19.62935,85.792881,0,0.68479319,0.64724993,0,8.5239212,4.2907986,8.0566038,16.447558,14,0.094339623,5,415.70283,8.0566038,21451.088
3,-4,6,-6,48.358935,38.277031,89.605901,0,0.66667475,0.65926848,0,48.033618,7.9678143,47.5,62.083333,58,0.16666667,5,2320.4583,48.055556,112055.59
3,-4,6,-5,44.985824,54.085189,92.5457,0,0.6503306,0.66980625,0,34.073918,6.4877264,35.09434,44.649341,42,0.11320755,5,1634.7311,36.396226,73428.143
3,-4,6,-4,41.292894,67.090844,94.731856,0,0.63618703,0.67867911,0,-6.5677008,2.959955,-7.0063694,9.9707899,5,0.18471338,5,0,0,0
3,-4,6,-3,37.307197,77.29099,96.260438,0,0.62463479,0.68573644,0,47.074221,7.0906093,51.679012,60.593946,58,0.098765432,5,1922.5185,51.679012,71528.162
3,-4,6,-2,33.067459,84.659783,97.205978,0,0.61600995,0.69086107,0,13.486287,4.5553711,15.125,26.100781,23,0.125,5,562.20625,17.0625,18525.616
3,-4,6,-1,28.622843,89.164178,97.62196,0,0.6105737,0.69396933,0,91.933734,9.5618386,104.49057,118.11014,114,0.1509434,5,2989.1887,104.49057,85527.436
3,-4,6,0,24.030133,90.776922,97.540488,0,0.60849402,0.69501099,0,1.3296916,3.0377751,1.51875,12.038766,9,0.11875,5,67.551563,2.81875,1619.0512
3,-4,6,1,19.349667,89.485427,96.971693,0,0.60983271,0.69396933,0,70.467679,8.5729152,80.189873,95.17353,91,0.17721519,5,1548.5411,80.189873,29916.67
3,-4,6,2,14.640679,85.295162,95.903328,0,0.61454019,0.69086107,0,17.387753,4.9847223,19.54717,31.402397,28,0.13207547,5,287.52201,19.54717,4233.8412
3,-4,6,3,9.9569401,78.22701,94.30073,0,0.62245939,0.68573644,0,51.588039,7.2703325,56.832298,64.150633,62,0.080745342,5,563.6087,56.832298,5597.4123
3,-4,6,4,5.3434453,68.308976,92.107001,0,0.63333775,0.67867911,0,-1.3440309,2.5874656,-1.4402516,7.6878937,5,0.10062893,5,13.345912,2.3899371,74.658805
3,-4,6,5,0.83459053,55.563472,89.243006,0,0.64684493,0.66980625,0,33.353536,6.7637752,34.5375,49.054219,45,0.16875,5,27.475,34.7,26.7875
3,-4,6,6,-3.5461706,39.99167,85.606584,0,0.66259293,0.65926848,1,0,0,0,0,0,0,0,0,0,0
3,-4,6,7,-7.7854936,21.556034,81.070281,0,0.68015555,0.64724993,1,0,0,0,0,0,0,0,0,0,0
3,-4,7,-2,29.289594,5.7211998,80.742746,0,0.69641043,0.63817546,0,5.8022682,3.8995519,5.3170732,12.769653,10,0.073170732,5,157.68293,5.398374,4605.9146
3,-4,7,-1,25.491447,10.152787,81.449817,0,0.69227379,0.64082202,0,45.078779,7.7738096,41.728395,51.78296,49,0.11728395,5,1061.0741,41.876543,26890.259
3,-4,7,0,21.561932,11.719221,81.455919,0,0.69066321,0.64170978,0,4.991276,4.1605186,4.6375,14.943063,12,0.11875,5,129.19062,5.8375,2860.5148
3,-4,7,1,17.538951,10.422501,80.770382,0,0.69162054,0.64082202,0,48.017372,8.2207229,44.490566,58.017512,54,0.1509434,5,780.35849,44.490566,13691.62
3,-4,7,2,13.460212,6.2563164,79.379568,0,0.69511109,0.63817546,0,7.6245138,3.8036891,7,12.195,10,0.047619048,5,115.875,8.5,1581.0312
3,-3,2,-4,78.306716,304.00041,190.01962,0,0.31091727,0.88478404,1,0,0,0,0,0,0,0,0,0,0
3,-3,2,-3,69.874272,323.95388,188.56165,0,0.27510458,0.89510857,0,641.84708,14.145577,2088.3797,2118.3471,2110,0.35443038,5,145781.13,2088.3797,10176631
3,-3,2,-2,59.134499,340.28494,187.08221,0,0.24581993,0.90256691,0,540.7039,12.253921,1985.2803,2024.2998,2013,0.43312102,5,117370.03,1985.3567,6938897.2
3,-3,2,-1,46.2955,351.37614,185.86705,0,0.22599037,0.90707539,0,193.93572,7.0904748,778.41509,809.94874,801,0.35849057,5,36011.491,778.41509,1666077.2
3,-3,2,0,32.368811,355.59808,185.20299,0,0.21843897,0.9085838,0,191.42,6.883319,796.2,819.72,813,0.2625,5,25747.35,796.2,832715.26
3,-3,2,1,18.926809,352.17309,185.22848,0,0.22448323,0.90707539,0,192.9552,7.0293835,779.67925,806.77691,799,0.30188679,5,14715.992,779.67925,277876.47
3,-3,2,2,7.2116584,341.732,185.83528,0,0.24304234,0.90256691,0,523.40484,11.958108,1943.7267,1972.0589,1964,0.31677019,5,14005.217,1943.7267,101115.38
3,-3,2,3,-2.4029981,325.85406,186.74718,0,0.27137749,0.89510857,1,0,0,0,0,0,0,0,0,0,0
3,-3,2,4,-10.159308,306.18627,187.67198,0,0.3065189,0.88478404,1,0,0,0,0,0,0,0,0,0,0
3,-3,3,-8,83.881645,171.63878,190.91035,0,0.53628232,0.79004837,1,0,0,0,0,0,0,0,0,0,0
3,-3,3,-7,80.953326,195.46242,191.72966,0,0.49847022,0.80944339,1,0,0,0,0,0,0,0,0,0,0
3,-3,3,-6,77.228088,217.52735,192.06555,0,0.46206341,0.82676009,1,0,0,0,0,0,0,0,0,0,0
3,-3,3,-5,72.576226,237.61761,192.00512,0,0.42792989,0.84178091,0,269.35493,11.933442,529.8481,551.04158,545,0.24050633,5,38425.453,529.8481,2786738
3,-3,3,-4,66.881944,255.37295,191.64642,0,0.39712084,0.85432172,0,22.085454,3.7439858,47.512195,64.87329,60,0.19512195,5,3302.6098,49.463415,220515.87
3,-3,3,-3,60.081705,270.28436,191.1021,0,0.37087298,0.8642319,0,233.14498,10.22865,543.28931,568.12883,561,0.27672956,5,32631.096,543.28931,1959952.4
3,-3,3,-2,52.219594,281.72475,190.49674,0,0.35054778,0.87139428,0,19.243422,3.237658,47.835443,64.773434,60,0.19620253,5,2495.6867,47.835443,130211.81
3,-3,3,-1,43.500553,289.04158,189.95325,0,0.33746592,0.87572519,0,325.61878,11.4599,844.98182,884.37708,873,0.41818182,6,36696.429,845.2303,1593324.6
3,-3,3,0,34.298913,291.71571,189.56709,0,0.3326345,0.8771744,0,306.4407,10.954168,808.1,834.44187,827,0.3,5,27694.181,808.1,949186.63
3,-3,3,1,25.085133,289.53233,189.37769,0,0.33645891,0.87572519,0,304.37471,10.99091,792.21739,818.34972,811,0.29813665,5,19870.554,792.21739,498479.25
3,-3,3,2,16.293431,282.66282,189.35421,0,0.34860643,0.87139428,0,20.12627,3.3947127,50.308642,72.005335,66,0.25308642,5,819.11111,50.37037,13323.136
3,-3,3,3,8.2125421,271.59821,189.40628,0,0.36811795,0.8642319,0,216.00534,9.8118799,507.11656,530.62908,524,0.26380368,5,4157.5491,507.11656,34129.149
3,-3,3,4,0.95907845,256.98293,189.41134,0,0.39368815,0.85432172,0,23.686712,3.8632947,51.401274,70.283581,65,0.22292994,5,45.579618,51.401274,52.502389
3,-3,3,5,-5.4811964,239.4507,189.24124,0,0.42394663,0.84178091,1,0,0,0,0,0,0,0,0,0,0
3,-3,4,-12,81.034602,19.223691,175.23325,0,0.73115531,0.6672786,1,0,0,0,0,0,0,0,0,0,0
3,-3,4,-11,79.918158,49.996434,179.62557,0,0.6988132,0.69023557,1,0,0,0,0,0,0,0,0,0,0
3,-3,4,-10,78.42204,78.235692,183.10605,0,0.66596266,0.71248503,1,0,0,0,0,0,0,0,0,0,0
3,-3,4,-9,76.496085,104.18907,185.80942,0,0.63307991,0.73367551,1,0,0,0,0,0,0,0,0,0,0
3,-3,4,-8,74.084997,127.99659,187.84779,0,0.60068929,0.753489,1,40.308952,5.863116,50.5625,54.089258,53,0.0375,2,3725.5,50.5625,274500.39
3,-3,4,-7,71.130831,149.70092,189.31848,0,0.56937482,0.77164098,0,68.417438,7.6819093,92.722222,108.3858,104,0.17901235,5,6623.5139,93.277778,470336.89
3,-3,4,-6,67.577821,169.25297,190.30999,0,0.53978927,0.78788038,0,10.268278,4.1067421,14.987654,35.930803,30,0.2345679,5,1011.7037,14.987654,68295.826
3,-3,4,-5,63.380451,186.51692,190.90634,0,0.51265692,0.80198963,0,116.24085,9.1018569,181.84472,202.74206,197,0.2484472,5,11512.194,181.84472,728832.75
3,-3,4,-4,58.515223,201.27895,191.18945,0,0.48876362,0.81378462,0,143.6995,9.6545513,239.25767,258.39576,253,0.21472393,5,14055.129,240.57669,821164.19
3,-3,4,-3,52.995216,213.26554,191.23915,0,0.46892644,0.82311471,0,542.90779,17.8422,952.97546,980.8624,973,0.31288344,5,50450.296,952.97546,2670927.3
3,-3,4,-2,46.883998,222.17597,191.13005,0,0.45393591,0.82986275,0,37.94388,5.2304087,69.367089,91.431261,85,0.24050633,5,3242.9367,69.367089,151623.32
3,-3,4,-1,40.302609,227.73017,190.92529,0,0.44447123,0.83394504,0,293.86783,12.872276,551.37342,583.3084,574,0.34810127,5,22201.097,551.48734,893795.92
3,-3,4,0,33.422747,229.72427,190.66828,0,0.44100228,0.83531139,0,15.559937,3.6664363,29.472393,48.228462,43,0.21472393,5,1068.1212,32.042945,35607.766
3,-3,4,1,26.443781,228.0778,190.3754,0,0.44370745,0.83394504,0,276.84997,12.453918,520.33758,547.89002,540,0.31210191,5,13740.553,520.33758,362904.71
3,-3,4,2,19.559798,222.8536,190.03266,0,0.45243903,0.82986275,0,36.457114,5.0766292,66.869565,86.704834,81,0.2173913,5,1327.955,68.118012,25896.021
3,-3,4,3,12.929332,214.24169,189.59796,0,0.46675143,0.82311471,0,528.70804,17.618015,932.375,965.30234,956,0.375,5,12022.947,932.375,155148.2
3,-3,4,4,6.6585674,202.5143,189.00784,0,0.48597984,0.81378462,0,116.59467,8.8547936,195.24051,219.85651,213,0.29113924,5,1298.8386,195.24051,8658.8481
3,-3,4,5,0.80051914,187.97014,188.18547,0,0.50933807,0.80198963,0,111.4508,9.0177845,175.48734,201.61597,194,0.28481013,5,123.5807,175.60127,105.65862
3,-3,4,6,-4.6348221,170.88514,187.04714,0,0.53600582,0.78788038,1,0,0,0,0,0,0,0,0,0,0
3,-3,4,7,-9.6665129,151.47795,185.50568,0,0.56518943,0.77164098,1,0,0,0,0,0,0,0,0,0,0
3,-3,5,-10,69.997362,27.123378,175.98977,0,0.72299361,0.67293319,0,39.938178,7.5698154,37.17284,49.641575,46,0.13580247,5,2633.9306,37.783951,183617.78
3,-3,5,-9,68.023158,52.564599,179.49634,0,0.69573887,0.69209929,0,14.483172,4.6260002,14.407407,21.176568,19,0.074074074,5,1062.8796,15.617284,72338.285
3,-3,5,-8,65.650452,75.446622,182.27024,0,0.6691134,0.71010149,0,15.427616,5.1358433,16.372671,29.707419,26,0.1552795,5,1173.1304,17.913043,76830.769
3,-3,5,-7,62.851651,95.879094,184.42154,0,0.64363758,0.72665527,0,73.71011,8.7753253,83.217391,98.152309,94,0.17391304,5,5314.028,84.68323,333472.3
3,-3,5,-6,59.605185,113.8919,186.04417,0,0.61985842,0.74150958,0,41.653464,6.9808984,49.828221,69.738266,64,0.21472393,5,3124.0997,52.521472,185833.99
3,-3,5,-5,55.899957,129.4492,187.22004,0,0.59834211,0.75444682,0,80.091893,8.6025231,100.9875,117.65484,113,0.19375,5,5638.1656,100.9875,314794.33
3,-3,5,-4,51.740432,142.46434,188.02131,0,0.57965853,0.76528289,0,4.0477394,3.5214875,5.343949,21.614831,17,0.1910828,5,543.50318,10.56051,27972.905
3,-3,5,-3,47.151496,152.81761,188.51092,0,0.56435621,0.77386715,0,5.5424334,3.6320892,7.6,24.805,20,0.2,5,509.9125,10.8,24076.7
3,-3,5,-2,42.181707,160.37754,188.74168,0,0.55292797,0.78008246,0,45.363653,6.2041937,64,76.615142,73,0.14285714,5,2721.6196,64.565217,114729.38
3,-3,5,-1,36.903319,165.02456,188.75415,0,0.54577066,0.78384512,0,206.60934,12.338268,296.73585,314.01365,309,0.18867925,5,10958.049,297.18868,404073.72
3,-3,5,0,31.407923,166.67371,188.5741,0,0.54314564,0.78510491,0,22.402778,5.0257585,32.382716,52.774729,47,0.22839506,5,1154.8858,36.703704,36341.072
3,-3,5,1,25.797867,165.29159,188.21034,0,0.54514909,0.78384512,0,207.28309,12.364844,298.04294,316.08743,311,0.20245399,5,7678.6764,298.04294,197856.09
3,-3,5,2,20.175198,160.90301,187.65373,0,0.55170024,0.78008246,0,34.807587,5.612962,49.216561,62.988154,59,0.15286624,5,1036.1099,51.66242,20786.229
3,-3,5,3,14.630989,153.5856,186.87773,0,0.56255103,0.77386715,0,16.037719,4.5162025,22.062112,38.597199,34,0.19254658,5,329.22981,22.372671,4847.8983
3,-3,5,4,9.2376736,143.45371,185.84017,0,0.57731417,0.76528289,0,0.54948673,2.5042969,0.72839506,11.020244,8,0.11728395,5,31.33642,3.3209877,296.5409
3,-3,5,5,4.0456747,130.63603,184.48561,0,0.59550217,0.75444682,0,69.884679,8.0128609,88.5375,103.05422,99,0.16875,5,356.07812,88.5375,1443.4586
3,-3,5,6,-0.91597352,115.25166,182.74732,0,0.61656786,0.74150958,1,32.685276,5.963314,39.308642,51.433623,48,0.13580247,3,-28.339506,39.308642,21.481481
3,-3,5,7,-5.6363462,97.38831,180.54813,0,0.63993961,0.72665527,1,0,0,0,0,0,0,0,0,0,0
3,-3,5,8,-10.118224,77.083854,177.79984,0,0.66504739,0.71010149,1,0,0,0,0,0,0,0,0,0,0
3,-3,6,-8,58.19954,12.994228,173.19571,0,0.73676862,0.6625989,0,19.170367,5.6300527,17.240506,25.636817,23,0.088607595,5,1004.5253,17.240506,58534.983
3,-3,6,-7,55.618631,33.126939,176.12253,0,0.7164436,0.67719933,0,47.045751,7.9498385,44.46875,56.46582,53,0.13125,5,2684.6953,48.34375,149095.55
3,-3,6,-6,52.694819,50.571262,178.42147,0,0.69759049,0.69036073,0,9.456026,5.2500205,9.3580247,26.994361,22,0.19753086,5,647.03395,12.308642,34013.874
3,-3,6,-5,49.429806,65.388747,180.18027,0,0.68065143,0.70186552,0,12.698559,5.0320828,13.09434,26.924884,23,0.1572327,5,658.95755,13.45283,32282.652
3,-3,6,-4,45.834962,77.593606,181.4711,0,0.66604899,0.71152958,0,38.786294,7.0133748,41.434783,56.134216,52,0.16770186,5,1937.3913,42.347826,88638.886
3,-3,6,-3,41.932902,87.168385,182.35252,0,0.65417004,0.71920228,0,173.54734,12.981169,190.8,203.68,200,0.14375,5,7975.5,190.8,333403.83
3,-3,6,-2,37.758094,94.0789,182.87029,0,0.64534659,0.72476647,0,28.53168,6.3117163,32.042945,50.246415,45,0.19631902,5,1237.1181,32.877301,46553.469
3,-3,6,-1,33.356089,98.288034,183.05735,0,0.63983591,0.72813846,0,89.384024,9.3586893,101.71975,113.42813,110,0.12738854,5,3388.0955,101.71975,112860.93
3,-3,6,0,28.781192,99.767267,182.93342,0,0.63780259,0.72926803,0,11.480235,4.5496484,13.126582,27.061849,23,0.15189873,5,378.21203,13.126582,10900.52
3,-3,6,1,24.092747,98.504538,182.50452,0,0.63930601,0.72813846,0,85.05631,9.0681727,96.875,106.67188,104,0.11875,5,2325.9688,96.875,55858.805
3,-3,6,2,19.350642,94.507191,181.76265,0,0.64429543,0.72476647,0,18.996171,5.3475836,21.36875,36.186055,32,0.16875,5,449.70313,23.125,8748.3141
3,-3,6,3,14.610839,87.799517,180.68582,0,0.65261398,0.71920228,0,174.84692,13.274703,192.68712,214.01242,208,0.2392638,5,2816.7055,192.68712,41192.862
3,-3,6,4,9.9217424,78.415271,179.2383,0,0.66401056,0.71152958,0,35.438866,6.8315695,37.975,53.589156,49,0.175,5,379.28594,38.51875,3739.4949
3,-3,6,5,5.3219044,66.386334,177.37077,0,0.6781573,0.70186552,0,9.3087159,4.5989454,9.6341463,22.654967,19,0.14634146,5,60.018293,11.146341,323.94055
3,-3,6,6,0.83920883,51.728915,175.02015,0,0.69466944,0.69036073,0,15.278309,5.1520761,15.183544,26.215631,23,0.12025316,5,16.004747,15.651899,18.895965
3,-3,6,7,-3.5087034,34.428457,172.10857,0,0.71312464,0.67719933,1,0,0,0,0,0,0,0,0,0,0
3,-3,6,8,-7.7131652,14.4237,168.54122,0,0.73307947,0.6625989,1,0,0,0,0,0,0,0,0,0,0
3,-3,7,-3,37.033011,13.178108,171.80123,0,0.73592231,0.66243604,0,8.6652805,5.0519994,7.8,20.68,17,0.14375,5,317.75,8.6,11740.638
3,-3,7,-2,33.441726,19.962924,172.6193,0,0.72914647,0.66723072,0,17.512387,5.6972031,16.025316,27.179779,24,0.12658228,5,567.1788,17.018987,18904.69
3,-3,7,-1,29.669623,24.066472,172.98215,0,0.72491095,0.67014101,0,87.059633,10.783414,80.481928,99.374655,94,0.20481928,5,2420.0422,81.662651,71721.387
3,-3,7,0,25.751477,25.494904,172.90893,0,0.72332979,0.67111668,0,13.705362,5.293225,12.716049,24.119265,21,0.13580247,5,405.3179,15.728395,10446.866
3,-3,7,1,21.724729,24.248722,172.40491,0,0.72444348,0.67014101,0,109.5828,11.652398,101.36875,116.18605,112,0.16875,5,2211.3359,101.94375,47974.956
3,-3,7,2,17.627388,20.324557,171.46144,0,0.72821667,0.66723072,0,31.787071,6.9113199,29.125,40.100781,37,0.125,5,570.70469,32.45625,10038.679
3,-3,7,3,13.495908,13.713591,170.05574,0,0.73454003,0.66243604,0,13.532168,5.0082191,12.203822,20.399692,18,0.089171975,5,173.41401,13.031847,2312.1616
3,-2,2,-3,77.351925,324.02006,258.20094,0,0.28670705,0.92923668,1,0,0,0,0,0,0,0,0,0,0
3,-2,2,-2,67.458892,339.52435,257.22516,0,0.25774242,0.93700899,0,1658.8227,21.44827,6030.5625,6079.9535,6066,0.5625,5,406353.37,6030.5625,27381779
3,-2,2,-1,55.310231,349.93236,256.41971,0,0.23835237,0.94170586,0,493.7253,11.294724,1950.6582,1991.3282,1980,0.48101266,5,107802.16,1950.6582,5957837.7
3,-2,2,0,41.68002,353.78407,255.94971,0,0.23117839,0.94327706,0,3.0098894,1.8936022,12.28125,59.698242,46,0.51875,5,706.44531,17.09375,29200.631
3,-2,2,1,28.007868,350.41348,255.89197,0,0.23740139,0.94170586,0,432.99355,10.604865,1717.566,1769.5969,1755,0.60377358,5,48096.69,1717.566,1347011.3
3,-2,2,2,15.642521,340.403,256.18312,0,0.25598103,0.93700899,0,1553.737,20.707485,5687.3962,5745.4845,5729,0.66037736,5,89014.991,5687.3962,1393719.5
3,-2,2,3,5.193528,325.18152,256.66339,0,0.28433015,0.92923668,0,154.88795,7.1801089,506.19876,550.64149,538,0.49689441,5,2652.5481,509.95652,13842.58
3,-2,2,4,-3.3953986,306.26412,257.16056,0,0.31959988,0.9184726,1,0,0,0,0,0,0,0,0,0,0
3,-2,2,5,-10.461973,284.81827,257.53711,0,0.35943472,0.90483391,1,0,0,0,0,0,0,0,0,0,0
3,-2,3,-6,81.721361,221.24645,260.73324,0,0.47507881,0.85786032,1,0,0,0,0,0,0,0,0,0,0
3,-2,3,-5,77.419269,240.70622,260.58308,0,0.44051454,0.87357187,1,0,0,0,0,0,0,0,0,0,0
3,-2,3,-4,72.090337,257.87679,260.25884,0,0.40941054,0.88667782,0,107.88139,7.5201368,233.64331,265.25595,256,0.34394904,5,16832.78,233.64331,1212739.9
3,-2,3,-3,65.647392,272.26103,259.82934,0,0.38300514,0.89702755,0,344.96375,12.355457,807.93168,837.37499,829,0.32919255,5,53051.781,808.30435,3482063
3,-2,3,-2,58.097488,283.25602,259.37044,0,0.36265028,0.90450391,0,369.37557,12.321945,921.27778,944.50309,938,0.2654321,5,53491.764,921.27778,3105979.4
3,-2,3,-1,49.599236,290.24327,258.95642,0,0.34964442,0.90902319,0,280.19754,10.624822,728.4717,763.02729,753,0.37735849,5,36127.259,728.4717,1791748.4
3,-2,3,0,40.48506,292.73807,258.64444,0,0.34496571,0.9105352,0,-1.9766628,2.1181981,-5.2173913,31.258979,21,0.41614907,5,12.554348,0.30434783,517.86685
3,-2,3,1,31.206789,290.54607,258.45761,0,0.34899723,0.90902319,0,277.29852,10.532332,722.2716,752.58406,744,0.33950617,5,22528.512,722.2716,702769.33
3,-2,3,2,22.213347,283.83556,258.37684,0,0.36140133,0.90450391,0,348.3463,12.023805,871.83019,905.57672,896,0.3836478,5,19355.825,871.83019,429809.78
3,-2,3,3,13.833462,273.07415,258.3473,0,0.38123022,0.89702755,0,318.14522,11.80633,748.58974,771.73241,765,0.25641026,5,10316.519,748.58974,142248.5
3,-2,3,4,6.2304135,258.87506,258.29455,0,0.40719575,0.88667782,0,103.58423,7.3028252,225.55696,252.87566,245,0.30379747,5,1398.3259,225.55696,8696.8695
3,-2,3,5,-0.57151659,241.84483,258.1404,0,0.43794097,0.87357187,1,322.22484,12.933739,642.75,665.60156,659,0.25,3,-349.6875,642.75,232.53125
3,-2,3,6,-6.6322904,222.48843,257.81222,0,0.47221494,0.85786032,1,0,0,0,0,0,0,0,0,0,0
3,-2,4,-12,83.87961,29.716792,251.55208,0,0.75057512,0.6897317,1,0,0,0,0,0,0,0,0,0,0
3,-2,4,-11,82.89434,59.231709,254.02141,0,0.7171747,0.71413291,1,0,0,0,0,0,0,0,0,0,0
3,-2,4,-10,81.544008,86.401588,255.96176,0,0.6833607,0.73770103,1,0,0,0,0,0,0,0,0,0,0
3,-2,4,-9,79.778604,111.43343,257.44853,0,0.64960977,0.76008459,1,0,0,0,0,0,0,0,0,0,0
3,-2,4,-8,77.542267,134.43766,258.54534,0,0.61644835,0.78096557,1,0,0,0,0,0,0,0,0,0,0
3,-2,4,-7,74.775325,155.43581,259.3083,0,0.58446392,0.80005945,1,8.6490625,2.9447151,11.839506,16.24859,15,0.049382716,1,873.16358,11.839506,64395.814
3,-2,4,-6,71.418513,174.36465,259.78918,0,0.55431351,0.81711517,0,33.995731,5.5407328,50.113208,66.709861,62,0.18867925,5,3575.6792,50.113208,255137.08
3,-2,4,-5,67.42036,191.08035,260.03782,0,0.52672566,0.83191515,0,198.39682,11.715151,313.34969,342.36147,334,0.31288344,5,21099.255,313.34969,1420738.7
3,-2,4,-4,62.748369,205.36693,260.10335,0,0.50248944,0.84427528,0,231.12785,12.13758,388.33758,415.89002,408,0.31210191,5,24356.785,388.33758,1527709.8
3,-2,4,-3,57.403471,216.95398,260.03397,0,0.48242295,0.85404493,0,118.55691,8.5885141,209.88415,231.17538,225,0.22560976,5,12029.776,209.88415,689520.81
3,-2,4,-2,51.434802,225.54825,259.87489,0,0.46731469,0.86110693,0,4.8742278,3.2213157,8.9815951,35.233995,28,0.30674847,5,565.59663,11.01227,29049.848
3,-2,4,-1,44.948946,230.87956,259.66431,0,0.4578388,0.86537761,0,301.23075,12.911157,569.36709,595.54751,588,0.29113924,5,25549.165,569.36709,1146520.3
3,-2,4,0,38.106473,232.75351,259.42842,0,0.45445833,0.86680675,0,21.230478,4.2685997,40.49375,66.286836,59,0.29375,5,1703.9812,44.7625,64868.96
3,-2,4,1,31.102213,231.09566,259.17689,0,0.45734505,0.86537761,0,290.84124,12.706536,550.32298,578.06636,570,0.29813665,5,17103.503,550.32298,531621.04
3,-2,4,2,24.13378,225.96966,258.90084,0,0.46634673,0.86110693,0,7.7846042,3.4482834,14.374233,40.541722,33,0.28220859,5,421.28374,17.282209,10270.421
3,-2,4,3,17.370135,217.56137,258.57433,0,0.48101589,0.85404493,0,108.08592,8.2736889,191.90683,215.7948,209,0.26708075,5,3313.0683,192.07453,57161.107
3,-2,4,4,10.931665,206.13611,258.15835,0,0.50068767,0.84427528,0,242.21913,12.461884,408.4375,441.57227,432,0.3625,5,4439.875,408.4375,48305.871
3,-2,4,5,4.8859364,191.98577,257.6058,0,0.52457654,0.83191515,0,190.89651,11.421672,302.73885,328.0951,321,0.29936306,5,1458.5924,302.73885,7059.0199
3,-2,4,6,-0.74457557,175.38215,256.86548,0,0.55186251,0.81711517,1,19.016143,4.3704896,28.15625,41.875977,38,0.15625,3,-20.364062,29.09375,15.637109
3,-2,4,7,-5.969539,156.54417,255.88426,0,0.58175163,0.80005945,1,0,0,0,0,0,0,0,0,0,0
3,-2,4,8,-10.818032,135.61912,254.60743,0,0.61350924,0.78096557,1,0,0,0,0,0,0,0,0,0,0
3,-2,5,-11,74.368395,10.263044,249.38387,0,0.77060863,0.67442013,1,2.85656,3.1000952,2.5,7.3611111,6,0.055555556,2,184.04167,2.5,13548.656
3,-2,5,-10,72.866757,37.240298,251.83941,0,0.74226346,0.69575078,1,-4.694151,3.4005662,-4.4,10.16,6,0.1625,5,0,0,0
3,-2,5,-9,71.004076,61.64805,253.79523,0,0.71415331,0.71610995,0,21.129609,6.1192894,21.1875,37.651172,33,0.1875,5,1508.2594,21.1875,107370.83
3,-2,5,-8,68.748781,83.653693,255.32552,0,0.68677026,0.73517965,0,12.628364,5.0646383,13.518519,29.394147,25,0.18518519,5,1086.4043,15.814815,74632.711
3,-2,5,-7,66.071127,103.33967,256.49274,0,0.66063562,0.75267533,0,8.0186453,4.4357801,9.1358025,25.540619,21,0.19135802,5,762.93827,11.555556,50372.574
3,-2,5,-6,62.94648,120.71679,257.35087,0,0.63629801,0.76834595,0,6.6962486,4.3331468,8.0858896,27.377846,22,0.2208589,5,712.3773,11.337423,44764.003
3,-2,5,-5,59.359652,135.73648,257.94759,0,0.61432546,0.78197392,0,61.148196,7.7140127,77.835443,96.415799,91,0.20253165,5,4650.8513,78.481013,275620.07
3,-2,5,-4,55.31001,148.3045,258.3253,0,0.5952894,0.79337513,0,89.69629,8.9505431,119.54321,142.29828,136,0.2654321,5,6606.5093,119.54321,365116.71
3,-2,5,-3,50.816593,158.29757,258.52132,0,0.57973918,0.80239895,0,287.39436,14.863679,397.77358,423.22179,416,0.28930818,5,20191.708,397.77358,1024998.8
3,-2,5,-2,45.921916,165.58368,258.5671,0,0.56816744,0.80892823,0,10.676034,4.2095388,15.2,35.92,30,0.23125,5,782.85,17,36051.463
3,-2,5,-1,40.69281,170.04461,258.48686,0,0.56096971,0.81287926,0,178.85438,11.570509,259.17089,281.11124,275,0.25949367,5,10540.125,259.17089,428680.82
3,-2,5,0,35.217018,171.59755,258.29589,0,0.55840509,0.81420186,0,363.19422,16.218168,529.5679,559.20241,551,0.34567901,5,18661.824,530.16049,656955.58
3,-2,5,1,29.595372,170.21108,257.99924,0,0.56056705,0.81287926,0,188.3273,11.965958,273.09375,301.08691,293,0.30625,5,8078.2109,273.09375,238983.41
3,-2,5,2,23.931072,165.91131,257.59107,0,0.56737206,0.80892823,0,4.9452251,3.5126414,7.0506329,25.081397,20,0.20886076,5,170.27532,7.0506329,4114.3204
3,-2,5,3,18.318758,158.7765,257.05495,0,0.57856956,0.80239895,0,273.41844,14.523159,379.19497,405.68759,398,0.28930818,5,6927.195,379.19497,126589.17
3,-2,5,4,12.836109,148.92161,256.36504,0,0.59377024,0.79337513,0,84.646652,8.7112131,113.10191,135.48075,129,0.24840764,5,1474.9825,115.58599,18831.215
3,-2,5,5,7.5395443,136.4769,255.48757,0,0.61248494,0.78197392,0,49.932503,7.1505536,63.75,83.34375,78,0.2375,5,484.0625,63.75,3680.6094
3,-2,5,6,2.4639914,121.56524,254.38207,0,0.63416528,0.76834595,0,-2.2248949,3.7494419,-2.6956522,20.636781,14,0.26086957,5,7.4425466,3.0372671,18.419643
3,-2,5,7,-2.3744194,104.28151,253.00209,0,0.65823876,0.75267533,1,0,0,0,0,0,0,0,0,0,0
3,-2,5,8,-6.9742424,84.675521,251.29499,0,0.68413496,0.73517965,1,0,0,0,0,0,0,0,0,0,0
3,-2,6,-8,61.009606,23.650557,250.05519,0,0.75669961,0.68474565,0,44.826631,8.1109607,40.564103,53.871137,50,0.1474359,5,2472.8205,40.564103,150749.75
3,-2,6,-7,58.507865,42.918266,251.67306,0,0.73572221,0.70028799,0,7.9468424,4.8104829,7.5641026,20.965391,17,0.1474359,5,710.26282,12.128205,41595.758
3,-2,6,-6,55.661546,59.644331,252.92683,0,0.71631617,0.7142657,0,16.020217,5.3728819,15.974359,28.702827,25,0.14102564,5,894.19872,16.025641,49896.207
3,-2,6,-5,52.469823,73.870355,253.86639,0,0.69892383,0.72646121,0,45.278539,7.4293865,47.0625,59.630859,56,0.1375,5,2472.0156,47.0625,129851.72
3,-2,6,-4,48.941248,85.596702,254.53315,0,0.68396811,0.73669042,0,7.0238018,3.9290693,7.5652174,17.909263,15,0.11801242,5,396.8913,8.0869565,19480.092
3,-2,6,-3,45.095497,94.79672,254.96095,0,0.67183606,0.74480268,0,0.50739316,4.2569315,0.5625,22.271484,16,0.2375,5,184.76562,4.125,8276.0391
3,-2,6,-2,40.964236,101.43055,255.17636,0,0.66285956,0.75068083,0,199.06691,13.916232,225.44099,248.37676,242,0.26708075,5,9216.028,225.44099,376778.56
3,-2,6,-1,36.59066,105.45801,255.1985,0,0.65729524,0.7542412,0,120.64656,11.070589,138.44099,161.37676,155,0.26708075,5,5061.3618,138.44099,185053.39
3,-2,6,0,32.027472,106.84945,255.03875,0,0.65530669,0.75543357,0,7.009705,4.4415063,8.0807453,26.215848,21,0.19875776,5,310.01087,9.7329193,9876.776
3,-2,6,1,27.333398,105.5931,254.7003,0,0.65695184,0.7542412,0,130.26443,11.250524,149.55556,166.83951,162,0.19753086,5,4101.6806,150.5,111800.02
3,-2,6,2,22.568787,101.6978,254.17804,0,0.66217835,0.75068083,0,164.38711,12.598787,186.35802,203.99436,199,0.19753086,5,4216.5463,187.12346,95031.961
3,-2,6,3,17.791068,95.190555,253.45847,0,0.67082766,0.74480268,0,6.1537032,4.2533201,6.8322981,22.300606,18,0.18012422,5,187.51863,10.534161,3338.2609
3,-2,6,4,13.050903,86.109452,252.51998,0,0.68264714,0.73669042,0,11.38444,4.5680354,12.285714,24.301686,21,0.14285714,5,157.95963,12.285714,2033.4387
3,-2,6,5,8.3895956,74.49291,251.33296,0,0.69730764,0.72646121,0,38.162248,6.9588271,39.757764,52.559122,49,0.14906832,5,367.65683,43.608696,3102.5082
3,-2,6,6,3.8379572,60.366804,249.8598,0,0.71442353,0.7142657,0,11.908291,5.235263,11.90566,27.39587,23,0.17610063,5,46.754717,12.679245,174.67925
3,-2,6,7,-0.58352771,43.730559,248.05448,0,0.73357206,0.70028799,1,5.3039449,3.63342,5.0632911,12.030925,10,0.075949367,3,-4.6329114,6.1772152,3.4746835
3,-2,6,8,-4.8636187,24.542774,245.86144,0,0.75431014,0.68474565,1,0,0,0,0,0,0,0,0,0,0
3,-2,7,-4,43.189438,14.64716,248.13753,0,0.76563207,0.67753709,0,7.094824,5.045753,6.278481,19.93783,16,0.15189873,5,358.85443,8.3037975,15512.025
3,-2,7,-3,39.84423,23.688388,248.80979,0,0.75623973,0.68457205,0,32.145108,6.9972723,29.098765,40.121475,37,0.12345679,5,1158.3735,29.098765,46117.115
3,-2,7,-2,36.279814,30.154571,249.19733,0,0.74930419,0.6896807,0,19.023139,6.5651674,17.509434,36.515011,31,0.20754717,5,820.34591,22.641509,29724.085
3,-2,7,-1,32.525354,34.055584,249.31891,0,0.74500641,0.69277937,0,0.11029617,4.418391,0.1025641,16.880999,12,0.18589744,5,119.40385,3.7179487,3835.5785
3,-2,7,0,28.614861,35.393931,249.18515,0,0.74345969,0.69381784,0,21.916206,5.7245369,20.45283,28.540185,26,0.088050314,5,635.80189,22.226415,18189.21
3,-2,7,1,24.585485,34.169317,248.79862,0,0.74470365,0.69277937,0,-6.8796843,3.5587199,-6.4,10.96,6,0.19375,5,0,0,0
3,-2,7,2,20.475446,30.38025,248.15381,0,0.74870201,0.6896807,0,25.521318,6.8273144,23.509434,39.552866,35,0.18238994,5,479.87736,23.509434,9798.8467
3,-2,7,3,16.321895,24.022569,247.237,0,0.75534457,0.68457205,0,11.102783,5.2795333,10.0625,22.894922,19,0.1375,5,197.17188,12.125,3208.2422
3,-2,7,4,12.158984,15.084979,246.02597,0,0.76445296,0.67753709,0,13.670903,5.2986507,12.116564,22.054397,19,0.10429448,5,160.44325,13.355828,1929.2212
3,-1,1,3,-8.0703103,369.22615,318.73087,0,0.20750411,0.9708001,1,0,0,0,0,0,0,0,0,0,0
3,-1,2,-3,81.660736,325.42414,321.39576,0,0.29084254,0.95039204,1,0,0,0,0,0,0,0,0,0,0
3,-1,2,-2,72.230454,340.60734,320.80759,0,0.26183218,0.95835273,0,455.57619,11.386456,1667.4906,1736.9283,1717,0.77358491,5,120433.69,1668.1509,8694968.4
3,-1,2,-1,60.450302,350.7366,320.3053,0,0.24253655,0.96316262,0,99.391394,5.3472083,394.7037,450.91952,435,0.62962963,5,23842.651,394.7037,1440290.2
3,-1,2,0,46.970814,354.39835,319.96796,0,0.23557053,0.9647715,0,3.6471313,1.9883074,14.936709,66.309245,52,0.60759494,5,757.17089,16.202532,35395.627
3,-1,2,1,33.167231,350.96705,319.83204,0,0.24207033,0.96316262,0,97.845371,5.3442315,389.3125,452.1543,434,0.6875,5,12991.461,391.46875,431175.19
3,-1,2,2,20.446335,341.02866,319.86719,0,0.26096785,0.95835273,0,418.80411,10.901134,1537.9752,1602.5815,1584,0.70807453,5,31383.314,1537.9752,640562.81
3,-1,2,3,9.5407509,325.98175,319.99709,0,0.28967494,0.95039204,0,751.60268,15.317897,2465.9268,2525.7015,2508,0.6097561,5,23539.663,2466.7622,224869.41
3,-1,2,4,0.49264036,307.30516,320.13909,0,0.32535017,0.93936422,0,230.55828,9.2464083,665.67722,712.70874,699,0.51265823,5,300.35918,665.67722,213.85483
3,-1,2,5,-6.9877532,286.1413,320.2267,0,0.36564107,0.92538645,1,0,0,0,0,0,0,0,0,0,0
3,-1,3,-5,80.226129,243.32378,322.86676,0,0.44607448,0.89332493,1,0,0,0,0,0,0,0,0,0,0
3,-1,3,-4,75.103609,260.21993,322.58371,0,0.41470647,0.90676997,1,0,0,0,0,0,0,0,0,0,0
3,-1,3,-3,68.86094,274.35769,322.25412,0,0.3881278,0.91738344,0,613.02134,16.304463,1448.9444,1485.1327,1475,0.41358025,5,99672.069,1448.9444,6856531.4
3,-1,3,-2,61.4844,285.1402,321.91423,0,0.36769819,0.92504817,0,73.182484,5.9218766,184.11111,221.95473,211,0.40740741,5,11347.241,184.81481,696717.01
3,-1,3,-1,53.107211,291.95921,321.59966,0,0.3547184,0.92968048,0,477.4213,13.717073,1251.2722,1292.4772,1281,0.48734177,5,66411.707,1251.2722,3524965.2
3,-1,3,0,44.039402,294.34221,321.33786,0,0.35016163,0.93123017,0,330.21098,11.444429,878.17284,926.32891,913,0.5617284,5,38653.525,878.17284,1701450.1
3,-1,3,1,34.723346,292.10477,321.13994,0,0.35440018,0.92968048,0,469.39459,13.609305,1231.3396,1274.5341,1262,0.47169811,5,42767.261,1233.1069,1483394.5
3,-1,3,2,25.616444,285.41883,320.99668,0,0.36708398,0.92504817,0,68.244049,5.706388,171.97436,206.78567,197,0.41025641,5,4413.9936,171.97436,113315.84
3,-1,3,3,17.069324,274.74872,320.88157,0,0.38725472,0.91738344,0,590.79445,16.032725,1399.557,1442.524,1430,0.46835443,5,23910.407,1400.5506,408337.97
3,-1,3,4,9.2706887,260.70011,320.75857,0,0.41361677,0.90676997,0,130.22038,8.1200653,285.48148,316.8962,308,0.35185185,5,2676.2037,289.80247,24742.131
3,-1,3,5,2.2659208,243.87156,320.58967,0,0.444808,0.89332493,0,36.846383,4.9553699,74,99.043478,92,0.28571429,5,170.79348,74.478261,395.80707
3,-1,3,6,-3.9909723,224.76222,320.33942,0,0.47957371,0.87719895,1,0,0,0,0,0,0,0,0,0,0
3,-1,3,7,-9.5887506,203.73733,319.9762,0,0.51683747,0.85857614,1,0,0,0,0,0,0,0,0,0,0
3,-1,4,-10,83.356228,91.576613,321.49359,0,0.69224114,0.75350913,1,0,0,0,0,0,0,0,0,0,0
3,-1,4,-9,81.683612,116.12004,322.0377,0,0.65794403,0.77660853,1,0,0,0,0,0,0,0,0,0,0
3,-1,4,-8,79.547922,138.70146,322.40635,0,0.62429026,0.79813001,1,0,0,0,0,0,0,0,0,0,0
3,-1,4,-7,76.888418,159.33087,322.62417,0,0.59187059,0.81778903,1,0,0,0,0,0,0,0,0,0,0
3,-1,4,-6,73.643755,177.93682,322.71427,0,0.56134647,0.83533454,1,38.903351,5.6532482,57.89172,70.770944,67,0.14012739,3,4260.4475,57.89172,313544.4
3,-1,4,-5,69.758999,194.37009,322.69925,0,0.53345167,0.85054896,0,61.929724,6.9824789,98.742331,123.94463,117,0.29447853,5,6884.9678,98.742331,480074.18
3,-1,4,-4,65.196503,208.41184,322.60171,0,0.50898083,0.86324817,0,21.168129,4.5027446,35.90184,58.32075,52,0.25153374,5,2395.1656,36.650307,156533.67
3,-1,4,-3,59.950338,219.79122,322.4441,0,0.48875713,0.87328155,0,174.64776,10.1887,312.05,331.40563,326,0.225,5,18686.925,312.05,1119085.1
3,-1,4,-2,54.061605,228.21665,322.24767,0,0.47357274,0.88053194,0,46.335502,5.701965,86.153374,112.3999,105,0.29447853,5,4731.5291,87.650307,255429.25
3,-1,4,-1,47.628938,233.42118,322.03045,0,0.46410309,0.88491564,0,184.92867,10.272531,352.60759,383.64517,375,0.36708861,5,16788.052,352.62658,799287.14
3,-1,4,0,40.806897,235.21432,321.80483,0,0.4608097,0.88638245,0,6.8623741,3.3819975,13.2,42.32,34,0.325,5,649.4,16,26360
3,-1,4,1,33.787961,233.5251,321.57527,0,0.46386022,0.88491564,0,177.31308,10.117745,338.2638,372.56062,363,0.39263804,5,11412.698,338.2638,385091.12
3,-1,4,2,26.77182,228.4193,321.33734,0,0.47309659,0.88053194,0,44.826814,5.6180453,83.432099,109.33547,102,0.29012346,5,2238.0062,83.432099,60041.961
3,-1,4,3,19.933249,220.08331,321.07834,0,0.48806495,0.87328155,0,172.04833,10.371332,307.84146,344.36771,334,0.40243902,5,6104.6524,307.84146,121091.17
3,-1,4,4,13.400493,208.78172,320.77921,0,0.50809446,0.86324817,0,23.342398,4.7510705,39.658537,65.157644,58,0.28658537,5,551.90854,41.341463,7371.1448
3,-1,4,5,7.2491627,194.80545,320.41696,0,0.5323944,0.85054896,0,72.499744,7.2884341,115.825,135.58141,130,0.225,5,843.4125,115.825,6160.6672
3,-1,4,6,1.508659,178.42601,319.96653,0,0.5601407,0.83533454,0,40.454202,6.0224995,60.329114,80.664076,75,0.24050633,5,94.006329,60.329114,158.14399
3,-1,4,7,-3.8254479,159.86363,319.40195,0,0.59053633,0.81778903,1,0,0,0,0,0,0,0,0,0,0
3,-1,4,8,-8.7786842,139.26921,318.69646,0,0.62284454,0.79813001,1,0,0,0,0,0,0,0,0,0,0
3,-1,5,-11,75.969815,17.121318,318.70155,0,0.78125778,0.68799797,1,0,0,0,0,0,0,0,0,0,0
3,-1,5,-10,74.528607,43.439544,319.67857,0,0.75233766,0.71011982,1,1.0726126,2.0625577,1.0124224,3.790093,3,0.031055901,1,74.666149,1.0124224,5506.6285
3,-1,5,-9,72.73037,67.292527,320.43392,0,0.7237081,0.73119484,0,74.86923,9.7503522,75.64375,97.046523,91,0.24375,5,5665.6031,77.975,411664.48
3,-1,5,-8,70.542702,88.827838,320.99956,0,0.69586213,0.75090503,0,-1.9531039,3.4136689,-2.1075949,13.56958,9,0.17088608,5,282.73576,3.943038,20273.753
3,-1,5,-7,67.93461,108.11339,321.40265,0,0.66932287,0.76896586,0,164.37707,12.614826,188.8481,210.04158,204,0.24050633,5,12806.655,188.8481,868508.09
3,-1,5,-6,64.879694,125.14946,321.66695,0,0.64464139,0.78512626,0,77.108017,8.753926,93.91195,113.67066,108,0.22012579,5,6304.0582,97.339623,408286.31
3,-1,5,-5,61.360433,139.88011,321.81368,0,0.62238854,0.79916867,0,45.608181,6.9775634,58.5625,80.271484,74,0.2375,5,3638.7734,59.40625,222889.78
3,-1,5,-4,57.373312,152.20626,321.86193,0,0.60313869,0.81090897,0,11.334474,4.6360881,15.238994,38.851984,32,0.25786164,5,874.52358,15.238994,50191.77
3,-1,5,-3,52.934091,162.0019,321.82865,0,0.58744371,0.82019652,0,414.80129,17.66798,579.15094,608.5232,600,0.32075472,5,30582.395,579.15094,1614979.9
3,-1,5,-2,48.081923,169.13391,321.72821,0,0.57579798,0.82691418,0,115.0693,9.6767047,165.25316,193.1237,185,0.30379747,5,8102.1598,168.53797,389507.15
3,-1,5,-1,42.880655,173.48425,321.57168,0,0.56859764,0.83097824,0,145.21232,10.589838,212.22086,239.52335,232,0.3190184,5,9086.5828,212.22086,389077.15
3,-1,5,0,37.415932,174.97106,321.36599,0,0.56610106,0.83233851,0,14.274188,4.5569535,20.987342,44.891203,38,0.26582278,5,916.42089,24.493671,34289.347
3,-1,5,1,31.787797,173.56424,321.11322,0,0.56839967,0.83097824,0,140.27327,10.27642,205.07407,225.71239,220,0.24074074,5,6513.1759,205.07407,206881.25
3,-1,5,2,26.100129,169.29133,320.81024,0,0.57540692,0.82691418,0,97.474276,8.8254391,140.07975,160.85826,155,0.23312883,5,3657.5752,140.07975,95518.752
3,-1,5,3,20.449573,162.23199,320.44885,0,0.58686865,0.82019652,0,417.68597,17.758924,583.75,616.00937,607,0.375,5,11897.969,583.75,242568.5
3,-1,5,4,14.916733,152.5027,320.01633,0,0.6023918,0.81090897,0,13.009335,4.5504863,17.5125,37.523359,32,0.2375,5,294.73281,19.51875,4452.5324
3,-1,5,5,9.5613611,140.23572,319.49611,0,0.62148372,0.79916867,0,34.985104,6.1062546,44.9875,61.654844,57,0.19375,5,432.20937,44.9875,4160.243
3,-1,5,6,4.4216664,125.55687,318.8684,0,0.64359299,0.78512626,0,71.56812,8.447951,87.306748,106.20848,101,0.2208589,5,391.28221,88.969325,1727.9563
3,-1,5,7,-0.48331745,108.56552,318.11057,0,0.66814476,0.76896586,1,133.1865,11.26546,153.28395,168.1012,164,0.17283951,4,-69.512346,155.58025,42.810185
3,-1,5,8,-5.1497776,89.3182,317.19702,0,0.69456701,0.75090503,1,0,0,0,0,0,0,0,0,0,0
3,-1,5,9,-9.5848482,67.815386,316.0987,0,0.72230709,0.73119484,1,0,0,0,0,0,0,0,0,0,0
3,-1,6,-9,64.7536,8.7687671,317.86483,0,0.78977663,0.6812158,0,5.1569084,5.1135342,4.4480519,19.453744,15,0.16233766,5,517.87338,7.9350649,33802.665
3,-1,6,-8,62.633841,30.115056,318.65826,0,0.7672324,0.69871219,0,62.869548,9.0653539,57.254777,68.157288,65,0.12101911,5,3581.0525,57.254777,223988.02
3,-1,6,-7,60.177694,48.914602,319.26325,0,0.74586955,0.71481967,0,74.156697,9.7831959,71.06962,87.908068,83,0.1835443,5,4320.5063,71.949367,259457.77
3,-1,6,-6,57.375894,65.250365,319.70582,0,0.72613824,0.72928717,0,12.698021,5.4388575,12.753086,29.838287,25,0.19135802,5,1060.0926,18.469136,60848.235
3,-1,6,-5,54.226189,79.153244,320.00773,0,0.70848203,0.74189712,0,105.04559,10.816002,110,128.28125,123,0.2,5,5964.5156,110,323421.58
3,-1,6,-4,50.735546,90.61602,320.18715,0,0.69332512,0.75246541,0,89.929092,9.8792453,97.6,114.96,110,0.19375,5,4939,97.6,249947.2
3,-1,6,-3,46.921998,99.606881,320.25901,0,0.68105567,0.7608414,0,63.750386,8.5120862,71.21875,90.426367,85,0.21875,5,3342.4453,71.21875,156876.29
3,-1,6,-2,42.815653,106.08271,320.23504,0,0.67200625,0.76690794,0,110.61744,10.726581,126.23899,149.85198,143,0.25786164,5,5424.5472,126.91824,231861.31
3,-1,6,-1,38.458407,110.0016,320.12359,0,0.66643367,0.77058134,0,144.91498,11.762872,167.56173,184.99066,180,0.19135802,5,6423.4306,167.56173,246263.04
3,-1,6,0,33.902086,111.3333,319.92948,0,0.66450098,0.77181138,0,23.245999,6.061332,27,49.564103,43,0.25,5,1014.9295,29.974359,34367.989
3,-1,6,1,29.205092,110.06641,319.65373,0,0.66626498,0.77058134,0,151.48698,11.798204,175.20513,186.1979,183,0.12179487,5,5102.25,175.20513,148608.36
3,-1,6,2,24.428042,106.21093,319.29341,0,0.67167162,0.76690794,0,106.16739,10.274539,121.22086,137.62494,133,0.18404908,5,2950.1242,121.22086,71815.006
3,-1,6,3,19.629196,99.795806,318.84169,0,0.68056033,0.7608414,0,71.041143,9.1301445,79.421384,104.18623,97,0.27044025,5,1570.8333,79.509434,31041.145
3,-1,6,4,14.860477,90.861952,318.28782,0,0.69267629,0.75246541,0,68.399794,8.7086664,74.303797,89.498498,85,0.16455696,5,1100.8038,74.303797,16314.967
3,-1,6,5,10.164721,79.451781,317.61728,0,0.70768828,0.74189712,0,115.29627,11.141522,120.86957,136.42452,132,0.17391304,5,1254.8214,123.4472,12762.936
3,-1,6,6,5.5743754,65.59673,316.81177,0,0.72520883,0.72928717,0,7.5839326,4.3729942,7.6265823,19.338768,16,0.13291139,5,52.791139,9.2151899,302.62975
3,-1,6,7,1.1115097,49.303917,315.849,0,0.74481385,0.71481967,0,51.488576,8.1718904,49.415094,61.509553,58,0.13207547,5,58.086478,49.415094,73.66706
3,-1,6,8,-3.2111957,30.542543,314.70221,0,0.76605941,0.69871219,1,0,0,0,0,0,0,0,0,0,0
3,-1,6,9,-7.3889304,9.2298589,313.33931,0,0.78849462,0.6812158,1,0,0,0,0,0,0,0,0,0,0
3,-1,7,-5,47.87055,9.9027175,316.99592,0,0.78846474,0.68205027,0,52.297559,9.1820883,45.239264,63.088637,58,0.19631902,5,2219.4018,46.429448,106094.64
3,-1,7,-4,44.791731,21.227149,317.31487,0,0.77665946,0.69123345,0,61.190014,9.2511675,54.459627,67.792446,64,0.14906832,5,2435.6646,54.459627,108938.2
3,-1,7,-3,41.466725,30.022898,317.49356,0,0.76713217,0.69853214,0,36.796851,7.3898085,33.506329,45.279202,42,0.13924051,5,1447.7737,34.981013,59921.892
3,-1,7,-2,37.917904,36.308678,317.5436,0,0.76012268,0.70382918,0,19.378923,5.979913,17.94375,30.658922,27,0.14375,5,705.575,18.7,26625.344
3,-1,7,-1,34.173794,40.090748,317.47284,0,0.7558118,0.70704087,0,45.202538,7.8836201,42.285714,54.389252,51,0.14285714,5,1468.2438,42.937888,50209.547
3,-1,7,0,30.267989,41.369783,317.28545,0,0.75431236,0.70811702,0,177.24358,14.500265,166.38889,185.29321,180,0.21604938,5,5144.6806,170.05556,155652.74
3,-1,7,1,26.237482,40.145218,316.98195,0,0.75566324,0.70704087,0,54.367805,8.9868673,50.869565,70.704834,65,0.2173913,5,1330.2391,50.869565,34794.443
3,-1,7,2,22.120618,36.416757,316.5591,0,0.75982723,0.70382918,0,15.180921,5.7074498,14.062112,27.950465,24,0.1552795,5,359.31832,16.229814,7956.4057
3,-1,7,3,17.95494,30.182922,316.00986,0,0.766693,0.69853214,0,22.222466,6.7878348,20.246835,38.246555,33,0.19620253,5,418.47943,23.360759,7500.3651
3,-1,7,4,13.775214,21.436771,315.32322,0,0.77608103,0.69123345,0,50.161037,8.8332933,44.677019,61.898576,57,0.19254658,5,624.05745,45.459627,8569.7915
3,-1,7,5,9.611885,10.159047,314.48396,0,0.78775247,0.68205027,0,50.344249,8.8971029,43.588957,59.340397,55,0.18404908,5,449.76994,46.674847,4337.1902
3,0,1,3,-6.1649643,369.24266,380.34159,0,0.20916205,0.97812486,1,0,0,0,0,0,0,0,0,0,0
3,0,2,-3,82.982661,326.32188,381.81689,0,0.29134746,0.9575569,1,0,0,0,0,0,0,0,0,0,0
3,0,2,-2,73.680203,341.38619,381.58239,0,0.26236942,0.96558039,1,0.27172199,0.35985112,1,1.753865,1,0,3,72.75,1,5292.5625
3,0,2,-1,61.997917,351.38678,381.34879,0,0.24319436,0.97042796,0,-0.09779718,0.2800485,-0.3902439,1.2487805,0,0.006097561,5,0,0,0
3,0,2,0,48.555428,354.92138,381.118,0,0.23643418,0.97204939,0,-0.19697371,0.28747366,-0.80981595,1.396858,0,0.012269939,5,0,0,0
3,0,2,1,34.713947,351.3859,380.89238,0,0.24319551,0.97042796,0,0,0.2808596,0,1.2560127,0,0,5,0,0,0
3,0,2,2,21.896101,341.38452,380.67349,0,0.26237155,0.96558039,0,-0.10502223,0.29981963,-0.38650307,1.2174847,0,0.0061349693,5,0,0,0
3,0,2,3,10.865665,326.31953,380.46136,0,0.29135034,0.9575569,0,-0.2396081,0.33885703,-0.7875,1.2403125,0,0.0125,5,0,0,0
3,0,2,4,1.6902373,307.66259,380.25478,0,0.32728467,0.94644118,0,0.33077059,1.1341235,0.95652174,10.756144,8,0.11180124,5,4.4891304,3.2608696,6.3342391
3,0,2,5,-5.906742,286.54662,380.05188,0,0.36782498,0.93235038,1,0,0,0,0,0,0,0,0,0,0
3,0,3,-5,81.08563,244.53432,382.38798,0,0.44715504,0.90002237,1,0,0,0,0,0,0,0,0,0,0
3,0,3,-4,76.021691,261.33254,382.15289,0,0.41573288,0.91358044,1,0,0,0,0,0,0,0,0,0,0
3,0,3,-3,69.83484,275.37422,381.92036,0,0.38914392,0.92428181,0,0.23330575,1.9200102,0.55414013,20.796746,15,0.22929936,5,388.52707,5.5859873,27026.69
3,0,3,-2,62.505727,286.06247,381.68993,0,0.36875388,0.93200934,0,-0.14868552,1.4167522,-0.37579618,12.821981,9,0.14649682,5,236.77866,3.7388535,14995.724
3,0,3,-1,54.161079,292.79133,381.46169,0,0.35586585,0.93667933,0,0.45115834,1.1760859,1.1875,9.5826875,7,0.09375,5,153.32188,2.8375,8284.7898
3,0,3,0,45.105516,295.09328,381.23619,0,0.35144936,0.93824157,0,0.087167117,1.2577241,0.2327044,11.273911,8,0.11949686,5,95.20283,2.0943396,4327.9642
3,0,3,1,35.779382,292.79046,381.01414,0,0.35586703,0.93667933,0,2.3032897,1.6398845,6.0625,18.630859,15,0.1375,5,232.15625,6.5,8293.0312
3,0,3,2,26.642413,286.06076,380.79606,0,0.36875615,0.93200934,0,-2.010635,1.445524,-5.081761,13.34789,8,0.20125786,5,15.183962,0.54716981,421.35495
3,0,3,3,18.05077,275.37175,380.58194,0,0.38914715,0.92428181,0,-0.87843804,1.3700967,-2.0864198,10.589697,7,0.14197531,5,39.256173,2.2345679,689.76929
3,0,3,4,10.199581,261.32938,380.37116,0,0.41573692,0.91358044,0,4.1709482,2.4775894,9.1656442,29.642516,24,0.2392638,5,135.08436,13.392638,1363.7389
3,0,3,5,3.1396855,244.53052,380.16258,0,0.44715973,0.90002237,0,240.1783,11.270986,483.41975,514.64182,506,0.36419753,5,1541.7377,484.01235,4947.5903
3,0,3,6,-3.171146,225.47219,379.95465,0,0.48215988,0.88375824,1,0,0,0,0,0,0,0,0,0,0
3,0,3,7,-8.8194946,204.51792,379.74548,0,0.51966138,0.86497217,1,0,0,0,0,0,0,0,0,0,0
3,0,4,-10,83.912391,93.586824,383.81085,0,0.69439871,0.75889157,1,0,0,0,0,0,0,0,0,0,0
3,0,4,-9,82.267307,117.97072,383.52696,0,0.65993799,0.78222959,1,0,0,0,0,0,0,0,0,0,0
3,0,4,-8,80.161194,140.41239,383.25726,0,0.62614086,0.80396457,1,0,0,0,0,0,0,0,0,0,0
3,0,4,-7,77.532937,160.91766,382.99881,0,0.59360031,0.82381197,1,0,0,0,0,0,0,0,0,0,0
3,0,4,-6,74.32054,179.41186,382.74917,0,0.56298056,0.84152074,1,15.85539,3.8127714,23.7,32.480625,30,0.1,2,1746.5406,23.7,128709.63
3,0,4,-5,70.468049,195.74327,382.50638,0,0.53501859,0.8568733,0,13.014519,4.1670755,20.84375,44.54082,38,0.28125,5,1593.5078,22.65625,112081.1
3,0,4,-4,65.936373,209.69136,382.2689,0,0.51051238,0.86968555,0,43.431345,5.7193622,73.987654,94.930803,89,0.2345679,5,4875.071,73.987654,321230.28
3,0,4,-3,60.717745,220.98443,382.03561,0,0.49028804,0.87980684,0,1.1519134,2.7588519,2.0670732,24.509184,18,0.23780488,5,475.62805,7.8292683,28894.77
3,0,4,-2,54.851192,229.33107,381.80574,0,0.47513959,0.88712002,0,29.833799,4.7447672,55.701863,78.478762,72,0.25465839,5,3051.972,55.701863,167229.62
3,0,4,-1,48.433376,234.46554,381.57891,0,0.46574249,0.8915414,0,462.55238,15.781849,885.43478,912.65595,905,0.31055901,5,42812.011,885.43478,2070103.6
3,0,4,0,41.61742,236.19952,381.35495,0,0.46255604,0.89302077,0,567.59502,17.386999,1095.8113,1126.7917,1118,0.35220126,5,45615.42,1096.3585,1897985.9
3,0,4,1,34.595297,234.46467,381.13379,0,0.46574369,0.8915414,0,416.52166,15.025295,797.31902,827.24675,819,0.34969325,5,27563.977,797.31902,952983.18
3,0,4,2,27.567257,229.32935,380.9153,0,0.47514194,0.88712002,0,35.088701,4.8415647,65.512821,81.712689,77,0.17948718,5,1819.75,65.974359,50202.867
3,0,4,3,20.709534,220.9819,380.69913,0,0.49029146,0.87980684,0,1.5789365,3.0515962,2.8333333,29.986111,22,0.29487179,5,127.89583,6.25,2617.8073
3,0,4,4,14.152336,209.68806,380.48464,0,0.51051676,0.86968555,0,39.196965,5.637214,66.773585,92.221787,85,0.28930818,5,965.62264,68.339623,13648.969
3,0,4,5,7.9733057,195.73924,380.27084,0,0.53502382,0.8568733,0,20.141392,4.4763101,32.257669,51.395762,46,0.21472393,5,283.50307,35.361963,2275.612
3,0,4,6,2.2036335,179.40713,380.05637,0,0.56298653,0.84152074,0,131.95604,9.9648157,197.24051,221.85651,215,0.29113924,5,437.98259,198.17089,983.96479
3,0,4,7,-3.159713,160.91226,379.83961,0,0.59360691,0.82381197,1,0,0,0,0,0,0,0,0,0,0
3,0,4,8,-8.1412705,140.40632,379.61856,0,0.62614801,0.80396457,1,0,0,0,0,0,0,0,0,0,0
3,0,5,-11,76.457308,19.652003,384.33369,0,0.78402292,0.692637,1,0,0,0,0,0,0,0,0,0,0
3,0,5,-10,75.033942,45.754802,384.0119,0,0.7549344,0.71502258,1,0,0,0,0,0,0,0,0,0,0
3,0,5,-9,73.254582,69.424314,383.71117,0,0.72615661,0.73633622,1,15.125464,5.1631585,15.3375,27.410859,24,0.1375,4,1237.4906,16.9125,90548.491
3,0,5,-8,71.086567,90.801667,383.42744,0,0.69818363,0.7562599,0,10.720729,5.0794223,11.6125,30.271328,25,0.2125,5,934.56406,13.15625,66389.491
3,0,5,-7,68.498532,109.9499,383.15738,0,0.67153992,0.77450911,0,21.428579,5.3271803,24.714286,37.748891,34,0.14285714,5,1790.1335,26.136646,122612.4
3,0,5,-6,65.46358,126.86563,382.89832,0,0.64677816,0.79083278,0,-4.2936831,3.4312021,-5.25,17.601562,11,0.25,5,73.03125,1.125,4741.1953
3,0,5,-5,61.963547,141.49024,382.64805,0,0.62447092,0.80501333,0,87.705381,8.8309404,113.06211,129.5972,125,0.19254658,5,6998.3556,113.06211,433202.36
3,0,5,-4,57.994149,153.72283,382.40484,0,0.6051941,0.81686666,0,57.250928,7.3232522,77.275,97.705937,92,0.2375,5,4473.1125,77.275,258941.24
3,0,5,-3,53.570301,163.43633,382.1673,0,0.58950077,0.82624213,0,249.64436,13.815776,349.90062,374.96995,368,0.29192547,5,18732.925,349.90062,1002954.6
3,0,5,-2,48.730309,170.49733,381.93436,0,0.57788583,0.83302257,0,88.887427,8.4585332,128.13125,148.66871,143,0.24375,5,6248.3047,128.13125,304711.66
3,0,5,-1,43.537288,174.78812,381.70522,0,0.57074502,0.83712432,0,39.78806,5.9435081,58.358025,75.994361,71,0.19753086,5,2657.9414,61.098765,115636.5
3,0,5,0,38.076381,176.22772,381.47924,0,0.56833541,0.83849714,0,2.1816766,3.2098342,3.21875,22.426367,17,0.21875,5,241.44375,6.275,9296.0047
3,0,5,1,32.447455,174.78724,381.25585,0,0.57074625,0.83712432,0,35.265057,5.9352594,51.723926,75.783244,69,0.26993865,5,1670.2929,51.723926,53940.632
3,0,5,2,26.754568,170.49558,381.0345,0,0.57788825,0.83302257,0,90.096384,8.4414585,129.87342,148.06786,143,0.21518987,5,3541.6677,132.50633,94671.092
3,0,5,3,21.09486,163.43373,380.8145,0,0.58950433,0.82624213,0,249.17274,13.846922,349.2375,376.65797,369,0.31875,5,7363.5406,349.2375,155287.74
3,0,5,4,15.549658,153.7194,380.59499,0,0.60519872,0.81686666,0,50.70184,7.3457102,68.434783,98.304618,90,0.34782609,5,1147.3323,74.062112,17780.505
3,0,5,5,10.179544,141.48601,380.3749,0,0.62447652,0.80501333,0,78.814613,8.4553268,101.6,118.805,114,0.2,5,1033.5938,101.6,10524.8
3,0,5,6,5.023556,126.86061,380.15285,0,0.64678465,0.79083278,0,-1.7890526,3.1623698,-2.1875,14.951172,10,0.1875,5,6.15625,1.3125,28.910156
3,0,5,7,0.1014779,109.94411,379.92719,0,0.67154721,0.77450911,1,7.4567308,4.1727205,8.6,23.16,19,0.15757576,5,-0.65,10.6,1.9625
3,0,5,8,-4.582248,90.795106,379.69592,0,0.69819164,0.7562599,1,0,0,0,0,0,0,0,0,0,0
3,0,5,9,-9.0342598,69.416968,379.45667,0,0.72616528,0.73633622,1,0,0,0,0,0,0,0,0,0,0
3,0,6,-9,65.230013,11.32017,383.94853,0,0.79273738,0.6857709,0,-2.1341167,4.0110084,-1.8461538,12.039448,8,0.15384615,5,123.39744,1.8974359,8025.3878
3,0,6,-8,63.123439,32.478554,383.64448,0,0.77007612,0.70348079,0,39.113765,7.5250444,35.73125,47.25582,44,0.13125,5,2303.1375,36.4875,145379.17
3,0,6,-7,60.680461,51.118146,383.35734,0,0.74861843,0.71977665,0,64.709607,9.0664175,62.216561,75.988154,72,0.15286624,5,3813.7054,62.847134,231428.02
3,0,6,-6,57.891485,67.317149,383.08392,0,0.72881523,0.73440741,0,74.751276,9.722452,75.324841,95.982231,90,0.22929936,5,4353.0828,75.324841,251575.43
3,0,6,-5,54.753882,81.102981,382.82163,0,0.71111084,0.74715551,0,59.151727,8.6774828,62.15,83.125625,77,0.225,5,3414.875,62.45,186738.28
3,0,6,-4,51.274207,92.465962,382.56835,0,0.69593014,0.75783682,0,4.3380351,3.8509154,4.7239264,17.585231,14,0.14723926,5,396.72239,7.7484663,20313.668
3,0,6,-3,47.470078,101.37266,382.32235,0,0.68366167,0.76630073,0,15.779711,5.3576917,17.687117,36.063796,31,0.21472393,5,878.37117,18.588957,41509.122
3,0,6,-2,43.371215,107.77906,382.08221,0,0.67463807,0.77243006,0,7.1782313,4.3482656,8.21875,24.786133,20,0.18125,5,357.77344,8.21875,15577.186
3,0,6,-1,39.019197,111.64292,381.84672,0,0.66911573,0.77614113,0,83.473389,9.3084032,96.825,116.58141,111,0.225,5,3787.3359,97.15625,147644.2
3,0,6,0,34.465637,112.93418,381.61487,0,0.66725685,0.77738373,0,86.90929,9.584108,101.25316,124.67754,118,0.26582278,5,3645.1503,105.82911,125562.09
3,0,6,1,29.768862,111.64201,381.38568,0,0.66911699,0.77614113,0,79.166689,9.273197,91.829268,115.70077,109,0.26829268,5,2789.9146,93.95122,82858.055
3,0,6,2,24.989556,107.77725,381.15823,0,0.67464056,0.77243006,0,19.862988,5.2204522,22.742138,35.726435,32,0.14465409,5,570.62736,22.949686,14192.412
3,0,6,3,20.186181,101.36996,380.93152,0,0.68366536,0.76630073,0,17.042023,5.7460266,19.101911,41.48075,35,0.24840764,5,416.14331,20.955414,8268.9849
3,0,6,4,15.410967,92.462374,380.70443,0,0.69593496,0.75783682,0,6.8529458,5.0725429,7.4625,30.511641,24,0.2625,5,210.67344,13.88125,3197.7895
3,0,6,5,10.707129,81.098522,380.47565,0,0.71111674,0.74715551,0,68.79904,8.7387242,72.285714,84.301686,81,0.14285714,5,782.23913,73.31677,8351.9146
3,0,6,6,6.1075201,67.311823,380.24364,0,0.72882214,0.73440741,0,77.277356,9.5970746,77.869565,93.520912,89,0.17391304,5,488.98602,80.639752,2974.4499
3,0,6,7,1.6346135,51.111953,380.00656,0,0.74862628,0.71977665,0,76.304735,9.8488999,73.364198,89.668686,85,0.17901235,5,113.00926,74.17284,179.66667
3,0,6,8,-2.6985372,32.471483,379.7622,0,0.77008484,0.70348079,1,0,0,0,0,0,0,0,0,0,0
3,0,6,9,-6.8867919,11.312198,379.50795,0,0.79274691,0.6857709,1,0,0,0,0,0,0,0,0,0,0
3,0,7,-5,48.343935,12.350208,383.04032,0,0.79167992,0.68661578,0,44.578442,8.0703899,38.66242,48.991115,46,0.11464968,5,1945.0446,40.292994,93895.814
3,0,7,-4,45.272289,23.55939,382.77114,0,0.77985099,0.69591199,0,9.6793316,4.8657208,8.6375,18.852969,16,0.11875,5,495.0625,10.9,22485.644
3,0,7,-3,41.953462,32.261267,382.51123,0,0.77032255,0.70329859,0,15.478854,6.1976608,14.132075,32.017681,27,0.20754717,5,730.67296,17.421384,30646.652
3,0,7,-2,38.409629,38.472875,382.25873,0,0.76333428,0.70865842,0,50.423003,8.2170031,46.811321,58.19307,55,0.13207547,5,1795.4481,46.811321,68872.341
3,0,7,-1,34.669159,42.199521,382.01201,0,0.7590666,0.71190779,0,4.6496287,4.351039,4.3607595,16.652279,13,0.13291139,5,164.78323,4.8291139,5623.8493
3,0,7,0,30.765544,43.441543,381.76963,0,0.75763176,0.71299649,0,2.457268,4.2175953,2.3125,15.753906,12,0.15625,5,129.89375,4.35,3878.9281
3,0,7,1,26.735738,42.198569,381.53024,0,0.75906789,0.71190779,0,6.3047511,4.410985,5.9130435,17.114232,14,0.13043478,5,197.84472,7.378882,5310.1755
3,0,7,2,22.618118,38.470973,381.29253,0,0.76333685,0.70865842,0,59.142053,9.0375948,54.90566,70.39587,66,0.17610063,5,1267.7311,56.283019,28562.763
3,0,7,3,18.450318,32.258417,381.05515,0,0.77032637,0.70329859,0,11.992895,5.3348613,10.949367,23.723362,20,0.13924051,5,207.61867,11.474684,3759.5463
3,0,7,4,14.267254,23.555592,380.81665,0,0.77985601,0.69591199,0,19.582913,6.0662372,17.475,29.303438,26,0.1375,5,270.43125,18.8,3894.2375
3,0,7,5,10.09956,12.345461,380.5754,0,0.7916861,0.68661578,0,55.003629,8.8846137,47.703704,59.374315,56,0.12962963,5,488.98457,48.259259,4959.1211
3,1,1,3,-8.3867656,368.57172,441.89429,0,0.2089573,0.9708001,1,0,0,0,0,0,0,0,0,0,0
3,1,2,-3,81.340357,326.19384,442.28397,0,0.28941546,0.95039204,1,0,0,0,0,0,0,0,0,0,0
3,1,2,-2,71.838307,341.25511,442.39231,0,0.26068086,0.95835273,0,433.79194,10.972288,1594.7688,1627.1473,1618,0.36875,5,114451.81,1594.7688,8213998
3,1,2,-1,59.994514,351.20482,442.41347,0,0.24176207,0.96316262,0,100.36238,5.2444048,399.83648,436.53123,426,0.40880503,5,23959.016,399.83648,1435717.9
3,1,2,0,46.487902,354.6399,442.27275,0,0.23525494,0.9647715,0,2.1628013,1.7378173,8.8695652,50.79017,39,0.47826087,5,435.3587,9.5217391,19908.204
3,1,2,1,32.710543,350.97223,441.94048,0,0.2422312,0.96316262,0,89.980897,5.0300004,357.78313,400.01394,388,0.45783133,5,11706.301,357.78313,383039.59
3,1,2,2,20.055547,340.82985,441.45241,0,0.26155042,0.95835273,0,420.83074,10.841217,1541.9753,1577.9601,1568,0.41975309,5,30941.778,1541.9753,621026.29
3,1,2,3,9.2276589,325.63089,440.886,0,0.29058987,0.95039204,0,762.16291,15.399273,2492.7006,2536.5596,2524,0.49681529,5,23003.363,2492.7006,212482.52
3,1,2,4,0.25023397,306.85104,440.3212,0,0.32651207,0.93936422,0,241.02739,9.3968694,693.42767,730.8629,720,0.40880503,5,156.92296,693.42767,99.279481
3,1,2,5,-7.1726746,285.6207,439.82001,0,0.36698404,0.92538645,1,0,0,0,0,0,0,0,0,0,0
3,1,3,-5,80.013916,244.07921,441.96522,0,0.44455268,0.89332493,1,0,0,0,0,0,0,0,0,0,0
3,1,3,-4,74.862608,260.91563,441.77025,0,0.41334319,0.90676997,1,3.2338929,1.7059344,7.0943396,14.005459,12,0.075471698,1,523.20755,7.0943396,38586.557
3,1,3,-3,68.589683,274.97222,441.62596,0,0.38696359,0.91738344,0,591.47631,16.013203,1402.2264,1441.1793,1430,0.43396226,5,96147.877,1402.2264,6592799.5
3,1,3,-2,61.18536,285.64931,441.49497,0,0.36677799,0.92504817,0,-2.9084589,1.9262208,-7.3354037,23.601211,15,0.36024845,5,9.242236,0.14906832,573.02795
3,1,3,-1,52.788554,292.33985,441.34187,0,0.35408441,0.92968048,0,-3.8603905,1.5387951,-10.135802,16.323579,9,0.30864198,5,0,0,0
3,1,3,0,43.714889,294.57833,441.14066,0,0.34984323,0.93123017,0,-1.8737549,1.6752133,-4.9876543,19.884164,13,0.29012346,5,14.04321,0.32098765,614.39043
3,1,3,1,34.40932,292.19237,440.88229,0,0.35440529,0.92968048,0,-4.1170888,1.5795014,-10.8,17.1675,9,0.3,5,0,0,0
3,1,3,2,25.327196,285.36694,440.57769,0,0.36739728,0.92504817,0,0.66194261,2.2265367,1.6666667,31.427984,23,0.33333333,5,161.76543,6.4691358,4051.1451
3,1,3,3,16.81377,274.57581,440.2538,0,0.38784382,0.91738344,0,591.44978,16.000989,1398.9812,1432.4574,1423,0.38125,5,23499.298,1398.9812,394853.69
3,1,3,4,9.0519325,260.42864,439.94562,0,0.41444172,0.90676997,0,116.09719,7.6145374,254.01266,277.5584,271,0.27848101,5,2284.9146,254.01266,20580.661
3,1,3,5,2.0828148,243.52334,439.68874,0,0.4458293,0.89332493,0,39.012,5.0665731,78.169811,103.06479,96,0.28301887,5,169.92453,81.132075,368.26887
3,1,3,6,-4.1418488,224.35605,439.51524,0,0.48075674,0.87719895,1,0,0,0,0,0,0,0,0,0,0
3,1,3,7,-9.7116056,203.28826,439.45272,0,0.518154,0.85857614,1,0,0,0,0,0,0,0,0,0,0
3,1,4,-10,83.224795,92.402396,446.22334,0,0.69038805,0.75350913,1,0,0,0,0,0,0,0,0,0,0
3,1,4,-9,81.542341,116.92387,445.10224,0,0.65616668,0.77660853,1,0,0,0,0,0,0,0,0,0,0
3,1,4,-8,79.395206,139.47904,444.18572,0,0.62259874,0.79813001,1,0,0,0,0,0,0,0,0,0,0
3,1,4,-7,76.722623,160.0763,443.44292,0,0.59027803,0.81778903,1,0,0,0,0,0,0,0,0,0,0
3,1,4,-6,73.4634,178.64239,442.84564,0,0.55986937,0.83533454,1,49.195155,6.3922608,73.4,90.96125,86,0.2,4,5381.4281,73.4,394558.36
3,1,4,-5,69.563039,195.02613,442.3671,0,0.53210998,0.85054896,0,59.743569,6.8143234,95.496855,118.64278,112,0.25786164,5,6644.8145,95.496855,462371.65
3,1,4,-4,64.984742,209.00692,441.98142,0,0.50779753,0.86324817,0,29.66669,5.010399,50.432927,72.549561,66,0.22560976,5,3470.5457,53.426829,225446.59
3,1,4,-3,59.723921,220.31273,441.66373,0,0.48775698,0.87328155,0,185.61929,10.610805,332.33333,360.90947,353,0.33333333,5,19951.96,334.30864,1190781.7
3,1,4,-2,53.823451,228.65206,441.39124,0,0.47278005,0.88053194,0,36.79904,5.3254773,68.536585,98.375967,90,0.33536585,5,3924.4268,73.073171,210765.52
3,1,4,-1,47.383881,233.75977,441.14513,0,0.46353858,0.88491564,0,184.11531,10.176897,351.48428,377.45287,370,0.28930818,5,16636.346,351.48428,787461.06
3,1,4,0,40.561305,235.44905,440.91285,0,0.46048714,0.88638245,0,4.5743276,2.7750311,8.8050314,28.532708,23,0.2327044,5,410.82075,10.025157,16841.158
3,1,4,1,33.548831,233.65399,440.69002,0,0.46378403,0.88491564,0,183.1955,10.112521,349.54321,372.29828,366,0.2654321,5,11817.241,352.37037,396336.79
3,1,4,2,26.545606,228.44574,440.48106,0,0.47326124,0.88053194,0,34.72135,5.1378126,64.601227,91.378674,84,0.31288344,5,1860.3144,70.153374,49335.842
3,1,4,3,19.724906,220.01525,440.29817,0,0.48845646,0.87328155,0,181.50403,10.559058,324.5,356.375,347,0.34615385,5,6399.7917,324.83333,126120.55
3,1,4,4,13.213037,208.63005,440.1592,0,0.50869322,0.86324817,0,21.180655,4.447618,35.943396,56.965824,51,0.23899371,5,487.01415,36.924528,6424.8644
3,1,4,5,7.0837592,194.58228,440.08516,0,0.53317831,0.85054896,0,55.267165,6.7045452,88.164557,114.39112,107,0.30379747,5,625.18671,88.873418,4405.447
3,1,4,6,1.3650414,178.14329,440.09831,0,0.5610877,0.83533454,0,41.807625,6.1212415,62.242236,83.049767,77,0.22360248,5,88.517081,63.521739,131.71856
3,1,4,7,-3.9484761,159.53227,440.22118,0,0.59162612,0.81778903,1,0,0,0,0,0,0,0,0,0,0
3,1,4,8,-8.8828114,138.89868,440.47636,0,0.62405938,0.79813001,1,0,0,0,0,0,0,0,0,0,0
3,1,5,-11,75.84309,17.924355,450.07913,0,0.77942338,0.68799797,1,0,0,0,0,0,0,0,0,0,0
3,1,5,-10,74.395171,44.217402,448.4464,0,0.75058346,0.71011982,1,0.026424536,3.2924272,0.025,9.7028125,7,0.1125,2,111.54687,1.5125,8226.582
3,1,5,-9,72.589396,68.042075,447.07879,0,0.72204119,0.73119484,0,61.290477,8.6890866,62.067485,77.426663,73,0.16564417,5,4576.9571,63.116564,331906.67
3,1,5,-8,70.393425,89.545114,445.93583,0,0.69429149,0.75090503,0,0.73270685,3.4013015,0.79245283,13.532455,10,0.1509434,5,311.14937,4.3962264,22023.149
3,1,5,-7,67.776412,108.79349,444.98343,0,0.66785939,0.76896586,0,174.57178,12.864022,201,219.38027,214,0.2,5,13615.188,201,922278.31
3,1,5,-6,64.712228,125.78653,444.19218,0,0.64329781,0.78512626,0,78.822035,8.6548185,96.2,111.576,107,0.16875,5,6217.25,96.2,401821.01
3,1,5,-5,61.183763,140.46743,443.5363,0,0.62117917,0.79916867,0,50.820787,7.1987669,65.382716,85.774729,80,0.22839506,5,4008.787,65.54321,245191.78
3,1,5,-4,57.18808,152.73654,442.99304,0,0.60207875,0.81090897,0,8.002741,4.2172268,10.778481,32.262017,26,0.23417722,5,723.73734,12.658228,41381.68
3,1,5,-3,52.741658,162.46773,442.54256,0,0.58654851,0.82019652,0,435.95221,18.081916,609.61111,639.3179,631,0.33950617,5,32123.819,609.61111,1692833.8
3,1,5,-2,47.88444,169.52844,442.16833,0,0.57508161,0.82691418,0,97.741481,8.8870955,140.54321,163.29828,157,0.2654321,5,6774.1111,141.60494,324072.28
3,1,5,-1,42.681009,173.80191,441.85762,0,0.56807158,0.83097824,0,159.35176,10.866775,233.10063,252.68213,247,0.21383648,5,9945.6431,233.10063,424369.84
3,1,5,0,37.217541,175.20832,441.60227,0,0.56577287,0.83233851,0,22.456874,4.9900191,33.0375,53.891484,48,0.2375,5,1230.7375,33.0375,45852.412
3,1,5,1,31.594272,173.72007,441.39918,0,0.56827213,0.83097824,0,149.81582,10.587952,219.07407,239.71239,234,0.24074074,5,6932.0833,219.51852,218928.47
3,1,5,2,25.914884,169.36734,441.25041,0,0.57547776,0.82691418,0,111.96806,9.4568793,160.88889,184.65432,178,0.27160494,5,4162.5278,160.88889,107710.25
3,1,5,3,20.275478,162.23218,441.16285,0,0.58713103,0.82019652,0,415.6178,17.708372,580.6,611.96,603,0.35,5,11749.15,580.6,237812.49
3,1,5,4,14.755896,152.43292,441.14755,0,0.60283531,0.81090897,0,9.4636152,3.856151,12.730061,26.906357,23,0.16564417,5,187.36656,12.730061,2760.0134
3,1,5,5,9.4150705,140.10298,441.21887,0,0.62209568,0.79916867,0,31.63651,6.1478716,40.641509,62.375222,56,0.2327044,5,391.91509,41.773585,3679.6014
3,1,5,6,4.2904549,125.36867,441.39381,0,0.64435972,0.78512626,0,58.83078,7.6733566,71.682927,87.416419,83,0.17682927,5,310.70122,72.414634,1342.7088
3,1,5,7,-0.59952374,108.32935,441.69156,0,0.66905264,0.76896586,1,140.7899,11.493969,161.81481,174.51532,171,0.14814815,3,-97.996914,161.81481,68.699846
3,1,5,8,-5.2514877,89.04116,442.13354,0,0.69560322,0.75090503,1,0,0,0,0,0,0,0,0,0,0
3,1,5,9,-9.6728459,67.504027,442.74384,0,0.72346011,0.73119484,1,0,0,0,0,0,0,0,0,0,0
3,1,6,-9,64.616827,9.476016,450.13089,0,0.78820232,0.6812158,0,2.3354001,4.3847872,2.0184049,14.36121,11,0.14723926,5,348.5046,5.3803681,22573.879
3,1,6,-8,62.491422,30.78719,448.71776,0,0.76575964,0.69871219,0,44.663696,8.3349282,40.753086,57.838287,53,0.19135802,5,2654.9383,42.469136,165975.69
3,1,6,-7,60.02951,49.547848,447.52788,0,0.74450666,0.71481967,0,62.839021,9.1118784,60.333333,76.537037,72,0.18518519,5,3654.1528,60.833333,219507.83
3,1,6,-6,57.222051,65.840527,446.52855,0,0.72489449,0.72928717,0,11.215984,5.0781613,11.283951,26.101204,22,0.17283951,5,664.89506,11.580247,38178.285
3,1,6,-5,54.067084,79.695816,445.69262,0,0.70736734,0.74189712,0,126.86281,11.500072,133.05556,145.4784,142,0.14197531,5,7190.9306,133.05556,388646.51
3,1,6,-4,50.571922,91.106386,444.99749,0,0.69234961,0.75246541,0,71.734363,8.9600625,77.962963,94.829675,90,0.18518519,5,3936.6204,77.962963,198782.37
3,1,6,-3,46.754976,100.0406,444.42466,0,0.68022906,0.7608414,0,67.364852,8.42146,75.348101,88.726366,85,0.15822785,5,3521.5585,75.348101,164595.43
3,1,6,-2,42.646731,106.45585,443.95947,0,0.67133721,0.76690794,0,90.790384,9.7287575,103.71519,123.51502,118,0.23417722,5,4425.9826,103.71519,188886.57
3,1,6,-1,38.289403,110.3111,443.59111,0,0.66592912,0.77058134,0,140.67102,11.631054,162.77778,181.14198,176,0.20987654,5,6223.3889,162.77778,237945.34
3,1,6,0,33.735033,111.57729,443.31267,0,0.66416549,0.77181138,0,38.851257,6.7584188,45.148148,61.682213,57,0.18518519,5,1556.142,46.123457,52504.383
3,1,6,1,29.042091,110.24439,443.12124,0,0.66610042,0.77058134,0,142.28345,11.754856,164.60127,184.92353,179,0.22151899,5,4797.7532,165.3038,139264.44
3,1,6,2,24.271107,106.32387,443.01784,0,0.67167701,0.76690794,0,106.9966,10.274105,122.16667,137.61111,133,0.16666667,5,2965.25,122.16667,71988.719
3,1,6,3,19.4801,99.846049,443.00732,0,0.68073203,0.7608414,0,77.895646,8.935003,87.0625,99.729883,96,0.1375,5,1711.7812,88.125,33260.617
3,1,6,4,14.720655,90.853004,443.09813,0,0.69300843,0.75246541,0,69.720187,8.8836259,75.701863,93.041472,88,0.1863354,5,1144.7236,77.801242,16849.241
3,1,6,5,10.03521,79.388028,443.30214,0,0.7081733,0.74189712,0,112.33751,11.134409,117.68712,136.0638,131,0.21472393,5,1185.6242,117.68712,11961.543
3,1,6,6,5.455815,65.483128,443.63447,0,0.72583818,0.72928717,0,19.379611,5.4497696,19.471698,29.982912,27,0.11949686,5,103.5283,19.471698,555.64151
3,1,6,7,1.0041805,49.145719,444.11359,0,0.74557856,0.71481967,0,44.231003,8.0870982,42.40625,60.116211,55,0.19375,5,47.296875,45.25,54.71875
3,1,6,8,-3.3073108,30.345092,444.76167,0,0.7669506,0.69871219,1,0,0,0,0,0,0,0,0,0,0
3,1,6,9,-7.4740736,8.9984673,445.60532,0,0.78950394,0.6812158,1,0,0,0,0,0,0,0,0,0,0
3,1,7,-5,47.726314,10.418969,449.14863,0,0.7874161,0.68205027,0,53.715773,8.812164,46.52795,58.262528,55,0.13664596,5,2219.1351,46.52795,105845.9
3,1,7,-4,44.645326,21.695696,448.28114,0,0.77574087,0.69123345,0,66.942912,9.9268344,59.650307,78.241597,73,0.20858896,5,2739.2515,61.361963,122286.12
3,1,7,-3,41.319007,30.441028,447.57288,0,0.76634994,0.69853214,0,36.047116,7.4111745,32.857143,45.634428,42,0.14285714,5,1426.5823,34.639752,58755.901
3,1,7,-2,37.769923,36.674093,447.00837,0,0.75948236,0.70382918,0,7.065516,4.4730131,6.5477707,17.18302,14,0.11464968,5,321.01115,8.5159236,12100.851
3,1,7,-1,34.026754,40.401737,446.57643,0,0.75531777,0.70704087,0,52.986698,8.7416397,49.6,66.96,62,0.19375,5,1764.15,51.8,60086.837
3,1,7,0,30.12319,41.625379,446.26989,0,0.75396756,0.70811702,0,153.41658,13.554268,144.08696,162.05293,157,0.20496894,5,4343.4348,144.08696,130944.85
3,1,7,1,26.096254,40.345296,446.08549,0,0.75546898,0.70704087,0,63.150739,9.3076199,59.102564,75.880999,71,0.18589744,5,1645.9423,63.25641,42834.8
3,1,7,2,21.984244,36.562076,446.02379,0,0.7597831,0.70382918,0,20.282131,5.9418123,18.788462,30.296547,27,0.13461538,5,413.79968,18.788462,9117.0525
3,1,7,3,17.824585,30.275104,446.08906,0,0.76679697,0.69853214,0,47.439947,8.2867891,43.216561,56.988154,53,0.15286624,5,771.87102,43.216561,13794.927
3,1,7,4,13.651872,21.478218,446.28933,0,0.77632964,0.69123345,0,65.670016,9.3280782,58.471698,68.982912,66,0.11949686,5,799.38208,58.471698,10935.041
3,1,7,5,9.4963438,10.152824,446.63646,0,0.78814109,0.68205027,0,53.12627,9.0571675,45.975,61.434117,57,0.175,5,446.70625,47.3375,4220.0023
3,2,2,-3,76.666279,325.61818,505.62692,0,0.28380413,0.92923668,1,0,0,0,0,0,0,0,0,0,0
3,2,2,-2,66.629881,340.87058,506.08804,0,0.25539773,0.93700899,0,1630.0112,21.156794,5980.2222,6024.9465,6012,0.48148148,5,398306.74,5980.2222,26529313
3,2,2,-1,54.363606,350.90565,506.3672,0,0.2367735,0.94170586,0,462.65919,10.903484,1840.1083,1880.5935,1869,0.45859873,5,99918.174,1840.1083,5425734.6
3,2,2,0,40.69909,354.28482,506.3055,0,0.23053477,0.94327706,0,1.6972897,1.6827663,6.9447853,47.408182,36,0.45398773,5,392.06748,9.6196319,15980.469
3,2,2,1,27.101786,350.42116,505.83988,0,0.23772934,0.94170586,0,445.52072,10.692953,1764.8199,1794.1563,1786,0.34161491,5,47839.578,1764.8199,1296965.1
3,2,2,2,14.883578,339.98603,505.04684,0,0.25716746,0.93700899,0,1505.1686,20.412576,5484.1951,5531.6044,5518,0.51219512,5,81475.671,5484.1951,1210945.7
3,2,2,3,4.596117,324.44921,504.09061,0,0.28619126,0.92923668,0,161.18867,7.2535871,523.36478,554.68395,546,0.37106918,5,2410.3255,523.36478,11155.836
3,2,2,4,-3.8512938,305.31856,503.13984,0,0.32196099,0.9184726,1,0,0,0,0,0,0,0,0,0,0
3,2,2,5,-10.805378,283.736,502.32495,0,0.36216172,0.90483391,1,0,0,0,0,0,0,0,0,0,0
3,2,3,-6,81.328789,222.89822,504.78598,0,0.47173739,0.85786032,1,0,0,0,0,0,0,0,0,0,0
3,2,3,-5,76.974587,242.26978,504.42859,0,0.43742695,0.87357187,1,0,0,0,0,0,0,0,0,0,0
3,2,3,-4,71.587338,259.31702,504.24965,0,0.4066439,0.88667782,0,92.645927,6.8900908,202.01235,225.71117,219,0.2654321,5,14482.225,202.38272,1036345.5
3,2,3,-3,65.084407,273.53344,504.17696,0,0.38064184,0.89702755,0,350.22812,12.440316,825.35404,859.49099,850,0.39751553,5,53695.124,825.35404,3493324.8
3,2,3,-2,57.481386,284.31013,504.13277,0,0.36078177,0.90450391,0,-2.1609803,1.7411725,-5.4177215,19.05528,12,0.2721519,5,169.04114,2.9240506,9772.4486
3,2,3,-1,48.948588,291.031,504.04306,0,0.34835681,0.90902319,0,-2.9536061,1.3821735,-7.7073171,13.008477,7,0.2195122,5,103.26677,2.1402439,4982.6216
3,2,3,0,39.829169,293.22591,503.85329,0,0.34431902,0.9105352,0,-0.55414455,1.3745376,-1.4654088,13.212492,9,0.16352201,5,7.75,0.19496855,308.0625
3,2,3,1,30.57885,290.72566,503.54447,0,0.3490076,0.90902319,0,0.019196848,1.691312,0.05,19.405625,14,0.225,5,84.65,2.7,2654.2312
3,2,3,2,21.640992,283.72574,503.13961,0,0.3620375,0.90450391,0,-2.2152801,1.6184907,-5.5345912,16.350619,10,0.23899371,5,6.9764151,0.32075472,151.73703
3,2,3,3,13.332715,272.71351,502.69558,0,0.38242607,0.89702755,0,304.06713,11.635976,713.22699,744.94155,736,0.35582822,5,9483.7393,713.22699,126169.46
3,2,3,4,5.8056064,258.31034,502.28625,0,0.40886989,0.88667782,0,102.06154,7.2315532,221.33129,245.93741,239,0.27607362,5,1288.1365,221.33129,7516.7995
3,2,3,5,-0.92413641,241.12143,501.98701,0,0.44001306,0.87357187,1,223.42257,10.781711,443.5679,458.18572,454,0.16049383,3,-313.49383,443.5679,231.91744
3,2,3,6,-6.9205038,221.64533,501.86628,0,0.47461474,0.85786032,1,0,0,0,0,0,0,0,0,0,0
3,2,4,-12,83.638349,31.500634,517.81471,0,0.74654723,0.6897317,1,0,0,0,0,0,0,0,0,0,0
3,2,4,-11,82.638526,60.980193,514.64792,0,0.71327575,0.71413291,1,0,0,0,0,0,0,0,0,0,0
3,2,4,-10,81.270905,88.110539,512.06074,0,0.67960105,0.73770103,1,0,0,0,0,0,0,0,0,0,0
3,2,4,-9,79.485195,113.09667,509.96726,0,0.64600432,0.76008459,1,0,0,0,0,0,0,0,0,0,0
3,2,4,-8,77.225347,136.04637,508.29523,0,0.61301737,0.78096557,1,0,0,0,0,0,0,0,0,0,0
3,2,4,-7,74.431705,156.97789,506.98138,0,0.58123385,0.80005945,1,15.096782,3.9511096,20.780488,29.578822,27,0.091463415,2,1531.0122,20.780488,112798.7
3,2,4,-6,71.045401,175.82418,505.96794,0,0.55131767,0.81711517,0,37.177073,5.8307845,55.100629,74.682133,69,0.21383648,5,3915.6934,55.100629,278274.3
3,2,4,-5,67.015968,192.43738,505.20013,0,0.5240044,0.83191515,0,196.77364,11.583706,312.4,338.2075,331,0.3,5,20924.95,312.4,1401607.7
3,2,4,-4,62.312768,206.59777,504.62486,0,0.50008932,0.84427528,0,267.3574,13.015531,451.36585,482.83284,474,0.35365854,5,28202.329,453.26829,1754785.3
3,2,4,-3,56.939567,218.03252,504.19102,0,0.4803942,0.85404493,0,116.31142,8.4983352,206.77848,228.26202,222,0.23417722,5,11754.328,206.77848,668193.72
3,2,4,-2,50.949154,226.44852,503.85163,0,0.46570666,0.86110693,0,6.8382623,3.2096499,12.644172,35.221235,29,0.26380368,5,744.17485,14.687117,37707.835
3,2,4,-1,44.451907,231.57928,503.56782,0,0.45669359,0.86537761,0,321.02598,13.263342,608.30435,631.63678,625,0.26086957,5,26993.654,608.30435,1197915
3,2,4,0,37.611281,233.23806,503.31371,0,0.45380396,0.86680675,0,22.147821,4.2415016,42.304348,65.636781,59,0.26086957,5,1643.3385,43.677019,61834.457
3,2,4,1,30.623019,231.36092,503.08049,0,0.4571905,0.86537761,0,306.67909,13.042123,580.48718,609.41552,601,0.32051282,5,17756.853,580.48718,543225.51
3,2,4,2,23.683294,226.0227,502.87778,0,0.46668075,0.86110693,0,8.2129519,3.2497661,15.154321,35.9566,30,0.22839506,5,419.93519,17.567901,10040.965
3,2,4,3,16.957784,217.41872,502.73169,0,0.48181004,0.85404493,0,128.08336,8.8823102,227.0375,247.89148,242,0.2375,5,3840.5594,227.0375,64993.98
3,2,4,4,10.562866,205.82037,502.6803,0,0.50190216,0.84427528,0,240.69299,12.229686,404.88199,423.21461,418,0.20496894,5,4271.0062,405.26708,45048.981
3,2,4,5,4.5624162,191.52209,502.76868,0,0.52616649,0.83191515,0,194.03973,11.381165,306.79375,323.80621,319,0.19375,5,1391.3766,306.79375,6345.4777
3,2,4,6,-1.0238603,174.7953,503.04494,0,0.55378321,0.81711517,1,9.2976041,3.1164888,13.71875,21.145508,19,0.08125,2,-8.9140625,13.71875,6.3417969
3,2,4,7,-6.2073648,155.85673,503.55818,0,0.58396195,0.80005945,1,0,0,0,0,0,0,0,0,0,0
3,2,5,-11,74.106981,11.925787,519.76141,0,0.76688449,0.67442013,1,5.0881717,3.7475544,4.4746835,10.861681,9,0.069620253,2,542.38924,7.3544304,40001.206
3,2,5,-10,72.591678,38.850595,516.61068,0,0.73870305,0.69575078,0,-0.76124406,3.607795,-0.71698113,11.546525,8,0.13836478,5,161.77358,2.2264151,11755.422
3,2,5,-9,70.713702,63.199433,514.00757,0,0.71077077,0.71610995,0,28.676989,6.6262699,28.892405,44.56958,40,0.17088608,5,2134.3956,30.240506,150649.67
3,2,5,-8,68.441641,85.138003,511.86811,0,0.68358359,0.73517965,0,34.984419,6.808728,37.625,53.621094,49,0.175,5,2644.0391,38.65625,180852.73
3,2,5,-7,65.746089,104.74682,510.12189,0,0.65766675,0.75267533,0,10.291709,5.0393265,11.778481,33.262017,27,0.23417722,5,918.23418,13.949367,60444.489
3,2,5,-6,62.602996,122.03469,508.70845,0,0.63357263,0.76834595,0,7.8152501,3.9496495,9.477707,22.942351,19,0.14649682,5,595.72611,9.477707,37448.217
3,2,5,-5,58.998056,136.95128,507.57488,0,0.61187244,0.78197392,0,44.130412,6.9727556,56.398734,79.409349,73,0.2721519,5,3323.0839,56.398734,195805.98
3,2,5,-4,54.931844,149.40113,506.67455,0,0.59313959,0.79337513,0,93.007045,8.8611065,124.40491,140.48154,136,0.18404908,5,6826.135,124.40491,374568.94
3,2,5,-3,50.424873,159.26073,505.96693,0,0.57792354,0.80239895,0,297.28097,15.032276,412.75,435.60156,429,0.25,5,20782.172,412.75,1046436
3,2,5,-2,45.521242,166.39917,505.41817,0,0.56671451,0.80892823,0,7.3538568,3.9731116,10.496894,32.162725,26,0.24223602,5,594.72205,13.049689,27105.21
3,2,5,-1,40.289221,170.70093,505.00241,0,0.55990275,0.81287926,0,186.31758,11.836196,270.5,295.29167,288,0.26923077,5,10977.104,272.91667,441538.52
3,2,5,0,34.817533,172.08739,504.70325,0,0.55773947,0.81420186,0,357.75813,16.105095,522.26415,552.74902,544,0.33962264,5,18163.66,522.26415,631744.23
3,2,5,1,29.207282,170.53231,504.51482,0,0.56030838,0.81287926,0,189.05462,11.833018,274.275,294.70594,289,0.2375,5,8010.8375,274.275,233997.58
3,2,5,2,23.561148,166.06729,504.44218,0,0.56751574,0.80892823,0,11.944255,3.895223,17.025157,30.826826,27,0.16352201,5,404.23428,17.176101,9517.1647
3,2,5,3,17.972578,158.77553,504.50063,0,0.57910171,0.80239895,0,280.35841,14.737058,388.4625,416.95828,409,0.33125,5,6964.7594,388.4625,124911.22
3,2,5,4,12.51766,148.77583,504.71441,0,0.59466977,0.79337513,0,100.27236,9.2900759,133.77778,153.61866,148,0.22222222,5,1691.0463,135.54321,21111.539
3,2,5,5,7.2511406,136.20083,505.11502,0,0.61372619,0.78197392,0,45.736684,6.7251441,58.275,73.424063,69,0.1625,5,421.97188,58.3375,3055.5898
3,2,5,6,2.2064482,121.17446,505.73986,0,0.63572056,0.76834595,0,7.1689868,3.9773625,8.6645963,23.108483,19,0.16149068,5,25.964286,11.049689,63.76514
3,2,5,7,-2.6014707,103.79152,506.63152,0,0.66008052,0.75267533,1,0,0,0,0,0,0,0,0,0,0
3,2,5,8,-7.1719998,84.101048,507.83791,0,0.68623731,0.73517965,1,0,0,0,0,0,0,0,0,0,0
3,2,6,-8,60.718144,25.042097,517.60068,0,0.75371005,0.68474565,0,27.148657,6.5043327,24.664557,34.91849,32,0.12025316,5,1506.3354,24.822785,91413.919
3,2,6,-7,58.205014,44.229053,515.36355,0,0.73295615,0.70028799,0,7.077968,4.8104953,6.7625,21.124039,17,0.1625,5,496.97188,8.4875,29101.243
3,2,6,-6,55.34762,60.86571,513.52097,0,0.71379226,0.7142657,0,6.6458987,4.8569908,6.6503067,23.621664,19,0.20245399,5,515.69632,9.2638037,28709.987
3,2,6,-5,52.14574,74.993034,512.01692,0,0.69666208,0.72646121,0,54.416291,8.0238427,56.743902,70.007623,66,0.13414634,5,2954.7378,56.743902,153865.56
3,2,6,-4,48.608634,86.611163,510.80499,0,0.68198893,0.73669042,0,1.7816263,4.0204038,1.9245283,18.860567,14,0.18867925,5,183.04245,3.754717,8924.112
3,2,6,-3,44.756744,95.693799,509.84736,0,0.67015909,0.74480268,0,3.6896669,4.3787191,4.1006289,23.682133,18,0.21383648,5,340.63994,7.6415094,15185.88
3,2,6,-2,40.622479,102.20214,509.11423,0,0.6615023,0.75068083,0,184.51292,13.323813,209.3875,228.61516,223,0.20625,5,8501.9219,209.3875,345231.64
3,2,6,-1,36.249653,106.09781,508.58385,0,0.65627169,0.7542412,0,116.10992,10.689502,133.44304,150.92742,146,0.20253165,5,4834.2025,133.44304,175138.06
3,2,6,0,31.69136,107.35359,508.24269,0,0.65462611,0.75543357,0,4.6216364,4.0215181,5.3333333,21.537037,17,0.18518519,5,237.51389,7.3888889,7637.3785
3,2,6,1,27.006419,105.96058,508.0856,0,0.65661801,0.7542412,0,124.17606,11.060334,142.63804,161.41037,156,0.20245399,5,3857.1258,143.06748,104004.62
3,2,6,2,22.254947,101.93065,508.11582,0,0.66218928,0.75068083,0,180.68272,13.224076,204.82822,224.73827,219,0.21472393,5,4552.5353,204.82822,101205.5
3,2,6,3,17.493856,95.293644,508.34475,0,0.671176,0.74480268,0,5.589317,3.4118682,6.202454,14.334882,12,0.09202454,5,116.10429,6.7484663,1999.1948
3,2,6,4,12.773086,86.090064,508.79166,0,0.68332099,0.73669042,0,5.6703372,3.8550784,6.1132075,17.273763,14,0.11949686,5,96.023585,7.6037736,1214.73
3,2,6,5,8.1331292,74.360147,509.48328,0,0.69829177,0.72646121,0,39.463575,7.0293258,41.055556,53.478395,50,0.14197531,5,353.38889,43.333333,2885.4306
3,2,6,6,3.6039944,60.130959,510.45371,0,0.71570065,0.7142657,0,11.753627,5.1000541,11.730061,25.906357,22,0.16564417,5,49.880368,13.631902,184.0023
3,2,6,7,-0.7945484,43.402552,511.74471,0,0.73512408,0.70028799,1,6.3968859,3.9731976,6.09375,14.325586,12,0.09375,3,-6.06875,8.6375,4.4492187
3,2,6,8,-5.0518406,24.133735,513.40665,0,0.75611918,0.68474565,1,0,0,0,0,0,0,0,0,0,0
3,2,7,-4,42.892598,15.617261,517.63094,0,0.76376724,0.67753709,0,6.7911144,4.8489224,6.0243902,18.502677,15,0.1402439,5,376.59146,8.7073171,16289.3
3,2,7,-3,39.545279,24.553983,516.39764,0,0.75465188,0.68457205,0,12.056742,5.5279296,10.937107,25.146064,21,0.1572327,5,514.17138,12.949686,20417.693
3,2,7,-2,35.980922,30.910932,515.46511,0,0.74800447,0.6896807,0,18.895705,5.7257534,17.42236,27.871031,25,0.1242236,5,707.72516,19.695652,25433.93
3,2,7,-1,32.228986,34.699203,514.81093,0,0.74400367,0.69277937,0,9.5534565,4.3093336,8.8957055,16.101264,14,0.079754601,5,286.79755,8.8957055,9251.4517
3,2,7,0,28.323661,35.922835,514.42125,0,0.74275987,0.69381784,0,13.849267,5.1185906,12.936709,22.860981,20,0.11392405,5,375.6519,13.291139,10618.71
3,2,7,1,24.30213,34.583278,514.29052,0,0.74430936,0.69277937,0,-2.1756226,3.9242282,-2.025,13.341094,9,0.175,5,101.81875,4.275,2426.0922
3,2,7,2,20.202495,30.680876,514.42136,0,0.74861244,0.6896807,0,28.556659,6.7292185,26.308642,38.433623,35,0.13580247,5,530.85494,26.308642,10716.027
3,2,7,3,16.061651,24.213252,514.82451,0,0.75555563,0.68457205,0,27.371523,6.7748975,24.8,37.68,34,0.14375,5,396.9,24.8,6355.95
3,2,7,4,11.913389,15.170735,515.51891,0,0.76495765,0.67753709,0,9.9789154,4.7058554,8.8385093,17.372748,15,0.099378882,5,102.88975,8.8385093,1201.5804
3,3,2,-5,83.924619,284.57374,573.97196,0,0.34541422,0.8717105,1,0,0,0,0,0,0,0,0,0,0
3,3,2,-4,77.363509,306.83635,574.65616,0,0.30578725,0.88478404,1,0,0,0,0,0,0,0,0,0,0
3,3,2,-3,68.723133,326.55548,575.56046,0,0.27055185,0.89510857,0,618.28605,13.797919,2045.5714,2083.9033,2073,0.42857143,5,140461.45,2045.5714,9645103
3,3,2,-2,57.767598,342.48761,576.45823,0,0.24212126,0.90256691,0,570.51588,12.468518,2126.7391,2160.3427,2151,0.39130435,5,122749.72,2126.7391,7084942.1
3,3,2,-1,44.778032,352.97236,577.05727,0,0.22348692,0.90707539,0,187.81125,6.8813288,762.27711,780.0585,775,0.19277108,5,34116.298,762.27711,1526974.3
3,3,2,0,30.85523,356.41258,577.08043,0,0.21741626,0.9085838,0,194.55599,6.8984068,813.05063,831.0814,826,0.20886076,5,25076.13,813.05063,773474.03
3,3,2,1,17.587982,352.16918,576.41893,0,0.22500323,0.90707539,0,190.30017,6.9746016,767.17391,790.58412,784,0.26708075,5,13475.228,767.17391,236778.08
3,3,2,2,6.135681,341.0302,575.21198,0,0.24491386,0.90256691,0,518.19863,11.946456,1909.6875,1938.252,1930,0.3125,5,11703.75,1909.6875,71937.074
3,3,2,3,-3.2204896,324.64302,573.74727,0,0.27429628,0.89510857,1,0,0,0,0,0,0,0,0,0,0
3,3,2,4,-10.764787,304.63754,572.31044,0,0.31020321,0.88478404,1,0,0,0,0,0,0,0,0,0,0
3,3,3,-8,83.372901,174.45098,576.13032,0,0.53056025,0.79004837,1,0,0,0,0,0,0,0,0,0,0
3,3,3,-7,80.38513,198.20546,574.73853,0,0.49299849,0.80944339,1,0,0,0,0,0,0,0,0,0,0
3,3,3,-6,76.58893,220.17319,573.84453,0,0.45689937,0.82676009,1,0,0,0,0,0,0,0,0,0,0
3,3,3,-5,71.855062,240.12528,573.35378,0,0.42315235,0.84178091,0,276.10006,12.06076,549.24841,575.64396,568,0.29299363,5,39431.573,549.24841,2830910
3,3,3,-4,66.071194,257.68593,573.16147,0,0.39283377,0.85432172,0,24.584437,3.9940615,53.465409,75.449221,69,0.23899371,5,3597.25,54.509434,237400.66
3,3,3,-3,59.182249,272.33029,573.14928,0,0.36720522,0.8642319,0,244.70038,10.370069,575.91195,595.67066,590,0.22012579,5,34064.789,575.91195,2014949.7
3,3,3,-2,51.246921,283.4207,573.18914,0,0.34764369,0.87139428,0,-0.59094628,1.1932401,-1.48125,8.9457422,6,0.11875,5,153.22969,3.03125,7745.9426
3,3,3,-1,42.488622,290.30779,573.15845,0,0.33546256,0.87572519,0,-1.1467957,1.1916241,-2.9937107,9.6766742,6,0.13836478,5,23.209119,0.54716981,984.57508
3,3,3,0,33.296555,292.49627,572.96671,0,0.33162792,0.8771744,0,1.0600144,1.618298,2.8037975,18.322585,14,0.1835443,5,155.57911,4.5949367,5267.9549
3,3,3,1,24.143526,289.81321,572.58303,0,0.33647504,0.87572519,0,-1.4888698,1.0238541,-3.875,7.1007813,4,0.125,5,48.651562,2.03125,1165.402
3,3,3,2,15.451426,282.47545,572.04694,0,0.34959518,0.87139428,0,-1.4233322,1.1572876,-3.5477707,8.3211084,5,0.14012739,5,6.7993631,0.44585987,103.69029
3,3,3,3,7.4892425,271.00665,571.45406,0,0.36997386,0.8642319,0,236.89053,10.266407,553.35897,575.11604,569,0.25641026,5,4113.0256,553.35897,30627.534
3,3,3,4,0.35590228,256.06424,570.9273,0,0.39628233,0.85432172,0,16.327734,3.5544817,35.2,58.72,52,0.25454545,5,12.4,37.2,5.625
3,3,3,5,-5.9737993,238.27909,570.59116,0,0.42715284,0.84178091,1,0,0,0,0,0,0,0,0,0,0
3,3,4,-12,80.64851,22.073277,594.86119,0,0.72494325,0.6672786,1,0,0,0,0,0,0,0,0,0,0
3,3,4,-11,79.508789,52.789177,589.69629,0,0.69280156,0.69023557,1,0,0,0,0,0,0,0,0,0,0
3,3,4,-10,77.98515,80.965074,585.50397,0,0.66016654,0.71248503,1,0,0,0,0,0,0,0,0,0,0
3,3,4,-9,76.027071,106.84546,582.13615,0,0.62752152,0.73367551,1,0,0,0,0,0,0,0,0,0,0
3,3,4,-8,73.579074,130.56617,579.46979,0,0.5953992,0.753489,1,104.77042,9.3527008,132.58896,140.09138,138,0.085889571,3,9747.7209,132.58896,716646.71
3,3,4,-7,70.583407,152.16458,577.3984,0,0.56439326,0.77164098,0,64.737526,7.4788446,88.509434,104.55287,100,0.18238994,5,6241.1745,88.509434,440104.7
3,3,4,-6,66.985153,171.58543,575.8257,0,0.53516728,0.78788038,0,6.9696896,3.5028183,10.26087,26.593573,22,0.1863354,5,704.3587,10.565217,46958.378
3,3,4,-5,62.740656,188.68625,574.66113,0,0.50845665,0.80198963,0,113.42232,8.8361503,178.90123,194.24768,190,0.17901235,5,11214.83,178.90123,703042.97
3,3,4,-4,57.829632,203.24706,573.81743,0,0.48505712,0.81378462,0,148.17828,9.9231302,248.6,277.16,269,0.31875,5,14363.05,248.6,829856.74
3,3,4,-3,52.269842,214.99024,573.21084,0,0.46579183,0.82311471,0,553.19218,18.051361,977.5625,1017.5527,1006,0.4375,5,51044.125,977.5625,2665378.7
3,3,4,-2,46.130598,223.61507,572.76445,0,0.45145024,0.82986275,0,28.904163,4.6318786,53.132075,72.494838,67,0.22012579,5,2550.25,55.301887,117611.63
3,3,4,-1,39.538568,228.84737,572.41472,0,0.44270043,0.83394504,0,290.79086,12.693189,547.78261,571.73724,565,0.27329193,5,21647.359,547.78261,855513.65
3,3,4,0,32.669253,230.49568,572.11953,0,0.43999034,0.83531139,0,14.37381,3.8348025,27.288344,53.002522,46,0.30674847,5,1160.8788,35.515337,37947.085
3,3,4,1,25.722501,228.49669,571.86486,0,0.44346847,0.83394504,0,298.81637,12.881679,561.92593,586.80567,580,0.2962963,5,14438.034,561.92593,371018.49
3,3,4,2,18.889251,222.93153,571.66713,0,0.45295534,0.82986275,0,28.284651,4.670745,51.820513,73.227482,67,0.23717949,5,1056.2244,55.974359,19934.934
3,3,4,3,12.322363,214.0056,571.56982,0,0.46797847,0.82311471,0,527.10033,17.593371,927.10256,957.56246,949,0.35897436,5,11392.506,927.10256,140076.94
3,3,4,4,6.1216568,202.001,571.63612,0,0.48785535,0.81378462,0,120.29251,9.0185521,200.65823,226.31349,219,0.29113924,5,1217.1076,200.65823,7402.2627
3,3,4,5,0.33463934,187.22038,571.94071,0,0.51179215,0.80198963,0,104.92601,8.7774755,164.42138,189.18623,182,0.27044025,5,56.444969,164.42138,36.848664
3,3,4,6,-5.032595,169.93894,572.56349,0,0.53896907,0.78788038,1,0,0,0,0,0,0,0,0,0,0
3,3,4,7,-10.001361,150.37171,573.58645,0,0.56859828,0.77164098,1,0,0,0,0,0,0,0,0,0,0
3,3,5,-10,69.562887,29.695429,593.08736,0,0.71750295,0.67293319,0,34.910718,7.2100025,32.742138,45.726435,42,0.14465409,5,2403.5236,34.572327,167098.96
3,3,5,-9,67.565175,55.042147,588.86478,0,0.69052356,0.69209929,0,14.463927,5.1305643,14.496933,26.44296,23,0.12883436,5,1038.1794,15.355828,70190.586
3,3,5,-8,65.166908,77.816725,585.41962,0,0.66420061,0.71010149,0,18.28629,5.3580674,19.55,32.813961,29,0.15,5,1273.8656,19.55,83011.278
3,3,5,-7,62.34111,98.125734,582.63176,0,0.63906066,0.72665527,0,61.180944,8.0692836,69.566879,84.186539,80,0.1656051,5,4455.7325,71.579618,277366.05
3,3,5,-6,59.067219,115.99586,580.39904,0,0.61565667,0.74150958,0,47.516042,6.8519168,57.229299,68.105236,65,0.12738854,5,3376.4443,57.229299,199214.28
3,3,5,-5,55.335611,131.38835,578.63289,0,0.59455988,0.75444682,0,77.558009,8.2785428,98.414634,110.35039,107,0.13414634,5,5449.5976,98.585366,301251.21
3,3,5,-4,51.1527,144.21457,577.25589,0,0.57634336,0.76528289,0,7.8037139,3.5637076,10.361963,22.391622,19,0.13496933,5,569.69479,11.110429,29216.176
3,3,5,-3,46.545682,154.35434,576.20107,0,0.56155594,0.77386715,0,16.077661,4.3463878,22.15625,35.875977,32,0.15625,5,1039.6406,22.3375,48390.64
3,3,5,-2,41.565513,161.67793,575.41283,0,0.55068682,0.78008246,0,34.547195,5.663777,48.938272,64.370066,60,0.17283951,5,2140.8549,51.493827,89011.157
3,3,5,-1,36.286505,166.07007,574.84891,0,0.54412475,0.78384512,0,230.26002,13.072589,331.7037,354.63923,348,0.24691358,5,12022.759,331.7037,435793.66
3,3,5,0,30.801505,167.45254,574.4827,0,0.54211881,0.78510491,0,30.740256,5.3661672,44.518519,60.394147,56,0.18518519,5,1365.7654,44.518519,41907.35
3,3,5,1,25.212963,165.80031,574.30504,0,0.54475006,0.78384512,0,229.22123,12.941764,329.82822,346.7791,342,0.19018405,5,8312.7699,329.82822,209539.3
3,3,5,2,19.621816,161.14708,574.32476,0,0.55192187,0.78008246,0,34.739546,5.8635276,49.100629,68.682133,63,0.21383648,5,967.59748,49.371069,18968.177
3,3,5,3,14.117064,153.57846,574.56771,0,0.56337175,0.77386715,0,19.411704,4.6676081,26.664596,41.108483,37,0.16149068,5,380.06056,26.664596,5426.2224
3,3,5,4,8.7685712,143.21497,575.07457,0,0.57870132,0.76528289,0,3.6996009,3.4296136,4.8924051,20.56958,16,0.17088608,5,62.97943,7.1202532,557.33426
3,3,5,5,3.624177,130.18912,575.8983,0,0.59741601,0.75444682,0,61.022378,7.7873941,77.062112,96.713668,91,0.21118012,5,282.36801,77.062112,1044.0276
3,3,5,6,-1.2893127,114.62167,577.10206,0,0.61896564,0.74150958,1,5.357111,3.1483921,6.4177215,14.225845,12,0.088607595,2,-5.2547468,7.0063291,3.9410601
3,3,5,7,-5.9626663,96.600187,578.75827,0,0.64277892,0.72665527,1,0,0,0,0,0,0,0,0,0,0
3,3,5,8,-10.399798,76.161308,580.94921,0,0.66828852,0.71010149,1,0,0,0,0,0,0,0,0,0,0
3,3,6,-8,57.744701,15.216789,595.00007,0,0.73215765,0.6625989,0,17.507006,6.0748708,15.84375,30.225,26,0.15625,5,940.24219,16.28125,54300.564
3,3,6,-7,55.147091,35.220063,591.38669,0,0.71217817,0.67719933,0,44.486872,7.9564196,42.301887,57.238875,53,0.16981132,5,2492.5236,45.264151,137257.48
3,3,6,-6,52.207321,52.521154,588.43651,0,0.693699,0.69036073,0,19.868619,5.4973977,19.773006,29.931215,27,0.11656442,5,1152.5537,22.055215,60234.449
3,3,6,-5,48.928055,67.180599,586.05407,0,0.67716443,0.70186552,0,16.31126,4.8948742,16.90625,25.739648,23,0.09375,5,821.64844,16.90625,39938.275
3,3,6,-4,45.32177,79.212239,584.16107,0,0.66299777,0.71152958,0,55.282411,7.6493411,59.329114,67.392232,65,0.088607595,5,2707.7089,59.949367,122304.56
3,3,6,-3,41.412246,88.599174,582.69405,0,0.65158477,0.71920228,0,214.21456,14.276836,236.44444,248.32716,245,0.13580247,5,9776.0833,236.44444,404230.61
3,3,6,-2,37.235049,95.3089,581.60345,0,0.64325421,0.72476647,0,19.772265,5.3089662,22.277778,35.780864,32,0.15432099,5,890.125,23.944444,33094.135
3,3,6,-1,32.836599,99.307166,580.85334,0,0.63825797,0.72813846,0,89.734514,9.495435,102.37107,117.34516,113,0.16352201,5,3364.8097,102.37107,110606.62
3,3,6,0,28.271689,100.56936,580.42165,0,0.63675339,0.72926803,0,2.7272163,3.589642,3.1234568,16.901844,13,0.15432099,5,94.388889,3.308642,2695.2809
3,3,6,1,23.599677,99.088046,580.30034,0,0.63879136,0.72813846,0,80.12065,9.1043719,91.327044,107.69855,103,0.18238994,5,2250.4843,95.157233,53229.62
3,3,6,2,18.879968,94.875413,580.49547,0,0.64431228,0.72476647,0,16.356379,5.2096476,18.398773,34.341563,30,0.19018405,5,395.22699,21.018405,7433.7983
3,3,6,3,14.167624,87.960331,581.02686,0,0.65315099,0.71920228,0,171.28236,12.905644,188.60366,201.94557,198,0.1402439,5,2679.7576,189.05488,37997.865
3,3,6,4,9.5098769,78.380432,581.92765,0,0.6650494,0.71152958,0,39.405213,7.2491716,42.159236,60.152663,55,0.20382166,5,409.95701,43.369427,3880.3985
3,3,6,5,4.9440044,66.170525,583.24383,0,0.67967455,0.70186552,0,7.6087227,4.3988922,7.8571429,20.634428,17,0.14285714,5,44.85559,9.447205,214.49728
3,3,6,6,0.49666867,51.348741,585.03433,0,0.69663857,0.69036073,0,16.029805,5.0036507,15.88535,24.587315,22,0.095541401,5,7.0270701,16.923567,5.6309713
3,3,6,7,-3.8155488,33.901561,587.37177,0,0.71551793,0.67719933,1,0,0,0,0,0,0,0,0,0,0
3,3,6,8,-7.9848203,13.768119,590.3445,0,0.73586966,0.6625989,1,0,0,0,0,0,0,0,0,0,0
3,3,7,-3,36.575218,14.559968,593.67685,0,0.73347327,0.66243604,0,6.244538,4.2203426,5.6397516,14.528298,12,0.099378882,5,241.24689,6.6273292,8782.7807
3,3,7,-2,32.985583,21.169998,592.25455,0,0.72714198,0.66723072,0,41.215757,7.1009668,37.819876,42.456931,41,0.049689441,5,1243.2997,37.819876,40881.811
3,3,7,-1,29.218983,25.093211,591.30116,0,0.72336453,0.67014101,0,84.995947,10.352548,78.742138,91.984045,88,0.14465409,5,2299.6164,78.742138,67167.623
3,3,7,0,25.310413,26.338219,590.79375,0,0.72225053,0.67111668,0,10.862815,4.6303327,10.09375,18.511633,16,0.09375,5,273.87187,10.85,6913.5375
3,3,7,1,21.297304,24.908329,590.72364,0,0.7238354,0.67014101,0,105.20546,11.447302,97.401274,112.3205,108,0.1656051,5,2089.7484,98.254777,44454.994
3,3,7,2,17.217424,20.803116,591.09612,0,0.72807853,0.66723072,0,14.612518,5.5133981,13.391304,25.529031,22,0.13043478,5,243.48447,14.26087,4159.0373
3,3,7,3,13.106788,14.016642,591.9305,0,0.73486555,0.66243604,0,5.9904259,4.4428957,5.4,16.04,13,0.11515152,5,74.2,5.6,983.55
3,4,1,-4,80.896174,355.73159,661.10122,0,0.20474402,0.8577558,1,0,0,0,0,0,0,0,0,0,0
3,4,2,-6,80.641786,261.85825,654.7178,0,0.36104939,0.81300752,1,0,0,0,0,0,0,0,0,0,0
3,4,2,-5,74.714626,287.68907,655.34801,0,0.31843753,0.82771243,1,-1.0306696,0.38955651,-2.6790123,1.025301,0,0.043209877,1,0,0,0
3,4,2,-4,66.885184,311.9198,656.6189,0,0.27801611,0.83999477,0,9.3199643,2.2484942,28.159236,46.152663,41,0.20382166,5,2191.4713,32.77707,146525.04
3,4,2,-3,56.773588,333.73824,658.29733,0,0.24151486,0.84970392,0,197.37429,7.6138421,694.40741,717.5551,711,0.25925926,5,39405.343,694.40741,2236194.9
3,4,2,-2,44.283123,351.71622,660.01385,0,0.21153294,0.85672271,0,178.93903,6.7131729,724.71519,739.23109,735,0.15822785,5,32073.236,724.71519,1419532.1
3,4,2,-1,30.055864,363.7422,661.24073,0,0.1916001,0.86096746,0,147.25216,5.8159852,661.68712,683.01242,677,0.2392638,5,19859.106,661.68712,596111.2
3,4,2,0,15.703552,367.60111,661.4304,0,0.18526492,0.86238795,0,74.704685,4.0801817,347.74214,360.72643,357,0.14465409,5,5453.1274,347.74214,85561.498
3,4,2,1,3.0485289,362.39368,660.36355,0,0.19395139,0.86096746,0,136.09143,5.6183693,604.12195,622.02558,617,0.20121951,5,1823.7012,604.12195,5593.7332
3,4,2,2,-7.0680944,349.32518,658.34156,0,0.21577598,0.85672271,1,0,0,0,0,0,0,0,0,0,0
3,4,3,-11,83.792708,84.265353,670.83342,0,0.61415028,0.6883782,1,0,0,0,0,0,0,0,0,0,0
3,4,3,-10,82.240807,114.93705,665.48941,0,0.57736582,0.71052179,1,0,0,0,0,0,0,0,0,0,0
3,4,3,-9,80.158614,143.61663,661.39001,0,0.54001794,0.73161648,1,0,0,0,0,0,0,0,0,0,0
3,4,3,-8,77.44899,170.47257,658.36557,0,0.502614,0.75134426,1,0,0,0,0,0,0,0,0,0,0
3,4,3,-7,73.998695,195.55538,656.26747,0,0.4657518,0.76942062,1,46.156256,5.6462246,76.25,87.003125,84,0.125,3,5616.475,76.25,413706.48
3,4,3,-6,69.68312,218.78742,654.95486,0,0.43015485,0.78559448,0,101.3658,7.9397441,185.125,210.26172,203,0.275,5,12885.672,185.125,896923.6
3,4,3,-5,64.379837,239.9435,654.28192,0,0.3967132,0.79964827,0,354.35499,13.463811,714.26752,736.51345,730,0.24203822,5,45944.36,714.26752,2955385.7
3,4,3,-4,57.997044,258.62871,654.08631,0,0.36652076,0.81139789,0,35.8495,4.4182643,79.363057,95.669601,91,0.18471338,5,4592.3153,79.363057,265747.4
3,4,3,-3,50.521436,274.26892,654.18197,0,0.34088527,0.82069269,0,99.222709,6.6615531,238.88199,257.21461,252,0.20496894,5,12066.185,239.06211,609035.68
3,4,3,-2,42.078987,286.14438,654.36296,0,0.32126561,0.82741552,0,-0.82783379,1.086196,-2.1320755,7.8259167,5,0.11320755,5,35.089623,0.81132075,1517.6262
3,4,3,-1,32.977615,293.50399,654.42779,0,0.30908138,0.83148269,0,-0.87653241,0.85479243,-2.3580247,5.287886,3,0.086419753,5,33.75,1,1139.0625
3,4,3,0,23.680237,295.76751,654.2257,0,0.3053888,0.83284399,0,-0.6141359,1.0351353,-1.6748466,7.9692107,5,0.10429448,5,45.096626,1.8220859,1116.1415
3,4,3,1,14.685773,292.73849,653.70649,0,0.31054488,0.83148269,0,0.47953408,1.2190241,1.2839506,10.653254,8,0.10493827,5,27.274691,1.8641975,399.46219
3,4,3,2,6.3791846,284.6879,652.93974,0,0.32407598,0.82741552,0,-1.5566475,0.95583594,-3.974359,5.9555293,3,0.10897436,5,11.525641,1.5897436,83.560897
3,4,3,3,-1.0491505,272.24186,652.08742,0,0.34485249,0.82069269,1,30.045397,3.7095777,71.503145,77.936939,76,0.06918239,2,-50.331761,71.503145,36.924921
3,4,3,4,-7.58337,256.16149,651.35175,0,0.37143608,0.81139789,1,0,0,0,0,0,0,0,0,0,0
3,4,4,-12,76.32146,8.8044078,687.57509,0,0.69057241,0.63821899,1,0,0,0,0,0,0,0,0,0,0
3,4,4,-11,74.980084,41.615089,679.47536,0,0.65990809,0.659154,1,-0.56586402,1.2712859,-0.56521739,1.6124764,1,0.02484472,1,0,0,0
3,4,4,-10,73.230711,71.573841,672.94022,0,0.62859371,0.67955733,1,32.293202,5.79727,34.911392,39.278889,38,0.050632911,4,2554.4177,34.911392,186905.89
3,4,4,-9,71.022392,98.996533,667.72053,0,0.59711584,0.6990775,0,0.50816416,2.8388562,0.59493671,11.046387,8,0.11392405,5,275.64557,3.8860759,19552.588
3,4,4,-8,68.300373,124.06906,663.6131,0,0.56600926,0.71739651,0,3.9648585,3.1735882,5.0253165,16.179779,13,0.12658228,5,410.29589,6.0189873,27970.123
3,4,4,-7,65.009576,146.86216,660.44519,0,0.53586996,0.73422982,0,37.477037,5.9315365,51.349693,66.051037,62,0.17177914,5,3488.3021,53.773006,226295.36
3,4,4,-6,61.100794,167.33977,658.06303,0,0.50736556,0.74932638,0,68.612349,7.3043538,101.33333,116.37607,112,0.16666667,5,6263.7821,102.5641,382548.92
3,4,4,-5,56.540376,185.36546,656.32362,0,0.48123928,0.76246861,0,89.54333,7.8444849,141.87117,154.47232,151,0.14723926,5,8020.069,141.87117,453393.51
3,4,4,-4,51.323425,200.71297,655.08997,0,0.45830027,0.7734724,0,49.599435,5.7462077,83.708861,94.048537,91,0.11392405,5,4291.4842,83.708861,220019.62
3,4,4,-3,45.488691,213.08751,654.23076,0,0.43939134,0.78218711,0,113.68136,8.28163,202.37107,217.34516,213,0.16352201,5,9224.4135,203.05031,419076.09
3,4,4,-2,39.130412,222.16391,653.62514,0,0.42532623,0.7884956,0,70.612457,6.5266047,130.90566,146.39587,142,0.17610063,5,5120.7453,130.90566,200332.05
3,4,4,-1,32.399883,227.64275,653.17304,0,0.41679668,0.79231416,0,143.08554,9.0260084,272,294.4,288,0.25,5,8800.2,272,284739.3
3,4,4,0,25.490698,229.31493,652.80821,0,0.41426606,0.79359259,0,85.577994,6.9912806,163.93827,179.37007,175,0.17283951,5,4172.4414,163.93827,106206.96
3,4,4,1,18.608554,227.11409,652.50927,0,0.41788345,0.79231416,0,128.06247,8.5873655,242.80864,265.09675,259,0.2654321,5,4510.9799,242.80864,83832.203
3,4,4,2,11.935942,221.13489,652.30336,0,0.42745364,0.7884956,0,65.633404,6.3662631,121.06962,137.90807,133,0.1835443,5,1462.2247,122.12658,17517.329
3,4,4,3,5.605877,211.60825,652.26048,0,0.44247719,0.78218711,0,89.948603,7.5285178,159.00625,177.11629,172,0.20625,5,901.97969,161.15625,5062.9191
3,4,4,4,-0.3069978,198.84552,652.48116,0,0.46224188,0.7734724,1,46.621622,5.6391396,78.01227,89.038278,86,0.12883436,4,-24.52454,78.01227,15.283742
3,4,4,5,-5.7796718,183.17416,653.08328,0,0.48592877,0.76246861,1,0,0,0,0,0,0,0,0,0,0
3,4,4,6,-10.826096,164.88443,654.19244,0,0.51270111,0.74932638,1,0,0,0,0,0,0,0,0,0,0
3,4,5,-10,65.184477,16.907402,684.94866,0,0.68364315,0.64336328,0,109.74853,11.490664,103.28221,116.93481,113,0.14723926,5,6872.5031,105.52147,447607.25
3,4,5,-9,63.014701,43.94941,678.34935,0,0.6579013,0.66085907,0,9.8791526,3.9960179,9.9235669,16.11206,14,0.063694268,5,697.01752,10.961783,44323.035
3,4,5,-8,60.434593,68.153555,672.997,0,0.6326737,0.67736679,0,80.55917,9.3383692,86.25,99.960938,96,0.15,5,5279.7656,87.5,318590.62
3,4,5,-7,57.420724,89.671892,668.69232,0,0.60849212,0.69260191,0,25.706006,5.3582832,29.259259,37.197074,35,0.092592593,5,1710.7191,29.790123,98241.51
3,4,5,-6,53.957639,108.56108,665.26844,0,0.58591485,0.70631337,0,23.004168,5.1974355,27.73125,39.25582,36,0.13125,5,1542.1422,28.66875,82956.982
3,4,5,-5,50.042587,124.80035,662.58264,0,0.56551906,0.71828358,0,7.8535174,3.9633642,9.975,25.341094,21,0.175,5,703.625,14.0625,35207.129
3,4,5,-4,45.690578,138.30968,660.51144,0,0.54788473,0.72832846,0,18.977636,4.6064309,25.227848,37.497757,34,0.13924051,5,1185.6661,26.018987,54032.541
3,4,5,-3,40.938661,148.97072,658.94894,0,0.53356825,0.73629735,0,30.725757,5.1417458,42.4,50.344,48,0.084848485,5,1748.4,42.8,71426.175
3,4,5,-2,35.847902,156.65136,657.80771,0,0.52306628,0.7420731,0,38.369534,5.8607953,54.434783,69.134216,65,0.16770186,5,1960.0652,54.782609,70135.815
3,4,5,-1,30.501501,161.23263,657.0216,0,0.51677347,0.74557202,0,76.395202,7.8045251,110.21875,126.78613,122,0.18125,5,3359.3047,110.21875,102396
3,4,5,0,24.998319,162.63384,656.54925,0,0.51494169,0.74674391,0,-0.92943757,2.2150949,-1.3478261,10.31839,7,0.13043478,5,67.279503,2.8198758,1605.3439
3,4,5,1,19.442662,160.83058,656.37684,0,0.51765065,0.74557202,0,57.757081,6.9308798,83.1875,99.651172,95,0.1875,5,1638.5453,84.51875,31776.661
3,4,5,2,13.932734,155.8606,656.51888,0,0.52479815,0.7420731,0,26.357504,5.0326657,37.269939,50.641311,47,0.1595092,5,544.51994,39.515337,7507.8409
3,4,5,3,8.5508315,147.81589,657.01661,0,0.53611307,0.73629735,0,33.11565,5.7211368,45.481013,61.738824,57,0.17721519,5,395.38766,46.474684,3366.699
3,4,5,4,3.3575419,136.82333,657.93468,0,0.55118709,0.72832846,0,25.409012,5.0235169,33.575,44.062812,41,0.1125,5,114.2,34.225,384.33906
3,4,5,5,-1.609485,123.01911,659.35724,0,0.56951622,0.71828358,1,1.7403575,1.4455833,2.1949686,3.3240378,3,0.012578616,1,-1.6462264,2.1949686,1.2346698
3,4,5,6,-6.3331383,106.52223,661.38508,0,0.59054255,0.70631337,1,0,0,0,0,0,0,0,0,0,0
3,4,5,7,-10.812484,87.410873,664.13466,0,0.61368913,0.69260191,1,0,0,0,0,0,0,0,0,0,0
3,4,6,-7,50.731918,22.715527,682.55812,0,0.67883488,0.64724993,0,2.6088868,3.3447549,2.4875,10.170547,8,0.0875,5,154.0125,3.0625,7746.2383
3,4,6,-6,47.674322,41.151601,677.98084,0,0.66123845,0.65926848,0,59.911408,8.3935989,59.732919,70.033342,67,0.11180124,5,2879.2826,60.347826,137379.99
3,4,6,-5,44.284254,56.726147,674.31104,0,0.64545871,0.66980625,0,26.710246,5.8392668,27.717791,36.717922,34,0.098159509,5,1251.0261,28.288344,55327.937
3,4,6,-4,40.578886,69.475572,671.42058,0,0.63192323,0.67867911,0,-1.1380203,2.5362646,-1.2222222,7.4197531,5,0.098765432,5,83.069444,2.0555556,3357.4618
3,4,6,-3,36.586868,79.397628,669.20677,0,0.62102145,0.68573644,0,53.483256,7.4375943,59.056604,67.447558,65,0.094339623,5,2158.0283,59.056604,78867.323
3,4,6,-2,32.348356,86.468932,667.59005,0,0.61308504,0.69086107,0,10.803393,4.2616922,12.173913,23.062382,20,0.1242236,5,445.88043,13.869565,14334.78
3,4,6,-1,27.913545,90.660705,666.51322,0,0.60836768,0.69396933,0,86.90262,9.0846492,99.130435,107.39019,105,0.093167702,5,2762.1739,99.130435,76973.413
3,4,6,0,23.339668,91.951572,665.94146,0,0.60702714,0.69501099,0,-3.6093788,2.9657931,-4.1325301,11.530518,7,0.1686747,5,10.301205,0.43373494,244.76205
3,4,6,1,18.686814,90.335916,665.86245,0,0.6091132,0.69396933,0,89.684336,9.5675496,102.17834,118.81902,114,0.18471338,5,1907.4268,102.25478,35589.037
3,4,6,2,14.013292,85.826542,666.2864,0,0.61456374,0.69086107,0,14.055079,4.5254144,15.8,25.88,23,0.1125,5,262.8,18.8,3674.875
3,4,6,3,9.3714148,78.451249,667.24559,0,0.62320994,0.68573644,0,40.982033,6.6481567,45.09375,53.511633,51,0.09375,5,424.29844,45.09375,3995.9309
3,4,6,4,4.8044222,68.243891,668.79383,0,0.63478943,0.67867911,0,0.8377809,2.6461993,0.89570552,8.0041402,6,0.079754601,5,8.5490798,2.0368098,35.930982
3,4,6,5,0.34489604,55.231287,671.00606,0,0.64896476,0.66980625,0,28.975696,6.0175913,29.90625,38.574609,36,0.09375,5,13.789062,29.90625,10.541016
3,4,6,6,-3.9853753,39.417505,673.97887,0,0.66534372,0.65926848,1,0,0,0,0,0,0,0,0,0,0
3,4,6,7,-8.1744312,20.76661,677.83254,0,0.68349868,0.64724993,1,0,0,0,0,0,0,0,0,0,0
3,4,7,-2,28.66513,7.4971127,684.50484,0,0.69361035,0.63817546,0,9.2383495,4.7530916,8.5,19.125,16,0.125,5,306.29167,10.666667,8795.2917
3,4,7,-1,24.877902,11.661896,683.10308,0,0.69011363,0.64082202,0,38.803393,7.5119125,36.031847,48.655808,45,0.14012739,5,917.2086,36.88535,22810.076
3,4,7,0,20.964956,12.957027,682.41369,0,0.68915563,0.64170978,0,1.3730076,3.7172936,1.278481,11.981093,9,0.12658228,5,62.776899,2.9810127,1323.5661
3,4,7,1,16.964061,11.388717,682.42295,0,0.69077114,0.64082202,0,47.08359,7.8174414,43.679012,52.593946,50,0.098765432,5,738.2284,43.679012,12486.588
3,4,7,2,12.912475,6.9550932,683.14028,0,0.69491813,0.63817546,0,8.1201864,4.6906687,7.4571429,18.555918,15,0.11428571,5,106.08571,8.2857143,1359.075
3,5,1,-6,81.4421,308.87329,761.3837,0,0.2563903,0.77736448,1,0,0,0,0,0,0,0,0,0,0
3,5,1,-5,72.466549,348.46269,766.34855,0,0.19646928,0.79121675,0,8.8005495,1.7454097,35.441379,49.407902,45,0.15172414,6,2746.3483,37.917241,198923.78
3,5,2,-9,82.357032,177.93742,762.76909,0,0.44516772,0.71019743,1,0,0,0,0,0,0,0,0,0,0
3,5,2,-8,79.128556,210.22167,759.76713,0,0.40139668,0.72901,1,0,0,0,0,0,0,0,0,0,0
3,5,2,-7,74.786471,241.69934,758.45411,0,0.35658293,0.74627882,1,0.86547554,0.89019648,1.8113208,3.4709861,3,0.018867925,1,133.58491,1.8113208,9851.8868
3,5,2,-6,68.994853,272.59011,758.72198,0,0.31108308,0.76175281,0,11.761286,2.5035499,28.8,37.582688,35,0.1,5,2049.1469,29.7375,141205.03
3,5,2,-5,61.310444,303.0077,760.47907,0,0.26536457,0.77521441,0,63.975362,4.8193793,186.89241,198.2166,195,0.13291139,5,11447.783,186.89241,701238.51
3,5,2,-4,51.191737,332.88053,763.61478,0,0.22012863,0.7864795,0,191.34455,7.4101334,683.63924,700.92866,696,0.19620253,5,34965.714,683.63924,1788472.6
3,5,2,-3,38.117552,361.74014,767.92101,0,0.1766033,0.79539745,0,32.298423,2.8356744,145.46774,163.11108,157,0.17741935,6,5559.4335,145.99194,211730.21
3,5,3,-9,72.56453,140.552,767.93035,0,0.49263486,0.68784647,0,2.2517292,2.4724181,3.144,11.917264,9,0.096,5,369.952,5.072,26987.693
3,5,3,-8,69.264597,170.03103,763.33532,0,0.45568277,0.70565278,0,188.48036,11.298078,291.87342,306.10191,302,0.15822785,5,20241.617,292.49367,1400815
3,5,3,-7,65.131668,197.69764,760.24645,0,0.41887324,0.7220337,0,117.95972,8.5697162,203.33333,218.21399,214,0.16666667,5,13323.009,204.7037,867137.87
3,5,3,-6,60.034992,223.52513,758.44575,0,0.38290368,0.7367382,0,46.915841,5.2253195,90.269939,101.0818,98,0.12269939,5,5417.0031,90.269939,325079.83
3,5,3,-5,53.85609,247.30519,757.70918,0,0.34865925,0.74954868,0,71.603082,5.9528523,153.93252,163.77496,161,0.11042945,5,8283.2469,153.93252,445745.74
3,5,3,-4,46.528432,268.6035,757.78045,0,0.31728085,0.76028104,0,75.73845,5.7449682,181.4875,189.51163,187,0.0875,5,8441.4938,181.4875,392664.73
3,5,3,-3,38.101428,286.71686,758.34748,0,0.29022075,0.76878464,0,0.19685891,0.90728605,0.52147239,5.7761831,4,0.055214724,5,93.285276,2.4539877,3547.1963
3,5,3,-2,28.815173,300.67808,759.0362,0,0.2692219,0.77494233,0,42.111718,4.0363502,121.21656,134.98815,131,0.15286624,5,3503.5334,121.66242,100903.21
3,5,3,-1,19.134435,309.39232,759.44959,0,0.25610849,0.77867041,0,41.553717,3.8901043,126.33962,139.88845,136,0.1509434,5,2451.8962,128.3522,46853.324
3,5,3,0,9.6669728,311.96413,759.27227,0,0.25231307,0.77991869,0,70.020132,4.9200532,216.4375,231.29102,227,0.1625,5,2095.0781,216.4375,20307.652
3,5,3,1,0.96185636,308.09647,758.40107,0,0.25831159,0.77867041,0,41.340798,3.8348821,124.62025,133.63604,131,0.10126582,5,108.46519,124.62025,113.61155
3,5,3,2,-6.6753362,298.24932,756.9962,0,0.27339911,0.77494233,1,0,0,0,0,0,0,0,0,0,0
3,5,4,-7,57.345407,143.98667,766.60008,0,0.48880869,0.69020069,0,31.543475,5.2653105,44.539568,55.274002,52,0.12230216,5,2620.9442,45.733813,150206.43
3,5,4,-6,52.98802,166.43199,762.99461,0,0.46070503,0.70382789,0,15.684518,3.8028364,23.961538,33.752219,31,0.11538462,5,1330.5288,25.089744,70560.95
3,5,4,-5,47.966608,186.24159,760.41977,0,0.4347648,0.7157268,0,72.361907,6.9286248,119.125,130.10078,127,0.125,5,5825.3625,121.4875,279342.51
3,5,4,-4,42.298887,203.16405,758.65171,0,0.41184473,0.72571334,0,42.222247,5.149479,74.4,82.336,80,0.0875,5,3161.9,74.8,133666.28
3,5,4,-3,36.055643,216.85152,757.47322,0,0.39285791,0.73363686,0,158.02978,9.4094895,295.11043,308.76168,305,0.1595092,5,10638.992,295.11043,383576.31
3,5,4,-2,29.370323,226.90516,756.68087,0,0.37870638,0.7393802,0,4.790145,2.3059866,9.3522013,20.269542,17,0.11949686,5,374.30503,12.779874,10963.409
3,5,4,-1,22.433781,232.94806,756.10314,0,0.37017159,0.74285967,0,26.064778,3.9587931,52.306748,63.115059,60,0.11656442,5,1188.7945,53.141104,26598.877
3,5,4,0,15.468877,234.71435,755.62558,0,0.36778147,0.74402508,0,31.479466,4.2470008,63.68323,73.817638,71,0.11801242,5,989.3354,64.223602,15246.61
3,5,4,1,8.6902679,232.12391,755.21269,0,0.37169962,0.74285967,0,27.444448,3.9166311,54.849057,61.270958,59,0.062893082,5,472.75943,54.849057,4084.579
3,5,4,2,2.2656637,225.30739,754.91504,0,0.38168799,0.7393802,0,3.2541902,2.1417269,6.3037975,17.212613,14,0.12025316,5,14.718354,8.1392405,28.515032
3,5,4,3,-3.7049488,214.56812,754.85699,0,0.39716261,0.73363686,1,0,0,0,0,0,0,0,0,0,0
3,5,4,4,-9.1874353,200.30116,755.21223,0,0.41731341,0.72571334,1,0,0,0,0,0,0,0,0,0,0
3,5,5,-4,38.200084,134.39017,766.93366,0,0.50108198,0.68488655,0,48.398764,6.3867948,66.152174,76.205378,73,0.10869565,5,2523.962,66.152174,96305.493
3,5,5,-3,33.242441,146.01206,764.58013,0,0.48713058,0.69206425,0,15.530206,4.1326883,22.063694,34.472068,31,0.14649682,5,757.80096,22.783439,25208.402
3,5,5,-2,27.994775,154.36621,762.88915,0,0.47690984,0.69727485,0,19.682436,4.2708051,28.77707,38.990155,36,0.11464968,5,866.2707,30.993631,24214.09
3,5,5,-1,22.553564,159.31752,761.75212,0,0.47084062,0.70043469,0,157.21828,10.675578,233.88199,252.21461,247,0.20496894,5,5278.4193,234.47205,118845.76
3,5,5,0,17.026614,160.7742,761.10144,0,0.46919114,0.70149355,0,1.1704805,2.4734079,1.75,13.675375,10,0.125,5,70.528125,4.1125,1212.107
3,5,5,1,11.520817,158.71056,760.91526,0,0.47204319,0.70043469,0,180.1267,11.295857,267.27848,280.93783,277,0.15189873,5,3078.4684,267.49367,35454.332
3,5,5,2,6.1299843,153.17416,761.21868,0,0.47928149,0.69727485,0,25.294988,4.5635987,36.8,44.08,42,0.08125,5,223.1,36.8,1357.9
3,5,5,3,0.92607285,144.27505,762.0809,0,0.49060966,0.69206425,0,9.4521025,3.3833378,13.333333,22.777778,20,0.1025641,5,13.4375,16.083333,11.796875
3,5,5,4,-4.0443615,132.16065,763.60924,0,0.50558745,0.68488655,1,0,0,0,0,0,0,0,0,0,0
3,5,5,5,-8.7588072,116.98333,765.94279,0,0.52367827,0.67585894,1,0,0,0,0,0,0,0,0,0,0
3,-5,-3,-2,80.106348,646.68829,6.5751289,1,0.27339911,0.77494233,1,0,0,0,0,0,0,0,0,0,0
3,-5,-2,-5,47.417371,648.02165,7.9099376,1,0.27583248,0.77521441,0,67.029785,5.0596134,188.38411,202.20297,198,0.14569536,5,8939.5861,188.38411,424241.13
3,-5,-2,-4,57.105232,618.55433,10.475875,1,0.23019291,0.7864795,0,201.66724,7.7748735,689.0184,705.63092,701,0.19018405,5,39365.883,689.0184,2249176.6
3,-5,-2,-3,69.689188,590.83597,11.602841,1,0.18597808,0.79539745,0,40.10637,3.2258201,171.5283,190.33784,185,0.21383648,6,11976.693,171.90566,834437.56
3,-5,-1,-6,27.442704,643.63207,9.0416895,1,0.26931868,0.77736448,0,283.87052,10.074205,819.36709,845.54751,838,0.29113924,5,22502.323,819.36709,618083.79
3,-5,-1,-5,35.702131,605.95397,11.935766,1,0.21039007,0.79121675,0,11.020723,1.9175468,41.445783,52.003484,49,0.11445783,5,1500.4639,42.024096,53578.699
3,-5,-1,-4,49.143783,564.45403,12.537134,1,0.14328314,0.80280148,0,118.38,4.7007459,663.2716,693.68082,685,0.33950617,8,32587.577,663.2716,1601234.5
3,-5,-1,-3,78.073018,501.55052,8.3701072,1,0.040398708,0.81196804,1,0.63517198,0.23168474,12.766234,21.68392,19,0.097402597,4,928.87338,12.766234,67588.097
3,-5,0,-7,6.5067852,669.32809,6.0901413,1,0.30797952,0.76657926,0,9.3188309,2.3831278,23.195122,35.185614,31,0.12195122,5,165.3374,24.796748,1107.2124
3,-5,0,-6,10.139647,630.54878,10.602526,1,0.24921621,0.78266886,0,2.8657661,1.3282287,9,17.4,15,0.09375,5,111.5,10.8,1154.275
3,-5,0,-5,16.664864,589.00507,12.844838,1,0.18324803,0.79665135,0,247.2099,7.6304755,1074.7188,1100.4268,1093,0.28125,6,17952.461,1074.7188,300094.62
3,-5,0,-4,30.638521,536.87528,11.835955,1,0.098147689,0.80834262,0,474.71686,7.6957171,3909.7596,4017.2512,3986,1.1729294,10,120057.16,3911.5709,3686386.5
3,-5,1,-6,-10.039416,644.02946,9.2887552,1,0.27000432,0.77736448,1,0,0,0,0,0,0,0,0,0,0
3,-5,1,-5,-8.5277443,606.46635,12.197455,1,0.21126771,0.79121675,1,0,0,0,0,0,0,0,0,0,0
3,-5,1,-4,-4.6177279,565.21631,12.834577,1,0.14456972,0.80280148,1,0,0,0,0,0,0,0,0,0,0
3,-5,1,-3,9.4600393,504.22187,8.9514381,1,0.044751309,0.81196804,0,168.52117,3.1774907,3057.6492,3323.8006,3246,2.8977044,22,29645.723,3129.8301,284200.76
3,-4,-4,-6,48.810892,791.11474,86.756564,1,0.51270111,0.74932638,0,72.49878,7.4695921,105.9589,119.18107,115,0.1369863,5,5169.0445,105.9589,252174.22
3,-4,-4,-5,53.318392,769.91649,91.20299,1,0.48592877,0.76246861,0,99.708932,8.3085991,156.45283,169.96298,166,0.14465409,5,8340.283,156.45283,444626.63
3,-4,-4,-4,58.489789,752.12477,94.567297,1,0.46224188,0.7734724,0,40.392452,5.4557222,67.588957,83.340397,79,0.18404908,5,4007.7101,68.533742,234370.15
3,-4,-4,-3,64.293471,737.8816,96.978092,1,0.44247719,0.78218711,0,111.91336,8.2667119,197.83436,213.55274,209,0.17177914,5,12712.753,197.83436,816936.64
3,-4,-4,-2,70.642888,727.39084,98.537516,1,0.42745364,0.7884956,0,77.837249,6.8464403,143.58125,159.49613,155,0.18125,5,10144.767,143.58125,716791.52
3,-4,-4,-1,77.392915,720.86707,99.321487,1,0.41788345,0.79231416,1,0,0,0,0,0,0,0,0,0,0
3,-4,-3,-8,32.518613,788.44136,88.232485,1,0.50977978,0.75134426,0,70.995527,7.2713449,104.6375,114.85297,112,0.11875,5,3414.6531,104.6375,111447.42
3,-4,-3,-7,35.883878,759.438,94.259677,1,0.4725172,0.76942062,0,68.904353,6.9295035,112.2,127.32,123,0.16875,5,4029.45,112.2,144724.41
3,-4,-3,-6,40.102055,733.29018,98.99439,1,0.43643343,0.78559448,0,96.703583,7.6759427,174.06962,190.90807,186,0.1835443,5,7059.1076,175.94937,283228.68
3,-4,-3,-5,45.298906,710.01699,102.60972,1,0.40238723,0.79964827,0,317.87286,12.858892,631.6962,653.00529,647,0.24683544,5,28614.487,631.6962,1296225.8
3,-4,-3,-4,51.574831,689.81899,105.25435,1,0.37143608,0.81139789,0,27.506189,4.0824182,60.086957,79.530651,74,0.2173913,5,3211.0978,62.267081,165601.02
3,-4,-3,-3,58.959305,673.079,107.0617,1,0.34485249,0.82069269,0,99.754735,6.6550481,237.4,250.84,247,0.14545455,5,14128.7,239.6,833158.07
3,-4,-3,-2,67.349872,660.33407,108.15374,1,0.32407598,0.82741552,0,32.405364,3.9169931,82.735849,100.01365,95,0.18867925,5,5566.3726,82.735849,374510.47
3,-4,-3,-1,76.462912,652.18648,108.63661,1,0.31054488,0.83148269,1,0,0,0,0,0,0,0,0,0,0
3,-4,-2,-9,19.344708,780.75992,90.477089,1,0.50042929,0.75636585,0,49.788195,6.2347695,75.251572,88.801274,85,0.1572327,5,1453.6179,75.251572,28085.018
3,-4,-2,-8,21.62047,747.54341,97.123404,1,0.45663083,0.77709991,0,119.7136,8.6740779,203.73006,217.90636,214,0.16564417,5,4413.1288,203.73006,95612.939
3,-4,-2,-7,24.767005,716.61854,102.34771,1,0.41247201,0.79606415,0,128.11388,8.4568781,247.25767,266.39576,261,0.21472393,5,6189.2331,250.18405,153133.51
3,-4,-2,-6,29.037349,687.77807,106.3273,1,0.36850499,0.81300752,0,144.4785,8.3064205,318.75309,335.83829,331,0.19135802,5,9271.0154,318.75309,269680.05
3,-4,-2,-5,34.761817,660.99332,109.20873,1,0.32547685,0.82771243,0,60.310816,5.1861147,153.375,173.94141,168,0.225,5,5340.2031,153.375,185947.13
3,-4,-2,-4,42.3417,636.47274,111.12456,1,0.28446289,0.83999477,0,12.748139,2.4065791,37.644172,50.501261,47,0.15337423,5,1593.9632,37.644172,67501.699
3,-4,-2,-3,52.176625,614.77341,112.21281,1,0.24708108,0.84970392,0,188.06826,7.5467177,646.76074,673.55407,666,0.3006135,5,33768.104,646.76074,1763135.1
3,-4,-2,-2,64.434193,596.96037,112.6398,1,0.21577598,0.85672271,0,176.45907,6.801716,700.61783,729.30865,721,0.31847134,5,45124.565,700.61783,2906416
3,-4,-2,-1,78.607331,584.69296,112.6146,1,0.19395139,0.86096746,1,0,0,0,0,0,0,0,0,0,0
3,-4,-1,-10,6.6237347,792.92836,88.146041,1,0.51566382,0.74892424,0,22.120005,4.7269809,32.125984,47.131378,42,0.1496063,5,215.0315,32.125984,1444.3583
3,-4,-1,-9,7.3979864,756.29889,95.847523,1,0.4686916,0.77181838,0,-1.099936,2.1045543,-1.8113208,12.010917,8,0.1509434,5,9.163522,1.1823899,71.017296
3,-4,-1,-8,8.7906986,721.75841,101.94796,1,0.42017457,0.7931562,0,68.197828,6.4012939,128.73585,146.01365,141,0.18867925,5,1139.6006,129.00629,10078.116
3,-4,-1,-7,11.034052,688.81699,106.63971,1,0.37027394,0.81265317,0,104.70513,7.1794105,229.8,248.28,243,0.20625,5,2556.4,230.4,28386.5
3,-4,-1,-6,14.495158,657.05511,110.06298,1,0.3191274,0.83005824,0,171.97115,8.3415691,447.3012,470.74361,464,0.25301205,5,6504.2319,447.6988,94536.361
3,-4,-1,-5,19.783289,626.09119,112.31573,1,0.26683394,0.84515382,0,101.13441,5.793299,320.32704,336.69855,332,0.18238994,5,6347.3553,320.32704,125809.57
3,-4,-1,-4,27.9685,595.54049,113.45838,1,0.21341315,0.8577558,0,152.907,6.2612995,614.5679,633.30651,628,0.20987654,5,17210.549,614.5679,482037.33
3,-4,-1,-3,41.049056,564.92752,113.51066,1,0.15867583,0.86771356,0,24.362147,2.2663547,133.2236,153.59851,148,0.24223602,6,5477.4457,133.49689,224764.8
3,-4,-1,-2,62.96909,533.3499,112.41937,1,0.10165242,0.87490993,0,38.33858,2.1979227,329.97546,357.8624,350,0.31288344,8,20796.319,329.97546,1310767.8
3,-4,0,-10,-5.0760466,784.99637,90.111485,1,0.50596798,0.75395063,1,0,0,0,0,0,0,0,0,0,0
3,-4,0,-9,-5.4836351,748.02302,97.61356,1,0.45751122,0.7770697,1,0,0,0,0,0,0,0,0,0,0
3,-4,0,-8,-5.5211018,712.9058,103.52415,1,0.40717195,0.79860878,1,0,0,0,0,0,0,0,0,0,0
3,-4,0,-7,-5.0313907,679.07537,108.02116,1,0.35495085,0.81828333,1,0,0,0,0,0,0,0,0,0,0
3,-4,0,-6,-3.7420008,645.96146,111.22438,1,0.30070244,0.83584229,1,0,0,0,0,0,0,0,0,0,0
3,-4,0,-5,-1.1323096,612.87462,113.19579,1,0.2439666,0.8510681,1,0.37860665,0.73107085,1.3207547,6.504094,5,0.056603774,2,-0.51257862,1.3207547,0.26493711
3,-4,0,-4,3.9547013,578.69247,113.9148,1,0.18344363,0.86377663,0,303.88827,8.1241072,1430.9114,1463.3523,1454,0.36075949,6,5694.7848,1430.9114,22896.723
3,-4,0,-3,14.951721,540.45808,113.13415,1,0.11453739,0.87381725,0,10.982327,1.3417784,83.785276,104.7872,99,0.24539877,8,1297.8083,86.828221,19428.893
3,-3,-5,-1,73.914915,789.97335,172.94912,1,0.54475006,0.78384512,1,167.76613,11.094324,241.4,254.84,251,0.14545455,3,17787.85,241.4,1310727.1
3,-3,-5,0,79.419339,788.04181,172.96832,1,0.54211881,0.78510491,1,0,0,0,0,0,0,0,0,0,0
3,-3,-4,-6,43.188392,785.14059,175.34518,1,0.53896907,0.78788038,0,5.2561187,3.1178919,7.6835443,20.773754,17,0.14556962,5,413.77848,9.5443038,17940.198
3,-3,-4,-5,47.392137,765.22842,178.15491,1,0.51179215,0.80198963,0,105.88525,8.6294854,165.92453,182.86057,178,0.18867925,5,7970.6242,168.15723,377819.45
3,-3,-4,-4,52.265877,748.52604,180.27157,1,0.48785535,0.81378462,0,129.23335,9.2022303,215.57233,235.62589,230,0.2327044,5,11270.154,215.57233,589221.6
3,-3,-4,-3,57.796618,735.17747,181.77388,1,0.46797847,0.82311471,0,553.08142,18.07654,972.8,1010.88,1000,0.425,5,56217.9,972.8,3248891.3
3,-3,-4,-2,63.920533,725.3756,182.72457,1,0.45295534,0.82986275,0,34.956184,4.8601651,64.043478,79.287335,75,0.17391304,5,4091.1196,64.043478,261349.79
3,-3,-4,-1,70.515888,719.31676,183.17014,1,0.44346847,0.83394504,0,324.73091,13.370586,610.65839,632.19382,626,0.23602484,5,43057.003,610.65839,3035973
3,-3,-4,0,77.409902,717.15026,183.13933,1,0.43999034,0.83531139,1,0,0,0,0,0,0,0,0,0,0
3,-3,-3,-8,26.858132,782.4694,176.47179,1,0.53566482,0.79004837,0,55.111756,6.6466661,81.283951,96.101204,92,0.17283951,5,2185.8457,81.283951,58789.654
3,-3,-3,-7,29.787653,755.18515,180.30731,1,0.49780498,0.80944339,0,344.16276,14.860377,559.61728,583.86725,577,0.27160494,5,16673.917,559.61728,496852.72
3,-3,-3,-6,33.516055,730.599,183.32039,1,0.46134477,0.82676009,0,0.31495341,2.1635876,0.56441718,15.033385,11,0.16564417,5,132.10429,3.9754601,4390.1963
3,-3,-3,-5,38.17397,708.76174,185.61727,1,0.42715284,0.84178091,0,275.73111,12.108347,543.37736,569.37878,562,0.29559748,5,20755.882,543.37736,792875.67
3,-3,-3,-4,43.878293,689.88125,187.29014,1,0.39628233,0.85432172,0,17.02556,3.5373921,36.704403,58.156718,52,0.23899371,5,1610.1006,36.72956,70584.808
3,-3,-3,-3,50.693549,674.31814,188.42202,1,0.36997386,0.8642319,0,256.53496,10.717821,599.24691,626.80369,619,0.30864198,5,30396.627,599.24691,1541896.3
3,-3,-3,-2,58.575934,662.55376,189.0882,1,0.34959518,0.87139428,0,21.987262,3.4615533,54.805031,74.445868,69,0.2327044,5,3215.1038,54.805031,188620.22
3,-3,-3,-1,67.319304,655.10771,189.35303,1,0.33647504,0.87572519,0,328.67834,11.417198,855.43312,882.97631,875,0.30573248,5,57557.804,855.43312,3872846.7
3,-3,-3,0,76.546332,652.40066,189.26189,1,0.33162792,0.8771744,1,0,0,0,0,0,0,0,0,0,0
3,-3,-2,-9,13.569058,775.13906,178.02198,1,0.52592638,0.79544091,0,340.1401,15.33134,514.4472,537.68281,531,0.25465839,5,7030.0388,516.8882,95668.25
3,-3,-2,-8,15.304524,743.86834,182.26359,1,0.48146139,0.81766945,0,161.31101,10.14074,273.9557,296.6005,290,0.24683544,5,4194.3845,273.9557,64239.603
3,-3,-2,-7,17.79605,714.78577,185.60251,1,0.43692383,0.83795236,0,148.324,9.1435992,284.4625,307.51164,301,0.2625,5,5063.875,284.4625,90164.751
3,-3,-2,-6,21.267448,687.75976,188.14834,1,0.39292845,0.85603857,0,100.11279,7.0960109,218.10692,238.9947,233,0.2327044,5,4646.1572,218.71698,98716.365
3,-3,-2,-5,26.01567,662.8287,189.9941,1,0.35030162,0.8717105,0,336.5514,11.876805,837.49367,873.49311,863,0.39240506,5,21801.383,837.49367,567598.63
3,-3,-2,-4,32.413356,640.25274,191.22608,1,0.31020321,0.88478404,0,80.865457,5.535021,230.65031,249.2416,244,0.20858896,5,7525.0798,232.18405,243908.55
3,-3,-2,-3,40.864073,620.5971,191.9344,1,0.27429628,0.89510857,0,577.42828,13.432631,1884.3165,1921.4708,1911,0.43037975,5,77018.269,1884.3165,3148178.7
3,-3,-2,-2,51.638306,604.82133,192.22323,1,0.24491386,0.90256691,0,564.08775,12.493068,2078.8,2119.68,2108,0.45625,5,107361.2,2078.8,5544926.9
3,-3,-2,-1,64.529191,594.26055,192.21246,1,0.22500323,0.90707539,0,189.87963,7.0204868,765.47853,801.0207,791,0.39877301,5,49387.235,765.47853,3186438.3
3,-3,-2,0,78.514683,590.27146,192.014,1,0.21741626,0.9085838,1,0,0,0,0,0,0,0,0,0,0
3,-3,-1,-10,1.0012026,786.52681,176.61217,1,0.54132241,0.78744825,0,96.181642,8.6822254,139.91304,159.51229,154,0.22360248,5,137.98913,140.65217,146.68207
3,-3,-1,-9,1.2234102,752.03562,181.52819,1,0.49352328,0.8120127,0,34.279441,5.2734515,56.401274,75.283581,70,0.22292994,5,73.786624,57.898089,98.96258
3,-3,-1,-8,1.9226576,719.5231,185.43157,1,0.44448212,0.83484501,0,333.86852,13.536041,627.08589,646.37785,641,0.2208589,5,1189.8206,627.08589,2318.0947
3,-3,-1,-7,3.2742169,688.61545,188.44038,1,0.39445709,0.85566064,0,9.6322627,2.9877702,20.89441,42.004707,36,0.23602484,5,67.804348,20.89441,224.52329
3,-3,-1,-6,5.5528466,659.03064,190.6447,1,0.34374913,0.87420855,0,174.1753,8.4455228,442.95541,461.31754,456,0.20382166,5,2466.328,442.95541,13777.646
3,-3,-1,-5,9.2079662,630.58309,192.11434,1,0.29274686,0.89027115,0,29.790671,3.4789391,90.596273,111.93187,106,0.2484472,5,857.04658,92.757764,7924.639
3,-3,-1,-4,15.008527,603.22182,192.90695,1,0.2420256,0.90366433,0,123.31754,5.9083426,460.4375,486.65703,479,0.28125,5,6921.8781,460.4375,104104.55
3,-3,-1,-3,24.315984,577.14948,193.08053,1,0.19259215,0.91423747,0,132.82426,5.4437618,630.51852,667.78875,657,0.40123457,5,15353.426,630.51852,373924.31
3,-3,-1,-2,39.470546,553.17598,192.72269,1,0.14656422,0.92187339,0,322.19485,7.2244791,2026.5714,2064.9033,2054,0.42857143,5,79998.019,2026.5714,3158106.9
3,-3,-1,-1,63.280479,533.76624,192.03192,1,0.10914105,0.92648842,0,437.85076,7.2280767,3716.875,3764.8633,3751,0.525,6,235233.09,3716.875,14887988
3,-3,0,-10,-10.82174,779.0255,177.90685,1,0.53135774,0.79284773,1,0,0,0,0,0,0,0,0,0,0
3,-3,0,-4,-10.941619,588.49343,193.31787,1,0.21424161,0.91005825,1,0,0,0,0,0,0,0,0,0,0
3,-3,0,-3,-6.7845806,557.91426,193.14029,1,0.15572158,0.92071425,1,0,0,0,0,0,0,0,0,0,0
3,-3,0,-2,4.0204153,525.01242,192.10722,1,0.092305473,0.92840937,0,205.51517,4.5567325,2067.0736,2100.5412,2091,0.36809816,7,8406.2531,2067.0736,34730.913
3,-2,-5,-2,64.875468,789.6011,248.16552,1,0.56751574,0.80892823,0,2.0517467,3.2287884,2.9245283,21.180847,16,0.20754717,5,652.06132,10.056604,42279.761
3,-2,-5,-1,70.110407,784.39296,248.44904,1,0.56030838,0.81287926,0,196.64666,12.138699,285.28931,310.12883,303,0.27672956,5,20018.398,285.28931,1404692.2
3,-2,-5,0,75.592146,782.58588,248.37256,1,0.55773947,0.81420186,1,0,0,0,0,0,0,0,0,0,0
3,-2,-5,1,81.219523,784.19724,247.93955,1,0.55990275,0.81287926,1,0,0,0,0,0,0,0,0,0,0
3,-2,-4,-6,39.350923,779.44573,250.3655,1,0.55378321,0.81711517,0,26.759799,5.1779893,39.484472,58.372632,53,0.21118012,5,1637.8478,41.652174,64405.386
3,-2,-4,-5,43.352672,760.28498,251.97284,1,0.52616649,0.83191515,0,181.19641,11.182779,286.48734,312.61597,305,0.28481013,5,12407.078,286.48734,537344.78
3,-2,-4,-4,48.029637,744.21078,253.16607,1,0.50190216,0.84427528,0,243.73553,12.361689,410,432.4,426,0.25,5,19744.2,410.8,948993.18
3,-2,-4,-3,53.380998,731.37289,253.99069,1,0.48181004,0.85404493,0,112.40703,8.3905267,199.25,221.20156,215,0.25,5,10632.063,199.25,567350.24
3,-2,-4,-2,59.357523,721.96336,254.48306,1,0.46668075,0.86110693,0,1.8419592,2.7851055,3.3987342,26.409349,20,0.2721519,5,340.83861,5.7341772,20259.941
3,-2,-4,-1,65.85226,716.17345,254.67011,1,0.4571905,0.86537761,0,317.42769,13.221929,600.8323,626.33479,619,0.27950311,5,39554.435,600.8323,2604027
3,-2,-4,0,72.703993,714.14623,254.56828,1,0.45380396,0.86680675,0,34.094034,4.9611694,65.122699,89.799955,83,0.28834356,5,4728.9156,65.122699,343402.19
3,-2,-4,1,79.717105,715.93767,254.18229,1,0.45669359,0.86537761,1,0,0,0,0,0,0,0,0,0,0
3,-2,-3,-8,22.989286,776.74197,251.24971,1,0.55013353,0.81939038,0,109.87378,9.0636058,163.65031,182.2416,177,0.20858896,5,3754.8666,163.65031,86175.296
3,-2,-3,-7,25.628196,750.4487,253.47358,1,0.51161444,0.8397273,0,7.3784318,3.0175393,12.110429,24.529959,21,0.14110429,5,326.35736,12.656442,8416.653
3,-2,-3,-6,29.032663,726.73796,255.2082,1,0.47461474,0.85786032,0,805.15103,21.373683,1455.3006,1492.4832,1482,0.41717791,5,42290.206,1455.3006,1229076.6
3,-2,-3,-5,33.337601,705.68004,256.5149,1,0.44001306,0.87357187,0,387.24008,14.281507,768.8,803.9225,794,0.4,5,25625.494,768.8,854220.61
3,-2,-3,-4,38.671786,687.49104,257.44738,1,0.40886989,0.88667782,0,105.17081,7.2722366,228.07407,248.71239,243,0.24074074,5,8854.7623,228.90123,342550.78
3,-2,-3,-3,45.123117,672.52734,258.05438,1,0.38242607,0.89702755,0,346.54089,12.341421,812.85443,838.00557,831,0.29746835,5,36741.16,813.94304,1658544.9
3,-2,-3,-2,52.684927,661.25304,258.38022,1,0.3620375,0.90450391,0,347.41891,12.017544,867.98125,901.45738,892,0.38125,5,45737.917,867.98125,2410207
3,-2,-3,-1,61.198143,654.16018,258.46268,1,0.3490076,0.90902319,0,283.32651,10.633431,737.95062,767.05594,759,0.33950617,5,45162.963,737.95062,2764050.7
3,-2,-3,0,70.328709,651.64049,258.3281,1,0.34431902,0.9105352,0,0.18207229,1.9819559,0.48148148,27.47005,20,0.31481481,5,297.41975,4.1975309,21075.781
3,-2,-3,1,79.622391,653.85225,257.98571,1,0.34835681,0.90902319,1,0,0,0,0,0,0,0,0,0,0
3,-2,-2,-9,9.6165903,769.59284,252.2996,1,0.54002622,0.82504789,0,136.36234,9.8100303,208.33333,224.6308,220,0.18518519,5,2027.9583,211.05556,19509.774
3,-2,-2,-8,10.990977,739.42857,254.76805,1,0.49478592,0.84834392,0,214.14717,11.548466,367.16981,392.06479,385,0.28301887,5,4032.283,367.16981,44326.193
3,-2,-2,-7,13.049128,711.35229,256.70008,1,0.44959972,0.86956873,0,154.35951,9.2273154,298.54601,318.49784,313,0.23312883,5,3906.8267,298.54601,51161.742
3,-2,-2,-6,15.998804,685.26801,258.15874,1,0.40510599,0.88847125,0,383.71029,13.482215,841.54658,874.3231,865,0.36645963,5,13463.871,841.54658,215492.9
3,-2,-2,-5,20.120634,661.24228,259.19834,1,0.36216172,0.90483391,0,8.3779488,2.8408032,20.931677,50.374986,42,0.32919255,5,539.68944,26.89441,10833.019
3,-2,-2,-4,25.777697,639.55362,259.87005,1,0.32196099,0.9184726,0,124.48886,6.9300374,355.13497,390.83823,381,0.41717791,5,9147.0844,355.13497,235623.81
3,-2,-2,-3,33.388679,620.76682,260.22787,1,0.28619126,0.92923668,0,166.66189,7.408395,541.1358,578.61302,568,0.41975309,5,18053.463,541.1358,602351.57
3,-2,-2,-2,43.299214,605.8026,260.33397,1,0.25716746,0.93700899,0,1589.6457,20.965479,5791.9938,5835.3255,5823,0.48447205,5,250681.75,5791.9938,10850149
3,-2,-2,-1,55.477044,595.89598,260.25845,1,0.23772934,0.94170586,0,454.25159,10.839873,1799.4051,1843.7979,1831,0.49367089,5,99769.509,1799.4051,5531984.9
3,-2,-2,0,69.143798,592.25688,260.06484,1,0.23053477,0.94327706,0,2.221235,1.8213698,9.0886076,55.539497,42,0.50632911,5,892.12025,12.898734,61703.442
3,-2,-2,1,82.848762,595.43888,259.78103,1,0.2367735,0.94170586,1,0,0,0,0,0,0,0,0,0,0
3,-2,-1,-10,-2.854568,780.51323,251.56968,1,0.55560466,0.81666163,1,0,0,0,0,0,0,0,0,0,0
3,-2,-1,-9,-3.003868,747.24795,254.43897,1,0.50691114,0.84241915,1,0,0,0,0,0,0,0,0,0,0
3,-2,-1,-8,-2.7668778,715.85027,256.70822,1,0.4570955,0.86631895,1,0,0,0,0,0,0,0,0,0,0
3,-2,-1,-7,-2.0021036,685.99817,258.44468,1,0.4064453,0.88807649,1,0,0,0,0,0,0,0,0,0,0
3,-2,-1,-6,-0.48700014,657.46202,259.70046,1,0.35531038,0.90744071,1,270.66044,10.456727,691.25,713.20156,707,0.25,4,-319.56875,691.25,207.76562
3,-2,-1,-5,2.1440145,630.11811,260.51718,1,0.30416199,0.92419404,0,20.049494,3.1440475,60.920245,91.262976,83,0.36196319,5,138.52147,62.282209,313.55828
3,-2,-1,-4,6.5205813,604.00038,260.93125,1,0.25371865,0.93815237,0,1515.8151,20.327633,5604.8916,5649.5726,5637,0.4939759,5,36544.584,5604.8916,238831.77
3,-2,-1,-3,13.77142,579.43998,260.98263,1,0.20523799,0.94916505,0,265.31011,7.7437792,1226.9809,1282.5488,1267,0.65605096,5,16924.818,1226.9809,233566.56
3,-2,-1,-2,25.898837,557.42694,260.73361,1,0.16123672,0.95711495,0,884.99399,12.293789,5253.4,5325.64,5305,0.80625,5,135980.15,5253.4,3520249.4
3,-2,-1,-1,45.668744,540.45447,260.31095,1,0.12713955,0.96191835,0,84.209015,3.4961533,637.1125,699.67445,682,0.7125,5,29111.972,637.1125,1330288.1
3,-2,-1,0,72.683788,533.32616,259.94731,1,0.11280342,0.96352507,0,4984.1025,24.188536,42572.359,42687.494,42654,1.275641,5,3093043.4,42572.359,2.2472573e+08
3,-2,0,-1,-2.8115981,502.26453,259.43015,1,0.050622874,0.96875634,1,0,0,0,0,0,0,0,0,0,0
3,-1,-5,-2,62.709057,785.69583,316.26856,1,0.57547776,0.82691418,0,101.90709,9.1359863,146.4321,172.33547,165,0.29012346,5,9304.0833,148.38272,583410.05
3,-1,-5,-1,67.913191,780.64008,316.27983,1,0.56827213,0.83097824,0,155.7415,10.790502,227.73913,248.97164,243,0.24223602,5,15455.217,227.73913,1048875.2
3,-1,-5,0,73.380876,778.91775,316.12088,1,0.56577287,0.83233851,1,19.207837,4.5473753,28.257669,44.754564,40,0.17791411,4,2308.1748,31.521472,169019.44
3,-1,-5,1,79.011908,780.54565,315.79235,1,0.56807158,0.83097824,1,0,0,0,0,0,0,0,0,0,0
3,-1,-4,-6,37.13355,775.52875,317.84133,1,0.5610877,0.83533454,0,50.509595,6.2783946,75.197531,87.368846,84,0.14197531,5,2786.534,75.197531,103270.89
3,-1,-4,-5,41.019896,756.77537,318.47556,1,0.53317831,0.85054896,0,75.039509,7.5898916,119.70625,146.59691,139,0.30625,5,5020.7078,122.36875,206005.76
3,-1,-4,-4,45.584661,741.04214,318.91826,1,0.50869322,0.86324817,0,31.958394,5.0545605,54.233129,73.574316,68,0.20858896,5,2495.865,54.687117,113919.49
3,-1,-4,-3,50.833844,728.48365,319.18944,1,0.48845646,0.87328155,0,176.75668,10.349315,316.0125,342.35766,335,0.30625,5,16078.222,316.1125,817807.82
3,-1,-4,-2,56.726323,719.29333,319.30505,1,0.47326124,0.88053194,0,35.705392,5.1646406,66.432099,92.335467,85,0.29012346,5,3853.9846,67.987654,218475.27
3,-1,-4,-1,63.163306,713.66137,319.27679,1,0.46378403,0.88491564,0,182.0373,10.125564,347.33333,373.25926,366,0.2962963,5,21948.569,347.38889,1386767.2
3,-1,-4,0,69.989936,711.72835,319.11153,1,0.46048714,0.88638245,0,12.67217,3.5890458,24.392405,47.727127,41,0.25949367,5,1705.9905,24.392405,119321.19
3,-1,-4,1,77.013348,713.5476,318.81069,1,0.46353858,0.88491564,1,0,0,0,0,0,0,0,0,0,0
3,-1,-3,-8,20.748489,772.7613,318.54386,1,0.55713388,0.83767408,0,63.1883,7.073707,95.00625,113.11629,108,0.20625,5,1970.2734,95.00625,40872.685
3,-1,-3,-7,23.220751,746.99312,319.464,1,0.518154,0.85857614,0,210.90549,11.689211,349.46835,375.15462,368,0.30379747,5,8125.7389,349.71519,188828.81
3,-1,-3,-6,26.440191,723.73962,320.15978,1,0.48075674,0.87719895,0,77.351203,7.181267,141.13665,171.69102,163,0.34161491,5,3781.7811,143.09938,99956.121
3,-1,-3,-5,30.544406,703.08257,320.65817,1,0.4458293,0.89332493,0,39.605472,5.0953124,79.358974,104.23734,97,0.27564103,5,2431.0192,79.358974,74481.716
3,-1,-3,-4,35.66912,685.24465,320.98296,1,0.41444172,0.90676997,0,116.24375,7.7140086,254.33333,284.85744,276,0.33333333,5,9077.0991,254.33333,323984.69
3,-1,-3,-3,41.915504,670.58376,321.15592,1,0.38784382,0.91738344,0,612.22867,16.271717,1448.1304,1481.3403,1472,0.37888199,5,60660.033,1448.1304,2541104.8
3,-1,-3,-2,49.297533,659.56029,321.19698,1,0.36739728,0.92504817,0,69.479152,5.8271338,174.9375,215.26172,204,0.46875,5,8615.8344,174.9375,424359.67
3,-1,-3,-1,57.68185,652.6579,321.12312,1,0.35440529,0.92968048,0,486.39746,13.899466,1275.9241,1329.4232,1314,0.59493671,5,73724.589,1278.0253,4252984
3,-1,-3,0,66.757714,650.25773,320.94604,1,0.34984323,0.93123017,0,328.08867,11.3827,873.32278,918.03177,905,0.48734177,5,58283.09,873.32278,3889707.2
3,-1,-3,1,76.081598,652.50952,320.66941,1,0.35408441,0.92968048,1,0,0,0,0,0,0,0,0,0,0
3,-1,-2,-9,7.3208737,765.67742,319.19877,1,0.54672775,0.84349057,0,354.9507,15.500243,547.61728,571.86725,565,0.27160494,5,4001.9691,547.77778,29279.625
3,-1,-2,-8,8.4869564,736.08986,320.23157,1,0.50092741,0.86742709,0,2.7094648,2.8787138,4.6918239,24.849254,19,0.22012579,5,68.872642,8.2327044,577.01769
3,-1,-2,-7,10.296176,708.52434,321.0191,1,0.45523406,0.88921704,0,150.41972,9.1631674,293.81761,320.35928,313,0.31446541,5,3018.0204,293.81761,31029.31
3,-1,-2,-6,12.947794,682.90194,321.58885,1,0.41029582,0.90860936,0,27.974141,4.2139267,61.949367,87.08316,80,0.29113924,5,827.49367,64.658228,10598.111
3,-1,-2,-5,16.714258,659.3024,321.96469,1,0.36698404,0.92538645,0,592.11776,15.561242,1493.0833,1539.7153,1526,0.50641026,5,24968.354,1493.0833,417659.15
3,-1,-2,-4,21.954963,638.01343,322.16942,1,0.32651207,0.93936422,0,244.82026,9.5034379,704.33962,747.53412,735,0.47169811,5,15444.887,704.33962,338745.95
3,-1,-2,-3,29.099404,619.60289,322.22751,1,0.29058987,0.95039204,0,744.48035,15.268281,2434.8687,2493.5892,2477,0.66875,5,70927.139,2434.8687,2066289.5
3,-1,-2,-2,38.536956,604.98344,322.16747,1,0.26155042,0.95835273,0,415.62289,10.855819,1522.8931,1582.2135,1565,0.64779874,5,58705.585,1522.8931,2263157.2
3,-1,-2,-1,50.330275,595.36402,322.02164,1,0.2422312,0.96316262,0,94.995755,5.2743503,377.72327,439.82208,422,0.6918239,5,19001.73,377.72327,955926.67
3,-1,-2,0,63.827372,591.91192,321.81915,1,0.23525494,0.9647715,0,3.834883,2.155643,15.726708,78.1493,60,0.67080745,5,1191.4037,18.745342,75727.203
3,-1,-2,1,77.647898,595.14478,321.57236,1,0.24176207,0.96316262,1,0,0,0,0,0,0,0,0,0,0
3,-1,-1,-10,-5.1014578,776.33182,319.02314,1,0.56240677,0.83486814,1,0,0,0,0,0,0,0,0,0,0
3,-1,-1,-9,-5.4670155,743.70637,320.23818,1,0.51307436,0.86134151,1,0,0,0,0,0,0,0,0,0,0
3,-1,-1,-8,-5.4981714,712.87329,321.18006,1,0.46266073,0.8858818,1,0,0,0,0,0,0,0,0,0,0
3,-1,-1,-7,-5.0722461,683.53332,321.8778,1,0.41146008,0.90820448,1,0,0,0,0,0,0,0,0,0,0
3,-1,-1,-6,-3.9953058,655.47705,322.35387,1,0.35983434,0.9280585,1,0,0,0,0,0,0,0,0,0,0
3,-1,-1,-5,-1.9465744,628.60114,322.62629,1,0.30827614,0.94522626,1,0.11931953,1.0099255,0.36585366,9.5889352,7,0.10365854,1,-0.27439024,0.36585366,0.20579268
3,-1,-1,-4,1.6321814,602.96308,322.71114,1,0.25754201,0.95952367,0,221.2561,8.009323,824.33333,890.44444,871,0.71794872,5,1382.1667,824.33333,2382.1875
3,-1,-1,-3,7.7595427,578.92463,322.6267,1,0.2089573,0.9708001,0,1569.9023,18.465737,7293.6497,7360.0004,7341,0.75159236,5,56672.772,7293.6497,440912.67
3,-1,-1,-2,18.308292,557.51228,322.40249,1,0.16514929,0.97893837,0,166.06359,5.4994866,984.35802,1062.6778,1041,0.91358025,5,18007.54,985.07407,329255.91
3,-1,-1,-1,36.140494,541.2139,322.09857,1,0.13163838,0.9838548,0,203.13907,5.368441,1518.2453,1609.8793,1583,0.98113208,5,54890.892,1518.2453,1984648.6
3,-1,-1,0,61.977641,534.59288,321.82131,1,0.11801147,0.9854992,0,112.59427,3.846358,940.26087,1031.724,1006,1.0434783,5,58231.413,940.26087,3606432.8
3,0,-5,-3,57.216744,792.57911,381.12179,1,0.58950433,0.82624213,0,272.66876,14.315763,382.16923,402.59621,396,0.22307692,5,22033.515,384.98462,1261054.4
3,0,-5,-2,62.056721,784.33238,380.8828,1,0.57788825,0.83302257,0,81.420436,8.3116055,117.36709,143.54751,136,0.29113924,5,7494.8703,120.8481,464834.04
3,0,-5,-1,67.249745,779.35544,380.64485,1,0.57074625,0.83712432,0,40.335264,6.1906266,59.160494,82.444749,76,0.27160494,5,4018.3858,59.839506,269850.52
3,0,-5,0,72.710676,777.69091,380.40598,1,0.56833541,0.83849714,0,-2.4099643,2.8796142,-3.5555556,18.049383,12,0.24691358,5,287.23611,3.9444444,20916.913
3,0,-5,1,78.339648,779.35479,380.16434,1,0.57074502,0.83712432,1,0,0,0,0,0,0,0,0,0,0
3,0,-4,-6,36.466749,774.02576,381.92313,1,0.56298653,0.84152074,0,139.31023,10.092408,208.23313,227.57432,222,0.20858896,5,7590.6288,208.23313,276723.95
3,0,-4,-5,40.319172,755.42593,381.6817,1,0.53502382,0.8568733,0,20.204054,4.4148608,32.358025,49.994361,45,0.19753086,5,1303.7006,32.358025,52532.387
3,0,-4,-4,44.85078,739.82778,381.44716,1,0.51051676,0.86968555,0,40.047334,5.4838763,68.222222,87.272977,82,0.22222222,5,3165.4815,70.518519,142100.56
3,0,-4,-3,50.06935,727.3878,381.21707,1,0.49029146,0.87980684,0,-0.010514561,2.8706676,-0.018867925,26.535778,19,0.30188679,5,169.74528,3.4339623,8391.2429
3,0,-4,-2,55.935862,718.29992,380.98934,1,0.47514194,0.88712002,0,39.188105,5.2367715,73.166667,95.597222,89,0.24358974,5,4087.6667,73.166667,228384.95
3,0,-4,-1,62.353663,712.75353,380.76214,1,0.46574369,0.8915414,0,430.93068,15.306673,824.90123,858.5205,849,0.37654321,5,51382.299,824.90123,3200620.1
3,0,-4,0,69.169636,710.88746,380.53383,1,0.46255604,0.89302077,0,588.29956,17.689685,1135.784,1166.3653,1158,0.36419753,5,78581.85,1135.784,5436946.6
3,0,-4,1,76.191811,712.75284,380.3029,1,0.46574249,0.8915414,1,0,0,0,0,0,0,0,0,0,0
3,0,-4,2,83.219932,718.29859,380.06788,1,0.47513959,0.88712002,1,0,0,0,0,0,0,0,0,0,0
3,0,-3,-8,20.067956,771.16382,382.47804,1,0.55877192,0.84388173,0,83.691836,8.1295016,126.39506,150.73769,144,0.28395062,5,2545.1914,126.39506,51266.11
3,0,-3,-7,22.490969,745.57836,382.22669,1,0.51966138,0.86497217,0,316.25039,14.155619,526.39623,555.16376,547,0.32704403,5,11831.929,526.39623,266007.42
3,0,-3,-6,25.656099,722.48752,381.98707,1,0.48215988,0.88375824,0,62.089627,6.3024608,113.80503,133.44587,128,0.2327044,5,2922.8632,113.80503,75086.317
3,0,-3,-5,29.701753,701.9779,381.75609,1,0.44715973,0.90002237,0,246.57231,11.434614,496.28931,529.69305,520,0.36477987,5,14754.085,496.28931,438664.72
3,0,-3,-4,34.765594,684.27561,381.53103,1,0.41573692,0.91358044,0,708.13,18.109887,1556.1132,1583.7546,1576,0.32075472,5,54084.324,1556.1132,1879882.4
3,0,-3,-3,40.952346,669.74048,381.30955,1,0.38914715,0.92428181,0,72.718036,6.0719661,172.71605,207.98872,198,0.39506173,5,7076.784,172.71605,289981.86
3,0,-3,-2,48.281375,658.83279,381.08959,1,0.36875615,0.93200934,0,3.7660698,2.706386,9.5185185,46.788752,36,0.40123457,5,587.82407,12.037037,28709.512
3,0,-3,-1,56.625974,652.03354,380.86942,1,0.35586703,0.93667933,0,37.427212,4.470049,98.512346,138.43023,127,0.4382716,5,5942.6327,104.75309,337136.78
3,0,-3,0,65.681541,649.71893,380.64762,1,0.35144936,0.93824157,0,2.1578739,2.6971818,5.7607362,51.847077,39,0.52760736,5,650.2592,10.018405,42206.562
3,0,-3,1,75.007738,652.03283,380.42302,1,0.35586585,0.93667933,1,0,0,0,0,0,0,0,0,0,0
3,0,-2,-9,6.6141651,764.05388,382.78838,1,0.54816306,0.84975121,0,283.40802,13.983022,439.33333,469.85744,461,0.33333333,5,2931.9057,439.33333,19604.905
3,0,-2,-8,7.7169941,734.65812,382.53132,1,0.50218128,0.87390123,0,3.2431418,2.9885043,5.64375,27.046523,21,0.24375,5,55.785938,6.94375,449.03398
3,0,-2,-7,9.4512283,707.26269,382.28885,1,0.45632477,0.89587956,0,288.32892,12.427452,566.06173,595.27191,587,0.32716049,5,5334.5586,566.06173,50332.373
3,0,-2,-6,12.013896,681.79485,382.05753,1,0.41124644,0.91543514,0,2796.8954,35.615135,6225.8931,6285.2135,6268,0.64779874,5,74847.731,6225.8931,900435.12
3,0,-2,-5,15.675449,658.33986,381.83432,1,0.36782498,0.93235038,0,149.38836,8.177666,378.6646,429.66957,415,0.55900621,5,5958.0124,380.12422,93419.733
3,0,-2,-4,20.794716,637.19055,381.61653,1,0.32728467,0.94644118,0,64.30027,5.3964063,185.9434,243.52593,227,0.64150943,5,3872.1179,185.9434,80648.917
3,0,-2,-3,27.804717,618.91935,381.40165,1,0.29135034,0.9575569,0,1034.8528,17.932677,3401.1646,3473.6686,3453,0.82278481,5,94539.304,3401.1646,2628112
3,0,-2,-2,37.107015,604.44148,381.18739,1,0.26237155,0.96558039,0,2589.9799,26.638983,9531.65,9611.2231,9589,0.925,5,354019.55,9531.65,13149608
3,0,-2,-1,48.789172,594.96263,380.97176,1,0.24319551,0.97042796,0,61.12047,4.4738502,243.89024,318.69728,297,0.79268293,5,11892.585,243.89024,579927.06
3,0,-2,0,62.231629,591.63683,380.75329,1,0.23643418,0.97204939,0,52.051794,4.15478,214,291.77778,270,0.88888889,5,13548.014,217.72222,843056.22
3,0,-2,1,76.073208,594.96188,380.53122,1,0.24319436,0.97042796,1,0,0,0,0,0,0,0,0,0,0
3,0,-1,-10,-5.8041115,774.58986,383.11637,1,0.56380842,0.84105006,1,0,0,0,0,0,0,0,0,0,0
3,0,-1,-9,-6.2379081,742.17195,382.84643,1,0.51425662,0.86776205,1,0,0,0,0,0,0,0,0,0,0
3,0,-1,-8,-6.353271,711.51946,382.59482,1,0.46363324,0.89251584,1,0,0,0,0,0,0,0,0,0,0
3,0,-1,-7,-6.0331435,682.33998,382.35767,1,0.41223381,0.9150269,1,0,0,0,0,0,0,0,0,0,0
3,0,-1,-6,-5.0920169,654.43005,382.13165,1,0.36042307,0.93504417,1,0,0,0,0,0,0,0,0,0,0
3,0,-1,-5,-3.2220395,627.69202,381.91389,1,0.30869916,0.95235009,1,0,0,0,0,0,0,0,0,0,0
3,0,-1,-4,0.11506005,602.19013,381.70174,1,0.25782955,0.96676053,1,2400.6858,25.411277,9001.638,9078.7372,9057,0.86503067,5,1287.7316,9001.638,953.15146
3,0,-1,-3,5.9087082,578.29588,381.49265,1,0.20916205,0.97812486,0,133.28718,5.6102859,623.3038,688.32383,670,0.75316456,5,3653.4462,623.3038,21490.862
3,0,-1,-2,16.001973,557.05239,381.28394,1,0.16537097,0.98632592,0,8090.5225,36.892787,48254.49,48417.822,48370,1.7770701,5,771959.28,48254.49,12354283
3,0,-1,-1,33.295902,540.97089,381.0726,1,0.13205996,0.99128004,0,426.15655,7.6822564,3198.8537,3325.2784,3289,1.3658537,5,106460.35,3198.8537,3543344.8
3,0,-1,0,58.806486,534.59953,380.85551,1,0.11885287,0.99293699,0,-0.0022443432,1.3181149,-0.01875,121.26363,87,1.38125,5,399.65156,6.74375,23689.328
3,1,-5,-2,62.898527,785.68299,445.4838,1,0.57540692,0.82691418,0,93.248037,8.5822765,134.00625,152.11629,147,0.20625,5,8418.5734,134.00625,528885.13
3,1,-5,-1,68.099101,780.72163,444.98987,1,0.56839967,0.83097824,0,177.16795,11.420232,259.01266,278.75429,273,0.21518987,5,17639.937,259.01266,1201390.5
3,1,-5,0,73.559666,779.09393,444.66428,1,0.56610106,0.83233851,1,21.660293,4.4766748,31.847134,43.323461,40,0.12738854,3,2343.4873,31.847134,172448.92
3,1,-5,1,79.180146,780.81466,444.50261,1,0.56859764,0.83097824,1,0,0,0,0,0,0,0,0,0,0
3,1,-4,-6,37.333778,775.10673,446.02159,1,0.5601407,0.83533454,0,50.053286,6.5263197,74.644172,94.724717,89,0.2208589,5,2812.5675,75.435583,104869.31
3,1,-4,-5,41.232391,756.43566,444.89795,1,0.5323944,0.85054896,0,61.51446,6.8197804,98.275,118.70594,113,0.2375,5,4045.0563,98.275,166506.67
3,1,-4,-4,45.808264,740.79305,443.97968,1,0.50809446,0.86324817,0,23.506592,4.7061603,39.9375,63.931641,57,0.2625,5,1827.9375,39.9375,83671.699
3,1,-4,-3,51.065932,728.33387,443.24185,1,0.48806495,0.87328155,0,180.49592,10.385029,322.95652,345.27788,339,0.25465839,5,16500.109,322.95652,843038.23
3,1,-4,-2,56.962562,719.25069,442.66423,1,0.47309659,0.88053194,0,45.435622,5.5689013,84.565217,107.431,101,0.26086957,5,4803.2065,84.565217,272830.68
3,1,-4,-1,63.397786,713.73133,442.23143,1,0.46386022,0.88491564,0,194.99065,10.390664,371.98765,392.9308,387,0.2345679,5,23563.627,371.98765,1492680.4
3,1,-4,0,70.215821,711.91268,441.93331,1,0.4608097,0.88638245,0,0.19455513,2.6783356,0.37423313,26.541722,19,0.28220859,5,499.35583,7.1165644,35039.095
3,1,-4,1,77.223948,713.84361,441.76549,1,0.46410309,0.88491564,1,0,0,0,0,0,0,0,0,0,0
3,1,-3,-8,20.932892,772.11461,446.44483,1,0.55570592,0.83767408,0,50.524229,6.6154726,76.160494,99.444749,93,0.27160494,5,1590.1512,76.160494,33210.593
3,1,-3,-7,23.422934,746.40816,445.01541,1,0.51683747,0.85857614,0,216.78605,11.810656,360.12739,384.94414,378,0.29299363,5,8431.7389,360.12739,197446.36
3,1,-3,-6,26.662964,723.22399,443.83416,1,0.47957371,0.87719895,0,80.517707,7.2310355,147.27673,174.93893,167,0.3081761,5,3943.3711,147.49686,105437.29
3,1,-3,-5,30.790197,702.64722,442.86767,1,0.444808,0.89332493,0,39.106192,5.0918421,78.538462,104.57396,97,0.28846154,5,2418.1218,78.538462,74460.383
3,1,-3,-4,35.939069,684.90394,442.08657,1,0.41361677,0.90676997,0,134.70578,8.3376682,295.31481,334.10825,323,0.42592593,5,10600.702,295.31481,380559.07
3,1,-3,-3,42.20803,670.35475,441.4642,1,0.38725472,0.91738344,0,580.10108,15.859622,1374.225,1411.5427,1401,0.425,5,58024.872,1374.225,2450149.2
3,1,-3,-2,49.606647,659.46059,440.97647,1,0.36708398,0.92504817,0,71.327736,5.8160847,179.74522,214.81237,205,0.41401274,5,8921.5159,179.74522,442832.5
3,1,-3,-1,57.996201,652.70175,440.60292,1,0.35440018,0.92968048,0,492.49518,13.949426,1291.9383,1339.036,1326,0.54938272,5,74865.552,1291.9383,4338474.1
3,1,-3,0,67.061834,650.45144,440.32914,1,0.35016163,0.93123017,0,338.42314,11.505444,900.0125,936.23258,926,0.4125,5,60351.659,900.0125,4047070.6
3,1,-3,1,76.359757,652.84851,440.14933,1,0.3547184,0.92968048,1,0,0,0,0,0,0,0,0,0,0
3,1,-2,-9,7.4828542,764.89168,446.41966,1,0.54499665,0.84349057,0,317.89943,14.710532,492.0125,518.35766,511,0.30625,5,3687.5094,492.0125,27686.826
3,1,-2,-8,8.6666535,735.34751,444.86629,1,0.49926435,0.86742709,0,4.5129027,3.395865,7.8407643,34.810134,27,0.29936306,5,101.8949,12.140127,859.49443
3,1,-2,-7,10.498694,707.82883,443.58792,1,0.45365312,0.88921704,0,143.9127,8.8372078,282.08696,300.05293,295,0.20496894,5,2962.1522,282.08696,31136.065
3,1,-2,-6,13.179845,682.26045,442.54991,1,0.40881814,0.90860936,0,21.383317,3.9917683,47.525,78.709063,70,0.3625,5,673.9,50.825,8937.2141
3,1,-2,-5,16.984382,658.72745,441.7221,1,0.36564107,0.92538645,0,586.86302,15.473243,1485.2683,1533.5538,1520,0.54268293,5,25199.756,1485.2683,427724.57
3,1,-2,-4,22.273032,637.52505,441.07599,1,0.32535017,0.93936422,0,241.35251,9.4038479,696.84277,737.18611,726,0.47798742,5,15508.101,696.84277,345189.43
3,1,-2,-3,29.474004,619.23092,440.58182,1,0.28967494,0.95039204,0,740.7057,15.234349,2430.175,2498.2248,2479,0.775,5,71600.772,2430.175,2109878.2
3,1,-2,-2,38.968286,604.76754,440.20615,1,0.26096785,0.95835273,0,419.53031,10.934102,1540.642,1612.2896,1592,0.80246914,5,59991.228,1540.642,2336175.1
3,1,-2,-1,50.798489,595.34609,439.91256,1,0.24207033,0.96316262,0,93.91957,5.2489637,373.69231,436.17751,418,0.69230769,5,19086.237,376.07692,968677.7
3,1,-2,0,64.287408,592.11722,439.66933,1,0.23557053,0.9647715,0,1.0385052,1.9794569,4.2531646,65.720237,48,0.6835443,5,906.68354,14.101266,58299.229
3,1,-2,1,78.048198,595.56348,439.46332,1,0.24253655,0.96316262,1,0,0,0,0,0,0,0,0,0,0
3,1,-1,-10,-4.9750859,775.43809,447.26039,1,0.5604558,0.83486814,1,0,0,0,0,0,0,0,0,0,0
3,1,-1,-9,-5.3295668,742.84274,445.49874,1,0.51115665,0.86134151,1,0,0,0,0,0,0,0,0,0,0
3,1,-1,-8,-5.3458005,712.03733,444.04774,1,0.46077899,0.8858818,1,0,0,0,0,0,0,0,0,0,0
3,1,-1,-7,-4.8992286,682.72424,442.8704,1,0.4096196,0.90820448,1,0,0,0,0,0,0,0,0,0,0
3,1,-1,-6,-3.7927399,654.69649,441.93745,1,0.35804479,0.9280585,1,0,0,0,0,0,0,0,0,0,0
3,1,-1,-5,-1.6999396,627.85478,441.22484,1,0.30655504,0.94522626,1,1.3482704,1.2027968,4.1572327,13.754321,11,0.10691824,1,-3.1179245,4.1572327,2.3384434
3,1,-1,-4,1.9477136,602.2643,440.71095,1,0.25592225,0.95952367,0,220.2992,7.9515632,825.96296,888.79241,871,0.7037037,5,1572.5154,825.96296,3095.7338
3,1,-1,-3,8.1875672,578.30287,440.37193,1,0.20750411,0.9708001,0,1588.783,18.494505,7433.061,7486.7209,7472,0.62804878,5,60958.32,7433.061,500585.77
3,1,-1,-2,18.919731,557.03204,440.17202,1,0.16399874,0.97893837,0,156.44417,5.3536676,933.84375,1021.251,996,0.95625,5,17632.727,933.84375,333053.16
3,1,-1,-1,36.993451,541.00536,440.04346,1,0.131059,0.9838548,0,204.17472,5.380925,1532.7317,1631.7072,1603,1.0487805,5,56656.954,1532.7317,2094489.1
3,1,-1,0,62.902017,534.81303,439.87296,1,0.11832582,0.9854992,0,101.70415,3.6669689,847.0625,932.75586,908,0.9375,5,53227.906,847.0625,3344844.2
3,2,-5,-2,65.254971,789.57211,513.54461,1,0.56737206,0.80892823,0,9.745364,4.1497428,13.89441,35.004707,29,0.23602484,5,906.89907,13.89441,59196.011
3,2,-5,-1,70.481185,784.56023,512.75702,1,0.56056705,0.81287926,0,198.48607,12.065267,287.825,306.10531,301,0.2125,5,20272.45,287.825,1427888.2
3,2,-5,0,75.947021,782.94988,512.32728,1,0.55840509,0.81420186,1,0,0,0,0,0,0,0,0,0,0
3,2,-5,1,81.551702,784.7542,512.24802,1,0.56096971,0.81287926,1,0,0,0,0,0,0,0,0,0,0
3,2,-4,-6,39.75933,778.56622,513.55047,1,0.55186251,0.81711517,0,36.5292,5.7913768,54.086957,73.530651,68,0.2173913,5,2151.3665,54.086957,85584.405
3,2,-4,-5,43.784948,759.57684,511.43287,1,0.52457654,0.83191515,0,194.29234,11.556742,308.12422,335.90093,328,0.31055901,5,13518.356,308.70186,592004.66
3,2,-4,-4,48.482956,743.69109,509.74356,1,0.50068767,0.84427528,0,245.88398,12.423656,414.61728,438.86725,432,0.27160494,5,20090.377,414.61728,973537.53
3,2,-4,-3,53.849506,731.05962,508.43172,1,0.48101589,0.85404493,0,112.82953,8.3665136,200.32911,220.66408,215,0.24050633,5,10894.66,202.57595,585939.16
3,2,-4,-2,59.83194,721.87271,507.4565,1,0.46634673,0.86110693,0,-0.13954476,2.7048328,-0.25766871,24.944635,18,0.29447853,5,389.22239,6.5337423,23186.792
3,2,-4,-1,66.320283,716.31677,506.78718,1,0.45734505,0.86537761,0,354.55282,13.99995,670.87654,701.74013,693,0.34567901,5,44508.583,671.61728,2949679.3
3,2,-4,0,73.151749,714.52715,506.40414,1,0.45445833,0.86680675,1,20.561296,3.8106913,39.217391,52.827977,49,0.1552795,4,2990.9783,40.956522,218430.02
3,2,-4,1,80.131379,716.55062,506.29974,1,0.4578388,0.86537761,1,0,0,0,0,0,0,0,0,0,0
3,2,-3,-8,23.370264,775.39551,513.84279,1,0.54723735,0.81939038,0,103.58117,8.680239,155.09434,168.92488,165,0.1572327,5,3617.9434,155.09434,84412.844
3,2,-3,-7,26.045535,749.23103,511.08882,1,0.50894415,0.8397273,0,6.0684502,3.6036876,10.012579,35.353348,28,0.27672956,5,291.56918,11.144654,7628.577
3,2,-3,-6,29.49175,725.6646,508.84895,1,0.47221494,0.85786032,0,826.3601,21.602737,1501.2264,1540.1793,1529,0.43396226,5,44244.835,1501.2264,1304193.5
3,2,-3,-5,33.842776,704.77354,507.05475,1,0.43794097,0.87357187,0,405.87234,14.490904,809.60377,835.52047,828,0.28301887,5,27384.332,809.60377,926350.13
3,2,-3,-4,39.224388,686.78113,505.64629,1,0.40719575,0.88667782,0,91.97667,6.8882074,200.28125,224.97676,218,0.28125,5,7952.0844,202.6125,312117.68
3,2,-3,-3,45.718524,672.04942,504.56947,1,0.38123022,0.89702755,0,340.93834,12.271877,802.22152,833.79422,825,0.37341772,5,36686.625,802.22152,1677802.1
3,2,-3,-2,53.309288,661.04376,503.77545,1,0.36140133,0.90450391,0,368.71666,12.368434,922.8125,958.23242,948,0.3875,5,49164.688,922.8125,2619436.5
3,2,-3,-1,61.826949,654.2493,503.22305,1,0.34899723,0.90902319,0,276.99517,10.534516,721.48148,752.8962,744,0.35185185,5,44581.062,721.48148,2754784.8
3,2,-3,0,70.930078,652.04118,502.88359,1,0.34496571,0.9105352,0,3.6235787,2.3004539,9.5644172,36.869622,29,0.29447853,5,869.18098,12.282209,61521.482
3,2,-3,1,80.165371,654.55495,502.74637,1,0.34964442,0.90902319,1,0,0,0,0,0,0,0,0,0,0
3,2,-2,-9,9.9558827,767.95752,513.45153,1,0.5365152,0.82504789,0,158.03952,10.477858,243.03165,259.62069,255,0.19620253,5,2411.9794,243.03165,23964.278
3,2,-2,-8,11.36792,737.88403,510.4421,1,0.49141259,0.84834392,0,164.46723,10.135443,283.92593,306.15181,300,0.25925926,5,3219.4444,283.92593,36536.566
3,2,-2,-7,13.474369,709.90528,508.00057,1,0.44639236,0.86956873,0,163.19836,9.5476674,317.90909,345.9146,338,0.30909091,5,4270.6742,317.90909,57408.794
3,2,-2,-6,16.486167,683.9331,506.05597,1,0.40210705,0.88847125,0,379.35513,13.307174,838.2,864.52,857,0.28484848,5,13816.55,838.2,227852.09
3,2,-2,-5,20.687323,660.04515,504.54689,1,0.35943472,0.90483391,0,10.695265,2.9393179,26.924051,54.750841,47,0.32911392,5,592.33861,28.78481,12194.005
3,2,-2,-4,26.442755,638.53571,503.41555,1,0.31959988,0.9184726,0,120.42749,6.7525212,346.08696,376.57467,368,0.34782609,5,9130.2609,346.08696,240916.33
3,2,-2,-3,34.166649,619.99018,502.60159,1,0.28433015,0.92923668,0,144.74327,6.9315609,473.0443,513.1791,502,0.47468354,5,16185.302,473.0443,553826.07
3,2,-2,-2,44.18449,605.35024,502.03691,1,0.25598103,0.93700899,0,1578.2906,20.862427,5777.2739,5831.7864,5816,0.60509554,5,255358.04,5777.2739,11287559
3,2,-2,-1,56.420739,595.85611,501.64687,1,0.23740139,0.94170586,0,473.46722,11.070221,1878.1139,1928.309,1914,0.56962025,5,105864.21,1878.1139,5967505.9
3,2,-2,0,70.048735,592.68293,501.36645,1,0.23117839,0.94327706,0,0.64749545,1.782775,2.6419753,52.9148,39,0.58641975,5,564.13272,8.0123457,39720.1
3,2,-2,1,83.614303,596.31012,501.1696,1,0.23835237,0.94170586,1,0,0,0,0,0,0,0,0,0,0
3,2,-1,-10,-2.5854901,778.65314,514.87559,1,0.55164771,0.81666163,1,0,0,0,0,0,0,0,0,0,0
3,2,-1,-9,-2.7096737,745.45127,511.43834,1,0.50302143,0.84241915,1,0,0,0,0,0,0,0,0,0,0
3,2,-1,-8,-2.4388374,714.11145,508.64138,1,0.453278,0.86631895,1,0,0,0,0,0,0,0,0,0,0
3,2,-1,-7,-1.6272329,684.31506,506.40874,1,0.4027101,0.88807649,1,1.5871216,1.3112157,3.5,8.3611111,7,0.055555556,1,-2.625,3.5,1.96875
3,2,-1,-6,-0.045161509,655.83736,504.68086,1,0.35167613,0.90744071,1,297.18291,10.89979,766.83019,791.01911,784,0.26415094,4,-22.430818,766.83019,77.065252
3,2,-1,-5,2.6854765,628.56285,503.40946,1,0.30066284,0.92419404,0,22.382316,3.3189463,68.8,104.08,94,0.39375,5,192,68.8,543.3
3,2,-1,-4,7.2168256,602.54112,502.55167,1,0.25041918,0.93815237,0,1477.628,19.955687,5535.679,5589.1392,5574,0.59876543,5,39976.519,5535.679,289222.33
3,2,-1,-3,14.716721,578.13629,502.06051,1,0.20226774,0.94916505,0,265.84708,7.6842538,1247.5185,1300.2702,1285,0.56790123,5,18394.426,1249.2593,270958.86
3,2,-1,-2,27.235651,556.41213,501.86445,1,0.15887064,0.95711495,0,867.66106,12.073827,5227.2174,5290.9149,5273,0.72670807,5,142463.09,5227.2174,3883252.8
3,2,-1,-1,47.46567,540.00606,501.82333,1,0.12593672,0.96191835,0,87.622761,3.5294597,669.27215,726.75513,710,0.62658228,5,31749.552,669.27215,1506273.9
3,2,-1,0,74.470922,533.79136,501.69439,1,0.11346011,0.96352507,1,523.9308,7.8862116,4449.321,4485.1448,4475,0.40123457,2,327646.05,4449.321,24127903
3,2,0,-1,0.36643405,500.07106,502.98322,1,0.045931287,0.96875634,1,722.53056,5.875173,15239.2,15355.12,15322,1.2545455,7,6787.7,15239.2,7325.95
3,3,-5,-1,74.468307,790.23715,588.13672,1,0.54514909,0.78384512,1,21.297965,4.139436,30.623377,35.425198,34,0.051948052,2,2256.3182,30.623377,166245.55
3,3,-5,0,79.944457,788.62264,587.57032,1,0.54314564,0.78510491,1,0,0,0,0,0,0,0,0,0,0
3,3,-4,-6,43.822157,783.71772,588.6714,1,0.53600582,0.78788038,0,4.7288063,3.115964,6.9509202,20.978112,17,0.1595092,5,491.51994,11.294479,21392.27
3,3,-4,-5,48.059948,764.08183,585.31226,1,0.50933807,0.80198963,0,108.65719,8.6056796,171.08861,183.60968,180,0.13924051,5,8277.6044,172.11392,398120.59
3,3,-4,-4,52.962139,747.68307,582.66095,1,0.48597984,0.81378462,0,144.61458,9.7296192,242.16049,265.44475,259,0.27160494,5,12916.145,244.1358,683355.41
3,3,-4,-3,58.51093,734.66706,580.63267,1,0.46675143,0.82311471,0,569.34423,18.261595,1004.0368,1037.1148,1028,0.38650307,5,58761.684,1004.0368,3439167.5
3,3,-4,-2,64.637331,725.22405,579.15977,1,0.45243903,0.82986275,0,25.733318,4.4931677,47.2,67.92,62,0.23125,5,3143.25,48.6,203296.74
3,3,-4,-1,71.215424,719.54254,578.19181,1,0.44370745,0.83394504,0,293.64335,12.780148,551.90062,576.96995,570,0.29192547,5,39314.287,551.90683,2800548.7
3,3,-4,0,78.070822,717.75931,577.69696,1,0.44100228,0.83531139,1,0,0,0,0,0,0,0,0,0,0
3,3,-3,-8,27.461986,780.29417,588.8174,1,0.53119632,0.79004837,0,52.712139,6.4896581,78.398773,93.162445,89,0.16564417,5,2193.6012,80.147239,60049.175
3,3,-3,-7,30.448215,753.21742,584.41282,1,0.4936821,0.80944339,0,348.42625,14.889344,571.28125,595.97676,589,0.28125,5,17385.152,571.28125,529135.87
3,3,-3,-6,34.240806,728.86304,580.85761,1,0.45763599,0.82676009,0,5.9677385,3.0707845,10.78125,30.776367,25,0.21875,5,425.26562,12.4375,14543.684
3,3,-3,-5,38.96806,707.29347,578.037,1,0.42394663,0.84178091,0,284.59326,12.237968,565.08333,590.46528,583,0.27564103,5,22003.396,565.08333,856855.36
3,3,-3,-4,44.741225,688.7287,575.85131,1,0.39368815,0.85432172,0,19.04431,3.5450405,41.327044,59.180768,54,0.19496855,5,1904.6242,42.597484,85166.348
3,3,-3,-3,51.61447,673.53915,574.2111,1,0.36811795,0.8642319,0,223.12227,9.917416,523.825,542.10531,537,0.2125,5,27133.941,525.3125,1401605.5
3,3,-3,-2,59.528984,662.20878,573.03596,1,0.34860643,0.87139428,0,18.477582,3.2404857,46.1875,65.611328,60,0.2125,5,2904.375,48.6875,173259.82
3,3,-3,-1,68.26279,655.24621,572.25813,1,0.33645891,0.87572519,0,295.58173,10.825733,769.33129,793.93741,787,0.27607362,5,52507.771,769.33129,3583813.4
3,3,-3,0,77.429843,653.04472,571.8308,1,0.3326345,0.8771744,1,0,0,0,0,0,0,0,0,0,0
3,3,-2,-9,14.118804,772.49846,587.98058,1,0.52050832,0.79544091,0,369.17342,15.841992,564.17089,586.11124,580,0.25949367,5,7994.1377,564.17089,113322.29
3,3,-2,-8,15.916712,741.37344,583.16004,1,0.47625089,0.81766945,0,141.00765,9.3178194,242.09434,255.92488,252,0.1572327,5,3869.2217,243.26415,61563.893
3,3,-2,-7,18.487885,712.4459,579.27716,1,0.43196269,0.83795236,0,154.67515,9.212939,300.05,319.40562,314,0.225,5,5555.9625,300.05,102917.12
3,3,-2,-6,22.060832,685.5969,576.21288,1,0.3882803,0.85603857,0,112.58657,7.4174416,248.21875,267.42637,262,0.21875,5,5493.4266,248.21875,121610
3,3,-2,-5,26.936899,660.88292,573.86548,1,0.34606291,0.8717105,0,350.38349,11.919354,882.59375,901.44629,896,0.20625,5,23755.633,882.59375,639527.72
3,3,-2,-4,33.489315,638.59031,572.1402,1,0.3065189,0.88478404,0,86.186648,5.7212667,248.78261,272.73724,266,0.27329193,5,8336.1957,248.78261,279353.16
3,3,-2,-3,42.109647,619.31976,570.9383,1,0.27137749,0.89510857,0,620.65261,13.83903,2047.1538,2083.6036,2073,0.40384615,5,86257.878,2047.1538,3634749.7
3,3,-2,-2,53.028621,604.06869,570.14731,1,0.24304234,0.90256691,0,551.36377,12.286795,2047.5556,2081.9588,2072,0.37037037,5,108630.85,2047.5556,5763553.5
3,3,-2,-1,65.964955,594.18514,569.6416,1,0.22448323,0.90707539,0,181.15553,6.8225591,732,760,752,0.3125,5,48267.3,732,3182798.1
3,3,-2,0,79.829831,590.96778,569.31004,1,0.21843897,0.9085838,1,0,0,0,0,0,0,0,0,0,0
3,3,-1,-10,1.4482824,783.52385,590.13928,1,0.53521766,0.78744825,0,85.657133,8.1131186,126.02454,142.48161,138,0.19631902,5,169.09202,126.02454,244.10966
3,3,-1,-9,1.716114,749.13467,584.6156,1,0.48751688,0.8120127,0,28.330472,4.7899396,47.1875,63.651172,59,0.1875,5,81.295312,47.94375,140.34336
3,3,-1,-8,2.4769293,716.71301,580.1503,1,0.43857875,0.83484501,0,332.97732,13.476,633.83019,658.01911,651,0.26415094,5,1555.9827,633.83019,3916.3439
3,3,-1,-7,3.9137969,685.88997,576.61522,1,0.38866805,0.85566064,0,4.3813219,2.4764411,9.6455696,29.723602,24,0.2278481,5,38.131329,10.436709,142.13014
3,3,-1,-6,6.314541,656.39037,573.91166,1,0.33809675,0.87420855,0,190.18301,8.7606212,491.75159,513.11879,507,0.24203822,5,3096.543,491.75159,19559.766
3,3,-1,-5,10.151281,628.03995,571.962,1,0.28727367,0.89027115,0,34.080239,3.7004445,105.61585,131.5106,124,0.27439024,5,1076.5412,105.61585,10987.76
3,3,-1,-4,16.23309,600.80965,570.7007,1,0.23681494,0.90366433,0,128.77793,5.984397,491.40491,521.47905,513,0.33742331,5,7988.023,491.40491,129900.46
3,3,-1,-3,25.987848,574.95094,570.06019,1,0.18781946,0.91423747,0,140.92082,5.5161596,685.95181,720.95892,711,0.37951807,5,17840.169,685.95181,464085.79
3,3,-1,-2,41.817666,551.39581,569.93756,1,0.1426358,0.92187339,0,314.87479,7.037026,2035.0759,2068.5393,2059,0.37974684,5,85104.82,2035.0759,3559313.8
3,3,-1,-1,66.274434,532.90849,570.1045,1,0.10702878,0.92648842,0,441.3255,7.1789648,3820.3086,3861.9132,3850,0.45679012,7,253148.64,3820.3086,16775666
3,3,0,-10,-10.46996,775.87054,589.00595,1,0.52492492,0.79284773,1,0,0,0,0,0,0,0,0,0,0
3,3,0,-4,-10.057729,585.46448,570.50589,1,0.20780162,0.91005825,1,0,0,0,0,0,0,0,0,0,0
3,3,0,-3,-5.4204257,554.73896,570.2518,1,0.1490327,0.92071425,1,0,0,0,0,0,0,0,0,0,0
3,3,0,-2,6.9361361,521.28758,570.89108,1,0.084624603,0.92840937,0,206.83333,4.3951361,2269.1509,2325.0399,2309,0.62264151,8,15875.719,2269.1509,111831.89
3,4,-4,-6,49.700323,788.96934,677.43603,1,0.50854224,0.74932638,0,71.679219,7.3127699,105.61783,116.10524,113,0.12101911,5,5253.6274,105.61783,261341.89
3,4,-4,-5,54.24966,768.18386,672.37345,1,0.48247852,0.76246861,0,90.614779,8.0321303,143.2,161.12,156,0.2,5,7773.6,143.2,422004.85
3,4,-4,-4,59.452548,750.84639,668.40848,1,0.45960015,0.7734724,0,50.581589,5.8250385,85.125,96.100781,93,0.125,5,5057.6562,85.125,300509.8
3,4,-4,-3,65.270378,737.10217,665.40506,1,0.44074572,0.78218711,0,121.97718,8.4940088,216.4717,227.23253,224,0.11949686,5,14122.486,216.4717,921375.29
3,4,-4,-2,71.60962,727.15156,663.25526,1,0.42672395,0.7884956,0,63.427173,6.1590845,117.2,129.52,126,0.1375,5,8391.4,117.2,600832.73
3,4,-4,-1,78.320304,721.19722,661.87907,1,0.41822156,0.79231416,1,0,0,0,0,0,0,0,0,0,0
3,4,-3,-8,33.391779,785.16663,677.39907,1,0.50350676,0.75134426,0,64.257692,6.9839806,95.886792,108.61089,105,0.14465409,5,3200.6226,95.886792,106845.7
3,4,-3,-7,36.83755,756.46939,670.73728,1,0.46671418,0.76942062,0,58.887731,6.426799,97.081761,112.25743,108,0.17610063,5,3601.6918,97.761006,132699.23
3,4,-3,-6,41.145088,730.66244,665.39854,1,0.43119571,0.78559448,0,98.037061,7.6542595,178.6135,194.47077,190,0.17791411,5,7407.6442,179.7546,305286.22
3,4,-3,-5,46.435421,707.78383,661.19851,1,0.39784051,0.79964827,0,339.20871,13.165758,681.8,700.28,695,0.20625,5,31651.65,681.8,1469463.9
3,4,-3,-4,52.798878,688.05457,657.9785,1,0.3677395,0.81139789,0,30.037927,4.1552506,66.277108,84.058499,79,0.19277108,5,3555.7801,67.457831,187438.1
3,4,-3,-3,60.247822,671.87532,655.59641,1,0.3421941,0.82069269,0,102.38395,6.7066824,245.55,258.72094,255,0.15,5,14802.887,245.55,892416.82
3,4,-3,-2,68.656925,659.79,653.92366,1,0.32265272,0.82741552,0,34.904425,4.0621559,89.509434,108.51501,103,0.20754717,5,6395.7657,93.188679,438968.2
3,4,-3,-1,77.721513,652.38505,652.85081,1,0.31052158,0.83148269,1,0,0,0,0,0,0,0,0,0,0
3,4,-2,-9,20.163517,776.7853,675.96309,1,0.49281838,0.75636585,0,42.141013,5.9495335,64.677019,83.378843,78,0.20496894,5,1306.3152,64.677019,26390.278
3,4,-2,-8,22.535699,743.77778,668.6749,1,0.4492863,0.77709991,0,105.67438,8.2297384,182.77778,202.61866,197,0.22222222,5,4123.0648,182.77778,93029.967
3,4,-2,-7,25.804693,713.07046,662.85039,1,0.40544495,0.79606415,0,122.14054,8.1194849,239.81481,254.14952,250,0.15432099,5,6193.4537,239.81481,159978.38
3,4,-2,-6,30.22999,684.47465,658.30001,1,0.36187617,0.81300752,0,141.99224,8.1725068,319.00625,337.11629,332,0.20625,5,9649.6203,319.00625,291932.81
3,4,-2,-5,36.146825,657.98932,654.86554,1,0.31937376,0.82771243,0,67.339407,5.2682865,174.52174,186.4229,183,0.13043478,5,6329.4053,175.13665,228762.92
3,4,-2,-4,43.953092,633.86549,652.40219,1,0.27908697,0.83999477,0,13.434395,2.4670252,40.434783,55.134216,51,0.16770186,5,1776.8913,40.434783,78093.158
3,4,-2,-3,54.020583,612.72399,650.75814,1,0.24274564,0.84970392,0,205.62095,7.7547878,719.75309,736.83829,732,0.19135802,5,38916.79,719.75309,2104320
3,4,-2,-2,66.439078,595.71042,649.7519,1,0.21293577,0.85672271,0,197.19281,7.0902321,793.38272,813.77473,808,0.22839506,5,52718.315,793.38272,3503157.5
3,4,-2,-1,80.572447,584.5335,649.16324,1,0.19314631,0.86096746,1,0,0,0,0,0,0,0,0,0,0
3,4,-1,-10,7.3110917,788.41211,679.13701,1,0.50709615,0.74892424,0,11.363494,3.5966345,16.782609,28.215501,25,0.13043478,5,140.76087,19.304348,1028.8587
3,4,-1,-9,8.1635187,751.92573,670.76209,1,0.46023377,0.77181838,0,1.0567307,2.1815769,1.7721519,13.384874,10,0.12658228,5,32.530063,3.943038,268.37302
3,4,-1,-8,9.6623426,717.5031,664.04467,1,0.41182031,0.7931562,0,59.77241,5.8611374,115.12025,127.42826,124,0.14556962,5,1121.1946,115.66456,10879.77
3,4,-1,-7,12.053871,684.65814,658.78016,1,0.36201944,0.81265317,0,104.74553,6.9512275,235.13043,243.48359,241,0.093167702,5,2855.7391,235.13043,34715.804
3,4,-1,-6,15.729364,652.97485,654.81832,1,0.31097196,0.83005824,0,160.15094,7.8918058,427.48101,443.73882,439,0.17721519,5,6729.769,427.48101,106000.04
3,4,-1,-5,21.341388,622.07515,652.05274,1,0.25878099,0.84515382,0,107.71903,5.9142217,351.8,373.08,367,0.23030303,5,7508.05,351.8,160285.59
3,4,-1,-4,30.041127,591.5779,650.41564,1,0.20547117,0.8577558,0,153.64421,6.1430117,641.4,657.64,653,0.18125,5,19325.65,641.4,582379.99
3,4,-1,-3,43.981086,561.00891,649.88106,1,0.15085501,0.86771356,0,30.10026,2.4731928,173.1358,202.37144,194,0.32098765,6,7625.2685,173.1358,335876.5
3,4,-1,-2,67.37215,529.43408,650.5004,1,0.093906422,0.87490993,0,38.558932,2.1065035,359.24691,385.17711,378,0.30246914,9,24191.843,359.24691,1629277.2
3,4,0,-10,-4.5070478,780.25041,677.35635,1,0.49693435,0.75395063,1,0,0,0,0,0,0,0,0,0,0
3,4,0,-9,-4.8589883,743.37939,669.18719,1,0.4485116,0.7770697,1,0,0,0,0,0,0,0,0,0,0
3,4,0,-8,-4.8183405,708.32401,662.668,1,0.39817223,0.79860878,1,0,0,0,0,0,0,0,0,0,0
3,4,0,-7,-4.2141919,674.50903,657.6099,1,0.34590203,0.81828333,1,0,0,0,0,0,0,0,0,0,0
3,4,0,-6,-2.7464859,641.34807,653.88545,1,0.29152366,0.83584229,1,0,0,0,0,0,0,0,0,0,0
3,4,0,-5,0.16823116,608.10906,651.42967,1,0.234499,0.8510681,1,1.8777196,1.2172071,6.8148148,19.515318,16,0.14814815,5,0.75,8.8765432,2.9930556
3,4,0,-4,5.8661382,573.5333,650.27196,1,0.17328482,0.86377663,0,297.61001,7.7971191,1483.5031,1510.6025,1503,0.31446541,5,8779.5676,1483.5031,52173.329
3,4,0,-3,18.60575,533.93045,650.7364,1,0.10198461,0.87381725,0,7.2383352,1.1172137,62.018987,91.631429,83,0.32278481,8,1222.3117,65.601266,22793.496
3,5,-3,-5,56.924095,700.39674,765.74806,1,0.3502597,0.74954868,0,57.421841,5.4503499,122.88158,136.04046,132,0.14473684,5,6990.4572,122.88158,397689.86
3,5,-3,-4,64.215307,678.16975,761.1032,1,0.31903743,0.76028104,0,73.750134,5.746113,175.75,187.50522,184,0.125,5,11285.587,175.75,724718.88
3,5,-3,-3,72.594418,659.71222,757.74487,1,0.29213865,0.76878464,0,69.96703,5.3457573,184.12346,197.90184,194,0.15432099,5,13378.352,184.12346,972100.64
3,5,-3,-2,81.824074,645.75994,755.45054,1,0.27128675,0.77494233,1,0,0,0,0,0,0,0,0,0,0
3,5,-2,-7,36.083956,706.04239,768.01415,1,0.35762862,0.74627882,0,19.340851,3.3134431,40.359375,47.807578,45,0.0703125,5,1477.6094,40.90625,53378.916
3,5,-2,-6,41.859779,673.7305,761.42485,1,0.31228027,0.76175281,0,13.728188,2.6333821,33.4875,41.26357,39,0.0875,5,1436.1781,34.275,60184.323
3,5,-2,-5,49.511271,643.0567,756.63498,1,0.26676596,0.77521441,0,64.220924,4.8644104,186.6242,199.82198,196,0.14649682,5,9248.4427,186.6242,458347.25
3,5,-2,-4,59.565699,614.0013,753.45358,1,0.22181474,0.7864795,0,175.88317,7.1860077,623.62179,649.18635,642,0.30128205,6,37169.181,623.62179,2215477.8
3,5,-2,-3,72.520384,586.92532,751.68954,1,0.178699,0.79539745,1,38.108841,3.0377507,169.6242,182.82198,179,0.14649682,6,12299.422,169.6242,891874.95
3,5,-1,-7,23.66654,673.7432,762.0375,1,0.3121084,0.76142878,0,90.677199,6.3207618,221.21875,237.78613,233,0.18125,5,5240.7344,221.25,124160.11
3,5,-1,-6,29.498092,636.84896,756.5397,1,0.25711695,0.77736448,0,284.07973,9.8257562,858.88344,882.5106,876,0.27607362,6,25340.233,858.88344,747783.59
3,5,-1,-5,38.453742,598.71089,753.15977,1,0.1974159,0.79121675,0,13.395528,1.9971611,53.6875,64.069727,61,0.1125,6,2073.9141,53.90625,79802.979
3,5,-1,-4,53.320906,555.74452,752.25018,1,0.12795155,0.80280148,0,114.28624,4.3539751,717.06173,746.27191,738,0.32716049,9,38317.67,717.98765,2045206.1
3,5,0,-8,5.6275992,700.47833,767.62032,1,0.34973251,0.74860013,0,135.62402,8.2149832,290.30233,309.20119,303,0.20155039,5,1669.5116,292.23256,9567.1366
3,5,0,-7,7.970224,661.97758,760.34822,1,0.29482879,0.76657926,0,8.9111823,2.1045991,23.169811,29.944227,28,0.075471698,5,182.66981,23.169811,1444.9796
3,5,0,-6,12.056351,622.70483,755.32731,1,0.23518893,0.78266886,0,1.1190253,1.2237694,3.7239264,16.585231,13,0.14723926,6,74.78681,6.202454,902.7987
3,5,0,-5,19.523648,579.86429,752.73259,1,0.16708512,0.79665135,0,236.23998,7.1248627,1126.3774,1154.0218,1146,0.30188679,6,22051.242,1126.3774,431936.86
3,5,0,-4,37.188705,521.18242,754.21434,1,0.071435606,0.80834262,0,442.52036,6.3539777,5007.4198,5169.5514,5123,1.8059401,14,187067.27,5021.7819,6971860.1
3,5,1,-7,-9.4577393,673.39523,762.282,1,0.3115096,0.76142878,1,0,0,0,0,0,0,0,0,0,0
3,5,1,-6,-8.8248061,636.42587,756.79192,1,0.2563903,0.77736448,1,0,0,0,0,0,0,0,0,0,0
3,5,1,-5,-6.8910376,598.15544,753.42939,1,0.19646928,0.79121675,1,0,0,0,0,0,0,0,0,0,0
3,5,1,-4,-1.8994601,554.87131,752.56623,1,0.12648722,0.80280148,1,5.4700409,0.96956097,34.717791,37.868079,37,0.036809816,2,-26.144172,34.858896,19.608129
3,-4,1,-1,9.2411257,454.5352,105.38601,1,0.03840602,0.87926122,0,322.85296,3.7851411,7391.3438,7509.3334,7476,1.34375,19,67197.158,7395.6438,621696.52
3,-3,1,0,18.10014,425.68969,184.08117,1,0.093312021,0.92803234,0,47.638837,2.2916908,473.79085,519.47311,506,0.50326797,7,8579.8562,473.79085,155469.28
3,3,1,0,14.90882,426.66345,577.86725,1,0.092110017,0.92803234,0,49.646742,2.3170034,500.20382,544.9615,532,0.49681529,7,7428.0987,500.20382,110422.12
3,4,1,-2,43.254165,423.09879,662.33359,1,0.092307561,0.87490993,0,38.195462,2.1100923,362.02439,399.99544,387,0.3902439,9,15718.843,364.26829,678394.5
3,4,1,-1,-2.8668415,467.53357,655.61004,1,0.016488393,0.87926122,1,23.278325,0.71999582,1241.3417,1474.1414,1408,2.6453706,16,-477.08696,1344.3478,445.28261
3,5,0,-4,73.994531,431.21833,767.81075,1,0.071435606,0.80834262,1,262.10701,4.8868181,2965.9196,3057.8335,3027,0.9543807,7,217777.31,2973.644,15949901
4,-1,1,3,-0.65104605,350.19622,259.9221,0,0.041980519,0.9708001,0,1730.1471,8.6667913,40009.677,40168.045,40122,1.7018634,9,-25435.506,40009.677,39344.869
4,-1,1,4,-4.1167411,375.79847,240.64339,0,0.08961901,0.95952367,1,103.98425,3.1617105,1113.328,1145.9227,1135,0.344,3,-4099.312,1113.328,15135.227
4,1,-1,-1,13.823908,351.77175,468.23954,0,0.04534233,0.9838548,0,215.67356,3.1962287,4679.7654,4809.8334,4773,1.4567901,7,64600.67,4679.7654,893103.07
4,1,-1,0,-4.8438368,377.06455,452.6574,0,0.094268161,0.9854992,1,1.1326257,0.55792038,11.840708,34.019422,26,0.22123894,1,-44.402655,11.840708,166.50996
4,-6,0,1,19.319796,9.0270407,120.42371,0,0.52789918,0.76472482,0,121.42467,9.5134231,175.89809,189.92495,186,0.1656051,5,3409.5334,176.61783,65825.386
4,-6,0,2,22.345027,18.457096,98.295471,0,0.50679026,0.76109153,0,26.031471,4.5852791,39.09375,47.418609,45,0.09375,5,866.92656,39.09375,19230.565
4,-6,0,3,25.317877,25.826245,74.536648,0,0.48751741,0.75509184,1,-0.44914079,1.1419868,-0.69565217,3.1285383,2,0.043478261,2,39.968944,1.6149068,989.23137
4,-6,0,4,28.206805,31.099113,48.804675,0,0.47012844,0.74680943,1,0,0,0,0,0,0,0,0,0,0
4,-6,0,5,30.975526,34.240148,20.680559,0,0.45458182,0.73636147,1,0,0,0,0,0,0,0,0,0,0
4,-6,1,-1,2.8092725,5.5534354,112.19175,0,0.52917772,0.75959238,0,-2.6023998,2.3093476,-3.7355372,10.988457,6,0.15702479,5,1.2045455,0.43801653,3.3125
4,-6,1,0,5.3015932,23.155136,91.518801,0,0.49786223,0.76079721,0,-0.48979291,2.2024697,-0.74846626,11.327637,8,0.14110429,5,24.076687,4.5766871,126.68482
4,-6,1,1,7.7781012,39.258965,69.413539,0,0.46740681,0.75959238,0,-0.79994069,1.7037971,-1.3,7.6666719,5,0.1,5,26.503125,3.2125,219.45391
4,-6,1,2,10.22409,53.938507,45.581933,0,0.43795269,0.7559946,0,9.7455508,2.9237099,16.822785,25.471326,23,0.10126582,5,186.4557,18.367089,1895.0087
4,-6,1,3,12.619313,67.261624,19.673854,0,0.4095933,0.75005411,0,11.164405,3.1048744,20.444444,32.32716,29,0.13580247,5,279.13889,22.333333,3490.7014
4,-6,2,-1,-9.7712277,19.70916,56.216369,0,0.48811421,0.74449651,1,0,0,0,0,0,0,0,0,0,0
4,-6,2,0,-8.3084303,42.592967,33.858588,0,0.44878714,0.74566583,1,0,0,0,0,0,0,0,0,0,0
4,-6,2,1,-7.0057163,64.995296,9.5398252,0,0.40888487,0.74449651,1,0,0,0,0,0,0,0,0,0,0
4,-5,-1,-2,22.212992,14.554742,272.43967,0,0.56813977,0.81859926,0,673.44625,21.938844,970.32919,999.21697,991,0.32298137,5,21562.821,971.1118,478810.35
4,-5,-1,-1,26.255434,25.862716,255.20398,0,0.5485498,0.82261147,1,0,0,0,0,0,0,0,0,0,0
4,-5,-1,0,30.324694,34.879368,237.56288,0,0.5313329,0.82395446,1,0,0,0,0,0,0,0,0,0,0
4,-5,-1,1,34.383394,41.547407,219.35121,0,0.51675873,0.82261147,1,0,0,0,0,0,0,0,0,0,0
4,-5,0,-3,9.603714,21.375223,248.95097,0,0.55333106,0.81759205,0,76.776133,7.7486696,113.44304,131.08636,126,0.19620253,5,1118.0633,115.49367,10830.282
4,-5,0,-2,13.259768,37.846094,231.98546,0,0.52558855,0.82428247,0,165.06342,10.644912,258.86957,278.70483,273,0.2173913,5,3445.0373,260.31056,45599.226
4,-5,0,-1,17.02055,52.332136,214.58711,0,0.49954181,0.82833019,0,362.1718,15.09179,600.54601,626.24574,619,0.28834356,5,10259.742,603.86503,174356.88
4,-5,0,0,20.876079,64.789632,196.59422,0,0.47557518,0.82968502,0,-0.22211487,2.4501405,-0.3875,18.271328,13,0.2125,5,48.801563,2.24375,1061.434
4,-5,0,1,24.806678,75.139085,177.83707,0,0.45405507,0.82833019,1,318.48272,13.356111,581.00629,593.67667,590,0.13836478,3,14368.085,581.00629,355326.33
4,-5,0,2,28.780852,83.276098,158.13139,0,0.43530599,0.82428247,1,0,0,0,0,0,0,0,0,0,0
4,-5,0,3,32.754066,89.085071,137.2699,0,0.41957982,0.81759205,1,0,0,0,0,0,0,0,0,0,0
4,-5,1,-4,-3.8791086,11.435671,222.84424,0,0.55998897,0.80280148,1,107.92979,8.9542138,154.7284,164.78296,162,0.11728395,3,-579.48457,154.7284,2170.8742
4,-5,1,-3,-0.99533559,32.86117,206.05297,0,0.52536068,0.81196804,0,260.1145,13.308306,402.0184,423.06617,417,0.22699387,5,-401.08589,404.30675,423.41948
4,-5,1,-2,1.9657951,52.671685,188.77038,0,0.49136131,0.81859926,0,652.88289,20.089957,1087.6914,1120.2084,1111,0.36419753,5,2147.4167,1087.6914,4313.2955
4,-5,1,-1,5.0122728,70.931564,170.82511,0,0.45831354,0.82261147,0,179.74181,10.423182,322.6125,349.99734,342,0.29375,5,1640.0781,325.1625,8292.0414
4,-5,1,0,8.1504113,87.658069,152.03744,0,0.4265564,0.82395446,0,431.21267,15.167693,832.94872,858.40565,851,0.28205128,5,6807.8269,832.94872,55691.213
4,-5,1,1,11.383332,102.82401,132.21346,0,0.3964424,0.82261147,0,155.47111,8.8858555,322.6,339.96,335,0.19375,5,3666.75,322.6,41703.562
4,-5,1,2,14.708731,116.36107,111.13834,0,0.36832932,0.81859926,0,670.48674,17.53869,1490.1338,1519.3731,1511,0.33121019,5,21942.068,1490.1338,323215.26
4,-5,1,3,18.115826,128.16585,88.567802,0,0.34256337,0.81196804,0,265.33119,10.731693,628.90683,647.04209,642,0.21118012,5,11394.009,628.90683,206495.01
4,-5,1,4,21.581631,138.11144,64.216497,0,0.31945067,0.80280148,0,125.62683,7.3243764,315.70886,338.80516,332,0.24683544,5,6813.0791,315.70886,147071.31
4,-5,1,5,25.067105,146.06699,37.741535,0,0.29921461,0.79121675,1,5.3398592,1.6126513,14.120253,18.184706,17,0.044303797,2,347.88766,14.120253,8571.6958
4,-5,1,6,28.514326,151.92708,8.7184583,0,0.28194032,0.77736448,1,0,0,0,0,0,0,0,0,0,0
4,-5,2,-3,-13.215356,35.159618,158.77706,0,0.50668022,0.79539745,1,0,0,0,0,0,0,0,0,0,0
4,-5,2,-2,-11.334918,58.675536,140.81649,0,0.4666452,0.8018511,1,0,0,0,0,0,0,0,0,0,0
4,-5,2,-1,-9.5179915,81.272244,121.88852,0,0.42641745,0.80575676,1,0,0,0,0,0,0,0,0,0,0
4,-5,2,0,-7.7863858,103.17336,101.76494,0,0.38606679,0.80706423,1,0,0,0,0,0,0,0,0,0,0
4,-5,2,1,-6.1729081,124.62388,80.181762,0,0.34559861,0.80575676,1,0,0,0,0,0,0,0,0,0,0
4,-5,2,2,-4.7283532,145.92617,56.822866,0,0.30491122,0.8018511,1,10.407834,2.0710662,27.37037,29.663923,29,0.024691358,1,-102.63889,27.37037,384.89583
4,-5,2,3,-3.5351568,167.50579,31.294721,0,0.26371295,0.79539745,1,39.349368,3.7022836,118.68354,124.6938,123,0.069620253,3,-411.11392,118.68354,1436.057
4,-4,-2,-5,19.08133,10.072801,401.54839,0,0.58577789,0.82771243,0,82.935251,8.262269,117.18868,136.29868,131,0.22641509,5,2249.0314,117.87421,42920.861
4,-4,-2,-4,23.832437,24.782852,384.34369,0,0.56566404,0.83999477,1,14.346641,4.2781213,21.304348,40.359168,35,0.2173913,5,522.96739,22.217391,12314.389
4,-4,-2,-3,28.695057,37.105962,367.51554,0,0.54763811,0.84970392,1,0,0,0,0,0,0,0,0,0,0
4,-4,-2,-2,33.634417,47.017363,350.89731,0,0.53213263,0.85672271,1,0,0,0,0,0,0,0,0,0,0
4,-4,-1,-6,7.5368008,12.396708,379.0148,0,0.58298038,0.83005824,0,190.3422,11.971094,271.01274,290.52059,285,0.22929936,5,2065.3503,273.12102,15637.631
4,-4,-1,-5,11.88722,31.717442,362.16752,0,0.55531984,0.84515382,0,112.09506,9.207335,170.6,196.36,189,0.2875,5,2011.05,170.6,23714.062
4,-4,-1,-4,16.431031,48.872127,345.68242,0,0.52898635,0.8577558,0,170.50072,10.525087,276.46835,291.26598,287,0.16455696,5,4513.0854,276.46835,73689.836
4,-4,-1,-3,21.169128,63.859163,329.39111,0,0.50448654,0.86771356,0,36.668017,5.4125171,63.06875,86.66668,80,0.26875,5,1386.2656,65.4,29388.012
4,-4,-1,-2,26.090011,76.622183,313.14158,0,0.48234303,0.87490993,1,0,0,0,0,0,0,0,0,0,0
4,-4,-1,-1,31.165268,87.061648,296.79269,0,0.46307485,0.87926122,1,0,0,0,0,0,0,0,0,0,0
4,-4,0,-6,-0.96696207,22.138506,339.61243,0,0.56760797,0.83584229,0,101.35344,8.8854208,149.25,171.20156,165,0.25,5,-141.70937,149.25,147.925
4,-4,0,-5,2.8429808,43.836952,323.34353,0,0.53448854,0.8510681,0,4.0036332,3.2597494,6.375,26.941406,21,0.225,5,23.554688,7.21875,79.310547
4,-4,0,-4,6.8551336,63.659414,307.25201,0,0.50215235,0.86377663,0,344.83877,14.435446,593.17391,616.58412,610,0.26708075,5,4026.8804,593.17391,27362.791
4,-4,0,-3,11.094545,81.631143,291.17838,0,0.47108068,0.87381725,0,9.596098,2.8465647,17.8,27.88,25,0.1125,5,206.3,18.4,2313.35
4,-4,0,-2,15.582689,97.708986,274.97554,0,0.44180583,0.88107282,0,137.94412,8.6295994,275.09554,296.17064,290,0.22929936,5,4300.1863,275.16561,67228.555
4,-4,0,-1,20.332548,111.78365,258.50449,0,0.41491025,0.88545963,0,53.213318,5.4997416,113.5625,137.75703,131,0.28125,5,2339.3219,115.4375,47409.684
4,-4,0,0,25.341396,123.68497,241.63043,0,0.3910138,0.88692748,1,9.5108199,2.431938,21.573171,30.429655,28,0.10365854,2,530.8811,21.573171,13065.226
4,-4,0,1,30.581683,133.19428,224.2188,0,0.3707421,0.88545963,1,0,0,0,0,0,0,0,0,0,0
4,-4,1,-6,-10.748387,22.099301,299.49745,0,0.56269617,0.83005824,1,0,0,0,0,0,0,0,0,0,0
4,-4,1,-5,-7.7471357,46.190518,283.53662,0,0.52500692,0.84515382,1,0,0,0,0,0,0,0,0,0,0
4,-4,1,-4,-4.6177578,68.714363,267.56799,0,0.48741151,0.8577558,1,3.4272,1.6832961,6.03125,8.7751953,8,0.03125,1,-22.617188,6.03125,84.814453
4,-4,1,-3,-1.332123,89.778005,251.43113,0,0.45026813,0.86771356,0,37.773647,4.9175412,72.79375,89.806211,85,0.19375,5,-95.526562,74.51875,125.22305
4,-4,1,-2,2.1431868,109.42649,234.9724,0,0.41398164,0.87490993,0,34.206918,4.6238054,72.292994,95.491257,89,0.27388535,5,167.93312,75.452229,375.16799
4,-4,1,-1,5.8472355,127.63846,218.04087,0,0.37901926,0.87926122,0,383.29144,13.084141,889.17197,921.30569,912,0.3566879,5,5196.1959,889.80255,30384.476
4,-4,1,0,9.8240117,144.31748,200.4852,0,0.34592802,0.88071723,0,509.76202,14.355005,1297.8312,1335.6977,1325,0.43125,5,12737.067,1297.8312,125059.31
4,-4,1,1,14.119294,159.28058,182.15119,0,0.31535071,0.87926122,0,373.86336,11.777831,1042.4062,1078.3975,1068,0.39375,5,14747.18,1042.4062,208714.9
4,-4,1,2,18.772885,172.24835,162.87949,0,0.28803081,0.87490993,0,42.297486,3.9606652,128.48101,144.73882,140,0.17721519,5,2411.6076,128.48101,45282.448
4,-4,1,3,23.803452,182.84638,142.50243,0,0.26478824,0.86771356,1,30.956409,3.3810615,101.44444,122.76132,117,0.25925926,5,2411.25,101.44444,57329.6
4,-4,1,4,29.184789,190.63443,120.8374,0,0.24643839,0.8577558,1,0,0,0,0,0,0,0,0,0,0
4,-4,1,5,34.819,195.17937,97.673035,0,0.23363357,0.84515382,1,0,0,0,0,0,0,0,0,0,0
4,-4,2,-2,-13.441409,110.9082,191.57332,0,0.40077068,0.85672271,1,0,0,0,0,0,0,0,0,0,0
4,-4,2,-1,-11.562732,133.40663,173.83202,0,0.35826061,0.86096746,1,0,0,0,0,0,0,0,0,0,0
4,-4,2,0,-9.7557116,155.41773,155.15828,0,0.31571813,0.86238795,1,0,0,0,0,0,0,0,0,0,0
4,-4,2,1,-8.0571679,177.1535,135.32709,0,0.27318936,0.86096746,1,0,0,0,0,0,0,0,0,0,0
4,-4,2,2,-6.5319428,198.8857,114.07416,0,0.23060931,0.85672271,1,0,0,0,0,0,0,0,0,0,0
4,-4,2,3,-5.3039717,221.03135,91.073534,0,0.18767579,0.84970392,1,0,0,0,0,0,0,0,0,0,0
4,-4,2,4,-4.645529,244.38913,65.889554,0,0.14349111,0.83999477,1,1.3341556,0.59841781,7.8101266,12.271912,11,0.050632911,2,-29.28481,7.8101266,109.80775
4,-4,2,5,-5.3434587,271.0737,37.820721,0,0.095125303,0.82771243,1,3.7489998,0.75383523,32.621118,43.024883,40,0.11180124,2,-118.87888,32.621118,434.5823
4,-3,-3,-7,15.707683,11.221396,515.59934,0,0.56713243,0.80944339,0,380.3495,16.659396,542.85625,565.3566,559,0.25625,5,8509.3953,542.85625,133420.18
4,-3,-3,-6,21.095803,27.508013,495.55173,0,0.54919216,0.82676009,0,6.4786855,3.4315904,9.7530864,26.68709,22,0.19753086,5,227.66975,10.728395,4832.4298
4,-3,-3,-5,26.658879,41.25117,476.61688,0,0.53303085,0.84178091,1,0,0,0,0,0,0,0,0,0,0
4,-3,-3,-4,32.361157,52.460574,458.54861,0,0.51916951,0.85432172,1,0,0,0,0,0,0,0,0,0,0
4,-3,-2,-8,4.7963685,13.865727,491.07028,0,0.56916909,0.81766945,0,159.94533,10.93941,229.77778,246.97942,242,0.18518519,5,1092.7407,230.88889,5181.1898
4,-3,-2,-7,9.7521699,34.765287,471.55643,0,0.54340988,0.83795236,0,151.82133,10.379127,234.1125,256.15641,250,0.25625,5,2272.6594,234.1125,22071.095
4,-3,-2,-6,14.977874,53.314932,453.13266,0,0.51862681,0.85603857,0,126.3839,9.1927873,208.60759,230.2349,224,0.24050633,5,3110.2722,208.60759,46390.297
4,-3,-2,-5,20.483138,69.549759,435.55003,0,0.49540593,0.8717105,0,351.3448,14.411271,618.22222,643.02332,636,0.27777778,5,12629.722,618.22222,258070.38
4,-3,-2,-4,26.261485,83.435788,418.59959,0,0.47436516,0.88478404,1,0,0,0,0,0,0,0,0,0,0
4,-3,-2,-3,32.283061,94.884365,402.10279,0,0.45613687,0.89510857,1,0,0,0,0,0,0,0,0,0,0
4,-3,-1,-8,-2.3765384,25.320807,449.20463,0,0.56038292,0.83484501,0,385.23863,16.450013,573.91925,600.58489,593,0.29813665,5,-1367.2329,575.70186,3279.4379
4,-3,-1,-7,2.0926883,48.34158,431.06208,0,0.52872492,0.85566064,0,9.8074086,3.6234195,15.871795,34.38593,29,0.20512821,5,37.711538,15.871795,93.671474
4,-3,-1,-6,6.8594132,69.302984,413.76384,0,0.49754573,0.87420855,0,200.85286,11.047663,352.90683,376.7948,370,0.26708075,5,2430.6227,357.47205,16540.46
4,-3,-1,-5,11.965619,88.255544,397.09178,0,0.46740702,0.89027115,0,39.166893,5.1151676,74.601266,94.92353,89,0.22151899,5,888.60601,74.71519,10579.056
4,-3,-1,-4,17.448721,105.16569,380.85994,0,0.438943,0.90366433,0,140.38404,8.6121191,289.01258,314.35335,307,0.27672956,5,5012.8758,289.01258,86972.438
4,-3,-1,-3,23.333121,119.91902,364.90705,0,0.4128655,0.91423747,0,113.01246,7.4708529,250.25153,273.67884,267,0.25766871,5,5812.3512,250.25153,135006.16
4,-3,-1,-2,29.617387,132.32686,349.09112,0,0.38995454,0.92187339,1,0,0,0,0,0,0,0,0,0,0
4,-3,0,-8,-10.746076,26.845408,409.46929,0,0.56196408,0.84067067,1,0,0,0,0,0,0,0,0,0,0
4,-3,0,-7,-7.0088158,51.902326,392.28831,0,0.52556174,0.86166389,1,0,0,0,0,0,0,0,0,0,0
4,-3,0,-6,-3.025758,75.177574,375.74842,0,0.48903445,0.8803657,1,430.77397,15.656276,775.48447,794.37263,789,0.21118012,4,-2373.2034,775.48447,7318.0516
4,-3,0,-5,1.2590286,96.784669,359.64998,0,0.4528327,0.89655852,0,112.60732,8.0445939,222.95,253.68219,245,0.35,5,276.74687,222.95,349.25625
4,-3,0,-4,5.9118978,116.75456,343.81914,0,0.4174825,0.91005825,0,1123.0937,22.871528,2448.2,2485.72,2475,0.41875,5,14333.55,2448.2,84070.812
4,-3,0,-3,11.008826,135.02906,328.10167,0,0.38361244,0.92071425,0,326.20104,11.89703,782.92025,815.34518,806,0.34969325,5,8625.3896,783.37423,95023.593
4,-3,0,-2,16.630493,151.44896,312.35885,0,0.3519835,0.92840937,0,235.34263,9.7002689,620.75155,654.63913,645,0.37888199,5,10410.402,624.68944,173511.93
4,-3,0,-1,22.849134,165.74104,296.46504,0,0.32351297,0.93305991,0,138.55166,7.2075205,399.60377,432.12306,423,0.37735849,5,9092.4355,399.60377,206899.72
4,-3,0,0,29.701863,177.51405,280.30619,0,0.29927195,0.93461567,1,0,0,0,0,0,0,0,0,0,0
4,-3,1,-5,-11.000294,94.662749,321.86351,0,0.4536456,0.89027115,1,0,0,0,0,0,0,0,0,0,0
4,-3,1,-4,-7.6850728,117.34052,306.17852,0,0.41290101,0.90366433,1,0,0,0,0,0,0,0,0,0,0
4,-3,1,-3,-4.1045464,138.84786,290.43708,0,0.37251241,0.91423747,1,24.864935,3.3576067,61.024691,67.90413,66,0.080246914,2,-232.26852,61.938272,871.00694
4,-3,1,-2,-0.17190742,159.18667,274.49143,0,0.33296156,0.92187339,0,356.3801,11.601184,986.7125,1031.7132,1019,0.5125,5,-201.39219,987.98125,72.723828
4,-3,1,-1,4.2325543,178.26118,258.20035,0,0.29487002,0.92648842,0,462.82597,12.326212,1454.2099,1499.9541,1487,0.51234568,5,6180.6574,1454.2099,26315.45
4,-3,1,0,9.2724083,195.83647,241.42905,0,0.25907664,0.92803234,0,61.449837,4.5025019,220.11801,260.12226,249,0.46583851,5,2048.545,221.50932,18954.124
4,-3,1,1,15.160852,211.47445,224.05222,0,0.22674657,0.92648842,0,449.52105,10.59218,1836.7468,1873.1357,1863,0.43037975,5,27906.32,1836.7468,424152.39
4,-3,1,2,22.139253,224.4568,205.96074,0,0.19948622,0.92187339,0,343.02548,8.7196448,1585.2025,1623.7319,1613,0.4556962,5,35096.063,1585.2025,777212.74
4,-3,1,3,30.378761,233.75757,187.06862,0,0.17933913,0.91423747,1,0,0,0,0,0,0,0,0,0,0
4,-2,-5,-6,28.987874,10.65719,634.24324,0,0.52941916,0.76834595,1,0,0,0,0,0,0,0,0,0,0
4,-2,-4,-9,7.6371352,7.6634584,651.10739,0,0.52678746,0.76008459,0,12.709432,3.7667643,18.338028,29.538599,26,0.11971831,5,149.09859,19.690141,1132.5123
4,-2,-4,-8,13.571095,25.470529,624.13551,0,0.51337199,0.78096557,0,192.17767,11.520465,292.34969,307.14219,303,0.17177914,5,3971.2807,292.34969,53971.315
4,-2,-4,-7,19.748321,40.509217,599.56622,0,0.50111477,0.80005945,0,218.73426,12.019873,349.22222,368.27298,363,0.22222222,5,6878.4784,349.22222,135527.15
4,-2,-4,-6,26.140311,52.850367,576.92895,0,0.49061469,0.81711517,1,0,0,0,0,0,0,0,0,0,0
4,-2,-4,-5,32.693666,62.513647,555.84907,0,0.48243783,0.83191515,1,0,0,0,0,0,0,0,0,0,0
4,-2,-3,-10,-2.5025791,9.5572771,620.11784,0,0.53619016,0.77314254,0,303.59072,14.788209,437.75309,454.68709,450,0.19753086,5,-1112.4691,437.75309,2871.3904
4,-2,-3,-9,2.8862837,32.326775,594.23045,0,0.51448216,0.79710062,0,70.60019,7.3527912,109.38272,129.77473,124,0.22839506,5,319.33025,112.7037,910.61188
4,-2,-3,-8,8.6088214,52.467554,570.65639,0,0.49311838,0.81939038,0,96.293568,8.0317864,160.00625,178.11629,173,0.20625,5,1391.8688,161.3375,12016.19
4,-2,-3,-7,14.691056,70.088347,548.93217,0,0.47274783,0.8397273,0,11.967596,3.4592026,21.257669,37.754564,33,0.17791411,5,369.96472,25.306748,5409.9927
4,-2,-3,-6,21.141872,85.207416,528.68842,0,0.45405761,0.85786032,0,841.47442,21.409211,1589.8148,1636.1102,1623,0.51851852,5,33569.67,1589.8148,708967.75
4,-2,-3,-5,27.942819,97.772119,509.62596,0,0.43776057,0.87357187,1,0,0,0,0,0,0,0,0,0,0
4,-2,-2,-10,-8.2813584,21.865962,568.6638,0,0.53742647,0.79996516,1,0,0,0,0,0,0,0,0,0,0
4,-2,-2,-9,-3.3953514,46.723104,545.6141,0,0.50893569,0.82504789,1,163.9764,10.321626,265.82609,279.9811,276,0.16149068,4,-894.02174,265.82609,3023.0707
4,-2,-2,-8,1.8540867,69.266529,524.41161,0,0.48033581,0.84834392,0,195.34395,10.789365,345.00625,363.11629,358,0.20625,5,624.65469,345.00625,1155.9473
4,-2,-2,-7,7.5295437,89.614984,504.67827,0,0.4522357,0.86956873,0,164.67159,9.5599756,316.63415,337.90274,332,0.24390244,5,2379.372,316.63415,17913.976
4,-2,-2,-6,13.69192,107.78327,486.10791,0,0.42532525,0.88847125,0,401.49109,14.168638,838.68354,875.99295,865,0.39873418,5,11474.816,838.68354,157047.85
4,-2,-2,-5,20.389939,123.68851,468.44841,0,0.40038853,0.90483391,0,8.8804114,2.9240706,20.06875,43.66668,37,0.26875,5,410.34531,20.06875,8392.9637
4,-2,-2,-4,27.642533,137.15777,451.48928,0,0.37830353,0.9184726,1,0,0,0,0,0,0,0,0,0,0
4,-2,-1,-9,-10.961834,51.073018,502.20124,0,0.51331323,0.84241915,1,0,0,0,0,0,0,0,0,0,0
4,-2,-1,-8,-6.4642756,75.824202,482.67551,0,0.47878548,0.86631895,1,0,0,0,0,0,0,0,0,0,0
4,-2,-1,-7,-1.5714842,98.723464,464.33887,0,0.44408373,0.88807649,0,253.38707,11.534915,506.72222,532.10802,525,0.29012346,5,-824.08333,508.22222,1378.4028
4,-2,-1,-6,3.812615,119.847,446.92602,0,0.40977682,0.90744071,0,311.01755,12.153059,688.74074,724.29081,714,0.38271605,5,2589.0926,688.74074,9760.3056
4,-2,-1,-5,9.8010342,139.16628,430.21482,0,0.37655112,0.92419404,0,13.282456,3.112565,32.6,58.36,51,0.2875,5,346.3,36,3333.85
4,-2,-1,-4,16.517588,156.53543,414.01644,0,0.34525309,0.93815237,0,0.081522063,2.0750966,0.22151899,31.794224,23,0.37341772,5,52.582278,3.1392405,880.75316
4,-2,-1,-3,24.077351,171.67478,398.16889,0,0.31693084,0.94916505,1,-0.37123586,1.3310144,-1.1118012,15.889858,11,0.1863354,4,50.802795,2.1552795,1197.613
4,-2,-1,-2,32.543374,184.16233,382.53322,0,0.29285055,0.95711495,1,0,0,0,0,0,0,0,0,0,0
4,-2,0,-7,-12.057321,97.125673,426.15977,0,0.4509755,0.89434622,1,0,0,0,0,0,0,0,0,0,0
4,-2,0,-6,-7.9074859,120.68698,409.52219,0,0.41112459,0.91386435,1,0,0,0,0,0,0,0,0,0,0
4,-2,0,-5,-3.3012916,142.91724,393.4104,0,0.3713251,0.9307479,1,-0.33835294,1.266615,-0.84810127,10.079635,7,0.12658228,4,-8.6139241,2.6835443,28.933544
4,-2,0,-4,1.9158037,163.81511,377.6468,0,0.33215031,0.94481277,0,0.70310292,1.147588,2,10.656,8,0.09375,5,4.25,2.6,7.3625
4,-2,0,-3,7.955505,183.25652,362.0745,0,0.29436234,0.95590833,0,10.34912,2.4596801,33.607595,63.800673,55,0.32911392,5,312.98576,38.71519,2532.4197
4,-2,0,-2,15.098453,200.9422,346.55463,0,0.25902265,0.96391741,0,303.9665,9.2391178,1131.1698,1182.1298,1168,0.60377358,5,17144.333,1131.1698,259897.23
4,-2,0,-1,23.679839,216.31924,330.96714,0,0.22764409,0.96875634,0,820.22505,14.00484,3490.5287,3551.9977,3534,0.66878981,5,82713.658,3490.5287,1960135.2
4,-2,0,0,33.988375,228.50158,315.21528,0,0.2023287,0.97037489,1,0,0,0,0,0,0,0,0,0,0
4,-2,1,-3,-11.093263,180.46727,325.6869,0,0.29803622,0.94916505,1,0,0,0,0,0,0,0,0,0,0
4,-2,1,-2,-7.2480271,202.27875,310.02784,0,0.25423053,0.95711495,1,0,0,0,0,0,0,0,0,0,0
4,-2,1,-1,-2.6653941,223.26612,294.10869,0,0.21137391,0.96191835,0,86.833102,4.7041176,395.15924,458.27904,440,0.70063694,5,-1070.0717,398.38854,2891.8802
4,-2,1,0,3.1602485,243.13166,277.79425,0,0.17047969,0.96352507,0,5426.0018,31.052817,30666.931,30802.274,30763,1.4779874,5,98705.154,30666.931,319624.25
4,-2,1,1,11.212045,261.07892,260.97255,0,0.13349086,0.96191835,0,93.906005,3.7688332,676.67485,737.5427,720,0.65644172,5,7605.1288,676.67485,85556.295
4,-2,1,2,23.299189,275.1673,243.59871,0,0.10447449,0.95711495,0,906.09686,9.9851546,8300.9625,8367.9148,8349,0.7625,5,192756,8300.9625,4477255.9
4,-1,-6,-6,30.128414,24.430439,747.66557,0,0.46576357,0.72928717,1,0,0,0,0,0,0,0,0,0,0
4,-1,-5,-9,6.7688358,44.647935,763.32964,0,0.43310427,0.73119484,0,67.832069,6.7637632,114.51852,130.39415,126,0.18518519,5,770.69136,114.51852,5197.8364
4,-1,-5,-8,13.891801,56.543351,729.81165,0,0.43018441,0.75090503,0,1.1813589,2.4705487,2.0621118,18.597199,14,0.19254658,5,73.436335,5.2236025,1033.255
4,-1,-5,-7,21.268301,65.75285,699.79602,0,0.42869792,0.76896586,0,155.27035,9.5911066,278.5122,295.97076,291,0.19512195,5,5893.0061,278.5122,124728.88
4,-1,-5,-6,28.822316,72.293028,672.59915,0,0.42924498,0.78512626,1,0,0,0,0,0,0,0,0,0,0
4,-1,-4,-11,-9.7231902,32.932418,756.73664,0,0.45107703,0.7291498,1,0,0,0,0,0,0,0,0,0,0
4,-1,-4,-10,-3.6245134,53.908236,721.42843,0,0.43704314,0.75350913,1,30.681817,4.4928073,52.898734,60.001763,58,0.082278481,3,-194.28481,53.037975,713.59335
4,-1,-4,-9,2.8992337,72.140115,690.15884,0,0.42309338,0.77660853,0,5.2777132,2.4346176,9.6875,19.970703,17,0.1125,5,28.476562,11.15625,73.744141
4,-1,-4,-8,9.8854799,87.705838,662.09429,0,0.41001267,0.79813001,0,51.853072,5.5102061,100.93711,115.05047,111,0.1572327,5,990.33176,100.93711,9732.3054
4,-1,-4,-7,17.343543,100.59568,636.59636,0,0.3986012,0.81778903,0,361.17923,13.478639,741.01235,764.71117,758,0.2654321,5,12803.37,741.01235,221318.23
4,-1,-4,-6,25.238744,110.74123,613.16759,0,0.38965075,0.83533454,1,3.0015733,1.7585173,6.4347826,14.21226,12,0.086956522,2,188.46894,7.6149068,4664.6064
4,-1,-4,-5,33.477623,118.04718,591.41514,0,0.38390092,0.85054896,1,0,0,0,0,0,0,0,0,0,0
4,-1,-3,-10,-8.794573,68.315803,657.94398,0,0.44033495,0.7900699,1,0,0,0,0,0,0,0,0,0,0
4,-1,-3,-9,-2.8303578,89.850273,631.08223,0,0.41712441,0.81474382,1,482.46537,15.991397,942.37037,975.62689,966,0.35802469,5,-2704.3333,942.37037,7847.4907
4,-1,-3,-8,3.7013974,109.01234,606.69276,0,0.39436435,0.83767408,0,55.748784,5.5519976,118.41667,139.07639,133,0.22435897,5,430.4375,118.41667,1577.401
4,-1,-3,-7,10.888479,125.76912,584.28405,0,0.37290123,0.85857614,0,233.40956,10.283102,537.40741,560.5551,554,0.25925926,5,5815.8272,537.40741,63005.088
4,-1,-3,-6,18.794388,139.98102,563.46408,0,0.35368227,0.87719895,0,-1.1610997,1.2380292,-2.8797468,9.4282567,6,0.14556962,5,23.169304,1.2974684,414.00514
4,-1,-3,-5,27.425908,151.42152,543.91616,0,0.3377364,0.89332493,1,0,0,0,0,0,0,0,0,0,0
4,-1,-2,-9,-10.173088,97.508693,580.98689,0,0.4204211,0.84349057,1,0,0,0,0,0,0,0,0,0,0
4,-1,-2,-8,-4.5042779,119.89182,559.13867,0,0.38925245,0.86742709,1,1.7809516,1.1723463,3.96875,6.8251953,6,0.03125,1,-14.882812,3.96875,55.810547
4,-1,-2,-7,1.861909,140.33908,538.88063,0,0.35849606,0.88921704,0,0.59198065,1.6259859,1.4683544,16.265983,12,0.16455696,5,5.2373418,3.7341772,7.8283228
4,-1,-2,-6,9.1019352,158.74954,519.8876,0,0.32903174,0.90860936,0,3.3714458,2.1201424,9.3101266,34.27748,27,0.2721519,5,91.968354,10.012658,848.8568
4,-1,-2,-5,17.402197,174.87195,501.89045,0,0.3019603,0.92538645,0,653.05295,14.749116,2001.3438,2043.0479,2031,0.45625,5,34696.648,2001.3438,601743.26
4,-1,-2,-4,26.909459,188.29137,484.6641,0,0.27864321,0.93936422,1,0,0,0,0,0,0,0,0,0,0
4,-1,-1,-7,-9.1594912,143.26037,497.85474,0,0.36095667,0.90820448,1,0,0,0,0,0,0,0,0,0,0
4,-1,-1,-6,-3.4249949,165.23472,480.11219,0,0.32303935,0.9280585,1,35.054821,3.8730174,100.70886,123.80516,117,0.24683544,4,-345.68038,100.72152,1192.3331
4,-1,-1,-5,3.3241361,185.70999,463.16226,0,0.28589658,0.94522626,0,688.3789,14.571837,2275.9062,2321.0381,2308,0.49375,5,7401.2266,2275.9062,24210.213
4,-1,-1,-4,11.481602,204.42241,446.80275,0,0.25060973,0.95952367,0,251.2516,8.2405,961.98125,995.45738,986,0.38125,5,11023.411,961.98125,126419.2
4,-1,-1,-3,21.551915,220.83037,430.85878,0,0.21877118,0.9708001,0,1703.3872,19.671218,7558.8038,7619.7706,7602,0.66455696,5,162891.04,7558.8038,3510934.5
4,-1,-1,-2,34.024202,234.00084,415.18132,0,0.19271211,0.97893837,1,0,0,0,0,0,0,0,0,0,0
4,-1,0,-5,-13.027893,181.99599,426.27006,0,0.29588017,0.95194002,1,0,0,0,0,0,0,0,0,0,0
4,-1,0,-4,-7.988362,204.4771,410.40954,0,0.25228159,0.96634397,1,0,0,0,0,0,0,0,0,0,0
4,-1,0,-3,-1.683769,226.04287,394.81675,0,0.20924029,0.97770326,0,1087.6962,15.31106,5082.4062,5118.3975,5108,0.39375,5,-8845.4609,5082.4062,15533.213
4,-1,0,-2,6.7853179,246.37314,379.34014,0,0.16788652,0.98590073,0,-0.68532864,0.30838532,-4.0245399,3.2796093,1,0.079754601,5,0,0,0
4,-1,0,-1,19.146983,264.56792,363.8481,0,0.13048573,0.99085268,0,1251.7753,12.89383,9505.4444,9586.4102,9564,0.94444444,5,182365.22,9505.4444,3499102.9
4,0,-5,-7,16.038812,134.74301,746.74473,0,0.31101184,0.77450911,0,-0.85765274,0.90051187,-2.1358025,5.028959,3,0.080246914,5,3.4104938,0.20987654,55.420525
4,0,-5,-6,25.893105,135.84017,717.36381,0,0.31813329,0.79083278,1,0.24388001,0.44940989,0.60625,1.2480625,1,0.00625,1,15.004687,0.60625,371.36602
4,0,-4,-9,-7.2370516,140.5465,736.41612,0,0.30522137,0.78222959,1,0,0,0,0,0,0,0,0,0,0
4,0,-4,-8,1.0821793,153.43856,706.34682,0,0.2935525,0.80396457,0,5.5699509,1.9139424,15.254658,27.476409,24,0.13664596,5,20.520186,15.447205,28.583463
4,0,-4,-7,10.390982,163.5074,679.11815,0,0.28444058,0.82381197,0,110.79684,6.3174831,320.89571,334.78136,331,0.16564417,5,3323.3037,320.89571,34475.442
4,0,-4,-6,20.678847,170.4616,654.17017,0,0.27903818,0.84152074,0,135.36159,6.854117,408.22222,427.27298,422,0.22222222,5,8426.0062,408.22222,173978.03
4,0,-4,-5,31.758416,174.05526,631.07108,0,0.27834479,0.8568733,1,0,0,0,0,0,0,0,0,0,0
4,0,-3,-8,-7.011212,166.26112,647.20983,0,0.28788222,0.84388173,1,0,0,0,0,0,0,0,0,0,0
4,0,-3,-7,1.3435137,182.489,623.61732,0,0.26527175,0.86497217,0,341.84739,10.330035,1114.6625,1134.5558,1129,0.23125,5,1401.8281,1114.6625,1943.2164
4,0,-3,-6,11.214029,195.89102,601.76185,0,0.24579667,0.88375824,0,70.980006,4.5741458,255.20755,270.47989,266,0.16352201,5,2858.1698,255.20755,32044.007
4,0,-3,-5,22.801737,205.86733,581.28138,0,0.23119697,0.90002237,0,234.39896,7.8699649,912.48734,938.61597,931,0.28481013,5,20779.91,912.48734,473354.09
4,0,-2,-7,-10.517778,188.96174,575.79911,0,0.26331853,0.89587956,1,0,0,0,0,0,0,0,0,0,0
4,0,-2,-6,-2.6290723,208.43801,556.093,0,0.23041308,0.91543514,0,3208.4629,28.495813,12747.278,12817.49,12798,0.83150227,5,-34406.624,12747.278,94607.084
4,0,-2,-5,7.4167676,225.60667,537.49194,0,0.200174,0.93235038,0,166.92521,6.1317352,777.4875,815.66109,805,0.44375,5,5732.3656,777.4875,42379.243
4,0,-2,-4,20.504447,239.50139,519.72685,0,0.17505197,0.94644118,0,67.835142,3.7968173,366.75949,421.39817,406,0.63291139,5,7539.4177,366.75949,155040
4,0,-1,-5,-12.608029,227.46366,497.32813,0,0.20085592,0.95235009,1,0,0,0,0,0,0,0,0,0,0
4,0,-1,-4,-4.4316911,248.77633,480.64627,0,0.15975928,0.96676053,1,53.275865,3.0778206,322.3913,346.89036,340,0.27950311,2,-1189.0978,322.3913,4394.5408
4,0,-1,-3,8.0523226,268.23018,464.45619,0,0.12141006,0.97812486,0,123.23316,4.0491403,992.8125,1064.1551,1044,0.8125,5,8015.7531,992.8375,64809.749
4,0,-1,-2,29.338851,283.61934,448.55523,0,0.090716829,0.98632592,1,0,0,0,0,0,0,0,0,0,0
4,1,-5,-5,30.834944,201.42189,742.53106,0,0.20775355,0.79916867,1,0,0,0,0,0,0,0,0,0,0
4,1,-4,-7,-10.733708,247.89457,731.93252,0,0.13366027,0.81778903,1,0,0,0,0,0,0,0,0,0,0
4,1,-4,-6,4.693281,246.56328,703.88405,0,0.13958889,0.83533454,0,48.124284,2.9230548,287.98765,305.98003,301,0.20987654,7,1331.2315,287.98765,6237.4498
4,1,-4,-5,22.632342,240.25616,677.93441,0,0.15398854,0.85054896,0,72.068936,3.6877801,398.06962,414.90807,410,0.1835443,6,8970.9035,398.06962,202301.42
4,1,-3,-6,-13.922861,265.41896,646.74464,0,0.11323145,0.87719895,1,0,0,0,0,0,0,0,0,0,0
4,1,-3,-5,2.7671831,272.54013,624.59567,0,0.10232931,0.89332493,0,35.138026,2.11416,306.75155,340.63913,331,0.37888199,7,846.44565,306.75155,2455.3583
4,1,-3,-4,26.48163,271.02155,603.37553,0,0.10690336,0.90676997,1,0,0,0,0,0,0,0,0,0,0
4,1,-2,-3,17.957734,306.77701,540.75382,0,0.042164957,0.95039204,0,749.76475,5.7901204,16899.589,17032.462,16995,1.4907975,12,304655.2,16899.589,5510827.5
4,-3,1,10,-12.083101,496.10051,21.346223,1,0.26053597,0.78744825,1,0,0,0,0,0,0,0,0,0,0
4,-2,-2,15,-13.863297,766.71149,107.90911,1,0.67901908,0.66005281,1,0,0,0,0,0,0,0,0,0,0
4,-2,-1,14,-11.777155,694.19766,88.888712,1,0.57979947,0.70191646,1,0,0,0,0,0,0,0,0,0,0
4,-2,-1,15,-8.0103011,724.12049,57.775579,1,0.60138648,0.67230984,1,0,0,0,0,0,0,0,0,0,0
4,-2,-1,16,-4.3380849,756.85688,21.894407,1,0.61968088,0.64325564,1,1.8842901,2.11841,1.9559748,4.8356078,4,0.031446541,2,-6.7437107,1.9559748,23.367531
4,-2,0,12,-10.722708,599.87829,90.192961,1,0.44451457,0.76602397,1,0,0,0,0,0,0,0,0,0,0
4,-2,0,13,-6.8168595,625.7312,63.179281,1,0.47159614,0.73643922,1,0,0,0,0,0,0,0,0,0,0
4,-2,0,14,-3.0902538,653.08362,32.697979,1,0.49595863,0.70644593,1,21.843454,4.4837318,31.113924,40.789297,38,0.10759494,4,-96.914557,31.329114,302.47073
4,-2,1,8,-11.794693,459.19066,123.3155,1,0.22424671,0.86631895,1,0,0,0,0,0,0,0,0,0,0
4,-2,1,9,-7.3991755,482.70725,102.71712,1,0.25921248,0.84241915,1,0,0,0,0,0,0,0,0,0,0
4,-2,1,10,-3.5529943,506.65939,80.411785,1,0.29284181,0.81666163,1,63.354271,4.8838193,176.67901,185.49718,183,0.098765432,3,-621.50926,176.67901,2198.3017
4,-2,1,11,-0.039692516,531.07795,55.928232,1,0.32457083,0.78936438,0,125.05136,7.395504,304.12805,323.49803,318,0.21341463,5,-7.3521341,304.12805,29.797637
4,-2,1,12,3.2709617,556.08479,28.684919,1,0.35391785,0.76087889,0,119.34757,7.7979923,256.58228,281.05528,274,0.2721519,5,853.11076,258.41772,2843.8283
4,-2,2,9,24.793586,422.26234,32.870465,1,0.15023468,0.82504789,1,70.712421,3.7061855,388.33333,414.25926,405,0.25641026,4,9532.25,388.33333,234028.33
4,-2,2,10,23.875186,449.45262,8.1652264,1,0.18716765,0.79996516,1,4.2448798,1.2935346,18.142857,30.565863,27,0.14285714,5,431.28247,18.142857,10257.082
4,-1,-2,14,-12.151158,734.18041,181.29617,1,0.67752703,0.70273939,1,0,0,0,0,0,0,0,0,0,0
4,-1,-2,15,-8.8844061,765.39247,155.93029,1,0.70267946,0.67307012,1,0,0,0,0,0,0,0,0,0,0
4,-1,-1,12,-12.862372,642.5804,183.97729,1,0.54969118,0.77742765,1,0,0,0,0,0,0,0,0,0,0
4,-1,-1,13,-9.4958466,669.4837,161.89644,1,0.58082179,0.74719697,1,0,0,0,0,0,0,0,0,0,0
4,-1,-1,14,-6.2386322,698.01662,137.52055,1,0.60943678,0.71650606,1,0,0,0,0,0,0,0,0,0,0
4,-1,-1,15,-3.0563099,728.6033,110.21291,1,0.63516477,0.68580684,1,68.651383,8.548474,74.125,85.193805,82,0.125,4,-230.73594,75.09375,713.26523
4,-1,-1,16,0.080334413,761.80942,79.123165,1,0.65760664,0.65558468,0,44.386476,7.6366888,44.25,57.960938,54,0.15,5,5.2109375,46.28125,4.9550781
4,-1,0,9,-13.711804,534.12339,198.79062,1,0.37199548,0.86739231,1,0,0,0,0,0,0,0,0,0,0
4,-1,0,10,-10.216887,558.64482,180.12192,1,0.40977965,0.84069401,1,0,0,0,0,0,0,0,0,0,0
4,-1,0,11,-6.9487727,583.75695,160.09941,1,0.44573628,0.81235695,1,0,0,0,0,0,0,0,0,0,0
4,-1,0,12,-3.8346528,609.66514,138.35948,1,0.47954362,0.78273263,1,88.668309,7.6221283,144.7284,154.78296,152,0.11728395,3,-542.06481,145.02469,2026.9653
4,-1,0,13,-0.82253125,636.62749,114.44883,1,0.51087495,0.75220598,0,18.388183,4.4917956,27.074534,43.740558,39,0.1863354,5,-21.914596,28.254658,18.852873
4,-1,0,14,2.126789,664.96949,87.786935,1,0.5393861,0.72119543,0,39.054695,6.2029349,52.21875,68.786133,64,0.18125,5,118.63281,54.28125,263.2832
4,-1,0,15,5.0446097,695.10898,57.610021,1,0.56470411,0.6901529,0,74.821477,8.5974811,91.443038,110.40562,105,0.21518987,5,475.03165,93.835443,2411.3014
4,-1,0,16,7.9575499,727.59624,22.884143,1,0.58641502,0.65956374,0,2.1439576,2.453537,2.4113924,7.6153277,6,0.056962025,5,33.370253,4.2025316,265.22468
4,-1,1,6,-2.5813549,426.26837,204.52031,1,0.17952812,0.9280585,0,38.569737,2.9389546,199.38365,230.81895,222,0.36477987,5,-517.94025,199.38365,1368.952
4,-1,1,7,-0.99291379,451.7662,187.74403,1,0.22246447,0.90820448,0,483.07098,10.984422,1972.1227,2010.9457,2000,0.43558282,5,-1919.8436,1972.1227,2078.0613
4,-1,1,8,0.79413326,476.95432,170.14162,1,0.26388085,0.8858818,0,338.11949,10.183067,1135.1104,1168.6731,1159,0.36196319,5,863.26227,1135.1104,793.34317
4,-1,1,9,2.709658,502.03569,151.46403,1,0.30357242,0.86134151,0,323.95876,10.844084,919.18471,946.69893,939,0.32484076,5,2489.2834,919.18471,6837.5255
4,-1,1,10,4.7213417,527.21234,131.41788,1,0.34130738,0.83486814,0,170.3451,8.6121213,416.67925,443.77691,436,0.30188679,5,1958.2138,416.67925,9251.7594
4,-1,1,11,6.8139512,552.69744,109.6484,1,0.3768297,0.80677969,0,20.892464,3.5848521,44.730061,58.906357,55,0.16564417,5,306.59663,44.730061,2108.311
4,-1,1,12,8.9812166,578.72685,85.715341,1,0.40985722,0.77742765,0,1.6592139,1.9784483,3.1472393,14.083293,11,0.12269939,5,45.380368,5.2883436,389.73236
4,-1,1,13,11.222289,605.57296,59.058239,1,0.44007702,0.74719697,0,134.57232,9.2604626,228.48734,247.21691,242,0.22151899,5,2592.1915,230.57595,29157.424
4,-1,1,14,13.540145,633.56348,28.944862,1,0.46713842,0.71650606,0,25.814598,4.4819917,39.594937,47.259668,45,0.088607595,5,562.82278,41.455696,7644.4264
4,-1,2,7,32.834485,423.41681,136.42013,1,0.16627475,0.88921704,1,0,0,0,0,0,0,0,0,0,0
4,-1,2,8,28.827131,448.25585,117.31102,1,0.20486613,0.86742709,1,0,0,0,0,0,0,0,0,0,0
4,-1,2,9,26.771616,473.03823,96.785929,1,0.24193256,0.84349057,1,0,0,0,0,0,0,0,0,0,0
4,-1,2,10,25.919147,497.86286,74.463264,1,0.27705943,0.81769199,1,0.45316053,0.75861532,1.3374233,5.0127592,4,0.042944785,1,33.101227,1.3374233,819.25537
4,-1,2,11,25.867725,522.88417,49.880895,1,0.30988032,0.79034937,1,0.14703007,0.6394822,0.375,2.6601562,2,0.025,1,9.28125,0.375,229.71094
4,-1,2,12,26.386769,548.29498,22.456277,1,0.34002951,0.76181418,1,0,0,0,0,0,0,0,0,0,0
4,0,-3,13,-13.091085,747.49214,280.1671,1,0.73119347,0.71382255,1,0,0,0,0,0,0,0,0,0,0
4,0,-3,14,-10.251279,777.68772,260.07806,1,0.76033767,0.68534968,1,0,0,0,0,0,0,0,0,0,0
4,0,-2,12,-11.753991,683.82765,261.71553,1,0.63999435,0.76728362,1,0,0,0,0,0,0,0,0,0,0
4,0,-2,13,-8.915495,711.52571,242.36724,1,0.67285248,0.73762685,1,0,0,0,0,0,0,0,0,0,0
4,0,-2,14,-6.1216667,741.02608,221.36833,1,0.70330788,0.70755578,1,0,0,0,0,0,0,0,0,0,0
4,0,-2,15,-3.3542417,772.78494,198.24498,1,0.73104278,0.67752231,1,64.243194,9.0229437,59.539877,69.929128,67,0.11656442,4,-197.07515,59.539877,655.85008
4,0,-1,9,-13.752487,576.94342,276.35202,1,0.46748985,0.86776205,1,0,0,0,0,0,0,0,0,0,0
4,0,-1,10,-10.912843,601.57983,259.50548,1,0.50715364,0.84105006,1,0,0,0,0,0,0,0,0,0,0
4,0,-1,11,-8.1697026,626.93548,241.77146,1,0.54505825,0.81269788,1,0,0,0,0,0,0,0,0,0,0
4,0,-1,12,-5.4918233,653.24141,222.87692,1,0.58094306,0.78305699,1,0,0,0,0,0,0,0,0,0,0
4,0,-1,13,-2.8550527,680.77741,202.48994,1,0.61453554,0.75251233,1,54.720329,7.5342447,67.00625,85.116289,80,0.20625,5,-196.26875,71.3375,544.27734
4,0,-1,14,-0.23979124,709.8893,180.19612,1,0.64554545,0.72148234,0,3.9368947,3.3144978,4.4,13.7225,11,0.1,5,0.209375,4.4625,2.1851562
4,0,-1,15,2.3706962,741.01476,155.46409,1,0.67365869,0.69041892,0,75.235113,9.4379731,77.106918,93.562755,89,0.19496855,5,186.27987,77.408805,453.13679
4,0,-1,16,4.9914827,774.72238,127.59376,1,0.69853024,0.65980744,0,18.368237,5.1910406,17.35,24.042125,22,0.075,5,84.9625,17.35,417.97187
4,0,0,4,-13.408742,427.21161,316.68007,1,0.19050887,0.97363412,1,0,0,0,0,0,0,0,0,0,0
4,0,0,5,-11.39412,452.28911,301.28281,1,0.2368146,0.95911714,1,0,0,0,0,0,0,0,0,0,0
4,0,0,6,-9.3669241,476.99112,285.81643,1,0.28222724,0.941681,1,0,0,0,0,0,0,0,0,0,0
4,0,0,7,-7.3243225,501.49253,270.10959,1,0.32655565,0.92150982,1,0,0,0,0,0,0,0,0,0,0
4,0,0,8,-5.2632964,525.96737,253.98175,1,0.36960131,0.89882119,1,0,0,0,0,0,0,0,0,0,0
4,0,0,9,-3.1805902,550.59471,237.23586,1,0.41115655,0.87386614,1,-3.2611732,1.9208208,-6.93125,16.66668,10,0.26875,4,-0.61875,0.275,1.3921875
4,0,0,10,-1.0726564,575.56529,219.64965,1,0.45100252,0.84692923,0,4.3521596,2.7906317,8.1728395,27.462582,22,0.21604938,5,-12.904321,11.469136,15.266204
4,0,0,11,1.0644133,601.08931,200.96453,1,0.48890675,0.81832844,0,0.85035206,2.7960338,1.4233129,21.902217,16,0.2208589,5,4.7530675,3.3067485,7.2986963
4,0,0,12,3.2349718,627.40636,180.87083,1,0.5246202,0.78841526,0,258.98954,13.561163,389.21739,415.34972,408,0.29813665,5,1263.2174,389.21739,4116.7826
4,0,0,13,5.4439229,654.79852,158.98757,1,0.55787366,0.75757464,0,1.1763783,2.837154,1.5974843,14.843796,11,0.14465409,5,20.800314,3.6415094,119.64898
4,0,0,14,7.6968571,683.60864,134.83352,1,0.58837313,0.72622502,0,88.294356,9.4321045,108.98113,135.53578,128,0.30188679,5,855.88208,111.30189,6585.7677
4,0,0,15,10.000228,714.26669,107.78464,1,0.61579406,0.69481828,0,2.0933285,3.4026204,2.3619632,14.740034,11,0.13496933,6,41.343558,4.0736196,421.46319
4,0,0,16,12.361589,747.3293,77.009226,1,0.63977371,0.6638398,0,28.80262,5.773542,29.886076,35.88876,34,0.063291139,5,399.13608,32.35443,4925.8386
4,0,0,17,14.789909,783.54147,41.365526,1,0.65990112,0.63380844,0,4.3004769,3.7011601,4.1304348,12.636711,10,0.093167702,5,60.402174,4.1304348,884.97554
4,0,1,5,14.726975,434.8307,261.53681,1,0.20085592,0.95235009,0,500.71843,10.403877,2374.1358,2433.4048,2417,0.69135802,5,34904.855,2374.1358,513423.81
4,0,1,6,12.35697,458.42792,245.65782,1,0.2426919,0.93504417,0,84.757908,4.9671177,326.55556,366.23731,355,0.44444444,5,4029.4537,326.55556,49763.842
4,0,1,7,11.344963,482.26137,229.39363,1,0.28429488,0.9150269,0,30.356907,3.4680777,97.70625,124.59691,117,0.30625,5,1111.775,97.825,12645.039
4,0,1,8,11.17629,506.28568,212.53615,1,0.32508553,0.89251584,0,557.83505,14.386417,1531.525,1560.062,1552,0.325,5,17119.853,1531.525,191492.73
4,0,1,9,11.569061,530.56464,194.85901,1,0.36464821,0.86776205,0,5.7515566,2.3794737,13.687117,32.063796,27,0.21472393,5,170.77761,14.349693,2034.2803
4,0,1,10,12.358805,555.22291,176.10473,1,0.40263837,0.84105006,0,48.297831,5.2629783,100.88679,120.85831,115,0.21383648,5,1241.6462,100.88679,15296.183
4,0,1,11,13.444778,580.42965,155.97,1,0.43873981,0.81269788,0,119.3735,8.2974101,221.12102,236.22687,232,0.17834395,5,2972.4108,221.12102,39984.527
4,0,1,12,14.763165,606.39682,134.08638,1,0.47264177,0.78305699,0,29.606246,5.0987627,49.050633,71.359558,65,0.25316456,5,781.72943,52.829114,11571.239
4,0,1,13,16.272868,633.38647,109.99382,1,0.50402443,0.75251233,0,61.565121,6.8497778,91.917197,104.58684,101,0.14649682,5,1492.8519,91.917197,24257.452
4,0,1,14,17.947596,661.72608,83.102298,1,0.53254756,0.72148234,0,3.2769199,2.9973552,4.4394904,16.489634,13,0.13375796,5,106.00159,5.7006369,1972.5537
4,0,1,15,19.771329,691.83388,52.634445,1,0.55783985,0.69041892,0,94.194502,9.3035962,116.58125,132.58916,128,0.18125,5,2331.1969,118.125,46013.47
4,0,1,16,21.735707,724.25924,17.536333,1,0.57948687,0.65980744,0,20.71936,5.1127618,23.591195,33.888968,31,0.11949686,5,562.91038,25.930818,12221.382
4,0,2,7,34.898146,474.94203,185.78624,1,0.26331853,0.89587956,1,0,0,0,0,0,0,0,0,0,0
4,0,2,8,31.980752,496.26372,167.49497,1,0.2972774,0.87390123,1,0,0,0,0,0,0,0,0,0,0
4,0,2,9,30.201575,518.53149,148.17331,1,0.33120942,0.84975121,1,0,0,0,0,0,0,0,0,0,0
4,0,2,10,29.26099,541.61925,127.49011,1,0.36434198,0.82371401,1,0,0,0,0,0,0,0,0,0,0
4,0,2,11,28.954024,565.53476,105.05772,1,0.39607326,0.79610766,1,0,0,0,0,0,0,0,0,0,0
4,0,2,12,29.140238,590.38264,80.403086,1,0.42589152,0.76728362,1,0,0,0,0,0,0,0,0,0,0
4,0,2,13,29.722949,616.35107,52.928601,1,0.45332531,0.73762685,1,0,0,0,0,0,0,0,0,0,0
4,0,2,14,30.635657,643.71534,21.855135,1,0.47790996,0.70755578,1,0,0,0,0,0,0,0,0,0,0
4,1,-4,11,-13.878068,739.94728,386.75731,1,0.73590934,0.7291498,1,0,0,0,0,0,0,0,0,0,0
4,1,-4,12,-11.50791,767.80783,370.32577,1,0.76930054,0.70388204,1,0,0,0,0,0,0,0,0,0,0
4,1,-3,10,-13.318361,676.50965,366.02083,1,0.64725403,0.7900699,1,0,0,0,0,0,0,0,0,0,0
4,1,-3,11,-10.965696,702.3318,349.91543,1,0.68422407,0.76397032,1,0,0,0,0,0,0,0,0,0,0
4,1,-3,12,-8.6195628,729.51553,333.14795,1,0.7193615,0.73679656,1,0,0,0,0,0,0,0,0,0,0
4,1,-3,13,-6.2716748,758.38349,315.46434,1,0.75241149,0.70893357,1,0,0,0,0,0,0,0,0,0,0
4,1,-3,14,-3.9142774,789.34037,296.55437,1,0.78310406,0.68079978,1,16.458812,5.9139605,14.308642,26.433623,23,0.13580247,3,-63.484568,17.469136,232.49923
4,1,-2,8,-12.977907,596.29952,361.5893,1,0.51333343,0.86742709,1,0,0,0,0,0,0,0,0,0,0
4,1,-2,9,-10.784849,620.40872,346.067,1,0.55476578,0.84349057,1,0,0,0,0,0,0,0,0,0,0
4,1,-2,10,-8.5943682,645.20001,330.17302,1,0.59471697,0.81769199,1,0,0,0,0,0,0,0,0,0,0
4,1,-2,11,-6.3991995,670.88743,313.70998,1,0.63296508,0.79034937,1,0,0,0,0,0,0,0,0,0,0
4,1,-2,12,-4.1928363,697.72316,296.45007,1,0.66927698,0.76181418,1,0.16472447,2.5237451,0.1875,8.2523438,6,0.09375,2,-10.03125,2.675,37.617188
4,1,-2,13,-1.9691492,726.01135,278.12216,1,0.70340531,0.73247138,0,78.698637,9.814033,81.950617,104.43957,98,0.24691358,5,-169.08796,85.771605,341.82369
4,1,-2,14,0.27790233,756.12758,258.39395,1,0.73508502,0.70273939,0,82.132804,9.8651991,78.51875,88.945742,86,0.11875,5,16.751562,78.51875,10.969922
4,1,-2,15,2.5545118,788.54694,236.84631,1,0.76402928,0.67307012,0,15.149223,5.5633758,13.345679,24.020244,21,0.12345679,5,36.626543,14.111111,97.493056
4,1,-1,2,-11.144458,426.46362,419.77394,1,0.18995402,0.97893837,1,0,0,0,0,0,0,0,0,0,0
4,1,-1,3,-11.194271,451.13343,403.41977,1,0.23730596,0.9708001,1,0,0,0,0,0,0,0,0,0,0
4,1,-1,4,-10.554632,475.31864,387.57377,1,0.28419578,0.95952367,1,0,0,0,0,0,0,0,0,0,0
4,1,-1,5,-9.5180339,499.19624,372.06521,1,0.3304657,0.94522626,1,0,0,0,0,0,0,0,0,0,0
4,1,-1,6,-8.2291724,522.93106,356.73191,1,0.37594396,0.9280585,1,0,0,0,0,0,0,0,0,0,0
4,1,-1,7,-6.7670991,546.68442,341.41435,1,0.4204496,0.90820448,1,0,0,0,0,0,0,0,0,0,0
4,1,-1,8,-5.1780083,570.62054,325.94993,1,0.46379354,0.8858818,1,0,0,0,0,0,0,0,0,0,0
4,1,-1,9,-3.4900987,594.91271,310.16699,1,0.5057781,0.86134151,1,350.83999,14.646293,597.48148,622.13717,615,0.2654321,4,-2074.2407,598.59259,7227.3009
4,1,-1,10,-1.7209716,619.74986,293.87786,1,0.54619585,0.83486814,0,185.50321,11.458738,283.5443,306.76975,300,0.25316456,5,-498.87975,283.5443,889.77532
4,1,-1,11,0.11841734,645.34451,276.87048,1,0.58482794,0.80677969,0,18.269107,4.9906559,25.202532,47.398975,41,0.24683544,5,3.9240506,31.493671,3.2531646
4,1,-1,12,2.0215331,671.94286,258.89756,1,0.62144184,0.77742765,0,2.9277045,3.5380545,3.6625767,19.590613,15,0.17177914,5,10.411043,5.9018405,19.381135
4,1,-1,13,3.9849658,699.8382,239.66209,1,0.65578863,0.74719697,0,153.30791,12.204873,174.67702,193.37884,188,0.20496894,5,697.24068,174.67702,2801.262
4,1,-1,14,6.0076671,729.3895,218.79712,1,0.68759956,0.71650606,0,28.481875,6.1670073,29.679245,41.296903,38,0.13207547,5,187.80189,30.641509,1152.5472
4,1,-1,15,8.0905141,761.04814,195.83665,1,0.71658179,0.68580684,0,60.726004,8.7847332,58.118012,70.685323,67,0.13664596,5,472.54969,58.136646,3846.2702
4,1,0,3,10.618923,436.33679,366.87366,1,0.20924029,0.97770326,0,1186.0196,16.054864,5541.8354,5627.7755,5603,0.9556962,5,59148.851,5541.8354,631541.84
4,1,0,4,7.4707301,458.99638,351.29301,1,0.25228159,0.96634397,0,153.5298,6.65023,588.08333,648.88194,631,0.66025641,5,4392.9375,589.08333,32804.318
4,1,0,5,5.8818971,481.96131,335.89561,1,0.29588017,0.95194002,0,1.9339791,2.5332719,6.2222222,66.427984,49,0.64814815,5,64.611111,11.333333,376.20833
4,1,0,6,5.2620035,505.11159,320.53223,1,0.33937802,0.93464203,0,727.52484,16.466404,2003.5926,2056.462,2042,0.62962963,5,10468.491,2003.5926,54780.996
4,1,0,7,5.282438,528.45665,305.04586,1,0.38232826,0.91463411,0,46.140086,4.9521143,110.37975,140.34706,132,0.35443038,5,578.40823,111.24051,3014.5823
4,1,0,8,5.7492512,552.07343,289.26979,1,0.42438458,0.89213386,0,68.536365,6.2166255,144.07595,170.78521,163,0.29113924,5,823.46519,144.07595,4713.1851
4,1,0,9,6.5422038,576.08154,273.02281,1,0.46524989,0.86739231,0,25.614503,4.6821049,47.754601,76.197523,68,0.30674847,5,358.15337,54.662577,2350.7845
4,1,0,10,7.5838049,600.63452,256.10228,1,0.50464977,0.84069401,0,176.20632,10.728137,293.5414,319.40695,312,0.29299363,5,2242.1433,293.5414,17144.767
4,1,0,11,8.8226738,625.91974,238.27492,1,0.54231731,0.81235695,0,83.559387,8.1104631,125.16667,147.59722,141,0.24358974,5,1116.3542,126.91667,9826.4323
4,1,0,12,10.224146,652.1639,219.26443,1,0.57798314,0.78273263,0,78.923486,8.2628381,106.88199,125.21461,120,0.20496894,5,1091.4317,106.88199,11151.447
4,1,0,13,11.764748,679.64375,198.73443,1,0.61136801,0.75220598,0,22.262741,5.1057036,27.391304,39.462023,36,0.13664596,5,324.73913,27.73913,3808.9946
4,1,0,14,13.428848,708.70305,176.26438,1,0.64217614,0.72119543,0,45.027323,7.4129011,50.567901,69.306508,64,0.20987654,5,712.46605,53.098765,9564.4668
4,1,0,15,15.206585,739.77816,151.31439,1,0.67008863,0.6901529,0,86.328666,9.7861476,88.91358,101.5897,98,0.14197531,5,1354.8364,89.098765,20607.661
4,1,0,16,17.092604,773.43722,123.17228,1,0.69475594,0.65956374,0,-0.013085177,3.920938,-0.01242236,13.855715,10,0.16149068,5,59.271739,3.5341615,994.12461
4,1,1,4,30.211391,459.05809,314.45809,1,0.25060973,0.95952367,1,0,0,0,0,0,0,0,0,0,0
4,1,1,5,25.628866,478.21943,298.88794,1,0.28589658,0.94522626,1,25.410799,2.9535958,84.012739,95.357702,92,0.12101911,1,2079.3153,84.012739,51463.053
4,1,1,6,22.627061,498.67299,283.20651,1,0.32303935,0.9280585,0,30.19655,3.823175,86.751553,120.63913,111,0.37888199,5,2044.6925,90.124224,46394.434
4,1,1,7,20.760055,520.05025,267.25361,1,0.36095667,0.90820448,0,484.90934,14.089018,1220.0823,1256.6624,1246,0.39873418,5,25281.616,1220.0823,523940.1
4,1,1,8,19.719487,542.18309,250.85102,1,0.39888291,0.8858818,0,309.66726,12.062524,687.74214,717.69032,709,0.32704403,5,13551.02,687.74214,267054.02
4,1,1,9,19.294632,565.03115,233.79906,1,0.43624064,0.86134151,0,328.70314,13.152082,649.01258,674.35335,667,0.27672956,5,12488.31,649.01258,240349.07
4,1,1,10,19.340611,588.64159,215.86937,1,0.47256281,0.83486814,0,165.03283,9.9498153,291.56051,308.99164,304,0.19745223,5,5627.6417,291.56051,108650.45
4,1,1,11,19.756653,613.12935,196.79408,1,0.50744527,0.80677969,0,22.821157,4.7493487,36.283019,57.016376,51,0.22641509,5,717.85063,36.371069,14172.509
4,1,1,12,20.471877,638.67085,176.25066,1,0.54051663,0.77742765,0,4.7459253,3.1917415,6.826087,21.074499,17,0.16149068,5,293.6087,14.26087,6045.7174
4,1,1,13,21.436086,665.50765,153.84055,1,0.57141778,0.74719697,0,136.37543,10.662562,178.32716,194.39533,190,0.19135802,5,3823.1497,178.33951,81973.075
4,1,1,14,22.613799,693.95934,129.0582,1,0.59978662,0.71650606,0,21.320815,5.4048736,25.46988,41.688596,37,0.1746988,5,578.74398,25.650602,13059.477
4,1,1,15,23.980357,724.44767,101.24534,1,0.62524521,0.68580684,1,51.556232,7.6125502,56.55,69.720938,66,0.15,5,1408.8234,58.66875,33834.507
4,1,1,16,25.519408,757.53629,69.520641,1,0.64738727,0.65558468,1,-0.91389384,1.303152,-0.92546584,1.7414837,1,0.031055901,1,0,0,0
4,1,2,9,34.130165,562.76932,191.61093,1,0.4204211,0.84349057,1,0,0,0,0,0,0,0,0,0,0
4,1,2,10,33.12149,584.56125,172.07737,1,0.45128668,0.81769199,1,0,0,0,0,0,0,0,0,0,0
4,1,2,11,32.633854,607.55598,151.08794,1,0.48124708,0.79034937,1,0,0,0,0,0,0,0,0,0,0
4,1,2,12,32.576767,631.85225,128.24433,1,0.50977271,0.76181418,1,0,0,0,0,0,0,0,0,0,0
4,1,2,13,32.881874,657.63654,103.04623,1,0.53637499,0.73247138,1,0,0,0,0,0,0,0,0,0,0
4,1,2,14,33.498201,685.1925,74.848311,1,0.56058153,0.70273939,1,0,0,0,0,0,0,0,0,0,0
4,1,2,15,34.388509,714.92425,42.794722,1,0.58191492,0.67307012,1,0,0,0,0,0,0,0,0,0,0
4,2,-6,8,-13.591331,765.08922,556.96425,1,0.7249851,0.68474565,1,0,0,0,0,0,0,0,0,0,0
4,2,-6,9,-11.957722,791.70683,541.05224,1,0.76095403,0.66788976,1,0,0,0,0,0,0,0,0,0,0
4,2,-5,8,-13.009514,717.05745,509.36924,1,0.68357693,0.73517965,1,0,0,0,0,0,0,0,0,0,0
4,2,-5,9,-11.322906,742.47997,493.77701,1,0.72138637,0.71610995,1,0,0,0,0,0,0,0,0,0,0
4,2,-5,10,-9.5720547,769.22789,478.31971,1,0.75765649,0.69575078,1,0,0,0,0,0,0,0,0,0,0
4,2,-4,7,-12.676299,653.01304,483.47254,1,0.59730829,0.80005945,1,0,0,0,0,0,0,0,0,0,0
4,2,-4,8,-11.089833,676.98759,467.90407,1,0.63815895,0.78096557,1,0,0,0,0,0,0,0,0,0,0
4,2,-4,9,-9.4262572,701.79688,452.50042,1,0.67766949,0.76008459,1,0,0,0,0,0,0,0,0,0,0
4,2,-4,10,-7.6951549,727.67638,437.09474,1,0.71566432,0.73770103,1,0,0,0,0,0,0,0,0,0,0
4,2,-4,11,-5.9030538,754.89815,421.50887,1,0.7519503,0.71413291,1,0,0,0,0,0,0,0,0,0,0
4,2,-4,12,-4.054157,783.78653,405.54468,1,0.78631706,0.6897317,1,26.106761,5.9458226,22.9,27.20125,26,0.05,2,-85.65,22.9,320.45625
4,2,-3,-1,-8.1189843,425.22544,591.74752,1,0.17306873,0.90902319,1,0,0,0,0,0,0,0,0,0,0
4,2,-3,0,-11.388407,453.35773,568.87674,1,0.22559794,0.9105352,1,0,0,0,0,0,0,0,0,0,0
4,2,-3,1,-12.78548,479.06245,548.03656,1,0.27537127,0.90902319,1,0,0,0,0,0,0,0,0,0,0
4,2,-3,2,-13.173255,503.43654,528.71803,1,0.32361093,0.90450391,1,0,0,0,0,0,0,0,0,0,0
4,2,-3,3,-12.945538,527.04698,510.58504,1,0.3707804,0.89702755,1,0,0,0,0,0,0,0,0,0,0
4,2,-3,4,-12.31103,550.25161,493.38234,1,0.41704216,0.88667782,1,0,0,0,0,0,0,0,0,0,0
4,2,-3,5,-11.391333,573.3124,476.89936,1,0.46241529,0.87357187,1,0,0,0,0,0,0,0,0,0,0
4,2,-3,6,-10.262068,596.44512,460.95202,1,0.50684125,0.85786032,1,0,0,0,0,0,0,0,0,0,0
4,2,-3,7,-8.9724894,619.84545,445.3715,1,0.55021487,0.8397273,1,0,0,0,0,0,0,0,0,0,0
4,2,-3,8,-7.5557445,643.70499,429.99612,1,0.59240001,0.81939038,1,0,0,0,0,0,0,0,0,0,0
4,2,-3,9,-6.0346218,668.22324,414.66442,1,0.63323777,0.79710062,1,0,0,0,0,0,0,0,0,0,0
4,2,-3,10,-4.4249487,693.61832,399.20847,1,0.67255054,0.77314254,1,4.2345687,3.3494703,4.8679245,14.825917,12,0.11320755,2,-17.141509,4.8679245,60.662736
4,2,-3,11,-2.7376842,720.13834,383.44654,1,0.71014381,0.74783416,0,43.343735,7.8433355,45.644172,68.221235,62,0.26380368,5,-130.28067,47.392638,358.90069
4,2,-3,12,-0.98024633,748.07487,367.17427,1,0.74580636,0.72152695,0,83.840502,10.514474,81.111111,103.47325,97,0.24074074,5,-72.351852,83.259259,68.018519
4,2,-3,13,0.84262944,777.78052,350.15339,1,0.77930931,0.69460587,0,0.36692528,4.5846985,0.32704403,16.698548,12,0.18238994,5,5.7767296,6.3773585,5.5746855
4,2,-2,0,4.1817444,425.94811,528.19089,1,0.18161883,0.94327706,0,2.147376,1.531333,11.152866,63.255183,48,0.56687898,5,56.460191,12.847134,249.40486
4,2,-2,1,-0.61488194,451.70667,508.56488,1,0.230834,0.94170586,0,494.01679,11.142782,2015.3812,2066.4186,2052,0.58125,5,-1169.9766,2015.3812,815.16133
4,2,-2,2,-3.1040847,476.238,490.21175,1,0.27889035,0.93700899,1,1801.3418,23.311275,6052.1043,6134.1247,6111,0.9202454,4,-18788.603,6052.1043,58688.085
4,2,-2,3,-4.291292,500.04231,472.84709,1,0.32614638,0.92923668,1,3.1130676,1.8804584,8.8695652,28.704834,23,0.2173913,2,-35.706522,9.5217391,133.89946
4,2,-2,4,-4.6685458,523.42978,456.24762,1,0.37268198,0.9184726,1,-0.94593445,0.78107274,-2.33125,3.7054297,2,0.06875,1,0,0,0
4,2,-2,5,-4.5054815,546.63035,440.22292,1,0.41845753,0.90483391,1,0.20941987,1.3241426,0.45283019,8.1979352,6,0.088050314,1,-1.6981132,0.45283019,6.3679245
4,2,-2,6,-3.9619923,569.83757,424.60144,1,0.46337321,0.88847125,1,287.75226,12.469623,551.73585,571.65183,566,0.22641509,3,-2068.1509,551.73585,7752.8892
4,2,-2,7,-3.1385282,593.23026,409.22161,1,0.50729451,0.86956873,1,181.25062,10.630004,310.68712,332.01242,326,0.2392638,4,-988.4816,310.68712,3156.786
4,2,-2,8,-2.10097,616.98569,393.92499,1,0.5500641,0.84834392,0,189.2451,11.651464,291.86585,322.90764,314,0.33536585,5,-625.79573,294.5,1349.4367
4,2,-2,9,-0.89391836,641.28943,378.54996,1,0.59150739,0.82504789,0,159.80031,11.323305,222.89308,249.4505,242,0.3081761,5,-181.80503,222.89308,171.84906
4,2,-2,10,0.45176142,666.34441,362.92529,1,0.63143495,0.79996516,0,7.1039526,4.4345981,9,31.564103,25,0.25,5,2.025641,10.512821,4.4903846
4,2,-2,11,1.9144464,692.38076,346.86269,1,0.66964306,0.77341374,0,80.581504,9.3520088,93.06875,116.66668,110,0.26875,5,176.22031,93.06875,340.10742
4,2,-2,12,3.4789766,719.66767,330.14771,1,0.70591303,0.7457451,0,78.102404,9.5990084,82.509434,102.83268,97,0.22641509,5,291.18239,83.534591,1021.8813
4,2,-2,13,5.134887,748.5289,312.52776,1,0.7400097,0.7173442,0,80.515463,9.8892962,78.049383,91.899073,88,0.16049383,5,409.65123,79.493827,2119.0733
4,2,-2,14,6.875264,779.36402,293.69581,1,0.77167895,0.68862947,0,29.465622,6.5592361,26.294479,34.261347,32,0.09202454,5,185.22086,26.957055,1273.9302
4,2,-1,1,18.156308,439.27991,470.04259,1,0.21137391,0.96191835,0,101.02396,4.974266,459.73885,512.42659,497,0.57324841,5,8377.629,459.73885,152686.12
4,2,-1,2,12.322676,461.25657,452.76889,1,0.25423053,0.95711495,0,948.12617,16.04364,3569.4601,3648.1997,3626,0.88343558,5,43837.66,3570.9202,538254.91
4,2,-1,3,8.7744788,483.48015,436.18299,1,0.29803622,0.94916505,0,272.08346,9.4948224,866.5125,914.36391,901,0.55625,5,7579.3031,866.5125,66313.457
4,2,-1,4,6.6775807,505.83243,420.14259,1,0.34218248,0.93815237,0,1665.1643,24.81789,4565.3354,4629.7861,4611,0.70253165,5,30646.951,4565.3354,205853.06
4,2,-1,5,5.5479145,528.31186,404.50039,1,0.38624942,0.92419404,0,21.684804,3.894948,51.886076,86.854831,77,0.40506329,5,308.68038,55.379747,1725.8283
4,2,-1,6,5.0919411,550.97727,389.10857,1,0.42991118,0.90744071,0,315.47045,12.568667,665.88344,703.81335,693,0.41717791,5,3451.5905,669.04908,17834.199
4,2,-1,7,5.1239295,573.92394,373.81803,1,0.47289074,0.88807649,0,217.39102,11.315902,408.25466,451.60368,439,0.46583851,5,2116.4767,408.25466,10987.814
4,2,-1,8,5.5219257,597.27397,358.47537,1,0.51493645,0.86631895,0,7.4019115,3.6078556,12.45283,36.842293,30,0.28301887,5,70.374214,12.45283,399.31289
4,2,-1,9,6.2033505,621.17396,342.91852,1,0.5558086,0.84241915,0,74.72583,7.7964044,113.25926,139.63512,132,0.28395062,5,714.25,114.11111,4475.706
4,2,-1,10,7.1109076,645.79708,326.97096,1,0.59527098,0.81666163,0,75.315882,8.0239721,103.32704,121.18077,116,0.19496855,5,743.71226,103.32704,5359.3636
4,2,-1,11,8.2041306,671.34846,310.43434,1,0.63308495,0.78936438,0,136.50159,11.120125,170.19753,192.24295,186,0.24691358,5,1401.5123,170.96296,11494.5
4,2,-1,12,9.454143,698.0741,293.07889,1,0.6690047,0.76087889,0,122.34478,11.166281,139.14634,161.28346,155,0.24390244,5,1348.2195,143.07317,12714.476
4,2,-1,13,10.840319,726.27402,274.63031,1,0.70277297,0.7315901,0,129.1812,11.839295,134.47826,151.89981,147,0.19875776,5,1477.25,137,15935.128
4,2,-1,14,12.348113,756.3213,254.75165,1,0.73411673,0.70191646,0,62.817449,8.9939434,60.062112,73.950465,70,0.1552795,5,781.78571,63.639752,9606.4154
4,2,-1,15,13.967637,788.69009,233.01716,1,0.76274246,0.67230984,0,27.133705,7.267486,23.916667,41.034722,36,0.18589744,5,347.29167,25.166667,4798.1146
4,2,0,2,31.252395,462.64136,415.83494,1,0.25902265,0.96391741,1,0,0,0,0,0,0,0,0,0,0
4,2,0,3,25.38035,480.67934,399.95597,1,0.29436234,0.95590833,1,2.4262528,1.7414069,7.8789809,31.979269,25,0.26751592,2,193.17357,7.8789809,4736.6389
4,2,0,4,21.324143,500.04881,384.37241,1,0.33215031,0.94481277,0,276.5019,10.19249,786.51899,840.58725,825,0.60126582,5,16741.842,788.02532,355706.54
4,2,0,5,18.595722,520.35219,368.98683,1,0.3713251,0.9307479,0,824.30811,18.353679,2066.1761,2116.4197,2102,0.55974843,5,38514.283,2066.1761,718030.82
4,2,0,6,16.84264,541.38424,353.67983,1,0.41112459,0.91386435,0,140.09213,8.4095704,311.40244,349.43322,339,0.44512195,5,5219.8567,311.40244,87509.268
4,2,0,7,15.817195,563.06428,338.31675,1,0.4509755,0.89434622,0,12.140827,3.6911707,24.076923,53.583826,45,0.32692308,5,391.30769,25.230769,6074.2564
4,2,0,8,15.34562,585.39536,322.74895,1,0.49042185,0.87241111,0,127.56132,8.9751043,226.91875,254.90699,247,0.31875,5,3528.2734,230.58125,53997.168
4,2,0,9,15.304989,608.44154,306.81162,1,0.52907976,0.84831006,0,29.305482,4.9760216,46.9875,63.654844,59,0.19375,5,747.32812,49.0875,11379.399
4,2,0,10,15.607322,632.31706,290.31892,1,0.56660854,0.8223276,0,62.650707,7.3294096,90.925926,113.15181,107,0.25925926,5,1422.2654,90.987654,22238.452
4,2,0,11,16.188938,657.18353,273.05651,1,0.60269155,0.79478174,0,96.021101,9.0560561,126.625,142.62109,138,0.175,5,2052.1406,126.625,33267.742
4,2,0,12,17.003353,683.2535,254.77096,1,0.63702281,0.76602397,0,37.396331,6.3084024,44.969325,57.545786,54,0.14110429,5,764.54294,44.969325,13005.531
4,2,0,13,18.016517,710.80003,235.15485,1,0.66929678,0.73643922,0,16.324613,5.2611881,17.962264,33.512282,29,0.16981132,5,342.88679,19.006289,6188.691
4,2,0,14,19.203594,740.1735,213.82547,1,0.69919999,0.70644593,0,30.527389,6.6486855,30.84375,45.125977,41,0.15625,5,617.46875,32.3125,11802.004
4,2,0,15,20.546785,771.8281,190.29375,1,0.72640318,0.67649601,0,170.72992,14.350044,159,178.6,173,0.21875,5,3282.25,159.4,67595.263
4,2,1,5,33.475242,523.95037,333.26269,1,0.37655112,0.92419404,1,0,0,0,0,0,0,0,0,0,0
4,2,1,6,30.525157,542.17891,317.7837,1,0.40977682,0.90744071,1,0,0,0,0,0,0,0,0,0,0
4,2,1,7,28.431568,561.62667,302.08353,1,0.44408373,0.88807649,1,0,0,0,0,0,0,0,0,0,0
4,2,1,8,27.026777,582.16053,286.01142,1,0.47878548,0.86631895,1,0,0,0,0,0,0,0,0,0,0
4,2,1,9,26.178285,603.73879,269.3926,1,0.51331323,0.84241915,1,0,0,0,0,0,0,0,0,0,0
4,2,1,10,25.783486,626.39535,252.02335,1,0.54718013,0.81666163,1,2.0648434,1.6046858,3.081761,5.7359282,5,0.031446541,1,76.273585,3.081761,1887.7712
4,2,1,11,25.763655,650.23152,233.66263,1,0.57995378,0.78936438,1,3.0204738,2.2659988,4.1111111,9.5123457,8,0.061728395,1,101.75,4.1111111,2518.3125
4,2,1,12,26.058677,675.41511,214.01954,1,0.61123516,0.76087889,1,0,0,0,0,0,0,0,0,0,0
4,2,1,13,26.622835,702.18686,192.735,1,0.64064207,0.7315901,1,0,0,0,0,0,0,0,0,0,0
4,2,1,14,27.421633,730.87553,169.35518,1,0.66779568,0.70191646,1,0,0,0,0,0,0,0,0,0,0
4,2,1,15,28.429439,761.92404,143.29183,1,0.69230848,0.67230984,1,0,0,0,0,0,0,0,0,0,0
4,3,-7,4,-6.4366264,727.66923,750.98742,1,0.57928058,0.65584063,1,0,0,0,0,0,0,0,0,0,0
4,3,-7,5,-6.1964513,754.79802,727.62367,1,0.62383554,0.64756168,1,0,0,0,0,0,0,0,0,0,0
4,3,-7,6,-5.7021564,782.24696,706.37179,1,0.66617313,0.6377498,1,0,0,0,0,0,0,0,0,0,0
4,3,-6,1,-5.1660393,596.96714,753.69025,1,0.4054144,0.72813846,1,0,0,0,0,0,0,0,0,0,0
4,3,-6,2,-6.2282037,625.02342,725.54363,1,0.457779,0.72476647,1,0,0,0,0,0,0,0,0,0,0
4,3,-6,3,-6.7076084,651.47538,700.45513,1,0.50704243,0.71920228,1,0,0,0,0,0,0,0,0,0,0
4,3,-6,4,-6.7594951,677.13334,677.744,1,0.55388149,0.71152958,1,0,0,0,0,0,0,0,0,0,0
4,3,-6,5,-6.4841652,702.56315,656.92517,1,0.59866964,0.70186552,1,0,0,0,0,0,0,0,0,0,0
4,3,-6,6,-5.9500196,728.20412,637.63133,1,0.64160163,0.69036073,1,0,0,0,0,0,0,0,0,0,0
4,3,-6,7,-5.2055242,754.43316,619.57008,1,0.68275795,0.67719933,1,0,0,0,0,0,0,0,0,0,0
4,3,-6,8,-4.2859669,781.60507,602.49779,1,0.72214091,0.6625989,1,5.9605995,3.0483345,5.4691358,7.8231702,7,0.024691358,2,-20.274691,5.4691358,75.267747
4,3,-5,-1,2.9494018,494.55688,748.08067,1,0.25541588,0.78384512,0,208.81447,8.4612674,640.83019,674.27269,665,0.39622642,5,1921.2138,641.13208,5821.8003
4,3,-5,0,-1.0455186,528.71896,715.78679,1,0.31706411,0.78510491,0,19.98805,3.1298238,49.493827,60.062167,57,0.11728395,5,-44.669753,49.493827,49.488426
4,3,-5,1,-3.3929402,558.17926,687.90667,1,0.37256739,0.78384512,1,232.51684,10.764322,489.19255,512.89001,506,0.25465839,4,-1638.6568,491.06211,5499.1137
4,3,-5,2,-4.7326663,585.08379,663.13389,1,0.42430439,0.78008246,1,1.8332202,1.294481,3.3703704,5.6639232,5,0.024691358,1,-12.638889,3.3703704,47.395833
4,3,-5,3,-5.3929062,610.55895,640.70266,1,0.47340523,0.77386715,1,0,0,0,0,0,0,0,0,0,0
4,3,-5,4,-5.5653996,635.29818,620.09943,1,0.52045553,0.76528289,1,0,0,0,0,0,0,0,0,0,0
4,3,-5,5,-5.3717333,659.78353,600.94836,1,0.56575989,0.75444682,1,0,0,0,0,0,0,0,0,0,0
4,3,-5,6,-4.8934593,684.38776,582.95598,1,0.60946051,0.74150958,1,-1.1444436,1.1489039,-1.3924051,1.9539337,1,0.037974684,1,0,0,0
4,3,-5,7,-4.1875134,709.42896,565.88048,1,0.65159752,0.72665527,1,11.391511,3.573224,12.703704,15.878829,15,0.037037037,2,-48.194444,12.851852,180.72917
4,3,-5,8,-3.2948118,735.20428,549.51265,1,0.69214214,0.71010149,1,13.767761,4.8833571,14.125,25.100781,22,0.125,4,-51.253125,16.6375,160.23047
4,3,-5,9,-2.2453617,762.01409,533.66249,1,0.7310159,0.69209929,0,7.5273086,4.8473755,7.1265823,21.061849,17,0.15189873,5,-18.963608,9.4746835,39.636472
4,3,-5,10,-1.0614527,790.18272,518.14886,1,0.76810205,0.67293319,0,48.160726,8.4413704,42.193548,54.693028,51,0.13548387,5,-49.508065,43.709677,59.941532
4,3,-4,-2,20.332031,421.87519,721.39195,1,0.14985512,0.82986275,0,24.987311,2.3350084,138.37391,167.20386,157,0.29565217,7,2855.0609,140.4,58086.871
4,3,-4,-1,9.9634732,464.26456,687.20769,1,0.22227089,0.83394504,0,275.1859,8.7103376,1032.4785,1068.0207,1058,0.39877301,5,10357.647,1037.546,103520.89
4,3,-4,0,4.3619578,497.03487,658.83411,1,0.28236373,0.83531139,0,13.756518,2.5423191,40.695652,56.563867,52,0.17391304,5,199.70342,45.559006,878.00272
4,3,-4,1,1.0371781,525.51333,633.93852,1,0.33684539,0.83394504,0,306.78205,11.347453,759.51572,789.2424,781,0.35220126,5,855.69654,759.51572,1025.3722
4,3,-4,2,-0.94962906,551.68533,611.50199,1,0.38804317,0.82986275,0,40.769916,4.7014731,87.189873,101.09283,97,0.15822785,5,-72.696203,87.189873,73.993671
4,3,-4,3,-2.0621463,576.5587,590.92646,1,0.43699759,0.82311471,0,584.19835,17.914462,1100.3774,1138.5974,1128,0.45283019,5,-2214.1101,1100.3774,4537.2642
4,3,-4,4,-2.5635245,600.74354,571.80381,1,0.48421652,0.81378462,0,149.82554,9.8830327,251.8,275.88,269,0.26875,5,-644.05,251.8,1672.1375
4,3,-4,5,-2.6166341,624.66067,553.82777,1,0.52994283,0.80198963,0,122.28629,9.4847605,185.06211,206.03082,200,0.22981366,5,-483.32764,185.69565,1270.1867
4,3,-4,6,-2.3284545,648.63449,536.75216,1,0.57427078,0.78788038,0,1.6602282,2.8954884,2.2777778,15.780864,12,0.15432099,5,-15.944444,7.1111111,35.861111
4,3,-4,7,-1.772331,672.94139,520.36763,1,0.61720337,0.77164098,0,79.445789,8.7613589,99.324841,119.98223,114,0.22929936,5,-179.44108,100.40127,327.98846
4,3,-4,8,-1.000161,697.83893,504.4869,1,0.65868311,0.753489,0,101.33983,10.274907,115.92593,138.15181,132,0.25925926,6,-112.58642,119.7284,116.0571
4,3,-4,9,-0.049518388,723.58628,488.93413,1,0.69860945,0.73367551,0,32.037478,6.7847358,33.64557,50.769748,46,0.20253165,5,-1.2800633,34.208861,2.2424842
4,3,-4,10,1.0519639,750.46138,473.53607,1,0.73684875,0.71248503,0,14.006326,5.6196069,13.54321,29.526139,25,0.17901235,5,17.287037,15.049383,20.675154
4,3,-4,11,2.2837904,778.77791,458.11371,1,0.77324006,0.69023557,0,22.726199,7.1893201,20.286624,41.185241,35,0.22292994,5,58.342357,25.955414,131.19865
4,3,-3,-1,21.818872,443.54623,634.52715,1,0.19801582,0.87572519,0,321.28626,8.6232399,1420.8889,1454.3765,1445,0.38271605,5,30996.639,1420.8889,676381.06
4,3,-3,0,13.695459,473.75034,609.40667,1,0.254195,0.8771744,0,300.43454,9.4631437,1036.7375,1066.3721,1058,0.3375,5,14237.019,1036.7375,195613.26
4,3,-3,1,8.7354125,500.64818,586.9067,1,0.30620584,0.87572519,0,336.30363,11.010901,961.80255,991.641,983,0.33121019,5,8456.5685,961.80255,74404.963
4,3,-3,2,5.6207492,525.75955,566.3117,1,0.35583361,0.87139428,0,19.227945,3.3307585,47.086957,66.530651,61,0.2173913,5,285.10093,49.84472,1634.1277
4,3,-3,3,3.6941385,549.86014,547.18008,1,0.40383324,0.8642319,0,264.63294,11.415819,566.33333,596.85744,588,0.33333333,5,2130.6698,569.42138,7991.8687
4,3,-3,4,2.58382,573.4259,529.19555,1,0.4505395,0.85432172,0,24.070923,4.3181682,45.64375,67.046523,61,0.24375,5,127.7625,45.825,361.25781
4,3,-3,5,2.0618131,596.79197,512.10977,1,0.49608155,0.84178091,0,304.93088,13.865397,517.425,553.54969,543,0.3875,5,1116.6187,517.425,2436.2391
4,3,-3,6,1.9800702,620.22316,495.71452,1,0.54047497,0.82676009,0,7.3201225,3.7691712,11.197531,33.242951,27,0.24691358,5,22.188272,11.197531,47.064043
4,3,-3,7,2.2382727,643.95067,479.82559,1,0.58366644,0.80944339,0,349.13374,16.472852,484.1875,521.89258,511,0.4125,5,1094.2188,484.1875,2482.9336
4,3,-3,8,2.7662084,668.1944,464.27203,1,0.6255571,0.79004837,0,50.937253,7.4671609,64.331288,88.937408,82,0.27607362,5,189.24233,67.398773,533.20322
4,3,-3,9,3.5135156,693.17878,448.88778,1,0.66601546,0.7688261,0,41.971064,6.9769615,48.45,64.866469,60,0.175,5,179.0375,50.4,639.56875
4,3,-3,10,4.4434179,719.14638,433.50415,1,0.70488453,0.7460611,0,16.370841,5.459922,17.32716,33.395328,29,0.19135802,5,88.009259,20.222222,385.52315
4,3,-3,11,5.5287459,746.37162,417.94217,1,0.74198549,0.72207138,0,89.582648,10.47017,87.178344,103.81902,99,0.18471338,5,494.28662,87.847134,2787.2834
4,3,-3,12,6.7493328,775.17672,402.00376,1,0.77711934,0.69720842,0,24.92365,6.5520167,22.360759,34.554118,31,0.13291139,5,177.34177,26.708861,1180.1345
4,3,-2,0,26.758033,463.08324,564.1374,1,0.24373635,0.9085838,1,0,0,0,0,0,0,0,0,0,0
4,3,-2,1,19.845396,486.50071,543.86401,1,0.28968665,0.90707539,0,199.44834,8.1669406,624.51852,653.9561,646,0.35802469,5,12414.75,625.96296,246258.55
4,3,-2,2,15.220952,509.33439,524.91227,1,0.33522334,0.90256691,0,604.32391,15.161786,1627.1026,1666.4451,1655,0.43589744,5,24802.942,1627.2051,378107.89
4,3,-2,3,12.132239,531.84598,507.02653,1,0.38036297,0.89510857,0,593.67405,16.143997,1397.0938,1443.3682,1430,0.50625,5,17104.773,1402.0938,208715.96
4,3,-2,4,10.11689,554.23567,489.99287,1,0.42503515,0.88478404,0,92.834001,7.209621,193.25,225.24219,216,0.35,5,1970.1094,193.5,20066.047
4,3,-2,5,8.878749,576.67494,473.62404,1,0.4691237,0.8717105,0,357.64172,14.193024,664.55828,695.53611,687,0.36196319,5,5897.7546,666.30675,52234.098
4,3,-2,6,8.221047,599.32385,457.74987,1,0.51248533,0.85603857,0,109.1403,8.7553622,182.30435,213.88091,205,0.36024845,5,1516.1848,184.65217,12454.867
4,3,-2,7,8.0088903,622.3419,442.2101,1,0.55495871,0.83795236,0,168.30593,11.145539,254.13125,283.21707,275,0.33125,5,2054.9844,255.1,16574.013
4,3,-2,8,8.1473396,645.89632,426.84825,1,0.59636881,0.81766945,0,124.81035,10.217742,171.125,196.26172,189,0.275,5,1458.5234,177.46875,11991.529
4,3,-2,9,8.5681183,670.16982,411.50587,1,0.63652876,0.79544091,0,382.15568,17.924904,477.5625,501.75703,495,0.28125,5,4139.95,479.15,35791.653
4,3,-2,10,9.2212823,695.36877,396.0164,1,0.67524026,0.77155126,0,293.06085,16.64281,334.86076,361.63147,354,0.30379747,5,3103.1582,334.86076,28770.084
4,3,-2,11,10.069845,721.73306,380.19814,1,0.71229306,0.7463185,0,22.846901,5.9958483,23.938272,39.466831,35,0.17283951,5,249.33025,24.679012,2520.5486
4,3,-2,12,11.086222,749.54876,363.84553,1,0.74746364,0.72009411,0,83.97615,10.183473,80.901235,96.247676,92,0.17901235,5,915.96605,82.432099,10183.325
4,3,-2,13,12.249834,779.16517,346.71781,1,0.78051327,0.69326306,0,38.053879,7.9194875,33.8,49.48,45,0.175,5,438.5,35.6,5402.225
4,3,-1,1,33.295917,485.68063,503.24779,1,0.29487002,0.92648842,1,0,0,0,0,0,0,0,0,0,0
4,3,-1,2,27.317677,504.56653,485.78577,1,0.33296156,0.92187339,1,0,0,0,0,0,0,0,0,0,0
4,3,-1,3,23.000632,524.2168,469.00021,1,0.37251241,0.91423747,0,130.64088,7.6760211,320.625,354.90234,345,0.375,6,7471.8516,324.59375,172019.66
4,3,-1,4,19.932485,544.46891,452.77368,1,0.41290101,0.90366433,0,123.46284,7.9224296,270.20755,300.63475,292,0.34591195,5,5390.3208,271.16981,107163.6
4,3,-1,5,17.809317,565.25887,436.979,1,0.4536456,0.89027115,0,33.082872,4.993276,64.924528,96.024564,87,0.33962264,5,1223.5519,68.91195,21724.703
4,3,-1,6,16.410658,586.58909,421.48364,1,0.4943536,0.87420855,0,173.04601,10.286334,306.01235,330.88416,324,0.29012346,5,5004.1265,306.01235,81850.021
4,3,-1,7,15.57653,608.5101,406.15042,1,0.53468914,0.85566064,0,-2.9442415,2.8637528,-4.7116564,21.002522,14,0.30674847,5,68.897239,4.3865031,1082.2312
4,3,-1,8,15.189994,631.11114,390.83589,1,0.57435196,0.83484501,0,295.57098,14.817862,429.625,463.90234,454,0.375,5,6530.9844,429.625,99297.68
4,3,-1,9,15.164724,654.51675,375.3871,1,0.61306316,0.8120127,0,32.727266,6.0927798,43.347826,65.124764,59,0.2484472,5,668.02174,44,10144.12
4,3,-1,10,15.436368,678.88776,359.6367,1,0.65055532,0.78744825,0,96.62345,9.6570469,116.95541,136.63573,131,0.22292994,5,1828.6162,118.3758,28255.612
4,3,-1,11,15.956551,704.42615,343.39648,1,0.68656501,0.76146967,0,22.721113,5.5228147,25.2,37.52,34,0.1375,5,406.65,25.8,6415.7125
4,3,-1,12,16.68871,731.38406,326.44843,1,0.72082685,0.73442843,0,32.663168,7.0130575,33.279503,51.056595,46,0.19875776,5,596.56211,35.664596,9981.1048
4,3,-1,13,17.605185,760.07786,308.53254,1,0.75306828,0.70670948,0,34.956979,7.7170102,32.805031,52.445868,47,0.2327044,5,624.97327,35.327044,11057.365
4,3,-1,14,18.685161,790.9092,289.32968,1,0.78300454,0.67873126,0,130.33693,12.943006,112.97987,125.87442,122,0.1409396,5,2120.2903,113.26846,39694.757
4,3,0,4,31.393755,545.0247,416.69374,1,0.4174825,0.91005825,1,0,0,0,0,0,0,0,0,0,0
4,3,0,5,28.429635,563.35087,401.28686,1,0.4528327,0.89655852,1,0,0,0,0,0,0,0,0,0,0
4,3,0,6,26.265704,582.69208,385.98906,1,0.48903445,0.8803657,1,0,0,0,0,0,0,0,0,0,0
4,3,0,7,24.751454,602.98117,370.68004,1,0.52556174,0.86166389,1,28.057158,4.7311185,46,60.166667,56,0.15384615,3,1179.1458,47.75,29119.193
4,3,0,8,23.767218,624.21658,355.22464,1,0.56196408,0.84067067,1,56.885263,7.0986097,85.097561,112.76681,105,0.31097561,5,2124.4085,89.585366,50379.282
4,3,0,9,23.219143,646.45282,339.47078,1,0.5978445,0.81763711,0,184.05567,12.171727,251.72222,277.10802,270,0.29012346,5,5878.3333,253,136587.15
4,3,0,10,23.034053,669.79624,323.2453,1,0.63284226,0.79284773,0,54.139733,7.3493697,67.828221,84.779103,80,0.19018405,5,1571.0951,67.828221,36399.917
4,3,0,11,23.15502,694.40581,306.34726,1,0.66661944,0.76662054,0,84.725689,9.3222426,97.435583,114.93327,110,0.19631902,5,2255.3727,97.576687,52139.875
4,3,0,12,23.53782,720.49893,288.53831,1,0.69885015,0.73930702,0,137.78151,11.906352,145.75776,158.64958,155,0.14906832,5,3446.5435,146.2236,81247.505
4,3,0,13,24.148198,748.36311,269.52878,1,0.72921161,0.71129211,1,160.24406,13.197888,156.30625,165.72869,163,0.10625,4,3771.9109,156.30625,91033.307
4,3,0,14,24.959805,778.37538,248.95783,1,0.75737624,0.68299425,1,8.8150988,4.0955663,7.9493671,13.640763,12,0.063291139,3,226.22785,9.164557,5584.712
4,3,1,8,33.544771,625.50622,319.17382,1,0.56038292,0.83484501,1,0,0,0,0,0,0,0,0,0,0
4,3,1,9,32.479217,646.2368,302.83763,1,0.59201906,0.8120127,1,0,0,0,0,0,0,0,0,0,0
4,3,1,10,31.823854,668.29959,285.83525,1,0.62318026,0.78744825,1,0,0,0,0,0,0,0,0,0,0
4,3,1,11,31.521458,691.81305,267.94309,1,0.65344794,0.76146967,1,0,0,0,0,0,0,0,0,0,0
4,3,1,12,31.525488,716.96315,248.88997,1,0.68242606,0.73442843,1,0,0,0,0,0,0,0,0,0,0
4,3,1,13,31.798536,744.01469,228.3402,1,0.7097303,0.70670948,1,0,0,0,0,0,0,0,0,0,0
4,3,1,14,32.310935,773.33077,205.86883,1,0.734978,0.67873126,1,0,0,0,0,0,0,0,0,0,0
4,4,-6,3,7.1639205,665.45006,763.97063,1,0.494742,0.68573644,0,41.568085,6.0650997,57.615385,70.669625,67,0.15384615,5,434.5625,60.134615,3144.2552
4,4,-6,4,5.9678143,694.44039,737.97614,1,0.54549901,0.67867911,0,7.3060244,3.0727234,9.0897436,14.614635,13,0.064102564,5,53.783654,9.2628205,314.4347
4,4,-6,5,5.2818798,722.6383,714.67302,1,0.59324953,0.66980625,0,40.709543,6.6913632,45.962963,57.075903,54,0.12962963,5,247.33642,46.876543,1309.3187
4,4,-6,6,4.9925003,750.7185,693.5085,1,0.63843235,0.65926848,0,49.844939,7.8735567,51.471698,66.105376,62,0.16981132,5,271.99528,54.761006,1354.5704
4,4,-6,7,5.0209864,779.21921,674.07254,1,0.68128816,0.64724993,0,4.0304832,3.7667484,3.8291139,12.806061,10,0.094936709,5,26.134494,5.2974684,129.23932
4,4,-5,1,14.19339,571.25042,746.85764,1,0.37075572,0.74557202,0,69.306008,6.1779553,139.37107,154.34516,150,0.16352201,5,1977.7783,139.41509,28066.195
4,4,-5,2,11.048712,601.76052,718.30601,1,0.42719749,0.7420731,0,43.460373,5.3405766,75.493827,86.062167,83,0.11728395,5,837.3858,75.493827,9295.3974
4,4,-5,3,8.9384576,629.88443,693.04561,1,0.4796191,0.73629735,0,33.544752,5.1884179,51.496933,63.44296,60,0.12883436,5,463.9908,51.521472,4183.7906
4,4,-5,4,7.5640588,656.71739,670.27815,1,0.52905839,0.72832846,0,34.71572,5.7200677,47.791411,62.00828,58,0.1595092,5,377.03528,49.147239,2899.2312
4,4,-5,5,6.7396663,682.97108,649.46177,1,0.57608009,0.71828358,0,3.2132012,2.9704399,4.0063694,13.71727,11,0.11464968,5,47.019108,6.8917197,321.11545
4,4,-5,6,6.3416457,709.16517,630.1992,1,0.6209909,0.70631337,0,32.00289,6.2069297,36.4,49.84,46,0.15,5,231.5,36.4,1476.575
4,4,-5,7,6.2838377,735.72164,612.18115,1,0.66394189,0.69260191,0,12.718086,5.096622,13.267081,28.266502,24,0.16770186,5,100.06677,15.832298,633.1479
4,4,-5,8,6.5041402,763.0189,595.15408,1,0.70498264,0.67736679,0,60.86885,9.0763718,58.484472,76.052853,71,0.19254658,5,399.84006,60.714286,2638.3164
4,4,-5,9,6.956673,791.42799,578.89965,1,0.74409182,0.66085907,0,5.9310411,4.7520717,5.2676056,17.812736,14,0.14084507,5,32.746479,5.2676056,205.82923
4,4,-4,-1,32.27284,481.63254,743.57035,1,0.23692719,0.79231416,1,0,0,0,0,0,0,0,0,0,0
4,4,-4,0,24.119577,517.87803,710.91954,1,0.30161705,0.79359259,1,83.957137,5.792463,220.90184,232.27901,229,0.12269939,4,5327.7163,220.90184,128513.7
4,4,-4,1,18.736413,548.51237,682.95661,1,0.35898491,0.79231416,0,127.25927,7.8354447,280.87342,299.06786,294,0.21518987,5,5269.8418,280.87342,98891.868
4,4,-4,2,15.051354,576.17482,658.19749,1,0.41205944,0.7884956,0,71.281194,6.4564646,136.4,152.64,148,0.18125,5,2056.2,136.4,31010.425
4,4,-4,3,12.513947,602.17248,635.81673,1,0.46221302,0.78218711,0,105.40604,8.3347793,178.375,198.94141,193,0.225,5,2240.3047,178.40625,28145.354
4,4,-4,4,10.800429,627.28097,615.27626,1,0.51014357,0.7734724,0,50.413074,6.3923024,76.435583,93.933268,89,0.19631902,5,869.11656,80.110429,9432.2094
4,4,-4,5,9.7040861,652.02473,596.18889,1,0.55621527,0.76246861,0,80.170323,8.4899512,109.89873,135.44672,128,0.27848101,5,1111.0127,113.83544,10844.65
4,4,-4,6,9.0853935,676.79982,578.25554,1,0.60060513,0.74932638,0,70.53927,8.1471007,88.006135,103.31661,99,0.17177914,5,839.66104,91.932515,7674.1292
4,4,-4,7,8.8463281,701.93731,561.23149,1,0.64337509,0.73422982,0,24.596242,5.872113,28.06962,44.908068,40,0.1835443,5,289.08544,32.708861,2556.1646
4,4,-4,8,8.9159318,727.74087,544.90592,1,0.68451094,0.71739651,0,5.5679454,4.7147276,5.835443,24.415799,19,0.20253165,5,56.827532,6.5379747,495.28837
4,4,-4,9,9.2416701,754.51287,529.08798,1,0.72394445,0.6990775,0,3.5119367,4.3959284,3.3913043,18.019444,14,0.17391304,5,75.779503,8.0745342,712.07298
4,4,-4,10,9.7840014,782.57586,513.59604,1,0.76156646,0.67955733,0,21.292924,6.7053773,19,35.8,31,0.1875,5,243.75,25,2376.5625
4,4,-3,0,31.618269,507.87425,653.1764,1,0.30185812,0.83284399,1,0,0,0,0,0,0,0,0,0,0
4,4,-3,1,25.464069,534.07696,629.083,1,0.35274215,0.83148269,1,3.161051,1.6539207,7.4512195,15.199212,13,0.085365854,2,233.0122,9.4146341,5767.0518
4,4,-3,2,21.086168,558.71274,607.16882,1,0.40136355,0.82741552,0,39.485594,4.8614701,81.4,100.44,95,0.2125,5,1743.45,82.6,36804.263
4,4,-3,3,17.963428,582.48079,586.95141,1,0.44834688,0.82069269,0,92.04514,7.4749127,168.48734,187.21691,182,0.22151899,5,3061.1013,170.27848,55040.506
4,4,-3,4,15.763495,605.83722,568.08045,1,0.49399021,0.81139789,0,22.571207,4.80551,37.074074,62.303155,55,0.27160494,5,670.57407,42.37037,10616.759
4,4,-3,5,14.263471,629.11625,550.28197,1,0.53841674,0.79964827,0,349.35834,15.789405,518.86164,549.91104,541,0.34591195,5,7416.5283,519.48428,105899.19
4,4,-3,6,13.308193,652.58951,533.32915,1,0.58164632,0.78559448,0,85.444643,8.930192,115.40491,145.47905,137,0.33742331,5,1553.9617,117.22086,20601.041
4,4,-3,7,12.786476,676.4994,517.02467,1,0.62363264,0.76942062,0,82.129516,8.9401787,101.32911,121.66408,116,0.24050633,5,1313.6741,102.50633,16839.704
4,4,-3,8,12.616797,701.08071,501.18886,1,0.66428391,0.75134426,0,57.726368,8.0649424,65.291925,83.209521,78,0.19254658,5,873.14907,68.621118,11111.351
4,4,-3,9,12.738285,726.57713,485.65053,1,0.7034747,0.73161648,0,68.862511,9.4145623,71.617284,95.867246,89,0.27160494,5,964.94444,75.728395,12297.505
4,4,-3,10,13.10485,753.25597,470.23898,1,0.74105279,0.71052179,0,23.917922,5.9797825,22.932515,32.872087,30,0.11042945,5,321.08742,24.288344,4251.5978
4,4,-3,11,13.681247,781.42394,454.77604,1,0.77684288,0.6883782,0,40.945813,7.8756473,36.283019,48.703521,45,0.13836478,5,512.13208,37.660377,6968.9292
4,4,-2,1,33.964827,529.35736,581.49691,1,0.35826061,0.86096746,1,0,0,0,0,0,0,0,0,0,0
4,4,-2,2,28.932322,550.38592,561.84966,1,0.40077068,0.85672271,1,0,0,0,0,0,0,0,0,0,0
4,4,-2,3,25.177868,571.45916,543.35341,1,0.44314436,0.84970392,1,17.053965,3.3589246,32.7,41.480625,39,0.1,2,817.52344,33.03125,20233.705
4,4,-2,4,22.409028,592.71625,525.79811,1,0.48524495,0.83999477,0,12.053231,3.6785739,20.865031,40.549927,35,0.2208589,5,512.83742,22.969325,11450.917
4,4,-2,5,20.410743,614.29084,508.99763,1,0.52691558,0.82771243,0,70.520758,7.3211472,110.77848,132.26202,126,0.23417722,5,2270.4019,111.48101,46245.464
4,4,-2,6,19.023799,636.31955,492.78209,1,0.56798571,0.81300752,0,136.2401,10.331856,195.01235,218.71117,212,0.2654321,5,3777.1667,198.12346,72022.765
4,4,-2,7,18.129185,658.94869,476.99158,1,0.60827431,0.79606415,0,125.83749,10.391599,164.68675,184.95322,179,0.21686747,5,3015.0813,166.06024,54753.288
4,4,-2,8,17.637022,682.34067,461.47048,1,0.6475913,0.77709991,0,115.74102,10.676294,138.8875,164.1318,157,0.2875,5,2461.9984,139.00625,43614.457
4,4,-2,9,17.478759,706.68098,446.06198,1,0.68573772,0.75636585,0,70.181821,9.0387865,77.410256,99.395792,93,0.24358974,5,1361.4487,78.153846,23721.833
4,4,-2,10,17.601667,732.18669,430.60214,1,0.7225052,0.73414651,0,160.0852,13.604988,162.66456,191.10844,183,0.32278481,5,2880.0427,163.05696,50877.599
4,4,-2,11,17.964926,759.11723,414.91305,1,0.7576748,0.71075988,0,47.496521,8.4931616,44.555556,63.477366,58,0.2037037,5,847.03704,47.259259,15184.565
4,4,-2,12,18.536819,787.789,398.79422,1,0.79101535,0.68655745,0,2.7651537,4.5854886,2.4,15.84,12,0.15,5,92.65,5,1717.2125
4,4,-1,3,33.774451,569.63749,503.18385,1,0.45026813,0.86771356,1,0,0,0,0,0,0,0,0,0,0
4,4,-1,4,30.476427,588.33853,486.65535,1,0.48741151,0.8577558,1,0,0,0,0,0,0,0,0,0,0
4,4,-1,5,27.969802,607.82926,470.61025,1,0.52500692,0.84515382,1,0,0,0,0,0,0,0,0,0,0
4,4,-1,6,26.114012,628.11914,454.92038,1,0.56269617,0.83005824,1,0,0,0,0,0,0,0,0,0,0
4,4,-1,7,24.795904,649.25861,439.45353,1,0.6001549,0.81265317,1,96.837512,8.80352,131.125,142.10078,139,0.125,3,3242.675,131.125,80192.005
4,4,-1,8,23.925288,671.3361,424.07138,1,0.63708231,0.7931562,1,60.24182,7.933811,75,97.564103,91,0.25,5,1846.9615,77.384615,44085.606
4,4,-1,9,23.430564,694.4783,408.62613,1,0.67319296,0.77181838,0,-5.5440281,3.3833158,-6.35625,15.046523,9,0.24375,5,11.759375,0.4875,283.71172
4,4,-1,10,23.254956,718.8536,392.95586,1,0.70821009,0.74892424,0,30.038552,6.5178778,31.765432,47.507697,43,0.17283951,5,767.46914,32.975309,17864.191
4,4,-1,11,23.353456,744.67909,376.87815,1,0.74185993,0.72479179,0,46.993132,8.294579,45.91195,65.670662,60,0.22012579,5,1188.0865,50.949686,27706.474
4,4,-1,12,23.690413,772.23196,360.18137,1,0.77386672,0.6997725,0,158.80484,14.15185,143.6,163.76,158,0.225,5,3425.35,144.6,81148.337
4,4,0,6,34.302817,628.10466,418.5856,1,0.56760797,0.83584229,1,0,0,0,0,0,0,0,0,0,0
4,4,0,7,32.576498,647.50471,403.22913,1,0.60107501,0.81828333,1,0,0,0,0,0,0,0,0,0,0
4,4,0,8,31.321614,668.07883,387.77919,1,0.63449186,0.79860878,1,0,0,0,0,0,0,0,0,0,0
4,4,0,9,30.471805,689.9017,372.09002,1,0.66749005,0.7770697,1,0,0,0,0,0,0,0,0,0,0
4,4,0,10,29.971818,713.09837,355.99514,1,0.69972226,0.75395063,1,0,0,0,0,0,0,0,0,0,0
4,4,0,11,29.776146,737.8495,339.30069,1,0.7308548,0.72956957,1,0,0,0,0,0,0,0,0,0,0
4,4,0,12,29.84762,764.40125,321.77581,1,0.76056064,0.704278,1,0,0,0,0,0,0,0,0,0,0
4,4,0,13,30.156148,793.0812,303.13883,1,0.78851289,0.67846087,1,0,0,0,0,0,0,0,0,0,0
4,5,-6,6,15.939887,784.53079,763.24744,1,0.6356159,0.62336367,0,27.376775,5.9491378,26.849057,34.04094,32,0.081761006,5,447.80189,28.037736,7154.1675
4,5,-5,3,22.360603,659.10356,756.58445,1,0.49002692,0.69206425,0,11.471554,3.6820108,16.201258,27.041019,24,0.12578616,5,401.93396,18.100629,8925.9363
4,5,-5,4,20.041999,688.0769,730.88338,1,0.54106366,0.68488655,0,57.103291,7.3234259,72.282209,85.934811,82,0.14723926,5,1452.7975,72.282209,29207.165
4,5,-5,5,18.391774,716.21635,707.81329,1,0.58908274,0.67585894,0,50.901793,7.3876004,58.4,71.84,68,0.15,5,1130.5,61.6,20751.25
4,5,-5,6,17.264263,744.19737,686.83061,1,0.63453201,0.66513203,0,27.665828,5.8491585,29,37.592,35,0.09375,5,510.45,29.4,8866.1375
4,5,-5,7,16.557057,772.55545,667.53188,1,0.6776569,0.65288994,0,23.751504,6.0726868,22.883436,34.231189,31,0.12883436,5,431.08896,25.97546,7156.421
4,5,-4,1,33.480134,581.58029,740.80313,1,0.38828606,0.74285967,1,0,0,0,0,0,0,0,0,0,0
4,5,-4,2,28.898003,610.29039,713.09649,1,0.44198226,0.7393802,1,0,0,0,0,0,0,0,0,0,0
4,5,-4,3,25.497341,637.16293,688.39997,1,0.49234492,0.73363686,1,0.59140835,1.900001,0.88125,8.0155078,6,0.08125,2,40.528125,1.6375,1003.0711
4,5,-4,4,22.978714,663.07975,666.02516,1,0.54015212,0.72571334,0,39.055468,6.1043323,52.472393,67.262712,63,0.1595092,5,1207.7592,52.472393,27806.138
4,5,-4,5,21.141926,688.64071,645.4877,1,0.58582964,0.7157268,0,93.734568,9.3465883,114.51852,130.39415,126,0.18518519,5,2430.7531,114.66667,51533.278
4,5,-4,6,19.846489,714.30091,626.42324,1,0.62960181,0.70382789,0,24.351352,5.5161027,27.222222,38.024691,35,0.12345679,5,563.59722,28.388889,11191.247
4,5,-4,7,18.990358,740.44258,608.54252,1,0.67156704,0.69020069,0,38.054548,6.7104564,39.110429,47.563758,45,0.09202454,5,740.49847,39.110429,14027.665
4,5,-4,8,18.497489,767.41869,591.60451,1,0.71173925,0.67506281,0,41.312934,7.6650702,39.184049,52.854116,49,0.15337423,5,754.01074,40.717791,13966.511
4,5,-3,2,33.722529,599.72137,653.92019,1,0.45099893,0.77494233,1,0,0,0,0,0,0,0,0,0,0
4,5,-3,3,30.06858,623.14588,632.28779,1,0.49651745,0.76878464,1,0,0,0,0,0,0,0,0,0,0
4,5,-3,4,27.284965,646.32789,612.25504,1,0.54064423,0.76028104,1,0,0,0,0,0,0,0,0,0,0
4,5,-3,5,25.194662,669.60309,593.5133,1,0.58349424,0.74954868,1,5.5652693,2.7503987,7.1490683,12.482967,11,0.062111801,2,180.78261,7.3043478,4474.3696
4,5,-3,6,23.66598,693.2535,575.81012,1,0.62508909,0.7367382,0,41.574287,7.4451609,49,77,69,0.3125,5,1214.8,51.2,28824
4,5,-3,7,22.599199,717.53818,558.92964,1,0.66538745,0.7220337,0,116.92046,10.995218,126.87421,142.35522,138,0.18238994,5,2995.6289,132.01258,67982.609
4,5,-3,8,21.91772,742.71468,542.67922,1,0.70430296,0.70565278,0,236.49766,15.80902,236.95092,250.884,247,0.1595092,5,5183.0567,236.95092,113392.66
4,5,-3,9,21.562019,769.05663,526.87919,1,0.74171479,0.68784647,0,-4.952259,3.4633037,-4.5925926,10.315501,6,0.16049383,5,20.37037,0.96296296,430.94907
4,5,-2,4,32.817127,637.62913,565.54436,1,0.54641174,0.7864795,1,0,0,0,0,0,0,0,0,0,0
4,5,-2,5,30.449018,658.66319,548.11826,1,0.5857015,0.77521441,1,0,0,0,0,0,0,0,0,0,0
4,5,-2,6,28.65195,680.37752,531.39851,1,0.62439167,0.76175281,1,0,0,0,0,0,0,0,0,0,0
4,5,-2,7,27.334058,702.92807,515.2183,1,0.66230937,0.74627882,1,0,0,0,0,0,0,0,0,0,0
4,5,-2,8,26.421699,726.49169,499.41749,1,0.69926912,0.72901,1,0,0,0,0,0,0,0,0,0,0
4,5,-2,9,25.855762,751.2748,483.83666,1,0.73507392,0.71019743,1,-1.2420331,1.8745147,-1.2,3.28,2,0.05,1,0,0,0
4,5,-2,10,25.588725,777.52396,468.31084,1,0.76951526,0.69012562,1,-1.0939981,1.4897225,-0.98113208,1.7849769,1,0.031446541,1,0,0,0
4,5,-1,6,34.659067,675.38142,490.94509,1,0.62991961,0.77736448,1,0,0,0,0,0,0,0,0,0,0
4,5,-1,7,33.082314,696.20138,475.20906,1,0.66464765,0.76142878,1,0,0,0,0,0,0,0,0,0,0
4,5,-1,8,31.922047,718.20557,459.63731,1,0.69884992,0.74362724,1,0,0,0,0,0,0,0,0,0,0
4,5,-1,9,31.123369,741.54556,444.08161,1,0.73225729,0.7242109,1,0,0,0,0,0,0,0,0,0,0
4,5,-1,10,30.640541,766.41992,428.3804,1,0.76460188,0.7034643,1,0,0,0,0,0,0,0,0,0,0
4,5,-1,11,30.435694,793.08492,412.35208,1,0.79561364,0.68170544,1,0,0,0,0,0,0,0,0,0,0
4,6,-5,6,27.7748,791.38645,758.89106,1,0.64524355,0.62101877,1,0,0,0,0,0,0,0,0,0,0
4,6,-4,4,34.052413,708.59686,728.74922,1,0.56825416,0.67356064,1,0,0,0,0,0,0,0,0,0,0
4,6,-4,5,31.72297,735.3804,706.14318,1,0.61334805,0.66481741,1,0,0,0,0,0,0,0,0,0,0
4,6,-4,6,29.949642,762.38658,685.4766,1,0.65627455,0.6544381,1,0,0,0,0,0,0,0,0,0,0
4,6,-4,7,28.637378,790.06954,666.39138,1,0.69716995,0.6426068,1,0,0,0,0,0,0,0,0,0,0
4,6,-3,6,33.192675,743.12365,626.35466,1,0.66579169,0.68324445,1,0,0,0,0,0,0,0,0,0,0
4,6,-3,7,31.759628,768.29126,608.6466,1,0.70429289,0.67033585,1,0,0,0,0,0,0,0,0,0,0
4,6,-2,8,34.637121,779.73146,543.15883,1,0.74723342,0.67645293,1,0,0,0,0,0,0,0,0,0,0
5,-5,-2,-7,-31.163099,238.43731,6.1908094,0,0.36146904,0.74627882,1,0.023064853,1.0220793,0.047619048,4.4527589,3,0.047619048,1,-1.5357143,0.047619048,49.526786
5,-5,-1,-8,-46.928051,232.86626,6.7624088,0,0.36978451,0.74362724,0,66.724772,6.1271328,134.18182,151.81956,146,0.18181818,5,-6296.0227,134.18182,295436.46
5,-5,-1,-7,-46.840516,268.07002,6.1675898,0,0.31789346,0.76142878,0,94.674497,6.4978695,226.76744,242.23526,237,0.15503876,5,-10622.39,226.76744,497616.66
5,-5,0,-9,-60.456299,205.88102,6.4399493,0,0.40841981,0.72898254,0,70.421697,6.7190087,125.69466,143.8239,138,0.19847328,5,-7680.7805,126.9542,464706.14
5,-5,0,-8,-61.685951,241.75197,7.3716444,0,0.35705798,0.74860013,0,149.88538,8.71823,314.24648,334.10191,328,0.21830986,5,-19397.16,314.24648,1197348.8
5,-5,0,-7,-63.926792,278.50349,6.1845152,0,0.30240864,0.76657926,0,6.7752269,2.2773712,17.174603,33.326783,28,0.17460317,5,-1216.3175,19.079365,77542.756
5,-5,1,-9,-73.090325,197.14343,6.4415542,0,0.42076705,0.7242109,0,100.97088,8.0450452,173.78788,191.736,186,0.1969697,5,-12706.614,173.78788,929082.01
5,-5,1,-8,-75.623785,231.85643,7.8569739,0,0.37165999,0.74362724,0,51.147777,5.3885869,102.33784,116.24352,112,0.14864865,5,-7744.3108,102.33784,586061.34
5,-5,1,-7,-79.38904,266.85076,7.3296247,0,0.32007338,0.76142878,0,92.982795,6.4909888,221.19858,238.44114,233,0.18439716,5,-17569.261,221.19858,1395521.8
5,-5,2,-8,-87.526048,205.09138,7.4398188,0,0.40995114,0.72901,0,69.758019,6.6151185,124.04965,138.3815,134,0.16312057,5,-10857.477,124.04965,950326.15
5,-5,2,-7,-91.739441,236.36572,8.3961276,0,0.36529617,0.74627882,1,0,0,0,0,0,0,0,0,0,0
5,-5,2,-6,-97.345841,266.99222,7.81297,0,0.32001918,0.76175281,1,0,0,0,0,0,0,0,0,0,0
5,-4,-3,-13,-30.627669,13.365714,80.310745,0,0.68832612,0.64238372,1,0,0,0,0,0,0,0,0,0,0
5,-4,-3,-12,-27.698139,49.099531,88.292188,0,0.65377427,0.66553719,1,0,0,0,0,0,0,0,0,0,0
5,-4,-3,-11,-24.636274,82.135423,94.607501,0,0.61779744,0.6883782,1,0,0,0,0,0,0,0,0,0,0
5,-4,-2,-13,-37.513232,43.502572,87.610081,0,0.65974942,0.66192416,0,4.4790628,3.6608087,4.4938272,13.490017,11,0.10493827,5,-217.34259,5.7901235,8159.2384
5,-4,-2,-12,-35.075081,79.34645,94.599013,0,0.62123885,0.68655745,0,3.6415125,3.6866986,4.0243902,16.600143,13,0.1402439,5,-285.10976,8.097561,10038.982
5,-4,-2,-11,-32.563869,112.98764,99.997303,0,0.58091979,0.71075988,1,47.623966,6.7314923,58.268293,67.832243,65,0.097560976,4,-1901.6829,58.268293,62070.23
5,-4,-2,-10,-29.950466,144.85973,104.012,0,0.53910064,0.73414651,1,0,0,0,0,0,0,0,0,0,0
5,-4,-2,-9,-27.196068,175.29177,106.80121,0,0.49611063,0.75636585,1,0,0,0,0,0,0,0,0,0,0
5,-4,-2,-8,-24.247243,204.52123,108.4889,0,0.45231912,0.77709991,1,0,0,0,0,0,0,0,0,0,0
5,-4,-1,-14,-47.341276,22.949351,83.538794,0,0.68003372,0.6486467,0,33.245124,6.7778559,31.710692,41.796527,39,0.11949686,5,-1523.6242,32.245283,71997.018
5,-4,-1,-13,-45.521968,61.509721,91.742256,0,0.64122669,0.67425133,0,18.42228,5.0846125,19.371069,28.584866,26,0.10691824,5,-978.38836,21.490566,44544.45
5,-4,-1,-12,-43.740309,97.63339,98.136205,0,0.60005364,0.6997725,0,123.96037,10.913888,144.56051,161.99164,157,0.19745223,5,-6335.5398,144.97452,276879.58
5,-4,-1,-11,-41.996018,131.89587,102.9648,0,0.55674126,0.72479179,0,51.352252,7.0367001,66.852761,83.918514,79,0.18404908,5,-2887.1626,68.687117,121364.35
5,-4,-1,-10,-40.290268,164.76798,106.40496,0,0.51149874,0.74892424,0,24.941501,4.6795575,36.51875,46.945742,44,0.11875,5,-1463.5766,36.51875,58664.954
5,-4,-1,-9,-38.626281,196.64885,108.58199,0,0.46451879,0.77181838,0,4.4307966,2.6503012,7.3619632,19.391622,16,0.13496933,5,-368.33282,9.5030675,14278.658
5,-4,-1,-8,-37.010425,227.89063,109.57976,0,0.41597726,0.7931562,0,62.915314,5.9113237,119.9625,127.04212,125,0.08125,5,-4443.6344,119.9625,164618.45
5,-4,-1,-7,-35.454316,258.81913,109.44677,0,0.36603025,0.81265317,0,90.628303,6.7273221,201.21118,223.08017,217,0.25465839,5,-7145.4224,201.29193,253672.45
5,-4,-1,-6,-33.979122,289.7541,108.1988,0,0.3148063,0.83005824,0,151.98885,7.7524498,400.75309,417.83829,413,0.19135802,5,-13619.719,400.75309,462915.95
5,-4,-1,-5,-32.625285,321.03561,105.81744,0,0.2623868,0.84515382,1,103.87927,5.7902638,334.59748,347.8438,344,0.14465409,4,-10926.593,334.59748,356852.51
5,-4,-1,-4,-31.477737,353.07242,102.241,0,0.20875306,0.8577558,1,12.297947,1.7886618,50.531646,54.015462,53,0.037974684,1,-1629.6456,50.531646,52556.07
5,-4,0,-14,-55.502615,28.834891,85.337695,0,0.67470144,0.6525366,0,102.04807,11.067018,98.695652,114.56387,110,0.17391304,5,-5593.6677,100.73292,310623.03
5,-4,0,-13,-54.321752,67.403129,93.320516,0,0.63506585,0.67846087,0,10.612271,4.6552879,11.337423,24.734616,21,0.15337423,5,-686.65798,12.656442,37256.009
5,-4,0,-12,-53.28604,103.6492,99.51144,0,0.59296669,0.704278,0,28.809324,5.9028009,34.217391,49.152309,45,0.17391304,5,-1856.0807,34.757764,99119.284
5,-4,0,-11,-52.425319,138.15647,104.14342,0,0.54859955,0.72956957,0,103.95703,9.269466,138.25,151.96094,148,0.15,5,-7345.6562,139.875,385780.15
5,-4,0,-10,-51.783366,171.41527,107.38186,0,0.50212991,0.75395063,0,112.29632,9.0455914,168.6135,184.47077,180,0.17791411,5,-8733.0138,168.7546,451946.01
5,-4,0,-9,-51.425797,203.86013,109.33842,0,0.45368646,0.7770697,0,16.148054,3.8548713,27.658228,43.594136,39,0.17721519,5,-1532.5253,29.898734,78557.318
5,-4,0,-8,-51.454363,235.90362,110.07835,0,0.40334643,0.79860878,0,64.666445,6.0769313,128.03681,144.7706,140,0.18404908,5,-6596.5859,128.03681,339876.34
5,-4,0,-7,-52.034692,267.97592,109.62147,0,0.35110444,0.81828333,0,27.323135,3.7232413,63.679245,75.296903,72,0.13207547,5,-3318.6368,63.679245,172961.46
5,-4,0,-6,-53.455357,300.58778,107.93377,0,0.29680207,0.83584229,0,76.050664,5.4563335,214.17089,236.11124,230,0.25949367,5,-11461.714,214.17089,613421.29
5,-4,0,-5,-56.271138,334.46694,104.89789,0,0.23994775,0.8510681,0,4.0959695,1.480876,14.52795,27.588789,24,0.1552795,5,-953.9736,17.074534,53301.924
5,-4,0,-4,-61.728155,370.96377,100.21334,0,0.17914495,0.86377663,0,280.52999,7.7039764,1352.6211,1379.8238,1372,0.29813665,5,-83517.565,1352.6211,5157046.8
5,-4,1,-14,-64.039571,22.609662,84.366634,0,0.68085033,0.6486467,0,33.793526,6.8866635,32.195122,43.045806,40,0.12195122,5,-2062.4878,32.195122,132130.8
5,-4,1,-13,-63.48259,61.140917,92.551308,0,0.64209277,0.67425133,0,18.011998,4.9770912,18.91411,27.314878,25,0.098159509,5,-1209.3834,19.055215,76759.406
5,-4,1,-12,-63.167476,97.229911,98.933309,0,0.60097918,0.6997725,0,126.15425,10.950204,146.89241,162.56958,158,0.17088608,5,-9295.7389,146.89241,588273.89
5,-4,1,-11,-63.147218,131.45028,103.7564,0,0.55773882,0.72479179,0,52.120275,6.8506723,67.73125,79.25582,76,0.13125,5,-4352.7391,68.88125,275063.46
5,-4,1,-10,-63.496235,164.27031,107.19751,0,0.5125845,0.74892424,0,18.023263,4.3938975,26.333333,41.213992,37,0.16666667,5,-1694.534,26.703704,107533.3
5,-4,1,-9,-64.321101,196.08547,109.38242,0,0.46571425,0.77181838,0,1.5565382,2.0611269,2.5796178,11.668114,9,0.10191083,5,-166.15764,2.5923567,10651.541
5,-4,1,-8,-65.778435,227.24241,110.39606,0,0.41731198,0.7931562,0,59.999802,6.1107483,114.0375,134.89148,129,0.2375,5,-7507.3594,114.0375,494242.41
5,-4,1,-7,-68.106013,258.05814,110.28897,0,0.3675466,0.81265317,0,97.081711,6.8484951,214.64968,229.28516,225,0.15923567,5,-14741.352,216.13376,1005454.9
5,-4,1,-6,-71.679386,288.83757,109.08058,0,0.31656834,0.83005824,0,171.97453,8.2869536,450.92593,472.14129,466,0.22839506,5,-32332.176,450.92593,2318331
5,-4,1,-5,-77.120275,319.89323,106.75946,0,0.26449857,0.84515382,0,110.62218,6.0525884,353.4717,374.03062,368,0.22012579,5,-27263.906,353.4717,2102963.5
5,-4,1,-4,-85.514476,351.57653,103.2786,0,0.21140164,0.8577558,0,153.11265,6.2505499,621.25,643.20156,637,0.25,5,-53136.034,621.25,4544883.8
5,-4,2,-13,-72.591621,42.794062,89.244536,0,0.66143194,0.66192416,0,1.5019498,3.0400113,1.5030675,9.2554285,7,0.085889571,5,-251.95552,3.4662577,18314.554
5,-4,2,-12,-72.871316,78.576984,96.204071,0,0.62302562,0.68655745,0,10.617319,4.1160883,11.7,20.573648,18,0.1,5,-878.19844,12.09375,63773.075
5,-4,2,-11,-73.514444,112.14593,101.58524,0,0.58283044,0.71075988,0,39.488622,6.4503065,48.15625,61.875977,58,0.15625,5,-3609.9531,49.125,265286.57
5,-4,2,-10,-74.599984,143.93123,105.59448,0,0.54115924,0.73414651,0,164.80854,11.340636,223.58228,236.69556,233,0.15189873,5,-16691.775,223.58228,1246167.1
5,-4,2,-9,-76.233245,174.25773,108.38988,0,0.49834715,0.75636585,0,47.541625,6.1057063,72.15625,85.875977,82,0.15625,5,-5560.0625,72.9125,424000.88
5,-4,2,-8,-78.55538,203.35738,110.09598,0,0.45477138,0.77709991,0,124.84113,8.951745,213.32484,233.98223,228,0.22929936,5,-16771.054,213.32484,1318521.6
5,-4,2,-7,-81.755879,231.36757,110.81661,0,0.41088168,0.79606415,0,114.78985,7.9264266,222.4,235.84,232,0.15,5,-18197.6,222.4,1489019.9
5,-4,2,-6,-86.087103,258.31193,110.64843,0,0.36724957,0.81300752,0,130.06113,7.9552511,287.92593,310.15181,304,0.25925926,5,-24799.642,287.92593,2136080
5,-4,2,-5,-91.875387,284.055,109.69846,0,0.32465003,0.82771243,1,0,0,0,0,0,0,0,0,0,0
5,-4,2,-4,-99.510412,308.21604,108.11032,0,0.28419738,0.83999477,1,0,0,0,0,0,0,0,0,0,0
5,-4,3,-13,-81.353482,12.365777,82.811821,0,0.69074396,0.64238372,0,58.280311,8.5834218,54.2,63.72,61,0.10625,5,-4574.45,56.2,372345.71
5,-4,3,-12,-82.05654,48.024042,90.736408,0,0.65631976,0.66553719,0,17.130487,5.6085139,17.371069,32.34516,28,0.16352201,5,-1749.5409,21.320755,143565.28
5,-4,3,-11,-83.138097,80.973492,97.012779,0,0.62049089,0.6883782,0,32.097951,5.9461715,35.609756,43.51693,41,0.079268293,5,-2979.439,35.853659,247594.61
5,-4,3,-10,-84.662693,111.63607,101.88808,0,0.58365838,0.71052179,0,10.820123,4.1515728,13.171975,25.542456,22,0.14012739,5,-1286.7038,15.184713,109032.44
5,-4,3,-9,-86.709337,140.30122,105.55767,0,0.54626281,0.73161648,0,81.183128,8.3323314,108.72956,124.53653,120,0.17610063,5,-9484.6085,109.33962,822751.89
5,-4,3,-8,-89.37306,167.1406,108.1826,0,0.50880526,0.75134426,1,50.546726,6.247334,74.641509,85.10679,82,0.11320755,4,-6666.5031,74.641509,595415.88
5,-4,3,-7,-92.764705,192.20996,109.90389,0,0.47187434,0.76942062,1,0,0,0,0,0,0,0,0,0,0
5,-4,3,-6,-97.006585,215.43982,110.85526,0,0.43617997,0.78559448,1,0,0,0,0,0,0,0,0,0,0
5,-4,4,-11,-91.906825,38.315838,89.071469,0,0.66634149,0.659154,1,0,0,0,0,0,0,0,0,0,0
5,-4,4,-10,-93.63076,68.294494,95.087299,0,0.63493285,0.67955733,1,0,0,0,0,0,0,0,0,0,0
5,-4,4,-9,-95.808085,95.737972,99.833099,0,0.60335295,0.6990775,1,0,0,0,0,0,0,0,0,0,0
5,-4,4,-8,-98.492921,120.83584,103.50191,0,0.57212949,0.71739651,1,0,0,0,0,0,0,0,0,0,0
5,-3,-3,-13,-26.305076,26.88715,171.87896,0,0.72133263,0.67185717,1,0,0,0,0,0,0,0,0,0,0
5,-3,-3,-12,-23.146886,60.353953,176.85472,0,0.68525135,0.69720842,1,0,0,0,0,0,0,0,0,0,0
5,-3,-2,-14,-35.629787,19.023089,171.01471,0,0.72939327,0.66624375,0,33.197335,7.2678637,30.323171,44.071349,40,0.1402439,5,-1115.5793,31.268293,39806.982
5,-3,-2,-13,-33.005803,55.152065,176.53055,0,0.69132276,0.69326306,1,41.038195,7.0937559,41.153374,50.604238,48,0.11042945,5,-1362.3727,41.294479,44951.47
5,-3,-2,-12,-30.288805,88.865701,180.8942,0,0.65131886,0.72009411,1,0,0,0,0,0,0,0,0,0,0
5,-3,-2,-11,-27.447508,120.6232,184.26541,0,0.60968738,0.7463185,1,0,0,0,0,0,0,0,0,0,0
5,-3,-2,-10,-24.441474,150.77496,186.76666,0,0.56674896,0.77155126,1,0,0,0,0,0,0,0,0,0,0
5,-3,-1,-14,-42.971997,35.940306,174.09129,0,0.71236013,0.67873126,0,117.93795,11.973364,112.37037,130.1454,125,0.19135802,5,-4888.3241,113.81481,209964.74
5,-3,-1,-13,-40.88817,72.122559,179.20666,0,0.67190164,0.70670948,0,34.9803,6.8987912,36.792453,52.652189,48,0.16981132,5,-1504.0472,36.792453,61489.903
5,-3,-1,-12,-38.789885,106.17564,183.19902,0,0.62925768,0.73442843,0,20.73454,5.5606201,24.2,42.12,37,0.2,5,-951.85,24.6,36831.838
5,-3,-1,-11,-36.663784,138.57157,186.21033,0,0.58466574,0.76146967,0,17.151006,4.5040458,22.3375,34.410859,31,0.1375,5,-819.025,22.3375,30032.074
5,-3,-1,-10,-34.49268,169.69485,188.34568,0,0.53835689,0.78744825,0,101.06612,8.7720767,147.82822,164.62976,160,0.19631902,5,-5102.9969,147.82822,176171.35
5,-3,-1,-9,-32.253339,199.86465,189.682,0,0.49056143,0.8120127,1,27.874111,4.4007925,46.139241,53.064079,51,0.075949367,3,-1497.3703,46.139241,48600.175
5,-3,-1,-8,-29.912729,229.34881,190.27449,0,0.44151689,0.83484501,1,0,0,0,0,0,0,0,0,0,0
5,-3,-1,-7,-27.421331,258.37059,190.1615,0,0.39148071,0.85566064,1,0,0,0,0,0,0,0,0,0,0
5,-3,-1,-6,-24.70042,287.10609,189.36939,0,0.34075294,0.87420855,1,0,0,0,0,0,0,0,0,0,0
5,-3,0,-14,-51.10307,41.495548,175.30717,0,0.70664545,0.68299425,0,22.107003,5.9782918,21.367089,33.387598,30,0.13924051,5,-1094.4367,21.367089,56060.443
5,-3,0,-13,-49.647876,77.719893,180.28498,0,0.66535963,0.71129211,0,137.34663,11.9712,146.82822,163.7791,159,0.19018405,5,-7298.0445,146.82822,362755.38
5,-3,0,-12,-48.282142,111.9151,184.14893,0,0.62179176,0.73930702,0,123.13547,10.682138,146.40741,161.3155,157,0.16049383,5,-7070.4537,146.40741,341464.26
5,-3,0,-11,-47.020788,144.56151,187.03451,0,0.57615042,0.76662054,0,65.642975,7.6469102,87.343949,103.52878,99,0.1910828,5,-4108.0557,87.343949,193222.42
5,-3,0,-10,-45.886147,176.06121,189.04006,0,0.52862679,0.79284773,0,45.20527,6.2928804,67.8,89.08,83,0.23030303,5,-3327.3,72.4,152921.83
5,-3,0,-9,-44.911947,206.76347,190.23452,0,0.47939427,0.81763711,0,175.31592,10.532689,299.01235,322.71117,316,0.2654321,5,-13486.852,300.17284,605999.19
5,-3,0,-8,-44.150381,236.98514,190.66242,0,0.42860597,0.84067067,0,60.257705,6.0129086,118.18987,139.09277,133,0.2278481,5,-5355.2263,120.89241,237232.31
5,-3,0,-7,-43.685431,267.02952,190.34648,0,0.37638807,0.86166389,0,20.513737,3.7502985,46.962025,73.711585,66,0.29746835,5,-2321.3165,53.088608,101502.7
5,-3,0,-6,-43.65997,297.20836,189.28786,0,0.32282453,0.8803657,0,372.72828,11.854565,1016.4568,1045.1158,1037,0.32098765,5,-44421.985,1016.4568,1941474.3
5,-3,0,-5,-44.336931,327.87607,187.4628,0,0.2679204,0.89655852,0,104.37854,5.7868768,349.28834,375.00252,368,0.30674847,5,-15498.96,349.39877,687557.75
5,-3,0,-4,-46.258643,359.50431,184.81102,0,0.2115022,0.91005825,0,943.62438,14.881766,4060.2563,4100.3179,4089,0.45625,5,-187908.29,4060.2563,8696897
5,-3,1,-14,-59.684872,35.710853,174.79498,0,0.71294454,0.67873126,0,120.46823,12.250313,114.68712,136.01242,130,0.2392638,5,-6848.0368,114.68712,408911.51
5,-3,1,-13,-58.86537,71.873735,179.89488,0,0.67252132,0.70670948,0,47.693476,7.5284119,50.118012,62.585896,59,0.13664596,5,-3040.2997,51.732919,178681.49
5,-3,1,-12,-58.236236,105.90383,183.87638,0,0.62991942,0.73442843,0,36.801199,6.4797467,42.906832,57.074881,53,0.1552795,5,-2499.5435,42.906832,145619
5,-3,1,-11,-57.837643,138.27201,186.88109,0,0.58537803,0.76146967,0,21.652243,5.2316429,28.165605,46.313603,41,0.19745223,5,-1733.1624,30.063694,99919.605
5,-3,1,-10,-57.726067,169.36128,189.01394,0,0.5391305,0.78744825,0,111.12943,9.2240263,162.31447,181.50864,176,0.21383648,5,-9369.9591,162.31447,540921.31
5,-3,1,-9,-57.982319,199.48866,190.35197,0,0.49141044,0.8120127,0,28.480852,4.8261471,47.062112,63.597199,59,0.19254658,5,-2729.722,47.062112,158337.05
5,-3,1,-8,-58.724845,228.91891,190.95069,0,0.44246019,0.83484501,0,351.23526,13.834127,662.71951,681.34459,676,0.20121951,5,-38927.375,662.71951,2286609.4
5,-3,1,-7,-60.132586,257.8706,190.84914,0,0.39254446,0.85566064,0,1.9210652,2.2291921,4.1875,23.611328,18,0.2125,5,-326.26562,5.4375,19577.699
5,-3,1,-6,-62.485866,286.51243,190.07487,0,0.34197474,0.87420855,0,154.6044,7.9747298,395.2236,415.59851,410,0.24223602,5,-24707.707,395.2236,1544661.7
5,-3,1,-5,-66.242483,314.94214,188.65058,0,0.29115788,0.89027115,0,40.360589,3.9435029,123.41026,145.39579,139,0.24358974,5,-8180.6603,123.41026,542297.2
5,-3,1,-4,-72.182863,343.12649,186.60673,0,0.24070297,0.90366433,0,143.18523,6.3528457,537.55625,568.83723,560,0.35625,5,-38819.258,537.55625,2803377
5,-3,1,-3,-81.676982,370.73872,184.01163,0,0.19168468,0.91423747,0,134.79822,5.3919193,642.91824,661.34789,656,0.20125786,5,-52543.245,642.91824,4294248.9
5,-3,2,-14,-68.372283,18.579606,172.43925,0,0.73053436,0.66624375,0,31.417026,6.962402,28.652174,40.31839,37,0.13043478,5,-2094.868,30.639752,143231.77
5,-3,2,-13,-68.115299,54.673767,177.92069,0,0.6925268,0.69326306,0,35.756857,6.8818389,35.794872,47.46046,44,0.12820513,5,-2459.0192,36.025641,167850.05
5,-3,2,-12,-68.120524,88.346902,182.25914,0,0.65259694,0.72009411,0,66.196834,8.5153985,73.043478,88.287335,84,0.17391304,5,-4999.1087,73.391304,340525.37
5,-3,2,-11,-68.439226,120.05663,185.61341,0,0.61105279,0.7463185,0,22.945898,5.1249014,28.025316,39.179779,36,0.12658228,5,-1930.9161,28.221519,132123.57
5,-3,2,-10,-69.139587,150.15139,188.10535,0,0.56821783,0.77155126,0,252.56028,14.107259,342.9375,366.93164,360,0.2625,5,-23743.938,342.9375,1643999.9
5,-3,2,-9,-70.312871,178.8885,189.83061,0,0.52444608,0.79544091,0,323.92967,14.999839,491.3125,517.5918,510,0.2875,5,-34554.828,491.3125,2430341
5,-3,2,-8,-72.082041,206.44039,190.86709,0,0.48014382,0.81766945,0,140.1595,9.4148635,238.68712,257.0638,252,0.21472393,5,-17220.574,238.68712,1242445.3
5,-3,2,-7,-74.613401,232.88848,191.28284,0,0.43580243,0.83795236,0,152.64844,9.2133888,293.50943,313.83268,308,0.22641509,5,-21909.915,293.50943,1635565
5,-3,2,-6,-78.131006,258.2016,191.1447,0,0.3920495,0.85603857,0,108.92173,7.4133422,237.83019,262.01911,255,0.26415094,5,-18615.645,238.10063,1455461.2
5,-3,2,-5,-82.930407,282.1925,190.52948,0,0.34972905,0.8717105,0,318.04834,11.48448,792.74534,819.41484,812,0.31055901,5,-65761.602,792.74534,5455292.3
5,-3,2,-4,-89.378765,304.44366,189.53975,0,0.31002382,0.88478404,1,81.558176,5.6451008,232.76074,259.55407,252,0.3006135,4,-20982.615,234.86503,1874586.5
5,-3,2,-3,-97.865707,324.1996,188.32527,0,0.27462185,0.89510857,1,0,0,0,0,0,0,0,0,0,0
5,-3,3,-13,-77.073367,26.21152,174.00391,0,0.72306298,0.67185717,0,14.999751,4.8146025,13.9375,20.013477,18,0.0625,5,-1094.1484,14.15625,84571.697
5,-3,3,-12,-77.552808,59.628038,178.9337,0,0.6870729,0.69720842,0,31.497146,6.8863061,31.961783,48.830622,44,0.1910828,5,-2499.9634,32.171975,194265.4
5,-3,3,-11,-78.376491,90.653494,182.84458,0,0.64984217,0.72207138,0,89.096973,9.6846077,99,115.8,111,0.1875,5,-7809.6,99.6,612357.62
5,-3,3,-10,-79.60444,119.6246,185.88127,0,0.61177364,0.7460611,0,12.273956,4.4247824,14.968153,29.1173,25,0.15923567,5,-1320.2213,16.579618,105130.39
5,-3,3,-9,-81.310801,146.76698,188.16053,0,0.57331367,0.7688261,0,29.678862,5.5543393,39.8,55.48,51,0.175,5,-3236.35,39.8,263168.09
5,-3,3,-8,-83.585893,172.20409,189.78086,0,0.5349725,0.79004837,0,45.097452,6.5075833,66.6,92.36,85,0.2875,5,-5859.8,70,490537.88
5,-3,3,-7,-86.537094,195.95617,190.8306,0,0.49735007,0.80944339,0,317.18186,14.330781,516.21739,543.98677,536,0.30434783,5,-44709.492,516.21739,3872344.3
5,-3,3,-6,-90.286552,217.93076,191.39538,0,0.46116724,0.82676009,1,0.90377812,1.8112483,1.6202532,10.543823,8,0.10126582,2,-216.42247,2.4113924,19423.917
5,-3,3,-5,-94.962145,237.90709,191.56514,0,0.42729981,0.84178091,1,0,0,0,0,0,0,0,0,0,0
5,-3,4,-12,-86.352152,19.820272,173.30218,0,0.72961852,0.6672786,0,31.817292,6.934261,29.098765,40.218241,37,0.12345679,5,-2512.5833,29.098765,216955.64
5,-3,4,-11,-87.478719,50.55136,177.97648,0,0.69741015,0.69023557,0,23.154872,5.5628487,22.916667,30.311864,28,0.083333333,5,-1998.8285,22.916667,174346.22
5,-3,4,-10,-88.985922,78.741828,181.72142,0,0.66470569,0.71248503,1,15.01918,4.8672503,16.098765,27.218241,24,0.12345679,5,-1429.2778,16.098765,126895.98
5,-3,4,-9,-90.923751,104.63794,184.67633,0,0.63198445,0.73367551,1,-1.1166232,1.1807176,-1.2962963,1.8788294,1,0.037037037,1,0,0,0
5,-3,4,-8,-93.347162,128.37807,186.95714,0,0.59977412,0.753489,1,0,0,0,0,0,0,0,0,0,0
5,-3,4,-7,-96.313506,150.00297,188.66434,0,0.56866217,0.77164098,1,0,0,0,0,0,0,0,0,0,0
5,-3,4,-6,-99.877599,169.46171,189.8891,0,0.53930462,0.78788038,1,0,0,0,0,0,0,0,0,0,0
5,-3,5,-10,-97.386662,27.492768,174.81953,0,0.72204654,0.67293319,1,0,0,0,0,0,0,0,0,0,0
5,-3,5,-9,-99.367615,52.872762,178.58729,0,0.69496096,0.69209929,1,0,0,0,0,0,0,0,0,0,0
5,-2,-3,-13,-23.315993,36.601085,248.20746,0,0.74176916,0.69460587,1,0,0,0,0,0,0,0,0,0,0
5,-2,-2,-14,-32.676333,29.110823,247.82357,0,0.74999052,0.68862947,1,37.465248,7.201495,34.4,43.7225,41,0.1,4,-1166.3344,35.6375,38173.527
5,-2,-2,-13,-29.888385,63.768432,251.05364,0,0.71065026,0.7173442,1,0,0,0,0,0,0,0,0,0,0
5,-2,-2,-12,-26.97892,96.228498,253.60661,0,0.66946954,0.7457451,1,0,0,0,0,0,0,0,0,0,0
5,-2,-2,-11,-23.911034,126.89283,255.57207,0,0.62675326,0.77341374,1,0,0,0,0,0,0,0,0,0,0
5,-2,-1,-15,-42.185344,8.1298303,245.98087,0,0.77164483,0.67230984,0,21.339122,6.495009,18.592105,32.023113,28,0.14473684,5,-816.03947,19.302632,34500.973
5,-2,-1,-14,-39.950478,45.361882,249.74231,0,0.73225001,0.70191646,0,66.649869,9.2094172,63.888889,77.932099,74,0.16049383,5,-2590.875,64.833333,103545.16
5,-2,-1,-13,-37.683434,80.139404,252.73527,0,0.69051454,0.7315901,0,118.93159,11.11493,126.00629,138.67667,135,0.13836478,5,-4758.2594,126.00629,179698.33
5,-2,-1,-12,-35.36704,112.98274,255.06608,0,0.64668409,0.76087889,0,110.04892,10.352768,129.48193,148.37466,143,0.20481928,5,-4605.3464,130.06024,163087.22
5,-2,-1,-11,-32.979421,144.30899,256.81423,0,0.60099655,0.78936438,1,88.732237,8.764865,116.54321,132.52614,128,0.17901235,4,-3927.463,118.88889,129753.6
5,-2,-1,-10,-30.491609,174.45859,258.03912,0,0.55368754,0.81666163,1,0,0,0,0,0,0,0,0,0,0
5,-2,-1,-9,-27.863705,203.71259,258.7848,0,0.50499738,0.84241915,1,0,0,0,0,0,0,0,0,0,0
5,-2,-1,-8,-25.038471,232.30266,259.08354,0,0.45518158,0.86631895,1,0,0,0,0,0,0,0,0,0,0
5,-2,0,-15,-49.755346,13.526425,246.89745,0,0.76638174,0.67649601,0,163.85094,14.343513,144.63354,160.30655,156,0.1863354,5,-7196.587,144.63354,358095.84
5,-2,0,-14,-48.060936,50.732283,250.56676,0,0.72622913,0.70644593,0,10.813315,4.7048157,10.51875,20.945742,18,0.11875,5,-600.70312,12.4875,28898.202
5,-2,0,-13,-46.41584,85.574644,253.47648,0,0.68365912,0.73643922,0,27.508204,6.3494227,29.631902,46.780308,42,0.19631902,5,-1463.796,31.588957,67833.042
5,-2,0,-12,-44.822892,118.57584,255.72896,0,0.63889586,0.76602397,0,33.669217,6.1958713,40.36875,55.186055,51,0.16875,5,-1860.5859,41.51875,83384.786
5,-2,0,-11,-43.287288,150.162,257.39997,0,0.59214861,0.79478174,0,93.587036,8.9489658,125.6125,144.27133,139,0.2125,5,-5435.65,125.6125,235228.32
5,-2,0,-10,-41.817577,180.69094,258.5449,0,0.54361371,0.8223276,0,45.638419,6.2676511,69.0375,89.891484,84,0.2375,5,-2881.7844,69.0375,120299.77
5,-2,0,-9,-40.427366,210.47249,259.20304,0,0.49347598,0.84831006,0,24.554941,4.656646,42.21118,64.080167,58,0.25465839,5,-1798.9394,44.677019,72441.401
5,-2,0,-8,-39.138341,239.78406,259.40039,0,0.44190952,0.87241111,0,122.43344,8.3016168,241.70625,268.59691,261,0.30625,5,-9471.1828,241.70625,371142.54
5,-2,0,-7,-37.98591,268.88341,259.15138,0,0.38907758,0.89434622,0,5.5331821,2.6967917,12.71875,38.426758,31,0.28125,5,-538.20312,14.1875,20417.934
5,-2,0,-6,-37.030558,298.02031,258.45987,0,0.33513084,0.91386435,0,127.08184,7.1005227,346.53797,374.8999,367,0.33544304,5,-12844.891,346.53797,476158.6
5,-2,0,-5,-36.38296,327.44926,257.31911,0,0.28020194,0.9307479,0,747.12973,15.14103,2481.7438,2529.4884,2516,0.54375,5,-90245.302,2481.7438,3281891.6
5,-2,0,-4,-36.267211,357.44802,255.71062,0,0.22439013,0.94481277,0,247.13572,7.815273,1040.5849,1082.86,1071,0.49056604,5,-37756.068,1040.5849,1370024
5,-2,1,-15,-57.809055,7.9970001,246.63312,0,0.77200401,0.67230984,0,19.314171,6.7069736,16.82,34.1156,29,0.19333333,5,-1244.225,21.54,71871.046
5,-2,1,-14,-56.674555,45.218682,250.37672,0,0.73262861,0.70191646,0,45.846434,8.2305104,43.924528,62.180847,57,0.20754717,5,-2646.5472,46.679245,150052.14
5,-2,1,-13,-55.673187,79.98412,253.35583,0,0.69091612,0.7315901,0,123.6218,11.699962,130.89937,153.48076,147,0.25157233,5,-7293.4387,130.89937,406387.34
5,-2,1,-12,-54.827667,112.81313,255.67629,0,0.64711298,0.76087889,0,104.17071,10.112237,122.48447,141.37263,136,0.21118012,5,-6824.2733,124.45963,374194.88
5,-2,1,-11,-54.169803,144.12213,257.41728,0,0.60145815,0.78936438,0,114.62889,10.032827,150.44099,173.37676,167,0.26708075,5,-8154.8866,150.44099,442058.33
5,-2,1,-10,-53.744519,174.25064,258.63798,0,0.55418868,0.81666163,0,49.575688,6.6211798,73.055556,95.200617,89,0.25308642,5,-3970.75,73.777778,213716.58
5,-2,1,-9,-53.616338,203.47846,259.38235,0,0.50554694,0.84241915,0,64.44695,6.8919129,107.3913,131.89036,125,0.27950311,5,-5903.7174,110.08696,316611.05
5,-2,1,-8,-53.880135,232.03544,259.68271,0,0.45579137,0.86631895,0,7.7164883,3.047688,14.666667,33.555556,28,0.20512821,5,-1044.6667,19.333333,56450.375
5,-2,1,-7,-54.679693,260.10344,259.56287,0,0.40521394,0.88807649,0,195.83881,9.7649619,429.20497,458.00802,450,0.33540373,5,-23504.199,429.51553,1286238.1
5,-2,1,-6,-56.241092,287.8074,259.04141,0,0.35417161,0.90744071,0,280.80782,10.71739,719.4717,754.02729,744,0.37735849,5,-40485.689,719.4717,2278244.4
5,-2,1,-5,-58.93543,315.18624,258.13669,0,0.30314766,0.92419404,0,17.274659,2.9330022,52.664557,79.954454,72,0.29746835,5,-3097.6915,52.664557,182210.95
5,-2,1,-4,-63.40061,342.1196,256.87616,0,0.25288233,0.93815237,0,1480.5989,20.080094,5492.7812,5549.3389,5533,0.61875,5,-348280.02,5492.7812,22083952
5,-2,1,-3,-70.774903,368.1466,255.31784,0,0.20467465,0.94916505,0,263.37492,7.6594944,1221.3836,1261.6985,1250,0.44025157,5,-86453.302,1221.3836,6119576.9
5,-2,2,-14,-65.440211,28.834031,249.10731,0,0.75072964,0.68862947,0,26.464104,6.8450818,24.275,39.424063,35,0.1625,5,-1793.5156,27.4625,117133.04
5,-2,2,-13,-65.021606,63.469926,252.30716,0,0.71143046,0.7173442,0,77.152423,9.6565781,77.79375,94.806211,90,0.19375,5,-5068.7156,77.975,329495.67
5,-2,2,-12,-64.83729,95.904733,254.83698,0,0.6702979,0.7457451,0,56.358302,8.0414614,62.701863,80.041472,75,0.1863354,5,-4119.0248,63.440994,267439.77
5,-2,2,-11,-64.933109,126.53932,256.78553,0,0.62763824,0.77341374,0,69.333966,8.2860383,85.4375,104.25547,99,0.21875,5,-5623.7219,86.5375,365471.41
5,-2,2,-10,-65.370295,155.67881,258.22167,0,0.58377621,0.79996516,0,0.27928782,3.326159,0.38271605,20.774729,15,0.22839506,5,-138.98148,2.0987654,9203.4892
5,-2,2,-9,-66.23124,183.54622,259.20012,0,0.53907044,0.82504789,0,148.24393,10.286465,226.8875,247.85609,242,0.24375,5,-15036.491,226.8875,996535.41
5,-2,2,-8,-67.62771,210.28571,259.76622,0,0.49393583,0.84834392,0,170.46558,10.294518,292.77778,312.61866,307,0.22222222,5,-19828.787,292.77778,1342963.9
5,-2,2,-7,-69.712248,235.95461,259.9605,0,0.44887717,0.86956873,0,150.53405,9.1981972,291.61585,317.5106,310,0.27439024,5,-20347.184,291.61585,1419732.3
5,-2,2,-6,-72.693095,260.50112,259.82382,0,0.40454095,0.88847125,0,387.33716,13.509033,850.6875,880.25859,872,0.34375,5,-61896.084,850.6875,4503646.4
5,-2,2,-5,-76.850585,283.72181,259.40409,0,0.3617952,0.90483391,0,11.690529,3.0097085,29.2375,56.657969,49,0.31875,5,-2247.3031,29.2375,172745.38
5,-2,2,-4,-82.545356,305.19199,258.76568,0,0.32184794,0.9184726,0,133.05876,7.1384294,379.71605,414.98872,405,0.39506173,5,-31353.225,379.71605,2588887.9
5,-2,2,-3,-90.188828,324.16939,258.00171,0,0.28640116,0.92923668,1,30.402418,3.2179403,98.641509,109.00819,106,0.11320755,2,-8851.0283,98.641509,794197.08
5,-2,3,-13,-74.117027,36.179389,250.12275,0,0.74289013,0.69460587,0,20.120217,6.4127257,18.8125,35.951172,31,0.1875,5,-1417.0938,19.0625,105349.64
5,-2,3,-12,-74.441525,68.271724,252.9976,0,0.70569923,0.72152695,0,96.209267,10.733385,98.367089,120.43126,114,0.24050633,5,-7323.8165,98.367089,545295.58
5,-2,3,-11,-75.087417,98.1699,255.27486,0,0.66735659,0.74783416,0,39.137492,6.7214377,43.857143,56.730819,53,0.14285714,5,-3342,44.434783,251359.64
5,-2,3,-10,-76.111847,126.16411,257.03614,0,0.62826418,0.77314254,0,289.80941,15.861718,356.63975,381.0088,374,0.26708075,5,-27173.3,356.63975,2070437.9
5,-2,3,-9,-77.585946,152.44534,258.34812,0,0.58886972,0.79710062,0,58.720314,7.3272874,79.484472,98.372632,93,0.21118012,5,-6174.2003,79.484472,479615.15
5,-2,3,-8,-79.59728,177.11121,259.26793,0,0.54968703,0.81939038,0,109.56627,9.099396,163.32484,183.98223,178,0.22929936,5,-13011.675,163.32484,1036626.9
5,-2,3,-7,-82.25149,200.16321,259.84762,0,0.51132161,0.8397273,0,13.762224,3.9893633,22.601266,42.92353,37,0.22151899,5,-1888.057,22.949367,155331.76
5,-2,3,-6,-85.671421,221.4966,260.13848,0,0.47450135,0.85786032,0,754.18857,20.705905,1363.5123,1401.3503,1391,0.45061728,5,-116898.25,1363.5123,10022199
5,-2,3,-5,-89.990436,240.88531,260.19509,0,0.44010934,0.87357187,1,180.61387,9.8442687,358.5,381.80625,375,0.25,3,-32166.038,358.5,2886069.2
5,-2,3,-4,-95.334661,257.9675,260.07879,0,0.40920911,0.88667782,1,0,0,0,0,0,0,0,0,0,0
5,-2,4,-12,-83.429456,30.087553,249.81108,0,0.74958463,0.6897317,0,34.414609,7.0645983,31.666667,42.256543,39,0.11111111,5,-2635.1204,31.666667,219285.94
5,-2,4,-11,-84.421499,59.57663,252.53403,0,0.71626992,0.71413291,0,13.518594,5.5753942,13.478261,30.899811,26,0.19875776,5,-1545.7717,18.304348,130538.95
5,-2,4,-10,-85.779299,86.716217,254.71331,0,0.68254981,0.73770103,0,46.301687,7.6346203,50.042945,68.087433,63,0.20245399,5,-4323.2684,50.398773,370862.03
5,-2,4,-9,-87.552787,111.71246,256.42791,0,0.64890294,0.76008459,0,11.930802,4.6244061,13.975,29.341094,25,0.175,5,-1222.9437,13.975,107023.35
5,-2,4,-8,-89.797642,134.67474,257.74447,0,0.61585789,0.78096557,1,125.77934,10.404644,159.5,174.08333,170,0.16666667,3,-14306.097,159.5,1283167.1
5,-2,4,-7,-92.573204,155.62341,258.72153,0,0.58400433,0.80005945,1,0,0,0,0,0,0,0,0,0,0
5,-2,4,-6,-95.938179,174.49411,259.41296,0,0.55400134,0.81711517,1,0,0,0,0,0,0,0,0,0,0
5,-2,4,-5,-99.943198,191.14211,259.87024,0,0.52657894,0.83191515,1,0,0,0,0,0,0,0,0,0,0
5,-2,5,-11,-92.935572,10.525973,248.08128,0,0.76989791,0.67442013,1,0,0,0,0,0,0,0,0,0,0
5,-2,5,-10,-94.441976,37.46978,250.78473,0,0.7416532,0.69575078,1,0,0,0,0,0,0,0,0,0,0
5,-2,5,-9,-96.309465,61.839476,252.97598,0,0.71365193,0.71610995,1,0,0,0,0,0,0,0,0,0,0
5,-2,5,-8,-98.56939,83.801977,254.73234,0,0.68638739,0.73517965,1,0,0,0,0,0,0,0,0,0,0
5,-1,-3,-14,-24.787252,8.5683578,314.65705,0,0.78941206,0.68079978,1,0,0,0,0,0,0,0,0,0,0
5,-1,-2,-14,-30.924134,35.156004,316.31288,0,0.76120425,0.70273939,1,0,0,0,0,0,0,0,0,0,0
5,-1,-2,-13,-28.038049,69.02838,317.78643,0,0.72107674,0.73247138,1,0,0,0,0,0,0,0,0,0,0
5,-1,-2,-12,-25.013714,100.82277,318.94559,0,0.67915372,0.76181418,1,0,0,0,0,0,0,0,0,0,0
5,-1,-1,-15,-40.485856,14.726368,315.63694,0,0.78323196,0.68580684,0,61.671192,9.3147324,54,66.521739,63,0.14285714,5,-2182.5,54,88216.462
5,-1,-1,-14,-38.158282,51.066301,317.35177,0,0.74299237,0.71650606,0,24.381994,6.5347524,23.512821,39.712689,35,0.17948718,5,-903.08333,23.615385,34536.668
5,-1,-1,-13,-35.781685,85.096865,318.71158,0,0.70045675,0.74719697,0,139.42592,12.024787,148.72956,164.53653,160,0.17610063,5,-5327.5692,148.72956,190846.94
5,-1,-1,-12,-33.335214,117.30217,319.76378,0,0.65586742,0.77742765,0,-0.69782393,3.6249522,-0.82716049,18.462582,13,0.21604938,5,-95.055556,2.8888889,3129.6065
5,-1,-1,-11,-30.792014,148.0721,320.54394,0,0.60946022,0.80677969,1,0,0,0,0,0,0,0,0,0,0
5,-1,-1,-10,-28.116262,177.72585,321.07868,0,0.56147007,0.83486814,1,0,0,0,0,0,0,0,0,0,0
5,-1,-1,-9,-25.258426,206.52709,321.3878,0,0.51213832,0.86134151,1,0,0,0,0,0,0,0,0,0,0
5,-1,-1,-8,-22.147383,234.69235,321.48585,0,0.46172376,0.8858818,1,0,0,0,0,0,0,0,0,0,0
5,-1,0,-15,-48.047568,20.021174,316.21588,0,0.77775225,0.6901529,0,66.98175,9.719711,59.4375,74.390039,70,0.1625,5,-2861.0156,59.4375,137722.73
5,-1,0,-14,-46.25752,56.352933,317.88411,0,0.73674783,0.72119543,0,28.746962,7.0517486,28.140127,47.649884,42,0.21656051,5,-1437.8726,31.031847,66626.385
5,-1,0,-13,-44.498964,90.462402,319.2019,0,0.6933687,0.75220598,0,24.521648,5.902563,26.602484,41.004012,37,0.16770186,5,-1210.6553,27.068323,54151.425
5,-1,0,-12,-42.770607,122.83663,320.21473,0,0.64783541,0.78273263,0,76.404863,8.7398808,92.314465,111.50864,106,0.21383648,5,-3946.1509,92.314465,168693.86
5,-1,0,-11,-41.071946,153.87512,320.95638,0,0.60035482,0.81235695,0,90.510571,8.6583949,122.47239,137.26271,133,0.1595092,5,-5035.5813,122.47239,207058.77
5,-1,0,-10,-39.403502,183.91474,321.45152,0,0.55112218,0.84069401,0,149.18645,10.285163,227.57233,246.1515,241,0.22012579,5,-8971.3648,227.57233,353697.8
5,-1,0,-9,-37.767223,213.24791,321.71765,0,0.50032278,0.86739231,0,30.015617,5.110297,52.037037,78.491541,71,0.2962963,5,-1983.3951,52.567901,74840.088
5,-1,0,-8,-36.167243,242.13643,321.76626,0,0.44813349,0.89213386,0,59.690356,6.007232,118.83019,143.01911,136,0.26415094,5,-4306.7987,118.83019,156109.27
5,-1,0,-7,-34.611303,270.82248,321.60368,0,0.39472386,0.91463411,0,51.60049,5.177119,119.56604,143.9078,137,0.27672956,5,-4154.0047,119.56604,144338.89
5,-1,0,-6,-33.113632,299.53784,321.23156,0,0.34025712,0.93464203,1,627.24577,15.328934,1722.9625,1772.9645,1759,0.58125,5,-57160.697,1722.9625,1896512.8
5,-1,0,-5,-31.701309,328.5123,320.64702,0,0.28489073,0.95194002,1,0.41750547,1.5182858,1.3950617,25.737692,19,0.28395062,2,-109.57099,3.345679,3588.4498
5,-1,0,-4,-30.430201,357.98213,319.8426,0,0.22877633,0.96634397,1,0,0,0,0,0,0,0,0,0,0
5,-1,1,-15,-56.118036,14.662761,316.25205,0,0.78340819,0.68580684,0,73.35656,10.083577,64.217391,77.92138,74,0.1552795,5,-3609.4891,64.217391,202888.43
5,-1,1,-14,-54.89162,50.997671,317.95036,0,0.74317825,0.71650606,0,14.255524,5.7856242,13.743902,31.113882,26,0.18292683,5,-918.51982,16.689024,50553.924
5,-1,1,-13,-53.781676,85.02238,319.29707,0,0.70065402,0.74719697,0,137.93295,12.160281,147.09554,168.17064,162,0.22929936,5,-8043.8217,149.47771,432873.1
5,-1,1,-12,-52.8073,117.22074,320.33916,0,0.65607821,0.77742765,0,8.108865,4.0403223,9.6086957,22.92138,19,0.14906832,5,-625.23913,11.826087,33056.609
5,-1,1,-11,-51.995407,147.98233,321.11185,0,0.60968718,0.80677969,0,13.19006,4.8973439,17.453988,41.996876,35,0.26993865,5,-1053.8344,20.220859,54922.834
5,-1,1,-10,-51.3842,177.62589,321.64153,0,0.56171656,0.83486814,0,147.90568,10.503349,219.82927,243.70077,237,0.26829268,5,-11298.555,219.82927,580735.96
5,-1,1,-9,-51.028778,206.4145,321.94785,0,0.51240869,0.86134151,0,286.73614,13.467482,481.99367,512.49611,504,0.36075949,5,-24614.438,481.99367,1257053.1
5,-1,1,-8,-51.010473,234.56381,322.04526,0,0.46202379,0.8858818,0,307.78848,12.976305,590.1519,619.04895,611,0.34177215,5,-30132.864,590.1519,1538636.2
5,-1,1,-7,-51.453074,262.24274,321.9445,0,0.41085827,0.90820448,0,423.81622,14.126955,936.8481,975.17008,964,0.41772152,5,-48200.291,936.8481,2479976.4
5,-1,1,-6,-52.552244,289.56332,321.65413,0,0.35927757,0.9280585,0,20.356689,3.7472201,52.583851,93.693376,82,0.45962733,5,-3154.3587,59.931677,166026.45
5,-1,1,-5,-54.631526,316.55022,321.18299,0,0.30778031,0.94522626,0,592.55344,14.106585,1819.795,1876.8678,1861,0.66459627,5,-99541.856,1819.795,5445065.2
5,-1,1,-4,-58.253513,343.0658,320.54484,0,0.25713375,0.95952367,0,226.48913,8.0221144,845.16981,896.12982,882,0.60377358,5,-49234.601,845.16981,2868189.1
5,-1,1,-3,-64.442717,368.62792,319.76888,0,0.20868345,0.9708001,0,1588.455,18.575079,7389.5283,7466.9794,7445,0.88050314,5,-476283.18,7389.5283,30698994
5,-1,2,-14,-63.705785,35.023384,317.52396,0,0.76156707,0.70273939,0,52.642337,8.6033676,48.575949,63.024475,59,0.17088608,5,-3130.5554,49.120253,199520.79
5,-1,2,-13,-63.190754,68.885236,318.96923,0,0.72145995,0.73247138,0,83.722173,9.8733511,85,100.48148,96,0.16666667,5,-5376.25,85,340057.2
5,-1,2,-12,-62.893663,100.66739,320.10616,0,0.67956079,0.76181418,0,37.459561,6.7633654,41.993631,57.486673,53,0.17197452,5,-2790.7357,44.292994,175838.26
5,-1,2,-11,-62.8572,130.74234,320.97426,0,0.63617333,0.79034937,0,9.557872,4.63679,11.874214,33.183497,27,0.2327044,5,-920.19969,14.597484,58010.727
5,-1,2,-10,-63.138574,159.39391,321.60433,0,0.59162087,0.81769199,0,6.105848,4.147073,8.4390244,32.853064,26,0.27439024,5,-773.62195,12.243902,48881.412
5,-1,2,-9,-63.815085,186.82879,322.021,0,0.54626192,0.84349057,0,329.02796,14.916628,508.0566,530.51774,524,0.24528302,5,-32421.338,508.0566,2068996
5,-1,2,-8,-64.992123,213.17837,322.24484,0,0.50051275,0.86742709,0,2.7696405,3.2476913,4.8,31.68,24,0.3,5,-477.75,7.4,30846.362
5,-1,2,-7,-66.814519,238.49002,322.29447,0,0.45488139,0.88921704,0,127.92703,8.613845,250.07595,283.53934,274,0.37974684,5,-16871.15,252.46203,1127460.8
5,-1,2,-6,-69.481867,262.7043,322.18896,0,0.41002002,0.90860936,0,26.145457,4.1134512,57.93865,83.091573,76,0.28220859,5,-4030.6994,57.93865,280419.12
5,-1,2,-5,-73.266652,285.61269,321.95107,0,0.36680536,0.92538645,0,564.32324,15.162733,1423.6899,1463.2882,1452,0.44936709,5,-104351.49,1423.6899,7648735
5,-1,2,-4,-78.527389,306.78897,321.61167,0,0.32645762,0.93936422,0,229.33072,9.2074677,659.88679,701.93165,690,0.47798742,5,-51869.453,659.88679,4077199.5
5,-1,2,-3,-85.690485,325.49514,321.21563,0,0.2906938,0.95039204,0,727.35997,15.079954,2378.025,2430.7153,2416,0.6125,5,-203847.74,2378.025,17474350
5,-1,2,-2,-95.138196,340.59866,320.82715,0,0.26185,0.95835273,1,0,0,0,0,0,0,0,0,0,0
5,-1,3,-14,-72.401804,8.3796918,316.51166,0,0.7899368,0.68079978,0,25.677445,7.0936705,22.12987,37.376286,33,0.17532468,5,-1719.4448,23.753247,124468.27
5,-1,3,-13,-72.370197,42.229183,318.1255,0,0.75346975,0.70893357,0,68.160941,9.6442711,64.132075,82.341403,77,0.19496855,5,-4643.4575,64.132075,336214.86
5,-1,3,-12,-72.602574,73.620095,319.41899,0,0.71552413,0.73679656,0,62.272116,8.5713763,64.123457,77.901844,74,0.15432099,5,-4657.7716,64.123457,338335.42
5,-1,3,-11,-73.143054,102.92571,320.43797,0,0.67646976,0.76397032,0,49.402321,7.334914,55.792453,68.619295,65,0.1509434,5,-4098.7783,55.943396,300310.35
5,-1,3,-10,-74.047142,130.41271,321.21896,0,0.63670735,0.7900699,0,30.628756,6.0369672,38.00625,56.116289,51,0.20625,5,-2988.3453,40.30625,221562.03
5,-1,3,-9,-75.384282,156.25469,321.79201,0,0.59668456,0.81474382,0,425.01055,18.012705,580.33129,604.93741,598,0.27607362,5,-43762.285,580.33129,3300134.7
5,-1,3,-8,-77.240543,180.53632,322.18312,0,0.55691652,0.83767408,0,45.960454,6.4891112,69.130435,95.266541,88,0.30434783,5,-5343.6335,69.130435,413056.6
5,-1,3,-7,-79.720734,203.24974,322.41626,0,0.51801151,0.85857614,0,221.59469,11.945126,367.28125,391.97676,385,0.28125,5,-29304.967,367.28125,2338247.6
5,-1,3,-6,-82.94836,224.28387,322.51531,0,0.48070192,0.87719895,0,76.161168,7.0505613,138.98113,165.53578,158,0.30188679,5,-11567.873,139.33962,960370.04
5,-1,3,-5,-87.060324,243.4091,322.50601,0,0.44587712,0.89332493,0,26.373792,4.4828733,52.840491,80.668034,73,0.32515337,5,-4868.3374,55.91411,423880.3
5,-1,3,-4,-92.191116,260.26301,322.41752,0,0.41460866,0.90676997,1,0,0,0,0,0,0,0,0,0,0
5,-1,3,-3,-98.440024,274.34948,322.2833,0,0.38814614,0.91738344,1,0,0,0,0,0,0,0,0,0,0
5,-1,4,-12,-81.705136,36.308404,318.12114,0,0.76022354,0.70388204,0,37.074716,7.6902276,34.327044,50.698548,46,0.18238994,5,-2957.1179,36.144654,241935.03
5,-1,4,-11,-82.617481,65.139417,319.34293,0,0.72621516,0.7291498,0,288.25289,17.533316,289.41772,309.90675,304,0.2278481,5,-23932.196,289.41772,1978998
5,-1,4,-10,-83.88704,91.725552,320.31598,0,0.69184822,0.75350913,0,36.743632,6.9095399,40.018405,56.630923,52,0.19018405,5,-3350.9279,40.018405,280594.61
5,-1,4,-9,-85.563763,116.25231,321.07576,0,0.65760117,0.77660853,0,3.2959335,3.7458568,3.8924051,19.56958,15,0.17088608,5,-658.09177,7.7088608,56181.947
5,-1,4,-8,-87.703821,138.81397,321.65243,0,0.62400358,0.79813001,0,52.212781,6.9186126,66.782609,78.308904,75,0.13043478,5,-5861.2391,66.782609,514425.09
5,-1,4,-7,-90.367806,159.41997,322.07277,0,0.59164732,0.81778903,1,12.436389,4.1036562,17.189873,32.17353,28,0.17721519,2,-1540.7215,17.189873,138095.04
5,-1,4,-6,-93.616806,177.9983,322.36166,0,0.56119483,0.83533454,1,0,0,0,0,0,0,0,0,0,0
5,-1,4,-5,-97.505363,194.39932,322.54312,0,0.53338064,0.85054896,1,0,0,0,0,0,0,0,0,0,0
5,-1,5,-11,-91.264085,17.245282,317.47322,0,0.78091458,0.68799797,1,0,0,0,0,0,0,0,0,0,0
5,-1,5,-10,-92.707765,43.547883,318.68389,0,0.75204262,0.71011982,1,0,0,0,0,0,0,0,0,0,0
5,-1,5,-9,-94.508521,67.383007,319.66151,0,0.72346546,0.73119484,1,0,0,0,0,0,0,0,0,0,0
5,-1,5,-8,-96.698653,88.897988,320.44073,0,0.69567672,0.75090503,1,0,0,0,0,0,0,0,0,0,0
5,-1,5,-7,-99.309011,108.16051,321.05096,0,0.6692,0.76896586,1,0,0,0,0,0,0,0,0,0,0
5,0,-3,-14,-24.201048,10.794656,380.82891,0,0.79328434,0.68534968,1,0,0,0,0,0,0,0,0,0,0
5,0,-2,-14,-30.317739,37.199448,381.11336,0,0.76477996,0.70755578,1,0,0,0,0,0,0,0,0,0,0
5,0,-2,-13,-27.397016,70.819547,381.05514,0,0.72439369,0.73762685,1,0,0,0,0,0,0,0,0,0,0
5,0,-2,-12,-24.332259,102.39968,380.99931,0,0.68222624,0.76728362,1,0,0,0,0,0,0,0,0,0,0
5,0,-1,-15,-39.899841,16.96894,381.46485,0,0.78686846,0.69041892,0,91.437102,10.873164,80.229299,91.019189,88,0.12738854,5,-3205.449,80.229299,128080.26
5,0,-1,-14,-37.539522,53.024457,381.39568,0,0.7463479,0.72148234,0,6.3043782,4.0922639,6.0943396,15.649341,13,0.11320755,5,-276.51572,7.3962264,10338.623
5,0,-1,-13,-35.124341,86.816924,381.33105,0,0.70354477,0.75251233,0,61.966556,8.5716418,66.279503,84.056595,79,0.19875776,5,-2367.1429,67.254658,83320.579
5,0,-1,-12,-32.632161,118.81927,381.26991,0,0.65870021,0.78305699,1,44.290516,6.7462436,52.652174,64.31839,61,0.13043478,4,-1718.7686,52.652174,56111.918
5,0,-1,-11,-30.034395,149.41299,381.21143,0,0.61204919,0.81269788,1,0,0,0,0,0,0,0,0,0,0
5,0,-1,-10,-27.292841,178.9108,381.1549,0,0.5638261,0.84105006,1,0,0,0,0,0,0,0,0,0,0
5,0,-1,-9,-24.354629,207.57115,381.09971,0,0.51427221,0.86776205,1,0,0,0,0,0,0,0,0,0,0
5,0,0,-15,-47.460786,22.253221,381.76023,0,0.78125697,0.69481828,0,1.7074294,4.3177392,1.5185185,14.74577,11,0.14814815,5,-135.45062,2.8641975,6407.0617
5,0,0,-14,-45.63712,58.30804,381.68343,0,0.73996561,0.72622502,0,89.174419,10.360681,87.518519,103.39415,99,0.18518519,5,-4064.7593,88.962963,185732.33
5,0,0,-13,-43.838789,92.186007,381.61266,0,0.69631169,0.75757464,0,0.18382656,3.912527,0.2,18.12,13,0.2,5,-219.95,5,9675.9125
5,0,0,-12,-42.063062,124.36339,381.54667,0,0.65051429,0.78841526,0,245.80023,14.801009,297.90683,321.7948,315,0.26708075,5,-12547.66,297.90683,528531.45
5,0,0,-11,-40.30746,155.23163,381.48448,0,0.60277906,0.81832844,0,6.9240208,3.8313202,9.4,27.054273,22,0.2,5,-532.37188,13.0625,21700.476
5,0,0,-10,-38.569719,185.12139,381.42524,0,0.5533002,0.84692923,0,12.404665,3.972806,18.987654,36.980034,32,0.20987654,5,-781.66049,20.345679,30035.259
5,0,0,-9,-36.847748,214.32019,381.36823,0,0.50226224,0.87386614,0,1.1636221,2.8202187,2.0245399,24.076555,18,0.25766871,5,-117.33896,3.208589,4292.2588
5,0,0,-8,-35.139611,243.08577,381.31284,0,0.44984147,0.89882119,0,48.312098,5.6333627,96.531646,126.69604,118,0.33544304,5,-3507.1677,99.658228,123430.42
5,0,0,-7,-33.443494,271.65674,381.25851,0,0.39620719,0.92150982,0,-0.74774675,1.6424917,-1.7391304,14.593573,10,0.1863354,5,-58.021739,1.7391304,1935.8478
5,0,0,-6,-31.757689,300.26149,381.20469,0,0.34152282,0.941681,1,-0.40049843,0.88867166,-1.1042945,6.0041402,4,0.079754601,2,-21.096626,0.64417178,690.91449
5,0,0,-5,-30.080575,329.12625,381.15089,0,0.28594687,0.95911714,1,0,0,0,0,0,0,0,0,0,0
5,0,0,-4,-28.410601,358.48272,381.09658,0,0.2296338,0.97363412,1,0,0,0,0,0,0,0,0,0,0
5,0,1,-15,-55.539719,16.970072,382.06846,0,0.78686703,0.69041892,0,83.425678,10.710708,73.2,88.32,84,0.16363636,5,-4070.9,73.2,226407.17
5,0,1,-14,-54.281218,53.025555,381.98315,0,0.74634648,0.72148234,0,5.7273904,4.1642247,5.5365854,16.204616,13,0.1097561,5,-327.57927,6.0243902,17812.95
5,0,1,-13,-53.133491,86.817994,381.90563,0,0.70354338,0.75251233,0,71.71057,9.0664437,76.701863,94.041472,89,0.1863354,5,-4094.823,76.981366,217821.99
5,0,1,-12,-52.114391,118.82031,381.83443,0,0.65869884,0.78305699,0,31.399095,6.2486673,37.327044,55.180768,50,0.19496855,5,-1950.8381,37.327044,101962.62
5,0,1,-11,-51.249159,149.41402,381.76838,0,0.61204784,0.81269788,0,108.90857,9.6230159,144.6125,163.27133,158,0.2125,5,-7454.0734,145.36875,382234.64
5,0,1,-10,-50.573708,178.91181,381.70651,0,0.56382477,0.84105006,0,51.298975,6.5036784,76.522013,94.118177,89,0.19496855,5,-3878.1085,76.522013,196557.15
5,0,1,-9,-50.139931,207.57215,381.64806,0,0.5142709,0.86776205,0,3.6436413,2.8225004,6.1481481,22.682213,18,0.18518519,5,-435.14506,8.6790123,21819.672
5,0,1,-8,-50.02458,235.60712,381.59235,0,0.46364547,0.89251584,0,524.36719,16.748579,1009.4049,1039.4791,1031,0.33742331,5,-50533.115,1009.4049,2529909.8
5,0,1,-7,-50.344711,263.18295,381.53882,0,0.41224403,0.9150269,0,-0.97660753,1.6430706,-2.1677019,13.300606,9,0.18012422,5,-65.543478,1.3043478,3293.5598
5,0,1,-6,-51.285831,290.4097,381.487,0,0.3604313,0.93504417,0,1.8226535,1.4866233,4.7283951,14.873772,12,0.11728395,5,-310.78086,6.0864198,15874.763
5,0,1,-5,-53.155793,317.31088,381.43649,0,0.30870539,0.95235009,0,-0.71313257,0.50964976,-2.2,2.472,1,0.05,5,-10.55,0.2,556.5125
5,0,1,-4,-56.492876,343.74868,381.38702,0,0.25783378,0.96676053,0,0,0.29702053,0,1.2403125,0,0,5,0,0,0
5,0,1,-3,-62.286538,369.24221,381.33853,0,0.20916429,0.97812486,0,-0.083160822,0.23667985,-0.38888889,1.225,0,0.0061728395,5,0,0,0
5,0,2,-14,-63.115485,37.20164,382.30188,0,0.76477721,0.70755578,0,7.9573397,4.7716238,7.3619632,19.488746,16,0.13496933,5,-464.71472,7.3619632,29336.064
5,0,2,-13,-62.567229,70.821675,382.21595,0,0.72439099,0.73762685,0,204.85691,14.853417,208.6,228.76,223,0.225,5,-13069.15,208.6,818823.74
5,0,2,-12,-62.23142,102.40175,382.13814,0,0.68222359,0.76728362,0,43.761218,7.047699,49.217391,62.827977,59,0.1552795,5,-3164.337,50.73913,197348.39
5,0,2,-11,-62.149698,132.30579,382.06707,0,0.63857749,0.79610766,0,1.3590136,3.9822008,1.6942675,24.646923,18,0.25477707,5,-498.53662,8.0318471,30945.12
5,0,2,-10,-62.377953,160.81131,382.0016,0,0.59377499,0.82371401,0,290.68085,14.794954,403.24684,421.24656,416,0.19620253,5,-25158.144,403.24684,1569628.6
5,0,2,-9,-62.991829,188.1203,381.94085,0,0.54817387,0.84975121,0,290.96366,14.120647,451.03704,479.13306,471,0.30246914,5,-28506.63,452.2963,1796718.3
5,0,2,-8,-64.094682,214.36069,381.88408,0,0.50218997,0.87390123,0,-0.25987493,2.731981,-0.4522293,22.60185,16,0.2611465,5,-139.96975,2.1847134,8968.7703
5,0,2,-7,-65.828947,239.57736,381.83069,0,0.45633137,0.89587956,0,333.14808,13.30032,654.04348,681.80907,674,0.31677019,5,-43058.859,654.04348,2834821.3
5,0,2,-6,-68.391659,263.70921,381.78023,0,0.41125099,0.91543514,0,-0.77291773,1.8001393,-1.7204969,16.056595,11,0.19875776,5,-151.58851,2.2298137,10307.441
5,0,2,-5,-72.053287,286.54674,381.73231,0,0.36782753,0.93235038,0,2.7541712,1.6139973,6.9811321,16.736917,14,0.11320755,5,-548.65881,7.5408805,39922.075
5,0,2,-4,-77.172685,307.66334,381.68674,0,0.32728532,0.94644118,0,-0.94776541,0.79519555,-2.7407407,5.287886,3,0.092592593,5,-35.888889,0.4691358,2745.5293
5,0,2,-3,-84.182917,326.32088,381.64343,0,0.2913493,0.9575569,0,-0.1164464,0.33141226,-0.38271605,1.1864198,0,0.0061728395,5,0,0,0
5,0,2,-2,-93.48559,341.3863,381.60256,0,0.26236923,0.96558039,1,0,0,0,0,0,0,0,0,0,0
5,0,3,-14,-71.838403,10.797951,382.64871,0,0.79328036,0.68534968,0,7.3355463,4.9665124,6.3375,18.410859,15,0.1375,5,-597.95781,8.30625,43047.922
5,0,3,-13,-71.779448,44.384384,382.55149,0,0.75653706,0.71382255,0,-2.4751522,3.6879483,-2.3354037,12.108483,8,0.16149068,5,-146.40373,2.0124224,10650.871
5,0,3,-12,-71.980612,75.55779,382.46458,0,0.71832774,0.74199951,0,14.491764,5.0809697,14.969325,27.545786,24,0.14110429,5,-1076.5307,14.969325,77422.552
5,0,3,-11,-72.485556,104.68167,382.38627,0,0.67902124,0.76946212,0,257.61439,15.399448,291.92683,304.52157,301,0.14634146,5,-21162.256,291.92683,1534121.3
5,0,3,-10,-73.349289,132.01556,382.31518,0,0.63901764,0.79582543,0,26.564662,6.139656,33.083333,58.465278,51,0.27564103,5,-2651.0625,36.083333,194778.05
5,0,3,-9,-74.640777,157.72777,382.25022,0,0.59876437,0.82073797,0,77.646888,8.3924653,106.4321,132.33547,125,0.29012346,5,-8058.4167,107.96296,601491.13
5,0,3,-8,-76.445715,181.89907,382.19051,0,0.55877685,0.84388173,0,88.617146,8.2494996,133.8323,155.21782,149,0.22981366,5,-10236.213,133.8323,782936.11
5,0,3,-7,-78.868814,204.51871,382.13533,0,0.51966429,0.86497217,0,311.6022,13.9577,518.65644,539.74207,534,0.25153374,5,-40920.882,518.65644,3228621.9
5,0,3,-6,-82.034059,225.47351,382.0841,0,0.48216087,0.88375824,0,56.523449,6.0619556,103.60248,123.45496,118,0.23602484,5,-8509.396,103.63354,698722.75
5,0,3,-5,-86.079869,244.53235,382.03637,0,0.44715895,0.90002237,0,228.82703,10.97027,460.57325,487.54797,480,0.31847134,5,-39678.162,460.57325,3418301.7
5,0,3,-4,-91.143923,261.33166,381.99177,0,0.4157346,0.91358044,1,0,0,0,0,0,0,0,0,0,0
5,0,3,-3,-97.330955,275.37437,381.95006,0,0.38914362,0.92428181,1,0,0,0,0,0,0,0,0,0,0
5,0,4,-13,-80.551948,7.4179688,382.92392,0,0.79672884,0.68260668,0,56.19166,9.1160797,48.142857,61.000898,57,0.14285714,5,-3937.8286,48.8,317760.04
5,0,4,-12,-81.126464,38.53633,382.82411,0,0.76326064,0.7087119,0,183.31883,14.663834,170.21739,185.39107,181,0.17391304,5,-13817.433,170.21739,1121649
5,0,4,-11,-82.012378,67.163885,382.73523,0,0.7290089,0.73426852,0,17.143395,5.6396722,17.267081,32.266502,28,0.16770186,5,-1418.205,17.267081,116484.96
5,0,4,-10,-83.252885,93.580628,382.65555,0,0.69441216,0.75889157,0,75.465106,9.2732392,82.472393,102.70409,97,0.22699387,5,-6986.5583,83.828221,582296.7
5,0,4,-9,-84.898009,117.96563,382.58366,0,0.65994894,0.78222959,0,109.05323,10.226212,129.25949,146.9188,142,0.20886076,5,-10979.426,129.25949,932617.65
5,0,4,-8,-87.004173,140.40839,382.51845,0,0.62614937,0.80396457,0,171.86117,11.938043,220.66667,234.95473,231,0.16666667,5,-19225.58,220.66667,1675055.6
5,0,4,-7,-89.632496,160.91475,382.45901,0,0.59360643,0.82381197,1,101.78485,9.003294,141.25786,156.1212,152,0.17610063,3,-12703.645,141.71069,1138823.2
5,0,4,-6,-92.844981,179.41002,382.40459,0,0.56298437,0.84152074,1,0,0,0,0,0,0,0,0,0,0
5,0,4,-5,-96.697592,195.74248,382.35458,0,0.53502021,0.8568733,1,0,0,0,0,0,0,0,0,0,0
5,0,5,-11,-90.707927,19.645843,383.1286,0,0.78403653,0.692637,1,0.37491628,2.6536063,0.33121019,5.4955576,4,0.057324841,1,-29.726115,0.33121019,2667.9188
5,0,5,-10,-92.131352,45.749778,383.03621,0,0.75494542,0.71502258,1,0,0,0,0,0,0,0,0,0,0
5,0,5,-9,-93.910781,69.420404,382.95379,0,0.72616512,0.73633622,1,0,0,0,0,0,0,0,0,0,0
5,0,5,-8,-96.078877,90.79885,382.87989,0,0.6981897,0.7562599,1,0,0,0,0,0,0,0,0,0,0
5,0,5,-7,-98.667009,109.94815,382.81332,0,0.67154366,0.77450911,1,0,0,0,0,0,0,0,0,0,0
5,1,-3,-14,-24.703595,8.6163421,446.98002,0,0.78965281,0.68079978,1,0,0,0,0,0,0,0,0,0,0
5,1,-2,-14,-30.840611,35.260652,445.90482,0,0.76127112,0.70273939,1,0,0,0,0,0,0,0,0,0,0
5,1,-2,-13,-27.948139,69.115459,444.31366,0,0.72116985,0.73247138,1,0,0,0,0,0,0,0,0,0,0
5,1,-2,-12,-24.916581,100.89158,443.0416,0,0.6792765,0.76181418,1,0,0,0,0,0,0,0,0,0,0
5,1,-1,-15,-40.411426,14.90897,447.29654,0,0.7830985,0.68580684,0,58.192001,8.8168998,50.962264,59.621466,57,0.094339623,5,-2122.5425,52.572327,85703.849
5,1,-1,-14,-38.077876,51.236406,445.44178,0,0.74287355,0.71650606,0,27.345603,6.7594824,26.375,42.504687,38,0.1875,5,-1053.1656,27.6375,40136.727
5,1,-1,-13,-35.694438,85.254949,443.95126,0,0.70035391,0.74719697,0,139.15786,12.233601,148.46541,170.35062,164,0.23899371,5,-5304.5283,148.46541,189536.51
5,1,-1,-12,-33.240048,117.44828,442.77543,0,0.65578236,0.77742765,1,1.0227783,3.6725138,1.2125,18.955156,14,0.20625,5,-170.85625,5.125,5696.3828
5,1,-1,-11,-30.687578,148.20582,441.877,0,0.60939535,0.80677969,1,0,0,0,0,0,0,0,0,0,0
5,1,-1,-10,-28.00083,177.84619,441.22786,0,0.56142859,0.83486814,1,0,0,0,0,0,0,0,0,0,0
5,1,-1,-9,-25.129759,206.63235,440.80696,0,0.51212457,0.86134151,1,0,0,0,0,0,0,0,0,0,0
5,1,-1,-8,-22.002518,234.77981,440.5986,0,0.4617437,0.8858818,1,0,0,0,0,0,0,0,0,0,0
5,1,0,-15,-47.979471,20.268484,447.31976,0,0.77743885,0.6901529,0,72.657531,10.017594,64.5,79.083333,75,0.16666667,5,-3215.4444,67,154319.69
5,1,0,-14,-46.183796,56.593037,445.49598,0,0.73643904,0.72119543,0,45.819589,7.7412874,44.871166,57.472317,54,0.14723926,5,-2235.0261,48.435583,103136.09
5,1,0,-13,-44.418785,90.696646,444.03502,0,0.69306403,0.75220598,0,24.906856,5.7123809,27.032258,38.438033,35,0.12258065,5,-1286.8871,28.967742,57172.343
5,1,0,-12,-42.682931,123.06621,442.88884,0,0.6475344,0.78273263,0,78.113958,8.8677535,94.423313,114.90222,109,0.2208589,5,-4035.3236,94.423313,172463.85
5,1,0,-11,-40.975446,154.1011,442.02163,0,0.60005708,0.81235695,0,88.372051,8.6902039,119.63804,138.41037,133,0.20245399,5,-4905.0353,119.63804,201114.45
5,1,0,-10,-39.296448,184.13811,441.40697,0,0.55082731,0.84069401,0,154.08723,10.536065,235.17391,258.58412,252,0.26708075,5,-9238.6196,235.17391,362949.26
5,1,0,-9,-37.647306,213.46959,441.02592,0,0.50003045,0.86739231,0,33.402744,5.117763,57.943038,78.813131,73,0.24683544,5,-2185.9288,57.943038,82474.049
5,1,0,-8,-36.031287,242.35731,440.86572,0,0.44784337,0.89213386,0,62.748903,6.2392636,125,154.48077,146,0.33333333,5,-4505.6538,125,162418.49
5,1,0,-7,-34.454773,271.04342,440.91886,0,0.39443564,0.91463411,0,41.768107,4.9305516,96.853659,130.71743,121,0.36585366,5,-3327.8476,96.853659,114351.1
5,1,0,-6,-32.929733,299.7597,441.18265,0,0.33997052,0.93464203,1,9.7483416,2.4476491,26.8,45.28,40,0.20625,4,-880,26.8,28899.475
5,1,0,-5,-31.479189,328.73596,441.65892,0,0.28460546,0.95194002,1,-0.74093594,0.67806304,-2.4782609,5.1436673,3,0.086956522,1,0,0,0
5,1,0,-4,-30.15093,358.20851,442.35409,0,0.2284921,0.96634397,1,0,0,0,0,0,0,0,0,0,0
5,1,1,-15,-56.058996,14.974916,447.91169,0,0.78291931,0.68580684,0,53.788423,8.6028086,47.116564,56.787158,54,0.10429448,5,-2712.0276,48.331288,152187.17
5,1,1,-14,-54.827923,51.30731,446.04038,0,0.74268476,0.71650606,0,26.690818,6.6924875,25.75,41.6875,37,0.17307692,5,-1416.4583,25.833333,77667.615
5,1,1,-13,-53.712736,85.331653,444.53675,0,0.70015376,0.74719697,0,127.61319,11.57733,136.1875,152.65117,148,0.1875,5,-7458.4266,138.73125,400990.86
5,1,1,-12,-52.732408,117.53188,443.35078,0,0.65556872,0.77742765,0,5.5728069,3.7403655,6.6086957,19.674858,16,0.14906832,5,-420.70652,7.9565217,22249.497
5,1,1,-11,-51.913693,148.29773,442.44486,0,0.60916557,0.80677969,0,9.739775,4.4975585,12.899371,35.480756,29,0.25157233,5,-817.05189,15.742138,42408.333
5,1,1,-10,-51.294599,177.94827,441.79065,0,0.5611793,0.83486814,0,145.6553,10.344744,216.69182,236.84925,231,0.22012579,5,-11123.182,216.69182,570992.38
5,1,1,-9,-50.929972,206.74706,441.36692,0,0.51185142,0.86134151,0,278.47173,13.265444,468.61111,498.3179,490,0.33950617,5,-23873.903,468.61111,1216325.5
5,1,1,-8,-50.900841,234.91046,441.1579,0,0.46144088,0.8858818,0,294.85843,12.666172,566.07407,591.30316,584,0.27160494,5,-28810.426,566.07407,1466355.9
5,1,1,-7,-51.330644,262.60851,441.15176,0,0.41024226,0.90820448,0,431.03069,14.194093,954.22642,987.41972,978,0.37735849,5,-48981.028,954.22642,2514304.2
5,1,1,-6,-52.41474,289.95492,441.33906,0,0.35861827,0.9280585,0,-2.1104354,1.7527342,-5.4615385,20.573964,13,0.28846154,5,-144.73077,2.7179487,7706.9135
5,1,1,-5,-54.476727,316.97692,441.71031,0,0.30706335,0.94522626,0,590.43894,14.017972,1817.535,1862.0269,1849,0.48407643,5,-99010.311,1817.535,5393780.4
5,1,1,-4,-58.080745,343.54077,442.25141,0,0.25633853,0.95952367,0,222.44172,7.8710013,832.64151,868.0477,858,0.40251572,5,-48422.085,832.64151,2816071.7
5,1,1,-3,-64.258207,369.16957,442.93329,0,0.20778102,0.9708001,0,1627.8975,18.743866,7605.9068,7669.4854,7651,0.68322981,5,-489039.62,7605.9068,31444474
5,1,2,-14,-63.654438,35.397805,447.11592,0,0.76090262,0.70273939,0,61.327068,9.309818,56.639241,73.928657,69,0.19620253,5,-3608.2516,56.639241,229873.23
5,1,2,-13,-63.135843,69.26301,445.49645,0,0.72078107,0.73247138,0,87.777597,9.8468291,89.201258,100.13073,97,0.12578616,5,-5636.0047,89.201258,356107.37
5,1,2,-12,-62.834932,101.05127,444.20212,0,0.67886394,0.76181418,0,36.502083,6.6989249,40.962264,56.512282,52,0.16981132,5,-2636.077,42.006289,165428.24
5,1,2,-11,-62.794401,131.13531,443.19057,0,0.63545446,0.79034937,0,20.17628,4.5625875,25.09434,32.202662,30,0.075471698,5,-1582.261,25.09434,99773.682
5,1,2,-10,-63.071505,159.79932,442.42871,0,0.5908753,0.81769199,0,13.160599,4.33298,18.2125,35.955156,31,0.20625,5,-1152.9781,18.3125,72594.62
5,1,2,-9,-63.74366,187.25044,441.89008,0,0.54548414,0.84349057,0,311.72508,14.670183,482.02532,514.59702,505,0.34810127,5,-30738.158,482.02532,1960165.1
5,1,2,-8,-64.916506,213.62067,441.55265,0,0.49969627,0.86742709,0,3.5136519,3.0656703,6.0993789,28.320744,22,0.2484472,5,-637.85248,9.8571429,41277.017
5,1,2,-7,-66.735373,238.95805,441.39661,0,0.45401864,0.88921704,0,148.64413,9.0564899,291.12658,314.62121,308,0.2721519,5,-19492.965,291.83544,1302035.7
5,1,2,-6,-69.400814,263.20386,441.40195,0,0.40910237,0.90860936,0,22.152355,4.0552606,49.2,81.12,72,0.35625,5,-3661.4,52.8,253904.1
5,1,2,-5,-73.187107,286.14995,441.54522,0,0.36582373,0.92538645,0,-0.30801003,2.0359306,-0.7791411,26.523354,19,0.3190184,5,-464.26227,6.3496933,33950.305
5,1,2,-4,-78.455938,307.36952,441.79503,0,0.32540421,0.93936422,0,239.93071,9.3290372,692.62264,725.26273,716,0.37106918,5,-54348.901,692.62264,4264732.3
5,1,2,-3,-85.638746,326.12146,442.10623,0,0.2895664,0.95039204,0,742.28808,15.188333,2436.2795,2485.0176,2471,0.53416149,5,-208825.34,2436.2795,17899647
5,1,2,-2,-95.123844,341.26522,442.41448,0,0.26066018,0.95835273,1,0,0,0,0,0,0,0,0,0,0
5,1,3,-14,-72.363738,8.8118108,448.83467,0,0.78911988,0.68079978,0,21.088272,6.421603,18.193548,30.693028,27,0.13548387,5,-1439.5,19.870968,104283.21
5,1,3,-13,-72.330239,42.666225,447.02324,0,0.75263484,0.70893357,0,93.142434,10.360041,87.734177,95.228156,93,0.082278481,5,-6349.7816,87.734177,459577.14
5,1,3,-12,-72.560846,74.064766,445.55353,0,0.71466762,0.73679656,0,57.038882,8.5909571,58.805031,78.445868,73,0.2327044,5,-4396.1541,60.490566,319496.17
5,1,3,-11,-73.099782,103.38085,444.37613,0,0.67558778,0.76397032,0,65.115527,8.2319369,73.634146,86.654967,83,0.14634146,5,-5391.311,73.634146,394751.85
5,1,3,-10,-74.002716,130.88132,443.45169,0,0.63579577,0.7900699,0,49.009267,7.0269266,60.901235,76.247676,72,0.17901235,5,-4509.7994,60.901235,333963.67
5,1,3,-9,-75.339343,156.7399,442.74791,0,0.59573901,0.81474382,0,402.8183,17.507889,550.90184,573.32075,567,0.25153374,5,-41516.508,550.90184,3128772.9
5,1,3,-8,-77.196111,181.04136,442.23697,0,0.55593255,0.83767408,0,56.141667,6.7500111,84.59375,103.44629,98,0.20625,5,-6532.1641,84.59375,504411.3
5,1,3,-7,-79.678383,203.77773,441.89344,0,0.51698493,0.85857614,0,200.2066,11.426404,332.49057,360.09826,352,0.29559748,5,-26521.453,332.49057,2115543.5
5,1,3,-6,-82.910452,224.83753,441.6922,0,0.47962936,0.87719895,0,77.672821,7.0131644,142.0566,164.51774,158,0.24528302,5,-12005.33,144.77987,995511.67
5,1,3,-5,-87.030262,243.99016,441.60653,0,0.4447571,0.89332493,0,42.709436,5.180218,85.78481,108.26029,102,0.26582278,5,-7474.7595,85.78481,651314.61
5,1,3,-4,-92.173525,260.87126,441.60639,0,0.41344324,0.90676997,1,0,0,0,0,0,0,0,0,0,0
5,1,3,-3,-98.440611,274.98149,441.65768,0,0.386943,0.91738344,1,0,0,0,0,0,0,0,0,0,0
5,1,4,-12,-81.679295,36.802683,447.58306,0,0.75923416,0.70388204,0,48.51176,8.378812,44.975,60.341094,56,0.175,5,-3676.8125,44.975,300593.24
5,1,4,-11,-82.591881,65.643017,446.18087,0,0.72520178,0.7291498,0,261.77489,16.841125,263.2,286.72,280,0.2625,5,-21757,263.2,1798536.8
5,1,4,-10,-83.8623,92.240731,445.04642,0,0.69080795,0.75350913,0,39.42764,6.8407773,43.006289,55.676674,52,0.13836478,5,-3607.7075,43.006289,302648.36
5,1,4,-9,-85.540717,116.78119,444.14137,0,0.65653137,0.77660853,0,7.9221393,4.1711869,9.3710692,24.34516,20,0.16352201,5,-913.6934,10.685535,78128.696
5,1,4,-8,-87.683577,139.35843,443.43322,0,0.62290217,0.79813001,0,48.17605,6.8064149,61.728395,76.057918,72,0.16049383,5,-5421.1667,61.728395,476114.18
5,1,4,-7,-90.351805,159.98141,442.89327,0,0.59051307,0.81778903,1,15.611209,3.9907402,21.619632,30.544319,28,0.098159509,2,-1940.3558,21.619632,174146.39
5,1,4,-6,-93.606868,178.57741,442.49508,0,0.56002792,0.83533454,1,0,0,0,0,0,0,0,0,0,0
5,1,4,-5,-97.503678,194.99568,442.2133,0,0.53218327,0.85054896,1,0,0,0,0,0,0,0,0,0,0
5,1,5,-11,-91.253338,17.787778,448.85131,0,0.77979382,0.68799797,1,0,0,0,0,0,0,0,0,0,0
5,1,5,-10,-92.698903,44.098826,447.4527,0,0.7509004,0.71011982,1,0,0,0,0,0,0,0,0,0,0
5,1,5,-9,-94.502295,67.943697,446.30776,0,0.72230054,0.73119484,1,0,0,0,0,0,0,0,0,0,0
5,1,5,-8,-96.695966,89.469367,445.37876,0,0.69448858,0.75090503,1,0,0,0,0,0,0,0,0,0,0
5,1,5,-7,-99.310914,108.74303,444.63382,0,0.66798909,0.76896586,1,0,0,0,0,0,0,0,0,0,0
5,2,-3,-13,-23.136638,36.655028,513.25732,0,0.74232526,0.69460587,1,0,0,0,0,0,0,0,0,0,0
5,2,-2,-14,-32.508983,29.327252,514.36437,0,0.75012625,0.68862947,1,36.835822,6.8540871,33.815951,39.591479,38,0.067484663,4,-1101.7117,33.815951,35901.061
5,2,-2,-13,-29.708093,63.948082,511.01296,0,0.71083922,0.7173442,1,0,0,0,0,0,0,0,0,0,0
5,2,-2,-12,-26.783951,96.370024,508.34319,0,0.66971864,0.7457451,1,0,0,0,0,0,0,0,0,0,0
5,2,-2,-11,-23.699324,126.9935,506.26398,0,0.62707115,0.77341374,1,0,0,0,0,0,0,0,0,0,0
5,2,-1,-15,-42.037058,8.5079556,516.96398,0,0.77137388,0.67230984,0,16.8987,5.7295688,14.728477,24.937503,22,0.1192053,5,-644.65894,15.364238,27050.487
5,2,-1,-14,-39.790236,45.713649,513.05752,0,0.73200887,0.70191646,0,28.403311,6.7952177,27.235669,42.45657,38,0.1656051,5,-1219.3519,30.617834,48561.91
5,2,-1,-13,-37.509493,80.465916,509.92928,0,0.69030589,0.7315901,0,116.88389,11.135251,123.87421,139.26838,135,0.18238994,5,-4653.6698,123.87421,174842.84
5,2,-1,-12,-35.17723,113.28418,507.47057,0,0.64651155,0.76087889,0,99.718393,10.074972,117.35849,140.59381,134,0.26415094,5,-4223.8585,119.92453,148780.18
5,2,-1,-11,-32.77101,144.58458,505.59995,0,0.60086498,0.78936438,1,124.3295,10.161791,163.33333,178.21399,174,0.16666667,4,-5360.6914,163.33333,175952.18
5,2,-1,-10,-30.261093,174.70632,504.25639,0,0.55360341,0.81666163,1,0,0,0,0,0,0,0,0,0,0
5,2,-1,-9,-27.606509,203.92898,503.39438,0,0.50496949,0.84241915,1,0,0,0,0,0,0,0,0,0,0
5,2,-1,-8,-24.748494,232.4821,502.98028,0,0.45522202,0.86631895,1,0,0,0,0,0,0,0,0,0,0
5,2,0,-15,-49.620522,14.038455,516.68636,0,0.76574551,0.67649601,0,165.26165,14.638692,146,167.25,161,0.23076923,5,-7263.2083,146,361352.08
5,2,0,-14,-47.914992,51.228928,512.85521,0,0.72560247,0.70644593,0,15.692784,5.5252611,15.278481,28.93783,25,0.15189873,5,-889.56646,18.518987,42733.968
5,2,0,-13,-46.257155,86.058796,509.7971,0,0.68304098,0.73643922,0,4.730789,4.6078804,5.1006289,24.682133,19,0.21383648,5,-476.48113,10.27673,22092.529
5,2,0,-12,-44.649435,119.05006,507.40687,0,0.63828528,0.76602397,0,25.988791,5.6619888,31.189873,46.17353,42,0.17721519,5,-1489.0095,33.278481,66628.08
5,2,0,-11,-43.096469,150.62858,505.60652,0,0.5915447,0.79478174,0,99.915819,9.0487287,134.2439,147.80726,144,0.15243902,5,-5799.4573,134.36585,250332.84
5,2,0,-10,-41.606031,181.15199,504.33878,0,0.54301566,0.8223276,0,57.246064,6.9560716,86.691824,110.96681,104,0.27044025,5,-3685.2469,88.54717,153382.55
5,2,0,-9,-40.190614,210.92999,503.56279,0,0.49288302,0.84831006,0,30.231299,4.8130104,52.031646,68.620694,64,0.19620253,5,-2106.3085,52.348101,84754.088
5,2,0,-8,-38.870244,240.23992,503.25122,0,0.4413209,0.87241111,0,128.41438,8.494286,253.85185,281.95976,274,0.31481481,5,-9870.4568,253.85185,383817.32
5,2,0,-7,-37.677738,269.33953,503.38839,0,0.38849255,0.89434622,0,5.6523636,2.869364,13.01227,43.633219,35,0.34355828,5,-711.86196,18.932515,26766.981
5,2,0,-6,-36.669309,298.47863,503.9693,0,0.3345486,0.91386435,0,-0.82947523,1.1905979,-2.2658228,10.577311,7,0.15189873,5,-48.137658,1.2974684,1786.2615
5,2,0,-5,-35.948038,327.91185,504.9996,0,0.27962153,0.9307479,0,773.69892,15.335115,2575.3333,2605.5354,2597,0.33333333,5,-92560.727,2575.3333,3327004.9
5,2,0,-4,-35.723119,357.91731,506.49668,0,0.22381016,0.94481277,0,246.3935,7.7644111,1040.1481,1074.3578,1065,0.40740741,5,-37182.108,1040.1481,1329255.9
5,2,1,-15,-57.693082,8.6433708,517.61633,0,0.77101148,0.67230984,0,22.57328,6.5652984,19.683544,32.773754,29,0.14556962,5,-1135.6994,19.683544,65530.578
5,2,1,-14,-56.549523,45.859372,513.69198,0,0.73162707,0.70191646,0,62.486895,8.8887628,59.949367,72.723362,69,0.13924051,5,-3451.3418,61.063291,195078.53
5,2,1,-13,-55.538001,80.623678,510.54985,0,0.68990113,0.7315901,0,118.31043,11.10969,125.45963,138.79245,135,0.14906832,5,-6967.3804,125.45963,386942.58
5,2,1,-12,-54.681009,113.45625,508.08076,0,0.64607947,0.76087889,0,118.0494,10.497121,139.02516,152.82683,149,0.16352201,5,-7609.511,139.02516,416516.54
5,2,1,-11,-54.010082,144.77388,506.20294,0,0.60040017,0.78936438,0,118.78696,10.075243,156.17284,175.46258,170,0.21604938,5,-8537.8981,157.93827,461565.85
5,2,1,-10,-53.569813,174.91672,504.85515,0,0.55309902,0.81666163,0,72.994471,7.5714664,107.77778,124.97942,120,0.18518519,5,-5801.9074,108.22222,311060.34
5,2,1,-9,-53.424334,204.16559,503.99179,0,0.50441662,0.84241915,0,86.418928,7.6253685,144.32704,162.18077,157,0.19496855,5,-7707.8899,144.32704,411659.56
5,2,1,-8,-53.668087,232.75187,503.57926,0,0.45460882,0.86631895,0,9.448945,3.1536363,18.00625,36.116289,31,0.20625,5,-1034.8453,19.15625,55906.807
5,2,1,-7,-54.444482,260.85977,503.59278,0,0.40396378,0.88807649,0,193.32187,9.6498217,425,450.04348,443,0.28571429,5,-23141.402,425,1260100.1
5,2,1,-6,-55.979603,288.61783,504.01311,0,0.35283269,0.90744071,0,-0.45280509,1.482829,-1.164557,14.543904,10,0.17721519,5,-169.00791,3.0063291,9501.9284
5,2,1,-5,-58.645902,316.07055,504.8217,0,0.30169002,0.92419404,0,26.412914,3.4117524,80.913043,109.2344,101,0.30434783,5,-5009.3416,85.242236,294384.14
5,2,1,-4,-63.087066,343.10617,505.99144,0,0.25126246,0.93815237,0,1525.1971,20.300982,5694.7117,5745.4708,5731,0.55828221,5,-359571.51,5694.7117,22704427
5,2,1,-3,-70.461294,369.276,507.46551,0,0.20283009,0.94916505,0,260.38177,7.5713138,1218.4843,1255.3395,1245,0.42767296,5,-85901.571,1218.7233,6054882.3
5,2,2,-14,-65.340547,29.60906,515.64822,0,0.74938093,0.68862947,0,25.71917,6.5884529,23.634146,36.654967,33,0.14634146,5,-1694.3354,25.926829,110727.58
5,2,2,-13,-64.915233,64.25149,512.26651,0,0.71005287,0.7173442,0,74.632394,9.3988763,75.398773,90.162445,86,0.16564417,5,-4918.4141,75.754601,319335.92
5,2,2,-12,-64.723816,96.698603,509.57351,0,0.66888417,0.7457451,0,71.106938,8.6438865,79.277778,92.87463,89,0.15432099,5,-5134.2639,79.277778,332516.15
5,2,2,-11,-64.812204,127.35177,507.47732,0,0.62618009,0.77341374,0,68.504941,8.2276774,84.6125,103.27133,98,0.2125,5,-5663.2641,87.36875,367100.24
5,2,2,-10,-65.241784,156.51686,505.90663,0,0.58226402,0.79996516,0,12.206377,4.0444423,16.770186,30.875892,27,0.16770186,5,-1197.4534,18.42236,77837.54
5,2,2,-9,-66.095278,184.41786,504.8048,0,0.53749294,0.82504789,0,123.44926,9.5587773,189.49375,215.28684,208,0.29375,5,-12530.567,189.49375,828622.58
5,2,2,-8,-67.485091,211.20016,504.12498,0,0.4922797,0.84834392,0,177.5484,10.608061,305.96855,334.18896,326,0.3081761,5,-20651.885,305.96855,1393967.5
5,2,2,-7,-69.564981,236.92258,503.8255,0,0.44712683,0.86956873,0,154.31527,9.2336554,300.11111,322.47325,316,0.24074074,5,-20895.25,300.11111,1454863.5
5,2,2,-6,-72.545433,261.53481,503.8646,0,0.4026786,0.88847125,0,377.52922,13.285286,832.9816,859.23399,852,0.30674847,5,-60499.84,832.9816,4394226.7
5,2,2,-5,-76.71082,284.83435,504.19368,0,0.35980193,0.90483391,0,-1.1805061,1.403411,-2.96875,12.456055,8,0.16875,5,-102.74219,1.34375,7855.959
5,2,2,-4,-82.428674,306.3954,504.74774,0,0.31970727,0.9184726,0,128.66774,6.8833606,369.64375,391.04652,385,0.24375,5,-30488.305,369.64375,2514719.4
5,2,2,-3,-90.120806,325.46932,505.4328,0,0.28410782,0.92923668,1,33.547347,3.3851344,109.72393,122.58523,119,0.14723926,2,-9846.8482,109.72393,883676.6
5,2,3,-13,-74.041002,37.083991,515.17265,0,0.74119552,0.69460587,0,4.9006339,4.8487264,4.5925926,20.647462,16,0.17283951,5,-583.5463,7.8888889,43166.271
5,2,3,-12,-74.362493,69.191753,512.11371,0,0.70396126,0.72152695,0,110.5173,11.056544,113.275,128.42406,124,0.1625,5,-8477.5438,113.925,630853.26
5,2,3,-11,-75.005967,99.111309,509.67219,0,0.66556732,0.74783416,0,32.79456,6.53538,36.848101,53.922288,49,0.18987342,5,-2845.9494,37.873418,213860.84
5,2,3,-10,-76.028937,127.13317,507.76335,0,0.62641512,0.77314254,0,282.10924,15.415709,348.18868,362.01092,358,0.1509434,5,-26489.635,348.18868,2015334.4
5,2,3,-9,-77.503088,153.44864,506.31804,0,0.58695192,0.79710062,0,63.854798,7.5046057,86.716981,103.86686,99,0.19496855,5,-6759.5,87.09434,524625.1
5,2,3,-8,-79.516801,178.1555,505.27714,0,0.54769136,0.81939038,0,110.01664,9.0531454,164.59375,183.44629,178,0.20625,5,-13106.57,164.59375,1043691.7
5,2,3,-7,-82.176903,201.25508,504.58697,0,0.5092394,0.8397273,0,10.551956,3.5857268,17.4,34.96125,30,0.2,5,-1702.2484,20.66875,140196.73
5,2,3,-6,-85.607881,222.64181,504.19483,0,0.47232563,0.85786032,0,751.08837,20.571522,1364.1625,1395.9923,1387,0.3625,5,-116900.69,1364.1625,10017831
5,2,3,-5,-89.94522,242.08755,504.04488,0,0.43783693,0.87357187,1,215.38898,10.54583,429.7439,442.72501,439,0.1402439,3,-38562.546,429.7439,3460367.9
5,2,3,-4,-95.317429,259.22645,504.07454,0,0.40684399,0.88667782,1,0,0,0,0,0,0,0,0,0,0
5,2,4,-12,-83.382303,31.110746,516.07275,0,0.74757639,0.6897317,0,23.738649,6.277654,21.90184,33.546249,30,0.12269939,5,-1876.115,22.521472,156291.27
5,2,4,-11,-84.375381,60.618776,513.16069,0,0.7142135,0.71413291,0,19.926777,6.1797626,19.924528,38.180847,33,0.20754717,5,-1794.816,21.301887,151227.27
5,2,4,-10,-85.735565,87.782047,510.81342,0,0.68043924,0.73770103,0,49.992891,7.5283229,54.2,66.616,63,0.1375,5,-4685.35,54.6,402069.01
5,2,4,-9,-87.513235,112.80643,508.94866,0,0.64673281,0.76008459,0,6.5019275,3.6107546,7.6415094,18.008188,15,0.11320755,5,-712.02987,8.0943396,62636.267
5,2,4,-8,-89.764632,135.8008,507.49717,0,0.61362385,0.78096557,1,142.76616,10.960893,181.7,194.60375,191,0.15,3,-16592.241,184.9625,1488426.8
5,2,4,-7,-92.549769,156.78455,506.39818,0,0.58170382,0.80005945,1,0,0,0,0,0,0,0,0,0,0
5,2,4,-6,-95.928098,175.69179,505.59599,0,0.55163461,0.81711517,1,0,0,0,0,0,0,0,0,0,0
5,2,4,-5,-99.950958,192.37552,505.03746,0,0.52415039,0.83191515,1,0,0,0,0,0,0,0,0,0,0
5,2,5,-11,-92.918944,11.649245,518.45957,0,0.76762257,0.67442013,1,0,0,0,0,0,0,0,0,0,0
5,2,5,-10,-94.429595,38.610216,515.55782,0,0.73933489,0.69575078,1,0,0,0,0,0,0,0,0,0,0
5,2,5,-9,-96.302902,62.999807,513.19107,0,0.71128804,0.71610995,1,0,0,0,0,0,0,0,0,0,0
5,2,5,-8,-98.570508,84.984201,511.2785,0,0.68397678,0.73517965,1,0,0,0,0,0,0,0,0,0,0
5,3,-3,-13,-26.032645,26.971143,589.44766,0,0.72219022,0.67185717,1,0,0,0,0,0,0,0,0,0,0
5,3,-3,-12,-22.855458,60.361531,584.36431,0,0.68622507,0.69720842,1,0,0,0,0,0,0,0,0,0,0
5,3,-2,-14,-35.377951,19.367102,591.11286,0,0.7296026,0.66624375,0,34.568845,7.4423645,31.566879,46.186539,42,0.1656051,5,-1201.3503,33.987261,42465.949
5,3,-2,-13,-32.734107,55.436149,585.46891,0,0.69161409,0.69326306,1,41.330906,7.0922072,41.429448,50.539539,48,0.10429448,4,-1358.1212,41.429448,44523.985
5,3,-2,-12,-29.994483,89.087968,580.98127,0,0.65170287,0.72009411,1,0,0,0,0,0,0,0,0,0,0
5,3,-2,-11,-27.127222,120.77944,577.48837,0,0.61017748,0.7463185,1,0,0,0,0,0,0,0,0,0,0
5,3,-2,-10,-24.091185,150.8583,574.86612,0,0.56736207,0.77155126,1,0,0,0,0,0,0,0,0,0,0
5,3,-1,-14,-42.733149,36.500133,588.71818,0,0.71198829,0.67873126,0,105.09906,11.192849,100.18987,113.84954,110,0.15822785,5,-4368.9937,102.1519,186870.93
5,3,-1,-13,-40.628731,72.641063,583.45889,0,0.67157997,0.70670948,0,47.229484,7.2825247,49.7,58.728687,56,0.1,5,-2023.2438,49.7,82370.744
5,3,-1,-12,-38.506559,106.65338,579.33054,0,0.62899169,0.73442843,0,31.804476,6.2666742,37.135802,53.540619,49,0.19135802,5,-1602.6265,41.641975,61682.306
5,3,-1,-11,-36.352393,139.00745,576.18883,0,0.58446285,0.76146967,0,25.56219,5.3398431,33.303797,48.400336,44,0.16455696,5,-1213.3924,33.417722,44059.446
5,3,-1,-10,-34.14783,170.08582,573.92668,0,0.5382271,0.78744825,0,92.021969,8.3470426,134.6319,149.13452,145,0.1595092,5,-4611.4433,134.6319,157970.39
5,3,-1,-9,-31.867914,200.20513,572.46527,0,0.49051837,0.8120127,1,6.6410973,2.5577415,10.993789,17.927858,16,0.080745342,2,-355.08696,10.993789,11469.15
5,3,-1,-8,-29.477105,229.62975,571.74757,0,0.44157943,0.83484501,1,0,0,0,0,0,0,0,0,0,0
5,3,-1,-7,-26.922098,258.57777,571.73317,0,0.3916757,0.85566064,1,0,0,0,0,0,0,0,0,0,0
5,3,-1,-6,-24.118227,287.21715,572.3933,0,0.34111986,0.87420855,1,0,0,0,0,0,0,0,0,0,0
5,3,0,-14,-50.888155,42.286852,588.19333,0,0.70567917,0.68299425,0,21.222087,5.7551269,20.539877,31.026252,28,0.11656442,5,-1086.5736,21.325153,55366.637
5,3,0,-13,-49.414302,78.490392,583.05711,0,0.66440667,0.71129211,0,159.31715,12.609723,170.55975,182.23808,179,0.13836478,5,-8424.533,170.55975,416135.34
5,3,0,-12,-48.026992,112.66916,579.04702,0,0.62085043,0.73930702,0,131.09079,11.050078,156.10256,173.14356,168,0.18589744,5,-7503.8077,156.10256,360723.38
5,3,0,-11,-46.74036,145.30308,576.02492,0,0.57521913,0.76662054,0,46.74992,6.4849277,62.305732,74.697239,71,0.13375796,5,-2961.8025,63.375796,138422.95
5,3,0,-10,-45.57565,176.79395,573.89036,0,0.52770398,0.79284773,0,51.116582,6.5024523,76.8,95.445,90,0.2,5,-3502.1562,76.8,159708.92
5,3,0,-9,-44.565038,207.49088,572.5726,0,0.47847838,0.81763711,0,170.83403,10.372215,291.92593,314.15181,308,0.25925926,5,-13011.377,291.92593,579954.98
5,3,0,-8,-43.758431,237.71068,572.02558,0,0.42769528,0.84067067,0,59.682095,6.0684341,117.31013,142.27748,135,0.2721519,5,-5137.6693,117.31013,225018.16
5,3,0,-7,-43.236293,267.75685,572.22521,0,0.37548053,0.86166389,0,24.042237,3.7602661,55.17284,74.462582,69,0.21604938,5,-2384.3426,55.17284,103045.02
5,3,0,-6,-43.1358,297.94158,573.1691,0,0.32191739,0.8803657,0,3.6886282,2.131425,10.0875,33.976406,27,0.25625,5,-452.84062,10.5125,19510.507
5,3,0,-5,-43.71005,328.62043,574.87983,0,0.26700927,0.89655852,0,101.6633,5.632338,341.36306,357.6696,353,0.18471338,5,-14928.532,341.36306,652893.84
5,3,0,-4,-45.483021,360.2679,577.41666,0,0.21057841,0.91005825,0,974.71607,15.086298,4212.4375,4250.8527,4240,0.4375,5,-191610.49,4212.4375,8716230.6
5,3,1,-14,-59.503613,36.732606,589.42206,0,0.71140014,0.67873126,0,124.0006,11.841374,118.30625,127.63566,125,0.10625,5,-7047.0859,118.30625,419786.36
5,3,1,-13,-58.669755,72.89288,584.14724,0,0.67095651,0.70670948,0,48.301195,7.4937672,50.875,62.300781,59,0.125,5,-3127.0312,53.3125,183418.86
5,3,1,-12,-58.024563,106.92819,580.00797,0,0.62832609,0.73442843,0,41.236581,6.5056348,48.2,57.824,55,0.1030303,5,-2798.35,48.2,162472.21
5,3,1,-11,-57.607917,139.31004,576.85959,0,0.58374662,0.76146967,0,30.174163,5.5043171,39.360759,51.554118,48,0.13291139,5,-2266.7009,39.360759,130540.44
5,3,1,-10,-57.475974,170.4225,574.5949,0,0.5374494,0.78744825,0,89.410156,8.2976053,131,147.8,143,0.1875,5,-7543.1,131.2,433690.7
5,3,1,-9,-57.709248,200.58434,573.13513,0,0.48966504,0.8120127,0,28.735516,4.8030756,47.652174,63.440454,59,0.18012422,5,-2961.8261,51.304348,170989.42
5,3,1,-8,-58.426039,230.06306,572.42359,0,0.44063152,0.83484501,0,322.69649,13.293964,611.39873,634.40935,628,0.2721519,5,-35758.924,611.64557,2090646.3
5,3,1,-7,-59.805627,259.08146,572.42055,0,0.39060689,0.85566064,0,10.701687,2.9204213,23.443038,40.927415,36,0.20253165,5,-1484.7057,24.797468,88899.885
5,3,1,-6,-62.130071,287.81494,573.09844,0,0.33989233,0.87420855,0,0.014400002,1.3829251,0.037037037,12.651578,9,0.13580247,5,-118.88889,1.9259259,7340.3241
5,3,1,-5,-65.862793,316.37222,574.43549,0,0.28887793,0.89027115,0,34.685428,3.6711745,106.89441,128.00471,122,0.23602484,5,-7114.6568,107.88199,469213.13
5,3,1,-4,-71.800983,344.73846,576.40372,0,0.2381448,0.90366433,0,128.29414,5.9314186,486.825,506.58141,501,0.225,5,-34979.466,486.825,2513401.7
5,3,1,-3,-81.364209,372.6179,578.93993,0,0.18872075,0.91423747,0,127.70604,5.2397342,618.65823,644.31349,637,0.29113924,5,-50379.177,618.65823,4102592.4
5,3,2,-14,-68.230857,19.816562,592.53778,0,0.72845427,0.66624375,0,40.699357,7.3602018,37.223602,45.314912,43,0.093167702,5,-2575.6584,37.763975,175673.08
5,3,2,-13,-67.964914,55.920329,586.85929,0,0.6904028,0.69326306,0,34.892482,6.8819509,35.037037,47.754486,44,0.13580247,5,-2526.6667,37.111111,172028.78
5,3,2,-12,-67.960918,89.612601,582.34633,0,0.65041749,0.72009411,0,77.456948,8.9067599,85.754601,97.237457,94,0.12883436,5,-5827.1779,85.754601,395979.05
5,3,2,-11,-68.270348,121.35185,578.83635,0,0.60880467,0.7463185,0,21.209338,4.9924586,26,37.456,34,0.125,5,-1804.1,26.4,123290.05
5,3,2,-10,-68.96179,151.48776,576.20468,0,0.56588567,0.77155126,0,240.1508,13.676942,327.43125,347.73645,342,0.23125,5,-22588.414,327.43125,1558331.1
5,3,2,-9,-70.127259,180.27933,574.35358,0,0.52201174,0.79544091,0,319.85119,14.766358,487.38889,506.29321,501,0.21604938,5,-34217.986,487.38889,2402376.8
5,3,2,-8,-71.891072,207.90117,573.2036,0,0.47758574,0.81766945,0,122.00414,8.8073932,208.88199,227.37757,222,0.19875776,5,-15090.009,209.80124,1085375.6
5,3,2,-7,-74.421951,234.43739,572.68562,0,0.43309501,0.83795236,0,139.34254,8.7125508,269.6,284.16,280,0.1625,5,-20067,269.6,1493664
5,3,2,-6,-77.948221,259.85973,572.73209,0,0.38916297,0.85603857,0,119.05041,7.6501887,261.87421,283.1835,277,0.2327044,5,-20425.925,261.87421,1593237.2
5,3,2,-5,-82.772795,283.98315,573.26569,0,0.34663077,0.8717105,0,-0.95534686,1.3094397,-2.4025157,10.843796,7,0.14465409,5,-177.83648,2.1383648,14789.794
5,3,2,-4,-89.274797,306.38935,574.18308,0,0.30668344,0.88478404,1,81.010874,5.4900297,233.71698,250.86686,246,0.19496855,4,-20903.722,234.09434,1866633.7
5,3,2,-3,-97.860575,326.31339,575.33264,0,0.2710251,0.89510857,1,0,0,0,0,0,0,0,0,0,0
5,3,3,-13,-76.969688,27.655421,591.57294,0,0.72044963,0.67185717,0,16.164315,5.1914151,15.074074,23.437872,21,0.092592593,5,-1160.8426,15.074074,89397.553
5,3,3,-12,-77.446028,61.09592,586.44341,0,0.68439334,0.69720842,0,36.688027,6.7942697,37.375,47.907031,45,0.125,5,-2983.1672,38.51875,231042.05
5,3,3,-11,-78.267865,92.155164,582.35677,0,0.64708376,0.72207138,0,76.312714,8.910986,85.15625,98.875977,95,0.15625,5,-6780.0016,86.51875,531318.91
5,3,3,-10,-79.49588,121.17042,579.16455,0,0.60892284,0.7460611,0,16.513602,4.5643503,20.232704,31.273911,28,0.11949686,5,-1661.3742,20.867925,132271.28
5,3,3,-9,-81.205182,148.36788,576.74707,0,0.57035609,0.7688261,0,34.372531,5.8666019,46.333333,62.537037,58,0.18518519,5,-3843.2083,47.277778,312418.54
5,3,3,-8,-83.487491,173.87136,575.00348,0,0.53189338,0.79004837,0,44.940951,6.3197836,66.753086,88.117589,82,0.2345679,5,-5640.7022,67.561728,470946.51
5,3,3,-7,-86.452157,197.70095,573.84351,0,0.49413517,0.80944339,0,308.29145,14.058596,505.01258,530.35335,523,0.27672956,5,-43683.291,505.01258,3778629.3
5,3,3,-6,-90.223989,219.76298,573.17979,0,0.45780473,0.82676009,1,1.2182136,1.6538008,2.2,8.92,7,0.075,2,-196.95,2.2,17631.638
5,3,3,-5,-94.934163,239.83348,572.92061,0,0.42378362,0.84178091,1,0,0,0,0,0,0,0,0,0,0
5,3,4,-12,-86.293485,21.453899,592.9271,0,0.7265213,0.6672786,0,27.993353,6.5142077,25.710692,35.796527,33,0.11949686,5,-2369.8145,27.396226,204995.43
5,3,4,-11,-87.423066,52.21467,588.04624,0,0.69423945,0.69023557,0,20.587484,5.7309306,20.46875,32.46582,29,0.13125,5,-1868.2031,21.3125,163767.32
5,3,4,-10,-88.935608,80.442615,584.1202,0,0.66145191,0.71248503,1,12.389769,4.5413892,13.345679,23.929431,21,0.12345679,5,-1200.8549,13.493827,106869.96
5,3,4,-9,-90.881816,106.38361,581.00558,0,0.62863884,0.73367551,1,-0.85141198,1.1479494,-0.99367089,1.7949447,1,0.03164557,1,0,0,0
5,3,4,-8,-93.317533,130.1752,578.58318,0,0.59632954,0.753489,1,0,0,0,0,0,0,0,0,0,0
5,3,4,-7,-96.30114,151.85666,576.74973,0,0.56511421,0.77164098,1,0,0,0,0,0,0,0,0,0,0
5,3,4,-6,-99.888547,171.37464,575.41162,0,0.53565321,0.78788038,1,0,0,0,0,0,0,0,0,0,0
5,3,5,-10,-97.382321,29.31366,591.91929,0,0.71847138,0.67293319,1,0,0,0,0,0,0,0,0,0,0
5,3,5,-9,-99.373438,54.725012,587.95965,0,0.69131623,0.69209929,1,0,0,0,0,0,0,0,0,0,0
5,4,-3,-13,-30.257341,13.48054,680.76199,0,0.68952408,0.64238372,1,0,0,0,0,0,0,0,0,0,0
5,4,-3,-12,-27.300655,49.098593,672.66571,0,0.65513463,0.66553719,1,0,0,0,0,0,0,0,0,0,0
5,4,-3,-11,-24.208453,82.012341,666.232,0,0.61934177,0.6883782,1,0,0,0,0,0,0,0,0,0,0
5,4,-2,-13,-37.148349,43.911333,674.26394,0,0.66015642,0.66192416,0,-3.4527796,3.1368515,-3.4620253,9.8926054,6,0.14556962,5,-6.6012658,0.17721519,245.89715
5,4,-2,-12,-34.678756,79.661715,667.13904,0,0.62177558,0.68655745,0,8.2539567,3.9454868,9.1139241,18.979625,16,0.10759494,5,-362.4019,10.56962,12427.199
5,4,-2,-11,-32.131142,113.20332,661.60546,0,0.58160549,0.71075988,1,30.744942,5.4144509,37.572327,43.782208,42,0.06918239,3,-1217,37.572327,39422.675
5,4,-2,-10,-29.475175,144.96543,657.45388,0,0.53995983,0.73414651,1,0,0,0,0,0,0,0,0,0,0
5,4,-2,-9,-26.670497,175.27178,654.52387,0,0.49717486,0.75636585,1,0,0,0,0,0,0,0,0,0,0
5,4,-2,-8,-23.661657,204.35304,652.68891,0,0.45362941,0.77709991,1,0,0,0,0,0,0,0,0,0,0
5,4,-1,-14,-47.025968,23.767305,679.28224,0,0.67951429,0.6486467,0,45.757595,7.604268,43.679012,52.690712,50,0.098765432,5,-2165.4691,46.024691,101890.84
5,4,-1,-13,-45.179119,62.264714,670.9201,0,0.64077722,0.67425133,0,24.509439,5.6114504,25.789809,34.864203,32,0.095541401,5,-1236.7643,27.273885,56087.049
5,4,-1,-12,-43.365439,98.326808,664.37629,0,0.59968169,0.6997725,0,141.94101,11.407091,165.6319,177.18296,174,0.13496933,5,-7190.7209,165.6319,312191.42
5,4,-1,-11,-41.583395,132.52645,659.4036,0,0.55645715,0.72479179,0,52.707541,7.0549468,68.652174,84.440454,80,0.18012422,5,-2900.9891,69.608696,120909.94
5,4,-1,-10,-39.832408,165.33136,655.8224,0,0.51131659,0.74892424,0,19.879879,4.4027602,29.118012,41.585896,38,0.13664596,5,-1314.9037,32.981366,52424.173
5,4,-1,-9,-38.113161,197.13663,653.50469,0,0.46445815,0.77181838,0,2.4144689,2.1054091,4.0122699,12.240807,10,0.098159509,5,-170.53834,4.5092025,6452.6008
5,4,-1,-8,-36.428191,228.28868,652.36367,0,0.41606576,0.7931562,0,57.236033,5.8121212,109.11043,122.76168,119,0.1595092,5,-4095.9049,112.19632,149539.95
5,4,-1,-7,-34.783052,259.10451,652.34721,0,0.36630828,0.81265317,0,94.638658,6.811004,209.95541,228.31754,223,0.20382166,5,-7296.5239,209.95541,253592.89
5,4,-1,-6,-33.188685,289.8892,653.43444,0,0.31533567,0.83005824,1,1.0036754,1.223872,2.6419753,10.378698,8,0.086419753,5,-108.6142,3.3209877,3552.689
5,4,-1,-5,-31.666769,320.95585,655.63551,0,0.26326866,0.84515382,1,16.98192,2.4294884,54.515924,60.827904,59,0.070063694,2,-1763.7118,54.515924,57062.229
5,4,-1,-4,-30.26344,352.65727,658.99629,0,0.21016985,0.8577558,1,0,0,0,0,0,0,0,0,0,0
5,4,0,-14,-55.224404,29.99502,678.2979,0,0.67335165,0.6525366,0,102.40115,11.039704,99.235669,114.45657,110,0.1656051,5,-5482.0478,99.235669,302850.83
5,4,0,-13,-54.019603,68.531252,670.13904,0,0.63373418,0.67846087,0,2.3265948,3.6913149,2.4907975,15.616997,12,0.15337423,5,-313.65644,5.8159509,16915.946
5,4,0,-12,-52.956352,104.75257,663.78743,0,0.5916501,0.704278,0,48.188657,7.0029021,57.361963,69.488746,66,0.13496933,5,-3115.5675,58.932515,164713.94
5,4,0,-11,-52.063553,139.24175,659.00678,0,0.54729496,0.72956957,0,78.790394,8.2332074,105.03125,120.45605,116,0.16875,5,-5577.6484,107.09375,290502.12
5,4,0,-10,-51.383705,172.48882,655.62901,0,0.50083404,0.75395063,0,102.72254,8.5290235,154.6375,164.85297,162,0.11875,5,-7951.1719,154.6375,408848.99
5,4,0,-9,-50.980641,204.92835,653.54032,0,0.45239547,0.7770697,0,9.1464714,2.9569154,15.710692,25.796527,23,0.11949686,5,-951.35377,18.698113,48405.461
5,4,0,-8,-50.953566,236.97346,652.6737,0,0.40205544,0.79860878,0,68.592761,6.2525849,136.24684,154.24656,149,0.19620253,5,-6985.3513,137.12658,355851.9
5,4,0,-7,-51.464363,269.05567,653.00788,0,0.34980642,0.81828333,0,27.307736,3.8761785,63.879518,82.216577,77,0.19879518,5,-3437.3705,66.662651,177249.43
5,4,0,-6,-52.796007,301.68882,654.57584,0,0.29548543,0.83584229,0,79.724891,5.4623505,225.51852,238.74577,235,0.14814815,5,-11913.194,225.51852,629347.55
5,4,0,-5,-55.495089,335.60839,657.49474,0,0.23858974,0.8510681,0,2.3263124,1.2208845,8.2981366,18.965935,16,0.1242236,5,-536.99224,9.6086957,30011.399
5,4,0,-4,-60.798994,372.18872,662.06792,0,0.17768801,0.86377663,0,296.46986,7.8918955,1441.1988,1471.8017,1463,0.33540373,5,-87715.641,1441.1988,5338893.8
5,4,1,-14,-63.811,24.110956,680.11064,0,0.67869298,0.6486467,0,37.854878,7.0761675,36.179012,45.736816,43,0.10493827,5,-2415.6142,37.790123,154414.33
5,4,1,-13,-63.2367,62.63749,671.72962,0,0.63990631,0.67425133,0,19.847775,5.0294869,20.913043,28.083951,26,0.080745342,5,-1323.5326,20.913043,83763.981
5,4,1,-12,-62.902594,98.734325,665.17377,0,0.59875112,0.6997725,0,157.49032,12.041302,184.06211,198.04686,194,0.1552795,5,-11580.398,184.06211,728606.61
5,4,1,-11,-62.861529,132.9762,660.1955,0,0.55545431,0.72479179,0,68.075433,7.5725454,88.829114,97.636817,95,0.094936709,5,-5679.5206,90.297468,357239.76
5,4,1,-10,-63.187899,165.83341,656.61519,0,0.51022519,0.74892424,0,18.574451,4.1306738,27.264151,36.761549,34,0.10691824,5,-1758.7547,27.849057,111074.04
5,4,1,-9,-63.988553,197.70471,654.3053,0,0.46325653,0.77181838,0,2.5861091,2.4331736,4.308642,16.433623,13,0.13580247,5,-414.12963,6.4691358,26512.022
5,4,1,-8,-65.421093,228.9421,653.18011,0,0.41472413,0.7931562,0,46.340085,5.3482316,88.625,104.62109,100,0.175,5,-5821.8594,88.875,381374.52
5,4,1,-7,-67.725957,259.87144,653.18953,0,0.36478389,0.81265317,0,101.24647,6.9783097,225.55346,241.6794,237,0.17610063,5,-15299.646,225.64151,1037419.4
5,4,1,-6,-71.285499,290.81287,654.31636,0,0.31356382,0.83005824,0,0.027982314,1.1074234,0.074074074,8.593946,6,0.092592593,5,-186.86111,2.6296296,13280.109
5,4,1,-5,-76.739078,322.10742,656.57778,0,0.26114406,0.84515382,0,106.09944,5.8586382,343.375,359.50469,355,0.1875,5,-26479.838,344.7,2034218.1
5,4,1,-4,-85.221155,354.16631,660.03451,0,0.20750266,0.8577558,0,146.97753,6.0684674,607.5625,629.27148,623,0.2375,5,-51838.031,607.5625,4422966.9
5,4,2,-14,-72.44405,6.0543438,684.9366,0,0.6948395,0.63727845,0,10.295648,4.9735319,9.4427481,20.80747,17,0.11450382,5,-794.4771,10.961832,57582.231
5,4,2,-13,-72.410232,44.627584,675.89927,0,0.6584647,0.66192416,0,0.22036125,3.0986539,0.22151899,9.702812,7,0.10759494,5,-131.38924,1.8101266,9537.379
5,4,2,-12,-72.680624,80.438953,668.74478,0,0.61997939,0.68655745,0,7.5007617,3.8022324,8.30625,17.728687,15,0.10625,5,-631.13594,8.66875,45950.939
5,4,2,-11,-73.315334,114.05293,663.1939,0,0.5796851,0.71075988,0,33.110699,5.9846267,40.597484,53.843796,50,0.14465409,5,-3116.2689,42.459119,228720.95
5,4,2,-10,-74.394265,145.90205,659.0367,0,0.53789105,0.73414651,0,140.72311,10.552221,192.06748,207.42666,203,0.16564417,5,-14476.67,194.49693,1077536.3
5,4,2,-9,-76.024311,176.31429,656.11271,0,0.49492758,0.75636585,0,48.644091,6.1344503,74.339623,87.888454,84,0.1509434,5,-5660.0975,74.339623,430959.88
5,4,2,-8,-78.349338,205.52585,654.296,0,0.45116561,0.77709991,0,124.87863,8.7842691,215.09434,228.92488,225,0.1572327,5,-16874.717,215.28302,1322721.5
5,4,2,-7,-81.563492,233.67974,653.48215,0,0.40704684,0.79606415,0,113.60984,7.899109,222.1875,238.65117,234,0.1875,5,-18147.222,222.1875,1482211.6
5,4,2,-6,-85.927089,260.80658,653.57472,0,0.36313302,0.81300752,0,135.96146,8.0144364,304.4,321.96125,317,0.2,5,-26162.119,304.4,2248574.7
5,4,2,-5,-91.779774,286.7785,654.4674,0,0.32018894,0.82771243,1,0,0,0,0,0,0,0,0,0,0
5,4,2,-4,-99.532085,311.2197,656.01703,0,0.27932318,0.83999477,1,0,0,0,0,0,0,0,0,0,0
5,4,3,-13,-81.236838,14.49173,683.26431,0,0.68709341,0.64238372,0,67.707677,9.4609023,63.301887,78.238875,74,0.16981132,5,-5175.6462,63.679245,420663.56
5,4,3,-12,-81.9387,50.185201,675.11082,0,0.65257622,0.66553719,0,23.691949,5.8285677,24.1625,35.335062,32,0.11875,5,-2238.0469,27.2875,183561.92
5,4,3,-11,-83.021519,83.185339,668.63785,0,0.61663524,0.6883782,0,32.427227,5.9034535,36.2,43.432,41,0.075,5,-3006.55,36.2,249707.76
5,4,3,-10,-84.550947,113.91517,663.59317,0,0.57966987,0.71052179,0,17.080939,4.5256281,20.936709,30.771671,28,0.11392405,5,-1981.0127,23.468354,167224.6
5,4,3,-9,-86.607588,142.66531,659.77764,0,0.54211906,0.73161648,0,73.975305,7.8129775,99.833333,111.17593,108,0.12962963,5,-8667.4028,99.833333,752507.35
5,4,3,-8,-89.288729,169.6084,657.02726,0,0.50448269,0.75134426,1,62.928389,6.7966096,93.721519,102.46371,100,0.10126582,4,-8371.2342,93.721519,747725.21
5,4,3,-7,-92.708318,194.80055,655.19862,0,0.46734929,0.76942062,1,0,0,0,0,0,0,0,0,0,0
5,4,3,-6,-96.99271,218.17113,654.15574,0,0.43143122,0.78559448,1,0,0,0,0,0,0,0,0,0,0
5,4,4,-12,-90.532963,7.8903195,685.29486,0,0.69277144,0.63821899,1,-1.4177647,0.81854682,-1.3061224,0.56865195,0,0.020408163,1,0,0,0
5,4,4,-11,-91.860812,40.766248,677.53295,0,0.66191211,0.659154,1,0,0,0,0,0,0,0,0,0,0
5,4,4,-10,-93.595543,70.801007,671.31186,0,0.63038588,0.67955733,1,0,0,0,0,0,0,0,0,0,0
5,4,4,-9,-95.788462,98.312481,666.38926,0,0.59867469,0.6990775,1,0,0,0,0,0,0,0,0,0,0
5,4,4,-8,-98.494969,123.48917,662.56755,0,0.56730832,0.71739651,1,0,0,0,0,0,0,0,0,0,0
5,5,-3,-9,-24.802447,137.03628,762.77907,0,0.4997034,0.68784647,1,0,0,0,0,0,0,0,0,0,0
5,5,-2,-10,-36.901987,141.18115,762.73571,0,0.494337,0.69012562,0,130.28207,10.135446,181.88199,200.21461,195,0.20496894,5,-6719.6817,181.88199,248277
5,5,-2,-9,-34.759918,174.43429,758.19867,0,0.4520029,0.71019743,0,29.045842,4.7564754,45.6375,55.852969,53,0.11875,5,-1596.8062,45.8,55680.637
5,5,-2,-8,-32.564762,206.54664,755.45355,0,0.4083658,0.72901,1,63.796556,6.2329345,113.88889,123.80933,121,0.11111111,4,-3708.3858,113.88889,120763.11
5,5,-2,-7,-30.285364,237.80762,754.35831,0,0.36373912,0.74627882,1,0,0,0,0,0,0,0,0,0,0
5,5,-2,-6,-27.873701,268.42286,754.80552,0,0.31849536,0.76175281,1,0,0,0,0,0,0,0,0,0,0
5,5,-2,-5,-25.25056,298.48637,756.7013,0,0.27312493,0.77521441,1,0,0,0,0,0,0,0,0,0,0
5,5,-2,-4,-22.275192,327.90049,759.93013,0,0.22835973,0.7864795,1,0,0,0,0,0,0,0,0,0,0
5,5,-1,-11,-48.791579,127.65912,765.67092,0,0.51032588,0.68170544,0,32.639036,5.5699189,43.6,55.36,52,0.13548387,5,-2243,46,109375.68
5,5,-1,-10,-47.698791,163.62188,760.09249,0,0.46582834,0.7034643,0,11.109639,3.4402225,16.77707,26.990155,24,0.11464968,5,-819.6672,17.178344,39112.513
5,5,-1,-9,-46.809376,198.68085,756.5801,0,0.41902754,0.7242109,0,100.26188,7.8197203,173.28395,182.65325,180,0.10493827,5,-8186.3086,174.8642,383266.74
5,5,-1,-8,-46.197333,233.4036,755.02713,0,0.36990896,0.74362724,0,66.027115,6.0018675,132.73418,145.57731,142,0.15189873,5,-6136.9557,132.73418,283760.65
5,5,-1,-7,-45.989179,268.42594,755.42485,0,0.31829352,0.76142878,0,93.249736,6.3628667,223.07407,231.69071,229,0.092592593,5,-10261.034,223.07407,472022.76
5,5,-1,-6,-46.421021,304.59969,757.89823,0,0.26366757,0.77736448,0,275.53049,9.7882416,812.33962,832.80883,827,0.2327044,5,-37849.283,814.71698,1758476.6
5,5,-1,-5,-48.000378,343.38232,762.83043,0,0.20468819,0.79121675,0,9.3327437,1.7808959,36.075472,47.38953,44,0.12578616,6,-1737.4151,36.075472,83685.67
5,5,0,-11,-59.405645,135.10762,764.93723,0,0.50113862,0.68600355,0,24.035419,4.8610541,32.90184,44.279009,41,0.12269939,5,-1992.8988,33.546012,118396.47
5,5,0,-10,-59.432858,171.59819,759.69968,0,0.4551992,0.70801101,0,8.2151747,2.9755599,12.777778,21.419753,19,0.098765432,5,-828.84722,13.944444,49268.01
5,5,0,-9,-59.93532,207.44866,756.57841,0,0.40662582,0.72898254,0,84.376645,7.1925056,151.26708,166.2665,162,0.16770186,5,-9111.6755,151.85714,546732.15
5,5,0,-8,-61.105894,243.34321,755.51254,0,0.35523328,0.74860013,0,149.50645,8.6411028,315.06211,331.5972,327,0.19254658,5,-19277.227,315.14286,1179224.9
5,5,0,-7,-63.277221,280.14642,756.57573,0,0.30052244,0.76657926,0,-0.71630261,0.73921692,-1.8271605,3.5555281,2,0.061728395,5,-76.851852,1.2345679,4784.0278
5,5,0,-6,-67.088718,319.223,760.07163,0,0.24127957,0.78266886,0,1.1628713,1.2130272,3.7721519,15.483036,12,0.12658228,5,-450.11076,6.7088608,30199.185
5,5,0,-5,-74.026834,363.51863,766.89757,0,0.17416121,0.79665135,0,220.36399,7.0193466,1007.9929,1030.9251,1024,0.26241135,6,-74732.598,1007.9929,5540911.1
5,5,1,-11,-70.103338,128.33299,766.69159,0,0.50895882,0.68170544,0,49.358317,6.510715,66.111111,76.047616,73,0.11111111,5,-4633.7292,66.111111,324783.54
5,5,1,-10,-71.096079,164.38087,761.12289,0,0.46433045,0.7034643,0,7.2438714,3.1290877,10.974522,22.473217,19,0.12738854,5,-940.80255,13.184713,67134.034
5,5,1,-9,-72.738607,199.55073,757.63435,0,0.41736191,0.7242109,0,91.201977,7.5266659,158.25466,170.5728,167,0.13664596,5,-11671.135,160.24224,850069.48
5,5,1,-8,-75.262781,234.4231,756.12331,0,0.36802129,0.74362724,0,75.658636,6.2862761,152.87654,161.34355,159,0.098765432,5,-11629.935,154.40741,875984.89
5,5,1,-7,-79.03582,269.65736,756.58899,0,0.31609801,0.76142878,0,83.35614,6.090791,200.79141,215.25957,211,0.1595092,5,-15881.827,200.79141,1256215.7
5,5,1,-6,-84.679057,306.15429,759.17338,0,0.26101325,0.77736448,0,253.17246,9.3735709,754.01258,779.35335,772,0.27672956,5,-63925.358,754.01258,5419716.1
5,5,1,-5,-93.358083,345.49676,764.3039,0,0.20125789,0.79121675,1,0,0,0,0,0,0,0,0,0,0
5,5,2,-10,-81.893887,142.58876,764.78125,0,0.49151046,0.69012562,0,140.56688,10.374401,197.36875,212.18605,208,0.16875,5,-16235.502,198.15625,1330237
5,5,2,-9,-84.203956,176.01592,760.27104,0,0.44891022,0.71019743,0,27.183963,4.5963637,43.006329,52.877143,50,0.10759494,5,-3625.9003,43.006329,305707.99
5,5,2,-8,-87.367585,208.34932,757.5781,0,0.40494035,0.72901,0,62.849457,6.1874859,113.14724,124.08329,121,0.12269939,5,-10048.276,114.89571,878788.18
5,5,2,-7,-91.63082,239.89714,756.56589,0,0.35988958,0.74627882,1,0,0,0,0,0,0,0,0,0,0
5,5,2,-6,-97.328509,270.89405,757.13631,0,0.31409227,0.76175281,1,0,0,0,0,0,0,0,0,0,0
5,5,3,-9,-94.061606,139.1215,765.84445,0,0.49550391,0.68784647,1,0,0,0,0,0,0,0,0,0,0
5,5,3,-8,-97.324436,168.72119,761.59099,0,0.45824999,0.70565278,1,0,0,0,0,0,0,0,0,0,0
5,-5,-3,-1,-76.250804,634.57221,5.8881613,1,0.25434459,0.77867041,0,39.225495,3.8150099,120.088,136.41235,131,0.176,5,-9157.734,120.088,698374.59
5,-5,-3,0,-66.594951,631.26079,6.1632065,1,0.24922513,0.77991869,0,69.632297,4.9100484,217.90551,236.09486,230,0.18897638,5,-14508.689,217.90551,966060.57
5,-5,-3,1,-57.683253,634.38543,5.7777879,1,0.25402412,0.77867041,0,43.308761,3.9728523,132.7561,148.30722,143,0.16260163,5,-7657.3476,132.7561,441696.5
5,-5,-2,-3,-96.03273,586.8244,9.7616645,1,0.17915703,0.79539745,1,0,0,0,0,0,0,0,0,0,0
5,-5,-2,-2,-79.874906,561.58611,9.8858719,1,0.1382338,0.8018511,0,190.54964,5.8370901,1105.3189,1146.4412,1135,0.47872671,8,-88361.28,1105.3189,7064098.8
5,-5,-2,-1,-61.650007,541.79115,9.2418513,1,0.10590508,0.80575676,0,37.738129,2.3729329,287.1227,325.94569,315,0.43558282,10,-18044.222,292.58282,1112965.9
5,-5,-2,0,-45.050212,533.47305,8.7435192,1,0.092301537,0.80706423,0,164.89438,4.4410353,1441.8,1507.88,1489,0.76129032,11,-65018.85,1445.4,2925631
5,-5,-2,1,-33.87479,541.32769,9.091785,1,0.10513382,0.80575676,1,38.078074,2.3856384,291.83439,334.29681,322,0.47133758,9,-9857.828,291.83439,333139.62
5,-5,-2,2,-27.31118,560.88231,9.6189356,1,0.13705128,0.8018511,1,0,0,0,0,0,0,0,0,0,0
5,-5,-2,3,-23.026714,586.01826,9.3976753,1,0.17778905,0.79539745,1,0,0,0,0,0,0,0,0,0,0
5,-4,-5,0,-81.713051,792.67898,82.396694,1,0.51293947,0.74674391,0,1.1677324,2.3150091,1.7,11.358385,8,0.1,5,-299.17115,3.6384615,24600.07
5,-4,-4,-2,-96.027433,725.88653,96.930223,1,0.42461003,0.7884956,1,0,0,0,0,0,0,0,0,0,0
5,-4,-4,-1,-89.257239,719.57622,97.974054,1,0.41544107,0.79231416,1,127.44773,8.3807661,243.06369,255.47207,252,0.14649682,4,-21695.212,243.06369,1936474.3
5,-4,-4,0,-82.29198,717.42442,98.287634,1,0.41227313,0.79359259,0,84.948357,6.8534685,163.51875,174.03877,171,0.11875,5,-13454.189,163.51875,1107011.4
5,-4,-4,1,-75.341671,719.4931,97.887696,1,0.41528389,0.79231416,0,133.88876,8.6777184,255.44444,274.10425,269,0.22222222,5,-19258.441,255.44444,1451959.2
5,-4,-4,2,-68.595025,725.72368,96.757209,1,0.42430241,0.7884956,0,56.03054,5.8430086,104.12346,117.90184,114,0.15432099,5,-7247.1204,105.49383,497871.92
5,-4,-4,3,-62.191334,735.95585,94.846597,1,0.43884415,0.78218711,0,120.23841,8.4699949,214.31056,227.91189,224,0.14906832,5,-13347.565,214.52174,830513.3
5,-4,-4,4,-56.21004,749.97616,92.076586,1,0.45820116,0.7734724,0,41.301489,5.5680271,69.719512,88.344587,83,0.20121951,5,-4045.6555,71.939024,227525.7
5,-4,-4,5,-50.676895,767.57719,88.340556,1,0.48155016,0.76246861,0,98.257132,8.2030818,155.57669,168.69995,165,0.14723926,5,-7887.5123,155.7546,399444.39
5,-4,-4,6,-45.578865,788.61057,83.504317,1,0.50804496,0.74932638,0,61.378153,6.8562933,90.52795,102.26253,99,0.13664596,5,-4218.1304,92.534161,192290.42
5,-4,-3,-2,-99.169805,658.69184,106.82151,1,0.32095584,0.82741552,1,0,0,0,0,0,0,0,0,0,0
5,-4,-3,-1,-90.008824,650.80262,107.55815,1,0.30791737,0.83148269,1,66.070297,5.071572,178.4125,187.55266,185,0.10625,2,-16011.766,178.4125,1436988.5
5,-4,-3,0,-80.610946,648.06966,107.7652,1,0.30335671,0.83284399,0,19.758973,3.0959827,54.246835,72.246555,67,0.19620253,5,-4399.3845,54.537975,354890.25
5,-4,-3,1,-71.489915,650.69097,107.47162,1,0.30770552,0.83148269,0,135.75036,7.2761653,366.825,386.58141,381,0.225,5,-26231.328,366.825,1875819.3
5,-4,-3,2,-63.052169,658.47766,106.64892,1,0.32054922,0.82741552,0,26.392321,3.4475984,68.125,79.193805,76,0.125,5,-4301.7094,68.125,271641.17
5,-4,-3,3,-55.505559,670.93716,105.2192,1,0.34078179,0.82069269,0,109.68258,6.9587358,264.14465,280.84653,276,0.18238994,5,-14673.747,264.14465,815202.73
5,-4,-3,4,-48.874258,687.46079,103.07259,1,0.36695584,0.81139789,0,32.121228,4.1653025,71.025157,84.826826,81,0.16352201,5,-3496.4277,71.559748,170843.32
5,-4,-3,5,-43.070873,707.49598,100.08183,1,0.39760605,0.79964827,0,313.28011,12.70975,630.05556,653.38032,647,0.27777778,5,-27138.968,630.05556,1169067
5,-4,-3,6,-37.965044,730.64298,96.107331,1,0.43143122,0.78559448,0,89.208197,7.2543409,162.43949,174.48963,171,0.13375796,5,-6179.6529,163.07006,234195.01
5,-4,-3,7,-33.424824,756.68668,90.993681,1,0.46734929,0.76942062,0,55.165452,6.2721054,90.821656,106.62798,102,0.17197452,5,-3065.8455,91.89172,102296.93
5,-4,-3,8,-29.334485,785.59663,84.560299,1,0.50448269,0.75134426,1,0,0,0,0,0,0,0,0,0,0
5,-4,-2,-1,-87.438754,583.00562,111.75013,1,0.19079258,0.86096746,0,133.86871,5.5713847,604.09375,632.08691,624,0.30625,5,-52924.031,604.9375,4630224.3
5,-4,-2,0,-72.823461,578.65127,111.76041,1,0.18301827,0.86238795,0,64.53927,3.7918113,304.11111,319.23457,315,0.17283951,5,-22156.25,304.11111,1614258.5
5,-4,-2,1,-59.843574,582.82295,111.65732,1,0.19045088,0.86096746,0,126.84977,5.403411,573.4472,596.68281,590,0.25465839,5,-34329.47,573.4472,2055229.1
5,-4,-2,2,-49.459817,594.63961,111.34112,1,0.21141402,0.85672271,0,155.61084,6.2737057,630.58896,646.3404,642,0.18404908,5,-31182.175,630.58896,1542033.9
5,-4,-2,3,-41.48113,612.19707,110.59012,1,0.24221542,0.84970392,0,169.71744,7.1057902,595.37736,621.37878,614,0.29559748,5,-24739.797,596.73585,1025745.5
5,-4,-2,4,-35.283194,633.76247,109.18437,1,0.27932318,0.83999477,0,11.277272,2.269736,33.91358,46.589697,43,0.14197531,5,-1289.7623,36.654321,45385.822
5,-4,-2,5,-30.299742,658.21159,106.9476,1,0.32018894,0.82771243,1,0,0,0,0,0,0,0,0,0,0
5,-4,-2,6,-26.132274,684.95224,103.73387,1,0.36313302,0.81300752,1,0,0,0,0,0,0,0,0,0,0
5,-4,-2,7,-22.519731,713.75685,99.40381,1,0.40704684,0.79606415,1,0,0,0,0,0,0,0,0,0,0
5,-4,-1,-1,-56.834204,487.46471,108.30941,1,0.019284254,0.87926122,0,214.65667,2.2176682,9787.2226,10224.058,10099,4.9488474,38,-559883.18,9879.2286,31762877
5,-3,-5,-1,-92.957123,789.12304,171.46679,1,0.5430635,0.78384512,1,0,0,0,0,0,0,0,0,0,0
5,-3,-5,0,-87.448289,787.3235,171.7235,1,0.54069332,0.78510491,0,25.557554,4.8422175,37.110429,49.435846,46,0.14110429,5,-3250.4985,37.110429,284716.19
5,-3,-5,1,-81.830651,789.07742,171.38765,1,0.54297306,0.78384512,0,220.58255,12.671205,318.43671,334.61068,330,0.1835443,5,-26063.903,318.43671,2133346.7
5,-3,-4,-1,-96.292567,718.46347,181.98565,1,0.4417448,0.83394504,1,0,0,0,0,0,0,0,0,0,0
5,-3,-4,0,-89.389152,716.45467,182.18209,1,0.43858494,0.83531139,1,18.33129,3.5655193,34.913043,46.114232,43,0.13043478,4,-3166.295,35.453416,282779.45
5,-3,-4,1,-82.398164,718.40848,181.90968,1,0.44163377,0.83394504,0,269.69282,12.173119,509.26582,528.38936,523,0.22151899,5,-41965.456,509.26582,3458168.7
5,-3,-4,2,-75.514418,724.27205,181.15778,1,0.45072822,0.82986275,0,32.370898,4.7647598,59.6,76.96,72,0.19375,5,-4634.65,61.4,349841.14
5,-3,-4,3,-68.89517,733.90064,179.89554,1,0.46540621,0.82311471,0,529.98431,17.614455,937.32716,970.49836,961,0.36419753,5,-64563.637,937.32716,4447261.4
5,-3,-4,4,-62.64401,747.09897,178.07369,1,0.48498872,0.81378462,0,138.83822,9.4477467,232.96296,251.31139,246,0.19753086,5,-14597.722,232.96296,914735.67
5,-3,-4,5,-56.810961,763.67225,175.62604,1,0.50867962,0.80198963,0,109.62011,8.7343145,172.82822,189.62976,185,0.19631902,5,-9819.2899,172.82822,557898.7
5,-3,-4,6,-51.403342,783.4727,172.46963,1,0.53565321,0.78788038,0,8.7711129,3.6133896,12.901235,28.247676,24,0.17901235,5,-758.81173,14.728395,39096.495
5,-3,-3,-1,-99.38108,654.21266,188.42026,1,0.33466086,0.87572519,1,0,0,0,0,0,0,0,0,0,0
5,-3,-3,0,-90.133065,651.70977,188.55232,1,0.33022796,0.8771744,1,75.535078,5.5027344,200.64151,213.64922,210,0.1509434,2,-18005.11,200.64151,1615738.6
5,-3,-3,1,-80.900887,654.14043,188.34535,1,0.33451452,0.87572519,0,289.21155,10.721899,757.12658,787.86012,779,0.34177215,5,-61263.579,757.12658,4957275.9
5,-3,-3,2,-72.119374,661.34769,187.78235,1,0.34714953,0.87139428,0,16.888017,3.2582443,42.391304,66.890359,60,0.27950311,5,-3305.7609,45.826087,238472.15
5,-3,-3,3,-64.070451,672.91883,186.81652,1,0.36713564,0.8642319,0,245.13196,10.45013,577.03704,605.13306,597,0.30246914,5,-36971.037,577.03704,2368809.8
5,-3,-3,4,-56.86125,688.33189,185.38086,1,0.39314112,0.85432172,0,21.281172,3.6794112,46.245399,63.929692,59,0.20245399,5,-2665.0322,46.95092,151280.43
5,-3,-3,5,-50.469475,707.09716,183.39647,1,0.42378362,0.84178091,0,261.75515,11.785706,519.93631,548.05104,540,0.31847134,5,-26217.182,519.93631,1322016.4
5,-3,-3,6,-44.80478,728.84416,180.77606,1,0.45780473,0.82676009,0,2.8278715,2.8232099,5.1069182,25.9947,20,0.2327044,5,-246.77044,5.5345912,11005.516
5,-3,-3,7,-39.754734,753.35602,177.42254,1,0.49413517,0.80944339,0,319.50574,14.235371,523.38272,543.77473,538,0.22839506,5,-20811.66,523.38272,827591.69
5,-3,-3,8,-35.210002,780.5747,173.2241,1,0.53189338,0.79004837,0,53.643378,6.4327834,79.679245,91.296903,88,0.13207547,5,-2808.2028,79.679245,98981.848
5,-3,-2,0,-87.905764,589.558,191.52746,1,0.21598807,0.9085838,0,180.32991,6.680147,758.58282,789.66431,781,0.35582822,5,-66706.824,758.58282,5866017.9
5,-3,-2,1,-74.447942,593.13774,191.42271,1,0.22275269,0.90707539,0,167.2785,6.5558213,681.17791,712.68079,704,0.36809816,5,-51137.716,686.64417,3808543.9
5,-3,-2,2,-62.802978,603.3955,191.13701,1,0.24204715,0.90256691,0,541.34323,12.162083,2018.6087,2056.7183,2046,0.43478261,5,-126803.17,2018.6087,7965615.5
5,-3,-2,3,-53.295713,618.97621,190.55686,1,0.2710251,0.89510857,0,553.77364,13.105845,1828.9359,1873.5379,1861,0.52564103,5,-97530.051,1828.9359,5201088.9
5,-3,-2,4,-45.647394,638.51437,189.55772,1,0.30668344,0.88478404,0,86.201286,5.6940515,248.69136,269.85886,264,0.24691358,5,-11372.525,248.69136,520096.66
5,-3,-2,5,-39.418403,661.01915,188.03014,1,0.34663077,0.8717105,0,335.57063,11.781601,843.89634,877.84723,868,0.3597561,5,-33422.142,848.25,1316958.8
5,-3,-2,6,-34.221534,685.90333,185.87889,1,0.38916297,0.85603857,0,109.53555,7.4178579,240.94444,266.24451,259,0.27777778,5,-8247.8534,240.94444,282362.09
5,-3,-2,7,-29.76748,712.89325,183.01277,1,0.43309501,0.83795236,1,0,0,0,0,0,0,0,0,0,0
5,-3,-2,8,-25.851354,741.94242,179.33352,1,0.47758574,0.81766945,1,0,0,0,0,0,0,0,0,0,0
5,-3,-2,9,-22.329487,773.17747,174.72571,1,0.52201174,0.79544091,1,0,0,0,0,0,0,0,0,0,0
5,-3,-1,0,-72.387927,524.05224,191.17929,1,0.090400549,0.92803234,0,50.175792,2.307979,515.09375,561.36816,548,0.50625,7,-37349.977,515.09375,2708436
5,-3,-1,1,-49.886679,532.09737,191.41547,1,0.10588335,0.92648842,0,406.64917,6.8594298,3558.2152,3602.4725,3590,0.51265823,6,-177489.54,3558.2152,8854405.1
5,-3,-1,2,-37.603229,551.26842,191.81766,1,0.14280235,0.92187339,0,314.44944,7.0391368,2029.9565,2064.9552,2055,0.39130435,5,-76316.943,2029.9565,2869534.9
5,-3,-1,3,-30.473662,575.20685,191.90139,1,0.18872075,0.91423747,1,0,0,0,0,0,0,0,0,0,0
5,-3,-1,4,-25.63847,601.29127,191.45345,1,0.2381448,0.90366433,1,0,0,0,0,0,0,0,0,0,0
5,-2,-5,-1,-96.867765,783.86518,247.08019,1,0.55921471,0.81287926,1,0,0,0,0,0,0,0,0,0,0
5,-2,-5,0,-91.381896,782.14003,247.22333,1,0.55681509,0.81420186,1,0,0,0,0,0,0,0,0,0,0
5,-2,-5,1,-85.75378,783.83681,247.00705,1,0.55915593,0.81287926,0,206.24444,12.38204,299.83019,324.01911,317,0.26415094,5,-25725.486,299.83019,2207274.5
5,-2,-5,2,-80.087006,788.94036,246.42558,1,0.56614888,0.80892823,0,6.3210256,3.5425509,9.0316456,25.620694,21,0.19620253,5,-886.50633,11.050633,71117.994
5,-2,-4,0,-94.227671,713.71531,253.6872,1,0.4528957,0.86680675,1,0,0,0,0,0,0,0,0,0,0
5,-2,-4,1,-87.212756,715.61056,253.50928,1,0.45600437,0.86537761,0,306.82553,12.936479,582.275,602.70594,597,0.2375,5,-50806.963,582.275,4433259.1
5,-2,-4,2,-80.241458,721.2792,253.0391,1,0.4652403,0.86110693,0,6.9347547,3.0282679,12.835443,31.415799,26,0.20253165,5,-1328.4699,16.537975,106716.51
5,-2,-4,3,-73.482251,730.58102,252.25823,1,0.48014553,0.85404493,0,95.068311,7.8596097,169.1,195.44187,188,0.3,5,-12423.362,169.1,912729.14
5,-2,-4,4,-67.054086,743.32547,251.13727,1,0.5000462,0.84427528,0,239.01816,12.29425,403.55696,430.87566,423,0.30379747,5,-27068.763,403.55696,1815689.9
5,-2,-4,5,-61.022697,759.31945,249.63692,1,0.52415039,0.83191515,0,178.29714,10.930643,282.98765,300.98003,296,0.20987654,5,-17274.994,282.98765,1054591
5,-2,-4,6,-55.408819,778.41096,247.70813,1,0.55163461,0.81711517,0,33.192426,5.5255514,49.166667,66.990741,62,0.2037037,5,-2866.4722,51.666667,159040.34
5,-2,-3,0,-96.53062,651.21559,257.68099,1,0.34342134,0.9105352,1,0,0,0,0,0,0,0,0,0,0
5,-2,-3,1,-87.233887,653.56468,257.5426,1,0.34774921,0.90902319,0,257.87353,10.165052,674.08642,706.05228,697,0.35802469,5,-58843.003,674.08642,5136625.9
5,-2,-3,2,-78.240195,660.50944,257.18572,1,0.36046546,0.90450391,0,347.15324,11.938682,871.1,897.44187,890,0.3,5,-68194.922,871.1,5338774.8
5,-2,-3,3,-69.875146,671.66316,256.5825,1,0.38059862,0.89702755,0,334.0409,12.152478,787.2963,820.36443,811,0.37037037,5,-54997.707,787.2963,3841999.3
5,-2,-3,4,-62.296481,686.53268,255.69292,1,0.40684399,0.88667782,0,96.041121,7.0600673,209.3125,236.75195,229,0.3125,5,-13126.317,210.64375,817981.92
5,-2,-3,5,-55.523234,704.6491,254.46982,1,0.43783693,0.87357187,0,376.16546,13.989422,750.525,779.06203,771,0.325,5,-41666.891,750.525,2313312.1
5,-2,-3,6,-49.491756,725.65018,252.86109,1,0.47232563,0.85786032,0,746.85905,20.544571,1356.481,1392.3368,1382,0.39873418,5,-67130.259,1356.481,3322313.9
5,-2,-3,7,-44.103602,749.31441,250.80906,1,0.5092394,0.8397273,0,14.741593,3.6604536,24.308642,36.433623,33,0.13580247,5,-1134.7716,25.679012,50152.463
5,-2,-3,8,-39.254851,775.56706,248.24785,1,0.54769136,0.81939038,0,119.10288,9.3255303,178.1875,194.65117,190,0.1875,5,-6998.2531,178.1875,274869.98
5,-2,-2,0,-97.565603,591.82841,259.63151,1,0.22963987,0.94327706,1,0,0,0,0,0,0,0,0,0,0
5,-2,-2,1,-83.860833,595.219,259.55263,1,0.23631382,0.94170586,0,417.23546,10.373705,1662.675,1708.9134,1696,0.5375,5,-139656.83,1664.8125,11715577
5,-2,-2,2,-71.519432,604.9374,259.35744,1,0.25535326,0.93700899,0,1516.908,20.436454,5566.2357,5623.6173,5607,0.63694268,5,-398254.17,5566.2357,28494990
5,-2,-2,3,-61.125967,619.77666,258.98113,1,0.28410782,0.92923668,0,156.7985,7.1403136,512.84375,545.40723,536,0.35625,5,-31373.07,512.84375,1919305.6
5,-2,-2,4,-52.600095,638.48585,258.35074,1,0.31970727,0.9184726,0,125.83302,6.9226887,361.5,395.52778,386,0.38888889,5,-19024.903,361.5,1001273.4
5,-2,-2,5,-45.591774,660.12632,257.40065,1,0.35980193,0.90483391,0,10.209514,2.8067515,25.675,49.821719,43,0.275,5,-1174.6469,25.675,53746.139
5,-2,-2,6,-39.734481,684.12008,256.07321,1,0.4026786,0.88847125,0,358.46591,13.004874,790.92025,823.34518,814,0.34969325,5,-31451.509,790.92025,1250759.4
5,-2,-2,7,-34.730468,710.18017,254.31337,1,0.44712683,0.86956873,0,158.09237,9.4269522,307.45679,336.11584,328,0.32098765,5,-10688.031,307.45679,371573.75
5,-2,-2,8,-30.358021,738.23487,252.06254,1,0.4922797,0.84834392,1,0,0,0,0,0,0,0,0,0,0
5,-2,-2,9,-26.456505,768.37692,249.25277,1,0.53749294,0.82504789,1,0,0,0,0,0,0,0,0,0,0
5,-2,-1,0,-93.534151,532.87384,259.7177,1,0.1118828,0.96352507,1,0,0,0,0,0,0,0,0,0,0
5,-2,-1,1,-68.546386,539.55125,259.79954,1,0.12529413,0.96191835,0,86.202383,3.4790737,661.8,713.415,699,0.6,5,-45410.688,661.8,3116028.5
5,-2,-1,2,-51.988392,556.32901,259.95362,1,0.15897439,0.95711495,0,859.14563,12.027686,5172.5385,5243.7022,5223,0.78846154,5,-268939.78,5172.5385,13983758
5,-2,-1,3,-41.598069,578.28215,259.93986,1,0.20283009,0.94916505,0,245.59607,7.388783,1149.293,1195.5411,1182,0.50318471,5,-47819.553,1149.293,1989807.5
5,-2,-1,4,-34.554521,602.82864,259.62476,1,0.25126246,0.93815237,0,1458.2824,19.869056,5444.8688,5503.5892,5487,0.66875,5,-188104.31,5444.8688,6499117
5,-2,-1,5,-29.326494,628.94551,258.94165,1,0.30169002,0.92419404,1,0,0,0,0,0,0,0,0,0,0
5,-2,-1,6,-25.14765,656.29026,257.84702,1,0.35283269,0.90744071,1,0,0,0,0,0,0,0,0,0,0
5,-1,-5,-1,-99.161492,780.38501,314.97162,1,0.56773043,0.83097824,1,0,0,0,0,0,0,0,0,0,0
5,-1,-5,0,-93.691321,778.7021,315.02283,1,0.56531468,0.83233851,1,0,0,0,0,0,0,0,0,0,0
5,-1,-5,1,-88.059457,780.37122,314.90167,1,0.56770115,0.83097824,0,154.96765,10.637577,226.83544,242.45169,238,0.17721519,5,-19987.725,226.83544,1761258.1
5,-1,-5,2,-82.370008,785.3766,314.60527,1,0.57480092,0.82691418,0,112.30355,9.368207,161.56098,181.63474,176,0.22560976,5,-13301.329,161.56098,1095113.6
5,-1,-4,0,-97.062019,711.52016,318.27116,1,0.46003791,0.88638245,1,0,0,0,0,0,0,0,0,0,0
5,-1,-4,1,-90.036904,713.3895,318.16906,1,0.46319753,0.88491564,1,71.533089,6.314132,136.66038,145.51193,143,0.10062893,2,-12262.458,136.66038,1100304.7
5,-1,-4,2,-83.018376,718.96303,317.92648,1,0.47254926,0.88053194,0,42.121532,5.4847427,78.487805,104.45003,97,0.2804878,5,-6581.1555,79.304878,546148.24
5,-1,-4,3,-76.181077,728.10155,317.53459,1,0.48763409,0.87328155,0,163.8692,9.9086887,293.46584,314.88561,309,0.25465839,5,-22372.339,293.46584,1705575.7
5,-1,-4,4,-69.652619,740.61523,316.97939,1,0.50777671,0.86324817,0,27.524087,4.8480588,46.792453,67.929987,62,0.24528302,5,-3382.7248,48.522013,235832.1
5,-1,-4,5,-63.507744,756.31013,316.24225,1,0.53218327,0.85054896,0,71.383509,7.2302345,114.08696,133.53065,128,0.2173913,5,-7244.4472,114.08696,460037.33
5,-1,-4,6,-57.774995,775.0306,315.29994,1,0.56002792,0.83533454,0,46.20798,6.3186419,68.923567,88.827823,83,0.21656051,5,-3983.164,68.923567,230196.67
5,-1,-3,1,-90.932986,652.371,320.24926,1,0.35378492,0.92968048,1,2.0185411,1.3092853,5.3043478,11.837429,10,0.074534161,1,-476.06522,5.3043478,42726.853
5,-1,-3,2,-81.823893,659.20204,320.0612,1,0.3666223,0.92504817,0,75.598904,6.0544438,190.74843,233.36699,221,0.46540881,5,-15949.758,194.8805,1305398.2
5,-1,-3,3,-73.282297,670.16746,319.75458,1,0.386943,0.91738344,0,568.32118,15.742186,1347.4037,1392.9575,1380,0.50931677,5,-98895.595,1348.764,7251423.5
5,-1,-3,4,-65.494352,684.7831,319.31039,1,0.41344324,0.90676997,0,111.11147,7.5776958,243.69136,276.20835,267,0.36419753,5,-15959.731,243.69136,1045252.9
5,-1,-3,5,-58.502855,702.58629,318.7062,1,0.4447571,0.89332493,0,41.32297,5.0391541,83,102.44444,97,0.22222222,5,-4869.1667,83,285664.27
5,-1,-3,6,-52.259904,723.2163,317.91731,1,0.47962936,0.87719895,0,67.036524,6.6634756,122.60377,148.52047,141,0.28301887,5,-6410.8899,122.60377,335229.17
5,-1,-3,7,-46.675602,746.4479,316.91644,1,0.51698493,0.85857614,0,203.92549,11.532255,338.66667,366.80084,359,0.33333333,5,-15815.242,338.66667,738572.67
5,-1,-3,8,-41.649582,772.19715,315.67254,1,0.55593255,0.83767408,0,42.326895,6.0687412,63.777778,83.618656,78,0.22222222,5,-2655.8519,63.777778,110603.31
5,-1,-2,1,-89.295514,595.03981,321.35872,1,0.24153749,0.96316262,1,91.759836,5.1278617,365.90446,418.12175,403,0.57961783,4,-32674.699,365.90446,2917824.2
5,-1,-2,2,-76.580409,604.56849,321.24735,1,0.26066018,0.95835273,0,415.19946,10.849872,1526.5375,1591.2946,1573,0.7375,5,-116995.39,1526.5375,8966788.8
5,-1,-2,3,-65.698172,619.12747,321.04858,1,0.2895664,0.95039204,0,763.46891,15.393008,2505.7975,2552.4439,2539,0.50306748,5,-164763.8,2505.7975,10833909
5,-1,-2,4,-56.679077,637.50038,320.72797,1,0.32540421,0.93936422,0,237.90843,9.3521226,686.78481,728.85659,717,0.48734177,5,-38982.506,686.88608,2212403.5
5,-1,-2,5,-49.226597,658.76608,320.2544,1,0.36582373,0.92538645,0,561.16274,15.093726,1419.5153,1457.7915,1447,0.42944785,5,-69918.505,1419.5153,3443939.7
5,-1,-2,6,-42.989025,682.35037,319.60042,1,0.40910237,0.90860936,0,25.159154,4.0886724,55.878049,82.462225,75,0.29878049,5,-2439.2439,56.780488,104794.05
5,-1,-2,7,-37.665908,707.96146,318.73991,1,0.45401864,0.88921704,0,138.59123,8.9106848,271.4375,304.57227,295,0.3625,5,-10230.188,271.4375,385592.46
5,-1,-2,8,-33.027141,735.51711,317.64518,1,0.49969627,0.86742709,1,3.0083508,2.9230464,5.2222222,25.746914,20,0.2345679,5,-223.63889,6.7777778,7380.4236
5,-1,-2,9,-28.903038,765.09466,316.28432,1,0.54548414,0.84349057,1,0,0,0,0,0,0,0,0,0,0
5,-1,-1,1,-78.72769,540.7905,321.63333,1,0.13075248,0.9838548,0,198.4395,5.2770878,1493.1698,1576.7063,1553,0.94968553,5,-117632.28,1493.1698,9267213.7
5,-1,-1,2,-60.120665,556.99159,321.68203,1,0.16405106,0.97893837,0,159.3831,5.386437,951.08333,1033.1319,1009,0.89102564,5,-57256.021,951.25,3446357.3
5,-1,-1,3,-48.021707,578.37187,321.65203,1,0.20778102,0.9708001,0,1546.1328,18.273634,7223.8834,7289.4998,7271,0.73619632,5,-347001.41,7223.8834,16669154
5,-1,-1,4,-39.762367,602.40187,321.47999,1,0.25633853,0.95952367,0,212.5948,7.8221335,795.78261,857.30246,840,0.70186335,5,-31796.641,798.73913,1265833.5
5,-1,-1,5,-33.674774,628.03875,321.13339,1,0.30706335,0.94522626,0,596.60283,14.135553,1836.5092,1893.395,1877,0.61349693,5,-61930.495,1836.5092,2088583.3
5,-1,-1,6,-28.871438,654.91487,320.59096,1,0.35861827,0.9280585,1,0,0,0,0,0,0,0,0,0,0
5,-1,-1,7,-24.871073,682.9705,319.83345,1,0.41024226,0.90820448,1,0,0,0,0,0,0,0,0,0,0
5,0,-5,-1,-99.916974,779.35212,379.35682,1,0.5707396,0.83712432,1,0,0,0,0,0,0,0,0,0,0
5,0,-5,0,-94.455813,777.68765,379.32513,1,0.56832884,0.83849714,1,0,0,0,0,0,0,0,0,0,0
5,0,-5,1,-88.826627,779.3518,379.28789,1,0.57073894,0.83712432,1,49.519353,6.4600829,72.631902,89.780308,85,0.19631902,5,-6457.0475,72.631902,574046.94
5,0,-5,2,-83.133489,784.32856,379.2448,1,0.57788064,0.83302257,0,83.637956,8.3081225,120.56522,143.431,137,0.26086957,5,-10088.043,121.30435,838961.04
5,0,-5,3,-77.473552,792.57531,379.19541,1,0.58949684,0.82624213,0,251.75445,13.823489,352.86047,375.39373,368,0.24031008,5,-27331.692,352.86047,2117080.1
5,0,-4,0,-97.996892,710.88485,379.70724,1,0.46255087,0.89302077,1,0,0,0,0,0,0,0,0,0,0
5,0,-4,1,-90.974451,712.75054,379.67211,1,0.46573785,0.8915414,1,1.7034659,1.389204,3.2608696,7.0718336,6,0.043478261,1,-292.66304,3.2608696,26266.508
5,0,-4,2,-83.946107,718.29681,379.63235,1,0.47513597,0.88712002,0,37.935155,5.0137346,70.828221,87.629756,83,0.19631902,5,-5939.3144,70.828221,498057.02
5,0,-4,3,-77.088119,727.38481,379.58766,1,0.49028587,0.87980684,0,0.38290625,2.6145439,0.68711656,22.01242,16,0.2392638,5,-184.32055,2.3619632,14384.007
5,0,-4,4,-70.530707,739.82512,379.53762,1,0.51051198,0.86968555,0,44.24068,5.7405399,75.36646,95.635276,90,0.23602484,5,-5339.4876,75.602484,377113.41
5,0,-4,5,-64.351519,755.42379,379.48172,1,0.53502021,0.8568733,0,21.271281,4.4990127,34.067485,51.919116,47,0.20858896,5,-2190.1457,34.067485,140805.09
5,0,-4,6,-58.581742,774.02431,379.41928,1,0.56298437,0.84152074,0,122.13876,9.457201,182.56688,199.8307,195,0.20382166,5,-10695.25,182.56688,626576.47
5,0,-3,1,-92.158476,652.0312,380.01094,1,0.35586263,0.93667933,1,0,0,0,0,0,0,0,0,0,0
5,0,-3,2,-83.021125,658.83041,379.97313,1,0.36875189,0.93200934,0,4.9717851,2.9083223,12.566038,54.032752,42,0.45283019,5,-1045.5094,12.566038,86993.222
5,0,-3,3,-74.429177,669.73837,379.93125,1,0.38914362,0.92428181,0,66.111222,5.9019599,157.02532,196.50857,185,0.43037975,5,-11695.63,157.02532,871138.28
5,0,-3,4,-66.577777,684.274,379.88508,1,0.4157346,0.91358044,0,600.87604,16.794008,1320.4304,1361.9776,1350,0.46202532,5,-87993.392,1320.4304,5864009.3
5,0,-3,5,-59.517758,701.97696,379.83429,1,0.44715895,0.90002237,0,241.91917,11.307948,486.92453,518.02456,509,0.33962264,5,-28989.036,486.92453,1725915
5,0,-3,6,-53.206871,722.48739,379.77841,1,0.48216087,0.88375824,0,56.89377,6.19604,104.28125,128.97676,122,0.28125,5,-5558.8266,104.43125,295899.91
5,0,-3,7,-47.558517,745.57913,379.71681,1,0.51966429,0.86497217,0,314.98151,14.076598,524.28125,548.97676,542,0.28125,5,-24950.93,524.28125,1187487.2
5,0,-3,8,-42.4739,771.1656,379.64869,1,0.55877685,0.84388173,0,89.39034,8.3072864,135,157.4,151,0.25,5,-5802.1,136.8,246098.85
5,0,-2,1,-91.092884,594.96097,380.32299,1,0.2431926,0.97042796,1,0,0,0,0,0,0,0,0,0,0
5,0,-2,2,-78.274542,604.43999,380.28564,1,0.26236923,0.96558039,0,2526.2365,26.291732,9297.1437,9362.4496,9344,0.74375,5,-727958.79,9297.1437,56999254
5,0,-2,3,-67.243805,618.91836,380.24468,1,0.2913493,0.9575569,0,982.76621,17.468572,3229.9874,3296.219,3277,0.72327044,5,-217294.9,3229.9874,14618565
5,0,-2,4,-58.068244,637.19026,380.20023,1,0.32728532,0.94644118,0,82.094415,5.9176339,237.4,292.84,277,0.61875,5,-13930.85,239.8,809316.39
5,0,-2,5,-50.471242,658.34039,380.1522,1,0.36782753,0.93235038,0,145.10314,8.0027535,367.8,411.48,399,0.4875,5,-18569.95,367.8,937635.09
5,0,-2,6,-44.107872,681.79628,380.10035,1,0.41125099,0.91543514,0,2813.2894,35.728973,6262.3168,6325.3173,6307,0.67701863,5,-276565.08,6262.3168,12214648
5,0,-2,7,-38.677976,707.26506,380.04421,1,0.45633137,0.89587956,0,320.23799,13.100991,628.69811,661.52593,652,0.35849057,5,-24339.099,628.69811,942298.86
5,0,-2,8,-33.949348,734.6615,379.98314,1,0.50218997,0.87390123,0,2.4768272,3.1093709,4.3101266,29.27748,22,0.2721519,5,-308.11076,9.1265823,10402.833
5,0,-2,9,-29.749662,764.05834,379.91632,1,0.54817387,0.84975121,1,0,0,0,0,0,0,0,0,0,0
5,0,-1,1,-82.085689,540.97008,380.62205,1,0.1320588,0.99128004,0,413.1791,7.5433737,3101.4684,3206.19,3176,1.164557,5,-254806.76,3101.4684,20934411
5,0,-1,2,-62.860977,557.05216,380.58244,1,0.1653713,0.98632592,0,7907.159,36.466521,47160.759,47305.245,47265,1.7088608,5,-2964175.4,47160.759,1.8630964e+08
5,0,-1,3,-50.212993,578.29644,380.53974,1,0.20916429,0.97812486,0,103.39533,5.0768284,483.5125,563.6357,541,0.9125,5,-24572.806,488.9,1235088.7
5,0,-1,4,-41.551155,602.19151,380.49472,1,0.25783378,0.96676053,0,2412.3531,25.467667,9045.2375,9118.7752,9098,0.8375,5,-376200.12,9045.2375,15647512
5,0,-1,5,-35.17441,627.69426,380.44748,1,0.30870539,0.95235009,0,429.56513,12.032445,1325.2,1377.8837,1363,0.6,5,-46684.438,1325.2,1644718.4
5,0,-1,6,-30.158992,654.43315,380.39777,1,0.3604313,0.93504417,1,0,0,0,0,0,0,0,0,0,0
5,0,-1,7,-25.998676,682.34399,380.34518,1,0.41224403,0.9150269,1,0,0,0,0,0,0,0,0,0,0
5,0,-1,8,-22.401827,711.52442,380.28912,1,0.46364547,0.89251584,1,0,0,0,0,0,0,0,0,0,0
5,1,-5,-1,-99.159568,780.96906,443.68521,1,0.56892629,0.83097824,1,0,0,0,0,0,0,0,0,0,0
5,1,-5,0,-93.700988,779.30207,443.56972,1,0.56654431,0.83233851,1,0,0,0,0,0,0,0,0,0,0
5,1,-5,1,-88.080881,780.98216,443.61533,1,0.56895418,0.83097824,0,163.64719,10.918692,239.01266,254.31149,250,0.17721519,5,-21070.063,239.01266,1857453
5,1,-5,2,-82.402733,785.99351,443.82425,1,0.57606671,0.82691418,0,108.93255,9.3056735,156.36709,178.43126,172,0.24050633,5,-13035.922,158.24684,1073875.1
5,1,-4,0,-97.065119,712.11451,441.09604,1,0.46124645,0.88638245,1,0,0,0,0,0,0,0,0,0,0
5,1,-4,1,-90.058097,713.99602,441.12689,1,0.46443283,0.88491564,1,68.004736,6.2404545,129.57407,141.38077,138,0.12962963,2,-11627.582,129.57407,1043424.5
5,1,-4,2,-83.05658,719.57357,441.28893,1,0.47379447,0.88053194,0,34.702639,5.1127799,64.49375,90.286836,83,0.29375,5,-5357.4078,64.49375,445041.21
5,1,-4,3,-76.234028,728.70884,441.59032,1,0.48887411,0.87328155,0,193.16649,10.7274,345.05556,367.20062,361,0.25308642,5,-26311.347,345.05556,2006348
5,1,-4,4,-69.71741,741.21361,442.04418,1,0.50899958,0.86324817,0,20.311208,4.478215,34.447205,57.682805,51,0.25465839,5,-2472.4161,35.465839,172360.94
5,1,-4,5,-63.58136,756.89571,442.66804,1,0.53338064,0.85054896,0,59.52273,6.7584103,94.917197,116.1484,110,0.23566879,5,-6274.8025,98.66242,399077.71
5,1,-4,6,-57.854691,775.60119,443.48364,1,0.56119483,0.83533454,0,38.644281,5.8641262,57.521739,76.190386,71,0.2173913,5,-3400.8696,58.832298,196598.57
5,1,-3,1,-90.957704,652.98247,439.73194,1,0.35500891,0.92968048,1,1.2591752,1.114825,3.2974684,8.5231934,7,0.056962025,1,-295.94778,3.2974684,26561.314
5,1,-3,2,-81.876856,659.81267,439.8436,1,0.36784774,0.92504817,0,71.549944,5.9475477,179.93082,223.70124,211,0.47798742,5,-14725.096,179.93082,1205081.1
5,1,-3,3,-73.357223,670.76557,440.06578,1,0.38814614,0.91738344,0,581.79912,15.896803,1375.0823,1411.6624,1401,0.39873418,5,-100850.45,1375.0823,7396631.6
5,1,-3,4,-65.584265,685.36122,440.4169,1,0.41460866,0.90676997,0,129.20729,8.0636747,282.58282,311.01656,303,0.3190184,5,-18560.176,282.58282,1219072.4
5,1,-3,5,-58.601661,703.1408,440.91861,1,0.44587712,0.89332493,0,25.196361,4.3264646,50.481481,75.137174,68,0.2654321,5,-3157.0926,53.777778,185349.49
5,1,-3,6,-52.362996,723.74639,441.59458,1,0.48070192,0.87719895,0,71.725887,6.8473643,130.8875,156.1318,149,0.2875,5,-6846.2812,130.8875,358114.59
5,1,-3,7,-46.77981,746.95447,442.47075,1,0.51801151,0.85857614,0,199.84995,11.381462,331.24051,355.85651,349,0.29113924,5,-15566.127,332.78481,728136.77
5,1,-3,8,-41.752875,772.682,443.57644,1,0.55691652,0.83767408,0,51.184222,6.5792241,76.987654,97.930803,92,0.2345679,5,-3335.6914,79.753086,139521.26
5,1,-2,1,-89.33969,595.66491,439.25226,1,0.24275411,0.96316262,1,90.459922,5.0631261,358.91304,403.55577,391,0.50931677,4,-32329.815,362.13043,2886316.2
5,1,-2,2,-76.677568,605.17772,439.28861,1,0.26185,0.95835273,0,414.82649,10.829712,1518.236,1571.0118,1556,0.59006211,5,-116490.72,1518.236,8938205.7
5,1,-2,3,-65.825704,619.70304,439.40541,1,0.2906938,0.95039204,0,734.72712,15.188536,2402.1111,2465.8457,2448,0.72839506,5,-158095.47,2402.1111,10405269
5,1,-2,4,-56.819126,638.03663,439.63703,1,0.32645762,0.93936422,0,224.93135,9.2702755,647.22785,711.54062,693,0.71518987,5,-36764.047,647.22785,2088322.1
5,1,-2,5,-49.368418,659.26426,440.01426,1,0.36680536,0.92538645,0,565.2838,15.202819,1426.1132,1471.0355,1458,0.49056604,5,-70391.575,1426.1132,3474582.4
5,1,-2,6,-43.127124,682.81453,440.5639,1,0.41002002,0.90860936,0,27.0531,4.1261865,59.95,83.606875,77,0.275,5,-2673.8656,61.9875,115345.22
5,1,-2,7,-37.797859,708.39629,441.31113,1,0.45488139,0.88921704,0,117.42977,8.1938183,229.55556,256.56173,249,0.30864198,5,-8679.0278,229.55556,328156.4
5,1,-2,8,-33.15214,735.927,442.2823,1,0.50051275,0.86742709,1,8.2223702,3.6861988,14.25,40.8125,33,0.28846154,5,-508.0625,15.25,16928.703
5,1,-2,9,-29.021075,765.48344,443.50763,1,0.54626192,0.84349057,1,0,0,0,0,0,0,0,0,0,0
5,1,-1,1,-78.902208,541.42376,439.58057,1,0.13193581,0.9838548,0,198.87162,5.3368111,1483,1583.8,1555,1.125,5,-116989.15,1483,9229063.3
5,1,-1,2,-60.37837,557.55052,439.45376,1,0.16509418,0.97893837,0,164.75896,5.4925935,976.95062,1060.7232,1037,0.9382716,5,-58981.336,976.95062,3560967.3
5,1,-1,3,-48.2755,578.85601,439.39937,1,0.20868345,0.9708001,0,1529.4343,18.217061,7114.9625,7181.9148,7163,0.7625,5,-343565.56,7114.9625,16590625
5,1,-1,4,-39.990831,602.82806,439.48186,1,0.25713375,0.95952367,0,218.6389,7.8983003,815.87578,868.68138,854,0.61490683,5,-32663.604,816.8882,1306149.1
5,1,-1,5,-33.876977,628.42167,439.73397,1,0.30778031,0.94522626,0,617.03727,14.366152,1894.9875,1946.5737,1932,0.5875,5,-64159.253,1894.9875,2172417.5
5,1,-1,6,-29.050944,655.26505,440.17656,1,0.35927757,0.9280585,1,0,0,0,0,0,0,0,0,0,0
5,1,-1,7,-25.031782,683.29533,440.82806,1,0.41085827,0.90820448,1,0,0,0,0,0,0,0,0,0,0
5,2,-5,-1,-96.873688,785.0771,511.39572,1,0.56164013,0.81287926,1,0,0,0,0,0,0,0,0,0,0
5,2,-5,0,-91.411361,783.38501,511.18547,1,0.55930902,0.81420186,1,0,0,0,0,0,0,0,0,0,0
5,2,-5,1,-85.806866,785.10464,511.32275,1,0.56169732,0.81287926,0,189.41581,11.811498,274.1195,292.18461,287,0.20125786,5,-23528.649,274.1195,2019581.4
5,2,-5,2,-80.162543,790.22067,511.81264,1,0.56871615,0.80892823,0,3.3890565,3.6005087,4.8205128,26.227482,20,0.23717949,5,-559.87179,6.974359,44945.474
5,2,-4,0,-94.248903,714.94807,505.52964,1,0.45534749,0.86680675,1,0,0,0,0,0,0,0,0,0,0
5,2,-4,1,-87.270297,716.86862,505.63316,1,0.45851042,0.86537761,0,310.98823,13.080048,586.94904,609.44083,603,0.25477707,5,-51224.807,586.94904,4470597.5
5,2,-4,2,-80.332542,722.5456,506.01951,1,0.46776632,0.86110693,0,6.373263,2.8423093,11.732484,27.377825,23,0.18471338,5,-1023.6736,12.783439,81975.086
5,2,-4,3,-73.601879,731.84071,506.70634,1,0.48266087,0.85404493,0,114.05371,8.3624784,201.8125,218.95117,214,0.1875,5,-14860.859,201.8125,1094330.3
5,2,-4,4,-67.196153,744.56672,507.72193,1,0.50252659,0.84427528,0,232.66269,12.142005,390.8875,416.1318,409,0.2875,5,-26268.897,390.8875,1765390.3
5,2,-4,5,-61.181059,760.53427,509.10418,1,0.52657894,0.83191515,0,173.16304,10.919516,273.57143,297.60337,291,0.28571429,5,-16747.545,273.57143,1025274.3
5,2,-4,6,-55.57801,779.59482,510.90038,1,0.55400134,0.81711517,0,23.282149,5.0194115,34.339623,54.808829,49,0.2327044,5,-1964.566,35.320755,109275.64
5,2,-3,0,-96.542582,652.45616,502.24252,1,0.34584439,0.9105352,1,0,0,0,0,0,0,0,0,0,0
5,2,-3,1,-87.309075,654.83385,502.30915,1,0.35023509,0.90902319,0,265.08493,10.381545,688.01887,726.03002,715,0.41509434,5,-60073.624,688.01887,5245339.8
5,2,-3,2,-78.370128,661.77663,502.58719,1,0.36295377,0.90450391,0,337.76725,11.845208,841.7375,871.37211,863,0.3375,5,-66113.845,843.85625,5179923.2
5,2,-3,3,-70.046156,672.9041,503.1038,1,0.38304098,0.89702755,0,322.53857,11.94784,755.33951,782.88847,775,0.30246914,5,-52937.992,755.33951,3710240.4
5,2,-3,4,-62.494257,687.73187,503.89802,1,0.40920911,0.88667782,0,96.364093,7.1293834,208.80255,238.641,230,0.33121019,5,-13181.621,210.87898,823979.32
5,2,-3,5,-55.735755,705.79912,505.01582,1,0.44010934,0.87357187,0,395.31217,14.429942,784.65409,820.36154,810,0.38993711,5,-43757.601,784.65409,2440283.8
5,2,-3,6,-49.710216,726.74945,506.50794,1,0.47450135,0.85786032,0,764.29696,20.848779,1381.7875,1420.756,1410,0.4625,5,-68721.831,1381.7875,3417934.8
5,2,-3,7,-44.322132,750.36494,508.43039,1,0.51132161,0.8397273,0,7.7805662,3.4776743,12.777778,32.618656,27,0.22222222,5,-812.60185,18.259259,36167.123
5,2,-3,8,-39.469824,776.57267,510.84703,1,0.54968703,0.81939038,0,87.247841,8.312167,130.0559,153.52506,147,0.27329193,5,-5154.7795,130.52174,203593.73
5,2,-2,0,-97.572709,593.10011,500.93881,1,0.23205146,0.94327706,1,0,0,0,0,0,0,0,0,0,0
5,2,-2,1,-84.004264,596.52094,500.94677,1,0.2387941,0.94170586,0,424.1754,10.508469,1672.7736,1717.3636,1705,0.52830189,5,-140552.33,1672.7736,11809921
5,2,-2,2,-71.759965,606.205,501.06598,1,0.2577764,0.93700899,0,1517.1815,20.547126,5514.9062,5578.3193,5560,0.69375,5,-395795.8,5514.9062,28406194
5,2,-2,3,-61.416491,620.97284,501.36027,1,0.28640116,0.92923668,0,157.9941,7.2532999,512.61635,553.82738,542,0.4591195,5,-31473.66,512.61635,1932482.4
5,2,-2,4,-52.906415,639.59916,501.9015,1,0.32184794,0.9184726,0,124.35128,6.8705441,354.86709,384.42641,376,0.33544304,5,-18811.601,355.8481,994490.37
5,2,-2,5,-45.894744,661.1598,502.75433,1,0.3617952,0.90483391,0,8.7166665,2.5376906,21.8,40.28,35,0.20625,5,-994.45,21.8,45370.662
5,2,-2,6,-40.025123,685.0825,503.97548,1,0.40454095,0.88847125,0,370.41184,13.247531,813.51534,846.50913,837,0.35582822,5,-32585.897,813.51534,1305351.4
5,2,-2,7,-35.005398,711.08151,505.61885,1,0.44887717,0.86956873,0,151.22225,9.1681679,292.94904,315.44083,309,0.25477707,5,-10257.753,292.94904,359211.73
5,2,-2,8,-30.616633,739.08445,507.74156,1,0.49393583,0.84834392,1,0,0,0,0,0,0,0,0,0,0
5,2,-2,9,-26.699466,769.18279,510.40966,1,0.53907044,0.82504789,1,0,0,0,0,0,0,0,0,0,0
5,2,-1,0,-93.633265,534.22474,501.47054,1,0.11434364,0.96352507,1,0,0,0,0,0,0,0,0,0,0
5,2,-1,1,-69.081546,540.89286,501.31727,1,0.12775097,0.96191835,0,78.456436,3.3786709,590.74843,647.20189,631,0.62893082,5,-40823.042,590.74843,2821118.3
5,2,-1,2,-52.60712,557.50232,501.08923,1,0.16111962,0.95711495,0,866.22285,12.140453,5145.7099,5201.171,5186,0.66049383,5,-270883.57,5145.7099,14260668
5,2,-1,3,-42.161073,579.29236,501.02217,1,0.20467465,0.94916505,0,243.61295,7.4149701,1129.7389,1182.4266,1167,0.57324841,5,-47659.193,1129.7389,2010652.9
5,2,-1,4,-35.043441,603.71487,501.24943,1,0.25288233,0.93815237,0,1458.4746,19.93042,5410.7037,5466.9195,5451,0.62962963,5,-189868.98,5410.7037,6663409.6
5,2,-1,5,-29.750969,629.7402,501.83809,1,0.30314766,0.92419404,1,0,0,0,0,0,0,0,0,0,0
5,2,-1,6,-25.520183,657.01618,502.83151,1,0.35417161,0.90744071,1,0,0,0,0,0,0,0,0,0,0
5,3,-5,-1,-92.991999,791.07022,586.66705,1,0.54680507,0.78384512,1,0,0,0,0,0,0,0,0,0,0
5,3,-5,0,-87.51944,789.32395,586.3379,1,0.54454069,0.78510491,0,37.916237,5.7594986,54.666667,68.954733,65,0.16666667,5,-4792.3519,54.666667,420131.7
5,3,-5,1,-81.937514,791.11469,586.58821,1,0.54689351,0.78384512,0,223.73737,12.912713,320.67568,342.52319,336,0.24324324,5,-26388.01,322.08108,2162000.5
5,3,-4,-1,-96.308427,720.37856,577.01853,1,0.44540008,0.83394504,1,0,0,0,0,0,0,0,0,0,0
5,3,-4,0,-89.461138,718.43779,576.75077,1,0.44237652,0.83531139,1,15.199369,3.4159374,28.7,41.60375,38,0.15,4,-2564.3313,28.7,229125.81
5,3,-4,1,-82.524935,720.43224,576.94283,1,0.44550882,0.83394504,0,272.62722,12.306335,510.32911,530.66408,525,0.24050633,5,-42135.892,510.32911,3479075
5,3,-4,2,-75.690214,726.30881,577.60474,1,0.45463296,0.82986275,0,21.578854,4.1827666,39.388889,58.29321,53,0.21604938,5,-3112.0833,41.111111,235587.9
5,3,-4,3,-69.111217,735.92599,578.76625,1,0.46929268,0.82311471,0,535.9123,17.779651,939.96203,972.47765,963,0.35443038,5,-64985.516,939.96203,4492956.3
5,3,-4,4,-62.890378,749.094,580.47508,1,0.4888192,0.81378462,0,134.62185,9.3419908,224.11801,241.88075,237,0.21118012,5,-14088.269,224.11801,885623.09
5,3,-4,5,-57.078141,765.62426,582.79546,1,0.51242813,0.80198963,0,108.94633,8.7328406,170.50943,186.80249,182,0.18238994,5,-9737.9009,170.50943,556157.07
5,3,-4,6,-51.683198,785.37466,585.80796,1,0.53930462,0.78788038,0,7.7533688,3.6024865,11.327044,27.698548,23,0.18238994,5,-799.26258,15.352201,41614.805
5,3,-3,-1,-99.369035,656.12248,571.33563,1,0.33823896,0.87572519,1,0,0,0,0,0,0,0,0,0,0
5,3,-3,0,-90.220465,653.71672,571.13147,1,0.33399953,0.8771744,1,53.153219,4.6641518,139.59494,150.04639,147,0.11392405,2,-12524.585,139.59494,1123719.2
5,3,-3,1,-81.083125,656.19304,571.26098,1,0.33838236,0.87572519,0,308.65828,11.084296,798.8,822.88,816,0.26875,5,-64787.4,798.8,5254734.4
5,3,-3,2,-72.378906,663.39509,571.74072,1,0.351017,0.87139428,0,16.994063,3.084976,42.1875,58.651172,54,0.1875,5,-3047.8656,42.1875,220203.88
5,3,-3,3,-64.38379,674.92105,572.61612,1,0.37092613,0.8642319,0,233.20457,10.204433,543.35032,565.27981,559,0.24840764,5,-34973.36,543.35032,2251148.9
5,3,-3,4,-57.206004,690.26395,573.95238,1,0.39680604,0.85432172,0,20.360209,3.6694763,43.835443,62.415799,57,0.20253165,5,-2506.8734,43.835443,143369.2
5,3,-3,5,-50.828102,708.94761,575.82638,1,0.42729981,0.84178091,0,264.94281,11.860494,521.9375,545.93164,539,0.2625,5,-26524.141,521.9375,1347974.9
5,3,-3,6,-45.16522,730.61117,578.32331,1,0.46116724,0.82676009,0,6.7004091,2.8352942,12.012195,25.836779,22,0.15853659,5,-592.26829,13.085366,26811.796
5,3,-3,7,-40.109473,755.0435,581.53798,1,0.49735007,0.80944339,0,324.86094,14.390304,528.71519,548.51502,543,0.23417722,5,-21223.4,528.71519,851995.9
5,3,-3,8,-35.554778,782.18943,585.57958,1,0.5349725,0.79004837,0,44.796972,6.0518181,66.15625,79.875977,76,0.15625,5,-2375.5406,66.7,84612.425
5,3,-2,0,-88.074701,591.65622,568.83351,1,0.2198203,0.9085838,0,172.7281,6.5722015,713.9375,737.93164,731,0.2625,5,-62894.203,713.9375,5540774.2
5,3,-2,1,-74.816388,595.28168,568.86196,1,0.2266856,0.90707539,0,178.90898,6.8048808,715.89873,741.44672,734,0.27848101,5,-53561.551,715.89873,4007425.3
5,3,-2,2,-63.291316,605.47244,569.0708,1,0.24586968,0.90256691,0,518.41638,11.99096,1903.0629,1937.5671,1928,0.40880503,5,-120435.61,1903.0629,7622009.3
5,3,-2,3,-53.828409,620.92488,569.56994,1,0.27462185,0.89510857,0,588.94688,13.526169,1919.6266,1943.7075,1937,0.28481013,5,-103286.68,1919.6266,5557623.1
5,3,-2,4,-46.177937,640.31898,570.48055,1,0.31002382,0.88478404,0,90.266107,5.8240579,257.6125,276.27133,271,0.2125,5,-11897.487,257.6125,549501.31
5,3,-2,5,-39.924899,662.68795,571.90985,1,0.34972905,0.8717105,0,330.787,11.680619,824.49686,847.64278,841,0.25786164,5,-32921.36,824.49686,1314608.9
5,3,-2,6,-34.696207,687.45314,573.95152,1,0.3920495,0.85603857,0,108.69706,7.3113228,237.33962,254.85713,250,0.20754717,5,-8231.3601,237.33962,285496.9
5,3,-2,7,-30.209325,714.342,576.69533,1,0.43580243,0.83795236,1,0,0,0,0,0,0,0,0,0,0
5,3,-2,8,-26.262232,743.30637,580.23778,1,0.48014382,0.81766945,1,0,0,0,0,0,0,0,0,0,0
5,3,-2,9,-22.712259,774.47039,584.69207,1,0.52444608,0.79544091,1,0,0,0,0,0,0,0,0,0,0
5,3,-1,0,-73.344111,526.5988,569.80216,1,0.094906896,0.92803234,0,47.186801,2.2965977,461.40881,504.31344,492,0.47798742,7,-33847.921,461.40881,2483160.1
5,3,-1,1,-51.300478,534.53004,569.49863,1,0.11019901,0.92648842,0,397.08864,6.9116453,3338.4875,3376.6611,3366,0.44375,6,-171292.54,3338.4875,8789607.6
5,3,-1,2,-38.841427,553.28441,569.04074,1,0.14636437,0.92187339,0,302.7449,6.9949503,1906.8333,1941.0694,1931,0.37179487,5,-74070.25,1906.8333,2877547.2
5,3,-1,3,-31.475831,576.88873,568.88813,1,0.19168468,0.91423747,1,6.4569421,1.1949679,30.796296,32.482968,32,0.018518519,1,-993.18056,30.796296,32030.073
5,3,-1,4,-26.460295,602.74224,569.25379,1,0.24070297,0.90366433,1,0,0,0,0,0,0,0,0,0,0
5,3,-1,5,-22.621412,629.95908,570.23398,1,0.29115788,0.89027115,1,0,0,0,0,0,0,0,0,0,0
5,4,-4,-2,-96.052329,728.627,661.66586,1,0.42951995,0.7884956,1,0,0,0,0,0,0,0,0,0,0
5,4,-4,-1,-89.359702,722.45739,660.54957,1,0.4206126,0.79231416,1,126.49683,8.3542388,238.28395,247.65325,245,0.10493827,4,-21271.948,238.28395,1899001.9
5,4,-4,0,-82.473544,720.40932,660.15438,1,0.41763954,0.79359259,0,85.337063,6.979226,162.15625,175.87598,172,0.15625,5,-13372.745,162.15625,1102847.8
5,4,-4,1,-75.596908,722.53838,660.46373,1,0.42076636,0.79231416,0,140.06872,8.8996259,263.75309,280.83829,276,0.19135802,5,-19947.938,263.75309,1508713.9
5,4,-4,2,-68.91271,728.78577,661.49386,1,0.42982104,0.7884956,0,53.772221,5.9725968,98.64375,120.04652,114,0.24375,5,-6968.6875,101.1875,479934.56
5,4,-4,3,-62.557014,738.99672,663.29266,1,0.44432843,0.78218711,0,110.80769,8.2145684,195.06369,209.11376,205,0.15286624,5,-12205.091,195.06369,763695.1
5,4,-4,4,-56.608838,752.96693,665.93689,1,0.46359664,0.7734724,0,40.193939,5.3927355,67.060241,80.951952,77,0.15060241,5,-3852.1205,68.048193,218070.64
5,4,-4,5,-51.095556,770.49913,669.53007,1,0.48682036,0.76246861,0,77.559264,7.3716964,121.475,133.30344,130,0.1375,5,-6208.5125,121.475,317326.02
5,4,-4,6,-46.006743,791.45401,674.20276,1,0.51316972,0.74932638,0,80.002791,7.7638842,116.81944,128.52218,125,0.13194444,5,-5381.191,116.81944,247892.27
5,4,-3,-2,-99.156246,661.40024,652.60779,1,0.32571912,0.82741552,1,0,0,0,0,0,0,0,0,0,0
5,4,-3,-1,-90.135076,653.7325,651.7892,1,0.31308685,0.83148269,1,46.637882,4.265564,123.8589,128.33044,127,0.049079755,2,-11111.21,123.8589,996773.63
5,4,-3,0,-80.881717,651.15335,651.49678,1,0.30881311,0.83284399,0,16.95579,2.7012728,45.728395,53.072894,51,0.086419753,5,-3695.3796,45.728395,298633.66
5,4,-3,1,-71.886746,653.84105,651.70323,1,0.31329363,0.83148269,0,160.65198,7.9156673,426.37107,441.34516,437,0.16352201,5,-30637.285,426.37107,2201522.7
5,4,-3,2,-63.540413,661.60877,652.43626,1,0.32611652,0.82741552,0,29.639235,3.7477601,75.2,90.416,86,0.16875,5,-4772,75.2,302833.8
5,4,-3,3,-56.047231,673.98452,653.77092,1,0.34621147,0.82069269,0,94.666395,6.5640643,224.40625,242.11621,237,0.19375,5,-12586.852,224.40625,706013.81
5,4,-3,4,-49.437761,690.38655,655.81319,1,0.37217834,0.81139789,0,31.374248,4.1495407,68.4,81.84,78,0.15,5,-3377.3,68.4,166764.77
5,4,-3,5,-43.634305,710.2853,658.68649,1,0.40259243,0.79964827,0,306.65153,12.620514,609.08589,628.37785,623,0.2208589,5,-26588.495,609.08589,1160743.3
5,4,-3,6,-38.515177,733.29643,662.52687,1,0.43617997,0.78559448,0,84.060732,7.2170688,151.4,168.96125,164,0.2,5,-5921.4484,153.73125,228102.61
5,4,-3,7,-33.954676,759.21335,667.4863,1,0.47187434,0.76942062,0,62.037639,6.5732046,101.15625,114.87598,111,0.15625,5,-3436.0984,101.15625,116731.97
5,4,-3,8,-29.84106,788.00944,673.74164,1,0.50880526,0.75134426,1,0,0,0,0,0,0,0,0,0,0
5,4,-2,-1,-87.702662,586.16642,648.31616,1,0.19621076,0.86096746,0,140.63004,5.7437662,617.08075,635.21585,630,0.19875776,5,-54118.335,617.08075,4746328.8
5,4,-2,0,-73.452146,582.1235,648.20478,1,0.189004,0.86238795,0,70.562391,4.0352098,321.96226,338.9968,334,0.18238994,5,-23633.283,321.96226,1734840.9
5,4,-2,1,-60.71969,586.34222,648.22424,1,0.19654092,0.86096746,0,123.6876,5.3826516,541.82609,555.9811,552,0.16149068,5,-32899.565,541.82609,1997771.2
5,4,-2,2,-50.419928,597.98271,648.47,1,0.21721569,0.85672271,0,155.08036,6.3784351,611.65409,632.88743,627,0.25157233,5,-30826.316,611.65409,1553695.2
5,4,-2,3,-42.417249,615.26782,649.15041,1,0.24755818,0.84970392,0,172.09594,7.2007325,590.69182,610.84925,605,0.22012579,5,-25050.978,590.69182,1062481.4
5,4,-2,4,-36.150894,636.5565,650.4755,1,0.28419738,0.83999477,0,12.478858,2.3473797,36.883436,48.137077,45,0.12883436,5,-1338.3528,37.042945,48360.705
5,4,-2,5,-31.089613,660.76166,652.61687,1,0.32465003,0.82771243,1,1.102672,0.82934958,2.8113208,4.4709861,4,0.018867925,1,-90.665094,2.8113208,2923.9493
5,4,-2,6,-26.848873,687.29848,655.71835,1,0.36724957,0.81300752,1,0,0,0,0,0,0,0,0,0,0
5,4,-2,7,-23.171741,715.93596,659.9178,1,0.41088168,0.79606415,1,0,0,0,0,0,0,0,0,0,0
5,4,-1,-1,-62.934361,497.65696,651.71697,1,0.036814723,0.87926122,0,296.63502,3.5634647,7084.6566,7243.3206,7199,1.8149738,20,-444658.98,7088.49,27909385
5,5,-4,-2,-86.558579,724.78035,767.13858,1,0.38457405,0.7393802,0,4.2573629,2.0410978,8.1851852,15.399383,13,0.074074074,5,-708.5463,8.1851852,61336.234
5,5,-4,-1,-79.662894,717.93378,765.47913,1,0.37552521,0.74285967,0,28.216215,4.0198589,55.816993,63.234921,61,0.08496732,5,-4448.1046,55.816993,354482.07
5,5,-4,0,-72.713707,715.66931,764.90049,1,0.37251753,0.74402508,0,36.584627,4.5565875,73.070064,82.824942,80,0.10828025,5,-5310.7166,73.070064,385988.46
5,5,-4,1,-65.923884,718.05876,765.37464,1,0.37574067,0.74285967,0,19.041996,3.4074713,37.647059,45.383875,43,0.08496732,5,-2524.4559,38.294118,166423.86
5,5,-4,2,-59.464331,725.02466,766.92956,1,0.38499471,0.7393802,0,4.8263433,1.9439001,9.2689655,13.937151,12,0.04137931,5,-550.45862,9.2689655,32692.924
5,5,-3,-3,-95.47437,662.62999,755.78972,1,0.29717588,0.76878464,1,0,0,0,0,0,0,0,0,0,0
5,5,-3,-2,-86.329489,648.39023,753.79571,1,0.2758245,0.77494233,0,37.963529,3.8254001,106.66038,115.51193,113,0.10062893,5,-9200.4481,106.66038,793637.92
5,5,-3,-1,-76.745122,639.39657,752.67555,1,0.26211448,0.77867041,0,40.57889,3.8710559,120.54878,132.24651,129,0.13414634,5,-9245.1555,120.54878,709049.03
5,5,-3,0,-67.301305,636.36447,752.28402,1,0.25746546,0.77991869,0,75.230301,5.1347156,227.88889,241.9321,238,0.16049383,5,-15318.333,227.88889,1029717
5,5,-3,1,-58.543082,639.57555,752.56676,1,0.26242335,0.77867041,0,42.771738,3.9817637,126.91358,139.5897,136,0.14197531,5,-7430.4753,126.91358,435065.2
5,5,-3,2,-50.798184,648.72992,753.58021,1,0.27641125,0.77494233,0,32.556535,3.5301755,91.275,97.953492,96,0.075,5,-4632.2969,91.275,235110.76
5,5,-3,3,-44.132501,663.10234,755.47026,1,0.29799252,0.76878464,0,78.943468,5.6856425,203.6646,215.15813,212,0.13664596,5,-8986.5901,203.6646,396562.02
5,5,-3,4,-38.435453,681.85706,758.43065,1,0.32540394,0.76028104,0,68.160422,5.6022484,159.25153,171.32764,168,0.14110429,5,-6117.3221,159.25153,235002.67
5,5,-3,5,-33.52958,704.2945,762.67368,1,0.35697816,0.74954868,0,67.128929,5.9289391,140.95092,154.97811,151,0.1595092,5,-4734.4801,140.95092,159048.81
5,5,-3,6,-29.239374,729.95608,768.42416,1,0.39132509,0.7367382,1,0,0,0,0,0,0,0,0,0,0
5,5,-2,-3,-96.104683,590.89246,749.86959,1,0.18545453,0.79539745,1,0,0,0,0,0,0,0,0,0,0
5,5,-2,-2,-80.621687,567.10019,749.48401,1,0.14685771,0.8018511,0,196.58644,6.094551,1073.3727,1107.3309,1098,0.40372671,7,-86462.548,1073.3727,6965128.4
5,5,-2,-1,-63.448406,549.23236,749.78309,1,0.11763058,0.80575676,0,35.992687,2.4087783,246.54601,272.24574,265,0.28834356,9,-15634.339,246.54601,991559.43
5,5,-2,0,-47.777378,542.32866,749.99807,1,0.10631607,0.80706423,0,182.65455,4.9978328,1386.5633,1439.4012,1424,0.57594937,9,-66149.008,1386.5633,3156581.1
5,5,-2,1,-36.621871,549.64219,749.6414,1,0.11831787,0.80575676,0,38.171412,2.4556985,259.95122,279.67738,274,0.2195122,9,-9586.8902,261.12195,352113.09
5,5,-2,2,-29.579677,567.75073,749.2257,1,0.14795781,0.8018511,1,0,0,0,0,0,0,0,0,0,0
5,5,-2,3,-24.845998,591.65849,749.51252,1,0.18676154,0.79539745,1,0,0,0,0,0,0,0,0,0,0
5,5,-1,-3,-82.944949,491.68457,755.12792,1,0.023602253,0.81196804,1,79.886367,1.6203036,2748.2621,3107.1608,3001,3.9490302,34,-236697.42,2854.7102,19629173
5,-4,-1,-2,-31.142856,420.69452,99.516277,1,0.095600841,0.87490993,1,4.6398241,0.79463416,42.462264,52.885635,49,0.10377358,3,-1375.5448,42.462264,44562.611
5,-4,-1,-1,-39.838631,465.54479,105.94214,1,0.019284254,0.87926122,1,209.14241,2.1870172,9535.8014,9943.3918,9828,4.7901417,35,-386738.84,9658.4032,15516380
5,-3,0,-2,-62.493504,428.07068,184.33443,1,0.089070307,0.92840937,0,220.3095,4.6446591,2296.359,2343.8014,2330,0.52564103,8,-143643.65,2296.359,8986212.2
5,-2,0,-1,-56.055626,451.54847,256.78641,1,0.048645548,0.96875634,0,749.79121,6.150001,14931.788,15000.07,14981,0.79375,8,-837263.73,14931.788,46955134
5,-1,0,-1,-31.476825,447.80638,320.22754,1,0.057205965,0.99085268,1,64.408136,1.9480953,1115.6,1138.56,1132,0.25625,1,-35978.1,1115.6,1160293.7
5,0,0,-1,-23.428798,447.78448,381.00629,1,0.05777173,0.99833121,1,0,0,0,0,0,0,0,0,0,0
5,1,0,-1,-30.362908,448.04142,441.76928,1,0.056921258,0.99085268,1,0,0,0,0,0,0,0,0,0,0
5,2,0,-1,-54.104373,452.08043,505.15393,1,0.047972946,0.96875634,0,768.61855,6.1919707,15521.333,15634.864,15602,1.2222222,8,-840382.04,15521.333,45508531
5,3,0,-2,-61.106422,428.98499,577.59577,1,0.087969099,0.92840937,0,211.92149,4.5176823,2236.5796,2273.2652,2263,0.43312102,7,-136874.39,2236.5796,8377212.4
5,4,-1,-1,-31.094358,455.85395,656.26286,1,0.036814723,0.87926122,1,97.929864,2.0558543,2338.8994,2410.8902,2390,0.78616352,8,-77360.741,2338.8994,2560230.3
5,5,-1,-3,-70.125914,462.14191,759.551,1,0.023602253,0.81196804,0,80.481979,1.637233,2768.7524,3172.429,3058,4.6652843,39,-203842.92,2907.2764,14296681
5,5,0,-4,-89.714113,423.09092,768.04936,1,0.083850148,0.80834262,1,228.52932,4.978872,2203.0968,2303.8023,2262,0.89247312,7,-197339.48,2209.2903,17627348
6,-7,2,6,-66.171282,55.795961,8.2661169,0,0.60210818,0.64746375,0,23.938684,5.6878962,25.741935,37.409781,34,0.12903226,5,-1978.6581,29.870968,131068.38
6,-7,2,7,-68.842134,29.386153,16.247905,0,0.63546621,0.63590807,0,76.833368,9.4597254,76.886792,89.610894,86,0.14465409,5,-5348.8632,77.679245,368318.01
6,-7,3,3,-50.066945,66.618212,6.9098762,0,0.58906311,0.65275332,0,26.069405,5.5591842,28.88806,37.948678,35,0.097014925,5,-1487.9049,29.768657,74371.323
6,-7,3,4,-53.26595,48.962528,17.515058,0,0.6148881,0.64635958,0,11.764931,4.1587155,12.367089,19.110614,17,0.075949367,5,-747.8212,14.06962,39750.898
6,-7,3,5,-56.375659,29.09055,26.934243,0,0.64182244,0.6383399,0,24.439357,5.9668813,24.306748,35.218348,32,0.11656442,5,-1461.6319,25.92638,82404.525
6,-7,3,6,-59.400981,6.9496403,35.179938,0,0.66950736,0.62884492,0,7.8878251,4.5918524,7.4087591,18.601684,15,0.11678832,5,-490.29015,8.2554745,29118.651
6,-7,4,1,-38.628019,28.340584,7.8530883,0,0.63182404,0.63337118,0,5.6000802,4.1970376,5.6137931,17.701498,14,0.13103448,5,-241.75862,6.262069,9334.25
6,-7,4,2,-41.900739,17.610086,19.810961,0,0.64984176,0.63079593,0,9.848389,4.4420692,9.5597484,18.592303,16,0.10062893,5,-468.63208,11.169811,19663.44
6,-6,-1,6,-94.931114,183.42062,12.273202,0,0.44249492,0.71918049,1,0,0,0,0,0,0,0,0,0,0
6,-6,-1,7,-95.237919,150.46269,23.427808,0,0.49281757,0.70504069,1,0,0,0,0,0,0,0,0,0,0
6,-6,-1,8,-95.83994,117.43601,32.751625,0,0.54094403,0.68931133,1,0,0,0,0,0,0,0,0,0,0
6,-6,-1,9,-96.665331,83.790178,40.403492,0,0.5869868,0.67224347,1,0,0,0,0,0,0,0,0,0,0
6,-6,-1,10,-97.666546,49.004835,46.470825,0,0.63095109,0.65412164,1,0,0,0,0,0,0,0,0,0,0
6,-6,-1,11,-98.811082,12.537517,50.981662,0,0.67277169,0.63526384,1,0,0,0,0,0,0,0,0,0,0
6,-6,0,3,-76.465767,250.94176,10.752561,0,0.34475205,0.75509184,0,-0.023117453,1.6285759,-0.050632911,12.723362,9,0.13924051,5,-266.59335,3.4746835,20454.872
6,-6,0,4,-77.932186,221.93161,25.423592,0,0.39286061,0.74680943,0,21.511532,3.8013074,40.892405,52.216599,49,0.13291139,5,-3395.163,43.525316,264841.04
6,-6,0,5,-79.488763,193.10669,38.263632,0,0.44006912,0.73636147,0,86.518806,7.6061957,144.7707,161.98519,157,0.1910828,5,-11700.93,147.07006,930942.26
6,-6,0,6,-81.111219,164.12595,49.477083,0,0.48632995,0.72389858,0,17.055175,3.8703505,25.386503,33.188988,31,0.09202454,5,-2186.4049,26.883436,177821.93
6,-6,0,7,-82.78487,134.67574,59.213562,0,0.53154417,0.70960488,0,136.26612,10.451789,181.91358,194.68646,191,0.14197531,5,-15077.139,181.91358,1249621.2
6,-6,0,8,-84.500671,104.44296,67.579752,0,0.57558043,0.69369794,0,20.284524,4.9089005,24.447205,35.002353,32,0.11801242,6,-2065.8944,24.447205,174581.25
6,-6,0,9,-86.253116,73.094339,74.645736,0,0.61828438,0.67642883,0,13.064397,4.3280775,14.292994,22.421142,20,0.089171975,5,-1231.1592,14.292994,106049.86
6,-6,0,10,-88.03905,40.256473,80.447718,0,0.65948343,0.65808207,1,9.3260673,4.3260971,9.30625,18.635664,16,0.10625,4,-819.85156,9.30625,72227.872
6,-6,1,0,-50.038441,266.77722,6.1928219,0,0.31981634,0.76079721,0,3.9786202,1.7131351,9.4645669,16.608092,14,0.070866142,5,-528.74409,10.472441,26699.194
6,-6,1,1,-54.009538,248.78651,21.732406,0,0.35177508,0.75959238,0,1.2586373,1.5748311,2.7177914,11.563758,9,0.098159509,5,-263.09816,4.8220859,14357.611
6,-6,1,2,-57.607036,228.90831,36.075793,0,0.38665174,0.7559946,0,11.56876,2.872512,22.619632,31.544319,29,0.098159509,5,-1351.6426,23.417178,78022.129
6,-6,1,3,-60.906043,207.52244,49.20592,0,0.42360789,0.75005411,0,22.523725,3.8763344,39.88125,47.108531,45,0.08125,5,-2433.8922,39.88125,148541.94
6,-6,1,4,-63.969031,184.85286,61.141519,0,0.46196383,0.74185457,0,15.976527,3.8786635,25.65625,38.795898,35,0.14375,5,-1720.3359,26.90625,109997.57
6,-6,1,5,-66.846009,161.00184,71.919896,0,0.50116468,0.73151315,0,9.1110857,3.6408345,13.29878,28.241337,24,0.16463415,5,-900.71189,13.469512,60234.415
6,-6,1,6,-69.576444,135.97654,81.584494,0,0.54074833,0.71918049,0,25.193247,5.0594892,33.506329,45.279202,42,0.13924051,5,-2332.5316,33.506329,162381.8
6,-6,1,7,-72.191475,109.70615,90.176459,0,0.58031933,0.70504069,0,7.9017647,3.8041136,9.6,21.36,18,0.13125,5,-694.6,9.6,50258.6
6,-6,1,8,-74.715857,82.050607,97.72889,0,0.619529,0.68931133,0,9.7328302,3.9827383,10.829114,19.636817,17,0.094936709,5,-1013.962,13.531646,75982.82
6,-6,1,9,-77.169523,52.801838,104.26257,0,0.65806049,0.67224347,0,8.3146245,4.2630482,8.4938272,18.965402,16,0.11728395,5,-853.56481,11.049383,65938.289
6,-6,1,10,-79.568803,21.677907,109.78223,0,0.69561752,0.65412164,0,-3.7285959,2.8066295,-3.5061728,6.9654016,4,0.11728395,5,-33.475309,0.41975309,2669.6559
6,-6,2,-2,-28.397273,218.4552,17.403949,0,0.39478651,0.74100528,1,0,0,0,0,0,0,0,0,0,0
6,-6,2,-1,-33.198468,212.39162,31.762453,0,0.40934719,0.74449651,1,0,0,0,0,0,0,0,0,0,0
6,-6,2,0,-37.79846,203.26399,45.324725,0,0.42827846,0.74566583,0,86.217381,7.3829927,150.11111,165.23457,161,0.17283951,5,-5718.2361,151.27778,216153.43
6,-6,2,1,-42.163204,191.40302,58.078457,0,0.4510674,0.74449651,0,99.991403,8.1684468,165.03797,181.76967,177,0.18987342,5,-6950.557,165.03797,292737.93
6,-6,2,2,-46.282958,177.12449,70.006732,0,0.47712656,0.74100528,0,2.5596651,2.511982,3.9753086,15.219784,12,0.12345679,5,-282.16975,6.1851852,12873.751
6,-6,2,3,-50.165056,160.69772,81.097304,0,0.50585162,0.73524236,0,-2.5183639,2.1634996,-3.6603774,9.8884538,6,0.1509434,5,-40.613208,0.79245283,2081.4269
6,-6,2,4,-53.827079,142.32757,91.345828,0,0.53665888,0.72729143,0,24.951512,5.032547,33.814815,46.515318,43,0.14814815,5,-1972.7099,36.641975,106207.69
6,-6,2,5,-57.291618,122.14707,100.75518,0,0.56900449,0.71726965,0,98.956978,9.309833,124.74214,137.72643,134,0.14465409,5,-7149.5849,124.74214,409794.65
6,-6,2,6,-60.582782,100.21595,109.33277,0,0.6023908,0.70532766,0,2.1908447,3.0796659,2.5652174,13.002665,10,0.11801242,5,-238.26087,3.9130435,14508.832
6,-6,2,7,-63.72414,76.521103,117.08712,0,0.63636485,0.69164956,0,79.388753,9.1222205,86.285714,98.301686,95,0.14285714,5,-5503.9037,86.285714,351083.44
6,-6,2,8,-66.737671,50.976133,124.02428,0,0.67051294,0.67645293,0,-3.1005811,2.3700637,-3.1280488,5.7171669,3,0.091463415,5,-38.88872,0.59146341,2556.9333
6,-6,2,9,-69.643348,23.417877,130.14428,0,0.70445346,0.65998884,0,-0.65228276,3.1248642,-0.61111111,8.5709877,6,0.10493827,5,-31.222222,0.44444444,2193.3611
6,-6,3,-1,-26.816301,148.92674,63.641763,0,0.51420766,0.72034156,1,0,0,0,0,0,0,0,0,0,0
6,-6,3,0,-31.02807,143.00051,75.749906,0,0.52823518,0.72145169,1,0,0,0,0,0,0,0,0,0,0
6,-6,3,1,-35.161683,134.45524,87.1079,0,0.54552779,0.72034156,1,0.83678988,2.120924,1.1049383,7.8432023,6,0.080246914,3,-83.773148,2.3641975,2968.5613
6,-6,3,2,-39.186086,123.45101,97.74333,0,0.56575661,0.71702791,0,45.576352,6.6965844,57.7625,72.031016,68,0.1625,5,-2395.5516,61.09375,93935.793
6,-6,3,3,-43.08221,110.13393,107.67368,0,0.58853369,0.71156095,0,3.224652,3.2332745,3.8987342,15.281525,12,0.12658228,5,-322.31646,7.5443038,13771.661
6,-6,3,4,-46.841185,94.621383,116.91097,0,0.6134389,0.70402437,0,21.067363,5.0610324,24.178344,33.737352,31,0.10828025,5,-1179.5828,25.184713,55251.822
6,-6,3,5,-50.462065,76.99008,125.46427,0,0.64004091,0.69453533,0,18.541584,5.2547654,20.120253,32.514708,29,0.14556962,5,-1213.3054,24.06962,61161.799
6,-6,3,6,-53.949582,57.266787,133.34055,0,0.66791158,0.68324445,0,17.128529,4.910914,17.521739,25.23707,23,0.086956522,5,-1018.1522,18.869565,54938.071
6,-6,3,7,-57.312201,35.420427,140.5443,0,0.69663449,0.67033585,0,43.899485,7.4713712,42.242236,51.686316,49,0.10559006,5,-2423.573,42.242236,139054.16
6,-6,3,8,-60.560625,11.354063,147.07633,0,0.72580878,0.65602711,0,9.9856995,4.8049178,9.025641,18.861275,16,0.10897436,5,-683.37821,11.307692,41300.579
6,-6,4,0,-27.414499,81.507439,99.969677,0,0.62136776,0.68966204,1,0,0,0,0,0,0,0,0,0,0
6,-6,4,1,-31.190206,74.98307,110.6279,0,0.63493897,0.68863479,1,0,0,0,0,0,0,0,0,0,0
6,-6,4,2,-34.941164,66.007766,120.59173,0,0.6509819,0.68556974,1,7.3103081,3.5122924,7.6987179,13.681912,12,0.070512821,2,-272.29327,7.6987179,9630.994
6,-6,4,3,-38.643786,54.65025,129.90019,0,0.66924382,0.68051713,0,34.23228,6.8948716,34.808917,49.154327,45,0.15923567,5,-1379.2994,35.847134,53076.951
6,-6,4,4,-42.280988,40.957569,138.58201,0,0.68942707,0.67356064,0,12.962884,4.8908458,12.664557,22.832038,20,0.12025316,5,-561.83703,13.208861,23900.117
6,-6,4,5,-45.841703,24.945435,146.65839,0,0.71120342,0.66481741,0,138.11038,12.920842,129.10256,145.881,141,0.18589744,5,-5916.8526,129.10256,271180.42
6,-6,4,6,-49.32006,6.588363,154.14454,0,0.73422603,0.6544381,0,40.363558,7.9950804,35.977273,50.783574,46,0.15909091,5,-1798.1477,36.409091,88811.116
6,-6,5,0,-25.79759,15.317999,119.30021,0,0.70738858,0.65240704,1,0,0,0,0,0,0,0,0,0,0
6,-6,5,1,-29.221091,10.105796,129.70505,0,0.71824947,0.65148633,1,0,0,0,0,0,0,0,0,0,0
6,-5,-1,1,-97.740382,377.21589,29.766578,0,0.15853985,0.82261147,1,0,0,0,0,0,0,0,0,0,0
6,-5,-1,2,-93.376573,336.04746,50.309342,0,0.22578956,0.81859926,1,0,0,0,0,0,0,0,0,0,0
6,-5,-1,3,-91.489038,300.80614,67.21131,0,0.28560422,0.81196804,1,0,0,0,0,0,0,0,0,0,0
6,-5,-1,4,-90.78083,268.36839,81.694563,0,0.34166364,0.80280148,1,0,0,0,0,0,0,0,0,0,0
6,-5,-1,5,-90.750991,237.4084,94.319156,0,0.39527134,0.79121675,1,0,0,0,0,0,0,0,0,0,0
6,-5,-1,6,-91.155555,207.17137,105.41232,0,0.44697278,0.77736448,1,0,0,0,0,0,0,0,0,0,0
6,-5,-1,7,-91.859336,177.13556,115.18918,0,0.49699249,0.76142878,1,0,0,0,0,0,0,0,0,0,0
6,-5,-1,8,-92.780931,146.8825,123.79929,0,0.54539423,0.74362724,1,0,0,0,0,0,0,0,0,0,0
6,-5,-1,9,-93.868444,116.03414,131.34806,0,0.59215079,0.7242109,1,0,0,0,0,0,0,0,0,0,0
6,-5,-1,10,-95.08745,84.214915,137.90749,0,0.63717779,0.7034643,1,0,0,0,0,0,0,0,0,0,0
6,-5,-1,11,-96.414505,51.023016,143.52144,0,0.68035123,0.68170544,1,0,0,0,0,0,0,0,0,0,0
6,-5,-1,12,-97.83342,16.002778,148.20756,0,0.72151673,0.65928581,1,0,0,0,0,0,0,0,0,0,0
6,-5,0,-1,-57.397234,374.92582,40.545727,0,0.16366455,0.82833019,0,311.67337,7.9348617,1577.4245,1612.7849,1602,0.4028777,6,-90555.212,1577.4245,5198883.1
6,-5,0,0,-61.492806,351.0372,58.047595,0,0.2038031,0.82968502,0,-0.32900756,0.84352491,-1.3393939,11.79236,8,0.13939394,6,-133.83939,2.1575758,8303.0621
6,-5,0,1,-64.79034,325.76106,74.20996,0,0.24740529,0.82833019,0,324.30552,9.9748457,1085.7975,1115.3249,1107,0.33128834,5,-70432.64,1085.7975,4568908.1
6,-5,0,2,-67.630736,299.91775,88.950619,0,0.29287136,0.82428247,0,163.83009,7.8240127,461.09756,484.90585,478,0.25609756,5,-31226.963,461.09756,2114835.1
6,-5,0,3,-70.192285,273.80784,102.32733,0,0.33930523,0.81759205,0,68.426939,5.6173819,164.88199,183.21461,178,0.20496894,5,-11583.978,164.88199,813858.68
6,-5,0,4,-72.574399,247.49555,114.44192,0,0.38614147,0.80834262,0,527.23997,16.070475,1103.716,1131.763,1124,0.32716049,5,-80195.33,1103.716,5827063.7
6,-5,0,5,-74.836324,220.92908,125.40304,0,0.4329791,0.79665135,0,245.89884,11.765347,452.43671,468.61068,464,0.1835443,5,-33911.82,452.63291,2540757.9
6,-5,0,6,-77.0156,193.99218,135.3119,0,0.47950367,0.78266886,0,6.1265204,3.0117731,10,24.166667,20,0.15384615,5,-842.66667,11,64554.521
6,-5,0,7,-79.137365,166.52588,144.25713,0,0.52544801,0.76657926,0,12.475963,3.709188,18.201258,29.28278,26,0.12578616,5,-1658.3522,20.930818,131392.94
6,-5,0,8,-81.219337,138.33561,152.3132,0,0.57057102,0.74860013,0,197.33037,12.62209,258.90123,274.24768,270,0.17901235,5,-21051.534,258.90123,1711740.6
6,-5,0,9,-83.274615,109.19056,159.5402,0,0.61464515,0.72898254,0,89.688631,9.2250317,106.37267,119.70742,116,0.1552795,5,-8943.0668,107.29814,745393.69
6,-5,0,10,-85.313342,78.817409,165.98375,0,0.65744862,0.70801101,0,7.9811319,4.0525474,8.5949367,19.046387,16,0.11392405,5,-916.57911,10.708861,78452.131
6,-5,0,11,-87.343738,46.889243,171.67481,0,0.69875987,0.68600355,0,20.916434,6.0443551,20.534591,35.212492,31,0.16352201,5,-1901.5739,21.754717,166218.33
6,-5,0,12,-89.372767,13.008655,176.6288,0,0.73835337,0.66331162,1,-1.0783466,1.5214599,-0.96875,1.8682188,1,0.03125,2,0,0,0
6,-5,1,-2,-26.309476,307.70816,72.571367,0,0.27598614,0.81859926,1,0,0,0,0,0,0,0,0,0,0
6,-5,1,-1,-33.2621,300.45596,85.637215,0,0.29111098,0.82261147,1,0,0,0,0,0,0,0,0,0,0
6,-5,1,0,-39.511325,288.9938,98.43488,0,0.31331467,0.82395446,0,375.5333,12.087289,987.57692,1010.4218,1004,0.26923077,5,-38992.051,987.57692,1539603.7
6,-5,1,1,-45.050461,274.17621,110.77826,0,0.34126714,0.82261147,0,153.66349,8.216288,370.4,392.24,386,0.24375,5,-16668.3,370.4,750125.95
6,-5,1,2,-49.953434,256.77155,122.52338,0,0.37363574,0.81859926,0,608.48513,16.846133,1333.1313,1362.2171,1354,0.33125,5,-66648.68,1334.6438,3328375.1
6,-5,1,3,-54.322562,237.37277,133.58232,0,0.4092516,0.81196804,0,222.70406,10.926518,441.85185,469.95976,462,0.31481481,5,-24016.5,441.85185,1305430.8
6,-5,1,4,-58.258767,216.38842,143.91549,0,0.44715267,0.80280148,0,128.42353,8.7215963,230.56688,245.18654,241,0.1656051,5,-13509.04,231.57325,788080.28
6,-5,1,5,-61.849509,194.06878,153.51743,0,0.48656476,0.79121675,0,4.5622168,3.0622544,7.41875,24.796602,20,0.20625,5,-751.82187,12.1375,46570.359
6,-5,1,6,-65.166279,170.53823,162.40351,0,0.52686323,0.77736448,0,290.43307,14.356034,428.52174,448.66541,443,0.22981366,5,-27956.565,428.52174,1823908.6
6,-5,1,7,-68.266045,145.82212,170.60004,0,0.56753511,0.76142878,0,84.464244,8.5317599,113.32075,131.02385,126,0.20125786,5,-7785.6698,113.88679,532263.02
6,-5,1,8,-71.193858,119.86497,178.13742,0,0.60814784,0.74362724,0,72.299759,8.4245119,88.40625,106.11621,101,0.19375,5,-6302.3359,88.40625,449291.23
6,-5,1,9,-73.98543,92.540206,185.04557,0,0.64832542,0.7242109,0,96.428396,10.109011,107.71519,127.51502,122,0.23417722,5,-7967.2231,107.71519,589313.47
6,-5,1,10,-76.669319,63.652477,191.35096,0,0.68773046,0.7034643,0,5.370951,3.7446873,5.4938272,14.671642,12,0.10493827,5,-599.65741,7.7901235,46160.129
6,-5,1,11,-79.268665,32.932745,197.07428,0,0.72605084,0.68170544,0,42.117913,7.7335087,39.545455,52.724518,49,0.14545455,5,-3227.0379,40.69697,255887.79
6,-5,2,0,-28.466284,232.34592,130.64714,0,0.41643764,0.80706423,1,0,0,0,0,0,0,0,0,0,0
6,-5,2,1,-33.857654,222.51552,141.22196,0,0.43622659,0.80575676,1,0,0,0,0,0,0,0,0,0,0
6,-5,2,2,-38.923022,209.96607,151.35747,0,0.46029135,0.8018511,0,188.21432,10.769552,327.87898,351.97927,345,0.26751592,5,-12759.718,327.87898,496585.02
6,-5,2,3,-43.65124,195.0433,161.01718,0,0.48789688,0.79539745,0,27.318746,4.7200286,44.536585,59.210886,55,0.15853659,5,-2012.7134,46.146341,87791.823
6,-5,2,4,-48.055717,178.03912,170.1765,0,0.51831648,0.7864795,0,190.51395,11.551262,289.08075,307.21585,302,0.19875776,5,-13898.54,289.08075,668256.54
6,-5,2,5,-52.163751,159.17305,178.82409,0,0.5508717,0.77521441,0,75.3464,7.8313784,106.03125,121.45605,117,0.16875,5,-5568.9609,106.65625,290790.24
6,-5,2,6,-56.008671,138.58634,186.96017,0,0.58494878,0.76175281,0,16.68964,4.5154328,21.734177,34.577311,31,0.15189873,5,-1217.2753,21.734177,68179.874
6,-5,2,7,-59.624874,116.34271,194.59369,0,0.62000007,0.74627882,0,13.476108,4.7453197,16.220859,32.624939,28,0.18404908,5,-1009.8221,16.895706,60356.096
6,-5,2,8,-63.045096,92.430924,201.73923,0,0.65553756,0.72901,0,60.607168,8.2237729,67.4,83.64,79,0.18125,5,-4283.85,67.8,270679.94
6,-5,2,9,-66.299167,66.765976,208.41432,0,0.69112315,0.71019743,0,30.763461,6.8998003,31.6125,50.271328,45,0.2125,5,-2160,32.55,143341.34
6,-5,2,10,-69.413635,39.186829,214.63727,0,0.72635814,0.69012562,0,134.29917,12.549065,127.6,142.16,138,0.1625,5,-8909.35,128.2,619175.51
6,-5,2,11,-72.411871,9.4491587,220.42533,0,0.76087339,0.66911259,0,51.446668,8.4091583,45.242236,54.686316,52,0.10559006,5,-3276.854,45.242236,237345.78
6,-5,3,1,-27.651548,169.71185,167.00587,0,0.52999227,0.77867041,1,0,0,0,0,0,0,0,0,0,0
6,-5,3,2,-32.354345,160.11424,176.26496,0,0.54841437,0.77494233,1,0,0,0,0,0,0,0,0,0,0
6,-5,3,3,-36.892203,148.11916,185.12252,0,0.57007791,0.76878464,0,71.418737,8.2103225,96.3125,122.5918,115,0.2875,5,-3624.125,98.375,133517.87
6,-5,3,4,-41.244627,133.8921,193.57961,0,0.59448794,0.76028104,0,80.910396,8.39634,103.475,115.30344,112,0.1375,5,-4259.4062,103.475,175341.57
6,-5,3,5,-45.40492,117.56625,201.63964,0,0.62113226,0.74954868,0,66.897604,8.0793867,80.728395,95.057918,91,0.16049383,5,-3788.0031,83.469136,171912.23
6,-5,3,6,-49.376507,99.229905,209.30978,0,0.64950418,0.7367382,0,40.427395,6.7506425,45.857143,58.634428,55,0.14285714,5,-2361.9612,47.84472,116606.83
6,-5,3,7,-53.16955,78.91771,216.60117,0,0.67911624,0.7220337,0,127.75547,11.46777,135.82911,148.65675,145,0.14556962,5,-7228.9035,135.82911,384738.79
6,-5,3,8,-56.798216,56.603922,223.52845,0,0.70950666,0.70565278,0,202.84092,14.597895,201.73913,210.78983,208,0.099378882,5,-11468.304,201.73913,651960.22
6,-5,3,9,-60.278687,32.195691,230.10909,0,0.74024053,0.68784647,0,-2.7442364,3.9926349,-2.55,13.764375,9,0.175,5,-163.35,2.7,9882.8438
6,-5,3,10,-63.62782,5.5244392,236.36259,0,0.77090781,0.66889932,0,105.61453,12.025107,91.639344,108.86657,103,0.18032787,5,-5835.8156,91.639344,371646.65
6,-5,4,2,-28.691237,106.53253,198.06876,0,0.63502736,0.7393802,1,0,0,0,0,0,0,0,0,0,0
6,-5,4,3,-32.880083,96.430394,206.52317,0,0.65215698,0.73363686,1,0,0,0,0,0,0,0,0,0,0
6,-5,4,4,-36.983024,84.041886,214.62867,0,0.67173122,0.72571334,0,37.106621,6.7137204,40.088608,52.609678,49,0.13924051,5,-1515.5158,40.898734,56164.037
6,-5,4,5,-40.981992,69.424627,222.40397,0,0.69337417,0.7157268,0,99.589487,10.544911,102.8,118.48,114,0.175,5,-4214.4,102.8,172783.83
6,-5,4,6,-44.866815,52.604373,229.86791,0,0.71668835,0.70382789,0,12.573448,4.7328327,12.347826,21.603025,19,0.10559006,5,-585.83696,13.086957,26227.796
6,-5,4,7,-48.633816,33.564671,237.04055,0,0.74126781,0.69020069,0,29.296783,6.6188643,27.278481,37.981093,35,0.12658228,5,-1372.5237,28.208861,66784.456
6,-5,4,8,-52.284344,12.23659,243.94402,0,0.76670717,0.67506281,0,29.74397,7.1841369,26.188679,40.010917,36,0.1509434,5,-1373.9104,26.232704,71959.498
6,-5,5,2,-26.970079,47.660546,217.49934,0,0.71774097,0.69727485,1,0,0,0,0,0,0,0,0,0,0
6,-5,5,3,-30.794248,38.724322,225.84801,0,0.73128846,0.69206425,1,0,0,0,0,0,0,0,0,0,0
6,-5,5,4,-34.595784,27.43433,233.88121,0,0.7468952,0.68488655,1,-0.48468381,2.2661812,-0.44444444,4.3182442,3,0.055555556,2,0,0,0
6,-5,5,5,-38.35529,13.788429,241.63149,0,0.76428182,0.67585894,0,56.200136,9.0524282,49.698113,64.08188,60,0.16352201,5,-1937.7594,50.471698,74402.692
6,-4,-1,2,-89.600491,349.43233,132.74656,0,0.22034582,0.87490993,1,0.5729581,0.74966945,2.275,8.8604688,7,0.075,1,-201.90625,2.275,17919.18
6,-4,-1,3,-88.398822,317.73974,146.38165,0,0.27718058,0.86771356,1,29.951295,3.3201725,93.7625,108.03102,104,0.1625,4,-8290.1,93.7625,732984.49
6,-4,-1,4,-88.172425,287.73731,158.50028,0,0.33186356,0.8577558,1,152.17161,7.8030028,393.3125,406.75391,403,0.15625,4,-34704.491,393.3125,3062225.3
6,-4,-1,5,-88.505948,258.66366,169.39498,0,0.38500778,0.84515382,1,93.828829,6.734494,205.96933,218.54579,215,0.14110429,3,-18298.275,206.71779,1619742.1
6,-4,-1,6,-89.195351,230.03915,179.25989,0,0.43683008,0.83005824,1,16.051064,3.3134027,30.5,39.640625,37,0.1,2,-2748.4766,30.96875,243927.29
6,-4,-1,7,-90.127979,201.50206,188.23707,0,0.48737439,0.81265317,1,0,0,0,0,0,0,0,0,0,0
6,-4,-1,8,-91.236581,172.74144,196.43605,0,0.53659636,0.7931562,1,0,0,0,0,0,0,0,0,0,0
6,-4,-1,9,-92.478768,143.46224,203.94374,0,0.58440052,0.77181838,1,0,0,0,0,0,0,0,0,0,0
6,-4,-1,10,-93.826797,113.36271,210.83003,0,0.63065815,0.74892424,1,0,0,0,0,0,0,0,0,0,0
6,-4,-1,11,-95.262068,82.115568,217.15118,0,0.67521614,0.72479179,1,0,0,0,0,0,0,0,0,0,0
6,-4,-1,12,-96.771987,49.348927,222.95195,0,0.71790139,0.6997725,1,0,0,0,0,0,0,0,0,0,0
6,-4,-1,13,-98.348089,14.623721,228.26679,0,0.75852258,0.67425133,1,0,0,0,0,0,0,0,0,0,0
6,-4,0,0,-51.652336,370.09668,138.23707,0,0.1863457,0.88692748,0,282.63546,7.7696684,1345.2264,1367.5475,1361,0.23899371,5,-69446.637,1345.2264,3585329.7
6,-4,0,1,-57.480085,347.92612,151.35831,0,0.22623466,0.88545963,0,39.988977,3.357782,156.51282,172.71269,168,0.17948718,5,-8999.2436,156.51282,517463.36
6,-4,0,2,-61.990832,323.94729,163.72096,0,0.27015221,0.88107282,0,122.53757,6.3674313,399.64331,431.25595,422,0.34394904,5,-24974.908,402.75159,1548748.4
6,-4,0,3,-65.702049,299.07277,175.22331,0,0.31626663,0.87381725,0,10.459516,2.6706601,28.898734,54.446723,47,0.27848101,5,-1995.8323,30.303797,131449.47
6,-4,0,4,-68.908112,273.69237,185.87489,0,0.3635132,0.86377663,0,290.37542,11.24436,689.98734,713.8912,707,0.26582278,5,-47576.94,689.98734,3280649.9
6,-4,0,5,-71.781326,247.93521,195.72932,0,0.41121733,0.8510681,0,2.3944831,2.5384324,4.9556962,27.600505,21,0.24683544,5,-591.76582,8.3037975,42174.975
6,-4,0,6,-74.42722,221.79388,204.8546,0,0.45890832,0.83584229,0,73.826481,6.8651716,134.46541,156.35062,150,0.23899371,5,-10241.665,137.55346,762563.13
6,-4,0,7,-76.913523,195.18216,213.32054,0,0.50622634,0.81828333,0,35.43564,5.3596381,57.279503,75.056595,70,0.19875776,5,-4420.7376,57.459627,340126.67
6,-4,0,8,-79.285679,167.96117,221.19353,0,0.55287367,0.79860878,0,73.57931,7.8022828,106.28302,127.01638,121,0.22641509,5,-8426.272,106.28302,668051.47
6,-4,0,9,-81.57547,139.94943,228.53468,0,0.59858776,0.7770697,0,21.364028,4.9069258,27.734177,40.577311,37,0.15189873,5,-2353.3671,28.822785,192156.36
6,-4,0,10,-83.806001,110.92383,235.39944,0,0.64312525,0.75395063,0,114.50271,10.422501,134.23418,149.2927,145,0.17088608,5,-11251.609,134.23418,943130.2
6,-4,0,11,-85.994722,80.614336,241.83792,0,0.68625186,0.72956957,0,82.349114,9.8259513,87.54717,109.12282,103,0.24528302,5,-7774.1462,90.320755,669150.53
6,-4,0,12,-88.155306,48.693056,247.89544,0,0.72773548,0.704278,1,56.766905,8.5864324,54.937107,69.050473,65,0.1572327,4,-4843.9072,54.937107,427099.73
6,-4,0,13,-90.298882,14.757048,253.61324,0,0.76734096,0.67846087,1,0,0,0,0,0,0,0,0,0,0
6,-4,1,0,-29.510835,314.74076,171.67506,0,0.28794282,0.88071723,1,0,0,0,0,0,0,0,0,0,0
6,-4,1,1,-36.885109,301.82035,182.19251,0,0.31303669,0.87926122,0,351.2517,11.32778,986.6,1012.36,1005,0.2875,5,-36346.55,986.6,1339086.4
6,-4,1,2,-43.294433,285.66432,192.42721,0,0.34404682,0.87490993,0,43.581324,4.5889139,110.82716,136.17939,129,0.28395062,5,-4797.1821,110.82716,207655.38
6,-4,1,3,-48.861659,267.09983,202.26099,0,0.37939344,0.86771356,0,31.306472,4.1920531,71.601266,91.92353,86,0.22151899,5,-3498.6472,71.601266,170960.32
6,-4,1,4,-53.739856,246.72672,211.63071,0,0.41777756,0.8577558,0,138.83295,8.4401458,285.04348,300.28733,296,0.17391304,5,-15325.283,285.04348,823982.34
6,-4,1,5,-58.071241,224.93424,220.51591,0,0.45818121,0.84515382,0,98.325005,7.7233572,181.36875,202.95941,197,0.25625,5,-10608.763,182.5625,616492.51
6,-4,1,6,-61.973881,201.94443,228.92449,0,0.49981388,0.83005824,0,172.4538,10.714765,286.4,316.64,308,0.32727273,5,-17753.3,286.4,1100518.4
6,-4,1,7,-65.541188,177.85316,236.88156,0,0.54205309,0.81265317,0,97.092593,8.6267567,145.5625,167.27148,161,0.2375,5,-9782.8672,149.03125,642198.52
6,-4,1,8,-68.84573,152.6602,244.42189,0,0.58439522,0.7931562,0,63.161144,7.7199762,85.723926,109.78324,103,0.26993865,5,-6017.2454,87.361963,414457.66
6,-4,1,9,-71.943736,126.28787,251.58538,0,0.62641876,0.77181838,0,3.3732715,3.4315041,4.15625,17.875977,14,0.15625,5,-376.72344,5.24375,27067.04
6,-4,1,10,-74.879043,98.590207,258.41451,0,0.66775786,0.74892424,0,12.661042,4.8279538,14.2,29.32,25,0.16875,5,-1211.85,16.2,90653.713
6,-4,1,11,-77.686213,69.354081,264.95323,0,0.70808336,0.72479179,0,59.805352,8.4599434,61.216561,74.988154,71,0.15286624,5,-4889.3551,62.88535,380153.41
6,-4,1,12,-80.392908,38.293013,271.24675,0,0.74708901,0.6997725,0,156.05661,13.732999,146.17284,165.46258,160,0.21604938,5,-11748.222,146.17284,944241.31
6,-4,2,1,-26.134598,252.72857,209.16076,0,0.4065674,0.86096746,1,0,0,0,0,0,0,0,0,0,0
6,-4,2,2,-32.279,241.30164,218.21254,0,0.42907736,0.85672271,1,0,0,0,0,0,0,0,0,0,0
6,-4,2,3,-37.965664,227.22548,227.00154,0,0.45603791,0.84970392,0,193.16245,10.554856,359.90625,386.75684,379,0.29375,5,-13653.039,359.90625,517960.42
6,-4,2,4,-43.197071,210.89317,235.49534,0,0.48653802,0.83999477,0,14.669885,3.7266265,25.32716,41.395328,37,0.19135802,5,-1098.159,25.32716,47620.321
6,-4,2,5,-48.005835,192.61892,243.67845,0,0.51972982,0.82771243,0,74.170085,7.4296154,118.12195,140.00268,134,0.25609756,5,-5674.628,118.12195,272624.76
6,-4,2,6,-52.438646,172.62555,251.55127,0,0.55485928,0.81300752,0,140.38688,10.315997,205.70186,228.47876,222,0.25465839,5,-10912.292,208.07453,572311.96
6,-4,2,7,-56.545874,151.04563,259.12725,0,0.59127003,0.79606415,0,112.87395,9.9290333,151.96933,178.70567,171,0.28834356,5,-8598.1396,151.96933,486481.58
6,-4,2,8,-60.375862,127.92763,266.42991,0,0.62839333,0.77709991,0,130.58497,10.855566,161.48734,180.21691,175,0.22151899,5,-9752.1915,161.48734,588944.35
6,-4,2,9,-63.972343,103.242,273.4905,0,0.66573307,0.75636585,0,40.135905,6.9753392,45.6,62.805,58,0.2,5,-2940.7312,45.925,188307.76
6,-4,2,10,-67.373659,76.884138,280.34648,0,0.70285006,0.73414651,0,168.45449,13.345534,175.95541,194.31754,189,0.20382166,5,-11870.126,175.99363,800614.96
6,-4,2,11,-70.612915,48.672798,287.04087,0,0.73934785,0.71075988,0,28.695542,6.872776,27.585987,43.652846,39,0.17834395,5,-2077.8822,29.43949,146663.47
6,-4,2,12,-73.718532,18.342451,293.62249,0,0.7748604,0.68655745,0,7.3325485,4.8262679,6.4969325,18.286462,15,0.13496933,5,-642.71166,8.7484663,47218.985
6,-4,3,2,-26.171963,193.2267,241.39379,0,0.51806469,0.82741552,1,0,0,0,0,0,0,0,0,0,0
6,-4,3,3,-31.421774,182.12364,249.60227,0,0.53880374,0.82069269,1,0,0,0,0,0,0,0,0,0,0
6,-4,3,4,-36.429525,168.68433,257.59246,0,0.56291796,0.81139789,0,30.87246,5.7547039,44.5,68.805556,62,0.27777778,5,-1728.9722,47.555556,62864.222
6,-4,3,5,-41.179253,153.10033,265.36741,0,0.58979504,0.79964827,0,340.4276,16.189523,461.55414,481.79675,476,0.22929936,5,-19028.21,461.55414,784498.05
6,-4,3,6,-45.672232,135.51973,272.9375,0,0.61883186,0.78559448,0,83.895115,8.9582293,106.50314,129.32898,123,0.27044025,5,-4995.0189,109.25786,228365.82
6,-4,3,7,-49.921166,116.03587,280.32085,0,0.64945552,0.76942062,0,65.510584,8.533144,77.611465,102.19908,95,0.26751592,5,-4071.2086,81.649682,203003.98
6,-4,3,8,-53.945405,94.680668,287.54332,0,0.68113275,0.75134426,0,60.580346,8.4353888,66.825,86.581406,81,0.225,5,-3680.7625,68.1875,198693.01
6,-4,3,9,-57.767477,71.419926,294.63821,0,0.71337143,0.73161648,0,85.335983,9.7869112,87.518519,100.74577,97,0.14814815,5,-5092.2284,88.098765,294344.28
6,-4,3,10,-61.410797,46.148216,301.64641,0,0.74571735,0.71052179,0,6.4611986,4.6790866,6.15625,19.875977,16,0.15625,5,-790.47187,12.85,48626.931
6,-4,3,11,-64.898288,18.681076,308.61695,0,0.77774834,0.6883782,0,34.115267,7.1073736,30.195122,39.572576,37,0.1097561,5,-1961.2012,30.195122,127384.56
6,-4,4,3,-27.798697,132.41953,270.54928,0,0.62284955,0.78218711,1,0,0,0,0,0,0,0,0,0,0
6,-4,4,4,-32.407417,120.9249,278.33105,0,0.64186893,0.7734724,1,0,0,0,0,0,0,0,0,0,0
6,-4,4,5,-36.880696,107.20743,285.96041,0,0.66342507,0.76246861,0,84.916467,9.3892896,97.59375,116.44629,111,0.20625,5,-3708.4062,100.6875,136587.25
6,-4,4,6,-41.202329,91.337118,293.46075,0,0.68706009,0.74932638,0,57.827966,8.535909,63.06875,86.66668,80,0.26875,5,-2651.4641,64.21875,109478.76
6,-4,4,7,-45.365925,73.346822,300.86066,0,0.71230874,0.73422982,0,38.289992,7.1466101,39.468354,54.265983,50,0.16455696,5,-1945.8133,42.924051,88210.366
6,-4,4,8,-49.372623,53.221872,308.19513,0,0.73871116,0.71739651,0,13.386245,5.065509,13,24.2,21,0.125,5,-730.6,14.8,36068.425
6,-4,4,9,-53.228931,30.890212,315.50666,0,0.76582034,0.6990775,0,7.7159384,4.6608663,7.0434783,18.102149,15,0.13043478,5,-468.02484,8.8322981,24803.623
6,-4,4,10,-56.944922,6.2115252,322.84669,0,0.7932052,0.67955733,0,19.657772,6.6193814,16.84127,32.15999,27,0.15873016,5,-1075.2698,18.920635,61111.754
6,-4,5,3,-26.139826,77.404633,290.46952,0,0.70473154,0.73629735,1,0,0,0,0,0,0,0,0,0,0
6,-4,5,4,-30.333747,67.114339,298.28903,0,0.7196223,0.72832846,1,0,0,0,0,0,0,0,0,0,0
6,-4,5,5,-34.471628,54.534883,306.01066,0,0.73669715,0.71828358,1,0.2336891,1.1685537,0.2278481,1.2981093,1,0.012658228,1,-8.0316456,0.2278481,283.11551
6,-4,5,6,-38.5335,39.669927,313.67134,0,0.75560875,0.70631337,0,16.350656,5.86937,15.283951,30.101204,26,0.17283951,5,-646.53395,16.728395,24990.891
6,-4,5,7,-42.506088,22.489941,321.31288,0,0.77598566,0.69260191,0,23.017674,6.2395841,20.544304,31.014962,28,0.12025316,5,-945.90823,22.291139,40142.438
6,-4,6,3,-25.849287,15.238703,310.10071,0,0.78166382,0.68573644,1,0,0,0,0,0,0,0,0,0,0
6,-4,6,4,-29.665693,5.534962,318.19485,0,0.79311543,0.67867911,1,0,0,0,0,0,0,0,0,0,0
6,-3,-1,2,-89.524198,366.04833,201.20005,0,0.20221396,0.92187339,1,4.0090211,1.1257586,18.27673,26.339702,24,0.088050314,1,-1622.0597,18.27673,143957.8
6,-3,-1,3,-88.251511,335.84721,212.84079,0,0.25807763,0.91423747,1,128.67656,6.1485247,455.83544,474.4158,469,0.20253165,4,-40237.946,455.83544,3551947.8
6,-3,-1,4,-88.036717,306.88656,223.4435,0,0.31256493,0.90366433,1,131.6246,6.946184,380.54321,403.29828,397,0.2654321,4,-33822.327,383.90123,2979837.6
6,-3,-1,5,-88.407731,278.64458,233.19555,0,0.36597059,0.89027115,1,34.060354,4.2194395,82.85625,105.3566,99,0.25625,4,-7324.3797,82.85625,647470.08
6,-3,-1,6,-89.140632,250.76678,242.23467,0,0.41834879,0.87420855,1,20.813787,3.515452,43.493827,53.965402,51,0.11728395,2,-4262.1914,48.024691,378269.48
6,-3,-1,7,-90.115354,222.96733,250.67088,0,0.4696513,0.85566064,1,0,0,0,0,0,0,0,0,0,0
6,-3,-1,8,-91.26196,194.98812,258.59651,0,0.51977803,0.83484501,1,0,0,0,0,0,0,0,0,0,0
6,-3,-1,9,-92.537271,166.57658,266.09178,0,0.56859842,0.8120127,1,0,0,0,0,0,0,0,0,0,0
6,-3,-1,10,-93.913527,137.47022,273.22859,0,0.61596118,0.78744825,1,0,0,0,0,0,0,0,0,0,0
6,-3,-1,11,-95.37241,107.38281,280.07345,0,0.66169875,0.76146967,1,0,0,0,0,0,0,0,0,0,0
6,-3,-1,12,-96.901699,75.989685,286.68998,0,0.70562907,0.73442843,1,0,0,0,0,0,0,0,0,0,0
6,-3,-1,13,-98.493298,42.909884,293.1414,0,0.74755582,0.70670948,1,0,0,0,0,0,0,0,0,0,0
6,-3,0,1,-51.965984,373.69344,216.60911,0,0.19048784,0.93305991,0,128.6578,5.2532259,630.2,662.12,653,0.36774194,5,-32749.65,630.2,1701967.1
6,-3,0,2,-58.369875,349.83656,227.5203,0,0.23488475,0.92840937,0,220.82262,7.6336336,872.82716,910.39948,900,0.4382716,5,-50991.753,873.18519,2977857
6,-3,0,3,-63.219206,324.80705,237.82421,0,0.2822233,0.92071425,0,296.77894,9.7479277,968.2,1011.32,999,0.48125,5,-61286.65,968.2,3879480.2
6,-3,0,4,-67.153117,299.24601,247.50481,0,0.33099196,0.91005825,0,1018.3262,19.39151,2799.875,2842.6719,2831,0.51875,5,-188263.84,2799.875,12659072
6,-3,0,5,-70.517331,273.38137,256.6045,0,0.38033353,0.89655852,0,109.56127,7.1528973,258.26829,284.30993,277,0.29268293,5,-18318.037,259.56098,1292787.4
6,-3,0,6,-73.50909,247.2478,265.18594,0,0.42970044,0.8803657,0,368.21745,13.672184,754.4,784.64,776,0.3375,5,-55495.7,754.4,4082492.1
6,-3,0,7,-76.247565,220.78066,273.31722,0,0.47870041,0.86166389,0,26.673428,4.7045633,48.012346,71.711172,65,0.2654321,5,-3800.1173,49.753086,290256.59
6,-3,0,8,-78.80867,193.85656,281.06643,0,0.52702302,0.84067067,0,58.720366,6.852224,93.666667,119.46914,112,0.27777778,5,-7408.7222,93.925926,584400.39
6,-3,0,9,-81.243117,166.30982,288.50012,0,0.57440223,0.81763711,0,162.12087,11.274108,230.77215,257.5451,250,0.31012658,5,-18828.585,231.48101,1531527.3
6,-3,0,10,-83.586265,137.93699,295.68352,0,0.62059567,0.79284773,0,42.227958,6.9750073,53.948718,79.405654,72,0.28205128,5,-4797.4615,57.333333,401439.63
6,-3,0,11,-85.863772,108.49412,302.68167,0,0.66537241,0.76662054,0,62.943978,8.2277512,72.522013,89.86563,85,0.20125786,5,-6500.8349,75.641509,558704.69
6,-3,0,12,-88.094975,77.688589,309.56117,0,0.708505,0.73930702,1,102.92536,10.534731,107.4,120.84,117,0.15,4,-9472.35,107.4,835439.01
6,-3,0,13,-90.295004,45.165497,316.39254,0,0.74976381,0.71129211,1,0,0,0,0,0,0,0,0,0,0
6,-3,0,14,-92.476159,10.487198,323.2533,0,0.78891247,0.68299425,1,0,0,0,0,0,0,0,0,0,0
6,-3,1,1,-29.282136,330.39826,243.88417,0,0.27283372,0.92648842,1,0,0,0,0,0,0,0,0,0,0
6,-3,1,2,-37.605539,314.77963,253.15199,0,0.30314951,0.92187339,0,316.29513,10.376585,961.84906,995.72113,986,0.37735849,5,-36168.698,961.84906,1360148.6
6,-3,1,3,-44.613817,296.27824,262.18504,0,0.33898018,0.91423747,0,127.26141,7.1795476,343.22699,374.94155,366,0.35582822,5,-15314.534,343.22699,683355.71
6,-3,1,4,-50.55394,275.75961,270.91136,0,0.37854286,0.90366433,0,143.13653,8.1067889,341.69811,374.52593,365,0.35849057,5,-17359.365,343.28302,877874.87
6,-3,1,5,-55.666883,253.78004,279.3096,0,0.42050767,0.89027115,0,34.113201,4.6525354,72.222222,97.02332,90,0.27777778,5,-4028.7284,72.222222,224742.7
6,-3,1,6,-60.149818,230.65932,287.39151,0,0.46389903,0.87420855,0,185.33694,10.394685,349.2638,383.71237,374,0.38650307,5,-21113.225,350.58282,1271532.2
6,-3,1,7,-64.153655,206.5504,295.18886,0,0.50798947,0.85566064,0,2.1149886,3.1278049,3.5625,27.757031,21,0.28125,5,-416.4375,6.475,26783.867
6,-3,1,8,-67.791297,181.48896,302.74527,0,0.55221782,0.83484501,0,316.70277,14.789693,478.79245,499.92999,494,0.24528302,5,-32478.604,478.79245,2203208.5
6,-3,1,9,-71.147032,155.42416,310.11184,0,0.59613241,0.8120127,0,36.57941,6.2392746,49.826087,72.228463,66,0.26086957,5,-3680.7609,51.751553,261793.93
6,-3,1,10,-74.284298,128.2352,317.34533,0,0.63935298,0.78744825,0,112.13658,10.364656,138.11111,162.95679,156,0.28395062,5,-10262.861,138.11111,762633.41
6,-3,1,11,-77.251499,99.737568,324.50794,0,0.68154505,0.76146967,0,21.903124,5.5970629,24.471698,39.105376,35,0.16981132,5,-1916.4198,24.811321,148024.68
6,-3,1,12,-80.086193,69.681013,331.66847,0,0.72240236,0.73442843,0,30.079503,6.3914736,30.580247,42.222375,39,0.13580247,5,-2609.2006,32.555556,209119.31
6,-3,1,13,-82.818085,37.739981,338.90452,0,0.76163433,0.70670948,0,49.841099,8.6383444,46.246835,64.246555,59,0.19620253,5,-3906.5554,47.183544,323448.03
6,-3,2,2,-26.320252,271.25475,276.95789,0,0.38790967,0.90256691,1,0,0,0,0,0,0,0,0,0,0
6,-3,2,3,-33.145259,257.62586,285.18959,0,0.41445613,0.89510857,1,0,0,0,0,0,0,0,0,0,0
6,-3,2,4,-39.332484,241.49848,293.25557,0,0.44532121,0.88478404,0,73.986663,6.6747985,147,175.875,168,0.35,5,-5793.1562,147.125,228125.63
6,-3,2,5,-44.923264,223.30939,301.14299,0,0.47942767,0.8717105,0,345.08076,14.197064,627.43671,666.33933,655,0.42405063,5,-28166.707,627.43671,1264504
6,-3,2,6,-49.987139,203.37811,308.85805,0,0.51584139,0.85603857,0,98.927299,8.2856805,164.16981,189.06479,182,0.28301887,5,-8207.5519,164.16981,410345.11
6,-3,2,7,-54.600775,181.90954,316.4227,0,0.55377533,0.83795236,0,131.28673,9.7404619,198.65823,217.23538,212,0.21518987,5,-10852.646,198.65823,592895.21
6,-3,2,8,-58.836988,159.00649,323.87144,0,0.59257071,0.81766945,0,135.04153,10.598785,186.33951,213.88847,206,0.30246914,5,-11033.421,187.35185,649788.31
6,-3,2,9,-62.760228,134.68274,331.24904,0,0.63167162,0.79544091,0,322.29308,16.542768,405.85185,433.95976,426,0.31481481,5,-25510.71,406.19753,1602190.5
6,-3,2,10,-66.425557,108.87234,338.60957,0,0.67060049,0.77155126,0,249.61151,15.145603,287.1875,303.65117,299,0.1875,5,-19088.475,287.1875,1268786.3
6,-3,2,11,-69.879242,81.433381,346.01657,0,0.70893721,0.7463185,0,20.377739,5.4833161,21.452229,33.321108,30,0.14012739,5,-1507.9299,21.617834,105185.6
6,-3,2,12,-73.159943,52.145448,353.54458,0,0.74630218,0.72009411,0,94.966876,10.527602,91.631902,103.18296,100,0.13496933,5,-6851.7055,93.533742,501925.88
6,-3,2,13,-76.300029,20.699877,361.28192,0,0.78234267,0.69326306,0,30.434701,7.0965794,26.969325,39.545786,36,0.14110429,5,-2146.3528,28.147239,163670.89
6,-3,3,3,-26.701149,213.1208,306.84224,0,0.49843781,0.8642319,1,0,0,0,0,0,0,0,0,0,0
6,-3,3,4,-32.452282,200.16353,314.56408,0,0.52229861,0.85432172,1,0,0,0,0,0,0,0,0,0,0
6,-3,3,5,-37.859586,184.95161,322.19355,0,0.54947017,0.84178091,0,258.25801,13.356377,395.6478,418.68486,412,0.25157233,5,-15067.303,398.14465,570232.89
6,-3,3,6,-42.92166,167.70098,329.74748,0,0.57922695,0.82676009,0,4.3073839,3.3366601,6.1481481,22.682213,18,0.18518519,5,-357.92901,8.2839506,15468.542
6,-3,3,7,-47.655919,148.56655,337.25317,0,0.61089018,0.80944339,0,334.06502,16.257637,442.64375,464.04652,458,0.24375,5,-21118.117,442.64375,1007558.3
6,-3,3,8,-52.090238,127.63485,344.74831,0,0.64384094,0.79004837,0,41.607145,6.4928875,51.055556,63.478395,60,0.14197531,5,-2661.9861,51.055556,138802.5
6,-3,3,9,-56.257006,104.92116,352.28104,0,0.67752106,0.7688261,0,30.696561,6.5296792,34.833333,54.902778,49,0.21794872,5,-2071.9583,36.833333,116554.93
6,-3,3,10,-60.189376,80.367529,359.91049,0,0.71142718,0.7460611,0,12.554427,5.0770787,13.165605,28.34756,24,0.17197452,5,-866.31688,14.388535,52160.495
6,-3,3,11,-63.919151,53.838928,367.70827,0,0.7451018,0.72207138,0,79.230183,10.151264,76.78125,96.776367,91,0.21875,5,-5106.9453,79.84375,326659.6
6,-3,3,12,-67.475764,25.115317,375.76112,0,0.77812338,0.69720842,0,27.689481,6.8652217,24.810127,37.838808,34,0.13924051,5,-1676.3608,24.810127,113274.27
6,-3,4,4,-28.599538,153.33834,335.23346,0,0.60310427,0.81378462,1,0,0,0,0,0,0,0,0,0,0
6,-3,4,5,-33.594733,140.21635,342.84287,0,0.62450935,0.80198963,1,0,0,0,0,0,0,0,0,0,0
6,-3,4,6,-38.391472,124.92195,350.45365,0,0.64839986,0.78788038,0,6.0402701,4.103062,7.3396226,24.857126,20,0.20754717,5,-373.76572,9.7798742,14284.825
6,-3,4,7,-42.98006,107.53482,358.10388,0,0.67423876,0.77164098,0,50.027553,7.4884964,57.254658,73.450098,69,0.19254658,5,-2472.3571,57.52795,106261.42
6,-3,4,8,-47.361977,88.088136,365.84109,0,0.70150079,0.753489,0,94.134784,10.345171,101.11111,123.47325,117,0.24074074,5,-4916.463,103.77778,232925.41
6,-3,4,9,-51.546436,66.558807,373.72382,0,0.72968254,0.73367551,0,32.372849,6.7317635,32.55,45.813961,42,0.15,5,-1715.5984,33.30625,88373.947
6,-3,4,10,-55.547526,42.858293,381.82359,0,0.7583064,0.71248503,0,18.193712,5.2253343,17.09434,24.10406,22,0.075471698,5,-947.12264,17.09434,52479.798
6,-3,4,11,-59.382053,16.821825,390.22788,0,0.78692015,0.69023557,0,27.817824,7.0130816,24.4,37.84,34,0.15,5,-1444,24.4,85463.725
6,-3,5,4,-26.804075,100.98398,355.89883,0,0.68330627,0.76528289,1,0,0,0,0,0,0,0,0,0,0
6,-3,5,5,-31.352446,89.177899,363.71238,0,0.69993854,0.75444682,1,0,0,0,0,0,0,0,0,0,0
6,-3,5,6,-35.801181,75.108949,371.60462,0,0.7187681,0.74150958,1,49.073908,7.6533423,50.626582,62.338768,59,0.13291139,4,-1814.606,50.626582,65044.854
6,-3,5,7,-40.132142,58.785042,379.62737,0,0.73937818,0.72665527,0,64.41023,9.0001448,63.301887,78.238875,74,0.16981132,5,-2539.1934,63.301887,101857.05
6,-3,5,8,-44.335446,40.175048,387.84292,0,0.76133851,0.71010149,0,12.285947,4.8865488,11.459119,20.772547,18,0.10062893,5,-587.89623,13.320755,25947.402
6,-3,5,9,-48.408013,19.196647,396.32666,0,0.78421565,0.69209929,0,24.144759,6.5517727,21.308642,33.433623,30,0.13580247,5,-1029.9321,21.308642,49787.159
6,-3,6,4,-26.439791,41.774845,377.41846,0,0.75953132,0.71152958,1,0,0,0,0,0,0,0,0,0,0
6,-3,6,5,-30.576104,30.60471,385.67629,0,0.77213826,0.70186552,1,0,0,0,0,0,0,0,0,0,0
6,-3,6,6,-34.675864,17.046109,394.10649,0,0.78657064,0.69036073,1,0.65006532,2.2740768,0.57055215,3.9837028,3,0.036809816,2,-20.302147,0.57055215,722.44977
6,-2,-1,3,-91.710091,352.18963,272.36166,0,0.23589014,0.94916505,1,0,0,0,0,0,0,0,0,0,0
6,-2,-1,4,-90.83737,323.8158,281.81888,0,0.29012705,0.93815237,1,0,0,0,0,0,0,0,0,0,0
6,-2,-1,5,-90.794253,296.00831,290.70027,0,0.34365579,0.92419404,1,0,0,0,0,0,0,0,0,0,0
6,-2,-1,6,-91.245098,268.51067,299.11055,0,0.39638324,0.90744071,1,0,0,0,0,0,0,0,0,0,0
6,-2,-1,7,-92.016161,241.09259,307.14132,0,0.44818144,0.88807649,1,0,0,0,0,0,0,0,0,0,0
6,-2,-1,8,-93.008932,213.53217,314.87556,0,0.49890373,0.86631895,1,0,0,0,0,0,0,0,0,0,0
6,-2,-1,9,-94.163802,185.60438,322.39103,0,0.54839087,0.84241915,1,0,0,0,0,0,0,0,0,0,0
6,-2,-1,10,-95.442971,157.07106,329.7631,0,0.5964733,0.81666163,1,0,0,0,0,0,0,0,0,0,0
6,-2,-1,11,-96.821679,127.6707,337.0676,0,0.64297158,0.78936438,1,0,0,0,0,0,0,0,0,0,0
6,-2,-1,12,-98.283397,97.10651,344.38378,0,0.68769598,0.76087889,1,0,0,0,0,0,0,0,0,0,0
6,-2,0,2,-57.691841,376.10552,285.5574,0,0.19258492,0.96391741,0,276.98162,7.6044267,1386.336,1448.6653,1428,0.672,5,-80059.86,1386.336,4623490.3
6,-2,0,3,-63.505308,349.84082,294.96338,0,0.24239163,0.95590833,0,77.708019,4.8055653,306.45342,359.15856,344,0.57763975,5,-19483.78,306.54658,1238400
6,-2,0,4,-67.901419,323.30544,303.88817,0,0.29342149,0.94481277,0,248.06749,9.0520874,798.77358,849.5817,835,0.56603774,5,-54234.398,798.77358,3682422.4
6,-2,0,5,-71.500736,296.72088,312.38823,0,0.34479275,0.9307479,0,765.64948,17.050811,2066.8261,2118.5463,2104,0.59006211,6,-147898.51,2067.087,10582247
6,-2,0,6,-74.615353,270.09034,320.53456,0,0.39599247,0.91386435,0,121.11599,7.6526706,279.50932,311.9002,303,0.38509317,5,-20882.048,279.50932,1560112.9
6,-2,0,7,-77.417237,243.32197,328.40095,0,0.44666761,0.89434622,0,5.9441931,3.1495294,11.90184,39.768,32,0.3190184,5,-1059.1258,13.791411,81341.396
6,-2,0,8,-80.00858,216.2742,336.06098,0,0.49654065,0.87241111,0,130.89933,9.2467163,229.98726,263.94158,254,0.36942675,5,-18872.68,235.61146,1511738.4
6,-2,0,9,-82.454037,188.77194,343.58807,0,0.54537137,0.84831006,0,32.928102,5.3951728,51.21875,70.426367,65,0.21875,5,-4234.9891,51.36875,349149.26
6,-2,0,10,-84.796764,160.61023,351.05695,0,0.59293745,0.8223276,0,63.04604,7.3394966,87.436709,103.61068,99,0.1835443,5,-7415.663,87.436709,628942.76
6,-2,0,11,-87.06696,131.55115,358.54576,0,0.63902369,0.79478174,0,94.904624,9.6647424,118.03704,144.49154,137,0.2962963,5,-10839.781,124.33333,945058.06
6,-2,0,12,-89.2867,101.31597,366.139,0,0.6834152,0.76602397,1,2.6538908,2.1698998,2.9746835,5.9155456,5,0.03164557,2,-263.2057,2.9746835,23289.129
6,-2,0,13,-91.472807,69.572689,373.93116,0,0.72589264,0.73643922,1,0,0,0,0,0,0,0,0,0,0
6,-2,0,14,-93.638647,35.91782,382.03173,0,0.76622826,0.70644593,1,0,0,0,0,0,0,0,0,0,0
6,-2,1,2,-33.136175,343.84951,309.13596,0,0.25484762,0.95711495,1,0,0,0,0,0,0,0,0,0,0
6,-2,1,3,-41.959933,324.77876,317.59158,0,0.29178906,0.94916505,0,245.77186,9.0086389,799.475,858.74422,842,0.675,5,-33604.123,801.74375,1408534.8
6,-2,1,4,-49.10237,303.48055,325.83475,0,0.33311375,0.93815237,0,1483.623,23.098374,4178.3457,4231.7936,4217,0.62345679,5,-205404.73,4178.3457,10097951
6,-2,1,5,-55.007887,280.73391,333.85749,0,0.3770739,0.92419404,0,27.51069,4.1780559,67.427673,104.8629,94,0.40880503,5,-3745.0833,67.968553,206367.25
6,-2,1,6,-60.018827,256.96054,341.68584,0,0.42249197,0.90744071,0,282.2229,11.803911,606.16667,642.76389,632,0.3974359,5,-36395.875,606.16667,2185366
6,-2,1,7,-64.379976,232.35544,349.36484,0,0.46855177,0.88807649,0,186.66849,10.385097,353.80488,387.442,378,0.37804878,5,-23055.451,358.09756,1484413.5
6,-2,1,8,-68.263325,206.97018,356.95061,0,0.51465858,0.86631895,0,10.336908,3.9780863,17.4,44.84,37,0.2969697,5,-1310.7,19.2,89479
6,-2,1,9,-71.79043,180.76041,364.50701,0,0.56035296,0.84241915,0,68.558364,7.4862552,103.06875,126.66668,120,0.26875,5,-7422.1641,103.43125,532616.54
6,-2,1,10,-75.048568,153.61059,372.10489,0,0.60525833,0.81666163,0,60.806087,7.4691268,82.044304,101.56461,96,0.22151899,5,-6252.5902,83.234177,469706.41
6,-2,1,11,-78.101685,125.34452,379.82321,0,0.64904858,0.78936438,0,113.69922,10.271663,138.2795,156.0566,151,0.19875776,5,-10817.064,138.2795,846197.11
6,-2,1,12,-80.997677,95.726004,387.75143,0,0.69142732,0.76087889,0,123.88909,11.178046,136.33333,151.31076,147,0.16666667,5,-11159.673,137.67901,904569.44
6,-2,1,13,-83.773262,64.45169,395.99331,0,0.73211391,0.7315901,0,128.31617,11.917453,128.22436,141.82253,138,0.16025641,5,-10745.095,128.22436,900441.13
6,-2,1,14,-86.457285,31.135982,404.67248,0,0.77083352,0.70191646,0,57.202883,8.8272201,52.088608,64.609678,61,0.13924051,5,-4616.2247,53.303797,399780.65
6,-2,2,3,-29.385716,286.58904,339.44732,0,0.3663369,0.92923668,1,0,0,0,0,0,0,0,0,0,0
6,-2,2,4,-36.703613,270.3229,347.23305,0,0.39771422,0.9184726,0,125.73898,7.8706398,290.37888,330.37734,319,0.44720497,5,-10713.891,291.72671,393492.47
6,-2,2,5,-43.171686,251.82468,354.92922,0,0.43290237,0.90483391,0,6.3503804,3.1701952,13.273292,43.906601,35,0.32919255,5,-813.04503,18.751553,35253.464
6,-2,2,6,-48.902932,231.54043,362.55532,0,0.4707282,0.88847125,0,380.09414,14.485262,717.40491,747.47905,739,0.33742331,5,-35072.175,717.54601,1714311.2
6,-2,2,7,-54.020212,209.75897,370.14745,0,0.51024515,0.86956873,0,142.27744,9.6642961,242.4717,271.26296,263,0.32075472,5,-13106.096,242.4717,708433.45
6,-2,2,8,-58.636176,186.63698,377.75485,0,0.55069459,0.84834392,0,192.57841,11.600416,296.66667,319.35185,313,0.25925926,5,-17410.972,296.66667,1021856.4
6,-2,2,9,-62.846653,162.22374,385.43787,0,0.59146105,0.82504789,0,152.20277,10.771213,212.3125,225.75391,222,0.15625,5,-13367.309,212.6375,840346.29
6,-2,2,10,-66.730373,136.47936,393.26776,0,0.6320332,0.79996516,0,7.8311927,4.0835217,9.9119497,26.713579,22,0.19496855,5,-831.28774,12.421384,55637.402
6,-2,2,11,-70.351106,109.2848,401.32785,0,0.67197316,0.77341374,0,76.94835,8.8191967,88.564417,103.03338,99,0.16564417,5,-6236.7638,88.564417,439207.3
6,-2,2,12,-73.760372,80.444117,409.71633,0,0.71089316,0.7457451,0,79.383193,9.7076863,83.275,103.70594,98,0.2375,5,-6342.15,86.025,467576.71
6,-2,2,13,-76.999988,49.678671,418.55075,0,0.74843806,0.7173442,0,74.305783,9.9214652,71.21875,90.426367,85,0.21875,6,-5611.3766,72.79375,432570.78
6,-2,2,14,-80.104229,16.61266,427.97464,0,0.7842719,0.68862947,0,28.257317,6.8601139,24.811321,36.28278,33,0.13207547,5,-2126.7453,26.540881,170419.88
6,-2,3,4,-29.47645,229.13088,368.11503,0,0.47531354,0.88667782,1,0,0,0,0,0,0,0,0,0,0
6,-2,3,5,-35.625607,214.0393,375.71081,0,0.50272512,0.87357187,1,367.82908,14.802286,639.16667,661.59722,655,0.24358974,4,-22807.5,639.16667,813903.91
6,-2,3,6,-41.309455,196.81182,383.32727,0,0.53315858,0.85786032,0,777.31658,22.202962,1250.7143,1276.2689,1269,0.28571429,5,-51648.868,1250.7143,2132964.5
6,-2,3,7,-46.554928,177.67584,391.00519,0,0.56580149,0.8397273,0,8.0554617,4.2016048,11.955414,38.884701,31,0.29299363,5,-641.40287,13.751592,29918.235
6,-2,3,8,-51.404641,156.77649,398.7974,0,0.59993096,0.81939038,0,98.989038,9.1424233,135.2,155.92,150,0.23125,5,-6950.2,135.2,357301.15
6,-2,3,9,-55.906797,134.17605,406.76903,0,0.63491214,0.79710062,0,67.644677,8.0390278,84.924528,101.86057,97,0.18867925,5,-4743.1274,84.924528,264921.92
6,-2,3,10,-60.109255,109.85586,414.99853,0,0.67018736,0.77314254,0,253.5036,15.401468,292.4472,315.68281,309,0.25465839,5,-17594.003,292.4472,1058508.9
6,-2,3,11,-64.056532,83.716547,423.58008,0,0.70526176,0.74783416,0,43.387225,7.5514305,46.00625,64.116289,59,0.20625,5,-2946.3266,46.00625,188697.58
6,-2,3,12,-67.788609,55.57433,432.62742,0,0.73968888,0.72152695,0,89.531646,10.36458,87.333333,102.21399,98,0.16666667,5,-5952.1358,87.703704,403954.85
6,-2,3,13,-71.340757,25.151034,442.27979,0,0.77305734,0.69460587,0,16.276804,6.1586229,14.625,30.621094,26,0.175,5,-1220.1484,17.09375,87095.615
6,-2,4,4,-25.682978,182.41341,388.93796,0,0.5578435,0.84427528,1,0,0,0,0,0,0,0,0,0,0
6,-2,4,5,-31.258882,169.70517,396.6509,0,0.57892528,0.83191515,1,0,0,0,0,0,0,0,0,0,0
6,-2,4,6,-36.575126,154.74164,404.46572,0,0.60291298,0.81711517,0,24.358515,5.483716,33.012579,55.234089,49,0.25786164,5,-1293.5991,35.301887,47406.43
6,-2,4,7,-41.61841,137.65282,412.43304,0,0.62918193,0.80005945,0,195.14841,12.794295,248.14815,264.68221,260,0.18518519,5,-10339.068,248.14815,430803.27
6,-2,4,8,-46.391954,118.51998,420.61559,0,0.6571277,0.78096557,0,148.85991,11.795402,176.91304,196.51229,191,0.22360248,5,-8209.1196,176.91304,380934.01
6,-2,4,9,-50.909928,97.365051,429.0899,0,0.6861798,0.76008459,0,2.5925636,4.1748423,2.8717949,21.38593,16,0.20512821,5,-429.8141,8.4358974,21900.155
6,-2,4,10,-55.192922,74.14231,437.94885,0,0.71580621,0.73770103,0,54.403413,8.2065201,56.067485,71.529951,67,0.16564417,5,-3239.7945,58.711656,178782.16
6,-2,4,11,-59.264658,48.729656,447.30551,0,0.74551208,0.71413291,0,15.031458,5.6375136,14.398773,29.162445,25,0.16564417,5,-853.73466,14.398773,50623.464
6,-2,4,12,-63.149809,20.917044,457.29886,0,0.77483478,0.6897317,0,25.937413,6.7036749,23.088608,35.609678,32,0.13924051,5,-1664.5127,26.35443,105130.2
6,-2,5,5,-29.103862,119.37694,418.47993,0,0.65608686,0.78197392,1,0,0,0,0,0,0,0,0,0,0
6,-2,5,6,-33.972827,105.87454,426.71486,0,0.674613,0.76834595,1,0,0,0,0,0,0,0,0,0,0
6,-2,5,7,-38.688033,90.108183,435.20579,0,0.69523055,0.75267533,0,12.527399,5.3824007,13.5625,33.955469,28,0.21875,5,-592.05625,15.275,22950.348
6,-2,5,8,-43.236899,72.084589,444.03082,0,0.71745608,0.73517965,0,23.720766,5.7829382,24.306748,35.115059,32,0.11656442,5,-1077.1733,24.92638,46552.371
6,-2,5,9,-47.61625,51.761679,453.28499,0,0.74080614,0.71610995,0,35.083144,7.0683875,33.91358,46.686462,43,0.14197531,5,-1617.608,33.91358,77160.836
6,-2,5,10,-51.83,29.035405,463.0845,0,0.76480584,0.69575078,0,3.2438067,3.288469,2.9509202,8.9493711,7,0.061349693,5,-196.09049,3.7852761,10160.749
6,-2,6,5,-28.496319,62.151865,442.23605,0,0.73020059,0.72646121,1,0,0,0,0,0,0,0,0,0,0
6,-2,6,6,-32.935961,49.359279,451.15733,0,0.74406176,0.7142657,1,0,0,0,0,0,0,0,0,0,0
6,-2,6,7,-37.300834,34.149726,460.46839,0,0.75969211,0.70028799,0,15.766612,5.2543724,14.533742,23.459558,21,0.10429448,5,-539.12117,14.533742,20001.188
6,-2,6,8,-41.574272,16.45411,470.27079,0,0.77670476,0.68474565,0,38.352071,7.6253996,33.811321,45.19307,42,0.13207547,5,-1409.8176,33.811321,58788.918
6,-1,-1,4,-97.200424,336.76391,336.88136,0,0.27010458,0.95952367,1,0,0,0,0,0,0,0,0,0,0
6,-1,-1,5,-96.117141,309.57553,345.045,0,0.32267308,0.94522626,1,0,0,0,0,0,0,0,0,0,0
6,-1,-1,6,-95.845938,282.51225,352.95088,0,0.37486642,0.9280585,1,0,0,0,0,0,0,0,0,0,0
6,-1,-1,7,-96.089362,255.44369,360.67654,0,0.42639069,0.90820448,1,0,0,0,0,0,0,0,0,0,0
6,-1,-1,8,-96.681042,228.20465,368.29877,0,0.47700661,0.8858818,1,0,0,0,0,0,0,0,0,0,0
6,-1,-1,9,-97.52144,200.60603,375.89497,0,0.52649936,0.86134151,1,0,0,0,0,0,0,0,0,0,0
6,-1,-1,10,-98.547887,172.43538,383.54534,0,0.57466406,0.83486814,1,0,0,0,0,0,0,0,0,0,0
6,-1,0,3,-68.158711,372.89533,349.8425,0,0.20181217,0.97770326,0,1073.7117,14.998543,5201.725,5279.8009,5257,0.8375,5,-354933.67,5201.725,24218876
6,-1,0,4,-72.227768,344.93205,358.06592,0,0.25525626,0.96634397,0,128.54323,6.0591146,486.63636,526.17355,515,0.43636364,5,-35172.705,486.63636,2542222.3
6,-1,0,5,-75.484112,317.32644,366.01522,0,0.30850846,0.95194002,0,-2.192211,0.94244197,-6.7643312,8.4565702,4,0.1656051,5,-26.226115,0.34394904,1999.7412
6,-1,0,6,-78.293142,289.96245,373.7715,0,0.36123678,0.93464203,0,-0.25926539,1.2281203,-0.67080745,10.09691,7,0.11801242,5,-137.23758,1.7701863,10639.753
6,-1,0,7,-80.833272,262.6781,381.41393,0,0.4131963,0.91463411,0,-3.7033272,1.7142555,-8.1975309,14.399025,8,0.25308642,5,0,0,0
6,-1,0,8,-83.202155,235.28991,389.0209,0,0.46417648,0.89213386,0,66.522068,6.3868675,127.8535,150.68486,144,0.24840764,5,-10690.861,128.33758,890586.01
6,-1,0,9,-85.458091,207.59795,396.67215,0,0.51398032,0.86739231,0,36.913096,5.4362669,62.294479,84.166585,78,0.24539877,5,-5462.2485,63.828221,467452.66
6,-1,0,10,-87.638416,179.38359,404.4514,0,0.56241445,0.84069401,0,161.49377,10.854116,241.4,263.24,257,0.24375,5,-21169.05,241.4,1856399.3
6,-1,0,11,-89.768523,150.40328,412.44958,0,0.60928363,0.81235695,1,0,1.2550228,0,2.8,2,0.03125,1,0,0,0
6,-1,0,12,-91.866648,120.37934,420.76871,0,0.65438703,0.78273263,1,0,0,0,0,0,0,0,0,0,0
6,-1,0,13,-93.94658,88.986994,429.52699,0,0.69751533,0.75220598,1,0,0,0,0,0,0,0,0,0,0
6,-1,0,14,-96.01929,55.836622,438.86549,0,0.738448,0.72119543,1,0,0,0,0,0,0,0,0,0,0
6,-1,0,15,-98.093957,20.448773,448.95748,0,0.77695046,0.6901529,1,0,0,0,0,0,0,0,0,0,0
6,-1,1,2,-30.627468,372.8164,363.50268,0,0.20224667,0.97893837,1,0,0,0,0,0,0,0,0,0,0
6,-1,1,3,-41.780754,352.55708,371.48095,0,0.24089769,0.9708001,0,16.66367,2.171847,67.153374,76.604238,74,0.11042945,5,-2918.4141,69.815951,121996.43
6,-1,1,4,-50.191847,329.87516,379.29767,0,0.28450087,0.95952367,0,-0.24020431,0.33757038,-0.81012658,1.2962025,0,0.012658228,5,0,0,0
6,-1,1,5,-56.769548,305.85345,386.9803,0,0.33075148,0.94522626,0,-0.23472746,1.1173471,-0.67080745,10.196337,7,0.11801242,5,-168.19255,2.9813665,9489.5621
6,-1,1,6,-62.128747,281.00692,394.581,0,0.37828273,0.9280585,0,-2.7774729,1.6594516,-6.8141026,16.574745,10,0.27564103,5,0,0,0
6,-1,1,7,-66.661418,255.54424,402.16373,0,0.42623511,0.90820448,0,445.53755,14.676243,949.33333,977.90947,970,0.33333333,5,-63312.969,949.33333,4222550.1
6,-1,1,8,-70.61848,229.50551,409.79962,0,0.47402217,0.8858818,0,280.11372,12.54072,523.49375,549.28684,542,0.29375,5,-37015.1,523.6125,2616716.7
6,-1,1,9,-74.16457,202.83025,417.56624,0,0.52120789,0.86134151,0,288.62704,13.500687,476.98137,497.78357,492,0.24223602,5,-35393.137,476.98137,2626292.1
6,-1,1,10,-77.411071,175.38937,425.54901,0,0.56744095,0.83486814,0,128.52314,9.9150176,189.09434,212.80479,206,0.26415094,5,-14636.915,189.09434,1132995.3
6,-1,1,11,-80.435748,146.99808,433.84386,0,0.61241793,0.80677969,0,11.338898,4.7363555,14.9375,38.931641,32,0.2625,5,-1266.2891,15.78125,101611.77
6,-1,1,12,-83.294593,117.41735,442.56122,0,0.6558614,0.77742765,0,8.1533447,4.1422569,9.6645963,24.108483,20,0.16149068,5,-948.9736,11.447205,78671.563
6,-1,1,13,-86.029155,86.347297,451.83157,0,0.69750605,0.74719697,0,115.56692,11.243892,123.8,145.08,139,0.2375,5,-10651.85,123.8,916505.94
6,-1,1,14,-88.671196,53.412794,461.81302,0,0.73708914,0.71650606,1,21.294649,5.5855827,20.7,29.480625,27,0.1,3,-2010.5328,22.66875,178318.41
6,-1,1,15,-91.245749,18.140191,472.70216,0,0.77434329,0.68580684,1,0,0,0,0,0,0,0,0,0,0
6,-1,2,3,-27.120244,314.48016,392.60247,0,0.31408523,0.95039204,1,0,0,0,0,0,0,0,0,0,0
6,-1,2,4,-35.788849,297.81025,400.20935,0,0.34598923,0.93936422,1,-2.2836011,0.7255117,-6.2,3.88,1,0.1125,4,0,0,0
6,-1,2,5,-43.219657,278.66836,407.78346,0,0.38232479,0.92538645,0,105.60866,6.9117077,255.61728,279.86725,273,0.27160494,5,-11141.892,257.14815,482784.93
6,-1,2,6,-49.615448,257.67804,415.37016,0,0.42159147,0.90860936,0,26.328238,4.2002474,56.742331,81.944635,75,0.29447853,5,-2816.6917,56.742331,139827.4
6,-1,2,7,-55.183697,235.23182,423.02854,0,0.46264641,0.88921704,0,124.10426,8.4391576,238.53125,263.09668,256,0.26875,5,-13160.914,238.53125,726174.46
6,-1,2,8,-60.102599,211.5422,430.82833,0,0.5046227,0.86742709,0,-2.4203528,2.2843793,-4.1604938,15.419448,10,0.22839506,5,-88.515432,1.4691358,5333.0548
6,-1,2,9,-64.514763,186.68714,438.8493,0,0.54684949,0.84349057,0,353.75696,15.631863,545.65409,581.36154,571,0.38993711,5,-35238.851,545.65409,2275822.2
6,-1,2,10,-68.531157,160.64163,447.18245,0,0.58878988,0.81769199,0,-1.2961137,3.5655853,-1.8,24.52,17,0.29375,5,-424.65,6.2,29085.488
6,-1,2,11,-72.237497,133.29588,455.93295,0,0.62999647,0.79034937,0,6.0164139,4.1021206,7.5477707,26.483711,21,0.21019108,5,-757.59076,10.515924,54579.18
6,-1,2,12,-75.700233,104.46233,465.22461,0,0.6700802,0.76181418,0,33.935482,6.4932269,38.58125,54.496133,50,0.18125,5,-2922.6797,38.58125,221408.25
6,-1,2,13,-78.971402,73.872996,475.2063,0,0.70868851,0.73247138,0,73.988711,9.5355667,76.471698,97.132275,91,0.22012579,5,-6084.9764,77.037736,480640.92
6,-1,2,14,-82.092341,41.167453,486.0612,0,0.74548941,0.70273939,0,52.776461,8.3196138,49.75,61.505219,58,0.125,5,-4126.0625,50.225,338967.19
6,-1,2,15,-85.096463,5.8697809,498.0199,0,0.78015952,0.67307012,0,8.5998176,5.9775138,7.4193548,26.594693,20,0.19354839,5,-1135.4859,13.330645,96719.998
6,-1,3,4,-27.809315,256.27408,420.96867,0,0.42385193,0.90676997,1,0,0,0,0,0,0,0,0,0,0
6,-1,3,5,-34.797445,241.1359,428.64035,0,0.4513268,0.89332493,1,3.021674,1.918199,5.9808917,14.415311,12,0.095541401,2,-211.27548,5.9936306,7447.4606
6,-1,3,6,-41.150986,223.70001,436.40696,0,0.48229446,0.87719895,0,73.827526,6.9001528,134.27778,157.50309,151,0.2654321,5,-5589.9583,135.61111,230433.89
6,-1,3,7,-46.916875,204.28697,444.33034,0,0.51576977,0.85857614,0,203.81963,11.50229,339.28834,366.61862,359,0.31288344,5,-15927.957,339.28834,747779.63
6,-1,3,8,-52.164101,183.11132,452.48484,0,0.55090129,0.83767408,0,50.428404,6.5937047,76.679012,100.5221,94,0.28395062,5,-4175.2191,79.950617,218046.86
6,-1,3,9,-56.966669,160.28494,460.95779,0,0.58696437,0.81474382,0,428.44825,17.987619,594.71338,623.39892,615,0.31210191,5,-33908.105,594.71338,1933362.1
6,-1,3,10,-61.394697,135.82458,469.85133,0,0.62334116,0.7900699,0,30.204139,6.0610317,38.283019,59.016376,53,0.22641509,5,-2351.9261,38.283019,144494.91
6,-1,3,11,-65.510701,109.65758,479.28611,0,0.65949778,0.76397032,0,74.726779,8.6769942,86.564417,101.03338,97,0.16564417,5,-5771.4494,88.042945,378346.78
6,-1,3,12,-69.368713,81.622636,489.40682,0,0.69496301,0.73679656,0,69.131299,8.9267271,73.292683,89.568709,85,0.18292683,5,-5084.7622,73.292683,352773.28
6,-1,3,13,-73.014774,51.463526,500.39034,0,0.72930999,0.70893357,0,91.937419,10.500535,89.36875,104.18605,100,0.16875,5,-6533.4422,89.36875,477645.74
6,-1,3,14,-76.487963,18.813906,512.45742,0,0.76214101,0.68079978,0,34.696894,6.910802,30.993789,38.10878,36,0.080745342,5,-2373.0839,30.993789,181703.21
6,-1,4,5,-30.105365,196.67042,450.15177,0,0.52815995,0.85054896,1,0,0,0,0,0,0,0,0,0,0
6,-1,4,6,-35.989318,181.88312,458.29667,0,0.55198647,0.83533454,1,38.525706,5.9221094,58.301887,80.318737,74,0.24528302,4,-2220.9214,61.534591,80165.142
6,-1,4,7,-41.513629,164.87846,466.6944,0,0.57843941,0.81778903,0,307.8715,15.264851,435.26415,465.74902,457,0.33962264,5,-18082.895,435.26415,751288.01
6,-1,4,8,-46.686408,145.79184,475.42848,0,0.60681713,0.79813001,0,43.527095,6.7662971,57.25,79.201562,73,0.25,5,-2713.9469,58.1875,126586.12
6,-1,4,9,-51.530923,124.69195,484.5989,0,0.63646805,0.77660853,0,2.1399312,3.8957148,2.6111111,22.595679,17,0.22839506,5,-219.27778,4.2222222,11388.319
6,-1,4,10,-56.078396,101.57278,494.32526,0,0.66679589,0.75350913,0,40.323983,7.0962983,45.567901,64.306508,59,0.20987654,5,-2558.5895,45.567901,143669.02
6,-1,4,11,-60.36307,76.346644,504.75178,0,0.69725645,0.7291498,0,260.31509,16.361456,272.22222,292.74691,287,0.2345679,5,-16431.444,272.22222,991834.04
6,-1,4,12,-64.419182,48.83506,516.05475,0,0.72734999,0.70388204,0,43.012808,7.8439407,41.625,57.621094,53,0.175,5,-2881.8828,44.71875,185725.67
6,-1,4,13,-68.279315,18.754157,528.4534,0,0.75661166,0.67809078,0,29.317566,6.3962004,26.275,32.860469,31,0.075,5,-1871.8734,27.45625,127621.02
6,-1,5,5,-27.904405,146.37958,473.21902,0,0.60640178,0.79916867,1,0,0,0,0,0,0,0,0,0,0
6,-1,5,6,-33.232223,133.31729,481.96127,0,0.62430955,0.78512626,1,0,0,0,0,0,0,0,0,0,0
6,-1,5,7,-38.358892,117.91857,491.07744,0,0.64462584,0.76896586,0,160.04929,12.124525,190.92073,209.18386,204,0.20121951,5,-7339.1966,191.29878,281583.71
6,-1,5,8,-43.269342,100.22749,500.66658,0,0.66680442,0.75090503,0,3.4040039,3.4593226,3.8333333,15.175926,12,0.12962963,5,-284.95833,6.5,12494.073
6,-1,5,9,-47.961535,80.239256,510.84909,0,0.69030233,0.73119484,0,79.403188,9.6736397,84.106918,104.9947,99,0.2327044,5,-4075.3538,84.949686,195516.59
6,-1,5,10,-52.44287,57.886095,521.77179,0,0.71459143,0.71011982,0,12.139253,4.8695353,12.063291,23.416539,20,0.12025316,5,-726.77848,13.822785,38213.845
6,-1,5,11,-56.727011,33.022475,533.61533,0,0.73916367,0.68799797,0,71.41513,9.6809578,66.471698,81.195086,77,0.16981132,5,-3776.1085,66.471698,214522.1
6,-1,6,5,-27.379838,89.639383,499.09649,0,0.6816013,0.74189712,1,0,0,0,0,0,0,0,0,0,0
6,-1,6,6,-32.189591,77.477118,508.71827,0,0.69455158,0.72928717,1,0,0,0,0,0,0,0,0,0,0
6,-1,6,7,-36.899087,62.860465,518.87741,0,0.70953741,0.71481967,0,53.849112,8.1829233,54.25,67.960938,64,0.15,5,-1999.0625,54.25,73671.812
6,-1,6,8,-41.487689,45.747014,529.69907,0,0.72613324,0.69871219,0,54.169048,8.4365868,52.123457,65.901844,62,0.15432099,5,-2188.7253,52.703704,90898.683
6,-1,6,9,-45.94375,26.046519,541.33744,0,0.74389397,0.6812158,0,1.064009,4.0423267,0.97435897,13.702827,10,0.14102564,5,-244.21154,5.3076923,11236.716
6,-1,7,5,-28.035775,24.271472,529.62895,0,0.75026174,0.68205027,1,0,0,0,0,0,0,0,0,0,0
6,-1,7,6,-32.398926,12.208309,540.54332,0,0.75893057,0.67113322,1,0,0,0,0,0,0,0,0,0,0
6,0,0,4,-81.778391,362.88854,412.29828,0,0.22083911,0.97363412,0,8054.1745,42.796251,35509.195,35600.085,35574,1.0125786,5,-2904237.4,35509.195,2.3753584e+08
6,0,0,5,-83.51513,334.44451,419.71349,0,0.27490971,0.95911714,0,2.2034518,1.7495714,7.6875,37.258594,29,0.34375,5,-926.76875,11.15,77032.247
6,0,0,6,-85.259905,306.44977,427.1184,0,0.32821313,0.941681,0,142.43222,7.3187904,408.65432,440.93477,432,0.37654321,5,-34862.46,408.65432,2974173
6,0,0,7,-87.014472,278.68466,434.5917,0,0.38058799,0.92150982,0,-1.514351,1.9485451,-3.6666667,22.259259,15,0.2962963,5,-62.291667,0.72222222,5372.6563
6,0,0,8,-88.780674,250.93336,442.21389,0,0.43186835,0.89882119,1,44.745745,4.9715917,93.126582,107.06185,103,0.15189873,3,-8318.1566,93.829114,737426.51
6,0,0,9,-90.560461,222.97649,450.07024,0,0.48188267,0.87386614,1,0,0,0,0,0,0,0,0,0,0
6,0,0,10,-92.355913,194.58338,458.25413,0,0.53045269,0.84692923,1,0,0,0,0,0,0,0,0,0,0
6,0,0,11,-94.169265,165.50314,466.871,0,0.57739217,0.81832844,1,0,0,0,0,0,0,0,0,0,0
6,0,0,12,-96.002939,135.45397,476.04333,0,0.62250537,0.78841526,1,0,0,0,0,0,0,0,0,0,0
6,0,0,13,-97.859582,104.10944,485.91728,0,0.6655853,0.75757464,1,0,0,0,0,0,0,0,0,0,0
6,0,1,4,-55.371732,354.97536,433.69805,0,0.23507041,0.96676053,0,2488.6707,24.668877,10235.013,10292.969,10276,0.63057325,5,-566607.37,10235.013,31368309
6,0,1,5,-62.104903,329.22228,441.01912,0,0.28372103,0.95235009,0,463.5212,11.931047,1555.875,1603.8633,1590,0.525,5,-96719.859,1555.875,6012680.9
6,0,1,6,-67.337338,302.97235,448.39097,0,0.33321594,0.93504417,0,58.019644,4.9419715,162.81013,192.31501,184,0.34177215,5,-10964.608,162.81013,738442.18
6,0,1,7,-71.646621,276.39203,455.89836,0,0.38274745,0.9150269,0,24.210573,4.0342052,57.879747,93.016303,83,0.39873418,5,-4450.182,62.044304,319195.12
6,0,1,8,-75.357826,249.47156,463.62709,0,0.43179936,0.89251584,0,503.45159,15.880057,1040.6188,1077.3876,1067,0.41875,5,-78621.844,1043.3125,5924886.1
6,0,1,9,-78.665065,222.10904,471.66828,0,0.47999583,0.86776205,0,4.3271126,2.9134726,7.8227848,27.742669,22,0.22151899,5,-696.64873,8.8734177,54696.099
6,0,1,10,-81.690724,194.14402,480.1225,0,0.52703175,0.84105006,0,52.089069,6.520072,83.125,108.26172,101,0.275,5,-7009.4062,85.8125,572554.08
6,0,1,11,-84.515783,165.36887,489.10448,0,0.57263784,0.81269788,0,90.154615,8.6423883,127.94904,150.44083,144,0.25477707,5,-10902.271,128.96815,921629.55
6,0,1,12,-87.196198,135.52842,498.7489,0,0.61656137,0.78305699,0,44.167415,6.5841364,56.09434,69.924884,66,0.1572327,5,-5066.9906,58.037736,442377.47
6,0,1,13,-89.772206,104.31172,509.21791,0,0.65855451,0.75251233,1,3.6842362,2.0170338,4.2098765,5.3121475,5,0.012345679,1,-373.62654,4.2098765,33159.356
6,0,1,14,-92.27387,71.336599,520.71152,0,0.69836638,0.72148234,1,0,0,0,0,0,0,0,0,0,0
6,0,1,15,-94.72452,36.125382,533.48203,0,0.73573691,0.69041892,1,0,0,0,0,0,0,0,0,0,0
6,0,2,3,-27.230809,341.90502,447.11253,0,0.25913274,0.9575569,1,0,0,0,0,0,0,0,0,0,0
6,0,2,4,-37.490403,324.61576,454.62291,0,0.29144859,0.94644118,0,78.645276,5.3277944,255.39024,299.33551,287,0.49390244,5,-9679.5,257.85366,363380.47
6,0,2,5,-45.890125,304.50738,462.12515,0,0.32892205,0.93235038,0,145.67765,7.496258,412.93252,451.50378,441,0.4601227,5,-18951.046,412.93252,869786.92
6,0,2,6,-52.833018,282.47106,469.71405,0,0.36958192,0.91543514,0,46.275759,4.8992496,114.62264,147.26273,138,0.37106918,5,-6120.1604,115.16981,325238.75
6,0,2,7,-58.68513,259.03411,477.48599,0,0.41204044,0.89587956,0,311.127,12.187274,676.46835,702.15462,695,0.30379747,5,-39728.598,676.55696,2332989.1
6,0,2,8,-63.729946,234.46751,485.53973,0,0.45531761,0.87390123,0,7.9053109,3.0586233,15.17284,34.462582,29,0.21604938,5,-967.26852,15.17284,61667.374
6,0,2,9,-68.175394,208.86941,493.97992,0,0.49869739,0.84975121,0,298.94881,13.651966,509.3913,541.12773,532,0.34782609,5,-34749.668,509.3913,2370601.6
6,0,2,10,-72.171979,182.21752,502.92181,0,0.54163009,0.82371401,0,263.45549,13.602699,400.66456,427.95445,420,0.29746835,5,-28935.131,400.66456,2089675.3
6,0,2,11,-75.829219,154.3978,512.49698,0,0.58366969,0.79610766,0,-0.51912784,3.0134148,-0.70807453,16.893793,12,0.20496894,5,-175.31056,2.2981366,13373.656
6,0,2,12,-79.227928,125.21642,522.86045,0,0.62443383,0.76728362,0,45.17491,7.0250979,55.509434,74.515011,69,0.20754717,5,-4617.8506,58.232704,366198.21
6,0,2,13,-82.428859,94.399458,534.19989,0,0.66357753,0.73762685,0,178.03253,13.357965,197.89937,220.48076,214,0.25157233,5,-16443.09,199.31447,1356550.2
6,0,2,14,-85.478666,61.581672,546.7483,0,0.70077532,0.70755578,0,6.097255,4.415525,6.15625,19.875977,16,0.15625,5,-690.95,8.0625,59214.063
6,0,2,15,-88.414032,26.283649,560.8018,0,0.73570818,0.67752231,1,54.800319,8.0885046,50.466258,55.484605,54,0.055214724,4,-4461.1288,50.466258,394361.15
6,0,3,4,-27.989372,282.45515,475.58377,0,0.36880045,0.91358044,1,0,0,0,0,0,0,0,0,0,0
6,0,3,5,-35.91703,267.17146,483.46401,0,0.39603399,0.90002237,1,240.38311,10.449074,546.29193,563.89379,559,0.20496894,4,-19654.818,546.29193,707214.65
6,0,3,6,-42.961676,249.33845,491.49459,0,0.42730429,0.88375824,0,62.12184,6.0287482,128.48148,155.47005,148,0.31481481,5,-5619.7469,130.54321,241938.44
6,0,3,7,-49.213879,229.40688,499.77207,0,0.46139317,0.86497217,0,278.61176,12.506979,522.3125,549.75195,542,0.3125,5,-25727.481,522.3125,1267310.1
6,0,3,8,-54.791237,207.68165,508.4036,0,0.4972845,0.84388173,0,97.9518,8.0528583,166.22222,186.74691,181,0.2345679,5,-9109.9444,166.22222,499300.81
6,0,3,9,-59.810229,184.33243,517.50801,0,0.53414556,0.82073797,0,109.6233,9.0032579,168.44099,191.37676,185,0.26708075,5,-10207.949,170.67702,610538.86
6,0,3,10,-64.37426,159.41097,527.21943,0,0.571291,0.79582543,0,31.155111,5.6048824,43.4,60.96125,56,0.2,5,-2792.375,43.4,179668.53
6,0,3,11,-68.570524,132.8649,537.69323,0,0.60814609,0.76946212,0,269.35003,15.069906,340.79747,363.56305,357,0.25316456,5,-23385.801,340.79747,1604789.3
6,0,3,12,-72.470837,104.54432,549.11433,0,0.64421526,0.74199951,0,16.463933,4.8653246,18.962963,31.402835,28,0.14814815,5,-1488.3395,20.481481,108156.47
6,0,3,13,-76.133889,74.199311,561.70862,0,0.67905698,0.71382255,0,5.4743327,3.9607062,5.7546012,17.334581,14,0.12883436,5,-598.51074,7.8957055,45371.049
6,0,3,14,-79.607731,41.466915,575.75907,0,0.71226406,0.68534968,0,3.1962486,3.9079779,3.0754717,14.139907,11,0.12578616,5,-385.41509,4.8301887,30756.028
6,0,3,15,-82.932046,5.8448299,591.62884,0,0.74344777,0.65703278,0,21.749358,6.4597903,19.221311,32.591923,28,0.13934426,5,-1770.9447,21.319672,147107.89
6,0,4,5,-30.510548,222.19766,505.92959,0,0.47269732,0.8568733,1,0,0,0,0,0,0,0,0,0,0
6,0,4,6,-37.010108,207.50478,514.58785,0,0.49599682,0.84152074,0,141.38858,9.5678225,239.88344,263.5106,257,0.27607362,5,-8909.5383,239.88344,330935.73
6,0,4,7,-43.029767,190.43098,523.5955,0,0.52230272,0.82381197,0,113.55507,8.9660969,179.10692,199.9947,194,0.2327044,5,-7719.3553,179.10692,332718.1
6,0,4,8,-48.589474,171.17943,533.06688,0,0.55078983,0.80396457,0,164.24228,11.074272,239.7375,261.29578,255,0.23125,5,-11658.384,239.7375,566968.93
6,0,4,9,-53.729366,149.87374,543.13562,0,0.58070531,0.78222959,0,105.76481,9.2294733,142.46875,154.56484,151,0.13125,5,-7654.9609,142.46875,411325.54
6,0,4,10,-58.498262,126.54981,553.95863,0,0.61137447,0.75889157,0,88.133266,9.2701529,109.39873,132.40935,126,0.2721519,5,-6405.2737,109.39873,375042.79
6,0,4,11,-62.946455,101.15079,565.72283,0,0.64219442,0.73426852,0,8.800706,4.1606592,10.0625,22.630859,19,0.1375,5,-687.67969,10.90625,43361.494
6,0,4,12,-67.121813,73.520302,578.65535,0,0.6726221,0.7087119,0,224.9075,15.076322,236.975,252.34109,248,0.175,5,-15913.175,236.975,1068616.1
6,0,4,13,-71.06802,43.390087,593.03841,0,0.70216045,0.68260668,0,54.674474,8.2400201,53.151899,64.168944,61,0.12658228,5,-3780.9842,53.151899,268969.32
6,0,4,14,-74.824108,10.357888,609.23087,0,0.73034459,0.65637128,0,6.8697156,4.5961911,6.173913,17.062382,14,0.1242236,5,-517.86957,6.9565217,38553.783
6,0,5,5,-28.034324,171.4242,530.69716,0,0.55115235,0.80501333,1,0,0,0,0,0,0,0,0,0,0
6,0,5,6,-33.865909,158.76632,540.19689,0,0.56801599,0.79083278,1,0,0,0,0,0,0,0,0,0,0
6,0,5,7,-39.430987,143.6295,550.19399,0,0.58762779,0.77450911,0,13.76653,4.2121748,18.144654,30.822026,27,0.13836478,5,-727.80503,18.352201,28866.619
6,0,5,8,-44.713225,126.09894,560.81761,0,0.60936567,0.7562599,0,10.952398,4.3949415,13.592593,29.75037,25,0.17283951,5,-734.71296,16.333333,33050.188
6,0,5,9,-49.714391,106.20898,572.22432,0,0.6326139,0.73633622,0,44.240267,6.762966,51.493827,61.965402,59,0.11728395,5,-2561.8302,51.493827,127461.51
6,0,5,10,-54.448614,83.926534,584.60427,0,0.65677915,0.71502258,0,58.269359,8.1956851,63.436709,79.610679,75,0.1835443,5,-3450.5459,63.436709,187700.8
6,0,5,11,-58.937546,59.135269,598.19084,0,0.6812973,0.692637,0,21.509908,5.4652166,21.867925,30.871148,28,0.094339623,5,-1336.9355,22.685535,78793.761
6,0,5,12,-63.206745,31.617349,613.2749,0,0.70563368,0.66953095,0,5.1779666,3.6636427,4.9130435,12.083951,10,0.080745342,5,-347.69565,5.4782609,22069.821
6,0,6,5,-27.448295,114.5007,559.33051,0,0.62641463,0.74715551,1,0,0,0,0,0,0,0,0,0,0
6,0,6,6,-32.666116,102.93801,569.97983,0,0.63800533,0.73440741,1,0,0,0,0,0,0,0,0,0,0
6,0,6,7,-37.748653,88.8158,581.33471,0,0.65190217,0.71977665,0,58.763658,8.2619864,64.881988,83.214614,78,0.20496894,5,-2482.0885,65.857143,93556.262
6,0,6,8,-42.670988,72.114988,593.55427,0,0.6676354,0.70348079,0,33.181449,6.4420492,34.962963,46.075903,43,0.12962963,5,-1537.1296,36.024691,65589.597
6,0,6,9,-47.420452,52.770336,606.83585,0,0.68471194,0.6857709,0,-2.1966028,4.0286176,-2.2,16.28,11,0.20625,5,-180.45,3.8,8569.2375
6,0,6,10,-51.99443,30.650849,621.42549,0,0.70262909,0.66693151,0,54.276053,8.4771642,51.518519,64.74577,61,0.14814815,5,-2727.8827,52.493827,141762.09
6,0,6,11,-56.397994,5.5369179,637.63328,0,0.72088321,0.64728061,0,2.6232024,3.2161926,2.3553719,8.3394898,6,0.05785124,5,-163.58058,2.9173554,9173.5997
6,0,7,5,-28.149175,49.354954,594.12913,0,0.69475894,0.68661578,1,0,0,0,0,0,0,0,0,0,0
6,0,7,6,-32.848048,38.025341,606.41716,0,0.70185959,0.67556058,1,0,0,0,0,0,0,0,0,0,0
6,0,7,7,-37.491393,23.96819,619.71616,0,0.71075895,0.66293052,0,4.546446,3.7707596,4.2405063,12.369412,10,0.088607595,5,-184.91772,4.8860759,6999.7104
6,0,7,8,-42.05551,7.0634066,634.24131,0,0.72108879,0.64894317,0,24.89674,6.3044091,22.405797,32.19027,29,0.10144928,5,-980.67391,23.289855,41295.553
6,1,0,4,-98.401578,375.7819,468.44306,0,0.19395135,0.96634397,1,0,0,0,0,0,0,0,0,0,0
6,1,0,5,-96.731165,347.39752,475.42583,0,0.24648362,0.95194002,1,0,0,0,0,0,0,0,0,0,0
6,1,0,6,-96.284144,319.28765,482.58996,0,0.29863701,0.93464203,1,0,0,0,0,0,0,0,0,0,0
6,1,0,7,-96.515762,291.33851,490.01914,0,0.35005509,0.91463411,1,0,0,0,0,0,0,0,0,0,0
6,1,0,8,-97.165264,263.37992,497.80022,0,0.40047788,0.89213386,1,0,0,0,0,0,0,0,0,0,0
6,1,0,9,-98.09339,235.21327,506.02837,0,0.44968193,0.86739231,1,0,0,0,0,0,0,0,0,0,0
6,1,1,5,-72.938513,351.26385,498.30728,0,0.23699462,0.94522626,0,618.38792,12.555701,2466.3704,2507.7055,2496,0.46296296,5,-179931.64,2466.3704,13127078
6,1,1,6,-76.93426,323.34073,505.44176,0,0.28806782,0.9280585,0,26.640609,3.2728911,85.82716,111.17939,104,0.28395062,5,-6749.284,87.777778,518965.21
6,1,1,7,-80.244984,295.45284,512.91653,0,0.33863987,0.90820448,0,-1.3648355,1.388005,-3.6603774,13.857126,9,0.20754717,5,-143.53302,1.7798742,11575.246
6,1,1,8,-83.152056,267.48782,520.82667,0,0.38834643,0.8858818,0,288.48214,11.490956,658.075,687.10844,679,0.3375,5,-54737.631,658.075,4553052.7
6,1,1,9,-85.80595,239.27509,529.27513,0,0.43690838,0.86134151,0,296.73643,12.499613,585,607.2439,601,0.25,5,-50197.36,585,4307375.2
6,1,1,10,-88.294675,210.60669,538.37917,0,0.48408248,0.83486814,1,147.50336,9.6344756,254.39024,276.09161,270,0.24390244,4,-22479.183,254.68293,1984109.7
6,1,1,11,-90.673564,181.24031,548.2768,0,0.52963919,0.80677969,1,0,0,0,0,0,0,0,0,0,0
6,1,1,12,-92.979634,150.89358,559.13455,0,0.57335109,0.77742765,1,0,0,0,0,0,0,0,0,0,0
6,1,1,13,-95.239077,119.23213,571.15772,0,0.61498563,0.74719697,1,0,0,0,0,0,0,0,0,0,0
6,1,1,14,-97.471452,85.851013,584.60451,0,0.65429992,0.71650606,1,0,0,0,0,0,0,0,0,0,0
6,1,2,3,-31.652633,370.39478,505.63942,0,0.2009526,0.95039204,1,0,0,0,0,0,0,0,0,0,0
6,1,2,4,-43.616753,352.21877,513.13329,0,0.23357291,0.93936422,0,232.30009,7.7462702,934.24528,970.52866,960,0.39622642,5,-40800.005,934.24528,1781929
6,1,2,5,-52.686573,330.69674,520.59529,0,0.27227807,0.92538645,0,582.61155,13.206644,1980.1111,2014.679,2005,0.39506173,5,-104345.78,1980.1111,5498953.3
6,1,2,6,-59.748895,307.16953,528.22042,0,0.31435301,0.90860936,0,18.854363,3.0485333,54.496855,77.642775,71,0.25786164,5,-3309.805,55.509434,197354.67
6,1,2,7,-65.461241,282.34681,536.1671,0,0.35809982,0.88921704,0,-2.0941109,1.4675583,-5.2,13.28,8,0.20625,5,-26.5,0.4,1755.625
6,1,2,8,-70.258051,256.55517,544.57511,0,0.40243408,0.86742709,0,2.4493724,2.2277136,5.2795031,23.056595,18,0.19875776,5,-482.64907,6.8447205,34033.974
6,1,2,9,-74.421014,229.89645,553.58126,0,0.44661933,0.84349057,0,313.6076,13.166076,592.28302,618.29845,611,0.30188679,5,-44095.904,592.28302,3283048.5
6,1,2,10,-78.135458,202.333,563.33155,0,0.49011564,0.81769199,0,8.6504422,3.1524554,14.432099,27.661789,24,0.15432099,5,-1266.1265,16.259259,98597.201
6,1,2,11,-81.526571,173.72939,573.99186,0,0.53249479,0.79034937,0,13.521828,4.0931429,20.06962,36.908068,32,0.1835443,5,-1896.0807,23.183544,155076.47
6,1,2,12,-84.681508,143.86898,585.75909,0,0.57339164,0.76181418,0,27.901043,5.5262329,37.06962,53.908068,49,0.1835443,5,-3316.3291,39.126582,281092.43
6,1,2,13,-87.662882,112.4544,598.87465,0,0.61247468,0.73247138,0,85.664392,9.1512316,102.44785,119.77444,115,0.20245399,5,-9112.2929,103.87117,799403.39
6,1,2,14,-90.517132,79.095264,613.64236,0,0.64942716,0.70273939,1,0,0,0,0,0,0,0,0,0,0
6,1,2,15,-93.279865,43.282745,630.45376,0,0.68393376,0.67307012,1,0,0,0,0,0,0,0,0,0,0
6,1,3,4,-30.997808,309.26763,534.72909,0,0.30934029,0.90676997,1,0,0,0,0,0,0,0,0,0,0
6,1,3,5,-39.938184,293.77876,543.00718,0,0.33593478,0.89332493,0,0.77560299,1.4432619,2.0625,14.729883,11,0.1375,5,-145.9375,3.6875,5777.2461
6,1,3,6,-47.612644,275.34246,551.46413,0,0.36725957,0.87719895,0,77.025376,5.9111698,183.975,199.34109,195,0.175,5,-8768.7156,183.975,417968.16
6,1,3,7,-54.212441,254.61354,560.25829,0,0.40175296,0.85857614,0,193.65548,9.7746461,413.85625,436.3566,430,0.25625,5,-22441.989,413.85625,1217003
6,1,3,8,-59.947744,232.02846,569.55075,0,0.43817184,0.83767408,0,48.287802,5.5197256,92.314103,111.35154,106,0.22435897,5,-5543.7452,92.314103,332930.56
6,1,3,9,-65.004736,207.83213,579.50854,0,0.47554688,0.81474382,0,457.34707,16.588711,783.5625,807.75703,801,0.28125,5,-50964.403,783.5625,3314929.7
6,1,3,10,-69.534647,182.11414,590.31239,0,0.5131152,0.7900699,0,36.328659,5.4356927,55.937107,70.050473,66,0.1572327,5,-3896.3082,55.937107,271407.69
6,1,3,11,-73.655975,154.83682,602.1673,0,0.55025964,0.76397032,0,61.650876,7.0588133,85.594937,96.046387,93,0.11392405,5,-6303.2437,85.594937,464185.75
6,1,3,12,-77.460549,125.85057,615.31571,0,0.58646166,0.73679656,0,58.725936,7.4743297,73.779874,88.178039,84,0.1572327,5,-5830.8868,75.232704,451934.68
6,1,3,13,-81.019698,94.895858,630.05462,0,0.62126653,0.70893357,0,69.666306,8.3800682,79.496933,91.44296,88,0.12883436,5,-6466.7868,79.711656,524639.15
6,1,3,14,-84.389424,61.591592,646.75901,0,0.65425782,0.68079978,0,40.278481,6.916007,41.9125,51.790703,49,0.1125,5,-3554.7172,42.09375,300192.76
6,1,3,15,-87.614429,25.407436,665.91523,0,0.685038,0.65284709,0,3.8651744,3.2820231,3.6835443,9.7831085,8,0.069620253,5,-321.92722,3.6835443,28136.199
6,1,4,4,-25.298866,259.56836,557.84632,0,0.39368279,0.86324817,1,0,0,0,0,0,0,0,0,0,0
6,1,4,5,-33.101913,247.97447,566.99978,0,0.41146377,0.85054896,1,0,0,0,0,0,0,0,0,0,0
6,1,4,6,-40.255078,233.35781,576.45844,0,0.4337671,0.83533454,0,50.372777,5.5714029,97.00625,115.11629,110,0.20625,5,-4081.4187,101.125,164740.9
6,1,4,7,-46.753439,216.09282,586.36379,0,0.4595349,0.81778903,0,341.51984,14.12731,607.76923,632.06903,625,0.26923077,5,-28428.455,607.76923,1329827.1
6,1,4,8,-52.644693,196.4789,596.87958,0,0.48777305,0.79813001,0,56.619009,6.2773015,92.644172,105.50126,102,0.15337423,5,-4878.2929,92.644172,256891.12
6,1,4,9,-58.001087,174.71419,608.19203,0,0.51759294,0.77660853,0,4.1460691,3.1701506,6.2208589,22.624939,18,0.18404908,5,-429.90491,7.3619632,25108.466
6,1,4,10,-62.901087,150.88652,620.515,0,0.54821799,0.75350913,0,29.160513,5.4011583,40.080247,55.111759,51,0.17901235,5,-2561.3611,40.716049,161135.97
6,1,4,11,-67.419515,124.97127,634.09982,0,0.57897159,0.7291498,0,277.13337,15.274963,349.0184,370.06617,364,0.22699387,5,-23532.571,349.0184,1586725.6
6,1,4,12,-71.62334,96.827922,649.25036,0,0.60925765,0.70388204,0,47.993317,7.0320317,55.447205,66.002353,63,0.11801242,5,-3972.8307,55.447205,284661.11
6,1,4,13,-75.570626,66.189844,666.34471,0,0.63854007,0.67809078,0,39.30463,6.6947158,41.73913,50.543308,48,0.099378882,5,-3159.4348,41.73913,239158.46
6,1,4,14,-79.311052,32.64247,685.86681,0,0.66632339,0.65219447,0,38.548156,7.0922942,37.730769,48.190074,45,0.11538462,5,-3012.6202,37.942308,239206.59
6,1,5,5,-29.942503,196.24039,594.21638,0,0.48914805,0.79916867,1,0,0,0,0,0,0,0,0,0,0
6,1,5,6,-36.3318,184.0574,604.8775,0,0.50440108,0.78512626,0,68.598936,7.1533802,106.77778,123.97942,119,0.18518519,5,-3952.3241,108.40741,144112.02
6,1,5,7,-42.359027,169.15895,616.17806,0,0.52279618,0.76896586,0,157.57999,10.667189,231.77987,246.17804,242,0.1572327,5,-9830.7437,231.77987,417000.15
6,1,5,8,-48.010354,151.68169,628.29355,0,0.54361462,0.75090503,0,3.7485297,3.2523442,5.1779141,20.182769,16,0.17177914,5,-300.71779,6.2699387,14424.416
6,1,5,9,-53.297166,131.70807,641.43657,0,0.56614606,0.73119484,0,71.659174,7.9611513,92.55,105.72094,102,0.15,5,-4962.65,93.125,264470.76
6,1,5,10,-58.24654,109.24458,655.86458,0,0.58971206,0.71011982,0,15.053043,4.7022169,18.126582,32.061849,28,0.15189873,5,-1227.8481,21.063291,71576.668
6,1,5,11,-62.893741,84.203149,671.89314,0,0.61367555,0.68799797,0,53.451476,7.6129525,59.925,72.845531,69,0.1375,5,-3772.4219,59.9875,237246.07
6,1,5,12,-67.277056,56.381273,689.91634,0,0.6374406,0.66518077,0,18.561659,5.4936822,19.369427,32.864498,29,0.15286624,5,-1518.7787,22.579618,102159.64
6,1,5,13,-71.434657,25.435505,710.43779,0,0.660446,0.64205318,0,8.2930662,4.8193467,8.0621118,21.950465,18,0.1552795,5,-628.70497,8.8322981,44755.754
6,1,6,5,-29.048865,138.55091,626.69852,0,0.56330829,0.74189712,1,0,0,0,0,0,0,0,0,0,0
6,1,6,6,-34.726185,127.6878,638.9143,0,0.57293379,0.72928717,1,3.1225429,2.0516827,3.9746835,6.8203813,6,0.03164557,2,-141,3.9746835,5002.1535
6,1,6,7,-40.217033,114.07925,652.05173,0,0.58515802,0.71481967,0,55.829153,7.2216002,68.2,77.824,75,0.1030303,5,-2749.85,68.2,110882.66
6,1,6,8,-45.492406,97.728443,666.32248,0,0.59945926,0.69871219,0,51.572253,7.4416641,60.111111,75.234568,71,0.17283951,5,-2735.6389,60.111111,124508.31
6,1,6,9,-50.540343,78.593758,681.99178,0,0.61528489,0.6812158,0,1.6108308,2.9149325,1.7834395,10.415352,8,0.10191083,5,-90.898089,1.7834395,4634.1879
6,1,6,10,-55.362325,56.564667,699.3929,0,0.63207051,0.66261502,0,-0.57234185,2.5666907,-0.6,7.24,5,0.0875,5,-77.05,1.4,4240.8875
6,1,6,11,-59.969549,31.434688,718.94904,0,0.64925211,0.64322787,0,16.590649,5.1004365,16.436709,25.533929,23,0.10759494,5,-1050.0934,17.525316,62921.773
6,1,7,5,-29.639964,72.856015,667.44436,0,0.62993791,0.68205027,1,0,0,0,0,0,0,0,0,0,0
6,1,7,6,-34.721403,62.352711,681.83824,0,0.6348386,0.67113322,1,9.2877558,3.2158707,9.81875,11.558141,11,0.01875,2,-347.21719,9.81875,12278.954
6,1,7,7,-39.720033,48.976413,697.57417,0,0.64173406,0.65866642,0,20.441653,5.1793242,20.981013,28.259668,26,0.082278481,5,-835.68829,20.981013,33289.973
6,1,7,8,-44.607449,32.610968,714.94062,0,0.65022632,0.64486745,0,4.4480512,3.1779055,4.4113924,9.9333056,8,0.056962025,5,-232.71203,5.2025316,10409.882
6,1,7,9,-49.365727,13.080566,734.30725,0,0.65987342,0.62998736,0,51.417329,8.2278889,49.088608,61.704842,58,0.13924051,5,-2563.4494,51.924051,126558.71
6,2,1,5,-92.403867,373.66585,561.79639,0,0.18900935,0.92419404,1,0,0,0,0,0,0,0,0,0,0
6,2,1,6,-92.78924,343.62076,568.67009,0,0.2413917,0.90744071,1,0,0,0,0,0,0,0,0,0,0
6,2,1,7,-93.689466,314.14701,576.19011,0,0.29247553,0.88807649,1,0,0,0,0,0,0,0,0,0,0
6,2,1,8,-94.876634,284.92081,584.4416,0,0.34220653,0.86631895,1,0,0,0,0,0,0,0,0,0,0
6,2,1,9,-96.245154,255.65799,593.53457,0,0.39045867,0.84241915,1,0,0,0,0,0,0,0,0,0,0
6,2,1,10,-97.740103,226.08036,603.60623,0,0.43707078,0.81666163,1,0,0,0,0,0,0,0,0,0,0
6,2,2,5,-66.721289,360.8524,586.97898,0,0.20816019,0.90483391,0,8.0704477,1.6782216,35.080745,53.215848,48,0.19875776,5,-2355.2096,35.310559,157100.76
6,2,2,6,-72.552281,334.78062,594.58614,0,0.25247164,0.88847125,0,375.03801,10.38971,1319.7938,1336.8062,1332,0.19375,5,-95784.405,1319.7938,6951815.8
6,2,2,7,-77.083055,307.76945,602.74094,0,0.29788872,0.86956873,0,153.54731,7.3841651,448.22086,464.62494,460,0.18404908,5,-34556.828,448.22086,2664331
6,2,2,8,-80.849954,280.13116,611.63219,0,0.34334062,0.84834392,0,-1.7116764,1.1939871,-4.2292994,8.7034768,5,0.14649682,5,-79.738854,0.99363057,6399.043
6,2,2,9,-84.14163,251.90699,621.43228,0,0.38816891,0.82504789,0,143.19176,8.4597801,304.3522,323.32178,318,0.22012579,5,-25626.903,304.3522,2157872
6,2,2,10,-87.124629,222.9961,632.32423,0,0.43190924,0.79996516,0,5.6191913,2.7950129,10.407643,26.799383,22,0.17834395,5,-906.66879,10.407643,78991.15
6,2,2,11,-89.901401,193.20635,644.5199,0,0.47419218,0.77341374,1,2.6019102,1.7433712,4.24375,8.0852734,7,0.04375,1,-376.63281,4.24375,33426.162
6,2,2,12,-92.538704,162.27009,658.27691,0,0.51469415,0.7457451,1,0,0,0,0,0,0,0,0,0,0
6,2,2,13,-95.082415,129.84075,673.91862,0,0.55311047,0.7173442,1,0,0,0,0,0,0,0,0,0,0
6,2,2,14,-97.565727,95.475488,691.86092,0,0.589139,0.68862947,1,0,0,0,0,0,0,0,0,0,0
6,2,3,3,-26.8274,351.45446,593.36435,0,0.22356617,0.89702755,1,0,0,0,0,0,0,0,0,0,0
6,2,3,4,-38.902929,340.61905,602.48166,0,0.24084203,0.88667782,0,100.06589,5.336276,368.4,385.96125,381,0.2,5,-14349.863,368.4,559012.53
6,2,3,5,-48.77384,324.76074,611.44207,0,0.26654295,0.87357187,0,368.92261,10.705949,1209.1125,1231.1564,1225,0.25625,5,-59038.878,1209.1125,2882990.2
6,2,3,6,-56.75045,305.26978,620.54348,0,0.29799556,0.85786032,0,763.53615,16.413887,2198.044,2232.7313,2223,0.40251572,5,-124796,2198.044,7085769.9
6,2,3,7,-63.281006,283.19462,630.07382,0,0.33302447,0.8397273,0,-1.1750709,1.2320746,-2.962963,9.6515775,6,0.13580247,5,-85.990741,1.3703704,5395.919
6,2,3,8,-68.757804,259.1967,640.29465,0,0.37002946,0.81939038,0,106.94953,7.1940486,236.82822,253.7791,249,0.19018405,5,-16288.314,236.82822,1120302.4
6,2,3,9,-73.475732,233.62923,651.45346,0,0.40785875,0.79710062,0,66.340149,6.0826942,129.65217,141.31839,138,0.13043478,5,-9530.323,129.65217,700571.25
6,2,3,10,-77.645431,206.62242,663.80385,0,0.4456648,0.77314254,0,281.35364,13.040701,488.09434,511.80479,505,0.26415094,5,-37892.322,488.09434,2941765.2
6,2,3,11,-81.415959,178.14218,677.62705,0,0.48279484,0.74783416,0,42.389734,5.5762211,65.660377,74.604553,72,0.10062893,5,-5344.6132,65.660377,435052.04
6,2,3,12,-84.893841,148.02128,693.25515,0,0.51871671,0.72152695,0,101.14549,9.11774,140.69182,160.84925,155,0.22012579,5,-11948.684,140.73585,1014477.4
6,2,3,13,-88.156713,115.96782,711.09887,0,0.5529699,0.69460587,1,11.750898,3.5077654,14.760736,19.414893,18,0.049079755,4,-1301.2423,14.760736,114714.42
6,2,3,14,-91.262611,81.553746,731.68458,0,0.58513252,0.66748933,1,0,0,0,0,0,0,0,0,0,0
6,2,3,15,-94.256237,44.182163,755.70746,0,0.61479777,0.64062925,1,0,0,0,0,0,0,0,0,0,0
6,2,4,4,-30.273802,288.3458,627.41204,0,0.32505027,0.84427528,1,0,0,0,0,0,0,0,0,0,0
6,2,4,5,-39.04722,277.49855,637.84149,0,0.34037255,0.83191515,0,40.141509,4.2968269,98.111111,110.29218,107,0.14814815,5,-3838.287,98.111111,150182.76
6,2,4,6,-46.851597,262.98563,648.58459,0,0.36115611,0.81711517,0,30.967399,4.013887,70.063694,82.472068,79,0.14649682,5,-3285.9777,70.063694,154125.97
6,2,4,7,-53.728424,245.36827,659.86474,0,0.38604437,0.80005945,0,187.28829,9.7912594,388.1465,411.76287,405,0.26751592,5,-20866.578,388.1465,1121841.9
6,2,4,8,-59.793343,225.11242,671.93522,0,0.41377272,0.78096557,0,179.5934,10.132015,338.96933,365.70567,358,0.28834356,5,-20273.475,338.96933,1212589.8
6,2,4,9,-65.183136,202.53998,685.07454,0,0.4432431,0.76008459,0,3.9610168,2.5772614,6.7924528,19.532455,16,0.1509434,5,-588.02987,9.0125786,38366.384
6,2,4,10,-70.027602,177.8186,699.59339,0,0.4735303,0.73770103,0,46.024231,5.7618759,71.7,80.573648,78,0.1,5,-5033.1375,71.7,353326.38
6,2,4,11,-74.43876,150.96628,715.85082,0,0.50385648,0.71413291,0,27.910857,4.7900158,39.559006,46.091229,44,0.068322981,5,-2942.073,39.559006,218818.04
6,2,4,12,-78.509132,121.85517,734.27914,0,0.53355666,0.6897317,0,33.725764,5.8373836,43.597484,56.942397,53,0.14465409,5,-3439.5409,43.823899,269962.4
6,2,4,13,-82.313828,90.205427,755.41943,0,0.56204547,0.66488234,0,-1.2521461,2.5631516,-1.48125,9.1938047,6,0.11875,5,-73.014063,0.88125,6049.4738
6,2,5,4,-26.942409,232.21719,656.80418,0,0.40817914,0.79337513,1,0,0,0,0,0,0,0,0,0,0
6,2,5,5,-34.418471,224.09604,668.73083,0,0.41657575,0.78197392,1,4.2414278,1.7532074,7.9617834,10.830865,10,0.031847134,1,-280.65287,7.9617834,9893.0135
6,2,5,6,-41.434873,212.63789,681.2695,0,0.42944008,0.76834595,0,3.0375815,2.5079168,5.4347826,20.134216,16,0.16770186,5,-318.82609,7.7391304,13138.005
6,2,5,7,-47.936974,198.06844,694.62164,0,0.4459734,0.75267533,0,22.734562,4.2671348,38.369427,51.864498,48,0.15286624,5,-1890.1911,39.375796,90743.257
6,2,5,8,-53.92425,180.60202,709.04104,0,0.46531782,0.73517965,0,21.695905,4.2490139,34.278481,45.067544,42,0.12658228,5,-1850.8892,34.278481,99945.734
6,2,5,9,-59.431318,160.39541,724.83664,0,0.48662291,0.71610995,0,23.168351,4.7042824,34.09434,47.924884,44,0.1572327,5,-2035.8302,34.264151,120963.72
6,2,5,10,-64.511129,137.51452,742.38247,0,0.50908426,0.69575078,0,3.3475499,2.5454695,4.575,12.102188,10,0.0875,5,-308.67188,4.7375,20112.734
6,2,5,11,-69.223089,111.90958,762.13755,0,0.5319581,0.67442013,0,4.9370764,3.2766029,6.2592593,17.256543,14,0.11728395,5,-576.08333,8.3333333,39826.41
6,2,6,4,-26.349973,171.70699,693.19738,0,0.48521786,0.73669042,1,0,0,0,0,0,0,0,0,0,0
6,2,6,5,-32.772726,164.97541,706.95759,0,0.48853319,0.72646121,1,0,0,0,0,0,0,0,0,0,0
6,2,6,6,-38.988666,155.15785,721.72043,0,0.49530837,0.7142657,0,8.2564026,3.1454419,11.90625,20.574609,18,0.09375,5,-513.19531,13.15625,20021.682
6,2,6,7,-44.936964,142.29059,737.71751,0,0.50503985,0.70028799,0,11.773518,3.6504407,16.325153,25.620799,23,0.10429448,5,-804.85123,17.895706,36200.444
6,2,6,8,-50.586119,126.40132,755.24943,0,0.51714034,0.68474565,0,28.495765,5.3103917,37.73125,49.441867,46,0.13125,5,-1920.6703,37.88125,97387.033
6,2,7,4,-27.374063,104.27957,740.38123,0,0.55272442,0.67753709,1,0,0,0,0,0,0,0,0,0,0
6,2,7,5,-32.991414,98.008904,756.70273,0,0.55191445,0.66869299,1,0,0,0,0,0,0,0,0,0,0
6,3,2,6,-96.333141,374.86702,676.09448,0,0.17125324,0.85603857,1,0,0,0,0,0,0,0,0,0,0
6,3,2,7,-96.686382,342.51812,683.96093,0,0.22191996,0.83795236,1,0,0,0,0,0,0,0,0,0,0
6,3,2,8,-97.612007,311.07376,693.25506,0,0.27030988,0.81766945,1,0,0,0,0,0,0,0,0,0,0
6,3,2,9,-98.851125,279.9439,704.07001,0,0.31667403,0.79544091,1,0,0,0,0,0,0,0,0,0,0
6,3,3,5,-67.786703,372.69698,697.68485,0,0.17142452,0.84178091,0,250.78888,7.2166403,1231.5,1255.8056,1249,0.27777778,6,-83537.042,1231.5,5667015.6
6,3,3,6,-74.468692,349.82924,707.35823,0,0.20571531,0.82676009,0,3.0356167,1.2321039,12.2,24.52,21,0.1375,6,-1102.7,14.8,82162.625
6,3,3,7,-79.483246,324.24733,717.61284,0,0.24361397,0.80944339,0,311.36502,9.8256468,1034.5562,1065.8372,1057,0.35625,5,-82232.992,1034.5562,6536635.1
6,3,3,8,-83.535554,297.04412,728.93375,0,0.28291012,0.79004837,0,26.856911,3.2702264,75,83.4,81,0.090909091,5,-6274.65,75,524959.99
6,3,3,9,-87.009804,268.66323,741.70044,0,0.32231628,0.7688261,0,35.698995,4.0815719,85.153374,94.786535,92,0.11042945,5,-7415.6534,85.153374,645812.37
6,3,3,10,-90.123022,239.20207,756.27275,0,0.36100922,0.7460611,1,0,0,0,0,0,0,0,0,0,0
6,3,4,3,-29.75012,333.33273,701.62126,0,0.23291331,0.82311471,1,0,0,0,0,0,0,0,0,0,0
6,3,4,4,-41.248073,329.90988,714.60434,0,0.23545113,0.81378462,0,123.32172,6.0796453,426.23418,441.5439,437,0.17088608,5,-17626.467,426.23418,729020.59
6,3,4,5,-51.154046,320.51813,727.40027,0,0.24710406,0.80198963,0,104.61133,5.8433306,339.52174,359.66541,354,0.22981366,5,-17398.033,339.52174,891605.42
6,3,4,6,-59.416672,306.02573,740.30529,0,0.26611444,0.78788038,0,3.6207006,1.5995753,10.719745,22.428131,19,0.12738854,5,-713.57962,11.961783,42570.483
6,3,4,7,-66.271065,287.48214,753.7465,0,0.29041083,0.77164098,0,0.35031773,1.0789263,0.93081761,8.2184233,6,0.081761006,5,-201.60849,3.0503145,13325.867
6,3,4,8,-72.030531,265.78222,768.19475,0,0.31810363,0.753489,0,92.269291,6.4435668,218.55738,232.95351,228,0.14754098,5,-15757.107,218.55738,1136070.2
6,3,5,3,-25.590208,270.34211,733.93484,0,0.32225047,0.77386715,1,0,0,0,0,0,0,0,0,0,0
6,3,5,4,-34.669252,268.95454,748.62771,0,0.31967096,0.76528289,1,0.99405849,0.91053186,2.3797468,4.7514693,4,0.025316456,2,-126.72152,3.5949367,4466.9335
6,3,5,5,-43.168409,263.17553,763.83714,0,0.32332963,0.75444682,0,64.872369,5.5274136,151.37107,166.34516,162,0.16352201,5,-6548.3208,151.37107,283307.15
6,-5,0,-4,-84.932826,542.07788,13.491169,1,0.10682728,0.80834262,0,417.44466,7.537237,3158.728,3252.7522,3227,1.119213,10,-268192.67,3159.3885,22768030
6,-5,1,-6,-94.750704,658.6718,18.793375,1,0.29543007,0.77736448,1,0,0,0,0,0,0,0,0,0,0
6,-5,2,-8,-93.9585,764.55144,7.6678258,1,0.4445597,0.72901,1,0,0,0,0,0,0,0,0,0,0
6,-4,-1,-8,-40.759367,607.89986,16.222962,1,0.21443295,0.7931562,0,54.983883,4.0083981,203.37736,219.82449,215,0.17610063,5,-8292.7123,203.37736,338177.17
6,-4,-1,-7,-38.621143,573.23946,31.984589,1,0.16069819,0.81265317,0,91.098698,4.373932,460.6875,489.25195,481,0.3125,7,-17848.562,460.6875,691652.07
6,-4,-1,-6,-32.601126,534.09133,45.053425,1,0.096720745,0.83005824,1,0,0,0,0,0,0,0,0,0,0
6,-4,0,-10,-60.240736,710.76242,12.987774,1,0.37178454,0.75395063,0,90.163037,6.9234147,182.84375,197.12598,193,0.15625,5,-11015.633,182.84375,663679.79
6,-4,0,-9,-63.355188,679.71403,33.364095,1,0.33235463,0.7770697,0,10.930174,2.4613259,25.555556,33.117284,31,0.086419753,5,-1617.5,25.555556,102381.38
6,-4,0,-8,-66.828556,650.7331,51.184687,1,0.29216472,0.79860878,0,82.40764,5.6377256,225.25466,237.47641,234,0.13664596,5,-15029.947,225.25466,1002913.6
6,-4,0,-7,-70.871989,623.73282,66.911292,1,0.25198148,0.81828333,0,34.232243,3.5017653,111.16561,129.3136,124,0.19745223,5,-7879.3455,111.16561,558505.32
6,-4,0,-6,-75.857327,598.92886,80.933093,1,0.21299071,0.83584229,0,81.334438,4.6685639,319.18182,335.65565,331,0.18181818,5,-24194.705,319.18182,1834086.8
6,-4,0,-5,-82.467074,577.05378,93.612918,1,0.17721885,0.8510681,0,1.468161,1.128289,7.0506329,29.359558,23,0.25316456,6,-796.15032,9.6392405,65762.346
6,-4,0,-4,-91.928813,559.7558,105.34044,1,0.14828118,0.86377663,1,0,0,0,0,0,0,0,0,0,0
6,-4,1,-11,-70.769883,785.94502,19.977928,1,0.47772279,0.72479179,0,63.307023,6.8314564,96.048193,107.42397,104,0.12048193,5,-6838.3825,96.638554,483911.81
6,-4,1,-10,-74.878393,754.05005,42.648203,1,0.44448911,0.74892424,0,23.297845,4.2142163,39.254777,50.41818,47,0.12101911,5,-2941.2564,39.254777,220385.84
6,-4,1,-9,-79.422266,725.23622,62.423136,1,0.41097868,0.77181838,0,2.00346,2.2610714,3.7625,18.031016,14,0.1625,5,-382.9375,4.85,30236.291
6,-4,1,-8,-84.542817,699.28966,79.857084,1,0.37796003,0.7931562,0,69.129534,6.0634723,145.06962,161.90807,157,0.1835443,5,-12265.71,145.06962,1037093.6
6,-4,1,-7,-90.423282,676.20774,95.389849,1,0.34639654,0.81265317,1,0,0,0,0,0,0,0,0,0,0
6,-4,1,-6,-97.289755,656.2079,109.38186,1,0.31751524,0.83005824,1,0,0,0,0,0,0,0,0,0,0
6,-4,2,-9,-90.255512,777.32633,86.140314,1,0.49401848,0.75636585,1,0,0,0,0,0,0,0,0,0,0
6,-4,2,-8,-95.700815,752.89485,103.42769,1,0.46675398,0.77709991,1,0,0,0,0,0,0,0,0,0,0
6,-3,-2,-11,-28.906558,732.05667,15.567825,1,0.40318411,0.7463185,1,0,0,0,0,0,0,0,0,0,0
6,-3,-2,-10,-28.130813,697.73369,37.182314,1,0.36100477,0.77155126,1,0,0,0,0,0,0,0,0,0,0
6,-3,-2,-9,-26.559294,665.19175,55.941603,1,0.31667403,0.79544091,1,0,0,0,0,0,0,0,0,0,0
6,-3,-1,-12,-43.642701,773.98215,30.377487,1,0.46647299,0.73442843,0,36.468926,5.1296399,57.417722,65.225845,63,0.088607595,5,-2511.6234,57.417722,109875.55
6,-3,-1,-11,-44.942368,737.53336,53.070092,1,0.42531108,0.76146967,0,20.588689,3.7615473,36.861635,45.35497,43,0.10062893,5,-1697.8066,37.779874,76303.251
6,-3,-1,-10,-46.047686,703.39957,72.719442,1,0.38185346,0.78744825,0,103.768,7.3872875,213.98765,232.07085,227,0.20987654,5,-9861.0586,213.98765,454450.12
6,-3,-1,-9,-46.889147,670.99419,89.880581,1,0.33625535,0.8120127,0,30.79174,4.0036024,74.358025,93.473632,88,0.20987654,5,-3553.8194,75.771605,166692.28
6,-3,-1,-8,-47.34562,639.8102,104.97491,1,0.28860407,0.83484501,0,324.39142,10.71346,938.36709,960.43126,954,0.24050633,5,-44440.408,938.36709,2104835
6,-3,-1,-7,-47.188694,609.35579,118.32358,1,0.23886202,0.85566064,0,4.8490272,1.6475723,17.37037,34.833562,30,0.2037037,5,-938.23148,19.814815,44428.183
6,-3,-1,-6,-45.931101,579.04196,130.16446,1,0.1867031,0.87420855,0,170.43268,6.1330166,798.02484,824.66078,817,0.29192547,5,-36652.118,798.02484,1683573.9
6,-3,-1,-5,-42.291469,547.8359,140.64088,1,0.13090613,0.89027115,0,34.141941,2.401619,232.19375,266.76746,257,0.39375,7,-9831.5953,232.19375,416393.04
6,-3,-1,-4,-30.877972,512.02003,149.61864,1,0.065256323,0.90366433,1,0,0,0,0,0,0,0,0,0,0
6,-3,0,-12,-56.950421,792.10905,63.206836,1,0.5041147,0.73930702,0,135.17162,9.8798372,198.23529,209.93773,206,0.11764706,5,-11279.868,198.23529,641868.48
6,-3,0,-11,-59.61556,756.32855,84.375282,1,0.46424855,0.76662054,0,82.135698,7.3526944,135.6319,147.41879,144,0.13496933,5,-8083.908,135.6319,481832.71
6,-3,0,-10,-62.425248,723.15826,102.81753,1,0.42261002,0.79284773,0,57.013879,5.8998343,106.96226,122.51228,118,0.16981132,5,-6674.9921,106.96226,416571.16
6,-3,0,-9,-65.449392,692.11292,119.04074,1,0.37954202,0.81763711,0,173.98152,9.2554924,374.80368,397.55802,391,0.24539877,5,-24505.511,374.80368,1602287
6,-3,0,-8,-68.795627,662.85174,133.43846,1,0.33544219,0.84067067,0,66.662826,5.4260363,167.06748,184.91912,180,0.20858896,5,-11486.058,167.06748,789702.91
6,-3,0,-7,-72.639452,635.17568,146.32436,1,0.29081996,0.86166389,0,31.279397,3.5619488,92.677019,111.37884,106,0.20496894,5,-6728.0606,92.677019,488456.32
6,-3,0,-6,-77.285502,609.06476,157.95833,1,0.24641147,0.8803657,0,353.1177,10.064457,1261.6,1292.96,1284,0.33939394,5,-97483.2,1261.6,7532711
6,-3,0,-5,-83.298288,584.79315,168.57074,1,0.20342988,0.89655852,0,102.97327,4.9377992,453.825,473.58141,468,0.225,5,-37797.144,453.825,3148054.3
6,-3,0,-4,-91.779304,563.21578,178.39323,1,0.16413342,0.91005825,1,0,0,0,0,0,0,0,0,0,0
6,-3,1,-11,-71.767917,786.78406,110.85016,1,0.51679001,0.76146967,0,30.920237,5.0188833,45.559748,54.687894,52,0.10062893,5,-3269.0031,45.559748,234565.05
6,-3,1,-10,-75.673784,754.6855,128.59783,1,0.47884113,0.78744825,0,92.869191,7.8908204,152.72222,168.3858,164,0.17901235,5,-11585.333,153.22222,875996.8
6,-3,1,-9,-79.985342,725.23412,144.29807,1,0.44027127,0.8120127,0,30.697751,4.8757772,56.617284,80.867246,74,0.27160494,5,-4701.4907,58.753086,376223.97
6,-3,1,-8,-84.840009,698.18323,158.32807,1,0.40169366,0.83484501,0,326.94046,12.715479,679.48447,698.37263,693,0.21118012,5,-57647.936,679.48447,4890990.8
6,-3,1,-7,-90.425274,673.46132,170.99084,1,0.36388861,0.85566064,1,0,0,0,0,0,0,0,0,0,0
6,-3,1,-6,-96.992918,651.19386,182.53777,1,0.32789063,0.87420855,1,0,0,0,0,0,0,0,0,0,0
6,-3,2,-9,-90.262687,767.98771,166.32994,1,0.51168809,0.79544091,1,0,0,0,0,0,0,0,0,0,0
6,-3,2,-8,-95.536632,742.51969,180.20545,1,0.47874671,0.81766945,1,0,0,0,0,0,0,0,0,0,0
6,-2,-2,-11,-32.332432,758.48206,102.02654,1,0.47419218,0.77341374,1,0,0,0,0,0,0,0,0,0,0
6,-2,-2,-10,-31.997243,725.34271,119.63656,1,0.43190924,0.79996516,1,0,0,0,0,0,0,0,0,0,0
6,-2,-2,-9,-31.098855,694.28533,135.17508,1,0.38816891,0.82504789,1,0,0,0,0,0,0,0,0,0,0
6,-2,-2,-8,-29.427457,664.96223,149.00783,1,0.34334062,0.84834392,1,0,0,0,0,0,0,0,0,0,0
6,-2,-2,-7,-26.653715,637.15594,161.42655,1,0.29788872,0.86956873,1,0,0,0,0,0,0,0,0,0,0
6,-2,-1,-12,-45.216546,791.21124,115.6006,1,0.52462018,0.76087889,0,114.81937,9.1462214,166.5274,175.96427,173,0.10273973,5,-7521.0223,166.5274,339700.42
6,-2,-1,-11,-46.519174,755.42009,133.8753,1,0.48185887,0.78936438,0,113.67058,8.8055741,186.21118,208.08017,202,0.25465839,5,-8672.2919,186.21118,403913.61
6,-2,-1,-10,-47.659489,721.9619,149.9339,1,0.43707078,0.81666163,0,63.152657,6.3415172,118,140.4,134,0.24242424,5,-5626.6,118,268303.77
6,-2,-1,-9,-48.586785,690.31942,164.17865,1,0.39045867,0.84241915,0,79.773288,6.507319,172.1118,197.11084,190,0.27950311,5,-8378.4503,172.1118,407884.6
6,-2,-1,-8,-49.217761,660.0702,176.92207,1,0.34220653,0.86631895,0,8.2037285,2.6856756,20.768293,46.225982,39,0.2804878,5,-1127.3506,22.902439,55493.657
6,-2,-1,-7,-49.407907,630.85535,188.41083,1,0.29247553,0.88807649,0,189.06149,8.0513496,574.06875,597.66668,591,0.26875,5,-28371.705,574.06875,1402274.5
6,-2,-1,-6,-48.885749,602.35219,198.84206,1,0.2413917,0.90744071,0,280.26044,8.7616594,1053.5563,1084.8372,1076,0.35625,5,-51523.08,1053.5563,2519860.1
6,-2,-1,-5,-47.078278,574.23971,208.37427,1,0.18900935,0.92419404,0,25.811037,2.5595533,126.20755,156.63475,148,0.34591195,5,-5950.1085,126.20755,280546.63
6,-2,-1,-4,-42.536229,546.11922,217.13212,1,0.13518097,0.93815237,0,1470.998,14.605218,10208.688,10273.814,10255,0.7125,5,-435214.42,10208.688,18556033
6,-2,-1,-3,-30.19593,517.14584,225.19248,1,0.078862537,0.94916505,1,0,0,0,0,0,0,0,0,0,0
6,-2,0,-11,-59.768878,765.82884,161.36654,1,0.50684197,0.79478174,0,93.205616,8.0633645,146.15625,159.87598,156,0.15625,5,-8731.8203,146.15625,521681.76
6,-2,0,-10,-62.343711,732.72324,176.41807,1,0.4624734,0.8223276,0,69.536697,6.7732258,123.64375,145.04652,139,0.24375,5,-7697.8391,123.64375,479270.62
6,-2,0,-9,-65.075335,701.56756,189.84843,1,0.4165406,0.84831006,0,34.814208,4.5601216,70.901235,86.247676,82,0.17901235,5,-4618.2315,70.901235,300835.68
6,-2,0,-8,-68.040957,671.99047,201.94339,1,0.36932111,0.87241111,0,122.37917,7.4359006,289.08434,308.53273,303,0.21084337,5,-19688.307,289.08434,1340933
6,-2,0,-7,-71.364922,643.71609,212.93168,1,0.32113351,0.89434622,0,10.383127,2.4362549,28.916667,46.034722,41,0.18589744,5,-2087.8125,29.25,149032.45
6,-2,0,-6,-75.261981,616.56813,223.00105,1,0.272386,0.91386435,0,124.90415,6.3002625,419.05769,446.79795,439,0.32692308,5,-31536.463,419.05769,2373355.9
6,-2,0,-5,-80.135522,590.51044,232.31134,1,0.22368606,0.9307479,0,807.42151,14.026032,3359.6456,3406.0884,3393,0.53797468,5,-269200.27,3359.6456,21570873
6,-2,0,-4,-86.824098,565.77838,241.00859,1,0.17612184,0.94481277,0,248.96703,6.9523622,1335.5938,1391.0088,1375,0.60625,5,-115953.65,1335.5938,10067104
6,-2,0,-3,-97.270942,543.28678,249.24886,1,0.13208236,0.95590833,1,0,0,0,0,0,0,0,0,0,0
6,-2,1,-11,-71.071749,788.62875,185.62587,1,0.54732401,0.78936438,0,107.2868,9.124586,154.73171,173.17787,168,0.20731707,5,-10999.244,154.73171,781908.78
6,-2,1,-10,-74.675604,756.21795,200.05343,1,0.50566869,0.81666163,0,64.105512,7.00798,103.53125,128.09668,121,0.26875,5,-7901.9453,105.84375,589941.18
6,-2,1,-9,-78.631687,726.14213,212.9955,1,0.46305756,0.84241915,0,90.604352,7.5834326,164.8323,190.33479,183,0.27950311,5,-12962.227,164.8323,1019362.3
6,-2,1,-8,-83.065286,698.1117,224.72435,1,0.41995714,0.86631895,0,14.561221,3.3672689,30.037975,48.250441,43,0.20253165,5,-2701.1677,32.468354,224724.42
6,-2,1,-7,-88.15488,671.97655,235.46014,1,0.37695489,0.88807649,1,197.68853,9.4063645,465.73885,491.0951,484,0.29936306,4,-41061.005,465.73885,3620098
6,-2,1,-6,-94.157752,647.74565,245.38601,1,0.33483932,0.90744071,1,0,0,0,0,0,0,0,0,0,0
6,-2,2,-10,-84.117207,790.97601,221.54783,1,0.56203693,0.79996516,0,4.8278417,3.3390286,6.8716216,22.586696,18,0.18243243,5,-827.59966,9.8175676,69765.451
6,-2,2,-9,-88.633498,761.89109,234.22563,1,0.52402648,0.82504789,1,134.73955,9.5807581,212.13924,227.53677,223,0.16455696,3,-18932.051,213.64557,1677660.8
6,-2,2,-8,-93.617525,735.33868,245.76479,1,0.48621,0.84834392,1,0,0,0,0,0,0,0,0,0,0
6,-1,-2,-11,-33.368241,780.7384,174.28993,1,0.53249479,0.79034937,1,0,0,0,0,0,0,0,0,0,0
6,-1,-2,-10,-33.159869,748.14843,189.05523,1,0.49011564,0.81769199,1,0,0,0,0,0,0,0,0,0,0
6,-1,-2,-9,-32.484615,717.7882,202.2695,1,0.44661933,0.84349057,1,0,0,0,0,0,0,0,0,0,0
6,-1,-2,-8,-31.193734,689.35259,214.2138,1,0.40243408,0.86742709,1,0,0,0,0,0,0,0,0,0,0
6,-1,-2,-7,-29.06885,662.67036,225.1151,1,0.35809982,0.88921704,1,0,0,0,0,0,0,0,0,0,0
6,-1,-2,-6,-25.785189,637.72622,235.16226,1,0.31435301,0.90860936,1,0,0,0,0,0,0,0,0,0,0
6,-1,-1,-11,-46.170123,772.05256,202.65318,1,0.52963919,0.80677969,0,21.613524,4.5739839,32.923077,48.544379,44,0.17307692,5,-1521.5128,32.923077,70321.994
6,-1,-1,-10,-47.16289,738.91524,216.14056,1,0.48408248,0.83486814,0,170.01935,10.412207,293.22222,322.46502,314,0.31481481,5,-13836.491,293.22222,652942.62
6,-1,-1,-9,-47.934323,707.67089,228.28264,1,0.43690838,0.86134151,0,297.7478,12.533829,586.99387,610.57292,604,0.26993865,5,-28136.844,586.99387,1348787.6
6,-1,-1,-8,-48.406114,677.93593,239.32077,1,0.38834643,0.8858818,0,289.30353,11.476709,659.94872,685.40565,678,0.28205128,5,-31946.936,659.94872,1546573.7
6,-1,-1,-7,-48.450501,649.40545,249.44921,1,0.33863987,0.90820448,0,417.21781,12.650953,1118.9441,1151.1651,1142,0.36024845,5,-54201.963,1118.9441,2625694.3
6,-1,-1,-6,-47.846771,621.84477,258.82765,1,0.28806782,0.9280585,0,27.687923,3.5167498,89.201258,128.36427,117,0.42767296,5,-4341.1619,90.559748,208113.96
6,-1,-1,-5,-46.183359,595.09953,267.5908,1,0.23699462,0.94522626,0,600.83614,12.41433,2396.3671,2451.5522,2436,0.63924051,5,-110712,2396.3671,5115173.1
6,-1,-1,-4,-42.61063,569.14865,275.85687,1,0.18599814,0.95952367,0,227.50045,6.7878254,1173.625,1226.1836,1211,0.575,5,-50073.469,1173.625,2136572.8
6,-1,-1,-3,-35.127855,544.29843,283.73872,1,0.13627516,0.9708001,1,1209.0522,13.067599,8613.0741,8665.9831,8651,0.59259259,3,-304657.26,8613.0741,10776747
6,-1,0,-11,-58.321706,776.5203,227.88033,1,0.54359479,0.81235695,0,78.221644,7.6524643,116.89571,130.78136,127,0.16564417,5,-6806.9877,116.89571,396391.36
6,-1,0,-10,-60.551887,743.33182,240.49151,1,0.49745696,0.84069401,0,155.65958,9.8942749,263.06211,279.5972,275,0.19254658,5,-15936.483,263.06211,965483.2
6,-1,0,-9,-62.857113,712.01935,251.91295,1,0.44968193,0.86739231,0,33.090445,4.7440784,63.828221,83.738266,78,0.21472393,5,-4034.3344,64.257669,253297.73
6,-1,0,-8,-65.277424,682.19352,262.36263,1,0.40047788,0.89213386,0,69.89636,6.0658998,155.70625,182.59691,175,0.30625,5,-10185.186,156.06875,664709.13
6,-1,0,-7,-67.875677,653.53682,272.01687,1,0.35005509,0.91463411,0,37.497549,4.4540243,97.974684,135.43382,125,0.44303797,5,-6754.5649,99.537975,458371.24
6,-1,0,-6,-70.758117,625.78987,281.02125,1,0.29863701,0.93464203,0,675.84513,14.825505,2115.1875,2152.8926,2142,0.4125,5,-149631.33,2115.1875,10585358
6,-1,0,-5,-74.121484,598.74876,289.49868,1,0.24648362,0.95194002,0,-1.1975405,1.7245317,-4.625,44.359375,31,0.59375,5,-337.5,4.5,25312.781
6,-1,0,-4,-78.376689,572.28366,297.55606,1,0.19395135,0.96634397,0,122.86238,5.1959951,612.15,670.21687,654,0.675,5,-47977.644,612.15,3760365.8
6,-1,0,-3,-84.541303,546.4245,305.29079,1,0.14168337,0.97770326,0,1055.3987,12.434373,7282.9062,7362.4807,7340,0.90625,5,-615925.46,7282.9062,52090732
6,-1,0,-2,-95.870897,521.76257,312.8032,1,0.09143114,0.98590073,1,0,0,0,0,0,0,0,0,0,0
6,-1,1,-10,-72.166907,760.68554,262.99401,1,0.52933827,0.83486814,0,160.93262,10.41113,253.82166,269.62798,265,0.17197452,5,-18324.822,253.82166,1322997
6,-1,1,-9,-75.648472,729.98159,273.9406,1,0.48378348,0.86134151,0,297.4106,13.252693,529.51807,556.74583,549,0.29518072,5,-40090.367,529.51807,3035340.7
6,-1,1,-8,-79.505088,701.08529,284.01909,1,0.43733836,0.8858818,0,310.48267,12.695678,628.92025,661.34518,652,0.34969325,5,-50029.365,628.92025,3979804.3
6,-1,1,-7,-83.885632,673.77025,293.39634,1,0.39041415,0.90820448,0,461.4947,14.288645,1073.5562,1104.8372,1096,0.35625,5,-90038.352,1073.5562,7551564.5
6,-1,1,-6,-89.015563,647.92562,302.21149,1,0.34354576,0.9280585,1,11.62914,2.441752,31.415094,43.509553,40,0.13207547,2,-2785.6336,31.415094,247008.25
6,-1,1,-5,-95.246306,623.59139,310.58382,1,0.2974919,0.94522626,1,0,0,0,0,0,0,0,0,0,0
6,-1,2,-10,-81.372124,789.90801,284.35156,1,0.57614204,0.81769199,0,15.469684,4.4739057,21.955414,40.317538,35,0.20382166,5,-1955.3296,24.031847,159095.82
6,-1,2,-9,-85.498406,759.97609,294.98837,1,0.53458757,0.84349057,0,332.27856,14.951824,524.28049,556.55882,547,0.32926829,5,-44845.994,524.28049,3836101.9
6,-1,2,-8,-90.048166,732.30621,304.83149,1,0.4928052,0.86742709,1,0,0,0,0,0,0,0,0,0,0
6,-1,2,-7,-95.141321,706.7304,314.04102,1,0.45136237,0.88921704,1,0,0,0,0,0,0,0,0,0,0
6,-1,3,-8,-97.156117,774.00157,325.39542,1,0.55977694,0.83767408,1,0,0,0,0,0,0,0,0,0,0
6,0,-2,-10,-32.502313,770.89539,251.08335,1,0.54163009,0.82371401,1,0,0,0,0,0,0,0,0,0,0
6,0,-2,-9,-31.843001,740.81274,262.51867,1,0.49869739,0.84975121,1,0,0,0,0,0,0,0,0,0,0
6,0,-2,-8,-30.643651,712.81059,273.01021,1,0.45531761,0.87390123,1,0,0,0,0,0,0,0,0,0,0
6,0,-2,-7,-28.740763,686.72109,282.73799,1,0.41204044,0.89587956,1,0,0,0,0,0,0,0,0,0,0
6,0,-2,-6,-25.90621,662.51694,291.85166,1,0.36958192,0.91543514,1,0,0,0,0,0,0,0,0,0,0
6,0,-1,-11,-44.382042,790.40515,264.61673,1,0.57263784,0.81269788,0,117.12637,9.5987538,166.22785,185.57859,180,0.21518987,5,-7491.5285,168.87342,332356.28
6,0,-1,-10,-45.128479,757.29997,276.12583,1,0.52703175,0.84105006,0,54.390368,6.5591414,86.797468,109.56305,103,0.25316456,5,-3942.0127,87.037975,178547.48
6,0,-1,-9,-45.622986,726.2121,286.64783,1,0.47999583,0.86776205,0,-1.9567406,2.4433389,-3.5375,19.511641,13,0.2625,5,-176.1375,3.85,8058.2906
6,0,-1,-8,-45.784232,696.77845,296.37373,1,0.43179936,0.89251584,0,521.75572,16.158628,1078.4528,1115.5187,1105,0.42138365,5,-49394.005,1079,2261239.8
6,0,-1,-7,-45.486671,668.72548,305.45956,1,0.38274745,0.9150269,0,19.54392,3.6202506,46.72327,74.906649,67,0.32704403,5,-2142.1038,47.18239,97257.93
6,0,-1,-6,-44.528542,641.86736,314.03569,1,0.33321594,0.93504417,0,78.017286,5.6644967,218.92593,252.65935,243,0.37037037,5,-9758.7315,218.92593,435031.38
6,0,-1,-5,-42.569389,616.12606,322.21393,1,0.28372103,0.95235009,0,453.55293,11.85728,1522.4151,1584.0918,1566,0.66037736,5,-64896.906,1522.4151,2766559.5
6,0,-1,-4,-39.001865,591.59536,330.09309,1,0.23507041,0.96676053,0,2483.6537,24.669605,10214.38,10293.576,10271,0.89873418,5,-398930.69,10214.38,15581769
6,0,-1,-3,-32.684534,568.70971,337.76378,1,0.18872084,0.97812486,1,0,0,0,0,0,0,0,0,0,0
6,0,0,-11,-55.588301,790.2289,288.55116,1,0.57739217,0.81832844,0,-0.66034593,2.5389806,-0.93589744,12.948882,9,0.16025641,5,-213.50641,3.8205128,11933.739
6,0,0,-10,-57.401653,756.78746,299.27116,1,0.53045269,0.84692923,0,6.6936051,3.5437151,10.687117,32.01242,26,0.2392638,5,-855.2454,14.969325,48865.184
6,0,0,-9,-59.197105,725.25107,309.14218,1,0.48188267,0.87386614,0,-0.024586391,2.8592294,-0.044585987,26.884701,19,0.29299363,5,-230.04936,3.8917197,13601.918
6,0,0,-8,-60.976893,695.2217,318.33525,1,0.43186835,0.89882119,0,50.82443,5.5591744,105.77778,133.8642,126,0.32098765,5,-6479.6389,106.22222,395271.5
6,0,0,-7,-62.743095,666.36794,326.99101,1,0.38058799,0.92150982,0,-3.1491617,2.0774735,-7.625,25.302344,16,0.375,5,-17.39375,0.275,1100.1547
6,0,0,-6,-64.497662,638.4068,335.22786,1,0.32821313,0.941681,0,136.54911,7.3298103,391.775,442.26359,428,0.575,5,-25281.134,391.775,1631419.9
6,0,0,-5,-66.242437,611.09013,343.14798,1,0.27490971,0.95911714,0,-0.98727382,2.2554866,-3.4444444,61.921811,43,0.7037037,5,-98.407407,1.4814815,6537.537
6,0,0,-4,-67.979176,584.19404,350.84204,1,0.22083911,0.97363412,0,7728.7914,41.939673,34074.648,34189.257,34156,1.2515723,5,-2317494.8,34074.648,1.5762155e+08
6,0,0,-3,-69.709565,557.5104,358.39281,1,0.16615901,0.98508132,0,1.1398687,1.7319845,6.757764,105.4349,78,1.1490683,5,-862.08075,12.409938,59887.08
6,0,0,-2,-71.435238,530.83957,365.87836,1,0.11102421,0.99334158,0,284.75217,5.7775709,2547.6981,2672.0983,2636,1.3584906,5,-182052.45,2547.6981,13009279
6,0,0,-1,-73.157788,503.98379,373.37469,1,0.05558743,0.99833121,0,-0.2036914,0.42698791,-3.6582278,58.806762,41,0.70886076,5,-336.58386,4.6265823,24486.476
6,0,1,-10,-68.36652,769.11166,321.36063,1,0.552104,0.84105006,0,53.924744,6.750962,82.146497,105.76287,99,0.26751592,5,-5610.2022,82.146497,383158.41
6,0,1,-9,-71.274935,737.74842,330.75921,1,0.5047244,0.86776205,0,4.6746556,3.4159377,8.037037,34.491541,27,0.2962963,5,-822.92901,11.518519,58798.399
6,0,1,-8,-74.425287,708.07654,339.57602,1,0.45617516,0.89251584,0,525.69765,16.616235,1028.538,1056.8999,1049,0.33544304,5,-76588.764,1028.8544,5701430.7
6,0,1,-7,-77.917812,679.80749,347.94139,1,0.40673709,0.9150269,0,36.574702,4.6919743,82.28125,111.41699,103,0.31875,5,-6429.2578,82.53125,500856.3
6,0,1,-6,-81.907899,652.73293,355.96561,1,0.35674456,0.93504417,0,78.32033,6.0649376,205.28125,252.69824,239,0.51875,5,-17030.055,207.96875,1394564.8
6,0,1,-5,-86.649021,626.73543,363.74421,1,0.30663627,0.95235009,0,436.50805,12.145729,1355.7055,1422.9622,1404,0.75460123,5,-117542.28,1355.7055,10191246
6,0,1,-4,-92.578783,601.83008,371.36165,1,0.25706155,0.96676053,1,0,0,0,0,0,0,0,0,0,0
6,0,2,-9,-80.986429,762.73792,352.16535,1,0.54534441,0.84975121,0,301.94259,14.197076,470.48447,489.37263,484,0.21118012,5,-38125.82,470.48447,3089585
6,0,2,-8,-84.953593,733.92518,360.69819,1,0.50060393,0.87390123,0,-2.5306392,2.5653478,-4.4177215,20.05528,13,0.2721519,5,-369.62025,4.3544304,31374.956
6,0,2,-7,-89.372315,706.96877,368.84847,1,0.45569312,0.89587956,1,11.524202,3.0432629,22.65625,35.795898,32,0.14375,2,-2213.2031,24.9375,196421.78
6,0,2,-6,-94.391089,681.75673,376.71847,1,0.41116715,0.91543514,1,0,0,0,0,0,0,0,0,0,0
6,0,3,-8,-92.412787,771.16425,382.39028,1,0.55877287,0.84388173,1,0,0,0,0,0,0,0,0,0,0
6,0,3,-7,-97.083776,745.42631,390.36403,1,0.51932842,0.86497217,1,0,0,0,0,0,0,0,0,0,0
6,1,-2,-9,-29.755885,765.73445,319.4917,1,0.54684949,0.84349057,1,0,0,0,0,0,0,0,0,0,0
6,1,-2,-8,-28.508948,737.80741,328.78704,1,0.5046227,0.86742709,1,0,0,0,0,0,0,0,0,0,0
6,1,-2,-7,-26.633987,711.95183,337.5527,1,0.46264641,0.88921704,1,0,0,0,0,0,0,0,0,0,0
6,1,-1,-10,-41.913535,778.69532,333.29316,1,0.56744095,0.83486814,0,147.46481,10.422591,216.96296,235.15043,230,0.2037037,5,-9077.1235,216.96296,379783.73
6,1,-1,-9,-42.07553,747.48986,342.4634,1,0.52120789,0.86134151,0,310.55013,13.997324,513.21118,535.08017,529,0.25465839,5,-21613.52,513.21118,910296.86
6,1,-1,-8,-41.86588,718.12627,351.09918,1,0.47402217,0.8858818,0,303.17059,13.100887,566.58385,599.45372,590,0.36024845,5,-23718.405,566.81366,992549.02
6,1,-1,-7,-41.161592,690.34369,359.32561,1,0.42623511,0.90820448,0,427.64559,14.451992,911.20988,948.25301,938,0.43209877,5,-37551.185,911.20988,1547575
6,1,-1,-6,-39.777694,663.97904,367.24846,1,0.37828273,0.9280585,0,21.057109,4.0768443,51.660377,100.03821,86,0.52830189,5,-2064.6321,51.974843,82018.211
6,1,-1,-5,-37.42823,638.98497,374.95887,1,0.33075148,0.94522626,0,609.68054,14.843105,1742.3537,1799.3577,1783,0.61585366,5,-65139.491,1742.3537,2435454.6
6,1,-1,-4,-33.660382,615.48007,382.53636,1,0.28450087,0.95952367,1,0,0,0,0,0,0,0,0,0,0
6,1,-1,-3,-27.752344,593.85775,390.04956,1,0.24089769,0.9708001,1,0,0,0,0,0,0,0,0,0,0
6,1,0,-10,-53.156375,774.0723,355.90898,1,0.56241445,0.84069401,0,177.70874,11.282133,265.63804,284.41037,279,0.20245399,5,-14137.606,265.63804,752451.79
6,1,0,-9,-54.403267,742.15947,364.47843,1,0.51398032,0.86739231,0,33.000364,5.1949085,55.691358,76.858863,71,0.24691358,5,-3039.1265,55.987654,164975.8
6,1,0,-8,-55.509413,711.86985,372.62854,1,0.46417648,0.89213386,0,73.332352,6.7085494,140.94268,166.24593,159,0.2866242,5,-7892.828,142.15287,438249.52
6,1,0,-7,-56.427406,682.86978,380.4719,1,0.4131963,0.91463411,0,35.201351,4.7005535,77.920245,108.26298,100,0.36196319,5,-4453.2071,79.03681,250914.71
6,1,0,-6,-57.080168,654.88172,388.10579,1,0.36123678,0.93464203,0,645.64763,16.004513,1670.5093,1714.7136,1702,0.48447205,5,-95445.053,1670.5093,5453433.3
6,1,0,-5,-57.335216,627.67457,395.61671,1,0.30850846,0.95194002,0,5.0700246,2.7686737,15.644172,72.984154,57,0.65644172,5,-897.46012,15.644172,51494.113
6,1,0,-4,-56.94669,601.06265,403.08392,1,0.25525626,0.96634397,0,126.73156,6.1576361,479.77778,543.42387,525,0.68518519,5,-27398.019,481.11111,1560285.2
6,1,0,-3,-55.406856,574.92281,410.58187,1,0.20181217,0.97770326,0,1008.0894,14.532052,4883.8101,4956.4796,4936,0.84177215,5,-270424.42,4883.8101,14974196
6,1,0,-2,-51.492845,549.26781,418.18099,1,0.14875809,0.98590073,0,168.31602,5.2964537,1115.5217,1232.1839,1199,1.3043478,5,-57633.593,1120,2965838
6,1,0,-1,-41.507034,524.5752,425.94205,1,0.097599081,0.99085268,0,1137.0551,10.633907,11543.696,11655.003,11624,1.3164557,5,-478501.12,11543.696,19835600
6,1,1,-10,-63.469016,782.08159,378.19354,1,0.57466406,0.83486814,0,149.34177,10.716605,216.96273,242.39416,235,0.27329193,5,-13773.393,216.96273,874394.77
6,1,1,-9,-65.73854,749.95083,386.28432,1,0.52649936,0.86134151,0,272.80275,13.329991,446.29936,475.57033,467,0.31847134,5,-29491.17,448.43949,1939491.2
6,1,1,-8,-68.100946,719.5116,394.05388,1,0.47700661,0.8858818,0,280.62655,12.548535,521.17089,543.11124,537,0.25949367,5,-35532.457,521.17089,2422586.2
6,1,1,-7,-70.598536,690.42868,401.60461,1,0.42639069,0.90820448,0,426.29469,14.385025,908,938.8,930,0.34375,5,-64165.9,908,4534513.9
6,1,1,-6,-73.296387,662.42789,409.02599,1,0.37486642,0.9280585,0,33.759933,4.4296688,83.579618,120.26524,110,0.43312102,5,-6179.6576,84.299363,453013.38
6,1,1,-5,-76.301078,635.28842,416.39857,1,0.32267308,0.94522626,0,599.61544,14.522648,1756.4907,1809.8297,1795,0.62111801,5,-134050.45,1756.4907,10230476
6,1,1,-4,-79.800996,608.84624,423.79692,1,0.27010458,0.95952367,0,235.0941,8.3911635,835.1519,888.57042,873,0.58227848,5,-66665.25,835.1519,5321557.3
6,1,1,-3,-84.163021,583.02108,431.29126,1,0.21758171,0.9708001,0,1606.8862,19.067928,7169.5605,7238.0546,7218,0.74522293,5,-604055.64,7169.5605,50893905
6,1,1,-2,-90.19928,557.91092,438.94662,1,0.16585592,0.97893837,1,0,0,0,0,0,0,0,0,0,0
6,1,2,-9,-75.245703,770.44247,408.6076,1,0.55689514,0.84349057,0,322.76789,15.013463,488.87421,517.10095,509,0.31446541,5,-36787.149,488.87421,2768212.6
6,1,2,-8,-78.501793,740.41981,416.04381,1,0.51021626,0.86742709,0,8.4804313,3.2469023,14.417722,30.471639,26,0.18987342,5,-1137.7468,14.417722,89788.031
6,1,2,-7,-82.067951,712.10842,423.33707,1,0.46293303,0.88921704,0,130.02918,8.7497972,249.76433,282.47186,273,0.36305732,5,-20507.486,249.76433,1683836.8
6,1,2,-6,-86.057555,685.31126,430.56701,1,0.41544361,0.90860936,0,24.346095,4.1100818,53.246914,80.803688,73,0.30864198,5,-4588.429,53.246914,395403.66
6,1,2,-5,-90.636867,659.93429,437.80386,1,0.36825942,0.92538645,1,0,0,0,0,0,0,0,0,0,0
6,1,2,-4,-96.05533,636.01627,445.10955,1,0.32208698,0.93936422,1,0,0,0,0,0,0,0,0,0,0
6,1,3,-8,-86.277674,773.45924,439.41108,1,0.55857594,0.83767408,0,60.191691,6.844646,90.267081,105.36289,101,0.16770186,5,-8044.3665,93.242236,694024.61
6,1,3,-7,-90.324476,746.09065,446.44702,1,0.5161554,0.85857614,1,0,0,0,0,0,0,0,0,0,0
6,1,3,-6,-94.789953,720.74365,453.48244,1,0.47422461,0.87719895,1,0,0,0,0,0,0,0,0,0,0
6,1,4,-7,-95.718742,791.20553,472.01854,1,0.57889786,0.81778903,1,0,0,0,0,0,0,0,0,0,0
6,2,-2,-8,-25.216053,765.74479,384.35973,1,0.55069459,0.84834392,1,0,0,0,0,0,0,0,0,0,0
6,2,-1,-9,-37.578596,772.45821,398.48721,1,0.56035296,0.84241915,0,83.749598,7.9832208,125.90683,144.04209,139,0.21118012,5,-4735.8245,125.90683,178143.33
6,2,-1,-8,-36.988557,742.83054,406.12666,1,0.51465858,0.86631895,0,5.8467525,3.6762139,9.8417722,38.292942,30,0.31012658,5,-492.89241,13.367089,18176.627
6,2,-1,-7,-35.878238,715.00905,413.57619,1,0.46855177,0.88807649,1,202.72387,10.614349,384.23567,404.73646,399,0.24203822,4,-13765.288,384.23567,493168.34
6,2,-1,-6,-34.082641,688.82712,420.91888,1,0.42249197,0.90744071,1,1.914077,1.5435973,4.1111111,10.99177,9,0.074074074,1,-144.91667,4.1111111,5108.3125
6,2,-1,-5,-31.365577,664.23275,428.22687,1,0.3770739,0.92419404,1,0,0,0,0,0,0,0,0,0,0
6,2,-1,-4,-27.388323,641.32092,435.56259,1,0.33311375,0.93815237,1,0,0,0,0,0,0,0,0,0,0
6,2,0,-9,-48.718335,763.28794,420.57454,1,0.54537137,0.84831006,0,24.707126,4.9271019,38.43125,58.736445,53,0.23125,5,-1871.5234,38.43125,91145.18
6,2,0,-8,-49.165879,732.52416,427.76459,1,0.49654065,0.87241111,0,132.39928,9.0956196,232.62264,255.38614,249,0.26415094,5,-11437.25,232.62264,562348.25
6,2,0,-7,-49.284511,703.23682,434.87356,1,0.44666761,0.89434622,0,10.611409,3.1288126,21.246835,39.246555,34,0.19620253,5,-1047.7896,21.246835,51674.059
6,2,0,-6,-48.950213,675.15285,441.97878,1,0.39599247,0.91386435,0,119.47423,7.7298684,275.7205,318.22464,306,0.46583851,5,-13509.689,276.37267,660401.51
6,2,0,-5,-47.964096,648.06211,449.15146,1,0.34479275,0.9307479,0,791.93971,17.31463,2137.795,2184.612,2171,0.50310559,5,-102444.53,2137.795,4909386.8
6,2,0,-4,-45.989864,621.8246,456.45863,1,0.29342149,0.94481277,0,255.2672,9.1628231,821.95652,870.495,857,0.56521739,5,-37775.511,821.95652,1736165.9
6,2,0,-3,-42.421014,596.40383,463.9636,1,0.24239163,0.95590833,0,72.398028,4.7529286,285.51266,351.33372,333,0.77848101,5,-12232.283,288.77848,518164.76
6,2,0,-2,-36.079997,571.96557,471.72309,1,0.19258492,0.96391741,1,278.98735,7.6171156,1396.375,1453.5039,1437,0.625,5,-50289.578,1396.375,1811288.1
6,2,1,-9,-59.250598,766.88011,443.16156,1,0.54839087,0.84241915,0,74.39499,7.5640643,114.28302,135.01638,129,0.22641509,5,-6767.2469,114.28302,400738.02
6,2,1,-8,-60.797029,735.53161,449.96394,1,0.49890373,0.86631895,0,8.3889084,3.2490923,14.566879,31.830703,27,0.20382166,5,-928.48885,15.229299,56609.703
6,2,1,-7,-62.27522,705.60355,456.78434,1,0.44818144,0.88807649,0,200.87574,10.328904,398.0375,418.89148,413,0.2375,5,-24852.619,398.975,1548124.9
6,2,1,-6,-63.663881,676.77615,463.69401,1,0.39638324,0.90744071,0,295.32457,11.520071,676.08696,695.53065,690,0.2173913,5,-43081.863,676.08696,2745324.2
6,2,1,-5,-64.926944,648.76847,470.76162,1,0.34365579,0.92419404,0,27.158366,3.7089722,73.037037,99.491541,92,0.2962963,5,-4733.7901,73.037037,306823.39
6,2,1,-4,-65.999722,621.32266,478.05606,1,0.29012705,0.93815237,0,1518.7764,21.808434,4911.1026,4973.0092,4955,0.68589744,6,-324300.83,4911.1026,21415539
6,2,1,-3,-66.75564,594.18554,485.64925,1,0.23589014,0.94916505,0,270.19511,8.4378142,1087.2,1152.72,1134,0.73125,5,-72651.2,1087.2,4854928.2
6,2,1,-2,-66.911729,567.07565,493.61989,1,0.18095572,0.95711495,0,903.24656,13.145387,4777.4713,4834.2631,4818,0.6433121,5,-319802.93,4777.4713,21407975
6,2,1,-1,-65.680012,539.58418,502.06115,1,0.12507408,0.96191835,0,85.04913,3.4496329,654.09494,703.86208,690,0.58860759,5,-43012.856,654.09494,2828586
6,2,1,0,-59.638223,510.60154,511.11558,1,0.066635069,0.96352507,0,4924.0512,18.475812,71200.449,71371.921,71323,1.9452552,7,-4246419.3,71200.449,2.5328135e+08
6,2,2,-9,-68.437843,783.24266,467.05988,1,0.56859511,0.82504789,0,150.36908,10.656318,218.18987,239.09277,233,0.2278481,5,-14937.168,218.18987,1022612.9
6,2,2,-8,-70.892182,751.8286,473.47542,1,0.52089105,0.84834392,0,201.71159,11.554445,328.51553,354.11824,347,0.29813665,5,-23284.967,328.51553,1650456.5
6,2,2,-7,-73.480978,722.07713,480.00099,1,0.47223067,0.86956873,0,155.72334,9.5529804,286.75,309.44055,303,0.25,5,-21202.552,288.52439,1558122.8
6,2,2,-6,-76.258952,693.70507,486.69716,1,0.42287759,0.88847125,0,366.03157,13.42422,769.03704,795.49154,788,0.2962963,5,-58682.272,769.03704,4477875.9
6,2,2,-5,-79.30889,666.50211,493.62226,1,0.3731402,0.90483391,0,4.6341797,2.5640275,11.2375,38.657969,31,0.31875,5,-943.70937,11.8875,74920.893
6,2,2,-4,-82.762426,640.33785,500.83324,1,0.32341069,0.9184726,0,128.78987,7.0651631,365.75776,402.59469,392,0.40372671,5,-30293.377,365.75776,2509034.2
6,2,2,-3,-86.840967,615.19241,508.38486,1,0.27424319,0.92923668,0,161.73909,7.1433951,548.03145,585.85527,575,0.42138365,5,-47608.618,548.03145,4135912.8
6,2,2,-2,-91.94063,591.23724,516.32548,1,0.22652258,0.93700899,1,0,0,0,0,0,0,0,0,0,0
6,2,2,-1,-98.812617,569.03561,524.6841,1,0.18185517,0.94170586,1,0,0,0,0,0,0,0,0,0,0
6,2,3,-8,-78.861432,780.83559,499.2742,1,0.55857998,0.81939038,0,90.60284,8.5361164,132.90683,156.7948,150,0.26708075,5,-10847.272,137.45963,855996.8
6,2,3,-7,-82.11856,751.60063,505.45764,1,0.51391523,0.8397273,0,14.497998,4.0451779,23.689441,43.688669,38,0.22360248,5,-2292.5171,27.84472,188749.04
6,2,3,-6,-85.664264,724.21732,511.89368,1,0.46916809,0.85786032,0,812.39124,21.343505,1485.434,1523.0274,1512,0.40251572,5,-127354.13,1485.434,10918862
6,2,3,-5,-89.591683,698.55037,518.62635,1,0.42482498,0.87357187,1,2.9299301,1.6548902,6.0248447,11.580186,10,0.062111801,1,-534.70497,6.0248447,47455.066
6,2,3,-4,-94.029083,674.58247,525.69689,1,0.38150987,0.88667782,1,0,0,0,0,0,0,0,0,0,0
6,2,4,-7,-88.153779,793.26952,534.50599,1,0.56672151,0.80005945,1,206.41758,12.448497,291.4065,308.84388,303,0.18699187,4,-25702.299,291.42276,2266856.4
6,2,4,-6,-91.952396,766.65702,540.61937,1,0.52724273,0.81711517,1,0,0,0,0,0,0,0,0,0,0
6,2,4,-5,-96.0807,742.27526,547.11986,1,0.48868474,0.83191515,1,0,0,0,0,0,0,0,0,0,0
6,3,-1,-8,-31.373672,771.57334,464.2304,1,0.55221782,0.83484501,1,0,0,0,0,0,0,0,0,0,0
6,3,-1,-7,-29.887025,743.25536,470.89479,1,0.50798947,0.85566064,1,0,0,0,0,0,0,0,0,0,0
6,3,-1,-6,-27.723888,716.80506,477.66537,1,0.46389903,0.87420855,1,0,0,0,0,0,0,0,0,0,0
6,3,0,-9,-42.322449,789.13286,480.31353,1,0.57440223,0.81763711,0,169.29719,11.433766,240.98734,264.8912,258,0.26582278,5,-10204.528,241.22785,431690.25
6,3,0,-8,-42.155806,757.47828,486.50574,1,0.52702302,0.84067067,0,60.183151,6.6493616,96,112.5,108,0.2,5,-4049.1875,96,170801.12
6,3,0,-7,-41.557107,727.54056,492.86462,1,0.47870041,0.86166389,0,13.957004,3.9204903,25.122699,49.799955,43,0.28834356,5,-1178.9141,28.392638,48952.425
6,3,0,-6,-40.382193,699.03023,499.44578,1,0.42970044,0.8803657,0,372.54959,13.737058,763.27564,792.10376,784,0.33974359,5,-30786.367,763.27564,1241810.1
6,3,0,-5,-38.414368,671.73258,506.30392,1,0.38033353,0.89655852,0,107.94438,7.1378605,254.45679,283.11584,275,0.32098765,5,-9741.8241,254.45679,372977
6,3,0,-4,-35.317376,645.51365,513.49329,1,0.33099196,0.91005825,1,955.22349,18.710394,2626.375,2646.4844,2641,0.24375,3,-92755.719,2626.375,3275968.5
6,3,0,-3,-30.552632,620.34849,521.06676,1,0.2822233,0.92071425,1,0,0,0,0,0,0,0,0,0,0
6,3,1,-9,-51.987577,788.80213,504.3621,1,0.56859842,0.8120127,0,33.99435,5.8637104,48.54717,70.12282,64,0.24528302,5,-2550.6368,49.113208,132470.01
6,3,1,-8,-52.734553,756.18427,510.15016,1,0.51977803,0.83484501,0,327.55247,14.543935,526.10063,545.68213,540,0.21383648,5,-27751.764,526.10063,1463935.9
6,3,1,-7,-53.234276,725.13752,516.2244,1,0.4696513,0.85566064,0,5.8187768,3.0522388,10.601266,30.92353,25,0.22151899,5,-700.99209,13.183544,37273.409
6,3,1,-6,-53.398686,695.29473,522.63633,1,0.41834879,0.87420855,0,177.53167,9.5377663,370.9816,397.23399,390,0.30674847,5,-19784.966,370.9816,1055186.3
6,3,1,-5,-53.08708,666.32512,529.44239,1,0.36597059,0.89027115,0,36.210581,4.2627515,88.086957,107.53065,102,0.2173913,5,-4681.7205,88.086957,248839.05
6,3,1,-4,-52.060993,637.90835,536.70656,1,0.31256493,0.90366433,0,145.30479,7.2866699,420.09434,443.80479,437,0.26415094,5,-21971.926,422.1195,1143714.4
6,3,1,-3,-49.882452,609.69594,544.50444,1,0.25807763,0.91423747,0,129.06247,6.2241697,457.20253,486.16103,478,0.33544304,5,-22795.396,457.20253,1136572.9
6,3,1,-2,-45.649282,581.22775,552.93148,1,0.20221396,0.92187339,0,315.56019,8.4066176,1438.6076,1468.8007,1460,0.32911392,5,-65576.092,1438.6076,2989298.9
6,3,1,-1,-37.138889,551.66505,562.12687,1,0.14395648,0.92648842,0,437.99067,8.3051185,2818.8608,2856.9931,2846,0.42405063,5,-104265.04,2818.8608,3856950.8
6,3,2,-8,-62.321793,768.08757,536.03525,1,0.53064998,0.81766945,0,140.42225,10.107031,216.37423,242.54172,235,0.28220859,5,-13582.489,218.0184,846200.35
6,3,2,-7,-63.872597,736.60006,541.7768,1,0.48135766,0.83795236,0,130.42059,9.0443917,227.0375,247.89148,242,0.2375,5,-14496.822,227.0375,925665.02
6,3,2,-6,-65.354826,706.43876,547.96654,1,0.43095145,0.85603857,0,111.459,7.8036371,221.40127,240.28358,235,0.22292994,5,-14471.045,221.40127,945860.42
6,3,2,-5,-66.745381,677.27263,554.65327,1,0.37956084,0.8717105,0,325.21092,12.163575,746.88889,780.37654,771,0.38271605,5,-49889.583,746.88889,3332504.8
6,3,2,-4,-68.004777,648.79538,561.89534,1,0.32728467,0.88478404,0,85.438449,5.8578659,230.975,250.78531,245,0.2125,5,-15821.897,232.5125,1076665.9
6,3,2,-3,-69.061052,620.69938,569.76356,1,0.2741658,0.89510857,0,601.04586,13.6915,1962.321,1998.1448,1988,0.40123457,5,-135610.07,1962.321,9371813.7
6,3,2,-2,-69.769477,592.62994,578.34653,1,0.22012643,0.90256691,0,537.61883,11.528423,2204.3558,2234.3655,2226,0.34355828,5,-153913.76,2204.3558,10746885
6,3,2,-1,-69.789619,564.06722,587.76366,1,0.16476924,0.90707539,0,177.83771,5.7689794,979.01899,1008.6314,1000,0.32278481,5,-68393.638,979.01899,4778093.5
6,3,2,0,-68.057875,533.84769,598.21336,1,0.10652267,0.9085838,0,184.14107,4.7028099,1570.6289,1609.0173,1598,0.42767296,7,-107018.81,1570.6289,7292536.6
6,3,2,1,-56.835004,494.81187,610.4822,1,0.032918903,0.90707539,0,180.29903,2.5856547,4968.1125,5076.1814,5046,1.25625,20,-281002.7,4968.1125,15909258
6,3,3,-8,-70.292529,793.16144,565.36666,1,0.55696068,0.79004837,0,36.727236,6.2124388,52.097561,77.657347,69,0.26829268,5,-3880.3476,55.243902,272557.17
6,3,3,-7,-72.625117,761.6306,570.66937,1,0.51063092,0.80944339,0,291.41032,13.998319,461.93865,492.39143,484,0.35582822,5,-33626.506,462.50307,2444874.7
6,3,3,-6,-75.060258,731.82413,576.53692,1,0.46362062,0.82676009,0,1.8878029,2.731449,3.3664596,23.725737,18,0.23602484,5,-602.87422,8.068323,45049.128
6,3,3,-5,-77.638546,703.47379,583.00043,1,0.41622203,0.84178091,0,250.62564,11.330099,506.87342,525.06786,520,0.21518987,5,-39485.402,508.18987,3067979.5
6,3,3,-4,-80.419975,676.39258,590.09881,1,0.36878482,0.85432172,0,24.618835,3.6366662,57.031646,70.974724,67,0.15822785,5,-4588.9921,57.031646,369260.49
6,3,3,-3,-83.49717,650.48678,597.87682,1,0.32176039,0.8642319,0,214.83538,9.1327252,577.03681,601.72242,595,0.29447853,5,-48196.756,577.03681,4025670.3
6,3,3,-2,-87.019927,625.7938,606.38104,1,0.27578545,0.87139428,0,22.19593,2.9940265,70.132075,89.494838,84,0.22012579,5,-6423.9717,73.698113,559962.49
6,3,3,-1,-91.241783,602.5704,615.65058,1,0.23184739,0.87572519,1,0,0,0,0,0,0,0,0,0,0
6,3,3,0,-96.605878,581.48204,625.69587,1,0.19161669,0.8771744,1,0,0,0,0,0,0,0,0,0,0
6,3,4,-6,-82.108975,770.35664,610.051,1,0.50958414,0.78788038,0,8.5481881,3.3600227,13.216561,26.988154,23,0.15286624,5,-1086.0812,13.216561,89252.638
6,3,4,-5,-85.262167,742.92511,616.18811,1,0.46737887,0.80198963,0,106.62609,8.2686477,182.96296,201.31139,196,0.19753086,5,-15615.167,182.96296,1332709.3
6,3,4,-4,-88.68513,717.37993,623.06748,1,0.42584423,0.81378462,1,124.65861,8.2358183,238.22152,247.70281,245,0.10759494,3,-21121.752,238.22152,1872756.5
6,3,4,-3,-92.460389,693.70959,630.71289,1,0.38558808,0.82311471,1,0,0,0,0,0,0,0,0,0,0
6,3,4,-2,-96.696777,672.04621,639.14965,1,0.34739301,0.82986275,1,0,0,0,0,0,0,0,0,0,0
6,3,5,-4,-93.55088,770.16364,663.4478,1,0.48879253,0.76528289,1,0,0,0,0,0,0,0,0,0,0
6,3,5,-3,-97.34545,747.8553,670.98424,1,0.45430367,0.77386715,1,0,0,0,0,0,0,0,0,0,0
6,4,0,-8,-34.605604,787.14849,552.42266,1,0.55287367,0.79860878,1,6.8670604,2.6075193,9.9192547,14.186374,13,0.049689441,2,-351.38354,9.9192547,12448.111
6,4,0,-7,-33.37742,755.93231,557.90716,1,0.50622634,0.81828333,1,0,0,0,0,0,0,0,0,0,0
6,4,0,-6,-31.499102,726.39011,563.89608,1,0.45890832,0.83584229,1,0,0,0,0,0,0,0,0,0,0
6,4,0,-5,-28.761664,698.26517,570.42469,1,0.41121733,0.8510681,1,0,0,0,0,0,0,0,0,0,0
6,4,1,-8,-44.062329,781.57207,578.39595,1,0.53659636,0.7931562,0,64.405943,7.1954622,95.2,113.12,108,0.2,5,-4408.35,100.2,193956.66
6,4,1,-7,-43.658886,748.81461,583.59377,1,0.48737439,0.81265317,0,93.852454,7.8199558,156.49057,170.01751,166,0.1509434,5,-6823.2925,156.49057,297518.83
6,4,1,-6,-42.729135,717.41189,589.4463,1,0.43683008,0.83005824,0,176.76273,9.9046062,335.88199,354.21461,349,0.20496894,5,-14467.155,338.45963,618404.98
6,4,1,-5,-41.069553,686.9591,595.99558,1,0.38500778,0.84515382,0,125.0367,7.8420672,274.47561,296.34228,290,0.23170732,5,-11259.098,274.47561,461879.19
6,4,1,-4,-38.351155,657.04839,603.30229,1,0.33186356,0.8577558,0,159.5718,8.0773247,412.43949,435.85626,429,0.25477707,5,-15796.76,412.43949,605054.58
6,4,1,-3,-34.005998,627.20693,611.45219,1,0.27718058,0.86771356,1,-0.10381731,0.54407104,-0.325,2.9009375,2,0.0375,1,0,0,0
6,4,1,-2,-26.960156,596.75847,620.5723,1,0.22034582,0.87490993,1,0,0,0,0,0,0,0,0,0,0
6,4,2,-8,-52.943853,789.0968,607.88837,1,0.53638972,0.77709991,0,126.15302,9.7250594,182.76543,198.5077,194,0.17283951,5,-9738.0926,183.97531,515467.96
6,4,2,-7,-53.448433,755.23952,612.70528,1,0.48685185,0.79606415,0,104.18648,8.3853495,170.35802,187.99436,183,0.19753086,5,-9094.7623,170.35802,485547.84
6,4,2,-6,-53.631766,722.70507,618.33752,1,0.43575456,0.81300752,0,139.07163,8.9402189,259.47239,278.22846,273,0.21472393,5,-13912.054,259.56442,745675.51
6,4,2,-5,-53.365613,691.01021,624.82538,1,0.38304181,0.82771243,0,74.594096,6.2447212,161.18987,182.09277,176,0.2278481,5,-8595.7152,161.18987,458394.19
6,4,2,-4,-52.43433,659.62917,632.23776,1,0.32849644,0.83999477,0,11.532865,2.5602524,29.490566,42.860516,39,0.1509434,5,-1545.9009,29.490566,81040.692
6,4,2,-3,-50.441871,627.87915,640.6851,1,0.27156946,0.84970392,0,178.57265,7.6607647,558.72956,574.53653,570,0.17610063,5,-28165.258,558.72956,1419853
6,4,2,-2,-46.554354,594.62391,650.35627,1,0.21089217,0.85672271,0,168.96287,6.550356,686.39024,708.09161,702,0.24390244,5,-31951.543,687.68293,1484631.4
6,4,2,-1,-38.516858,557.12174,661.66163,1,0.14231621,0.86096746,0,134.18432,4.783324,811.77215,837.38343,830,0.28481013,6,-31102.101,811.77215,1191824.4
6,4,3,-7,-61.988881,775.58217,646.72288,1,0.50292066,0.76942062,0,77.586538,7.3800236,118.7,127.48063,125,0.1,5,-7354.6344,118.7,455703.63
6,4,3,-6,-63.170422,742.58126,651.97114,1,0.45384214,0.78559448,0,94.140215,7.7438325,162.95541,179.67974,175,0.19745223,5,-10301.318,162.95541,651218.22
6,4,3,-5,-64.1819,710.72911,658.23622,1,0.4034366,0.79964827,0,326.33567,13.080336,646.82716,672.17939,665,0.28395062,5,-41526.528,646.82716,2666064.2
6,4,3,-4,-64.952309,679.56591,665.56981,1,0.35165697,0.81139789,0,29.684982,3.8512684,68.493827,78.965402,76,0.11728395,5,-4444.9877,68.493827,288469.29
6,4,3,-3,-65.357511,648.57453,674.06017,1,0.29829274,0.82069269,0,97.923804,6.1410637,269.41772,285.47164,281,0.18987342,5,-17649.706,269.96203,1153938.7
6,4,3,-2,-65.157621,617.05225,683.84983,1,0.24278221,0.82741552,0,33.776377,3.3695496,115.1118,131.87342,127,0.18012422,5,-7507.045,115.1118,489591.36
6,4,3,-1,-63.807098,583.7499,695.18808,1,0.18364078,0.83148269,0,148.99176,5.8331977,674.6,697.56,691,0.25625,5,-43053.65,674.6,2747860.2
6,4,3,0,-59.593585,545.26866,708.66078,1,0.11584979,0.83284399,0,15.826651,1.599013,113.77778,132.14198,127,0.20987654,8,-6780.6667,113.77778,404161.08
6,4,4,-6,-70.672314,776.71936,692.61965,1,0.48587856,0.74932638,0,65.274327,6.9119806,100.66667,113.62963,110,0.14814815,5,-7121.1667,100.66667,503757.82
6,4,4,-5,-72.55446,745.11347,698.46687,1,0.43970069,0.76246861,0,86.907869,7.4356789,150.7037,166.25354,162,0.18518519,5,-10934.877,150.7037,793436.78
6,4,4,-4,-74.43842,714.86037,705.5504,1,0.39290846,0.7734724,0,38.999147,4.7312794,76.773006,86.748918,84,0.11656442,5,-5775.7393,77.533742,430260.63
6,4,4,-3,-76.328102,685.65085,713.9185,1,0.34568822,0.78218711,0,108.76522,7.1656158,246.10256,262.881,258,0.18589744,5,-18943.513,248.15385,1446130.7
6,4,4,-2,-78.228462,657.21535,723.64907,1,0.29822955,0.7884956,0,63.818549,5.0793494,168.73125,180.34884,177,0.13125,5,-13247.336,169.30625,1036552.5
6,4,4,-1,-80.146484,629.31498,734.85128,1,0.25073092,0.79231416,0,130.05062,6.5354614,410.96226,426.51228,422,0.16981132,5,-32953.313,410.96226,2642447.3
6,4,4,0,-82.09347,601.73848,747.66853,1,0.2034113,0.79359259,0,81.665454,4.7164818,318.61111,338.59568,333,0.22839506,6,-26168.319,318.61111,2149338.9
6,4,4,1,-84.091258,574.31256,762.28135,1,0.15654015,0.79231416,0,114.89799,4.8686726,581.54601,607.24574,600,0.28834356,7,-48904.466,581.54601,4112764.9
6,4,5,-4,-80.746931,763.91186,755.8656,1,0.44253013,0.72832846,0,22.053518,4.0498347,36.296296,44.426639,42,0.086419753,5,-2936.3981,36.333333,237319.23
6,4,5,-3,-83.271667,735.99599,764.06716,1,0.40136645,0.73629735,0,33.711727,4.6204825,61.843373,71.845406,69,0.10843373,5,-5235.8163,62.831325,436312.84
6,5,1,-7,-33.608542,776.42841,664.48828,1,0.49699249,0.76142878,1,0,0,0,0,0,0,0,0,0,0
6,5,1,-6,-31.70722,742.43532,669.619,1,0.44697278,0.77736448,1,0,0,0,0,0,0,0,0,0,0
6,5,1,-5,-28.895153,709.42742,675.88679,1,0.39527134,0.79121675,1,0,0,0,0,0,0,0,0,0,0
6,5,2,-7,-42.300296,777.29658,699.13033,1,0.48395347,0.74627882,0,14.155936,3.595166,21.829114,30.734978,28,0.094936709,5,-992.59968,23.474684,41973.059
6,5,2,-6,-41.21478,741.19531,704.05905,1,0.43193133,0.76175281,0,19.101586,3.7641838,33.6875,44.069727,41,0.1125,5,-1384.3281,33.6875,56890.184
6,5,2,-5,-39.34452,705.67737,710.3875,1,0.37742279,0.77521441,0,65.019887,5.8675815,133.54878,145.24651,142,0.13414634,5,-5238.6372,133.54878,205500.32
6,5,2,-4,-36.306021,669.84194,718.22113,1,0.31973275,0.7864795,0,186.40601,8.8697933,458.52201,476.02259,471,0.19496855,5,-16592.866,458.53459,600478.67
6,5,2,-3,-31.372988,632.29606,727.78207,1,0.2573114,0.79539745,1,0,0,0,0,0,0,0,0,0,0
6,5,3,-7,-50.268328,792.28351,741.14953,1,0.48571101,0.7220337,0,115.80607,9.1972238,172.15152,186.92723,182,0.15151515,5,-8649.3295,172.15152,434576.96
6,5,3,-6,-50.077542,754.56486,745.63617,1,0.43411414,0.7367382,0,43.756377,5.3053157,74.259259,81.066417,79,0.074074074,5,-3805.4352,75.839506,190956.7
6,5,3,-5,-49.333724,717.46666,751.81529,1,0.37985232,0.74954868,0,79.365328,6.4931788,156.6087,164.16662,162,0.086956522,5,-7718.0559,156.6087,380376.36
6,5,3,-4,-47.760476,679.97472,759.80148,1,0.32215137,0.76028104,0,74.232119,5.8269664,175.18868,189.10952,185,0.1509434,5,-8353.4969,175.2327,398235.55
6,-2,0,0,-34.540745,421.00589,269.05979,1,0.106748,0.97037489,1,152.43851,4.1560967,1385.7168,1427.3512,1412,0.39823009,2,-48898.177,1385.7168,1725507.6
6,-1,0,0,-26.598331,449.01548,326.87945,1,0.054940025,0.99250891,1,0,0,0,0,0,0,0,0,0,0
6,-1,0,1,-52.264804,427.01433,334.19555,1,0.097599081,0.99085268,0,1162.697,10.75654,11804.019,11925.372,11890,1.3227848,5,-617329.19,11804.019,32285939
6,0,0,1,-76.599778,448.89705,388.70937,1,0.05558743,0.99833121,0,-0.23918036,0.23063173,-4.2955975,17.156718,11,0.23899371,5,-27.90566,0.36477987,2134.9882
6,1,1,2,-44.635442,429.82658,473.85292,1,0.091255665,0.97893837,0,164.6834,4.0021551,1766.6289,1843.2272,1821,0.83647799,5,-78948.421,1766.6289,3528455.2
6,2,1,3,-97.195168,435.01805,541.80401,1,0.078862537,0.94916505,1,0,0,0,0,0,0,0,0,0,0
