DIALS (2018) Acta Cryst. D74, 85-97. https://doi.org/10.1107/S2059798317017235
DIALS 3.30
The following parameters have been modified:
integration {
  mp {
    nproc = 4
  }
}
prediction {
  d_min = 0.65
}
input {
  experiments = masked_input.expt
  reflections = ../dials/refined_joint_esd.refl
}

Using external mask: H:\CrystalPilot-campaigns\scxrd-agent-eval-20260921\arena\r08_P1_alanine\work\masked_data\geometry_0.mask
 Mask has 25200 pixels masked
 Mask has 0 pixels masked
Using external mask: H:\CrystalPilot-campaigns\scxrd-agent-eval-20260921\arena\r08_P1_alanine\work\masked_data\geometry_0.mask
 Mask has 25200 pixels masked
 Mask has 0 pixels masked
Using external mask: H:\CrystalPilot-campaigns\scxrd-agent-eval-20260921\arena\r08_P1_alanine\work\masked_data\geometry_1.mask
 Mask has 12825 pixels masked
 Mask has 765 pixels masked
Using external mask: H:\CrystalPilot-campaigns\scxrd-agent-eval-20260921\arena\r08_P1_alanine\work\masked_data\geometry_2.mask
 Mask has 25200 pixels masked
 Mask has 0 pixels masked
Using external mask: H:\CrystalPilot-campaigns\scxrd-agent-eval-20260921\arena\r08_P1_alanine\work\masked_data\geometry_3.mask
 Mask has 12825 pixels masked
 Mask has 214 pixels masked
Using external mask: H:\CrystalPilot-campaigns\scxrd-agent-eval-20260921\arena\r08_P1_alanine\work\masked_data\geometry_3.mask
 Mask has 12825 pixels masked
 Mask has 214 pixels masked

================================================================================

Experiments

Models for experiment 0

Beam:
    probe: x-ray
    wavelength: 0.71073
    sample to source direction : {-0,-0.000256879,1}
    divergence: 0
    sigma divergence: 0
    polarization normal: {0,1,0.000256879}
    polarization fraction: 0.5
    flux: 0
    transmission: 1
    sample to source distance: 0

Detector:
Panel:
  name: Panel0
  type: SENSOR_PAD
  identifier: 
  pixel_size:{0.1,0.1}
  image_size: {385,775}
  trusted_range: {0,2.09546e+06}
  thickness: 0
  material: 
  mu: 0
  gain: 1
  pedestal: 0
  fast_axis: {0.983914,-0.00122387,-0.178637}
  slow_axis: {0.00137199,0.999999,0.000705608}
  origin: {-32.4266,-38.0945,-43.1209}
  distance: -48.1841
  pixel to millimeter strategy: SimplePxMmStrategy

Panel:
  name: Panel1
  type: SENSOR_PAD
  identifier: 
  pixel_size:{0.1,0.1}
  image_size: {385,775}
  trusted_range: {0,2.09546e+06}
  thickness: 0
  material: 
  mu: 0
  gain: 1
  pedestal: 0
  fast_axis: {0.884735,-0.00143072,0.466092}
  slow_axis: {0.00133554,0.999999,0.000534486}
  origin: {8.38349,-38.1604,-49.4162}
  distance: -47.6335
  pixel to millimeter strategy: SimplePxMmStrategy

Goniometer:
    Rotation axis:   {0,-1,0}
    Fixed rotation:  {0.539928,-0.641753,0.544639,0.224324,0.733371,0.641753,-0.811269,-0.224324,0.539928}
    Setting rotation:{1,0,0,0,1,0,0,0,1}
    Axis #0 (PHI):  {0,-1,0}
    Axis #1 (KAPPA=CHI):  {0,-0.64379,0.765202}
    Axis #2 (OMEGA):  {0,-1,0}
    Angles: -90,57,-7
    scan axis: #2 (OMEGA)

Scan:
    number of images:   92
    image range:   {1,92}
    epoch:    0
    exposure time:    2
    oscillation:   {-7,0.5}

Crystal:
    Unit cell: 5.7929(9), 5.9663(4), 12.294(2), 90.0, 90.0, 90.0
    Space group: P 2 2 2
    U matrix:  {{-0.258986,  0.367672, -0.893165},
                { 0.965412,  0.127357, -0.227508},
                { 0.030102, -0.921194, -0.387939}}
    B matrix:  {{ 0.172626,  0.000000,  0.000000},
                { 0.000000,  0.167607,  0.000000},
                { 0.000000, -0.000000,  0.081343}}
    A = UB:    {{-0.044708,  0.061624, -0.072653},
                { 0.166656,  0.021346, -0.018506},
                { 0.005196, -0.154398, -0.031556}}
    A sampled at 93 scan points

================================================================================

Experiments

Models for experiment 1

Beam:
    probe: x-ray
    wavelength: 0.71073
    sample to source direction : {-0,-0.000256879,1}
    divergence: 0
    sigma divergence: 0
    polarization normal: {0,1,0.000256879}
    polarization fraction: 0.5
    flux: 0
    transmission: 1
    sample to source distance: 0

Detector:
Panel:
  name: Panel0
  type: SENSOR_PAD
  identifier: 
  pixel_size:{0.1,0.1}
  image_size: {385,775}
  trusted_range: {0,2.09546e+06}
  thickness: 0
  material: 
  mu: 0
  gain: 1
  pedestal: 0
  fast_axis: {0.983914,-0.00122387,-0.178637}
  slow_axis: {0.00137199,0.999999,0.000705608}
  origin: {-32.4266,-38.0945,-43.1209}
  distance: -48.1841
  pixel to millimeter strategy: SimplePxMmStrategy

Panel:
  name: Panel1
  type: SENSOR_PAD
  identifier: 
  pixel_size:{0.1,0.1}
  image_size: {385,775}
  trusted_range: {0,2.09546e+06}
  thickness: 0
  material: 
  mu: 0
  gain: 1
  pedestal: 0
  fast_axis: {0.884735,-0.00143072,0.466092}
  slow_axis: {0.00133554,0.999999,0.000534486}
  origin: {8.38349,-38.1604,-49.4162}
  distance: -47.6335
  pixel to millimeter strategy: SimplePxMmStrategy

Goniometer:
    Rotation axis:   {0,-1,0}
    Fixed rotation:  {0.739911,-0.641753,0.201707,0.515147,0.733371,0.443612,-0.432615,-0.224324,0.873225}
    Setting rotation:{1,0,0,0,1,0,0,0,1}
    Axis #0 (PHI):  {0,-1,0}
    Axis #1 (KAPPA=CHI):  {0,-0.64379,0.765202}
    Axis #2 (OMEGA):  {0,-1,0}
    Angles: -60,57,-7
    scan axis: #2 (OMEGA)

Scan:
    number of images:   92
    image range:   {1,92}
    epoch:    0
    exposure time:    2
    oscillation:   {-7,0.5}

Crystal:
    Unit cell: 5.7929(6), 5.9663(6), 12.294(7), 90.0, 90.0, 90.0
    Space group: P 2 2 2
    U matrix:  {{-0.258986,  0.367672, -0.893165},
                { 0.965412,  0.127357, -0.227508},
                { 0.030102, -0.921194, -0.387939}}
    B matrix:  {{ 0.172626,  0.000000,  0.000000},
                { 0.000000,  0.167607,  0.000000},
                { 0.000000, -0.000000,  0.081343}}
    A = UB:    {{-0.044708,  0.061624, -0.072653},
                { 0.166656,  0.021346, -0.018506},
                { 0.005196, -0.154398, -0.031556}}
    A sampled at 93 scan points

================================================================================

Experiments

Models for experiment 2

Beam:
    probe: x-ray
    wavelength: 0.71073
    sample to source direction : {-0,-0.000256879,1}
    divergence: 0
    sigma divergence: 0
    polarization normal: {0,1,0.000256879}
    polarization fraction: 0.5
    flux: 0
    transmission: 1
    sample to source distance: 0

Detector:
Panel:
  name: Panel0
  type: SENSOR_PAD
  identifier: 
  pixel_size:{0.1,0.1}
  image_size: {385,775}
  trusted_range: {0,2.09546e+06}
  thickness: 0
  material: 
  mu: 0
  gain: 1
  pedestal: 0
  fast_axis: {0.890917,-0.00183637,-0.454162}
  slow_axis: {0.00250205,0.999996,0.000864795}
  origin: {-43.4721,-38.0356,-31.9757}
  distance: -48.1585
  pixel to millimeter strategy: SimplePxMmStrategy

Panel:
  name: Panel1
  type: SENSOR_PAD
  identifier: 
  pixel_size:{0.1,0.1}
  image_size: {385,775}
  trusted_range: {0,2.09546e+06}
  thickness: 0
  material: 
  mu: 0
  gain: 1
  pedestal: 0
  fast_axis: {0.981272,-0.00254707,0.192612}
  slow_axis: {0.00231029,0.999996,0.0014539}
  origin: {-6.20221,-38.1236,-49.7814}
  distance: -47.6171
  pixel to millimeter strategy: SimplePxMmStrategy

Goniometer:
    Rotation axis:   {0,-1,0}
    Fixed rotation:  {-0.943392,-0.261715,0.203756,-0.262193,0.964688,0.0251371,-0.203139,-0.0297092,-0.978699}
    Setting rotation:{1,0,0,0,1,0,0,0,1}
    Axis #0 (PHI):  {0,-1,0}
    Axis #1 (KAPPA=CHI):  {0,-0.64379,0.765202}
    Axis #2 (OMEGA):  {0,-1,0}
    Angles: 179,20,-1
    scan axis: #2 (OMEGA)

Scan:
    number of images:   150
    image range:   {1,150}
    epoch:    0
    exposure time:    2
    oscillation:   {-1,0.5}

Crystal:
    Unit cell: 5.7929(5), 5.96635(19), 12.2936(19), 90.0, 90.0, 90.0
    Space group: P 2 2 2
    U matrix:  {{-0.258986,  0.367672, -0.893165},
                { 0.965412,  0.127357, -0.227508},
                { 0.030102, -0.921194, -0.387939}}
    B matrix:  {{ 0.172626,  0.000000,  0.000000},
                { 0.000000,  0.167607,  0.000000},
                { 0.000000, -0.000000,  0.081343}}
    A = UB:    {{-0.044708,  0.061624, -0.072653},
                { 0.166656,  0.021346, -0.018506},
                { 0.005196, -0.154398, -0.031556}}
    A sampled at 151 scan points

================================================================================

Experiments

Models for experiment 3

Beam:
    probe: x-ray
    wavelength: 0.71073
    sample to source direction : {-0,-0.000256879,1}
    divergence: 0
    sigma divergence: 0
    polarization normal: {0,1,0.000256879}
    polarization fraction: 0.5
    flux: 0
    transmission: 1
    sample to source distance: 0

Detector:
Panel:
  name: Panel0
  type: SENSOR_PAD
  identifier: 
  pixel_size:{0.1,0.1}
  image_size: {385,775}
  trusted_range: {0,2.09546e+06}
  thickness: 0
  material: 
  mu: 0
  gain: 1
  pedestal: 0
  fast_axis: {0.984099,0.000468122,-0.177623}
  slow_axis: {-0.000457954,1,9.82417e-05}
  origin: {-32.3584,-38.1387,-43.1288}
  distance: -48.1901
  pixel to millimeter strategy: SimplePxMmStrategy

Panel:
  name: Panel1
  type: SENSOR_PAD
  identifier: 
  pixel_size:{0.1,0.1}
  image_size: {385,775}
  trusted_range: {0,2.09546e+06}
  thickness: 0
  material: 
  mu: 0
  gain: 1
  pedestal: 0
  fast_axis: {0.884969,-6.99603e-05,0.465649}
  slow_axis: {-0.000362815,1,0.000839775}
  origin: {8.45117,-38.131,-49.4371}
  distance: -47.6508
  pixel to millimeter strategy: SimplePxMmStrategy

Goniometer:
    Rotation axis:   {0,-1,0}
    Fixed rotation:  {0.472457,0.755781,0.453408,-0.87126,0.322868,0.369679,0.133005,-0.569694,0.811023}
    Setting rotation:{1,0,0,0,1,0,0,0,1}
    Axis #0 (PHI):  {0,-1,0}
    Axis #1 (KAPPA=CHI):  {0,-0.64379,0.765202}
    Axis #2 (OMEGA):  {0,-1,0}
    Angles: 60,-99,-4
    scan axis: #2 (OMEGA)

Scan:
    number of images:   58
    image range:   {1,58}
    epoch:    0
    exposure time:    2
    oscillation:   {-4,0.5}

Crystal:
    Unit cell: 5.7929(6), 5.9663(9), 12.294(8), 90.0, 90.0, 90.0
    Space group: P 2 2 2
    U matrix:  {{-0.258986,  0.367672, -0.893165},
                { 0.965412,  0.127357, -0.227508},
                { 0.030102, -0.921194, -0.387939}}
    B matrix:  {{ 0.172626,  0.000000,  0.000000},
                { 0.000000,  0.167607,  0.000000},
                { 0.000000, -0.000000,  0.081343}}
    A = UB:    {{-0.044708,  0.061624, -0.072653},
                { 0.166656,  0.021346, -0.018506},
                { 0.005196, -0.154398, -0.031556}}
    A sampled at 59 scan points

================================================================================

Experiments

Models for experiment 4

Beam:
    probe: x-ray
    wavelength: 0.71073
    sample to source direction : {-0,-0.000256879,1}
    divergence: 0
    sigma divergence: 0
    polarization normal: {0,1,0.000256879}
    polarization fraction: 0.5
    flux: 0
    transmission: 1
    sample to source distance: 0

Detector:
Panel:
  name: Panel0
  type: SENSOR_PAD
  identifier: 
  pixel_size:{0.1,0.1}
  image_size: {385,775}
  trusted_range: {0,2.09546e+06}
  thickness: 0
  material: 
  mu: 0
  gain: 1
  pedestal: 0
  fast_axis: {0.890644,0.00150494,-0.454698}
  slow_axis: {-0.00151674,0.999999,0.000338821}
  origin: {-43.313,-38.1962,-31.9449}
  distance: -48.1607
  pixel to millimeter strategy: SimplePxMmStrategy

Panel:
  name: Panel1
  type: SENSOR_PAD
  identifier: 
  pixel_size:{0.1,0.1}
  image_size: {385,775}
  trusted_range: {0,2.09546e+06}
  thickness: 0
  material: 
  mu: 0
  gain: 1
  pedestal: 0
  fast_axis: {0.981179,0.00148541,0.193094}
  slow_axis: {-0.0016393,0.999998,0.000637178}
  origin: {-6.04137,-38.1397,-49.7697}
  distance: -47.6305
  pixel to millimeter strategy: SimplePxMmStrategy

Goniometer:
    Rotation axis:   {0,-1,0}
    Fixed rotation:  {0.964938,0.261715,0.0200044,-0.262172,0.964688,0.0253535,-0.0126626,-0.0297092,0.999478}
    Setting rotation:{1,0,0,0,1,0,0,0,1}
    Axis #0 (PHI):  {0,-1,0}
    Axis #1 (KAPPA=CHI):  {0,-0.64379,0.765202}
    Axis #2 (OMEGA):  {0,-1,0}
    Angles: 12,-20,-90
    scan axis: #2 (OMEGA)

Scan:
    number of images:   116
    image range:   {1,116}
    epoch:    0
    exposure time:    2
    oscillation:   {-90,0.5}

Crystal:
    Unit cell: 5.7929(3), 5.9663(16), 12.294(18), 90.0, 90.0, 90.0
    Space group: P 2 2 2
    U matrix:  {{-0.258986,  0.367672, -0.893165},
                { 0.965412,  0.127357, -0.227508},
                { 0.030102, -0.921194, -0.387939}}
    B matrix:  {{ 0.172626,  0.000000,  0.000000},
                { 0.000000,  0.167607,  0.000000},
                { 0.000000, -0.000000,  0.081343}}
    A = UB:    {{-0.044708,  0.061624, -0.072653},
                { 0.166656,  0.021346, -0.018506},
                { 0.005196, -0.154398, -0.031556}}
    A sampled at 117 scan points

================================================================================

Experiments

Models for experiment 5

Beam:
    probe: x-ray
    wavelength: 0.71073
    sample to source direction : {-0,-0.000256879,1}
    divergence: 0
    sigma divergence: 0
    polarization normal: {0,1,0.000256879}
    polarization fraction: 0.5
    flux: 0
    transmission: 1
    sample to source distance: 0

Detector:
Panel:
  name: Panel0
  type: SENSOR_PAD
  identifier: 
  pixel_size:{0.1,0.1}
  image_size: {385,775}
  trusted_range: {0,2.09546e+06}
  thickness: 0
  material: 
  mu: 0
  gain: 1
  pedestal: 0
  fast_axis: {0.890644,0.00150494,-0.454698}
  slow_axis: {-0.00151674,0.999999,0.000338821}
  origin: {-43.313,-38.1962,-31.9449}
  distance: -48.1607
  pixel to millimeter strategy: SimplePxMmStrategy

Panel:
  name: Panel1
  type: SENSOR_PAD
  identifier: 
  pixel_size:{0.1,0.1}
  image_size: {385,775}
  trusted_range: {0,2.09546e+06}
  thickness: 0
  material: 
  mu: 0
  gain: 1
  pedestal: 0
  fast_axis: {0.981179,0.00148541,0.193094}
  slow_axis: {-0.0016393,0.999998,0.000637178}
  origin: {-6.04137,-38.1397,-49.7697}
  distance: -47.6305
  pixel to millimeter strategy: SimplePxMmStrategy

Goniometer:
    Rotation axis:   {0,-1,0}
    Fixed rotation:  {-0.654276,0.249125,0.714044,0.147806,0.968099,-0.202329,-0.741671,-0.0268392,-0.670226}
    Setting rotation:{1,0,0,0,1,0,0,0,1}
    Axis #0 (PHI):  {0,-1,0}
    Axis #1 (KAPPA=CHI):  {0,-0.64379,0.765202}
    Axis #2 (OMEGA):  {0,-1,0}
    Angles: -120,-19,-89
    scan axis: #2 (OMEGA)

Scan:
    number of images:   108
    image range:   {1,108}
    epoch:    0
    exposure time:    2
    oscillation:   {-89,0.5}

Crystal:
    Unit cell: 5.79286(17), 5.9663(4), 12.294(5), 90.0, 90.0, 90.0
    Space group: P 2 2 2
    U matrix:  {{-0.258986,  0.367672, -0.893165},
                { 0.965412,  0.127357, -0.227508},
                { 0.030102, -0.921194, -0.387939}}
    B matrix:  {{ 0.172626,  0.000000,  0.000000},
                { 0.000000,  0.167607,  0.000000},
                { 0.000000, -0.000000,  0.081343}}
    A = UB:    {{-0.044708,  0.061624, -0.072653},
                { 0.166656,  0.021346, -0.018506},
                { 0.005196, -0.154398, -0.031556}}
    A sampled at 109 scan points

================================================================================

Initialising
Processing reference reflections
 read 2821 strong spots
 removing 107 unindexed reflections
 removing 710 reflections marked as bad for refinement
 using 2004 indexed reflections
 found 817 junk reflections
 masked neighbouring pixels in 0 shoeboxes

================================================================================

Predicting reflections
Prediction type: scan varying crystal prediction
Predicted 662 reflections
Prediction type: scan varying crystal prediction
Predicted 667 reflections
Prediction type: scan varying crystal prediction
Predicted 1103 reflections
Prediction type: scan varying crystal prediction
Predicted 433 reflections
Prediction type: scan varying crystal prediction
Predicted 859 reflections
Prediction type: scan varying crystal prediction
Predicted 770 reflections
Matching reference spots with predicted reflections
 2004 observed reflections input
 4494 reflections predicted
 2004 reflections matched
 2004 reflections accepted
Using 291 / 291 reflections for sigma calculation
Calculating E.S.D Beam Divergence.
Calculating E.S.D Reflecting Range (mosaicity).
 sigma b: 0.152810 degrees
 sigma m: 0.205970 degrees
Using 306 / 306 reflections for sigma calculation
Calculating E.S.D Beam Divergence.
Calculating E.S.D Reflecting Range (mosaicity).
 sigma b: 0.156585 degrees
 sigma m: 0.204151 degrees
Using 448 / 448 reflections for sigma calculation
Calculating E.S.D Beam Divergence.
Calculating E.S.D Reflecting Range (mosaicity).
 sigma b: 0.155594 degrees
 sigma m: 0.226194 degrees
Using 191 / 191 reflections for sigma calculation
Calculating E.S.D Beam Divergence.
Calculating E.S.D Reflecting Range (mosaicity).
 sigma b: 0.160323 degrees
 sigma m: 0.161279 degrees
Using 424 / 424 reflections for sigma calculation
Calculating E.S.D Beam Divergence.
Calculating E.S.D Reflecting Range (mosaicity).
 sigma b: 0.152346 degrees
 sigma m: 0.251930 degrees
Using 344 / 344 reflections for sigma calculation
Calculating E.S.D Beam Divergence.
Calculating E.S.D Reflecting Range (mosaicity).
 sigma b: 0.153842 degrees
 sigma m: 0.275613 degrees
================================================================================

Processing reflections

 Processing the following experiments:

 Experiments: 6
 Beams:       1
 Detectors:   4
 Goniometers: 6
 Scans:       6
 Crystals:    6
 Imagesets:   6

================================================================================

Modelling reflection profiles

 Split 1 reflections overlapping job boundaries

Memory situation report:
  Available system memory                           : 19685.2 MB
  Maximum memory for processing                     : 15748.1 MB
  Current memory usage                              : 234.5 MB
  Memory required for shoeboxes                     :   1.0 MB
  Memory required per process                       : 235.6 MB

Processing reflections in the following blocks of images:

 block_size: Auto 

+-----+---------+--------------+------------+--------------+------------+-----------------+
|   # |   Group |   Frame From |   Frame To |   Angle From |   Angle To |   # Reflections |
|-----+---------+--------------+------------+--------------+------------+-----------------|
|   0 |       0 |            1 |         29 |         -7   |        7.5 |              80 |
|   1 |       0 |           23 |         51 |          4   |       18.5 |              82 |
|   2 |       0 |           45 |         73 |         15   |       29.5 |              64 |
|   3 |       0 |           67 |         92 |         26   |       39   |              66 |
|   4 |       1 |            1 |         29 |         -7   |        7.5 |              99 |
|   5 |       1 |           23 |         51 |          4   |       18.5 |              75 |
|   6 |       1 |           45 |         73 |         15   |       29.5 |              53 |
|   7 |       1 |           67 |         92 |         26   |       39   |              79 |
|   8 |       2 |            1 |         43 |         -1   |       20.5 |             112 |
|   9 |       2 |           37 |         79 |         17   |       38.5 |             114 |
|  10 |       2 |           73 |        115 |         35   |       56.5 |             106 |
|  11 |       2 |          109 |        150 |         53   |       74   |             116 |
|  12 |       3 |            1 |         20 |         -4   |        6   |              51 |
|  13 |       3 |           14 |         33 |          2.5 |       12.5 |              48 |
|  14 |       3 |           27 |         46 |          9   |       19   |              42 |
|  15 |       3 |           40 |         58 |         15.5 |       25   |              50 |
|  16 |       4 |            1 |         35 |        -90   |      -72.5 |             123 |
|  17 |       4 |           29 |         63 |        -76   |      -58.5 |              99 |
|  18 |       4 |           57 |         91 |        -62   |      -44.5 |              97 |
|  19 |       4 |           85 |        116 |        -48   |      -32   |             105 |
|  20 |       5 |            1 |         33 |        -89   |      -72.5 |              78 |
|  21 |       5 |           27 |         59 |        -76   |      -59.5 |              89 |
|  22 |       5 |           53 |         85 |        -63   |      -46.5 |              75 |
|  23 |       5 |           79 |        108 |        -50   |      -35   |             102 |
+-----+---------+--------------+------------+--------------+------------+-----------------+

 Using multiprocessing with 4 parallel job(s)


 Frames: 1 -> 29

 Number of reflections
  Partial:     2
  Full:        78
  In ice ring: 0
  Total:       80


 Frames: 23 -> 51

 Number of reflections
  Partial:     1
  Full:        81
  In ice ring: 0
  Total:       82


 Frames: 45 -> 73

 Number of reflections
  Partial:     0
  Full:        64
  In ice ring: 0
  Total:       64


 Frames: 67 -> 92

 Number of reflections
  Partial:     2
  Full:        64
  In ice ring: 0
  Total:       66


 Frames: 1 -> 29

 Number of reflections
  Partial:     2
  Full:        97
  In ice ring: 0
  Total:       99


 Frames: 23 -> 51

 Number of reflections
  Partial:     0
  Full:        75
  In ice ring: 0
  Total:       75


 Frames: 45 -> 73

 Number of reflections
  Partial:     0
  Full:        53
  In ice ring: 0
  Total:       53


 Frames: 67 -> 92

 Number of reflections
  Partial:     3
  Full:        76
  In ice ring: 0
  Total:       79


 Frames: 1 -> 43

 Number of reflections
  Partial:     4
  Full:        108
  In ice ring: 0
  Total:       112


 Frames: 37 -> 79

 Number of reflections
  Partial:     0
  Full:        114
  In ice ring: 0
  Total:       114


 Frames: 73 -> 115

 Number of reflections
  Partial:     0
  Full:        106
  In ice ring: 0
  Total:       106


 Frames: 109 -> 150

 Number of reflections
  Partial:     3
  Full:        113
  In ice ring: 0
  Total:       116


 Frames: 1 -> 20

 Number of reflections
  Partial:     4
  Full:        47
  In ice ring: 0
  Total:       51


 Frames: 14 -> 33

 Number of reflections
  Partial:     0
  Full:        48
  In ice ring: 0
  Total:       48


 Frames: 27 -> 46

 Number of reflections
  Partial:     0
  Full:        42
  In ice ring: 0
  Total:       42


 Frames: 40 -> 58

 Number of reflections
  Partial:     3
  Full:        47
  In ice ring: 0
  Total:       50


 Frames: 1 -> 35

 Number of reflections
  Partial:     14
  Full:        109
  In ice ring: 0
  Total:       123


 Frames: 29 -> 63

 Number of reflections
  Partial:     0
  Full:        99
  In ice ring: 0
  Total:       99


 Frames: 57 -> 91

 Number of reflections
  Partial:     0
  Full:        97
  In ice ring: 0
  Total:       97


 Frames: 85 -> 116

 Number of reflections
  Partial:     2
  Full:        103
  In ice ring: 0
  Total:       105


 Frames: 1 -> 33

 Number of reflections
  Partial:     10
  Full:        68
  In ice ring: 0
  Total:       78


 Frames: 27 -> 59

 Number of reflections
  Partial:     0
  Full:        89
  In ice ring: 0
  Total:       89


 Frames: 53 -> 85

 Number of reflections
  Partial:     0
  Full:        75
  In ice ring: 0
  Total:       75


 Frames: 79 -> 108

 Number of reflections
  Partial:     5
  Full:        97
  In ice ring: 0
  Total:       102


 Summary of profile model
+------+-----------+-----------+----------+----------+----------+-----------------+
|   ID |   Profile | Created   |   X (px) |   Y (px) |   Z (im) |   # reflections |
|------+-----------+-----------+----------+----------+----------+-----------------|
|    0 |         0 | True      |        0 |        0 |     4.6  |              50 |
|    0 |         1 | True      |        0 |        0 |    13.8  |              88 |
|    0 |         2 | True      |        0 |        0 |    23    |              95 |
|    0 |         3 | True      |        0 |        0 |    32.2  |              95 |
|    0 |         4 | True      |        0 |        0 |    41.4  |              84 |
|    0 |         5 | True      |        0 |        0 |    50.6  |              78 |
|    0 |         6 | True      |        0 |        0 |    59.8  |              87 |
|    0 |         7 | True      |        0 |        0 |    69    |              87 |
|    0 |         8 | True      |        0 |        0 |    78.2  |              75 |
|    0 |         9 | True      |        0 |        0 |    87.4  |              42 |
|    1 |         0 | True      |        0 |        0 |     4.6  |              68 |
|    1 |         1 | True      |        0 |        0 |    13.8  |             100 |
|    1 |         2 | True      |        0 |        0 |    23    |              96 |
|    1 |         3 | True      |        0 |        0 |    32.2  |              91 |
|    1 |         4 | True      |        0 |        0 |    41.4  |              90 |
|    1 |         5 | True      |        0 |        0 |    50.6  |              74 |
|    1 |         6 | True      |        0 |        0 |    59.8  |              84 |
|    1 |         7 | True      |        0 |        0 |    69    |              79 |
|    1 |         8 | True      |        0 |        0 |    78.2  |              80 |
|    1 |         9 | True      |        0 |        0 |    87.4  |              45 |
|    2 |         0 | True      |        0 |        0 |     4.69 |              40 |
|    2 |         1 | True      |        0 |        0 |    14.06 |              64 |
|    2 |         2 | True      |        0 |        0 |    23.44 |              80 |
|    2 |         3 | True      |        0 |        0 |    32.81 |              86 |
|    2 |         4 | True      |        0 |        0 |    42.19 |              96 |
|    2 |         5 | True      |        0 |        0 |    51.56 |              90 |
|    2 |         6 | True      |        0 |        0 |    60.94 |              89 |
|    2 |         7 | True      |        0 |        0 |    70.31 |              83 |
|    2 |         8 | True      |        0 |        0 |    79.69 |              86 |
|    2 |         9 | True      |        0 |        0 |    89.06 |              79 |
|    2 |        10 | True      |        0 |        0 |    98.44 |              78 |
|    2 |        11 | True      |        0 |        0 |   107.81 |              78 |
|    2 |        12 | True      |        0 |        0 |   117.19 |              86 |
|    2 |        13 | True      |        0 |        0 |   126.56 |              91 |
|    2 |        14 | True      |        0 |        0 |   135.94 |              77 |
|    2 |        15 | True      |        0 |        0 |   145.31 |              49 |
|    3 |         0 | True      |        0 |        0 |     4.83 |              54 |
|    3 |         1 | True      |        0 |        0 |    14.5  |              90 |
|    3 |         2 | True      |        0 |        0 |    24.17 |              92 |
|    3 |         3 | True      |        0 |        0 |    33.83 |              94 |
|    3 |         4 | True      |        0 |        0 |    43.5  |              83 |
|    3 |         5 | True      |        0 |        0 |    53.17 |              52 |
|    4 |         0 | True      |        0 |        0 |     4.83 |              64 |
|    4 |         1 | True      |        0 |        0 |    14.5  |              97 |
|    4 |         2 | True      |        0 |        0 |    24.17 |              99 |
|    4 |         3 | True      |        0 |        0 |    33.83 |              97 |
|    4 |         4 | True      |        0 |        0 |    43.5  |             105 |
|    4 |         5 | True      |        0 |        0 |    53.17 |              96 |
|    4 |         6 | True      |        0 |        0 |    62.83 |             102 |
|    4 |         7 | True      |        0 |        0 |    72.5  |              95 |
|    4 |         8 | True      |        0 |        0 |    82.17 |             107 |
|    4 |         9 | True      |        0 |        0 |    91.83 |             102 |
|    4 |        10 | True      |        0 |        0 |   101.5  |             102 |
|    4 |        11 | True      |        0 |        0 |   111.17 |              67 |
|    5 |         0 | True      |        0 |        0 |     4.91 |              40 |
|    5 |         1 | True      |        0 |        0 |    14.73 |              64 |
|    5 |         2 | True      |        0 |        0 |    24.55 |              72 |
|    5 |         3 | True      |        0 |        0 |    34.36 |              90 |
|    5 |         4 | True      |        0 |        0 |    44.18 |              94 |
|    5 |         5 | True      |        0 |        0 |    54    |              89 |
|    5 |         6 | True      |        0 |        0 |    63.82 |              77 |
|    5 |         7 | True      |        0 |        0 |    73.64 |              92 |
|    5 |         8 | True      |        0 |        0 |    83.45 |             101 |
|    5 |         9 | True      |        0 |        0 |    93.27 |             103 |
|    5 |        10 | True      |        0 |        0 |   103.09 |              60 |
+------+-----------+-----------+----------+----------+----------+-----------------+


Timing information for reference profile formation
+-------------------+--------------+
| Read time         | 4.64 seconds |
| Extract time      | 0.02 seconds |
| Pre-process time  | 0.00 seconds |
| Process time      | 1.92 seconds |
| Post-process time | 0.00 seconds |
| Total time        | 6.65 seconds |
+-------------------+--------------+

================================================================================

Integrating reflections

 Split 35 reflections overlapping job boundaries

Memory situation report:
  Available system memory                           : 19685.2 MB
  Maximum memory for processing                     : 15748.1 MB
  Current memory usage                              : 243.0 MB
  Memory required for shoeboxes                     :   2.8 MB
  Memory required per process                       : 245.8 MB

Processing reflections in the following blocks of images:

 block_size: Auto 

+-----+---------+--------------+------------+--------------+------------+-----------------+
|   # |   Group |   Frame From |   Frame To |   Angle From |   Angle To |   # Reflections |
|-----+---------+--------------+------------+--------------+------------+-----------------|
|   0 |       0 |            1 |         29 |         -7   |        7.5 |             188 |
|   1 |       0 |           22 |         50 |          3.5 |       18   |             153 |
|   2 |       0 |           43 |         71 |         14   |       28.5 |             136 |
|   3 |       0 |           64 |         92 |         24.5 |       39   |             188 |
|   4 |       1 |            1 |         29 |         -7   |        7.5 |             195 |
|   5 |       1 |           22 |         50 |          3.5 |       18   |             150 |
|   6 |       1 |           43 |         71 |         14   |       28.5 |             150 |
|   7 |       1 |           64 |         92 |         24.5 |       39   |             181 |
|   8 |       2 |            1 |         44 |         -1   |       21   |             293 |
|   9 |       2 |           37 |         80 |         17   |       39   |             263 |
|  10 |       2 |           73 |        116 |         35   |       57   |             259 |
|  11 |       2 |          109 |        150 |         53   |       74   |             291 |
|  12 |       3 |            1 |         21 |         -4   |        6.5 |             128 |
|  13 |       3 |           14 |         34 |          2.5 |       13   |              98 |
|  14 |       3 |           27 |         47 |          9   |       19.5 |              83 |
|  15 |       3 |           40 |         58 |         15.5 |       25   |             125 |
|  16 |       4 |            1 |         35 |        -90   |      -72.5 |             244 |
|  17 |       4 |           28 |         62 |        -76.5 |      -59   |             200 |
|  18 |       4 |           55 |         89 |        -63   |      -45.5 |             194 |
|  19 |       4 |           82 |        116 |        -49.5 |      -32   |             225 |
|  20 |       5 |            1 |         33 |        -89   |      -72.5 |             212 |
|  21 |       5 |           26 |         58 |        -76.5 |      -60   |             186 |
|  22 |       5 |           51 |         83 |        -64   |      -47.5 |             158 |
|  23 |       5 |           76 |        108 |        -51.5 |      -35   |             217 |
+-----+---------+--------------+------------+--------------+------------+-----------------+

 Using multiprocessing with 4 parallel job(s)


 Frames: 0 -> 29

 Number of reflections
  Partial:     26
  Full:        162
  In ice ring: 0
  Integrate:   188
  Total:       188


 Frames: 21 -> 50

 Number of reflections
  Partial:     2
  Full:        151
  In ice ring: 0
  Integrate:   153
  Total:       153


 Frames: 42 -> 71

 Number of reflections
  Partial:     2
  Full:        134
  In ice ring: 0
  Integrate:   136
  Total:       136


 Frames: 63 -> 92

 Number of reflections
  Partial:     31
  Full:        157
  In ice ring: 0
  Integrate:   188
  Total:       188


 Frames: 0 -> 29

 Number of reflections
  Partial:     25
  Full:        170
  In ice ring: 0
  Integrate:   195
  Total:       195


 Frames: 21 -> 50

 Number of reflections
  Partial:     3
  Full:        147
  In ice ring: 0
  Integrate:   150
  Total:       150


 Frames: 42 -> 71

 Number of reflections
  Partial:     7
  Full:        143
  In ice ring: 0
  Integrate:   150
  Total:       150


 Frames: 63 -> 92

 Number of reflections
  Partial:     24
  Full:        157
  In ice ring: 0
  Integrate:   181
  Total:       181


 Frames: 0 -> 44

 Number of reflections
  Partial:     24
  Full:        269
  In ice ring: 0
  Integrate:   293
  Total:       293


 Frames: 36 -> 80

 Number of reflections
  Partial:     3
  Full:        260
  In ice ring: 0
  Integrate:   263
  Total:       263


 Frames: 72 -> 116

 Number of reflections
  Partial:     2
  Full:        257
  In ice ring: 0
  Integrate:   259
  Total:       259


 Frames: 108 -> 150

 Number of reflections
  Partial:     34
  Full:        257
  In ice ring: 0
  Integrate:   291
  Total:       291


 Frames: 0 -> 21

 Number of reflections
  Partial:     28
  Full:        100
  In ice ring: 0
  Integrate:   128
  Total:       128


 Frames: 13 -> 34

 Number of reflections
  Partial:     0
  Full:        98
  In ice ring: 0
  Integrate:   98
  Total:       98


 Frames: 26 -> 47

 Number of reflections
  Partial:     1
  Full:        82
  In ice ring: 0
  Integrate:   83
  Total:       83


 Frames: 39 -> 58

 Number of reflections
  Partial:     26
  Full:        99
  In ice ring: 0
  Integrate:   125
  Total:       125


 Frames: 0 -> 35

 Number of reflections
  Partial:     37
  Full:        207
  In ice ring: 0
  Integrate:   244
  Total:       244


 Frames: 27 -> 62

 Number of reflections
  Partial:     6
  Full:        194
  In ice ring: 0
  Integrate:   200
  Total:       200


 Frames: 54 -> 89

 Number of reflections
  Partial:     6
  Full:        188
  In ice ring: 0
  Integrate:   194
  Total:       194


 Frames: 81 -> 116

 Number of reflections
  Partial:     25
  Full:        200
  In ice ring: 0
  Integrate:   225
  Total:       225


 Frames: 0 -> 33

 Number of reflections
  Partial:     32
  Full:        180
  In ice ring: 0
  Integrate:   212
  Total:       212


 Frames: 25 -> 58

 Number of reflections
  Partial:     2
  Full:        184
  In ice ring: 0
  Integrate:   186
  Total:       186


 Frames: 50 -> 83

 Number of reflections
  Partial:     1
  Full:        157
  In ice ring: 0
  Integrate:   158
  Total:       158


 Frames: 75 -> 108

 Number of reflections
  Partial:     20
  Full:        197
  In ice ring: 0
  Integrate:   217
  Total:       217


 Summary vs image number
+------+---------+----------+----------+----------+---------+---------+---------+-------+----------+----------+----------+-----------+
|   ID |   Image |   # full |   # part |   # over |   # ice |   # sum |   # prf |   Ibg |   I/sigI |   I/sigI |   CC prf |   RMSD XY |
|      |         |          |          |          |         |         |         |       |    (sum) |    (prf) |          |           |
|------+---------+----------+----------+----------+---------+---------+---------+-------+----------+----------+----------+-----------|
|    0 |       1 |        0 |       22 |        0 |       0 |      21 |       6 |  0.04 |     7.37 |    23.12 |     0.69 |      1.06 |
|    0 |       2 |        1 |        2 |        0 |       0 |       3 |       3 |  0.07 |    35.31 |    38.35 |     0.93 |      0.26 |
|    0 |       3 |        3 |        0 |        0 |       0 |       3 |       3 |  0.04 |    12.27 |    12.21 |     0.88 |      0.18 |
|    0 |       4 |        9 |        0 |        0 |       0 |       8 |       8 |  0.05 |    13.54 |    13.52 |     0.89 |      0.18 |
|    0 |       5 |        4 |        0 |        0 |       0 |       3 |       3 |  0.04 |    13.22 |    13.3  |     0.85 |      0.28 |
|    0 |       6 |        5 |        0 |        0 |       0 |       5 |       5 |  0.04 |    13.37 |    13.32 |     0.82 |      0.25 |
|    0 |       7 |        9 |        0 |        0 |       0 |       8 |       8 |  0.04 |    10.64 |    10.58 |     0.71 |      0.57 |
|    0 |       8 |       14 |        0 |        0 |       0 |      14 |      14 |  0.05 |    12.96 |    13    |     0.82 |      0.29 |
|    0 |       9 |        5 |        0 |        0 |       0 |       5 |       5 |  0.07 |    11.95 |    11.73 |     0.75 |      0.27 |
|    0 |      10 |        7 |        1 |        0 |       0 |       7 |       8 |  0.04 |    16.61 |    15.59 |     0.79 |      0.28 |
|    0 |      11 |        5 |        0 |        0 |       0 |       4 |       4 |  0.07 |    20.2  |    20.01 |     0.79 |      0.24 |
|    0 |      12 |        4 |        0 |        0 |       0 |       4 |       4 |  0.04 |    15.83 |    15.69 |     0.88 |      0.18 |
|    0 |      13 |        5 |        0 |        0 |       0 |       5 |       5 |  0.05 |     8.58 |     8.33 |     0.65 |      0.46 |
|    0 |      14 |       10 |        0 |        0 |       0 |      10 |      10 |  0.06 |    19.56 |    19.51 |     0.79 |      0.19 |
|    0 |      15 |        3 |        0 |        0 |       0 |       2 |       3 |  0.03 |     2.75 |     2.18 |     0.42 |      0.78 |
|    0 |      16 |        9 |        0 |        0 |       0 |       9 |       9 |  0.05 |    14.55 |    14.37 |     0.79 |      0.35 |
|    0 |      17 |        8 |        0 |        0 |       0 |       7 |       7 |  0.03 |     7.32 |     7.05 |     0.67 |      0.33 |
|    0 |      18 |        3 |        0 |        0 |       0 |       3 |       3 |  0.04 |    10.86 |    11.05 |     0.7  |      0.07 |
|    0 |      19 |        4 |        0 |        0 |       0 |       4 |       4 |  0.08 |    25.22 |    25.22 |     0.96 |      0.11 |
|    0 |      20 |       12 |        0 |        0 |       0 |      12 |      12 |  0.05 |    14.26 |    14.34 |     0.81 |      0.36 |
|    0 |      21 |        8 |        0 |        0 |       0 |       6 |       6 |  0.05 |     8    |     8.35 |     0.65 |      0.61 |
|    0 |      22 |        5 |        0 |        0 |       0 |       5 |       5 |  0.05 |    22.36 |    22.19 |     0.71 |      0.44 |
|    0 |      23 |        8 |        0 |        0 |       0 |       7 |       8 |  0.04 |     7.43 |     7.95 |     0.7  |      0.36 |
|    0 |      24 |        9 |        0 |        0 |       0 |       9 |       9 |  0.06 |    18.43 |    18.5  |     0.93 |      0.16 |
|    0 |      25 |        7 |        0 |        0 |       0 |       7 |       7 |  0.03 |    10.91 |    10.77 |     0.76 |      0.18 |
|    0 |      26 |        8 |        2 |        0 |       0 |       9 |       9 |  0.06 |    13.57 |    17.05 |     0.74 |      0.48 |
|    0 |      27 |        8 |        0 |        0 |       0 |       8 |       8 |  0.05 |    16.13 |    16.15 |     0.85 |      0.27 |
|    0 |      28 |        7 |        0 |        0 |       0 |       7 |       7 |  0.04 |    10.98 |    11.05 |     0.69 |      0.37 |
|    0 |      29 |        6 |        0 |        0 |       0 |       5 |       5 |  0.05 |    16.49 |    16.48 |     0.93 |      0.26 |
|    0 |      30 |       11 |        0 |        0 |       0 |      11 |      11 |  0.06 |    18.47 |    18.52 |     0.86 |      0.21 |
|    0 |      31 |        8 |        0 |        0 |       0 |       8 |       8 |  0.05 |    11.85 |    11.93 |     0.89 |      0.12 |
|    0 |      32 |        8 |        0 |        0 |       0 |       8 |       8 |  0.05 |    12.62 |    12.68 |     0.86 |      0.24 |
|    0 |      33 |       10 |        0 |        0 |       0 |       9 |      10 |  0.05 |    12.92 |    12.07 |     0.75 |      0.26 |
|    0 |      34 |       11 |        0 |        0 |       0 |      11 |      11 |  0.05 |     9.68 |     9.94 |     0.7  |      0.27 |
|    0 |      35 |        8 |        0 |        0 |       0 |       8 |       8 |  0.06 |    33.96 |    33.94 |     0.82 |      0.26 |
|    0 |      36 |        3 |        0 |        0 |       0 |       2 |       2 |  0.04 |    19.28 |    19.29 |     0.86 |      0.13 |
|    0 |      37 |        5 |        0 |        0 |       0 |       3 |       3 |  0.03 |     8.01 |     7.88 |     0.7  |      0.71 |
|    0 |      38 |        3 |        0 |        0 |       0 |       3 |       3 |  0.05 |    11.89 |    12.03 |     0.88 |      0.19 |
|    0 |      39 |       12 |        0 |        0 |       0 |      12 |      12 |  0.04 |    12.8  |    12.79 |     0.82 |      0.3  |
|    0 |      40 |        6 |        0 |        0 |       0 |       6 |       6 |  0.04 |     6.45 |     6.53 |     0.85 |      0.38 |
|    0 |      41 |        7 |        0 |        0 |       0 |       7 |       7 |  0.05 |    13.95 |    14.01 |     0.92 |      0.13 |
|    0 |      42 |        5 |        0 |        0 |       0 |       4 |       4 |  0.03 |    15.7  |    15.76 |     0.59 |      0.43 |
|    0 |      43 |        4 |        0 |        0 |       0 |       4 |       4 |  0.04 |    11.16 |    11.32 |     0.86 |      0.27 |
|    0 |      44 |        3 |        0 |        0 |       0 |       3 |       3 |  0.06 |    11.45 |    11.41 |     0.83 |      0.18 |
|    0 |      45 |       11 |        2 |        0 |       0 |      12 |      12 |  0.04 |     8.64 |     7.76 |     0.68 |      0.37 |
|    0 |      46 |        8 |        0 |        0 |       0 |       6 |       7 |  0.04 |    10.94 |    10.67 |     0.83 |      0.4  |
|    0 |      47 |        6 |        0 |        0 |       0 |       5 |       6 |  0.07 |    22.81 |    20.71 |     0.86 |      0.18 |
|    0 |      48 |        9 |        0 |        0 |       0 |       8 |       9 |  0.05 |    10.29 |    10.19 |     0.78 |      0.28 |
|    0 |      49 |        5 |        0 |        0 |       0 |       4 |       4 |  0.03 |     7.41 |     7.81 |     0.63 |      0.55 |
|    0 |      50 |        9 |        0 |        0 |       0 |       9 |       9 |  0.05 |    15.25 |    15.19 |     0.71 |      0.45 |
|    0 |      51 |        6 |        0 |        0 |       0 |       6 |       6 |  0.06 |    23.22 |    23.16 |     0.67 |      0.52 |
|    0 |      52 |        6 |        0 |        0 |       0 |       5 |       5 |  0.04 |     8.41 |     8.55 |     0.75 |      0.48 |
|    0 |      53 |        5 |        0 |        0 |       0 |       5 |       5 |  0.05 |    12.41 |    12.43 |     0.9  |      0.17 |
|    0 |      54 |        8 |        0 |        0 |       0 |       8 |       8 |  0.05 |    15.26 |    15.03 |     0.81 |      0.29 |
|    0 |      55 |        8 |        0 |        0 |       0 |       8 |       8 |  0.04 |     9.03 |     9.07 |     0.77 |      0.32 |
|    0 |      56 |       11 |        0 |        0 |       0 |      10 |      11 |  0.04 |    10.48 |     9.75 |     0.84 |      0.17 |
|    0 |      57 |        5 |        0 |        0 |       0 |       5 |       5 |  0.04 |     9.89 |     9.67 |     0.72 |      0.44 |
|    0 |      58 |        4 |        0 |        0 |       0 |       4 |       4 |  0.05 |     8.06 |     8.04 |     0.76 |      0.38 |
|    0 |      59 |        7 |        0 |        0 |       0 |       5 |       6 |  0.07 |     9.03 |    26.67 |     0.8  |      0.37 |
|    0 |      60 |        8 |        0 |        0 |       0 |       8 |       8 |  0.03 |     8.38 |     8.45 |     0.78 |      0.27 |
|    0 |      61 |        7 |        0 |        0 |       0 |       7 |       7 |  0.04 |     7.75 |     7.92 |     0.78 |      0.37 |
|    0 |      62 |        9 |        0 |        0 |       0 |       8 |       8 |  0.09 |    38.13 |    38.25 |     0.87 |      0.18 |
|    0 |      63 |        8 |        0 |        0 |       0 |       7 |       8 |  0.06 |    12.8  |    12.32 |     0.85 |      0.27 |
|    0 |      64 |        1 |        0 |        0 |       0 |       1 |       1 |  0.04 |     2.2  |     1.42 |     0.42 |      0.51 |
|    0 |      65 |        2 |        0 |        0 |       0 |       2 |       2 |  0.04 |     2.64 |     3.3  |     0.47 |      1.15 |
|    0 |      66 |        8 |        0 |        0 |       0 |       8 |       8 |  0.04 |    11.54 |    11.56 |     0.88 |      0.16 |
|    0 |      67 |        5 |        0 |        0 |       0 |       5 |       5 |  0.04 |     9.52 |     9.71 |     0.76 |      0.41 |
|    0 |      68 |       10 |        2 |        0 |       0 |      12 |      12 |  0.05 |    18.45 |    23.88 |     0.63 |      0.53 |
|    0 |      69 |        9 |        0 |        0 |       0 |       9 |       9 |  0.04 |     9.22 |     9.31 |     0.81 |      0.32 |
|    0 |      70 |        5 |        0 |        0 |       0 |       5 |       5 |  0.07 |    13.42 |    13.4  |     0.83 |      0.22 |
|    0 |      71 |        6 |        0 |        0 |       0 |       6 |       6 |  0.04 |     9.99 |     9.97 |     0.85 |      0.28 |
|    0 |      72 |        8 |        0 |        0 |       0 |       8 |       8 |  0.05 |    11.77 |    11.84 |     0.85 |      0.18 |
|    0 |      73 |        7 |        0 |        0 |       0 |       7 |       7 |  0.05 |    12.29 |    12.24 |     0.84 |      0.24 |
|    0 |      74 |        5 |        0 |        0 |       0 |       5 |       5 |  0.06 |    15.14 |    15.27 |     0.94 |      0.11 |
|    0 |      75 |       10 |        0 |        0 |       0 |       8 |       9 |  0.05 |    15.47 |    15.03 |     0.81 |      0.31 |
|    0 |      76 |        9 |        0 |        0 |       0 |       7 |       7 |  0.04 |     7.85 |     7.72 |     0.67 |      0.53 |
|    0 |      77 |        9 |        0 |        0 |       0 |       9 |       9 |  0.06 |    15.49 |    15.56 |     0.84 |      0.26 |
|    0 |      78 |        5 |        0 |        0 |       0 |       4 |       4 |  0.05 |    17.48 |    17.56 |     0.91 |      0.26 |
|    0 |      79 |        6 |        0 |        0 |       0 |       6 |       6 |  0.04 |    13.5  |    13.49 |     0.73 |      0.45 |
|    0 |      80 |        4 |        0 |        0 |       0 |       4 |       4 |  0.04 |    10.68 |    10.66 |     0.9  |      0.21 |
|    0 |      81 |        7 |        0 |        0 |       0 |       7 |       7 |  0.06 |    15.07 |    15.23 |     0.86 |      0.15 |
|    0 |      82 |        6 |        0 |        0 |       0 |       6 |       6 |  0.04 |     8.95 |     8.92 |     0.79 |      0.4  |
|    0 |      83 |        6 |        0 |        0 |       0 |       6 |       6 |  0.08 |    25.03 |    25.1  |     0.93 |      0.12 |
|    0 |      84 |       10 |        0 |        0 |       0 |       8 |       8 |  0.04 |     9.31 |     9.15 |     0.81 |      0.25 |
|    0 |      85 |        7 |        0 |        0 |       0 |       7 |       7 |  0.04 |     8.5  |     8.76 |     0.65 |      0.33 |
|    0 |      86 |        6 |        0 |        0 |       0 |       6 |       6 |  0.06 |     7.52 |     7.77 |     0.67 |      0.29 |
|    0 |      87 |        2 |        1 |        0 |       0 |       3 |       3 |  0.08 |    66.83 |    68.74 |     0.49 |      0.59 |
|    0 |      88 |        5 |        0 |        0 |       0 |       5 |       5 |  0.04 |    13.47 |    13.48 |     0.91 |      0.14 |
|    0 |      89 |        5 |        0 |        0 |       0 |       5 |       5 |  0.05 |    14.03 |    13.84 |     0.8  |      0.38 |
|    0 |      90 |        8 |        2 |        0 |       0 |       9 |      10 |  0.06 |    30.2  |    28.11 |     0.73 |      0.44 |
|    0 |      91 |        3 |        2 |        0 |       0 |       5 |       5 |  0.06 |    18.71 |    19.43 |     0.84 |      0.3  |
|    0 |      92 |        0 |        5 |        0 |       0 |       5 |       5 |  0.04 |    12.27 |    13.99 |     0.77 |      0.43 |
|    1 |       1 |        0 |       17 |        0 |       0 |      15 |       4 |  0.04 |     4.45 |    16    |     0.89 |      1.21 |
|    1 |       2 |        3 |        3 |        0 |       0 |       5 |       5 |  0.05 |     8.38 |     8.05 |     0.7  |      0.35 |
|    1 |       3 |       11 |        1 |        0 |       0 |      11 |      11 |  0.04 |    10.65 |    10.66 |     0.82 |      0.27 |
|    1 |       4 |       12 |        1 |        0 |       0 |      13 |      13 |  0.06 |    22.22 |    22.36 |     0.83 |      0.25 |
|    1 |       5 |        8 |        0 |        0 |       0 |       8 |       8 |  0.05 |    11.49 |    11.64 |     0.91 |      0.14 |
|    1 |       6 |        9 |        1 |        0 |       0 |       7 |       8 |  0.05 |    11.92 |    15.35 |     0.79 |      0.38 |
|    1 |       7 |        6 |        0 |        0 |       0 |       6 |       6 |  0.03 |    12.44 |    12.37 |     0.66 |      0.74 |
|    1 |       8 |        5 |        1 |        0 |       0 |       6 |       6 |  0.06 |    19.91 |    20.16 |     0.92 |      0.2  |
|    1 |       9 |        5 |        0 |        0 |       0 |       5 |       5 |  0.06 |    12.52 |    12.49 |     0.86 |      0.36 |
|    1 |      10 |        6 |        0 |        0 |       0 |       6 |       6 |  0.04 |     9.68 |     9.65 |     0.81 |      0.29 |
|    1 |      11 |        5 |        0 |        0 |       0 |       5 |       5 |  0.09 |    55.25 |    55.26 |     0.9  |      0.17 |
|    1 |      12 |        6 |        0 |        0 |       0 |       6 |       6 |  0.08 |    13.45 |    13.26 |     0.86 |      0.15 |
|    1 |      13 |        4 |        0 |        0 |       0 |       4 |       4 |  0.05 |    22.44 |    22.34 |     0.89 |      0.26 |
|    1 |      14 |        5 |        0 |        0 |       0 |       5 |       5 |  0.04 |     8.87 |     8.78 |     0.82 |      0.32 |
|    1 |      15 |       10 |        0 |        0 |       0 |      10 |      10 |  0.04 |     6.35 |     6.7  |     0.81 |      0.41 |
|    1 |      16 |        8 |        0 |        0 |       0 |       8 |       8 |  0.02 |     8.01 |     7.69 |     0.58 |      0.83 |
|    1 |      17 |        8 |        0 |        0 |       0 |       8 |       8 |  0.06 |     8.56 |     8.66 |     0.82 |      0.43 |
|    1 |      18 |        6 |        0 |        0 |       0 |       6 |       6 |  0.05 |    17.46 |    17.39 |     0.78 |      0.29 |
|    1 |      19 |        7 |        0 |        0 |       0 |       6 |       6 |  0.04 |     8.11 |     8.03 |     0.79 |      0.33 |
|    1 |      20 |       11 |        0 |        0 |       0 |      10 |      11 |  0.05 |    11.91 |    11.02 |     0.76 |      0.28 |
|    1 |      21 |        9 |        0 |        0 |       0 |       9 |       9 |  0.06 |    28.12 |    27.91 |     0.71 |      0.9  |
|    1 |      22 |        2 |        0 |        0 |       0 |       1 |       2 |  0.17 |     8.44 |    35.77 |     0.89 |      0.21 |
|    1 |      23 |        6 |        0 |        0 |       0 |       6 |       6 |  0.04 |     9.76 |    10.03 |     0.85 |      0.12 |
|    1 |      24 |        9 |        0 |        0 |       0 |       8 |       9 |  0.05 |    16.91 |    16.3  |     0.83 |      0.29 |
|    1 |      25 |        7 |        2 |        0 |       0 |       7 |       8 |  0.04 |     7.52 |     9.13 |     0.62 |      0.33 |
|    1 |      26 |        5 |        0 |        0 |       0 |       5 |       5 |  0.06 |    15.11 |    15.32 |     0.95 |      0.13 |
|    1 |      27 |        7 |        0 |        0 |       0 |       7 |       7 |  0.06 |    17.33 |    17.33 |     0.91 |      0.13 |
|    1 |      28 |        9 |        0 |        0 |       0 |       8 |       8 |  0.04 |     9.27 |     9.39 |     0.88 |      0.26 |
|    1 |      29 |        7 |        0 |        0 |       0 |       6 |       6 |  0.03 |     7.7  |     7.52 |     0.73 |      0.45 |
|    1 |      30 |        6 |        0 |        0 |       0 |       6 |       6 |  0.05 |    15.17 |    15.31 |     0.8  |      0.35 |
|    1 |      31 |       10 |        0 |        0 |       0 |      10 |      10 |  0.05 |     9.3  |     9.35 |     0.76 |      0.32 |
|    1 |      32 |        9 |        0 |        0 |       0 |       9 |       9 |  0.06 |    22.01 |    22.09 |     0.83 |      0.26 |
|    1 |      33 |        7 |        0 |        0 |       0 |       6 |       6 |  0.05 |    12.47 |    12.55 |     0.79 |      0.25 |
|    1 |      34 |        3 |        0 |        0 |       0 |       2 |       2 |  0.05 |    20.52 |    20.1  |     0.71 |      0.49 |
|    1 |      35 |       11 |        0 |        0 |       0 |      10 |      11 |  0.06 |    23.54 |    22.33 |     0.73 |      0.37 |
|    1 |      36 |        4 |        0 |        0 |       0 |       4 |       4 |  0.04 |     9.96 |     9.87 |     0.8  |      0.57 |
|    1 |      37 |        8 |        0 |        0 |       0 |       8 |       8 |  0.04 |    11.16 |    11.33 |     0.81 |      0.43 |
|    1 |      38 |        6 |        0 |        0 |       0 |       5 |       5 |  0.08 |    21.52 |    21.49 |     0.88 |      0.23 |
|    1 |      39 |       10 |        0 |        0 |       0 |       8 |       9 |  0.04 |     9.53 |     9.25 |     0.8  |      0.36 |
|    1 |      40 |        4 |        0 |        0 |       0 |       3 |       4 |  0.06 |    22.81 |    17.5  |     0.8  |      0.09 |
|    1 |      41 |        4 |        0 |        0 |       0 |       4 |       4 |  0.04 |     2.85 |     2.64 |     0.59 |      0.36 |
|    1 |      42 |        7 |        0 |        0 |       0 |       6 |       6 |  0.05 |    10.7  |    10.5  |     0.72 |      0.58 |
|    1 |      43 |        7 |        0 |        0 |       0 |       7 |       7 |  0.05 |    13.66 |    13.73 |     0.87 |      0.18 |
|    1 |      44 |        6 |        0 |        0 |       0 |       6 |       6 |  0.05 |     8.59 |     8.44 |     0.68 |      0.41 |
|    1 |      45 |        9 |        2 |        0 |       0 |      10 |      11 |  0.08 |    22.28 |    32.77 |     0.86 |      0.25 |
|    1 |      46 |        8 |        0 |        0 |       0 |       7 |       7 |  0.04 |     9.91 |     9.63 |     0.7  |      0.43 |
|    1 |      47 |        6 |        0 |        0 |       0 |       6 |       6 |  0.07 |    20.06 |    20.28 |     0.8  |      0.13 |
|    1 |      48 |       11 |        0 |        0 |       0 |      11 |      11 |  0.06 |    23.82 |    23.92 |     0.78 |      0.27 |
|    1 |      49 |       10 |        0 |        0 |       0 |      10 |      10 |  0.04 |     9.96 |     9.92 |     0.8  |      0.26 |
|    1 |      50 |       11 |        0 |        0 |       0 |      10 |      11 |  0.08 |    21.54 |    19.49 |     0.77 |      0.27 |
|    1 |      51 |        7 |        0 |        0 |       0 |       7 |       7 |  0.03 |     8.28 |     8.19 |     0.73 |      0.33 |
|    1 |      52 |        5 |        0 |        0 |       0 |       5 |       5 |  0.04 |    10.39 |    10.5  |     0.88 |      0.28 |
|    1 |      53 |        3 |        0 |        0 |       0 |       3 |       3 |  0.03 |     9.04 |     9.05 |     0.79 |      0.07 |
|    1 |      54 |        7 |        0 |        0 |       0 |       7 |       7 |  0.04 |     9.17 |     9.34 |     0.69 |      0.58 |
|    1 |      55 |       10 |        0 |        0 |       0 |      10 |      10 |  0.06 |    20.28 |    20.32 |     0.92 |      0.18 |
|    1 |      56 |       10 |        0 |        0 |       0 |      10 |      10 |  0.04 |    10.31 |    10.4  |     0.81 |      0.32 |
|    1 |      57 |        6 |        0 |        0 |       0 |       5 |       6 |  0.04 |     8.53 |    10.35 |     0.79 |      0.35 |
|    1 |      58 |        2 |        3 |        0 |       0 |       5 |       4 |  0.05 |    13.6  |    16.26 |     0.72 |      0.71 |
|    1 |      59 |        5 |        0 |        0 |       0 |       5 |       5 |  0.05 |     7.3  |     7.45 |     0.76 |      0.62 |
|    1 |      60 |        5 |        0 |        0 |       0 |       5 |       5 |  0.04 |    10.38 |    10.41 |     0.83 |      0.27 |
|    1 |      61 |        6 |        0 |        0 |       0 |       5 |       5 |  0.03 |     5.09 |     5.31 |     0.66 |      0.51 |
|    1 |      62 |        5 |        0 |        0 |       0 |       3 |       4 |  0.07 |    19.99 |    14.97 |     0.72 |      0.48 |
|    1 |      63 |       10 |        0 |        0 |       0 |      10 |      10 |  0.04 |     9.87 |     9.89 |     0.82 |      0.31 |
|    1 |      64 |        4 |        0 |        0 |       0 |       3 |       3 |  0.04 |    19.78 |    19.73 |     0.89 |      0.22 |
|    1 |      65 |        8 |        0 |        0 |       0 |       8 |       8 |  0.04 |     9.63 |     9.6  |     0.76 |      0.33 |
|    1 |      66 |        5 |        0 |        0 |       0 |       5 |       5 |  0.03 |     5.87 |     5.99 |     0.7  |      0.22 |
|    1 |      67 |        7 |        3 |        0 |       0 |      10 |       9 |  0.09 |    43.5  |    57.16 |     0.73 |      0.68 |
|    1 |      68 |        5 |        2 |        0 |       0 |       4 |       4 |  0.05 |    13.88 |    13.84 |     0.91 |      0.24 |
|    1 |      69 |        6 |        0 |        0 |       0 |       6 |       6 |  0.05 |    10.61 |    10.7  |     0.84 |      0.23 |
|    1 |      70 |        7 |        4 |        0 |       0 |      11 |      11 |  0.06 |    18.57 |    19.02 |     0.82 |      0.56 |
|    1 |      71 |        5 |        0 |        0 |       0 |       5 |       5 |  0.08 |    22.19 |    22.27 |     0.94 |      0.1  |
|    1 |      72 |        7 |        0 |        0 |       0 |       7 |       7 |  0.06 |    20.65 |    20.7  |     0.92 |      0.14 |
|    1 |      73 |        8 |        0 |        0 |       0 |       8 |       8 |  0.05 |    15.3  |    15.51 |     0.79 |      0.34 |
|    1 |      74 |        8 |        0 |        0 |       0 |       6 |       6 |  0.04 |    16.18 |    16.15 |     0.93 |      0.12 |
|    1 |      75 |       10 |        0 |        0 |       0 |       9 |      10 |  0.06 |    21.63 |    19.72 |     0.8  |      0.24 |
|    1 |      76 |        5 |        0 |        0 |       0 |       5 |       5 |  0.06 |     7.01 |     7.14 |     0.79 |      0.3  |
|    1 |      77 |       13 |        0 |        0 |       0 |      13 |      13 |  0.05 |    17.39 |    17.4  |     0.82 |      0.19 |
|    1 |      78 |        8 |        0 |        0 |       0 |       8 |       8 |  0.05 |    13.05 |    13.2  |     0.79 |      0.29 |
|    1 |      79 |        6 |        0 |        0 |       0 |       6 |       6 |  0.04 |     9.03 |     8.84 |     0.62 |      0.53 |
|    1 |      80 |        8 |        0 |        0 |       0 |       7 |       7 |  0.05 |    11.8  |    11.9  |     0.91 |      0.2  |
|    1 |      81 |        3 |        0 |        0 |       0 |       3 |       3 |  0.06 |     6.95 |     7.28 |     0.68 |      0.55 |
|    1 |      82 |        7 |        0 |        0 |       0 |       7 |       7 |  0.04 |    11.52 |    11.34 |     0.65 |      0.44 |
|    1 |      83 |       10 |        0 |        0 |       0 |      10 |      10 |  0.04 |     9.19 |     9.09 |     0.74 |      0.42 |
|    1 |      84 |        5 |        0 |        0 |       0 |       5 |       5 |  0.04 |    11.99 |    11.96 |     0.9  |      0.19 |
|    1 |      85 |        8 |        0 |        0 |       0 |       5 |       6 |  0.04 |     9.26 |     9.74 |     0.67 |      0.28 |
|    1 |      86 |        8 |        0 |        0 |       0 |       8 |       8 |  0.07 |    27.56 |    27.61 |     0.89 |      0.24 |
|    1 |      87 |        8 |        0 |        0 |       0 |       7 |       7 |  0.08 |    35.09 |    35.05 |     0.86 |      0.24 |
|    1 |      88 |        4 |        0 |        0 |       0 |       4 |       4 |  0.03 |    15.05 |    14.69 |     0.75 |      0.25 |
|    1 |      89 |        3 |        0 |        0 |       0 |       3 |       3 |  0.04 |     9.85 |     9.78 |     0.85 |      0.43 |
|    1 |      90 |        6 |        0 |        0 |       0 |       6 |       6 |  0.08 |    34.87 |    35.08 |     0.9  |      0.22 |
|    1 |      91 |        1 |        3 |        0 |       0 |       4 |       4 |  0.06 |    13.33 |    13.63 |     0.8  |      0.31 |
|    1 |      92 |        0 |        3 |        0 |       0 |       3 |       3 |  0.04 |    13.29 |    15.78 |     0.82 |      0.32 |
|    2 |       1 |        0 |       17 |        0 |       0 |      17 |       7 |  0.05 |     5.51 |    11.64 |     0.72 |      0.81 |
|    2 |       2 |        1 |        4 |        0 |       0 |       5 |       5 |  0.05 |    17.71 |    17.61 |     0.9  |      0.19 |
|    2 |       3 |        8 |        1 |        0 |       0 |       9 |       9 |  0.06 |    17.36 |    17.39 |     0.73 |      0.33 |
|    2 |       4 |        7 |        1 |        0 |       0 |       8 |       8 |  0.06 |    23.8  |    24.41 |     0.74 |      0.32 |
|    2 |       5 |        6 |        0 |        0 |       0 |       6 |       6 |  0.04 |     8.03 |     7.99 |     0.86 |      0.32 |
|    2 |       6 |        7 |        0 |        0 |       0 |       6 |       6 |  0.07 |    16.8  |    16.87 |     0.9  |      0.24 |
|    2 |       7 |        7 |        0 |        0 |       0 |       7 |       7 |  0.05 |     5.55 |     5.81 |     0.72 |      0.36 |
|    2 |       8 |        3 |        0 |        0 |       0 |       2 |       3 |  0.05 |    15.82 |    14.03 |     0.91 |      0.11 |
|    2 |       9 |        5 |        0 |        0 |       0 |       5 |       5 |  0.04 |    11.25 |    10.89 |     0.69 |      0.33 |
|    2 |      10 |        6 |        0 |        0 |       0 |       6 |       6 |  0.04 |     9.57 |     9.43 |     0.59 |      0.29 |
|    2 |      11 |        4 |        0 |        0 |       0 |       4 |       4 |  0.04 |    17.51 |    17.57 |     0.9  |      0.31 |
|    2 |      12 |        6 |        0 |        0 |       0 |       6 |       6 |  0.05 |    13.73 |    13.79 |     0.73 |      0.53 |
|    2 |      13 |        5 |        0 |        0 |       0 |       5 |       5 |  0.04 |     5.22 |     5.52 |     0.51 |      0.66 |
|    2 |      14 |        7 |        0 |        0 |       0 |       7 |       7 |  0.06 |    18.43 |    18.59 |     0.85 |      0.13 |
|    2 |      15 |        9 |        0 |        0 |       0 |       8 |       9 |  0.04 |    15.04 |    15.37 |     0.81 |      0.19 |
|    2 |      16 |        7 |        0 |        0 |       0 |       4 |       6 |  0.06 |    28.26 |    19.93 |     0.79 |      0.13 |
|    2 |      17 |       12 |        0 |        0 |       0 |      11 |      11 |  0.06 |    22.57 |    22.6  |     0.83 |      0.34 |
|    2 |      18 |        6 |        0 |        0 |       0 |       5 |       6 |  0.07 |    23.99 |    20.5  |     0.77 |      0.48 |
|    2 |      19 |        7 |        0 |        0 |       0 |       6 |       7 |  0.05 |    20.33 |    18.25 |     0.72 |      0.46 |
|    2 |      20 |        8 |        0 |        0 |       0 |       7 |       7 |  0.03 |     4.63 |     4.41 |     0.59 |      0.39 |
|    2 |      21 |       12 |        0 |        0 |       0 |      11 |      12 |  0.05 |    20.27 |    18.74 |     0.78 |      0.32 |
|    2 |      22 |       12 |        0 |        0 |       0 |      12 |      12 |  0.04 |    16.59 |    16.14 |     0.82 |      0.31 |
|    2 |      23 |        8 |        0 |        0 |       0 |       7 |       7 |  0.04 |     8.92 |     9.08 |     0.85 |      0.23 |
|    2 |      24 |        5 |        0 |        0 |       0 |       4 |       4 |  0.05 |    15.89 |    15.82 |     0.92 |      0.13 |
|    2 |      25 |        4 |        0 |        0 |       0 |       3 |       4 |  0.04 |    16.52 |    16    |     0.93 |      0.07 |
|    2 |      26 |        3 |        0 |        0 |       0 |       3 |       3 |  0.03 |     9.79 |     9.62 |     0.65 |      0.49 |
|    2 |      27 |        5 |        0 |        0 |       0 |       5 |       5 |  0.06 |    25.45 |    25.26 |     0.7  |      0.32 |
|    2 |      28 |        8 |        0 |        0 |       0 |       7 |       7 |  0.04 |    10.03 |     9.99 |     0.73 |      0.31 |
|    2 |      29 |       10 |        0 |        0 |       0 |      10 |      10 |  0.04 |     8.44 |     8.42 |     0.73 |      0.36 |
|    2 |      30 |        6 |        0 |        0 |       0 |       6 |       6 |  0.05 |    17.1  |    16.95 |     0.82 |      0.28 |
|    2 |      31 |        6 |        0 |        0 |       0 |       6 |       6 |  0.04 |     9.27 |     9.24 |     0.77 |      0.22 |
|    2 |      32 |       14 |        0 |        0 |       0 |      14 |      14 |  0.05 |    14.65 |    14.63 |     0.72 |      0.42 |
|    2 |      33 |        5 |        0 |        0 |       0 |       5 |       5 |  0.04 |     9.21 |     9.37 |     0.68 |      0.79 |
|    2 |      34 |        7 |        0 |        0 |       0 |       7 |       7 |  0.06 |    24.79 |    24.9  |     0.92 |      0.15 |
|    2 |      35 |        6 |        0 |        0 |       0 |       6 |       6 |  0.13 |    46.72 |    46.91 |     0.82 |      0.12 |
|    2 |      36 |        7 |        0 |        0 |       0 |       7 |       7 |  0.05 |    23.6  |    23.58 |     0.87 |      0.16 |
|    2 |      37 |        6 |        0 |        0 |       0 |       6 |       6 |  0.06 |    15.21 |    15.33 |     0.69 |      0.27 |
|    2 |      38 |        9 |        0 |        0 |       0 |       9 |       9 |  0.04 |    11.48 |    11.26 |     0.73 |      0.33 |
|    2 |      39 |        7 |        0 |        0 |       0 |       4 |       5 |  0.07 |    17.92 |    14.72 |     0.71 |      0.18 |
|    2 |      40 |        7 |        2 |        0 |       0 |       9 |       8 |  0.05 |    12.8  |    14.55 |     0.85 |      0.26 |
|    2 |      41 |        6 |        0 |        0 |       0 |       6 |       6 |  0.03 |     8.15 |     8.05 |     0.82 |      0.23 |
|    2 |      42 |        9 |        0 |        0 |       0 |       8 |       9 |  0.05 |    15.5  |    15.1  |     0.88 |      0.18 |
|    2 |      43 |       12 |        0 |        0 |       0 |      12 |      12 |  0.06 |    14.26 |    14.31 |     0.82 |      0.27 |
|    2 |      44 |        6 |        0 |        0 |       0 |       6 |       6 |  0.06 |     5.96 |     5.72 |     0.69 |      0.66 |
|    2 |      45 |        5 |        0 |        0 |       0 |       4 |       5 |  0.04 |    14.94 |    14.18 |     0.91 |      0.07 |
|    2 |      46 |        7 |        0 |        0 |       0 |       6 |       6 |  0.04 |     8.79 |     8.67 |     0.56 |      0.45 |
|    2 |      47 |        7 |        0 |        0 |       0 |       6 |       7 |  0.05 |    15.58 |    15.18 |     0.87 |      0.11 |
|    2 |      48 |        5 |        0 |        0 |       0 |       5 |       5 |  0.04 |    14.41 |    14.29 |     0.89 |      0.17 |
|    2 |      49 |        5 |        0 |        0 |       0 |       5 |       5 |  0.05 |    11.76 |    12.18 |     0.8  |      0.22 |
|    2 |      50 |        8 |        0 |        0 |       0 |       7 |       8 |  0.03 |     5.49 |     6.49 |     0.62 |      0.52 |
|    2 |      51 |        8 |        0 |        0 |       0 |       8 |       8 |  0.04 |     6.89 |     7.22 |     0.64 |      0.85 |
|    2 |      52 |        5 |        0 |        0 |       0 |       5 |       5 |  0.03 |     4.82 |     4.97 |     0.52 |      0.77 |
|    2 |      53 |        7 |        0 |        0 |       0 |       7 |       7 |  0.04 |    10.24 |    10.14 |     0.75 |      0.34 |
|    2 |      54 |       11 |        0 |        0 |       0 |      11 |      11 |  0.06 |    16.67 |    16.88 |     0.81 |      0.22 |
|    2 |      55 |        9 |        0 |        0 |       0 |       9 |       9 |  0.06 |    14.62 |    14.8  |     0.89 |      0.22 |
|    2 |      56 |        9 |        0 |        0 |       0 |       8 |       8 |  0.05 |    10.98 |    11.02 |     0.84 |      0.33 |
|    2 |      57 |        6 |        0 |        0 |       0 |       6 |       6 |  0.06 |    29.04 |    29.14 |     0.9  |      0.16 |
|    2 |      58 |        4 |        0 |        0 |       0 |       4 |       4 |  0.07 |    19.48 |    19.69 |     0.85 |      0.24 |
|    2 |      59 |        4 |        0 |        0 |       0 |       4 |       4 |  0.05 |    17.04 |    17.32 |     0.66 |      0.21 |
|    2 |      60 |        5 |        0 |        0 |       0 |       5 |       5 |  0.02 |     6.04 |     5.85 |     0.7  |      0.42 |
|    2 |      61 |       11 |        0 |        0 |       0 |      10 |      11 |  0.06 |    20.43 |    19.09 |     0.83 |      0.19 |
|    2 |      62 |        7 |        0 |        0 |       0 |       7 |       7 |  0.06 |    20.98 |    20.99 |     0.94 |      0.14 |
|    2 |      63 |        7 |        0 |        0 |       0 |       7 |       7 |  0.04 |    18.05 |    18.06 |     0.91 |      0.22 |
|    2 |      64 |       10 |        0 |        0 |       0 |       9 |      10 |  0.05 |    15.46 |    14.92 |     0.7  |      0.38 |
|    2 |      65 |        4 |        0 |        0 |       0 |       4 |       4 |  0.05 |    16.12 |    16    |     0.84 |      0.2  |
|    2 |      66 |        3 |        0 |        0 |       0 |       3 |       3 |  0.05 |     9.35 |     9.51 |     0.75 |      0.4  |
|    2 |      67 |        9 |        0 |        0 |       0 |       8 |       8 |  0.04 |    11.9  |    11.76 |     0.7  |      0.49 |
|    2 |      68 |        7 |        0 |        0 |       0 |       7 |       7 |  0.04 |     6.63 |     6.64 |     0.67 |      0.53 |
|    2 |      69 |       13 |        2 |        0 |       0 |      12 |      13 |  0.07 |    14.54 |    14.26 |     0.79 |      0.25 |
|    2 |      70 |        8 |        0 |        0 |       0 |       7 |       7 |  0.05 |    12.69 |    12.92 |     0.86 |      0.25 |
|    2 |      71 |       10 |        0 |        0 |       0 |       8 |       9 |  0.05 |    11.44 |    12.38 |     0.75 |      0.26 |
|    2 |      72 |        7 |        0 |        0 |       0 |       6 |       6 |  0.07 |    22.55 |    22.53 |     0.84 |      0.18 |
|    2 |      73 |        1 |        0 |        0 |       0 |       1 |       1 |  0.07 |    22.58 |    22.31 |     0.96 |      0.13 |
|    2 |      74 |        7 |        0 |        0 |       0 |       6 |       6 |  0.04 |     9.58 |     9.48 |     0.78 |      0.24 |
|    2 |      75 |        9 |        0 |        0 |       0 |       7 |       9 |  0.07 |    16.52 |    35.69 |     0.87 |      0.17 |
|    2 |      76 |        6 |        0 |        0 |       0 |       6 |       6 |  0.03 |     8.46 |     8.44 |     0.77 |      0.39 |
|    2 |      77 |       10 |        2 |        0 |       0 |      12 |      12 |  0.07 |    22.74 |    22.49 |     0.77 |      0.51 |
|    2 |      78 |        4 |        0 |        0 |       0 |       4 |       4 |  0.03 |     3.95 |     3.86 |     0.66 |      0.49 |
|    2 |      79 |       11 |        0 |        0 |       0 |       9 |      11 |  0.05 |     7.98 |    25.25 |     0.74 |      0.63 |
|    2 |      80 |        4 |        0 |        0 |       0 |       4 |       4 |  0.1  |    28.65 |    28.81 |     0.95 |      0.09 |
|    2 |      81 |        5 |        0 |        0 |       0 |       4 |       4 |  0.05 |     9.76 |     9.89 |     0.91 |      0.2  |
|    2 |      82 |        8 |        0 |        0 |       0 |       8 |       8 |  0.04 |    12.14 |    12.07 |     0.68 |      0.34 |
|    2 |      83 |        8 |        0 |        0 |       0 |       6 |       8 |  0.04 |    11.04 |     9.52 |     0.8  |      0.29 |
|    2 |      84 |       10 |        0 |        0 |       0 |      10 |      10 |  0.05 |    11.02 |    11.15 |     0.74 |      0.31 |
|    2 |      85 |        8 |        0 |        0 |       0 |       8 |       8 |  0.04 |     8.45 |     8.57 |     0.76 |      0.48 |
|    2 |      86 |        9 |        0 |        0 |       0 |       9 |       9 |  0.06 |    16.87 |    16.8  |     0.78 |      0.24 |
|    2 |      87 |        7 |        0 |        0 |       0 |       7 |       7 |  0.04 |    14.29 |    14.43 |     0.68 |      0.41 |
|    2 |      88 |        6 |        0 |        0 |       0 |       5 |       6 |  0.04 |    10.08 |     9.85 |     0.82 |      0.19 |
|    2 |      89 |        8 |        0 |        0 |       0 |       8 |       8 |  0.05 |    18.74 |    18.93 |     0.73 |      0.29 |
|    2 |      90 |        7 |        0 |        0 |       0 |       7 |       7 |  0.04 |     6.1  |     6.38 |     0.7  |      0.34 |
|    2 |      91 |        7 |        0 |        0 |       0 |       6 |       7 |  0.07 |    28.93 |    33.81 |     0.91 |      0.15 |
|    2 |      92 |        8 |        0 |        0 |       0 |       8 |       8 |  0.04 |    10.56 |    10.64 |     0.79 |      0.29 |
|    2 |      93 |        7 |        0 |        0 |       0 |       6 |       6 |  0.04 |    12.89 |    12.98 |     0.73 |      0.4  |
|    2 |      94 |        9 |        0 |        0 |       0 |       8 |       9 |  0.05 |     9.71 |     9.16 |     0.71 |      0.32 |
|    2 |      95 |        8 |        0 |        0 |       0 |       7 |       8 |  0.04 |    14.98 |    13.63 |     0.79 |      0.27 |
|    2 |      96 |        7 |        0 |        0 |       0 |       6 |       6 |  0.05 |     6.83 |     6.7  |     0.77 |      0.32 |
|    2 |      97 |        6 |        0 |        0 |       0 |       6 |       6 |  0.06 |    12.32 |    12.47 |     0.83 |      0.32 |
|    2 |      98 |        9 |        0 |        0 |       0 |       6 |       6 |  0.04 |    10.02 |     9.9  |     0.86 |      0.23 |
|    2 |      99 |        9 |        0 |        0 |       0 |       9 |       9 |  0.05 |    13.25 |    13.27 |     0.82 |      0.3  |
|    2 |     100 |        9 |        0 |        0 |       0 |       7 |       7 |  0.05 |     5.47 |     5.44 |     0.53 |      0.42 |
|    2 |     101 |        4 |        0 |        0 |       0 |       4 |       4 |  0.04 |    12.81 |    12.79 |     0.78 |      0.42 |
|    2 |     102 |        4 |        0 |        0 |       0 |       4 |       4 |  0.05 |    15.67 |    15.61 |     0.9  |      0.17 |
|    2 |     103 |        4 |        0 |        0 |       0 |       4 |       4 |  0.07 |    10.27 |    10.45 |     0.71 |      0.43 |
|    2 |     104 |       11 |        0 |        0 |       0 |      10 |      10 |  0.05 |    11.6  |    11.74 |     0.81 |      0.32 |
|    2 |     105 |        8 |        0 |        0 |       0 |       8 |       8 |  0.04 |     7.47 |     7.57 |     0.61 |      0.43 |
|    2 |     106 |        6 |        0 |        0 |       0 |       5 |       5 |  0.05 |    18.37 |    18.41 |     0.81 |      0.28 |
|    2 |     107 |        8 |        0 |        0 |       0 |       8 |       8 |  0.04 |    12.59 |    12.53 |     0.86 |      0.24 |
|    2 |     108 |        9 |        0 |        0 |       0 |       9 |       9 |  0.05 |    15.06 |    15.16 |     0.78 |      0.3  |
|    2 |     109 |        7 |        0 |        0 |       0 |       6 |       6 |  0.06 |    27.29 |    27.23 |     0.92 |      0.08 |
|    2 |     110 |        6 |        0 |        0 |       0 |       5 |       6 |  0.04 |    11.18 |    13.57 |     0.89 |      0.22 |
|    2 |     111 |        8 |        0 |        0 |       0 |       6 |       7 |  0.05 |    18.41 |    16.39 |     0.88 |      0.19 |
|    2 |     112 |        4 |        0 |        0 |       0 |       4 |       4 |  0.04 |     7.04 |     7.11 |     0.82 |      0.43 |
|    2 |     113 |        7 |        0 |        0 |       0 |       7 |       7 |  0.05 |    18    |    17.92 |     0.83 |      0.37 |
|    2 |     114 |        4 |        0 |        0 |       0 |       4 |       4 |  0.04 |     6.27 |     6.27 |     0.77 |      0.34 |
|    2 |     115 |        1 |        0 |        0 |       0 |       1 |       1 |  0.12 |    42.83 |    42.86 |     0.95 |      0.02 |
|    2 |     116 |        7 |        0 |        0 |       0 |       7 |       7 |  0.05 |    12.32 |    12.56 |     0.92 |      0.27 |
|    2 |     117 |       11 |        0 |        0 |       0 |      11 |      11 |  0.04 |     8.49 |     8.59 |     0.71 |      0.32 |
|    2 |     118 |        9 |        0 |        0 |       0 |       9 |       9 |  0.06 |    19.88 |    19.95 |     0.89 |      0.17 |
|    2 |     119 |        9 |        0 |        0 |       0 |       8 |       9 |  0.05 |    14.32 |    13.49 |     0.77 |      0.18 |
|    2 |     120 |        7 |        0 |        0 |       0 |       7 |       7 |  0.08 |    13.27 |    13.51 |     0.83 |      0.2  |
|    2 |     121 |        7 |        0 |        0 |       0 |       7 |       7 |  0.04 |    14.39 |    14.58 |     0.84 |      0.22 |
|    2 |     122 |        9 |        0 |        0 |       0 |       8 |       8 |  0.05 |    12.72 |    12.93 |     0.86 |      0.26 |
|    2 |     123 |        7 |        0 |        0 |       0 |       6 |       6 |  0.05 |    13.48 |    13.4  |     0.87 |      0.27 |
|    2 |     124 |        4 |        0 |        0 |       0 |       4 |       4 |  0.03 |     4.8  |     4.3  |     0.6  |      0.66 |
|    2 |     125 |       10 |        0 |        0 |       0 |       9 |      10 |  0.04 |    10.58 |    10.33 |     0.8  |      0.28 |
|    2 |     126 |        5 |        0 |        0 |       0 |       4 |       4 |  0.09 |    18.59 |    18.84 |     0.93 |      0.13 |
|    2 |     127 |        7 |        0 |        0 |       0 |       6 |       6 |  0.07 |    14.26 |    14.45 |     0.91 |      0.13 |
|    2 |     128 |       13 |        0 |        0 |       0 |      11 |      12 |  0.05 |    10.9  |     9.99 |     0.72 |      0.37 |
|    2 |     129 |        7 |        0 |        0 |       0 |       6 |       7 |  0.05 |    21.39 |    18.81 |     0.87 |      0.15 |
|    2 |     130 |        3 |        0 |        0 |       0 |       3 |       3 |  0.06 |     3.26 |     3.25 |     0.6  |      0.81 |
|    2 |     131 |        5 |        0 |        0 |       0 |       5 |       5 |  0.05 |    16.25 |    16.29 |     0.83 |      0.18 |
|    2 |     132 |        9 |        0 |        0 |       0 |       9 |       9 |  0.04 |     7.42 |     7.43 |     0.71 |      0.29 |
|    2 |     133 |       10 |        0 |        0 |       0 |      10 |      10 |  0.04 |    10.29 |    10.29 |     0.69 |      0.37 |
|    2 |     134 |        9 |        0 |        0 |       0 |       9 |       9 |  0.05 |    12.03 |    12.01 |     0.78 |      0.34 |
|    2 |     135 |        6 |        0 |        0 |       0 |       6 |       6 |  0.05 |    22.93 |    23.02 |     0.86 |      0.2  |
|    2 |     136 |        6 |        0 |        0 |       0 |       6 |       6 |  0.06 |    22.31 |    22.66 |     0.85 |      0.23 |
|    2 |     137 |        7 |        0 |        0 |       0 |       7 |       7 |  0.07 |    26.31 |    26.49 |     0.94 |      0.09 |
|    2 |     138 |        6 |        0 |        0 |       0 |       6 |       6 |  0.04 |     8.32 |     8.27 |     0.77 |      0.2  |
|    2 |     139 |        6 |        0 |        0 |       0 |       6 |       6 |  0.04 |     9.38 |     9.61 |     0.73 |      0.33 |
|    2 |     140 |        7 |        0 |        0 |       0 |       6 |       7 |  0.05 |    22.67 |    20.36 |     0.86 |      0.25 |
|    2 |     141 |        5 |        0 |        0 |       0 |       4 |       5 |  0.06 |    13.37 |    12.11 |     0.74 |      0.67 |
|    2 |     142 |       10 |        0 |        0 |       0 |       8 |       8 |  0.05 |    12.79 |    12.99 |     0.83 |      0.25 |
|    2 |     143 |        8 |        0 |        0 |       0 |       8 |       8 |  0.06 |     7.19 |     7.17 |     0.66 |      0.38 |
|    2 |     144 |       11 |        0 |        0 |       0 |      10 |      11 |  0.04 |     6.87 |     7.67 |     0.67 |      0.61 |
|    2 |     145 |        6 |        0 |        0 |       0 |       5 |       6 |  0.04 |     9.53 |     8.41 |     0.78 |      0.33 |
|    2 |     146 |        5 |        0 |        0 |       0 |       5 |       5 |  0.05 |    17.77 |    17.6  |     0.81 |      0.34 |
|    2 |     147 |        2 |        1 |        0 |       0 |       3 |       3 |  0.08 |    19.79 |    20.15 |     0.89 |      0.26 |
|    2 |     148 |        8 |        3 |        0 |       0 |      11 |      11 |  0.05 |    25.42 |    25.87 |     0.65 |      0.39 |
|    2 |     149 |        2 |        3 |        0 |       0 |       5 |       5 |  0.04 |     5.05 |     5.26 |     0.83 |      0.33 |
|    2 |     150 |        0 |        9 |        0 |       0 |       7 |       8 |  0.03 |    15.88 |    15.17 |     0.72 |      0.39 |
|    3 |       1 |        0 |       25 |        0 |       0 |      25 |       6 |  0.06 |     6.1  |    13.38 |     0.86 |      1.15 |
|    3 |       2 |       12 |        2 |        0 |       0 |      13 |      13 |  0.06 |    17.43 |    17.64 |     0.83 |      0.2  |
|    3 |       3 |        8 |        1 |        0 |       0 |       8 |       9 |  0.07 |    27.34 |    27.21 |     0.92 |      0.25 |
|    3 |       4 |        5 |        0 |        0 |       0 |       5 |       5 |  0.05 |    12.74 |    12.96 |     0.74 |      0.51 |
|    3 |       5 |        6 |        0 |        0 |       0 |       5 |       5 |  0.06 |    17.87 |    17.89 |     0.93 |      0.18 |
|    3 |       6 |        3 |        0 |        0 |       0 |       3 |       3 |  0.04 |     5.29 |     5.19 |     0.74 |      0.48 |
|    3 |       7 |       11 |        0 |        0 |       0 |      11 |      11 |  0.07 |    34.13 |    34.17 |     0.89 |      0.22 |
|    3 |       8 |        4 |        0 |        0 |       0 |       4 |       4 |  0.05 |    13.48 |    13.49 |     0.73 |      0.49 |
|    3 |       9 |        4 |        0 |        0 |       0 |       4 |       4 |  0.04 |     5.15 |     5.19 |     0.7  |      0.4  |
|    3 |      10 |        2 |        0 |        0 |       0 |       2 |       2 |  0.04 |    17.37 |    17.49 |     0.68 |      0.35 |
|    3 |      11 |        6 |        0 |        0 |       0 |       6 |       6 |  0.04 |    13.62 |    13.23 |     0.65 |      0.57 |
|    3 |      12 |        5 |        0 |        0 |       0 |       4 |       4 |  0.06 |    15.18 |    14.97 |     0.74 |      0.24 |
|    3 |      13 |        9 |        0 |        0 |       0 |       9 |       9 |  0.05 |     8.43 |     8.41 |     0.74 |      0.46 |
|    3 |      14 |        9 |        0 |        0 |       0 |       9 |       9 |  0.04 |     8.39 |     8.47 |     0.71 |      0.44 |
|    3 |      15 |        6 |        0 |        0 |       0 |       5 |       5 |  0.09 |    56.97 |    56.94 |     0.92 |      0.11 |
|    3 |      16 |        5 |        0 |        0 |       0 |       4 |       5 |  0.05 |    12.13 |    14.85 |     0.9  |      0.25 |
|    3 |      17 |        5 |        0 |        0 |       0 |       5 |       5 |  0.07 |    12.2  |    12.46 |     0.78 |      0.27 |
|    3 |      18 |        3 |        0 |        0 |       0 |       3 |       3 |  0.04 |    17.23 |    17.24 |     0.93 |      0.13 |
|    3 |      19 |       13 |        0 |        0 |       0 |      13 |      13 |  0.05 |    11.89 |    11.88 |     0.72 |      0.37 |
|    3 |      20 |        8 |        0 |        0 |       0 |       7 |       8 |  0.07 |     9    |    14.22 |     0.82 |      0.28 |
|    3 |      21 |        6 |        0 |        0 |       0 |       5 |       6 |  0.03 |     5.07 |     8.52 |     0.72 |      0.41 |
|    3 |      22 |       12 |        0 |        0 |       0 |      11 |      11 |  0.05 |    13.68 |    13.66 |     0.76 |      0.37 |
|    3 |      23 |        4 |        0 |        0 |       0 |       4 |       4 |  0.07 |    17    |    17.01 |     0.9  |      0.18 |
|    3 |      24 |        9 |        0 |        0 |       0 |       8 |       8 |  0.03 |     9.03 |     8.8  |     0.69 |      0.38 |
|    3 |      25 |        7 |        0 |        0 |       0 |       7 |       7 |  0.07 |    17.14 |    17.26 |     0.95 |      0.16 |
|    3 |      26 |       10 |        0 |        0 |       0 |      10 |      10 |  0.06 |    14.37 |    14.41 |     0.81 |      0.33 |
|    3 |      27 |        6 |        0 |        0 |       0 |       6 |       6 |  0.05 |     9.28 |     9.24 |     0.75 |      0.33 |
|    3 |      28 |        7 |        0 |        0 |       0 |       6 |       6 |  0.05 |    14.1  |    14.15 |     0.9  |      0.14 |
|    3 |      29 |        8 |        0 |        0 |       0 |       7 |       8 |  0.04 |    11.5  |    10.92 |     0.73 |      0.41 |
|    3 |      30 |        4 |        0 |        0 |       0 |       4 |       4 |  0.09 |    29    |    29.05 |     0.91 |      0.08 |
|    3 |      31 |       11 |        0 |        0 |       0 |      10 |      11 |  0.06 |    16.81 |    18.14 |     0.91 |      0.13 |
|    3 |      32 |        4 |        0 |        0 |       0 |       4 |       4 |  0.05 |     6.66 |     6.57 |     0.79 |      0.62 |
|    3 |      33 |        7 |        0 |        0 |       0 |       7 |       7 |  0.07 |    20.17 |    20.17 |     0.88 |      0.2  |
|    3 |      34 |        5 |        0 |        0 |       0 |       5 |       5 |  0.04 |     8.4  |     8.42 |     0.81 |      0.18 |
|    3 |      35 |        5 |        0 |        0 |       0 |       5 |       5 |  0.04 |    10.02 |    10.02 |     0.84 |      0.35 |
|    3 |      36 |        8 |        0 |        0 |       0 |       8 |       8 |  0.06 |    20.33 |    20.26 |     0.76 |      0.22 |
|    3 |      37 |        3 |        0 |        0 |       0 |       3 |       3 |  0.05 |    22.2  |    22.18 |     0.95 |      0.25 |
|    3 |      38 |        6 |        0 |        0 |       0 |       6 |       6 |  0.05 |    18.3  |    18.46 |     0.77 |      0.59 |
|    3 |      39 |       11 |        0 |        0 |       0 |       9 |       9 |  0.06 |    17.74 |    17.74 |     0.92 |      0.16 |
|    3 |      40 |        8 |        0 |        0 |       0 |       8 |       8 |  0.05 |     8.25 |     8.29 |     0.77 |      0.23 |
|    3 |      41 |        5 |        0 |        0 |       0 |       5 |       5 |  0.04 |    10.32 |    10.43 |     0.75 |      0.61 |
|    3 |      42 |        5 |        0 |        0 |       0 |       4 |       4 |  0.06 |    12.82 |    12.92 |     0.86 |      0.22 |
|    3 |      43 |        8 |        0 |        0 |       0 |       8 |       8 |  0.05 |    16.24 |    16.28 |     0.8  |      0.44 |
|    3 |      44 |        7 |        0 |        0 |       0 |       7 |       7 |  0.05 |     7.89 |     7.96 |     0.82 |      0.29 |
|    3 |      45 |        7 |        2 |        0 |       0 |       7 |       8 |  0.07 |    32.75 |    39.39 |     0.86 |      0.35 |
|    3 |      46 |        7 |        0 |        0 |       0 |       7 |       7 |  0.05 |    12.76 |    12.81 |     0.75 |      0.73 |
|    3 |      47 |        8 |        0 |        0 |       0 |       7 |       7 |  0.05 |    12.64 |    12.6  |     0.87 |      0.16 |
|    3 |      48 |        7 |        0 |        0 |       0 |       7 |       7 |  0.05 |    14.93 |    14.84 |     0.88 |      0.24 |
|    3 |      49 |        7 |        0 |        0 |       0 |       7 |       7 |  0.05 |     9.77 |     9.91 |     0.8  |      0.24 |
|    3 |      50 |        5 |        0 |        0 |       0 |       5 |       5 |  0.06 |    17    |    16.95 |     0.79 |      0.24 |
|    3 |      51 |        9 |        0 |        0 |       0 |       8 |       9 |  0.05 |    15.55 |    14.74 |     0.84 |      0.18 |
|    3 |      52 |        6 |        0 |        0 |       0 |       5 |       5 |  0.04 |    15    |    15.05 |     0.72 |      0.29 |
|    3 |      53 |        5 |        0 |        0 |       0 |       5 |       5 |  0.05 |    16.59 |    16.68 |     0.82 |      0.24 |
|    3 |      54 |        8 |        0 |        0 |       0 |       7 |       7 |  0.05 |    14.23 |    14.09 |     0.84 |      0.18 |
|    3 |      55 |        9 |        0 |        0 |       0 |       8 |       8 |  0.06 |    19    |    19.07 |     0.81 |      0.26 |
|    3 |      56 |        8 |        1 |        0 |       0 |       9 |       9 |  0.06 |    13.26 |    13.44 |     0.84 |      0.18 |
|    3 |      57 |        3 |        1 |        0 |       0 |       3 |       3 |  0.03 |    11.5  |    11.26 |     0.8  |      0.17 |
|    3 |      58 |        0 |        5 |        0 |       0 |       5 |       5 |  0.05 |    12.64 |    14.15 |     0.81 |      0.59 |
|    4 |       1 |        0 |       26 |        0 |       0 |      25 |       6 |  0.05 |     7.15 |    24.07 |     0.86 |      0.99 |
|    4 |       2 |        0 |       10 |        0 |       0 |      10 |      10 |  0.06 |    12.33 |    12.72 |     0.88 |      0.23 |
|    4 |       3 |        3 |        0 |        0 |       0 |       3 |       3 |  0.03 |     4.38 |     4.21 |     0.69 |      0.62 |
|    4 |       4 |        3 |        0 |        0 |       0 |       3 |       3 |  0.04 |    18.52 |    18.6  |     0.95 |      0.15 |
|    4 |       5 |        7 |        0 |        0 |       0 |       7 |       7 |  0.04 |    11.34 |    11.41 |     0.76 |      0.3  |
|    4 |       6 |       15 |        0 |        0 |       0 |      13 |      14 |  0.04 |    14.07 |    13.67 |     0.85 |      0.2  |
|    4 |       7 |        3 |        0 |        0 |       0 |       3 |       3 |  0.04 |    13.79 |    13.85 |     0.89 |      0.14 |
|    4 |       8 |        8 |        0 |        0 |       0 |       7 |       8 |  0.03 |    11.43 |    11.17 |     0.76 |      0.3  |
|    4 |       9 |       11 |        0 |        0 |       0 |      11 |      11 |  0.06 |    21.33 |    21.35 |     0.85 |      0.24 |
|    4 |      10 |        2 |        0 |        0 |       0 |       2 |       2 |  0.04 |    24.7  |    24.95 |     0.89 |      0.22 |
|    4 |      11 |        5 |        0 |        0 |       0 |       4 |       5 |  0.03 |    11.73 |    14.86 |     0.79 |      0.41 |
|    4 |      12 |        5 |        0 |        0 |       0 |       3 |       4 |  0.03 |     4.14 |     4.23 |     0.65 |      0.44 |
|    4 |      13 |        7 |        0 |        0 |       0 |       7 |       7 |  0.06 |    16.1  |    16.32 |     0.9  |      0.31 |
|    4 |      14 |        9 |        0 |        0 |       0 |       9 |       9 |  0.05 |     6.03 |     5.82 |     0.75 |      0.41 |
|    4 |      15 |        7 |        0 |        0 |       0 |       7 |       7 |  0.05 |    14.31 |    14.51 |     0.84 |      0.21 |
|    4 |      16 |       14 |        0 |        0 |       0 |      13 |      13 |  0.06 |    14.57 |    14.7  |     0.87 |      0.23 |
|    4 |      17 |       13 |        3 |        0 |       0 |      12 |      13 |  0.04 |    12.15 |    11.2  |     0.77 |      0.3  |
|    4 |      18 |        9 |        0 |        0 |       0 |       9 |       9 |  0.03 |    11.35 |    11.42 |     0.84 |      0.38 |
|    4 |      19 |        4 |        0 |        0 |       0 |       4 |       4 |  0.04 |    11.24 |    11.36 |     0.82 |      0.2  |
|    4 |      20 |        6 |        0 |        0 |       0 |       5 |       6 |  0.04 |     8.22 |     8.16 |     0.68 |      0.42 |
|    4 |      21 |        8 |        0 |        0 |       0 |       8 |       8 |  0.04 |    13.51 |    13.44 |     0.83 |      0.2  |
|    4 |      22 |        2 |        0 |        0 |       0 |       2 |       2 |  0.03 |    14.59 |    14.67 |     0.85 |      0.32 |
|    4 |      23 |        5 |        0 |        0 |       0 |       5 |       5 |  0.12 |    27.29 |    27.56 |     0.94 |      0.1  |
|    4 |      24 |        8 |        0 |        0 |       0 |       8 |       8 |  0.07 |    28.38 |    28.43 |     0.93 |      0.17 |
|    4 |      25 |        4 |        0 |        0 |       0 |       4 |       4 |  0.04 |     9.22 |     9.24 |     0.89 |      0.17 |
|    4 |      26 |        8 |        0 |        0 |       0 |       7 |       7 |  0.04 |     8.65 |     8.63 |     0.75 |      0.32 |
|    4 |      27 |        9 |        0 |        0 |       0 |       9 |       9 |  0.07 |    17.41 |    17.54 |     0.76 |      0.22 |
|    4 |      28 |       12 |        0 |        0 |       0 |       9 |      11 |  0.04 |    12.54 |    11.71 |     0.88 |      0.23 |
|    4 |      29 |        4 |        0 |        0 |       0 |       4 |       4 |  0.03 |     9.68 |     9.52 |     0.85 |      0.33 |
|    4 |      30 |        6 |        0 |        0 |       0 |       6 |       6 |  0.04 |    14.27 |    14.32 |     0.85 |      0.3  |
|    4 |      31 |        5 |        0 |        0 |       0 |       4 |       4 |  0.04 |    16.92 |    16.99 |     0.93 |      0.24 |
|    4 |      32 |       13 |        2 |        0 |       0 |      12 |      14 |  0.04 |    11.29 |    11.12 |     0.76 |      0.23 |
|    4 |      33 |        1 |        0 |        0 |       0 |       1 |       1 |  0.04 |    13.67 |    13.75 |     0.96 |      0.05 |
|    4 |      34 |       13 |        0 |        0 |       0 |      13 |      13 |  0.05 |    15.76 |    15.86 |     0.85 |      0.3  |
|    4 |      35 |       11 |        0 |        0 |       0 |      10 |      11 |  0.03 |    11.29 |    10.58 |     0.72 |      0.33 |
|    4 |      36 |       13 |        0 |        0 |       0 |      12 |      12 |  0.04 |     9.43 |     9.49 |     0.78 |      0.4  |
|    4 |      37 |       10 |        0 |        0 |       0 |      10 |      10 |  0.05 |    24.87 |    24.92 |     0.79 |      0.2  |
|    4 |      38 |        3 |        3 |        0 |       0 |       2 |       3 |  0.02 |     1.36 |     1.23 |     0.38 |      0.72 |
|    4 |      39 |        2 |        0 |        0 |       0 |       2 |       2 |  0.08 |    20.95 |    21.18 |     0.93 |      0.04 |
|    4 |      40 |        5 |        0 |        0 |       0 |       5 |       5 |  0.05 |    22.49 |    22.57 |     0.91 |      0.19 |
|    4 |      41 |        5 |        0 |        0 |       0 |       5 |       5 |  0.06 |    14.23 |    14.42 |     0.93 |      0.19 |
|    4 |      42 |        5 |        0 |        0 |       0 |       5 |       5 |  0.07 |    16.84 |    16.91 |     0.9  |      0.2  |
|    4 |      43 |        5 |        0 |        0 |       0 |       5 |       5 |  0.06 |    18.45 |    18.51 |     0.92 |      0.13 |
|    4 |      44 |        8 |        0 |        0 |       0 |       7 |       7 |  0.03 |     6.42 |     6.49 |     0.79 |      0.58 |
|    4 |      45 |        6 |        0 |        0 |       0 |       5 |       6 |  0.04 |    12.34 |    10.64 |     0.82 |      0.17 |
|    4 |      46 |        5 |        0 |        0 |       0 |       5 |       5 |  0.06 |    22.21 |    22.27 |     0.81 |      0.13 |
|    4 |      47 |        4 |        0 |        0 |       0 |       4 |       4 |  0.07 |    20.37 |    20.55 |     0.93 |      0.07 |
|    4 |      48 |        3 |        0 |        0 |       0 |       3 |       3 |  0.05 |    12.58 |    12.7  |     0.95 |      0.18 |
|    4 |      49 |        7 |        0 |        0 |       0 |       7 |       7 |  0.07 |    23.48 |    23.56 |     0.91 |      0.14 |
|    4 |      50 |        7 |        0 |        0 |       0 |       7 |       7 |  0.04 |     6.26 |     6.21 |     0.71 |      0.41 |
|    4 |      51 |        7 |        0 |        0 |       0 |       7 |       7 |  0.04 |     6.16 |     6.45 |     0.82 |      0.29 |
|    4 |      52 |        9 |        0 |        0 |       0 |       9 |       9 |  0.06 |    25.63 |    25.9  |     0.75 |      0.29 |
|    4 |      53 |        9 |        0 |        0 |       0 |       8 |       8 |  0.04 |    10.45 |    10.49 |     0.85 |      0.37 |
|    4 |      54 |       18 |        0 |        0 |       0 |      18 |      18 |  0.04 |    15.64 |    15.62 |     0.75 |      0.46 |
|    4 |      55 |       13 |        0 |        0 |       0 |      13 |      13 |  0.07 |    29.21 |    29.29 |     0.86 |      0.19 |
|    4 |      56 |       10 |        3 |        0 |       0 |      12 |      11 |  0.05 |    18.81 |    20.64 |     0.78 |      0.67 |
|    4 |      57 |        2 |        2 |        0 |       0 |       4 |       4 |  0.03 |    18.12 |    19.26 |     0.72 |      0.26 |
|    4 |      58 |        5 |        2 |        0 |       0 |       7 |       6 |  0.06 |    20.54 |    23.82 |     0.94 |      0.3  |
|    4 |      59 |        1 |        2 |        0 |       0 |       3 |       2 |  0.04 |    21.12 |    30.89 |     0.91 |      1.38 |
|    4 |      60 |        4 |        0 |        0 |       0 |       4 |       4 |  0.11 |    18.06 |    18.44 |     0.84 |      0.26 |
|    4 |      61 |        8 |        0 |        0 |       0 |       6 |       7 |  0.04 |    13.66 |    12.21 |     0.83 |      0.2  |
|    4 |      62 |        3 |        0 |        0 |       0 |       3 |       3 |  0.02 |     3.51 |     3.03 |     0.49 |      0.58 |
|    4 |      63 |        7 |        0 |        0 |       0 |       7 |       7 |  0.05 |     9.94 |    10.26 |     0.88 |      0.18 |
|    4 |      64 |        8 |        0 |        0 |       0 |       8 |       8 |  0.07 |    15.66 |    15.59 |     0.88 |      0.21 |
|    4 |      65 |       10 |        0 |        0 |       0 |      10 |      10 |  0.04 |     6.57 |     6.58 |     0.81 |      0.29 |
|    4 |      66 |        3 |        4 |        0 |       0 |       3 |       3 |  0.04 |     9.55 |     9.57 |     0.89 |      0.12 |
|    4 |      67 |        7 |        0 |        0 |       0 |       7 |       7 |  0.05 |    12.87 |    12.83 |     0.85 |      0.16 |
|    4 |      68 |        6 |        0 |        0 |       0 |       5 |       5 |  0.04 |     9.92 |     9.79 |     0.76 |      0.28 |
|    4 |      69 |       11 |        0 |        0 |       0 |      11 |      11 |  0.05 |    22.13 |    22.33 |     0.81 |      0.3  |
|    4 |      70 |        3 |        0 |        0 |       0 |       3 |       3 |  0.03 |     8.67 |     8.67 |     0.85 |      0.48 |
|    4 |      71 |        6 |        0 |        0 |       0 |       6 |       6 |  0.06 |    15.16 |    15.21 |     0.84 |      0.29 |
|    4 |      72 |        8 |        0 |        0 |       0 |       8 |       8 |  0.06 |    26.81 |    27.18 |     0.76 |      0.26 |
|    4 |      73 |        8 |        0 |        0 |       0 |       8 |       8 |  0.05 |    12.29 |    12.4  |     0.87 |      0.28 |
|    4 |      74 |        9 |        0 |        0 |       0 |       6 |       8 |  0.04 |    15.24 |    15.07 |     0.89 |      0.21 |
|    4 |      75 |       10 |        0 |        0 |       0 |       8 |      10 |  0.05 |    17.63 |    16.52 |     0.8  |      0.3  |
|    4 |      76 |       10 |        0 |        0 |       0 |       8 |      10 |  0.05 |    15.6  |    15.31 |     0.82 |      0.25 |
|    4 |      77 |        5 |        0 |        0 |       0 |       5 |       5 |  0.04 |     5.76 |     5.86 |     0.75 |      0.3  |
|    4 |      78 |       16 |        0 |        0 |       0 |      15 |      15 |  0.05 |    16.69 |    16.76 |     0.86 |      0.19 |
|    4 |      79 |        8 |        0 |        0 |       0 |       8 |       8 |  0.04 |    13.9  |    13.92 |     0.87 |      0.13 |
|    4 |      80 |        8 |        0 |        0 |       0 |       6 |       6 |  0.08 |    19.68 |    19.91 |     0.85 |      0.11 |
|    4 |      81 |        7 |        0 |        0 |       0 |       6 |       7 |  0.05 |    26.1  |    23.84 |     0.91 |      0.22 |
|    4 |      82 |        5 |        0 |        0 |       0 |       5 |       5 |  0.06 |    26.27 |    26.34 |     0.92 |      0.18 |
|    4 |      83 |        2 |        0 |        0 |       0 |       2 |       2 |  0.03 |     6.82 |     6.8  |     0.71 |      0.27 |
|    4 |      84 |        8 |        0 |        0 |       0 |       7 |       8 |  0.06 |    29.34 |    25.92 |     0.79 |      0.36 |
|    4 |      85 |        5 |        2 |        0 |       0 |       6 |       6 |  0.03 |    13.18 |    12.4  |     0.65 |      0.62 |
|    4 |      86 |        6 |        0 |        0 |       0 |       5 |       6 |  0.03 |     6.49 |     9.8  |     0.72 |      0.48 |
|    4 |      87 |        7 |        0 |        0 |       0 |       7 |       7 |  0.04 |    15.93 |    15.99 |     0.88 |      0.26 |
|    4 |      88 |        8 |        0 |        0 |       0 |       8 |       8 |  0.04 |    15.27 |    15.47 |     0.82 |      0.36 |
|    4 |      89 |       10 |        0 |        0 |       0 |      10 |      10 |  0.04 |    13.5  |    13.51 |     0.8  |      0.29 |
|    4 |      90 |        2 |        2 |        0 |       0 |       4 |       4 |  0.04 |    15    |    16.43 |     0.41 |      1.06 |
|    4 |      91 |        5 |        0 |        0 |       0 |       5 |       5 |  0.04 |     9.16 |     9    |     0.76 |      0.34 |
|    4 |      92 |        8 |        0 |        0 |       0 |       8 |       8 |  0.05 |    17.08 |    16.97 |     0.79 |      0.34 |
|    4 |      93 |        7 |        0 |        0 |       0 |       7 |       7 |  0.04 |    14.68 |    14.69 |     0.83 |      0.27 |
|    4 |      94 |        8 |        0 |        0 |       0 |       7 |       8 |  0.04 |    10.65 |    10.78 |     0.8  |      0.4  |
|    4 |      95 |        5 |        0 |        0 |       0 |       5 |       5 |  0.04 |     8.9  |     8.94 |     0.91 |      0.26 |
|    4 |      96 |        6 |        0 |        0 |       0 |       6 |       6 |  0.05 |    15.2  |    15.23 |     0.79 |      0.35 |
|    4 |      97 |        9 |        0 |        0 |       0 |       9 |       9 |  0.07 |    21.95 |    22.11 |     0.89 |      0.15 |
|    4 |      98 |        1 |        0 |        0 |       0 |       1 |       1 |  0.05 |    10.02 |    10.18 |     0.91 |      0.14 |
|    4 |      99 |        4 |        0 |        0 |       0 |       4 |       4 |  0.05 |    17.5  |    17.41 |     0.81 |      0.37 |
|    4 |     100 |        7 |        0 |        0 |       0 |       7 |       7 |  0.04 |     7.68 |     7.71 |     0.76 |      0.32 |
|    4 |     101 |       13 |        0 |        0 |       0 |      13 |      13 |  0.06 |    18.31 |    18.38 |     0.8  |      0.42 |
|    4 |     102 |        7 |        2 |        0 |       0 |       6 |       7 |  0.05 |    16.09 |    14.81 |     0.9  |      0.15 |
|    4 |     103 |        7 |        0 |        0 |       0 |       7 |       7 |  0.05 |    13.97 |    13.86 |     0.73 |      0.36 |
|    4 |     104 |        5 |        0 |        0 |       0 |       5 |       5 |  0.03 |     6.59 |     6.57 |     0.68 |      0.36 |
|    4 |     105 |       13 |        0 |        0 |       0 |      11 |      11 |  0.05 |    11.62 |    11.73 |     0.84 |      0.31 |
|    4 |     106 |        3 |        0 |        0 |       0 |       3 |       3 |  0.04 |     6.18 |     6.44 |     0.48 |      0.82 |
|    4 |     107 |        5 |        0 |        0 |       0 |       5 |       5 |  0.04 |     5.2  |     5.41 |     0.56 |      0.83 |
|    4 |     108 |        8 |        0 |        0 |       0 |       8 |       8 |  0.06 |    17.05 |    17.18 |     0.84 |      0.21 |
|    4 |     109 |        6 |        0 |        0 |       0 |       6 |       6 |  0.05 |    19.63 |    19.69 |     0.89 |      0.17 |
|    4 |     110 |       11 |        0 |        0 |       0 |      10 |      11 |  0.05 |    10.5  |    10.2  |     0.83 |      0.32 |
|    4 |     111 |        9 |        0 |        0 |       0 |       9 |       9 |  0.06 |    25.24 |    25.21 |     0.85 |      0.16 |
|    4 |     112 |        4 |        1 |        0 |       0 |       5 |       5 |  0.05 |    12.62 |    12.68 |     0.87 |      0.29 |
|    4 |     113 |        5 |        0 |        0 |       0 |       5 |       5 |  0.08 |    23.07 |    23.24 |     0.83 |      0.15 |
|    4 |     114 |        9 |        2 |        0 |       0 |       8 |       9 |  0.04 |     8.29 |     8.48 |     0.62 |      0.46 |
|    4 |     115 |        4 |        7 |        0 |       0 |      11 |      11 |  0.03 |     8.3  |     8.14 |     0.76 |      0.6  |
|    4 |     116 |        0 |        2 |        0 |       0 |       2 |       2 |  0.03 |     5.96 |     6.75 |     0.83 |      0.42 |
|    5 |       1 |        0 |       18 |        0 |       0 |      18 |       5 |  0.05 |     4.74 |    11.75 |     0.9  |      0.97 |
|    5 |       2 |        3 |       11 |        0 |       0 |      13 |      13 |  0.04 |    12.2  |    12.38 |     0.84 |      0.17 |
|    5 |       3 |        3 |        1 |        0 |       0 |       3 |       3 |  0.04 |     8.01 |     8.09 |     0.68 |      0.68 |
|    5 |       4 |        7 |        0 |        0 |       0 |       6 |       6 |  0.04 |     6.3  |     6.3  |     0.77 |      0.32 |
|    5 |       5 |        3 |        0 |        0 |       0 |       3 |       3 |  0.12 |    31.57 |    31.82 |     0.96 |      0.08 |
|    5 |       6 |        6 |        0 |        0 |       0 |       6 |       6 |  0.04 |     7.07 |     7.25 |     0.82 |      0.34 |
|    5 |       7 |        6 |        0 |        0 |       0 |       5 |       5 |  0.05 |    18.81 |    18.83 |     0.84 |      0.13 |
|    5 |       8 |        7 |        0 |        0 |       0 |       4 |       6 |  0.03 |     6.21 |     8.62 |     0.74 |      0.62 |
|    5 |       9 |        9 |        1 |        0 |       0 |      10 |      10 |  0.05 |    22.25 |    22.22 |     0.8  |      0.39 |
|    5 |      10 |        5 |        0 |        0 |       0 |       5 |       5 |  0.06 |    26.71 |    26.43 |     0.74 |      0.31 |
|    5 |      11 |        7 |        0 |        0 |       0 |       6 |       6 |  0.05 |    15.35 |    15.52 |     0.9  |      0.26 |
|    5 |      12 |        8 |        0 |        0 |       0 |       8 |       8 |  0.04 |    10.28 |    10.48 |     0.82 |      0.36 |
|    5 |      13 |        4 |        0 |        0 |       0 |       4 |       4 |  0.04 |    10.43 |    10.43 |     0.82 |      0.37 |
|    5 |      14 |        9 |        0 |        0 |       0 |       9 |       9 |  0.04 |     7.65 |     7.53 |     0.67 |      0.48 |
|    5 |      15 |        6 |        0 |        0 |       0 |       4 |       4 |  0.06 |     7.1  |     7.17 |     0.75 |      0.25 |
|    5 |      16 |        8 |        0 |        0 |       0 |       8 |       8 |  0.04 |    10.79 |    10.76 |     0.84 |      0.25 |
|    5 |      17 |        3 |        0 |        0 |       0 |       2 |       2 |  0.02 |     1.9  |     2.37 |     0.35 |      1.43 |
|    5 |      18 |        9 |        0 |        0 |       0 |       9 |       9 |  0.05 |    13.48 |    13.72 |     0.78 |      0.34 |
|    5 |      19 |        7 |        0 |        0 |       0 |       7 |       7 |  0.05 |    15.17 |    15.12 |     0.69 |      0.58 |
|    5 |      20 |        7 |        0 |        0 |       0 |       7 |       7 |  0.03 |     4.78 |     4.8  |     0.65 |      0.52 |
|    5 |      21 |        7 |        0 |        0 |       0 |       7 |       7 |  0.04 |     7.25 |     7.03 |     0.73 |      0.18 |
|    5 |      22 |        7 |        0 |        0 |       0 |       5 |       6 |  0.07 |    20.11 |    17.25 |     0.77 |      0.27 |
|    5 |      23 |        5 |        0 |        0 |       0 |       5 |       5 |  0.04 |    12.99 |    12.99 |     0.86 |      0.3  |
|    5 |      24 |       10 |        0 |        0 |       0 |      10 |      10 |  0.05 |    11.2  |    11.21 |     0.74 |      0.42 |
|    5 |      25 |        5 |        0 |        0 |       0 |       5 |       5 |  0.04 |     4.14 |     4    |     0.57 |      0.77 |
|    5 |      26 |        7 |        0 |        0 |       0 |       7 |       7 |  0.05 |    13.49 |    13.66 |     0.72 |      0.4  |
|    5 |      27 |        6 |        0 |        0 |       0 |       6 |       6 |  0.04 |    10.36 |    10.42 |     0.79 |      0.21 |
|    5 |      28 |        6 |        0 |        0 |       0 |       5 |       5 |  0.06 |    16.32 |    16.66 |     0.85 |      0.31 |
|    5 |      29 |        7 |        2 |        0 |       0 |       9 |       8 |  0.03 |     6.87 |     7.51 |     0.64 |      0.38 |
|    5 |      30 |        9 |        0 |        0 |       0 |       9 |       9 |  0.05 |    13.57 |    13.56 |     0.81 |      0.21 |
|    5 |      31 |        4 |        0 |        0 |       0 |       4 |       4 |  0.04 |    11.26 |    11.36 |     0.77 |      0.42 |
|    5 |      32 |        6 |        0 |        0 |       0 |       6 |       6 |  0.06 |     8.78 |     8.91 |     0.81 |      0.35 |
|    5 |      33 |        6 |        0 |        0 |       0 |       6 |       6 |  0.05 |    26.89 |    26.94 |     0.93 |      0.2  |
|    5 |      34 |        8 |        0 |        0 |       0 |       6 |       7 |  0.03 |     8.14 |     8.93 |     0.75 |      0.53 |
|    5 |      35 |        7 |        0 |        0 |       0 |       7 |       7 |  0.05 |    10.57 |    10.81 |     0.74 |      0.47 |
|    5 |      36 |       10 |        0 |        0 |       0 |       9 |       9 |  0.06 |    10.48 |    10.37 |     0.71 |      0.25 |
|    5 |      37 |        9 |        0 |        0 |       0 |       9 |       9 |  0.05 |    18.06 |    18.17 |     0.88 |      0.16 |
|    5 |      38 |        5 |        0 |        0 |       0 |       5 |       5 |  0.04 |     7.15 |     7.33 |     0.78 |      0.42 |
|    5 |      39 |        7 |        0 |        0 |       0 |       7 |       7 |  0.06 |    13.5  |    13.32 |     0.67 |      0.38 |
|    5 |      40 |        4 |        0 |        0 |       0 |       4 |       4 |  0.04 |    15.98 |    15.94 |     0.72 |      0.4  |
|    5 |      41 |        8 |        0 |        0 |       0 |       8 |       8 |  0.04 |    11.47 |    11.78 |     0.87 |      0.23 |
|    5 |      42 |       10 |        0 |        0 |       0 |       9 |       9 |  0.05 |    15.38 |    15.55 |     0.87 |      0.32 |
|    5 |      43 |        9 |        0 |        0 |       0 |       9 |       9 |  0.09 |    39.51 |    39.71 |     0.93 |      0.2  |
|    5 |      44 |        8 |        0 |        0 |       0 |       7 |       7 |  0.05 |    16.98 |    16.98 |     0.83 |      0.34 |
|    5 |      45 |        9 |        0 |        0 |       0 |       8 |       8 |  0.06 |    19.06 |    18.99 |     0.7  |      0.26 |
|    5 |      46 |        5 |        0 |        0 |       0 |       5 |       5 |  0.05 |     5.28 |     5.14 |     0.57 |      0.49 |
|    5 |      47 |        6 |        0 |        0 |       0 |       6 |       6 |  0.07 |    23    |    23.24 |     0.91 |      0.18 |
|    5 |      48 |       10 |        0 |        0 |       0 |      10 |      10 |  0.04 |    12.83 |    12.84 |     0.78 |      0.3  |
|    5 |      49 |        6 |        0 |        0 |       0 |       6 |       6 |  0.04 |    12.62 |    12.66 |     0.75 |      0.32 |
|    5 |      50 |        8 |        0 |        0 |       0 |       7 |       8 |  0.05 |    11.68 |    10.6  |     0.77 |      0.23 |
|    5 |      51 |        9 |        0 |        0 |       0 |       9 |       9 |  0.04 |    11.71 |    11.67 |     0.8  |      0.31 |
|    5 |      52 |        9 |        0 |        0 |       0 |       9 |       9 |  0.05 |     9.57 |    10.03 |     0.71 |      0.48 |
|    5 |      53 |        7 |        0 |        0 |       0 |       7 |       7 |  0.05 |     7.71 |     7.89 |     0.7  |      0.4  |
|    5 |      54 |        6 |        0 |        0 |       0 |       5 |       5 |  0.06 |    18.48 |    18.61 |     0.94 |      0.16 |
|    5 |      55 |        4 |        0 |        0 |       0 |       4 |       4 |  0.04 |    12.05 |    12.23 |     0.85 |      0.18 |
|    5 |      56 |        3 |        0 |        0 |       0 |       3 |       3 |  0.04 |     2.26 |     2.54 |     0.6  |      0.46 |
|    5 |      57 |        7 |        0 |        0 |       0 |       7 |       7 |  0.04 |     5.54 |     5.43 |     0.65 |      0.62 |
|    5 |      58 |        9 |        0 |        0 |       0 |       8 |       8 |  0.04 |     9.74 |    10.04 |     0.73 |      0.36 |
|    5 |      59 |        9 |        0 |        0 |       0 |       9 |       9 |  0.06 |    38.3  |    38.32 |     0.82 |      0.3  |
|    5 |      60 |        8 |        0 |        0 |       0 |       8 |       8 |  0.03 |     4.31 |     4.2  |     0.57 |      0.48 |
|    5 |      61 |        5 |        0 |        0 |       0 |       5 |       5 |  0.05 |    13.83 |    13.82 |     0.86 |      0.18 |
|    5 |      62 |        6 |        0 |        0 |       0 |       6 |       6 |  0.04 |    12.01 |    11.91 |     0.76 |      0.24 |
|    5 |      63 |        3 |        0 |        0 |       0 |       3 |       3 |  0.06 |    16.32 |    16.23 |     0.76 |      0.41 |
|    5 |      64 |        7 |        0 |        0 |       0 |       7 |       7 |  0.06 |    16.37 |    15.8  |     0.71 |      0.36 |
|    5 |      65 |        9 |        0 |        0 |       0 |       8 |       8 |  0.05 |    17.77 |    17.78 |     0.87 |      0.24 |
|    5 |      66 |        5 |        3 |        0 |       0 |       8 |       7 |  0.04 |    13.09 |    13.42 |     0.63 |      0.91 |
|    5 |      67 |        6 |        0 |        0 |       0 |       5 |       6 |  0.04 |     4.43 |     3.94 |     0.59 |      0.54 |
|    5 |      68 |        6 |        0 |        0 |       0 |       5 |       5 |  0.07 |    20.25 |    20.37 |     0.76 |      0.22 |
|    5 |      69 |        3 |        0 |        0 |       0 |       3 |       3 |  0.06 |    10.72 |    10.86 |     0.92 |      0.21 |
|    5 |      70 |        5 |        0 |        0 |       0 |       5 |       5 |  0.05 |    13.77 |    13.86 |     0.9  |      0.15 |
|    5 |      71 |        9 |        0 |        0 |       0 |       9 |       9 |  0.03 |     9.37 |     9.25 |     0.76 |      0.35 |
|    5 |      72 |       10 |        0 |        0 |       0 |      10 |      10 |  0.04 |     9.46 |     9.41 |     0.78 |      0.33 |
|    5 |      73 |        5 |        0 |        0 |       0 |       5 |       5 |  0.05 |    19.73 |    19.59 |     0.78 |      0.59 |
|    5 |      74 |       10 |        0 |        0 |       0 |      10 |      10 |  0.06 |    18.33 |    18.48 |     0.8  |      0.23 |
|    5 |      75 |        6 |        0 |        0 |       0 |       6 |       6 |  0.04 |    12.08 |    11.98 |     0.64 |      0.37 |
|    5 |      76 |        3 |        0 |        0 |       0 |       3 |       3 |  0.11 |    20.73 |    20.82 |     0.88 |      0.19 |
|    5 |      77 |        4 |        0 |        0 |       0 |       4 |       4 |  0.04 |     6.06 |     6.21 |     0.57 |      0.23 |
|    5 |      78 |        7 |        0 |        0 |       0 |       5 |       6 |  0.03 |     8.67 |     7.53 |     0.6  |      0.54 |
|    5 |      79 |        8 |        0 |        0 |       0 |       7 |       7 |  0.04 |    13.45 |    13.28 |     0.76 |      0.38 |
|    5 |      80 |       11 |        0 |        0 |       0 |      11 |      11 |  0.05 |    14.87 |    14.95 |     0.79 |      0.2  |
|    5 |      81 |        9 |        0 |        0 |       0 |       9 |       9 |  0.05 |    17.12 |    17.19 |     0.88 |      0.23 |
|    5 |      82 |        5 |        0 |        0 |       0 |       5 |       5 |  0.04 |    15.87 |    15.82 |     0.74 |      0.26 |
|    5 |      83 |       12 |        0 |        0 |       0 |      11 |      12 |  0.05 |    14.91 |    14.35 |     0.88 |      0.29 |
|    5 |      84 |        6 |        0 |        0 |       0 |       6 |       6 |  0.05 |    11.66 |    11.75 |     0.75 |      0.46 |
|    5 |      85 |        8 |        0 |        0 |       0 |       8 |       8 |  0.04 |    10.45 |    10.57 |     0.84 |      0.19 |
|    5 |      86 |        9 |        0 |        0 |       0 |       7 |       8 |  0.05 |    19.3  |    17.97 |     0.82 |      0.24 |
|    5 |      87 |        9 |        0 |        0 |       0 |       9 |       9 |  0.06 |    16.43 |    16.5  |     0.76 |      0.37 |
|    5 |      88 |        6 |        0 |        0 |       0 |       5 |       6 |  0.04 |     7.93 |     6.95 |     0.77 |      0.32 |
|    5 |      89 |       11 |        0 |        0 |       0 |      10 |      11 |  0.05 |    12.96 |    13.34 |     0.75 |      0.46 |
|    5 |      90 |        3 |        0 |        0 |       0 |       3 |       3 |  0.04 |     7.95 |     8.07 |     0.8  |      0.37 |
|    5 |      91 |        4 |        0 |        0 |       0 |       4 |       4 |  0.04 |    13.93 |    13.91 |     0.87 |      0.29 |
|    5 |      92 |        9 |        0 |        0 |       0 |       7 |       7 |  0.04 |     6.26 |     6.16 |     0.66 |      0.54 |
|    5 |      93 |        8 |        0 |        0 |       0 |       8 |       8 |  0.07 |    27    |    27.07 |     0.82 |      0.23 |
|    5 |      94 |       11 |        0 |        0 |       0 |      11 |      11 |  0.05 |    10.71 |    10.67 |     0.8  |      0.27 |
|    5 |      95 |        9 |        0 |        0 |       0 |       8 |       8 |  0.06 |    14.06 |    14.07 |     0.83 |      0.32 |
|    5 |      96 |       11 |        0 |        0 |       0 |      11 |      11 |  0.07 |    23.11 |    23.05 |     0.82 |      0.24 |
|    5 |      97 |        3 |        0 |        0 |       0 |       3 |       3 |  0.04 |    13.14 |    13.08 |     0.86 |      0.32 |
|    5 |      98 |        4 |        0 |        0 |       0 |       4 |       4 |  0.04 |    12.7  |    12.76 |     0.89 |      0.11 |
|    5 |      99 |        3 |        0 |        0 |       0 |       3 |       3 |  0.05 |     3.12 |     3.33 |     0.57 |      0.75 |
|    5 |     100 |        7 |        0 |        0 |       0 |       7 |       7 |  0.04 |    10.91 |    10.68 |     0.7  |      0.48 |
|    5 |     101 |        9 |        0 |        0 |       0 |       8 |       8 |  0.06 |    21.37 |    21.2  |     0.71 |      0.29 |
|    5 |     102 |        6 |        0 |        0 |       0 |       6 |       6 |  0.04 |    14.09 |    14.15 |     0.81 |      0.37 |
|    5 |     103 |        7 |        0 |        0 |       0 |       7 |       7 |  0.04 |    14.35 |    14.17 |     0.8  |      0.38 |
|    5 |     104 |        4 |        0 |        0 |       0 |       4 |       4 |  0.08 |    18.4  |    18.48 |     0.84 |      0.18 |
|    5 |     105 |        8 |        1 |        0 |       0 |       8 |       8 |  0.05 |    15.11 |    15.36 |     0.84 |      0.26 |
|    5 |     106 |        2 |        1 |        0 |       0 |       3 |       3 |  0.04 |    12.41 |    12.65 |     0.87 |      0.26 |
|    5 |     107 |        5 |        2 |        0 |       0 |       6 |       6 |  0.07 |    19.31 |    19.51 |     0.93 |      0.09 |
|    5 |     108 |        0 |        3 |        0 |       0 |       3 |       3 |  0.1  |    48.39 |    55.21 |     0.73 |      0.21 |
+------+---------+----------+----------+----------+---------+---------+---------+-------+----------+----------+----------+-----------+

 Summary vs resolution
+------+---------+----------+----------+----------+---------+---------+---------+-------+----------+----------+----------+-----------+
|   ID |   d min |   # full |   # part |   # over |   # ice |   # sum |   # prf |   Ibg |   I/sigI |   I/sigI |   CC prf |   RMSD XY |
|      |         |          |          |          |         |         |         |       |    (sum) |    (prf) |          |           |
|------+---------+----------+----------+----------+---------+---------+---------+-------+----------+----------+----------+-----------|
|    0 |    0.71 |        5 |        0 |        0 |       0 |       4 |       4 |  0.02 |     3.1  |     3.3  |     0.47 |      0.72 |
|    0 |    0.73 |        2 |        0 |        0 |       0 |       1 |       2 |  0.02 |    -0.39 |     1.2  |     0.38 |      1.25 |
|    0 |    0.74 |        6 |        0 |        0 |       0 |       5 |       6 |  0.02 |     5.61 |     4.45 |     0.56 |      0.67 |
|    0 |    0.75 |       10 |        0 |        0 |       0 |       9 |      10 |  0.02 |     3.69 |     3.84 |     0.48 |      0.71 |
|    0 |    0.77 |       11 |        2 |        0 |       0 |      12 |      11 |  0.02 |     3.85 |     4.22 |     0.63 |      0.64 |
|    0 |    0.79 |       19 |        3 |        0 |       0 |      21 |      18 |  0.03 |     4.28 |     4.55 |     0.66 |      0.56 |
|    0 |    0.8  |       27 |        2 |        0 |       0 |      29 |      27 |  0.03 |     5.63 |     6.06 |     0.66 |      0.53 |
|    0 |    0.82 |       17 |        2 |        0 |       0 |      18 |      18 |  0.03 |     4.68 |     4.65 |     0.6  |      0.61 |
|    0 |    0.85 |       31 |        0 |        0 |       0 |      28 |      29 |  0.03 |     4.85 |     5.02 |     0.68 |      0.37 |
|    0 |    0.87 |       22 |        3 |        0 |       0 |      24 |      24 |  0.03 |     6.59 |     6.58 |     0.75 |      0.35 |
|    0 |    0.9  |       30 |        7 |        0 |       0 |      33 |      31 |  0.03 |     4.23 |     5.63 |     0.7  |      0.55 |
|    0 |    0.93 |       30 |        1 |        0 |       0 |      31 |      30 |  0.03 |     5.1  |     5.29 |     0.67 |      0.45 |
|    0 |    0.97 |       39 |        5 |        0 |       0 |      41 |      40 |  0.04 |     8.3  |     8.5  |     0.75 |      0.4  |
|    0 |    1.01 |       38 |        4 |        0 |       0 |      42 |      40 |  0.04 |    12.23 |    12.78 |     0.84 |      0.25 |
|    0 |    1.06 |       51 |        5 |        0 |       0 |      54 |      51 |  0.04 |    13.84 |    14.88 |     0.88 |      0.33 |
|    0 |    1.13 |       56 |        4 |        0 |       0 |      60 |      56 |  0.05 |    12.31 |    12.94 |     0.87 |      0.26 |
|    0 |    1.22 |       50 |        6 |        0 |       0 |      56 |      55 |  0.05 |    14.52 |    15.8  |     0.82 |      0.31 |
|    0 |    1.34 |       56 |        9 |        0 |       0 |      65 |      61 |  0.06 |    16.71 |    18.29 |     0.89 |      0.28 |
|    0 |    1.53 |       57 |        1 |        0 |       0 |      52 |      53 |  0.07 |    23.97 |    23.8  |     0.89 |      0.21 |
|    0 |    1.92 |       47 |        7 |        0 |       0 |      40 |      38 |  0.15 |    48.94 |    54.42 |     0.9  |      0.14 |
|    1 |    0.71 |        6 |        1 |        0 |       0 |       7 |       6 |  0.02 |     1.19 |     1.57 |     0.37 |      1.73 |
|    1 |    0.72 |        6 |        0 |        0 |       0 |       4 |       5 |  0.02 |     2.84 |     2.39 |     0.45 |      0.64 |
|    1 |    0.74 |        3 |        0 |        0 |       0 |       3 |       3 |  0.02 |     4.28 |     4.26 |     0.51 |      0.63 |
|    1 |    0.75 |        8 |        0 |        0 |       0 |       8 |       8 |  0.02 |     4.55 |     4.42 |     0.51 |      0.97 |
|    1 |    0.77 |       12 |        1 |        0 |       0 |      10 |      11 |  0.02 |     4.07 |     4.37 |     0.63 |      0.68 |
|    1 |    0.78 |       19 |        1 |        0 |       0 |      19 |      19 |  0.03 |     5.21 |     5.29 |     0.7  |      0.54 |
|    1 |    0.8  |       28 |        2 |        0 |       0 |      30 |      29 |  0.03 |     7.49 |     7.69 |     0.71 |      0.35 |
|    1 |    0.82 |       20 |        2 |        0 |       0 |      22 |      21 |  0.03 |     5.86 |     6.04 |     0.66 |      0.53 |
|    1 |    0.84 |       17 |        4 |        0 |       0 |      19 |      17 |  0.03 |     5.58 |     6.36 |     0.73 |      0.65 |
|    1 |    0.87 |       23 |        1 |        0 |       0 |      24 |      24 |  0.03 |     7.24 |     7.2  |     0.78 |      0.37 |
|    1 |    0.9  |       35 |        1 |        0 |       0 |      34 |      36 |  0.03 |     6.54 |     6.8  |     0.77 |      0.33 |
|    1 |    0.93 |       37 |        3 |        0 |       0 |      40 |      38 |  0.03 |     5.59 |     5.92 |     0.68 |      0.46 |
|    1 |    0.97 |       29 |        2 |        0 |       0 |      30 |      29 |  0.04 |     9.48 |    10.11 |     0.8  |      0.37 |
|    1 |    1.01 |       37 |        6 |        0 |       0 |      40 |      37 |  0.04 |     8.57 |     9.18 |     0.79 |      0.53 |
|    1 |    1.06 |       49 |        6 |        0 |       0 |      51 |      52 |  0.04 |    14.18 |    14.63 |     0.88 |      0.29 |
|    1 |    1.13 |       65 |       10 |        0 |       0 |      75 |      70 |  0.05 |    15.68 |    16.4  |     0.87 |      0.31 |
|    1 |    1.22 |       53 |        2 |        0 |       0 |      54 |      55 |  0.05 |    12.7  |    13.18 |     0.8  |      0.29 |
|    1 |    1.34 |       60 |        4 |        0 |       0 |      64 |      63 |  0.06 |    18.82 |    19.74 |     0.92 |      0.22 |
|    1 |    1.53 |       56 |        3 |        0 |       0 |      55 |      54 |  0.08 |    22.13 |    22.53 |     0.88 |      0.29 |
|    1 |    1.93 |       54 |       10 |        0 |       0 |      45 |      45 |  0.15 |    53.99 |    58.62 |     0.84 |      0.25 |
|    2 |    0.72 |       13 |        0 |        0 |       0 |      10 |      10 |  0.02 |     3.51 |     3.2  |     0.5  |      0.6  |
|    2 |    0.74 |        4 |        0 |        0 |       0 |       4 |       4 |  0.02 |     5.93 |     5.4  |     0.57 |      0.48 |
|    2 |    0.75 |        7 |        1 |        0 |       0 |       5 |       7 |  0.02 |     4.15 |     3.98 |     0.62 |      0.56 |
|    2 |    0.76 |       27 |        0 |        0 |       0 |      20 |      26 |  0.03 |     4.42 |     4.1  |     0.61 |      0.48 |
|    2 |    0.78 |       18 |        4 |        0 |       0 |      20 |      20 |  0.02 |     3.24 |     4    |     0.56 |      0.75 |
|    2 |    0.8  |       40 |        1 |        0 |       0 |      38 |      40 |  0.03 |     4.51 |     4.3  |     0.63 |      0.41 |
|    2 |    0.81 |       47 |        2 |        0 |       0 |      43 |      46 |  0.03 |     3.87 |     4.03 |     0.54 |      0.56 |
|    2 |    0.83 |       38 |        2 |        0 |       0 |      39 |      38 |  0.03 |     5.24 |     5.21 |     0.65 |      0.63 |
|    2 |    0.86 |       32 |        2 |        0 |       0 |      34 |      32 |  0.03 |     7.24 |     7.6  |     0.75 |      0.39 |
|    2 |    0.88 |       42 |        3 |        0 |       0 |      43 |      42 |  0.03 |     5.58 |     5.61 |     0.68 |      0.43 |
|    2 |    0.91 |       61 |        3 |        0 |       0 |      62 |      62 |  0.03 |     7.39 |     7.46 |     0.73 |      0.42 |
|    2 |    0.94 |       53 |        5 |        0 |       0 |      53 |      56 |  0.03 |     7.48 |     7.8  |     0.73 |      0.5  |
|    2 |    0.98 |       80 |        3 |        0 |       0 |      76 |      82 |  0.03 |    10.4  |    10.66 |     0.81 |      0.3  |
|    2 |    1.02 |       50 |        6 |        0 |       0 |      52 |      50 |  0.04 |    13.82 |    14.42 |     0.86 |      0.29 |
|    2 |    1.08 |       76 |        9 |        0 |       0 |      76 |      78 |  0.05 |    16.71 |    16.7  |     0.85 |      0.29 |
|    2 |    1.15 |       93 |        6 |        0 |       0 |      99 |      97 |  0.05 |    11.58 |    11.93 |     0.84 |      0.28 |
|    2 |    1.23 |       97 |        2 |        0 |       0 |      98 |      97 |  0.05 |    14.23 |    14.51 |     0.86 |      0.24 |
|    2 |    1.36 |       86 |        5 |        0 |       0 |      90 |      88 |  0.06 |    17.47 |    18.05 |     0.88 |      0.24 |
|    2 |    1.55 |       95 |        2 |        0 |       0 |      90 |      90 |  0.07 |    23.79 |    24.68 |     0.84 |      0.19 |
|    2 |    1.94 |       84 |        7 |        0 |       0 |      76 |      74 |  0.15 |    41.87 |    47.76 |     0.89 |      0.16 |
|    3 |    0.71 |        2 |        0 |        0 |       0 |       1 |       1 |  0.02 |     5.25 |     4.63 |     0.58 |      0.12 |
|    3 |    0.72 |        1 |        0 |        0 |       0 |       1 |       1 |  0.01 |     0.01 |     0.28 |     0.22 |      2.23 |
|    3 |    0.73 |        1 |        1 |        0 |       0 |       2 |       1 |  0.02 |     0.67 |     1.51 |     0.31 |      1.14 |
|    3 |    0.75 |        9 |        1 |        0 |       0 |       8 |       9 |  0.02 |     3.61 |     4.28 |     0.59 |      0.99 |
|    3 |    0.76 |        5 |        1 |        0 |       0 |       5 |       5 |  0.02 |     3.79 |     5.15 |     0.66 |      0.74 |
|    3 |    0.78 |       11 |        1 |        0 |       0 |      12 |      12 |  0.03 |     6.01 |     6    |     0.72 |      0.61 |
|    3 |    0.8  |       19 |        3 |        0 |       0 |      22 |      20 |  0.03 |     5.45 |     5.75 |     0.69 |      0.58 |
|    3 |    0.82 |        9 |        0 |        0 |       0 |       9 |       9 |  0.03 |     5.83 |     5.92 |     0.68 |      0.49 |
|    3 |    0.84 |       16 |        1 |        0 |       0 |      17 |      16 |  0.04 |     4.89 |     5.14 |     0.69 |      0.56 |
|    3 |    0.86 |       16 |        1 |        0 |       0 |      17 |      16 |  0.04 |     7.26 |     7.36 |     0.76 |      0.41 |
|    3 |    0.89 |       16 |        2 |        0 |       0 |      18 |      16 |  0.04 |     7.41 |     8.25 |     0.81 |      0.48 |
|    3 |    0.92 |       24 |        4 |        0 |       0 |      27 |      24 |  0.03 |     5.38 |     5.83 |     0.69 |      0.68 |
|    3 |    0.96 |       18 |        2 |        0 |       0 |      20 |      18 |  0.04 |     7.05 |     7.88 |     0.72 |      0.52 |
|    3 |    1    |       23 |        9 |        0 |       0 |      30 |      27 |  0.04 |    10.93 |    13.06 |     0.88 |      0.42 |
|    3 |    1.06 |       33 |        7 |        0 |       0 |      38 |      36 |  0.05 |    13.86 |    15.24 |     0.86 |      0.39 |
|    3 |    1.12 |       40 |        5 |        0 |       0 |      45 |      42 |  0.05 |    13.82 |    14.8  |     0.87 |      0.3  |
|    3 |    1.21 |       24 |        3 |        0 |       0 |      27 |      25 |  0.06 |    14.66 |    15.62 |     0.86 |      0.24 |
|    3 |    1.33 |       42 |        3 |        0 |       0 |      45 |      43 |  0.06 |    16.74 |    17.61 |     0.88 |      0.33 |
|    3 |    1.51 |       34 |        4 |        0 |       0 |      33 |      31 |  0.08 |    23.24 |    26.98 |     0.93 |      0.31 |
|    3 |    1.89 |       36 |        7 |        0 |       0 |      33 |      29 |  0.14 |    46.61 |    54.93 |     0.92 |      0.22 |
|    4 |    0.73 |        6 |        2 |        0 |       0 |       7 |       6 |  0.02 |     3.04 |     3.7  |     0.56 |      1.53 |
|    4 |    0.74 |        6 |        0 |        0 |       0 |       6 |       6 |  0.02 |     7.02 |     7.02 |     0.79 |      0.52 |
|    4 |    0.75 |        8 |        0 |        0 |       0 |       4 |       6 |  0.02 |     0.48 |     2.74 |     0.45 |      0.95 |
|    4 |    0.77 |       18 |        0 |        0 |       0 |      14 |      18 |  0.02 |     4.03 |     4.08 |     0.63 |      0.55 |
|    4 |    0.78 |       23 |        0 |        0 |       0 |      21 |      21 |  0.03 |     6.07 |     6.02 |     0.7  |      0.44 |
|    4 |    0.8  |       31 |        4 |        0 |       0 |      34 |      33 |  0.03 |     5.1  |     5.15 |     0.68 |      0.49 |
|    4 |    0.82 |       20 |        0 |        0 |       0 |      18 |      20 |  0.03 |     7.12 |     6.54 |     0.75 |      0.45 |
|    4 |    0.84 |       33 |        2 |        0 |       0 |      32 |      35 |  0.03 |     5.48 |     5.34 |     0.7  |      0.46 |
|    4 |    0.86 |       29 |        1 |        0 |       0 |      28 |      29 |  0.03 |     9.59 |     9.59 |     0.83 |      0.28 |
|    4 |    0.89 |       35 |        2 |        0 |       0 |      36 |      35 |  0.03 |     7.6  |     8.34 |     0.79 |      0.46 |
|    4 |    0.92 |       38 |        4 |        0 |       0 |      37 |      39 |  0.03 |     7.43 |     7.49 |     0.77 |      0.41 |
|    4 |    0.95 |       48 |        0 |        0 |       0 |      46 |      47 |  0.03 |     8.42 |     8.53 |     0.77 |      0.42 |
|    4 |    0.99 |       61 |        3 |        0 |       0 |      58 |      64 |  0.03 |     9.47 |     9.9  |     0.79 |      0.27 |
|    4 |    1.03 |       40 |       12 |        0 |       0 |      49 |      50 |  0.04 |    13.49 |    14.55 |     0.77 |      0.35 |
|    4 |    1.09 |       65 |       14 |        0 |       0 |      69 |      66 |  0.05 |    11.75 |    12.91 |     0.88 |      0.27 |
|    4 |    1.15 |       60 |        7 |        0 |       0 |      67 |      64 |  0.04 |    12.21 |    12.36 |     0.87 |      0.23 |
|    4 |    1.24 |       75 |        3 |        0 |       0 |      78 |      76 |  0.05 |    15.33 |    15.82 |     0.86 |      0.27 |
|    4 |    1.36 |       59 |       19 |        0 |       0 |      72 |      65 |  0.06 |    16.8  |    17.46 |     0.88 |      0.32 |
|    4 |    1.56 |       73 |        7 |        0 |       0 |      75 |      69 |  0.07 |    22.94 |    24.69 |     0.86 |      0.28 |
|    4 |    1.95 |       61 |        6 |        0 |       0 |      61 |      58 |  0.14 |    49.95 |    52.15 |     0.95 |      0.11 |
|    5 |    0.71 |        6 |        0 |        0 |       0 |       3 |       5 |  0.02 |     3.54 |     2.98 |     0.49 |      0.56 |
|    5 |    0.72 |        3 |        1 |        0 |       0 |       4 |       3 |  0.02 |     4.21 |     5    |     0.59 |      0.89 |
|    5 |    0.73 |        8 |        0 |        0 |       0 |       7 |       7 |  0.02 |     2.97 |     2.53 |     0.42 |      0.85 |
|    5 |    0.75 |       11 |        1 |        0 |       0 |      11 |      11 |  0.02 |     2.47 |     2.56 |     0.45 |      0.92 |
|    5 |    0.76 |       12 |        1 |        0 |       0 |      12 |      12 |  0.02 |     4.14 |     3.91 |     0.53 |      1.05 |
|    5 |    0.78 |       22 |        2 |        0 |       0 |      20 |      22 |  0.02 |     3.39 |     3.81 |     0.59 |      0.63 |
|    5 |    0.8  |       24 |        3 |        0 |       0 |      27 |      24 |  0.03 |     4.12 |     4.3  |     0.58 |      0.66 |
|    5 |    0.82 |       24 |        1 |        0 |       0 |      25 |      25 |  0.03 |     4.58 |     4.4  |     0.61 |      0.5  |
|    5 |    0.84 |       31 |        2 |        0 |       0 |      32 |      32 |  0.03 |     5.23 |     5.1  |     0.64 |      0.58 |
|    5 |    0.86 |       28 |        2 |        0 |       0 |      30 |      29 |  0.03 |     8.23 |     8.39 |     0.79 |      0.42 |
|    5 |    0.89 |       38 |        0 |        0 |       0 |      37 |      37 |  0.03 |     6.85 |     6.75 |     0.73 |      0.41 |
|    5 |    0.92 |       43 |        2 |        0 |       0 |      43 |      43 |  0.03 |     6.53 |     6.85 |     0.71 |      0.5  |
|    5 |    0.96 |       39 |        3 |        0 |       0 |      40 |      39 |  0.04 |     8.15 |     9.22 |     0.75 |      0.35 |
|    5 |    1    |       52 |        3 |        0 |       0 |      55 |      53 |  0.04 |    10.34 |    10.7  |     0.82 |      0.33 |
|    5 |    1.06 |       58 |        4 |        0 |       0 |      62 |      61 |  0.04 |    13.51 |    13.78 |     0.84 |      0.25 |
|    5 |    1.12 |       69 |        5 |        0 |       0 |      72 |      71 |  0.05 |    13.45 |    13.78 |     0.86 |      0.25 |
|    5 |    1.21 |       62 |        3 |        0 |       0 |      65 |      65 |  0.05 |    13.44 |    13.6  |     0.82 |      0.27 |
|    5 |    1.33 |       65 |        8 |        0 |       0 |      73 |      68 |  0.06 |    16.95 |    18.14 |     0.89 |      0.22 |
|    5 |    1.52 |       59 |       11 |        0 |       0 |      61 |      57 |  0.07 |    20.96 |    22.41 |     0.88 |      0.31 |
|    5 |    1.92 |       64 |        3 |        0 |       0 |      54 |      53 |  0.14 |    46.69 |    47.39 |     0.88 |      0.19 |
+------+---------+----------+----------+----------+---------+---------+---------+-------+----------+----------+----------+-----------+

 Summary for experiment 0
+---------------------------------------+-----------+-------+--------+
| Item                                  |   Overall |   Low |   High |
|---------------------------------------+-----------+-------+--------|
| dmin                                  |      0.71 |  1.92 |   0.71 |
| dmax                                  |      5.79 |  5.79 |   0.73 |
| number fully recorded                 |    604    | 47    |   5    |
| number partially recorded             |     61    |  7    |   0    |
| number with invalid background pixels |     79    | 19    |   4    |
| number with invalid foreground pixels |     40    | 14    |   1    |
| number with overloaded pixels         |      0    |  0    |   0    |
| number in powder rings                |      0    |  0    |   0    |
| number processed with summation       |    625    | 40    |   4    |
| number processed with profile fitting |    604    | 38    |   4    |
| number failed in background modelling |     13    | 11    |   0    |
| number failed in summation            |     40    | 14    |   1    |
| number failed in profile fitting      |     61    | 16    |   1    |
| ibg                                   |      0.05 |  0.15 |   0.02 |
| i/sigi (summation)                    |     13.59 | 48.94 |   3.1  |
| i/sigi (profile fitting)              |     14.47 | 54.42 |   3.3  |
| cc prf                                |      0.79 |  0.9  |   0.47 |
| cc_pearson sum/prf                    |      0.99 |  1    |   0.99 |
| cc_spearman sum/prf                   |      1    |  1    |   1    |
+---------------------------------------+-----------+-------+--------+

 Summary for experiment 1
+---------------------------------------+-----------+-------+--------+
| Item                                  |   Overall |   Low |   High |
|---------------------------------------+-----------+-------+--------|
| dmin                                  |      0.71 |  1.93 |   0.71 |
| dmax                                  |     12.3  | 12.3  |   0.72 |
| number fully recorded                 |    617    | 54    |   6    |
| number partially recorded             |     59    | 10    |   1    |
| number with invalid background pixels |     82    | 22    |   5    |
| number with invalid foreground pixels |     42    | 19    |   0    |
| number with overloaded pixels         |      0    |  0    |   0    |
| number in powder rings                |      0    |  0    |   0    |
| number processed with summation       |    634    | 45    |   7    |
| number processed with profile fitting |    622    | 45    |   6    |
| number failed in background modelling |     12    | 11    |   0    |
| number failed in summation            |     42    | 19    |   0    |
| number failed in profile fitting      |     54    | 19    |   1    |
| ibg                                   |      0.05 |  0.15 |   0.02 |
| i/sigi (summation)                    |     14.75 | 53.99 |   1.19 |
| i/sigi (profile fitting)              |     15.57 | 58.62 |   1.57 |
| cc prf                                |      0.8  |  0.84 |   0.37 |
| cc_pearson sum/prf                    |      0.98 |  0.98 |   0.96 |
| cc_spearman sum/prf                   |      0.99 |  0.94 |   0.83 |
+---------------------------------------+-----------+-------+--------+

 Summary for experiment 2
+---------------------------------------+-----------+-------+--------+
| Item                                  |   Overall |   Low |   High |
|---------------------------------------+-----------+-------+--------|
| dmin                                  |      0.72 |  1.94 |   0.72 |
| dmax                                  |      5.97 |  5.97 |   0.74 |
| number fully recorded                 |   1043    | 84    |  13    |
| number partially recorded             |     63    |  7    |   0    |
| number with invalid background pixels |    192    | 22    |  13    |
| number with invalid foreground pixels |     78    | 15    |   3    |
| number with overloaded pixels         |      0    |  0    |   0    |
| number in powder rings                |      0    |  0    |   0    |
| number processed with summation       |   1028    | 76    |  10    |
| number processed with profile fitting |   1039    | 74    |  10    |
| number failed in background modelling |     15    | 10    |   0    |
| number failed in summation            |     78    | 15    |   3    |
| number failed in profile fitting      |     67    | 17    |   3    |
| ibg                                   |      0.05 |  0.15 |   0.02 |
| i/sigi (summation)                    |     13.94 | 41.87 |   3.51 |
| i/sigi (profile fitting)              |     14.44 | 47.76 |   3.2  |
| cc prf                                |      0.78 |  0.89 |   0.5  |
| cc_pearson sum/prf                    |      1    |  1    |   0.99 |
| cc_spearman sum/prf                   |      1    |  1    |   0.94 |
+---------------------------------------+-----------+-------+--------+

 Summary for experiment 3
+---------------------------------------+-----------+-------+--------+
| Item                                  |   Overall |   Low |   High |
|---------------------------------------+-----------+-------+--------|
| dmin                                  |      0.71 |  1.89 |   0.71 |
| dmax                                  |      5.24 |  5.24 |   0.72 |
| number fully recorded                 |    379    | 36    |   2    |
| number partially recorded             |     55    |  7    |   0    |
| number with invalid background pixels |     50    | 14    |   2    |
| number with invalid foreground pixels |     24    | 10    |   1    |
| number with overloaded pixels         |      0    |  0    |   0    |
| number in powder rings                |      0    |  0    |   0    |
| number processed with summation       |    410    | 33    |   1    |
| number processed with profile fitting |    381    | 29    |   1    |
| number failed in background modelling |     10    |  8    |   0    |
| number failed in summation            |     24    | 10    |   1    |
| number failed in profile fitting      |     53    | 14    |   1    |
| ibg                                   |      0.05 |  0.14 |   0.02 |
| i/sigi (summation)                    |     14.28 | 46.61 |   5.25 |
| i/sigi (profile fitting)              |     15.81 | 54.93 |   4.63 |
| cc prf                                |      0.81 |  0.92 |   0.58 |
| cc_pearson sum/prf                    |      0.98 |  0.98 |   0    |
| cc_spearman sum/prf                   |      1    |  0.96 |   0    |
+---------------------------------------+-----------+-------+--------+

 Summary for experiment 4
+---------------------------------------+-----------+-------+--------+
| Item                                  |   Overall |   Low |   High |
|---------------------------------------+-----------+-------+--------|
| dmin                                  |      0.73 |  1.95 |   0.73 |
| dmax                                  |      5.37 |  5.37 |   0.74 |
| number fully recorded                 |    789    | 61    |   6    |
| number partially recorded             |     86    |  6    |   2    |
| number with invalid background pixels |    149    | 14    |   7    |
| number with invalid foreground pixels |     51    |  6    |   1    |
| number with overloaded pixels         |      0    |  0    |   0    |
| number in powder rings                |      0    |  0    |   0    |
| number processed with summation       |    812    | 61    |   7    |
| number processed with profile fitting |    807    | 58    |   6    |
| number failed in background modelling |     11    |  6    |   0    |
| number failed in summation            |     51    |  6    |   1    |
| number failed in profile fitting      |     56    |  9    |   2    |
| ibg                                   |      0.05 |  0.14 |   0.02 |
| i/sigi (summation)                    |     14.71 | 49.95 |   3.04 |
| i/sigi (profile fitting)              |     15    | 52.15 |   3.7  |
| cc prf                                |      0.81 |  0.95 |   0.56 |
| cc_pearson sum/prf                    |      1    |  1    |   1    |
| cc_spearman sum/prf                   |      1    |  1    |   0.7  |
+---------------------------------------+-----------+-------+--------+

 Summary for experiment 5
+---------------------------------------+-----------+-------+--------+
| Item                                  |   Overall |   Low |   High |
|---------------------------------------+-----------+-------+--------|
| dmin                                  |      0.71 |  1.92 |   0.71 |
| dmax                                  |     12.3  | 12.3  |   0.72 |
| number fully recorded                 |    718    | 64    |   6    |
| number partially recorded             |     55    |  3    |   0    |
| number with invalid background pixels |     98    | 19    |   5    |
| number with invalid foreground pixels |     40    | 13    |   3    |
| number with overloaded pixels         |      0    |  0    |   0    |
| number in powder rings                |      0    |  0    |   0    |
| number processed with summation       |    733    | 54    |   3    |
| number processed with profile fitting |    717    | 53    |   5    |
| number failed in background modelling |     13    | 10    |   0    |
| number failed in summation            |     40    | 13    |   3    |
| number failed in profile fitting      |     56    | 14    |   1    |
| ibg                                   |      0.05 |  0.14 |   0.02 |
| i/sigi (summation)                    |     13.61 | 46.69 |   3.54 |
| i/sigi (profile fitting)              |     13.98 | 47.39 |   2.98 |
| cc prf                                |      0.78 |  0.88 |   0.49 |
| cc_pearson sum/prf                    |      1    |  1    |   0.99 |
| cc_spearman sum/prf                   |      0.99 |  1    |   0.5  |
+---------------------------------------+-----------+-------+--------+

Timing information for integration
+-------------------+--------------+
| Read time         | 4.96 seconds |
| Extract time      | 0.05 seconds |
| Pre-process time  | 0.01 seconds |
| Process time      | 3.97 seconds |
| Post-process time | 0.00 seconds |
| Total time        | 9.05 seconds |
+-------------------+--------------+

Removing 175 unintegrated reflections of 4529 total
Saving 4354 reflections to integrated.refl
Saving the experiments to integrated.expt
