run,h,k,l,omega,x,y,module,lp,d
1.000000000000000000e+00,-3.000000000000000000e+00,0.000000000000000000e+00,-1.000000000000000000e+01,3.684380877937755372e+01,1.893242645865492193e+02,1.460156572091744920e+01,0.000000000000000000e+00,2.835080382447214276e-01,1.037732273620628032e+00
1.000000000000000000e+00,-2.000000000000000000e+00,0.000000000000000000e+00,-1.200000000000000000e+01,2.511484078875923842e+01,1.138328427361264090e+02,1.384161006962125384e+01,0.000000000000000000e+00,4.444875351819042586e-01,9.664820163695422295e-01
1.000000000000000000e+00,-2.000000000000000000e+00,0.000000000000000000e+00,-1.100000000000000000e+01,2.923847089156706147e+01,1.376554821189310189e+02,5.021897122171304773e+01,0.000000000000000000e+00,3.972198591199156970e-01,1.043376375879344842e+00
1.000000000000000000e+00,-2.000000000000000000e+00,0.000000000000000000e+00,-1.000000000000000000e+01,3.369964403966210398e+01,1.602294838993236397e+02,8.241021497059307421e+01,0.000000000000000000e+00,3.508934156289694739e-01,1.132410216759393684e+00
1.000000000000000000e+00,-2.000000000000000000e+00,1.000000000000000000e+00,-1.100000000000000000e+01,5.088794025126304632e+00,1.854683238673674452e+02,1.063629975183528131e+01,0.000000000000000000e+00,2.913402076940989072e-01,1.027803041088291236e+00
1.000000000000000000e+00,-2.000000000000000000e+00,1.000000000000000000e+00,-1.000000000000000000e+01,6.608182482712010142e+00,2.077891571499513077e+02,4.502272422712098887e+01,0.000000000000000000e+00,2.464897747059309197e-01,1.112578857682358979e+00
1.000000000000000000e+00,-2.000000000000000000e+00,1.000000000000000000e+00,-9.000000000000000000e+00,7.579254706120934770e+00,2.300252965968432477e+02,7.562760515543823203e+01,0.000000000000000000e+00,2.009794778023396011e-01,1.210619666929895866e+00
1.000000000000000000e+00,-2.000000000000000000e+00,1.000000000000000000e+00,-8.000000000000000000e+00,7.623489316077211697e+00,2.524847938047608693e+02,1.031959028133225615e+02,0.000000000000000000e+00,1.546773621442444346e-01,1.324555181963999129e+00
1.000000000000000000e+00,-2.000000000000000000e+00,1.000000000000000000e+00,-7.000000000000000000e+00,5.721782994563142211e+00,2.758321293619939638e+02,1.282771090446914286e+02,0.000000000000000000e+00,1.065924126571314856e-01,1.457314042019820510e+00
1.000000000000000000e+00,-2.000000000000000000e+00,1.000000000000000000e+00,-6.000000000000000000e+00,-2.524802636312529103e+00,3.028058758041500482e+02,1.511429289062976409e+02,0.000000000000000000e+00,5.147637246902369429e-02,1.611730614606513790e+00
1.000000000000000000e+00,-1.000000000000000000e+00,-1.000000000000000000e+00,-1.300000000000000000e+01,3.225283873863918416e+01,1.037768752044507892e+01,7.441923967141377716e+01,0.000000000000000000e+00,6.789720368913916282e-01,9.227128374567770130e-01
1.000000000000000000e+00,-1.000000000000000000e+00,-1.000000000000000000e+00,-1.200000000000000000e+01,3.599126719385654383e+01,4.032424264280837178e+01,1.091508178490834098e+02,0.000000000000000000e+00,6.187017174735915948e-01,9.953623078796582924e-01
1.000000000000000000e+00,-1.000000000000000000e+00,0.000000000000000000e+00,-1.300000000000000000e+01,2.002322926533412328e+01,4.945202109151924219e+01,4.187449909012610760e+01,0.000000000000000000e+00,5.880300251759877916e-01,9.339312610888753641e-01
1.000000000000000000e+00,-1.000000000000000000e+00,0.000000000000000000e+00,-1.200000000000000000e+01,2.307275752416586556e+01,7.812753768221685391e+01,7.821927988931076925e+01,0.000000000000000000e+00,5.307345410253389018e-01,1.009487022068615403e+00
1.000000000000000000e+00,-1.000000000000000000e+00,0.000000000000000000e+00,-1.100000000000000000e+01,2.618112884496403581e+01,1.050004916185301340e+02,1.102499259385343748e+02,0.000000000000000000e+00,4.747574904476377644e-01,1.098098333244993174e+00
1.000000000000000000e+00,-1.000000000000000000e+00,0.000000000000000000e+00,-1.000000000000000000e+01,2.939734836812428398e+01,1.304304399142216937e+02,1.388819519559013997e+02,0.000000000000000000e+00,4.204075550301671904e-01,1.203382853558933929e+00
1.000000000000000000e+00,-1.000000000000000000e+00,0.000000000000000000e+00,-9.000000000000000000e+00,3.279002835620903511e+01,1.546950572891516913e+02,1.648119751599577967e+02,0.000000000000000000e+00,3.678311860117657872e-01,1.330385200757993047e+00
1.000000000000000000e+00,-1.000000000000000000e+00,0.000000000000000000e+00,-8.000000000000000000e+00,3.646262667445725469e+01,1.780070931559107237e+02,1.885831442558636297e+02,0.000000000000000000e+00,3.170759449727555412e-01,1.486322755211073154e+00
1.000000000000000000e+00,-1.000000000000000000e+00,1.000000000000000000e+00,-1.200000000000000000e+01,6.256581445634679994e+00,1.065004067018165159e+02,4.189826733039399187e+01,0.000000000000000000e+00,4.639543251277865599e-01,9.953623078796581813e-01
1.000000000000000000e+00,-1.000000000000000000e+00,1.000000000000000000e+00,-1.100000000000000000e+01,7.876695165796604670e+00,1.321128508323376138e+02,7.607954237236816653e+01,0.000000000000000000e+00,4.117534634519097736e-01,1.079987335392475156e+00
1.000000000000000000e+00,-1.000000000000000000e+00,1.000000000000000000e+00,-1.000000000000000000e+01,9.211783420148606183e+00,1.565920291060952536e+02,1.064631739947382130e+02,0.000000000000000000e+00,3.604682722663647421e-01,1.179664235252622984e+00
1.000000000000000000e+00,-1.000000000000000000e+00,1.000000000000000000e+00,-9.000000000000000000e+00,1.017273886415156881e+01,1.801806746097146288e+02,1.338289907184526442e+02,0.000000000000000000e+00,3.103129364073092811e-01,1.298544186016179713e+00
1.000000000000000000e+00,-1.000000000000000000e+00,1.000000000000000000e+00,-8.000000000000000000e+00,1.060298909395800138e+01,2.030769324679262979e+02,1.587801702003228854e+02,0.000000000000000000e+00,2.613692796395238327e-01,1.442310236649423150e+00
1.000000000000000000e+00,-1.000000000000000000e+00,1.000000000000000000e+00,-7.000000000000000000e+00,1.021200746714350771e+01,2.254413975033794486e+02,1.817944598652204888e+02,0.000000000000000000e+00,2.136380408895124372e-01,1.618828601307914061e+00
1.000000000000000000e+00,-1.000000000000000000e+00,1.000000000000000000e+00,-6.000000000000000000e+00,8.409388899715935395e+00,2.473939178131137737e+02,2.032595984697675249e+02,0.000000000000000000e+00,1.670924103904608826e-01,1.839004145124393252e+00
1.000000000000000000e+00,-1.000000000000000000e+00,1.000000000000000000e+00,-5.000000000000000000e+00,3.818491872668545284e+00,2.689830916336006226e+02,2.234994295084295857e+02,0.000000000000000000e+00,1.217734443677650491e-01,2.117608947777143591e+00
1.000000000000000000e+00,0.000000000000000000e+00,-1.000000000000000000e+00,-1.200000000000000000e+01,3.126996021725332753e+01,1.332166908139589623e+01,1.618880585309882747e+02,0.000000000000000000e+00,6.862613197899273265e-01,1.010367358099351964e+00
1.000000000000000000e+00,0.000000000000000000e+00,-1.000000000000000000e+00,-1.100000000000000000e+01,3.433500211350735754e+01,4.301814290564104226e+01,1.898863603404937521e+02,0.000000000000000000e+00,6.220025310597884216e-01,1.099231709502348497e+00
1.000000000000000000e+00,0.000000000000000000e+00,-1.000000000000000000e+00,-1.000000000000000000e+01,3.749824490217520179e+01,7.070942816187584867e+01,2.152088175568752035e+02,0.000000000000000000e+00,5.605792053182443446e-01,1.204874950556125146e+00
1.000000000000000000e+00,0.000000000000000000e+00,0.000000000000000000e+00,-1.300000000000000000e+01,1.756636955770545683e+01,1.076445993998851236e+01,9.997490650054714934e+01,0.000000000000000000e+00,6.827091424136431108e-01,9.462924401841289468e-01
1.000000000000000000e+00,0.000000000000000000e+00,0.000000000000000000e+00,-1.200000000000000000e+01,1.994321244030513185e+01,4.172432589183875962e+01,1.327571923865407086e+02,0.000000000000000000e+00,6.187294597723683731e-01,1.025150143532806313e+00
1.000000000000000000e+00,0.000000000000000000e+00,0.000000000000000000e+00,-1.100000000000000000e+01,2.227241730350118587e+01,7.051890203282196978e+01,1.618876772459245785e+02,0.000000000000000000e+00,5.569382706174597075e-01,1.118345611126697836e+00
1.000000000000000000e+00,0.000000000000000000e+00,0.000000000000000000e+00,-1.000000000000000000e+01,2.456038142639664557e+01,9.759225948611039314e+01,1.881385752290605922e+02,0.000000000000000000e+00,4.974839941784842123e-01,1.230180172239367709e+00
1.000000000000000000e+00,0.000000000000000000e+00,0.000000000000000000e+00,-9.000000000000000000e+00,2.681269583994691175e+01,1.232946259000523526e+02,2.121033866246332025e+02,0.000000000000000000e+00,4.403631546568688715e-01,1.366866858043741972e+00
1.000000000000000000e+00,0.000000000000000000e+00,0.000000000000000000e+00,-8.000000000000000000e+00,2.903431155376699735e+01,1.479093340795214431e+02,2.342493057140941914e+02,0.000000000000000000e+00,3.854699062334671078e-01,1.537725215299209580e+00
1.000000000000000000e+00,0.000000000000000000e+00,0.000000000000000000e+00,-7.000000000000000000e+00,3.122966846624643722e+01,1.716714012691111861e+02,2.549528235194557055e+02,0.000000000000000000e+00,3.326312442587120999e-01,1.757400246056239235e+00
1.000000000000000000e+00,0.000000000000000000e+00,0.000000000000000000e+00,-6.000000000000000000e+00,3.340279728743365695e+01,1.947807461642167368e+02,2.745246351927922319e+02,0.000000000000000000e+00,2.816315214553432034e-01,2.050300287065612181e+00
1.000000000000000000e+00,0.000000000000000000e+00,0.000000000000000000e+00,-5.000000000000000000e+00,3.555740169721696020e+01,2.174118974513040143e+02,2.932275826266321701e+02,0.000000000000000000e+00,2.322291342092422939e-01,2.460360344478734973e+00
1.000000000000000000e+00,0.000000000000000000e+00,0.000000000000000000e+00,-4.000000000000000000e+00,3.769692590797103549e+01,2.397213782918460083e+02,3.112899886850310054e+02,0.000000000000000000e+00,1.841675680965007555e-01,3.075450430598419160e+00
1.000000000000000000e+00,0.000000000000000000e+00,1.000000000000000000e+00,-1.300000000000000000e+01,4.638564157949133460e+00,2.924506671184019524e+01,6.456044094772397557e+01,0.000000000000000000e+00,6.360094647022448422e-01,9.346282231266720419e-01
1.000000000000000000e+00,0.000000000000000000e+00,1.000000000000000000e+00,-1.200000000000000000e+01,6.131351202183395799e+00,5.880045933626595911e+01,9.957163173592994099e+01,0.000000000000000000e+00,5.763191174695129204e-01,1.010367358099351964e+00
1.000000000000000000e+00,0.000000000000000000e+00,1.000000000000000000e+00,-1.100000000000000000e+01,7.393511694634042897e+00,8.631638294725910043e+01,1.305212308382106698e+02,0.000000000000000000e+00,5.184112759013101979e-01,1.099231709502348497e+00
1.000000000000000000e+00,0.000000000000000000e+00,1.000000000000000000e+00,-1.000000000000000000e+01,8.378737369195135898e+00,1.121793899408402524e+02,1.582705752811261277e+02,0.000000000000000000e+00,4.625643583686815941e-01,1.204874950556125146e+00
1.000000000000000000e+00,0.000000000000000000e+00,1.000000000000000000e+00,-9.000000000000000000e+00,9.016036221932751005e+00,1.366798208877290506e+02,1.834774983675374074e+02,0.000000000000000000e+00,4.089120788471110046e-01,1.332402161400198626e+00
1.000000000000000000e+00,0.000000000000000000e+00,1.000000000000000000e+00,-8.000000000000000000e+00,9.195794677277490337e+00,1.600296012017113298e+02,2.066567591893810629e+02,0.000000000000000000e+00,3.575093901379670092e-01,1.489136922376449235e+00
1.000000000000000000e+00,0.000000000000000000e+00,1.000000000000000000e+00,-7.000000000000000000e+00,8.744855390683056839e+00,1.823666196174032450e+02,2.282208490862737165e+02,0.000000000000000000e+00,3.083952592987852515e-01,1.685896889433066370e+00
1.000000000000000000e+00,0.000000000000000000e+00,1.000000000000000000e+00,-6.000000000000000000e+00,7.380306201131503485e+00,2.037422994087272627e+02,2.485084526205888835e+02,0.000000000000000000e+00,2.616683243730484332e-01,1.939166094173887300e+00
1.000000000000000000e+00,0.000000000000000000e+00,1.000000000000000000e+00,-5.000000000000000000e+00,4.621101071695477458e+00,2.240797576526924786e+02,2.678050074225214416e+02,0.000000000000000000e+00,2.176070922291583609e-01,2.274814611308027423e+00
1.000000000000000000e+00,0.000000000000000000e+00,1.000000000000000000e+00,-4.000000000000000000e+00,-3.801921974284425687e-01,2.430691240392187922e+02,2.863581543077890501e+02,0.000000000000000000e+00,1.769062423069817924e-01,2.734099459959466571e+00
1.000000000000000000e+00,1.000000000000000000e+00,-1.000000000000000000e+00,-1.100000000000000000e+01,2.854319417010975712e+01,1.166387436197567240e+01,2.356863391547491347e+02,0.000000000000000000e+00,6.977560635179061999e-01,1.079987335392475378e+00
1.000000000000000000e+00,1.000000000000000000e+00,-1.000000000000000000e+00,-1.000000000000000000e+01,3.087583719191260911e+01,4.091093317076297353e+01,2.594467576310739787e+02,0.000000000000000000e+00,6.319342896137002397e-01,1.179664235252623206e+00
1.000000000000000000e+00,1.000000000000000000e+00,-1.000000000000000000e+00,-9.000000000000000000e+00,3.319914772971566208e+01,6.835037619399440700e+01,2.813701239057750172e+02,0.000000000000000000e+00,5.692910683804346395e-01,1.298544186016179713e+00
1.000000000000000000e+00,1.000000000000000000e+00,-1.000000000000000000e+00,-8.000000000000000000e+00,3.552205152399432109e+01,9.432477740176373970e+01,3.018556174773494263e+02,0.000000000000000000e+00,5.096527808994352204e-01,1.442310236649423150e+00
1.000000000000000000e+00,1.000000000000000000e+00,-1.000000000000000000e+00,-7.000000000000000000e+00,3.785517562400261227e+01,1.191124036169157847e+02,3.212285492913435405e+02,0.000000000000000000e+00,4.527882206616801741e-01,1.618828601307914061e+00
1.000000000000000000e+00,1.000000000000000000e+00,0.000000000000000000e+00,-1.100000000000000000e+01,1.789169015062617518e+01,3.228164820867752383e+01,2.083541108258717145e+02,0.000000000000000000e+00,6.481830040466055598e-01,1.098098333244993174e+00
1.000000000000000000e+00,1.000000000000000000e+00,0.000000000000000000e+00,-1.000000000000000000e+01,1.948173393942522580e+01,6.062614004974699355e+01,2.329736240946299120e+02,0.000000000000000000e+00,5.848580308550951345e-01,1.203382853558933929e+00
1.000000000000000000e+00,1.000000000000000000e+00,0.000000000000000000e+00,-9.000000000000000000e+00,2.091759282076296245e+01,8.729693905726368541e+01,2.555996704787592648e+02,0.000000000000000000e+00,5.244736434757467647e-01,1.330385200757993047e+00
1.000000000000000000e+00,1.000000000000000000e+00,0.000000000000000000e+00,-8.000000000000000000e+00,2.216467426087217518e+01,1.126066960319025867e+02,2.766537241049341560e+02,0.000000000000000000e+00,4.668926959185987213e-01,1.486322755211073154e+00
1.000000000000000000e+00,1.000000000000000000e+00,0.000000000000000000e+00,-7.000000000000000000e+00,2.317012094963806135e+01,1.368056220646531074e+02,2.964777981988401621e+02,0.000000000000000000e+00,4.119262332451876785e-01,1.681816584791427482e+00
1.000000000000000000e+00,1.000000000000000000e+00,0.000000000000000000e+00,-6.000000000000000000e+00,2.385145049303784504e+01,1.600941702295970117e+02,3.153563470592300746e+02,0.000000000000000000e+00,3.593634084818076446e-01,1.932964032739084459e+00
1.000000000000000000e+00,1.000000000000000000e+00,0.000000000000000000e+00,-5.000000000000000000e+00,2.407529549505002819e+01,1.826290423999721781e+02,3.335320744448637242e+02,0.000000000000000000e+00,3.089984289063505418e-01,2.264820433518787368e+00
1.000000000000000000e+00,1.000000000000000000e+00,0.000000000000000000e+00,-4.000000000000000000e+00,2.361491551324004945e+01,2.045210313707175942e+02,3.512176152806885057e+02,0.000000000000000000e+00,2.606625809366327484e-01,2.716797960733810857e+00
1.000000000000000000e+00,1.000000000000000000e+00,0.000000000000000000e+00,-3.000000000000000000e+00,2.205817430164378834e+01,2.258181939378123673e+02,3.686042373269856967e+02,0.000000000000000000e+00,2.142779272597294393e-01,3.347723093238598846e+00
1.000000000000000000e+00,1.000000000000000000e+00,0.000000000000000000e+00,-2.000000000000000000e+00,1.858837212363314961e+01,2.464535147012726668e+02,3.858678940830073429e+02,0.000000000000000000e+00,1.699770388486588901e-01,4.218676119509165545e+00
1.000000000000000000e+00,1.000000000000000000e+00,0.000000000000000000e+00,-1.000000000000000000e+00,1.140901239847556781e+01,2.660863575280931173e+02,4.031712400671943897e+02,0.000000000000000000e+00,1.284325959657563465e-01,5.243955554932639984e+00
1.000000000000000000e+00,1.000000000000000000e+00,0.000000000000000000e+00,0.000000000000000000e+00,-3.781437290166508092e+00,2.835733105241787939e+02,4.206537466366586955e+02,0.000000000000000000e+00,9.192928639981734484e-02,5.797030326640213893e+00
1.000000000000000000e+00,1.000000000000000000e+00,1.000000000000000000e+00,-1.200000000000000000e+01,4.449625498404174095e+00,1.163864418605550100e+01,1.496518768955345990e+02,0.000000000000000000e+00,6.884191786077101805e-01,9.953623078796581813e-01
1.000000000000000000e+00,1.000000000000000000e+00,1.000000000000000000e+00,-1.100000000000000000e+01,5.386019115118585887e+00,4.081205451896968839e+01,1.784318473075533404e+02,0.000000000000000000e+00,6.259325383144772603e-01,1.079987335392475156e+00
1.000000000000000000e+00,1.000000000000000000e+00,1.000000000000000000e+00,-1.000000000000000000e+01,6.047135228091065073e+00,6.788512799928997765e+01,2.044007749321010863e+02,0.000000000000000000e+00,5.663317385007901050e-01,1.179664235252622984e+00
1.000000000000000000e+00,1.000000000000000000e+00,1.000000000000000000e+00,-9.000000000000000000e+00,6.374230765506041507e+00,9.319956939299149212e+01,2.281449620010837975e+02,0.000000000000000000e+00,5.097051448799240214e-01,1.298544186016179935e+00
1.000000000000000000e+00,1.000000000000000000e+00,1.000000000000000000e+00,-8.000000000000000000e+00,6.284158051337385587e+00,1.170016254561668063e+02,2.501256092260155697e+02,0.000000000000000000e+00,4.560733513530753624e-01,1.442310236649423150e+00
1.000000000000000000e+00,1.000000000000000000e+00,1.000000000000000000e+00,-7.000000000000000000e+00,5.658335971352840943e+00,1.394537709457415531e+02,2.707139803824061914e+02,0.000000000000000000e+00,4.054451360228172874e-01,1.618828601307914283e+00
1.000000000000000000e+00,1.000000000000000000e+00,1.000000000000000000e+00,-6.000000000000000000e+00,4.325846795846615578e+00,1.606341281260125413e+02,2.902157613664384712e+02,0.000000000000000000e+00,3.578744437085926711e-01,1.839004145124393474e+00
1.000000000000000000e+00,1.000000000000000000e+00,1.000000000000000000e+00,-5.000000000000000000e+00,2.038118533744096794e+00,1.805215775116154759e+02,3.088881825049471672e+02,0.000000000000000000e+00,3.135297689226194118e-01,2.117608947777143591e+00
1.000000000000000000e+00,1.000000000000000000e+00,1.000000000000000000e+00,-4.000000000000000000e+00,-1.566116222630597576e+00,1.989611403151643572e+02,3.269519352867569637e+02,0.000000000000000000e+00,2.727918256786285300e-01,2.472863336741859541e+00
1.000000000000000000e+00,2.000000000000000000e+00,-2.000000000000000000e+00,-8.000000000000000000e+00,3.663325296006254916e+01,3.536416632353547129e+01,3.684525008698304873e+02,0.000000000000000000e+00,6.482796154615720896e-01,1.236431668370929549e+00
1.000000000000000000e+00,2.000000000000000000e+00,-1.000000000000000000e+00,-9.000000000000000000e+00,2.588900016474886456e+01,3.289788294358530152e+01,3.232471016144595524e+02,0.000000000000000000e+00,6.532326928989277137e-01,1.210619666929896310e+00
1.000000000000000000e+00,2.000000000000000000e+00,-1.000000000000000000e+00,-8.000000000000000000e+00,2.731247748990875834e+01,5.994823401048634537e+01,3.430420509278861232e+02,0.000000000000000000e+00,5.904644050689736856e-01,1.324555181963999795e+00
1.000000000000000000e+00,2.000000000000000000e+00,-1.000000000000000000e+00,-7.000000000000000000e+00,2.857852933509778381e+01,8.560855092220398888e+01,3.618915239675598627e+02,0.000000000000000000e+00,5.308038173047990860e-01,1.457314042019820510e+00
1.000000000000000000e+00,2.000000000000000000e+00,-1.000000000000000000e+00,-6.000000000000000000e+00,2.964660683069698166e+01,1.101427700852638054e+02,3.800540132536659144e+02,0.000000000000000000e+00,4.739562121938458161e-01,1.611730614606513790e+00
1.000000000000000000e+00,2.000000000000000000e+00,-1.000000000000000000e+00,-5.000000000000000000e+00,3.045599959133215862e+01,1.337759347660376079e+02,3.977538387683749193e+02,0.000000000000000000e+00,4.196041960143687133e-01,1.789505037708061908e+00
1.000000000000000000e+00,2.000000000000000000e+00,-1.000000000000000000e+00,-4.000000000000000000e+00,3.091304737574361639e+01,1.567064687899559203e+02,4.151919518435560121e+02,0.000000000000000000e+00,3.674158411768499444e-01,1.988886056878435227e+00
1.000000000000000000e+00,2.000000000000000000e+00,-1.000000000000000000e+00,-3.000000000000000000e+00,3.086701083657885647e+01,1.791175951035810385e+02,4.325546079760425755e+02,0.000000000000000000e+00,3.170450631814872300e-01,2.200345902163694412e+00
1.000000000000000000e+00,2.000000000000000000e+00,-1.000000000000000000e+00,-2.000000000000000000e+00,3.006089390697223962e+01,2.011907627022113729e+02,4.500208640919630625e+02,0.000000000000000000e+00,2.681214552148257768e-01,2.400718664967592453e+00
1.000000000000000000e+00,2.000000000000000000e+00,-1.000000000000000000e+00,-1.000000000000000000e+00,2.802057789810643840e+01,2.231272387549669816e+02,4.677698636209621554e+02,0.000000000000000000e+00,2.202193425222827017e-01,2.550858347630301726e+00
1.000000000000000000e+00,2.000000000000000000e+00,-1.000000000000000000e+00,0.000000000000000000e+00,2.376797771823285643e+01,2.451962473405205287e+02,4.859895356201277536e+02,0.000000000000000000e+00,1.727707258453014816e-01,2.607531882332312811e+00
1.000000000000000000e+00,2.000000000000000000e+00,-1.000000000000000000e+00,1.000000000000000000e+00,1.491245673973926955e+01,2.678846497468590542e+02,5.048918422702387261e+02,0.000000000000000000e+00,1.247728527484408129e-01,2.550858347630302614e+00
1.000000000000000000e+00,2.000000000000000000e+00,0.000000000000000000e+00,-1.000000000000000000e+01,1.429783094081145123e+01,1.855735561606158512e+01,2.755995639727705679e+02,0.000000000000000000e+00,6.846065331580833968e-01,1.132410216759393684e+00
1.000000000000000000e+00,2.000000000000000000e+00,0.000000000000000000e+00,-9.000000000000000000e+00,1.514559622493877100e+01,4.626309106600260179e+01,2.973233234111136767e+02,0.000000000000000000e+00,6.212339896304470699e-01,1.236296361347846373e+00
1.000000000000000000e+00,2.000000000000000000e+00,0.000000000000000000e+00,-8.000000000000000000e+00,1.573320305716194412e+01,7.228093290303306162e+01,3.176591061729425292e+02,0.000000000000000000e+00,5.612053892526496224e-01,1.358398980366905429e+00
1.000000000000000000e+00,2.000000000000000000e+00,0.000000000000000000e+00,-7.000000000000000000e+00,1.599704735467787486e+01,9.688362694325482494e+01,3.369285376848515625e+02,0.000000000000000000e+00,5.043405143956809500e-01,1.502758384888193577e+00
1.000000000000000000e+00,2.000000000000000000e+00,0.000000000000000000e+00,-6.000000000000000000e+00,1.584654851296033939e+01,1.202810822321643229e+02,3.554002310722127049e+02,0.000000000000000000e+00,4.504448662427433248e-01,1.673861546619299201e+00
1.000000000000000000e+00,2.000000000000000000e+00,0.000000000000000000e+00,-5.000000000000000000e+00,1.515024800278860084e+01,1.426277451243197163e+02,3.733044386445455984e+02,0.000000000000000000e+00,3.993393616507714405e-01,1.875723436879308537e+00
1.000000000000000000e+00,2.000000000000000000e+00,0.000000000000000000e+00,-4.000000000000000000e+00,1.371291742068748931e+01,1.640223699486157898e+02,3.908437608979095330e+02,0.000000000000000000e+00,3.508922468140752704e-01,2.109338059754582329e+00
1.000000000000000000e+00,2.000000000000000000e+00,0.000000000000000000e+00,-3.000000000000000000e+00,1.123719418335727482e+01,1.844977466750198687e+02,4.082009514190145296e+02,0.000000000000000000e+00,3.050621537888065782e-01,2.366912659219231330e+00
1.000000000000000000e+00,2.000000000000000000e+00,0.000000000000000000e+00,-2.000000000000000000e+00,7.259335965102877708e+00,2.039940397550285809e+02,4.255442105630380070e+02,0.000000000000000000e+00,2.619678524265807162e-01,2.621977777466320880e+00
1.000000000000000000e+00,2.000000000000000000e+00,0.000000000000000000e+00,-1.000000000000000000e+00,1.047477865638029471e+00,2.223020735268186741e+02,4.430295677266572625e+02,0.000000000000000000e+00,2.220140885111605011e-01,2.821261117625471382e+00
1.000000000000000000e+00,2.000000000000000000e+00,1.000000000000000000e+00,-1.000000000000000000e+01,2.898857273203333307e+00,2.069209906631684248e+01,2.474789902444265977e+02,0.000000000000000000e+00,6.778949403318881295e-01,1.112578857682358979e+00
1.000000000000000000e+00,2.000000000000000000e+00,1.000000000000000000e+00,-9.000000000000000000e+00,2.969797601876564386e+00,4.705009751805258134e+01,2.702520393451216592e+02,0.000000000000000000e+00,6.182650456391656224e-01,1.210619666929896088e+00
1.000000000000000000e+00,2.000000000000000000e+00,1.000000000000000000e+00,-8.000000000000000000e+00,2.658068431060570447e+00,7.155546059287003402e+01,2.914497764102572432e+02,0.000000000000000000e+00,5.621894327484133758e-01,1.324555181963999129e+00
1.000000000000000000e+00,2.000000000000000000e+00,1.000000000000000000e+00,-7.000000000000000000e+00,1.878500635563653987e+00,9.441795258707188054e+01,3.114198568910540530e+02,0.000000000000000000e+00,5.096399980158715648e-01,1.457314042019820510e+00
1.000000000000000000e+00,2.000000000000000000e+00,1.000000000000000000e+00,-6.000000000000000000e+00,5.180510101967001901e-01,1.157660476067754445e+02,3.304490727021264433e+02,0.000000000000000000e+00,4.606077477882876692e-01,1.611730614606514012e+00
1.000000000000000000e+00,2.000000000000000000e+00,1.000000000000000000e+00,-5.000000000000000000e+00,-1.572735875125573557e+00,1.356475569073557494e+02,3.487792287989656188e+02,0.000000000000000000e+00,4.151468737310349821e-01,1.789505037708061908e+00
1.000000000000000000e+00,2.000000000000000000e+00,1.000000000000000000e+00,-4.000000000000000000e+00,-4.588980450133874456e+00,1.540216322434631877e+02,3.666183124888170255e+02,0.000000000000000000e+00,3.734229321121832479e-01,1.988886056878435893e+00
1.000000000000000000e+00,3.000000000000000000e+00,-3.000000000000000000e+00,-6.000000000000000000e+00,3.779142753873247784e+01,2.173312875974019676e+01,4.772992506909740200e+02,0.000000000000000000e+00,6.782795466116097183e-01,1.148495370155448336e+00
1.000000000000000000e+00,3.000000000000000000e+00,-3.000000000000000000e+00,2.000000000000000000e+00,3.795895943285910334e+01,2.166053301979022478e+02,6.345334223074473812e+02,0.000000000000000000e+00,2.323962050033798743e-01,1.352495582845116395e+00
1.000000000000000000e+00,3.000000000000000000e+00,-3.000000000000000000e+00,3.000000000000000000e+00,3.233585171508224221e+01,2.473298026991520828e+02,6.598874451611086442e+02,0.000000000000000000e+00,1.666216146795458375e-01,1.313389016646723917e+00
1.000000000000000000e+00,3.000000000000000000e+00,-3.000000000000000000e+00,4.000000000000000000e+00,1.613452544356783847e+01,2.948609906880417952e+02,6.892916054784741391e+02,0.000000000000000000e+00,6.812010945108565307e-02,1.263932178192651135e+00
1.000000000000000000e+00,3.000000000000000000e+00,-2.000000000000000000e+00,-7.000000000000000000e+00,2.926472993488329166e+01,2.591944488761185994e+01,4.305860693334778944e+02,0.000000000000000000e+00,6.700220586056163663e-01,1.192005932987187267e+00
1.000000000000000000e+00,3.000000000000000000e+00,-2.000000000000000000e+00,-6.000000000000000000e+00,3.020435092673517374e+01,5.219853539594168979e+01,4.485203625468544146e+02,0.000000000000000000e+00,6.082936912080053604e-01,1.272170323036664552e+00
1.000000000000000000e+00,3.000000000000000000e+00,-2.000000000000000000e+00,-5.000000000000000000e+00,3.091074108226669637e+01,7.732863918336718712e+01,4.662290037304939574e+02,0.000000000000000000e+00,5.493699125682204309e-01,1.354321388342073496e+00
1.000000000000000000e+00,3.000000000000000000e+00,-2.000000000000000000e+00,-4.000000000000000000e+00,3.131770149298495198e+01,1.015783907545132365e+02,4.839142962030034596e+02,0.000000000000000000e+00,4.928390295895609952e-01,1.434837080645533502e+00
1.000000000000000000e+00,3.000000000000000000e+00,-2.000000000000000000e+00,-3.000000000000000000e+00,3.132753079518116124e+01,1.252081611711918185e+02,5.017700604888250382e+02,0.000000000000000000e+00,4.382395453523929008e-01,1.508457484862359754e+00
1.000000000000000000e+00,3.000000000000000000e+00,-2.000000000000000000e+00,-2.000000000000000000e+00,3.079030849758828481e+01,1.484947423174666596e+02,5.199905720785495760e+02,0.000000000000000000e+00,3.850330069013164769e-01,1.568571503429652347e+00
1.000000000000000000e+00,3.000000000000000000e+00,-2.000000000000000000e+00,-1.000000000000000000e+00,2.946346618292494668e+01,1.717704437081117135e+02,5.387806264627204200e+02,0.000000000000000000e+00,3.325420450618283286e-01,1.608283362108934300e+00
1.000000000000000000e+00,3.000000000000000000e+00,-2.000000000000000000e+00,0.000000000000000000e+00,2.692428943313157674e+01,1.954998277082764844e+02,5.583696597224918605e+02,0.000000000000000000e+00,2.798093719561067783e-01,1.622206320086718057e+00
1.000000000000000000e+00,3.000000000000000000e+00,-2.000000000000000000e+00,1.000000000000000000e+00,2.234982276410175928e+01,2.204668592302090246e+02,5.790379614757421223e+02,0.000000000000000000e+00,2.252343947363298071e-01,1.608283362108934078e+00
1.000000000000000000e+00,3.000000000000000000e+00,-2.000000000000000000e+00,2.000000000000000000e+00,1.380770358056358305e+01,2.483865677055598269e+02,6.011874570967803493e+02,0.000000000000000000e+00,1.653633532315148535e-01,1.568571503429652125e+00
1.000000000000000000e+00,3.000000000000000000e+00,-1.000000000000000000e+00,-8.000000000000000000e+00,1.964627198621053594e+01,1.837292081662332066e+01,3.853270176613922331e+02,0.000000000000000000e+00,6.880858953224990859e-01,1.179523130928754382e+00
1.000000000000000000e+00,3.000000000000000000e+00,-1.000000000000000000e+00,-7.000000000000000000e+00,2.016025478839108587e+01,4.505288384744653740e+01,4.038966959918801649e+02,0.000000000000000000e+00,6.256341498640881627e-01,1.270363002570063848e+00
1.000000000000000000e+00,3.000000000000000000e+00,-1.000000000000000000e+00,-6.000000000000000000e+00,2.037132062806350064e+01,7.035094082721056452e+01,4.219187642893764973e+02,0.000000000000000000e+00,5.663502055648799161e-01,1.368778946962249110e+00
1.000000000000000000e+00,3.000000000000000000e+00,-1.000000000000000000e+00,-5.000000000000000000e+00,2.019916966898713895e+01,9.452013653204294030e+01,4.396140267561818291e+02,0.000000000000000000e+00,5.099153509315215160e-01,1.472727385493023178e+00
1.000000000000000000e+00,3.000000000000000000e+00,-1.000000000000000000e+00,-4.000000000000000000e+00,1.952926211596795270e+01,1.177793035475228436e+02,4.571824205652730484e+02,0.000000000000000000e+00,4.559936564637174783e-01,1.578012099998020501e+00
1.000000000000000000e+00,3.000000000000000000e+00,-1.000000000000000000e+00,-3.000000000000000000e+00,1.819380214493835979e+01,1.403254109637157399e+02,4.748117079677200536e+02,0.000000000000000000e+00,4.042352451302039240e-01,1.677579597363107577e+00
1.000000000000000000e+00,3.000000000000000000e+00,-1.000000000000000000e+00,-2.000000000000000000e+00,1.593872189684918794e+01,1.623461773218473638e+02,4.926850767863109581e+02,0.000000000000000000e+00,3.542710759097739692e-01,1.761469711820366379e+00
1.000000000000000000e+00,3.000000000000000000e+00,-1.000000000000000000e+00,-1.000000000000000000e+00,1.236347282248607371e+01,1.840363249593517025e+02,5.109885279714541184e+02,0.000000000000000000e+00,3.056949932602702757e-01,1.818276712254363048e+00
1.000000000000000000e+00,3.000000000000000000e+00,-1.000000000000000000e+00,0.000000000000000000e+00,6.804859949227108018e+00,2.056246479908870697e+02,5.299192009473359803e+02,0.000000000000000000e+00,2.580205285702288354e-01,1.838469701643683507e+00
1.000000000000000000e+00,3.000000000000000000e+00,-1.000000000000000000e+00,1.000000000000000000e+00,-1.901700684988696821e+00,2.274313761518975525e+02,5.496969435555647578e+02,0.000000000000000000e+00,2.105749339604643111e-01,1.818276712254363048e+00
1.000000000000000000e+00,3.000000000000000000e+00,0.000000000000000000e+00,-8.000000000000000000e+00,9.615038934826230843e+00,2.631076083939942123e+01,3.591308300800691313e+02,0.000000000000000000e+00,6.693558778811993237e-01,1.203233066816324692e+00
1.000000000000000000e+00,3.000000000000000000e+00,0.000000000000000000e+00,-7.000000000000000000e+00,9.401779942249760325e+00,5.167230968438431660e+01,3.781046795897398738e+02,0.000000000000000000e+00,6.101681705668696720e-01,1.300128248812606024e+00
1.000000000000000000e+00,3.000000000000000000e+00,0.000000000000000000e+00,-6.000000000000000000e+00,8.765146917581859043e+00,7.553448587908910383e+01,3.964092139529307701e+02,0.000000000000000000e+00,5.543989295899116598e-01,1.406225373169721848e+00
1.000000000000000000e+00,3.000000000000000000e+00,0.000000000000000000e+00,-5.000000000000000000e+00,7.600197783242521155e+00,9.808213971374134132e+01,4.142697329469964984e+02,0.000000000000000000e+00,5.018610019086490182e-01,1.519676154516218958e+00
1.000000000000000000e+00,3.000000000000000000e+00,0.000000000000000000e+00,-4.000000000000000000e+00,5.764823288122869371e+00,1.194448753476208225e+02,4.318858686026691771e+02,0.000000000000000000e+00,4.523962276275360073e-01,1.636183557089753382e+00
1.000000000000000000e+00,3.000000000000000000e+00,0.000000000000000000e+00,-3.000000000000000000e+00,3.065367406611073875e+00,1.396973827485965671e+02,4.494395271824031965e+02,0.000000000000000000e+00,4.059017355485846634e-01,1.747985184977546957e+00
1.000000000000000000e+00,3.000000000000000000e+00,0.000000000000000000e+00,-2.000000000000000000e+00,-7.622599494717405832e-01,1.588530689351438241e+02,4.671008081022762894e+02,0.000000000000000000e+00,3.623619701421372241e-01,1.843511800489819663e+00
1.000000000000000000e+00,3.000000000000000000e+00,0.000000000000000000e+00,-1.000000000000000000e+00,-6.073877395088288722e+00,1.768490966390093320e+02,4.850321815243570427e+02,0.000000000000000000e+00,3.218925358126228375e-01,1.908936843350028001e+00
1.000000000000000000e+00,3.000000000000000000e+00,1.000000000000000000e+00,-8.000000000000000000e+00,-1.374925023875732677e+00,2.180740801367105064e+01,3.326376939622747955e+02,0.000000000000000000e+00,6.793631519044298628e-01,1.179523130928754604e+00
1.000000000000000000e+00,3.000000000000000000e+00,1.000000000000000000e+00,-7.000000000000000000e+00,-2.274196344277271464e+00,4.553561373728467743e+01,3.522818745970918712e+02,0.000000000000000000e+00,6.243015336788285685e-01,1.270363002570063848e+00
1.000000000000000000e+00,3.000000000000000000e+00,1.000000000000000000e+00,-6.000000000000000000e+00,-3.666928410671062011e+00,6.750760872942652213e+01,3.711079720358568466e+02,0.000000000000000000e+00,5.730964949543064790e-01,1.368778946962248888e+00
1.000000000000000000e+00,3.000000000000000000e+00,1.000000000000000000e+00,-5.000000000000000000e+00,-5.651209447107817141e+00,8.784187230204099706e+01,3.893524622656420320e+02,0.000000000000000000e+00,5.257158436418877256e-01,1.472727385493023178e+00
1.000000000000000000e+00,4.000000000000000000e+00,-4.000000000000000000e+00,-3.000000000000000000e+00,3.487867053603855538e+01,2.693484020684266511e+01,6.233025157414250543e+02,0.000000000000000000e+00,6.539930204155595117e-01,1.007920025980871825e+00
1.000000000000000000e+00,4.000000000000000000e+00,-4.000000000000000000e+00,-2.000000000000000000e+00,3.481400211327741090e+01,5.343749375932802081e+01,6.439835785284644771e+02,0.000000000000000000e+00,5.920592376820718039e-01,1.025273459969367140e+00
1.000000000000000000e+00,4.000000000000000000e+00,-4.000000000000000000e+00,-1.000000000000000000e+00,3.428164584731172226e+01,7.995025697023265820e+01,6.658893150167223212e+02,0.000000000000000000e+00,5.303947600506380144e-01,1.036125868726029964e+00
1.000000000000000000e+00,4.000000000000000000e+00,-4.000000000000000000e+00,0.000000000000000000e+00,3.310603191926844602e+01,1.071401061870193701e+02,6.893624712072366947e+02,0.000000000000000000e+00,4.677206854532164337e-01,1.039820646312733965e+00
1.000000000000000000e+00,4.000000000000000000e+00,-4.000000000000000000e+00,1.000000000000000000e+00,3.099232519333588698e+01,1.360094858641609790e+02,7.148461156021872966e+02,0.000000000000000000e+00,4.020811943251692000e-01,1.036125868726030186e+00
1.000000000000000000e+00,4.000000000000000000e+00,-4.000000000000000000e+00,2.000000000000000000e+00,2.738081248775461063e+01,1.683352034197394289e+02,7.429765430038864906e+02,0.000000000000000000e+00,3.300208381446010919e-01,1.025273459969367140e+00
1.000000000000000000e+00,4.000000000000000000e+00,-3.000000000000000000e+00,-5.000000000000000000e+00,2.826024527902580985e+01,1.043146796224903028e+01,5.467899327260123528e+02,0.000000000000000000e+00,6.997100907817850324e-01,1.057778690001951016e+00
1.000000000000000000e+00,4.000000000000000000e+00,-3.000000000000000000e+00,-4.000000000000000000e+00,2.838056601897403652e+01,3.717470213308246230e+01,5.652732969663757103e+02,0.000000000000000000e+00,6.369852851515021008e-01,1.094831744208387247e+00
1.000000000000000000e+00,4.000000000000000000e+00,-3.000000000000000000e+00,-3.000000000000000000e+00,2.811881154982683029e+01,6.317700351189662911e+01,5.842695976759558789e+02,0.000000000000000000e+00,5.760940619748581293e-01,1.126506103474143705e+00
1.000000000000000000e+00,4.000000000000000000e+00,-3.000000000000000000e+00,-2.000000000000000000e+00,2.735704884735216069e+01,8.884143912366546658e+01,6.040096462554124628e+02,0.000000000000000000e+00,5.163221989755761854e-01,1.150891484959664091e+00
1.000000000000000000e+00,4.000000000000000000e+00,-3.000000000000000000e+00,-1.000000000000000000e+00,2.591651954655625900e+01,1.146552062222470738e+02,6.247516485921597678e+02,0.000000000000000000e+00,4.567367311711822420e-01,1.166305444849937478e+00
1.000000000000000000e+00,4.000000000000000000e+00,-3.000000000000000000e+00,0.000000000000000000e+00,2.350893098687640759e+01,1.412893707397842320e+02,6.468038218955053935e+02,0.000000000000000000e+00,3.960088264176836459e-01,1.171582715165016664e+00
1.000000000000000000e+00,4.000000000000000000e+00,-3.000000000000000000e+00,1.000000000000000000e+00,1.962454505411312766e+01,1.698200652366629413e+02,6.705670015470029739e+02,0.000000000000000000e+00,3.319961841282322301e-01,1.166305444849937478e+00
1.000000000000000000e+00,4.000000000000000000e+00,-3.000000000000000000e+00,2.000000000000000000e+00,1.321478518752024911e+01,2.023561792350512007e+02,6.966405245263586039e+02,0.000000000000000000e+00,2.605317923839420846e-01,1.150891484959664091e+00
1.000000000000000000e+00,4.000000000000000000e+00,-3.000000000000000000e+00,3.000000000000000000e+00,1.334164809887596448e+00,2.448023893724076174e+02,7.262430814228595182e+02,0.000000000000000000e+00,1.700495987821381283e-01,1.126506103474143483e+00
1.000000000000000000e+00,4.000000000000000000e+00,-2.000000000000000000e+00,-6.000000000000000000e+00,2.072684627068585428e+01,9.298066794931031609e+00,4.964380717976522419e+02,0.000000000000000000e+00,7.060661229129109318e-01,1.100172951081847428e+00
1.000000000000000000e+00,4.000000000000000000e+00,-2.000000000000000000e+00,-5.000000000000000000e+00,2.060741189703273335e+01,3.588010039485013181e+01,5.144002240429723543e+02,0.000000000000000000e+00,6.436108930778443593e-01,1.152015850211526748e+00
1.000000000000000000e+00,4.000000000000000000e+00,-2.000000000000000000e+00,-4.000000000000000000e+00,2.007841549436520268e+01,6.142491953238362612e+01,5.325195037090226151e+02,0.000000000000000000e+00,5.836335451517461470e-01,1.200359332483796004e+00
1.000000000000000000e+00,4.000000000000000000e+00,-2.000000000000000000e+00,-3.000000000000000000e+00,1.902378320239833442e+01,8.625137957604982830e+01,5.510022143320743453e+02,0.000000000000000000e+00,5.256134599640599481e-01,1.242477119971894917e+00
1.000000000000000000e+00,4.000000000000000000e+00,-2.000000000000000000e+00,-2.000000000000000000e+00,1.727511838795294352e+01,1.106991784019054137e+02,5.700612825802151065e+02,0.000000000000000000e+00,4.689260272018634379e-01,1.275429173815150863e+00
1.000000000000000000e+00,4.000000000000000000e+00,-2.000000000000000000e+00,-1.000000000000000000e+00,1.457790098367178189e+01,1.351735571702349716e+02,5.899285369998103761e+02,0.000000000000000000e+00,4.127747195068973696e-01,1.296505021736512608e+00
1.000000000000000000e+00,4.000000000000000000e+00,-2.000000000000000000e+00,0.000000000000000000e+00,1.052540683503576702e+01,1.602268375511687850e+02,6.108724504043173056e+02,0.000000000000000000e+00,3.560453419790764462e-01,1.303765941166156406e+00
1.000000000000000000e+00,4.000000000000000000e+00,-2.000000000000000000e+00,1.000000000000000000e+00,4.413210101800416396e+00,1.867390880166829277e+02,6.332302846871655220e+02,0.000000000000000000e+00,2.969619089171632309e-01,1.296505021736512830e+00
1.000000000000000000e+00,4.000000000000000000e+00,-2.000000000000000000e+00,2.000000000000000000e+00,-5.148583991136632676e+00,2.164287634357388583e+02,6.574857396308825628e+02,0.000000000000000000e+00,2.320917312169074320e-01,1.275429173815151307e+00
1.000000000000000000e+00,4.000000000000000000e+00,-1.000000000000000000e+00,-6.000000000000000000e+00,1.204696975613643417e+01,2.337310507583615049e+01,4.675133886563757528e+02,0.000000000000000000e+00,6.748767148957889317e-01,1.160874775926973079e+00
1.000000000000000000e+00,4.000000000000000000e+00,-1.000000000000000000e+00,-5.000000000000000000e+00,1.127095923097047603e+01,4.849463142182457887e+01,4.854226118796119636e+02,0.000000000000000000e+00,6.157867726009566001e-01,1.222281502192820168e+00
1.000000000000000000e+00,4.000000000000000000e+00,-1.000000000000000000e+00,-4.000000000000000000e+00,9.973316591469171044e+00,7.247516305578845675e+01,5.033568214560152683e+02,0.000000000000000000e+00,5.594884305860379214e-01,1.280488897659129321e+00
1.000000000000000000e+00,4.000000000000000000e+00,-1.000000000000000000e+00,-3.000000000000000000e+00,8.014359040809239332e+00,9.554785367759021142e+01,5.215117606235810399e+02,0.000000000000000000e+00,5.056100953385379571e-01,1.331995643006894881e+00
1.000000000000000000e+00,4.000000000000000000e+00,-1.000000000000000000e+00,-2.000000000000000000e+00,5.200150591044632620e+00,1.179345403335280196e+02,5.400822961045350894e+02,0.000000000000000000e+00,4.537480988243858260e-01,1.372840499188007435e+00
1.000000000000000000e+00,4.000000000000000000e+00,-1.000000000000000000e+00,-1.000000000000000000e+00,1.255880672418783206e+00,1.398643080579015248e+02,5.592708046158786601e+02,0.000000000000000000e+00,4.034482530627784835e-01,1.399227920662430735e+00
1.000000000000000000e+00,4.000000000000000000e+00,-1.000000000000000000e+00,0.000000000000000000e+00,-4.216664611587049194e+00,1.616007394745421664e+02,5.792968742946693510e+02,0.000000000000000000e+00,3.541653712068316140e-01,1.408367728158290921e+00
1.000000000000000000e+00,4.000000000000000000e+00,0.000000000000000000e+00,-6.000000000000000000e+00,2.233320009898562830e+00,2.487549336627748175e+01,4.404852992436672139e+02,0.000000000000000000e+00,6.722356651227323621e-01,1.183456329609615443e+00
1.000000000000000000e+00,4.000000000000000000e+00,0.000000000000000000e+00,-5.000000000000000000e+00,8.114631069184952139e-01,4.821265945350745596e+01,4.585309226965798075e+02,0.000000000000000000e+00,6.173383383692350179e-01,1.248723795845207984e+00
1.000000000000000000e+00,4.000000000000000000e+00,0.000000000000000000e+00,-4.000000000000000000e+00,-1.197786998039134687e+00,7.015088417923031727e+01,4.764664962375721302e+02,0.000000000000000000e+00,5.657767971285138087e-01,1.310988888733160440e+00
1.000000000000000000e+00,4.000000000000000000e+00,0.000000000000000000e+00,-3.000000000000000000e+00,-3.924408456572336945e+00,9.082619199889798267e+01,4.944809174965551506e+02,0.000000000000000000e+00,5.173732499455491185e-01,1.366427981428208094e+00
1.000000000000000000e+00,5.000000000000000000e+00,-4.000000000000000000e+00,-2.000000000000000000e+00,2.164776627230730810e+01,1.892049282460101267e+01,7.169037441036921336e+02,0.000000000000000000e+00,6.565603421226420267e-01,9.056843262460454458e-01
1.000000000000000000e+00,5.000000000000000000e+00,-4.000000000000000000e+00,-1.000000000000000000e+00,1.984914644993892807e+01,4.974078091370367360e+01,7.412645368170090023e+02,0.000000000000000000e+00,5.854778852428420555e-01,9.131388634016517347e-01
1.000000000000000000e+00,5.000000000000000000e+00,-3.000000000000000000e+00,-3.000000000000000000e+00,1.638050341336017368e+01,2.084631143082765448e+01,6.476586786707155170e+02,0.000000000000000000e+00,6.642154008677292332e-01,9.732043462761461594e-01
1.000000000000000000e+00,5.000000000000000000e+00,-3.000000000000000000e+00,-2.000000000000000000e+00,1.464417740648281097e+01,4.914509825780396568e+01,6.689253356657468430e+02,0.000000000000000000e+00,5.983644904467829706e-01,9.887983084738503070e-01
1.000000000000000000e+00,5.000000000000000000e+00,-3.000000000000000000e+00,-1.000000000000000000e+00,1.209307526533982013e+01,7.783481051570502984e+01,6.916243642671909129e+02,0.000000000000000000e+00,5.319402158958054239e-01,9.985223515211726353e-01
1.000000000000000000e+00,5.000000000000000000e+00,-3.000000000000000000e+00,0.000000000000000000e+00,8.410737547996291141e+00,1.078338224420712379e+02,7.161608116437029139e+02,0.000000000000000000e+00,4.631959446733525665e-01,1.001828013242292315e+00
1.000000000000000000e+00,5.000000000000000000e+00,-3.000000000000000000e+00,1.000000000000000000e+00,3.051377562404496757e+00,1.406390431595852704e+02,7.430935858148063744e+02,0.000000000000000000e+00,3.892447316758616549e-01,9.985223515211726353e-01
1.000000000000000000e+00,5.000000000000000000e+00,-2.000000000000000000e+00,-4.000000000000000000e+00,1.010743762786947286e+01,1.266805126003345094e+01,5.895785435195009541e+02,0.000000000000000000e+00,6.902257185938158734e-01,1.019643209006567908e+00
1.000000000000000000e+00,5.000000000000000000e+00,-2.000000000000000000e+00,-3.000000000000000000e+00,8.399219074748060621e+00,3.922206474286525690e+01,6.090418846417846908e+02,0.000000000000000000e+00,6.280467146055369598e-01,1.045081943134225533e+00
1.000000000000000000e+00,5.000000000000000000e+00,-2.000000000000000000e+00,-2.000000000000000000e+00,5.977603738372920361e+00,6.531580410324269792e+01,6.293685034244922463e+02,0.000000000000000000e+00,5.670808987980267002e-01,1.064464291402899665e+00
1.000000000000000000e+00,5.000000000000000000e+00,-2.000000000000000000e+00,-1.000000000000000000e+00,2.624680897389737311e+00,9.143932823823284650e+01,6.508317963234171657e+02,0.000000000000000000e+00,5.064214679624658988e-01,1.076624466318596651e+00
1.000000000000000000e+00,5.000000000000000000e+00,-2.000000000000000000e+00,0.000000000000000000e+00,-1.985050282127360788e+00,1.182420438724411582e+02,6.737587931974796902e+02,0.000000000000000000e+00,4.448077918054434421e-01,1.080771417277309077e+00
1.000000000000000000e+00,5.000000000000000000e+00,-1.000000000000000000e+00,-4.000000000000000000e+00,1.550783428334057135e+00,1.987653807062511646e+01,5.568138393792598890e+02,0.000000000000000000e+00,6.772391078072634851e-01,1.067400363205362801e+00
1.000000000000000000e+00,5.000000000000000000e+00,-1.000000000000000000e+00,-3.000000000000000000e+00,-7.237686376548424505e-01,4.417522040932590244e+01,5.758273120578155613e+02,0.000000000000000000e+00,6.200949013580449032e-01,1.096689555803326721e+00
1.000000000000000000e+00,5.000000000000000000e+00,-1.000000000000000000e+00,-2.000000000000000000e+00,-3.755137925490942052e+00,6.764770596596881092e+01,5.954919493197802467e+02,0.000000000000000000e+00,5.650067132667931924e-01,1.119151062088150628e+00
1.000000000000000000e+00,6.000000000000000000e+00,-2.000000000000000000e+00,-2.000000000000000000e+00,-3.929747256758901131e+00,1.119490782309432575e+01,7.038295175813552760e+02,0.000000000000000000e+00,6.758114158825601070e-01,9.091383561271815239e-01
1.000000000000000000e+00,1.000000000000000000e+00,-1.000000000000000000e+00,3.000000000000000000e+00,3.597398350157880031e+01,3.483980222017723918e+02,5.022612984224594470e+02,0.000000000000000000e+00,3.936031864258453944e-02,2.920088606672719411e+00
1.000000000000000000e+00,-8.000000000000000000e+00,-1.000000000000000000e+00,1.000000000000000000e+00,3.335354582909155852e+01,7.816654679284673648e+02,2.162308150989724709e+01,1.000000000000000000e+00,1.026096978669549964e+00,7.181243209345179457e-01
1.000000000000000000e+00,-7.000000000000000000e+00,-3.000000000000000000e+00,-4.000000000000000000e+00,3.949623206945318543e+00,7.548711076726249303e+02,3.003334823667722731e+01,1.000000000000000000e+00,9.623914905921813201e-01,7.420146230763772222e-01
1.000000000000000000e+00,-7.000000000000000000e+00,-3.000000000000000000e+00,-3.000000000000000000e+00,5.605706727643138265e+00,7.580747872509937224e+02,6.061659787550001965e+01,1.000000000000000000e+00,9.850052146924537233e-01,7.516476261332809550e-01
1.000000000000000000e+00,-7.000000000000000000e+00,-3.000000000000000000e+00,-2.000000000000000000e+00,7.410170120417916451e+00,7.627520278255508401e+02,8.861710377116452264e+01,1.000000000000000000e+00,1.009899007326573672e+00,7.587626788350351204e-01
1.000000000000000000e+00,-7.000000000000000000e+00,-3.000000000000000000e+00,-1.000000000000000000e+00,9.343924204244757448e+00,7.689083434659376053e+02,1.145159740239860184e+02,1.000000000000000000e+00,1.037533237716846468e+00,7.631299353547685849e-01
1.000000000000000000e+00,-7.000000000000000000e+00,-3.000000000000000000e+00,0.000000000000000000e+00,1.138980638279826962e+01,7.765540441656576149e+02,1.386986332814204275e+02,1.000000000000000000e+00,1.068269529120076333e+00,7.646025316015356843e-01
1.000000000000000000e+00,-7.000000000000000000e+00,-3.000000000000000000e+00,1.000000000000000000e+00,1.353250001280386527e+01,7.857081284000086043e+02,1.614823005900924500e+02,1.000000000000000000e+00,1.102391441706914277e+00,7.631299353547685849e-01
1.000000000000000000e+00,-7.000000000000000000e+00,-2.000000000000000000e+00,-3.000000000000000000e+00,1.212407507268719087e+01,7.068083703642816999e+02,2.829463525780153077e+01,1.000000000000000000e+00,8.380977845921301350e-01,7.833195907378047718e-01
1.000000000000000000e+00,-7.000000000000000000e+00,-2.000000000000000000e+00,-2.000000000000000000e+00,1.376082005598286173e+01,7.149755969507644977e+02,5.817900359411811451e+01,1.000000000000000000e+00,8.707414807246022237e-01,7.913823726201735242e-01
1.000000000000000000e+00,-7.000000000000000000e+00,-2.000000000000000000e+00,-1.000000000000000000e+00,1.553507613107976226e+01,7.241861528642508574e+02,8.556653690862168560e+01,1.000000000000000000e+00,9.054195008179853899e-01,7.963412120007618000e-01
1.000000000000000000e+00,-7.000000000000000000e+00,-2.000000000000000000e+00,0.000000000000000000e+00,1.742555023967733518e+01,7.345108619625927986e+02,1.109131947993985818e+02,1.000000000000000000e+00,9.425938627984381535e-01,7.980149893264165684e-01
1.000000000000000000e+00,-7.000000000000000000e+00,-2.000000000000000000e+00,1.000000000000000000e+00,1.941423675941800298e+01,7.460114849627714193e+02,1.345860007074012685e+02,1.000000000000000000e+00,9.826347464462619197e-01,7.963412120007619110e-01
1.000000000000000000e+00,-7.000000000000000000e+00,-2.000000000000000000e+00,2.000000000000000000e+00,2.148598216803233640e+01,7.587499067913879571e+02,1.568889520923632972e+02,1.000000000000000000e+00,1.025841076027015797e+00,7.913823726201734132e-01
1.000000000000000000e+00,-7.000000000000000000e+00,-2.000000000000000000e+00,3.000000000000000000e+00,2.362814714185216758e+01,7.727956262545902746e+02,1.780815141570022320e+02,1.000000000000000000e+00,1.072452007614715708e+00,7.833195907378047718e-01
1.000000000000000000e+00,-7.000000000000000000e+00,-2.000000000000000000e+00,4.000000000000000000e+00,2.583032611690370572e+01,7.882324944152626358e+02,1.983923901304256674e+02,1.000000000000000000e+00,1.122650327232826317e+00,7.724347726448581586e-01
1.000000000000000000e+00,-7.000000000000000000e+00,-1.000000000000000000e+00,-2.000000000000000000e+00,2.270734502605972693e+01,6.721241427280233438e+02,2.177072562779005693e+01,1.000000000000000000e+00,7.471274411560074880e-01,8.130964659138081307e-01
1.000000000000000000e+00,-7.000000000000000000e+00,-1.000000000000000000e+00,-1.000000000000000000e+00,2.405691222643636706e+01,6.854348698605043637e+02,5.171154279987717928e+01,1.000000000000000000e+00,7.911132231941856441e-01,8.184776118229613040e-01
1.000000000000000000e+00,-7.000000000000000000e+00,-1.000000000000000000e+00,0.000000000000000000e+00,2.556097643612184811e+01,6.992435741272247469e+02,7.905531945624608170e+01,1.000000000000000000e+00,8.364521127918627119e-01,8.202952095087611140e-01
1.000000000000000000e+00,-7.000000000000000000e+00,-1.000000000000000000e+00,1.000000000000000000e+00,2.719288288558163913e+01,7.137245294932653223e+02,1.042857744241823639e+02,1.000000000000000000e+00,8.837198194729910528e-01,8.184776118229613040e-01
1.000000000000000000e+00,-7.000000000000000000e+00,-1.000000000000000000e+00,2.000000000000000000e+00,2.893156616634124134e+01,7.290208194842668945e+02,1.277887647161729205e+02,1.000000000000000000e+00,9.333789714635176704e-01,8.130964659138081307e-01
1.000000000000000000e+00,-7.000000000000000000e+00,-1.000000000000000000e+00,3.000000000000000000e+00,3.076028090820781813e+01,7.452619135928355263e+02,1.498818970275369793e+02,1.000000000000000000e+00,9.858059461540363833e-01,8.043590251393883950e-01
1.000000000000000000e+00,-7.000000000000000000e+00,-1.000000000000000000e+00,4.000000000000000000e+00,3.266571701353669255e+01,7.625764992033356293e+02,1.708350768874238668e+02,1.000000000000000000e+00,1.041304387464375925e+00,7.925866568166635151e-01
1.000000000000000000e+00,-7.000000000000000000e+00,-1.000000000000000000e+00,5.000000000000000000e+00,3.463735610656112840e+01,7.811028977537267792e+02,1.908855090847409031e+02,1.000000000000000000e+00,1.100107895296457361e+00,7.781837490038885363e-01
1.000000000000000000e+00,-7.000000000000000000e+00,0.000000000000000000e+00,-1.000000000000000000e+00,3.525117211913143933e+01,6.522612467046649272e+02,1.164053074880422400e+01,1.000000000000000000e+00,6.940011025786969601e-01,8.262770152070331164e-01
1.000000000000000000e+00,-7.000000000000000000e+00,0.000000000000000000e+00,0.000000000000000000e+00,3.600302606662137350e+01,6.706250509433475600e+02,4.207885155151427625e+01,1.000000000000000000e+00,7.497305985490542168e-01,8.281471895200305244e-01
1.000000000000000000e+00,-7.000000000000000000e+00,0.000000000000000000e+00,1.000000000000000000e+00,3.698164471848306789e+01,6.888260004200012645e+02,6.968503952928466560e+01,1.000000000000000000e+00,8.058018295569409073e-01,8.262770152070331164e-01
1.000000000000000000e+00,-7.000000000000000000e+00,0.000000000000000000e+00,2.000000000000000000e+00,3.814315430325424927e+01,7.072070148914173160e+02,9.501932807533410141e+01,1.000000000000000000e+00,8.630348125075459897e-01,8.207416083798487749e-01
1.000000000000000000e+00,-6.000000000000000000e+00,-4.000000000000000000e+00,-2.000000000000000000e+00,-4.868608307370379862e+00,7.566736752422112886e+02,1.813814897940262370e+02,1.000000000000000000e+00,1.028040190968017242e+00,8.041416810544671501e-01
1.000000000000000000e+00,-6.000000000000000000e+00,-4.000000000000000000e+00,-1.000000000000000000e+00,-2.481952717039064282e+00,7.594604870925054456e+02,2.032155212358458982e+02,1.000000000000000000e+00,1.042439268951219189e+00,8.093458529505290766e-01
1.000000000000000000e+00,-6.000000000000000000e+00,-4.000000000000000000e+00,0.000000000000000000e+00,2.308445104236511725e-02,7.639562086911579399e+02,2.240750955041377779e+02,1.000000000000000000e+00,1.060985808202643987e+00,8.111031600433590283e-01
1.000000000000000000e+00,-6.000000000000000000e+00,-4.000000000000000000e+00,1.000000000000000000e+00,2.629898317580114053e+00,7.701460675644343610e+02,2.441660342506869483e+02,1.000000000000000000e+00,1.083820189757878083e+00,8.093458529505290766e-01
1.000000000000000000e+00,-6.000000000000000000e+00,-4.000000000000000000e+00,2.000000000000000000e+00,5.322956853964313950e+00,7.780292529931766694e+02,2.636728928696657022e+02,1.000000000000000000e+00,1.111042682607466636e+00,8.041416810544671501e-01
1.000000000000000000e+00,-6.000000000000000000e+00,-4.000000000000000000e+00,3.000000000000000000e+00,8.088087381021608735e+00,7.876215063491684987e+02,2.827673426743945697e+02,1.000000000000000000e+00,1.142716531195847596e+00,7.956867791886800267e-01
1.000000000000000000e+00,-6.000000000000000000e+00,-3.000000000000000000e+00,-4.000000000000000000e+00,-5.459639094583138785e+00,7.005772617849967219e+02,1.073677799918366986e+02,1.000000000000000000e+00,8.489966759212055347e-01,8.364154716948253299e-01
1.000000000000000000e+00,-6.000000000000000000e+00,-3.000000000000000000e+00,-3.000000000000000000e+00,-3.253946564530593832e+00,7.023603902106331134e+02,1.327209553851893133e+02,1.000000000000000000e+00,8.612905607273576569e-01,8.502861158767675009e-01
1.000000000000000000e+00,-6.000000000000000000e+00,-3.000000000000000000e+00,-2.000000000000000000e+00,-9.038680459856607285e-01,7.057328149443712846e+02,1.564188310756858584e+02,1.000000000000000000e+00,8.770790427605072992e-01,8.606271707079712341e-01
1.000000000000000000e+00,-6.000000000000000000e+00,-3.000000000000000000e+00,-1.000000000000000000e+00,1.568535285865067408e+00,7.106691505598387266e+02,1.787546501482380279e+02,1.000000000000000000e+00,8.966107824233364720e-01,8.670158930088533999e-01
1.000000000000000000e+00,-6.000000000000000000e+00,-3.000000000000000000e+00,0.000000000000000000e+00,4.142652375920675922e+00,7.171473698334834808e+02,1.999722932899402963e+02,1.000000000000000000e+00,9.200768417689190182e-01,8.691772941107708261e-01
1.000000000000000000e+00,-6.000000000000000000e+00,-3.000000000000000000e+00,1.000000000000000000e+00,6.799682816274014385e+00,7.251516078801665799e+02,2.202805749941298075e+02,1.000000000000000000e+00,9.476262861561018935e-01,8.670158930088532889e-01
1.000000000000000000e+00,-6.000000000000000000e+00,-3.000000000000000000e+00,2.000000000000000000e+00,9.522908646769764118e+00,7.346754842398401024e+02,2.398641130233076524e+02,1.000000000000000000e+00,9.793768996501919233e-01,8.606271707079712341e-01
1.000000000000000000e+00,-6.000000000000000000e+00,-3.000000000000000000e+00,3.000000000000000000e+00,1.229785842630414550e+01,7.457258615136008757e+02,2.588918974469205523e+02,1.000000000000000000e+00,1.015421063512767397e+00,8.502861158767675009e-01
1.000000000000000000e+00,-6.000000000000000000e+00,-3.000000000000000000e+00,4.000000000000000000e+00,1.511236467116285098e+01,7.583270440927076379e+02,2.775243782892158038e+02,1.000000000000000000e+00,1.055826548595689474e+00,8.364154716948252188e-01
1.000000000000000000e+00,-6.000000000000000000e+00,-3.000000000000000000e+00,5.000000000000000000e+00,1.795652963838222149e+01,7.725255333148037380e+02,2.959197167734768641e+02,1.000000000000000000e+00,1.100631692529292271e+00,8.195405685546458541e-01
1.000000000000000000e+00,-6.000000000000000000e+00,-3.000000000000000000e+00,6.000000000000000000e+00,2.082262191937354601e+01,7.883955925836305596e+02,3.142397605201854844e+02,1.000000000000000000e+00,1.149834139383217879e+00,8.002395549891974103e-01
1.000000000000000000e+00,-6.000000000000000000e+00,-2.000000000000000000e+00,-6.000000000000000000e+00,-3.042328276776629536e+00,6.419463156322365194e+02,1.427126714271832952e+01,1.000000000000000000e+00,6.690762706031645468e-01,8.387897986815536777e-01
1.000000000000000000e+00,-6.000000000000000000e+00,-2.000000000000000000e+00,-5.000000000000000000e+00,-1.200311539242193248e+00,6.445495532457671288e+02,4.661781419728197307e+01,1.000000000000000000e+00,6.843090303245196182e-01,8.610970311916090747e-01
1.000000000000000000e+00,-6.000000000000000000e+00,-2.000000000000000000e+00,-4.000000000000000000e+00,8.341942816489051893e-01,6.484091995465917080e+02,7.604217420617459311e+01,1.000000000000000000e+00,7.016375648767229078e-01,8.807348559101829677e-01
1.000000000000000000e+00,-6.000000000000000000e+00,-2.000000000000000000e+00,-3.000000000000000000e+00,3.029043105785717671e+00,6.535632900780904038e+02,1.030868751293533023e+02,1.000000000000000000e+00,7.215633882992300574e-01,8.969734965735561838e-01
1.000000000000000000e+00,-6.000000000000000000e+00,-2.000000000000000000e+00,-2.000000000000000000e+00,5.355202934841713613e+00,6.600252917825599752e+02,1.281728560806147925e+02,1.000000000000000000e+00,7.444593905318663829e-01,9.091383561271815239e-01
1.000000000000000000e+00,-6.000000000000000000e+00,-2.000000000000000000e+00,-1.000000000000000000e+00,7.786846703032352934e+00,6.677941228577495849e+02,1.516354833114536405e+02,1.000000000000000000e+00,7.706074707701628945e-01,9.166792210409686614e-01
1.000000000000000000e+00,-6.000000000000000000e+00,-2.000000000000000000e+00,0.000000000000000000e+00,1.030144469391797202e+01,6.768621999062887653e+02,1.737494246331726799e+02,1.000000000000000000e+00,8.002269833633958163e-01,9.192348508218418646e-01
1.000000000000000000e+00,-6.000000000000000000e+00,-2.000000000000000000e+00,1.000000000000000000e+00,1.287977962350726102e+01,6.872221848057110947e+02,1.947462945558723106e+02,1.000000000000000000e+00,8.334957430570997250e-01,9.166792210409686614e-01
1.000000000000000000e+00,-6.000000000000000000e+00,-2.000000000000000000e+00,2.000000000000000000e+00,1.550585896376631467e+01,6.988728005762727662e+02,2.148275143806662868e+02,1.000000000000000000e+00,8.705645907258552363e-01,9.091383561271815239e-01
1.000000000000000000e+00,-6.000000000000000000e+00,-2.000000000000000000e+00,3.000000000000000000e+00,1.816673256427094429e+01,7.118239902724651529e+02,2.341739942216801751e+02,1.000000000000000000e+00,9.115660577772616291e-01,8.969734965735561838e-01
1.000000000000000000e+00,-6.000000000000000000e+00,-2.000000000000000000e+00,4.000000000000000000e+00,2.085224077764218009e+01,7.261016957070418130e+02,2.529537495902605144e+02,1.000000000000000000e+00,9.566173183919619571e-01,8.807348559101831897e-01
1.000000000000000000e+00,-6.000000000000000000e+00,-2.000000000000000000e+00,5.000000000000000000e+00,2.355472349449632929e+01,7.417525796367729072e+02,2.713282682906387890e+02,1.000000000000000000e+00,1.005817287298157225e+00,8.610970311916090747e-01
1.000000000000000000e+00,-6.000000000000000000e+00,-2.000000000000000000e+00,6.000000000000000000e+00,2.626871826773799512e+01,7.588490860736258128e+02,2.894582706951946420e+02,1.000000000000000000e+00,1.059237358531212037e+00,8.387897986815537887e-01
1.000000000000000000e+00,-6.000000000000000000e+00,-2.000000000000000000e+00,7.000000000000000000e+00,2.899066989162562891e+01,7.774953310325379334e+02,3.075094232303866875e+02,1.000000000000000000e+00,1.116904873482476468e+00,8.145362916832833422e-01
1.000000000000000000e+00,-6.000000000000000000e+00,-1.000000000000000000e+00,-4.000000000000000000e+00,1.083900298378594584e+01,5.976372687905263774e+02,3.814864858584354579e+01,1.000000000000000000e+00,5.655529898239992637e-01,9.109655182302034415e-01
1.000000000000000000e+00,-6.000000000000000000e+00,-1.000000000000000000e+00,-3.000000000000000000e+00,1.268010002649748458e+01,6.078328888667145975e+02,6.818727018335164303e+01,1.000000000000000000e+00,5.964404842105499593e-01,9.289693434171093500e-01
1.000000000000000000e+00,-6.000000000000000000e+00,-1.000000000000000000e+00,-2.000000000000000000e+00,1.466698367030176087e+01,6.187024214079414151e+02,9.567479274862807870e+01,1.000000000000000000e+00,6.290912152989690531e-01,9.425030713359756618e-01
1.000000000000000000e+00,-6.000000000000000000e+00,-1.000000000000000000e+00,-1.000000000000000000e+00,1.676740973170436177e+01,6.303439669669687646e+02,1.210651570714290415e+02,1.000000000000000000e+00,6.639525569118307491e-01,9.509128539070941244e-01
1.000000000000000000e+00,-6.000000000000000000e+00,-1.000000000000000000e+00,0.000000000000000000e+00,1.895570639165080706e+01,6.428221918702935227e+02,1.447188599068463475e+02,1.000000000000000000e+00,7.013747333983010313e-01,9.537665404820466764e-01
1.000000000000000000e+00,-6.000000000000000000e+00,-1.000000000000000000e+00,1.000000000000000000e+00,2.121157803267823283e+01,6.561851901874463238e+02,1.669311643763810764e+02,1.000000000000000000e+00,7.416460374346579565e-01,9.509128539070941244e-01
1.000000000000000000e+00,-6.000000000000000000e+00,-1.000000000000000000e+00,2.000000000000000000e+00,2.351917043188782941e+01,6.704761165310243314e+02,1.879513462653008560e+02,1.000000000000000000e+00,7.850158049657554038e-01,9.425030713359755508e-01
1.000000000000000000e+00,-6.000000000000000000e+00,-1.000000000000000000e+00,3.000000000000000000e+00,2.586630516648426692e+01,6.857416310366915013e+02,2.079963418921189771e+02,1.000000000000000000e+00,8.317081842565617888e-01,9.289693434171093500e-01
1.000000000000000000e+00,-6.000000000000000000e+00,-1.000000000000000000e+00,4.000000000000000000e+00,2.824384076229202378e+01,7.020384675558576646e+02,2.272608742980377770e+02,1.000000000000000000e+00,8.819284056534744121e-01,9.109655182302034415e-01
1.000000000000000000e+00,-6.000000000000000000e+00,-1.000000000000000000e+00,5.000000000000000000e+00,3.064513919887764359e+01,7.194390580073834371e+02,2.459254077706019075e+02,1.000000000000000000e+00,9.358623433020313298e-01,8.892855647924170492e-01
1.000000000000000000e+00,-6.000000000000000000e+00,-1.000000000000000000e+00,6.000000000000000000e+00,3.306562454828730324e+01,7.380369551707009350e+02,2.641628648905856949e+02,1.000000000000000000e+00,9.936694312355225378e-01,8.647779186541441065e-01
1.000000000000000000e+00,-6.000000000000000000e+00,-1.000000000000000000e+00,7.000000000000000000e+00,3.550242336215450223e+01,7.579527253056014615e+02,2.821448121505718518e+02,1.000000000000000000e+00,1.055468349986543597e+00,8.382711394753732392e-01
1.000000000000000000e+00,-6.000000000000000000e+00,-1.000000000000000000e+00,8.000000000000000000e+00,3.795407746540618632e+01,7.793410100056794363e+02,3.000477197126602960e+02,1.000000000000000000e+00,1.121314296256267662e+00,8.105197661752608917e-01
1.000000000000000000e+00,-6.000000000000000000e+00,0.000000000000000000e+00,-3.000000000000000000e+00,2.692486067229455671e+01,5.642024779626094642e+02,2.633474898826494837e+01,1.000000000000000000e+00,4.837760676183112674e-01,9.404203725418237569e-01
1.000000000000000000e+00,-6.000000000000000000e+00,0.000000000000000000e+00,-2.000000000000000000e+00,2.785532781679734171e+01,5.817028609029218842e+02,5.778391512144594344e+01,1.000000000000000000e+00,5.303365063884278863e-01,9.544684216750141115e-01
1.000000000000000000e+00,-6.000000000000000000e+00,0.000000000000000000e+00,-1.000000000000000000e+00,2.904694352988843775e+01,5.987124457275167515e+02,8.620630591393319264e+01,1.000000000000000000e+00,5.767999904056111404e-01,9.632055786034398048e-01
1.000000000000000000e+00,-6.000000000000000000e+00,0.000000000000000000e+00,0.000000000000000000e+00,3.043661439426259108e+01,6.156101300715304205e+02,1.122064828886782948e+02,1.000000000000000000e+00,6.240462298892164306e-01,9.661717211067022415e-01
1.000000000000000000e+00,-6.000000000000000000e+00,0.000000000000000000e+00,1.000000000000000000e+00,3.197996340429560291e+01,6.326564537753980630e+02,1.362422096393808602e+02,1.000000000000000000e+00,6.727361189706250189e-01,9.632055786034398048e-01
1.000000000000000000e+00,-6.000000000000000000e+00,0.000000000000000000e+00,2.000000000000000000e+00,3.364482908559801899e+01,6.500455227421275595e+02,1.586749079226041772e+02,1.000000000000000000e+00,7.233955031693491966e-01,9.544684216750141115e-01
1.000000000000000000e+00,-6.000000000000000000e+00,0.000000000000000000e+00,3.000000000000000000e+00,3.540746536253419663e+01,6.679354039273493981e+02,1.798007333927643572e+02,1.000000000000000000e+00,7.764626170121502469e-01,9.404203725418237569e-01
1.000000000000000000e+00,-6.000000000000000000e+00,0.000000000000000000e+00,4.000000000000000000e+00,3.725016381575633773e+01,6.864674148693806046e+02,1.998710139004145958e+02,1.000000000000000000e+00,8.323143653043915124e-01,9.217559002449098315e-01
1.000000000000000000e+00,-5.000000000000000000e+00,-5.000000000000000000e+00,2.000000000000000000e+00,-3.475109024344760655e+00,7.736073624571305345e+02,3.346549849307416480e+02,1.000000000000000000e+00,1.108244061432124727e+00,8.243518802998580641e-01
1.000000000000000000e+00,-5.000000000000000000e+00,-5.000000000000000000e+00,3.000000000000000000e+00,-3.757839147305332972e-01,7.808519299300086232e+02,3.532047125953181421e+02,1.000000000000000000e+00,1.130955448084432158e+00,8.152506201572714550e-01
1.000000000000000000e+00,-5.000000000000000000e+00,-5.000000000000000000e+00,4.000000000000000000e+00,2.801395442459664764e+00,7.899245147908018225e+02,3.718388660414134392e+02,1.000000000000000000e+00,1.158398238805057101e+00,8.030008243682277280e-01
1.000000000000000000e+00,-5.000000000000000000e+00,-4.000000000000000000e+00,1.000000000000000000e+00,-4.145986142613651282e+00,7.173401232532730774e+02,2.926907793254221133e+02,1.000000000000000000e+00,9.362100641340491691e-01,9.131388634016517347e-01
1.000000000000000000e+00,-5.000000000000000000e+00,-4.000000000000000000e+00,2.000000000000000000e+00,-9.573775718700403559e-01,7.240610024534310014e+02,3.109510523203161938e+02,1.000000000000000000e+00,9.580748466132957830e-01,9.056843262460453348e-01
1.000000000000000000e+00,-5.000000000000000000e+00,-4.000000000000000000e+00,3.000000000000000000e+00,2.299461149867426002e+00,7.324641402252286753e+02,3.290147899868427430e+02,1.000000000000000000e+00,9.847022708125421353e-01,8.936557692172770739e-01
1.000000000000000000e+00,-5.000000000000000000e+00,-4.000000000000000000e+00,4.000000000000000000e+00,5.606534286281799950e+00,7.425546615715284133e+02,3.470188446070413875e+02,1.000000000000000000e+00,1.016092803016725554e+00,8.775934520544881323e-01
1.000000000000000000e+00,-5.000000000000000000e+00,-4.000000000000000000e+00,5.000000000000000000e+00,8.948397913279563909e+00,7.543559383652664110e+02,3.651064921551738962e+02,1.000000000000000000e+00,1.052223320118868655e+00,8.581604172900832994e-01
1.000000000000000000e+00,-5.000000000000000000e+00,-4.000000000000000000e+00,6.000000000000000000e+00,1.231233039811786512e+01,7.679152696107446445e+02,3.834330987897957925e+02,1.000000000000000000e+00,1.093037733734974148e+00,8.360748382938896217e-01
1.000000000000000000e+00,-5.000000000000000000e+00,-4.000000000000000000e+00,7.000000000000000000e+00,1.568835562985603360e+01,7.833107234002673067e+02,4.021725471063672899e+02,1.000000000000000000e+00,1.138430852463184761e+00,8.120494080736953002e-01
1.000000000000000000e+00,-5.000000000000000000e+00,-3.000000000000000000e+00,0.000000000000000000e+00,-3.357041400282355426e+00,6.665243879304484835e+02,2.502995789542918885e+02,1.000000000000000000e+00,7.827503410470425527e-01,1.001828013242292315e+00
1.000000000000000000e+00,-5.000000000000000000e+00,-3.000000000000000000e+00,1.000000000000000000e+00,-8.761441688517379589e-02,6.734013319014640047e+02,2.690390194977653664e+02,1.000000000000000000e+00,8.045410778946462393e-01,9.985223515211727463e-01
1.000000000000000000e+00,-5.000000000000000000e+00,-3.000000000000000000e+00,2.000000000000000000e+00,3.234106289890718244e+00,6.818723812891591933e+02,2.873211075254999969e+02,1.000000000000000000e+00,8.309276727603437385e-01,9.887983084738503070e-01
1.000000000000000000e+00,-5.000000000000000000e+00,-3.000000000000000000e+00,3.000000000000000000e+00,6.586984515362587445e+00,6.919065314225331349e+02,3.052744119996211793e+02,1.000000000000000000e+00,8.619275629554757900e-01,9.732043462761463815e-01
1.000000000000000000e+00,-5.000000000000000000e+00,-3.000000000000000000e+00,4.000000000000000000e+00,9.953695060933597460e+00,7.034862274688439356e+02,3.230270321570790202e+02,1.000000000000000000e+00,8.975528489869709636e-01,9.525623439844896900e-01
1.000000000000000000e+00,-5.000000000000000000e+00,-3.000000000000000000e+00,5.000000000000000000e+00,1.332070729930850916e+01,7.166125654278934007e+02,3.407113023887117151e+02,1.000000000000000000e+00,9.378096647985973977e-01,9.278565425500442387e-01
1.000000000000000000e+00,-5.000000000000000000e+00,-3.000000000000000000e+00,6.000000000000000000e+00,1.667806845515067948e+01,7.313106879119195582e+02,3.584684660791810416e+02,1.000000000000000000e+00,9.826919699020737475e-01,9.001203180300277884e-01
1.000000000000000000e+00,-5.000000000000000000e+00,-3.000000000000000000e+00,7.000000000000000000e+00,2.001906315531138603e+01,7.476356626021497505e+02,3.764537738823893847e+02,1.000000000000000000e+00,1.032168704894963485e+00,8.703419955489257731e-01
1.000000000000000000e+00,-5.000000000000000000e+00,-3.000000000000000000e+00,8.000000000000000000e+00,2.333981702284344806e+01,7.656793441634835062e+02,3.948425353142781660e+02,1.000000000000000000e+00,1.086162967465045481e+00,8.394004910999500746e-01
1.000000000000000000e+00,-5.000000000000000000e+00,-3.000000000000000000e+00,9.000000000000000000e+00,2.663889693466714448e+01,7.855789663946193286e+02,4.138377921147434790e+02,1.000000000000000000e+00,1.144521502846572503e+00,8.080316057376405459e-01
1.000000000000000000e+00,-5.000000000000000000e+00,-2.000000000000000000e+00,-2.000000000000000000e+00,-3.633267748851039869e+00,6.122554118122726550e+02,1.840480514954564910e+02,1.000000000000000000e+00,6.252772631389729163e-01,1.064464291402899665e+00
1.000000000000000000e+00,-5.000000000000000000e+00,-2.000000000000000000e+00,-1.000000000000000000e+00,-4.022942771015323160e-01,6.185423390074199688e+02,2.050113559196751680e+02,1.000000000000000000e+00,6.443353212842518607e-01,1.076624466318596651e+00
1.000000000000000000e+00,-5.000000000000000000e+00,-2.000000000000000000e+00,0.000000000000000000e+00,2.883778892640094682e+00,6.263919454889943381e+02,2.250648703071183832e+02,1.000000000000000000e+00,6.676374164608521733e-01,1.080771417277309077e+00
1.000000000000000000e+00,-5.000000000000000000e+00,-2.000000000000000000e+00,1.000000000000000000e+00,6.197096247875862218e+00,6.357357890111082952e+02,2.443601197321986831e+02,1.000000000000000000e+00,6.951978237430572749e-01,1.076624466318596651e+00
1.000000000000000000e+00,-5.000000000000000000e+00,-2.000000000000000000e+00,2.000000000000000000e+00,9.515452733433903632e+00,6.465115150964969644e+02,2.630358583893633977e+02,1.000000000000000000e+00,7.270250279596726095e-01,1.064464291402899443e+00
1.000000000000000000e+00,-5.000000000000000000e+00,-2.000000000000000000e+00,3.000000000000000000e+00,1.282208895647494273e+01,6.586693190881219380e+02,2.812240756266908761e+02,1.000000000000000000e+00,7.631329382721950827e-01,1.045081943134225533e+00
1.000000000000000000e+00,-5.000000000000000000e+00,-2.000000000000000000e+00,4.000000000000000000e+00,1.610516796970853193e+01,6.721774034384379775e+02,2.990547577518606204e+02,1.000000000000000000e+00,8.035466161741418034e-01,1.019643209006567908e+00
1.000000000000000000e+00,-5.000000000000000000e+00,-2.000000000000000000e+00,5.000000000000000000e+00,1.935708724150802595e+01,6.870266192123559676e+02,3.166599705144985819e+02,1.000000000000000000e+00,8.483023465795050955e-01,9.895110971109732922e-01
1.000000000000000000e+00,-5.000000000000000000e+00,-2.000000000000000000e+00,6.000000000000000000e+00,2.257374878283482644e+01,7.032346869661860183e+02,3.341777584428316459e+02,1.000000000000000000e+00,8.974418178004582858e-01,9.560739417958751263e-01
1.000000000000000000e+00,-5.000000000000000000e+00,-2.000000000000000000e+00,7.000000000000000000e+00,2.575387060713160281e+01,7.208505250920720755e+02,3.517563192556355602e+02,1.000000000000000000e+00,9.509998990056817147e-01,9.206129245162895103e-01
1.000000000000000000e+00,-5.000000000000000000e+00,-2.000000000000000000e+00,8.000000000000000000e+00,2.889838643790417905e+01,7.399593161559158716e+02,3.695589192077040366e+02,1.000000000000000000e+00,1.008985059080639513e+00,8.842219995396644050e-01
1.000000000000000000e+00,-5.000000000000000000e+00,-2.000000000000000000e+00,9.000000000000000000e+00,3.200995339639709414e+01,7.606890659605195424e+02,3.877700869150991139e+02,1.000000000000000000e+00,1.071350922057846322e+00,8.477760715692075344e-01
1.000000000000000000e+00,-5.000000000000000000e+00,-2.000000000000000000e+00,1.000000000000000000e+01,3.509256999250018794e+01,7.832196144226095385e+02,4.066037856331174112e+02,1.000000000000000000e+00,1.137956882648581525e+00,8.119344187191989137e-01
1.000000000000000000e+00,-5.000000000000000000e+00,-1.000000000000000000e+00,-6.000000000000000000e+00,-5.551721355698816751e+00,5.436618348555422244e+02,4.694644049677566500e+01,1.000000000000000000e+00,4.390233491080818840e-01,9.951080693195578641e-01
1.000000000000000000e+00,-5.000000000000000000e+00,-1.000000000000000000e+00,-5.000000000000000000e+00,-2.841879837508457740e+00,5.482599755535643453e+02,7.685587051436829142e+01,1.000000000000000000e+00,4.531909685651719921e-01,1.032977722129807319e+00
1.000000000000000000e+00,-5.000000000000000000e+00,-1.000000000000000000e+00,-4.000000000000000000e+00,2.803858406244330581e-02,5.542996783412652348e+02,1.044127570604218249e+02,1.000000000000000000e+00,4.704497687519002547e-01,1.067400363205363245e+00
1.000000000000000000e+00,-5.000000000000000000e+00,-1.000000000000000000e+00,-3.000000000000000000e+00,3.005546859660825021e+00,5.617715176986829420e+02,1.300066410314664722e+02,1.000000000000000000e+00,4.910462464764288049e-01,1.096689555803326721e+00
1.000000000000000000e+00,-5.000000000000000000e+00,-1.000000000000000000e+00,-2.000000000000000000e+00,6.046940926059562571e+00,5.706251437491615661e+02,1.539423382662316158e+02,1.000000000000000000e+00,5.151101986567659941e-01,1.119151062088150850e+00
1.000000000000000000e+00,-5.000000000000000000e+00,-1.000000000000000000e+00,-1.000000000000000000e+00,9.117613798829950156e+00,5.807890267001571374e+02,1.764675160187639449e+02,1.000000000000000000e+00,5.427028985690665053e-01,1.133309026706234457e+00
1.000000000000000000e+00,-5.000000000000000000e+00,-1.000000000000000000e+00,0.000000000000000000e+00,1.219157475024309178e+01,5.921860443682826372e+02,1.977913388998557878e+02,1.000000000000000000e+00,5.738541333644273656e-01,1.138149110040370449e+00
1.000000000000000000e+00,-5.000000000000000000e+00,-1.000000000000000000e+00,1.000000000000000000e+00,1.525042117423544141e+01,6.047450161119963923e+02,2.180970860326355023e+02,1.000000000000000000e+00,6.085886746947343218e-01,1.133309026706234457e+00
1.000000000000000000e+00,-5.000000000000000000e+00,-1.000000000000000000e+00,2.000000000000000000e+00,1.828205333763443718e+01,6.184086920439349342e+02,2.375507910291822498e+02,1.000000000000000000e+00,6.469433510149253941e-01,1.119151062088150850e+00
1.000000000000000000e+00,-5.000000000000000000e+00,-1.000000000000000000e+00,3.000000000000000000e+00,2.127936666517177855e+01,6.331390079056928926e+02,2.563073744456821146e+02,1.000000000000000000e+00,6.889762185113370574e-01,1.096689555803326721e+00
1.000000000000000000e+00,-5.000000000000000000e+00,-1.000000000000000000e+00,4.000000000000000000e+00,2.423906878494670991e+01,6.489205156350384414e+02,2.745153106550810662e+02,1.000000000000000000e+00,7.347692420891656084e-01,1.067400363205363245e+00
1.000000000000000000e+00,-5.000000000000000000e+00,-1.000000000000000000e+00,5.000000000000000000e+00,2.716069006597624025e+01,6.657628493936070981e+02,2.923205632185505465e+02,1.000000000000000000e+00,7.844254911595439639e-01,1.032977722129807763e+00
1.000000000000000000e+00,-5.000000000000000000e+00,-1.000000000000000000e+00,6.000000000000000000e+00,3.004580206372344264e+01,6.837029749761801440e+02,3.098703195564167459e+02,1.000000000000000000e+00,8.380612699080175476e-01,9.951080693195583082e-01
1.000000000000000000e+00,-5.000000000000000000e+00,-1.000000000000000000e+00,7.000000000000000000e+00,3.289742784107866669e+01,7.028078687113504657e+02,3.273169435379359697e+02,1.000000000000000000e+00,8.957929426996814604e-01,9.553060913548089284e-01
1.000000000000000000e+00,-5.000000000000000000e+00,-1.000000000000000000e+00,8.000000000000000000e+00,3.571961519046720923e+01,7.231782253699479952e+02,3.448225321629363975e+02,1.000000000000000000e+00,9.577175344261676937e-01,9.148258131498817614e-01
1.000000000000000000e+00,-5.000000000000000000e+00,0.000000000000000000e+00,-5.000000000000000000e+00,1.523692850650991204e+01,4.871608830476799312e+02,3.025788628661996427e+01,1.000000000000000000e+00,3.127196558377227653e-01,1.048791110986527997e+00
1.000000000000000000e+00,-5.000000000000000000e+00,0.000000000000000000e+00,-4.000000000000000000e+00,1.690055999389943509e+01,5.027377449681233657e+02,6.304481066615909413e+01,1.000000000000000000e+00,3.487312219342371677e-01,1.084875232929679134e+00
1.000000000000000000e+00,-5.000000000000000000e+00,0.000000000000000000e+00,-3.000000000000000000e+00,1.878641392002910493e+01,5.180979107690409364e+02,9.268393047266516760e+01,1.000000000000000000e+00,3.851851001037007172e-01,1.115668851524159289e+00
1.000000000000000000e+00,-5.000000000000000000e+00,0.000000000000000000e+00,-2.000000000000000000e+00,2.082157566194339893e+01,5.335403459895298965e+02,1.197770602122550372e+02,1.000000000000000000e+00,4.227662506694722100e-01,1.139342378679061962e+00
1.000000000000000000e+00,-5.000000000000000000e+00,0.000000000000000000e+00,-1.000000000000000000e+00,2.295762322408666023e+01,5.492375910788953206e+02,1.447765636308284058e+02,1.000000000000000000e+00,4.619389269731968839e-01,1.154290922442980261e+00
1.000000000000000000e+00,-5.000000000000000000e+00,0.000000000000000000e+00,0.000000000000000000e+00,2.516175542953530453e+01,5.652971849926551613e+02,1.680389525498227954e+02,1.000000000000000000e+00,5.030499755420528851e-01,1.159406065328042690e+00
1.000000000000000000e+00,-5.000000000000000000e+00,0.000000000000000000e+00,1.000000000000000000e+00,2.741161937602774401e+01,5.817948235325806081e+02,1.898562958360371056e+02,1.000000000000000000e+00,5.463858794885654291e-01,1.154290922442980039e+00
1.000000000000000000e+00,-5.000000000000000000e+00,0.000000000000000000e+00,2.000000000000000000e+00,2.969205990930745998e+01,5.987932470816696195e+02,2.104759519122000597e+02,1.000000000000000000e+00,5.922049192643801252e-01,1.139342378679061962e+00
1.000000000000000000e+00,-5.000000000000000000e+00,0.000000000000000000e+00,3.000000000000000000e+00,3.199297875766609422e+01,6.163535713458737746e+02,2.301137980609846920e+02,1.000000000000000000e+00,6.407547814217234849e-01,1.115668851524159289e+00
1.000000000000000000e+00,-5.000000000000000000e+00,0.000000000000000000e+00,4.000000000000000000e+00,3.430788374767249138e+01,6.345425914789943818e+02,2.489637166812698865e+02,1.000000000000000000e+00,6.922808923979172357e-01,1.084875232929678690e+00
1.000000000000000000e+00,-5.000000000000000000e+00,0.000000000000000000e+00,5.000000000000000000e+00,3.663288911017187388e+01,6.534380579086001717e+02,2.672049172718740238e+02,1.000000000000000000e+00,7.470281037333244001e-01,1.048791110986528219e+00
1.000000000000000000e+00,-4.000000000000000000e+00,-5.000000000000000000e+00,3.000000000000000000e+00,-6.010494673693614232e+00,7.320881859129217446e+02,3.952633452037418920e+02,1.000000000000000000e+00,9.851600506000224300e-01,8.991963601749133339e-01
1.000000000000000000e+00,-4.000000000000000000e+00,-5.000000000000000000e+00,4.000000000000000000e+00,-2.353466439884812189e+00,7.398122271218087462e+02,4.135136155626887557e+02,1.000000000000000000e+00,1.007763188778866725e+00,8.828388841643183271e-01
1.000000000000000000e+00,-4.000000000000000000e+00,-5.000000000000000000e+00,5.000000000000000000e+00,1.367339176803596956e+00,7.493501286302597464e+02,4.321467513827813036e+02,1.000000000000000000e+00,1.035187089566198759e+00,8.630631221950810783e-01
1.000000000000000000e+00,-4.000000000000000000e+00,-5.000000000000000000e+00,6.000000000000000000e+00,5.133219919884652427e+00,7.607463875024614026e+02,4.513343881620087359e+02,1.000000000000000000e+00,1.067317292028369780e+00,8.406066970907724034e-01
1.000000000000000000e+00,-4.000000000000000000e+00,-5.000000000000000000e+00,7.000000000000000000e+00,8.928352532718207613e+00,7.740726580925921780e+02,4.712762360283982730e+02,1.000000000000000000e+00,1.103982982704242666e+00,8.161997888677688939e-01
1.000000000000000000e+00,-4.000000000000000000e+00,-5.000000000000000000e+00,8.000000000000000000e+00,1.274003636763492864e+01,7.894368865616725088e+02,4.922103010727666401e+02,1.000000000000000000e+00,1.144933309502645047e+00,7.905176943115147514e-01
1.000000000000000000e+00,-4.000000000000000000e+00,-4.000000000000000000e+00,3.000000000000000000e+00,-3.506997319462726637e+00,6.846319328463616785e+02,3.706504456458667391e+02,1.000000000000000000e+00,8.430895088518766123e-01,1.007920025980871825e+00
1.000000000000000000e+00,-4.000000000000000000e+00,-4.000000000000000000e+00,4.000000000000000000e+00,3.825982509350183136e-01,6.935769662965672069e+02,3.882372055086003115e+02,1.000000000000000000e+00,8.696750844681364612e-01,9.850417624850430487e-01
1.000000000000000000e+00,-4.000000000000000000e+00,-4.000000000000000000e+00,5.000000000000000000e+00,4.292953847954407820e+00,7.042290061823766791e+02,4.060370904329748782e+02,1.000000000000000000e+00,9.011412281889207287e-01,9.577945028864702781e-01
1.000000000000000000e+00,-4.000000000000000000e+00,-4.000000000000000000e+00,6.000000000000000000e+00,8.204680923788231439e+00,7.165964288166801452e+02,4.241947352731226601e+02,1.000000000000000000e+00,9.374179200522517741e-01,9.273744547201294708e-01
1.000000000000000000e+00,-4.000000000000000000e+00,-4.000000000000000000e+00,7.000000000000000000e+00,1.210291307161685381e+01,7.307124184942284728e+02,4.428764753209662786e+02,1.000000000000000000e+00,9.784065511875248422e-01,8.949064134435659179e-01
1.000000000000000000e+00,-4.000000000000000000e+00,-4.000000000000000000e+00,8.000000000000000000e+00,1.597712956935339434e+01,7.466428766524436469e+02,4.622777561990193931e+02,1.000000000000000000e+00,1.023962201552818918e+00,8.613715276165860857e-01
1.000000000000000000e+00,-4.000000000000000000e+00,-4.000000000000000000e+00,9.000000000000000000e+00,1.982080256453104994e+01,7.644958398714894656e+02,4.826327938537822320e+02,1.000000000000000000e+00,1.073866523612055479e+00,8.275735894045902485e-01
1.000000000000000000e+00,-4.000000000000000000e+00,-4.000000000000000000e+00,1.000000000000000000e+01,2.363095856831887431e+01,7.844334122216291689e+02,5.042277104863188697e+02,1.000000000000000000e+00,1.127789134021113693e+00,7.941351948172242770e-01
1.000000000000000000e+00,-4.000000000000000000e+00,-3.000000000000000000e+00,2.000000000000000000e+00,-3.243249282203294115e+00,6.350105612871204812e+02,3.295513291672580749e+02,1.000000000000000000e+00,6.981615596570134308e-01,1.150891484959664091e+00
1.000000000000000000e+00,-4.000000000000000000e+00,-3.000000000000000000e+00,3.000000000000000000e+00,8.324764501321624266e-01,6.440783388042776778e+02,3.468892228609431072e+02,1.000000000000000000e+00,7.244020279113739802e-01,1.126506103474143483e+00
1.000000000000000000e+00,-4.000000000000000000e+00,-3.000000000000000000e+00,4.000000000000000000e+00,4.890966365105384739e+00,6.547768902829817534e+02,3.641718524109624013e+02,1.000000000000000000e+00,7.554735540529740057e-01,1.094831744208387247e+00
1.000000000000000000e+00,-4.000000000000000000e+00,-3.000000000000000000e+00,5.000000000000000000e+00,8.910809584224097080e+00,6.670603353583383068e+02,3.815150009019532149e+02,1.000000000000000000e+00,7.913177899968064644e-01,1.057778690001951238e+00
1.000000000000000000e+00,-4.000000000000000000e+00,-3.000000000000000000e+00,6.000000000000000000e+00,1.287723958314745687e+01,6.809044731072697232e+02,3.990478020799913565e+02,1.000000000000000000e+00,8.318810162733211166e-01,1.017222387008036133e+00
1.000000000000000000e+00,-4.000000000000000000e+00,-3.000000000000000000e+00,7.000000000000000000e+00,1.678134148187527330e+01,6.963132467974400015e+02,4.169172074203388547e+02,1.000000000000000000e+00,8.771072901878266270e-01,9.748202101064710190e-01
1.000000000000000000e+00,-4.000000000000000000e+00,-3.000000000000000000e+00,8.000000000000000000e+00,2.061910576028975584e+01,7.133251618362728550e+02,4.352934344691050228e+02,1.000000000000000000e+00,9.269238024808518217e-01,9.319191519494189890e-01
1.000000000000000000e+00,-4.000000000000000000e+00,-3.000000000000000000e+00,9.000000000000000000e+00,2.439048289252258428e+01,7.320203925984055786e+02,4.543770776743841111e+02,1.000000000000000000e+00,9.812171137727776493e-01,8.895375226241776234e-01
1.000000000000000000e+00,-4.000000000000000000e+00,-3.000000000000000000e+00,1.000000000000000000e+01,2.809853556388318907e+01,7.525295836596264962e+02,4.744087840789261463e+02,1.000000000000000000e+00,1.039798502615775222e+00,8.483934930231314953e-01
1.000000000000000000e+00,-4.000000000000000000e+00,-3.000000000000000000e+00,1.100000000000000000e+01,3.174873763493371825e+01,7.750457073604803782e+02,4.956827842239301845e+02,1.000000000000000000e+00,1.102356165369876351e+00,8.089557540334945118e-01
1.000000000000000000e+00,-4.000000000000000000e+00,-2.000000000000000000e+00,0.000000000000000000e+00,-5.137768627828023682e+00,5.806759157600556591e+02,2.696693299746347066e+02,1.000000000000000000e+00,5.481423756847761952e-01,1.303765941166156406e+00
1.000000000000000000e+00,-4.000000000000000000e+00,-2.000000000000000000e+00,1.000000000000000000e+00,-8.621341154740775892e-01,5.889451568449924252e+02,2.878838140493934930e+02,1.000000000000000000e+00,5.705318715186362688e-01,1.296505021736512830e+00
1.000000000000000000e+00,-4.000000000000000000e+00,-2.000000000000000000e+00,2.000000000000000000e+00,3.365128683880840299e+00,5.988983737846014037e+02,3.056910794995349647e+02,1.000000000000000000e+00,5.976820022049469383e-01,1.275429173815151307e+00
1.000000000000000000e+00,-4.000000000000000000e+00,-2.000000000000000000e+00,3.000000000000000000e+00,7.515273256519293454e+00,6.104151342962541094e+02,3.231883685271378113e+02,1.000000000000000000e+00,6.294651624887236396e-01,1.242477119971895139e+00
1.000000000000000000e+00,-4.000000000000000000e+00,-2.000000000000000000e+00,4.000000000000000000e+00,1.157040322996306259e+01,6.233942889058898800e+02,3.404792203459080611e+02,1.000000000000000000e+00,6.657805038068279613e-01,1.200359332483796004e+00
1.000000000000000000e+00,-4.000000000000000000e+00,-2.000000000000000000e+00,5.000000000000000000e+00,1.552155816471795902e+01,6.377613908141213415e+02,3.576762725670022860e+02,1.000000000000000000e+00,7.065605267602945716e-01,1.152015850211526748e+00
1.000000000000000000e+00,-4.000000000000000000e+00,-2.000000000000000000e+00,6.000000000000000000e+00,1.936665099827305880e+01,6.534737866368895993e+02,3.749038987125469475e+02,1.000000000000000000e+00,7.517697581331437284e-01,1.100172951081847428e+00
1.000000000000000000e+00,-4.000000000000000000e+00,-2.000000000000000000e+00,7.000000000000000000e+00,2.310858506603577212e+01,6.705243333502100995e+02,3.923012440387180959e+02,1.000000000000000000e+00,8.013959934586265543e-01,1.047083691456857757e+00
1.000000000000000000e+00,-4.000000000000000000e+00,-2.000000000000000000e+00,8.000000000000000000e+00,2.675370368267314802e+01,6.889447842106289954e+02,4.100261777774227312e+02,1.000000000000000000e+00,8.554341920053291082e-01,9.944430284392177244e-01
1.000000000000000000e+00,-4.000000000000000000e+00,-2.000000000000000000e+00,9.000000000000000000e+00,3.031060641616909379e+01,7.088098683192525868e+02,4.282607028801543265e+02,1.000000000000000000e+00,9.138623934100605917e-01,9.434208537025992047e-01
1.000000000000000000e+00,-4.000000000000000000e+00,-2.000000000000000000e+00,1.000000000000000000e+01,3.378930172972687274e+01,7.302431002004873335e+02,4.472184892820714026e+02,1.000000000000000000e+00,9.766081795712270308e-01,8.947525188540309538e-01
1.000000000000000000e+00,-4.000000000000000000e+00,-2.000000000000000000e+00,1.100000000000000000e+01,3.720064008835569780e+01,7.534254977883877018e+02,4.671554641583284138e+02,1.000000000000000000e+00,1.043503374563565123e+00,8.488435895980965817e-01
1.000000000000000000e+00,-4.000000000000000000e+00,-1.000000000000000000e+00,-2.000000000000000000e+00,-3.815344194670728939e+00,5.261223900830034381e+02,2.030490975415973764e+02,1.000000000000000000e+00,4.100500648367327305e-01,1.372840499188007435e+00
1.000000000000000000e+00,-4.000000000000000000e+00,-1.000000000000000000e+00,-1.000000000000000000e+00,6.202012248995174559e-01,5.346481200279923769e+02,2.236790546413307368e+02,1.000000000000000000e+00,4.311111254540435644e-01,1.399227920662430291e+00
1.000000000000000000e+00,-4.000000000000000000e+00,-1.000000000000000000e+00,0.000000000000000000e+00,4.941949121577238202e+00,5.449676941378410220e+02,2.434870259416763929e+02,1.000000000000000000e+00,4.568411084433925407e-01,1.408367728158291143e+00
1.000000000000000000e+00,-4.000000000000000000e+00,-1.000000000000000000e+00,1.000000000000000000e+00,9.119713353873606820e+00,5.568648629726171748e+02,2.625747273854752279e+02,1.000000000000000000e+00,4.869704439808053009e-01,1.399227920662430291e+00
1.000000000000000000e+00,-4.000000000000000000e+00,-1.000000000000000000e+00,2.000000000000000000e+00,1.314073996153280177e+01,5.701515717672112942e+02,2.810470084425393793e+02,1.000000000000000000e+00,5.212771611261644011e-01,1.372840499188007657e+00
1.000000000000000000e+00,-4.000000000000000000e+00,-1.000000000000000000e+00,3.000000000000000000e+00,1.700458649421727841e+01,5.846782231598825774e+02,2.990141485245180206e+02,1.000000000000000000e+00,5.596047598615309093e-01,1.331995643006894436e+00
1.000000000000000000e+00,-4.000000000000000000e+00,-1.000000000000000000e+00,4.000000000000000000e+00,2.071867378118216152e+01,6.003374057404564610e+02,3.165928413398247585e+02,1.000000000000000000e+00,6.018663029892835636e-01,1.280488897659129321e+00
1.000000000000000000e+00,-4.000000000000000000e+00,-1.000000000000000000e+00,5.000000000000000000e+00,2.429492638610770427e+01,6.170639024606064140e+02,3.339069654891549135e+02,1.000000000000000000e+00,6.480392057297500452e-01,1.222281502192820390e+00
1.000000000000000000e+00,-4.000000000000000000e+00,-1.000000000000000000e+00,6.000000000000000000e+00,2.774747090752575218e+01,6.348332433144914830e+02,3.510888054788222803e+02,1.000000000000000000e+00,6.981539383547500366e-01,1.160874775926973079e+00
1.000000000000000000e+00,-4.000000000000000000e+00,-1.000000000000000000e+00,7.000000000000000000e+00,3.109118095853204977e+01,6.536603543545445518e+02,3.682811152060021982e+02,1.000000000000000000e+00,7.522782307633804066e-01,1.099003409752439708e+00
1.000000000000000000e+00,-4.000000000000000000e+00,-1.000000000000000000e+00,8.000000000000000000e+00,3.434083099639929060e+01,6.735993073218343170e+02,3.856403067440569430e+02,1.000000000000000000e+00,8.104969092271193665e-01,1.038592337459055548e+00
1.000000000000000000e+00,-4.000000000000000000e+00,-1.000000000000000000e+00,9.000000000000000000e+00,3.751065896293511059e+01,6.947448725687644355e+02,4.033410684248343614e+02,1.000000000000000000e+00,8.728863120859983171e-01,9.808645154941760813e-01
1.000000000000000000e+00,-4.000000000000000000e+00,0.000000000000000000e+00,-6.000000000000000000e+00,-3.103451287744121601e+00,4.434460075972809818e+02,6.360757964345071969e+01,1.000000000000000000e+00,2.247285315893610413e-01,1.183456329609615443e+00
1.000000000000000000e+00,-4.000000000000000000e+00,0.000000000000000000e+00,-5.000000000000000000e+00,1.223207214079792493e+00,4.513565539185040052e+02,9.332882607768414118e+01,1.000000000000000000e+00,2.417880157983403333e-01,1.248723795845207984e+00
1.000000000000000000e+00,-4.000000000000000000e+00,0.000000000000000000e+00,-4.000000000000000000e+00,5.404029229097517373e+00,4.615125744896212154e+02,1.210255633814045382e+02,1.000000000000000000e+00,2.636686892899132717e-01,1.310988888733160440e+00
1.000000000000000000e+00,-4.000000000000000000e+00,0.000000000000000000e+00,-3.000000000000000000e+00,9.384401109267997754e+00,4.735310160453821027e+02,1.469047918084269213e+02,1.000000000000000000e+00,2.898784269069136221e-01,1.366427981428208094e+00
1.000000000000000000e+00,-4.000000000000000000e+00,0.000000000000000000e+00,-2.000000000000000000e+00,1.315137011492305419e+01,4.870418200073680168e+02,1.711512548038150499e+02,1.000000000000000000e+00,3.199174266392992294e-01,1.410630558812735691e+00
1.000000000000000000e+00,-4.000000000000000000e+00,0.000000000000000000e+00,-1.000000000000000000e+00,1.671544150970149190e+01,5.017373290647228714e+02,1.939441464619089288e+02,1.000000000000000000e+00,3.533761619362179585e-01,1.439304050665063839e+00
1.000000000000000000e+00,-4.000000000000000000e+00,0.000000000000000000e+00,0.000000000000000000e+00,2.009764848814938887e+01,5.173853535792892444e+02,2.154604880079996008e+02,1.000000000000000000e+00,3.899676735162900254e-01,1.449257581660053473e+00
1.000000000000000000e+00,-4.000000000000000000e+00,0.000000000000000000e+00,1.000000000000000000e+00,2.332207476763372256e+01,5.338241384222213810e+02,2.358739647264696089e+02,1.000000000000000000e+00,4.295251783755669739e-01,1.439304050665063617e+00
1.000000000000000000e+00,-4.000000000000000000e+00,0.000000000000000000e+00,2.000000000000000000e+00,2.641216246396527367e+01,5.509513357731990482e+02,2.553533697158439963e+02,1.000000000000000000e+00,4.719861176801239955e-01,1.410630558812735691e+00
1.000000000000000000e+00,-4.000000000000000000e+00,0.000000000000000000e+00,3.000000000000000000e+00,2.938919877537134084e+01,5.687129097179889641e+02,2.740620365332163715e+02,1.000000000000000000e+00,5.173732499455491185e-01,1.366427981428208094e+00
1.000000000000000000e+00,-4.000000000000000000e+00,0.000000000000000000e+00,4.000000000000000000e+00,3.227191401250195213e+01,5.870941908269965097e+02,2.921584560096239329e+02,1.000000000000000000e+00,5.657767971285139197e-01,1.310988888733160440e+00
1.000000000000000000e+00,-4.000000000000000000e+00,0.000000000000000000e+00,5.000000000000000000e+00,3.507658776761900299e+01,6.061135792241134368e+02,3.097979183494923063e+02,1.000000000000000000e+00,6.173383383692350179e-01,1.248723795845207984e+00
1.000000000000000000e+00,-4.000000000000000000e+00,0.000000000000000000e+00,6.000000000000000000e+00,3.781735371628133180e+01,6.258187711521146639e+02,3.271350083176334920e+02,1.000000000000000000e+00,6.722356651227323621e-01,1.183456329609615443e+00
1.000000000000000000e+00,-3.000000000000000000e+00,-6.000000000000000000e+00,5.000000000000000000e+00,-4.483151235284253744e+00,7.573310314985659488e+02,5.025545205265975710e+02,1.000000000000000000e+00,1.049089669389154489e+00,8.325451425038716824e-01
1.000000000000000000e+00,-3.000000000000000000e+00,-6.000000000000000000e+00,6.000000000000000000e+00,-4.188291557931052012e-01,7.666312529592465808e+02,5.237047084566945614e+02,1.000000000000000000e+00,1.071588408881990473e+00,8.123333170058041341e-01
1.000000000000000000e+00,-3.000000000000000000e+00,-6.000000000000000000e+00,7.000000000000000000e+00,3.710752179882604196e+00,7.779669866530063018e+02,5.460732168868611325e+02,1.000000000000000000e+00,1.098242829108694973e+00,7.902442160682969785e-01
1.000000000000000000e+00,-3.000000000000000000e+00,-5.000000000000000000e+00,5.000000000000000000e+00,-3.107026107925548786e+00,7.042465672948776501e+02,4.723988421155645483e+02,1.000000000000000000e+00,8.966112923930321665e-01,9.389762637526227751e-01
1.000000000000000000e+00,-3.000000000000000000e+00,-5.000000000000000000e+00,6.000000000000000000e+00,1.232400599602328839e+00,7.142072009189810160e+02,4.918665258537568548e+02,1.000000000000000000e+00,9.236651376983602280e-01,9.102615748025074671e-01
1.000000000000000000e+00,-3.000000000000000000e+00,-5.000000000000000000e+00,7.000000000000000000e+00,5.590818868193423441e+00,7.260420225286229652e+02,5.122187859010158490e+02,1.000000000000000000e+00,9.553013110892387694e-01,8.794995781699922466e-01
1.000000000000000000e+00,-3.000000000000000000e+00,-5.000000000000000000e+00,8.000000000000000000e+00,9.948757081676660619e+00,7.398157372039399888e+02,5.337007260968131277e+02,1.000000000000000000e+00,9.912806157518468941e-01,8.476066256816278122e-01
1.000000000000000000e+00,-3.000000000000000000e+00,-5.000000000000000000e+00,9.000000000000000000e+00,1.429174191958122719e+01,7.556318390398046176e+02,5.566144513972194545e+02,1.000000000000000000e+00,1.031271053395132142e+00,8.153437997637245083e-01
1.000000000000000000e+00,-3.000000000000000000e+00,-5.000000000000000000e+00,1.000000000000000000e+01,1.861021205141685186e+01,7.736464422167671273e+02,5.813388729582159158e+02,1.000000000000000000e+00,1.074809435467731555e+00,7.833098497928979720e-01
1.000000000000000000e+00,-3.000000000000000000e+00,-4.000000000000000000e+00,4.000000000000000000e+00,-4.791560824677105757e+00,6.497603914008807351e+02,4.277467942997462842e+02,1.000000000000000000e+00,7.401612899741526475e-01,1.102768097972048444e+00
1.000000000000000000e+00,-3.000000000000000000e+00,-4.000000000000000000e+00,5.000000000000000000e+00,-1.751041934998056604e-01,6.592610651385602978e+02,4.456167068499759125e+02,1.000000000000000000e+00,7.667716177376201481e-01,1.064931035226127642e+00
1.000000000000000000e+00,-3.000000000000000000e+00,-4.000000000000000000e+00,6.000000000000000000e+00,4.418243657772109145e+00,6.705167389985231239e+02,4.639570783863262022e+02,1.000000000000000000e+00,7.982648062866292138e-01,1.023578328183615938e+00
1.000000000000000000e+00,-3.000000000000000000e+00,-4.000000000000000000e+00,7.000000000000000000e+00,8.964476533623098931e+00,6.835173952071476151e+02,4.829344707515834330e+02,1.000000000000000000e+00,8.345060966589635809e-01,9.804097093961567921e-01
1.000000000000000000e+00,-3.000000000000000000e+00,-4.000000000000000000e+00,8.000000000000000000e+00,1.344716000809540901e+01,6.982806557359268709e+02,5.027487070865003602e+02,1.000000000000000000e+00,8.753287628210707494e-01,9.367990644523446209e-01
1.000000000000000000e+00,-3.000000000000000000e+00,-4.000000000000000000e+00,9.000000000000000000e+00,1.785671265811888020e+01,7.148611861549029527e+02,5.236427566737353345e+02,1.000000000000000000e+00,9.205138262488009593e-01,8.937785055830349545e-01
1.000000000000000000e+00,-3.000000000000000000e+00,-4.000000000000000000e+00,1.000000000000000000e+01,2.218945561707764114e+01,7.333614717222021682e+02,5.459163100295858158e+02,1.000000000000000000e+00,9.697585050023482811e-01,8.520704173945776727e-01
1.000000000000000000e+00,-3.000000000000000000e+00,-4.000000000000000000e+00,1.100000000000000000e+01,2.644662069206668775e+01,7.539453311623622085e+02,5.699450161648843505e+02,1.000000000000000000e+00,1.022631145920486428e+00,8.121414942069452580e-01
1.000000000000000000e+00,-3.000000000000000000e+00,-4.000000000000000000e+00,1.200000000000000000e+01,3.063344838306699103e+01,7.768562865268426094e+02,5.962084488923053414e+02,1.000000000000000000e+00,1.078510258204580019e+00,7.742610374826970343e-01
1.000000000000000000e+00,-3.000000000000000000e+00,-3.000000000000000000e+00,3.000000000000000000e+00,-5.067452866306837223e+00,6.003451362738020407e+02,3.862783557645954033e+02,1.000000000000000000e+00,6.026058899499273647e-01,1.313389016646723917e+00
1.000000000000000000e+00,-3.000000000000000000e+00,-3.000000000000000000e+00,4.000000000000000000e+00,-1.124906679189052738e-01,6.101281679678600085e+02,4.034353783957207042e+02,1.000000000000000000e+00,6.291742739769579096e-01,1.263932178192650913e+00
1.000000000000000000e+00,-3.000000000000000000e+00,-3.000000000000000000e+00,5.000000000000000000e+00,4.750600846725689053e+00,6.216288118915039149e+02,4.207610797135387202e+02,1.000000000000000000e+00,6.606949449381961381e-01,1.207856812127471535e+00
1.000000000000000000e+00,-3.000000000000000000e+00,-3.000000000000000000e+00,6.000000000000000000e+00,9.496493931588332771e+00,6.347653903973262004e+02,4.383789007943536831e+02,1.000000000000000000e+00,6.970262371298401316e-01,1.148495370155448336e+00
1.000000000000000000e+00,-3.000000000000000000e+00,-3.000000000000000000e+00,7.000000000000000000e+00,1.411147625148410611e+01,6.494840415149708406e+02,4.564345793879580242e+02,1.000000000000000000e+00,7.380383160240092666e-01,1.088482344286419323e+00
1.000000000000000000e+00,-3.000000000000000000e+00,-3.000000000000000000e+00,8.000000000000000000e+00,1.859118313069075157e+01,6.657664104921559556e+02,4.751012724212679359e+02,1.000000000000000000e+00,7.836051000092179031e-01,1.029699031862462144e+00
1.000000000000000000e+00,-3.000000000000000000e+00,-3.000000000000000000e+00,9.000000000000000000e+00,2.293831830086759282e+01,6.836364817224733770e+02,4.945864663453936600e+02,1.000000000000000000e+00,8.335861194848623867e-01,9.733628688909063964e-01
1.000000000000000000e+00,-3.000000000000000000e+00,-3.000000000000000000e+00,1.000000000000000000e+01,2.716065919466529976e+01,7.031677998258318212e+02,5.151416776697282103e+02,1.000000000000000000e+00,8.877973401146714849e-01,9.201727498668393901e-01
1.000000000000000000e+00,-3.000000000000000000e+00,-3.000000000000000000e+00,1.100000000000000000e+01,3.126947095258003628e+01,7.244925765165899065e+02,5.370763165374083883e+02,1.000000000000000000e+00,9.459693412290327563e-01,8.704553732588061754e-01
1.000000000000000000e+00,-3.000000000000000000e+00,-3.000000000000000000e+00,1.200000000000000000e+01,3.527834379936888354e+01,7.478145425840748430e+02,5.607777646395815054e+02,1.000000000000000000e+00,1.007690538818082349e+00,8.242877789139528844e-01
1.000000000000000000e+00,-3.000000000000000000e+00,-2.000000000000000000e+00,2.000000000000000000e+00,-3.151627685656080757e+00,5.543264350218435084e+02,3.455224458267526302e+02,1.000000000000000000e+00,4.820243368607056711e-01,1.568571503429651903e+00
1.000000000000000000e+00,-3.000000000000000000e+00,-2.000000000000000000e+00,3.000000000000000000e+00,2.159604753694821966e+00,5.651922222178587845e+02,3.626893669676227887e+02,1.000000000000000000e+00,5.097525343499859085e-01,1.508457484862359754e+00
1.000000000000000000e+00,-3.000000000000000000e+00,-2.000000000000000000e+00,4.000000000000000000e+00,7.262517009293475212e+00,5.777505107611891617e+02,3.797662900190133541e+02,1.000000000000000000e+00,5.423553479779004149e-01,1.434837080645533502e+00
1.000000000000000000e+00,-3.000000000000000000e+00,-2.000000000000000000e+00,5.000000000000000000e+00,1.214262469906981323e+01,5.918363080995014798e+02,3.968528641037258353e+02,1.000000000000000000e+00,5.796049825208754447e-01,1.354321388342073496e+00
1.000000000000000000e+00,-3.000000000000000000e+00,-2.000000000000000000e+00,6.000000000000000000e+00,1.680126437136144091e+01,6.073266488068469471e+02,4.140667049441445897e+02,1.000000000000000000e+00,6.213328259942477727e-01,1.272170323036664552e+00
1.000000000000000000e+00,-3.000000000000000000e+00,-2.000000000000000000e+00,7.000000000000000000e+00,2.125007587010409793e+01,6.241451628083016203e+02,4.315452669966274470e+02,1.000000000000000000e+00,6.674248885762487093e-01,1.192005932987187267e+00
1.000000000000000000e+00,-3.000000000000000000e+00,-2.000000000000000000e+00,8.000000000000000000e+00,2.550670497710891027e+01,6.422638930052362412e+02,4.494488544527863496e+02,1.000000000000000000e+00,7.178070430648227918e-01,1.116007197997256117e+00
1.000000000000000000e+00,-3.000000000000000000e+00,-2.000000000000000000e+00,9.000000000000000000e+00,2.959178992939897057e+01,6.617045223084858208e+02,4.679654205514988234e+02,1.000000000000000000e+00,7.724216699718887691e-01,1.045278254929294715e+00
1.000000000000000000e+00,-3.000000000000000000e+00,-2.000000000000000000e+00,1.000000000000000000e+01,3.352702605337856312e+01,6.825407015207210861e+02,4.873178448724198688e+02,1.000000000000000000e+00,8.311957348661546119e-01,9.802073651435532220e-01
1.000000000000000000e+00,-3.000000000000000000e+00,-2.000000000000000000e+00,1.100000000000000000e+01,3.733403511314187995e+01,7.049028885063743246e+02,5.077746170507681995e+02,1.000000000000000000e+00,8.939988420283193626e-01,9.207471080274692854e-01
1.000000000000000000e+00,-3.000000000000000000e+00,-1.000000000000000000e+00,0.000000000000000000e+00,-3.363729132185966364e+00,4.997216631477547253e+02,2.850865069454896457e+02,1.000000000000000000e+00,3.504633295332518217e-01,1.838469701643683729e+00
1.000000000000000000e+00,-3.000000000000000000e+00,-1.000000000000000000e+00,1.000000000000000000e+00,2.520578728281037684e+00,5.108749615322660134e+02,3.034305198337393108e+02,1.000000000000000000e+00,3.763261778445753936e-01,1.818276712254363048e+00
1.000000000000000000e+00,-3.000000000000000000e+00,-1.000000000000000000e+00,2.000000000000000000e+00,8.010568579874615125e+00,5.239087746164708506e+02,3.213371266109678004e+02,1.000000000000000000e+00,4.072035579010853668e-01,1.761469711820365935e+00
1.000000000000000000e+00,-3.000000000000000000e+00,-1.000000000000000000e+00,3.000000000000000000e+00,1.311307993812334871e+01,5.384911430379996773e+02,3.388781545152849048e+02,1.000000000000000000e+00,4.426061151434824148e-01,1.677579597363107577e+00
1.000000000000000000e+00,-3.000000000000000000e+00,-1.000000000000000000e+00,4.000000000000000000e+00,1.785927227264807016e+01,5.543695148811669924e+02,3.561461749426894698e+02,1.000000000000000000e+00,4.821831122532294622e-01,1.578012099998020501e+00
1.000000000000000000e+00,-3.000000000000000000e+00,-1.000000000000000000e+00,5.000000000000000000e+00,2.229067068205185365e+01,5.713692556351712710e+02,3.732514622482523237e+02,1.000000000000000000e+00,5.257158436418878367e-01,1.472727385493022956e+00
1.000000000000000000e+00,-3.000000000000000000e+00,-1.000000000000000000e+00,6.000000000000000000e+00,2.645084294326446184e+01,5.893852894337414909e+02,3.903200208894776893e+02,1.000000000000000000e+00,5.730964949543064790e-01,1.368778946962248888e+00
1.000000000000000000e+00,-3.000000000000000000e+00,-1.000000000000000000e+00,7.000000000000000000e+00,3.038114157539405369e+01,6.083727714257361185e+02,4.074933848016656270e+02,1.000000000000000000e+00,6.243015336788284575e-01,1.270363002570064292e+00
1.000000000000000000e+00,-3.000000000000000000e+00,-1.000000000000000000e+00,8.000000000000000000e+00,3.411893136159761752e+01,6.283396460165356530e+02,4.249303860336794969e+02,1.000000000000000000e+00,6.793631519044299738e-01,1.179523130928754604e+00
1.000000000000000000e+00,-3.000000000000000000e+00,-1.000000000000000000e+00,9.000000000000000000e+00,3.769717342700403151e+01,6.493422425064749177e+02,4.428110032081022496e+02,1.000000000000000000e+00,7.383388186878567794e-01,1.096916416295262042e+00
1.000000000000000000e+00,-3.000000000000000000e+00,0.000000000000000000e+00,-3.000000000000000000e+00,-3.433744318472378154e+00,4.304533444235607931e+02,1.941441156516457056e+02,1.000000000000000000e+00,2.017165068843820297e-01,1.747985184977546735e+00
1.000000000000000000e+00,-3.000000000000000000e+00,0.000000000000000000e+00,-2.000000000000000000e+00,3.653219186797059592e+00,4.411586993226435993e+02,2.163640937039736798e+02,1.000000000000000000e+00,2.235162267954704518e-01,1.843511800489819663e+00
1.000000000000000000e+00,-3.000000000000000000e+00,0.000000000000000000e+00,-1.000000000000000000e+00,9.818149080397603257e+00,4.547085870001252488e+02,2.376877573968446598e+02,1.000000000000000000e+00,2.516855120169156912e-01,1.908936843350028223e+00
1.000000000000000000e+00,-3.000000000000000000e+00,0.000000000000000000e+00,0.000000000000000000e+00,1.518504137380105590e+01,4.702197094713603747e+02,2.580985832022042246e+02,1.000000000000000000e+00,2.848031849254649139e-01,1.932343442213404483e+00
1.000000000000000000e+00,-3.000000000000000000e+00,0.000000000000000000e+00,1.000000000000000000e+00,1.991437067611283851e+01,4.870723591774570309e+02,2.776514044280585267e+02,1.000000000000000000e+00,3.218925358126227820e-01,1.908936843350028223e+00
1.000000000000000000e+00,-3.000000000000000000e+00,0.000000000000000000e+00,2.000000000000000000e+00,2.415054754272622972e+01,5.048714712750127092e+02,2.964465962814532531e+02,1.000000000000000000e+00,3.623619701421372241e-01,1.843511800489819663e+00
1.000000000000000000e+00,-3.000000000000000000e+00,0.000000000000000000e+00,3.000000000000000000e+00,2.800875960785171515e+01,5.233838816505148088e+02,3.146093712637715498e+02,1.000000000000000000e+00,4.059017355485846634e-01,1.747985184977547179e+00
1.000000000000000000e+00,-3.000000000000000000e+00,0.000000000000000000e+00,4.000000000000000000e+00,3.157692644603724830e+01,5.424869139991317297e+02,3.322775168071948428e+02,1.000000000000000000e+00,4.523962276275360628e-01,1.636183557089753160e+00
1.000000000000000000e+00,-3.000000000000000000e+00,0.000000000000000000e+00,5.000000000000000000e+00,3.492140940878073252e+01,5.621334215571524737e+02,3.495956242508867717e+02,1.000000000000000000e+00,5.018610019086490182e-01,1.519676154516218958e+00
1.000000000000000000e+00,-3.000000000000000000e+00,0.000000000000000000e+00,6.000000000000000000e+00,3.809253484153953195e+01,5.823299832331601920e+02,3.667135245777839145e+02,1.000000000000000000e+00,5.543989295899115488e-01,1.406225373169722070e+00
1.000000000000000000e+00,-2.000000000000000000e+00,-7.000000000000000000e+00,6.000000000000000000e+00,-4.085836764694192880e+00,7.863122455727664146e+02,6.079192610537611472e+02,1.000000000000000000e+00,1.100145226960321576e+00,7.600113892296002094e-01
1.000000000000000000e+00,-2.000000000000000000e+00,-6.000000000000000000e+00,6.000000000000000000e+00,-3.869877394316858954e+00,7.242483984091503544e+02,5.671615142244457957e+02,1.000000000000000000e+00,9.384087250581377715e-01,8.554104903955139783e-01
1.000000000000000000e+00,-2.000000000000000000e+00,-6.000000000000000000e+00,7.000000000000000000e+00,8.438933998194784181e-01,7.336575747887092120e+02,5.906738287356887440e+02,1.000000000000000000e+00,9.588902244449726275e-01,8.297306096053840285e-01
1.000000000000000000e+00,-2.000000000000000000e+00,-6.000000000000000000e+00,8.000000000000000000e+00,5.607183601950112006e+00,7.451129796816386488e+02,6.159679875376210703e+02,1.000000000000000000e+00,9.830508119553376112e-01,8.027920160645111158e-01
1.000000000000000000e+00,-2.000000000000000000e+00,-6.000000000000000000e+00,9.000000000000000000e+00,1.039816583674843287e+01,7.587366859094051961e+02,6.434904189766402851e+02,1.000000000000000000e+00,1.010377255551470732e+00,7.752206824590968104e-01
1.000000000000000000e+00,-2.000000000000000000e+00,-6.000000000000000000e+00,1.000000000000000000e+01,1.520031785681746328e+01,7.747046537692336869e+02,6.738185947978435024e+02,1.000000000000000000e+00,1.040180128211901422e+00,7.475323157857365342e-01
1.000000000000000000e+00,-2.000000000000000000e+00,-5.000000000000000000e+00,6.000000000000000000e+00,-2.295053956759687708e+00,6.720713566080589771e+02,5.336778375045843177e+02,1.000000000000000000e+00,7.951883830841774969e-01,9.721553230522655964e-01
1.000000000000000000e+00,-2.000000000000000000e+00,-5.000000000000000000e+00,7.000000000000000000e+00,2.763443112215838937e+00,6.823170034259567274e+02,5.549357250229700185e+02,1.000000000000000000e+00,8.210117299272132740e-01,9.349440001928362998e-01
1.000000000000000000e+00,-2.000000000000000000e+00,-5.000000000000000000e+00,8.000000000000000000e+00,7.801960254091397928e+00,6.944716240845940547e+02,5.775080999046394936e+02,1.000000000000000000e+00,8.511069573160151558e-01,8.968968387807012554e-01
1.000000000000000000e+00,-2.000000000000000000e+00,-5.000000000000000000e+00,9.000000000000000000e+00,1.279729691313696094e+01,7.085908539541612754e+02,6.017276156407458529e+02,1.000000000000000000e+00,8.851147801666868764e-01,8.589278787507907964e-01
1.000000000000000000e+00,-2.000000000000000000e+00,-5.000000000000000000e+00,1.000000000000000000e+01,1.773431675401135976e+01,7.247731020764447294e+02,6.280163760412274314e+02,1.000000000000000000e+00,9.225551413122811129e-01,8.217147372984512366e-01
1.000000000000000000e+00,-2.000000000000000000e+00,-5.000000000000000000e+00,1.100000000000000000e+01,2.260544529610052678e+01,7.431762030926306579e+02,6.569189246264984376e+02,1.000000000000000000e+00,9.627806394409114121e-01,7.857287380641089225e-01
1.000000000000000000e+00,-2.000000000000000000e+00,-5.000000000000000000e+00,1.200000000000000000e+01,2.740993968381235391e+01,7.640399118246035641e+02,6.891515408484960972e+02,1.000000000000000000e+00,1.004913835377939213e+00,7.512733478244713048e-01
1.000000000000000000e+00,-2.000000000000000000e+00,-5.000000000000000000e+00,1.300000000000000000e+01,3.215314059163128491e+01,7.877184253123451754e+02,7.256782575150932644e+02,1.000000000000000000e+00,1.047766556547404138e+00,7.185225205738354770e-01
1.000000000000000000e+00,-2.000000000000000000e+00,-4.000000000000000000e+00,5.000000000000000000e+00,-4.417436728168837590e+00,6.178003869041807548e+02,4.857763400903189677e+02,1.000000000000000000e+00,6.474210304201977184e-01,1.168023004573178092e+00
1.000000000000000000e+00,-2.000000000000000000e+00,-4.000000000000000000e+00,6.000000000000000000e+00,1.049057260147634452e+00,6.278004015739843453e+02,5.046922714760143549e+02,1.000000000000000000e+00,6.736962295732573658e-01,1.114089210426606025e+00
1.000000000000000000e+00,-2.000000000000000000e+00,-4.000000000000000000e+00,7.000000000000000000e+00,6.423601125928200872e+00,6.396234285259999979e+02,5.243743543394932658e+02,1.000000000000000000e+00,7.047561083946628502e-01,1.059059512963700378e+00
1.000000000000000000e+00,-2.000000000000000000e+00,-4.000000000000000000e+00,8.000000000000000000e+00,1.167814585348045853e+01,6.532355308065265262e+02,5.450372478386395869e+02,1.000000000000000000e+00,7.403653785980999213e-01,1.004684644783763847e+00
1.000000000000000000e+00,-2.000000000000000000e+00,-4.000000000000000000e+00,9.000000000000000000e+00,1.679724077545409955e+01,6.686352214329605204e+02,5.669463070504527877e+02,1.000000000000000000e+00,7.802448038547435960e-01,9.521520296653023241e-01
1.000000000000000000e+00,-2.000000000000000000e+00,-4.000000000000000000e+00,1.000000000000000000e+01,2.177600593611910540e+01,6.858647888626660460e+02,5.904326842843736358e+02,1.000000000000000000e+00,8.240462583160432786e-01,9.021905462871990800e-01
1.000000000000000000e+00,-2.000000000000000000e+00,-4.000000000000000000e+00,1.100000000000000000e+01,2.661794225584043261e+01,7.050228268372543425e+02,6.159150613723627430e+02,1.000000000000000000e+00,8.713135207922131364e-01,8.551865128937008453e-01
1.000000000000000000e+00,-2.000000000000000000e+00,-4.000000000000000000e+00,1.200000000000000000e+01,3.133294063461943324e+01,7.262799890449533677e+02,6.439316827970874328e+02,1.000000000000000000e+00,9.214265863677060242e-01,8.112867203143373507e-01
1.000000000000000000e+00,-2.000000000000000000e+00,-4.000000000000000000e+00,1.300000000000000000e+01,3.593568396522402963e+01,7.499010399688359030e+02,6.751886738991539687e+02,1.000000000000000000e+00,9.735272197053356225e-01,7.704800076817074350e-01
1.000000000000000000e+00,-2.000000000000000000e+00,-3.000000000000000000e+00,4.000000000000000000e+00,-5.082229392454138406e+00,5.681518390616967054e+02,4.427354992246340544e+02,1.000000000000000000e+00,5.167161805455638968e-01,1.447628948128034665e+00
1.000000000000000000e+00,-2.000000000000000000e+00,-3.000000000000000000e+00,5.000000000000000000e+00,9.146223911497770587e-01,5.787210291379719820e+02,4.603782474974510706e+02,1.000000000000000000e+00,5.437017174989071666e-01,1.365062681279440637e+00
1.000000000000000000e+00,-2.000000000000000000e+00,-3.000000000000000000e+00,6.000000000000000000e+00,6.697264689328335407e+00,5.911103367859825539e+02,4.784115246353933344e+02,1.000000000000000000e+00,5.756980295637970091e-01,1.281060660614969482e+00
1.000000000000000000e+00,-2.000000000000000000e+00,-3.000000000000000000e+00,7.000000000000000000e+00,1.224066301565031267e+01,6.051907132295311840e+02,4.969874421073480448e+02,1.000000000000000000e+00,6.124478747122296118e-01,1.199309940341452441e+00
1.000000000000000000e+00,-2.000000000000000000e+00,-3.000000000000000000e+00,8.000000000000000000e+00,1.753943959709363298e+01,6.208718739709869396e+02,5.162915738703010220e+02,1.000000000000000000e+00,6.537126232793153413e-01,1.121994532226096242e+00
1.000000000000000000e+00,-2.000000000000000000e+00,-3.000000000000000000e+00,9.000000000000000000e+00,2.260211934220268404e+01,6.381108904693899149e+02,5.365498970843383404e+02,1.000000000000000000e+00,6.992607463129485446e-01,1.050192975091367886e+00
1.000000000000000000e+00,-2.000000000000000000e+00,-3.000000000000000000e+00,1.000000000000000000e+01,2.744619789029371759e+01,6.569187603271270746e+02,5.580390645390995132e+02,1.000000000000000000e+00,7.488425940285562410e-01,9.842567314239103471e-01
1.000000000000000000e+00,-2.000000000000000000e+00,-3.000000000000000000e+00,1.100000000000000000e+01,3.209441562275335968e+01,6.773672069409092273e+02,5.811016286600313379e+02,1.000000000000000000e+00,8.021514584042966911e-01,9.241009096952151891e-01
1.000000000000000000e+00,-2.000000000000000000e+00,-3.000000000000000000e+00,1.200000000000000000e+01,3.657221172884214866e+01,6.995980265026453253e+02,6.061685812411604957e+02,1.000000000000000000e+00,8.587697558795576169e-01,8.694031843144024441e-01
1.000000000000000000e+00,-2.000000000000000000e+00,-2.000000000000000000e+00,3.000000000000000000e+00,-3.362632206246331634e+00,5.217100052402582833e+02,4.017231970822812741e+02,1.000000000000000000e+00,4.020137293703381354e-01,1.854748909440259164e+00
1.000000000000000000e+00,-2.000000000000000000e+00,-2.000000000000000000e+00,4.000000000000000000e+00,3.251894264557535053e+00,5.337732421769619577e+02,4.188883500686727075e+02,1.000000000000000000e+00,4.309446134941371520e-01,1.722743055233171949e+00
1.000000000000000000e+00,-2.000000000000000000e+00,-2.000000000000000000e+00,5.000000000000000000e+00,9.433455846490289787e+00,5.476479285734459381e+02,4.361470102815990799e+02,1.000000000000000000e+00,4.649061950029106938e-01,1.588270389634448332e+00
1.000000000000000000e+00,-2.000000000000000000e+00,-2.000000000000000000e+00,6.000000000000000000e+00,1.518936533587017834e+01,5.630854634447649687e+02,4.536173248626952841e+02,1.000000000000000000e+00,5.035070678807410660e-01,1.460044303336360150e+00
1.000000000000000000e+00,-2.000000000000000000e+00,-2.000000000000000000e+00,7.000000000000000000e+00,2.055162068519146601e+01,5.799072544592612530e+02,4.714437227240991319e+02,1.000000000000000000e+00,5.464553761422245026e-01,1.342305798610881062e+00
1.000000000000000000e+00,-2.000000000000000000e+00,-2.000000000000000000e+00,8.000000000000000000e+00,2.556380216692875251e+01,5.980048541916503382e+02,4.897985623983054211e+02,1.000000000000000000e+00,5.935436619850963380e-01,1.236431668370929771e+00
1.000000000000000000e+00,-2.000000000000000000e+00,-2.000000000000000000e+00,9.000000000000000000e+00,3.027282949324643369e+01,6.173363572924631626e+02,5.088863073095672007e+02,1.000000000000000000e+00,6.446207738081510819e-01,1.142236250260280084e+00
1.000000000000000000e+00,-2.000000000000000000e+00,-2.000000000000000000e+00,1.000000000000000000e+01,3.472443578337296799e+01,6.379231003892649596e+02,5.289509463380751413e+02,1.000000000000000000e+00,6.995550860934411919e-01,1.058804473888571795e+00
1.000000000000000000e+00,-2.000000000000000000e+00,-1.000000000000000000e+00,1.000000000000000000e+00,-5.160232812240394651e+00,4.656354531474099758e+02,3.429077861145387374e+02,1.000000000000000000e+00,2.751982875146991026e-01,2.550858347630301726e+00
1.000000000000000000e+00,-2.000000000000000000e+00,-1.000000000000000000e+00,2.000000000000000000e+00,2.768840292667078984e+00,4.783204103061833052e+02,3.605816641188076801e+02,1.000000000000000000e+00,3.027463104409549022e-01,2.400718664967592453e+00
1.000000000000000000e+00,-2.000000000000000000e+00,-1.000000000000000000e+00,3.000000000000000000e+00,9.814097268886456504e+00,4.931410336699056529e+02,3.779906968716734923e+02,1.000000000000000000e+00,3.357687432658150728e-01,2.200345902163694412e+00
1.000000000000000000e+00,-2.000000000000000000e+00,-1.000000000000000000e+00,4.000000000000000000e+00,1.606864615954859232e+01,5.095641761718445082e+02,3.952082645209051748e+02,1.000000000000000000e+00,3.734229321121832479e-01,1.988886056878435449e+00
1.000000000000000000e+00,-2.000000000000000000e+00,-1.000000000000000000e+00,5.000000000000000000e+00,2.165848530010057971e+01,5.272220524273882347e+02,4.123398158787140346e+02,1.000000000000000000e+00,4.151468737310349266e-01,1.789505037708061908e+00
1.000000000000000000e+00,-2.000000000000000000e+00,-1.000000000000000000e+00,6.000000000000000000e+00,2.670683901510795977e+01,5.458847972113394462e+02,4.295150085415734793e+02,1.000000000000000000e+00,4.606077477882876692e-01,1.611730614606514012e+00
1.000000000000000000e+00,-2.000000000000000000e+00,-1.000000000000000000e+00,7.000000000000000000e+00,3.132074738415658999e+01,5.654289387389342210e+02,4.468839338697530934e+02,1.000000000000000000e+00,5.096399980158715648e-01,1.457314042019820732e+00
1.000000000000000000e+00,-2.000000000000000000e+00,-1.000000000000000000e+00,8.000000000000000000e+00,3.558855962991424349e+01,5.858122570237962918e+02,4.646171798917398519e+02,1.000000000000000000e+00,5.621894327484132647e-01,1.324555181963999351e+00
1.000000000000000000e+00,-2.000000000000000000e+00,0.000000000000000000e+00,1.000000000000000000e+00,1.783249148996736722e+01,4.402532275100319339e+02,3.176023570131266069e+02,1.000000000000000000e+00,2.220140885111605011e-01,2.821261117625471382e+00
1.000000000000000000e+00,-2.000000000000000000e+00,0.000000000000000000e+00,2.000000000000000000e+00,2.381479104935993973e+01,4.594342586348345776e+02,3.360403680119258070e+02,1.000000000000000000e+00,2.619678524265807162e-01,2.621977777466320880e+00
1.000000000000000000e+00,-2.000000000000000000e+00,0.000000000000000000e+00,3.000000000000000000e+00,2.881347954282261981e+01,4.793708975765552509e+02,3.539285370321247797e+02,1.000000000000000000e+00,3.050621537888065782e-01,2.366912659219230886e+00
1.000000000000000000e+00,-2.000000000000000000e+00,0.000000000000000000e+00,4.000000000000000000e+00,3.314476433843390168e+01,4.997851903566709666e+02,3.713997583102849944e+02,1.000000000000000000e+00,3.508922468140752704e-01,2.109338059754582329e+00
1.000000000000000000e+00,-2.000000000000000000e+00,0.000000000000000000e+00,5.000000000000000000e+00,3.701205761250790260e+01,5.205646638888832740e+02,3.886021909281324724e+02,1.000000000000000000e+00,3.993393616507714405e-01,1.875723436879308537e+00
1.000000000000000000e+00,-1.000000000000000000e+00,-7.000000000000000000e+00,7.000000000000000000e+00,-1.807312982419745140e+00,7.541803099398717904e+02,6.881361015477843921e+02,1.000000000000000000e+00,9.793417666336607930e-01,7.607518309000241841e-01
1.000000000000000000e+00,-1.000000000000000000e+00,-7.000000000000000000e+00,8.000000000000000000e+00,3.314647837603899916e+00,7.630390478234905913e+02,7.205342291394857739e+02,1.000000000000000000e+00,9.874039936020240216e-01,7.398279516123549282e-01
1.000000000000000000e+00,-1.000000000000000000e+00,-7.000000000000000000e+00,9.000000000000000000e+00,8.535992868347165086e+00,7.741227773505671621e+02,7.567720171985769184e+02,1.000000000000000000e+00,9.968439058813627351e-01,7.180814296827824350e-01
1.000000000000000000e+00,-1.000000000000000000e+00,-6.000000000000000000e+00,7.000000000000000000e+00,-1.369794459645220286e+00,6.926795435583236440e+02,6.400285506238972175e+02,1.000000000000000000e+00,8.305765309229736770e-01,8.564666357488504023e-01
1.000000000000000000e+00,-1.000000000000000000e+00,-6.000000000000000000e+00,8.000000000000000000e+00,4.135249044372812932e+00,7.016911614125740471e+02,6.676786602951924579e+02,1.000000000000000000e+00,8.466995665763681345e-01,8.269322762699127249e-01
1.000000000000000000e+00,-1.000000000000000000e+00,-6.000000000000000000e+00,9.000000000000000000e+00,9.668051484988438915e+00,7.127247392005310758e+02,6.980283384403026048e+02,1.000000000000000000e+00,8.655952673199202030e-01,7.968915193558833154e-01
1.000000000000000000e+00,-1.000000000000000000e+00,-6.000000000000000000e+00,1.000000000000000000e+01,1.520262477420416758e+01,7.258888847202740635e+02,7.317848288157524621e+02,1.000000000000000000e+00,8.864948836209943783e-01,7.669055605018632038e-01
1.000000000000000000e+00,-1.000000000000000000e+00,-5.000000000000000000e+00,6.000000000000000000e+00,-5.308241471163199776e+00,6.326779958550470155e+02,5.787981598806909460e+02,1.000000000000000000e+00,6.791156942562122101e-01,1.015957045909065659e+00
1.000000000000000000e+00,-1.000000000000000000e+00,-5.000000000000000000e+00,7.000000000000000000e+00,6.499000433312573932e-01,6.408990584143260776e+02,6.016390089866386006e+02,1.000000000000000000e+00,6.978990419664218292e-01,9.737064296663419105e-01
1.000000000000000000e+00,-1.000000000000000000e+00,-5.000000000000000000e+00,8.000000000000000000e+00,6.568128727312455339e+00,6.510451296913751094e+02,6.260648266616130968e+02,1.000000000000000000e+00,7.207909844149226197e-01,9.309459011329463962e-01
1.000000000000000000e+00,-1.000000000000000000e+00,-5.000000000000000000e+00,9.000000000000000000e+00,1.240694699577900906e+01,6.631225249564344040e+02,6.524666130687937766e+02,1.000000000000000000e+00,7.473524857128251986e-01,8.886909907021779409e-01
1.000000000000000000e+00,-1.000000000000000000e+00,-5.000000000000000000e+00,1.000000000000000000e+01,1.814081024292207189e+01,6.771669098505718694e+02,6.813491029206300027e+02,1.000000000000000000e+00,7.770132586494860050e-01,8.476589816596766802e-01
1.000000000000000000e+00,-1.000000000000000000e+00,-5.000000000000000000e+00,1.100000000000000000e+01,2.375737436695635552e+01,6.932588224929211265e+02,7.133739240580373462e+02,1.000000000000000000e+00,8.090283438012354500e-01,8.083189115271981473e-01
1.000000000000000000e+00,-1.000000000000000000e+00,-5.000000000000000000e+00,1.200000000000000000e+01,2.925607001863687628e+01,7.115429610526221040e+02,7.494254239270073867e+02,1.000000000000000000e+00,8.424167721000105358e-01,7.709466518714573890e-01
1.000000000000000000e+00,-1.000000000000000000e+00,-4.000000000000000000e+00,6.000000000000000000e+00,-1.712744867467819176e+00,5.868575794248150714e+02,5.483397802177627227e+02,1.000000000000000000e+00,5.605117330901411288e-01,1.181465058748428554e+00
1.000000000000000000e+00,-1.000000000000000000e+00,-4.000000000000000000e+00,7.000000000000000000e+00,4.764608361380766155e+00,5.971235686952969672e+02,5.692807982703866401e+02,1.000000000000000000e+00,5.854827071958438323e-01,1.116425467124925852e+00
1.000000000000000000e+00,-1.000000000000000000e+00,-4.000000000000000000e+00,8.000000000000000000e+00,1.103809736976060663e+01,6.092908955424888973e+02,5.913958624027944779e+02,1.000000000000000000e+00,6.149984887960234792e-01,1.053258936943854529e+00
1.000000000000000000e+00,-1.000000000000000000e+00,-4.000000000000000000e+00,9.000000000000000000e+00,1.707975777684475815e+01,6.232903305842926329e+02,6.149925249179185585e+02,1.000000000000000000e+00,6.486600804757975958e-01,9.931905576535536850e-01
1.000000000000000000e+00,-1.000000000000000000e+00,-4.000000000000000000e+00,1.000000000000000000e+01,2.288229392800198525e+01,6.390908748112867670e+02,6.404607334107262204e+02,1.000000000000000000e+00,6.859989594488766773e-01,9.368697501433246311e-01
1.000000000000000000e+00,-1.000000000000000000e+00,-4.000000000000000000e+00,1.100000000000000000e+01,2.845405168097715887e+01,6.567132098762899659e+02,6.682998660136319131e+02,1.000000000000000000e+00,7.264436800567070085e-01,8.845489658539436029e-01
1.000000000000000000e+00,-1.000000000000000000e+00,-4.000000000000000000e+00,1.200000000000000000e+01,3.381442080680054119e+01,6.762438778505041910e+02,6.991595766571585955e+02,1.000000000000000000e+00,7.692672931994664065e-01,8.362256090765094463e-01
1.000000000000000000e+00,-1.000000000000000000e+00,-3.000000000000000000e+00,5.000000000000000000e+00,-2.424944572936340137e+00,5.369892079796477447e+02,5.021823814037034026e+02,1.000000000000000000e+00,4.373206848995072615e-01,1.495064631571473068e+00
1.000000000000000000e+00,-1.000000000000000000e+00,-3.000000000000000000e+00,6.000000000000000000e+00,4.810212445578088136e+00,5.482990640421951412e+02,5.210541332181115877e+02,1.000000000000000000e+00,4.643657824179567850e-01,1.386656690201582220e+00
1.000000000000000000e+00,-1.000000000000000000e+00,-3.000000000000000000e+00,7.000000000000000000e+00,1.162280906754043031e+01,5.615472647736767158e+02,5.405848255939733917e+02,1.000000000000000000e+00,4.964119116843166979e-01,1.284616240830907419e+00
1.000000000000000000e+00,-1.000000000000000000e+00,-3.000000000000000000e+00,8.000000000000000000e+00,1.800393545043860399e+01,5.765383704320333891e+02,5.609860624369899824e+02,1.000000000000000000e+00,5.330280528369266690e-01,1.190905670411637196e+00
1.000000000000000000e+00,-1.000000000000000000e+00,-3.000000000000000000e+00,9.000000000000000000e+00,2.397545891425596665e+01,5.931336882680652707e+02,5.825197779694689189e+02,1.000000000000000000e+00,5.738099458771264150e-01,1.106053108074187552e+00
1.000000000000000000e+00,-1.000000000000000000e+00,-3.000000000000000000e+00,1.000000000000000000e+01,2.957664113832620956e+01,6.112595008075659280e+02,6.055096198623657529e+02,1.000000000000000000e+00,6.183603763815037624e-01,1.029792903265431159e+00
1.000000000000000000e+00,-1.000000000000000000e+00,-3.000000000000000000e+00,1.100000000000000000e+01,3.485467493330997968e+01,6.309116873809077788e+02,6.303590329954042772e+02,1.000000000000000000e+00,6.662503263758831062e-01,9.614759360214411021e-01
1.000000000000000000e+00,-1.000000000000000000e+00,-2.000000000000000000e+00,4.000000000000000000e+00,-2.669739557748869174e-01,4.901873024472189968e+02,4.596455498123189614e+02,1.000000000000000000e+00,3.286963172938076050e-01,2.009369289567527694e+00
1.000000000000000000e+00,-1.000000000000000000e+00,-2.000000000000000000e+00,5.000000000000000000e+00,7.875914269191184758e+00,5.036936801173343383e+02,4.773991836979942605e+02,1.000000000000000000e+00,3.591584488378173345e-01,1.804381092574398382e+00
1.000000000000000000e+00,-1.000000000000000000e+00,-2.000000000000000000e+00,6.000000000000000000e+00,1.519043505714574849e+01,5.191040273684557178e+02,4.954363733113988246e+02,1.000000000000000000e+00,3.947041819889571812e-01,1.622573440628674701e+00
1.000000000000000000e+00,-1.000000000000000000e+00,-2.000000000000000000e+00,7.000000000000000000e+00,2.176310066914436447e+01,5.360596935108817434e+02,5.139227797039761754e+02,1.000000000000000000e+00,4.347191553743131043e-01,1.465314671287701653e+00
1.000000000000000000e+00,-1.000000000000000000e+00,-2.000000000000000000e+00,8.000000000000000000e+00,2.770486866122081437e+01,5.543212809414758340e+02,5.330581656495512561e+02,1.000000000000000000e+00,4.787569484525605601e-01,1.330553815696007058e+00
1.000000000000000000e+00,-1.000000000000000000e+00,-2.000000000000000000e+00,9.000000000000000000e+00,3.312586829600454053e+01,5.737543529991023661e+02,5.530796408286122414e+02,1.000000000000000000e+00,5.264951353044203808e-01,1.215194541936476691e+00
1.000000000000000000e+00,-1.000000000000000000e+00,-2.000000000000000000e+00,1.000000000000000000e+01,3.812476045657365376e+01,5.943137227312947743e+02,5.742699346062574932e+02,1.000000000000000000e+00,5.776802722460748774e-01,1.116126710614154138e+00
1.000000000000000000e+00,-1.000000000000000000e+00,-1.000000000000000000e+00,2.000000000000000000e+00,-2.849015027410729317e+00,4.322507368440836899e+02,4.006535920399898600e+02,1.000000000000000000e+00,2.056455129431289663e-01,3.445486110466343899e+00
1.000000000000000000e+00,-1.000000000000000000e+00,-1.000000000000000000e+00,3.000000000000000000e+00,7.710437746030663675e+00,4.473139939207185876e+02,4.182052213681486137e+02,1.000000000000000000e+00,2.363989186124595965e-01,2.920088606672720299e+00
1.000000000000000000e+00,-1.000000000000000000e+00,-1.000000000000000000e+00,4.000000000000000000e+00,1.636744870800666263e+01,4.646147562650294276e+02,4.356059076175352516e+02,1.000000000000000000e+00,2.727918256786285855e-01,2.472863336741859097e+00
1.000000000000000000e+00,-1.000000000000000000e+00,-1.000000000000000000e+00,5.000000000000000000e+00,2.355902628136973931e+01,4.833608537711110671e+02,4.529743387017680902e+02,1.000000000000000000e+00,3.135297689226194118e-01,2.117608947777143591e+00
1.000000000000000000e+00,-1.000000000000000000e+00,-1.000000000000000000e+00,6.000000000000000000e+00,2.966981475861072681e+01,5.030951701764111021e+02,4.704613735348959267e+02,1.000000000000000000e+00,3.578744437085926711e-01,1.839004145124393474e+00
1.000000000000000000e+00,-1.000000000000000000e+00,-1.000000000000000000e+00,7.000000000000000000e+00,3.499100403223590661e+01,5.235806040238335299e+02,4.882404172082772789e+02,1.000000000000000000e+00,4.054451360228173429e-01,1.618828601307914283e+00
1.000000000000000000e+00,-1.000000000000000000e+00,0.000000000000000000e+00,3.000000000000000000e+00,3.433751828756879831e+01,4.365079767891414804e+02,3.938220841752856813e+02,1.000000000000000000e+00,2.142779272597294393e-01,3.347723093238598846e+00
1.000000000000000000e+00,0.000000000000000000e+00,-7.000000000000000000e+00,7.000000000000000000e+00,-3.026653815643953749e+00,7.144953782912278939e+02,7.514202251126813508e+02,1.000000000000000000e+00,8.490903034604107003e-01,7.673883767433525849e-01
1.000000000000000000e+00,0.000000000000000000e+00,-6.000000000000000000e+00,7.000000000000000000e+00,-2.635956105009142902e+00,6.526074843850302614e+02,6.973685286085649295e+02,1.000000000000000000e+00,7.083038386271304221e-01,8.659698847159164048e-01
1.000000000000000000e+00,0.000000000000000000e+00,-6.000000000000000000e+00,8.000000000000000000e+00,3.861698680915480963e+00,6.580906401061148472e+02,7.289587183028040727e+02,1.000000000000000000e+00,7.135176950504648064e-01,8.354762359645672154e-01
1.000000000000000000e+00,0.000000000000000000e+00,-6.000000000000000000e+00,9.000000000000000000e+00,1.040570963299109053e+01,6.653296454913515845e+02,7.640885520785910785e+02,1.000000000000000000e+00,7.206636413751269510e-01,8.045292704590957245e-01
1.000000000000000000e+00,0.000000000000000000e+00,-5.000000000000000000e+00,7.000000000000000000e+00,-3.690529494329553017e-01,5.994528451978321755e+02,6.551828529065772955e+02,1.000000000000000000e+00,5.807571985897167499e-01,9.877395241573849738e-01
1.000000000000000000e+00,0.000000000000000000e+00,-5.000000000000000000e+00,8.000000000000000000e+00,6.757004968745206952e+00,6.065521389998222048e+02,6.827118272028837964e+02,1.000000000000000000e+00,5.940060187755190624e-01,9.431873611933578871e-01
1.000000000000000000e+00,0.000000000000000000e+00,-5.000000000000000000e+00,9.000000000000000000e+00,1.376010570328946869e+01,6.155289295206933957e+02,7.127727060371126981e+02,1.000000000000000000e+00,6.104717355135402812e-01,8.993213939094822917e-01
1.000000000000000000e+00,0.000000000000000000e+00,-5.000000000000000000e+00,1.000000000000000000e+01,2.059330754004102459e+01,6.263314191927170214e+02,7.460321178999847689e+02,1.000000000000000000e+00,6.294040695430375143e-01,8.568689013630987894e-01
1.000000000000000000e+00,0.000000000000000000e+00,-4.000000000000000000e+00,6.000000000000000000e+00,-3.483598244295222912e+00,5.458519732527470296e+02,5.972248790723970160e+02,1.000000000000000000e+00,4.543142273050211899e-01,1.206793905688643198e+00
1.000000000000000000e+00,0.000000000000000000e+00,-4.000000000000000000e+00,7.000000000000000000e+00,4.559408697355905815e+00,5.535787956768494951e+02,6.203145149982486828e+02,1.000000000000000000e+00,4.711885183441704150e-01,1.137723483639133670e+00
1.000000000000000000e+00,0.000000000000000000e+00,-4.000000000000000000e+00,8.000000000000000000e+00,1.226827725050057438e+01,5.634230415828671994e+02,6.448670761508969917e+02,1.000000000000000000e+00,4.926836901773664623e-01,1.071086126703873376e+00
1.000000000000000000e+00,0.000000000000000000e+00,-4.000000000000000000e+00,9.000000000000000000e+00,1.958411255354985769e+01,5.752275481186208026e+02,6.712659254825255175e+02,1.000000000000000000e+00,5.182159728229465134e-01,1.008096128284069026e+00
1.000000000000000000e+00,0.000000000000000000e+00,-4.000000000000000000e+00,1.000000000000000000e+01,2.649356131257752622e+01,5.888545577751583551e+02,7.000102826429739480e+02,1.000000000000000000e+00,5.470991268407006114e-01,9.493495435930933146e-01
1.000000000000000000e+00,0.000000000000000000e+00,-4.000000000000000000e+00,1.100000000000000000e+01,3.301636967995852956e+01,6.042039613712461232e+02,7.317538266257067789e+02,1.000000000000000000e+00,5.785212883687400609e-01,8.950296658994233434e-01
1.000000000000000000e+00,0.000000000000000000e+00,-3.000000000000000000e+00,5.000000000000000000e+00,-4.868651531435773450e+00,4.949075830509955267e+02,5.482254661914262215e+02,1.000000000000000000e+00,3.378331387170579458e-01,1.547411823066305647e+00
1.000000000000000000e+00,0.000000000000000000e+00,-3.000000000000000000e+00,6.000000000000000000e+00,4.571748805036776275e+00,5.041889891334362233e+02,5.686041605703483128e+02,1.000000000000000000e+00,3.581616442350376572e-01,1.428114835605164945e+00
1.000000000000000000e+00,0.000000000000000000e+00,-3.000000000000000000e+00,7.000000000000000000e+00,1.324660422501602852e+01,5.159202829771234065e+02,5.897734084864677016e+02,1.000000000000000000e+00,3.841371242429021393e-01,1.317368830058778029e+00
1.000000000000000000e+00,0.000000000000000000e+00,-3.000000000000000000e+00,8.000000000000000000e+00,2.113213348928709934e+01,5.297345492704918115e+02,6.119931448317961440e+02,1.000000000000000000e+00,4.150065220100798702e-01,1.216860048089148716e+00
1.000000000000000000e+00,0.000000000000000000e+00,-3.000000000000000000e+00,9.000000000000000000e+00,2.828553002761799462e+01,5.453286276918435078e+02,6.355929660902629621e+02,1.000000000000000000e+00,4.500513387354508343e-01,1.126751979294452033e+00
1.000000000000000000e+00,0.000000000000000000e+00,-3.000000000000000000e+00,1.000000000000000000e+01,3.480215838178273202e+01,5.624842444453652206e+02,6.609843400403465239e+02,1.000000000000000000e+00,4.885906404022856697e-01,1.046436181308510571e+00
1.000000000000000000e+00,0.000000000000000000e+00,-2.000000000000000000e+00,4.000000000000000000e+00,-2.737401174325839293e+00,4.455248680568670352e+02,5.039934170815616881e+02,1.000000000000000000e+00,2.322558754423927618e-01,2.142172253407746751e+00
1.000000000000000000e+00,0.000000000000000000e+00,-2.000000000000000000e+00,5.000000000000000000e+00,8.722196356112476678e+00,4.579396406857374586e+02,5.227219537060200309e+02,1.000000000000000000e+00,2.579285762859653275e-01,1.898699087186186629e+00
1.000000000000000000e+00,0.000000000000000000e+00,-2.000000000000000000e+00,6.000000000000000000e+00,1.840908459644032291e+01,4.730563541005050183e+02,5.417650820851783919e+02,1.000000000000000000e+00,2.898787451448735508e-01,1.690127968941677716e+00
1.000000000000000000e+00,0.000000000000000000e+00,-2.000000000000000000e+00,7.000000000000000000e+00,2.659373111017805513e+01,4.901202530095197289e+02,5.613436197026223908e+02,1.000000000000000000e+00,3.267988979624230073e-01,1.514495760035503347e+00
1.000000000000000000e+00,0.000000000000000000e+00,-2.000000000000000000e+00,8.000000000000000000e+00,3.360059725764756422e+01,5.086230370894019188e+02,5.817180832846519252e+02,1.000000000000000000e+00,3.677561128813696678e-01,1.367049729979733286e+00
1.000000000000000000e+00,0.000000000000000000e+00,-1.000000000000000000e+00,5.000000000000000000e+00,3.112516913747003855e+01,4.383453498933874357e+02,4.970979457776169284e+02,1.000000000000000000e+00,2.176070922291583887e-01,2.274814611308027423e+00
1.000000000000000000e+00,0.000000000000000000e+00,-1.000000000000000000e+00,6.000000000000000000e+00,3.807970432463568500e+01,4.596699964280426798e+02,5.151018292140827270e+02,1.000000000000000000e+00,2.616683243730484887e-01,1.939166094173887300e+00
1.000000000000000000e+00,1.000000000000000000e+00,-5.000000000000000000e+00,7.000000000000000000e+00,5.063182403265500398e-01,5.539119789463055668e+02,7.201513081619397099e+02,1.000000000000000000e+00,4.606975745842421532e-01,9.737064296663419105e-01
1.000000000000000000e+00,1.000000000000000000e+00,-5.000000000000000000e+00,8.000000000000000000e+00,9.497632297530685719e+00,5.552785969122588767e+02,7.532837649044884074e+02,1.000000000000000000e+00,4.589439006941525290e-01,9.309459011329460632e-01
1.000000000000000000e+00,1.000000000000000000e+00,-4.000000000000000000e+00,6.000000000000000000e+00,-3.390171063036405030e+00,5.015620713401530111e+02,6.548104676298480626e+02,1.000000000000000000e+00,3.480646069880073967e-01,1.181465058748428332e+00
1.000000000000000000e+00,1.000000000000000000e+00,-4.000000000000000000e+00,7.000000000000000000e+00,7.168127404942651992e+00,5.042045225672380298e+02,6.818223274367346676e+02,1.000000000000000000e+00,3.520363716015734168e-01,1.116425467124925852e+00
1.000000000000000000e+00,1.000000000000000000e+00,-4.000000000000000000e+00,8.000000000000000000e+00,1.718539796140751719e+01,5.092375783216499485e+02,7.108361299677245597e+02,1.000000000000000000e+00,3.607144738132486150e-01,1.053258936943854751e+00
1.000000000000000000e+00,1.000000000000000000e+00,-4.000000000000000000e+00,9.000000000000000000e+00,2.650459540103889822e+01,5.164060675366083615e+02,7.423802002441159402e+02,1.000000000000000000e+00,3.732943113922893019e-01,9.931905576535537961e-01
1.000000000000000000e+00,1.000000000000000000e+00,-3.000000000000000000e+00,5.000000000000000000e+00,-5.332980354384915245e+00,4.497248907287281554e+02,6.013772519701561805e+02,1.000000000000000000e+00,2.394465124816483603e-01,1.495064631571473068e+00
1.000000000000000000e+00,1.000000000000000000e+00,-3.000000000000000000e+00,6.000000000000000000e+00,8.021038908652144528e+00,4.542434153888097512e+02,6.246578139477109062e+02,1.000000000000000000e+00,2.481331715527083925e-01,1.386656690201582220e+00
1.000000000000000000e+00,1.000000000000000000e+00,-3.000000000000000000e+00,7.000000000000000000e+00,1.983904257667381899e+01,4.623554160542985301e+02,6.488681386317422266e+02,1.000000000000000000e+00,2.641161931616292091e-01,1.284616240830907419e+00
1.000000000000000000e+00,1.000000000000000000e+00,-3.000000000000000000e+00,8.000000000000000000e+00,3.001097738825473016e+01,4.734266778969239908e+02,6.743444352026423303e+02,1.000000000000000000e+00,2.861471211035879758e-01,1.190905670411637196e+00
1.000000000000000000e+00,2.000000000000000000e+00,-4.000000000000000000e+00,6.000000000000000000e+00,1.291108302661172047e+00,4.446469774183218533e+02,7.282260081910596909e+02,1.000000000000000000e+00,2.245403406987818706e-01,1.114089210426606247e+00
1.000000000000000000e+00,2.000000000000000000e+00,-4.000000000000000000e+00,7.000000000000000000e+00,1.761015664900835986e+01,4.321898110808812135e+02,7.647431453273998159e+02,1.000000000000000000e+00,1.983793151773553809e-01,1.059059512963700156e+00
2.000000000000000000e+00,-3.000000000000000000e+00,-1.000000000000000000e+00,-8.000000000000000000e+00,2.732192711146069541e+01,2.887575860105558831e+02,4.424531556834176627e+01,0.000000000000000000e+00,7.883970583587368575e-02,1.179523130928754382e+00
2.000000000000000000e+00,-2.000000000000000000e+00,-3.000000000000000000e+00,-1.000000000000000000e+01,3.638645018546927190e+01,9.948743275154612320e+01,3.931713039045968117e+01,0.000000000000000000e+00,4.788629895435064787e-01,9.842567314239102361e-01
2.000000000000000000e+00,-2.000000000000000000e+00,-2.000000000000000000e+00,-1.000000000000000000e+01,2.424892826906082632e+01,1.717068212329752157e+02,3.677091066794912422e+01,0.000000000000000000e+00,3.226698638737834357e-01,1.058804473888571795e+00
2.000000000000000000e+00,-2.000000000000000000e+00,-2.000000000000000000e+00,-9.000000000000000000e+00,3.379538780812549703e+01,1.762424747836643348e+02,7.637419319091992520e+01,0.000000000000000000e+00,3.157785293919071479e-01,1.142236250260280306e+00
2.000000000000000000e+00,-2.000000000000000000e+00,-1.000000000000000000e+00,-1.000000000000000000e+01,-4.562116157331104205e+00,2.513177061665335827e+02,2.681119953873587747e+01,0.000000000000000000e+00,1.548172173060418655e-01,1.112578857682358979e+00
2.000000000000000000e+00,-2.000000000000000000e+00,-1.000000000000000000e+00,-9.000000000000000000e+00,7.338859146712763959e+00,2.514237992765304739e+02,6.707438068597946312e+01,0.000000000000000000e+00,1.559290867828345140e-01,1.210619666929895866e+00
2.000000000000000000e+00,-2.000000000000000000e+00,-1.000000000000000000e+00,-8.000000000000000000e+00,2.073990249372147332e+01,2.525207084630899033e+02,1.031823953350870511e+02,0.000000000000000000e+00,1.546019790278306549e-01,1.324555181963999351e+00
2.000000000000000000e+00,-2.000000000000000000e+00,-1.000000000000000000e+00,-7.000000000000000000e+00,3.605283393026354588e+01,2.533322501410220866e+02,1.360927403979937083e+02,0.000000000000000000e+00,1.535879361639901630e-01,1.457314042019820510e+00
2.000000000000000000e+00,-1.000000000000000000e+00,-4.000000000000000000e+00,-1.000000000000000000e+01,3.653046177579722098e+01,9.356702375745783229e+00,9.157738148526550503e+01,0.000000000000000000e+00,6.843400295017174617e-01,9.368697501433246311e-01
2.000000000000000000e+00,-1.000000000000000000e+00,-3.000000000000000000e+00,-1.100000000000000000e+01,2.443529893377655071e+01,6.321370532734030689e+01,5.378275469734649050e+01,0.000000000000000000e+00,5.600074000482740955e-01,9.614759360214411021e-01
2.000000000000000000e+00,-1.000000000000000000e+00,-3.000000000000000000e+00,-1.000000000000000000e+01,3.059599682160308021e+01,7.718230118335566203e+01,9.421996407237838866e+01,0.000000000000000000e+00,5.348353275747363966e-01,1.029792903265431159e+00
2.000000000000000000e+00,-1.000000000000000000e+00,-3.000000000000000000e+00,-9.000000000000000000e+00,3.686812632727699679e+01,9.008722234169542276e+01,1.304389153348377590e+02,0.000000000000000000e+00,5.099498266307460614e-01,1.106053108074187552e+00
2.000000000000000000e+00,-1.000000000000000000e+00,-2.000000000000000000e+00,-1.100000000000000000e+01,1.298032661147937006e+01,1.237705867985017818e+02,5.258104312917504330e+01,0.000000000000000000e+00,4.276292729738093712e-01,1.030598146462534670e+00
2.000000000000000000e+00,-1.000000000000000000e+00,-2.000000000000000000e+00,-1.000000000000000000e+01,1.970247680631987919e+01,1.366972907314586791e+02,9.196752320229836641e+01,0.000000000000000000e+00,4.030746910647042824e-01,1.116126710614153916e+00
2.000000000000000000e+00,-1.000000000000000000e+00,-2.000000000000000000e+00,-9.000000000000000000e+00,2.675048532493229914e+01,1.490813748998872086e+02,1.273230181443943820e+02,0.000000000000000000e+00,3.782986989661358823e-01,1.215194541936476691e+00
2.000000000000000000e+00,-1.000000000000000000e+00,-2.000000000000000000e+00,-8.000000000000000000e+00,3.419991587587372806e+01,1.607085728467272645e+02,1.595114157768597352e+02,0.000000000000000000e+00,3.542604253681529980e-01,1.330553815696007058e+00
2.000000000000000000e+00,-1.000000000000000000e+00,-1.000000000000000000e+00,-1.100000000000000000e+01,-5.832063578995558828e+00,1.753190813615248942e+02,4.627575959877719924e+01,0.000000000000000000e+00,3.156749570628084589e-01,1.079987335392475156e+00
2.000000000000000000e+00,-1.000000000000000000e+00,-1.000000000000000000e+00,-1.000000000000000000e+01,5.694005487407025612e-01,1.878449673606612009e+02,8.542903631666285946e+01,0.000000000000000000e+00,2.912945473849923306e-01,1.179664235252622762e+00
2.000000000000000000e+00,-1.000000000000000000e+00,-1.000000000000000000e+00,-9.000000000000000000e+00,7.470998416596557945e+00,2.005068420817669050e+02,1.205711660456681216e+02,0.000000000000000000e+00,2.656392414315118522e-01,1.298544186016179713e+00
2.000000000000000000e+00,-1.000000000000000000e+00,-1.000000000000000000e+00,-8.000000000000000000e+00,1.512204438776427651e+01,2.129794622080701174e+02,1.525698568621236575e+02,0.000000000000000000e+00,2.397928392343544601e-01,1.442310236649423372e+00
2.000000000000000000e+00,-1.000000000000000000e+00,-1.000000000000000000e+00,-7.000000000000000000e+00,2.384475577081485653e+01,2.249368425731069294e+02,1.820958940942468018e+02,0.000000000000000000e+00,2.147267858491201109e-01,1.618828601307914283e+00
2.000000000000000000e+00,-1.000000000000000000e+00,-1.000000000000000000e+00,-6.000000000000000000e+00,3.404431123300253148e+01,2.359882852941262286e+02,2.096816862798037278e+02,0.000000000000000000e+00,1.914530780770813401e-01,1.839004145124393252e+00
2.000000000000000000e+00,-1.000000000000000000e+00,0.000000000000000000e+00,-4.000000000000000000e+00,-3.581623031654117995e+00,3.106096786159581598e+02,2.515045980991205283e+02,0.000000000000000000e+00,3.599597310110660975e-02,2.716797960733810413e+00
2.000000000000000000e+00,0.000000000000000000e+00,-3.000000000000000000e+00,-1.200000000000000000e+01,1.471110714006735520e+01,9.612816466955592887e+00,6.231199121660034734e+01,0.000000000000000000e+00,6.783097240980027198e-01,9.113664866531554498e-01
2.000000000000000000e+00,0.000000000000000000e+00,-3.000000000000000000e+00,-1.100000000000000000e+01,1.965473129222451121e+01,2.964492239370807170e+01,1.041087395328029288e+02,0.000000000000000000e+00,6.416690954363800659e-01,9.749795237733864806e-01
2.000000000000000000e+00,0.000000000000000000e+00,-3.000000000000000000e+00,-1.000000000000000000e+01,2.466137465201268242e+01,4.810882988554126882e+01,1.412883076277557848e+02,0.000000000000000000e+00,6.054217204341745262e-01,1.046436181308510571e+00
2.000000000000000000e+00,0.000000000000000000e+00,-3.000000000000000000e+00,-9.000000000000000000e+00,2.975433484023250230e+01,6.512549006905923932e+01,1.748642440455513167e+02,0.000000000000000000e+00,5.703207926656214122e-01,1.126751979294451811e+00
2.000000000000000000e+00,0.000000000000000000e+00,-3.000000000000000000e+00,-8.000000000000000000e+00,3.495200899716155618e+01,8.077200942214315660e+01,2.056076051023897833e+02,0.000000000000000000e+00,5.369227861040898331e-01,1.216860048089148716e+00
2.000000000000000000e+00,0.000000000000000000e+00,-2.000000000000000000e+00,-1.300000000000000000e+01,-1.170733675728286016e-01,4.184210842045595768e+01,1.615615651854000134e+01,0.000000000000000000e+00,5.997282767379769064e-01,9.020644140507033670e-01
2.000000000000000000e+00,0.000000000000000000e+00,-2.000000000000000000e+00,-1.200000000000000000e+01,4.784650654896069000e+00,6.186653004579150661e+01,6.228113784849364265e+01,0.000000000000000000e+00,5.642561739467178983e-01,9.695830470869436502e-01
2.000000000000000000e+00,0.000000000000000000e+00,-2.000000000000000000e+00,-1.100000000000000000e+01,9.763671558024071828e+00,8.080647865006757513e+01,1.027639214989287098e+02,0.000000000000000000e+00,5.277949943760846807e-01,1.047281133673214848e+00
2.000000000000000000e+00,0.000000000000000000e+00,-2.000000000000000000e+00,-1.000000000000000000e+01,1.487096791307422450e+01,9.872072268788470240e+01,1.388779575272212128e+02,0.000000000000000000e+00,4.913369357813278659e-01,1.137407305654013712e+00
2.000000000000000000e+00,0.000000000000000000e+00,-2.000000000000000000e+00,-9.000000000000000000e+00,2.015882851897791284e+01,1.156497979884491230e+02,1.715720746599054678e+02,0.000000000000000000e+00,4.555993911695092047e-01,1.242807041883944086e+00
2.000000000000000000e+00,0.000000000000000000e+00,-2.000000000000000000e+00,-8.000000000000000000e+00,2.568202124914418505e+01,1.316090402120647695e+02,2.015725753713936683e+02,0.000000000000000000e+00,4.211193062653479924e-01,1.367049729979733286e+00
2.000000000000000000e+00,0.000000000000000000e+00,-2.000000000000000000e+00,-7.000000000000000000e+00,3.149776745565441161e+01,1.465827488618859604e+02,2.294493578706553194e+02,0.000000000000000000e+00,3.883260729421120216e-01,1.514495760035503347e+00
2.000000000000000000e+00,0.000000000000000000e+00,-2.000000000000000000e+00,-6.000000000000000000e+00,3.766380058608945092e+01,1.605180543685046075e+02,2.556600585088198727e+02,0.000000000000000000e+00,3.575998079122770235e-01,1.690127968941678160e+00
2.000000000000000000e+00,0.000000000000000000e+00,-1.000000000000000000e+00,-1.100000000000000000e+01,-4.514700682933096232e+00,1.192919009998323077e+02,9.760225223213234358e+01,0.000000000000000000e+00,4.419109095334718407e-01,1.099231709502348719e+00
2.000000000000000000e+00,0.000000000000000000e+00,-1.000000000000000000e+00,-1.000000000000000000e+01,8.228935522564029270e-02,1.371309494957998538e+02,1.333376764146414928e+02,0.000000000000000000e+00,4.051415412094870883e-01,1.204874950556125146e+00
2.000000000000000000e+00,0.000000000000000000e+00,-1.000000000000000000e+00,-9.000000000000000000e+00,4.857411858053779952e+00,1.544469210898242864e+02,1.657086903040087975e+02,0.000000000000000000e+00,3.684225402133965988e-01,1.332402161400198626e+00
2.000000000000000000e+00,0.000000000000000000e+00,-1.000000000000000000e+00,-8.000000000000000000e+00,9.902040475048835333e+00,1.712435146282489029e+02,1.954281656974658574e+02,0.000000000000000000e+00,3.322341825504196988e-01,1.489136922376449235e+00
2.000000000000000000e+00,0.000000000000000000e+00,-1.000000000000000000e+00,-7.000000000000000000e+00,1.533503807076712633e+01,1.875098277204246529e+02,2.230575905661578417e+02,0.000000000000000000e+00,2.969387139342581916e-01,1.685896889433066148e+00
2.000000000000000000e+00,0.000000000000000000e+00,-1.000000000000000000e+00,-6.000000000000000000e+00,2.131758490353783486e+01,2.032057475301628813e+02,2.490503122378928538e+02,0.000000000000000000e+00,2.628490619683320761e-01,1.939166094173887300e+00
2.000000000000000000e+00,0.000000000000000000e+00,-1.000000000000000000e+00,-5.000000000000000000e+00,2.807434459933264748e+01,2.182410790720549016e+02,2.737812998279770227e+02,0.000000000000000000e+00,2.303005093560278604e-01,2.274814611308027423e+00
2.000000000000000000e+00,0.000000000000000000e+00,-1.000000000000000000e+00,-4.000000000000000000e+00,3.592087710334061512e+01,2.324415280894952502e+02,2.975678820894299292e+02,0.000000000000000000e+00,1.997413755058091156e-01,2.734099459959466571e+00
2.000000000000000000e+00,0.000000000000000000e+00,0.000000000000000000e+00,-5.000000000000000000e+00,-4.600603708063914610e+00,2.442462595546832347e+02,2.661792741014825197e+02,0.000000000000000000e+00,1.742919822299052734e-01,2.460360344478735417e+00
2.000000000000000000e+00,0.000000000000000000e+00,0.000000000000000000e+00,-4.000000000000000000e+00,-1.757005423086013707e+00,2.609899334218325180e+02,2.900027695624482931e+02,0.000000000000000000e+00,1.388877432476920415e-01,3.075450430598419160e+00
2.000000000000000000e+00,0.000000000000000000e+00,0.000000000000000000e+00,-3.000000000000000000e+00,1.058966118028706660e+00,2.777428184414948760e+02,3.131491189343926749e+02,0.000000000000000000e+00,1.038307090479466538e-01,4.100600574131224363e+00
2.000000000000000000e+00,0.000000000000000000e+00,0.000000000000000000e+00,-2.000000000000000000e+00,3.854738444869695968e+00,2.945528608932217480e+02,3.358751703811143443e+02,0.000000000000000000e+00,6.905527927997227866e-02,6.150900861196838321e+00
2.000000000000000000e+00,0.000000000000000000e+00,0.000000000000000000e+00,-1.000000000000000000e+00,6.637283827581057949e+00,3.114698425657214784e+02,3.584205707301464372e+02,0.000000000000000000e+00,3.447700363726338008e-02,1.230180172239367664e+01
2.000000000000000000e+00,1.000000000000000000e+00,-4.000000000000000000e+00,-7.000000000000000000e+00,3.643656136645046217e+01,1.246203569796006150e+01,2.757828362939383737e+02,0.000000000000000000e+00,6.987215230468386551e-01,1.116425467124925852e+00
2.000000000000000000e+00,1.000000000000000000e+00,-3.000000000000000000e+00,-1.000000000000000000e+01,1.875937941162550260e+01,1.213498501106192862e+01,1.832134200801262125e+02,0.000000000000000000e+00,6.915278551918533356e-01,1.029792903265431381e+00
2.000000000000000000e+00,1.000000000000000000e+00,-3.000000000000000000e+00,-9.000000000000000000e+00,2.286416886347680588e+01,3.231977771868881177e+01,2.151133861359836601e+02,0.000000000000000000e+00,6.486715358871565362e-01,1.106053108074187774e+00
2.000000000000000000e+00,1.000000000000000000e+00,-3.000000000000000000e+00,-8.000000000000000000e+00,2.701407050697179102e+01,5.093434360955873785e+01,2.444941467400406054e+02,0.000000000000000000e+00,6.078994280350770163e-01,1.190905670411637196e+00
2.000000000000000000e+00,1.000000000000000000e+00,-3.000000000000000000e+00,-7.000000000000000000e+00,3.122049102198090509e+01,6.811992433311669970e+01,2.719049165396807552e+02,0.000000000000000000e+00,5.694652196180929327e-01,1.284616240830907419e+00
2.000000000000000000e+00,1.000000000000000000e+00,-3.000000000000000000e+00,-6.000000000000000000e+00,3.549192997517840809e+01,8.397080699875445475e+01,2.977887803136770799e+02,0.000000000000000000e+00,5.335485153538714886e-01,1.386656690201582220e+00
2.000000000000000000e+00,1.000000000000000000e+00,-2.000000000000000000e+00,-1.200000000000000000e+01,2.034938175909246638e+00,1.248259817475306477e+01,1.082900334597914593e+02,0.000000000000000000e+00,6.803116561157701581e-01,9.562994136409768142e-01
2.000000000000000000e+00,1.000000000000000000e+00,-2.000000000000000000e+00,-1.100000000000000000e+01,5.980443586943607670e+00,3.534466119711552778e+01,1.462593605269747741e+02,0.000000000000000000e+00,6.347359404896186774e-01,1.030598146462534670e+00
2.000000000000000000e+00,1.000000000000000000e+00,-2.000000000000000000e+00,-1.000000000000000000e+01,9.957849454327231342e+00,5.664940717543620963e+01,1.803401610895122076e+02,0.000000000000000000e+00,5.900815026555658038e-01,1.116126710614154138e+00
2.000000000000000000e+00,1.000000000000000000e+00,-2.000000000000000000e+00,-9.000000000000000000e+00,1.399311630238264570e+01,7.660509704301175304e+01,2.113777120813663544e+02,0.000000000000000000e+00,5.468219298904234416e-01,1.215194541936476469e+00
2.000000000000000000e+00,1.000000000000000000e+00,-2.000000000000000000e+00,-8.000000000000000000e+00,1.811317605545957576e+01,9.536661066123994601e+01,2.400253854602947285e+02,0.000000000000000000e+00,5.052683671264482923e-01,1.330553815696007058e+00
2.000000000000000000e+00,1.000000000000000000e+00,-2.000000000000000000e+00,-7.000000000000000000e+00,2.234665182734346445e+01,1.130445522015097737e+02,2.668009933929527051e+02,0.000000000000000000e+00,4.656267143763724303e-01,1.465314671287701653e+00
2.000000000000000000e+00,1.000000000000000000e+00,-2.000000000000000000e+00,-6.000000000000000000e+00,2.672436885066443324e+01,1.297103184826382289e+02,2.921250178381354772e+02,0.000000000000000000e+00,4.280421717080036270e-01,1.622573440628674479e+00
2.000000000000000000e+00,1.000000000000000000e+00,-2.000000000000000000e+00,-5.000000000000000000e+00,3.127950633809859937e+01,1.453979880724066049e+02,3.163472609867972096e+02,0.000000000000000000e+00,3.926351553709324094e-01,1.804381092574398382e+00
2.000000000000000000e+00,1.000000000000000000e+00,-2.000000000000000000e+00,-4.000000000000000000e+00,3.604707065184192061e+01,1.601035223786097959e+02,3.397658734624178010e+02,0.000000000000000000e+00,3.595317492206036025e-01,2.009369289567528138e+00
2.000000000000000000e+00,1.000000000000000000e+00,-1.000000000000000000e+00,-1.100000000000000000e+01,-5.658724792824898486e+00,6.682368923113290293e+01,1.413234146295294522e+02,0.000000000000000000e+00,5.632953018298146874e-01,1.079987335392475156e+00
2.000000000000000000e+00,1.000000000000000000e+00,-1.000000000000000000e+00,-1.000000000000000000e+01,-2.160945056642617601e+00,8.784175494617177549e+01,1.750006169134353229e+02,0.000000000000000000e+00,5.187335998529719605e-01,1.179664235252622984e+00
2.000000000000000000e+00,1.000000000000000000e+00,-1.000000000000000000e+00,-9.000000000000000000e+00,1.351563298091264187e+00,1.078453710350679984e+02,2.056967509952423256e+02,0.000000000000000000e+00,4.751574267863618584e-01,1.298544186016179935e+00
2.000000000000000000e+00,1.000000000000000000e+00,-1.000000000000000000e+00,-8.000000000000000000e+00,4.905929026853328878e+00,1.269777645966724293e+02,2.340483229839555008e+02,0.000000000000000000e+00,4.328214239828965804e-01,1.442310236649423150e+00
2.000000000000000000e+00,1.000000000000000000e+00,-1.000000000000000000e+00,-7.000000000000000000e+00,8.533478558450724449e+00,1.453530223840634790e+02,2.605617079560964271e+02,0.000000000000000000e+00,3.918666978722138983e-01,1.618828601307914283e+00
2.000000000000000000e+00,1.000000000000000000e+00,-1.000000000000000000e+00,-6.000000000000000000e+00,1.227247782329376946e+01,1.630596936747875816e+02,2.856499665988502557e+02,0.000000000000000000e+00,3.523620332354511775e-01,1.839004145124392808e+00
2.000000000000000000e+00,1.000000000000000000e+00,-1.000000000000000000e+00,-5.000000000000000000e+00,1.617214038687674815e+01,1.801618914882238016e+02,3.096587107421470364e+02,0.000000000000000000e+00,3.143369894548056487e-01,2.117608947777143591e+00
2.000000000000000000e+00,1.000000000000000000e+00,-1.000000000000000000e+00,-4.000000000000000000e+00,2.029882746017995032e+01,1.966974270165035534e+02,3.328847722928709914e+02,0.000000000000000000e+00,2.778114030184820060e-01,2.472863336741859097e+00
2.000000000000000000e+00,1.000000000000000000e+00,-1.000000000000000000e+00,-3.000000000000000000e+00,2.474604104551031014e+01,2.126716181079178511e+02,3.555899907781011962e+02,0.000000000000000000e+00,2.428266691174879865e-01,2.920088606672719855e+00
2.000000000000000000e+00,1.000000000000000000e+00,-1.000000000000000000e+00,-2.000000000000000000e+00,2.965097918678156930e+01,2.280437255876216511e+02,3.780115013308628704e+02,0.000000000000000000e+00,2.094868598692502248e-01,3.445486110466344787e+00
2.000000000000000000e+00,1.000000000000000000e+00,-1.000000000000000000e+00,-1.000000000000000000e+00,3.522209525984393963e+01,2.426995347317753726e+02,4.003691596516480331e+02,0.000000000000000000e+00,1.780241128588250510e-01,3.940167049940171751e+00
2.000000000000000000e+00,1.000000000000000000e+00,0.000000000000000000e+00,-4.000000000000000000e+00,-5.164117971048312938e+00,2.134194785197542501e+02,3.257334075778130682e+02,0.000000000000000000e+00,2.410865554190535220e-01,2.716797960733810413e+00
2.000000000000000000e+00,1.000000000000000000e+00,0.000000000000000000e+00,-3.000000000000000000e+00,-4.301159454211870070e+00,2.302964327238616420e+02,3.484453562792938328e+02,0.000000000000000000e+00,2.045472490178396052e-01,3.347723093238598402e+00
2.000000000000000000e+00,1.000000000000000000e+00,0.000000000000000000e+00,-2.000000000000000000e+00,-4.240997141677240734e+00,2.469399480338779256e+02,3.708662166429305671e+02,0.000000000000000000e+00,1.689070244425440182e-01,4.218676119509164657e+00
2.000000000000000000e+00,1.000000000000000000e+00,0.000000000000000000e+00,-1.000000000000000000e+00,-5.588905030776942340e+00,2.633902387466917503e+02,3.932244678176586490e+02,0.000000000000000000e+00,1.340875611540328638e-01,5.243955554932641761e+00
2.000000000000000000e+00,2.000000000000000000e+00,-4.000000000000000000e+00,-5.000000000000000000e+00,3.469834406070913246e+01,1.503546996440570638e+01,3.655045498420023478e+02,0.000000000000000000e+00,6.957663627922866523e-01,1.168023004573177870e+00
2.000000000000000000e+00,2.000000000000000000e+00,-4.000000000000000000e+00,-4.000000000000000000e+00,3.778051015309981153e+01,3.018514666162116100e+01,3.900979980411921133e+02,0.000000000000000000e+00,6.604735284791392047e-01,1.218499975508706035e+00
2.000000000000000000e+00,2.000000000000000000e+00,-3.000000000000000000e+00,-8.000000000000000000e+00,1.955399984436047589e+01,1.286696201637246872e+01,2.816630534995958328e+02,0.000000000000000000e+00,6.981164749768105082e-01,1.121994532226096464e+00
2.000000000000000000e+00,2.000000000000000000e+00,-3.000000000000000000e+00,-7.000000000000000000e+00,2.283091597245032744e+01,3.243388033872582810e+01,3.085062947919747671e+02,0.000000000000000000e+00,6.538504632699403407e-01,1.199309940341452663e+00
2.000000000000000000e+00,2.000000000000000000e+00,-3.000000000000000000e+00,-6.000000000000000000e+00,2.609909841576595113e+01,5.058032232691496688e+01,3.339854459399489315e+02,0.000000000000000000e+00,6.121922869243568988e-01,1.281060660614970148e+00
2.000000000000000000e+00,2.000000000000000000e+00,-3.000000000000000000e+00,-5.000000000000000000e+00,2.935871870912131953e+01,6.743993135320266674e+01,3.584569552043506633e+02,0.000000000000000000e+00,5.731555181679923727e-01,1.365062681279440859e+00
2.000000000000000000e+00,2.000000000000000000e+00,-3.000000000000000000e+00,-4.000000000000000000e+00,3.260717836789550006e+01,8.311117825306912721e+01,3.822267916837080293e+02,0.000000000000000000e+00,5.367236777675850057e-01,1.447628948128034887e+00
2.000000000000000000e+00,2.000000000000000000e+00,-3.000000000000000000e+00,-3.000000000000000000e+00,3.583843735051328849e+01,9.766417517900974588e+01,4.055655561832970193e+02,0.000000000000000000e+00,5.028650666327215690e-01,1.523342148235413474e+00
2.000000000000000000e+00,2.000000000000000000e+00,-2.000000000000000000e+00,-1.000000000000000000e+01,5.036897933321682785e+00,9.335059765889809569e+00,2.184842798767613772e+02,0.000000000000000000e+00,7.015747253075829137e-01,1.058804473888571795e+00
2.000000000000000000e+00,2.000000000000000000e+00,-2.000000000000000000e+00,-9.000000000000000000e+00,8.164270109022794486e+00,3.178062319723181872e+01,2.485846709880994183e+02,0.000000000000000000e+00,6.523909187193713821e-01,1.142236250260280084e+00
2.000000000000000000e+00,2.000000000000000000e+00,-2.000000000000000000e+00,-8.000000000000000000e+00,1.127430713576356425e+01,5.274205839879215318e+01,2.764900201545884215e+02,0.000000000000000000e+00,6.053383474430553690e-01,1.236431668370929549e+00
2.000000000000000000e+00,2.000000000000000000e+00,-2.000000000000000000e+00,-7.000000000000000000e+00,1.437407690416833361e+01,7.242215900517109617e+01,3.026941421351497183e+02,0.000000000000000000e+00,5.605055497281180577e-01,1.342305798610881062e+00
2.000000000000000000e+00,2.000000000000000000e+00,-2.000000000000000000e+00,-6.000000000000000000e+00,1.746946304559224927e+01,9.097887152539462363e+01,3.276008094770703565e+02,0.000000000000000000e+00,5.179076734538642368e-01,1.460044303336359706e+00
2.000000000000000000e+00,2.000000000000000000e+00,-2.000000000000000000e+00,-5.000000000000000000e+00,2.056501189596519907e+01,1.085346896965462378e+02,3.515491131996085414e+02,0.000000000000000000e+00,4.775145042609115764e-01,1.588270389634448110e+00
2.000000000000000000e+00,2.000000000000000000e+00,-2.000000000000000000e+00,-4.000000000000000000e+00,2.366360190386006934e+01,1.251832657303327494e+02,3.748319060958199884e+02,0.000000000000000000e+00,4.392708442091987076e-01,1.722743055233172171e+00
2.000000000000000000e+00,2.000000000000000000e+00,-2.000000000000000000e+00,-3.000000000000000000e+00,2.676587106156347318e+01,1.409941910676174359e+02,3.977096922904780740e+02,0.000000000000000000e+00,4.031110933036221033e-01,1.854748909440258720e+00
2.000000000000000000e+00,2.000000000000000000e+00,-2.000000000000000000e+00,-2.000000000000000000e+00,2.986930055938478290e+01,1.560166898187222557e+02,4.204215296185689112e+02,0.000000000000000000e+00,3.689692020648270288e-01,1.970083524970086097e+00
2.000000000000000000e+00,2.000000000000000000e+00,-2.000000000000000000e+00,-1.000000000000000000e+00,3.296680052745668377e+01,1.702829449466394465e+02,4.431940427666894493e+02,0.000000000000000000e+00,3.367844264821904798e-01,2.050546919938734280e+00
2.000000000000000000e+00,2.000000000000000000e+00,-2.000000000000000000e+00,0.000000000000000000e+00,3.604457060110567568e+01,1.838119515911882900e+02,4.662493884727995237e+02,0.000000000000000000e+00,3.065024018256934379e-01,2.079641292625468374e+00
2.000000000000000000e+00,2.000000000000000000e+00,-1.000000000000000000e+00,-1.000000000000000000e+01,-5.227485087883280812e+00,3.621569701770414440e+01,2.129278103326741132e+02,0.000000000000000000e+00,6.395598623595321053e-01,1.112578857682358979e+00
2.000000000000000000e+00,2.000000000000000000e+00,-1.000000000000000000e+00,-9.000000000000000000e+00,-2.556689436404354865e+00,5.837286247865813493e+01,2.426790597631872117e+02,0.000000000000000000e+00,5.906181738590784436e-01,1.210619666929896088e+00
2.000000000000000000e+00,2.000000000000000000e+00,-1.000000000000000000e+00,-8.000000000000000000e+00,4.469174160311695232e-02,7.929081262758661808e+01,2.702793601978792140e+02,0.000000000000000000e+00,5.435286553393748887e-01,1.324555181963999351e+00
2.000000000000000000e+00,2.000000000000000000e+00,-1.000000000000000000e+00,-7.000000000000000000e+00,2.575112127897313030e+00,9.916156143936802891e+01,2.962094788247995893e+02,0.000000000000000000e+00,4.983373457222002867e-01,1.457314042019820510e+00
2.000000000000000000e+00,2.000000000000000000e+00,-1.000000000000000000e+00,-6.000000000000000000e+00,5.029415037223799345e+00,1.181425393768830219e+02,3.208639860671456177e+02,0.000000000000000000e+00,4.550138500738175606e-01,1.611730614606513790e+00
2.000000000000000000e+00,2.000000000000000000e+00,-1.000000000000000000e+00,-5.000000000000000000e+00,7.397735477236608403e+00,1.363654946582547325e+02,3.445756116362255739e+02,0.000000000000000000e+00,4.134755576029815471e-01,1.789505037708061908e+00
2.000000000000000000e+00,2.000000000000000000e+00,-1.000000000000000000e+00,-4.000000000000000000e+00,9.663679527791828150e+00,1.539436563956347754e+02,3.676331186863313860e+02,0.000000000000000000e+00,3.736035204044842462e-01,1.988886056878435227e+00
2.000000000000000000e+00,2.000000000000000000e+00,-1.000000000000000000e+00,-3.000000000000000000e+00,1.180130245151556778e+01,1.709782638231026510e+02,3.902949557779670613e+02,0.000000000000000000e+00,3.352511476594633999e-01,2.200345902163694856e+00
2.000000000000000000e+00,2.000000000000000000e+00,-1.000000000000000000e+00,-2.000000000000000000e+00,1.376995951328220258e+01,1.875657251092503941e+02,4.128002319947749470e+02,0.000000000000000000e+00,2.982455861170442701e-01,2.400718664967592453e+00
2.000000000000000000e+00,2.000000000000000000e+00,-1.000000000000000000e+00,-1.000000000000000000e+00,1.550512494088334847e+01,2.038073770621896870e+02,4.353781854242786267e+02,0.000000000000000000e+00,2.623795573360185318e-01,2.550858347630301726e+00
2.000000000000000000e+00,2.000000000000000000e+00,-1.000000000000000000e+00,0.000000000000000000e+00,1.690091772749326537e+01,2.198257432844033019e+02,4.582572274907909105e+02,0.000000000000000000e+00,2.273870814134023866e-01,2.607531882332312367e+00
2.000000000000000000e+00,2.000000000000000000e+00,-1.000000000000000000e+00,1.000000000000000000e+00,1.777365126657068117e+01,2.357964782269232273e+02,4.816749744279343872e+02,0.000000000000000000e+00,1.928855914428032059e-01,2.550858347630302614e+00
2.000000000000000000e+00,2.000000000000000000e+00,-1.000000000000000000e+00,2.000000000000000000e+00,1.777501226813913604e+01,2.520218134080912193e+02,5.058920819459483482e+02,0.000000000000000000e+00,1.582334568797026109e-01,2.400718664967592009e+00
2.000000000000000000e+00,2.000000000000000000e+00,-1.000000000000000000e+00,3.000000000000000000e+00,1.613759733035604427e+01,2.691378965730524442e+02,5.312184139817355799e+02,0.000000000000000000e+00,1.221186897950709421e-01,2.200345902163694412e+00
2.000000000000000000e+00,2.000000000000000000e+00,-1.000000000000000000e+00,4.000000000000000000e+00,1.057977489719849018e+01,2.889645412737752395e+02,5.580944111046012495e+02,0.000000000000000000e+00,8.086235443882147655e-02,1.988886056878435227e+00
2.000000000000000000e+00,3.000000000000000000e+00,-4.000000000000000000e+00,-3.000000000000000000e+00,3.023933615018091814e+01,1.122684373664949931e+01,4.539120637465406389e+02,0.000000000000000000e+00,7.036031701498456359e-01,1.135156927752549949e+00
2.000000000000000000e+00,3.000000000000000000e+00,-4.000000000000000000e+00,-2.000000000000000000e+00,3.238195614327761973e+01,2.614002217860956989e+01,4.784889165305929737e+02,0.000000000000000000e+00,6.679986991059575496e-01,1.160121013770316178e+00
2.000000000000000000e+00,3.000000000000000000e+00,-4.000000000000000000e+00,-1.000000000000000000e+00,3.439174200914709445e+01,3.996817906680982446e+01,5.033067986297417633e+02,0.000000000000000000e+00,6.347601835594902653e-01,1.175913922552770829e+00
2.000000000000000000e+00,3.000000000000000000e+00,-4.000000000000000000e+00,0.000000000000000000e+00,3.624576174740897727e+01,5.283202733567381415e+01,5.286392238802519614e+02,0.000000000000000000e+00,6.036560848285272840e-01,1.181323307304337877e+00
2.000000000000000000e+00,3.000000000000000000e+00,-4.000000000000000000e+00,1.000000000000000000e+00,3.791598865338806945e+01,6.485804974313559512e+01,5.547730326311808540e+02,0.000000000000000000e+00,5.744027955276180819e-01,1.175913922552770829e+00
2.000000000000000000e+00,3.000000000000000000e+00,-3.000000000000000000e+00,-5.000000000000000000e+00,1.992604324784116443e+01,2.728498563564960477e+01,3.955987407082129721e+02,0.000000000000000000e+00,6.672427516696539662e-01,1.207856812127471535e+00
2.000000000000000000e+00,3.000000000000000000e+00,-3.000000000000000000e+00,-4.000000000000000000e+00,2.222388943646009807e+01,4.495354660260491642e+01,4.196391064014638346e+02,0.000000000000000000e+00,6.257219802858947633e-01,1.263932178192651135e+00
2.000000000000000000e+00,3.000000000000000000e+00,-3.000000000000000000e+00,-3.000000000000000000e+00,2.442031956693557504e+01,6.154349664943308085e+01,4.433897766808860297e+02,0.000000000000000000e+00,5.865976586173865526e-01,1.313389016646723917e+00
2.000000000000000000e+00,3.000000000000000000e+00,-3.000000000000000000e+00,-2.000000000000000000e+00,2.649697138729840162e+01,7.718294258972366606e+01,4.671121047852278139e+02,0.000000000000000000e+00,5.496877415648080412e-01,1.352495582845116395e+00
2.000000000000000000e+00,3.000000000000000000e+00,-3.000000000000000000e+00,-1.000000000000000000e+00,2.842980910378813064e+01,9.199233349508379831e+01,4.910591886845376166e+02,0.000000000000000000e+00,5.147774437530290292e-01,1.377705634345307573e+00
2.000000000000000000e+00,3.000000000000000000e+00,-3.000000000000000000e+00,0.000000000000000000e+00,3.018756317161165725e+01,1.060950699446682393e+02,5.154861856940457301e+02,0.000000000000000000e+00,4.816101022125666153e-01,1.386427528416978916e+00
2.000000000000000000e+00,3.000000000000000000e+00,-3.000000000000000000e+00,1.000000000000000000e+00,3.172950467186871037e+01,1.196308677784205372e+02,5.406610395529287416e+02,0.000000000000000000e+00,4.498686715388370283e-01,1.377705634345307795e+00
2.000000000000000000e+00,3.000000000000000000e+00,-3.000000000000000000e+00,2.000000000000000000e+00,3.300210297016778327e+01,1.327743936616489862e+02,5.668768393628491822e+02,0.000000000000000000e+00,4.191439574327323059e-01,1.352495582845116395e+00
2.000000000000000000e+00,3.000000000000000000e+00,-3.000000000000000000e+00,3.000000000000000000e+00,3.393365480873089268e+01,1.457635662007037638e+02,5.944675173272310076e+02,0.000000000000000000e+00,3.888819295408325050e-01,1.313389016646723917e+00
2.000000000000000000e+00,3.000000000000000000e+00,-3.000000000000000000e+00,4.000000000000000000e+00,3.442490212458415044e+01,1.589461894109193452e+02,6.238297014675245009e+02,0.000000000000000000e+00,3.582943633422944751e-01,1.263932178192650913e+00
2.000000000000000000e+00,3.000000000000000000e+00,-3.000000000000000000e+00,5.000000000000000000e+00,3.433090288266006951e+01,1.728643015673876278e+02,6.554561316964893649e+02,0.000000000000000000e+00,3.261971309346191061e-01,1.207856812127471535e+00
2.000000000000000000e+00,3.000000000000000000e+00,-3.000000000000000000e+00,6.000000000000000000e+00,3.342125043090013037e+01,1.884266174964797926e+02,6.899929353528156071e+02,0.000000000000000000e+00,2.906829078707920400e-01,1.148495370155448114e+00
2.000000000000000000e+00,3.000000000000000000e+00,-3.000000000000000000e+00,7.000000000000000000e+00,3.127569775969203647e+01,2.073302643890113188e+02,7.283558026247478665e+02,0.000000000000000000e+00,2.483283069307790913e-01,1.088482344286419323e+00
2.000000000000000000e+00,3.000000000000000000e+00,-2.000000000000000000e+00,-7.000000000000000000e+00,7.242093223855306405e+00,2.489660797796119596e+01,3.386439202635033894e+02,0.000000000000000000e+00,6.722992520565092001e-01,1.192005932987187045e+00
2.000000000000000000e+00,3.000000000000000000e+00,-2.000000000000000000e+00,-6.000000000000000000e+00,9.437200430386553762e+00,4.515531978361156007e+01,3.635374736831178097e+02,0.000000000000000000e+00,6.253235694177575743e-01,1.272170323036664552e+00
2.000000000000000000e+00,3.000000000000000000e+00,-2.000000000000000000e+00,-5.000000000000000000e+00,1.152740508359048022e+01,6.427407509544963204e+01,3.875878639342840870e+02,0.000000000000000000e+00,5.807084922265537408e-01,1.354321388342073273e+00
2.000000000000000000e+00,3.000000000000000000e+00,-2.000000000000000000e+00,-4.000000000000000000e+00,1.349625302327399368e+01,8.241708095350657004e+01,4.110926403966533371e+02,0.000000000000000000e+00,5.382971856702313262e-01,1.434837080645533502e+00
2.000000000000000000e+00,3.000000000000000000e+00,-2.000000000000000000e+00,-3.000000000000000000e+00,1.532104757274748863e+01,9.973014690326887433e+01,4.343203550255799428e+02,0.000000000000000000e+00,4.978957154491214232e-01,1.508457484862359532e+00
2.000000000000000000e+00,3.000000000000000000e+00,-2.000000000000000000e+00,-2.000000000000000000e+00,1.697072516852514923e+01,1.163508448540547562e+02,4.575224398083978485e+02,0.000000000000000000e+00,4.592736736089116922e-01,1.568571503429652569e+00
2.000000000000000000e+00,3.000000000000000000e+00,-2.000000000000000000e+00,-1.000000000000000000e+00,1.840264468322337166e+01,1.324199939814725440e+02,4.809436817743941219e+02,0.000000000000000000e+00,4.221560892888298056e-01,1.608283362108934300e+00
2.000000000000000000e+00,3.000000000000000000e+00,-2.000000000000000000e+00,0.000000000000000000e+00,1.955754121069756479e+01,1.480967474222688907e+02,5.048324264032459610e+02,0.000000000000000000e+00,3.862037849330928752e-01,1.622206320086718279e+00
2.000000000000000000e+00,3.000000000000000000e+00,-2.000000000000000000e+00,1.000000000000000000e+00,2.035115333743570432e+01,1.635811414980149721e+02,5.294517662050396893e+02,0.000000000000000000e+00,3.509757619938905226e-01,1.608283362108934300e+00
2.000000000000000000e+00,3.000000000000000000e+00,-2.000000000000000000e+00,2.000000000000000000e+00,2.065928478832441328e+01,1.791517290386875061e+02,5.550935282674356586e+02,0.000000000000000000e+00,3.158595345585822334e-01,1.568571503429652347e+00
2.000000000000000000e+00,3.000000000000000000e+00,-2.000000000000000000e+00,3.000000000000000000e+00,2.028843056129883848e+01,1.952356526832189161e+02,5.820984118999238035e+02,0.000000000000000000e+00,2.799361471943702107e-01,1.508457484862359532e+00
2.000000000000000000e+00,3.000000000000000000e+00,-2.000000000000000000e+00,4.000000000000000000e+00,1.890972250979612568e+01,2.125579162060030569e+02,6.108901051442379639e+02,0.000000000000000000e+00,2.416891723489981991e-01,1.434837080645533280e+00
2.000000000000000000e+00,3.000000000000000000e+00,-2.000000000000000000e+00,5.000000000000000000e+00,1.587745815430349694e+01,2.325293116332285592e+02,6.420474398702375538e+02,0.000000000000000000e+00,1.982468025152754609e-01,1.354321388342073496e+00
2.000000000000000000e+00,3.000000000000000000e+00,-2.000000000000000000e+00,6.000000000000000000e+00,9.518297636796063443e+00,2.586864607403188074e+02,6.765278457107442591e+02,0.000000000000000000e+00,1.425650632754377478e-01,1.272170323036664552e+00
2.000000000000000000e+00,3.000000000000000000e+00,-1.000000000000000000e+00,-8.000000000000000000e+00,-4.741148081080638121e+00,2.678404640179323337e+01,3.058029475920677100e+02,0.000000000000000000e+00,6.669117157327326684e-01,1.179523130928754382e+00
2.000000000000000000e+00,3.000000000000000000e+00,-1.000000000000000000e+00,-7.000000000000000000e+00,-2.932359265132305381e+00,4.818733136083054092e+01,3.315892202440903702e+02,0.000000000000000000e+00,6.177332354799121017e-01,1.270363002570063848e+00
2.000000000000000000e+00,3.000000000000000000e+00,-1.000000000000000000e+00,-6.000000000000000000e+00,-1.280659338368622002e+00,6.843251830532419433e+01,3.562075119594847479e+02,0.000000000000000000e+00,5.708140553855002297e-01,1.368778946962249110e+00
2.000000000000000000e+00,3.000000000000000000e+00,-1.000000000000000000e+00,-5.000000000000000000e+00,1.878593159856336570e-01,8.770637012478799477e+01,3.799907040235384557e+02,0.000000000000000000e+00,5.260149219640820606e-01,1.472727385493023178e+00
2.000000000000000000e+00,3.000000000000000000e+00,-1.000000000000000000e+00,-4.000000000000000000e+00,1.437204762075822373e+00,1.061737903142927166e+02,4.032299774663161998e+02,0.000000000000000000e+00,4.831483208603261637e-01,1.578012099998020501e+00
2.000000000000000000e+00,3.000000000000000000e+00,-1.000000000000000000e+00,-3.000000000000000000e+00,2.417583328724759895e+00,1.239888829859257982e+02,4.261889055511315973e+02,0.000000000000000000e+00,4.419828993428716601e-01,1.677579597363107355e+00
2.000000000000000000e+00,3.000000000000000000e+00,-1.000000000000000000e+00,-2.000000000000000000e+00,3.059232798108581619e+00,1.413070953330486361e+02,4.491151222896991158e+02,0.000000000000000000e+00,4.022381356516781525e-01,1.761469711820365935e+00
2.000000000000000000e+00,3.000000000000000000e+00,-1.000000000000000000e+00,-1.000000000000000000e+00,3.262247939728382562e+00,1.583010675089388997e+02,4.722508864629546679e+02,0.000000000000000000e+00,3.635661673706502284e-01,1.818276712254363048e+00
2.000000000000000000e+00,3.000000000000000000e+00,-1.000000000000000000e+00,0.000000000000000000e+00,2.878799224453786110e+00,1.751848290701921655e+02,4.958438693806514266e+02,0.000000000000000000e+00,3.255130800154632520e-01,1.838469701643683507e+00
2.000000000000000000e+00,3.000000000000000000e+00,-1.000000000000000000e+00,1.000000000000000000e+00,1.679577435916655759e+00,1.922561184349826533e+02,5.201599987040127644e+02,0.000000000000000000e+00,2.874413488534360295e-01,1.818276712254363048e+00
2.000000000000000000e+00,3.000000000000000000e+00,-1.000000000000000000e+00,2.000000000000000000e+00,-7.165568305181011510e-01,2.099810869338889745e+02,5.455018783891720204e+02,0.000000000000000000e+00,2.483661409039196188e-01,1.761469711820366379e+00
2.000000000000000000e+00,3.000000000000000000e+00,-1.000000000000000000e+00,3.000000000000000000e+00,-5.014453310147899856e+00,2.291948995604877268e+02,5.722420091965406073e+02,0.000000000000000000e+00,2.065603878608949229e-01,1.677579597363107355e+00
2.000000000000000000e+00,4.000000000000000000e+00,-4.000000000000000000e+00,0.000000000000000000e+00,2.413722883318658319e+01,1.668421918060570874e+01,5.770445127321410155e+02,0.000000000000000000e+00,6.825222740957552769e-01,1.039820646312734187e+00
2.000000000000000000e+00,4.000000000000000000e+00,-4.000000000000000000e+00,1.000000000000000000e+00,2.493361514888329111e+01,3.157100000309279153e+01,6.051468516670887539e+02,0.000000000000000000e+00,6.457523388240791196e-01,1.036125868726030186e+00
2.000000000000000000e+00,4.000000000000000000e+00,-4.000000000000000000e+00,2.000000000000000000e+00,2.543707603627646563e+01,4.615565040784747453e+01,6.347688219906538052e+02,0.000000000000000000e+00,6.094736767050830117e-01,1.025273459969367140e+00
2.000000000000000000e+00,4.000000000000000000e+00,-4.000000000000000000e+00,3.000000000000000000e+00,2.558644405685680567e+01,6.079216296680920095e+01,6.663656196171000374e+02,0.000000000000000000e+00,5.728775832725278017e-01,1.007920025980871825e+00
2.000000000000000000e+00,4.000000000000000000e+00,-4.000000000000000000e+00,4.000000000000000000e+00,2.529829924349741077e+01,7.597146735988292221e+01,7.004952483420158842e+02,0.000000000000000000e+00,5.348591626906110674e-01,9.850417624850429377e-01
2.000000000000000000e+00,4.000000000000000000e+00,-4.000000000000000000e+00,5.000000000000000000e+00,2.445256867943817269e+01,9.242318486216997542e+01,7.378721444418762303e+02,0.000000000000000000e+00,4.938348024649732992e-01,9.577945028864699450e-01
2.000000000000000000e+00,4.000000000000000000e+00,-3.000000000000000000e+00,-3.000000000000000000e+00,1.435785096397367511e+01,1.600646904794083980e+01,4.850986821172954819e+02,0.000000000000000000e+00,6.911840629061274388e-01,1.126506103474143483e+00
2.000000000000000000e+00,4.000000000000000000e+00,-3.000000000000000000e+00,-2.000000000000000000e+00,1.556945164345887633e+01,3.361844208688509639e+01,5.098153438918653819e+02,0.000000000000000000e+00,6.491011116658822466e-01,1.150891484959664091e+00
2.000000000000000000e+00,4.000000000000000000e+00,-3.000000000000000000e+00,-1.000000000000000000e+00,1.655772544339933461e+01,5.049175189035145195e+01,5.349620810448326438e+02,0.000000000000000000e+00,6.086689948317576260e-01,1.166305444849937256e+00
2.000000000000000000e+00,4.000000000000000000e+00,-3.000000000000000000e+00,0.000000000000000000e+00,1.727883424170158833e+01,6.684648534165518186e+01,5.608329524560645041e+02,0.000000000000000000e+00,5.694491425498557913e-01,1.171582715165016664e+00
2.000000000000000000e+00,4.000000000000000000e+00,-3.000000000000000000e+00,1.000000000000000000e+00,1.767485163334001186e+01,8.294195058084851269e+01,5.877470036349449174e+02,0.000000000000000000e+00,5.308866016744726579e-01,1.166305444849937478e+00
2.000000000000000000e+00,4.000000000000000000e+00,-3.000000000000000000e+00,2.000000000000000000e+00,1.766708742378924057e+01,9.911048405975641629e+01,6.160662570890870029e+02,0.000000000000000000e+00,4.922516762782978561e-01,1.150891484959664313e+00
2.000000000000000000e+00,4.000000000000000000e+00,-3.000000000000000000e+00,3.000000000000000000e+00,1.714424158059694037e+01,1.158132669470374339e+02,6.462207320337838610e+02,0.000000000000000000e+00,4.525376642039838360e-01,1.126506103474143483e+00
2.000000000000000000e+00,4.000000000000000000e+00,-3.000000000000000000e+00,4.000000000000000000e+00,1.593941047870762873e+01,1.337428927448132754e+02,6.787472642926197750e+02,0.000000000000000000e+00,4.102697883284144309e-01,1.094831744208387247e+00
2.000000000000000000e+00,4.000000000000000000e+00,-3.000000000000000000e+00,5.000000000000000000e+00,1.377968377018981982e+01,1.540379621331396436e+02,7.143580715335956484e+02,0.000000000000000000e+00,3.631055828814057640e-01,1.057778690001951016e+00
2.000000000000000000e+00,4.000000000000000000e+00,-3.000000000000000000e+00,6.000000000000000000e+00,1.015378729002213731e+01,1.788230939495290386e+02,7.540864662810968184e+02,0.000000000000000000e+00,3.068325419970234780e-01,1.017222387008035689e+00
2.000000000000000000e+00,4.000000000000000000e+00,-2.000000000000000000e+00,-5.000000000000000000e+00,3.625177192650454572e+00,1.238288066309473834e+01,4.262320977840661840e+02,0.000000000000000000e+00,7.016743567300801621e-01,1.152015850211526526e+00
2.000000000000000000e+00,4.000000000000000000e+00,-2.000000000000000000e+00,-4.000000000000000000e+00,4.831208745877262345e+00,3.209276602512102272e+01,4.503364638610508450e+02,0.000000000000000000e+00,6.551477394384963571e-01,1.200359332483796004e+00
2.000000000000000000e+00,4.000000000000000000e+00,-2.000000000000000000e+00,-3.000000000000000000e+00,5.819902124790019116e+00,5.087471851484409058e+01,4.742981101077545532e+02,0.000000000000000000e+00,6.106579184941550720e-01,1.242477119971895139e+00
2.000000000000000000e+00,4.000000000000000000e+00,-2.000000000000000000e+00,-2.000000000000000000e+00,6.549742190886831850e+00,6.893440453339084684e+01,4.983895779632262020e+02,0.000000000000000000e+00,5.678722577209568412e-01,1.275429173815151307e+00
2.000000000000000000e+00,4.000000000000000000e+00,-2.000000000000000000e+00,-1.000000000000000000e+00,6.965559698938903921e+00,8.648837896549629534e+01,5.228821172558054968e+02,0.000000000000000000e+00,5.263831921051004281e-01,1.296505021736512830e+00
2.000000000000000000e+00,4.000000000000000000e+00,-2.000000000000000000e+00,0.000000000000000000e+00,6.992540436711379925e+00,1.037858211024081214e+02,5.480583201965292801e+02,0.000000000000000000e+00,4.856786448137876411e-01,1.303765941166156184e+00
2.000000000000000000e+00,4.000000000000000000e+00,-2.000000000000000000e+00,1.000000000000000000e+00,6.526157832984353035e+00,1.211408681156931522e+02,5.742268762806926361e+02,0.000000000000000000e+00,4.450877337235573661e-01,1.296505021736512608e+00
2.000000000000000000e+00,4.000000000000000000e+00,-2.000000000000000000e+00,2.000000000000000000e+00,5.413987397081740482e+00,1.389867664978183939e+02,6.017422565728944619e+02,0.000000000000000000e+00,4.036813448860041564e-01,1.275429173815151307e+00
2.000000000000000000e+00,4.000000000000000000e+00,-2.000000000000000000e+00,3.000000000000000000e+00,3.419562800351229725e+00,1.579781255815900920e+02,6.310349149587914326e+02,0.000000000000000000e+00,3.600780639740367994e-01,1.242477119971894917e+00
2.000000000000000000e+00,4.000000000000000000e+00,-2.000000000000000000e+00,4.000000000000000000e+00,1.402750292230621199e-01,1.792144050311426327e+02,6.626658772797957226e+02,0.000000000000000000e+00,3.120160081762248239e-01,1.200359332483796004e+00
2.000000000000000000e+00,4.000000000000000000e+00,-2.000000000000000000e+00,5.000000000000000000e+00,-5.221714108563645595e+00,2.048448750394514946e+02,6.974510230131893422e+02,0.000000000000000000e+00,2.551913131583872785e-01,1.152015850211526748e+00
2.000000000000000000e+00,4.000000000000000000e+00,-1.000000000000000000e+00,-5.000000000000000000e+00,-6.189713214666198837e+00,3.323385189692427844e+01,4.176545628132003003e+02,0.000000000000000000e+00,6.531488543400916225e-01,1.222281502192820390e+00
2.000000000000000000e+00,4.000000000000000000e+00,-1.000000000000000000e+00,-4.000000000000000000e+00,-5.555646002840688880e+00,5.286244179719315639e+01,4.414448861313031216e+02,0.000000000000000000e+00,6.068932358013745532e-01,1.280488897659129766e+00
2.000000000000000000e+00,4.000000000000000000e+00,-1.000000000000000000e+00,-3.000000000000000000e+00,-5.228858979686350494e+00,7.168374777053135460e+01,4.650765080248434060e+02,0.000000000000000000e+00,5.625153753463179029e-01,1.331995643006894881e+00
2.000000000000000000e+00,4.000000000000000000e+00,-1.000000000000000000e+00,-2.000000000000000000e+00,-5.274986369503693595e+00,8.990357737718628073e+01,4.888149246972212154e+02,0.000000000000000000e+00,5.196636188264029954e-01,1.372840499188007435e+00
2.000000000000000000e+00,4.000000000000000000e+00,-1.000000000000000000e+00,-1.000000000000000000e+00,-5.782979367789153002e+00,1.077460255067722557e+02,5.129245181328971057e+02,0.000000000000000000e+00,4.779031186575878887e-01,1.399227920662430735e+00
2.000000000000000000e+00,5.000000000000000000e+00,-4.000000000000000000e+00,3.000000000000000000e+00,1.210195432688033179e+01,2.290186055262032028e+01,7.353853420773300513e+02,0.000000000000000000e+00,6.443273766030384042e-01,8.936557692172771850e-01
2.000000000000000000e+00,5.000000000000000000e+00,-3.000000000000000000e+00,0.000000000000000000e+00,6.198598197672140486e+00,1.741779097944615273e+01,6.147722985949335452e+02,0.000000000000000000e+00,6.764389337525807955e-01,1.001828013242292315e+00
2.000000000000000000e+00,5.000000000000000000e+00,-3.000000000000000000e+00,1.000000000000000000e+00,5.779464787386075386e+00,3.599542262685289984e+01,6.442333812787466059e+02,0.000000000000000000e+00,6.309802942011495386e-01,9.985223515211727463e-01
2.000000000000000000e+00,5.000000000000000000e+00,-3.000000000000000000e+00,2.000000000000000000e+00,4.873939542464569286e+00,5.501364522880734853e+01,6.756036549523209942e+02,0.000000000000000000e+00,5.844466227040808759e-01,9.887983084738504180e-01
2.000000000000000000e+00,5.000000000000000000e+00,-3.000000000000000000e+00,3.000000000000000000e+00,3.345907878663496149e+00,7.516331192104395598e+01,7.094548579138506739e+02,0.000000000000000000e+00,5.353892536157562887e-01,9.732043462761462704e-01
2.000000000000000000e+00,5.000000000000000000e+00,-3.000000000000000000e+00,4.000000000000000000e+00,9.846648127771118197e-01,9.750747471115214182e+01,7.465333950395956890e+02,0.000000000000000000e+00,4.816355803790267065e-01,9.525623439844899121e-01
2.000000000000000000e+00,5.000000000000000000e+00,-2.000000000000000000e+00,-2.000000000000000000e+00,-2.308847736617394730e+00,1.312680168667981206e+01,5.457324541114705880e+02,0.000000000000000000e+00,6.936462611978064796e-01,1.064464291402899443e+00
2.000000000000000000e+00,5.000000000000000000e+00,-2.000000000000000000e+00,-1.000000000000000000e+00,-2.527694747454802382e+00,3.235838913445559228e+01,5.718651383161849253e+02,0.000000000000000000e+00,6.473875255332781631e-01,1.076624466318596429e+00
2.000000000000000000e+00,5.000000000000000000e+00,-2.000000000000000000e+00,0.000000000000000000e+00,-3.170461677585564075e+00,5.137334200093707182e+01,5.989691183225445457e+02,0.000000000000000000e+00,6.016025308045225284e-01,1.080771417277309299e+00
2.000000000000000000e+00,5.000000000000000000e+00,-2.000000000000000000e+00,1.000000000000000000e+00,-4.339408068430969934e+00,7.058231581905384644e+01,6.274183384153191128e+02,0.000000000000000000e+00,5.554419916892107123e-01,1.076624466318596651e+00
2.000000000000000000e+00,5.000000000000000000e+00,-2.000000000000000000e+00,2.000000000000000000e+00,-6.180838883002877537e+00,9.054241685591519229e+01,6.576545875170093041e+02,0.000000000000000000e+00,5.077372089361719132e-01,1.064464291402899665e+00
2.000000000000000000e+00,-2.000000000000000000e+00,0.000000000000000000e+00,-4.000000000000000000e+00,1.575429422519036393e+01,3.543181430591315575e+02,2.087507224739812841e+02,0.000000000000000000e+00,5.153228477523889156e-02,2.109338059754582773e+00
2.000000000000000000e+00,-1.000000000000000000e+00,0.000000000000000000e+00,-1.000000000000000000e+00,-5.131514723073792084e+00,3.621598789806422474e+02,3.219836239802422142e+02,0.000000000000000000e+00,6.683062975191042532e-02,5.243955554932639984e+00
2.000000000000000000e+00,0.000000000000000000e+00,0.000000000000000000e+00,1.000000000000000000e+00,1.218928778503180865e+01,3.458338779769392772e+02,4.038940053531902663e+02,0.000000000000000000e+00,3.447700363726337314e-02,1.230180172239367664e+01
2.000000000000000000e+00,0.000000000000000000e+00,0.000000000000000000e+00,2.000000000000000000e+00,1.497183316774314221e+01,3.633915699221538489e+02,4.272912502618186181e+02,0.000000000000000000e+00,6.905527927997227866e-02,6.150900861196838321e+00
2.000000000000000000e+00,2.000000000000000000e+00,-2.000000000000000000e+00,9.000000000000000000e+00,2.078002001536427201e+01,3.541106041786966330e+02,7.425278844428311231e+02,0.000000000000000000e+00,4.908881472389011597e-02,1.142236250260280084e+00
2.000000000000000000e+00,-8.000000000000000000e+00,-1.000000000000000000e+00,0.000000000000000000e+00,2.302257898004242520e+01,7.837558842237058343e+02,2.992277602651734014e+01,1.000000000000000000e+00,1.035809729350478436e+00,7.193510344839021409e-01
2.000000000000000000e+00,-8.000000000000000000e+00,0.000000000000000000e+00,0.000000000000000000e+00,3.170657198264052568e+01,7.719462479080968933e+02,1.948023756400442608e+01,1.000000000000000000e+00,1.000509676254646152e+00,7.246287908300268477e-01
2.000000000000000000e+00,-8.000000000000000000e+00,0.000000000000000000e+00,1.000000000000000000e+00,3.073293033000112473e+01,7.898806361969004683e+02,5.616510902882077971e+01,1.000000000000000000e+00,1.065274263427902435e+00,7.233749253397601109e-01
2.000000000000000000e+00,-7.000000000000000000e+00,-3.000000000000000000e+00,-2.000000000000000000e+00,6.511304019236092699e-01,7.437840413280873690e+02,4.738558229621690998e+01,1.000000000000000000e+00,9.417532875853547036e-01,7.587626788350351204e-01
2.000000000000000000e+00,-7.000000000000000000e+00,-3.000000000000000000e+00,-1.000000000000000000e+00,6.724061558467440136e-01,7.558109049780026680e+02,8.320260301974599315e+01,1.000000000000000000e+00,9.890588682424313882e-01,7.631299353547685849e-01
2.000000000000000000e+00,-7.000000000000000000e+00,-3.000000000000000000e+00,0.000000000000000000e+00,9.703640274197482540e-01,7.680254666742674772e+02,1.160046990548937629e+02,1.000000000000000000e+00,1.035764181277762930e+00,7.646025316015356843e-01
2.000000000000000000e+00,-7.000000000000000000e+00,-3.000000000000000000e+00,1.000000000000000000e+00,1.508024568604326987e+00,7.807055197960637543e+02,1.464707778266003402e+02,1.000000000000000000e+00,1.082752256508148880e+00,7.631299353547685849e-01
2.000000000000000000e+00,-7.000000000000000000e+00,-2.000000000000000000e+00,-2.000000000000000000e+00,8.585423602208123839e+00,7.062900893587470819e+02,4.225516523618171050e+01,1.000000000000000000e+00,8.420596038334307032e-01,7.913823726201735242e-01
2.000000000000000000e+00,-7.000000000000000000e+00,-2.000000000000000000e+00,-1.000000000000000000e+00,8.159743181028659365e+00,7.206457324864122711e+02,7.842154989199326565e+01,1.000000000000000000e+00,8.933133597085205491e-01,7.963412120007619110e-01
2.000000000000000000e+00,-7.000000000000000000e+00,-2.000000000000000000e+00,0.000000000000000000e+00,8.078218180219209898e+00,7.347209753517663557e+02,1.113849225377399534e+02,1.000000000000000000e+00,9.433370467463925158e-01,7.980149893264166794e-01
2.000000000000000000e+00,-7.000000000000000000e+00,-2.000000000000000000e+00,1.000000000000000000e+00,8.287376028049578736e+00,7.488965489672721105e+02,1.418758730535638506e+02,1.000000000000000000e+00,9.931872576895921512e-01,7.963412120007619110e-01
2.000000000000000000e+00,-7.000000000000000000e+00,-2.000000000000000000e+00,2.000000000000000000e+00,8.746546265488689187e+00,7.634605633445879675e+02,1.704595628706540538e+02,1.000000000000000000e+00,1.043662241869393048e+00,7.913823726201733022e-01
2.000000000000000000e+00,-7.000000000000000000e+00,-2.000000000000000000e+00,3.000000000000000000e+00,9.423972402511623159e+00,7.786484706254991579e+02,1.975929390066958433e+02,1.000000000000000000e+00,1.095368387814346312e+00,7.833195907378046607e-01
2.000000000000000000e+00,-7.000000000000000000e+00,-1.000000000000000000e+00,-2.000000000000000000e+00,1.831520338384132174e+01,6.796737694729029045e+02,3.373844476435749584e+01,1.000000000000000000e+00,7.703122558971415845e-01,8.130964659138082418e-01
2.000000000000000000e+00,-7.000000000000000000e+00,-1.000000000000000000e+00,-1.000000000000000000e+00,1.727549290507502633e+01,6.963069135657289053e+02,7.072603084045942978e+01,1.000000000000000000e+00,8.259095405893660535e-01,8.184776118229613040e-01
2.000000000000000000e+00,-7.000000000000000000e+00,-1.000000000000000000e+00,0.000000000000000000e+00,1.667533439771796111e+01,7.121719786275082242e+02,1.042325315992970900e+02,1.000000000000000000e+00,8.794870802500847073e-01,8.202952095087611140e-01
2.000000000000000000e+00,-7.000000000000000000e+00,-1.000000000000000000e+00,1.000000000000000000e+00,1.643712015979460261e+01,7.277793091495911995e+02,1.350720555588092964e+02,1.000000000000000000e+00,9.323250563333960184e-01,8.184776118229611930e-01
2.000000000000000000e+00,-7.000000000000000000e+00,-1.000000000000000000e+00,2.000000000000000000e+00,1.650383257100969558e+01,7.434979991104876262e+02,1.638591221891715293e+02,1.000000000000000000e+00,9.853732429393801118e-01,8.130964659138082418e-01
2.000000000000000000e+00,-7.000000000000000000e+00,-1.000000000000000000e+00,3.000000000000000000e+00,1.683215966212648596e+01,7.596157857976188552e+02,1.910804549581447134e+02,1.000000000000000000e+00,1.039349594470704519e+00,8.043590251393882840e-01
2.000000000000000000e+00,-7.000000000000000000e+00,-1.000000000000000000e+00,4.000000000000000000e+00,1.738839407928429637e+01,7.763754438136423914e+02,2.171400041958363261e+02,1.000000000000000000e+00,1.094795138543841029e+00,7.925866568166634041e-01
2.000000000000000000e+00,-7.000000000000000000e+00,0.000000000000000000e+00,-2.000000000000000000e+00,2.943682417998527967e+01,6.649976521722819598e+02,2.242800050944066470e+01,1.000000000000000000e+00,7.292838916390784743e-01,8.207416083798486639e-01
2.000000000000000000e+00,-7.000000000000000000e+00,0.000000000000000000e+00,-1.000000000000000000e+00,2.767115069371141090e+01,6.835549516269632022e+02,6.055160791399640630e+01,1.000000000000000000e+00,7.890494314105815921e-01,8.262770152070330054e-01
2.000000000000000000e+00,-7.000000000000000000e+00,0.000000000000000000e+00,0.000000000000000000e+00,2.645624609406894479e+01,7.009017647541007818e+02,9.486430539731145473e+01,1.000000000000000000e+00,8.459945469601518608e-01,8.281471895200305244e-01
2.000000000000000000e+00,-7.000000000000000000e+00,0.000000000000000000e+00,1.000000000000000000e+00,2.568616913567524307e+01,7.176843931899491054e+02,1.262831662487873814e+02,1.000000000000000000e+00,9.016378294047988629e-01,8.262770152070330054e-01
2.000000000000000000e+00,-7.000000000000000000e+00,0.000000000000000000e+00,2.000000000000000000e+00,2.528510189829731303e+01,7.343545102504235729e+02,1.554841148966984292e+02,1.000000000000000000e+00,9.570824932917476602e-01,8.207416083798487749e-01
2.000000000000000000e+00,-7.000000000000000000e+00,0.000000000000000000e+00,3.000000000000000000e+00,2.519660274853220017e+01,7.512527814761814398e+02,1.829921417585098311e+02,1.000000000000000000e+00,1.013152740033330002e+00,8.117581074738525748e-01
2.000000000000000000e+00,-7.000000000000000000e+00,0.000000000000000000e+00,4.000000000000000000e+00,2.537742760235070705e+01,7.686572009387959952e+02,2.092355522608673937e+02,1.000000000000000000e+00,1.070468322728107546e+00,7.996627525255879387e-01
2.000000000000000000e+00,-7.000000000000000000e+00,0.000000000000000000e+00,5.000000000000000000e+00,2.579375050617565535e+01,7.868139143221151244e+02,2.345813661763317555e+02,1.000000000000000000e+00,1.129483533416465235e+00,7.848778133518132805e-01
2.000000000000000000e+00,-7.000000000000000000e+00,1.000000000000000000e+00,0.000000000000000000e+00,3.690086872677522933e+01,7.015254371554360660e+02,8.332622881673245274e+01,1.000000000000000000e+00,8.439436109675969577e-01,8.202952095087611140e-01
2.000000000000000000e+00,-7.000000000000000000e+00,1.000000000000000000e+00,1.000000000000000000e+00,3.558867678951500579e+01,7.190517906302205802e+02,1.154959074777910359e+02,1.000000000000000000e+00,9.019312568809743080e-01,8.184776118229614150e-01
2.000000000000000000e+00,-7.000000000000000000e+00,1.000000000000000000e+00,2.000000000000000000e+00,3.470359116505269981e+01,7.363367395171303542e+02,1.452778546547029634e+02,1.000000000000000000e+00,9.594007741157183355e-01,8.130964659138081307e-01
2.000000000000000000e+00,-7.000000000000000000e+00,1.000000000000000000e+00,3.000000000000000000e+00,3.417854146770616808e+01,7.537610598740770911e+02,1.732375907347491193e+02,1.000000000000000000e+00,1.017254977105380487e+00,8.043590251393882840e-01
2.000000000000000000e+00,-7.000000000000000000e+00,1.000000000000000000e+00,4.000000000000000000e+00,3.396240197000807370e+01,7.716303919297125731e+02,1.998305685573955373e+02,1.000000000000000000e+00,1.076167692531696751e+00,7.925866568166634041e-01
2.000000000000000000e+00,-6.000000000000000000e+00,-3.000000000000000000e+00,1.000000000000000000e+00,-6.132355156895272330e+00,7.189220553949660371e+02,2.011667607980267007e+02,1.000000000000000000e+00,9.254455808967376740e-01,8.670158930088532889e-01
2.000000000000000000e+00,-6.000000000000000000e+00,-3.000000000000000000e+00,2.000000000000000000e+00,-4.960836616310189129e+00,7.311493354249688537e+02,2.271110543118164458e+02,1.000000000000000000e+00,9.664938864967279608e-01,8.606271707079712341e-01
2.000000000000000000e+00,-6.000000000000000000e+00,-3.000000000000000000e+00,3.000000000000000000e+00,-3.620749263192749368e+00,7.441795446116782387e+02,2.521281370261039854e+02,1.000000000000000000e+00,1.009615942730768268e+00,8.502861158767675009e-01
2.000000000000000000e+00,-6.000000000000000000e+00,-3.000000000000000000e+00,4.000000000000000000e+00,-2.129705627717811467e+00,7.581418431223817151e+02,2.765111583606372392e+02,1.000000000000000000e+00,1.055111101180258304e+00,8.364154716948252188e-01
2.000000000000000000e+00,-6.000000000000000000e+00,-3.000000000000000000e+00,5.000000000000000000e+00,-5.022729923525730555e-01,7.731687572077501045e+02,3.005342520151929193e+02,1.000000000000000000e+00,1.103192194104438473e+00,8.195405685546458541e-01
2.000000000000000000e+00,-6.000000000000000000e+00,-3.000000000000000000e+00,6.000000000000000000e+00,1.249561262956291330e+00,7.894053697288647982e+02,3.244659637162994841e+02,1.000000000000000000e+00,1.153980883975096239e+00,8.002395549891976323e-01
2.000000000000000000e+00,-6.000000000000000000e+00,-2.000000000000000000e+00,-4.000000000000000000e+00,1.291968865184628612e+00,6.197386240835004401e+02,3.505541449983229541e+01,1.000000000000000000e+00,6.191950802322893077e-01,8.807348559101831897e-01
2.000000000000000000e+00,-6.000000000000000000e+00,-2.000000000000000000e+00,-3.000000000000000000e+00,4.898307967476398517e-01,6.344488174432223104e+02,7.325358554414975742e+01,1.000000000000000000e+00,6.649368136914228788e-01,8.969734965735561838e-01
2.000000000000000000e+00,-6.000000000000000000e+00,-2.000000000000000000e+00,-2.000000000000000000e+00,1.617879026815387533e-01,6.480880624608369089e+02,1.076026560396142600e+02,1.000000000000000000e+00,7.080760247251243200e-01,9.091383561271815239e-01
2.000000000000000000e+00,-6.000000000000000000e+00,-2.000000000000000000e+00,-1.000000000000000000e+00,2.164790223452257578e-01,6.612353253709726459e+02,1.390032116339746437e+02,1.000000000000000000e+00,7.500505326642982196e-01,9.166792210409686614e-01
2.000000000000000000e+00,-6.000000000000000000e+00,-2.000000000000000000e+00,0.000000000000000000e+00,5.882835581795973212e-01,6.742803217204159409e+02,1.681157860554837669e+02,1.000000000000000000e+00,7.919041738346489501e-01,9.192348508218417535e-01
2.000000000000000000e+00,-6.000000000000000000e+00,-2.000000000000000000e+00,1.000000000000000000e+00,1.228003107431874241e+00,6.875020215391660940e+02,1.954486433791241495e+02,1.000000000000000000e+00,8.344240542167757901e-01,9.166792210409686614e-01
2.000000000000000000e+00,-6.000000000000000000e+00,-2.000000000000000000e+00,2.000000000000000000e+00,2.097593814029750092e+00,7.011133320206487269e+02,2.214104467937637253e+02,1.000000000000000000e+00,8.782202269270807937e-01,9.091383561271814129e-01
2.000000000000000000e+00,-6.000000000000000000e+00,-2.000000000000000000e+00,3.000000000000000000e+00,3.166991751349200968e+00,7.152886696766369141e+02,2.463441972257102179e+02,1.000000000000000000e+00,9.237731142394423056e-01,8.969734965735560728e-01
2.000000000000000000e+00,-6.000000000000000000e+00,-2.000000000000000000e+00,4.000000000000000000e+00,4.412098688043528227e+00,7.301824127232072215e+02,2.705506605035705547e+02,1.000000000000000000e+00,9.714606973586121796e-01,8.807348559101829677e-01
2.000000000000000000e+00,-6.000000000000000000e+00,-2.000000000000000000e+00,5.000000000000000000e+00,5.813448940588045843e+00,7.459424342918798629e+02,2.943058026841523542e+02,1.000000000000000000e+00,1.021571384113554526e+00,8.610970311916091857e-01
2.000000000000000000e+00,-6.000000000000000000e+00,-2.000000000000000000e+00,6.000000000000000000e+00,7.355296223010100221e+00,7.627211631427175007e+02,3.178749696334561463e+02,1.000000000000000000e+00,1.074305313372573512e+00,8.387897986815537887e-01
2.000000000000000000e+00,-6.000000000000000000e+00,-2.000000000000000000e+00,7.000000000000000000e+00,9.024971788642403681e+00,7.806858020667507390e+02,3.415256811408144131e+02,1.000000000000000000e+00,1.129765035697463560e+00,8.145362916832832312e-01
2.000000000000000000e+00,-6.000000000000000000e+00,-1.000000000000000000e+00,-4.000000000000000000e+00,1.430397277516755139e+01,5.851760217714822829e+02,2.329277866579116107e+01,1.000000000000000000e+00,5.327344200494849025e-01,9.109655182302034415e-01
2.000000000000000000e+00,-6.000000000000000000e+00,-1.000000000000000000e+00,-3.000000000000000000e+00,1.237687036684283726e+01,6.040685917312883930e+02,6.325829191497115289e+01,1.000000000000000000e+00,5.861353073792209267e-01,9.289693434171093500e-01
2.000000000000000000e+00,-6.000000000000000000e+00,-1.000000000000000000e+00,-2.000000000000000000e+00,1.116102663036232912e+01,6.208448435516284007e+02,9.878557639498654908e+01,1.000000000000000000e+00,6.351700488587431748e-01,9.425030713359756618e-01
2.000000000000000000e+00,-6.000000000000000000e+00,-1.000000000000000000e+00,-1.000000000000000000e+00,1.048883846260520158e+01,6.364441195362994677e+02,1.309921739321706013e+02,1.000000000000000000e+00,6.818632850019163971e-01,9.509128539070941244e-01
2.000000000000000000e+00,-6.000000000000000000e+00,-1.000000000000000000e+00,0.000000000000000000e+00,1.024892138582444545e+01,6.514594598374035286e+02,1.606574987256007603e+02,1.000000000000000000e+00,7.275991803918905321e-01,9.537665404820466764e-01
2.000000000000000000e+00,-6.000000000000000000e+00,-1.000000000000000000e+00,1.000000000000000000e+00,1.036261262423394669e+01,6.662933392190691393e+02,1.883595623302145441e+02,1.000000000000000000e+00,7.733800517584051848e-01,9.509128539070941244e-01
2.000000000000000000e+00,-6.000000000000000000e+00,-1.000000000000000000e+00,2.000000000000000000e+00,1.077189770552499226e+01,6.812377558223440701e+02,2.145497741960009819e+02,1.000000000000000000e+00,8.199626898544478681e-01,9.425030713359755508e-01
2.000000000000000000e+00,-6.000000000000000000e+00,-1.000000000000000000e+00,3.000000000000000000e+00,1.143263460874578641e+01,6.965196519716632793e+02,2.395978356236742854e+02,1.000000000000000000e+00,8.679351093159315411e-01,9.289693434171093500e-01
2.000000000000000000e+00,-6.000000000000000000e+00,-1.000000000000000000e+00,4.000000000000000000e+00,1.231048676970547717e+01,7.123289982862910392e+02,2.638209331163608340e+02,1.000000000000000000e+00,9.177603288318253449e-01,9.109655182302034415e-01
2.000000000000000000e+00,-6.000000000000000000e+00,-1.000000000000000000e+00,5.000000000000000000e+00,1.337834903830582789e+01,7.288377625051411997e+02,2.875043043285728572e+02,1.000000000000000000e+00,9.697994664073068538e-01,8.892855647924170492e-01
2.000000000000000000e+00,-6.000000000000000000e+00,-1.000000000000000000e+00,6.000000000000000000e+00,1.461464792154262682e+01,7.462140888069523044e+02,3.109170861723189887e+02,1.000000000000000000e+00,1.024319957961630445e+00,8.647779186541442176e-01
2.000000000000000000e+00,-6.000000000000000000e+00,-1.000000000000000000e+00,7.000000000000000000e+00,1.600218117369237802e+01,7.646342437461487407e+02,3.343258735736893641e+02,1.000000000000000000e+00,1.081491401422781440e+00,8.382711394753732392e-01
2.000000000000000000e+00,-6.000000000000000000e+00,-1.000000000000000000e+00,8.000000000000000000e+00,1.752730642041566966e+01,7.842940937096630023e+02,3.580077480326888804e+02,1.000000000000000000e+00,1.141369634813459877e+00,8.105197661752610028e-01
2.000000000000000000e+00,-6.000000000000000000e+00,0.000000000000000000e+00,-4.000000000000000000e+00,2.989214646814710363e+01,5.636161085005880977e+02,9.407575861623286073e+00,1.000000000000000000e+00,4.797145113964498830e-01,9.217559002449099426e-01
2.000000000000000000e+00,-6.000000000000000000e+00,0.000000000000000000e+00,-3.000000000000000000e+00,2.648794162917397443e+01,5.863755057663515800e+02,5.146831867674734440e+01,1.000000000000000000e+00,5.406119109626603692e-01,9.404203725418237569e-01
2.000000000000000000e+00,-6.000000000000000000e+00,0.000000000000000000e+00,-2.000000000000000000e+00,2.412239799749698932e+01,6.058782610559835575e+02,8.838755095309551280e+01,1.000000000000000000e+00,5.951690831536452508e-01,9.544684216750141115e-01
2.000000000000000000e+00,-6.000000000000000000e+00,0.000000000000000000e+00,-1.000000000000000000e+00,2.251487014316194291e+01,6.235194544996327295e+02,1.215641840554140458e+02,1.000000000000000000e+00,6.461624273241117766e-01,9.632055786034398048e-01
2.000000000000000000e+00,-6.000000000000000000e+00,0.000000000000000000e+00,0.000000000000000000e+00,2.149046300751712124e+01,6.401273191823329398e+02,1.519228213548671818e+02,1.000000000000000000e+00,6.953761568871590359e-01,9.661717211067024635e-01
2.000000000000000000e+00,-6.000000000000000000e+00,0.000000000000000000e+00,1.000000000000000000e+00,2.093125125036829104e+01,6.562389689648822468e+02,1.801240348329672827e+02,1.000000000000000000e+00,7.440500775080012286e-01,9.632055786034398048e-01
2.000000000000000000e+00,-6.000000000000000000e+00,0.000000000000000000e+00,2.000000000000000000e+00,2.075326926085847390e+01,6.722294174603543979e+02,2.066693405938097783e+02,1.000000000000000000e+00,7.930942421864548564e-01,9.544684216750140004e-01
2.000000000000000000e+00,-6.000000000000000000e+00,0.000000000000000000e+00,3.000000000000000000e+00,2.089435180714758644e+01,6.883796986773102162e+02,2.319601326095846616e+02,1.000000000000000000e+00,8.432027284766444586e-01,9.404203725418237569e-01
2.000000000000000000e+00,-6.000000000000000000e+00,0.000000000000000000e+00,4.000000000000000000e+00,2.130715613503414829e+01,7.049165077125860535e+02,2.563340120781967926e+02,1.000000000000000000e+00,8.949167645468487642e-01,9.217559002449098315e-01
2.000000000000000000e+00,-6.000000000000000000e+00,0.000000000000000000e+00,5.000000000000000000e+00,2.195489752767025493e+01,7.220374705614694903e+02,2.800892041420721625e+02,1.000000000000000000e+00,9.486588086987892687e-01,8.993153256531459805e-01
2.000000000000000000e+00,-6.000000000000000000e+00,0.000000000000000000e+00,6.000000000000000000e+00,2.280861134557250125e+01,7.399289301309272560e+02,3.035025459969963890e+02,1.000000000000000000e+00,1.004747498444838572e+00,8.739925924887735897e-01
2.000000000000000000e+00,-6.000000000000000000e+00,0.000000000000000000e+00,7.000000000000000000e+00,2.384532553040054381e+01,7.587800123760462156e+02,3.268442102237478366e+02,1.000000000000000000e+00,1.063397942980677024e+00,8.466560703029361035e-01
2.000000000000000000e+00,-6.000000000000000000e+00,0.000000000000000000e+00,8.000000000000000000e+00,2.504680430265835867e+01,7.787953384562297288e+02,3.503912751627777311e+02,1.000000000000000000e+00,1.124708974785711524e+00,8.180917785448765800e-01
2.000000000000000000e+00,-6.000000000000000000e+00,1.000000000000000000e+00,-2.000000000000000000e+00,3.790123369830635625e+01,6.050898777291101851e+02,7.685420112564503370e+01,1.000000000000000000e+00,5.911649834383412294e-01,9.425030713359756618e-01
2.000000000000000000e+00,-6.000000000000000000e+00,1.000000000000000000e+00,-1.000000000000000000e+00,3.536158843478358449e+01,6.238478310965923583e+02,1.109826128078317424e+02,1.000000000000000000e+00,6.451603976555355668e-01,9.509128539070941244e-01
2.000000000000000000e+00,-6.000000000000000000e+00,1.000000000000000000e+00,0.000000000000000000e+00,3.353634891102254301e+01,6.413097706485839353e+02,1.420560039071006599e+02,1.000000000000000000e+00,6.968383503919424182e-01,9.537665404820466764e-01
2.000000000000000000e+00,-6.000000000000000000e+00,1.000000000000000000e+00,1.000000000000000000e+00,3.227701404244533023e+01,6.581017868103898536e+02,1.708045939632969237e+02,1.000000000000000000e+00,7.476031772022344590e-01,9.509128539070941244e-01
2.000000000000000000e+00,-6.000000000000000000e+00,1.000000000000000000e+00,2.000000000000000000e+00,3.147885495588030835e+01,6.746531530493988384e+02,1.977730673094116014e+02,1.000000000000000000e+00,7.984696675713923719e-01,9.425030713359755508e-01
2.000000000000000000e+00,-6.000000000000000000e+00,1.000000000000000000e+00,3.000000000000000000e+00,3.106485450141775573e+01,6.912804810123591324e+02,2.233909969367545045e+02,1.000000000000000000e+00,8.502027610403503077e-01,9.289693434171094610e-01
2.000000000000000000e+00,-6.000000000000000000e+00,1.000000000000000000e+00,4.000000000000000000e+00,3.097662773587495622e+01,7.082352859762463595e+02,2.480150171293503263e+02,1.000000000000000000e+00,9.033936293011055607e-01,9.109655182302034415e-01
2.000000000000000000e+00,-6.000000000000000000e+00,1.000000000000000000e+00,5.000000000000000000e+00,3.116892927246422573e+01,7.257335305112258084e+02,2.719564480996893963e+02,1.000000000000000000e+00,9.585007147543284090e-01,8.892855647924170492e-01
2.000000000000000000e+00,-6.000000000000000000e+00,1.000000000000000000e+00,6.000000000000000000e+00,3.160615185458388510e+01,7.439758973639886790e+02,2.955011438220871014e+02,1.000000000000000000e+00,1.015868570839502549e+00,8.647779186541439955e-01
2.000000000000000000e+00,-6.000000000000000000e+00,1.000000000000000000e+00,7.000000000000000000e+00,3.226000085764573555e+01,7.631634166430593496e+02,3.189253298182240997e+02,1.000000000000000000e+00,1.075730330309888627e+00,8.382711394753732392e-01
2.000000000000000000e+00,-6.000000000000000000e+00,1.000000000000000000e+00,8.000000000000000000e+00,3.310790031082052565e+01,7.835112477209254394e+02,3.425098442850087963e+02,1.000000000000000000e+00,1.138196090316022868e+00,8.105197661752608917e-01
2.000000000000000000e+00,-5.000000000000000000e+00,-3.000000000000000000e+00,6.000000000000000000e+00,-4.504587543600592880e+00,7.314975805274427785e+02,3.630940492870659568e+02,1.000000000000000000e+00,9.833736988045069793e-01,9.001203180300276774e-01
2.000000000000000000e+00,-5.000000000000000000e+00,-3.000000000000000000e+00,7.000000000000000000e+00,-2.219401137557440506e+00,7.476280518548395548e+02,3.864821865947697006e+02,1.000000000000000000e+00,1.032115409298687281e+00,8.703419955489257731e-01
2.000000000000000000e+00,-5.000000000000000000e+00,-3.000000000000000000e+00,8.000000000000000000e+00,1.538847999159145274e-01,7.650872548288975850e+02,4.104613706160786251e+02,1.000000000000000000e+00,1.083779914347033024e+00,8.394004910999499636e-01
2.000000000000000000e+00,-5.000000000000000000e+00,-3.000000000000000000e+00,9.000000000000000000e+00,2.610264328400205613e+00,7.840524268623498756e+02,4.353413292500887337e+02,1.000000000000000000e+00,1.138202210820963067e+00,8.080316057376405459e-01
2.000000000000000000e+00,-5.000000000000000000e+00,-2.000000000000000000e+00,2.000000000000000000e+00,-4.916762781894504997e+00,6.467947507790670443e+02,2.639374420091056663e+02,1.000000000000000000e+00,7.279008218552225351e-01,1.064464291402899443e+00
2.000000000000000000e+00,-5.000000000000000000e+00,-2.000000000000000000e+00,3.000000000000000000e+00,-3.342423150291580214e+00,6.602244504976813460e+02,2.874768026997036259e+02,1.000000000000000000e+00,7.680772630692671576e-01,1.045081943134225533e+00
2.000000000000000000e+00,-5.000000000000000000e+00,-2.000000000000000000e+00,4.000000000000000000e+00,-1.618472143175864630e+00,6.743273836397675041e+02,3.105195096687019713e+02,1.000000000000000000e+00,8.105847885337457148e-01,1.019643209006567908e+00
2.000000000000000000e+00,-5.000000000000000000e+00,-2.000000000000000000e+00,5.000000000000000000e+00,2.369320950632527456e-01,6.892063239278697893e+02,3.333005610462316781e+02,1.000000000000000000e+00,8.556571248853432898e-01,9.895110971109732922e-01
2.000000000000000000e+00,-5.000000000000000000e+00,-2.000000000000000000e+00,6.000000000000000000e+00,2.209280735094608872e+00,7.049689039964920312e+02,3.560529546597550166e+02,1.000000000000000000e+00,9.034730177607014356e-01,9.560739417958751263e-01
2.000000000000000000e+00,-5.000000000000000000e+00,-2.000000000000000000e+00,7.000000000000000000e+00,4.287140256400277849e+00,7.217351687865318581e+02,3.790178208558301094e+02,1.000000000000000000e+00,9.541488851085915268e-01,9.206129245162892882e-01
2.000000000000000000e+00,-5.000000000000000000e+00,-2.000000000000000000e+00,8.000000000000000000e+00,6.461727454816383442e+00,7.396453825962156543e+02,4.024552028951343914e+02,1.000000000000000000e+00,1.007722754310256041e+00,8.842219995396646270e-01
2.000000000000000000e+00,-5.000000000000000000e+00,-2.000000000000000000e+00,9.000000000000000000e+00,8.726596690011092505e+00,7.588690021715439116e+02,4.266566606006733195e+02,1.000000000000000000e+00,1.064128251323834373e+00,8.477760715692075344e-01
2.000000000000000000e+00,-5.000000000000000000e+00,-2.000000000000000000e+00,1.000000000000000000e+01,1.107741810942215466e+01,7.796159114927324936e+02,4.519611802380632639e+02,1.000000000000000000e+00,1.123156820150193802e+00,8.119344187191990247e-01
2.000000000000000000e+00,-5.000000000000000000e+00,-1.000000000000000000e+00,-5.000000000000000000e+00,7.976516270357279836e+00,5.144840797366325660e+02,4.390668518495442640e+01,1.000000000000000000e+00,3.729175935683755605e-01,1.032977722129807319e+00
2.000000000000000000e+00,-5.000000000000000000e+00,-1.000000000000000000e+00,-4.000000000000000000e+00,5.551224343803454531e+00,5.347779083204501376e+02,8.348221964318503296e+01,1.000000000000000000e+00,4.225084339660443167e-01,1.067400363205363245e+00
2.000000000000000000e+00,-5.000000000000000000e+00,-1.000000000000000000e+00,-3.000000000000000000e+00,4.125823408652536273e+00,5.521363954225727184e+02,1.185203657061914555e+02,1.000000000000000000e+00,4.666583575753245894e-01,1.096689555803326721e+00
2.000000000000000000e+00,-5.000000000000000000e+00,-1.000000000000000000e+00,-2.000000000000000000e+00,3.411374161070881428e+00,5.678602079087029324e+02,1.502280918400386724e+02,1.000000000000000000e+00,5.079045665167617463e-01,1.119151062088150850e+00
2.000000000000000000e+00,-5.000000000000000000e+00,-1.000000000000000000e+00,-1.000000000000000000e+00,3.232811511805437021e+00,5.827016369707274634e+02,1.794057745153506289e+02,1.000000000000000000e+00,5.478339894005994637e-01,1.133309026706234679e+00
2.000000000000000000e+00,-5.000000000000000000e+00,-1.000000000000000000e+00,0.000000000000000000e+00,3.474154507281753013e+00,5.971346299927608925e+02,2.066284729127744981e+02,1.000000000000000000e+00,5.875258983243850652e-01,1.138149110040370227e+00
2.000000000000000000e+00,-5.000000000000000000e+00,-1.000000000000000000e+00,1.000000000000000000e+00,4.053778150335375585e+00,6.114786062076753979e+02,2.323354929331984238e+02,1.000000000000000000e+00,6.277605835453216043e-01,1.133309026706234457e+00
2.000000000000000000e+00,-5.000000000000000000e+00,-1.000000000000000000e+00,2.000000000000000000e+00,4.911771662191199539e+00,6.259628923515120960e+02,2.568804527356554672e+02,1.000000000000000000e+00,6.691299659064368077e-01,1.119151062088150628e+00
2.000000000000000000e+00,-5.000000000000000000e+00,-1.000000000000000000e+00,3.000000000000000000e+00,6.002860381833301062e+00,6.407636252641746069e+02,2.805620518373972914e+02,1.000000000000000000e+00,7.121003240184476946e-01,1.096689555803326499e+00
2.000000000000000000e+00,-5.000000000000000000e+00,-1.000000000000000000e+00,4.000000000000000000e+00,7.292153649217027578e+00,6.560266889722364567e+02,3.036446455184478168e+02,1.000000000000000000e+00,7.570484850242850117e-01,1.067400363205363245e+00
2.000000000000000000e+00,-5.000000000000000000e+00,-1.000000000000000000e+00,5.000000000000000000e+00,8.752442483868435374e+00,6.718831742807118417e+02,3.263732488176821676e+02,1.000000000000000000e+00,8.042813807550582839e-01,1.032977722129807763e+00
2.000000000000000000e+00,-5.000000000000000000e+00,-1.000000000000000000e+00,6.000000000000000000e+00,1.036240291487811760e+01,6.884607988283396480e+02,3.489856003011231564e+02,1.000000000000000000e+00,8.540436613803933374e-01,9.951080693195579752e-01
2.000000000000000000e+00,-5.000000000000000000e+00,-1.000000000000000000e+00,7.000000000000000000e+00,1.210535894237648336e+01,7.058933220151299111e+02,3.717229899596354130e+02,1.000000000000000000e+00,9.065153541506542068e-01,9.553060913548089284e-01
2.000000000000000000e+00,-5.000000000000000000e+00,-1.000000000000000000e+00,8.000000000000000000e+00,1.396840982076653859e+01,7.243293423207913975e+02,3.948411599008823600e+02,1.000000000000000000e+00,9.617999390848784858e-01,9.148258131498817614e-01
2.000000000000000000e+00,-5.000000000000000000e+00,-1.000000000000000000e+00,9.000000000000000000e+00,1.594180714175422509e+01,7.439416204129076959e+02,4.186225124200796017e+02,1.000000000000000000e+00,1.019902104890864969e+00,8.746356043701364325e-01
2.000000000000000000e+00,-5.000000000000000000e+00,-1.000000000000000000e+00,1.000000000000000000e+01,1.801851293888660166e+01,7.649380985163518289e+02,4.433910496129192325e+02,1.000000000000000000e+00,1.080693617148778651e+00,8.354359281942316251e-01
2.000000000000000000e+00,-5.000000000000000000e+00,-1.000000000000000000e+00,1.100000000000000000e+01,2.019389754402786252e+01,7.875760696720230953e+02,4.695319615770081896e+02,1.000000000000000000e+00,1.143865138134335213e+00,7.976991923466119072e-01
2.000000000000000000e+00,-5.000000000000000000e+00,0.000000000000000000e+00,-5.000000000000000000e+00,3.035884951623285133e+01,4.835472664794054367e+02,2.741386698032010827e+01,1.000000000000000000e+00,3.048939858666878111e-01,1.048791110986528219e+00
2.000000000000000000e+00,-5.000000000000000000e+00,0.000000000000000000e+00,-4.000000000000000000e+00,2.488630053858815927e+01,5.108997935822617933e+02,7.024600378555828684e+01,1.000000000000000000e+00,3.672857756529694928e-01,1.084875232929678912e+00
2.000000000000000000e+00,-5.000000000000000000e+00,0.000000000000000000e+00,-3.000000000000000000e+00,2.133551640260256477e+01,5.327494620990812564e+02,1.072647412860615646e+02,1.000000000000000000e+00,4.199253664578028178e-01,1.115668851524159511e+00
2.000000000000000000e+00,-5.000000000000000000e+00,0.000000000000000000e+00,-2.000000000000000000e+00,1.901149122128961722e+01,5.516403405419951014e+02,1.402874325043086401e+02,1.000000000000000000e+00,4.673750446499858602e-01,1.139342378679061962e+00
2.000000000000000000e+00,-5.000000000000000000e+00,0.000000000000000000e+00,-1.000000000000000000e+00,1.755079496309829779e+01,5.688582993585532677e+02,1.703801363387331946e+02,1.000000000000000000e+00,5.121078555743451277e-01,1.154290922442980039e+00
2.000000000000000000e+00,-5.000000000000000000e+00,0.000000000000000000e+00,0.000000000000000000e+00,1.673485511081815957e+01,5.851491737865356981e+02,1.982542986513406333e+02,1.000000000000000000e+00,5.556650429291950521e-01,1.159406065328042690e+00
2.000000000000000000e+00,-5.000000000000000000e+00,0.000000000000000000e+00,1.000000000000000000e+00,1.642021236159695263e+01,6.009873615841083847e+02,2.244268896452361162e+02,1.000000000000000000e+00,5.990976199700204230e-01,1.154290922442980039e+00
2.000000000000000000e+00,-5.000000000000000000e+00,0.000000000000000000e+00,2.000000000000000000e+00,1.650697269282977686e+01,6.166979019242548929e+02,2.492988813123624539e+02,1.000000000000000000e+00,6.431706093870552809e-01,1.139342378679061962e+00
2.000000000000000000e+00,-5.000000000000000000e+00,0.000000000000000000e+00,3.000000000000000000e+00,1.692262613760604495e+01,6.325197156677704697e+02,2.731991060900945172e+02,1.000000000000000000e+00,6.884690833434383705e-01,1.115668851524159289e+00
2.000000000000000000e+00,-5.000000000000000000e+00,0.000000000000000000e+00,4.000000000000000000e+00,1.761296295346906504e+01,6.486418192474041007e+02,2.964114544082694920e+02,1.000000000000000000e+00,7.354565874058037744e-01,1.084875232929678690e+00
2.000000000000000000e+00,-5.000000000000000000e+00,0.000000000000000000e+00,5.000000000000000000e+00,1.853661238219444840e+01,6.652259860903837989e+02,3.191934498552352579e+02,1.000000000000000000e+00,7.845071190711527809e-01,1.048791110986528219e+00
2.000000000000000000e+00,-5.000000000000000000e+00,0.000000000000000000e+00,6.000000000000000000e+00,1.966157867071896703e+01,6.824222943451400170e+02,3.417903018353897551e+02,1.000000000000000000e+00,8.359202360696419420e-01,1.009221808760969008e+00
2.000000000000000000e+00,-5.000000000000000000e+00,0.000000000000000000e+00,7.000000000000000000e+00,2.096294965263675181e+01,7.003809999966769055e+02,3.644468215971068048e+02,1.000000000000000000e+00,8.899235984297595436e-01,9.677722308036537102e-01
2.000000000000000000e+00,-5.000000000000000000e+00,0.000000000000000000e+00,8.000000000000000000e+00,2.242133188213486505e+01,7.192628224797336998e+02,3.874188358399071603e+02,1.000000000000000000e+00,9.466644962950994113e-01,9.257556086649582072e-01
2.000000000000000000e+00,-5.000000000000000000e+00,0.000000000000000000e+00,9.000000000000000000e+00,2.402175865957502765e+01,7.392491462748763524e+02,4.109854767005930398e+02,1.000000000000000000e+00,1.006190259591654312e+00,8.841725082514971801e-01
2.000000000000000000e+00,-5.000000000000000000e+00,0.000000000000000000e+00,1.000000000000000000e+01,2.575292109861570111e+01,7.605534892480243343e+02,4.354638055357379471e+02,1.000000000000000000e+00,1.068416324767658354e+00,8.437352239018331979e-01
2.000000000000000000e+00,-5.000000000000000000e+00,0.000000000000000000e+00,1.100000000000000000e+01,2.760663168600515860e+01,7.834357613888158767e+02,4.612276293801377278e+02,1.000000000000000000e+00,1.133079964431965347e+00,8.049143593953520526e-01
2.000000000000000000e+00,-5.000000000000000000e+00,1.000000000000000000e+00,-2.000000000000000000e+00,3.573186703221352900e+01,5.519063881278857480e+02,1.302592685916172854e+02,1.000000000000000000e+00,4.671677874733645708e-01,1.119151062088150628e+00
2.000000000000000000e+00,-5.000000000000000000e+00,1.000000000000000000e+00,-1.000000000000000000e+00,3.295431895066883499e+01,5.701761842373188074e+02,1.610750785763212605e+02,1.000000000000000000e+00,5.146233174206944483e-01,1.133309026706234457e+00
2.000000000000000000e+00,-5.000000000000000000e+00,1.000000000000000000e+00,0.000000000000000000e+00,3.102550070613006028e+01,5.872636177269695281e+02,1.894890175141650559e+02,1.000000000000000000e+00,5.604048151984032389e-01,1.138149110040370227e+00
2.000000000000000000e+00,-5.000000000000000000e+00,1.000000000000000000e+00,1.000000000000000000e+00,2.975236512005079703e+01,6.037291050057997381e+02,2.160713608034910180e+02,1.000000000000000000e+00,6.057216299181820141e-01,1.133309026706234457e+00
2.000000000000000000e+00,-5.000000000000000000e+00,1.000000000000000000e+00,2.000000000000000000e+00,2.900161776835241767e+01,6.199501676562098282e+02,2.412560420737205220e+02,1.000000000000000000e+00,6.514393405085544542e-01,1.119151062088150850e+00
2.000000000000000000e+00,-5.000000000000000000e+00,1.000000000000000000e+00,3.000000000000000000e+00,2.867706447753315047e+01,6.362002789834394889e+02,2.653933573209536121e+02,1.000000000000000000e+00,6.982114569712093433e-01,1.096689555803326721e+00
2.000000000000000000e+00,-5.000000000000000000e+00,1.000000000000000000e+00,4.000000000000000000e+00,2.870704429813193315e+01,6.526926680764302091e+02,2.887816141859715913e+02,1.000000000000000000e+00,7.465504444956465591e-01,1.067400363205363245e+00
2.000000000000000000e+00,-5.000000000000000000e+00,1.000000000000000000e+00,5.000000000000000000e+00,2.903693515309711870e+01,6.696070353743557462e+02,3.116881379164386772e+02,1.000000000000000000e+00,7.968664192021331916e-01,1.032977722129807541e+00
2.000000000000000000e+00,-5.000000000000000000e+00,1.000000000000000000e+00,6.000000000000000000e+00,2.962442940929528845e+01,6.871074463470134788e+02,3.343647269448356383e+02,1.000000000000000000e+00,8.494860258415812826e-01,9.951080693195578641e-01
2.000000000000000000e+00,-5.000000000000000000e+00,1.000000000000000000e+00,7.000000000000000000e+00,3.043642366372554875e+01,7.053556708058016511e+02,3.570604019596179342e+02,1.000000000000000000e+00,9.046571244231799147e-01,9.553060913548090394e-01
2.000000000000000000e+00,-5.000000000000000000e+00,1.000000000000000000e+00,8.000000000000000000e+00,3.144690159573912069e+01,7.245224655173914243e+02,3.800333083320483070e+02,1.000000000000000000e+00,9.625414780752221677e-01,9.148258131498817614e-01
2.000000000000000000e+00,-5.000000000000000000e+00,1.000000000000000000e+00,9.000000000000000000e+00,3.263545755527320580e+01,7.447985263650485876e+02,4.035632646803306329e+02,1.000000000000000000e+00,1.023195666129951942e+00,8.746356043701366545e-01
2.000000000000000000e+00,-5.000000000000000000e+00,1.000000000000000000e+00,1.000000000000000000e+01,3.398625255079457474e+01,7.664065966911824717e+02,4.279664686273933967e+02,1.000000000000000000e+00,1.086539178620406609e+00,8.354359281942317361e-01
2.000000000000000000e+00,-5.000000000000000000e+00,1.000000000000000000e+00,1.100000000000000000e+01,3.548727590493416528e+01,7.896163542976908047e+02,4.536142332664732066e+02,1.000000000000000000e+00,1.152307818575142528e+00,7.976991923466120182e-01
2.000000000000000000e+00,-4.000000000000000000e+00,-4.000000000000000000e+00,1.000000000000000000e+01,-4.074786540021761994e+00,7.837053065019612177e+02,5.079044279734055181e+02,1.000000000000000000e+00,1.124828652395005291e+00,7.941351948172241659e-01
2.000000000000000000e+00,-4.000000000000000000e+00,-3.000000000000000000e+00,8.000000000000000000e+00,-4.729079198075794466e+00,7.120362469876712339e+02,4.455352152393166989e+02,1.000000000000000000e+00,9.223065922190667454e-01,9.319191519494187670e-01
2.000000000000000000e+00,-4.000000000000000000e+00,-3.000000000000000000e+00,9.000000000000000000e+00,-1.797047562373563778e+00,7.294715164707463373e+02,4.703417222134759754e+02,1.000000000000000000e+00,9.717849805293946597e-01,8.895375226241776234e-01
2.000000000000000000e+00,-4.000000000000000000e+00,-3.000000000000000000e+00,1.000000000000000000e+01,1.191314010772600795e+00,7.483614111364080372e+02,4.965125334906077228e+02,1.000000000000000000e+00,1.023833504440662789e+00,8.483934930231313842e-01
2.000000000000000000e+00,-4.000000000000000000e+00,-3.000000000000000000e+00,1.100000000000000000e+01,4.236486385933147858e+00,7.689183830029986666e+02,5.244892156097835141e+02,1.000000000000000000e+00,1.078027088809372369e+00,8.089557540334945118e-01
2.000000000000000000e+00,-4.000000000000000000e+00,-2.000000000000000000e+00,5.000000000000000000e+00,-5.514091934696779163e+00,6.383410353976574925e+02,3.689320926189916463e+02,1.000000000000000000e+00,7.083111333949428934e-01,1.152015850211526748e+00
2.000000000000000000e+00,-4.000000000000000000e+00,-2.000000000000000000e+00,6.000000000000000000e+00,-2.978497267280488359e+00,6.533833820951633697e+02,3.912988154757837265e+02,1.000000000000000000e+00,7.514460772234271557e-01,1.100172951081846984e+00
2.000000000000000000e+00,-4.000000000000000000e+00,-2.000000000000000000e+00,7.000000000000000000e+00,-3.735590859201920466e-01,6.693113628018862755e+02,4.139937821654402796e+02,1.000000000000000000e+00,7.973759534315618680e-01,1.047083691456857535e+00
2.000000000000000000e+00,-4.000000000000000000e+00,-2.000000000000000000e+00,8.000000000000000000e+00,2.294724491548748802e+00,6.862204889608260601e+02,4.372671130193052704e+02,1.000000000000000000e+00,8.461334202929883253e-01,9.944430284392177244e-01
2.000000000000000000e+00,-4.000000000000000000e+00,-2.000000000000000000e+00,9.000000000000000000e+00,5.022727536411508709e+00,7.042313500418348440e+02,4.614035983736054050e+02,1.000000000000000000e+00,8.976774742008787333e-01,9.434208537025990937e-01
2.000000000000000000e+00,-4.000000000000000000e+00,-2.000000000000000000e+00,1.000000000000000000e+01,7.808958900746716836e+00,7.234975916039492176e+02,4.867378435638786414e+02,1.000000000000000000e+00,9.518608907155998722e-01,8.947525188540307317e-01
2.000000000000000000e+00,-4.000000000000000000e+00,-2.000000000000000000e+00,1.100000000000000000e+01,1.065391394503646438e+01,7.442166359625792893e+02,5.136748999433607423e+02,1.000000000000000000e+00,1.008385095630035977e+00,8.488435895980964707e-01
2.000000000000000000e+00,-4.000000000000000000e+00,-2.000000000000000000e+00,1.200000000000000000e+01,1.356001664219354552e+01,7.666447638353638467e+02,5.427194826812580004e+02,1.000000000000000000e+00,1.066739618205928997e+00,8.058653073032568948e-01
2.000000000000000000e+00,-4.000000000000000000e+00,-1.000000000000000000e+00,-6.000000000000000000e+00,-6.661775882162714879e-01,4.481437478435404955e+02,5.735049337374317702e+01,1.000000000000000000e+00,2.338788545481373382e-01,1.160874775926973079e+00
2.000000000000000000e+00,-4.000000000000000000e+00,-1.000000000000000000e+00,-5.000000000000000000e+00,-3.700453465348346072e+00,4.701437649022474261e+02,9.739547777691745978e+01,1.000000000000000000e+00,2.808261390515932043e-01,1.222281502192820390e+00
2.000000000000000000e+00,-4.000000000000000000e+00,-1.000000000000000000e+00,-4.000000000000000000e+00,-5.211874052075330610e+00,4.880303755324391659e+02,1.325851041160046577e+02,1.000000000000000000e+00,3.206748018941389944e-01,1.280488897659129321e+00
2.000000000000000000e+00,-4.000000000000000000e+00,-1.000000000000000000e+00,-3.000000000000000000e+00,-5.764525567730800049e+00,5.038090367529249534e+02,1.643422096831178294e+02,1.000000000000000000e+00,3.570202560334122532e-01,1.331995643006894436e+00
2.000000000000000000e+00,-4.000000000000000000e+00,-1.000000000000000000e+00,-2.000000000000000000e+00,-5.651346568529049819e+00,5.184866861299062748e+02,1.935274027955916551e+02,1.000000000000000000e+00,3.917944240156257529e-01,1.372840499188007435e+00
2.000000000000000000e+00,-4.000000000000000000e+00,-1.000000000000000000e+00,-1.000000000000000000e+00,-5.048565295868854719e+00,5.326354858145213029e+02,2.207290505926495143e+02,1.000000000000000000e+00,4.261797078741507150e-01,1.399227920662430291e+00
2.000000000000000000e+00,-4.000000000000000000e+00,-1.000000000000000000e+00,0.000000000000000000e+00,-4.072180998178339451e+00,5.466072150718595140e+02,2.463835487495291545e+02,1.000000000000000000e+00,4.609640421109040265e-01,1.408367728158290921e+00
2.000000000000000000e+00,-4.000000000000000000e+00,-1.000000000000000000e+00,1.000000000000000000e+00,-2.803108218434488208e+00,5.606322280965023310e+02,2.708355953912356426e+02,1.000000000000000000e+00,4.967083400033553420e-01,1.399227920662430735e+00
2.000000000000000000e+00,-4.000000000000000000e+00,-1.000000000000000000e+00,2.000000000000000000e+00,-1.299963573490032331e+00,5.748712983713428457e+02,2.943724578815681525e+02,1.000000000000000000e+00,5.338352560163526217e-01,1.372840499188007435e+00
2.000000000000000000e+00,-4.000000000000000000e+00,-1.000000000000000000e+00,3.000000000000000000e+00,3.937548166874194067e-01,5.894453841954388054e+02,3.172454782867364997e+02,1.000000000000000000e+00,5.726793507125687022e-01,1.331995643006894436e+00
2.000000000000000000e+00,-4.000000000000000000e+00,-1.000000000000000000e+00,4.000000000000000000e+00,2.245313528818769555e+00,6.044540406326932498e+02,3.396848709918131135e+02,1.000000000000000000e+00,6.135157679146118204e-01,1.280488897659129099e+00
2.000000000000000000e+00,-4.000000000000000000e+00,-1.000000000000000000e+00,5.000000000000000000e+00,4.229939812410350441e+00,6.199876622692993351e+02,3.619109559155642728e+02,1.000000000000000000e+00,6.565754243722270456e-01,1.222281502192820168e+00
2.000000000000000000e+00,-4.000000000000000000e+00,-1.000000000000000000e+00,6.000000000000000000e+00,6.328931267263925520e+00,6.361363388913158587e+02,3.841436756684465195e+02,1.000000000000000000e+00,7.020505382500757952e-01,1.160874775926972857e+00
2.000000000000000000e+00,-4.000000000000000000e+00,-1.000000000000000000e+00,7.000000000000000000e+00,8.528339623777071665e+00,6.529969838225802050e+02,4.066116573826218428e+02,1.000000000000000000e+00,7.500921152819193249e-01,1.099003409752439486e+00
2.000000000000000000e+00,-4.000000000000000000e+00,-1.000000000000000000e+00,8.000000000000000000e+00,1.081803660962972913e+01,6.706798610393633453e+02,4.295618583768768417e+02,1.000000000000000000e+00,8.007996447800898032e-01,1.038592337459055326e+00
2.000000000000000000e+00,-4.000000000000000000e+00,-1.000000000000000000e+00,9.000000000000000000e+00,1.319104824461697945e+01,6.893154169451195230e+02,4.532708535712835669e+02,1.000000000000000000e+00,8.542022610847689323e-01,9.808645154941758593e-01
2.000000000000000000e+00,-4.000000000000000000e+00,-1.000000000000000000e+00,1.000000000000000000e+01,1.564308831284063217e+01,7.090623109034748950e+02,4.780590599420272611e+02,1.000000000000000000e+00,9.102297973319268820e-01,9.265027787641415546e-01
2.000000000000000000e+00,-4.000000000000000000e+00,-1.000000000000000000e+00,1.100000000000000000e+01,1.817224891493214045e+01,7.301177175570378495e+02,5.043097035902835046e+02,1.000000000000000000e+00,9.686714355128961396e-01,8.758079779953389377e-01
2.000000000000000000e+00,-4.000000000000000000e+00,-1.000000000000000000e+00,1.200000000000000000e+01,2.077882438446960123e+01,7.527313935534806433e+02,5.324952646194255976e+02,1.000000000000000000e+00,1.029119088281057470e+00,8.288287418842110732e-01
2.000000000000000000e+00,-4.000000000000000000e+00,-1.000000000000000000e+00,1.300000000000000000e+01,2.346525924389169404e+01,7.772257986686331606e+02,5.632157861205191693e+02,1.000000000000000000e+00,1.090892412704519643e+00,7.854579472185591049e-01
2.000000000000000000e+00,-4.000000000000000000e+00,0.000000000000000000e+00,-5.000000000000000000e+00,2.713204476942917154e+01,4.314541897446437133e+02,8.042372735293326969e+01,1.000000000000000000e+00,2.015464289264622122e-01,1.248723795845207984e+00
2.000000000000000000e+00,-4.000000000000000000e+00,0.000000000000000000e+00,-4.000000000000000000e+00,2.030721904165599767e+01,4.591178192775099092e+02,1.192554182645184255e+02,1.000000000000000000e+00,2.586305700317017009e-01,1.310988888733159996e+00
2.000000000000000000e+00,-4.000000000000000000e+00,0.000000000000000000e+00,-3.000000000000000000e+00,1.633375871554233072e+01,4.808557862208030542e+02,1.531414131986198015e+02,1.000000000000000000e+00,3.058452069259269823e-01,1.366427981428208094e+00
2.000000000000000000e+00,-4.000000000000000000e+00,0.000000000000000000e+00,-2.000000000000000000e+00,1.398043943271218836e+01,4.996557496858791296e+02,1.837109425209262383e+02,1.000000000000000000e+00,3.483611072767042183e-01,1.410630558812735691e+00
2.000000000000000000e+00,-4.000000000000000000e+00,0.000000000000000000e+00,-1.000000000000000000e+00,1.268473537104188154e+01,5.168629516807128539e+02,2.118605855698122866e+02,1.000000000000000000e+00,3.886408939747322266e-01,1.439304050665063617e+00
2.000000000000000000e+00,-4.000000000000000000e+00,0.000000000000000000e+00,0.000000000000000000e+00,1.213534160552197250e+01,5.332053364997577773e+02,2.381793482830201469e+02,1.000000000000000000e+00,4.281054040300590335e-01,1.449257581660053695e+00
2.000000000000000000e+00,-4.000000000000000000e+00,0.000000000000000000e+00,1.000000000000000000e+00,1.213982525125504708e+01,5.491227780981412252e+02,2.630974272277437080e+02,1.000000000000000000e+00,4.676751463954540444e-01,1.439304050665063839e+00
2.000000000000000000e+00,-4.000000000000000000e+00,0.000000000000000000e+00,2.000000000000000000e+00,1.257043469477031294e+01,5.649042143682223696e+02,2.869538786522193732e+02,1.000000000000000000e+00,5.079983104336587285e-01,1.410630558812735691e+00
2.000000000000000000e+00,-4.000000000000000000e+00,0.000000000000000000e+00,3.000000000000000000e+00,1.333814400784154941e+01,5.807546073482634483e+02,3.100329419760220730e+02,1.000000000000000000e+00,5.495620909572600521e-01,1.366427981428208094e+00
2.000000000000000000e+00,-4.000000000000000000e+00,0.000000000000000000e+00,4.000000000000000000e+00,1.437879548874457214e+01,5.968315232278845315e+02,3.325861741811511934e+02,1.000000000000000000e+00,5.927515783667950400e-01,1.310988888733159996e+00
2.000000000000000000e+00,-4.000000000000000000e+00,0.000000000000000000e+00,5.000000000000000000e+00,1.564508315626648027e+01,6.132670345090915589e+02,3.548475986737885250e+02,1.000000000000000000e+00,6.378813273043295595e-01,1.248723795845207984e+00
2.000000000000000000e+00,-4.000000000000000000e+00,0.000000000000000000e+00,6.000000000000000000e+00,1.710162225308994266e+01,6.301820628974405736e+02,3.770454015529331855e+02,1.000000000000000000e+00,6.852105189498288729e-01,1.183456329609615443e+00
2.000000000000000000e+00,-4.000000000000000000e+00,0.000000000000000000e+00,7.000000000000000000e+00,1.872177086728399331e+01,6.476967909392521960e+02,3.994121976101722566e+02,1.000000000000000000e+00,7.349465792872171832e-01,1.118105196404325152e+00
2.000000000000000000e+00,-4.000000000000000000e+00,0.000000000000000000e+00,8.000000000000000000e+00,2.048550807479426794e+01,6.659392285977907022e+02,4.221952636789334861e+02,1.000000000000000000e+00,7.872391123323031481e-01,1.054669029877291386e+00
2.000000000000000000e+00,-4.000000000000000000e+00,0.000000000000000000e+00,9.000000000000000000e+00,2.237798384474518798e+01,6.850533330383360635e+02,4.456679562975766089e+02,1.000000000000000000e+00,8.421642537696295561e-01,9.943726280798964590e-01
2.000000000000000000e+00,-4.000000000000000000e+00,0.000000000000000000e+00,1.000000000000000000e+01,2.438851800036744066e+01,7.052078327630185868e+02,4.701436494545591813e+02,1.000000000000000000e+00,8.996983435496517245e-01,9.378617184396542683e-01
2.000000000000000000e+00,-4.000000000000000000e+00,0.000000000000000000e+00,1.100000000000000000e+01,2.650991546401036203e+01,7.266069546265929375e+02,4.959939434335279884e+02,1.000000000000000000e+00,9.596788843905590394e-01,8.853837051751842768e-01
2.000000000000000000e+00,-4.000000000000000000e+00,0.000000000000000000e+00,1.200000000000000000e+01,2.873801833480601431e+01,7.495045833767952672e+02,5.236737160390619010e+02,1.000000000000000000e+00,1.021750048214351336e+00,8.369307733096497115e-01
2.000000000000000000e+00,-4.000000000000000000e+00,0.000000000000000000e+00,1.300000000000000000e+01,3.107144975512989049e+01,7.742240988006248017e+02,5.537570725020929103e+02,1.000000000000000000e+00,1.085289641968499641e+00,7.923431668499756331e-01
2.000000000000000000e+00,-4.000000000000000000e+00,1.000000000000000000e+00,-2.000000000000000000e+00,3.534263530373439721e+01,5.016254109167874162e+02,1.747568620207384527e+02,1.000000000000000000e+00,3.524920636150244979e-01,1.372840499188007435e+00
2.000000000000000000e+00,-4.000000000000000000e+00,1.000000000000000000e+00,-1.000000000000000000e+00,3.199484437464641928e+01,5.198082167987278126e+02,2.034547002836159493e+02,1.000000000000000000e+00,3.952351265685812853e-01,1.399227920662430735e+00
2.000000000000000000e+00,-4.000000000000000000e+00,1.000000000000000000e+00,0.000000000000000000e+00,2.975997437407747270e+01,5.368660449677680617e+02,2.301737224864943414e+02,1.000000000000000000e+00,4.366772216508454929e-01,1.408367728158290921e+00
2.000000000000000000e+00,-4.000000000000000000e+00,1.000000000000000000e+00,1.000000000000000000e+00,2.834840549885080918e+01,5.533293724748795057e+02,2.553881899916206635e+02,1.000000000000000000e+00,4.779031186575879442e-01,1.399227920662430735e+00
2.000000000000000000e+00,-4.000000000000000000e+00,1.000000000000000000e+00,2.000000000000000000e+00,2.756865989569385533e+01,5.695416732803898867e+02,2.794638189899289955e+02,1.000000000000000000e+00,5.196636188264029954e-01,1.372840499188007435e+00
2.000000000000000000e+00,-4.000000000000000000e+00,1.000000000000000000e+00,3.000000000000000000e+00,2.728759721547842787e+01,5.857435994260838470e+02,3.027018547315559545e+02,1.000000000000000000e+00,5.625153753463180140e-01,1.331995643006894881e+00
2.000000000000000000e+00,-4.000000000000000000e+00,1.000000000000000000e+00,4.000000000000000000e+00,2.740926050775590284e+01,6.021176200948600581e+02,3.253649878261757067e+02,1.000000000000000000e+00,6.068932358013746642e-01,1.280488897659129321e+00
2.000000000000000000e+00,-4.000000000000000000e+00,1.000000000000000000e+00,5.000000000000000000e+00,2.786268087973624574e+01,6.188141383420662578e+02,3.476945289032493065e+02,1.000000000000000000e+00,6.531488543400916225e-01,1.222281502192820390e+00
2.000000000000000000e+00,-4.000000000000000000e+00,1.000000000000000000e+00,6.000000000000000000e+00,2.859440279609279401e+01,6.359682510921456924e+02,3.699232548613721292e+02,1.000000000000000000e+00,7.015698142245981872e-01,1.160874775926973079e+00
2.000000000000000000e+00,-4.000000000000000000e+00,1.000000000000000000e+00,7.000000000000000000e+00,2.956368144882637239e+01,6.537116690046110534e+02,3.922863407628447590e+02,1.000000000000000000e+00,7.523855574643424360e-01,1.099003409752439486e+00
2.000000000000000000e+00,-4.000000000000000000e+00,1.000000000000000000e+00,8.000000000000000000e+00,3.073928324521261857e+01,6.721823085888200922e+02,4.150319621716848815e+02,1.000000000000000000e+00,8.057626517595224414e-01,1.038592337459055548e+00
2.000000000000000000e+00,-4.000000000000000000e+00,1.000000000000000000e+00,9.000000000000000000e+00,3.209729709216472315e+01,6.915331802322332351e+02,4.384328752322116429e+02,1.000000000000000000e+00,8.617898328740674074e-01,9.808645154941757482e-01
2.000000000000000000e+00,-4.000000000000000000e+00,1.000000000000000000e+00,1.000000000000000000e+01,3.361961247252747853e+01,7.119418576347420640e+02,4.628003471913539215e+02,1.000000000000000000e+00,9.204518941700779999e-01,9.265027787641415546e-01
2.000000000000000000e+00,-4.000000000000000000e+00,1.000000000000000000e+00,1.100000000000000000e+01,3.529285762033120477e+01,7.336218222190086635e+02,4.885021879834042693e+02,1.000000000000000000e+00,9.815904906526129459e-01,8.758079779953389377e-01
2.000000000000000000e+00,-4.000000000000000000e+00,1.000000000000000000e+00,1.200000000000000000e+01,3.710767156043007731e+01,7.568372970044674730e+02,5.159874172632420368e+02,1.000000000000000000e+00,1.044849200469636807e+00,8.288287418842108512e-01
2.000000000000000000e+00,-3.000000000000000000e+00,-4.000000000000000000e+00,1.100000000000000000e+01,-4.660230370929184573e+00,7.525821899028238704e+02,5.741883493337479649e+02,1.000000000000000000e+00,1.017489322382472805e+00,8.121414942069451470e-01
2.000000000000000000e+00,-3.000000000000000000e+00,-4.000000000000000000e+00,1.200000000000000000e+01,-9.556096242698970400e-01,7.731235775398181431e+02,6.073467884327967568e+02,1.000000000000000000e+00,1.063993613681411654e+00,7.742610374826969233e-01
2.000000000000000000e+00,-3.000000000000000000e+00,-3.000000000000000000e+00,9.000000000000000000e+00,-6.055538455912142126e+00,6.806302303928529227e+02,5.055012506151400089e+02,1.000000000000000000e+00,8.235525691656406799e-01,9.733628688909066184e-01
2.000000000000000000e+00,-3.000000000000000000e+00,-3.000000000000000000e+00,1.000000000000000000e+01,-2.494381677195434577e+00,6.980133604534012193e+02,5.321971766524761733e+02,1.000000000000000000e+00,8.700231611098172557e-01,9.201727498668393901e-01
2.000000000000000000e+00,-3.000000000000000000e+00,-3.000000000000000000e+00,1.100000000000000000e+01,1.092776970076045018e+00,7.167957371477276638e+02,5.608654300297495183e+02,1.000000000000000000e+00,9.185190087621321053e-01,8.704553732588059534e-01
2.000000000000000000e+00,-3.000000000000000000e+00,-3.000000000000000000e+00,1.200000000000000000e+01,4.711944484379444020e+00,7.371784793642358409e+02,5.920912672852700780e+02,1.000000000000000000e+00,9.684320959946776108e-01,8.242877789139529954e-01
2.000000000000000000e+00,-3.000000000000000000e+00,-3.000000000000000000e+00,1.300000000000000000e+01,8.371661890820575991e+00,7.594359196937475645e+02,6.266390295773991284e+02,1.000000000000000000e+00,1.018866540465900083e+00,7.815899545632908341e-01
2.000000000000000000e+00,-3.000000000000000000e+00,-3.000000000000000000e+00,1.400000000000000000e+01,1.208324808787148186e+01,7.839444979899392365e+02,6.655362224298758065e+02,1.000000000000000000e+00,1.068537192572367234e+00,7.421902959136746913e-01
2.000000000000000000e+00,-3.000000000000000000e+00,-2.000000000000000000e+00,7.000000000000000000e+00,-4.989009168352680490e+00,6.211055670884441042e+02,4.483799761350663857e+02,1.000000000000000000e+00,6.583798156297649973e-01,1.192005932987187267e+00
2.000000000000000000e+00,-3.000000000000000000e+00,-2.000000000000000000e+00,8.000000000000000000e+00,-1.668702289117589999e+00,6.372331748363399129e+02,4.718801211978038737e+02,1.000000000000000000e+00,7.023308040576209388e-01,1.116007197997256117e+00
2.000000000000000000e+00,-3.000000000000000000e+00,-2.000000000000000000e+00,9.000000000000000000e+00,1.661361501024430254e+00,6.543015914101632688e+02,4.963690572872458802e+02,1.000000000000000000e+00,7.488374055046795874e-01,1.045278254929294715e+00
2.000000000000000000e+00,-3.000000000000000000e+00,-2.000000000000000000e+00,1.000000000000000000e+01,5.005544525838814707e+00,6.724138257022902962e+02,5.221929325340252035e+02,1.000000000000000000e+00,7.977425084159129876e-01,9.802073651435530000e-01
2.000000000000000000e+00,-3.000000000000000000e+00,-2.000000000000000000e+00,1.100000000000000000e+01,8.370045089731434018e+00,6.917095468986509559e+02,5.497746322207109415e+02,1.000000000000000000e+00,8.487638754488000536e-01,9.207471080274690634e-01
2.000000000000000000e+00,-3.000000000000000000e+00,-2.000000000000000000e+00,1.200000000000000000e+01,1.176285166853375586e+01,7.123753842533662919e+02,5.796447272432885711e+02,1.000000000000000000e+00,9.014377185637324486e-01,8.666086191858772825e-01
2.000000000000000000e+00,-3.000000000000000000e+00,-2.000000000000000000e+00,1.300000000000000000e+01,1.519384573146822959e+01,7.346603251046637979e+02,6.124873142903286407e+02,1.000000000000000000e+00,9.550443169446451996e-01,8.173862552603634590e-01
2.000000000000000000e+00,-3.000000000000000000e+00,-2.000000000000000000e+00,1.400000000000000000e+01,1.867507394934943932e+01,7.588992651530109015e+02,6.492101686055784739e+02,1.000000000000000000e+00,1.008512068501733916e+00,7.726329552705615278e-01
2.000000000000000000e+00,-3.000000000000000000e+00,-2.000000000000000000e+00,1.500000000000000000e+01,2.222123549405196741e+01,7.855500877921233496e+02,6.910561210595388957e+02,1.000000000000000000e+00,1.060297210753522013e+00,7.319032111301435606e-01
2.000000000000000000e+00,-3.000000000000000000e+00,-1.000000000000000000e+00,3.000000000000000000e+00,-5.631179811919139411e+00,5.406538165710069279e+02,3.518716899199644672e+02,1.000000000000000000e+00,4.479788465548329435e-01,1.677579597363107355e+00
2.000000000000000000e+00,-3.000000000000000000e+00,-1.000000000000000000e+00,4.000000000000000000e+00,-2.950046971038716492e+00,5.556019652630139944e+02,3.740622446929133389e+02,1.000000000000000000e+00,4.853220981422416425e-01,1.578012099998020501e+00
2.000000000000000000e+00,-3.000000000000000000e+00,-1.000000000000000000e+00,5.000000000000000000e+00,-2.185430494191393791e-01,5.710398355585878107e+02,3.961581520261473202e+02,1.000000000000000000e+00,5.247881530209327350e-01,1.472727385493023178e+00
2.000000000000000000e+00,-3.000000000000000000e+00,-1.000000000000000000e+00,6.000000000000000000e+00,2.555110194497245857e+00,5.870133659723413757e+02,4.183717162621817351e+02,1.000000000000000000e+00,5.664852779223610302e-01,1.368778946962249110e+00
2.000000000000000000e+00,-3.000000000000000000e+00,-1.000000000000000000e+00,7.000000000000000000e+00,5.366326436578958692e+00,6.035804829490551811e+02,4.409293054149728164e+02,1.000000000000000000e+00,6.105017198731994554e-01,1.270363002570064292e+00
2.000000000000000000e+00,-3.000000000000000000e+00,-1.000000000000000000e+00,8.000000000000000000e+00,8.213350369053642908e+00,6.208145712061726726e+02,4.640802396100552869e+02,1.000000000000000000e+00,6.568934257526908294e-01,1.179523130928754382e+00
2.000000000000000000e+00,-3.000000000000000000e+00,-1.000000000000000000e+00,9.000000000000000000e+00,1.109671826527031158e+01,6.388084399369228095e+02,4.881078534228940953e+02,1.000000000000000000e+00,7.056650318734108973e-01,1.096916416295262042e+00
2.000000000000000000e+00,-3.000000000000000000e+00,-1.000000000000000000e+00,1.000000000000000000e+01,1.401891930229788841e+01,6.576793933391529663e+02,5.133439921888578965e+02,1.000000000000000000e+00,7.567424473108252947e-01,1.022406620268124566e+00
2.000000000000000000e+00,-3.000000000000000000e+00,-1.000000000000000000e+00,1.100000000000000000e+01,1.698421784886224373e+01,6.775761421237195918e+02,5.401888007471916353e+02,1.000000000000000000e+00,8.099346238806064413e-01,9.554560263055825731e-01
2.000000000000000000e+00,-3.000000000000000000e+00,-1.000000000000000000e+00,1.200000000000000000e+01,1.999861594385097874e+01,6.986885948823700119e+02,5.691387056919846827e+02,1.000000000000000000e+00,8.648814039404035814e-01,8.953602301664943530e-01
2.000000000000000000e+00,-3.000000000000000000e+00,-1.000000000000000000e+00,1.300000000000000000e+01,2.306995217370698015e+01,7.212621405399486321e+02,6.008273204179729419e+02,1.000000000000000000e+00,9.209837633161117587e-01,8.413785346553933620e-01
2.000000000000000000e+00,-3.000000000000000000e+00,-1.000000000000000000e+00,1.400000000000000000e+01,2.620815131876116766e+01,7.456190823641200041e+02,6.360872997381349023e+02,1.000000000000000000e+00,9.773125505941238078e-01,7.928007630125726291e-01
2.000000000000000000e+00,-3.000000000000000000e+00,-1.000000000000000000e+00,1.500000000000000000e+01,2.942566263273135974e+01,7.721918460766479484e+02,6.760473599953502344e+02,1.000000000000000000e+00,1.032492378090857699e+00,7.489775385752606152e-01
2.000000000000000000e+00,-3.000000000000000000e+00,0.000000000000000000e+00,-3.000000000000000000e+00,1.131210671111190891e+01,4.288252976842570092e+02,1.930225900978310563e+02,1.000000000000000000e+00,1.984608378323956535e-01,1.747985184977546957e+00
2.000000000000000000e+00,-3.000000000000000000e+00,0.000000000000000000e+00,-2.000000000000000000e+00,8.829314152983016584e+00,4.479990284793040018e+02,2.220896294364416406e+02,1.000000000000000000e+00,2.376030274665944797e-01,1.843511800489819885e+00
2.000000000000000000e+00,-3.000000000000000000e+00,0.000000000000000000e+00,-1.000000000000000000e+00,7.786186664357074960e+00,4.655686500101643333e+02,2.490709188282306172e+02,1.000000000000000000e+00,2.747464523939264769e-01,1.908936843350028223e+00
2.000000000000000000e+00,-3.000000000000000000e+00,0.000000000000000000e+00,0.000000000000000000e+00,7.650186214354732783e+00,4.823137939486644541e+02,2.744845313367626431e+02,1.000000000000000000e+00,3.113167402986904420e-01,1.932343442213404483e+00
2.000000000000000000e+00,-3.000000000000000000e+00,0.000000000000000000e+00,1.000000000000000000e+00,8.131130710362327818e+00,4.986556402708617952e+02,2.987050498040171647e+02,1.000000000000000000e+00,3.481376435259565527e-01,1.908936843350028001e+00
2.000000000000000000e+00,-3.000000000000000000e+00,0.000000000000000000e+00,2.000000000000000000e+00,9.053973326805902389e+00,5.148490433951606065e+02,3.220318443210664441e+02,1.000000000000000000e+00,3.857475598224240909e-01,1.843511800489819663e+00
2.000000000000000000e+00,-3.000000000000000000e+00,0.000000000000000000e+00,3.000000000000000000e+00,1.030600144310881205e+01,5.310643859474917008e+02,3.447219473060171140e+02,1.000000000000000000e+00,4.245339090851584229e-01,1.747985184977547179e+00
2.000000000000000000e+00,-3.000000000000000000e+00,0.000000000000000000e+00,4.000000000000000000e+00,1.181140974231908558e+01,5.474278541564143552e+02,3.670090066656273393e+02,1.000000000000000000e+00,4.647972810130311383e-01,1.636183557089753160e+00
2.000000000000000000e+00,-3.000000000000000000e+00,0.000000000000000000e+00,5.000000000000000000e+00,1.351772543463758325e+01,5.640434610149047785e+02,3.891160933028753561e+02,1.000000000000000000e+00,5.067831159037552435e-01,1.519676154516218958e+00
2.000000000000000000e+00,-3.000000000000000000e+00,0.000000000000000000e+00,6.000000000000000000e+00,1.538799649905180900e+01,5.810063017438329780e+02,4.112658157819953999e+02,1.000000000000000000e+00,5.506958374464026029e-01,1.406225373169721848e+00
2.000000000000000000e+00,-3.000000000000000000e+00,0.000000000000000000e+00,7.000000000000000000e+00,1.739603998975874788e+01,5.984114526046000719e+02,4.336896066245593033e+02,1.000000000000000000e+00,5.967017362261239910e-01,1.300128248812606024e+00
2.000000000000000000e+00,-3.000000000000000000e+00,0.000000000000000000e+00,8.000000000000000000e+00,1.952343311571058848e+01,6.163608270888679499e+02,4.566374554118982019e+02,1.000000000000000000e+00,6.449230447241831587e-01,1.203233066816324470e+00
2.000000000000000000e+00,-3.000000000000000000e+00,0.000000000000000000e+00,9.000000000000000000e+00,2.175755703964313170e+01,6.349693864577612885e+02,4.803892375931989704e+02,1.000000000000000000e+00,6.954235875059575633e-01,1.115907697746199467e+00
2.000000000000000000e+00,-3.000000000000000000e+00,0.000000000000000000e+00,1.000000000000000000e+01,2.409031160065495669e+01,6.543717299302876427e+02,5.052689645554631284e+02,1.000000000000000000e+00,7.481850595698301687e-01,1.037732273620628032e+00
2.000000000000000000e+00,-3.000000000000000000e+00,0.000000000000000000e+00,1.100000000000000000e+01,2.651728195433798874e+01,6.747300307721387753e+02,5.316637622755688426e+02,1.000000000000000000e+00,8.030719577895140127e-01,9.679281133155813732e-01
2.000000000000000000e+00,-3.000000000000000000e+00,0.000000000000000000e+00,1.200000000000000000e+01,2.903723046489048443e+01,6.962444772297235431e+02,5.600502968438498783e+02,1.000000000000000000e+00,8.597823191250444363e-01,9.055993202446035450e-01
2.000000000000000000e+00,-3.000000000000000000e+00,0.000000000000000000e+00,1.300000000000000000e+01,3.165184437470489343e+01,7.191678702384192547e+02,5.910329948831372349e+02,1.000000000000000000e+00,9.177807307182772600e-01,8.498580062431630999e-01
2.000000000000000000e+00,-3.000000000000000000e+00,0.000000000000000000e+00,1.400000000000000000e+01,3.436571023342443709e+01,7.438269971121908384e+02,6.254013512008493763e+02,1.000000000000000000e+00,9.762097645401884849e-01,7.998826461938156607e-01
2.000000000000000000e+00,-3.000000000000000000e+00,0.000000000000000000e+00,1.500000000000000000e+01,3.718652126493074661e+01,7.706552379933931434e+02,6.642191136923813701e+02,1.000000000000000000e+00,1.033776451852493228e+00,7.549401445062625671e-01
2.000000000000000000e+00,-3.000000000000000000e+00,1.000000000000000000e+00,-1.000000000000000000e+00,3.369055449036727623e+01,4.715126093770013540e+02,2.413548595816567683e+02,1.000000000000000000e+00,2.874413488534360850e-01,1.818276712254363048e+00
2.000000000000000000e+00,-3.000000000000000000e+00,1.000000000000000000e+00,0.000000000000000000e+00,3.066571739076539416e+01,4.887374659176302885e+02,2.670179277555343447e+02,1.000000000000000000e+00,3.255130800154631965e-01,1.838469701643683507e+00
2.000000000000000000e+00,-3.000000000000000000e+00,1.000000000000000000e+00,1.000000000000000000e+00,2.881790794177607040e+01,5.054121684108704358e+02,2.914128914526913832e+02,1.000000000000000000e+00,3.635661673706502284e-01,1.818276712254362826e+00
2.000000000000000000e+00,-3.000000000000000000e+00,1.000000000000000000e+00,2.000000000000000000e+00,2.782060749987999770e+01,5.218447076479790212e+02,3.148588390831178003e+02,1.000000000000000000e+00,4.022381356516782080e-01,1.761469711820365935e+00
2.000000000000000000e+00,-3.000000000000000000e+00,1.000000000000000000e+00,3.000000000000000000e+00,2.746068138376975298e+01,5.382398500984859311e+02,3.376247275676602726e+02,1.000000000000000000e+00,4.419828993428717157e-01,1.677579597363107355e+00
2.000000000000000000e+00,-3.000000000000000000e+00,1.000000000000000000e+00,4.000000000000000000e+00,2.759276071780422512e+01,5.547474217493480637e+02,3.599514506040606534e+02,1.000000000000000000e+00,4.831483208603261637e-01,1.578012099998020723e+00
2.000000000000000000e+00,-3.000000000000000000e+00,1.000000000000000000e+00,5.000000000000000000e+00,2.811447420526766905e+01,5.714885144712540068e+02,3.820662785891026942e+02,1.000000000000000000e+00,5.260149219640819496e-01,1.472727385493022956e+00
2.000000000000000000e+00,-3.000000000000000000e+00,1.000000000000000000e+00,6.000000000000000000e+00,2.895203911362352756e+01,5.885711749323028243e+02,4.041938714552738929e+02,1.000000000000000000e+00,5.708140553855002297e-01,1.368778946962248888e+00
2.000000000000000000e+00,-3.000000000000000000e+00,1.000000000000000000e+00,7.000000000000000000e+00,3.005142750622749759e+01,6.061008503001054351e+02,4.265660517161701932e+02,1.000000000000000000e+00,6.177332354799122127e-01,1.270363002570063848e+00
2.000000000000000000e+00,-3.000000000000000000e+00,1.000000000000000000e+00,8.000000000000000000e+00,3.137272806267117176e+01,6.241883133667796528e+02,4.494317628297227998e+02,1.000000000000000000e+00,6.669117157327327794e-01,1.179523130928754382e+00
2.000000000000000000e+00,-3.000000000000000000e+00,1.000000000000000000e+00,9.000000000000000000e+00,3.288643759518498655e+01,6.429566828382190806e+02,4.730684288008363865e+02,1.000000000000000000e+00,7.184270215414579885e-01,1.096916416295262042e+00
2.000000000000000000e+00,-3.000000000000000000e+00,1.000000000000000000e+00,1.000000000000000000e+01,3.457097260002663575e+01,6.625486988095750576e+02,4.977960583868633648e+02,1.000000000000000000e+00,7.722716652197394449e-01,1.022406620268124566e+00
2.000000000000000000e+00,-3.000000000000000000e+00,1.000000000000000000e+00,1.100000000000000000e+01,3.641098711818963807e+01,6.831353192502826914e+02,5.239958791716303494e+02,1.000000000000000000e+00,8.283181709298196305e-01,9.554560263055823510e-01
2.000000000000000000e+00,-2.000000000000000000e+00,-4.000000000000000000e+00,1.200000000000000000e+01,-3.706821619366053255e+00,7.239291749525127670e+02,6.490998738233772656e+02,1.000000000000000000e+00,9.132220186806834228e-01,8.112867203143373507e-01
2.000000000000000000e+00,-2.000000000000000000e+00,-4.000000000000000000e+00,1.300000000000000000e+01,6.700119174404903788e-01,7.438179671962919883e+02,6.884477774555779206e+02,1.000000000000000000e+00,9.517511408293132247e-01,7.704800076817074350e-01
2.000000000000000000e+00,-2.000000000000000000e+00,-4.000000000000000000e+00,1.400000000000000000e+01,5.103062317337361264e+00,7.658209275807898848e+02,7.335102655269161005e+02,1.000000000000000000e+00,9.880814760755783910e-01,7.326573356438507156e-01
2.000000000000000000e+00,-2.000000000000000000e+00,-3.000000000000000000e+00,1.000000000000000000e+01,-5.828227574779049291e+00,6.514547799458182453e+02,5.702764075135124813e+02,1.000000000000000000e+00,7.318025446064485573e-01,9.842567314239102361e-01
2.000000000000000000e+00,-2.000000000000000000e+00,-3.000000000000000000e+00,1.100000000000000000e+01,-1.538797826789135570e+00,6.684877680649630065e+02,6.003241715524503661e+02,1.000000000000000000e+00,7.735941451586529904e-01,9.241009096952150781e-01
2.000000000000000000e+00,-2.000000000000000000e+00,-3.000000000000000000e+00,1.200000000000000000e+01,2.744194796568166339e+00,6.868132529456757993e+02,6.332669592271327019e+02,1.000000000000000000e+00,8.163624840975139962e-01,8.694031843144023330e-01
2.000000000000000000e+00,-2.000000000000000000e+00,-3.000000000000000000e+00,1.300000000000000000e+01,7.036008200217054309e+00,7.066040542699666958e+02,6.699684121757704816e+02,1.000000000000000000e+00,8.591700727394229187e-01,8.197299183601767236e-01
2.000000000000000000e+00,-2.000000000000000000e+00,-3.000000000000000000e+00,1.400000000000000000e+01,1.135569720773381164e+01,7.281036731128532438e+02,7.116040126387638338e+02,1.000000000000000000e+00,9.006951247124712623e-01,7.746114450161869502e-01
2.000000000000000000e+00,-2.000000000000000000e+00,-3.000000000000000000e+00,1.500000000000000000e+01,1.572689645279905335e+01,7.516542170963390390e+02,7.598285836201837355e+02,1.000000000000000000e+00,9.390963066167330453e-01,7.335843505521397745e-01
2.000000000000000000e+00,-2.000000000000000000e+00,-2.000000000000000000e+00,8.000000000000000000e+00,-5.365586914258074103e+00,5.908509859152968602e+02,5.079320956584293185e+02,1.000000000000000000e+00,5.735851919794596743e-01,1.236431668370929771e+00
2.000000000000000000e+00,-2.000000000000000000e+00,-2.000000000000000000e+00,9.000000000000000000e+00,-1.221978557554336930e+00,6.070041530993584047e+02,5.332448573591861987e+02,1.000000000000000000e+00,6.148049612033191780e-01,1.142236250260280084e+00
2.000000000000000000e+00,-2.000000000000000000e+00,-2.000000000000000000e+00,1.000000000000000000e+01,2.862362761578054915e+00,6.240182828075785437e+02,5.600951132500632639e+02,1.000000000000000000e+00,6.580140404155591094e-01,1.058804473888571795e+00
2.000000000000000000e+00,-2.000000000000000000e+00,-2.000000000000000000e+00,1.100000000000000000e+01,6.905122949971655544e+00,6.419711923180758504e+02,5.889494025846058776e+02,1.000000000000000000e+00,7.028667203357078508e-01,9.849597365624795930e-01
2.000000000000000000e+00,-2.000000000000000000e+00,-2.000000000000000000e+00,1.200000000000000000e+01,1.092523479553733523e+01,6.609779027018004172e+02,6.203997738924904297e+02,1.000000000000000000e+00,7.488475857676269998e-01,9.195020725621966262e-01
2.000000000000000000e+00,-2.000000000000000000e+00,-2.000000000000000000e+00,1.300000000000000000e+01,1.494312334550525634e+01,6.811989410229850819e+02,6.552181324347882310e+02,1.000000000000000000e+00,7.951955698081054624e-01,8.613166782652807996e-01
2.000000000000000000e+00,-2.000000000000000000e+00,-2.000000000000000000e+00,1.400000000000000000e+01,1.898126971328593982e+01,7.028537699268506458e+02,6.944408906852463588e+02,1.000000000000000000e+00,8.408047571611558801e-01,8.094143006539571417e-01
2.000000000000000000e+00,-2.000000000000000000e+00,-2.000000000000000000e+00,1.500000000000000000e+01,2.306516163471201253e+01,7.262423718251302489e+02,7.395059657274975962e+02,1.000000000000000000e+00,8.840963031912189019e-01,7.629380608766087590e-01
2.000000000000000000e+00,-2.000000000000000000e+00,-1.000000000000000000e+00,5.000000000000000000e+00,-4.613567507539471535e+00,5.234559382713121067e+02,4.307745201770841277e+02,1.000000000000000000e+00,4.059755958716713686e-01,1.789505037708061908e+00
2.000000000000000000e+00,-2.000000000000000000e+00,-1.000000000000000000e+00,6.000000000000000000e+00,-8.444402195501936603e-01,5.393801232001584367e+02,4.533189078846450002e+02,1.000000000000000000e+00,4.442233515945352429e-01,1.611730614606513790e+00
2.000000000000000000e+00,-2.000000000000000000e+00,-1.000000000000000000e+00,7.000000000000000000e+00,2.831508646912965332e+00,5.557950493856142202e+02,4.763306382746051781e+02,1.000000000000000000e+00,4.844938706363813297e-01,1.457314042019820510e+00
2.000000000000000000e+00,-2.000000000000000000e+00,-1.000000000000000000e+00,8.000000000000000000e+00,6.436847303359570560e+00,5.727293595172095593e+02,5.000736403380004731e+02,1.000000000000000000e+00,5.267583534680118085e-01,1.324555181963999129e+00
2.000000000000000000e+00,-2.000000000000000000e+00,-1.000000000000000000e+00,9.000000000000000000e+00,9.992109172760308411e+00,5.902346366623604581e+02,5.248526069884710523e+02,1.000000000000000000e+00,5.709526460027145589e-01,1.210619666929895866e+00
2.000000000000000000e+00,-2.000000000000000000e+00,-1.000000000000000000e+00,1.000000000000000000e+01,1.351639705697326121e+01,6.083859880027008558e+02,5.510289578948514873e+02,1.000000000000000000e+00,6.169459691205462226e-01,1.112578857682358979e+00
2.000000000000000000e+00,-2.000000000000000000e+00,-1.000000000000000000e+00,1.100000000000000000e+01,1.702800242546680920e+01,6.272846251359731014e+02,5.790433291077217746e+02,1.000000000000000000e+00,6.645006467839473796e-01,1.027803041088291236e+00
2.000000000000000000e+00,-2.000000000000000000e+00,-1.000000000000000000e+00,1.200000000000000000e+01,2.054504856211647734e+01,6.470628208690897054e+02,6.094480425836466111e+02,1.000000000000000000e+00,7.132190746994636621e-01,9.540650327522436358e-01
2.000000000000000000e+00,-2.000000000000000000e+00,-1.000000000000000000e+00,1.300000000000000000e+01,2.408619417152860365e+01,6.678920340212332576e+02,6.429553674353272754e+02,1.000000000000000000e+00,7.624734332987508356e-01,8.895275027068115792e-01
2.000000000000000000e+00,-2.000000000000000000e+00,-1.000000000000000000e+00,1.400000000000000000e+01,2.767146149137829525e+01,6.899956573306476457e+02,6.805116786264700295e+02,1.000000000000000000e+00,8.113129215124246230e-01,8.326913293712945308e-01
2.000000000000000000e+00,-2.000000000000000000e+00,-1.000000000000000000e+00,1.500000000000000000e+01,3.132329240668104831e+01,7.136690115485415618e+02,7.234158393202028492e+02,1.000000000000000000e+00,8.583427526550252429e-01,7.823370616209742723e-01
2.000000000000000000e+00,-2.000000000000000000e+00,0.000000000000000000e+00,0.000000000000000000e+00,3.245402233843662998e+00,4.308141359095218945e+02,3.092235462808889679e+02,1.000000000000000000e+00,2.028785221826861218e-01,2.898515163320107391e+00
2.000000000000000000e+00,-2.000000000000000000e+00,0.000000000000000000e+00,1.000000000000000000e+00,4.578819928614223045e+00,4.479569171196794741e+02,3.331865280157527422e+02,1.000000000000000000e+00,2.378842906144090219e-01,2.821261117625471382e+00
2.000000000000000000e+00,-2.000000000000000000e+00,0.000000000000000000e+00,2.000000000000000000e+00,6.293653189328381359e+00,4.649321070055385690e+02,3.563769778014116696e+02,1.000000000000000000e+00,2.736816468399571045e-01,2.621977777466320880e+00
2.000000000000000000e+00,-2.000000000000000000e+00,0.000000000000000000e+00,3.000000000000000000e+00,8.261525578034735418e+00,4.818606191204148672e+02,3.790375873557400723e+02,1.000000000000000000e+00,3.105317178015322144e-01,2.366912659219230441e+00
2.000000000000000000e+00,-2.000000000000000000e+00,0.000000000000000000e+00,4.000000000000000000e+00,1.040761759392958652e+01,4.988306498675146372e+02,4.013963019439732989e+02,1.000000000000000000e+00,3.486346376424873661e-01,2.109338059754582773e+00
2.000000000000000000e+00,-2.000000000000000000e+00,0.000000000000000000e+00,5.000000000000000000e+00,1.268641925945115645e+01,5.159170583030416992e+02,4.236767842486801214e+02,1.000000000000000000e+00,3.881560824026371592e-01,1.875723436879308093e+00
2.000000000000000000e+00,-2.000000000000000000e+00,0.000000000000000000e+00,6.000000000000000000e+00,1.506970208910126985e+01,5.331912833048560287e+02,4.461072352704063633e+02,1.000000000000000000e+00,4.292357236288053546e-01,1.673861546619299423e+00
2.000000000000000000e+00,-2.000000000000000000e+00,0.000000000000000000e+00,7.000000000000000000e+00,1.754007735332052675e+01,5.507272448382113907e+02,4.689292053066046719e+02,1.000000000000000000e+00,4.719856667716784693e-01,1.502758384888193799e+00
2.000000000000000000e+00,-2.000000000000000000e+00,0.000000000000000000e+00,8.000000000000000000e+00,2.008735574781417199e+01,5.686056065552668315e+02,4.924075186147658769e+02,1.000000000000000000e+00,5.164815306349567203e-01,1.358398980366905207e+00
2.000000000000000000e+00,-2.000000000000000000e+00,0.000000000000000000e+00,9.000000000000000000e+00,2.270642190558547213e+01,5.869176064986337451e+02,5.168424278050815701e+02,1.000000000000000000e+00,5.627464122312112460e-01,1.236296361347846595e+00
2.000000000000000000e+00,-2.000000000000000000e+00,0.000000000000000000e+00,1.000000000000000000e+01,2.539598644908701885e+01,6.057692155340022282e+02,5.425854201025620114e+02,1.000000000000000000e+00,6.107266006265895664e-01,1.132410216759393684e+00
2.000000000000000000e+00,-2.000000000000000000e+00,0.000000000000000000e+00,1.100000000000000000e+01,2.815788568622500065e+01,6.252862685805007459e+02,5.700607429276019502e+02,1.000000000000000000e+00,6.602568679224993797e-01,1.043376375879344620e+00
2.000000000000000000e+00,-2.000000000000000000e+00,0.000000000000000000e+00,1.200000000000000000e+01,3.099675762771107657e+01,6.456213081371289491e+02,5.997958765392240821e+02,1.000000000000000000e+00,7.110122225648863870e-01,9.664820163695423405e-01
2.000000000000000000e+00,-2.000000000000000000e+00,0.000000000000000000e+00,1.300000000000000000e+01,3.392001422026930868e+01,6.669631809212237386e+02,6.324662451010427731e+02,1.000000000000000000e+00,7.624420980428026073e-01,8.995655446095678354e-01
2.000000000000000000e+00,-2.000000000000000000e+00,0.000000000000000000e+00,1.400000000000000000e+01,3.693809237643216647e+01,6.895510315870703835e+02,6.689632244234257996e+02,1.000000000000000000e+00,8.136821366245219345e-01,8.409082923957136302e-01
2.000000000000000000e+00,-2.000000000000000000e+00,1.000000000000000000e+00,0.000000000000000000e+00,3.614624532295073323e+01,4.428764524403796941e+02,3.021389390012645890e+02,1.000000000000000000e+00,2.273870814134023866e-01,2.607531882332312367e+00
2.000000000000000000e+00,-2.000000000000000000e+00,1.000000000000000000e+00,1.000000000000000000e+00,3.299122596347604031e+01,4.596289086129369252e+02,3.260972684613821571e+02,1.000000000000000000e+00,2.623795573360185873e-01,2.550858347630301726e+00
2.000000000000000000e+00,-2.000000000000000000e+00,1.000000000000000000e+00,2.000000000000000000e+00,3.122511231087304395e+01,4.762666518062674754e+02,3.492706591522236863e+02,1.000000000000000000e+00,2.982455861170442146e-01,2.400718664967592453e+00
2.000000000000000000e+00,-2.000000000000000000e+00,1.000000000000000000e+00,3.000000000000000000e+00,3.042127447919727956e+01,4.929078562500749285e+02,3.719004778182846280e+02,1.000000000000000000e+00,3.352511476594634554e-01,2.200345902163694412e+00
2.000000000000000000e+00,-2.000000000000000000e+00,1.000000000000000000e+00,4.000000000000000000e+00,3.031153566467639848e+01,5.096401706627824524e+02,3.942128825103895338e+02,1.000000000000000000e+00,3.736035204044843017e-01,1.988886056878434783e+00
2.000000000000000000e+00,-2.000000000000000000e+00,1.000000000000000000e+00,5.000000000000000000e+00,3.072029308919906043e+01,5.265385945761967150e+02,4.164292267768165061e+02,1.000000000000000000e+00,4.134755576029815471e-01,1.789505037708061908e+00
2.000000000000000000e+00,-2.000000000000000000e+00,1.000000000000000000e+00,6.000000000000000000e+00,3.152887440421099541e+01,5.436751639360312538e+02,4.387748386200049708e+02,1.000000000000000000e+00,4.550138500738176162e-01,1.611730614606513567e+00
2.000000000000000000e+00,-2.000000000000000000e+00,1.000000000000000000e+00,7.000000000000000000e+00,3.265518698337635328e+01,5.611249859905905168e+02,4.614877237577981646e+02,1.000000000000000000e+00,4.983373457222001757e-01,1.457314042019820732e+00
2.000000000000000000e+00,-2.000000000000000000e+00,1.000000000000000000e+00,8.000000000000000000e+00,3.404157667256686182e+01,5.789707511743642954e+02,4.848282930092616994e+02,1.000000000000000000e+00,5.435286553393748887e-01,1.324555181963999129e+00
2.000000000000000000e+00,-2.000000000000000000e+00,1.000000000000000000e+00,9.000000000000000000e+00,3.564732589648377825e+01,5.973068768814706573e+02,5.090912053578218206e+02,1.000000000000000000e+00,5.906181738590784436e-01,1.210619666929896088e+00
2.000000000000000000e+00,-2.000000000000000000e+00,1.000000000000000000e+00,1.000000000000000000e+01,3.744389761738779043e+01,6.162440593741332577e+02,5.346207038135373750e+02,1.000000000000000000e+00,6.395598623595321053e-01,1.112578857682358979e+00
2.000000000000000000e+00,-1.000000000000000000e+00,-4.000000000000000000e+00,1.200000000000000000e+01,-5.790610033703558202e+00,6.773292839808790404e+02,6.973416551063282895e+02,1.000000000000000000e+00,7.726624210106716184e-01,8.362256090765095573e-01
2.000000000000000000e+00,-1.000000000000000000e+00,-4.000000000000000000e+00,1.300000000000000000e+01,-6.018502651237440659e-01,6.938048448423351147e+02,7.407224550469949236e+02,1.000000000000000000e+00,8.006202003072053763e-01,7.917447297214623703e-01
2.000000000000000000e+00,-1.000000000000000000e+00,-3.000000000000000000e+00,1.100000000000000000e+01,-3.406925719335731628e+00,6.215996716348123527e+02,6.450510958684208163e+02,1.000000000000000000e+00,6.392412767689417130e-01,9.614759360214411021e-01
2.000000000000000000e+00,-1.000000000000000000e+00,-3.000000000000000000e+00,1.200000000000000000e+01,1.771151761181755546e+00,6.373872033476194474e+02,6.809016077819239854e+02,1.000000000000000000e+00,6.729822094432574842e-01,9.003084671157554064e-01
2.000000000000000000e+00,-1.000000000000000000e+00,-3.000000000000000000e+00,1.300000000000000000e+01,6.916739264653500641e+00,6.541563286927287209e+02,7.212803298947848134e+02,1.000000000000000000e+00,7.057368980573496264e-01,8.454806683998367101e-01
2.000000000000000000e+00,-1.000000000000000000e+00,-2.000000000000000000e+00,9.000000000000000000e+00,-3.343103286529640172e+00,5.603885516558772224e+02,5.738703702668558435e+02,1.000000000000000000e+00,4.914896257416842551e-01,1.215194541936476691e+00
2.000000000000000000e+00,-1.000000000000000000e+00,-2.000000000000000000e+00,1.000000000000000000e+01,1.772978657470815733e+00,5.759756227949810636e+02,6.024799569458667747e+02,1.000000000000000000e+00,5.280785393690439200e-01,1.116126710614154138e+00
2.000000000000000000e+00,-1.000000000000000000e+00,-2.000000000000000000e+00,1.100000000000000000e+01,6.743132920609269831e+00,5.922391853619501489e+02,6.334888024556403252e+02,1.000000000000000000e+00,5.656060160065514708e-01,1.030598146462534892e+00
2.000000000000000000e+00,-1.000000000000000000e+00,-2.000000000000000000e+00,1.200000000000000000e+01,1.160874597145482312e+01,6.091926593529943830e+02,6.676095916517904243e+02,1.000000000000000000e+00,6.033846904105448772e-01,9.562994136409768142e-01
2.000000000000000000e+00,-1.000000000000000000e+00,-2.000000000000000000e+00,1.300000000000000000e+01,1.641168885912901487e+01,6.268703915103801592e+02,7.057900967968926125e+02,1.000000000000000000e+00,6.404591929534234618e-01,8.913375998760642016e-01
2.000000000000000000e+00,-1.000000000000000000e+00,-2.000000000000000000e+00,1.400000000000000000e+01,2.119566954507575929e+01,6.453229899840569033e+02,7.493321892261844823e+02,1.000000000000000000e+00,6.754872430010390172e-01,8.341755956277656647e-01
2.000000000000000000e+00,-1.000000000000000000e+00,-1.000000000000000000e+00,6.000000000000000000e+00,-3.574392657975721477e+00,4.916446348475681702e+02,4.906165550936588033e+02,1.000000000000000000e+00,3.316224894507298626e-01,1.839004145124393252e+00
2.000000000000000000e+00,-1.000000000000000000e+00,-1.000000000000000000e+00,7.000000000000000000e+00,1.416029245876927689e+00,5.078200073822450804e+02,5.145174524731672818e+02,1.000000000000000000e+00,3.680007895853666944e-01,1.618828601307914283e+00
2.000000000000000000e+00,-1.000000000000000000e+00,-1.000000000000000000e+00,8.000000000000000000e+00,6.108525306337440952e+00,5.243706375156762078e+02,5.393392611821172977e+02,1.000000000000000000e+00,4.059339526905959006e-01,1.442310236649423150e+00
2.000000000000000000e+00,-1.000000000000000000e+00,-1.000000000000000000e+00,9.000000000000000000e+00,1.058020426988622376e+01,5.412863446081395296e+02,5.654292543239142788e+02,1.000000000000000000e+00,4.452259862084034792e-01,1.298544186016179713e+00
2.000000000000000000e+00,-1.000000000000000000e+00,-1.000000000000000000e+00,1.000000000000000000e+01,1.489316749583082355e+01,5.585838971617677089e+02,5.932058630033595819e+02,1.000000000000000000e+00,4.856241749658546936e-01,1.179664235252622984e+00
2.000000000000000000e+00,-1.000000000000000000e+00,-1.000000000000000000e+00,1.100000000000000000e+01,1.909910848891814794e+01,5.763010854493585384e+02,6.231872772877433135e+02,1.000000000000000000e+00,5.267671644700012701e-01,1.079987335392475156e+00
2.000000000000000000e+00,-1.000000000000000000e+00,-1.000000000000000000e+00,1.200000000000000000e+01,2.324298028694690288e+01,5.944931825141363788e+02,6.560339519128148140e+02,1.000000000000000000e+00,5.681217183189550823e-01,9.953623078796581813e-01
2.000000000000000000e+00,-1.000000000000000000e+00,-1.000000000000000000e+00,1.300000000000000000e+01,2.736606509196997195e+01,6.132306262014427602e+02,6.926135503285804589e+02,1.000000000000000000e+00,6.089010899176768854e-01,9.227128374567769020e-01
2.000000000000000000e+00,-1.000000000000000000e+00,-1.000000000000000000e+00,1.400000000000000000e+01,3.150881389132740651e+01,6.325966895139348480e+02,7.341038411458674773e+02,1.000000000000000000e+00,6.479564576154658306e-01,8.597240256635731992e-01
2.000000000000000000e+00,-1.000000000000000000e+00,0.000000000000000000e+00,3.000000000000000000e+00,8.557553159554970534e+00,4.317223362203252464e+02,4.146013245366671640e+02,1.000000000000000000e+00,2.045472490178395775e-01,3.347723093238598846e+00
2.000000000000000000e+00,-1.000000000000000000e+00,0.000000000000000000e+00,4.000000000000000000e+00,1.154710319918658001e+01,4.496018083696285430e+02,4.373526366128049290e+02,1.000000000000000000e+00,2.410865554190534943e-01,2.716797960733810857e+00
2.000000000000000000e+00,-1.000000000000000000e+00,0.000000000000000000e+00,5.000000000000000000e+00,1.450188959187681803e+01,4.673884381352361288e+02,4.601359024027862006e+02,1.000000000000000000e+00,2.786092785027565188e-01,2.264820433518787368e+00
2.000000000000000000e+00,-1.000000000000000000e+00,0.000000000000000000e+00,6.000000000000000000e+00,1.744317467677046807e+01,4.851378382498515407e+02,4.831981629798273161e+02,1.000000000000000000e+00,3.171912874287654560e-01,1.932964032739084459e+00
2.000000000000000000e+00,-1.000000000000000000e+00,0.000000000000000000e+00,7.000000000000000000e+00,2.038695317043752198e+01,5.029101280876008673e+02,5.068048385347791509e+02,1.000000000000000000e+00,3.568866764161543470e-01,1.681816584791427260e+00
2.000000000000000000e+00,-1.000000000000000000e+00,0.000000000000000000e+00,8.000000000000000000e+00,2.334668716050018134e+01,5.207700846970701605e+02,5.312510643917478319e+02,1.000000000000000000e+00,3.977120373348096427e-01,1.486322755211073154e+00
2.000000000000000000e+00,-1.000000000000000000e+00,0.000000000000000000e+00,9.000000000000000000e+00,2.633481181800576110e+01,5.387878925585609977e+02,5.568762154931374653e+02,1.000000000000000000e+00,4.396258807220337905e-01,1.330385200757993047e+00
2.000000000000000000e+00,-1.000000000000000000e+00,0.000000000000000000e+00,1.000000000000000000e+01,2.936371174799259620e+01,5.570403288979723584e+02,5.840833656750810405e+02,1.000000000000000000e+00,4.825007044885858964e-01,1.203382853558933707e+00
2.000000000000000000e+00,-1.000000000000000000e+00,0.000000000000000000e+00,1.100000000000000000e+01,3.244648975916680911e+01,5.756123349991609075e+02,6.133664305323381996e+02,1.000000000000000000e+00,5.260846405066588183e-01,1.098098333244993174e+00
2.000000000000000000e+00,-1.000000000000000000e+00,0.000000000000000000e+00,1.200000000000000000e+01,3.559770946189229335e+01,5.945989572515420605e+02,6.453494793735317216e+02,1.000000000000000000e+00,5.699486935049473679e-01,1.009487022068615403e+00
2.000000000000000000e+00,-1.000000000000000000e+00,1.000000000000000000e+00,4.000000000000000000e+00,3.791348929593863204e+01,4.669410868684225306e+02,4.295540013901185716e+02,1.000000000000000000e+00,2.778114030184820060e-01,2.472863336741859097e+00
2.000000000000000000e+00,-1.000000000000000000e+00,1.000000000000000000e+00,5.000000000000000000e+00,3.763906778077446802e+01,4.837223576811119301e+02,4.521903862602035247e+02,1.000000000000000000e+00,3.143369894548056487e-01,2.117608947777143591e+00
2.000000000000000000e+00,-1.000000000000000000e+00,1.000000000000000000e+00,6.000000000000000000e+00,3.799983744739446934e+01,5.007133322093873176e+02,4.750965699787479934e+02,1.000000000000000000e+00,3.523620332354512330e-01,1.839004145124392808e+00
2.000000000000000000e+00,0.000000000000000000e+00,-3.000000000000000000e+00,1.100000000000000000e+01,-3.992457124389574119e+00,5.729854027887663506e+02,6.982210034082193033e+02,1.000000000000000000e+00,5.089291003833926741e-01,9.749795237733862585e-01
2.000000000000000000e+00,0.000000000000000000e+00,-3.000000000000000000e+00,1.200000000000000000e+01,2.492758814506629506e+00,5.846783091274131721e+02,7.390179282975984734e+02,1.000000000000000000e+00,5.300339127645390391e-01,9.113664866531554498e-01
2.000000000000000000e+00,0.000000000000000000e+00,-2.000000000000000000e+00,9.000000000000000000e+00,-4.045946278271003393e+00,5.118351878069515237e+02,6.207030164427654881e+02,1.000000000000000000e+00,3.731669598201121651e-01,1.242807041883944308e+00
2.000000000000000000e+00,0.000000000000000000e+00,-2.000000000000000000e+00,1.000000000000000000e+01,2.633589757171876045e+00,5.248552338975064231e+02,6.522820069091452524e+02,1.000000000000000000e+00,4.007902904048811776e-01,1.137407305654013712e+00
2.000000000000000000e+00,0.000000000000000000e+00,-2.000000000000000000e+00,1.100000000000000000e+01,8.981131856500724098e+00,5.381828358572529396e+02,6.869455549897285209e+02,1.000000000000000000e+00,4.283055570662724354e-01,1.047281133673214848e+00
2.000000000000000000e+00,0.000000000000000000e+00,-2.000000000000000000e+00,1.200000000000000000e+01,1.508881437649338864e+01,5.516188643353665384e+02,7.256591081306991100e+02,1.000000000000000000e+00,4.546188754416670696e-01,9.695830470869436502e-01
2.000000000000000000e+00,0.000000000000000000e+00,-1.000000000000000000e+00,6.000000000000000000e+00,-4.747759421986387451e+00,4.417438031709747861e+02,5.322098774974440403e+02,1.000000000000000000e+00,2.242314600045211825e-01,1.939166094173887300e+00
2.000000000000000000e+00,0.000000000000000000e+00,-1.000000000000000000e+00,7.000000000000000000e+00,2.482340829921668046e+00,4.570064891656772943e+02,5.576535883105916582e+02,1.000000000000000000e+00,2.554561170495510125e-01,1.685896889433066148e+00
2.000000000000000000e+00,0.000000000000000000e+00,-1.000000000000000000e+00,8.000000000000000000e+00,8.848847922986124104e+00,4.725594651638842834e+02,5.843017379132463702e+02,1.000000000000000000e+00,2.878446486952908057e-01,1.489136922376449013e+00
2.000000000000000000e+00,0.000000000000000000e+00,-1.000000000000000000e+00,9.000000000000000000e+00,1.461726722738828244e+01,4.882457161536005970e+02,6.125860860664956817e+02,1.000000000000000000e+00,3.209034457320552591e-01,1.332402161400198626e+00
2.000000000000000000e+00,0.000000000000000000e+00,-1.000000000000000000e+00,1.000000000000000000e+01,1.997709186041964813e+01,5.039563681827866048e+02,6.430372672710004736e+02,1.000000000000000000e+00,3.541145302000899830e-01,1.204874950556125146e+00
2.000000000000000000e+00,0.000000000000000000e+00,-1.000000000000000000e+00,1.100000000000000000e+01,2.506873413080091950e+01,5.195976964397525535e+02,6.763285688545888661e+02,1.000000000000000000e+00,3.868401011982638416e-01,1.099231709502348497e+00
2.000000000000000000e+00,0.000000000000000000e+00,-1.000000000000000000e+00,1.200000000000000000e+01,3.000240581495955894e+01,5.350626294590102816e+02,7.133437663675256317e+02,1.000000000000000000e+00,4.182210564148106102e-01,1.010367358099351964e+00
2.000000000000000000e+00,0.000000000000000000e+00,-1.000000000000000000e+00,1.300000000000000000e+01,3.487177665835176299e+01,5.501969344757388853e+02,7.552862393674340638e+02,1.000000000000000000e+00,4.470501322031766867e-01,9.346282231266717089e-01
2.000000000000000000e+00,0.000000000000000000e+00,0.000000000000000000e+00,6.000000000000000000e+00,2.630647933057224463e+01,4.347366559481426975e+02,5.244722989935837631e+02,1.000000000000000000e+00,2.100805045463761123e-01,2.050300287065612626e+00
2.000000000000000000e+00,0.000000000000000000e+00,0.000000000000000000e+00,7.000000000000000000e+00,2.923046104023421776e+01,4.525314347354297979e+02,5.493969178454713074e+02,1.000000000000000000e+00,2.462488097767129014e-01,1.757400246056239235e+00
2.000000000000000000e+00,0.000000000000000000e+00,0.000000000000000000e+00,8.000000000000000000e+00,3.220929458974114823e+01,4.700661257301454725e+02,5.754451969556994300e+02,1.000000000000000000e+00,2.827328555250012143e-01,1.537725215299209580e+00
2.000000000000000000e+00,0.000000000000000000e+00,0.000000000000000000e+00,9.000000000000000000e+00,3.525476627560399834e+01,4.873794466957543818e+02,6.030272124638629521e+02,1.000000000000000000e+00,3.193840890476593586e-01,1.366866858043741750e+00
2.000000000000000000e+00,1.000000000000000000e+00,-2.000000000000000000e+00,9.000000000000000000e+00,-1.383745053407182013e+00,4.555142247427640996e+02,6.780564792422007940e+02,1.000000000000000000e+00,2.487825670704104375e-01,1.215194541936476691e+00
2.000000000000000000e+00,1.000000000000000000e+00,-2.000000000000000000e+00,1.000000000000000000e+01,8.169209263929730014e+00,4.621513398609089336e+02,7.153063042167636922e+02,1.000000000000000000e+00,2.604858259299569490e-01,1.116126710614153916e+00
2.000000000000000000e+00,1.000000000000000000e+00,-2.000000000000000000e+00,1.100000000000000000e+01,1.705323221768762210e+01,4.680765544240250620e+02,7.571731327269224039e+02,1.000000000000000000e+00,2.698546004432728074e-01,1.030598146462534670e+00
2.000000000000000000e+00,1.000000000000000000e+00,-1.000000000000000000e+00,1.000000000000000000e+01,3.528925190416001101e+01,4.310425088084786012e+02,7.078699922080093074e+02,1.000000000000000000e+00,1.986702466364929087e-01,1.179664235252623206e+00
3.000000000000000000e+00,-5.000000000000000000e+00,2.000000000000000000e+00,-6.000000000000000000e+00,7.069397244656346402e+01,2.653179062336583343e+02,9.439167369464598778e+00,0.000000000000000000e+00,4.237362862628129556e-01,9.560739417958750153e-01
3.000000000000000000e+00,-5.000000000000000000e+00,3.000000000000000000e+00,-6.000000000000000000e+00,6.149104786284863167e+01,2.175161322966292232e+02,9.561670110228703834e+00,0.000000000000000000e+00,5.331255347098802222e-01,9.001203180300275664e-01
3.000000000000000000e+00,-5.000000000000000000e+00,3.000000000000000000e+00,-5.000000000000000000e+00,5.548161329166401856e+01,2.415315793194303353e+02,9.526950244529871270e+00,0.000000000000000000e+00,4.774813199370642747e-01,9.278565425500441277e-01
3.000000000000000000e+00,-4.000000000000000000e+00,2.000000000000000000e+00,-4.000000000000000000e+00,6.843358907249375989e+01,3.075380083668762268e+02,1.086955342190637452e+02,0.000000000000000000e+00,3.396071791620484670e-01,1.200359332483796004e+00
3.000000000000000000e+00,-4.000000000000000000e+00,2.000000000000000000e+00,-3.000000000000000000e+00,5.863470562231242411e+01,3.296752877504094386e+02,1.063627855234622075e+02,0.000000000000000000e+00,2.918754872586875049e-01,1.242477119971894695e+00
3.000000000000000000e+00,-4.000000000000000000e+00,2.000000000000000000e+00,-2.000000000000000000e+00,4.643365241507018482e+01,3.482513092924840521e+02,1.039243687631644093e+02,0.000000000000000000e+00,2.530863203427178854e-01,1.275429173815151307e+00
3.000000000000000000e+00,-4.000000000000000000e+00,2.000000000000000000e+00,-1.000000000000000000e+00,3.233274346208136762e+01,3.612637820011894974e+02,1.018817508066621258e+02,0.000000000000000000e+00,2.265963485259843146e-01,1.296505021736512608e+00
3.000000000000000000e+00,-4.000000000000000000e+00,2.000000000000000000e+00,0.000000000000000000e+00,1.781251082909861339e+01,3.664609773622697162e+02,1.007971713110179053e+02,0.000000000000000000e+00,2.161663155337887887e-01,1.303765941166156184e+00
3.000000000000000000e+00,-4.000000000000000000e+00,2.000000000000000000e+00,1.000000000000000000e+00,4.744913820212616429e+00,3.626533799554032385e+02,1.009702250104602399e+02,0.000000000000000000e+00,2.237782963525824231e-01,1.296505021736512608e+00
3.000000000000000000e+00,-4.000000000000000000e+00,3.000000000000000000e+00,-6.000000000000000000e+00,7.067295447826626287e+01,2.148515570647907680e+02,1.116479690267684646e+02,0.000000000000000000e+00,5.564508216998680368e-01,1.017222387008035689e+00
3.000000000000000000e+00,-4.000000000000000000e+00,3.000000000000000000e+00,-5.000000000000000000e+00,6.548699266851053835e+01,2.362105424374774998e+02,1.116731633515021826e+02,0.000000000000000000e+00,5.041867525769484493e-01,1.057778690001951016e+00
3.000000000000000000e+00,-4.000000000000000000e+00,3.000000000000000000e+00,-4.000000000000000000e+00,5.922685604996621578e+01,2.551878796752135941e+02,1.112134945293194050e+02,0.000000000000000000e+00,4.588301570992212586e-01,1.094831744208387025e+00
3.000000000000000000e+00,-4.000000000000000000e+00,3.000000000000000000e+00,-3.000000000000000000e+00,5.186364308049181204e+01,2.712365737704412822e+02,1.104443430405432309e+02,0.000000000000000000e+00,4.213233254339152078e-01,1.126506103474143483e+00
3.000000000000000000e+00,-4.000000000000000000e+00,3.000000000000000000e+00,-2.000000000000000000e+00,4.349914493367273849e+01,2.836563480267501518e+02,1.095644658940551039e+02,0.000000000000000000e+00,3.928529126061160448e-01,1.150891484959664091e+00
3.000000000000000000e+00,-4.000000000000000000e+00,3.000000000000000000e+00,-1.000000000000000000e+00,3.441433728751425747e+01,2.916924635910240795e+02,1.087756758888170339e+02,0.000000000000000000e+00,3.746904872252650454e-01,1.166305444849937256e+00
3.000000000000000000e+00,-4.000000000000000000e+00,3.000000000000000000e+00,0.000000000000000000e+00,2.505584247179263002e+01,2.947243043450462210e+02,1.082395547033232788e+02,0.000000000000000000e+00,3.678790950944392790e-01,1.171582715165016442e+00
3.000000000000000000e+00,-4.000000000000000000e+00,3.000000000000000000e+00,1.000000000000000000e+00,1.592911887513588454e+01,2.924825250386610378e+02,1.080257049388046653e+02,0.000000000000000000e+00,3.728705356824906780e-01,1.166305444849937478e+00
3.000000000000000000e+00,-4.000000000000000000e+00,3.000000000000000000e+00,2.000000000000000000e+00,7.446292988637367216e+00,2.851599354858738025e+02,1.080845345994640070e+02,0.000000000000000000e+00,3.893399082112151133e-01,1.150891484959664091e+00
3.000000000000000000e+00,-4.000000000000000000e+00,4.000000000000000000e+00,-9.000000000000000000e+00,7.173264585418417028e+01,9.511080336796388224e+01,1.011969540547032125e+02,0.000000000000000000e+00,8.647270803558173569e-01,8.275735894045900265e-01
3.000000000000000000e+00,-4.000000000000000000e+00,4.000000000000000000e+00,-8.000000000000000000e+00,6.906291171008842866e+01,1.203070697126344868e+02,1.045567376772294779e+02,0.000000000000000000e+00,7.987710665124341247e-01,8.613715276165858636e-01
3.000000000000000000e+00,-4.000000000000000000e+00,4.000000000000000000e+00,-7.000000000000000000e+00,6.582989892301810642e+01,1.432551022259491447e+02,1.070120458997931223e+02,0.000000000000000000e+00,7.388276413295667977e-01,8.949064134435658069e-01
3.000000000000000000e+00,-4.000000000000000000e+00,4.000000000000000000e+00,-6.000000000000000000e+00,6.198259514046566210e+01,1.639279927880855325e+02,1.087049948151749845e+02,0.000000000000000000e+00,6.852334643003301640e-01,9.273744547201292487e-01
3.000000000000000000e+00,-4.000000000000000000e+00,4.000000000000000000e+00,-5.000000000000000000e+00,5.748395205003734532e+01,1.821994760348001989e+02,1.097686038896692935e+02,0.000000000000000000e+00,6.383795828513668669e-01,9.577945028864699450e-01
3.000000000000000000e+00,-4.000000000000000000e+00,4.000000000000000000e+00,-4.000000000000000000e+00,5.232369154725185467e+01,1.978529015640376372e+02,1.103316032666397746e+02,0.000000000000000000e+00,5.987359522166134651e-01,9.850417624850424936e-01
3.000000000000000000e+00,-4.000000000000000000e+00,4.000000000000000000e+00,-3.000000000000000000e+00,4.653325159750886542e+01,2.105999612485576336e+02,1.105192831505019058e+02,0.000000000000000000e+00,5.668473093492104598e-01,1.007920025980871825e+00
3.000000000000000000e+00,-4.000000000000000000e+00,4.000000000000000000e+00,-2.000000000000000000e+00,4.019857000957586024e+01,2.201154848890040512e+02,1.104492689919644022e+02,0.000000000000000000e+00,5.432928662074916204e-01,1.025273459969366918e+00
3.000000000000000000e+00,-4.000000000000000000e+00,4.000000000000000000e+00,-1.000000000000000000e+00,3.346369322286676606e+01,2.260903945584090877e+02,1.102218945660986265e+02,0.000000000000000000e+00,5.286087556777470109e-01,1.036125868726029964e+00
3.000000000000000000e+00,-4.000000000000000000e+00,4.000000000000000000e+00,0.000000000000000000e+00,2.651859836907027557e+01,2.282953074381978240e+02,1.099070157252587592e+02,0.000000000000000000e+00,5.231878071625465365e-01,1.039820646312733965e+00
3.000000000000000000e+00,-4.000000000000000000e+00,4.000000000000000000e+00,1.000000000000000000e+00,1.957074395238316811e+01,2.266358890033647242e+02,1.095318145621764643e+02,0.000000000000000000e+00,5.271898700318208286e-01,1.036125868726029964e+00
3.000000000000000000e+00,-4.000000000000000000e+00,4.000000000000000000e+00,2.000000000000000000e+00,1.280942019981688418e+01,2.211773469298035764e+02,1.090750780905757438e+02,0.000000000000000000e+00,5.405015764070820738e-01,1.025273459969366918e+00
3.000000000000000000e+00,-4.000000000000000000e+00,4.000000000000000000e+00,3.000000000000000000e+00,6.377160145784046108e+00,2.121265589109005987e+02,1.084707987000144271e+02,0.000000000000000000e+00,5.627651870641747767e-01,1.007920025980871825e+00
3.000000000000000000e+00,-4.000000000000000000e+00,4.000000000000000000e+00,4.000000000000000000e+00,3.579660057107503235e-01,1.997802731404844394e+02,1.076191220266928212e+02,0.000000000000000000e+00,5.934620652314711586e-01,9.850417624850428266e-01
3.000000000000000000e+00,-4.000000000000000000e+00,5.000000000000000000e+00,-1.000000000000000000e+01,6.583020041844673642e+01,1.320153139551129584e+01,8.528368051397927729e+01,0.000000000000000000e+00,1.073839368769699210e+00,7.375920499034925859e-01
3.000000000000000000e+00,-4.000000000000000000e+00,5.000000000000000000e+00,-9.000000000000000000e+00,6.369219829889931361e+01,4.037295311200867332e+01,9.101186206327753325e+01,0.000000000000000000e+00,1.005872225946381704e+00,7.641510288454196331e-01
3.000000000000000000e+00,-4.000000000000000000e+00,5.000000000000000000e+00,-8.000000000000000000e+00,6.114614909621775496e+01,6.472997624034036335e+01,9.555405434062760150e+01,0.000000000000000000e+00,9.434883977573998992e-01,7.905176943115146404e-01
3.000000000000000000e+00,-4.000000000000000000e+00,5.000000000000000000e+00,-7.000000000000000000e+00,5.816750990350107031e+01,8.642842630879576404e+01,9.909456832432044848e+01,0.000000000000000000e+00,8.871393949259012146e-01,8.161997888677686719e-01
3.000000000000000000e+00,-4.000000000000000000e+00,5.000000000000000000e+00,-6.000000000000000000e+00,5.473913484630935500e+01,1.055292231630235591e+02,1.017881472549997284e+02,0.000000000000000000e+00,8.372046834483828359e-01,8.406066970907721814e-01
3.000000000000000000e+00,-4.000000000000000000e+00,5.000000000000000000e+00,-5.000000000000000000e+00,5.085593332841568781e+01,1.220155738925408286e+02,1.037678102191869129e+02,0.000000000000000000e+00,7.940321441569115901e-01,8.630631221950809673e-01
3.000000000000000000e+00,-4.000000000000000000e+00,5.000000000000000000e+00,-4.000000000000000000e+00,4.652996577686781166e+01,1.358101940831296019e+02,1.051494062371198197e+02,0.000000000000000000e+00,7.579595330332123959e-01,8.828388841643178830e-01
3.000000000000000000e+00,-4.000000000000000000e+00,5.000000000000000000e+00,-3.000000000000000000e+00,4.179496674385080723e+01,1.467951193657466717e+02,1.060332458841153880e+02,0.000000000000000000e+00,7.293171606705997068e-01,8.991963601749133339e-01
3.000000000000000000e+00,-4.000000000000000000e+00,5.000000000000000000e+00,-2.000000000000000000e+00,3.670878942801186895e+01,1.548352510464603142e+02,1.065031458938899505e+02,0.000000000000000000e+00,7.084133715399779652e-01,9.114531272168120424e-01
3.000000000000000000e+00,-4.000000000000000000e+00,5.000000000000000000e+00,-1.000000000000000000e+00,3.135217046666136298e+01,1.598046185196534736e+02,1.066234955319687856e+02,0.000000000000000000e+00,6.955072128113156671e-01,9.190522220460011216e-01
3.000000000000000000e+00,-4.000000000000000000e+00,5.000000000000000000e+00,0.000000000000000000e+00,2.582289967152263443e+01,1.616117970020341090e+02,1.064354059155754157e+02,0.000000000000000000e+00,6.907762813925168999e-01,9.216278063604367299e-01
3.000000000000000000e+00,-4.000000000000000000e+00,5.000000000000000000e+00,1.000000000000000000e+00,2.022596923404643121e+01,1.602191069966663690e+02,1.059533443586006456e+02,0.000000000000000000e+00,6.942901908225794783e-01,9.190522220460011216e-01
3.000000000000000000e+00,-4.000000000000000000e+00,5.000000000000000000e+00,2.000000000000000000e+00,1.466194479778832260e+01,1.556504859935081697e+02,1.051635417770274898e+02,0.000000000000000000e+00,7.059990952210432047e-01,9.114531272168120424e-01
3.000000000000000000e+00,-4.000000000000000000e+00,5.000000000000000000e+00,3.000000000000000000e+00,9.216634290910008076e+00,1.479856893597516319e+02,1.040247665589698158e+02,0.000000000000000000e+00,7.257415002540958948e-01,8.991963601749133339e-01
3.000000000000000000e+00,-4.000000000000000000e+00,5.000000000000000000e+00,4.000000000000000000e+00,3.954538144790092247e+00,1.373425093621611097e+02,1.024710582392913807e+02,0.000000000000000000e+00,7.532682527342973167e-01,8.828388841643182161e-01
3.000000000000000000e+00,-4.000000000000000000e+00,6.000000000000000000e+00,-7.000000000000000000e+00,5.141118763361242827e+01,1.974270201044103601e+01,8.572712455918747310e+01,0.000000000000000000e+00,1.057202679990699723e+00,7.433730082198513056e-01
3.000000000000000000e+00,-4.000000000000000000e+00,6.000000000000000000e+00,-6.000000000000000000e+00,4.837211630920717198e+01,3.838750074567531101e+01,8.951711475848895816e+01,0.000000000000000000e+00,1.010434526104186492e+00,7.616710741177065147e-01
3.000000000000000000e+00,-4.000000000000000000e+00,6.000000000000000000e+00,-5.000000000000000000e+00,4.499743101419446134e+01,5.419560901933792252e+01,9.243581851804208327e+01,0.000000000000000000e+00,9.701225781559438266e-01,7.782568453385506624e-01
3.000000000000000000e+00,-4.000000000000000000e+00,6.000000000000000000e+00,-4.000000000000000000e+00,4.130272319418531879e+01,6.720343570532921262e+01,9.460257102248260708e+01,0.000000000000000000e+00,9.365839932993235140e-01,7.926638878214850026e-01
3.000000000000000000e+00,-4.000000000000000000e+00,6.000000000000000000e+00,-3.000000000000000000e+00,3.731505124331025058e+01,7.740744465142441300e+01,9.611328937607197531e+01,0.000000000000000000e+00,9.100812037489621753e-01,8.044397492245989323e-01
3.000000000000000000e+00,-4.000000000000000000e+00,6.000000000000000000e+00,-2.000000000000000000e+00,3.307317037150676242e+01,8.478132770501102300e+01,9.704241388977044380e+01,0.000000000000000000e+00,8.908273016945240652e-01,8.131798495756084044e-01
3.000000000000000000e+00,-4.000000000000000000e+00,6.000000000000000000e+00,-1.000000000000000000e+00,2.862629169075523805e+01,8.929163969947607882e+01,9.744338093138384238e+01,0.000000000000000000e+00,8.789834686633005711e-01,8.185626621609054521e-01
3.000000000000000000e+00,-4.000000000000000000e+00,6.000000000000000000e+00,0.000000000000000000e+00,2.403127007118234815e+01,9.091081385391649405e+01,9.734826330559837970e+01,0.000000000000000000e+00,8.746524956360485215e-01,8.203808277805068050e-01
3.000000000000000000e+00,-4.000000000000000000e+00,6.000000000000000000e+00,1.000000000000000000e+00,1.934852347045691090e+01,8.962604713882667795e+01,9.676716329037026298e+01,0.000000000000000000e+00,8.778724626584365476e-01,8.185626621609055631e-01
3.000000000000000000e+00,-4.000000000000000000e+00,6.000000000000000000e+00,2.000000000000000000e+00,1.463736940644537299e+01,8.544272081682512976e+01,9.568779588767961286e+01,0.000000000000000000e+00,8.886137189683523951e-01,8.131798495756085154e-01
3.000000000000000000e+00,-4.000000000000000000e+00,6.000000000000000000e+00,3.000000000000000000e+00,9.951651215856486488e+00,7.838176389077214878e+01,9.407544137480260815e+01,0.000000000000000000e+00,9.067804587132880512e-01,8.044397492245990433e-01
3.000000000000000000e+00,-4.000000000000000000e+00,6.000000000000000000e+00,4.000000000000000000e+00,5.336422416004552360e+00,6.847136750353982393e+01,9.187313152136687222e+01,0.000000000000000000e+00,9.322159176621902521e-01,7.926638878214848916e-01
3.000000000000000000e+00,-4.000000000000000000e+00,6.000000000000000000e+00,5.000000000000000000e+00,8.261144737190022624e-01,5.573426838910805259e+01,8.900165267035589522e+01,0.000000000000000000e+00,9.647082540133137263e-01,7.782568453385508844e-01
3.000000000000000000e+00,-4.000000000000000000e+00,7.000000000000000000e+00,-1.000000000000000000e+00,2.549454441267346283e+01,1.031405912879870357e+01,8.124993305392831644e+01,0.000000000000000000e+00,1.079300162829852194e+00,7.338161911812701721e-01
3.000000000000000000e+00,-4.000000000000000000e+00,7.000000000000000000e+00,0.000000000000000000e+00,2.156331871075198592e+01,1.188541346277926891e+01,8.124189846745053956e+01,0.000000000000000000e+00,1.075276770159504292e+00,7.351252384260691386e-01
3.000000000000000000e+00,-4.000000000000000000e+00,7.000000000000000000e+00,1.000000000000000000e+00,1.753866510211187801e+01,1.059483379754661314e+01,8.054345591935538096e+01,0.000000000000000000e+00,1.078239428062168992e+00,7.338161911812703941e-01
3.000000000000000000e+00,-3.000000000000000000e+00,2.000000000000000000e+00,-3.000000000000000000e+00,6.990794973931969025e+01,3.239809702025322622e+02,1.885181802254175807e+02,0.000000000000000000e+00,3.070914076203937193e-01,1.508457484862359532e+00
3.000000000000000000e+00,-3.000000000000000000e+00,2.000000000000000000e+00,-2.000000000000000000e+00,5.916357674746961948e+01,3.403339629251360634e+02,1.870200930840659908e+02,0.000000000000000000e+00,2.720768351728642953e-01,1.568571503429652125e+00
3.000000000000000000e+00,-3.000000000000000000e+00,2.000000000000000000e+00,-1.000000000000000000e+00,4.631451587366808553e+01,3.514490196951159078e+02,1.857875149391956597e+02,0.000000000000000000e+00,2.488250575427967959e-01,1.608283362108934300e+00
3.000000000000000000e+00,-3.000000000000000000e+00,2.000000000000000000e+00,0.000000000000000000e+00,3.237314194340774520e+01,3.556916174686492127e+02,1.851086527517221327e+02,0.000000000000000000e+00,2.400625778684700173e-01,1.622206320086717835e+00
3.000000000000000000e+00,-3.000000000000000000e+00,2.000000000000000000e+00,1.000000000000000000e+00,1.891625205569749824e+01,3.522787987792208355e+02,1.851231992203365451e+02,0.000000000000000000e+00,2.470958943471326386e-01,1.608283362108933856e+00
3.000000000000000000e+00,-3.000000000000000000e+00,2.000000000000000000e+00,2.000000000000000000e+00,7.190365370327839400e+00,3.418403390202879564e+02,1.857230216084476524e+02,0.000000000000000000e+00,2.688746615144986807e-01,1.568571503429652347e+00
3.000000000000000000e+00,-3.000000000000000000e+00,3.000000000000000000e+00,-5.000000000000000000e+00,7.259906508954298943e+01,2.376370203334365101e+02,1.919694395963747695e+02,0.000000000000000000e+00,5.080294464123640275e-01,1.207856812127471535e+00
3.000000000000000000e+00,-3.000000000000000000e+00,3.000000000000000000e+00,-4.000000000000000000e+00,6.690371658119948961e+01,2.554025212402477223e+02,1.915931053649907199e+02,0.000000000000000000e+00,4.644999337473741385e-01,1.263932178192650690e+00
3.000000000000000000e+00,-3.000000000000000000e+00,3.000000000000000000e+00,-3.000000000000000000e+00,6.010127624541988212e+01,2.703261333502733805e+02,1.910318918710732703e+02,0.000000000000000000e+00,4.287867923388667957e-01,1.313389016646723473e+00
3.000000000000000000e+00,-3.000000000000000000e+00,3.000000000000000000e+00,-2.000000000000000000e+00,5.223549340401419272e+01,2.817799389194984769e+02,1.904106654833227878e+02,0.000000000000000000e+00,4.019170832772240853e-01,1.352495582845116395e+00
3.000000000000000000e+00,-3.000000000000000000e+00,3.000000000000000000e+00,-1.000000000000000000e+00,4.351124818398102434e+01,2.891100664667276305e+02,1.898527086474996111e+02,0.000000000000000000e+00,3.849675963736733375e-01,1.377705634345307573e+00
3.000000000000000000e+00,-3.000000000000000000e+00,3.000000000000000000e+00,0.000000000000000000e+00,3.430329934953002180e+01,2.917957670072250949e+02,1.894539361375672115e+02,0.000000000000000000e+00,3.787995372436059327e-01,1.386427528416978916e+00
3.000000000000000000e+00,-3.000000000000000000e+00,3.000000000000000000e+00,1.000000000000000000e+00,2.508298211995531801e+01,2.896208992256476336e+02,1.892540880007940132e+02,0.000000000000000000e+00,3.837710910238397166e-01,1.377705634345307573e+00
3.000000000000000000e+00,-3.000000000000000000e+00,3.000000000000000000e+00,2.000000000000000000e+00,1.628546336128590610e+01,2.827563371318872782e+02,1.892223985958162302e+02,0.000000000000000000e+00,3.995990790585685626e-01,1.352495582845116173e+00
3.000000000000000000e+00,-3.000000000000000000e+00,3.000000000000000000e+00,3.000000000000000000e+00,8.200082003085469751e+00,2.716935395549478471e+02,1.892682781735220203e+02,0.000000000000000000e+00,4.254701943274949438e-01,1.313389016646723917e+00
3.000000000000000000e+00,-3.000000000000000000e+00,3.000000000000000000e+00,4.000000000000000000e+00,9.435910932691342623e-01,2.570779555250445583e+02,1.892687938507176284e+02,0.000000000000000000e+00,4.603199617666861032e-01,1.263932178192650913e+00
3.000000000000000000e+00,-3.000000000000000000e+00,4.000000000000000000e+00,-7.000000000000000000e+00,7.114856470766164875e+01,1.497285360922316215e+02,1.892921198610882527e+02,0.000000000000000000e+00,7.374192747807852832e-01,9.804097093961565701e-01
3.000000000000000000e+00,-3.000000000000000000e+00,4.000000000000000000e+00,-6.000000000000000000e+00,6.759490102375025344e+01,1.692835020739133540e+02,1.902654598968915423e+02,0.000000000000000000e+00,6.846711952079101993e-01,1.023578328183615938e+00
3.000000000000000000e+00,-3.000000000000000000e+00,4.000000000000000000e+00,-5.000000000000000000e+00,6.339654207042750045e+01,1.865523964401727994e+02,1.908445461897678683e+02,0.000000000000000000e+00,6.387921661977722376e-01,1.064931035226127198e+00
3.000000000000000000e+00,-3.000000000000000000e+00,4.000000000000000000e+00,-4.000000000000000000e+00,5.852987063418140679e+01,2.013210465086485783e+02,1.911112873000026866e+02,0.000000000000000000e+00,6.001659285280721567e-01,1.102768097972048222e+00
3.000000000000000000e+00,-3.000000000000000000e+00,4.000000000000000000e+00,-3.000000000000000000e+00,5.300786505458620468e+01,2.133154537224777130e+02,1.911455718866421876e+02,0.000000000000000000e+00,5.692518947748321789e-01,1.135156927752549727e+00
3.000000000000000000e+00,-3.000000000000000000e+00,4.000000000000000000e+00,-2.000000000000000000e+00,4.689404989549854008e+01,2.222343345360134492e+02,1.910221395532357178e+02,0.000000000000000000e+00,5.465448177272214103e-01,1.160121013770316178e+00
3.000000000000000000e+00,-3.000000000000000000e+00,4.000000000000000000e+00,-1.000000000000000000e+00,4.030952099230734120e+01,2.277969297064206842e+02,1.908042698362251315e+02,0.000000000000000000e+00,5.325032980668148452e-01,1.175913922552770607e+00
3.000000000000000000e+00,-3.000000000000000000e+00,4.000000000000000000e+00,0.000000000000000000e+00,3.342615621644455359e+01,2.297987381388471704e+02,1.905355389290371306e+02,0.000000000000000000e+00,5.274611318337624200e-01,1.181323307304337655e+00
3.000000000000000000e+00,-3.000000000000000000e+00,4.000000000000000000e+00,1.000000000000000000e+00,2.644359723966266529e+01,2.281587671310916221e+02,1.902324223308593787e+02,0.000000000000000000e+00,5.315503307445266223e-01,1.175913922552770607e+00
3.000000000000000000e+00,-3.000000000000000000e+00,4.000000000000000000e+00,2.000000000000000000e+00,1.955623103731542756e+01,2.229396246686135896e+02,1.898809386358494748e+02,0.000000000000000000e+00,5.446680033010009581e-01,1.160121013770315956e+00
3.000000000000000000e+00,-3.000000000000000000e+00,4.000000000000000000e+00,3.000000000000000000e+00,1.292283452525637699e+01,2.143314115635436963e+02,1.894389223470758168e+02,0.000000000000000000e+00,5.665025807657252388e-01,1.135156927752549727e+00
3.000000000000000000e+00,-3.000000000000000000e+00,4.000000000000000000e+00,4.000000000000000000e+00,6.649732909044303142e+00,2.026066881578273353e+02,1.888427358639644353e+02,0.000000000000000000e+00,5.966069074514714909e-01,1.102768097972048444e+00
3.000000000000000000e+00,-3.000000000000000000e+00,4.000000000000000000e+00,5.000000000000000000e+00,7.899753735960928225e-01,1.880646796756656443e+02,1.880153495055288602e+02,0.000000000000000000e+00,6.344868879774333559e-01,1.064931035226127198e+00
3.000000000000000000e+00,-3.000000000000000000e+00,5.000000000000000000e+00,-1.000000000000000000e+01,7.001333551524606946e+01,2.718998419945734213e+01,1.759995010438073564e+02,0.000000000000000000e+00,1.073747605773428981e+00,7.833098497928977499e-01
3.000000000000000000e+00,-3.000000000000000000e+00,5.000000000000000000e+00,-9.000000000000000000e+00,6.803856901435216287e+01,5.262238634071945853e+01,1.794839659844073196e+02,0.000000000000000000e+00,1.004641493713774425e+00,8.153437997637240642e-01
3.000000000000000000e+00,-3.000000000000000000e+00,5.000000000000000000e+00,-8.000000000000000000e+00,6.566522700285014480e+01,7.549910407879350771e+01,1.822375187517625363e+02,0.000000000000000000e+00,9.416840938070588640e-01,8.476066256816273681e-01
3.000000000000000000e+00,-3.000000000000000000e+00,5.000000000000000000e+00,-7.000000000000000000e+00,6.286567537353860757e+01,9.592915654746219900e+01,1.843699039382678109e+02,0.000000000000000000e+00,8.851774699155070536e-01,8.794995781699918025e-01
3.000000000000000000e+00,-3.000000000000000000e+00,5.000000000000000000e+00,-6.000000000000000000e+00,5.961829875278851887e+01,1.139419194582792016e+02,1.859748419757256386e+02,0.000000000000000000e+00,8.353782201387262019e-01,9.102615748025071341e-01
3.000000000000000000e+00,-3.000000000000000000e+00,5.000000000000000000e+00,-5.000000000000000000e+00,5.591195495322577358e+01,1.295011144402106993e+02,1.871341126413707059e+02,0.000000000000000000e+00,7.925321963520673973e-01,9.389762637526227751e-01
3.000000000000000000e+00,-3.000000000000000000e+00,5.000000000000000000e+00,-4.000000000000000000e+00,5.175106933833112066e+01,1.425196820178768746e+02,1.879197979095585538e+02,0.000000000000000000e+00,7.568913290732032229e-01,9.646059030804877699e-01
3.000000000000000000e+00,-3.000000000000000000e+00,5.000000000000000000e+00,-3.000000000000000000e+00,4.716050725583596659e+01,1.528775039462535688e+02,1.883948322493861554e+02,0.000000000000000000e+00,7.287133402208741950e-01,9.860586713313445051e-01
3.000000000000000000e+00,-3.000000000000000000e+00,5.000000000000000000e+00,-2.000000000000000000e+00,4.218883423229232221e+01,1.604426979635615567e+02,1.886120371470306054e+02,0.000000000000000000e+00,7.082462563709105430e-01,1.002289167001066517e+00
3.000000000000000000e+00,-3.000000000000000000e+00,5.000000000000000000e+00,-1.000000000000000000e+00,3.690834655782404639e+01,1.650953094484754899e+02,1.886120159536036169e+02,0.000000000000000000e+00,6.957020604075182524e-01,1.012420800359156381e+00
3.000000000000000000e+00,-3.000000000000000000e+00,5.000000000000000000e+00,0.000000000000000000e+00,3.141072022294378030e+01,1.667500479768031312e+02,1.884205751509341269e+02,0.000000000000000000e+00,6.912268608046528984e-01,1.015866907217493731e+00
3.000000000000000000e+00,-3.000000000000000000e+00,5.000000000000000000e+00,1.000000000000000000e+00,2.579841169997951056e+01,1.653732524547263836e+02,1.880465413263068797e+02,0.000000000000000000e+00,6.948768929730295696e-01,1.012420800359156381e+00
3.000000000000000000e+00,-3.000000000000000000e+00,5.000000000000000000e+00,2.000000000000000000e+00,2.017358718889846614e+01,1.609896349328939777e+02,1.874807593914356687e+02,0.000000000000000000e+00,7.066085635139010002e-01,1.002289167001066517e+00
3.000000000000000000e+00,-3.000000000000000000e+00,5.000000000000000000e+00,3.000000000000000000e+00,1.462742731808546637e+01,1.536768437722121803e+02,1.866966238735722925e+02,0.000000000000000000e+00,7.262860807536989372e-01,9.860586713313445051e-01
3.000000000000000000e+00,-3.000000000000000000e+00,5.000000000000000000e+00,4.000000000000000000e+00,9.232443732468539110e+00,1.435494055386683954e+02,1.856518845465776621e+02,0.000000000000000000e+00,7.537038164303686560e-01,9.646059030804875478e-01
3.000000000000000000e+00,-3.000000000000000000e+00,5.000000000000000000e+00,5.000000000000000000e+00,4.039102773892551568e+00,1.307362954548818834e+02,1.842909863746394876e+02,0.000000000000000000e+00,7.886155351922087275e-01,9.389762637526227751e-01
3.000000000000000000e+00,-3.000000000000000000e+00,6.000000000000000000e+00,-8.000000000000000000e+00,5.821200524670234699e+01,1.308081436113894824e+01,1.731393349764751690e+02,0.000000000000000000e+00,1.111213354582884394e+00,7.668667869368505086e-01
3.000000000000000000e+00,-3.000000000000000000e+00,6.000000000000000000e+00,-7.000000000000000000e+00,5.563023417724144792e+01,3.320701075364806343e+01,1.760470499037677428e+02,0.000000000000000000e+00,1.057243513719250627e+00,7.902442160682968675e-01
3.000000000000000000e+00,-3.000000000000000000e+00,6.000000000000000000e+00,-6.000000000000000000e+00,5.270546584500399945e+01,5.064763270998159328e+01,1.783283309501579197e+02,0.000000000000000000e+00,1.009778379062894249e+00,8.123333170058039121e-01
3.000000000000000000e+00,-3.000000000000000000e+00,6.000000000000000000e+00,-5.000000000000000000e+00,4.943938424529162035e+01,6.546367806303364034e+01,1.800707136426547663e+02,0.000000000000000000e+00,9.690897109348417526e-01,8.325451425038716824e-01
3.000000000000000000e+00,-3.000000000000000000e+00,6.000000000000000000e+00,-4.000000000000000000e+00,4.584334939460907776e+01,7.766890054972765256e+01,1.813462355736065206e+02,0.000000000000000000e+00,9.354001411809409472e-01,8.502537975002670834e-01
3.000000000000000000e+00,-3.000000000000000000e+00,6.000000000000000000e+00,-3.000000000000000000e+00,4.193997465647731815e+01,8.724545467460436043e+01,1.822133765260625182e+02,0.000000000000000000e+00,9.088969402199778003e-01,8.648365265213324715e-01
3.000000000000000000e+00,-3.000000000000000000e+00,6.000000000000000000e+00,-2.000000000000000000e+00,3.776374055804907925e+01,9.415882092168287443e+01,1.827178396507230786e+02,0.000000000000000000e+00,8.897353668427011586e-01,8.757244820456350221e-01
3.000000000000000000e+00,-3.000000000000000000e+00,6.000000000000000000e+00,-1.000000000000000000e+00,3.336022741520869772e+01,9.837159773360730242e+01,1.828925404799267653e+02,0.000000000000000000e+00,8.780350097900153639e-01,8.824580142630913393e-01
3.000000000000000000e+00,-3.000000000000000000e+00,6.000000000000000000e+00,0.000000000000000000e+00,2.878378037761234509e+01,9.985504785447542986e+01,1.827571764562191561e+02,0.000000000000000000e+00,8.738729727444700668e-01,8.847372789668687121e-01
3.000000000000000000e+00,-3.000000000000000000e+00,6.000000000000000000e+00,1.000000000000000000e+00,2.409379649178586646e+01,9.859696535594272859e+01,1.823177295155271054e+02,0.000000000000000000e+00,8.772776636280883444e-01,8.824580142630914503e-01
3.000000000000000000e+00,-3.000000000000000000e+00,6.000000000000000000e+00,2.000000000000000000e+00,1.935021837243394316e+01,9.460464062156245291e+01,1.815661675411264468e+02,0.000000000000000000e+00,8.882260314164455162e-01,8.757244820456349110e-01
3.000000000000000000e+00,-3.000000000000000000e+00,6.000000000000000000e+00,3.000000000000000000e+00,1.460906096752466965e+01,8.790240464540723053e+01,1.804804523711587763e+02,0.000000000000000000e+00,9.066453838688123268e-01,8.648365265213324715e-01
3.000000000000000000e+00,-3.000000000000000000e+00,6.000000000000000000e+00,4.000000000000000000e+00,9.918769816202853917e+00,7.852415510664346243e+01,1.790247692954806666e+02,0.000000000000000000e+00,9.324188557810781930e-01,8.502537975002671944e-01
3.000000000000000000e+00,-3.000000000000000000e+00,6.000000000000000000e+00,5.000000000000000000e+00,5.317928281731866491e+00,6.650201274420091124e+01,1.771497230885422312e+02,0.000000000000000000e+00,9.653918152377563011e-01,8.325451425038717934e-01
3.000000000000000000e+00,-3.000000000000000000e+00,6.000000000000000000e+00,6.000000000000000000e+00,8.344359109413801434e-01,5.185252846140045335e+01,1.747921407156329678e+02,0.000000000000000000e+00,1.005375472305300999e+00,8.123333170058040231e-01
3.000000000000000000e+00,-3.000000000000000000e+00,7.000000000000000000e+00,-3.000000000000000000e+00,3.703913726914598215e+01,1.328591251105279980e+01,1.716375558609035750e+02,0.000000000000000000e+00,1.110112471068148698e+00,7.665993576601718429e-01
3.000000000000000000e+00,-3.000000000000000000e+00,7.000000000000000000e+00,-2.000000000000000000e+00,3.344672978345954562e+01,2.007128297121721516e+01,1.724420883382753402e+02,0.000000000000000000e+00,1.091970137231056848e+00,7.741518316860261928e-01
3.000000000000000000e+00,-3.000000000000000000e+00,7.000000000000000000e+00,-1.000000000000000000e+00,2.967348167848433604e+01,2.417678998879026153e+01,1.727922920818643604e+02,0.000000000000000000e+00,1.080895892122797131e+00,7.787918876832294890e-01
3.000000000000000000e+00,-3.000000000000000000e+00,7.000000000000000000e+00,0.000000000000000000e+00,2.575419114240898466e+01,2.560840286095390184e+01,1.727072490813848162e+02,0.000000000000000000e+00,1.076955055834352804e+00,7.803572131170508630e-01
3.000000000000000000e+00,-3.000000000000000000e+00,7.000000000000000000e+00,1.000000000000000000e+00,2.172632591058925300e+01,2.436651993243822290e+01,1.721921522790115091e+02,0.000000000000000000e+00,1.080169859443402602e+00,7.787918876832296000e-01
3.000000000000000000e+00,-3.000000000000000000e+00,7.000000000000000000e+00,2.000000000000000000e+00,1.762792232016099092e+01,2.044775371700467304e+01,1.712383004908683972e+02,0.000000000000000000e+00,1.090519762608306964e+00,7.741518316860260818e-01
3.000000000000000000e+00,-3.000000000000000000e+00,7.000000000000000000e+00,3.000000000000000000e+00,1.349546439951720345e+01,1.384336113123652012e+01,1.698228530372725231e+02,0.000000000000000000e+00,1.107940707162293315e+00,7.665993576601721760e-01
3.000000000000000000e+00,-2.000000000000000000e+00,2.000000000000000000e+00,-2.000000000000000000e+00,6.747969902329100478e+01,3.395549247179626491e+02,2.571740794930687457e+02,0.000000000000000000e+00,2.748615650534127486e-01,1.970083524970085209e+00
3.000000000000000000e+00,-2.000000000000000000e+00,2.000000000000000000e+00,-1.000000000000000000e+00,5.532614243861286241e+01,3.499770580651580190e+02,2.563547622880181507e+02,0.000000000000000000e+00,2.528809119854528165e-01,2.050546919938733836e+00
3.000000000000000000e+00,-2.000000000000000000e+00,2.000000000000000000e+00,0.000000000000000000e+00,4.168779343187958375e+01,3.538409931403958808e+02,2.558729159539327611e+02,0.000000000000000000e+00,2.448327209315010189e-01,2.079641292625467930e+00
3.000000000000000000e+00,-2.000000000000000000e+00,2.000000000000000000e+00,1.000000000000000000e+00,2.800639432234456194e+01,3.504778215059969853e+02,2.558059219442375536e+02,0.000000000000000000e+00,2.518301655776866155e-01,2.050546919938733836e+00
3.000000000000000000e+00,-2.000000000000000000e+00,2.000000000000000000e+00,2.000000000000000000e+00,1.563349814096739010e+01,3.404693427445508291e+02,2.560904223877209915e+02,0.000000000000000000e+00,2.729058102929772800e-01,1.970083524970085653e+00
3.000000000000000000e+00,-2.000000000000000000e+00,2.000000000000000000e+00,3.000000000000000000e+00,5.179833995061471796e+00,3.252460694113079285e+02,2.565661041206208210e+02,0.000000000000000000e+00,3.056832713656769118e-01,1.854748909440258720e+00
3.000000000000000000e+00,-2.000000000000000000e+00,3.000000000000000000e+00,-4.000000000000000000e+00,7.210449026932212746e+01,2.578941213603559390e+02,2.602119516590557851e+02,0.000000000000000000e+00,4.614630621922575782e-01,1.447628948128034665e+00
3.000000000000000000e+00,-2.000000000000000000e+00,3.000000000000000000e+00,-3.000000000000000000e+00,6.566045810554328455e+01,2.722855249838340796e+02,2.597682449461045167e+02,0.000000000000000000e+00,4.266987529928066292e-01,1.523342148235413251e+00
3.000000000000000000e+00,-2.000000000000000000e+00,3.000000000000000000e+00,-2.000000000000000000e+00,5.810863051750152408e+01,2.832885036730884281e+02,2.592960316407679784e+02,0.000000000000000000e+00,4.006598268667609930e-01,1.585327775642970005e+00
3.000000000000000000e+00,-2.000000000000000000e+00,3.000000000000000000e+00,-1.000000000000000000e+00,4.960751137493772944e+01,2.902837507001715949e+02,2.588698586008409848e+02,0.000000000000000000e+00,3.843487221306868262e-01,1.626359699151217031e+00
3.000000000000000000e+00,-2.000000000000000000e+00,3.000000000000000000e+00,0.000000000000000000e+00,4.048969422362560522e+01,2.927855954482714651e+02,2.585471427911093087e+02,0.000000000000000000e+00,3.785581286706016790e-01,1.640761655561013388e+00
3.000000000000000000e+00,-2.000000000000000000e+00,3.000000000000000000e+00,1.000000000000000000e+00,3.120747335806197498e+01,2.905989053177186179e+02,2.583511690301442059e+02,0.000000000000000000e+00,3.836078656939230225e-01,1.626359699151217031e+00
3.000000000000000000e+00,-2.000000000000000000e+00,3.000000000000000000e+00,2.000000000000000000e+00,2.221035179855604724e+01,2.838916649925025695e+02,2.582628630117030752e+02,0.000000000000000000e+00,3.992230140517370462e-01,1.585327775642969561e+00
3.000000000000000000e+00,-2.000000000000000000e+00,3.000000000000000000e+00,3.000000000000000000e+00,1.382748945996436873e+01,2.731317311350574641e+02,2.582272200895187098e+02,0.000000000000000000e+00,4.246399276879777029e-01,1.523342148235413474e+00
3.000000000000000000e+00,-2.000000000000000000e+00,3.000000000000000000e+00,4.000000000000000000e+00,6.222332414818509960e+00,2.589329325570153628e+02,2.581695445792249757e+02,0.000000000000000000e+00,4.588641546685143235e-01,1.447628948128034665e+00
3.000000000000000000e+00,-2.000000000000000000e+00,4.000000000000000000e+00,-6.000000000000000000e+00,7.142956694880996338e+01,1.743835243072438743e+02,2.597463729979921254e+02,0.000000000000000000e+00,6.780006037645418537e-01,1.114089210426605803e+00
3.000000000000000000e+00,-2.000000000000000000e+00,4.000000000000000000e+00,-5.000000000000000000e+00,6.743081191632956006e+01,1.911012944236949522e+02,2.599804297937596402e+02,0.000000000000000000e+00,6.327838282140257897e-01,1.168023004573177648e+00
3.000000000000000000e+00,-2.000000000000000000e+00,4.000000000000000000e+00,-4.000000000000000000e+00,6.275799036484147564e+01,2.053912083392394834e+02,2.600320844951705794e+02,0.000000000000000000e+00,5.948161271535924444e-01,1.218499975508706257e+00
3.000000000000000000e+00,-2.000000000000000000e+00,4.000000000000000000e+00,-3.000000000000000000e+00,5.741196277916145618e+01,2.169825283265373628e+02,2.599495956004462869e+02,0.000000000000000000e+00,5.645147999531301419e-01,1.262627874016437612e+00
3.000000000000000000e+00,-2.000000000000000000e+00,4.000000000000000000e+00,-2.000000000000000000e+00,5.144182804318586477e+01,2.255816416447146366e+02,2.597782486109515503e+02,0.000000000000000000e+00,5.423351404596296055e-01,1.297254789781998818e+00
3.000000000000000000e+00,-2.000000000000000000e+00,4.000000000000000000e+00,-1.000000000000000000e+00,4.495418019590604786e+01,2.309179268180610336e+02,2.595563701934723326e+02,0.000000000000000000e+00,5.287006758211372226e-01,1.319450328058119126e+00
3.000000000000000000e+00,-2.000000000000000000e+00,4.000000000000000000e+00,0.000000000000000000e+00,3.810967700661319668e+01,2.327965902282078332e+02,2.593102352571830238e+02,0.000000000000000000e+00,5.239184775760187263e-01,1.327105918450303346e+00
3.000000000000000000e+00,-2.000000000000000000e+00,4.000000000000000000e+00,1.000000000000000000e+00,3.110329582976117990e+01,2.311428696889168748e+02,2.590495575304402109e+02,0.000000000000000000e+00,5.281068542115622266e-01,1.319450328058119126e+00
3.000000000000000000e+00,-2.000000000000000000e+00,4.000000000000000000e+00,2.000000000000000000e+00,2.413282922126552421e+01,2.260202689110768404e+02,2.587654724847572538e+02,0.000000000000000000e+00,5.411652455834724540e-01,1.297254789781998818e+00
3.000000000000000000e+00,-2.000000000000000000e+00,4.000000000000000000e+00,3.000000000000000000e+00,1.736739278115854290e+01,2.176147227339046140e+02,2.584319391805813666e+02,0.000000000000000000e+00,5.628001737844405827e-01,1.262627874016438057e+00
3.000000000000000000e+00,-2.000000000000000000e+00,4.000000000000000000e+00,4.000000000000000000e+00,1.092747621700354443e+01,2.061917442969991328e+02,2.580098326247070872e+02,0.000000000000000000e+00,5.925951793101282838e-01,1.218499975508706035e+00
3.000000000000000000e+00,-2.000000000000000000e+00,4.000000000000000000e+00,5.000000000000000000e+00,4.880684572392254950e+00,1.920435777810057232e+02,2.574518863201585646e+02,0.000000000000000000e+00,6.300954608777457056e-01,1.168023004573177648e+00
3.000000000000000000e+00,-2.000000000000000000e+00,5.000000000000000000e+00,-1.000000000000000000e+01,7.287771875220710172e+01,3.729354135610185494e+01,2.518356575999927429e+02,0.000000000000000000e+00,1.066259800862630280e+00,8.217147372984510145e-01
3.000000000000000000e+00,-2.000000000000000000e+00,5.000000000000000000e+00,-9.000000000000000000e+00,7.101453250137137729e+01,6.169222830744246266e+01,2.537738311675125829e+02,0.000000000000000000e+00,9.967102208345544057e-01,8.589278787507906854e-01
3.000000000000000000e+00,-2.000000000000000000e+00,5.000000000000000000e+00,-8.000000000000000000e+00,6.875871676923094356e+01,8.369171797843335980e+01,2.552876133714779598e+02,0.000000000000000000e+00,9.336264539908480931e-01,8.968968387807011444e-01
3.000000000000000000e+00,-2.000000000000000000e+00,5.000000000000000000e+00,-7.000000000000000000e+00,6.608050481904342632e+01,1.033739227887861745e+02,2.564392793333178133e+02,0.000000000000000000e+00,8.772160680311504866e-01,9.349440001928359667e-01
3.000000000000000000e+00,-2.000000000000000000e+00,5.000000000000000000e+00,-6.000000000000000000e+00,6.295523662693042866e+01,1.207492135255819221e+02,2.572827067524977451e+02,0.000000000000000000e+00,8.276602937818328121e-01,9.721553230522651523e-01
3.000000000000000000e+00,-2.000000000000000000e+00,5.000000000000000000e+00,-5.000000000000000000e+00,5.936769598235116518e+01,1.357686799214301061e+02,2.578654843767212697e+02,0.000000000000000000e+00,7.851444647810841282e-01,1.007371694864490852e+00
3.000000000000000000e+00,-2.000000000000000000e+00,5.000000000000000000e+00,-4.000000000000000000e+00,5.531722529001370958e+01,1.483377480478737880e+02,2.582300005277985520e+02,0.000000000000000000e+00,7.498714311563330348e-01,1.039218617613569373e+00
3.000000000000000000e+00,-2.000000000000000000e+00,5.000000000000000000e+00,-3.000000000000000000e+00,5.082284817616860551e+01,1.583328506657639991e+02,2.584135655858312361e+02,0.000000000000000000e+00,7.220589043417579012e-01,1.066190260660607292e+00
3.000000000000000000e+00,-2.000000000000000000e+00,5.000000000000000000e+00,-2.000000000000000000e+00,4.592707604597353566e+01,1.656216822472483159e+02,2.584476572734325259e+02,0.000000000000000000e+00,7.019227175472942948e-01,1.086794465950368105e+00
3.000000000000000000e+00,-2.000000000000000000e+00,5.000000000000000000e+00,-1.000000000000000000e+00,4.069676093571484898e+01,1.700857759525359825e+02,2.583565105509742921e+02,0.000000000000000000e+00,6.896502710082377252e-01,1.099745535445001643e+00
3.000000000000000000e+00,-2.000000000000000000e+00,5.000000000000000000e+00,0.000000000000000000e+00,3.521968499090354499e+01,1.716421043736756928e+02,2.581554562930853081e+02,0.000000000000000000e+00,6.853712721518810946e-01,1.104166549292714183e+00
3.000000000000000000e+00,-2.000000000000000000e+00,5.000000000000000000e+00,1.000000000000000000e+00,2.959674154255915823e+01,1.702590795260828429e+02,2.578495370764619565e+02,0.000000000000000000e+00,6.891346255890196115e-01,1.099745535445001643e+00
3.000000000000000000e+00,-2.000000000000000000e+00,5.000000000000000000e+00,2.000000000000000000e+00,2.393119909838631543e+01,1.659627499079945494e+02,2.574328751784712495e+02,0.000000000000000000e+00,7.008991788546721224e-01,1.086794465950368105e+00
3.000000000000000000e+00,-2.000000000000000000e+00,5.000000000000000000e+00,3.000000000000000000e+00,1.831776114859809468e+01,1.588314030635274321e+02,2.568890027130191243e+02,0.000000000000000000e+00,7.205415524163316654e-01,1.066190260660607514e+00
3.000000000000000000e+00,-2.000000000000000000e+00,5.000000000000000000e+00,4.000000000000000000e+00,1.283415844042653475e+01,1.489801232175226744e+02,2.561919938408566395e+02,0.000000000000000000e+00,7.478782417288570850e-01,1.039218617613569373e+00
3.000000000000000000e+00,-2.000000000000000000e+00,5.000000000000000000e+00,5.000000000000000000e+00,7.536840459733554098e+00,1.365393840459403805e+02,2.553079491031987232e+02,0.000000000000000000e+00,7.826944973248605164e-01,1.007371694864491074e+00
3.000000000000000000e+00,-2.000000000000000000e+00,5.000000000000000000e+00,6.000000000000000000e+00,2.460747321057482395e+00,1.216323327692539777e+02,2.541962952510318985e+02,0.000000000000000000e+00,8.247710771031778743e-01,9.721553230522653744e-01
3.000000000000000000e+00,-2.000000000000000000e+00,6.000000000000000000e+00,-8.000000000000000000e+00,6.101838364991667163e+01,2.371519818233068122e+01,2.499909043872711720e+02,0.000000000000000000e+00,1.104437719971882004e+00,8.027920160645110048e-01
3.000000000000000000e+00,-2.000000000000000000e+00,6.000000000000000000e+00,-7.000000000000000000e+00,5.851601200668267211e+01,4.297579164517719619e+01,2.515934290936773152e+02,0.000000000000000000e+00,1.049981232464790137e+00,8.297306096053836955e-01
3.000000000000000000e+00,-2.000000000000000000e+00,6.000000000000000000e+00,-6.000000000000000000e+00,5.566903318750289031e+01,5.969711640146763898e+01,2.528327851659864223e+02,0.000000000000000000e+00,1.002273546888451605e+00,8.554104903955137562e-01
3.000000000000000000e+00,-2.000000000000000000e+00,6.000000000000000000e+00,-5.000000000000000000e+00,5.247661189968559370e+01,7.392032676878066866e+01,2.537587493839809554e+02,0.000000000000000000e+00,9.615130722817388786e-01,8.791084096861304653e-01
3.000000000000000000e+00,-2.000000000000000000e+00,6.000000000000000000e+00,-4.000000000000000000e+00,4.894729220031425143e+01,8.564542506828280466e+01,2.544126587435043803e+02,0.000000000000000000e+00,9.278645106048324376e-01,9.000349651175901800e-01
3.000000000000000000e+00,-2.000000000000000000e+00,6.000000000000000000e+00,-3.000000000000000000e+00,4.510074696936214877e+01,9.484545648279568297e+01,2.548283127353351176e+02,0.000000000000000000e+00,9.014700818143999150e-01,9.173861092481948587e-01
3.000000000000000000e+00,-2.000000000000000000e+00,6.000000000000000000e+00,-2.000000000000000000e+00,4.096864653449614480e+01,1.014803099430873345e+02,2.550322466990473345e+02,0.000000000000000000e+00,8.824510418040590887e-01,9.304127822813623716e-01
3.000000000000000000e+00,-2.000000000000000000e+00,6.000000000000000000e+00,-1.000000000000000000e+00,3.659420070897061805e+01,1.055096088225064506e+02,2.550435786056312963e+02,0.000000000000000000e+00,8.709028721465896794e-01,9.385002929769572511e-01
3.000000000000000000e+00,-2.000000000000000000e+00,6.000000000000000000e+00,0.000000000000000000e+00,3.203013158993607590e+01,1.069035482804764285e+02,2.548736445150418319e+02,0.000000000000000000e+00,8.668878803081351281e-01,9.412433611677022416e-01
3.000000000000000000e+00,-2.000000000000000000e+00,6.000000000000000000e+00,1.000000000000000000e+00,2.733519444064722848e+01,1.056502654620187371e+02,2.545256310709128797e+02,0.000000000000000000e+00,8.704288155558385087e-01,9.385002929769572511e-01
3.000000000000000000e+00,-2.000000000000000000e+00,6.000000000000000000e+00,2.000000000000000000e+00,2.256976793118315072e+01,1.017585623165712434e+02,2.539943635176344117e+02,0.000000000000000000e+00,8.815061964001144057e-01,9.304127822813623716e-01
3.000000000000000000e+00,-2.000000000000000000e+00,6.000000000000000000e+00,3.000000000000000000e+00,1.779131241267165819e+01,9.525549784884707094e+01,2.532663132033935085e+02,0.000000000000000000e+00,9.000603965874089951e-01,9.173861092481948587e-01
3.000000000000000000e+00,-2.000000000000000000e+00,6.000000000000000000e+00,4.000000000000000000e+00,1.305051494844937565e+01,8.617926201894206883e+01,2.523197728131150370e+02,0.000000000000000000e+00,9.259975665634745390e-01,9.000349651175900689e-01
3.000000000000000000e+00,-2.000000000000000000e+00,6.000000000000000000e+00,5.000000000000000000e+00,8.388697657839344402e+00,7.456846611818636461e+01,2.511250463935249684e+02,0.000000000000000000e+00,9.591967745534552003e-01,8.791084096861304653e-01
3.000000000000000000e+00,-2.000000000000000000e+00,6.000000000000000000e+00,6.000000000000000000e+00,3.836684041721014182e+00,6.044925523306878290e+01,2.496444408491572347e+02,0.000000000000000000e+00,9.995147778676370942e-01,8.554104903955139783e-01
3.000000000000000000e+00,-2.000000000000000000e+00,7.000000000000000000e+00,-4.000000000000000000e+00,4.319508212383422574e+01,1.472349103426250849e+01,2.479893134780415380e+02,0.000000000000000000e+00,1.129322744618400876e+00,7.907937539104267222e-01
3.000000000000000000e+00,-2.000000000000000000e+00,7.000000000000000000e+00,-3.000000000000000000e+00,3.984921039371513984e+01,2.376250925453868490e+01,2.486493924617825542e+02,0.000000000000000000e+00,1.103996834205842381e+00,8.024852293723384600e-01
3.000000000000000000e+00,-2.000000000000000000e+00,7.000000000000000000e+00,-2.000000000000000000e+00,3.628412844073736210e+01,3.022800102043169090e+01,2.490253690725649278e+02,0.000000000000000000e+00,1.085760214274048563e+00,8.111610890934649598e-01
3.000000000000000000e+00,-2.000000000000000000e+00,7.000000000000000000e+00,-1.000000000000000000e+00,3.252900868001376011e+01,3.412963567558222167e+01,2.491359380767546838e+02,0.000000000000000000e+00,1.074694823732552429e+00,8.165036481619452058e-01
3.000000000000000000e+00,-2.000000000000000000e+00,7.000000000000000000e+00,0.000000000000000000e+00,2.861787415150206471e+01,3.546978230433649060e+01,2.489916627103920064e+02,0.000000000000000000e+00,1.070849168579328436e+00,8.183080977839426451e-01
3.000000000000000000e+00,-2.000000000000000000e+00,7.000000000000000000e+00,1.000000000000000000e+00,2.458788826052324339e+01,3.424807381239091342e+01,2.485950641589456325e+02,0.000000000000000000e+00,1.074239677278542304e+00,8.165036481619453168e-01
3.000000000000000000e+00,-2.000000000000000000e+00,7.000000000000000000e+00,2.000000000000000000e+00,2.047728742772926580e+01,3.046301488437563876e+01,2.479405803966323560e+02,0.000000000000000000e+00,1.084850900450880617e+00,8.111610890934648488e-01
3.000000000000000000e+00,-2.000000000000000000e+00,7.000000000000000000e+00,3.000000000000000000e+00,1.632323728602838742e+01,2.411050951752011429e+01,2.470144226714739375e+02,0.000000000000000000e+00,1.102635040539431399e+00,8.024852293723383490e-01
3.000000000000000000e+00,-2.000000000000000000e+00,7.000000000000000000e+00,4.000000000000000000e+00,1.215990284631658369e+01,1.517940682785399531e+01,2.457942997971227044e+02,0.000000000000000000e+00,1.127510371382640653e+00,7.907937539104269442e-01
3.000000000000000000e+00,-1.000000000000000000e+00,2.000000000000000000e+00,-2.000000000000000000e+00,7.223921485928991615e+01,3.406240708076967962e+02,3.207662919005515505e+02,0.000000000000000000e+00,2.730652536530206453e-01,2.436999951017412069e+00
3.000000000000000000e+00,-1.000000000000000000e+00,2.000000000000000000e+00,-1.000000000000000000e+00,6.045728798307058582e+01,3.507600058082705345e+02,3.202519185751453392e+02,0.000000000000000000e+00,2.516636287368214098e-01,2.594509579563996748e+00
3.000000000000000000e+00,-1.000000000000000000e+00,2.000000000000000000e+00,0.000000000000000000e+00,4.697454629421810068e+01,3.544275696994412783e+02,3.199041702021937681e+02,0.000000000000000000e+00,2.440149136857086287e-01,2.654211836900606691e+00
3.000000000000000000e+00,-1.000000000000000000e+00,2.000000000000000000e+00,1.000000000000000000e+00,3.316698552179531134e+01,3.509998720826328054e+02,3.197598476488173560e+02,0.000000000000000000e+00,2.511598143367371749e-01,2.594509579563997637e+00
3.000000000000000000e+00,-1.000000000000000000e+00,2.000000000000000000e+00,2.000000000000000000e+00,2.044263430408182103e+01,3.410625634515638467e+02,3.197885302859732519e+02,0.000000000000000000e+00,2.721265856967424734e-01,2.436999951017411625e+00
3.000000000000000000e+00,-1.000000000000000000e+00,2.000000000000000000e+00,3.000000000000000000e+00,9.534799639581223119e+00,3.260149460424624408e+02,3.199135074465624484e+02,0.000000000000000000e+00,3.045973811145081256e-01,2.228178420853212049e+00
3.000000000000000000e+00,-1.000000000000000000e+00,2.000000000000000000e+00,4.000000000000000000e+00,4.855862991222750225e-01,3.073368668805431412e+02,3.200516615188712422e+02,0.000000000000000000e+00,3.461349844266364273e-01,2.009369289567527694e+00
3.000000000000000000e+00,-1.000000000000000000e+00,3.000000000000000000e+00,-3.000000000000000000e+00,6.886598931990479855e+01,2.743685903246906719e+02,3.222013087786248207e+02,0.000000000000000000e+00,4.228757636971598455e-01,1.710820980791027512e+00
3.000000000000000000e+00,-1.000000000000000000e+00,3.000000000000000000e+00,-2.000000000000000000e+00,6.148870305847322015e+01,2.851545637597114364e+02,3.218495226428988190e+02,0.000000000000000000e+00,3.972893373723436206e-01,1.800069930235180138e+00
3.000000000000000000e+00,-1.000000000000000000e+00,3.000000000000000000e+00,-1.000000000000000000e+00,5.311042496853261241e+01,2.919771998594980005e+02,3.215240349043002084e+02,0.000000000000000000e+00,3.813464164919770916e-01,1.860825564562724743e+00
3.000000000000000000e+00,-1.000000000000000000e+00,3.000000000000000000e+00,0.000000000000000000e+00,4.404121690538681833e+01,2.943635266947399032e+02,3.212524863251145462e+02,0.000000000000000000e+00,3.758130361493258742e-01,1.882486722335404483e+00
3.000000000000000000e+00,-1.000000000000000000e+00,3.000000000000000000e+00,1.000000000000000000e+00,3.472361411374672002e+01,2.921287400271391448e+02,3.210460783249150154e+02,0.000000000000000000e+00,3.809899755444779434e-01,1.860825564562724965e+00
3.000000000000000000e+00,-1.000000000000000000e+00,3.000000000000000000e+00,2.000000000000000000e+00,2.561525061118177859e+01,2.854446480024157609e+02,3.208955698009270350e+02,0.000000000000000000e+00,3.965979189673419225e-01,1.800069930235180360e+00
3.000000000000000000e+00,-1.000000000000000000e+00,3.000000000000000000e+00,3.000000000000000000e+00,1.706694568943592571e+01,2.747756682399595434e+02,3.207743254111642841e+02,0.000000000000000000e+00,4.218847515053685826e-01,1.710820980791027957e+00
3.000000000000000000e+00,-1.000000000000000000e+00,3.000000000000000000e+00,4.000000000000000000e+00,9.267497081534543213e+00,2.607277900210110602e+02,3.206460843210286953e+02,0.000000000000000000e+00,4.558786730789173292e-01,1.605584032129022232e+00
3.000000000000000000e+00,-1.000000000000000000e+00,3.000000000000000000e+00,5.000000000000000000e+00,2.262285054407442431e+00,2.438999206748591178e+02,3.204726052326766990e+02,0.000000000000000000e+00,4.976364866556064470e-01,1.495064631571473068e+00
3.000000000000000000e+00,-1.000000000000000000e+00,4.000000000000000000e+00,-5.000000000000000000e+00,6.976325106680477006e+01,1.943799861140212499e+02,3.226466758731716027e+02,0.000000000000000000e+00,6.268867073527157885e-01,1.246385235136497904e+00
3.000000000000000000e+00,-1.000000000000000000e+00,4.000000000000000000e+00,-4.000000000000000000e+00,6.520032176686160597e+01,2.084221592486881320e+02,3.225367662344152677e+02,0.000000000000000000e+00,5.893281839086483842e-01,1.308283548326563350e+00
3.000000000000000000e+00,-1.000000000000000000e+00,4.000000000000000000e+00,-3.000000000000000000e+00,5.995365985339296344e+01,2.198027223700606214e+02,3.223673998189832446e+02,0.000000000000000000e+00,5.594060162761850252e-01,1.363365530589261576e+00
3.000000000000000000e+00,-1.000000000000000000e+00,4.000000000000000000e+00,-2.000000000000000000e+00,5.406434779629563536e+01,2.282298876184304106e+02,3.221598923319167511e+02,0.000000000000000000e+00,5.375584617571182999e-01,1.407261932432194440e+00
3.000000000000000000e+00,-1.000000000000000000e+00,4.000000000000000000e+00,-1.000000000000000000e+00,4.763101664863745555e+01,2.334364693539475581e+02,3.219323803329129419e+02,0.000000000000000000e+00,5.241937888896456288e-01,1.435726326983524093e+00
3.000000000000000000e+00,-1.000000000000000000e+00,4.000000000000000000e+00,0.000000000000000000e+00,4.080824622150632308e+01,2.352317845629521003e+02,3.216973017483279591e+02,0.000000000000000000e+00,5.196067136969942934e-01,1.445605306908723131e+00
3.000000000000000000e+00,-1.000000000000000000e+00,4.000000000000000000e+00,1.000000000000000000e+00,3.378856642337854055e+01,2.335447040166392867e+02,3.214591600724462523e+02,0.000000000000000000e+00,5.239078298643926601e-01,1.435726326983523871e+00
3.000000000000000000e+00,-1.000000000000000000e+00,4.000000000000000000e+00,2.000000000000000000e+00,2.677172776261693343e+01,2.284409416712096572e+02,3.212134980060336602e+02,0.000000000000000000e+00,5.369950582950363538e-01,1.407261932432194662e+00
3.000000000000000000e+00,-1.000000000000000000e+00,4.000000000000000000e+00,3.000000000000000000e+00,1.993256585695354488e+01,2.201069145000859919e+02,3.209475322236166903e+02,0.000000000000000000e+00,5.585802088463304171e-01,1.363365530589261576e+00
3.000000000000000000e+00,-1.000000000000000000e+00,4.000000000000000000e+00,4.000000000000000000e+00,1.339936928687882300e+01,2.088073398315429472e+02,3.206421024911575159e+02,0.000000000000000000e+00,5.882584123082109651e-01,1.308283548326563794e+00
3.000000000000000000e+00,-1.000000000000000000e+00,4.000000000000000000e+00,5.000000000000000000e+00,7.247769383004424526e+00,1.948333325852044595e+02,3.202740506116061852e+02,0.000000000000000000e+00,6.255916556862115563e-01,1.246385235136497904e+00
3.000000000000000000e+00,-1.000000000000000000e+00,4.000000000000000000e+00,6.000000000000000000e+00,1.507167011991924710e+00,1.784566491201033216e+02,3.198181787603534190e+02,0.000000000000000000e+00,6.701791485866824827e-01,1.181465058748428110e+00
3.000000000000000000e+00,-1.000000000000000000e+00,5.000000000000000000e+00,-9.000000000000000000e+00,7.273580687676047773e+01,6.732823152163466318e+01,3.204077470455280832e+02,0.000000000000000000e+00,9.892596632773320575e-01,8.886909907021777189e-01
3.000000000000000000e+00,-1.000000000000000000e+00,5.000000000000000000e+00,-8.000000000000000000e+00,7.054765759831030891e+01,8.885619656835095270e+01,3.209594125721691285e+02,0.000000000000000000e+00,9.262337217200686812e-01,9.309459011329456191e-01
3.000000000000000000e+00,-1.000000000000000000e+00,5.000000000000000000e+00,-7.000000000000000000e+00,6.793911000094314545e+01,1.081364480436346582e+02,3.213491564823590352e+02,0.000000000000000000e+00,8.699873904581667539e-01,9.737064296663417995e-01
3.000000000000000000e+00,-1.000000000000000000e+00,5.000000000000000000e+00,-6.000000000000000000e+00,6.488375948588361553e+01,1.251688820735503356e+02,3.216006780261458289e+02,0.000000000000000000e+00,8.206619796563414670e-01,1.015957045909065215e+00
3.000000000000000000e+00,-1.000000000000000000e+00,5.000000000000000000e+00,-5.000000000000000000e+00,6.136407499180390346e+01,1.398972694518227513e+02,3.217351634916423109e+02,0.000000000000000000e+00,7.784115317290299929e-01,1.056356104247108352e+00
3.000000000000000000e+00,-1.000000000000000000e+00,5.000000000000000000e+00,-4.000000000000000000e+00,5.737653348238202966e+01,1.522222759857551750e+02,3.217716999888996270e+02,0.000000000000000000e+00,7.434141460224230613e-01,1.093254591528965758e+00
3.000000000000000000e+00,-1.000000000000000000e+00,5.000000000000000000e+00,-3.000000000000000000e+00,5.293689011083452556e+01,1.620176711057792716e+02,3.217272490925586226e+02,0.000000000000000000e+00,7.158678003264304923e-01,1.124788285319472392e+00
3.000000000000000000e+00,-1.000000000000000000e+00,5.000000000000000000e+00,-2.000000000000000000e+00,4.808429368407882976e+01,1.691501646536070496e+02,3.216162126537357153e+02,0.000000000000000000e+00,6.959726614936300182e-01,1.149059861390869797e+00
3.000000000000000000e+00,-1.000000000000000000e+00,5.000000000000000000e+00,-1.000000000000000000e+00,4.288259482737714734e+01,1.735015509053873188e+02,3.214496912626388507e+02,0.000000000000000000e+00,6.839041254545799031e-01,1.164399360738576972e+00
3.000000000000000000e+00,-1.000000000000000000e+00,5.000000000000000000e+00,0.000000000000000000e+00,3.741744837338566754e+01,1.749898528447584454e+02,3.212346273275113049e+02,0.000000000000000000e+00,6.797836060944160153e-01,1.169650682930251984e+00
3.000000000000000000e+00,-1.000000000000000000e+00,5.000000000000000000e+00,1.000000000000000000e+00,3.178891362368457862e+01,1.735848922096409410e+02,3.209730875577791949e+02,0.000000000000000000e+00,6.836557617153657951e-01,1.164399360738576972e+00
3.000000000000000000e+00,-1.000000000000000000e+00,5.000000000000000000e+00,2.000000000000000000e+00,2.610089233785495821e+01,1.693141752269035010e+02,3.206619159413818352e+02,0.000000000000000000e+00,6.954796561775047348e-01,1.149059861390869797e+00
3.000000000000000000e+00,-1.000000000000000000e+00,5.000000000000000000e+00,3.000000000000000000e+00,2.045004893752988551e+01,1.622573911169979510e+02,3.202928611561806065e+02,0.000000000000000000e+00,7.151369135322062087e-01,1.124788285319472392e+00
3.000000000000000000e+00,-1.000000000000000000e+00,5.000000000000000000e+00,4.000000000000000000e+00,1.491700599647560921e+01,1.525311103123061685e+02,3.198531034749694868e+02,0.000000000000000000e+00,7.424540066220126633e-01,1.093254591528965758e+00
3.000000000000000000e+00,-1.000000000000000000e+00,5.000000000000000000e+00,5.000000000000000000e+00,9.561528009222314495e+00,1.402677338515901226e+02,3.193259651910145749e+02,0.000000000000000000e+00,7.772312841343840262e-01,1.056356104247108574e+00
3.000000000000000000e+00,-1.000000000000000000e+00,5.000000000000000000e+00,6.000000000000000000e+00,4.421828910034946603e+00,1.255932834519935852e+02,3.186915454456602674e+02,0.000000000000000000e+00,8.192700231927521060e-01,1.015957045909065659e+00
3.000000000000000000e+00,-1.000000000000000000e+00,6.000000000000000000e+00,-8.000000000000000000e+00,6.263879614313719912e+01,3.016482572925593786e+01,3.185888777232072471e+02,0.000000000000000000e+00,1.097499170283360082e+00,8.269322762699126139e-01
3.000000000000000000e+00,-1.000000000000000000e+00,6.000000000000000000e+00,-7.000000000000000000e+00,6.018218343998779574e+01,4.895622480983072933e+01,3.191810121493205088e+02,0.000000000000000000e+00,1.042901594837525314e+00,8.564666357488500692e-01
3.000000000000000000e+00,-1.000000000000000000e+00,6.000000000000000000e+00,-6.000000000000000000e+00,5.737995034457441079e+01,6.528595673360435114e+01,3.196112936587709328e+02,0.000000000000000000e+00,9.951734401671209485e-01,8.847968218461579326e-01
3.000000000000000000e+00,-1.000000000000000000e+00,6.000000000000000000e+00,-5.000000000000000000e+00,5.422984192235020373e+01,7.918453947887932998e+01,3.199014274896383654e+02,0.000000000000000000e+00,9.544734574947690842e-01,9.110990400107604748e-01
3.000000000000000000e+00,-1.000000000000000000e+00,6.000000000000000000e+00,-4.000000000000000000e+00,5.073882274104494172e+01,9.064445335354972144e+01,3.200695607127300946e+02,0.000000000000000000e+00,9.209355010212794124e-01,9.344565942717897311e-01
3.000000000000000000e+00,-1.000000000000000000e+00,6.000000000000000000e+00,-3.000000000000000000e+00,4.692492397600489085e+01,9.963365106743846411e+01,3.201306001661155847e+02,0.000000000000000000e+00,8.946781079625824029e-01,9.539197838653308281e-01
3.000000000000000000e+00,-1.000000000000000000e+00,6.000000000000000000e+00,-2.000000000000000000e+00,4.281825420155956863e+01,1.061088379117502427e+02,3.200962546251319623e+02,0.000000000000000000e+00,8.758048128482700534e-01,9.685910770617137677e-01
3.000000000000000000e+00,-1.000000000000000000e+00,6.000000000000000000e+00,-1.000000000000000000e+00,3.846071207429639571e+01,1.100279496492110809e+02,3.199748898029449720e+02,0.000000000000000000e+00,8.643985503963281802e-01,9.777255858187320348e-01
3.000000000000000000e+00,-1.000000000000000000e+00,6.000000000000000000e+00,0.000000000000000000e+00,3.390412720274238723e+01,1.113606606172515825e+02,3.197712947226223719e+02,0.000000000000000000e+00,8.605138291670699768e-01,9.808283372951097645e-01
3.000000000000000000e+00,-1.000000000000000000e+00,6.000000000000000000e+00,1.000000000000000000e+00,2.920690736928960973e+01,1.100955092347615363e+02,3.194864573784690265e+02,0.000000000000000000e+00,8.641702070336467756e-01,9.777255858187322568e-01
3.000000000000000000e+00,-1.000000000000000000e+00,6.000000000000000000e+00,2.000000000000000000e+00,2.442967961454542092e+01,1.062424777264316589e+02,3.191174253906843319e+02,0.000000000000000000e+00,8.753496903831201603e-01,9.685910770617136567e-01
3.000000000000000000e+00,-1.000000000000000000e+00,6.000000000000000000e+00,3.000000000000000000e+00,1.963070950808099724e+01,9.983056422226049165e+01,3.186572828358216611e+02,0.000000000000000000e+00,8.939990519716440875e-01,9.539197838653311612e-01
3.000000000000000000e+00,-1.000000000000000000e+00,6.000000000000000000e+00,4.000000000000000000e+00,1.486192881047156789e+01,9.090077501503263591e+01,3.180952190540057813e+02,0.000000000000000000e+00,9.200361318939167532e-01,9.344565942717897311e-01
3.000000000000000000e+00,-1.000000000000000000e+00,6.000000000000000000e+00,5.000000000000000000e+00,1.016618014898386946e+01,7.949567837197707831e+01,3.174166164996455564e+02,0.000000000000000000e+00,9.533575380725706205e-01,9.110990400107604748e-01
3.000000000000000000e+00,-1.000000000000000000e+00,6.000000000000000000e+00,6.000000000000000000e+00,5.575912485792770212e+00,6.564692880873258218e+01,3.166030556664911728e+02,0.000000000000000000e+00,9.938442227863385492e-01,8.847968218461581547e-01
3.000000000000000000e+00,-1.000000000000000000e+00,6.000000000000000000e+00,7.000000000000000000e+00,1.113198976113352501e+00,4.936194043054348413e+01,3.156321271546190701e+02,0.000000000000000000e+00,1.041361234664865298e+00,8.564666357488501802e-01
3.000000000000000000e+00,-1.000000000000000000e+00,7.000000000000000000e+00,-5.000000000000000000e+00,4.787464572793857087e+01,9.960153879468549576e+00,3.168581787486915573e+02,0.000000000000000000e+00,1.155417317098121233e+00,7.982668041550680105e-01
3.000000000000000000e+00,-1.000000000000000000e+00,7.000000000000000000e+00,-4.000000000000000000e+00,4.479549115254528147e+01,2.127949444532870871e+01,3.171660589629747733e+02,0.000000000000000000e+00,1.122997285374836451e+00,8.138365935025680953e-01
3.000000000000000000e+00,-1.000000000000000000e+00,7.000000000000000000e+00,-3.000000000000000000e+00,4.147018888148210181e+01,3.007184293573521927e+01,3.173340596879837108e+02,0.000000000000000000e+00,1.097630409449999345e+00,8.265969851757769549e-01
3.000000000000000000e+00,-1.000000000000000000e+00,7.000000000000000000e+00,-2.000000000000000000e+00,3.792111124161868929e+01,3.635568987933993412e+01,3.173737428595403003e+02,0.000000000000000000e+00,1.079413589588758882e+00,8.360880343772243428e-01
3.000000000000000000e+00,-1.000000000000000000e+00,7.000000000000000000e+00,-1.000000000000000000e+00,3.417678569200145944e+01,4.013713493703369295e+01,3.172929239084538722e+02,0.000000000000000000e+00,1.068413367588897822e+00,8.419420310153366005e-01
3.000000000000000000e+00,-1.000000000000000000e+00,7.000000000000000000e+00,0.000000000000000000e+00,3.027080681358745551e+01,4.141675370577615922e+01,3.170957459325123864e+02,0.000000000000000000e+00,1.064669123311565047e+00,8.439208593838640748e-01
3.000000000000000000e+00,-1.000000000000000000e+00,7.000000000000000000e+00,1.000000000000000000e+00,2.624017103862931322e+01,4.019393510517801360e+01,3.167826691424867249e+02,0.000000000000000000e+00,1.068194089563213822e+00,8.419420310153366005e-01
3.000000000000000000e+00,-1.000000000000000000e+00,7.000000000000000000e+00,2.000000000000000000e+00,2.212322721372407841e+01,3.646838972798263967e+01,3.163504121131946363e+02,0.000000000000000000e+00,1.078975490622352318e+00,8.360880343772242318e-01
3.000000000000000000e+00,-1.000000000000000000e+00,7.000000000000000000e+00,3.000000000000000000e+00,1.795751984509223576e+01,3.023870717360733806e+01,3.157918571701314363e+02,0.000000000000000000e+00,1.096974272118533600e+00,8.265969851757770659e-01
3.000000000000000000e+00,-1.000000000000000000e+00,7.000000000000000000e+00,4.000000000000000000e+00,1.377781837133485965e+01,2.149807210251594825e+01,3.150959054793275982e+02,0.000000000000000000e+00,1.122123976368131215e+00,8.138365935025683173e-01
3.000000000000000000e+00,-1.000000000000000000e+00,7.000000000000000000e+00,5.000000000000000000e+00,9.614570496596400062e+00,1.022742952679615769e+01,3.142472411855457040e+02,0.000000000000000000e+00,1.154327474221527483e+00,7.982668041550680105e-01
3.000000000000000000e+00,0.000000000000000000e+00,2.000000000000000000e+00,-1.000000000000000000e+00,6.199377836221236748e+01,3.513910072918671403e+02,3.813047291624220634e+02,0.000000000000000000e+00,2.505276499159125869e-01,2.901309384886249010e+00
3.000000000000000000e+00,0.000000000000000000e+00,2.000000000000000000e+00,0.000000000000000000e+00,4.855226608354814744e+01,3.549255863413666248e+02,3.810640419624228343e+02,0.000000000000000000e+00,2.431583764000633252e-01,2.985528567298874059e+00
3.000000000000000000e+00,0.000000000000000000e+00,2.000000000000000000e+00,1.000000000000000000e+00,3.471190687832111621e+01,3.513902733650144228e+02,3.808302677850776945e+02,0.000000000000000000e+00,2.505282590904039930e-01,2.901309384886249010e+00
3.000000000000000000e+00,0.000000000000000000e+00,2.000000000000000000e+00,2.000000000000000000e+00,2.189501966913385900e+01,3.413891761674470899e+02,3.806048705078159742e+02,0.000000000000000000e+00,2.716354769528788182e-01,2.685859318601734103e+00
3.000000000000000000e+00,0.000000000000000000e+00,2.000000000000000000e+00,3.000000000000000000e+00,1.086528808625141096e+01,3.263245062952035482e+02,3.803875396140757061e+02,0.000000000000000000e+00,3.041595787693579522e-01,2.413587811377286396e+00
3.000000000000000000e+00,0.000000000000000000e+00,2.000000000000000000e+00,4.000000000000000000e+00,1.690381833246078713e+00,3.076679423531580824e+02,3.801766414950286048e+02,0.000000000000000000e+00,3.456805246598747550e-01,2.142172253407746751e+00
3.000000000000000000e+00,0.000000000000000000e+00,3.000000000000000000e+00,-3.000000000000000000e+00,6.983139225874518274e+01,2.753732098762567375e+02,3.818745771504104027e+02,0.000000000000000000e+00,4.208789411650016299e-01,1.790572879067821921e+00
3.000000000000000000e+00,0.000000000000000000e+00,3.000000000000000000e+00,-2.000000000000000000e+00,6.250247988875537430e+01,2.860606521600725500e+02,3.816328973647567864e+02,0.000000000000000000e+00,3.955239338603472321e-01,1.893677844651110220e+00
3.000000000000000000e+00,0.000000000000000000e+00,3.000000000000000000e+00,-1.000000000000000000e+00,5.415828996962005704e+01,2.927890585296722179e+02,3.813942568504048722e+02,0.000000000000000000e+00,3.798001312026911824e-01,1.964802039883001505e+00
3.000000000000000000e+00,0.000000000000000000e+00,3.000000000000000000e+00,0.000000000000000000e+00,4.510339267040203026e+01,2.950908967224823982e+02,3.811593659064790245e+02,0.000000000000000000e+00,3.744628613744142576e-01,1.990352378199250039e+00
3.000000000000000000e+00,0.000000000000000000e+00,3.000000000000000000e+00,1.000000000000000000e+00,3.577803186907431154e+01,2.927883286089145827e+02,3.809290211719982722e+02,0.000000000000000000e+00,3.798007781373204383e-01,1.964802039883001505e+00
3.000000000000000000e+00,0.000000000000000000e+00,3.000000000000000000e+00,2.000000000000000000e+00,2.664183731595852578e+01,2.860592127378359351e+02,3.807036959507582878e+02,0.000000000000000000e+00,3.955251887644917752e-01,1.893677844651110220e+00
3.000000000000000000e+00,0.000000000000000000e+00,3.000000000000000000e+00,3.000000000000000000e+00,1.805090088789478386e+01,2.753710935934480517e+02,3.804832515019570565e+02,0.000000000000000000e+00,4.208807398019959733e-01,1.790572879067821921e+00
3.000000000000000000e+00,0.000000000000000000e+00,3.000000000000000000e+00,4.000000000000000000e+00,1.020033351042758341e+01,2.613299398852569766e+02,3.802668754656756960e+02,0.000000000000000000e+00,4.548989047119499363e-01,1.670952471929133987e+00
3.000000000000000000e+00,0.000000000000000000e+00,3.000000000000000000e+00,5.000000000000000000e+00,3.140989009938408572e+00,2.445327069097543813e+02,3.800531928574491189e+02,0.000000000000000000e+00,4.966442682879849135e-01,1.547411823066305425e+00
3.000000000000000000e+00,0.000000000000000000e+00,4.000000000000000000e+00,-5.000000000000000000e+00,7.046600072678495508e+01,1.957441610355411115e+02,3.824578524618906954e+02,0.000000000000000000e+00,6.241461217156184516e-01,1.276232290798613445e+00
3.000000000000000000e+00,0.000000000000000000e+00,4.000000000000000000e+00,-4.000000000000000000e+00,6.593420456498034810e+01,2.096898160333024066e+02,3.822088671192313996e+02,0.000000000000000000e+00,5.867916673399670158e-01,1.342929659300866829e+00
3.000000000000000000e+00,0.000000000000000000e+00,4.000000000000000000e+00,-3.000000000000000000e+00,6.071561611953836746e+01,2.209810899827224375e+02,3.819645310720984526e+02,0.000000000000000000e+00,5.570688578536615587e-01,1.402710144973584372e+00
3.000000000000000000e+00,0.000000000000000000e+00,4.000000000000000000e+00,-2.000000000000000000e+00,5.484927303778908936e+01,2.293265043903350602e+02,3.817241851487896156e+02,0.000000000000000000e+00,5.354113367508045451e-01,1.450654692443124505e+00
3.000000000000000000e+00,0.000000000000000000e+00,4.000000000000000000e+00,-1.000000000000000000e+00,4.843182658536878193e+01,2.344602824691201874e+02,3.814875062723245946e+02,0.000000000000000000e+00,5.222222700146577079e-01,1.481893966709131760e+00
3.000000000000000000e+00,0.000000000000000000e+00,4.000000000000000000e+00,0.000000000000000000e+00,4.161637064955579035e+01,2.361940749907254258e+02,3.812543922737280582e+02,0.000000000000000000e+00,5.177909502165056743e-01,1.492764283649437029e+00
3.000000000000000000e+00,0.000000000000000000e+00,4.000000000000000000e+00,1.000000000000000000e+00,3.459483410382006241e+01,2.344595485789244549e+02,3.810248004816905336e+02,0.000000000000000000e+00,5.222229624398068148e-01,1.481893966709131760e+00
3.000000000000000000e+00,0.000000000000000000e+00,4.000000000000000000e+00,2.000000000000000000e+00,2.756741929117811196e+01,2.293250461650037835e+02,3.807985713199219617e+02,0.000000000000000000e+00,5.354127009742184473e-01,1.450654692443124505e+00
3.000000000000000000e+00,0.000000000000000000e+00,4.000000000000000000e+00,3.000000000000000000e+00,2.071032318123977234e+01,2.209789236176756333e+02,3.805752816626421691e+02,0.000000000000000000e+00,5.570708574394995782e-01,1.402710144973584372e+00
3.000000000000000000e+00,0.000000000000000000e+00,4.000000000000000000e+00,4.000000000000000000e+00,1.415373010784054486e+01,2.096869597459057957e+02,3.803541596343415563e+02,0.000000000000000000e+00,5.867942576180651404e-01,1.342929659300867051e+00
3.000000000000000000e+00,0.000000000000000000e+00,4.000000000000000000e+00,5.000000000000000000e+00,7.975276359467642351e+00,1.957406303128969967e+02,3.801340624230660978e+02,0.000000000000000000e+00,6.241492574254937642e-01,1.276232290798613889e+00
3.000000000000000000e+00,0.000000000000000000e+00,4.000000000000000000e+00,6.000000000000000000e+00,2.206155929086548895e+00,1.794117469499663855e+02,3.799134938234328160e+02,0.000000000000000000e+00,6.687417072663668360e-01,1.206793905688643198e+00
3.000000000000000000e+00,0.000000000000000000e+00,5.000000000000000000e+00,-8.000000000000000000e+00,7.108660860801325043e+01,9.082368071592338765e+01,3.833853981181557060e+02,0.000000000000000000e+00,9.227989891998614747e-01,9.431873611933576651e-01
3.000000000000000000e+00,0.000000000000000000e+00,5.000000000000000000e+00,-7.000000000000000000e+00,6.849818712207434146e+01,1.099648401539108704e+02,3.831035234669345755e+02,0.000000000000000000e+00,8.666827626160327203e-01,9.877395241573848628e-01
3.000000000000000000e+00,0.000000000000000000e+00,5.000000000000000000e+00,-6.000000000000000000e+00,6.546294575786151881e+01,1.268749706984158792e+02,3.828329613971963568e+02,0.000000000000000000e+00,8.175072532560044847e-01,1.031928071745111364e+00
3.000000000000000000e+00,0.000000000000000000e+00,5.000000000000000000e+00,-5.000000000000000000e+00,6.196273186938623212e+01,1.414952013106517370e+02,3.825715322604564790e+02,0.000000000000000000e+00,7.754176496596473234e-01,1.074343727440693064e+00
3.000000000000000000e+00,0.000000000000000000e+00,5.000000000000000000e+00,-4.000000000000000000e+00,5.799327299089188159e+01,1.537244277784784288e+02,3.823175050381676670e+02,0.000000000000000000e+00,7.405851251266269974e-01,1.113230222629521649e+00
3.000000000000000000e+00,0.000000000000000000e+00,5.000000000000000000e+00,-3.000000000000000000e+00,5.356948859695512510e+01,1.634354513798615471e+02,3.820695322437308619e+02,0.000000000000000000e+00,7.132020399100562624e-01,1.146577943952769463e+00
3.000000000000000000e+00,0.000000000000000000e+00,5.000000000000000000e+00,-2.000000000000000000e+00,4.872968327627421559e+01,1.704947591444822876e+02,3.818265859851058508e+02,0.000000000000000000e+00,6.934638218898738771e-01,1.172320441643649014e+00
3.000000000000000000e+00,0.000000000000000000e+00,5.000000000000000000e+00,-1.000000000000000000e+00,4.353696294226651275e+01,1.747845837834763643e+02,3.815878848211948480e+02,0.000000000000000000e+00,6.815417934504836017e-01,1.188623896710424344e+00
3.000000000000000000e+00,0.000000000000000000e+00,5.000000000000000000e+00,0.000000000000000000e+00,3.807645452298083910e+01,1.762239074183602554e+02,3.813528062489533568e+02,0.000000000000000000e+00,6.775539778690738979e-01,1.194211426919549401e+00
3.000000000000000000e+00,0.000000000000000000e+00,5.000000000000000000e+00,1.000000000000000000e+00,3.244800009065511404e+01,1.747838350629773458e+02,3.811207871084550334e+02,0.000000000000000000e+00,6.815425456233659141e-01,1.188623896710424788e+00
3.000000000000000000e+00,0.000000000000000000e+00,5.000000000000000000e+00,2.000000000000000000e+00,2.675563405327412170e+01,1.704932657215499603e+02,3.808912213664145270e+02,0.000000000000000000e+00,6.934653149573756226e-01,1.172320441643648570e+00
3.000000000000000000e+00,0.000000000000000000e+00,5.000000000000000000e+00,3.000000000000000000e+00,2.109647410640943122e+01,1.634332199841418571e+02,3.806633679637291721e+02,0.000000000000000000e+00,7.132042533897114955e-01,1.146577943952770129e+00
3.000000000000000000e+00,0.000000000000000000e+00,5.000000000000000000e+00,4.000000000000000000e+00,1.555183034050867263e+01,1.537214655834072232e+02,3.804362786242606376e+02,0.000000000000000000e+00,7.405880328760471309e-01,1.113230222629521649e+00
3.000000000000000000e+00,0.000000000000000000e+00,5.000000000000000000e+00,5.000000000000000000e+00,1.018227531261157992e+01,1.414915132194174134e+02,3.802087481766810697e+02,0.000000000000000000e+00,7.754212239794444628e-01,1.074343727440693286e+00
3.000000000000000000e+00,0.000000000000000000e+00,5.000000000000000000e+00,6.000000000000000000e+00,5.026843269465246067e+00,1.268705566425421125e+02,3.799792819511188782e+02,0.000000000000000000e+00,8.175114687132500890e-01,1.031928071745111586e+00
3.000000000000000000e+00,0.000000000000000000e+00,5.000000000000000000e+00,7.000000000000000000e+00,1.053198693684862519e-01,1.099596926618307151e+02,3.797460695387457577e+02,0.000000000000000000e+00,8.666875990661886409e-01,9.877395241573848628e-01
3.000000000000000000e+00,0.000000000000000000e+00,6.000000000000000000e+00,-9.000000000000000000e+00,6.523163182082600997e+01,1.137197995185829313e+01,3.838849787280512373e+02,0.000000000000000000e+00,1.155444902085315917e+00,8.045292704590957245e-01
3.000000000000000000e+00,0.000000000000000000e+00,6.000000000000000000e+00,-8.000000000000000000e+00,6.312464507979419182e+01,3.251832609337688496e+01,3.835695789148921904e+02,0.000000000000000000e+00,1.094170688355295518e+00,8.354762359645667713e-01
3.000000000000000000e+00,0.000000000000000000e+00,6.000000000000000000e+00,-7.000000000000000000e+00,6.068134011759659074e+01,5.114832366373786954e+01,3.832713743620091691e+02,0.000000000000000000e+00,1.039612081724462067e+00,8.659698847159160717e-01
3.000000000000000000e+00,0.000000000000000000e+00,6.000000000000000000e+00,-6.000000000000000000e+00,5.789212830401922361e+01,6.733971402258538319e+01,3.829871576653406464e+02,0.000000000000000000e+00,9.919590352019785895e-01,8.952864395339109604e-01
3.000000000000000000e+00,0.000000000000000000e+00,6.000000000000000000e+00,-5.000000000000000000e+00,5.475438533775229644e+01,8.111957293647338929e+01,3.827143278512524489e+02,0.000000000000000000e+00,9.513583108091225871e-01,9.225645639890397431e-01
3.000000000000000000e+00,0.000000000000000000e+00,6.000000000000000000e+00,-4.000000000000000000e+00,5.127467169305964489e+01,9.247796542791351726e+01,3.824507699953973656e+02,0.000000000000000000e+00,9.179344902612828205e-01,9.468389223255549991e-01
3.000000000000000000e+00,0.000000000000000000e+00,6.000000000000000000e+00,-3.000000000000000000e+00,4.747060417224773232e+01,1.013812773164800376e+02,3.821947587536440665e+02,0.000000000000000000e+00,8.917989535047801120e-01,9.671031282954162256e-01
3.000000000000000000e+00,0.000000000000000000e+00,6.000000000000000000e+00,-2.000000000000000000e+00,4.337190061768586702e+01,1.077853593249543280e+02,3.819448744661515889e+02,0.000000000000000000e+00,8.730497556271910042e-01,9.824010199415006417e-01
3.000000000000000000e+00,0.000000000000000000e+00,6.000000000000000000e+00,-1.000000000000000000e+00,3.902013205682871444e+01,1.116478874369432646e+02,3.816999240742869119e+02,0.000000000000000000e+00,8.617657569813094165e-01,9.919357247838094249e-01
3.000000000000000000e+00,0.000000000000000000e+00,6.000000000000000000e+00,0.000000000000000000e+00,3.446690171658175927e+01,1.129387589929862230e+02,3.814588626143989245e+02,0.000000000000000000e+00,8.579986780772625998e-01,9.951761890996247972e-01
3.000000000000000000e+00,0.000000000000000000e+00,6.000000000000000000e+00,1.000000000000000000e+00,2.977052082866453020e+01,1.116471108400416767e+02,3.812207144570307946e+02,0.000000000000000000e+00,8.617665873381687991e-01,9.919357247838097580e-01
3.000000000000000000e+00,0.000000000000000000e+00,6.000000000000000000e+00,2.000000000000000000e+00,2.499166178540625083e+01,1.077838067184298438e+02,3.809844961368578424e+02,0.000000000000000000e+00,8.730514106540177011e-01,9.824010199415004196e-01
3.000000000000000000e+00,0.000000000000000000e+00,6.000000000000000000e+00,3.000000000000000000e+00,2.018876997051197009e+01,1.013789491536478522e+02,3.807491438011765013e+02,0.000000000000000000e+00,8.918014228585382508e-01,9.671031282954164476e-01
3.000000000000000000e+00,0.000000000000000000e+00,6.000000000000000000e+00,4.000000000000000000e+00,1.541406662898930335e+01,9.247486069956258348e+01,3.805134476025016284e+02,0.000000000000000000e+00,9.179377607883135726e-01,9.468389223255551101e-01
3.000000000000000000e+00,0.000000000000000000e+00,6.000000000000000000e+00,5.000000000000000000e+00,1.071075777834161613e+01,8.111568741667865368e+01,3.802759930783638538e+02,0.000000000000000000e+00,9.513623688501363640e-01,9.225645639890394101e-01
3.000000000000000000e+00,0.000000000000000000e+00,6.000000000000000000e+00,6.000000000000000000e+00,6.111691023222192598e+00,6.733503827011527676e+01,3.800351065392488294e+02,0.000000000000000000e+00,9.919638689738656812e-01,8.952864395339111825e-01
3.000000000000000000e+00,0.000000000000000000e+00,6.000000000000000000e+00,7.000000000000000000e+00,1.639338946113213069e+00,5.114284090000177230e+01,3.797887985822690098e+02,0.000000000000000000e+00,1.039617683463270215e+00,8.659698847159162938e-01
3.000000000000000000e+00,0.000000000000000000e+00,7.000000000000000000e+00,-5.000000000000000000e+00,4.834584693314866399e+01,1.239055547054130102e+01,3.828971075947720237e+02,0.000000000000000000e+00,1.152514819799628665e+00,8.059445500463997547e-01
3.000000000000000000e+00,0.000000000000000000e+00,7.000000000000000000e+00,-4.000000000000000000e+00,4.527416482476485271e+01,2.359330387484007474e+01,3.826180709990506443e+02,0.000000000000000000e+00,1.120135805089444547e+00,8.219770515359566820e-01
3.000000000000000000e+00,0.000000000000000000e+00,7.000000000000000000e+00,-3.000000000000000000e+00,4.195538736289583426e+01,3.229043285800946705e+01,3.823484337646815447e+02,0.000000000000000000e+00,1.094834539933190243e+00,8.351304486898708523e-01
3.000000000000000000e+00,0.000000000000000000e+00,7.000000000000000000e+00,-2.000000000000000000e+00,3.841168630419738861e+01,3.849879060128847641e+01,3.820863056786814695e+02,0.000000000000000000e+00,1.076700955287478001e+00,8.449220020151371191e-01
3.000000000000000000e+00,0.000000000000000000e+00,7.000000000000000000e+00,-1.000000000000000000e+00,3.467142596140578803e+01,4.222356041777030100e+01,3.818300464668771497e+02,0.000000000000000000e+00,1.065796725593525895e+00,8.509648745885449728e-01
3.000000000000000000e+00,0.000000000000000000e+00,7.000000000000000000e+00,0.000000000000000000e+00,3.076808947905735181e+01,4.346500914200831289e+01,3.815781819891646478e+02,0.000000000000000000e+00,1.062158264585112644e+00,8.530081620853926516e-01
3.000000000000000000e+00,0.000000000000000000e+00,7.000000000000000000e+00,1.000000000000000000e+00,2.673862392810772803e+01,4.222273956807057971e+01,3.813293265186396752e+02,0.000000000000000000e+00,1.065797656536334514e+00,8.509648745885449728e-01
3.000000000000000000e+00,0.000000000000000000e+00,7.000000000000000000e+00,2.000000000000000000e+00,2.262139540173490104e+01,3.849714688339122404e+01,3.810821092082867381e+02,0.000000000000000000e+00,1.076702815245972555e+00,8.449220020151372301e-01
3.000000000000000000e+00,0.000000000000000000e+00,7.000000000000000000e+00,3.000000000000000000e+00,1.845403013117086743e+01,3.228796173861070429e+01,3.808351036532728244e+02,0.000000000000000000e+00,1.094837325614083534e+00,8.351304486898708523e-01
3.000000000000000000e+00,0.000000000000000000e+00,7.000000000000000000e+00,4.000000000000000000e+00,1.427143546995847601e+01,2.358999734992727326e+01,3.805867593304124057e+02,0.000000000000000000e+00,1.120139512862684761e+00,8.219770515359566820e-01
3.000000000000000000e+00,0.000000000000000000e+00,7.000000000000000000e+00,5.000000000000000000e+00,1.010424044650105202e+01,1.238640070787772629e+01,3.803353327313191130e+02,0.000000000000000000e+00,1.152519447034418443e+00,8.059445500463997547e-01
3.000000000000000000e+00,1.000000000000000000e+00,2.000000000000000000e+00,-2.000000000000000000e+00,7.182086324693335655e+01,3.412473132745637940e+02,4.423664024245065320e+02,0.000000000000000000e+00,2.719784724324176284e-01,2.436999951017411625e+00
3.000000000000000000e+00,1.000000000000000000e+00,2.000000000000000000e+00,-1.000000000000000000e+00,5.998007065309218433e+01,3.511899467745338370e+02,4.423759173154720656e+02,0.000000000000000000e+00,2.510015444391773265e-01,2.594509579563997637e+00
3.000000000000000000e+00,1.000000000000000000e+00,2.000000000000000000e+00,0.000000000000000000e+00,4.647874983264824778e+01,3.546192186111162528e+02,4.422250064694683260e+02,0.000000000000000000e+00,2.438531823689039091e-01,2.654211836900606691e+00
3.000000000000000000e+00,1.000000000000000000e+00,2.000000000000000000e+00,1.000000000000000000e+00,3.270757333215397011e+01,3.509484091057998967e+02,4.418843059577983468e+02,0.000000000000000000e+00,2.515069078633447863e-01,2.594509579563997637e+00
3.000000000000000000e+00,1.000000000000000000e+00,2.000000000000000000e+00,2.000000000000000000e+00,2.005781756659476400e+01,3.408056484947863964e+02,4.413894952525996587e+02,0.000000000000000000e+00,2.729199432814430892e-01,2.436999951017412069e+00
3.000000000000000000e+00,1.000000000000000000e+00,2.000000000000000000e+00,3.000000000000000000e+00,9.233439569643934419e+00,3.256081587260957235e+02,4.408175980578374720e+02,0.000000000000000000e+00,3.057445778944786197e-01,2.228178420853212049e+00
3.000000000000000000e+00,1.000000000000000000e+00,2.000000000000000000e+00,4.000000000000000000e+00,2.580400877302224671e-01,3.068306682488712340e+02,4.402480978937842906e+02,0.000000000000000000e+00,3.475525541025954457e-01,2.009369289567527694e+00
3.000000000000000000e+00,1.000000000000000000e+00,3.000000000000000000e+00,-3.000000000000000000e+00,6.857819962710857453e+01,2.749597794693459605e+02,4.415850150149565252e+02,0.000000000000000000e+00,4.217277752575846472e-01,1.710820980791027512e+00
3.000000000000000000e+00,1.000000000000000000e+00,3.000000000000000000e+00,-2.000000000000000000e+00,6.117508256678218004e+01,2.856317385281082579e+02,4.414427770170518670e+02,0.000000000000000000e+00,3.964343197441582700e-01,1.800069930235180138e+00
3.000000000000000000e+00,1.000000000000000000e+00,3.000000000000000000e+00,-1.000000000000000000e+00,5.278032864425551907e+01,2.923177127961343444e+02,4.412791791105556172e+02,0.000000000000000000e+00,3.808220182424773559e-01,1.860825564562724743e+00
3.000000000000000000e+00,1.000000000000000000e+00,3.000000000000000000e+00,0.000000000000000000e+00,4.370941377425799601e+01,2.945526792180632469e+02,4.410684015510059908e+02,0.000000000000000000e+00,3.756439918568515446e-01,1.882486722335403817e+00
3.000000000000000000e+00,1.000000000000000000e+00,3.000000000000000000e+00,1.000000000000000000e+00,3.440692570057922239e+01,2.921646061040938775e+02,4.408015061153005263e+02,0.000000000000000000e+00,3.811799249104015352e-01,1.860825564562724299e+00
3.000000000000000000e+00,1.000000000000000000e+00,3.000000000000000000e+00,2.000000000000000000e+00,2.532777280011015364e+01,2.853385804091499836e+02,4.404893729815537426e+02,0.000000000000000000e+00,3.971285604079753950e-01,1.800069930235180138e+00
3.000000000000000000e+00,1.000000000000000000e+00,3.000000000000000000e+00,3.000000000000000000e+00,1.681688958834737946e+01,2.745482128450038317e+02,4.401588150317407440e+02,0.000000000000000000e+00,4.227227911077776068e-01,1.710820980791027734e+00
3.000000000000000000e+00,1.000000000000000000e+00,3.000000000000000000e+00,4.000000000000000000e+00,9.057050076860946319e+00,2.604028700835015684e+02,4.398445883745141032e+02,0.000000000000000000e+00,4.569857540548623587e-01,1.605584032129022232e+00
3.000000000000000000e+00,1.000000000000000000e+00,3.000000000000000000e+00,5.000000000000000000e+00,2.089425943606983083e+00,2.435002602974963111e+02,4.395820385255814813e+02,0.000000000000000000e+00,4.989770859557756677e-01,1.495064631571473068e+00
3.000000000000000000e+00,1.000000000000000000e+00,4.000000000000000000e+00,-5.000000000000000000e+00,6.955503237118679749e+01,1.950190894489223581e+02,4.423205259527044291e+02,0.000000000000000000e+00,6.254262078217521781e-01,1.246385235136497904e+00
3.000000000000000000e+00,1.000000000000000000e+00,4.000000000000000000e+00,-4.000000000000000000e+00,6.497695500032455129e+01,2.089944428085806294e+02,4.419236920130415456e+02,0.000000000000000000e+00,5.880882530443829470e-01,1.308283548326563794e+00
3.000000000000000000e+00,1.000000000000000000e+00,4.000000000000000000e+00,-3.000000000000000000e+00,5.971673865944629256e+01,2.202953773387521039e+02,4.415951760636755807e+02,0.000000000000000000e+00,5.584057727128315385e-01,1.363365530589261576e+00
3.000000000000000000e+00,1.000000000000000000e+00,4.000000000000000000e+00,-2.000000000000000000e+00,5.381729185178508601e+01,2.286304693364165814e+02,4.413122900106701536e+02,0.000000000000000000e+00,5.368172729066490456e-01,1.407261932432194440e+00
3.000000000000000000e+00,1.000000000000000000e+00,4.000000000000000000e+00,-1.000000000000000000e+00,4.737914283673504201e+01,2.337347056660069029e+02,4.410563078910728336e+02,0.000000000000000000e+00,5.237281026499175374e-01,1.435726326983524093e+00
3.000000000000000000e+00,1.000000000000000000e+00,4.000000000000000000e+00,0.000000000000000000e+00,4.055830296027531290e+01,2.354214547754264117e+02,4.408147548669205662e+02,0.000000000000000000e+00,5.194268014577571035e-01,1.445605306908723575e+00
3.000000000000000000e+00,1.000000000000000000e+00,4.000000000000000000e+00,1.000000000000000000e+00,3.354774097841627167e+01,2.336249319388173831e+02,4.405832835015501132e+02,0.000000000000000000e+00,5.240155606020785450e-01,1.435726326983523871e+00
3.000000000000000000e+00,1.000000000000000000e+00,4.000000000000000000e+00,2.000000000000000000e+00,2.654644885425170742e+01,2.284163624988650270e+02,4.403662807210341157e+02,0.000000000000000000e+00,5.373836220177344858e-01,1.407261932432194662e+00
3.000000000000000000e+00,1.000000000000000000e+00,4.000000000000000000e+00,3.000000000000000000e+00,1.972756823692387229e+01,2.199866615457750072e+02,4.401758706685893685e+02,0.000000000000000000e+00,5.592358811532072149e-01,1.363365530589261576e+00
3.000000000000000000e+00,1.000000000000000000e+00,4.000000000000000000e+00,4.000000000000000000e+00,1.321732002011495410e+01,2.086033158926526028e+02,4.400297525754057801e+02,0.000000000000000000e+00,5.891635705518865063e-01,1.308283548326563794e+00
3.000000000000000000e+00,1.000000000000000000e+00,4.000000000000000000e+00,5.000000000000000000e+00,7.089435603002925745e+00,1.945584155805907471e+02,4.399487712823417951e+02,0.000000000000000000e+00,6.267279401814372930e-01,1.246385235136497904e+00
3.000000000000000000e+00,1.000000000000000000e+00,4.000000000000000000e+00,6.000000000000000000e+00,1.371892957287087711e+00,1.781232996149377641e+02,4.399550135475208208e+02,0.000000000000000000e+00,6.715299669124231707e-01,1.181465058748428110e+00
3.000000000000000000e+00,1.000000000000000000e+00,5.000000000000000000e+00,-9.000000000000000000e+00,7.258526172176686941e+01,6.807112859243441960e+01,4.470436994560978974e+02,0.000000000000000000e+00,9.870824993149980298e-01,8.886909907021776078e-01
3.000000000000000000e+00,1.000000000000000000e+00,5.000000000000000000e+00,-8.000000000000000000e+00,7.038883417797921993e+01,8.956325453778383405e+01,4.458899808016292354e+02,0.000000000000000000e+00,9.242543139093555293e-01,9.309459011329460632e-01
3.000000000000000000e+00,1.000000000000000000e+00,5.000000000000000000e+00,-7.000000000000000000e+00,6.777151383252072492e+01,1.088024301733340309e+02,4.449268668958044373e+02,0.000000000000000000e+00,8.682067347066193541e-01,9.737064296663414664e-01
3.000000000000000000e+00,1.000000000000000000e+00,5.000000000000000000e+00,-6.000000000000000000e+00,6.470719943297700638e+01,1.257876240531586518e+02,4.441249897746288866e+02,0.000000000000000000e+00,8.190839988334017718e-01,1.015957045909065437e+00
3.000000000000000000e+00,1.000000000000000000e+00,5.000000000000000000e+00,-5.000000000000000000e+00,6.117881292435566820e+01,1.404618153830167842e+02,4.434585991983790336e+02,0.000000000000000000e+00,7.770427461821221016e-01,1.056356104247108352e+00
3.000000000000000000e+00,1.000000000000000000e+00,5.000000000000000000e+00,-4.000000000000000000e+00,5.718344251226847064e+01,1.527251898789008635e+02,4.429049891163080019e+02,0.000000000000000000e+00,7.422630415717869079e-01,1.093254591528965758e+00
3.000000000000000000e+00,1.000000000000000000e+00,5.000000000000000000e+00,-3.000000000000000000e+00,5.273758482716283424e+01,1.624515471493437246e+02,4.424443969078955092e+02,0.000000000000000000e+00,7.149438609735583317e-01,1.124788285319471948e+00
3.000000000000000000e+00,1.000000000000000000e+00,5.000000000000000000e+00,-2.000000000000000000e+00,4.788118048814772010e+01,1.695083140387101253e+02,4.420603133714730006e+02,0.000000000000000000e+00,6.952851115890297251e-01,1.149059861390869797e+00
3.000000000000000000e+00,1.000000000000000000e+00,5.000000000000000000e+00,-1.000000000000000000e+00,4.267879083338158352e+01,1.737787743896698203e+02,4.417400777367826095e+02,0.000000000000000000e+00,6.834605426968646258e-01,1.164399360738576972e+00
3.000000000000000000e+00,1.000000000000000000e+00,5.000000000000000000e+00,0.000000000000000000e+00,3.721654532278836314e+01,1.751831420319992958e+02,4.414755512680389415e+02,0.000000000000000000e+00,6.795886786164700988e-01,1.169650682930251984e+00
3.000000000000000000e+00,1.000000000000000000e+00,5.000000000000000000e+00,1.000000000000000000e+00,3.159461648941106660e+01,1.736938800800671743e+02,4.412636177228392853e+02,0.000000000000000000e+00,6.837104991817091193e-01,1.164399360738577194e+00
3.000000000000000000e+00,1.000000000000000000e+00,5.000000000000000000e+00,2.000000000000000000e+00,2.591661635819446019e+01,1.693412080618175821e+02,4.411063012262642928e+02,0.000000000000000000e+00,6.957812750637920596e-01,1.149059861390869797e+00
3.000000000000000000e+00,1.000000000000000000e+00,5.000000000000000000e+00,3.000000000000000000e+00,2.027857997826703240e+01,1.622072073447669709e+02,4.410104292033421984e+02,0.000000000000000000e+00,7.156794218249167283e-01,1.124788285319472392e+00
3.000000000000000000e+00,1.000000000000000000e+00,5.000000000000000000e+00,4.000000000000000000e+00,1.476030222444575202e+01,1.524102312842365734e+02,4.409869416095424413e+02,0.000000000000000000e+00,7.432293079378211598e-01,1.093254591528965980e+00
3.000000000000000000e+00,1.000000000000000000e+00,5.000000000000000000e+00,5.000000000000000000e+00,9.420683687363379022e+00,1.400837376233450300e+02,4.410500709556496872e+02,0.000000000000000000e+00,7.782305070818580361e-01,1.056356104247108352e+00
3.000000000000000000e+00,1.000000000000000000e+00,5.000000000000000000e+00,6.000000000000000000e+00,4.297168279426273330e+00,1.253541248538214603e+02,4.412166405424094364e+02,0.000000000000000000e+00,8.204847937781909462e-01,1.015957045909065437e+00
3.000000000000000000e+00,1.000000000000000000e+00,6.000000000000000000e+00,-9.000000000000000000e+00,6.461488674521791609e+01,9.523402377889539139e+00,4.500567049770888275e+02,0.000000000000000000e+00,1.156585637790432664e+00,7.968915193558830934e-01
3.000000000000000000e+00,1.000000000000000000e+00,6.000000000000000000e+00,-8.000000000000000000e+00,6.248916380287585071e+01,3.082064203957597215e+01,4.486340373535048798e+02,0.000000000000000000e+00,1.095535938619797811e+00,8.269322762699123919e-01
3.000000000000000000e+00,1.000000000000000000e+00,6.000000000000000000e+00,-7.000000000000000000e+00,6.002706929078667031e+01,4.956977519802765642e+01,4.474345234519789187e+02,0.000000000000000000e+00,1.041148581421369013e+00,8.564666357488500692e-01
3.000000000000000000e+00,1.000000000000000000e+00,6.000000000000000000e+00,-6.000000000000000000e+00,5.721957950422273598e+01,6.585288462545435095e+01,4.464255251080795688e+02,0.000000000000000000e+00,9.936309642505837258e-01,8.847968218461580436e-01
3.000000000000000000e+00,1.000000000000000000e+00,6.000000000000000000e+00,-5.000000000000000000e+00,5.406474570566248872e+01,7.970023541030950298e+01,4.455799145783877862e+02,0.000000000000000000e+00,9.531435318215321084e-01,9.110990400107604748e-01
3.000000000000000000e+00,1.000000000000000000e+00,6.000000000000000000e+00,-4.000000000000000000e+00,5.056988973860399028e+01,9.110427418604784577e+01,4.448751468886704288e+02,0.000000000000000000e+00,9.198213828135500814e-01,9.344565942717897311e-01
3.000000000000000000e+00,1.000000000000000000e+00,6.000000000000000000e+00,-3.000000000000000000e+00,4.675342562011607583e+01,1.000332183703758631e+02,4.442927422704756850e+02,0.000000000000000000e+00,8.937837167056185139e-01,9.539197838653310502e-01
3.000000000000000000e+00,1.000000000000000000e+00,6.000000000000000000e+00,-2.000000000000000000e+00,4.264582954249138425e+01,1.064443882480870656e+02,4.438180707583110802e+02,0.000000000000000000e+00,8.751340674407455111e-01,9.685910770617136567e-01
3.000000000000000000e+00,1.000000000000000000e+00,6.000000000000000000e+00,-1.000000000000000000e+00,3.828930129323236997e+01,1.102966902166690488e+02,4.434403328022385722e+02,0.000000000000000000e+00,8.639547104573810365e-01,9.777255858187318127e-01
3.000000000000000000e+00,1.000000000000000000e+00,6.000000000000000000e+00,0.000000000000000000e+00,3.373585411954940128e+01,1.115610706303641848e+02,4.431526275066676135e+02,0.000000000000000000e+00,8.602989466976241895e-01,9.808283372951099865e-01
3.000000000000000000e+00,1.000000000000000000e+00,6.000000000000000000e+00,1.000000000000000000e+00,2.904392530536838990e+01,1.102275290345491499e+02,4.429520085518673795e+02,0.000000000000000000e+00,8.641847908013431390e-01,9.777255858187321458e-01
3.000000000000000000e+00,1.000000000000000000e+00,6.000000000000000000e+00,2.000000000000000000e+00,2.427400693987090108e+01,1.063075475470821942e+02,4.428394565599799080e+02,0.000000000000000000e+00,8.755926501149853269e-01,9.685910770617136567e-01
3.000000000000000000e+00,1.000000000000000000e+00,6.000000000000000000e+00,3.000000000000000000e+00,1.948408531811656985e+01,9.983150798831535155e+01,4.428197443562798981e+02,0.000000000000000000e+00,8.944679310523370175e-01,9.539197838653312722e-01
3.000000000000000000e+00,1.000000000000000000e+00,6.000000000000000000e+00,4.000000000000000000e+00,1.472571320346688140e+01,9.084155950320507600e+01,4.429012256292670031e+02,0.000000000000000000e+00,9.207275763526360235e-01,9.344565942717895091e-01
3.000000000000000000e+00,1.000000000000000000e+00,6.000000000000000000e+00,5.000000000000000000e+00,1.004131037301149831e+01,7.938110187558129383e+01,4.430956209793521907e+02,0.000000000000000000e+00,9.542679079519978957e-01,9.110990400107604748e-01
3.000000000000000000e+00,1.000000000000000000e+00,6.000000000000000000e+00,6.000000000000000000e+00,5.462911826739627941e+00,6.548229963828066502e+01,4.434178972435382775e+02,0.000000000000000000e+00,9.949702406527097809e-01,8.847968218461581547e-01
3.000000000000000000e+00,1.000000000000000000e+00,6.000000000000000000e+00,7.000000000000000000e+00,1.012225062864047231e+00,4.915279628400199385e+01,4.438863371017666850e+02,0.000000000000000000e+00,1.042700581533488213e+00,8.564666357488502912e-01
3.000000000000000000e+00,1.000000000000000000e+00,7.000000000000000000e+00,-5.000000000000000000e+00,4.772634224543952541e+01,1.044630370984967271e+01,4.489939616806290132e+02,0.000000000000000000e+00,1.154083514209020889e+00,7.982668041550682325e-01
3.000000000000000000e+00,1.000000000000000000e+00,7.000000000000000000e+00,-4.000000000000000000e+00,4.464562193581875249e+01,2.171493406864433950e+01,4.481175156451879502e+02,0.000000000000000000e+00,1.121880572453643143e+00,8.138365935025682063e-01
3.000000000000000000e+00,1.000000000000000000e+00,7.000000000000000000e+00,-3.000000000000000000e+00,4.131970335944561157e+01,3.045393683937712126e+01,4.474001572578408172e+02,0.000000000000000000e+00,1.096731399714991007e+00,8.265969851757769549e-01
3.000000000000000000e+00,1.000000000000000000e+00,7.000000000000000000e+00,-2.000000000000000000e+00,3.777114286049109637e+01,3.668227892261023726e+01,4.468264158953561491e+02,0.000000000000000000e+00,1.078733207822216711e+00,8.360880343772244538e-01
3.000000000000000000e+00,1.000000000000000000e+00,7.000000000000000000e+00,-1.000000000000000000e+00,3.402860915724235724e+01,4.040671004792298504e+01,4.463850971760376183e+02,0.000000000000000000e+00,1.067952519913770049e+00,8.419420310153366005e-01
3.000000000000000000e+00,1.000000000000000000e+00,7.000000000000000000e+00,0.000000000000000000e+00,3.012577647048721019e+01,4.162859960682988003e+01,4.460690320671899940e+02,0.000000000000000000e+00,1.064428431569804046e+00,8.439208593838641859e-01
3.000000000000000000e+00,1.000000000000000000e+00,7.000000000000000000e+00,1.000000000000000000e+00,2.609964682025838556e+01,4.034822206926668287e+01,4.458749228009625085e+02,0.000000000000000000e+00,1.068173730928859699e+00,8.419420310153367115e-01
3.000000000000000000e+00,1.000000000000000000e+00,7.000000000000000000e+00,2.000000000000000000e+00,2.198849778735055338e+01,3.656619984027048531e+01,4.458032451824832378e+02,0.000000000000000000e+00,1.079175167630670451e+00,8.360880343772244538e-01
3.000000000000000000e+00,1.000000000000000000e+00,7.000000000000000000e+00,3.000000000000000000e+00,1.782973356215171634e+01,3.028199362088409430e+01,4.458581929638841643e+02,0.000000000000000000e+00,1.097393316742435232e+00,8.265969851757770659e-01
3.000000000000000000e+00,1.000000000000000000e+00,7.000000000000000000e+00,4.000000000000000000e+00,1.365793095115392930e+01,2.148956254260278342e+01,4.460476764992679932e+02,0.000000000000000000e+00,1.122761569481483201e+00,8.138365935025682063e-01
3.000000000000000000e+00,1.000000000000000000e+00,7.000000000000000000e+00,5.000000000000000000e+00,9.503314652388127115e+00,1.017049437512147847e+01,4.463834119651880314e+02,0.000000000000000000e+00,1.155182944383731591e+00,7.982668041550683435e-01
3.000000000000000000e+00,2.000000000000000000e+00,2.000000000000000000e+00,-2.000000000000000000e+00,6.660254230109580931e+01,3.408489750693065048e+02,5.060653816721677458e+02,0.000000000000000000e+00,2.725979364243000802e-01,1.970083524970086097e+00
3.000000000000000000e+00,2.000000000000000000e+00,2.000000000000000000e+00,-1.000000000000000000e+00,5.434285326370724079e+01,3.508693359488772785e+02,5.063315854778074936e+02,0.000000000000000000e+00,2.515004571857695770e-01,2.050546919938733836e+00
3.000000000000000000e+00,2.000000000000000000e+00,2.000000000000000000e+00,0.000000000000000000e+00,4.068874205233072416e+01,3.542364378282682082e+02,5.062585007415164000e+02,0.000000000000000000e+00,2.444953658737277769e-01,2.079641292625468374e+00
3.000000000000000000e+00,2.000000000000000000e+00,2.000000000000000000e+00,1.000000000000000000e+00,2.710271605097250358e+01,3.503662207522115750e+02,5.057836427304486051e+02,0.000000000000000000e+00,2.525538587398666879e-01,2.050546919938734280e+00
3.000000000000000000e+00,2.000000000000000000e+00,2.000000000000000000e+00,2.000000000000000000e+00,1.489340000620441629e+01,3.399302854852676319e+02,5.049834103523495514e+02,0.000000000000000000e+00,2.745582690638905810e-01,1.970083524970085653e+00
3.000000000000000000e+00,2.000000000000000000e+00,2.000000000000000000e+00,3.000000000000000000e+00,4.611404927018725175e+00,3.243964728586737465e+02,5.040214513886838859e+02,0.000000000000000000e+00,3.080699323683858126e-01,1.854748909440258720e+00
3.000000000000000000e+00,2.000000000000000000e+00,3.000000000000000000e+00,-4.000000000000000000e+00,7.156806890810619848e+01,2.593022276604732497e+02,5.042220124549033926e+02,0.000000000000000000e+00,4.585563263821791913e-01,1.447628948128034443e+00
3.000000000000000000e+00,2.000000000000000000e+00,3.000000000000000000e+00,-3.000000000000000000e+00,6.506635908334774854e+01,2.735086877826448699e+02,5.041369840310923109e+02,0.000000000000000000e+00,4.243155317160953732e-01,1.523342148235413029e+00
3.000000000000000000e+00,2.000000000000000000e+00,3.000000000000000000e+00,-2.000000000000000000e+00,5.746589783994133427e+01,2.842754963198757991e+02,5.040808407571018961e+02,0.000000000000000000e+00,3.988842874590958210e-01,1.585327775642969783e+00
3.000000000000000000e+00,2.000000000000000000e+00,3.000000000000000000e+00,-1.000000000000000000e+00,4.893706617298514061e+01,2.909873382197408773e+02,5.039798580465503619e+02,0.000000000000000000e+00,3.832595146921364826e-01,1.626359699151216809e+00
3.000000000000000000e+00,2.000000000000000000e+00,3.000000000000000000e+00,0.000000000000000000e+00,3.982269739257503716e+01,2.931750806773575277e+02,5.037797580833611732e+02,0.000000000000000000e+00,3.782069851332527377e-01,1.640761655561013388e+00
3.000000000000000000e+00,2.000000000000000000e+00,3.000000000000000000e+00,1.000000000000000000e+00,3.057781659522046880e+01,2.906702664604837310e+02,5.034617280191079089e+02,0.000000000000000000e+00,3.840024019324055904e-01,1.626359699151216809e+00
3.000000000000000000e+00,2.000000000000000000e+00,3.000000000000000000e+00,2.000000000000000000e+00,2.164501497552925002e+01,2.836686209297891992e+02,5.030487592796258696e+02,0.000000000000000000e+00,4.003249487642145388e-01,1.585327775642970005e+00
3.000000000000000000e+00,2.000000000000000000e+00,3.000000000000000000e+00,3.000000000000000000e+00,1.334089783221233461e+01,2.726571536095316901e+02,5.025975194815162013e+02,0.000000000000000000e+00,4.263796932520524940e-01,1.523342148235413251e+00
3.000000000000000000e+00,2.000000000000000000e+00,3.000000000000000000e+00,4.000000000000000000e+00,5.816901015291847443e+00,2.582566522500807764e+02,5.021815753617305518e+02,0.000000000000000000e+00,4.611617250937312118e-01,1.447628948128034665e+00
3.000000000000000000e+00,2.000000000000000000e+00,4.000000000000000000e+00,-6.000000000000000000e+00,7.103207982409088572e+01,1.758185007327402900e+02,5.059305579513386419e+02,0.000000000000000000e+00,6.745493641093324166e-01,1.114089210426606025e+00
3.000000000000000000e+00,2.000000000000000000e+00,4.000000000000000000e+00,-5.000000000000000000e+00,6.700282537287085916e+01,1.924224943457651591e+02,5.051514345153935892e+02,0.000000000000000000e+00,6.297553040596644003e-01,1.168023004573177648e+00
3.000000000000000000e+00,2.000000000000000000e+00,4.000000000000000000e+00,-4.000000000000000000e+00,6.230032812494320638e+01,2.065740937557871746e+02,5.045648830739446566e+02,0.000000000000000000e+00,5.922446734655513190e-01,1.218499975508705813e+00
3.000000000000000000e+00,2.000000000000000000e+00,4.000000000000000000e+00,-3.000000000000000000e+00,5.692845156551243235e+01,2.180005564042585320e+02,5.041199167847787521e+02,0.000000000000000000e+00,5.624401929093238994e-01,1.262627874016437834e+00
3.000000000000000000e+00,2.000000000000000000e+00,4.000000000000000000e+00,-2.000000000000000000e+00,5.094002472589932040e+01,2.264089950343631585e+02,5.037696980448966428e+02,0.000000000000000000e+00,5.407976933700283650e-01,1.297254789781998818e+00
3.000000000000000000e+00,2.000000000000000000e+00,4.000000000000000000e+00,-1.000000000000000000e+00,4.444537903300218318e+01,2.315332778409524508e+02,5.034754944938740664e+02,0.000000000000000000e+00,5.277346414281915976e-01,1.319450328058119570e+00
3.000000000000000000e+00,2.000000000000000000e+00,4.000000000000000000e+00,0.000000000000000000e+00,3.760780931148829609e+01,2.331870189681823717e+02,5.032115411205655846e+02,0.000000000000000000e+00,5.235452534207346575e-01,1.327105918450303124e+00
3.000000000000000000e+00,2.000000000000000000e+00,4.000000000000000000e+00,1.000000000000000000e+00,3.062281661798616028e+01,2.313065632364212263e+02,5.029690693026221311e+02,0.000000000000000000e+00,5.283303342146887793e-01,1.319450328058119126e+00
3.000000000000000000e+00,2.000000000000000000e+00,4.000000000000000000e+00,2.000000000000000000e+00,2.368630597899721124e+01,2.259668702109273681e+02,5.027576851583227722e+02,0.000000000000000000e+00,5.419712423098529408e-01,1.297254789781998818e+00
3.000000000000000000e+00,2.000000000000000000e+00,4.000000000000000000e+00,3.000000000000000000e+00,1.696373703438919733e+01,2.173632159069439922e+02,5.026033781982526989e+02,0.000000000000000000e+00,5.641601037967106658e-01,1.262627874016437834e+00
3.000000000000000000e+00,2.000000000000000000e+00,4.000000000000000000e+00,4.000000000000000000e+00,1.057135612872841079e+01,2.057668501360415121e+02,5.025440766445796612e+02,0.000000000000000000e+00,5.944723567622594018e-01,1.218499975508706035e+00
3.000000000000000000e+00,2.000000000000000000e+00,4.000000000000000000e+00,5.000000000000000000e+00,4.573001940896176620e+00,1.914720182911850657e+02,5.026246352330524587e+02,0.000000000000000000e+00,6.324516831754427582e-01,1.168023004573177648e+00
3.000000000000000000e+00,2.000000000000000000e+00,5.000000000000000000e+00,-1.000000000000000000e+01,7.258393520759960893e+01,3.889601054914962219e+01,5.165749301140585885e+02,0.000000000000000000e+00,1.061335890448594776e+00,8.217147372984509035e-01
3.000000000000000000e+00,2.000000000000000000e+00,5.000000000000000000e+00,-9.000000000000000000e+00,7.070539404632592095e+01,6.322912075837649581e+01,5.139626691640517038e+02,0.000000000000000000e+00,9.921992667068494365e-01,8.589278787507907964e-01
3.000000000000000000e+00,2.000000000000000000e+00,5.000000000000000000e+00,-8.000000000000000000e+00,6.843294487796288195e+01,8.515415587583353840e+01,5.118136649550232278e+02,0.000000000000000000e+00,9.295246082841750468e-01,8.968968387807010334e-01
3.000000000000000000e+00,2.000000000000000000e+00,5.000000000000000000e+00,-7.000000000000000000e+00,6.573722464129031096e+01,1.047511158378433294e+02,5.100576096831641735e+02,0.000000000000000000e+00,8.735256359745567911e-01,9.349440001928360777e-01
3.000000000000000000e+00,2.000000000000000000e+00,5.000000000000000000e+00,-6.000000000000000000e+00,6.259422989484224331e+01,1.220284514419656006e+02,5.086341141920266864e+02,0.000000000000000000e+00,8.243895803603332739e-01,9.721553230522653744e-01
3.000000000000000000e+00,2.000000000000000000e+00,5.000000000000000000e+00,-5.000000000000000000e+00,5.898970383857320599e+01,1.369356067414993561e+02,5.074903472797248014e+02,0.000000000000000000e+00,7.823071169253315027e-01,1.007371694864490852e+00
3.000000000000000000e+00,2.000000000000000000e+00,5.000000000000000000e+00,-4.000000000000000000e+00,5.492425966054989317e+01,1.493770027928258060e+02,5.065797821544630324e+02,0.000000000000000000e+00,7.474851451409455505e-01,1.039218617613569373e+00
3.000000000000000000e+00,2.000000000000000000e+00,5.000000000000000000e+00,-3.000000000000000000e+00,5.041843415427629793e+01,1.592291226679860188e+02,5.058619557535524223e+02,0.000000000000000000e+00,7.201434303991730568e-01,1.066190260660607514e+00
3.000000000000000000e+00,2.000000000000000000e+00,5.000000000000000000e+00,-2.000000000000000000e+00,4.551631960186489323e+01,1.663611352967640471e+02,5.053031105690910181e+02,0.000000000000000000e+00,7.004972546675587441e-01,1.086794465950367661e+00
3.000000000000000000e+00,2.000000000000000000e+00,5.000000000000000000e+00,-1.000000000000000000e+00,4.028614262833960424e+01,1.706576526736526773e+02,5.048774570026714628e+02,0.000000000000000000e+00,6.887305878887592936e-01,1.099745535445001643e+00
3.000000000000000000e+00,2.000000000000000000e+00,5.000000000000000000e+00,0.000000000000000000e+00,3.481654332298381860e+01,1.720401840386203673e+02,5.045686239133288495e+02,0.000000000000000000e+00,6.849671239447853166e-01,1.104166549292714183e+00
3.000000000000000000e+00,2.000000000000000000e+00,5.000000000000000000e+00,1.000000000000000000e+00,2.920852000164725837e+01,1.704826153391580874e+02,5.043707670142925963e+02,0.000000000000000000e+00,6.892481131241139369e-01,1.099745535445001865e+00
3.000000000000000000e+00,2.000000000000000000e+00,5.000000000000000000e+00,2.000000000000000000e+00,2.356463574354302182e+01,1.660166191611554609e+02,5.042888905921937521e+02,0.000000000000000000e+00,7.015245099905040860e-01,1.086794465950368105e+00
3.000000000000000000e+00,2.000000000000000000e+00,5.000000000000000000e+00,3.000000000000000000e+00,1.797823187623251329e+01,1.587254400168622226e+02,5.043382245848466141e+02,0.000000000000000000e+00,7.216662582145585425e-01,1.066190260660607514e+00
3.000000000000000000e+00,2.000000000000000000e+00,5.000000000000000000e+00,4.000000000000000000e+00,1.252532051193580287e+01,1.487278537616344920e+02,5.045428646835769655e+02,0.000000000000000000e+00,7.494854716358121394e-01,1.039218617613569373e+00
3.000000000000000000e+00,2.000000000000000000e+00,5.000000000000000000e+00,5.000000000000000000e+00,7.260603687390187133e+00,1.361565187899163618e+02,5.049341450393163768e+02,0.000000000000000000e+00,7.847657794633362549e-01,1.007371694864491074e+00
3.000000000000000000e+00,2.000000000000000000e+00,5.000000000000000000e+00,6.000000000000000000e+00,2.217497192415748941e+00,1.211353586153250461e+02,5.055492656176320452e+02,0.000000000000000000e+00,8.272889552583715389e-01,9.721553230522653744e-01
3.000000000000000000e+00,2.000000000000000000e+00,6.000000000000000000e+00,-8.000000000000000000e+00,6.071294813061436457e+01,2.507222709392533488e+01,5.175009987744685986e+02,0.000000000000000000e+00,1.100371333557019993e+00,8.027920160645108938e-01
3.000000000000000000e+00,2.000000000000000000e+00,6.000000000000000000e+00,-7.000000000000000000e+00,5.819982142014291071e+01,4.424507914835271549e+01,5.152555813930897557e+02,0.000000000000000000e+00,1.046349640943186943e+00,8.297306096053838065e-01
3.000000000000000000e+00,2.000000000000000000e+00,6.000000000000000000e+00,-6.000000000000000000e+00,5.534264637292773159e+01,6.086967440723896061e+01,5.134042963754134234e+02,0.000000000000000000e+00,9.990776851133400527e-01,8.554104903955137562e-01
3.000000000000000000e+00,2.000000000000000000e+00,6.000000000000000000e+00,-5.000000000000000000e+00,5.214122005302715479e+01,7.498664953218913354e+01,5.118912066202831284e+02,0.000000000000000000e+00,9.587573111582630148e-01,8.791084096861303543e-01
3.000000000000000000e+00,2.000000000000000000e+00,6.000000000000000000e+00,-4.000000000000000000e+00,4.860481479944553485e+01,8.659593707297904075e+01,5.106700162149470543e+02,0.000000000000000000e+00,9.255557471312346740e-01,9.000349651175900689e-01
3.000000000000000000e+00,2.000000000000000000e+00,6.000000000000000000e+00,-3.000000000000000000e+00,4.475387240582580262e+01,9.567112705125479977e+01,5.097029447282839101e+02,0.000000000000000000e+00,8.996165466591568016e-01,9.173861092481946367e-01
3.000000000000000000e+00,2.000000000000000000e+00,6.000000000000000000e+00,-2.000000000000000000e+00,4.062078747696682512e+01,1.021733773531123290e+02,5.089602615733809898e+02,0.000000000000000000e+00,8.810609344394662035e-01,9.304127822813621496e-01
3.000000000000000000e+00,2.000000000000000000e+00,6.000000000000000000e+00,-1.000000000000000000e+00,3.624934526717646577e+01,1.060643169095184248e+02,5.084202536568499227e+02,0.000000000000000000e+00,8.699830005132203059e-01,9.385002929769570290e-01
3.000000000000000000e+00,2.000000000000000000e+00,6.000000000000000000e+00,0.000000000000000000e+00,3.169259404681247361e+01,1.073167714511122455e+02,5.080693965626923045e+02,0.000000000000000000e+00,8.664425264803677917e-01,9.412433611677021306e-01
3.000000000000000000e+00,2.000000000000000000e+00,6.000000000000000000e+00,1.000000000000000000e+00,2.700929782473417617e+01,1.059219014139706871e+02,5.079025175911159522e+02,0.000000000000000000e+00,8.704590408493052545e-01,9.385002929769572511e-01
3.000000000000000000e+00,2.000000000000000000e+00,6.000000000000000000e+00,2.000000000000000000e+00,2.225951356690762850e+01,1.018916132739305169e+02,5.079227990949750620e+02,0.000000000000000000e+00,8.820097257877312913e-01,9.304127822813621496e-01
3.000000000000000000e+00,2.000000000000000000e+00,6.000000000000000000e+00,3.000000000000000000e+00,1.750009766695356461e+01,9.525583074701512487e+01,5.081415708818843200e+02,0.000000000000000000e+00,9.010321005566482855e-01,9.173861092481946367e-01
3.000000000000000000e+00,2.000000000000000000e+00,6.000000000000000000e+00,4.000000000000000000e+00,1.278094616931667815e+01,8.605511086353942574e+01,5.085779550819925134e+02,0.000000000000000000e+00,9.274304315420273115e-01,9.000349651175900689e-01
3.000000000000000000e+00,2.000000000000000000e+00,6.000000000000000000e+00,5.000000000000000000e+00,8.142517531938636921e+00,7.432978931830677993e+01,5.092585205576351655e+02,0.000000000000000000e+00,9.610831661072900545e-01,8.791084096861304653e-01
3.000000000000000000e+00,2.000000000000000000e+00,6.000000000000000000e+00,6.000000000000000000e+00,3.614803780698508717e+00,6.010707367859438932e+01,5.102171535642427216e+02,0.000000000000000000e+00,1.001847777209727841e+00,8.554104903955138672e-01
3.000000000000000000e+00,2.000000000000000000e+00,7.000000000000000000e+00,-4.000000000000000000e+00,4.289195758055802798e+01,1.562432473320873783e+01,5.174462402757291102e+02,0.000000000000000000e+00,1.127009939540125183e+00,7.907937539104267222e-01
3.000000000000000000e+00,2.000000000000000000e+00,7.000000000000000000e+00,-3.000000000000000000e+00,3.954541670303012779e+01,2.455277650922803900e+01,5.162042634345636998e+02,0.000000000000000000e+00,1.102134747361034561e+00,8.024852293723384600e-01
3.000000000000000000e+00,2.000000000000000000e+00,7.000000000000000000e+00,-2.000000000000000000e+00,3.598200012251407998e+01,3.090326246539555655e+01,5.152626282349187932e+02,0.000000000000000000e+00,1.084350879725262340e+00,8.111610890934648488e-01
3.000000000000000000e+00,2.000000000000000000e+00,7.000000000000000000e+00,-1.000000000000000000e+00,3.223114788687556143e+01,3.468679823519389060e+01,5.145989300436248186e+02,0.000000000000000000e+00,1.073740196393520696e+00,8.165036481619450948e-01
3.000000000000000000e+00,2.000000000000000000e+00,7.000000000000000000e+00,0.000000000000000000e+00,2.832702205752804048e+01,3.590739608081102574e+01,5.141993179661552631e+02,0.000000000000000000e+00,1.070350579716977224e+00,8.183080977839427561e-01
3.000000000000000000e+00,2.000000000000000000e+00,7.000000000000000000e+00,1.000000000000000000e+00,2.430677362023592991e+01,3.456652239966496154e+01,5.140582098495763148e+02,0.000000000000000000e+00,1.074197505194331992e+00,8.165036481619453168e-01
3.000000000000000000e+00,2.000000000000000000e+00,7.000000000000000000e+00,2.000000000000000000e+00,2.020847224043100709e+01,3.066457095881091277e+01,5.141781456720093502e+02,0.000000000000000000e+00,1.085264508904392855e+00,8.111610890934649598e-01
3.000000000000000000e+00,2.000000000000000000e+00,7.000000000000000000e+00,3.000000000000000000e+00,1.606898087433256705e+01,2.419925272233504643e+01,5.145697495323877320e+02,0.000000000000000000e+00,1.103502992492044532e+00,8.024852293723384600e-01
3.000000000000000000e+00,2.000000000000000000e+00,7.000000000000000000e+00,4.000000000000000000e+00,1.192206170644422514e+01,1.516102715628889541e+01,5.152518284602452923e+02,0.000000000000000000e+00,1.128830879110335195e+00,7.907937539104268332e-01
3.000000000000000000e+00,3.000000000000000000e+00,2.000000000000000000e+00,-3.000000000000000000e+00,6.868553475217140658e+01,3.265376796682671738e+02,5.755503624027249998e+02,0.000000000000000000e+00,3.023033411807121151e-01,1.508457484862359532e+00
3.000000000000000000e+00,3.000000000000000000e+00,2.000000000000000000e+00,-2.000000000000000000e+00,5.773622854158847417e+01,3.424458239299996194e+02,5.764315671979254603e+02,0.000000000000000000e+00,2.683699561459415017e-01,1.568571503429651903e+00
3.000000000000000000e+00,3.000000000000000000e+00,2.000000000000000000e+00,-1.000000000000000000e+00,4.475929068960024892e+01,3.529055827208472920e+02,5.770145675728849710e+02,0.000000000000000000e+00,2.465527668660579819e-01,1.608283362108933856e+00
3.000000000000000000e+00,3.000000000000000000e+00,2.000000000000000000e+00,0.000000000000000000e+00,3.085373325777226228e+01,3.563255758344133142e+02,5.770237515715043628e+02,0.000000000000000000e+00,2.395060837485224192e-01,1.622206320086717835e+00
3.000000000000000000e+00,3.000000000000000000e+00,2.000000000000000000e+00,1.000000000000000000e+00,1.760287384565356206e+01,3.520718951031435608e+02,5.763515174188120227e+02,0.000000000000000000e+00,2.482871196267968650e-01,1.608283362108934300e+00
3.000000000000000000e+00,3.000000000000000000e+00,2.000000000000000000e+00,2.000000000000000000e+00,6.161702734397238146e+00,3.409327214432267397e+02,5.751369358625951236e+02,0.000000000000000000e+00,2.715806791910263529e-01,1.568571503429652125e+00
3.000000000000000000e+00,3.000000000000000000e+00,3.000000000000000000e+00,-5.000000000000000000e+00,7.182950410517167938e+01,2.401151085768336202e+02,5.733349753073441661e+02,0.000000000000000000e+00,5.026404808510750444e-01,1.207856812127471313e+00
3.000000000000000000e+00,3.000000000000000000e+00,3.000000000000000000e+00,-4.000000000000000000e+00,6.604667739509778812e+01,2.576608950032963321e+02,5.731290059413020117e+02,0.000000000000000000e+00,4.598253557419606508e-01,1.263932178192650690e+00
3.000000000000000000e+00,3.000000000000000000e+00,3.000000000000000000e+00,-3.000000000000000000e+00,5.916039285511175194e+01,2.722895326900026589e+02,5.731029774170025348e+02,0.000000000000000000e+00,4.249479077224054269e-01,1.313389016646723473e+00
3.000000000000000000e+00,3.000000000000000000e+00,3.000000000000000000e+00,-2.000000000000000000e+00,5.122969158241323839e+01,2.833641223382078351e+02,5.731291774407807225e+02,0.000000000000000000e+00,3.990527484480755893e-01,1.352495582845116173e+00
3.000000000000000000e+00,3.000000000000000000e+00,3.000000000000000000e+00,-1.000000000000000000e+00,4.247793217148898748e+01,2.902366924141067557e+02,5.730854664310874114e+02,0.000000000000000000e+00,3.832085417349802570e-01,1.377705634345307573e+00
3.000000000000000000e+00,3.000000000000000000e+00,3.000000000000000000e+00,0.000000000000000000e+00,3.329365400893630067e+01,2.924136090464419908e+02,5.728818164555038948e+02,0.000000000000000000e+00,3.782322161575228936e-01,1.386427528416978916e+00
3.000000000000000000e+00,3.000000000000000000e+00,3.000000000000000000e+00,1.000000000000000000e+00,2.414852757462043087e+01,2.897232090791031851e+02,5.724876551785256424e+02,0.000000000000000000e+00,3.844082605002863140e-01,1.377705634345307351e+00
3.000000000000000000e+00,3.000000000000000000e+00,3.000000000000000000e+00,2.000000000000000000e+00,1.546335012994885005e+01,2.823826786447833683e+02,5.719424974749308603e+02,0.000000000000000000e+00,4.013767369205475388e-01,1.352495582845116173e+00
3.000000000000000000e+00,3.000000000000000000e+00,3.000000000000000000e+00,3.000000000000000000e+00,7.506503362301543802e+00,2.709150671458049828e+02,5.713416690840203955e+02,0.000000000000000000e+00,4.282725937236835367e-01,1.313389016646723917e+00
3.000000000000000000e+00,3.000000000000000000e+00,3.000000000000000000e+00,4.000000000000000000e+00,3.768639048899729005e-01,2.559767463681929485e+02,5.708076422872378544e+02,0.000000000000000000e+00,4.640148751399482685e-01,1.263932178192650913e+00
3.000000000000000000e+00,3.000000000000000000e+00,4.000000000000000000e+00,-7.000000000000000000e+00,7.056575788985293229e+01,1.521669689250328474e+02,5.773629929117539632e+02,0.000000000000000000e+00,7.312666467790915892e-01,9.804097093961565701e-01
3.000000000000000000e+00,3.000000000000000000e+00,4.000000000000000000e+00,-6.000000000000000000e+00,6.696760213746949830e+01,1.715743344480698056e+02,5.757789525384339413e+02,0.000000000000000000e+00,6.791492212571063058e-01,1.023578328183615715e+00
3.000000000000000000e+00,3.000000000000000000e+00,4.000000000000000000e+00,-5.000000000000000000e+00,6.272381388140780700e+01,1.886619461416814829e+02,5.746026406353390712e+02,0.000000000000000000e+00,6.339433573633570518e-01,1.064931035226127198e+00
3.000000000000000000e+00,3.000000000000000000e+00,4.000000000000000000e+00,-4.000000000000000000e+00,5.781425904729024978e+01,2.032098230702251271e+02,5.737469406161254710e+02,0.000000000000000000e+00,5.960461944167686488e-01,1.102768097972048222e+00
3.000000000000000000e+00,3.000000000000000000e+00,4.000000000000000000e+00,-3.000000000000000000e+00,5.225681673600254840e+01,2.149405326179484916e+02,5.731282652895841920e+02,0.000000000000000000e+00,5.659260995328164734e-01,1.135156927752549727e+00
3.000000000000000000e+00,3.000000000000000000e+00,4.000000000000000000e+00,-2.000000000000000000e+00,4.612082180578789803e+01,2.235537874574756074e+02,5.726699369408019038e+02,0.000000000000000000e+00,5.440788645148362246e-01,1.160121013770316178e+00
3.000000000000000000e+00,3.000000000000000000e+00,4.000000000000000000e+00,-1.000000000000000000e+00,3.953282821659291812e+01,2.287760030787658820e+02,5.723086335112365077e+02,0.000000000000000000e+00,5.309533100972173569e-01,1.175913922552770607e+00
3.000000000000000000e+00,3.000000000000000000e+00,4.000000000000000000e+00,0.000000000000000000e+00,3.266806454148778016e+01,2.304163328803577144e+02,5.720024067727133570e+02,0.000000000000000000e+00,5.268622256361999989e-01,1.181323307304337655e+00
3.000000000000000000e+00,3.000000000000000000e+00,4.000000000000000000e+00,1.000000000000000000e+00,2.572600590160564593e+01,2.284119230296700209e+02,5.717373491440300768e+02,0.000000000000000000e+00,5.319089008718843603e-01,1.175913922552770607e+00
3.000000000000000000e+00,3.000000000000000000e+00,4.000000000000000000e+00,2.000000000000000000e+00,1.889721117426964270e+01,2.228441014585700657e+02,5.715298503254591651e+02,0.000000000000000000e+00,5.459607617135819879e-01,1.160121013770315956e+00
3.000000000000000000e+00,3.000000000000000000e+00,4.000000000000000000e+00,3.000000000000000000e+00,1.233425445063292614e+01,2.139181754510839824e+02,5.714232586678742791e+02,0.000000000000000000e+00,5.686826760524092972e-01,1.135156927752549505e+00
3.000000000000000000e+00,3.000000000000000000e+00,4.000000000000000000e+00,4.000000000000000000e+00,6.136810043209464993e+00,2.019159465790729939e+02,5.714805303781785142e+02,0.000000000000000000e+00,5.996143335431335375e-01,1.102768097972048222e+00
3.000000000000000000e+00,3.000000000000000000e+00,4.000000000000000000e+00,5.000000000000000000e+00,3.523725789860634450e-01,1.871397414204446648e+02,5.717760490902451238e+02,0.000000000000000000e+00,6.382593024137148685e-01,1.064931035226127198e+00
3.000000000000000000e+00,3.000000000000000000e+00,5.000000000000000000e+00,-1.000000000000000000e+01,6.955162593541933802e+01,2.974740263343460356e+01,5.930302469486921382e+02,0.000000000000000000e+00,1.065896989726294652e+00,7.833098497928978610e-01
3.000000000000000000e+00,3.000000000000000000e+00,5.000000000000000000e+00,-9.000000000000000000e+00,6.755344435502422584e+01,5.507464796759720116e+01,5.888004239148210672e+02,0.000000000000000000e+00,9.974452748447879546e-01,8.153437997637241752e-01
3.000000000000000000e+00,3.000000000000000000e+00,5.000000000000000000e+00,-8.000000000000000000e+00,6.515495710340775304e+01,7.783210793511209147e+01,5.853470295138683923e+02,0.000000000000000000e+00,9.351372700013789174e-01,8.476066256816274791e-01
3.000000000000000000e+00,3.000000000000000000e+00,5.000000000000000000e+00,-7.000000000000000000e+00,6.232924768631454526e+01,9.812575767323386344e+01,5.825501212302707472e+02,0.000000000000000000e+00,8.792846292302388678e-01,8.794995781699921356e-01
3.000000000000000000e+00,3.000000000000000000e+00,5.000000000000000000e+00,-6.000000000000000000e+00,5.905581859504525255e+01,1.159818753323253588e+02,5.803077176813861797e+02,0.000000000000000000e+00,8.301533990793737994e-01,9.102615748025071341e-01
3.000000000000000000e+00,3.000000000000000000e+00,5.000000000000000000e+00,-5.000000000000000000e+00,5.532510945134487201e+01,1.313614955492555509e+02,5.785313947448495355e+02,0.000000000000000000e+00,7.879979064105676612e-01,9.389762637526227751e-01
3.000000000000000000e+00,3.000000000000000000e+00,5.000000000000000000e+00,-4.000000000000000000e+00,5.114358133985544441e+01,1.441758830446796082e+02,5.771438600981921354e+02,0.000000000000000000e+00,7.530765369506715601e-01,9.646059030804878809e-01
3.000000000000000000e+00,3.000000000000000000e+00,5.000000000000000000e+00,-3.000000000000000000e+00,4.653845106274656018e+01,1.543049367248874830e+02,5.760782991981438954e+02,0.000000000000000000e+00,7.256502856333790774e-01,9.860586713313447271e-01
3.000000000000000000e+00,3.000000000000000000e+00,5.000000000000000000e+00,-2.000000000000000000e+00,4.156064938777345219e+01,1.616190953572845501e+02,5.752792494856666963e+02,0.000000000000000000e+00,7.059662528491142952e-01,1.002289167001066517e+00
3.000000000000000000e+00,3.000000000000000000e+00,5.000000000000000000e+00,-1.000000000000000000e+00,3.628441055806990789e+01,1.660033347637843235e+02,5.747045551400555041e+02,0.000000000000000000e+00,6.942308244570668530e-01,1.012420800359156381e+00
3.000000000000000000e+00,3.000000000000000000e+00,5.000000000000000000e+00,0.000000000000000000e+00,3.080245438437975736e+01,1.673796746301759129e+02,5.743276790491286192e+02,0.000000000000000000e+00,6.905803036433341147e-01,1.015866907217493731e+00
3.000000000000000000e+00,3.000000000000000000e+00,5.000000000000000000e+00,1.000000000000000000e+00,2.521707077449485723e+01,1.657232976532749831e+02,5.741394895139520713e+02,0.000000000000000000e+00,6.950584412384046562e-01,1.012420800359156381e+00
3.000000000000000000e+00,3.000000000000000000e+00,5.000000000000000000e+00,2.000000000000000000e+00,1.962903170991546631e+01,1.610680066509196706e+02,5.741487849530280982e+02,0.000000000000000000e+00,7.076087692210047964e-01,1.002289167001066739e+00
3.000000000000000000e+00,3.000000000000000000e+00,5.000000000000000000e+00,3.000000000000000000e+00,1.412719898744430225e+01,1.534994512213694975e+02,5.743812991343944532e+02,0.000000000000000000e+00,7.280846077547644679e-01,9.860586713313447271e-01
3.000000000000000000e+00,3.000000000000000000e+00,5.000000000000000000e+00,4.000000000000000000e+00,8.781338409708268955e+00,1.431380955711996990e+02,5.748775374972227610e+02,0.000000000000000000e+00,7.562731815828815929e-01,9.646059030804878809e-01
3.000000000000000000e+00,3.000000000000000000e+00,5.000000000000000000e+00,5.000000000000000000e+00,3.639243868974716634e+00,1.301164032863496800e+02,5.756902267500853441e+02,0.000000000000000000e+00,7.919255912157985300e-01,9.389762637526227751e-01
3.000000000000000000e+00,3.000000000000000000e+00,6.000000000000000000e+00,-8.000000000000000000e+00,5.773741336431106674e+01,1.524610464852565883e+01,5.948707601054443330e+02,0.000000000000000000e+00,1.104732072215299787e+00,7.668667869368506196e-01
3.000000000000000000e+00,3.000000000000000000e+00,6.000000000000000000e+00,-7.000000000000000000e+00,5.514007446145845392e+01,3.523169127487170726e+01,5.912506708986120429e+02,0.000000000000000000e+00,1.051452625707355315e+00,7.902442160682969785e-01
3.000000000000000000e+00,3.000000000000000000e+00,6.000000000000000000e+00,-6.000000000000000000e+00,5.220086269416242430e+01,5.251737051854630067e+01,5.882927990237985796e+02,0.000000000000000000e+00,1.004680360035790754e+00,8.123333170058040231e-01
3.000000000000000000e+00,3.000000000000000000e+00,6.000000000000000000e+00,-5.000000000000000000e+00,4.892246401155489366e+01,6.716332031786872392e+01,5.859019002375060836e+02,0.000000000000000000e+00,9.646923323903314751e-01,8.325451425038716824e-01
3.000000000000000000e+00,3.000000000000000000e+00,6.000000000000000000e+00,-4.000000000000000000e+00,4.531736777449611964e+01,7.918317374851665136e+01,5.839998060922862351e+02,0.000000000000000000e+00,9.317150675029906015e-01,8.502537975002671944e-01
3.000000000000000000e+00,3.000000000000000000e+00,6.000000000000000000e+00,-3.000000000000000000e+00,4.140934976875831808e+01,8.855994243722754788e+01,5.825232047803124260e+02,0.000000000000000000e+00,9.059378507754275445e-01,8.648365265213324715e-01
3.000000000000000000e+00,3.000000000000000000e+00,6.000000000000000000e+00,-2.000000000000000000e+00,3.723394825615253012e+01,9.526112605142390066e+01,5.814226245465972625e+02,0.000000000000000000e+00,8.875157829582709379e-01,8.757244820456351331e-01
3.000000000000000000e+00,3.000000000000000000e+00,6.000000000000000000e+00,-1.000000000000000000e+00,3.283753579141347245e+01,9.925253012237701000e+01,5.806622133930264908e+02,0.000000000000000000e+00,8.765661150596494311e-01,8.824580142630913393e-01
3.000000000000000000e+00,3.000000000000000000e+00,6.000000000000000000e+00,0.000000000000000000e+00,2.827483778480490173e+01,1.005096356660136792e+02,5.802199176836804781e+02,0.000000000000000000e+00,8.731617884847446831e-01,8.847372789668687121e-01
3.000000000000000000e+00,3.000000000000000000e+00,6.000000000000000000e+00,1.000000000000000000e+00,2.360513098563873768e+01,9.902509221246403115e+01,5.800877006774956044e+02,0.000000000000000000e+00,8.773259287999225498e-01,8.824580142630916724e-01
3.000000000000000000e+00,3.000000000000000000e+00,6.000000000000000000e+00,2.000000000000000000e+00,1.888773791692975124e+01,9.481117930179512143e+01,5.802715468158729664e+02,0.000000000000000000e+00,8.890300161756966579e-01,8.757244820456351331e-01
3.000000000000000000e+00,3.000000000000000000e+00,6.000000000000000000e+00,3.000000000000000000e+00,1.417764710760425828e+01,8.789683180306309396e+01,5.807911670089324616e+02,0.000000000000000000e+00,9.081966664641971665e-01,8.648365265213324715e-01
3.000000000000000000e+00,3.000000000000000000e+00,6.000000000000000000e+00,4.000000000000000000e+00,9.522030103979659543e+00,7.831975075096733008e+01,5.816795122969550675e+02,0.000000000000000000e+00,9.347058843889820556e-01,8.502537975002671944e-01
3.000000000000000000e+00,3.000000000000000000e+00,6.000000000000000000e+00,5.000000000000000000e+00,4.958127440000566821e+00,6.611482932481834496e+01,5.829823609117212300e+02,0.000000000000000000e+00,9.684019342010129483e-01,8.325451425038716824e-01
3.000000000000000000e+00,3.000000000000000000e+00,6.000000000000000000e+00,6.000000000000000000e+00,5.125824533650700232e-01,5.130033554836487042e+01,5.847583303652675113e+02,0.000000000000000000e+00,1.009097054076359079e+00,8.123333170058040231e-01
3.000000000000000000e+00,3.000000000000000000e+00,7.000000000000000000e+00,-3.000000000000000000e+00,3.657592742254271911e+01,1.454529720706096896e+01,5.934443348978721815e+02,0.000000000000000000e+00,1.107144575379131579e+00,7.665993576601719539e-01
3.000000000000000000e+00,3.000000000000000000e+00,7.000000000000000000e+00,-2.000000000000000000e+00,3.298770033846011529e+01,2.114665785118864960e+01,5.920128240519464953e+02,0.000000000000000000e+00,1.089723521059922318e+00,7.741518316860261928e-01
3.000000000000000000e+00,3.000000000000000000e+00,7.000000000000000000e+00,-1.000000000000000000e+00,2.922267528229573941e+01,2.506326994329589297e+01,5.910494301594364970e+02,0.000000000000000000e+00,1.079373986038003386e+00,7.787918876832296000e-01
3.000000000000000000e+00,3.000000000000000000e+00,7.000000000000000000e+00,0.000000000000000000e+00,2.531580545753331535e+01,2.630373881064068087e+01,5.905312299235176852e+02,0.000000000000000000e+00,1.076160161262066373e+00,7.803572131170507520e-01
3.000000000000000000e+00,3.000000000000000000e+00,7.000000000000000000e+00,1.000000000000000000e+00,2.130447757862890512e+01,2.487140576811668780e+01,5.904494951802000742e+02,0.000000000000000000e+00,1.080102626989386083e+00,7.787918876832297110e-01
3.000000000000000000e+00,3.000000000000000000e+00,7.000000000000000000e+00,2.000000000000000000e+00,1.722641378641628762e+01,2.076591909849094009e+01,5.908094443309333883e+02,0.000000000000000000e+00,1.091179094400428928e+00,7.741518316860261928e-01
3.000000000000000000e+00,3.000000000000000000e+00,7.000000000000000000e+00,3.000000000000000000e+00,1.311758582463636458e+01,1.398144555317364279e+01,5.916302404310189331e+02,0.000000000000000000e+00,1.109324095583449132e+00,7.665993576601720649e-01
3.000000000000000000e+00,4.000000000000000000e+00,2.000000000000000000e+00,-4.000000000000000000e+00,6.684100426515027493e+01,3.119121505254522617e+02,6.566154959227803829e+02,0.000000000000000000e+00,3.310316076331775159e-01,1.200359332483796004e+00
3.000000000000000000e+00,4.000000000000000000e+00,2.000000000000000000e+00,-3.000000000000000000e+00,5.673571229333873589e+01,3.336958849411652182e+02,6.582721602565256944e+02,0.000000000000000000e+00,2.843838933336145236e-01,1.242477119971894917e+00
3.000000000000000000e+00,4.000000000000000000e+00,2.000000000000000000e+00,-2.000000000000000000e+00,4.426021894226332165e+01,3.516308418684484991e+02,6.599647788321141206e+02,0.000000000000000000e+00,2.471601705551695893e-01,1.275429173815151307e+00
3.000000000000000000e+00,4.000000000000000000e+00,2.000000000000000000e+00,-1.000000000000000000e+00,3.005765702519420302e+01,3.636108170718303541e+02,6.611675980280735985e+02,0.000000000000000000e+00,2.228902755222378906e-01,1.296505021736512830e+00
3.000000000000000000e+00,4.000000000000000000e+00,2.000000000000000000e+00,0.000000000000000000e+00,1.573354683500059537e+01,3.674338778125068075e+02,6.613370707443646097e+02,0.000000000000000000e+00,2.152508213831838269e-01,1.303765941166156184e+00
3.000000000000000000e+00,4.000000000000000000e+00,2.000000000000000000e+00,1.000000000000000000e+00,3.099432038721317895e+00,3.622126313156154538e+02,6.602572235477888398e+02,0.000000000000000000e+00,2.257211324435444699e-01,1.296505021736512830e+00
3.000000000000000000e+00,4.000000000000000000e+00,3.000000000000000000e+00,-6.000000000000000000e+00,6.965313723240637955e+01,2.187875109883846108e+02,6.549358179505475164e+02,0.000000000000000000e+00,5.475176397715102450e-01,1.017222387008035689e+00
3.000000000000000000e+00,4.000000000000000000e+00,3.000000000000000000e+00,-5.000000000000000000e+00,6.435090001405501425e+01,2.399228489361005927e+02,6.542475254952399837e+02,0.000000000000000000e+00,4.961424154521361651e-01,1.057778690001951016e+00
3.000000000000000000e+00,4.000000000000000000e+00,3.000000000000000000e+00,-4.000000000000000000e+00,5.797099688556377828e+01,2.585852177298369270e+02,6.540354660223242718e+02,0.000000000000000000e+00,4.518170543332761802e-01,1.094831744208387025e+00
3.000000000000000000e+00,4.000000000000000000e+00,3.000000000000000000e+00,-3.000000000000000000e+00,5.050072038725681978e+01,2.742008256751092858e+02,6.541138750282168530e+02,0.000000000000000000e+00,4.155331168118929219e-01,1.126506103474143483e+00
3.000000000000000000e+00,4.000000000000000000e+00,3.000000000000000000e+00,-2.000000000000000000e+00,4.206634231952116920e+01,2.860512484249641147e+02,6.542774467471067510e+02,0.000000000000000000e+00,3.885109479744555672e-01,1.150891484959664091e+00
3.000000000000000000e+00,4.000000000000000000e+00,3.000000000000000000e+00,-1.000000000000000000e+00,3.297535518699231716e+01,2.933878382388992918e+02,6.543255630659864437e+02,0.000000000000000000e+00,3.720141673326708975e-01,1.166305444849937256e+00
3.000000000000000000e+00,4.000000000000000000e+00,3.000000000000000000e+00,0.000000000000000000e+00,2.368933192616239580e+01,2.956333246466563764e+02,6.541084377991271595e+02,0.000000000000000000e+00,3.670147633982095425e-01,1.171582715165016442e+00
3.000000000000000000e+00,4.000000000000000000e+00,3.000000000000000000e+00,1.000000000000000000e+00,1.470538645649736509e+01,2.925934963113329559e+02,6.535765268927979150e+02,0.000000000000000000e+00,3.738399559100125114e-01,1.166305444849937256e+00
3.000000000000000000e+00,4.000000000000000000e+00,3.000000000000000000e+00,2.000000000000000000e+00,6.407091057559796354e+00,2.845397092433376542e+02,6.527994044912878735e+02,0.000000000000000000e+00,3.920345932179733484e-01,1.150891484959664313e+00
3.000000000000000000e+00,4.000000000000000000e+00,4.000000000000000000e+00,-9.000000000000000000e+00,7.100208552510594018e+01,9.903419731960731553e+01,6.676821577577543394e+02,0.000000000000000000e+00,8.539465373161662098e-01,8.275735894045900265e-01
3.000000000000000000e+00,4.000000000000000000e+00,4.000000000000000000e+00,-8.000000000000000000e+00,6.827965907900784259e+01,1.240867955823210025e+02,6.635652508263173104e+02,0.000000000000000000e+00,7.888401336939389052e-01,8.613715276165858636e-01
3.000000000000000000e+00,4.000000000000000000e+00,4.000000000000000000e+00,-7.000000000000000000e+00,6.498896400583095101e+01,1.468607378610250578e+02,6.603865039148588494e+02,0.000000000000000000e+00,7.297666574859007493e-01,8.949064134435659179e-01
3.000000000000000000e+00,4.000000000000000000e+00,4.000000000000000000e+00,-6.000000000000000000e+00,6.108097153260519008e+01,1.673194363785636938e+02,6.579923297261650532e+02,0.000000000000000000e+00,6.770850775011207912e-01,9.273744547201293598e-01
3.000000000000000000e+00,4.000000000000000000e+00,4.000000000000000000e+00,-5.000000000000000000e+00,5.652222617936968163e+01,1.853262187778711052e+02,6.562399200257611938e+02,0.000000000000000000e+00,6.312095158639319248e-01,9.577945028864699450e-01
3.000000000000000000e+00,4.000000000000000000e+00,4.000000000000000000e+00,-4.000000000000000000e+00,5.130801377640608507e+01,2.006548692899827984e+02,6.549925417679658040e+02,0.000000000000000000e+00,5.926310280678430686e-01,9.850417624850430487e-01
3.000000000000000000e+00,4.000000000000000000e+00,4.000000000000000000e+00,-3.000000000000000000e+00,4.547719456754356315e+01,2.130109678564793114e+02,6.541191488509150531e+02,0.000000000000000000e+00,5.619090091528878839e-01,1.007920025980871825e+00
3.000000000000000000e+00,4.000000000000000000e+00,4.000000000000000000e+00,-2.000000000000000000e+00,3.912396373820251938e+01,2.220700904070910724e+02,6.534992897134409304e+02,0.000000000000000000e+00,5.396251413442078038e-01,1.025273459969366918e+00
3.000000000000000000e+00,4.000000000000000000e+00,4.000000000000000000e+00,-1.000000000000000000e+00,3.239936230266943085e+01,2.275338098514101262e+02,6.530332721230747666e+02,0.000000000000000000e+00,5.263007793033754877e-01,1.036125868726030186e+00
3.000000000000000000e+00,4.000000000000000000e+00,4.000000000000000000e+00,0.000000000000000000e+00,2.549653090908665831e+01,2.291940220555323435e+02,6.526551895819334277e+02,0.000000000000000000e+00,5.222956621285113066e-01,1.039820646312734187e+00
3.000000000000000000e+00,4.000000000000000000e+00,4.000000000000000000e+00,1.000000000000000000e+00,1.862061633954422746e+01,2.269851276769693982e+02,6.523438641391537658e+02,0.000000000000000000e+00,5.277237904259544088e-01,1.036125868726030186e+00
3.000000000000000000e+00,4.000000000000000000e+00,4.000000000000000000e+00,2.000000000000000000e+00,1.195361329021073971e+01,2.210020401808691304e+02,6.521264453003689141e+02,0.000000000000000000e+00,5.424243499510829070e-01,1.025273459969367140e+00
3.000000000000000000e+00,4.000000000000000000e+00,4.000000000000000000e+00,3.000000000000000000e+00,5.628222212166832605e+00,2.114754923969997833e+02,6.520726852932086786e+02,0.000000000000000000e+00,5.660022857691532350e-01,1.007920025980872047e+00
3.000000000000000000e+00,4.000000000000000000e+00,5.000000000000000000e+00,-1.000000000000000000e+01,6.517073913080992043e+01,1.696929922279025504e+01,6.848494202142860559e+02,0.000000000000000000e+00,1.062369390665482527e+00,7.375920499034925859e-01
3.000000000000000000e+00,4.000000000000000000e+00,5.000000000000000000e+00,-9.000000000000000000e+00,6.300073003671087690e+01,4.398617224200839360e+01,6.782457182897014718e+02,0.000000000000000000e+00,9.953443811395149554e-01,7.641510288454197442e-01
3.000000000000000000e+00,4.000000000000000000e+00,5.000000000000000000e+00,-8.000000000000000000e+00,6.042073944017221265e+01,6.816791772354029888e+01,6.728869429133387712e+02,0.000000000000000000e+00,9.338984056298882397e-01,7.905176943115147514e-01
3.000000000000000000e+00,4.000000000000000000e+00,5.000000000000000000e+00,-7.000000000000000000e+00,5.740741691957376247e+01,8.966582891630203278e+01,6.685741670646154944e+02,0.000000000000000000e+00,8.784966988738056592e-01,8.161997888677687829e-01
3.000000000000000000e+00,4.000000000000000000e+00,5.000000000000000000e+00,-6.000000000000000000e+00,5.394538879156911548e+01,1.085360755622670581e+02,6.651408535972943810e+02,0.000000000000000000e+00,8.295325062105203262e-01,8.406066970907721814e-01
3.000000000000000000e+00,4.000000000000000000e+00,5.000000000000000000e+00,-5.000000000000000000e+00,5.003197867567925528e+01,1.247576278149361002e+02,6.624445213073818195e+02,0.000000000000000000e+00,7.873662557811886842e-01,8.630631221950809673e-01
3.000000000000000000e+00,4.000000000000000000e+00,5.000000000000000000e+00,-4.000000000000000000e+00,4.568224197154248145e+01,1.382504235090907798e+02,6.603619552125303471e+02,0.000000000000000000e+00,7.523453750172768295e-01,8.828388841643181051e-01
3.000000000000000000e+00,4.000000000000000000e+00,5.000000000000000000e+00,-3.000000000000000000e+00,4.093323041710797838e+01,1.488962682796585000e+02,6.587874947240879919e+02,0.000000000000000000e+00,7.248051103803758721e-01,8.991963601749132229e-01
3.000000000000000000e+00,4.000000000000000000e+00,5.000000000000000000e+00,-2.000000000000000000e+00,3.584594694024505657e+01,1.565633792787974130e+02,6.576339449106990287e+02,0.000000000000000000e+00,7.050523367780660022e-01,9.114531272168121534e-01
3.000000000000000000e+00,4.000000000000000000e+00,5.000000000000000000e+00,-1.000000000000000000e+00,3.050345526897336867e+01,1.611331776716133959e+02,6.568353624240852469e+02,0.000000000000000000e+00,6.933373910329048151e-01,9.190522220460011216e-01
3.000000000000000000e+00,4.000000000000000000e+00,5.000000000000000000e+00,0.000000000000000000e+00,2.500442220936722038e+01,1.625253851407108812e+02,6.563505322890216576e+02,0.000000000000000000e+00,6.898225653997803741e-01,9.216278063604367299e-01
3.000000000000000000e+00,4.000000000000000000e+00,5.000000000000000000e+00,1.000000000000000000e+00,1.945292701935923674e+01,1.607159036682201645e+02,6.561656925009090173e+02,0.000000000000000000e+00,6.945579433015665050e-01,9.190522220460012326e-01
3.000000000000000000e+00,4.000000000000000000e+00,5.000000000000000000e+00,2.000000000000000000e+00,1.394695928980956978e+01,1.557426463795952714e+02,6.562953045688012708e+02,0.000000000000000000e+00,7.074735320492190338e-01,9.114531272168120424e-01
3.000000000000000000e+00,4.000000000000000000e+00,5.000000000000000000e+00,3.000000000000000000e+00,8.568649697675851939e+00,1.476976159089369389e+02,6.567804629962424769e+02,0.000000000000000000e+00,7.283908254102854363e-01,8.991963601749134449e-01
3.000000000000000000e+00,4.000000000000000000e+00,5.000000000000000000e+00,4.000000000000000000e+00,3.378485459114187961e+00,1.367075948239800312e+02,6.576855382279723017e+02,0.000000000000000000e+00,7.570495298729414957e-01,8.828388841643181051e-01
3.000000000000000000e+00,4.000000000000000000e+00,6.000000000000000000e+00,-7.000000000000000000e+00,5.072455394761925618e+01,2.272266502818106915e+01,6.823676433135999559e+02,0.000000000000000000e+00,1.048739563848479994e+00,7.433730082198514166e-01
3.000000000000000000e+00,4.000000000000000000e+00,6.000000000000000000e+00,-6.000000000000000000e+00,4.766800305851009512e+01,4.113844801181593880e+01,6.777841589391291564e+02,0.000000000000000000e+00,1.002977223278982644e+00,7.616710741177065147e-01
3.000000000000000000e+00,4.000000000000000000e+00,6.000000000000000000e+00,-5.000000000000000000e+00,4.427937492370975292e+01,5.669500278506171753e+01,6.741066048529785348e+02,0.000000000000000000e+00,9.636849875920058262e-01,7.782568453385507734e-01
3.000000000000000000e+00,4.000000000000000000e+00,6.000000000000000000e+00,-4.000000000000000000e+00,4.057584688335134615e+01,6.942850717881351841e+01,6.712071348899651184e+02,0.000000000000000000e+00,9.311854590652075547e-01,7.926638878214848916e-01
3.000000000000000000e+00,4.000000000000000000e+00,6.000000000000000000e+00,-3.000000000000000000e+00,3.658604912054852321e+01,7.933664322985043782e+01,6.689832796564126056e+02,0.000000000000000000e+00,9.057437678591629959e-01,8.044397492245990433e-01
3.000000000000000000e+00,4.000000000000000000e+00,6.000000000000000000e+00,-2.000000000000000000e+00,3.235008961929671045e+01,8.639607681073134415e+01,6.673556735702527476e+02,0.000000000000000000e+00,8.875724630859850306e-01,8.131798495756084044e-01
3.000000000000000000e+00,4.000000000000000000e+00,6.000000000000000000e+00,-1.000000000000000000e+00,2.791808885604982038e+01,9.057815176857438644e+01,6.662672545637524308e+02,0.000000000000000000e+00,8.768288925790541644e-01,8.185626621609055631e-01
3.000000000000000000e+00,4.000000000000000000e+00,6.000000000000000000e+00,0.000000000000000000e+00,2.334718085343706662e+01,9.186164644481063135e+01,6.656832525352583616e+02,0.000000000000000000e+00,8.736092378785580426e-01,8.203808277805068050e-01
3.000000000000000000e+00,4.000000000000000000e+00,6.000000000000000000e+00,1.000000000000000000e+00,1.869734330694541313e+01,9.024108873390075303e+01,6.655913669460646815e+02,0.000000000000000000e+00,8.779432580191016688e-01,8.185626621609054521e-01
3.000000000000000000e+00,4.000000000000000000e+00,6.000000000000000000e+00,2.000000000000000000e+00,1.402677829276510124e+01,8.572940124293761244e+01,6.660017163545699077e+02,0.000000000000000000e+00,8.897926958386439544e-01,8.131798495756085154e-01
3.000000000000000000e+00,4.000000000000000000e+00,6.000000000000000000e+00,3.000000000000000000e+00,9.387708260777912983e+00,7.835446511252608559e+01,6.669464241727641820e+02,0.000000000000000000e+00,9.090543269010745719e-01,8.044397492245990433e-01
3.000000000000000000e+00,4.000000000000000000e+00,6.000000000000000000e+00,4.000000000000000000e+00,4.823305945907293335e+00,6.815019987620556208e+01,6.684790200033651217e+02,0.000000000000000000e+00,9.355663474351681996e-01,7.926638878214850026e-01
3.000000000000000000e+00,4.000000000000000000e+00,6.000000000000000000e+00,5.000000000000000000e+00,3.661152875894231329e-01,5.514350540994368544e+01,6.706740946050945240e+02,0.000000000000000000e+00,9.691149417523917675e-01,7.782568453385508844e-01
3.000000000000000000e+00,4.000000000000000000e+00,7.000000000000000000e+00,-1.000000000000000000e+00,2.488509855222656597e+01,1.161092715197659686e+01,6.827759185589098934e+02,0.000000000000000000e+00,1.077077069892256933e+00,7.338161911812702831e-01
3.000000000000000000e+00,4.000000000000000000e+00,7.000000000000000000e+00,0.000000000000000000e+00,2.097441078415357651e+01,1.289957109179661643e+01,6.820741712043911775e+02,0.000000000000000000e+00,1.074115565726819987e+00,7.351252384260691386e-01
3.000000000000000000e+00,4.000000000000000000e+00,7.000000000000000000e+00,1.000000000000000000e+00,1.697583275196626573e+01,1.132746468804921847e+01,6.820696293718920060e+02,0.000000000000000000e+00,1.078141219677991813e+00,7.338161911812702831e-01
3.000000000000000000e+00,5.000000000000000000e+00,2.000000000000000000e+00,-6.000000000000000000e+00,6.894614531596658935e+01,2.726301032707675631e+02,7.587339972988945647e+02,0.000000000000000000e+00,4.083599688735154443e-01,9.560739417958750153e-01
3.000000000000000000e+00,5.000000000000000000e+00,2.000000000000000000e+00,-5.000000000000000000e+00,6.126367163601776156e+01,3.030096936463185102e+02,7.604658707715072978e+02,0.000000000000000000e+00,3.424022728297950180e-01,9.895110971109729592e-01
3.000000000000000000e+00,5.000000000000000000e+00,2.000000000000000000e+00,-4.000000000000000000e+00,5.115387411963928344e+01,3.328272769064672048e+02,7.635687665391923247e+02,0.000000000000000000e+00,2.801192925033039738e-01,1.019643209006567686e+00
3.000000000000000000e+00,5.000000000000000000e+00,3.000000000000000000e+00,-8.000000000000000000e+00,6.923229503976193655e+01,1.700719553627431253e+02,7.633095345646324859e+02,0.000000000000000000e+00,6.456752654446996642e-01,8.394004910999500746e-01
3.000000000000000000e+00,5.000000000000000000e+00,3.000000000000000000e+00,-7.000000000000000000e+00,6.509944203576236532e+01,1.977114817714340234e+02,7.602056636502036326e+02,0.000000000000000000e+00,5.801276104060271166e-01,8.703419955489254400e-01
3.000000000000000000e+00,5.000000000000000000e+00,3.000000000000000000e+00,-6.000000000000000000e+00,6.000431891163003684e+01,2.235089360434877790e+02,7.583869671977092821e+02,0.000000000000000000e+00,5.198143624449444999e-01,9.001203180300276774e-01
3.000000000000000000e+00,5.000000000000000000e+00,3.000000000000000000e+00,-5.000000000000000000e+00,5.382922429452929691e+01,2.472546808315918838e+02,7.576293170543407314e+02,0.000000000000000000e+00,4.653393787428685147e-01,9.278565425500441277e-01
3.000000000000000000e+00,5.000000000000000000e+00,3.000000000000000000e+00,-4.000000000000000000e+00,4.650856839554020894e+01,2.685135213169447752e+02,7.576764479300650237e+02,0.000000000000000000e+00,4.176019130211818808e-01,9.525623439844895790e-01
3.000000000000000000e+00,5.000000000000000000e+00,3.000000000000000000e+00,-3.000000000000000000e+00,3.809257234919095936e+01,2.865825690075193961e+02,7.582167469983903629e+02,0.000000000000000000e+00,3.778932270771244717e-01,9.732043462761459374e-01
3.000000000000000000e+00,5.000000000000000000e+00,3.000000000000000000e+00,-2.000000000000000000e+00,2.882136861972671227e+01,3.004973073299073576e+02,7.588774897084933855e+02,0.000000000000000000e+00,3.479013658238631623e-01,9.887983084738503070e-01
3.000000000000000000e+00,5.000000000000000000e+00,3.000000000000000000e+00,-1.000000000000000000e+00,1.915819605303775575e+01,3.091686565214151869e+02,7.592640870261983537e+02,0.000000000000000000e+00,3.294907649704187369e-01,9.985223515211724132e-01
3.000000000000000000e+00,5.000000000000000000e+00,3.000000000000000000e+00,0.000000000000000000e+00,9.707696588760256873e+00,3.117087129066485431e+02,7.590641316932088785e+02,0.000000000000000000e+00,3.241663083261093203e-01,1.001828013242292315e+00
3.000000000000000000e+00,5.000000000000000000e+00,3.000000000000000000e+00,1.000000000000000000e+00,1.015728360821498200e+00,3.078257656644987605e+02,7.581764203201246346e+02,0.000000000000000000e+00,3.324226481403770861e-01,9.985223515211724132e-01
3.000000000000000000e+00,5.000000000000000000e+00,4.000000000000000000e+00,-6.000000000000000000e+00,5.296944598942042148e+01,1.663893541229952291e+02,7.628664538505931887e+02,0.000000000000000000e+00,6.547131416912930213e-01,8.360748382938896217e-01
3.000000000000000000e+00,5.000000000000000000e+00,4.000000000000000000e+00,-5.000000000000000000e+00,4.795152283776903346e+01,1.861700178242263348e+02,7.602753646914112551e+02,0.000000000000000000e+00,6.076657945123903337e-01,8.581604172900832994e-01
3.000000000000000000e+00,5.000000000000000000e+00,4.000000000000000000e+00,-4.000000000000000000e+00,4.228881724300876499e+01,2.030629689741515733e+02,7.584892938839759609e+02,0.000000000000000000e+00,5.678014319214829131e-01,8.775934520544879103e-01
3.000000000000000000e+00,5.000000000000000000e+00,4.000000000000000000e+00,-3.000000000000000000e+00,3.605216353879325197e+01,2.167211106197966615e+02,7.572916271943640822e+02,0.000000000000000000e+00,5.358665845426965335e-01,8.936557692172768519e-01
3.000000000000000000e+00,5.000000000000000000e+00,4.000000000000000000e+00,-2.000000000000000000e+00,2.937478930202152583e+01,2.267470218434738456e+02,7.564797071504410724e+02,0.000000000000000000e+00,5.126361646608219580e-01,9.056843262460453348e-01
3.000000000000000000e+00,5.000000000000000000e+00,4.000000000000000000e+00,-1.000000000000000000e+00,2.244699924687597559e+01,2.327657173230602154e+02,7.558829023507298643e+02,0.000000000000000000e+00,4.988071912057863710e-01,9.131388634016515127e-01
3.000000000000000000e+00,5.000000000000000000e+00,4.000000000000000000e+00,0.000000000000000000e+00,1.549085228384805646e+01,2.345132877503005489e+02,7.553875590266454765e+02,0.000000000000000000e+00,4.948601047810449738e-01,9.156649151633742267e-01
3.000000000000000000e+00,5.000000000000000000e+00,4.000000000000000000e+00,1.000000000000000000e+00,8.720173847728034389e+00,2.319109875684578128e+02,7.549586814210625789e+02,0.000000000000000000e+00,5.009401525439907132e-01,9.131388634016515127e-01
3.000000000000000000e+00,5.000000000000000000e+00,4.000000000000000000e+00,2.000000000000000000e+00,2.302069587830374076e+00,2.250898153979517531e+02,7.546468029005346807e+02,0.000000000000000000e+00,5.168180435420048902e-01,9.056843262460453348e-01
3.000000000000000000e+00,5.000000000000000000e+00,5.000000000000000000e+00,-3.000000000000000000e+00,3.324339487296293782e+01,1.458919024539317775e+02,7.643339367935604969e+02,0.000000000000000000e+00,7.042441743133481813e-01,8.152506201572714550e-01
3.000000000000000000e+00,5.000000000000000000e+00,5.000000000000000000e+00,-2.000000000000000000e+00,2.800078897977834913e+01,1.542257698387279561e+02,7.626274848516252405e+02,0.000000000000000000e+00,6.843788533946633112e-01,8.243518802998579531e-01
3.000000000000000000e+00,5.000000000000000000e+00,5.000000000000000000e+00,-1.000000000000000000e+00,2.256502263153078047e+01,1.591598484020427975e+02,7.614745688122502543e+02,0.000000000000000000e+00,6.726738655723815130e-01,8.299611576965094661e-01
3.000000000000000000e+00,5.000000000000000000e+00,5.000000000000000000e+00,0.000000000000000000e+00,1.704359513161060136e+01,1.606030608242499227e+02,7.608079259830574301e+02,0.000000000000000000e+00,6.693445236745102500e-01,8.318565170501872608e-01
3.000000000000000000e+00,5.000000000000000000e+00,5.000000000000000000e+00,1.000000000000000000e+00,1.154308265496902663e+01,1.585302456070002108e+02,7.606058435934460249e+02,0.000000000000000000e+00,6.744544841325244011e-01,8.299611576965096882e-01
3.000000000000000000e+00,5.000000000000000000e+00,5.000000000000000000e+00,2.000000000000000000e+00,6.157026766094787718e+00,1.529891903661460901e+02,7.608933758920256878e+02,0.000000000000000000e+00,6.879065427724985193e-01,8.243518802998580641e-01
3.000000000000000000e+00,5.000000000000000000e+00,5.000000000000000000e+00,3.000000000000000000e+00,9.572112759230719803e-01,1.440898916416133488e+02,7.617394187545910427e+02,0.000000000000000000e+00,7.094582737873965650e-01,8.152506201572715661e-01
3.000000000000000000e+00,-4.000000000000000000e+00,1.000000000000000000e+00,-1.000000000000000000e+00,9.090136014731768910e+00,4.548883373512023809e+02,1.054628261527254836e+02,1.000000000000000000e+00,4.291952722192906439e-02,1.399227920662430735e+00
3.000000000000000000e+00,-3.000000000000000000e+00,1.000000000000000000e+00,0.000000000000000000e+00,1.807319088427402676e+01,4.258458221823472059e+02,1.840919168466284930e+02,1.000000000000000000e+00,1.002058145628013652e-01,1.838469701643683729e+00
3.000000000000000000e+00,3.000000000000000000e+00,1.000000000000000000e+00,0.000000000000000000e+00,1.495351395283373108e+01,4.265536270815656508e+02,5.778614114496838283e+02,1.000000000000000000e+00,9.956554532591448126e-02,1.838469701643683507e+00
3.000000000000000000e+00,-5.000000000000000000e+00,-2.000000000000000000e+00,-4.000000000000000000e+00,5.703937947363223770e+01,6.188139815358680380e+02,1.076696133103422426e+01,1.000000000000000000e+00,2.933856473585070845e-01,1.019643209006567908e+00
3.000000000000000000e+00,-5.000000000000000000e+00,-2.000000000000000000e+00,-3.000000000000000000e+00,6.958460136525636131e+01,5.911667679898519054e+02,1.189456035957715585e+01,1.000000000000000000e+00,2.346500582303625848e-01,1.045081943134225533e+00
3.000000000000000000e+00,-5.000000000000000000e+00,-1.000000000000000000e+00,-6.000000000000000000e+00,2.743141882917660723e+01,6.437640198960614271e+02,9.290812019288637202e+00,1.000000000000000000e+00,3.468835250090733791e-01,9.951080693195578641e-01
3.000000000000000000e+00,-5.000000000000000000e+00,-1.000000000000000000e+00,-5.000000000000000000e+00,3.567354296880972697e+01,6.061499585031646120e+02,1.218241291409469795e+01,1.000000000000000000e+00,2.664585189725910408e-01,1.032977722129807319e+00
3.000000000000000000e+00,-5.000000000000000000e+00,-1.000000000000000000e+00,-4.000000000000000000e+00,4.906588560934611110e+01,5.647729576199823214e+02,1.279532248574412279e+01,1.000000000000000000e+00,1.792673610923427308e-01,1.067400363205363245e+00
3.000000000000000000e+00,-5.000000000000000000e+00,0.000000000000000000e+00,-6.000000000000000000e+00,1.015694941370804827e+01,6.305984456805255149e+02,1.079157053805965916e+01,1.000000000000000000e+00,3.186625326727043350e-01,1.009221808760968786e+00
3.000000000000000000e+00,-5.000000000000000000e+00,0.000000000000000000e+00,-5.000000000000000000e+00,1.667743057250015681e+01,5.891039307258192821e+02,1.303168892964578163e+01,1.000000000000000000e+00,2.303572999152173895e-01,1.048791110986528219e+00
3.000000000000000000e+00,-5.000000000000000000e+00,0.000000000000000000e+00,-4.000000000000000000e+00,3.060802038460022345e+01,5.371118320558995265e+02,1.204126076902662135e+01,1.000000000000000000e+00,1.220191441510887209e-01,1.084875232929678912e+00
3.000000000000000000e+00,-5.000000000000000000e+00,1.000000000000000000e+00,-3.000000000000000000e+00,9.597379094404487887e+00,5.040832787081184279e+02,9.052517842764018496e+00,1.000000000000000000e+00,5.494562447175908859e-02,1.096689555803326721e+00
3.000000000000000000e+00,-4.000000000000000000e+00,-4.000000000000000000e+00,-5.000000000000000000e+00,5.329009053864282919e+01,7.699932330755337944e+02,9.147651113073618490e+01,1.000000000000000000e+00,6.375916137112194182e-01,9.577945028864699450e-01
3.000000000000000000e+00,-4.000000000000000000e+00,-4.000000000000000000e+00,-4.000000000000000000e+00,5.845706720333240014e+01,7.522136739879700826e+02,9.482593684156347535e+01,1.000000000000000000e+00,5.979186722876497218e-01,9.850417624850429377e-01
3.000000000000000000e+00,-4.000000000000000000e+00,-4.000000000000000000e+00,-3.000000000000000000e+00,6.425569103973356277e+01,7.379782702824048783e+02,9.722337711284882289e+01,1.000000000000000000e+00,5.660022857691533460e-01,1.007920025980871825e+00
3.000000000000000000e+00,-4.000000000000000000e+00,-4.000000000000000000e+00,-2.000000000000000000e+00,7.059972931557121001e+01,7.274903656303703201e+02,9.877043235449377789e+01,1.000000000000000000e+00,5.424243499510830180e-01,1.025273459969367140e+00
3.000000000000000000e+00,-4.000000000000000000e+00,-3.000000000000000000e+00,-8.000000000000000000e+00,3.250473989771904826e+01,7.884756375152816190e+02,8.849649209713999198e+01,1.000000000000000000e+00,6.786824369180457506e-01,9.319191519494186560e-01
3.000000000000000000e+00,-4.000000000000000000e+00,-3.000000000000000000e+00,-7.000000000000000000e+00,3.586778206050479412e+01,7.594965053636359471e+02,9.450561284965414188e+01,1.000000000000000000e+00,6.143515066611555664e-01,9.748202101064706859e-01
3.000000000000000000e+00,-4.000000000000000000e+00,-3.000000000000000000e+00,-6.000000000000000000e+00,4.008251607036288533e+01,7.333700956118916565e+02,9.922537258326417486e+01,1.000000000000000000e+00,5.558128009300382644e-01,1.017222387008035689e+00
3.000000000000000000e+00,-4.000000000000000000e+00,-3.000000000000000000e+00,-5.000000000000000000e+00,4.527437549905451419e+01,7.101157076735125884e+02,1.028281142726755206e+02,1.000000000000000000e+00,5.035063733351973214e-01,1.057778690001951016e+00
3.000000000000000000e+00,-4.000000000000000000e+00,-3.000000000000000000e+00,-4.000000000000000000e+00,5.154349062335481335e+01,6.899335475764526109e+02,1.054618128529830301e+02,1.000000000000000000e+00,4.581032020025366802e-01,1.094831744208387247e+00
3.000000000000000000e+00,-4.000000000000000000e+00,-3.000000000000000000e+00,-3.000000000000000000e+00,5.891932344324717974e+01,6.732054092529806439e+02,1.072592098574825741e+02,1.000000000000000000e+00,4.205486150626343012e-01,1.126506103474143705e+00
3.000000000000000000e+00,-4.000000000000000000e+00,-3.000000000000000000e+00,-2.000000000000000000e+00,6.729994876709398000e+01,6.604667088904384400e+02,1.083415722380378838e+02,1.000000000000000000e+00,3.920345932179734594e-01,1.150891484959664091e+00
3.000000000000000000e+00,-4.000000000000000000e+00,-2.000000000000000000e+00,-9.000000000000000000e+00,1.933949672520580521e+01,7.807664583100312257e+02,9.070123242105279360e+01,1.000000000000000000e+00,6.617417572862204223e-01,9.434208537025990937e-01
3.000000000000000000e+00,-4.000000000000000000e+00,-2.000000000000000000e+00,-8.000000000000000000e+00,2.161478829449868044e+01,7.475766332162794470e+02,9.733013297252284701e+01,1.000000000000000000e+00,5.877714821390978006e-01,9.944430284392173913e-01
3.000000000000000000e+00,-4.000000000000000000e+00,-2.000000000000000000e+00,-7.000000000000000000e+00,2.475979728539704183e+01,7.166764999468265387e+02,1.025405901362594250e+02,1.000000000000000000e+00,5.183463060893187535e-01,1.047083691456857757e+00
3.000000000000000000e+00,-4.000000000000000000e+00,-2.000000000000000000e+00,-6.000000000000000000e+00,2.902692154251170109e+01,6.878598730404122534e+02,1.065092190641212255e+02,1.000000000000000000e+00,4.535141421255861616e-01,1.100172951081846984e+00
3.000000000000000000e+00,-4.000000000000000000e+00,-2.000000000000000000e+00,-5.000000000000000000e+00,3.474545740406796313e+01,6.610988829321528328e+02,1.093820336764846957e+02,1.000000000000000000e+00,3.935241456006219329e-01,1.152015850211526526e+00
3.000000000000000000e+00,-4.000000000000000000e+00,-2.000000000000000000e+00,-4.000000000000000000e+00,4.231518338570555215e+01,6.366022946157496563e+02,1.112910655987245718e+02,1.000000000000000000e+00,3.389961393140190071e-01,1.200359332483796226e+00
3.000000000000000000e+00,-4.000000000000000000e+00,-2.000000000000000000e+00,-3.000000000000000000e+00,5.213391510320283828e+01,6.149264131416941837e+02,1.123736765643213289e+02,1.000000000000000000e+00,2.911797787414063809e-01,1.242477119971894917e+00
3.000000000000000000e+00,-4.000000000000000000e+00,-2.000000000000000000e+00,-2.000000000000000000e+00,6.436843910757357889e+01,5.971330365932071800e+02,1.127951851576570448e+02,1.000000000000000000e+00,2.522960005752015733e-01,1.275429173815151307e+00
3.000000000000000000e+00,-4.000000000000000000e+00,-1.000000000000000000e+00,-9.000000000000000000e+00,7.401374777928651838e+00,7.562864090472452290e+02,9.601751728446589595e+01,1.000000000000000000e+00,6.073128196749725261e-01,9.808645154941758593e-01
3.000000000000000000e+00,-4.000000000000000000e+00,-1.000000000000000000e+00,-8.000000000000000000e+00,8.795427166383802842e+00,7.217705547091416065e+02,1.021035224046931944e+02,1.000000000000000000e+00,5.298500753016789355e-01,1.038592337459055326e+00
3.000000000000000000e+00,-4.000000000000000000e+00,-1.000000000000000000e+00,-7.000000000000000000e+00,1.103953227375279766e+01,6.888525592101790380e+02,1.067841653732778582e+02,1.000000000000000000e+00,4.557806144272638083e-01,1.099003409752439486e+00
3.000000000000000000e+00,-4.000000000000000000e+00,-1.000000000000000000e+00,-6.000000000000000000e+00,1.450009921739086849e+01,6.571146020426792802e+02,1.101992381916055024e+02,1.000000000000000000e+00,3.846566301738527649e-01,1.160874775926972857e+00
3.000000000000000000e+00,-4.000000000000000000e+00,-1.000000000000000000e+00,-5.000000000000000000e+00,1.978477269822315066e+01,6.261773984163332898e+02,1.124464983912435514e+02,1.000000000000000000e+00,3.159700739255887902e-01,1.222281502192820390e+00
3.000000000000000000e+00,-4.000000000000000000e+00,-1.000000000000000000e+00,-4.000000000000000000e+00,2.795950829222428524e+01,5.956601996516574218e+02,1.135865099985571760e+02,1.000000000000000000e+00,2.491211010470184561e-01,1.280488897659129099e+00
3.000000000000000000e+00,-4.000000000000000000e+00,-1.000000000000000000e+00,-3.000000000000000000e+00,4.101096192904299187e+01,5.650967050437783428e+02,1.136398108627552688e+02,1.000000000000000000e+00,1.832851815329196998e-01,1.331995643006894436e+00
3.000000000000000000e+00,-4.000000000000000000e+00,-1.000000000000000000e+00,-2.000000000000000000e+00,6.284334195332434092e+01,5.336160261901864033e+02,1.125566757357971142e+02,1.000000000000000000e+00,1.168013895151863435e-01,1.372840499188007435e+00
3.000000000000000000e+00,-4.000000000000000000e+00,0.000000000000000000e+00,-4.000000000000000000e+00,3.988488103832622755e+00,5.787390446606785872e+02,1.139960425841397296e+02,1.000000000000000000e+00,2.125297635728242429e-01,1.310988888733159996e+00
3.000000000000000000e+00,-4.000000000000000000e+00,0.000000000000000000e+00,-3.000000000000000000e+00,1.497954663790267205e+01,5.405457129442085034e+02,1.132184001662292303e+02,1.000000000000000000e+00,1.313190087271804418e-01,1.366427981428208094e+00
3.000000000000000000e+00,-3.000000000000000000e+00,-4.000000000000000000e+00,-6.000000000000000000e+00,4.317146928241550086e+01,7.851758012352104288e+02,1.755497423628548574e+02,1.000000000000000000e+00,6.841567830136804362e-01,1.023578328183615938e+00
3.000000000000000000e+00,-3.000000000000000000e+00,-4.000000000000000000e+00,-5.000000000000000000e+00,4.737297770868559610e+01,7.652758949758037943e+02,1.783469912197555800e+02,1.000000000000000000e+00,6.382593024137148685e-01,1.064931035226127198e+00
3.000000000000000000e+00,-3.000000000000000000e+00,-4.000000000000000000e+00,-4.000000000000000000e+00,5.224385576597660474e+01,7.485826728741382112e+02,1.804523472569157150e+02,1.000000000000000000e+00,5.996143335431334265e-01,1.102768097972048222e+00
3.000000000000000000e+00,-3.000000000000000000e+00,-4.000000000000000000e+00,-3.000000000000000000e+00,5.777116670175846025e+01,7.352399963303528239e+02,1.819441192702136902e+02,1.000000000000000000e+00,5.686826760524091862e-01,1.135156927752549727e+00
3.000000000000000000e+00,-3.000000000000000000e+00,-4.000000000000000000e+00,-2.000000000000000000e+00,6.389125933636020704e+01,7.254404743170182428e+02,1.828846624657577422e+02,1.000000000000000000e+00,5.459607617135819879e-01,1.160121013770315956e+00
3.000000000000000000e+00,-3.000000000000000000e+00,-4.000000000000000000e+00,-1.000000000000000000e+00,7.048269508713025289e+01,7.193801708471947904e+02,1.833202132588149311e+02,1.000000000000000000e+00,5.319089008718842493e-01,1.175913922552770607e+00
3.000000000000000000e+00,-3.000000000000000000e+00,-3.000000000000000000e+00,-8.000000000000000000e+00,2.684891752810040089e+01,7.824851033689748192e+02,1.766530220097787662e+02,1.000000000000000000e+00,6.780479695498898840e-01,1.029699031862462144e+00
3.000000000000000000e+00,-3.000000000000000000e+00,-3.000000000000000000e+00,-7.000000000000000000e+00,2.977751896354700989e+01,7.552188668262762121e+02,1.804760692040294998e+02,1.000000000000000000e+00,6.150666100541466452e-01,1.088482344286419101e+00
3.000000000000000000e+00,-3.000000000000000000e+00,-3.000000000000000000e+00,-6.000000000000000000e+00,3.350421135202361711e+01,7.306483262619417474e+02,1.834784507915622385e+02,1.000000000000000000e+00,5.581191301148012984e-01,1.148495370155448114e+00
3.000000000000000000e+00,-3.000000000000000000e+00,-3.000000000000000000e+00,-5.000000000000000000e+00,3.815938173515399967e+01,7.088244229182203071e+02,1.857659228626127117e+02,1.000000000000000000e+00,5.075732784876382242e-01,1.207856812127471535e+00
3.000000000000000000e+00,-3.000000000000000000e+00,-3.000000000000000000e+00,-4.000000000000000000e+00,4.385968946888925757e+01,6.899548616478637086e+02,1.874302307611992546e+02,1.000000000000000000e+00,4.640148751399483795e-01,1.263932178192650913e+00
3.000000000000000000e+00,-3.000000000000000000e+00,-3.000000000000000000e+00,-3.000000000000000000e+00,5.066954959074035969e+01,6.743996427625365868e+02,1.885539161722763595e+02,1.000000000000000000e+00,4.282725937236835367e-01,1.313389016646723917e+00
3.000000000000000000e+00,-3.000000000000000000e+00,-3.000000000000000000e+00,-2.000000000000000000e+00,5.854535335360546355e+01,6.626391895763307502e+02,1.892118120978453248e+02,1.000000000000000000e+00,4.013767369205474833e-01,1.352495582845116173e+00
3.000000000000000000e+00,-3.000000000000000000e+00,-3.000000000000000000e+00,-1.000000000000000000e+00,6.728162793350554693e+01,6.551920341021631202e+02,1.894678677252680359e+02,1.000000000000000000e+00,3.844082605002862030e-01,1.377705634345307573e+00
3.000000000000000000e+00,-3.000000000000000000e+00,-2.000000000000000000e+00,-9.000000000000000000e+00,1.356584750414825180e+01,7.751351814261244044e+02,1.781687774400189141e+02,1.000000000000000000e+00,6.611577380693096639e-01,1.045278254929294715e+00
3.000000000000000000e+00,-3.000000000000000000e+00,-2.000000000000000000e+00,-8.000000000000000000e+00,1.530179794990942810e+01,7.438842302431880853e+02,1.823988309919810149e+02,1.000000000000000000e+00,5.888456443988330236e-01,1.116007197997256117e+00
3.000000000000000000e+00,-3.000000000000000000e+00,-2.000000000000000000e+00,-7.000000000000000000e+00,1.779326471441169133e+01,7.148194712462650386e+02,1.857282509949896223e+02,1.000000000000000000e+00,5.214829091382200410e-01,1.192005932987187045e+00
3.000000000000000000e+00,-3.000000000000000000e+00,-2.000000000000000000e+00,-6.000000000000000000e+00,2.126370316257708737e+01,6.878099875717647365e+02,1.882661945116132927e+02,1.000000000000000000e+00,4.591110076790741457e-01,1.272170323036664552e+00
3.000000000000000000e+00,-3.000000000000000000e+00,-2.000000000000000000e+00,-5.000000000000000000e+00,2.600947385746275131e+01,6.628945786980392540e+02,1.901053025902391767e+02,1.000000000000000000e+00,4.019956860368066875e-01,1.354321388342073496e+00
3.000000000000000000e+00,-3.000000000000000000e+00,-2.000000000000000000e+00,-4.000000000000000000e+00,3.240231345289225828e+01,6.403333966305511922e+02,1.913314451560073906e+02,1.000000000000000000e+00,3.507728452339339276e-01,1.434837080645533280e+00
3.000000000000000000e+00,-3.000000000000000000e+00,-2.000000000000000000e+00,-3.000000000000000000e+00,4.084461394727424022e+01,6.206909302437977658e+02,1.920342653473568078e+02,1.000000000000000000e+00,3.066451400882309053e-01,1.508457484862359532e+00
3.000000000000000000e+00,-3.000000000000000000e+00,-2.000000000000000000e+00,-2.000000000000000000e+00,5.160600817233572002e+01,6.049246511421793002e+02,1.923172560657056351e+02,1.000000000000000000e+00,2.715806791910263529e-01,1.568571503429652347e+00
3.000000000000000000e+00,-3.000000000000000000e+00,-2.000000000000000000e+00,-1.000000000000000000e+00,6.448071335723147968e+01,5.943660952189446789e+02,1.922994340666315338e+02,1.000000000000000000e+00,2.482871196267969482e-01,1.608283362108934300e+00
3.000000000000000000e+00,-3.000000000000000000e+00,-1.000000000000000000e+00,-1.000000000000000000e+01,1.002256199516267543e+00,7.864901931182803310e+02,1.767255774663082093e+02,1.000000000000000000e+00,6.873419504186735196e-01,1.022406620268124566e+00
3.000000000000000000e+00,-3.000000000000000000e+00,-1.000000000000000000e+00,-9.000000000000000000e+00,1.226344634433502279e+00,7.520196225894087547e+02,1.816299411553069376e+02,1.000000000000000000e+00,6.077246078791334050e-01,1.096916416295262042e+00
3.000000000000000000e+00,-3.000000000000000000e+00,-1.000000000000000000e+00,-8.000000000000000000e+00,1.927490605204155827e+00,7.195251705934668962e+02,1.855239702520166531e+02,1.000000000000000000e+00,5.324009608636242064e-01,1.179523130928754382e+00
3.000000000000000000e+00,-3.000000000000000000e+00,-1.000000000000000000e+00,-7.000000000000000000e+00,3.280869245184021565e+00,6.886340543050105225e+02,1.885253409864139371e+02,1.000000000000000000e+00,4.610252186306783018e-01,1.270363002570063626e+00
3.000000000000000000e+00,-3.000000000000000000e+00,-1.000000000000000000e+00,-6.000000000000000000e+00,5.560994265131654402e+00,6.590651908102308880e+02,1.907238122763410786e+02,1.000000000000000000e+00,3.932793052343296902e-01,1.368778946962249110e+00
3.000000000000000000e+00,-3.000000000000000000e+00,-1.000000000000000000e+00,-5.000000000000000000e+00,9.216677860432810121e+00,6.306340086941404479e+02,1.921889804577978111e+02,1.000000000000000000e+00,3.289367189995875962e-01,1.472727385493022734e+00
3.000000000000000000e+00,-3.000000000000000000e+00,-1.000000000000000000e+00,-4.000000000000000000e+00,1.501532455400030130e+01,6.032907444140180360e+02,1.929783041920578910e+02,1.000000000000000000e+00,2.679781261131156667e-01,1.578012099998020057e+00
3.000000000000000000e+00,-3.000000000000000000e+00,-1.000000000000000000e+00,-3.000000000000000000e+00,2.431430674607724995e+01,5.772396570309970230e+02,1.931496301901283346e+02,1.000000000000000000e+00,2.108593791187383382e-01,1.677579597363107355e+00
3.000000000000000000e+00,-3.000000000000000000e+00,-1.000000000000000000e+00,-2.000000000000000000e+00,3.944327154811062996e+01,5.532922493166802269e+02,1.927902437434157434e+02,1.000000000000000000e+00,1.592438584601198470e-01,1.761469711820366379e+00
3.000000000000000000e+00,-3.000000000000000000e+00,-1.000000000000000000e+00,-1.000000000000000000e+00,6.319192161467398705e+01,5.339096485622544606e+02,1.920974027453216024e+02,1.000000000000000000e+00,1.181177762834203504e-01,1.818276712254362826e+00
3.000000000000000000e+00,-3.000000000000000000e+00,0.000000000000000000e+00,-2.000000000000000000e+00,4.077917358233293044e+00,5.250657234903399058e+02,1.921383262911986094e+02,1.000000000000000000e+00,9.955147847123294036e-02,1.843511800489819663e+00
3.000000000000000000e+00,-2.000000000000000000e+00,-5.000000000000000000e+00,-2.000000000000000000e+00,6.485471204328243289e+01,7.896237536790656577e+02,2.483241682897926808e+02,1.000000000000000000e+00,7.015245099905040860e-01,1.086794465950368105e+00
3.000000000000000000e+00,-2.000000000000000000e+00,-5.000000000000000000e+00,-1.000000000000000000e+00,7.008791233702285695e+01,7.844156127564750705e+02,2.485976587710915453e+02,1.000000000000000000e+00,6.892481131241138259e-01,1.099745535445001865e+00
3.000000000000000000e+00,-2.000000000000000000e+00,-4.000000000000000000e+00,-6.000000000000000000e+00,3.933840485556345357e+01,7.794647085571316438e+02,2.505223189314436922e+02,1.000000000000000000e+00,6.776799302504699085e-01,1.114089210426606247e+00
3.000000000000000000e+00,-2.000000000000000000e+00,-4.000000000000000000e+00,-5.000000000000000000e+00,4.333893625696836693e+01,7.603137281074476732e+02,2.521199109368189966e+02,1.000000000000000000e+00,6.324516831754425361e-01,1.168023004573177648e+00
3.000000000000000000e+00,-2.000000000000000000e+00,-4.000000000000000000e+00,-4.000000000000000000e+00,4.801421620029083215e+01,7.442468961070125033e+02,2.533040104468705636e+02,1.000000000000000000e+00,5.944723567622595128e-01,1.218499975508706035e+00
3.000000000000000000e+00,-2.000000000000000000e+00,-4.000000000000000000e+00,-3.000000000000000000e+00,5.336343791121620939e+01,7.314139387118850664e+02,2.541198103144447487e+02,1.000000000000000000e+00,5.641601037967107768e-01,1.262627874016437834e+00
3.000000000000000000e+00,-2.000000000000000000e+00,-4.000000000000000000e+00,-2.000000000000000000e+00,5.933745683406448279e+01,7.220067506847220784e+02,2.546034037064438280e+02,1.000000000000000000e+00,5.419712423098529408e-01,1.297254789781998818e+00
3.000000000000000000e+00,-2.000000000000000000e+00,-4.000000000000000000e+00,-1.000000000000000000e+00,6.582949587728171537e+01,7.162164556970489002e+02,2.547815084720204482e+02,1.000000000000000000e+00,5.283303342146886683e-01,1.319450328058119570e+00
3.000000000000000000e+00,-2.000000000000000000e+00,-4.000000000000000000e+00,0.000000000000000000e+00,7.267857955578523388e+01,7.141860621165434395e+02,2.546703981036364439e+02,1.000000000000000000e+00,5.235452534207345465e-01,1.327105918450303346e+00
3.000000000000000000e+00,-2.000000000000000000e+00,-3.000000000000000000e+00,-8.000000000000000000e+00,2.298165792957573217e+01,7.767464073941201832e+02,2.513849929387045563e+02,1.000000000000000000e+00,6.713077103562821168e-01,1.121994532226096020e+00
3.000000000000000000e+00,-2.000000000000000000e+00,-3.000000000000000000e+00,-7.000000000000000000e+00,2.562041414417967644e+01,7.504671189574768277e+02,2.535997604529884200e+02,1.000000000000000000e+00,6.092134971684730615e-01,1.199309940341452663e+00
3.000000000000000000e+00,-2.000000000000000000e+00,-3.000000000000000000e+00,-6.000000000000000000e+00,2.902422952883736684e+01,7.267683114125898101e+02,2.553263228335502504e+02,1.000000000000000000e+00,5.532378656492388247e-01,1.281060660614969704e+00
3.000000000000000000e+00,-2.000000000000000000e+00,-3.000000000000000000e+00,-5.000000000000000000e+00,3.332784874930408137e+01,7.057204860619024203e+02,2.566256476312995005e+02,1.000000000000000000e+00,5.037065461415605183e-01,1.365062681279440859e+00
3.000000000000000000e+00,-2.000000000000000000e+00,-3.000000000000000000e+00,-4.000000000000000000e+00,3.865986180889589718e+01,6.875396728021881927e+02,2.575511274595528448e+02,1.000000000000000000e+00,4.611617250937312118e-01,1.447628948128034665e+00
3.000000000000000000e+00,-2.000000000000000000e+00,-3.000000000000000000e+00,-3.000000000000000000e+00,4.510803755436421625e+01,6.725819182852887934e+02,2.581511442080422967e+02,1.000000000000000000e+00,4.263796932520525496e-01,1.523342148235413251e+00
3.000000000000000000e+00,-2.000000000000000000e+00,-3.000000000000000000e+00,-2.000000000000000000e+00,5.266575022951485607e+01,6.613107764083761140e+02,2.584696822735648993e+02,1.000000000000000000e+00,4.003249487642144833e-01,1.585327775642970005e+00
3.000000000000000000e+00,-2.000000000000000000e+00,-3.000000000000000000e+00,-1.000000000000000000e+00,6.117426741075018981e+01,6.542176578614861455e+02,2.585442130368179505e+02,1.000000000000000000e+00,3.840024019324056459e-01,1.626359699151216809e+00
3.000000000000000000e+00,-2.000000000000000000e+00,-3.000000000000000000e+00,0.000000000000000000e+00,7.030019074776174648e+01,6.516938969798749213e+02,2.584008394583051995e+02,1.000000000000000000e+00,3.782069851332527377e-01,1.640761655561013610e+00
3.000000000000000000e+00,-2.000000000000000000e+00,-2.000000000000000000e+00,-9.000000000000000000e+00,9.612601637027694323e+00,7.695839622639173285e+02,2.524035502102332771e+02,1.000000000000000000e+00,6.544203521018137071e-01,1.142236250260280084e+00
3.000000000000000000e+00,-2.000000000000000000e+00,-2.000000000000000000e+00,-8.000000000000000000e+00,1.098783733590030920e+01,7.394349433000307954e+02,2.548640101336782493e+02,1.000000000000000000e+00,5.831601362589645676e-01,1.236431668370929549e+00
3.000000000000000000e+00,-2.000000000000000000e+00,-2.000000000000000000e+00,-7.000000000000000000e+00,1.304656888446268681e+01,7.113720989862167698e+02,2.567892785897064414e+02,1.000000000000000000e+00,5.169987472008992224e-01,1.342305798610880840e+00
3.000000000000000000e+00,-2.000000000000000000e+00,-2.000000000000000000e+00,-6.000000000000000000e+00,1.599635726724977758e+01,6.852999655160405155e+02,2.582421056608732215e+02,1.000000000000000000e+00,4.559551758551581013e-01,1.460044303336359928e+00
3.000000000000000000e+00,-2.000000000000000000e+00,-2.000000000000000000e+00,-5.000000000000000000e+00,2.011748824084048692e+01,6.612854083610325233e+02,2.592765146421738791e+02,1.000000000000000000e+00,4.002816875285682419e-01,1.588270389634448110e+00
3.000000000000000000e+00,-2.000000000000000000e+00,-2.000000000000000000e+00,-4.000000000000000000e+00,2.577248457481198329e+01,6.396069789805974324e+02,2.599433632907580431e+02,1.000000000000000000e+00,3.505988488885617427e-01,1.722743055233171949e+00
3.000000000000000000e+00,-2.000000000000000000e+00,-2.000000000000000000e+00,-3.000000000000000000e+00,3.337924668757182189e+01,6.208289831366482758e+02,2.602962780149152877e+02,1.000000000000000000e+00,3.080699323683858126e-01,1.854748909440258942e+00
3.000000000000000000e+00,-2.000000000000000000e+00,-2.000000000000000000e+00,-2.000000000000000000e+00,4.328265294683745879e+01,6.058709112882478394e+02,2.603969210470262396e+02,1.000000000000000000e+00,2.745582690638905810e-01,1.970083524970085875e+00
3.000000000000000000e+00,-2.000000000000000000e+00,-2.000000000000000000e+00,-1.000000000000000000e+00,5.545062655480944613e+01,5.959656821293767734e+02,2.603148045886694604e+02,1.000000000000000000e+00,2.525538587398666879e-01,2.050546919938734280e+00
3.000000000000000000e+00,-2.000000000000000000e+00,-2.000000000000000000e+00,0.000000000000000000e+00,6.910704727572115758e+01,5.923212129055126525e+02,2.601128909875044997e+02,1.000000000000000000e+00,2.444953658737277491e-01,2.079641292625468374e+00
3.000000000000000000e+00,-2.000000000000000000e+00,-1.000000000000000000e+00,-5.000000000000000000e+00,2.151249896775766501e+00,6.301518268553334110e+02,2.605626783094419920e+02,1.000000000000000000e+00,3.291274396585187612e-01,1.789505037708061685e+00
3.000000000000000000e+00,-2.000000000000000000e+00,-1.000000000000000000e+00,-4.000000000000000000e+00,6.528743886474757119e+00,6.040457812891407912e+02,2.609739318676347466e+02,1.000000000000000000e+00,2.704965234758666681e-01,1.988886056878435449e+00
3.000000000000000000e+00,-2.000000000000000000e+00,-1.000000000000000000e+00,-3.000000000000000000e+00,1.377791305933794774e+01,5.794980636678405972e+02,2.610228133875074263e+02,1.000000000000000000e+00,2.163169565051535903e-01,2.200345902163694412e+00
3.000000000000000000e+00,-2.000000000000000000e+00,-1.000000000000000000e+00,-2.000000000000000000e+00,2.589611275083095165e+01,5.574986175327924229e+02,2.607711842655693886e+02,1.000000000000000000e+00,1.685837776858511994e-01,2.400718664967592453e+00
3.000000000000000000e+00,-2.000000000000000000e+00,-1.000000000000000000e+00,-1.000000000000000000e+00,4.563923999465015413e+01,5.405368170572921827e+02,2.603447217963205276e+02,1.000000000000000000e+00,1.323226860530590521e-01,2.550858347630302614e+00
3.000000000000000000e+00,-2.000000000000000000e+00,-1.000000000000000000e+00,0.000000000000000000e+00,7.261319951218379742e+01,5.334029441578160231e+02,2.599738834859665531e+02,1.000000000000000000e+00,1.172135226843683264e-01,2.607531882332312367e+00
3.000000000000000000e+00,-1.000000000000000000e+00,-5.000000000000000000e+00,-2.000000000000000000e+00,6.269433227445540524e+01,7.857057734243883260e+02,3.164011456604614523e+02,1.000000000000000000e+00,6.957812750637920596e-01,1.149059861390869797e+00
3.000000000000000000e+00,-1.000000000000000000e+00,-5.000000000000000000e+00,-1.000000000000000000e+00,6.789744861965786527e+01,7.806509960204953131e+02,3.164031539550647949e+02,1.000000000000000000e+00,6.837104991817092303e-01,1.164399360738577194e+00
3.000000000000000000e+00,-1.000000000000000000e+00,-4.000000000000000000e+00,-6.000000000000000000e+00,3.712346402876065099e+01,7.755337659039307709e+02,3.179727141786084985e+02,1.000000000000000000e+00,6.715299669124231707e-01,1.181465058748428332e+00
3.000000000000000000e+00,-1.000000000000000000e+00,-4.000000000000000000e+00,-5.000000000000000000e+00,4.100940197638183804e+01,7.567883772228771022e+02,3.185989098739975702e+02,1.000000000000000000e+00,6.267279401814374040e-01,1.246385235136497904e+00
3.000000000000000000e+00,-1.000000000000000000e+00,-4.000000000000000000e+00,-4.000000000000000000e+00,4.557345181190510175e+01,7.410613102294695409e+02,3.190338350084847434e+02,1.000000000000000000e+00,5.891635705518863952e-01,1.308283548326564016e+00
3.000000000000000000e+00,-1.000000000000000000e+00,-4.000000000000000000e+00,-3.000000000000000000e+00,5.082160514065347456e+01,7.285071826288888133e+02,3.192972529935562989e+02,1.000000000000000000e+00,5.592358811532072149e-01,1.363365530589261576e+00
3.000000000000000000e+00,-1.000000000000000000e+00,-4.000000000000000000e+00,-2.000000000000000000e+00,5.671276884520793260e+01,7.193194055732877814e+02,3.194049089598148612e+02,1.000000000000000000e+00,5.373836220177344858e-01,1.407261932432194662e+00
3.000000000000000000e+00,-1.000000000000000000e+00,-4.000000000000000000e+00,-1.000000000000000000e+00,6.314823424505195248e+01,7.136881014970033448e+02,3.193683249435945299e+02,1.000000000000000000e+00,5.240155606020784340e-01,1.435726326983524093e+00
3.000000000000000000e+00,-1.000000000000000000e+00,-4.000000000000000000e+00,0.000000000000000000e+00,6.997327430391993630e+01,7.117538432223382188e+02,3.191942351965943772e+02,1.000000000000000000e+00,5.194268014577571035e-01,1.445605306908723797e+00
3.000000000000000000e+00,-1.000000000000000000e+00,-3.000000000000000000e+00,-8.000000000000000000e+00,2.074063061397708907e+01,7.727558932052953651e+02,3.186545849061096192e+02,1.000000000000000000e+00,6.649088915660351651e-01,1.190905670411636974e+00
3.000000000000000000e+00,-1.000000000000000000e+00,-3.000000000000000000e+00,-7.000000000000000000e+00,2.321320716235589998e+01,7.469987062809508416e+02,3.195677860202941929e+02,1.000000000000000000e+00,6.033532749686303376e-01,1.284616240830907419e+00
3.000000000000000000e+00,-1.000000000000000000e+00,-3.000000000000000000e+00,-6.000000000000000000e+00,2.643269254302256854e+01,7.237544269421285890e+02,3.202572052872034760e+02,1.000000000000000000e+00,5.479407641904534554e-01,1.386656690201582220e+00
3.000000000000000000e+00,-1.000000000000000000e+00,-3.000000000000000000e+00,-5.000000000000000000e+00,3.053658047611659754e+01,7.031050868156860361e+02,3.207495468725037426e+02,1.000000000000000000e+00,4.989770859557756677e-01,1.495064631571473068e+00
3.000000000000000000e+00,-1.000000000000000000e+00,-3.000000000000000000e+00,-4.000000000000000000e+00,3.566047753433787193e+01,6.852734146172168721e+02,3.210683564427353645e+02,1.000000000000000000e+00,4.569857540548624142e-01,1.605584032129022010e+00
3.000000000000000000e+00,-1.000000000000000000e+00,-3.000000000000000000e+00,-3.000000000000000000e+00,4.190544989805047749e+01,6.706172119579746322e+02,3.212351256876348771e+02,1.000000000000000000e+00,4.227227911077776623e-01,1.710820980791027512e+00
3.000000000000000000e+00,-1.000000000000000000e+00,-3.000000000000000000e+00,-2.000000000000000000e+00,4.928544877146603653e+01,6.595966055685080391e+02,3.212695006202555987e+02,1.000000000000000000e+00,3.971285604079753395e-01,1.800069930235180138e+00
3.000000000000000000e+00,-1.000000000000000000e+00,-3.000000000000000000e+00,-1.000000000000000000e+00,5.766725088436453461e+01,6.526949172812248889e+02,3.211882192060228363e+02,1.000000000000000000e+00,3.811799249104015352e-01,1.860825564562724299e+00
3.000000000000000000e+00,-1.000000000000000000e+00,-3.000000000000000000e+00,0.000000000000000000e+00,6.674044249259591766e+01,6.502930688157698569e+02,3.210027741742451894e+02,1.000000000000000000e+00,3.756439918568515446e-01,1.882486722335404261e+00
3.000000000000000000e+00,-1.000000000000000000e+00,-2.000000000000000000e+00,-9.000000000000000000e+00,7.314458895010290007e+00,7.656640540547939509e+02,3.192798328687920275e+02,1.000000000000000000e+00,6.479681446014079471e-01,1.215194541936476469e+00
3.000000000000000000e+00,-1.000000000000000000e+00,-2.000000000000000000e+00,-8.000000000000000000e+00,8.481432366698953729e+00,7.360883912753795357e+02,3.203069586377163773e+02,1.000000000000000000e+00,5.773229498015891581e-01,1.330553815696007058e+00
3.000000000000000000e+00,-1.000000000000000000e+00,-2.000000000000000000e+00,-7.000000000000000000e+00,1.029142979591816243e+01,7.085330552590380648e+02,3.210895266029803565e+02,1.000000000000000000e+00,5.118230391344060770e-01,1.465314671287701431e+00
3.000000000000000000e+00,-1.000000000000000000e+00,-2.000000000000000000e+00,-6.000000000000000000e+00,1.294361740402823102e+01,6.829195619873599981e+02,3.216548184811899773e+02,1.000000000000000000e+00,4.514719247556387427e-01,1.622573440628674479e+00
3.000000000000000000e+00,-1.000000000000000000e+00,-2.000000000000000000e+00,-5.000000000000000000e+00,1.671027505881443176e+01,6.593279539798027145e+02,3.220264945292203720e+02,1.000000000000000000e+00,3.965113260848256438e-01,1.804381092574397716e+00
3.000000000000000000e+00,-1.000000000000000000e+00,-2.000000000000000000e+00,-4.000000000000000000e+00,2.195050844393395550e+01,6.380460455634854497e+02,3.222271020362954914e+02,1.000000000000000000e+00,3.475525541025953902e-01,2.009369289567527694e+00
3.000000000000000000e+00,-1.000000000000000000e+00,-2.000000000000000000e+00,-3.000000000000000000e+00,2.909337437489676859e+01,6.196415148118684328e+02,3.222807834252401449e+02,1.000000000000000000e+00,3.057445778944786197e-01,2.228178420853212049e+00
3.000000000000000000e+00,-1.000000000000000000e+00,-2.000000000000000000e+00,-2.000000000000000000e+00,3.852775476242447894e+01,6.050264047095723754e+02,3.222156523674157143e+02,1.000000000000000000e+00,2.729199432814431447e-01,2.436999951017411625e+00
3.000000000000000000e+00,-1.000000000000000000e+00,-2.000000000000000000e+00,-1.000000000000000000e+00,5.031618948090769550e+01,5.954085688652355657e+02,3.220635541708032292e+02,1.000000000000000000e+00,2.515069078633448418e-01,2.594509579563997637e+00
3.000000000000000000e+00,-1.000000000000000000e+00,-2.000000000000000000e+00,0.000000000000000000e+00,6.380763903462531061e+01,5.919542026676132309e+02,3.218531785388114486e+02,1.000000000000000000e+00,2.438531823689039368e-01,2.654211836900606691e+00
3.000000000000000000e+00,-1.000000000000000000e+00,-1.000000000000000000e+00,-4.000000000000000000e+00,1.634822112966418217e+00,6.029921651705483328e+02,3.227403024521734096e+02,1.000000000000000000e+00,2.683789595545115758e-01,2.472863336741859541e+00
3.000000000000000000e+00,-1.000000000000000000e+00,-1.000000000000000000e+00,-3.000000000000000000e+00,7.762739188831801584e+00,5.789614938734566749e+02,3.226535476397952493e+02,1.000000000000000000e+00,2.152437311967714262e-01,2.920088606672720299e+00
3.000000000000000000e+00,-1.000000000000000000e+00,-1.000000000000000000e+00,-2.000000000000000000e+00,1.830904234033769740e+01,5.575570178733277089e+02,3.224266106801862861e+02,1.000000000000000000e+00,1.687305016927041768e-01,3.445486110466343899e+00
3.000000000000000000e+00,-1.000000000000000000e+00,-1.000000000000000000e+00,-1.000000000000000000e+00,3.613068157547456849e+01,5.412645684351276714e+02,3.221186560370098846e+02,1.000000000000000000e+00,1.338462884323882163e-01,3.940167049940171751e+00
3.000000000000000000e+00,-1.000000000000000000e+00,-1.000000000000000000e+00,0.000000000000000000e+00,6.194764443643782670e+01,5.346410868609477802e+02,3.218344921688963609e+02,1.000000000000000000e+00,1.197932366423206108e-01,4.159282585250936748e+00
3.000000000000000000e+00,0.000000000000000000e+00,-5.000000000000000000e+00,-2.000000000000000000e+00,6.204699130317570166e+01,7.843290913279971619e+02,3.810042739256187474e+02,1.000000000000000000e+00,6.934653149573754005e-01,1.172320441643648792e+00
3.000000000000000000e+00,0.000000000000000000e+00,-5.000000000000000000e+00,-1.000000000000000000e+00,6.723971307209944825e+01,7.793541320851106775e+02,3.807574240781439130e+02,1.000000000000000000e+00,6.815425456233660251e-01,1.188623896710424566e+00
3.000000000000000000e+00,0.000000000000000000e+00,-5.000000000000000000e+00,0.000000000000000000e+00,7.270023394216570978e+01,7.776902785101701738e+02,3.805093213963288008e+02,1.000000000000000000e+00,6.775539778690738979e-01,1.194211426919549401e+00
3.000000000000000000e+00,0.000000000000000000e+00,-4.000000000000000000e+00,-6.000000000000000000e+00,3.645805217130293840e+01,7.740163148589094817e+02,3.820437520405421310e+02,1.000000000000000000e+00,6.687417072663668360e-01,1.206793905688642976e+00
3.000000000000000000e+00,0.000000000000000000e+00,-4.000000000000000000e+00,-5.000000000000000000e+00,4.031077185646489625e+01,7.554231161661766691e+02,3.817953881377703169e+02,1.000000000000000000e+00,6.241492574254940973e-01,1.276232290798613667e+00
3.000000000000000000e+00,0.000000000000000000e+00,-4.000000000000000000e+00,-4.000000000000000000e+00,4.484253352036341767e+01,7.398302253832116548e+02,3.815539039561520553e+02,1.000000000000000000e+00,5.867942576180651404e-01,1.342929659300866829e+00
3.000000000000000000e+00,0.000000000000000000e+00,-4.000000000000000000e+00,-3.000000000000000000e+00,5.006109200298897122e+01,7.273942693615299504e+02,3.813166856357794927e+02,1.000000000000000000e+00,5.570708574394995782e-01,1.402710144973584372e+00
3.000000000000000000e+00,0.000000000000000000e+00,-4.000000000000000000e+00,-2.000000000000000000e+00,5.592741405702943780e+01,7.183092552397797590e+02,3.810814556073544850e+02,1.000000000000000000e+00,5.354127009742185583e-01,1.450654692443124505e+00
3.000000000000000000e+00,0.000000000000000000e+00,-4.000000000000000000e+00,-1.000000000000000000e+00,6.234485288160476557e+01,7.127645982336758834e+02,3.808462235923165053e+02,1.000000000000000000e+00,5.222229624398068148e-01,1.481893966709131982e+00
3.000000000000000000e+00,0.000000000000000000e+00,-4.000000000000000000e+00,0.000000000000000000e+00,6.916031781559081537e+01,7.108991452202642449e+02,3.806092360046293379e+02,1.000000000000000000e+00,5.177909502165058964e-01,1.492764283649437029e+00
3.000000000000000000e+00,0.000000000000000000e+00,-3.000000000000000000e+00,-8.000000000000000000e+00,2.005890459785928215e+01,7.711476774460811612e+02,3.825782050189745291e+02,1.000000000000000000e+00,6.618607452146193504e-01,1.216860048089148938e+00
3.000000000000000000e+00,0.000000000000000000e+00,-3.000000000000000000e+00,-7.000000000000000000e+00,2.248255923629474751e+01,7.455707944465318633e+02,3.823213570902261154e+02,1.000000000000000000e+00,6.005366927131666754e-01,1.317368830058777807e+00
3.000000000000000000e+00,0.000000000000000000e+00,-3.000000000000000000e+00,-6.000000000000000000e+00,2.564825585125271346e+01,7.224869640411603768e+02,3.820765122405811098e+02,1.000000000000000000e+00,5.453638156882962829e-01,1.428114835605164945e+00
3.000000000000000000e+00,0.000000000000000000e+00,-3.000000000000000000e+00,-5.000000000000000000e+00,2.969436802933245190e+01,7.019830791796606491e+02,3.818403605090659312e+02,1.000000000000000000e+00,4.966442682879848580e-01,1.547411823066305425e+00
3.000000000000000000e+00,0.000000000000000000e+00,-3.000000000000000000e+00,-4.000000000000000000e+00,3.475851401934414753e+01,6.842854627935407734e+02,3.816099869926198380e+02,1.000000000000000000e+00,4.548989047119499363e-01,1.670952471929133987e+00
3.000000000000000000e+00,0.000000000000000000e+00,-3.000000000000000000e+00,-3.000000000000000000e+00,4.094536274030920708e+01,6.697540433733053078e+02,3.813827983189364090e+02,1.000000000000000000e+00,4.208807398019958623e-01,1.790572879067822143e+00
3.000000000000000000e+00,0.000000000000000000e+00,-3.000000000000000000e+00,-2.000000000000000000e+00,4.827423181871500901e+01,6.588490994823961273e+02,3.811565036392000252e+02,1.000000000000000000e+00,3.955251887644917752e-01,1.893677844651110220e+00
3.000000000000000000e+00,0.000000000000000000e+00,-3.000000000000000000e+00,-1.000000000000000000e+00,5.661839640823041009e+01,6.520515823312314296e+02,3.809291404846001114e+02,1.000000000000000000e+00,3.798007781373205494e-01,1.964802039883001505e+00
3.000000000000000000e+00,0.000000000000000000e+00,-3.000000000000000000e+00,0.000000000000000000e+00,6.567329579474449019e+01,6.497375921421418070e+02,3.806991094706837089e+02,1.000000000000000000e+00,3.744628613744143131e-01,1.990352378199249594e+00
3.000000000000000000e+00,0.000000000000000000e+00,-2.000000000000000000e+00,-9.000000000000000000e+00,6.604443164298402280e+00,7.640347622576223330e+02,3.828594984318967818e+02,1.000000000000000000e+00,6.447994036299665721e-01,1.242807041883944308e+00
3.000000000000000000e+00,0.000000000000000000e+00,-2.000000000000000000e+00,-8.000000000000000000e+00,7.708049978265393065e+00,7.346481837842397908e+02,3.825983438296591430e+02,1.000000000000000000e+00,5.743970131901593446e-01,1.367049729979733064e+00
3.000000000000000000e+00,0.000000000000000000e+00,-2.000000000000000000e+00,-7.000000000000000000e+00,9.443046943894159995e+00,7.072602293898439711e+02,3.823521622850765880e+02,1.000000000000000000e+00,5.091498587260505637e-01,1.514495760035503125e+00
3.000000000000000000e+00,0.000000000000000000e+00,-2.000000000000000000e+00,-6.000000000000000000e+00,1.200645167925972601e+01,6.817985688859043876e+02,3.821173461350857110e+02,1.000000000000000000e+00,4.490584802632850425e-01,1.690127968941677938e+00
3.000000000000000000e+00,0.000000000000000000e+00,-2.000000000000000000e+00,-5.000000000000000000e+00,1.566869058219529620e+01,6.583487489421643204e+02,3.818907043979336891e+02,1.000000000000000000e+00,3.943642698899668120e-01,1.898699087186186407e+00
3.000000000000000000e+00,0.000000000000000000e+00,-2.000000000000000000e+00,-4.000000000000000000e+00,2.078853899581213227e+01,6.372038126736655386e+02,3.816693090036347371e+02,1.000000000000000000e+00,3.456805246598746995e-01,2.142172253407747196e+00
3.000000000000000000e+00,0.000000000000000000e+00,-2.000000000000000000e+00,-3.000000000000000000e+00,2.779892001413807634e+01,6.189363008921054643e+02,3.814503826335076724e+02,1.000000000000000000e+00,3.041595787693579522e-01,2.413587811377286396e+00
3.000000000000000000e+00,0.000000000000000000e+00,-2.000000000000000000e+00,-2.000000000000000000e+00,3.710124395907013195e+01,6.044613842024032238e+02,3.812312616729770411e+02,1.000000000000000000e+00,2.716354769528788737e-01,2.685859318601733658e+00
3.000000000000000000e+00,0.000000000000000000e+00,-2.000000000000000000e+00,-1.000000000000000000e+00,4.878292646988643355e+01,5.949845432063362978e+02,3.810095154045798722e+02,1.000000000000000000e+00,2.505282590904040485e-01,2.901309384886249010e+00
3.000000000000000000e+00,0.000000000000000000e+00,-2.000000000000000000e+00,0.000000000000000000e+00,6.222442238159840144e+01,5.916595057224186576e+02,3.807832810351015382e+02,1.000000000000000000e+00,2.431583764000633252e-01,2.985528567298874059e+00
3.000000000000000000e+00,0.000000000000000000e+00,-1.000000000000000000e+00,-4.000000000000000000e+00,1.088936757977307934e-01,6.022042840911469739e+02,3.817270484003749971e+02,1.000000000000000000e+00,2.665938781165922977e-01,2.734099459959466571e+00
3.000000000000000000e+00,0.000000000000000000e+00,-1.000000000000000000e+00,-3.000000000000000000e+00,5.903409884292699417e+00,5.783137175718424032e+02,3.815158836032563272e+02,1.000000000000000000e+00,2.137625125535722315e-01,3.380255937883355877e+00
3.000000000000000000e+00,0.000000000000000000e+00,-1.000000000000000000e+00,-2.000000000000000000e+00,1.599739353552936905e+01,5.570735716008757663e+02,3.813045222027297427e+02,1.000000000000000000e+00,1.676063722612138596e-01,4.284344506815494391e+00
3.000000000000000000e+00,0.000000000000000000e+00,-1.000000000000000000e+00,-1.000000000000000000e+00,3.329131094562924886e+01,5.409948675127041042e+02,3.810891134620771936e+02,1.000000000000000000e+00,1.331797577279839051e-01,5.371718637203467317e+00
3.000000000000000000e+00,0.000000000000000000e+00,-1.000000000000000000e+00,0.000000000000000000e+00,5.880029577514673633e+01,5.346247966894442243e+02,3.808651711120693335e+02,1.000000000000000000e+00,1.196628495925314284e-01,5.971057134597748117e+00
3.000000000000000000e+00,1.000000000000000000e+00,-5.000000000000000000e+00,-2.000000000000000000e+00,6.289348459223390364e+01,7.856645029529869362e+02,4.456054053196057225e+02,1.000000000000000000e+00,6.954796561775047348e-01,1.149059861390869797e+00
3.000000000000000000e+00,1.000000000000000000e+00,-5.000000000000000000e+00,-1.000000000000000000e+00,6.809446173705927663e+01,7.807062322170507969e+02,4.451026489534982602e+02,1.000000000000000000e+00,6.836557617153657951e-01,1.164399360738576972e+00
3.000000000000000000e+00,1.000000000000000000e+00,-4.000000000000000000e+00,-6.000000000000000000e+00,3.732620038578187405e+01,7.750807731722892413e+02,4.461425349495663113e+02,1.000000000000000000e+00,6.701791485866825937e-01,1.181465058748427888e+00
3.000000000000000000e+00,1.000000000000000000e+00,-4.000000000000000000e+00,-5.000000000000000000e+00,4.122580050083675474e+01,7.564152636657750008e+02,4.450126363698963132e+02,1.000000000000000000e+00,6.255916556862115563e-01,1.246385235136497904e+00
3.000000000000000000e+00,1.000000000000000000e+00,-4.000000000000000000e+00,-4.000000000000000000e+00,4.580267773122099584e+01,7.407772319204374298e+02,4.440879275421240777e+02,1.000000000000000000e+00,5.882584123082109651e-01,1.308283548326563794e+00
3.000000000000000000e+00,1.000000000000000000e+00,-4.000000000000000000e+00,-3.000000000000000000e+00,5.106133323443111749e+01,7.283219000128160587e+02,4.433432868415792427e+02,1.000000000000000000e+00,5.585802088463304171e-01,1.363365530589261576e+00
3.000000000000000000e+00,1.000000000000000000e+00,-4.000000000000000000e+00,-2.000000000000000000e+00,5.695888016714661717e+01,7.192420426286111024e+02,4.427583296191571662e+02,1.000000000000000000e+00,5.369950582950363538e-01,1.407261932432194662e+00
3.000000000000000000e+00,1.000000000000000000e+00,-4.000000000000000000e+00,-1.000000000000000000e+00,6.339487916719218674e+01,7.137255895005301909e+02,4.423175169251940133e+02,1.000000000000000000e+00,5.239078298643927711e-01,1.435726326983523871e+00
3.000000000000000000e+00,1.000000000000000000e+00,-4.000000000000000000e+00,0.000000000000000000e+00,7.021347404322952457e+01,7.119094430242626004e+02,4.420106125415877045e+02,1.000000000000000000e+00,5.196067136969941824e-01,1.445605306908723353e+00
3.000000000000000000e+00,1.000000000000000000e+00,-3.000000000000000000e+00,-8.000000000000000000e+00,2.092240104607935791e+01,7.720855861778527469e+02,4.465448824090422022e+02,1.000000000000000000e+00,6.630073274117728177e-01,1.190905670411636974e+00
3.000000000000000000e+00,1.000000000000000000e+00,-3.000000000000000000e+00,-7.000000000000000000e+00,2.341339703775250314e+01,7.463856629058359431e+02,4.451109792952254907e+02,1.000000000000000000e+00,6.016232787069004662e-01,1.284616240830907419e+00
3.000000000000000000e+00,1.000000000000000000e+00,-3.000000000000000000e+00,-6.000000000000000000e+00,2.665449768276141640e+01,7.232065573533070619e+02,4.439252751728038220e+02,1.000000000000000000e+00,5.463952187934473237e-01,1.386656690201582220e+00
3.000000000000000000e+00,1.000000000000000000e+00,-3.000000000000000000e+00,-5.000000000000000000e+00,3.078295240400777288e+01,7.026337941524316193e+02,4.429542139180117601e+02,1.000000000000000000e+00,4.976364866556065025e-01,1.495064631571473068e+00
3.000000000000000000e+00,1.000000000000000000e+00,-3.000000000000000000e+00,-4.000000000000000000e+00,3.593322527268929889e+01,6.848937984522901843e+02,4.421682108711431169e+02,1.000000000000000000e+00,4.558786730789172736e-01,1.605584032129022010e+00
3.000000000000000000e+00,1.000000000000000000e+00,-3.000000000000000000e+00,-3.000000000000000000e+00,4.220376046829966299e+01,6.703474955181575297e+02,4.415404116334312334e+02,1.000000000000000000e+00,4.218847515053685826e-01,1.710820980791027957e+00
3.000000000000000000e+00,1.000000000000000000e+00,-3.000000000000000000e+00,-2.000000000000000000e+00,4.960405380389258312e+01,6.594560964817233071e+02,4.410464748905499164e+02,1.000000000000000000e+00,3.965979189673420335e-01,1.800069930235180138e+00
3.000000000000000000e+00,1.000000000000000000e+00,-3.000000000000000000e+00,-1.000000000000000000e+00,5.799521998659048450e+01,6.527001163273785096e+02,4.406657264093475419e+02,1.000000000000000000e+00,3.809899755444780545e-01,1.860825564562724743e+00
3.000000000000000000e+00,1.000000000000000000e+00,-3.000000000000000000e+00,0.000000000000000000e+00,6.706216260057476575e+01,6.504527926721854101e+02,4.403835858399604604e+02,1.000000000000000000e+00,3.758130361493258742e-01,1.882486722335404261e+00
3.000000000000000000e+00,1.000000000000000000e+00,-2.000000000000000000e+00,-9.000000000000000000e+00,7.469584466767742015e+00,7.648647004768115494e+02,4.464903649145409190e+02,1.000000000000000000e+00,6.457476683069662826e-01,1.215194541936476691e+00
3.000000000000000000e+00,1.000000000000000000e+00,-2.000000000000000000e+00,-8.000000000000000000e+00,8.654035180409408667e+00,7.353273784452630935e+02,4.449340588800095588e+02,1.000000000000000000e+00,5.752373734246235548e-01,1.330553815696007058e+00
3.000000000000000000e+00,1.000000000000000000e+00,-2.000000000000000000e+00,-7.000000000000000000e+00,1.048680604721312193e+01,7.078137674356116804e+02,4.436528906624637898e+02,1.000000000000000000e+00,5.098753709579433302e-01,1.465314671287701431e+00
3.000000000000000000e+00,1.000000000000000000e+00,-2.000000000000000000e+00,-6.000000000000000000e+00,1.316883856658469654e+01,6.822490681543040409e+02,4.426121076367601290e+02,1.000000000000000000e+00,4.496731377060005364e-01,1.622573440628674257e+00
3.000000000000000000e+00,1.000000000000000000e+00,-2.000000000000000000e+00,-5.000000000000000000e+00,1.697452523622581566e+01,6.587186743124810846e+02,4.417814061553000329e+02,1.000000000000000000e+00,3.948838039578330683e-01,1.804381092574397938e+00
3.000000000000000000e+00,1.000000000000000000e+00,-2.000000000000000000e+00,-4.000000000000000000e+00,2.226477467757553086e+01,6.375181356402461006e+02,4.411320882840373088e+02,1.000000000000000000e+00,3.461349844266363163e-01,2.009369289567527694e+00
3.000000000000000000e+00,1.000000000000000000e+00,-2.000000000000000000e+00,-3.000000000000000000e+00,2.946803534385730927e+01,6.192255128615631747e+02,4.406341157113496365e+02,1.000000000000000000e+00,3.045973811145080701e-01,2.228178420853212494e+00
3.000000000000000000e+00,1.000000000000000000e+00,-2.000000000000000000e+00,-2.000000000000000000e+00,3.896548698864523885e+01,6.047638446407532911e+02,4.402537025923450074e+02,1.000000000000000000e+00,2.721265856967424179e-01,2.436999951017412069e+00
3.000000000000000000e+00,1.000000000000000000e+00,-2.000000000000000000e+00,-1.000000000000000000e+00,5.079955408493918867e+01,5.953449996663905495e+02,4.399539710258767400e+02,1.000000000000000000e+00,2.511598143367371749e-01,2.594509579563996748e+00
3.000000000000000000e+00,1.000000000000000000e+00,-2.000000000000000000e+00,0.000000000000000000e+00,6.429212416768638150e+01,5.921200385963608142e+02,4.397027972931682029e+02,1.000000000000000000e+00,2.440149136857086842e-01,2.654211836900606247e+00
3.000000000000000000e+00,1.000000000000000000e+00,-1.000000000000000000e+00,-4.000000000000000000e+00,1.932312070002780047e+00,6.022628180306342074e+02,4.407396928511515171e+02,1.000000000000000000e+00,2.665424810480707674e-01,2.472863336741858209e+00
3.000000000000000000e+00,1.000000000000000000e+00,-1.000000000000000000e+00,-3.000000000000000000e+00,8.173278906632248209e+00,5.783010851326465627e+02,4.403988705117943709e+02,1.000000000000000000e+00,2.135879918333222771e-01,2.920088606672719411e+00
3.000000000000000000e+00,1.000000000000000000e+00,-1.000000000000000000e+00,-2.000000000000000000e+00,1.890927026579981884e+01,5.570292116262411355e+02,4.401964496601606811e+02,1.000000000000000000e+00,1.673834857089067929e-01,3.445486110466343899e+00
3.000000000000000000e+00,1.000000000000000000e+00,-1.000000000000000000e+00,-1.000000000000000000e+00,3.699348713265808897e+01,5.410024729632751814e+02,4.400638296912369469e+02,1.000000000000000000e+00,1.330777107983278917e-01,3.940167049940171307e+00
3.000000000000000000e+00,1.000000000000000000e+00,-1.000000000000000000e+00,0.000000000000000000e+00,6.291873243206484290e+01,5.348155687154492171e+02,4.398862330576738486e+02,1.000000000000000000e+00,1.199509489837659454e-01,4.159282585250935860e+00
3.000000000000000000e+00,2.000000000000000000e+00,-5.000000000000000000e+00,-2.000000000000000000e+00,6.525500322456446156e+01,7.895349680344523904e+02,5.136764243715171006e+02,1.000000000000000000e+00,7.008991788546721224e-01,1.086794465950367883e+00
3.000000000000000000e+00,2.000000000000000000e+00,-5.000000000000000000e+00,-1.000000000000000000e+00,7.048230902099984974e+01,7.845274717873303416e+02,5.128797544016824759e+02,1.000000000000000000e+00,6.891346255890195005e-01,1.099745535445001865e+00
3.000000000000000000e+00,2.000000000000000000e+00,-4.000000000000000000e+00,-6.000000000000000000e+00,3.975335254956274866e+01,7.785201272687446590e+02,5.136816921756062584e+02,1.000000000000000000e+00,6.748791785544555610e-01,1.114089210426606025e+00
3.000000000000000000e+00,2.000000000000000000e+00,-4.000000000000000000e+00,-5.000000000000000000e+00,4.378071777964458988e+01,7.595354283589977058e+02,5.115582292860158304e+02,1.000000000000000000e+00,6.300954608777458166e-01,1.168023004573177426e+00
3.000000000000000000e+00,2.000000000000000000e+00,-4.000000000000000000e+00,-4.000000000000000000e+00,4.848064507572348703e+01,7.436537474822708873e+02,5.098626915539701372e+02,1.000000000000000000e+00,5.925951793101282838e-01,1.218499975508706035e+00
3.000000000000000000e+00,2.000000000000000000e+00,-4.000000000000000000e+00,-3.000000000000000000e+00,5.384923103363317409e+01,7.310261185702639750e+02,5.085441009667927119e+02,1.000000000000000000e+00,5.628001737844406938e-01,1.262627874016437834e+00
3.000000000000000000e+00,2.000000000000000000e+00,-4.000000000000000000e+00,-2.000000000000000000e+00,5.983371038546894738e+01,7.218431598148633839e+02,5.075614489708083852e+02,1.000000000000000000e+00,5.411652455834724540e-01,1.297254789781998818e+00
3.000000000000000000e+00,2.000000000000000000e+00,-4.000000000000000000e+00,-1.000000000000000000e+00,6.632395301603969529e+01,7.162914725509014033e+02,5.068838826075914312e+02,1.000000000000000000e+00,5.281068542115621156e-01,1.319450328058119126e+00
3.000000000000000000e+00,2.000000000000000000e+00,-4.000000000000000000e+00,0.000000000000000000e+00,7.315699345529128550e+01,7.145064571095165320e+02,5.064916452213361140e+02,1.000000000000000000e+00,5.239184775760187263e-01,1.327105918450303346e+00
3.000000000000000000e+00,2.000000000000000000e+00,-3.000000000000000000e+00,-8.000000000000000000e+00,2.335877879760556652e+01,7.753501614785507172e+02,5.139519941191318821e+02,1.000000000000000000e+00,6.673649814954533133e-01,1.121994532226096464e+00
3.000000000000000000e+00,2.000000000000000000e+00,-3.000000000000000000e+00,-7.000000000000000000e+00,2.603543309352221513e+01,7.491903563087016664e+02,5.111942798309751197e+02,1.000000000000000000e+00,6.056258726392567127e-01,1.199309940341452663e+00
3.000000000000000000e+00,2.000000000000000000e+00,-3.000000000000000000e+00,-6.000000000000000000e+00,2.948336108265374378e+01,7.256271943860753026e+02,5.089505253228957145e+02,1.000000000000000000e+00,5.500320796027834414e-01,1.281060660614969704e+00
3.000000000000000000e+00,2.000000000000000000e+00,-3.000000000000000000e+00,-5.000000000000000000e+00,3.383653480751019060e+01,7.047384952778647857e+02,5.071521522442434957e+02,1.000000000000000000e+00,5.009251602143296456e-01,1.365062681279440859e+00
3.000000000000000000e+00,2.000000000000000000e+00,-3.000000000000000000e+00,-4.000000000000000000e+00,3.922081942323688963e+01,6.867480491982353215e+02,5.057390436993599110e+02,1.000000000000000000e+00,4.588641546685142680e-01,1.447628948128034665e+00
3.000000000000000000e+00,2.000000000000000000e+00,-3.000000000000000000e+00,-3.000000000000000000e+00,4.571817593071489227e+01,6.720184960353731185e+02,5.046568760767220283e+02,1.000000000000000000e+00,4.246399276879778140e-01,1.523342148235413474e+00
3.000000000000000000e+00,2.000000000000000000e+00,-3.000000000000000000e+00,-2.000000000000000000e+00,5.331257210432721649e+01,6.610157503069169707e+02,5.038565926330747402e+02,1.000000000000000000e+00,3.992230140517371018e-01,1.585327775642969783e+00
3.000000000000000000e+00,2.000000000000000000e+00,-3.000000000000000000e+00,-1.000000000000000000e+00,6.183391569873515436e+01,6.542254526522830247e+02,5.032967441159113378e+02,1.000000000000000000e+00,3.836078656939230780e-01,1.626359699151217031e+00
3.000000000000000000e+00,2.000000000000000000e+00,-3.000000000000000000e+00,0.000000000000000000e+00,7.094022995011428634e+01,6.520229349520805044e+02,5.029485042629912073e+02,1.000000000000000000e+00,3.785581286706016235e-01,1.640761655561013610e+00
3.000000000000000000e+00,2.000000000000000000e+00,-2.000000000000000000e+00,-9.000000000000000000e+00,9.939445272606263870e+00,7.679196585188542485e+02,5.135301077849235298e+02,1.000000000000000000e+00,6.498161752540854152e-01,1.142236250260279862e+00
3.000000000000000000e+00,2.000000000000000000e+00,-2.000000000000000000e+00,-8.000000000000000000e+00,1.135213795360675704e+01,7.378508695627856468e+02,5.105186838905004834e+02,1.000000000000000000e+00,5.788347135586260350e-01,1.236431668370929549e+00
3.000000000000000000e+00,2.000000000000000000e+00,-2.000000000000000000e+00,-7.000000000000000000e+00,1.345946291948251883e+01,7.098748951792814523e+02,5.080751039944449303e+02,1.000000000000000000e+00,5.129581353930714460e-01,1.342305798610880840e+00
3.000000000000000000e+00,2.000000000000000000e+00,-2.000000000000000000e+00,-6.000000000000000000e+00,1.647253478568129026e+01,6.839039398803379299e+02,5.061283160740800895e+02,1.000000000000000000e+00,4.522218816231871052e-01,1.460044303336359706e+00
3.000000000000000000e+00,2.000000000000000000e+00,-2.000000000000000000e+00,-5.000000000000000000e+00,2.067565008886100486e+01,6.600160155956874632e+02,5.046168035987668645e+02,1.000000000000000000e+00,3.969018873300003691e-01,1.588270389634448110e+00
3.000000000000000000e+00,2.000000000000000000e+00,-2.000000000000000000e+00,-4.000000000000000000e+00,2.643417043704482694e+01,6.385058443973771318e+02,5.034825960094034372e+02,1.000000000000000000e+00,3.476527147334710910e-01,1.722743055233171949e+00
3.000000000000000000e+00,2.000000000000000000e+00,-2.000000000000000000e+00,-3.000000000000000000e+00,3.416286142040854656e+01,6.199595764404838292e+02,5.026650438786333552e+02,1.000000000000000000e+00,3.056832713656769673e-01,1.854748909440258720e+00
3.000000000000000000e+00,2.000000000000000000e+00,-2.000000000000000000e+00,-2.000000000000000000e+00,4.418764147160700873e+01,6.053200955773073701e+02,5.020956518320634245e+02,1.000000000000000000e+00,2.729058102929772245e-01,1.970083524970085653e+00
3.000000000000000000e+00,2.000000000000000000e+00,-2.000000000000000000e+00,-1.000000000000000000e+00,5.643247253619563253e+01,5.958292982217616327e+02,5.016992658951916155e+02,1.000000000000000000e+00,2.518301655776866710e-01,2.050546919938733392e+00
3.000000000000000000e+00,2.000000000000000000e+00,-2.000000000000000000e+00,0.000000000000000000e+00,7.006852383522399919e+01,5.926635669549943941e+02,5.014104232009048019e+02,1.000000000000000000e+00,2.448327209315009911e-01,2.079641292625467930e+00
3.000000000000000000e+00,2.000000000000000000e+00,-1.000000000000000000e+00,-6.000000000000000000e+00,-6.768924070144066718e-02,6.558216566516728108e+02,5.047217214181782765e+02,1.000000000000000000e+00,3.872463002537776533e-01,1.611730614606513790e+00
3.000000000000000000e+00,2.000000000000000000e+00,-1.000000000000000000e+00,-5.000000000000000000e+00,2.662708672585921477e+00,6.285461123892744126e+02,5.034494512645923123e+02,1.000000000000000000e+00,3.250480073644359535e-01,1.789505037708061908e+00
3.000000000000000000e+00,2.000000000000000000e+00,-1.000000000000000000e+00,-4.000000000000000000e+00,7.194652226232989278e+00,6.025215775719957492e+02,5.025906073146456947e+02,1.000000000000000000e+00,2.666704647794181371e-01,1.988886056878434783e+00
3.000000000000000000e+00,2.000000000000000000e+00,-1.000000000000000000e+00,-3.000000000000000000e+00,1.469774236018622560e+01,5.781120396190789279e+02,5.020980464563485839e+02,1.000000000000000000e+00,2.128556226797060635e-01,2.200345902163694856e+00
3.000000000000000000e+00,2.000000000000000000e+00,-1.000000000000000000e+00,-2.000000000000000000e+00,2.722719143438564515e+01,5.563817338875018095e+02,5.018998413132737255e+02,1.000000000000000000e+00,1.657505512208908571e-01,2.400718664967592009e+00
3.000000000000000000e+00,2.000000000000000000e+00,-1.000000000000000000e+00,-1.000000000000000000e+00,4.748368208937816348e+01,5.399719741550211438e+02,5.018548043851093325e+02,1.000000000000000000e+00,1.306907488357780533e-01,2.550858347630301726e+00
3.000000000000000000e+00,3.000000000000000000e+00,-4.000000000000000000e+00,-6.000000000000000000e+00,4.381910103655360444e+01,7.836451124242778405e+02,5.888238510718393854e+02,1.000000000000000000e+00,6.796755970317110984e-01,1.023578328183615938e+00
3.000000000000000000e+00,3.000000000000000000e+00,-4.000000000000000000e+00,-5.000000000000000000e+00,4.805957000840254523e+01,7.640131343828671788e+02,5.854590057005286781e+02,1.000000000000000000e+00,6.344868879774334669e-01,1.064931035226127198e+00
3.000000000000000000e+00,3.000000000000000000e+00,-4.000000000000000000e+00,-4.000000000000000000e+00,5.296475282452931310e+01,7.476180340254079510e+02,5.828014519898218850e+02,1.000000000000000000e+00,5.966069074514718240e-01,1.102768097972048444e+00
3.000000000000000000e+00,3.000000000000000000e+00,-4.000000000000000000e+00,-3.000000000000000000e+00,5.851675353488070641e+01,7.346060118432221770e+02,5.807662373994276095e+02,1.000000000000000000e+00,5.665025807657252388e-01,1.135156927752549727e+00
3.000000000000000000e+00,3.000000000000000000e+00,-4.000000000000000000e+00,-2.000000000000000000e+00,6.464639549663490925e+01,7.251677906412920720e+02,5.792855396553385390e+02,1.000000000000000000e+00,5.446680033010009581e-01,1.160121013770315956e+00
3.000000000000000000e+00,3.000000000000000000e+00,-4.000000000000000000e+00,-1.000000000000000000e+00,7.122749731592739408e+01,7.194921985346386464e+02,5.783087601143624852e+02,1.000000000000000000e+00,5.315503307445266223e-01,1.175913922552770607e+00
3.000000000000000000e+00,3.000000000000000000e+00,-3.000000000000000000e+00,-8.000000000000000000e+00,2.745073486267688168e+01,7.802266775610875129e+02,5.889458035117709187e+02,1.000000000000000000e+00,6.717390122752693316e-01,1.029699031862462144e+00
3.000000000000000000e+00,3.000000000000000000e+00,-3.000000000000000000e+00,-7.000000000000000000e+00,3.043904055129664243e+01,7.531527199497249967e+02,5.845380982236467844e+02,1.000000000000000000e+00,6.093203216312883530e-01,1.088482344286419101e+00
3.000000000000000000e+00,3.000000000000000000e+00,-3.000000000000000000e+00,-6.000000000000000000e+00,3.423431115334793162e+01,7.287996998432530518e+02,5.809794505063691759e+02,1.000000000000000000e+00,5.529785210504596371e-01,1.148495370155448114e+00
3.000000000000000000e+00,3.000000000000000000e+00,-3.000000000000000000e+00,-5.000000000000000000e+00,3.896501718735584063e+01,7.072306869525527873e+02,5.781549648544673801e+02,1.000000000000000000e+00,5.031071677083537308e-01,1.207856812127471535e+00
3.000000000000000000e+00,3.000000000000000000e+00,-3.000000000000000000e+00,-4.000000000000000000e+00,4.474254462050558345e+01,6.886664025723183613e+02,5.759647766201385366e+02,1.000000000000000000e+00,4.603199617666860477e-01,1.263932178192650913e+00
3.000000000000000000e+00,3.000000000000000000e+00,-3.000000000000000000e+00,-3.000000000000000000e+00,5.162105760948890065e+01,6.734781625929737174e+02,5.743192024052415263e+02,1.000000000000000000e+00,4.254701943274949993e-01,1.313389016646723917e+00
3.000000000000000000e+00,3.000000000000000000e+00,-3.000000000000000000e+00,-2.000000000000000000e+00,5.954146069644158956e+01,6.621508886446927136e+02,5.731375346843476564e+02,1.000000000000000000e+00,3.995990790585686181e-01,1.352495582845116173e+00
3.000000000000000000e+00,3.000000000000000000e+00,-3.000000000000000000e+00,-1.000000000000000000e+00,6.828110601540817015e+01,6.551940831649317261e+02,5.723517427772444535e+02,1.000000000000000000e+00,3.837710910238396056e-01,1.377705634345307573e+00
3.000000000000000000e+00,3.000000000000000000e+00,-2.000000000000000000e+00,-9.000000000000000000e+00,1.410027579315047319e+01,7.724448638728651986e+02,5.880758741285750375e+02,1.000000000000000000e+00,6.537885461643259122e-01,1.045278254929294715e+00
3.000000000000000000e+00,3.000000000000000000e+00,-2.000000000000000000e+00,-8.000000000000000000e+00,1.589914264810056466e+01,7.413223403199432369e+02,5.832542101080766770e+02,1.000000000000000000e+00,5.819141020589675417e-01,1.116007197997256117e+00
3.000000000000000000e+00,3.000000000000000000e+00,-2.000000000000000000e+00,-7.000000000000000000e+00,1.847174909101801177e+01,7.123950712031989951e+02,5.793699983074340025e+02,1.000000000000000000e+00,5.149973039341089187e-01,1.192005932987187267e+00
3.000000000000000000e+00,3.000000000000000000e+00,-2.000000000000000000e+00,-6.000000000000000000e+00,2.204693654988545859e+01,6.855444497308627660e+02,5.763041438026574497e+02,1.000000000000000000e+00,4.531056237498180539e-01,1.272170323036664552e+00
3.000000000000000000e+00,3.000000000000000000e+00,-2.000000000000000000e+00,-5.000000000000000000e+00,2.692657742360739803e+01,6.608273606971057461e+02,5.739548302618507023e+02,1.000000000000000000e+00,3.965428503213013212e-01,1.354321388342073496e+00
3.000000000000000000e+00,3.000000000000000000e+00,-2.000000000000000000e+00,-4.000000000000000000e+00,3.348468069963467997e+01,6.385307232122399910e+02,5.722271226530044714e+02,1.000000000000000000e+00,3.460007819851017574e-01,1.434837080645533280e+00
3.000000000000000000e+00,3.000000000000000000e+00,-2.000000000000000000e+00,-3.000000000000000000e+00,4.211374218576651174e+01,6.192563371697741559e+02,5.710219561694575532e+02,1.000000000000000000e+00,3.027595632764839562e-01,1.508457484862359532e+00
3.000000000000000000e+00,3.000000000000000000e+00,-2.000000000000000000e+00,-2.000000000000000000e+00,5.304494735455807586e+01,6.040037387854730468e+02,5.702263412185951665e+02,1.000000000000000000e+00,2.688746615144986807e-01,1.568571503429652347e+00
3.000000000000000000e+00,3.000000000000000000e+00,-2.000000000000000000e+00,-1.000000000000000000e+00,6.599554819461778266e+01,5.941240810655190216e+02,5.697139552888589833e+02,1.000000000000000000e+00,2.470958943471325830e-01,1.608283362108934078e+00
3.000000000000000000e+00,3.000000000000000000e+00,-1.000000000000000000e+00,-1.000000000000000000e+01,1.422963056207805721e+00,7.834877830828060041e+02,5.901960051091364221e+02,1.000000000000000000e+00,6.791433218734919119e-01,1.022406620268124344e+00
3.000000000000000000e+00,3.000000000000000000e+00,-1.000000000000000000e+00,-9.000000000000000000e+00,1.690351366929604637e+00,7.491033192138922914e+02,5.846729323612236158e+02,1.000000000000000000e+00,5.998861084722157955e-01,1.096916416295262042e+00
3.000000000000000000e+00,3.000000000000000000e+00,-1.000000000000000000e+00,-8.000000000000000000e+00,2.450666404341546922e+00,7.166838183713249464e+02,5.802079427693175830e+02,1.000000000000000000e+00,5.248884441040795323e-01,1.179523130928754382e+00
3.000000000000000000e+00,3.000000000000000000e+00,-1.000000000000000000e+00,-7.000000000000000000e+00,3.887080121837982460e+00,6.858606567993201679e+02,5.766729526722145920e+02,1.000000000000000000e+00,4.538136357138863874e-01,1.270363002570063626e+00
3.000000000000000000e+00,3.000000000000000000e+00,-1.000000000000000000e+00,-6.000000000000000000e+00,6.287670632053504960e+00,6.563586803015235773e+02,5.739693445251338062e+02,1.000000000000000000e+00,3.863567031995431278e-01,1.368778946962249110e+00
3.000000000000000000e+00,3.000000000000000000e+00,-1.000000000000000000e+00,-5.000000000000000000e+00,1.012518173633480956e+01,6.280034159179033395e+02,5.720195106464938135e+02,1.000000000000000000e+00,3.223129718613249595e-01,1.472727385493022734e+00
3.000000000000000000e+00,3.000000000000000000e+00,-1.000000000000000000e+00,-4.000000000000000000e+00,1.621027346211246822e+01,6.007652265105896277e+02,5.707579410887534550e+02,1.000000000000000000e+00,2.617054569051563417e-01,1.578012099998020501e+00
3.000000000000000000e+00,3.000000000000000000e+00,-1.000000000000000000e+00,-3.000000000000000000e+00,2.597498293556856197e+01,5.748945705241983433e+02,5.701169996800400668e+02,1.000000000000000000e+00,2.050853267129747193e-01,1.677579597363107355e+00
3.000000000000000000e+00,3.000000000000000000e+00,-1.000000000000000000e+00,-2.000000000000000000e+00,4.183185219047217629e+01,5.513226721946899715e+02,5.699935081062906193e+02,1.000000000000000000e+00,1.543602420010275478e-01,1.761469711820365935e+00
3.000000000000000000e+00,3.000000000000000000e+00,-1.000000000000000000e+00,-1.000000000000000000e+00,6.634836085823445728e+01,5.328189999542966007e+02,5.701578865828906828e+02,1.000000000000000000e+00,1.151426034579840912e-01,1.818276712254362826e+00
3.000000000000000000e+00,3.000000000000000000e+00,0.000000000000000000e+00,-2.000000000000000000e+00,6.856020527772159312e+00,5.212795387671201297e+02,5.709114387592187541e+02,1.000000000000000000e+00,9.095409126378055376e-02,1.843511800489819663e+00
3.000000000000000000e+00,4.000000000000000000e+00,-4.000000000000000000e+00,-6.000000000000000000e+00,4.970266002673028538e+01,7.888578301112435156e+02,6.776246823615708763e+02,1.000000000000000000e+00,6.778616675033403149e-01,9.273744547201293598e-01
3.000000000000000000e+00,4.000000000000000000e+00,-4.000000000000000000e+00,-5.000000000000000000e+00,5.425592094189019576e+01,7.680753112658576356e+02,6.725563602347472170e+02,1.000000000000000000e+00,6.320132633005359768e-01,9.577945028864698340e-01
3.000000000000000000e+00,4.000000000000000000e+00,-4.000000000000000000e+00,-4.000000000000000000e+00,5.946317360686362008e+01,7.507409691324662617e+02,6.685849249290333773e+02,1.000000000000000000e+00,5.934620652314711586e-01,9.850417624850428266e-01
3.000000000000000000e+00,4.000000000000000000e+00,-4.000000000000000000e+00,-3.000000000000000000e+00,6.528563037728420682e+01,7.370008934288608771e+02,6.655741067286949146e+02,1.000000000000000000e+00,5.627651870641746656e-01,1.007920025980871825e+00
3.000000000000000000e+00,4.000000000000000000e+00,-4.000000000000000000e+00,-2.000000000000000000e+00,7.162944665872331029e+01,7.270561642842335459e+02,6.634157882255874483e+02,1.000000000000000000e+00,5.405015764070820738e-01,1.025273459969366918e+00
3.000000000000000000e+00,4.000000000000000000e+00,-3.000000000000000000e+00,-8.000000000000000000e+00,3.338306115555604947e+01,7.850658145081649764e+02,6.775602808729402113e+02,1.000000000000000000e+00,6.693699487539298554e-01,9.319191519494187670e-01
3.000000000000000000e+00,4.000000000000000000e+00,-3.000000000000000000e+00,-7.000000000000000000e+00,3.683209856144227956e+01,7.563689357664001136e+02,6.708960021450593558e+02,1.000000000000000000e+00,6.058432281348147264e-01,9.748202101064706859e-01
3.000000000000000000e+00,4.000000000000000000e+00,-3.000000000000000000e+00,-6.000000000000000000e+00,4.114389366742912557e+01,7.305606578410388465e+02,6.655543242288397323e+02,1.000000000000000000e+00,5.481729606358434204e-01,1.017222387008035689e+00
3.000000000000000000e+00,4.000000000000000000e+00,-3.000000000000000000e+00,-5.000000000000000000e+00,4.643971648537583974e+01,7.076798643636553834e+02,6.613507921992586489e+02,1.000000000000000000e+00,4.968396636646413844e-01,1.057778690001951016e+00
3.000000000000000000e+00,4.000000000000000000e+00,-3.000000000000000000e+00,-4.000000000000000000e+00,5.281004626391830925e+01,6.879486044838820362e+02,6.581265007234396762e+02,1.000000000000000000e+00,4.525598946050208293e-01,1.094831744208387025e+00
3.000000000000000000e+00,4.000000000000000000e+00,-3.000000000000000000e+00,-3.000000000000000000e+00,6.026712674107446333e+01,6.717689442269708024e+02,6.557390162681383572e+02,1.000000000000000000e+00,4.163217726085447490e-01,1.126506103474143483e+00
3.000000000000000000e+00,4.000000000000000000e+00,-3.000000000000000000e+00,-2.000000000000000000e+00,6.868500832028166769e+01,6.596864546052303240e+02,6.540593701297459575e+02,1.000000000000000000e+00,3.893399082112150023e-01,1.150891484959664091e+00
3.000000000000000000e+00,4.000000000000000000e+00,-2.000000000000000000e+00,-9.000000000000000000e+00,2.014493370412913009e+01,7.767067912281894451e+02,6.760868590823669138e+02,1.000000000000000000e+00,6.508557547347801897e-01,9.434208537025988717e-01
3.000000000000000000e+00,4.000000000000000000e+00,-2.000000000000000000e+00,-8.000000000000000000e+00,2.251893864785134269e+01,7.436988501242983602e+02,6.687986043081584739e+02,1.000000000000000000e+00,5.774914435230501519e-01,9.944430284392173913e-01
3.000000000000000000e+00,4.000000000000000000e+00,-2.000000000000000000e+00,-7.000000000000000000e+00,2.579071476703535382e+01,7.129881542935529524e+02,6.629737213682049060e+02,1.000000000000000000e+00,5.086770689751034524e-01,1.047083691456857757e+00
3.000000000000000000e+00,4.000000000000000000e+00,-2.000000000000000000e+00,-6.000000000000000000e+00,3.022035323036945442e+01,6.843862599155235102e+02,6.584227160326113335e+02,1.000000000000000000e+00,4.444969234592982543e-01,1.100172951081847206e+00
3.000000000000000000e+00,4.000000000000000000e+00,-2.000000000000000000e+00,-5.000000000000000000e+00,3.614402904349350365e+01,6.578923564861763680e+02,6.549873255035429338e+02,1.000000000000000000e+00,3.852560283819215781e-01,1.152015850211526748e+00
3.000000000000000000e+00,4.000000000000000000e+00,-2.000000000000000000e+00,-4.000000000000000000e+00,4.396097387133158918e+01,6.337579737812744725e+02,6.525226109005770923e+02,1.000000000000000000e+00,3.316622340263454261e-01,1.200359332483796004e+00
3.000000000000000000e+00,4.000000000000000000e+00,-2.000000000000000000e+00,-3.000000000000000000e+00,5.404441743342613336e+01,6.126053917235776680e+02,6.508763502888411949e+02,1.000000000000000000e+00,2.851003748312000430e-01,1.242477119971894917e+00
3.000000000000000000e+00,4.000000000000000000e+00,-2.000000000000000000e+00,-2.000000000000000000e+00,6.648428387748333535e+01,5.955837788062975733e+02,6.498662755010768706e+02,1.000000000000000000e+00,2.479700180814930210e-01,1.275429173815150863e+00
3.000000000000000000e+00,4.000000000000000000e+00,-1.000000000000000000e+00,-1.000000000000000000e+01,7.282985586778266907e+00,7.883629844739700729e+02,6.792165045384980431e+02,1.000000000000000000e+00,6.764548892059122354e-01,9.265027787641413326e-01
3.000000000000000000e+00,4.000000000000000000e+00,-1.000000000000000000e+00,-9.000000000000000000e+00,8.135157495844055120e+00,7.518791258717965320e+02,6.708435942125225893e+02,1.000000000000000000e+00,5.957008960543475062e-01,9.808645154941760813e-01
3.000000000000000000e+00,4.000000000000000000e+00,-1.000000000000000000e+00,-8.000000000000000000e+00,9.633923075728631602e+00,7.174557915578579923e+02,6.641276921625510568e+02,1.000000000000000000e+00,5.186603487358873998e-01,1.038592337459055326e+00
3.000000000000000000e+00,4.000000000000000000e+00,-1.000000000000000000e+00,-7.000000000000000000e+00,1.202591774242037559e+01,6.846069214931748093e+02,6.588644391533550788e+02,1.000000000000000000e+00,4.449540920012341472e-01,1.099003409752439264e+00
3.000000000000000000e+00,4.000000000000000000e+00,-1.000000000000000000e+00,-6.000000000000000000e+00,1.570312180792345202e+01,6.529160525224606317e+02,6.549038087064589035e+02,1.000000000000000000e+00,3.741377939748755654e-01,1.160874775926973079e+00
3.000000000000000000e+00,4.000000000000000000e+00,-1.000000000000000000e+00,-5.000000000000000000e+00,2.131979253345312486e+01,6.220038226165670494e+02,6.521396484904014414e+02,1.000000000000000000e+00,3.057046127980581063e-01,1.222281502192820390e+00
3.000000000000000000e+00,4.000000000000000000e+00,-1.000000000000000000e+00,-4.000000000000000000e+00,3.003141550789558778e+01,5.914859620827987783e+02,6.505046081939055966e+02,1.000000000000000000e+00,2.390494340047429056e-01,1.280488897659129321e+00
3.000000000000000000e+00,4.000000000000000000e+00,-1.000000000000000000e+00,-3.000000000000000000e+00,4.400283345967099535e+01,5.608798327456842117e+02,6.499737371757277060e+02,1.000000000000000000e+00,1.733170336285954349e-01,1.331995643006894436e+00
3.000000000000000000e+00,4.000000000000000000e+00,-1.000000000000000000e+00,-2.000000000000000000e+00,6.748814671325879999e+01,5.292186285602231237e+02,6.506022026548511121e+02,1.000000000000000000e+00,1.066561826547898634e-01,1.372840499188007435e+00
3.000000000000000000e+00,4.000000000000000000e+00,0.000000000000000000e+00,-5.000000000000000000e+00,1.139230194654317074e-01,6.081033101872872066e+02,6.514712689084580006e+02,1.000000000000000000e+00,2.752087094031259173e-01,1.248723795845207762e+00
3.000000000000000000e+00,4.000000000000000000e+00,0.000000000000000000e+00,-4.000000000000000000e+00,5.806771668521378160e+00,5.735194753810607153e+02,6.503156989261568697e+02,1.000000000000000000e+00,2.003088354010987004e-01,1.310988888733160440e+00
3.000000000000000000e+00,4.000000000000000000e+00,0.000000000000000000e+00,-3.000000000000000000e+00,1.855305655560232481e+01,5.338885370178156791e+02,6.507855009854536092e+02,1.000000000000000000e+00,1.163921229840302607e-01,1.366427981428208094e+00
3.000000000000000000e+00,5.000000000000000000e+00,-3.000000000000000000e+00,-4.000000000000000000e+00,6.424662564370703421e+01,6.779802694273505494e+02,7.613117258871197919e+02,1.000000000000000000e+00,4.187445925047543760e-01,9.525623439844895790e-01
3.000000000000000000e+00,5.000000000000000000e+00,-3.000000000000000000e+00,-3.000000000000000000e+00,7.263892306776162400e+01,6.595157383350787086e+02,7.579487903637802901e+02,1.000000000000000000e+00,3.791269274738689465e-01,9.732043462761461594e-01
3.000000000000000000e+00,5.000000000000000000e+00,-2.000000000000000000e+00,-6.000000000000000000e+00,4.186392610572113426e+01,6.735706101040289013e+02,7.616025655562292513e+02,1.000000000000000000e+00,4.091375165961229632e-01,9.560739417958751263e-01
3.000000000000000000e+00,5.000000000000000000e+00,-2.000000000000000000e+00,-5.000000000000000000e+00,4.953007666315971846e+01,6.428716300262358345e+02,7.568152760160498929e+02,1.000000000000000000e+00,3.432966821666021962e-01,9.895110971109729592e-01
3.000000000000000000e+00,5.000000000000000000e+00,-2.000000000000000000e+00,-4.000000000000000000e+00,5.960801245632097789e+01,6.137807962346946624e+02,7.536374586488416298e+02,1.000000000000000000e+00,2.811800449624004550e-01,1.019643209006567908e+00
3.000000000000000000e+00,5.000000000000000000e+00,-2.000000000000000000e+00,-3.000000000000000000e+00,7.259975531435128460e+01,5.866553660494890892e+02,7.518784069183361680e+02,1.000000000000000000e+00,2.237481594522232886e-01,1.045081943134225533e+00
3.000000000000000000e+00,5.000000000000000000e+00,-1.000000000000000000e+00,-7.000000000000000000e+00,2.364454669028640410e+01,6.736445729930236439e+02,7.621674913760753043e+02,1.000000000000000000e+00,4.092250224902708178e-01,9.553060913548089284e-01
3.000000000000000000e+00,5.000000000000000000e+00,-1.000000000000000000e+00,-6.000000000000000000e+00,2.948412819719163735e+01,6.367267084404996922e+02,7.566748774371451418e+02,1.000000000000000000e+00,3.300808620134678129e-01,9.951080693195578641e-01
3.000000000000000000e+00,5.000000000000000000e+00,-1.000000000000000000e+00,-5.000000000000000000e+00,3.845866657866150717e+01,5.985444146388325635e+02,7.533033337339942364e+02,1.000000000000000000e+00,2.487946720051341098e-01,1.032977722129807541e+00
3.000000000000000000e+00,5.000000000000000000e+00,-1.000000000000000000e+00,-4.000000000000000000e+00,5.338186888526288953e+01,5.554665066173927244e+02,7.524133892616355297e+02,1.000000000000000000e+00,1.584965220535766162e-01,1.067400363205363023e+00
3.000000000000000000e+00,5.000000000000000000e+00,0.000000000000000000e+00,-7.000000000000000000e+00,7.923760111010182072e+00,6.619568064525205955e+02,7.604219429549386859e+02,1.000000000000000000e+00,3.841209664450813688e-01,9.677722308036534882e-01
3.000000000000000000e+00,5.000000000000000000e+00,0.000000000000000000e+00,-6.000000000000000000e+00,1.200864816171355187e+01,6.226735073103258173e+02,7.554057774372868153e+02,1.000000000000000000e+00,3.000415286262815839e-01,1.009221808760969008e+00
3.000000000000000000e+00,5.000000000000000000e+00,0.000000000000000000e+00,-5.000000000000000000e+00,1.948015034961798619e+01,5.798066477398685947e+02,7.528186718968840978e+02,1.000000000000000000e+00,2.092786982792780026e-01,1.048791110986528219e+00
3.000000000000000000e+00,5.000000000000000000e+00,0.000000000000000000e+00,-4.000000000000000000e+00,3.720732423121859256e+01,5.209722040102732308e+02,7.543309734684357863e+02,1.000000000000000000e+00,8.768061902664860130e-02,1.084875232929678690e+00
4.000000000000000000e+00,-6.000000000000000000e+00,0.000000000000000000e+00,2.000000000000000000e+00,2.231877545102466343e+01,1.817991635897163860e+01,9.870790592035092459e+01,0.000000000000000000e+00,6.661554702057164157e-01,9.544684216750141115e-01
4.000000000000000000e+00,-6.000000000000000000e+00,1.000000000000000000e+00,0.000000000000000000e+00,5.298846230115714206e+00,2.274671041689325079e+01,9.208486862583885113e+01,0.000000000000000000e+00,6.549918984402091082e-01,9.537665404820467874e-01
4.000000000000000000e+00,-6.000000000000000000e+00,1.000000000000000000e+00,1.000000000000000000e+00,7.766894187876658862e+00,3.883866207303805140e+01,6.994219882565715807e+01,0.000000000000000000e+00,6.159512622704566009e-01,9.509128539070942354e-01
4.000000000000000000e+00,-6.000000000000000000e+00,1.000000000000000000e+00,2.000000000000000000e+00,1.020307740765781546e+01,5.351323371397364781e+01,4.607550544561036077e+01,0.000000000000000000e+00,5.799179544177551771e-01,9.425030713359756618e-01
4.000000000000000000e+00,-6.000000000000000000e+00,1.000000000000000000e+00,3.000000000000000000e+00,1.258702414261728109e+01,6.684004122995918351e+01,2.013430787858084159e+01,0.000000000000000000e+00,5.466749304109261853e-01,9.289693434171095721e-01
4.000000000000000000e+00,-5.000000000000000000e+00,-1.000000000000000000e+00,-2.000000000000000000e+00,2.221962914817603973e+01,1.440734513456331456e+01,2.728426268619350026e+02,0.000000000000000000e+00,6.940507054053055569e-01,1.119151062088151072e+00
4.000000000000000000e+00,-5.000000000000000000e+00,0.000000000000000000e+00,-3.000000000000000000e+00,9.614148411523757431e+00,2.116913723001414382e+01,2.494426361055072334e+02,0.000000000000000000e+00,6.769328994482364248e-01,1.115668851524159733e+00
4.000000000000000000e+00,-5.000000000000000000e+00,0.000000000000000000e+00,-2.000000000000000000e+00,1.326350189040849159e+01,3.762246368494231774e+01,2.324327282916793820e+02,0.000000000000000000e+00,6.378220338503614029e-01,1.139342378679061962e+00
4.000000000000000000e+00,-5.000000000000000000e+00,0.000000000000000000e+00,-1.000000000000000000e+00,1.701635528577833156e+01,5.209636634796839871e+01,2.149920304705376566e+02,0.000000000000000000e+00,6.032864404044816498e-01,1.154290922442980483e+00
4.000000000000000000e+00,-5.000000000000000000e+00,0.000000000000000000e+00,0.000000000000000000e+00,2.086268723113792589e+01,6.454798816346534807e+01,1.969584232357231883e+02,0.000000000000000000e+00,5.734247035593774688e-01,1.159406065328042912e+00
4.000000000000000000e+00,-5.000000000000000000e+00,1.000000000000000000e+00,-3.000000000000000000e+00,-9.807258551042252748e-01,3.256618178173866340e+01,2.066030799748130846e+02,0.000000000000000000e+00,6.473786035852586718e-01,1.096689555803326943e+00
4.000000000000000000e+00,-5.000000000000000000e+00,1.000000000000000000e+00,-2.000000000000000000e+00,1.974263292876770493e+00,5.235265025346308221e+01,1.892761711892544554e+02,0.000000000000000000e+00,6.006552771192308349e-01,1.119151062088150850e+00
4.000000000000000000e+00,-5.000000000000000000e+00,1.000000000000000000e+00,-1.000000000000000000e+00,5.013141630414850169e+00,7.059280358920894116e+01,1.712889397181325535e+02,0.000000000000000000e+00,5.575936949988365976e-01,1.133309026706234901e+00
4.000000000000000000e+00,-5.000000000000000000e+00,1.000000000000000000e+00,0.000000000000000000e+00,8.141956052753243966e+00,8.730495951423364431e+01,1.524612449742143099e+02,0.000000000000000000e+00,5.181698049159889630e-01,1.138149110040370671e+00
4.000000000000000000e+00,-5.000000000000000000e+00,1.000000000000000000e+00,1.000000000000000000e+00,1.136355218059810568e+01,1.024634954411256160e+02,1.325987572009324253e+02,0.000000000000000000e+00,4.824166510373816830e-01,1.133309026706234679e+00
4.000000000000000000e+00,-5.000000000000000000e+00,1.000000000000000000e+00,2.000000000000000000e+00,1.467537176460365345e+01,1.160022242003400663e+02,1.114861825816432770e+02,0.000000000000000000e+00,4.504236536964714710e-01,1.119151062088150850e+00
4.000000000000000000e+00,-5.000000000000000000e+00,1.000000000000000000e+00,3.000000000000000000e+00,1.806645728729316147e+01,1.278205087795424078e+02,8.887869487592263340e+01,0.000000000000000000e+00,4.223261019651005088e-01,1.096689555803326721e+00
4.000000000000000000e+00,-5.000000000000000000e+00,1.000000000000000000e+00,4.000000000000000000e+00,2.151379330715150218e+01,1.377947136077150105e+02,6.449031264202176317e+01,0.000000000000000000e+00,3.982797906732784554e-01,1.067400363205363245e+00
4.000000000000000000e+00,-4.000000000000000000e+00,-2.000000000000000000e+00,-5.000000000000000000e+00,1.911365534232123764e+01,1.006804578783257398e+01,4.019674763236721446e+02,0.000000000000000000e+00,7.074082234521085200e-01,1.152015850211526748e+00
4.000000000000000000e+00,-4.000000000000000000e+00,-2.000000000000000000e+00,-4.000000000000000000e+00,2.386109632964519278e+01,2.475225716555098643e+01,3.847159321664292975e+02,0.000000000000000000e+00,6.731783331073960541e-01,1.200359332483796448e+00
4.000000000000000000e+00,-4.000000000000000000e+00,-1.000000000000000000e+00,-6.000000000000000000e+00,7.565743125936080560e+00,1.236917103688222141e+01,3.795137446525395148e+02,0.000000000000000000e+00,7.020878654551141462e-01,1.160874775926973079e+00
4.000000000000000000e+00,-4.000000000000000000e+00,-1.000000000000000000e+00,-5.000000000000000000e+00,1.191285890582850016e+01,3.166027822085334265e+01,3.626170964480455723e+02,0.000000000000000000e+00,6.568891111461412358e-01,1.222281502192820390e+00
4.000000000000000000e+00,-4.000000000000000000e+00,-1.000000000000000000e+00,-4.000000000000000000e+00,1.645230338036236617e+01,4.878978790241365004e+01,3.460852344668809906e+02,0.000000000000000000e+00,6.165977028646788538e-01,1.280488897659129321e+00
4.000000000000000000e+00,-4.000000000000000000e+00,-1.000000000000000000e+00,-3.000000000000000000e+00,2.118485876028515236e+01,6.375630433945170239e+01,3.297493525020761922e+02,0.000000000000000000e+00,5.813355153278557674e-01,1.331995643006894881e+00
4.000000000000000000e+00,-4.000000000000000000e+00,0.000000000000000000e+00,-6.000000000000000000e+00,-9.411745151182344671e-01,2.205022355196354056e+01,3.401498446028164722e+02,0.000000000000000000e+00,6.789767676635720672e-01,1.183456329609615887e+00
4.000000000000000000e+00,-4.000000000000000000e+00,0.000000000000000000e+00,-5.000000000000000000e+00,2.865282674323765377e+00,4.371823709538972480e+01,3.238312135551204847e+02,0.000000000000000000e+00,6.279884598710965271e-01,1.248723795845208207e+00
4.000000000000000000e+00,-4.000000000000000000e+00,0.000000000000000000e+00,-4.000000000000000000e+00,6.872760875390127921e+00,6.351409217062200696e+01,3.076926798479081526e+02,0.000000000000000000e+00,5.813781484293905066e-01,1.310988888733160662e+00
4.000000000000000000e+00,-4.000000000000000000e+00,0.000000000000000000e+00,-3.000000000000000000e+00,1.110606346080402318e+01,8.146331678051214453e+01,2.915743194097348692e+02,0.000000000000000000e+00,5.391938790692014649e-01,1.366427981428208316e+00
4.000000000000000000e+00,-4.000000000000000000e+00,0.000000000000000000e+00,-2.000000000000000000e+00,1.558641664879877453e+01,9.752339695148283738e+01,2.753286453885920082e+02,0.000000000000000000e+00,5.015695786708680437e-01,1.410630558812735913e+00
4.000000000000000000e+00,-4.000000000000000000e+00,0.000000000000000000e+00,-1.000000000000000000e+00,2.032659485533491761e+01,1.115860617834267714e+02,2.588162703582527797e+02,0.000000000000000000e+00,4.687372335455104455e-01,1.439304050665064061e+00
4.000000000000000000e+00,-4.000000000000000000e+00,1.000000000000000000e+00,-3.000000000000000000e+00,-1.316914227644303992e+00,8.953037925999559832e+01,2.518755655328455987e+02,0.000000000000000000e+00,5.191783713255027077e-01,1.331995643006894881e+00
4.000000000000000000e+00,-4.000000000000000000e+00,1.000000000000000000e+00,-2.000000000000000000e+00,2.151399742413701688e+00,1.091547185896864391e+02,2.353739445641080295e+02,0.000000000000000000e+00,4.734903120738165327e-01,1.372840499188007657e+00
4.000000000000000000e+00,-4.000000000000000000e+00,1.000000000000000000e+00,-1.000000000000000000e+00,5.846168697862708541e+00,1.273469426223713299e+02,2.184012333359340516e+02,0.000000000000000000e+00,4.314281637980107442e-01,1.399227920662430957e+00
4.000000000000000000e+00,-4.000000000000000000e+00,1.000000000000000000e+00,0.000000000000000000e+00,9.810755455265905312e+00,1.440123347774274407e+02,2.008056894862153285e+02,0.000000000000000000e+00,3.931698139758947885e-01,1.408367728158291143e+00
4.000000000000000000e+00,-4.000000000000000000e+00,1.000000000000000000e+00,1.000000000000000000e+00,1.409025170938835458e+01,1.589705479938887436e+02,1.824326464541473456e+02,0.000000000000000000e+00,3.590503905673262386e-01,1.399227920662430735e+00
4.000000000000000000e+00,-4.000000000000000000e+00,1.000000000000000000e+00,2.000000000000000000e+00,1.872386238659845503e+01,1.719458378174156792e+02,1.631222124447596400e+02,0.000000000000000000e+00,3.295857244626296256e-01,1.372840499188007657e+00
4.000000000000000000e+00,-4.000000000000000000e+00,1.000000000000000000e+00,3.000000000000000000e+00,2.373005502557901991e+01,1.825683529660593081e+02,1.427060294139686505e+02,0.000000000000000000e+00,3.054693943356515118e-01,1.331995643006895103e+00
4.000000000000000000e+00,-3.000000000000000000e+00,-3.000000000000000000e+00,-7.000000000000000000e+00,1.576031373332486396e+01,1.135929505386903315e+01,5.160214941142326097e+02,0.000000000000000000e+00,7.000452370654335343e-01,1.088482344286419545e+00
4.000000000000000000e+00,-3.000000000000000000e+00,-3.000000000000000000e+00,-6.000000000000000000e+00,2.114821946043025491e+01,2.760434200762725254e+01,4.959231117579500392e+02,0.000000000000000000e+00,6.637720742052012346e-01,1.148495370155448558e+00
4.000000000000000000e+00,-3.000000000000000000e+00,-2.000000000000000000e+00,-8.000000000000000000e+00,4.839344273404719843e+00,1.400400963269115095e+01,4.915697716941447766e+02,0.000000000000000000e+00,6.954758053244879390e-01,1.116007197997256339e+00
4.000000000000000000e+00,-3.000000000000000000e+00,-2.000000000000000000e+00,-7.000000000000000000e+00,9.795329406777852910e+00,3.486137652027053946e+01,4.720025883222475613e+02,0.000000000000000000e+00,6.479932088935257406e-01,1.192005932987187267e+00
4.000000000000000000e+00,-3.000000000000000000e+00,-2.000000000000000000e+00,-6.000000000000000000e+00,1.502034957818332828e+01,5.337362095800426687e+01,4.535286159142518159e+02,0.000000000000000000e+00,6.054358440620749571e-01,1.272170323036664552e+00
4.000000000000000000e+00,-3.000000000000000000e+00,-2.000000000000000000e+00,-5.000000000000000000e+00,2.052386964068807629e+01,6.957552224922724804e+01,4.358984249909286746e+02,0.000000000000000000e+00,5.679881347563776606e-01,1.354321388342073496e+00
4.000000000000000000e+00,-3.000000000000000000e+00,-1.000000000000000000e+00,-8.000000000000000000e+00,-2.341168704471328965e+00,2.540745423213124354e+01,4.497316260296732935e+02,0.000000000000000000e+00,6.707456850221485967e-01,1.179523130928754604e+00
4.000000000000000000e+00,-3.000000000000000000e+00,-1.000000000000000000e+00,-7.000000000000000000e+00,2.127627816758121071e+00,4.838924383622648406e+01,4.315359095243185834e+02,0.000000000000000000e+00,6.175195135053338502e-01,1.270363002570064292e+00
4.000000000000000000e+00,-3.000000000000000000e+00,-1.000000000000000000e+00,-6.000000000000000000e+00,6.893052797406966192e+00,6.931578745167199429e+01,4.141875979417044960e+02,0.000000000000000000e+00,5.688341478932374962e-01,1.368778946962249110e+00
4.000000000000000000e+00,-3.000000000000000000e+00,-1.000000000000000000e+00,-5.000000000000000000e+00,1.199684039511888045e+01,8.823733684488365725e+01,3.974680735635869269e+02,0.000000000000000000e+00,5.247916796033199605e-01,1.472727385493023178e+00
4.000000000000000000e+00,-3.000000000000000000e+00,-1.000000000000000000e+00,-4.000000000000000000e+00,1.747612172702687872e+01,1.051203982378084447e+02,3.811909709653039613e+02,0.000000000000000000e+00,4.855802535718795054e-01,1.578012099998020945e+00
4.000000000000000000e+00,-3.000000000000000000e+00,-1.000000000000000000e+00,-3.000000000000000000e+00,2.335501778686517582e+01,1.198509916499338885e+02,3.651946945155734170e+02,0.000000000000000000e+00,4.514948948745058366e-01,1.677579597363107577e+00
4.000000000000000000e+00,-3.000000000000000000e+00,0.000000000000000000e+00,-6.000000000000000000e+00,-2.997574955217629622e+00,7.513497226795045947e+01,3.762061686727718666e+02,0.000000000000000000e+00,5.553075739096166030e-01,1.406225373169721848e+00
4.000000000000000000e+00,-3.000000000000000000e+00,0.000000000000000000e+00,-5.000000000000000000e+00,1.284459918458878747e+00,9.671096983907875710e+01,3.600600166151992312e+02,0.000000000000000000e+00,5.049761285127233323e-01,1.519676154516219402e+00
4.000000000000000000e+00,-3.000000000000000000e+00,0.000000000000000000e+00,-4.000000000000000000e+00,5.933067193238684922e+00,1.166529554854176638e+02,3.441837050226745873e+02,0.000000000000000000e+00,4.587103251981810015e-01,1.636183557089753604e+00
4.000000000000000000e+00,-3.000000000000000000e+00,0.000000000000000000e+00,-3.000000000000000000e+00,1.102372453370352900e+01,1.349031692051115385e+02,3.284226304285482456e+02,0.000000000000000000e+00,4.166741540712391445e-01,1.747985184977547402e+00
4.000000000000000000e+00,-3.000000000000000000e+00,0.000000000000000000e+00,-2.000000000000000000e+00,1.663652115108016005e+01,1.513033816657476791e+02,3.126377418163857556e+02,0.000000000000000000e+00,3.792001078575849560e-01,1.843511800489820551e+00
4.000000000000000000e+00,-3.000000000000000000e+00,0.000000000000000000e+00,-1.000000000000000000e+00,2.284311963693880898e+01,1.655820274562763075e+02,2.967030812219305176e+02,0.000000000000000000e+00,3.468284307822809276e-01,1.908936843350028223e+00
4.000000000000000000e+00,-3.000000000000000000e+00,1.000000000000000000e+00,-2.000000000000000000e+00,-1.609762584984082423e-01,1.589616352058566235e+02,2.748122303543891007e+02,0.000000000000000000e+00,3.614226736452184618e-01,1.761469711820366602e+00
4.000000000000000000e+00,-3.000000000000000000e+00,1.000000000000000000e+00,-1.000000000000000000e+00,4.232595045335500572e+00,1.780139312681906176e+02,2.584802611088585422e+02,0.000000000000000000e+00,3.185597649928506025e-01,1.818276712254363270e+00
4.000000000000000000e+00,-3.000000000000000000e+00,1.000000000000000000e+00,0.000000000000000000e+00,9.256224749369522442e+00,1.955736536391756601e+02,2.416689930276246230e+02,0.000000000000000000e+00,2.794945842465456631e-01,1.838469701643683951e+00
4.000000000000000000e+00,-3.000000000000000000e+00,1.000000000000000000e+00,1.000000000000000000e+00,1.512082076969318223e+01,2.112074356811827727e+02,2.242526072805761714e+02,0.000000000000000000e+00,2.450713231835203731e-01,1.818276712254363714e+00
4.000000000000000000e+00,-3.000000000000000000e+00,1.000000000000000000e+00,2.000000000000000000e+00,2.206549453701313723e+01,2.242045129640745529e+02,2.061213022045955370e+02,0.000000000000000000e+00,2.166903877261183442e-01,1.761469711820366379e+00
4.000000000000000000e+00,-2.000000000000000000e+00,-4.000000000000000000e+00,-8.000000000000000000e+00,1.364339759811778663e+01,2.573223713469724316e+01,6.245268766560254790e+02,0.000000000000000000e+00,6.565310004056542637e-01,1.004684644783764291e+00
4.000000000000000000e+00,-2.000000000000000000e+00,-4.000000000000000000e+00,-7.000000000000000000e+00,1.982428148678999946e+01,4.071014210825040891e+01,5.999034162312773333e+02,0.000000000000000000e+00,6.256624677295163917e-01,1.059059512963700378e+00
4.000000000000000000e+00,-2.000000000000000000e+00,-3.000000000000000000e+00,-1.000000000000000000e+01,-2.451565603979332764e+00,9.908914545177481159e+00,6.206499565959522897e+02,0.000000000000000000e+00,6.924648238951731649e-01,9.842567314239102361e-01
4.000000000000000000e+00,-2.000000000000000000e+00,-3.000000000000000000e+00,-9.000000000000000000e+00,2.942129391714274789e+00,3.261345801661320820e+01,5.947020058015941686e+02,0.000000000000000000e+00,6.445412570372903716e-01,1.050192975091367664e+00
4.000000000000000000e+00,-2.000000000000000000e+00,-3.000000000000000000e+00,-8.000000000000000000e+00,8.669016076663098147e+00,5.269625583050688533e+01,5.710715727127394530e+02,0.000000000000000000e+00,6.010512989187837274e-01,1.121994532226096464e+00
4.000000000000000000e+00,-2.000000000000000000e+00,-3.000000000000000000e+00,-7.000000000000000000e+00,1.475485139030158166e+01,7.026480227506449694e+01,5.492944887612956109e+02,0.000000000000000000e+00,5.623451273020817487e-01,1.199309940341452885e+00
4.000000000000000000e+00,-2.000000000000000000e+00,-3.000000000000000000e+00,-6.000000000000000000e+00,2.120818329475605424e+01,8.533663018729120608e+01,5.290008540045132577e+02,0.000000000000000000e+00,5.287726284670509758e-01,1.281060660614970148e+00
4.000000000000000000e+00,-2.000000000000000000e+00,-2.000000000000000000e+00,-8.000000000000000000e+00,1.901685162861667777e+00,6.945601472193092718e+01,5.248496830519899277e+02,0.000000000000000000e+00,5.655265950389523066e-01,1.236431668370929771e+00
4.000000000000000000e+00,-2.000000000000000000e+00,-2.000000000000000000e+00,-7.000000000000000000e+00,7.580026156004919358e+00,8.975937206383810008e+01,5.050643497100707577e+02,0.000000000000000000e+00,5.195067511935665960e-01,1.342305798610881284e+00
4.000000000000000000e+00,-2.000000000000000000e+00,-2.000000000000000000e+00,-6.000000000000000000e+00,1.374448859938235046e+01,1.078864813323339007e+02,4.864447880029882754e+02,0.000000000000000000e+00,4.782578732227662499e-01,1.460044303336360372e+00
4.000000000000000000e+00,-2.000000000000000000e+00,-2.000000000000000000e+00,-5.000000000000000000e+00,2.044338963201187198e+01,1.237541594071061297e+02,4.687384578842288647e+02,0.000000000000000000e+00,4.421349052349096698e-01,1.588270389634448554e+00
4.000000000000000000e+00,-2.000000000000000000e+00,-1.000000000000000000e+00,-7.000000000000000000e+00,-1.533308407768686266e+00,9.882438279833787931e+01,4.647509117107680936e+02,0.000000000000000000e+00,4.995810074999124661e-01,1.457314042019820732e+00
4.000000000000000000e+00,-2.000000000000000000e+00,-1.000000000000000000e+00,-6.000000000000000000e+00,3.851779049105545027e+00,1.199111728531676704e+02,4.472891374869645915e+02,0.000000000000000000e+00,4.512003645175668987e-01,1.611730614606514456e+00
4.000000000000000000e+00,-2.000000000000000000e+00,-1.000000000000000000e+00,-5.000000000000000000e+00,9.840117471395245730e+00,1.391967037620331951e+02,4.305312790102543659e+02,0.000000000000000000e+00,4.071503878979924052e-01,1.789505037708062352e+00
4.000000000000000000e+00,-2.000000000000000000e+00,-1.000000000000000000e+00,-4.000000000000000000e+00,1.655496813643165410e+01,1.565351544596136364e+02,4.142881627777600215e+02,0.000000000000000000e+00,3.678041548302559138e-01,1.988886056878435449e+00
4.000000000000000000e+00,-2.000000000000000000e+00,-1.000000000000000000e+00,-3.000000000000000000e+00,2.411069440255556628e+01,1.716474299446514067e+02,3.983975269780814870e+02,0.000000000000000000e+00,3.337612064909999954e-01,2.200345902163694856e+00
4.000000000000000000e+00,-2.000000000000000000e+00,0.000000000000000000e+00,-4.000000000000000000e+00,1.942258773765757951e+00,1.637643066750582932e+02,3.779493193233102488e+02,0.000000000000000000e+00,3.514462913519487142e-01,2.109338059754583217e+00
4.000000000000000000e+00,-2.000000000000000000e+00,0.000000000000000000e+00,-3.000000000000000000e+00,7.976873670098655111e+00,1.831783294173327761e+02,3.623336794329662780e+02,0.000000000000000000e+00,3.079029541500804545e-01,2.366912659219231774e+00
4.000000000000000000e+00,-2.000000000000000000e+00,0.000000000000000000e+00,-2.000000000000000000e+00,1.511074637967328727e+01,2.008404925352773205e+02,3.467717550195870899e+02,0.000000000000000000e+00,2.687387077796284385e-01,2.621977777466321324e+00
4.000000000000000000e+00,-2.000000000000000000e+00,0.000000000000000000e+00,-1.000000000000000000e+00,2.367712328618588913e+01,2.162004194568846174e+02,3.311432566935221189e+02,0.000000000000000000e+00,2.350461154687672194e-01,2.821261117625472270e+00
4.000000000000000000e+00,-2.000000000000000000e+00,1.000000000000000000e+00,-1.000000000000000000e+00,-2.656860626897611155e+00,2.230636286375803365e+02,2.943224981469041381e+02,0.000000000000000000e+00,2.199716965983275208e-01,2.550858347630303058e+00
4.000000000000000000e+00,-2.000000000000000000e+00,1.000000000000000000e+00,0.000000000000000000e+00,3.149043579253032021e+00,2.429069597163513947e+02,2.779675350854287785e+02,0.000000000000000000e+00,1.772125310470428483e-01,2.607531882332313700e+00
4.000000000000000000e+00,-2.000000000000000000e+00,1.000000000000000000e+00,1.000000000000000000e+00,1.116059368623348291e+01,2.608459583555758741e+02,2.611054597198711917e+02,0.000000000000000000e+00,1.390726606646680852e-01,2.550858347630303058e+00
4.000000000000000000e+00,-2.000000000000000000e+00,1.000000000000000000e+00,2.000000000000000000e+00,2.316763998699980220e+01,2.749625962875245477e+02,2.436902692583716998e+02,0.000000000000000000e+00,1.093917786783585588e-01,2.400718664967592453e+00
4.000000000000000000e+00,-1.000000000000000000e+00,-5.000000000000000000e+00,-9.000000000000000000e+00,6.858376945918138290e+00,4.507403458952217079e+01,7.636962084214740116e+02,0.000000000000000000e+00,5.912492395377278998e-01,8.886909907021779409e-01
4.000000000000000000e+00,-1.000000000000000000e+00,-5.000000000000000000e+00,-8.000000000000000000e+00,1.399161692979177474e+01,5.686946037718152525e+01,7.301163337117615129e+02,0.000000000000000000e+00,5.720204709011182942e-01,9.309459011329463962e-01
4.000000000000000000e+00,-1.000000000000000000e+00,-5.000000000000000000e+00,-7.000000000000000000e+00,2.137619269355951701e+01,6.599155760965854256e+01,7.000436278076637109e+02,0.000000000000000000e+00,5.568165058898566500e-01,9.737064296663421326e-01
4.000000000000000000e+00,-1.000000000000000000e+00,-4.000000000000000000e+00,-9.000000000000000000e+00,2.973637921027858511e+00,7.253643590529553364e+01,6.905574754673091320e+02,0.000000000000000000e+00,5.437443933332495316e-01,9.931905576535541291e-01
4.000000000000000000e+00,-1.000000000000000000e+00,-4.000000000000000000e+00,-8.000000000000000000e+00,9.970569809028546615e+00,8.801978101490844608e+01,6.624338245306462341e+02,0.000000000000000000e+00,5.128489501513241455e-01,1.053258936943854751e+00
4.000000000000000000e+00,-1.000000000000000000e+00,-4.000000000000000000e+00,-7.000000000000000000e+00,1.743808562214749713e+01,1.008347567331105950e+02,6.368807530713236247e+02,0.000000000000000000e+00,4.867138754705692127e-01,1.116425467124926074e+00
4.000000000000000000e+00,-1.000000000000000000e+00,-3.000000000000000000e+00,-9.000000000000000000e+00,-2.772966035059880596e+00,9.021131039826140352e+01,6.315043244417024653e+02,0.000000000000000000e+00,5.109724874540306772e-01,1.106053108074187774e+00
4.000000000000000000e+00,-1.000000000000000000e+00,-3.000000000000000000e+00,-8.000000000000000000e+00,3.768602041623694276e+00,1.093069011927044158e+02,6.070581772046788274e+02,0.000000000000000000e+00,4.699464048944028693e-01,1.190905670411637196e+00
4.000000000000000000e+00,-1.000000000000000000e+00,-3.000000000000000000e+00,-7.000000000000000000e+00,1.096537490519810376e+01,1.260017604180463593e+02,5.845961573388960915e+02,0.000000000000000000e+00,4.336342358061441860e-01,1.284616240830907641e+00
4.000000000000000000e+00,-1.000000000000000000e+00,-3.000000000000000000e+00,-6.000000000000000000e+00,1.888012656836622227e+01,1.401554222583097271e+02,5.637257469276686379e+02,0.000000000000000000e+00,4.026411368034135685e-01,1.386656690201582665e+00
4.000000000000000000e+00,-1.000000000000000000e+00,-2.000000000000000000e+00,-7.000000000000000000e+00,1.917885649488738409e+00,1.405498690007411540e+02,5.392170784896806026e+02,0.000000000000000000e+00,4.025097990535058678e-01,1.465314671287701653e+00
4.000000000000000000e+00,-1.000000000000000000e+00,-2.000000000000000000e+00,-6.000000000000000000e+00,9.166066955248425074e+00,1.589129685398391132e+02,5.201746495402495611e+02,0.000000000000000000e+00,3.615954042912702393e-01,1.622573440628674701e+00
4.000000000000000000e+00,-1.000000000000000000e+00,-2.000000000000000000e+00,-5.000000000000000000e+00,1.747406105974440038e+01,1.749897784549320363e+02,5.021302780652973183e+02,0.000000000000000000e+00,3.258866051746004966e-01,1.804381092574398382e+00
4.000000000000000000e+00,-1.000000000000000000e+00,-1.000000000000000000e+00,-5.000000000000000000e+00,3.370828239281820515e+00,1.858027161431425895e+02,4.634280932617097619e+02,0.000000000000000000e+00,3.020920523906858723e-01,2.117608947777143591e+00
4.000000000000000000e+00,-1.000000000000000000e+00,-1.000000000000000000e+00,-4.000000000000000000e+00,1.153304678014112028e+01,2.044794797939281068e+02,4.470234268262182127e+02,0.000000000000000000e+00,2.608989793836649640e-01,2.472863336741859985e+00
4.000000000000000000e+00,-1.000000000000000000e+00,-1.000000000000000000e+00,-3.000000000000000000e+00,2.160631672218380572e+01,2.208530930831771855e+02,4.310357423068901426e+02,0.000000000000000000e+00,2.251515219139961499e-01,2.920088606672720744e+00
4.000000000000000000e+00,-1.000000000000000000e+00,0.000000000000000000e+00,-3.000000000000000000e+00,-1.654552912686824584e+00,2.260225400516898446e+02,3.950230105473050912e+02,0.000000000000000000e+00,2.138937513721952677e-01,3.347723093238598402e+00
4.000000000000000000e+00,-1.000000000000000000e+00,0.000000000000000000e+00,-2.000000000000000000e+00,6.810119553404263115e+00,2.463240282283704516e+02,3.795034861335886376e+02,0.000000000000000000e+00,1.702396560419576765e-01,4.218676119509166433e+00
4.000000000000000000e+00,-1.000000000000000000e+00,0.000000000000000000e+00,-1.000000000000000000e+00,1.915674897675933153e+01,2.644942022512286712e+02,3.639693998572383293e+02,0.000000000000000000e+00,1.317008521002138444e-01,5.243955554932641761e+00
4.000000000000000000e+00,0.000000000000000000e+00,-5.000000000000000000e+00,-7.000000000000000000e+00,1.617697046300733632e+01,1.350041180296839798e+02,7.469359514228240187e+02,0.000000000000000000e+00,4.009215082593620139e-01,9.877395241573853069e-01
4.000000000000000000e+00,0.000000000000000000e+00,-4.000000000000000000e+00,-8.000000000000000000e+00,1.174129900100638224e+00,1.538464424333618297e+02,7.066437538972561470e+02,0.000000000000000000e+00,3.641566183883943042e-01,1.071086126703873820e+00
4.000000000000000000e+00,0.000000000000000000e+00,-4.000000000000000000e+00,-7.000000000000000000e+00,1.050721215476326620e+01,1.638081628968753591e+02,6.793554141071929280e+02,0.000000000000000000e+00,3.445290674315530932e-01,1.137723483639133670e+00
4.000000000000000000e+00,0.000000000000000000e+00,-4.000000000000000000e+00,-6.000000000000000000e+00,2.081645122909097267e+01,1.706624656895924943e+02,6.543518778118500450e+02,0.000000000000000000e+00,3.310567594468942221e-01,1.206793905688643642e+00
4.000000000000000000e+00,0.000000000000000000e+00,-3.000000000000000000e+00,-7.000000000000000000e+00,1.426726382086172862e+00,1.828115417874623745e+02,6.238870815146485711e+02,0.000000000000000000e+00,3.058776356719383749e-01,1.317368830058778029e+00
4.000000000000000000e+00,0.000000000000000000e+00,-3.000000000000000000e+00,-6.000000000000000000e+00,1.132285972183311173e+01,1.961328150250860745e+02,6.019783948946873124e+02,0.000000000000000000e+00,2.775036049027138629e-01,1.428114835605165167e+00
4.000000000000000000e+00,0.000000000000000000e+00,-3.000000000000000000e+00,-5.000000000000000000e+00,2.293560074933503756e+01,2.060275652442747969e+02,5.814472504860032132e+02,0.000000000000000000e+00,2.564352286503571721e-01,1.547411823066306091e+00
4.000000000000000000e+00,0.000000000000000000e+00,-2.000000000000000000e+00,-6.000000000000000000e+00,-2.564875196976117877e+00,2.086905951388837650e+02,5.563374289339136567e+02,0.000000000000000000e+00,2.510424756957033710e-01,1.690127968941678160e+00
4.000000000000000000e+00,0.000000000000000000e+00,-2.000000000000000000e+00,-5.000000000000000000e+00,7.507066255001745958e+00,2.258008196460084491e+02,5.376873142183957270e+02,0.000000000000000000e+00,2.141808742528934772e-01,1.898699087186186851e+00
4.000000000000000000e+00,0.000000000000000000e+00,-2.000000000000000000e+00,-4.000000000000000000e+00,2.062626149653266339e+01,2.396309425256916370e+02,5.198747893021493383e+02,0.000000000000000000e+00,1.845863732064699780e-01,2.142172253407747640e+00
4.000000000000000000e+00,0.000000000000000000e+00,-1.000000000000000000e+00,-3.000000000000000000e+00,8.135214444524422106e+00,2.683250620279308691e+02,4.645863407370586629e+02,0.000000000000000000e+00,1.238306532314464442e-01,3.380255937883356321e+00
4.000000000000000000e+00,1.000000000000000000e+00,-4.000000000000000000e+00,-6.000000000000000000e+00,4.876857619791138632e+00,2.468229629012868145e+02,7.040150447691917179e+02,0.000000000000000000e+00,1.665615544840040041e-01,1.181465058748428554e+00
4.000000000000000000e+00,1.000000000000000000e+00,-4.000000000000000000e+00,-5.000000000000000000e+00,2.288242957657669763e+01,2.403193579008184884e+02,6.780014474808576779e+02,0.000000000000000000e+00,1.808941743162761628e-01,1.246385235136498348e+00
4.000000000000000000e+00,1.000000000000000000e+00,-3.000000000000000000e+00,-5.000000000000000000e+00,2.947305961646918604e+00,2.727850762695329649e+02,6.247160487448090862e+02,0.000000000000000000e+00,1.140225820205602592e-01,1.495064631571473734e+00
4.000000000000000000e+00,1.000000000000000000e+00,-2.000000000000000000e+00,-3.000000000000000000e+00,1.840635345086764119e+01,3.068090412148689552e+02,5.408028475650917244e+02,0.000000000000000000e+00,4.427312714942748667e-02,2.228178420853212494e+00
4.000000000000000000e+00,-1.000000000000000000e+00,1.000000000000000000e+00,3.000000000000000000e+00,-5.012243926961446050e-01,3.498822390604619841e+02,2.599145783609242812e+02,0.000000000000000000e+00,4.274580500765236962e-02,2.920088606672720299e+00
4.000000000000000000e+00,1.000000000000000000e+00,-1.000000000000000000e+00,-1.000000000000000000e+00,1.366025586768131461e+01,3.519159630096968385e+02,4.682339713403097221e+02,0.000000000000000000e+00,4.639479971137544512e-02,3.940167049940172195e+00
4.000000000000000000e+00,-2.000000000000000000e+00,0.000000000000000000e+00,1.400000000000000000e+01,-3.060610054964314486e+00,6.523578193075776426e+02,3.204021446748708968e+01,1.000000000000000000e+00,7.001601697721572259e-01,8.409082923957138522e-01
4.000000000000000000e+00,-2.000000000000000000e+00,1.000000000000000000e+00,1.100000000000000000e+01,1.077518686045664253e-02,5.303682162084334095e+02,5.547650128902000688e+01,1.000000000000000000e+00,4.096207917990967173e-01,1.027803041088291458e+00
4.000000000000000000e+00,-2.000000000000000000e+00,1.000000000000000000e+00,1.200000000000000000e+01,3.328299006251086212e+00,5.553033944436416505e+02,2.815771129497181846e+01,1.000000000000000000e+00,4.633778061314931529e-01,9.540650327522436358e-01
4.000000000000000000e+00,-1.000000000000000000e+00,-1.000000000000000000e+00,1.500000000000000000e+01,-3.033233669365614560e+00,7.280312744845103907e+02,1.094589433021239984e+02,1.000000000000000000e+00,9.244098023494055072e-01,8.046275976444221545e-01
4.000000000000000000e+00,-1.000000000000000000e+00,-1.000000000000000000e+00,1.600000000000000000e+01,1.067216955131868872e-01,7.611605172951053646e+02,7.828434282342442430e+01,1.000000000000000000e+00,1.001107591348020076e+00,7.560534754367116417e-01
4.000000000000000000e+00,-1.000000000000000000e+00,0.000000000000000000e+00,1.300000000000000000e+01,-7.903547069926446511e-01,6.360663940548677147e+02,1.138500553081704538e+02,1.000000000000000000e+00,6.776428245899871472e-01,9.339312610888753641e-01
4.000000000000000000e+00,-1.000000000000000000e+00,0.000000000000000000e+00,1.400000000000000000e+01,2.162752657398073097e+00,6.643451239025013138e+02,8.711545379221945495e+01,1.000000000000000000e+00,7.461735158249449551e-01,8.687763938168890920e-01
4.000000000000000000e+00,-1.000000000000000000e+00,0.000000000000000000e+00,1.500000000000000000e+01,5.084377663488709231e+00,6.944110782671742754e+02,5.685737767518861574e+01,1.000000000000000000e+00,8.162706137563234821e-01,8.120341624994021901e-01
4.000000000000000000e+00,-1.000000000000000000e+00,0.000000000000000000e+00,1.600000000000000000e+01,8.001225779401607952e+00,7.268113684595281256e+02,2.203916204034197790e+01,1.000000000000000000e+00,8.868851997842137624e-01,7.621880718792979348e-01
4.000000000000000000e+00,-1.000000000000000000e+00,1.000000000000000000e+00,6.000000000000000000e+00,-2.527925982623031587e+00,4.258824113727897611e+02,2.043368521676855778e+02,1.000000000000000000e+00,1.927125102276862900e-01,1.839004145124393252e+00
4.000000000000000000e+00,-1.000000000000000000e+00,1.000000000000000000e+00,7.000000000000000000e+00,-9.401656901901844776e-01,4.513457686629852219e+02,1.875077224809554082e+02,1.000000000000000000e+00,2.441117018587763421e-01,1.618828601307914505e+00
4.000000000000000000e+00,-1.000000000000000000e+00,1.000000000000000000e+00,8.000000000000000000e+00,8.474343534303443448e-01,4.764968580248200851e+02,1.698512903405827501e+02,1.000000000000000000e+00,2.969187947868788813e-01,1.442310236649423372e+00
4.000000000000000000e+00,-1.000000000000000000e+00,1.000000000000000000e+00,9.000000000000000000e+00,2.764189163024838081e+00,5.015380076368581967e+02,1.511178334035086550e+02,1.000000000000000000e+00,3.513570402484484934e-01,1.298544186016179935e+00
4.000000000000000000e+00,-1.000000000000000000e+00,1.000000000000000000e+00,1.000000000000000000e+01,4.777552469651624278e+00,5.266704113291659723e+02,1.310132050556439935e+02,1.000000000000000000e+00,4.075873165187992586e-01,1.179664235252623206e+00
4.000000000000000000e+00,-1.000000000000000000e+00,1.000000000000000000e+00,1.100000000000000000e+01,6.872193006371645652e+00,5.521061708593313142e+02,1.091816910090584543e+02,1.000000000000000000e+00,4.656891193047733579e-01,1.079987335392475378e+00
4.000000000000000000e+00,-1.000000000000000000e+00,1.000000000000000000e+00,1.200000000000000000e+01,9.041804074471031072e+00,5.780797843847797139e+02,8.518185307553022767e+01,1.000000000000000000e+00,5.256265925457025423e-01,9.953623078796582924e-01
4.000000000000000000e+00,-1.000000000000000000e+00,1.000000000000000000e+00,1.300000000000000000e+01,1.128553497121615123e+01,6.048619162200775463e+02,5.845170552516515272e+01,1.000000000000000000e+00,5.871985404894173310e-01,9.227128374567770130e-01
4.000000000000000000e+00,-1.000000000000000000e+00,1.000000000000000000e+00,1.400000000000000000e+01,1.360638500584846611e+01,6.327779775812688285e+02,2.825696154600802856e+01,1.000000000000000000e+00,6.499689756554973830e-01,8.597240256635731992e-01
4.000000000000000000e+00,0.000000000000000000e+00,-1.000000000000000000e+00,1.300000000000000000e+01,-2.832019285087028493e+00,6.803936045170206626e+02,2.018486179636294366e+02,1.000000000000000000e+00,8.154186512015839661e-01,9.346282231266720419e-01
4.000000000000000000e+00,0.000000000000000000e+00,-1.000000000000000000e+00,1.400000000000000000e+01,-2.147590139894077765e-01,7.094541183899908674e+02,1.794886931637977057e+02,1.000000000000000000e+00,8.933397649039428456e-01,8.693373422582262311e-01
4.000000000000000000e+00,0.000000000000000000e+00,-1.000000000000000000e+00,1.500000000000000000e+01,2.397834873156796220e+00,7.405206947660300330e+02,1.546838259282504850e+02,1.000000000000000000e+00,9.741155664096670108e-01,8.124921658493592380e-01
4.000000000000000000e+00,0.000000000000000000e+00,-1.000000000000000000e+00,1.600000000000000000e+01,5.020853791491731499e+00,7.741596638376227020e+02,1.267321110028997850e+02,1.000000000000000000e+00,1.056862212819935642e+00,7.625667659167401080e-01
4.000000000000000000e+00,0.000000000000000000e+00,0.000000000000000000e+00,9.000000000000000000e+00,-3.151324479118528643e+00,5.502884838878069331e+02,2.368415555537048647e+02,1.000000000000000000e+00,4.697148588545271286e-01,1.366866858043741972e+00
4.000000000000000000e+00,0.000000000000000000e+00,0.000000000000000000e+00,1.000000000000000000e+01,-1.041607653307522696e+00,5.752224467670425838e+02,2.192032418271440974e+02,1.000000000000000000e+00,5.315995377545146283e-01,1.230180172239367931e+00
4.000000000000000000e+00,0.000000000000000000e+00,0.000000000000000000e+00,1.100000000000000000e+01,1.097320058393165709e+00,6.007067022667029050e+02,2.004632008872508209e+02,1.000000000000000000e+00,5.963888702546262799e-01,1.118345611126698058e+00
4.000000000000000000e+00,0.000000000000000000e+00,0.000000000000000000e+00,1.200000000000000000e+01,3.269825380989658470e+00,6.269798974258914086e+02,1.803109941275743324e+02,1.000000000000000000e+00,6.641972978541669237e-01,1.025150143532806535e+00
4.000000000000000000e+00,0.000000000000000000e+00,0.000000000000000000e+00,1.300000000000000000e+01,5.480828601869660588e+00,6.543229708200084360e+02,1.583646645109346309e+02,1.000000000000000000e+00,7.350062278572406793e-01,9.462924401841289468e-01
4.000000000000000000e+00,0.000000000000000000e+00,0.000000000000000000e+00,1.400000000000000000e+01,7.735940128227127843e+00,6.830773080406015652e+02,1.341417514418152450e+02,1.000000000000000000e+00,8.085989016110410876e-01,8.787001230281198394e-01
4.000000000000000000e+00,0.000000000000000000e+00,0.000000000000000000e+00,1.500000000000000000e+01,1.004163846947784577e+01,7.136709604539335032e+02,1.070166045979368619e+02,1.000000000000000000e+00,8.844720278348628950e-01,8.201201148262452501e-01
4.000000000000000000e+00,0.000000000000000000e+00,0.000000000000000000e+00,1.600000000000000000e+01,1.240550676617775139e+01,7.466579793494407795e+02,7.615537434226740743e+01,1.000000000000000000e+00,9.617199120730518525e-01,7.688626076496049011e-01
4.000000000000000000e+00,0.000000000000000000e+00,0.000000000000000000e+00,1.700000000000000000e+01,1.483655391000013424e+01,7.827798008719018981e+02,4.041332215884420975e+01,1.000000000000000000e+00,1.038889237170476987e+00,7.236353954349223905e-01
4.000000000000000000e+00,0.000000000000000000e+00,1.000000000000000000e+00,5.000000000000000000e+00,1.480296240041843703e+01,4.345811359120042425e+02,2.613654310211365441e+02,1.000000000000000000e+00,2.104114825202659245e-01,2.274814611308027423e+00
4.000000000000000000e+00,0.000000000000000000e+00,1.000000000000000000e+00,6.000000000000000000e+00,1.242459418208684951e+01,4.581425471820246003e+02,2.454373540493940595e+02,1.000000000000000000e+00,2.589580605442252659e-01,1.939166094173887744e+00
4.000000000000000000e+00,0.000000000000000000e+00,1.000000000000000000e+00,7.000000000000000000e+00,1.140776271854926449e+01,4.819406769464989111e+02,2.291234010259844922e+02,1.000000000000000000e+00,3.099975334978282149e-01,1.685896889433066370e+00
4.000000000000000000e+00,0.000000000000000000e+00,1.000000000000000000e+00,8.000000000000000000e+00,1.123636261262751646e+01,5.059288439474719326e+02,2.122149993862204269e+02,1.000000000000000000e+00,3.634235746980025161e-01,1.489136922376449457e+00
4.000000000000000000e+00,0.000000000000000000e+00,1.000000000000000000e+00,9.000000000000000000e+00,1.162774345741428306e+01,5.301698527567390329e+02,1.944852199735369425e+02,1.000000000000000000e+00,4.192813770835722154e-01,1.332402161400198848e+00
4.000000000000000000e+00,0.000000000000000000e+00,1.000000000000000000e+00,1.000000000000000000e+01,1.241701039918748961e+01,5.547874115356786433e+02,1.756759660765125375e+02,1.000000000000000000e+00,4.776607192228768395e-01,1.204874950556125146e+00
4.000000000000000000e+00,0.000000000000000000e+00,1.000000000000000000e+00,1.100000000000000000e+01,1.350317552414693978e+01,5.799496668506753849e+02,1.554831341593850311e+02,1.000000000000000000e+00,5.386320475221573201e-01,1.099231709502348719e+00
4.000000000000000000e+00,0.000000000000000000e+00,1.000000000000000000e+00,1.200000000000000000e+01,1.482228130939765265e+01,6.058674165871105970e+02,1.335373580918675316e+02,1.000000000000000000e+00,6.021927137566879251e-01,1.010367358099352186e+00
4.000000000000000000e+00,0.000000000000000000e+00,1.000000000000000000e+00,1.300000000000000000e+01,1.633314707238685060e+01,6.328012898290155590e+02,1.093773898981889374e+02,1.000000000000000000e+00,6.682083359851864746e-01,9.346282231266720419e-01
4.000000000000000000e+00,0.000000000000000000e+00,1.000000000000000000e+00,1.400000000000000000e+01,1.800943979183921329e+01,6.610769481739007460e+02,8.241166941508919308e+01,1.000000000000000000e+00,7.363402185767968788e-01,8.693373422582264531e-01
4.000000000000000000e+00,0.000000000000000000e+00,1.000000000000000000e+00,1.500000000000000000e+01,1.983512595765031961e+01,6.911102360090652610e+02,5.186075133464299824e+01,1.000000000000000000e+00,8.059520672999342938e-01,8.124921658493591270e-01
4.000000000000000000e+00,0.000000000000000000e+00,1.000000000000000000e+00,1.600000000000000000e+01,2.180185769428743470e+01,7.234472527503631909e+02,1.666782452260628133e+01,1.000000000000000000e+00,8.759909602548551222e-01,7.625667659167401080e-01
4.000000000000000000e+00,1.000000000000000000e+00,-2.000000000000000000e+00,1.300000000000000000e+01,-1.950382105054814019e+00,7.257609761180585792e+02,2.774080399012034377e+02,1.000000000000000000e+00,9.593439820412466013e-01,8.913375998760642016e-01
4.000000000000000000e+00,1.000000000000000000e+00,-2.000000000000000000e+00,1.400000000000000000e+01,2.976128700830429352e-01,7.558300834960082284e+02,2.576146887605289066e+02,1.000000000000000000e+00,1.044885791792965479e+00,8.341755956277656647e-01
4.000000000000000000e+00,1.000000000000000000e+00,-2.000000000000000000e+00,1.500000000000000000e+01,2.575302728168423982e+00,7.881958265823540160e+02,2.359952883577488194e+02,1.000000000000000000e+00,1.133816741526754379e+00,7.835676283069763493e-01
4.000000000000000000e+00,1.000000000000000000e+00,-1.000000000000000000e+00,1.000000000000000000e+01,-1.698164013107685832e+00,6.195500066654599323e+02,2.933670697718079623e+02,1.000000000000000000e+00,6.535592607259801401e-01,1.179664235252623428e+00
4.000000000000000000e+00,1.000000000000000000e+00,-1.000000000000000000e+00,1.100000000000000000e+01,1.421994446039889226e-01,6.451084278304890631e+02,2.763074512592372685e+02,1.000000000000000000e+00,7.240891631529953187e-01,1.079987335392475378e+00
4.000000000000000000e+00,1.000000000000000000e+00,-1.000000000000000000e+00,1.200000000000000000e+01,2.046403918383589371e+00,6.716674692688865207e+02,2.582788152572922513e+02,1.000000000000000000e+00,7.984085537526275367e-01,9.953623078796582924e-01
4.000000000000000000e+00,1.000000000000000000e+00,-1.000000000000000000e+00,1.300000000000000000e+01,4.011038285708679041e+00,6.995194529105511947e+02,2.389833371125995143e+02,1.000000000000000000e+00,8.765568596643965593e-01,9.227128374567769020e-01
4.000000000000000000e+00,1.000000000000000000e+00,-1.000000000000000000e+00,1.400000000000000000e+01,6.035056599623231932e+00,7.290221571050340117e+02,2.180530536844742073e+02,1.000000000000000000e+00,9.583722687359326198e-01,8.597240256635730882e-01
4.000000000000000000e+00,1.000000000000000000e+00,-1.000000000000000000e+00,1.500000000000000000e+01,8.119341954168703523e+00,7.606253771045924168e+02,1.950206787155262589e+02,1.000000000000000000e+00,1.043398336945443816e+00,8.046275976444221545e-01
4.000000000000000000e+00,1.000000000000000000e+00,0.000000000000000000e+00,3.000000000000000000e+00,1.064667718175931554e+01,4.362934090590451888e+02,3.667142122231867347e+02,1.000000000000000000e+00,2.138937513721952399e-01,3.347723093238598402e+00
4.000000000000000000e+00,1.000000000000000000e+00,0.000000000000000000e+00,4.000000000000000000e+00,7.500869407132711331e+00,4.589213790156534287e+02,3.510901149552597644e+02,1.000000000000000000e+00,2.608729020933600040e-01,2.716797960733811745e+00
4.000000000000000000e+00,1.000000000000000000e+00,0.000000000000000000e+00,5.000000000000000000e+00,5.913097242104640827e+00,4.818549655014047630e+02,3.356488882983933877e+02,1.000000000000000000e+00,3.105406368197288769e-01,2.264820433518787812e+00
4.000000000000000000e+00,1.000000000000000000e+00,0.000000000000000000e+00,6.000000000000000000e+00,5.293841118385756772e+00,5.049740544218250307e+02,3.202410494493973943e+02,1.000000000000000000e+00,3.627446652890591872e-01,1.932964032739084903e+00
4.000000000000000000e+00,1.000000000000000000e+00,0.000000000000000000e+00,7.000000000000000000e+00,5.314831754257426155e+00,5.282876525789638436e+02,3.047092779220198508e+02,1.000000000000000000e+00,4.175517910455982529e-01,1.681816584791427704e+00
4.000000000000000000e+00,1.000000000000000000e+00,0.000000000000000000e+00,8.000000000000000000e+00,5.782253399184980935e+00,5.518722359746786879e+02,2.888865014897680794e+02,1.000000000000000000e+00,4.751324548703079187e-01,1.486322755211073154e+00
4.000000000000000000e+00,1.000000000000000000e+00,0.000000000000000000e+00,9.000000000000000000e+00,6.575919374256386618e+00,5.758468361003839391e+02,2.725910762614788609e+02,1.000000000000000000e+00,5.357011655354659840e-01,1.330385200757993269e+00
4.000000000000000000e+00,1.000000000000000000e+00,0.000000000000000000e+00,1.000000000000000000e+01,7.618359151686831865e+00,6.003643817420846744e+02,2.556198672222216430e+02,1.000000000000000000e+00,5.994768274546413700e-01,1.203382853558934373e+00
4.000000000000000000e+00,1.000000000000000000e+00,0.000000000000000000e+00,1.100000000000000000e+01,8.858200032660931811e+00,6.256115163206735588e+02,2.377390026978656010e+02,1.000000000000000000e+00,6.666470082958270149e-01,1.098098333244993619e+00
4.000000000000000000e+00,1.000000000000000000e+00,0.000000000000000000e+00,1.200000000000000000e+01,1.026078198476773196e+01,6.518140840289904645e+02,2.186714587621810892e+02,1.000000000000000000e+00,7.373272602127025621e-01,1.009487022068615625e+00
4.000000000000000000e+00,1.000000000000000000e+00,0.000000000000000000e+00,1.300000000000000000e+01,1.180263671460130581e+01,6.792477936863670038e+02,1.980799835476179851e+02,1.000000000000000000e+00,8.115089798929425724e-01,9.339312610888753641e-01
4.000000000000000000e+00,1.000000000000000000e+00,0.000000000000000000e+00,1.400000000000000000e+01,1.346813865181616166e+01,7.082550619034060446e+02,1.755429290929752995e+02,1.000000000000000000e+00,8.889899388187371132e-01,8.687763938168889810e-01
4.000000000000000000e+00,1.000000000000000000e+00,0.000000000000000000e+00,1.500000000000000000e+01,1.524743879897084753e+01,7.392705483100907031e+02,1.505189929141344294e+02,1.000000000000000000e+00,9.692819026037237107e-01,8.120341624994023011e-01
4.000000000000000000e+00,1.000000000000000000e+00,0.000000000000000000e+00,1.600000000000000000e+01,1.713519838206968871e+01,7.728600785308434524e+02,1.222941071981041432e+02,1.000000000000000000e+00,1.051490723943129924e+00,7.621880718792979348e-01
4.000000000000000000e+00,1.000000000000000000e+00,1.000000000000000000e+00,6.000000000000000000e+00,2.268338558297256213e+01,4.984789294047703265e+02,2.829449335606677778e+02,1.000000000000000000e+00,3.476137993834158002e-01,1.839004145124393474e+00
4.000000000000000000e+00,1.000000000000000000e+00,1.000000000000000000e+00,7.000000000000000000e+00,2.081524993452273975e+01,5.198210471981983574e+02,2.669450557139457487e+02,1.000000000000000000e+00,3.968703853008509475e-01,1.618828601307914505e+00
4.000000000000000000e+00,1.000000000000000000e+00,1.000000000000000000e+00,8.000000000000000000e+00,1.977387319557911383e+01,5.419180785094375778e+02,2.504940491335729291e+02,1.000000000000000000e+00,4.495861118264758982e-01,1.442310236649423594e+00
4.000000000000000000e+00,1.000000000000000000e+00,1.000000000000000000e+00,9.000000000000000000e+00,1.934856828728857181e+01,5.647289772650569830e+02,2.333918171384420361e+02,1.000000000000000000e+00,5.056650972542144906e-01,1.298544186016179935e+00
4.000000000000000000e+00,1.000000000000000000e+00,1.000000000000000000e+00,1.000000000000000000e+01,1.939444866044550508e+01,5.883001184126352427e+02,2.154094610163198809e+02,1.000000000000000000e+00,5.650985385907422165e-01,1.179664235252622984e+00
4.000000000000000000e+00,1.000000000000000000e+00,1.000000000000000000e+00,1.100000000000000000e+01,1.981071949245028918e+01,6.127455768146647870e+02,1.962784721849184280e+02,1.000000000000000000e+00,6.278952835800899468e-01,1.079987335392475378e+00
4.000000000000000000e+00,1.000000000000000000e+00,1.000000000000000000e+00,1.200000000000000000e+01,2.052647678765222850e+01,6.382407494332768465e+02,1.756755306421349871e+02,1.000000000000000000e+00,6.940197358604681677e-01,9.953623078796582924e-01
4.000000000000000000e+00,1.000000000000000000e+00,1.000000000000000000e+00,1.300000000000000000e+01,2.149150965516960810e+01,6.650259236777948217e+02,1.532010467596447256e+02,1.000000000000000000e+00,7.633258013870127812e-01,9.227128374567771241e-01
4.000000000000000000e+00,1.000000000000000000e+00,1.000000000000000000e+00,1.400000000000000000e+01,2.267032856949984421e+01,6.934191347396043739e+02,1.283482040843006189e+02,1.000000000000000000e+00,8.354782087674972324e-01,8.597240256635729772e-01
4.000000000000000000e+00,1.000000000000000000e+00,1.000000000000000000e+00,1.500000000000000000e+01,2.403827663529364145e+01,7.238400580509405700e+02,1.004570099850556062e+02,1.000000000000000000e+00,9.098541537802008472e-01,8.046275976444220435e-01
4.000000000000000000e+00,2.000000000000000000e+00,-3.000000000000000000e+00,1.100000000000000000e+01,-2.723657786552337257e+00,7.200813717100384110e+02,3.827431774328204597e+02,1.000000000000000000e+00,9.491628712426659620e-01,9.241009096952151891e-01
4.000000000000000000e+00,2.000000000000000000e+00,-3.000000000000000000e+00,1.200000000000000000e+01,-9.659753636236700913e-01,7.479789940144928551e+02,3.664138482907685557e+02,1.000000000000000000e+00,1.033077500887796374e+00,8.694031843144024441e-01
4.000000000000000000e+00,2.000000000000000000e+00,-3.000000000000000000e+00,1.300000000000000000e+01,8.572541726415181529e-01,7.776421055714325803e+02,3.493308151497868721e+02,1.000000000000000000e+00,1.121226749637489917e+00,8.197299183601767236e-01
4.000000000000000000e+00,2.000000000000000000e+00,-2.000000000000000000e+00,0.000000000000000000e+00,4.150451093701235550e+00,4.262321137297901714e+02,5.279995468234351392e+02,1.000000000000000000e+00,1.930228176590157996e-01,2.079641292625468374e+00
4.000000000000000000e+00,2.000000000000000000e+00,-2.000000000000000000e+00,1.000000000000000000e+00,-6.216408520101879276e-01,4.519410588011481309e+02,5.083385481867768476e+02,1.000000000000000000e+00,2.455161343023659903e-01,2.050546919938734280e+00
4.000000000000000000e+00,2.000000000000000000e+00,-2.000000000000000000e+00,2.000000000000000000e+00,-3.100056565403292552e+00,4.764301121375385719e+02,4.899492264052780683e+02,1.000000000000000000e+00,2.979493572181753369e-01,1.970083524970086097e+00
4.000000000000000000e+00,2.000000000000000000e+00,-2.000000000000000000e+00,7.000000000000000000e+00,-3.123104995749031332e+00,5.932505138693268236e+02,4.087622139927144644e+02,1.000000000000000000e+00,5.832715272998639788e-01,1.342305798610881062e+00
4.000000000000000000e+00,2.000000000000000000e+00,-2.000000000000000000e+00,8.000000000000000000e+00,-2.084939717095465994e+00,6.169738259998066496e+02,3.934216932853597655e+02,1.000000000000000000e+00,6.481835379188853885e-01,1.236431668370929771e+00
4.000000000000000000e+00,2.000000000000000000e+00,-2.000000000000000000e+00,9.000000000000000000e+00,-8.773184182992963542e-01,6.412448383444740330e+02,3.780005278160936655e+02,1.000000000000000000e+00,7.166159177120019486e-01,1.142236250260280084e+00
4.000000000000000000e+00,2.000000000000000000e+00,-2.000000000000000000e+00,1.000000000000000000e+01,4.689422149023130260e-01,6.662658965096175052e+02,3.623270287448700060e+02,1.000000000000000000e+00,7.888905132812150667e-01,1.058804473888571795e+00
4.000000000000000000e+00,2.000000000000000000e+00,-2.000000000000000000e+00,1.100000000000000000e+01,1.932247338375020718e+00,6.922664591622772150e+02,3.462123766816616808e+02,1.000000000000000000e+00,8.652631829553444343e-01,9.849597365624797041e-01
4.000000000000000000e+00,2.000000000000000000e+00,-2.000000000000000000e+00,1.200000000000000000e+01,3.497453979053119610e+00,7.195149384986906398e+02,3.294414626076279546e+02,1.000000000000000000e+00,9.458844067383308518e-01,9.195020725621966262e-01
4.000000000000000000e+00,2.000000000000000000e+00,-2.000000000000000000e+00,1.300000000000000000e+01,5.154108326632552917e+00,7.483341420020582291e+02,3.117609080060742599e+02,1.000000000000000000e+00,1.030742339896929982e+00,8.613166782652809106e-01
4.000000000000000000e+00,2.000000000000000000e+00,-2.000000000000000000e+00,1.400000000000000000e+01,6.895305230263971907e+00,7.791224591494916467e+02,2.928626567732874832e+02,1.000000000000000000e+00,1.119583780119147720e+00,8.094143006539572527e-01
4.000000000000000000e+00,2.000000000000000000e+00,-1.000000000000000000e+00,1.000000000000000000e+00,1.813262529837112425e+01,4.394274840018313171e+02,4.698689363612682541e+02,1.000000000000000000e+00,2.199716965983275208e-01,2.550858347630303058e+00
4.000000000000000000e+00,2.000000000000000000e+00,-1.000000000000000000e+00,2.000000000000000000e+00,1.231835524842364293e+01,4.613729700868101418e+02,4.525560252744974719e+02,1.000000000000000000e+00,2.657881969094280650e-01,2.400718664967592897e+00
4.000000000000000000e+00,2.000000000000000000e+00,-1.000000000000000000e+00,3.000000000000000000e+00,8.780564826426200398e+00,4.835644150071984768e+02,4.359307743802955883e+02,1.000000000000000000e+00,3.140944071092485190e-01,2.200345902163694856e+00
4.000000000000000000e+00,2.000000000000000000e+00,-1.000000000000000000e+00,4.000000000000000000e+00,6.689597720230693767e+00,5.058847756485472473e+02,4.198505331836369123e+02,1.000000000000000000e+00,3.647613971651127995e-01,1.988886056878435449e+00
4.000000000000000000e+00,2.000000000000000000e+00,-1.000000000000000000e+00,5.000000000000000000e+00,5.563538746299059312e+00,5.283327275520019839e+02,4.041677509043227019e+02,1.000000000000000000e+00,4.178712223415438909e-01,1.789505037708061908e+00
4.000000000000000000e+00,2.000000000000000000e+00,-1.000000000000000000e+00,6.000000000000000000e+00,5.109925739366701691e+00,5.509669683980171158e+02,3.887343202651983916e+02,1.000000000000000000e+00,4.736165803286044307e-01,1.611730614606513790e+00
4.000000000000000000e+00,2.000000000000000000e+00,-1.000000000000000000e+00,7.000000000000000000e+00,5.143591977151402261e+00,5.738824503325189426e+02,3.734008453353744699e+02,1.000000000000000000e+00,5.322508975780169127e-01,1.457314042019820732e+00
4.000000000000000000e+00,2.000000000000000000e+00,-1.000000000000000000e+00,8.000000000000000000e+00,5.542891927248945194e+00,5.972008708772148111e+02,3.580136138729647541e+02,1.000000000000000000e+00,5.940584289039312349e-01,1.324555181963999351e+00
4.000000000000000000e+00,2.000000000000000000e+00,-1.000000000000000000e+00,9.000000000000000000e+00,6.225422067660332459e+00,6.210683618720653385e+02,3.424101554099680698e+02,1.000000000000000000e+00,6.593308739282911501e-01,1.210619666929895866e+00
4.000000000000000000e+00,2.000000000000000000e+00,-1.000000000000000000e+00,1.000000000000000000e+01,7.133989797216742090e+00,6.456575286408692591e+02,3.264134879577312063e+02,1.000000000000000000e+00,7.283432721641718288e-01,1.112578857682358979e+00
4.000000000000000000e+00,2.000000000000000000e+00,-1.000000000000000000e+00,1.100000000000000000e+01,8.228192554811357695e+00,6.711728678612035992e+02,3.098247362594861443e+02,1.000000000000000000e+00,8.013241312476268030e-01,1.027803041088291458e+00
4.000000000000000000e+00,2.000000000000000000e+00,-1.000000000000000000e+00,1.200000000000000000e+01,9.479194653607919463e+00,6.978596120517610188e+02,2.924134542988498424e+02,1.000000000000000000e+00,8.784152492478035645e-01,9.540650327522433027e-01
4.000000000000000000e+00,2.000000000000000000e+00,-1.000000000000000000e+00,1.300000000000000000e+01,1.086639832984448617e+01,7.260168209766547989e+02,2.739045523931881121e+02,1.000000000000000000e+00,9.596164857983999763e-01,8.895275027068115792e-01
4.000000000000000000e+00,2.000000000000000000e+00,-1.000000000000000000e+00,1.400000000000000000e+01,1.237527937384913912e+01,7.560163979118123052e+02,2.539600738738989492e+02,1.000000000000000000e+00,1.044710378497987202e+00,8.326913293712946418e-01
4.000000000000000000e+00,2.000000000000000000e+00,-1.000000000000000000e+00,1.500000000000000000e+01,1.399596645882971302e+01,7.883309513718670587e+02,2.321529803094698536e+02,1.000000000000000000e+00,1.133161561373273063e+00,7.823370616209743833e-01
4.000000000000000000e+00,2.000000000000000000e+00,0.000000000000000000e+00,4.000000000000000000e+00,2.134405451224137096e+01,5.000368718821131324e+02,3.841183894728250152e+02,1.000000000000000000e+00,3.514462913519487697e-01,2.109338059754583217e+00
4.000000000000000000e+00,2.000000000000000000e+00,0.000000000000000000e+00,5.000000000000000000e+00,1.861990861592587976e+01,5.203110539176349221e+02,3.686910459916919649e+02,1.000000000000000000e+00,3.987714602363641725e-01,1.875723436879308537e+00
4.000000000000000000e+00,2.000000000000000000e+00,0.000000000000000000e+00,6.000000000000000000e+00,1.686963680273086652e+01,5.413130310852552611e+02,3.533413369837029450e+02,1.000000000000000000e+00,4.496082001776233739e-01,1.673861546619299201e+00
4.000000000000000000e+00,2.000000000000000000e+00,0.000000000000000000e+00,7.000000000000000000e+00,1.584615517495942072e+01,5.629622273796328500e+02,3.379343075337123423e+02,1.000000000000000000e+00,5.038923114952599258e-01,1.502758384888193799e+00
4.000000000000000000e+00,2.000000000000000000e+00,0.000000000000000000e+00,8.000000000000000000e+00,1.537606471481112180e+01,5.852614896369733515e+02,3.223209836810556794e+02,1.000000000000000000e+00,5.616847365484451959e-01,1.358398980366905429e+00
4.000000000000000000e+00,2.000000000000000000e+00,0.000000000000000000e+00,9.000000000000000000e+00,1.533665767289787141e+01,6.082745271221612029e+02,3.063361601839032460e+02,1.000000000000000000e+00,6.231149853826748464e-01,1.236296361347846817e+00
4.000000000000000000e+00,2.000000000000000000e+00,0.000000000000000000e+00,1.000000000000000000e+01,1.564008680075150437e+01,6.321150812372276278e+02,2.897935242328179584e+02,1.000000000000000000e+00,6.883361236392874227e-01,1.132410216759393906e+00
4.000000000000000000e+00,2.000000000000000000e+00,0.000000000000000000e+00,1.100000000000000000e+01,1.622275518346205558e+01,6.569441322056422905e+02,2.724781777109997734e+02,1.000000000000000000e+00,7.574819531899371627e-01,1.043376375879344842e+00
4.000000000000000000e+00,2.000000000000000000e+00,0.000000000000000000e+00,1.200000000000000000e+01,1.703823335895037872e+01,6.829734237921476279e+02,2.541360135966408222e+02,1.000000000000000000e+00,8.306190713042781448e-01,9.664820163695423405e-01
4.000000000000000000e+00,2.000000000000000000e+00,0.000000000000000000e+00,1.300000000000000000e+01,1.805250754771446964e+01,7.104750460004894421e+02,2.344587634193135841e+02,1.000000000000000000e+00,9.076874055364226868e-01,8.995655446095679464e-01
4.000000000000000000e+00,2.000000000000000000e+00,0.000000000000000000e+00,1.400000000000000000e+01,1.924077009972603491e+01,7.397981188093665423e+02,2.130626600655902223e+02,1.000000000000000000e+00,9.884231597000041614e-01,8.409082923957138522e-01
4.000000000000000000e+00,2.000000000000000000e+00,0.000000000000000000e+00,1.500000000000000000e+01,2.058524478290817683e+01,7.713951624812406180e+02,1.894572698412997056e+02,1.000000000000000000e+00,1.072258548175222259e+00,7.891398236511230069e-01
4.000000000000000000e+00,3.000000000000000000e+00,-5.000000000000000000e+00,-1.000000000000000000e+00,2.886215817980684051e+00,4.953884764519672217e+02,7.474816750111407373e+02,1.000000000000000000e+00,3.274378717033427089e-01,1.012420800359156825e+00
4.000000000000000000e+00,3.000000000000000000e+00,-5.000000000000000000e+00,0.000000000000000000e+00,-1.076927221398875645e+00,5.293991469858810888e+02,7.152084583888055249e+02,1.000000000000000000e+00,4.051788777738926650e-01,1.015866907217493953e+00
4.000000000000000000e+00,3.000000000000000000e+00,-5.000000000000000000e+00,9.000000000000000000e+00,-2.240295306949207088e+00,7.622002821957513561e+02,5.328104660135875292e+02,1.000000000000000000e+00,1.056503217978086662e+00,8.153437997637245083e-01
4.000000000000000000e+00,3.000000000000000000e+00,-4.000000000000000000e+00,-1.000000000000000000e+00,9.875840826608822454e+00,4.649706075904809950e+02,6.867578990044987677e+02,1.000000000000000000e+00,2.678373511464477996e-01,1.175913922552771051e+00
4.000000000000000000e+00,3.000000000000000000e+00,-4.000000000000000000e+00,0.000000000000000000e+00,4.318437177579141917e+00,4.976084927259881852e+02,6.583863540454955228e+02,1.000000000000000000e+00,3.391155273196050368e-01,1.181323307304338099e+00
4.000000000000000000e+00,3.000000000000000000e+00,-4.000000000000000000e+00,1.000000000000000000e+00,1.014934669862640249e+00,5.260014472888727823e+02,6.334760757499238935e+02,1.000000000000000000e+00,4.048469880135418530e-01,1.175913922552771051e+00
4.000000000000000000e+00,3.000000000000000000e+00,-4.000000000000000000e+00,2.000000000000000000e+00,-9.602826891751590210e-01,5.521087744255876260e+02,6.110168910491900078e+02,1.000000000000000000e+00,4.684065244239239978e-01,1.160121013770316400e+00
4.000000000000000000e+00,3.000000000000000000e+00,-4.000000000000000000e+00,3.000000000000000000e+00,-2.066032166126092307e+00,5.769287216452465827e+02,5.904137679812746455e+02,1.000000000000000000e+00,5.316075506171946685e-01,1.135156927752549949e+00
4.000000000000000000e+00,3.000000000000000000e+00,-4.000000000000000000e+00,4.000000000000000000e+00,-2.563272969674017077e+00,6.010669335189010098e+02,5.712598068979530126e+02,1.000000000000000000e+00,5.956182979339779138e-01,1.102768097972048444e+00
4.000000000000000000e+00,3.000000000000000000e+00,-4.000000000000000000e+00,5.000000000000000000e+00,-2.613764547631717505e+00,6.249417546679420639e+02,5.532492702778472449e+02,1.000000000000000000e+00,6.612881334359073104e-01,1.064931035226127420e+00
4.000000000000000000e+00,3.000000000000000000e+00,-4.000000000000000000e+00,6.000000000000000000e+00,-2.323876776730884330e+00,6.488760120896322405e+02,5.361361290714539791e+02,1.000000000000000000e+00,7.292862843094193304e-01,1.023578328183616160e+00
4.000000000000000000e+00,3.000000000000000000e+00,-4.000000000000000000e+00,7.000000000000000000e+00,-1.766601339230788881e+00,6.731449802923674497e+02,5.197109674628429730e+02,1.000000000000000000e+00,8.001642767673877721e-01,9.804097093961567921e-01
4.000000000000000000e+00,3.000000000000000000e+00,-4.000000000000000000e+00,8.000000000000000000e+00,-9.936214813279207192e-01,6.980052993322249222e+02,5.037862952578125828e+02,1.000000000000000000e+00,8.743802276558834130e-01,9.367990644523446209e-01
4.000000000000000000e+00,3.000000000000000000e+00,-4.000000000000000000e+00,9.000000000000000000e+00,-4.237745627978029006e-02,7.237153320709679747e+02,4.881859159769883263e+02,1.000000000000000000e+00,9.522993190362648575e-01,8.937785055830349545e-01
4.000000000000000000e+00,3.000000000000000000e+00,-4.000000000000000000e+00,1.000000000000000000e+01,1.059583598744524124e+00,7.505521975609772198e+02,4.727361080073353605e+02,1.000000000000000000e+00,1.034175407697149662e+00,8.520704173945778948e-01
4.000000000000000000e+00,3.000000000000000000e+00,-4.000000000000000000e+00,1.100000000000000000e+01,2.291822268637048410e+00,7.788286957375987640e+02,4.572572123292295601e+02,1.000000000000000000e+00,1.120114388843735931e+00,8.121414942069454801e-01
4.000000000000000000e+00,3.000000000000000000e+00,-3.000000000000000000e+00,-1.000000000000000000e+00,2.169709856349561505e+01,4.441138408263495876e+02,6.341951196374554911e+02,1.000000000000000000e+00,2.271385059365121917e-01,1.377705634345307795e+00
4.000000000000000000e+00,3.000000000000000000e+00,-3.000000000000000000e+00,0.000000000000000000e+00,1.363305020238905740e+01,4.742154377568254517e+02,6.090600731354045365e+02,1.000000000000000000e+00,2.906356466986064202e-01,1.386427528416979138e+00
4.000000000000000000e+00,3.000000000000000000e+00,-3.000000000000000000e+00,1.000000000000000000e+00,8.702228956199633103e+00,5.010435911131028206e+02,5.865361392332021069e+02,1.000000000000000000e+00,3.503823044819907029e-01,1.377705634345307795e+00
4.000000000000000000e+00,3.000000000000000000e+00,-3.000000000000000000e+00,2.000000000000000000e+00,5.603707840741890323e+00,5.260999857994654576e+02,5.659125770226717123e+02,1.000000000000000000e+00,4.089677231776811528e-01,1.352495582845116617e+00
4.000000000000000000e+00,3.000000000000000000e+00,-3.000000000000000000e+00,3.000000000000000000e+00,3.686676778033501023e+00,5.501537066648954806e+02,5.467493805166191123e+02,1.000000000000000000e+00,4.677966010884256898e-01,1.313389016646724139e+00
4.000000000000000000e+00,3.000000000000000000e+00,-3.000000000000000000e+00,4.000000000000000000e+00,2.582348300836116550e+00,5.736775911222920286e+02,5.287308466288193358e+02,1.000000000000000000e+00,5.277956314758418532e-01,1.263932178192651135e+00
4.000000000000000000e+00,3.000000000000000000e+00,-3.000000000000000000e+00,5.000000000000000000e+00,2.064251324901931639e+00,5.970050013911105680e+02,5.116088250966191708e+02,1.000000000000000000e+00,5.896628220523189023e-01,1.207856812127471757e+00
4.000000000000000000e+00,3.000000000000000000e+00,-3.000000000000000000e+00,6.000000000000000000e+00,1.985164761849574688e+00,6.203995797452047327e+02,4.951750603252514225e+02,1.000000000000000000e+00,6.539722411953005077e-01,1.148495370155448336e+00
4.000000000000000000e+00,3.000000000000000000e+00,-3.000000000000000000e+00,7.000000000000000000e+00,2.245247502116171745e+00,6.440916706748768092e+02,4.792451941656946133e+02,1.000000000000000000e+00,7.212203571361464061e-01,1.088482344286419323e+00
4.000000000000000000e+00,3.000000000000000000e+00,-3.000000000000000000e+00,8.000000000000000000e+00,2.774575639966428753e+00,6.683004211564202706e+02,4.636480142873415957e+02,1.000000000000000000e+00,7.918431924020518098e-01,1.029699031862462366e+00
4.000000000000000000e+00,3.000000000000000000e+00,-3.000000000000000000e+00,9.000000000000000000e+00,3.522967595484516323e+00,6.932495807510252916e+02,4.482170951374812375e+02,1.000000000000000000e+00,8.662149807844307103e-01,9.733628688909067295e-01
4.000000000000000000e+00,3.000000000000000000e+00,-3.000000000000000000e+00,1.000000000000000000e+01,4.453762596967038689e+00,7.191810067853699593e+02,4.327832949627805874e+02,1.000000000000000000e+00,9.446316447287360640e-01,9.201727498668397232e-01
4.000000000000000000e+00,3.000000000000000000e+00,-3.000000000000000000e+00,1.100000000000000000e+01,5.539867388382617719e+00,7.463683495491951589e+02,4.171670592934995057e+02,1.000000000000000000e+00,1.027278877910482224e+00,8.704553732588063975e-01
4.000000000000000000e+00,3.000000000000000000e+00,-3.000000000000000000e+00,1.200000000000000000e+01,6.761166722518993311e+00,7.751329425181608030e+02,4.011695814811901641e+02,1.000000000000000000e+00,1.114182637692779032e+00,8.242877789139531064e-01
4.000000000000000000e+00,3.000000000000000000e+00,-2.000000000000000000e+00,1.000000000000000000e+00,1.980290557829053455e+01,4.867942715805845069e+02,5.435678981593662229e+02,1.000000000000000000e+00,3.198728119037643203e-01,1.608283362108934522e+00
4.000000000000000000e+00,3.000000000000000000e+00,-2.000000000000000000e+00,2.000000000000000000e+00,1.519828918997114897e+01,5.095873352579317839e+02,5.245822330594429559e+02,1.000000000000000000e+00,3.718414734610821504e-01,1.568571503429652791e+00
4.000000000000000000e+00,3.000000000000000000e+00,-2.000000000000000000e+00,3.000000000000000000e+00,1.212187070211390960e+01,5.320609939166770346e+02,5.066613326508057753e+02,1.000000000000000000e+00,4.252856842726677744e-01,1.508457484862359976e+00
4.000000000000000000e+00,3.000000000000000000e+00,-2.000000000000000000e+00,4.000000000000000000e+00,1.011445249006737868e+01,5.544147695190561080e+02,4.895911746819770087e+02,1.000000000000000000e+00,4.806520531973926258e-01,1.434837080645533725e+00
4.000000000000000000e+00,3.000000000000000000e+00,-2.000000000000000000e+00,5.000000000000000000e+00,8.881622325497346537e+00,5.768195975187372824e+02,4.731843709086862191e+02,1.000000000000000000e+00,5.383492288562329309e-01,1.354321388342073496e+00
4.000000000000000000e+00,3.000000000000000000e+00,-2.000000000000000000e+00,6.000000000000000000e+00,8.227612714564401131e+00,5.994350189459478315e+02,4.572705541662849100e+02,1.000000000000000000e+00,5.987670350288795129e-01,1.272170323036664552e+00
4.000000000000000000e+00,3.000000000000000000e+00,-2.000000000000000000e+00,7.000000000000000000e+00,8.018125295193385682e+00,6.224200287912772183e+02,4.416892015313538877e+02,1.000000000000000000e+00,6.622820925378600787e-01,1.192005932987187267e+00
4.000000000000000000e+00,3.000000000000000000e+00,-2.000000000000000000e+00,8.000000000000000000e+00,8.158586636662079172e+00,6.459413766346820012e+02,4.262835390420502222e+02,1.000000000000000000e+00,7.292544650410281992e-01,1.116007197997256339e+00
4.000000000000000000e+00,3.000000000000000000e+00,-2.000000000000000000e+00,9.000000000000000000e+00,8.580952028465617332e+00,6.701812184915580701e+02,4.108947335958138183e+02,1.000000000000000000e+00,8.000162132829277128e-01,1.045278254929294715e+00
4.000000000000000000e+00,3.000000000000000000e+00,-2.000000000000000000e+00,1.000000000000000000e+01,9.235428032024401546e+00,6.953453308062690894e+02,3.953557635282238039e+02,1.000000000000000000e+00,8.748508599230168103e-01,9.802073651435532220e-01
4.000000000000000000e+00,3.000000000000000000e+00,-2.000000000000000000e+00,1.100000000000000000e+01,1.008512822930839548e+01,7.216729299073258517e+02,3.794843612761020495e+02,1.000000000000000000e+00,9.539615013277283895e-01,9.207471080274693964e-01
4.000000000000000000e+00,3.000000000000000000e+00,-2.000000000000000000e+00,1.200000000000000000e+01,1.110253702638988216e+01,7.494492786541466103e+02,3.630742875304421773e+02,1.000000000000000000e+00,1.037424289578194880e+00,8.666086191858775045e-01
4.000000000000000000e+00,3.000000000000000000e+00,-2.000000000000000000e+00,1.300000000000000000e+01,1.226712323100670687e+01,7.790226801696981056e+02,3.458839081637880781e+02,1.000000000000000000e+00,1.125123231165025439e+00,8.173862552603637921e-01
4.000000000000000000e+00,3.000000000000000000e+00,-1.000000000000000000e+00,3.000000000000000000e+00,2.299183027866209272e+01,5.243525939355027958e+02,4.686878845669701263e+02,1.000000000000000000e+00,4.076391555355494689e-01,1.677579597363107800e+00
4.000000000000000000e+00,3.000000000000000000e+00,-1.000000000000000000e+00,4.000000000000000000e+00,1.993250733690837251e+01,5.445756178646004173e+02,4.524228047169424372e+02,1.000000000000000000e+00,4.570312845986221895e-01,1.578012099998020723e+00
4.000000000000000000e+00,3.000000000000000000e+00,-1.000000000000000000e+00,5.000000000000000000e+00,1.781548168192017556e+01,5.653357586254427360e+02,4.365886110527156916e+02,1.000000000000000000e+00,5.095950492848732027e-01,1.472727385493023178e+00
4.000000000000000000e+00,3.000000000000000000e+00,-1.000000000000000000e+00,6.000000000000000000e+00,1.642120713239759766e+01,5.866356802766168812e+02,4.210524541078171978e+02,1.000000000000000000e+00,5.654397167445923689e-01,1.368778946962249332e+00
4.000000000000000000e+00,3.000000000000000000e+00,-1.000000000000000000e+00,7.000000000000000000e+00,1.559030577105721704e+01,6.085258727353700579e+02,4.056768356302496272e+02,1.000000000000000000e+00,6.247465796037137142e-01,1.270363002570063848e+00
4.000000000000000000e+00,3.000000000000000000e+00,-1.000000000000000000e+00,8.000000000000000000e+00,1.520622964880789141e+01,6.310953676566200556e+02,3.903179704754888348e+02,1.000000000000000000e+00,6.877376893356339504e-01,1.179523130928754826e+00
4.000000000000000000e+00,3.000000000000000000e+00,-1.000000000000000000e+00,9.000000000000000000e+00,1.518291327460616458e+01,6.544683493283465623e+02,3.748224847385881731e+02,1.000000000000000000e+00,7.546478222896749743e-01,1.096916416295262264e+00
4.000000000000000000e+00,3.000000000000000000e+00,-1.000000000000000000e+00,1.000000000000000000e+01,1.545617576691003592e+01,6.788051646176701297e+02,3.590225871356633434e+02,1.000000000000000000e+00,8.256944451817618269e-01,1.022406620268124566e+00
4.000000000000000000e+00,3.000000000000000000e+00,-1.000000000000000000e+00,1.100000000000000000e+01,1.597776030707507289e+01,7.043071993124585788e+02,3.427294880530635055e+02,1.000000000000000000e+00,9.010410451911697871e-01,9.554560263055825731e-01
4.000000000000000000e+00,3.000000000000000000e+00,-1.000000000000000000e+00,1.200000000000000000e+01,1.671118765095391723e+01,7.312258424051593693e+02,3.257244935645269379e+02,1.000000000000000000e+00,9.807491946833378771e-01,8.953602301664944640e-01
4.000000000000000000e+00,3.000000000000000000e+00,-1.000000000000000000e+00,1.300000000000000000e+01,1.762885413729421202e+01,7.598765074302746143e+02,3.077467673465089320e+02,1.000000000000000000e+00,1.064714459890758080e+00,8.413785346553935840e-01
4.000000000000000000e+00,3.000000000000000000e+00,0.000000000000000000e+00,8.000000000000000000e+00,2.379132694694914107e+01,6.241421943703306852e+02,3.547441127032525401e+02,1.000000000000000000e+00,6.681006789408977520e-01,1.203233066816324692e+00
4.000000000000000000e+00,3.000000000000000000e+00,0.000000000000000000e+00,9.000000000000000000e+00,2.324532492520529559e+01,6.463459129917748669e+02,3.389429645369132231e+02,1.000000000000000000e+00,7.307061099856498876e-01,1.115907697746199467e+00
4.000000000000000000e+00,3.000000000000000000e+00,0.000000000000000000e+00,1.000000000000000000e+01,2.306196448498747031e+01,6.696547821381628864e+02,3.226674758861618102e+02,1.000000000000000000e+00,7.975891294903993956e-01,1.037732273620628254e+00
4.000000000000000000e+00,3.000000000000000000e+00,0.000000000000000000e+00,1.100000000000000000e+01,2.318443843108130409e+01,6.942272142961562622e+02,3.057161432332262621e+02,1.000000000000000000e+00,8.688236972643873512e-01,9.679281133155817063e-01
4.000000000000000000e+00,3.000000000000000000e+00,0.000000000000000000e+00,1.200000000000000000e+01,2.356860938609972322e+01,7.202798679170097103e+02,2.878499050567160680e+02,1.000000000000000000e+00,9.443995350543021861e-01,9.055993202446037671e-01
4.000000000000000000e+00,3.000000000000000000e+00,0.000000000000000000e+00,1.300000000000000000e+01,2.418028600942113826e+01,7.480993119436443521e+02,2.687782608857294235e+02,1.000000000000000000e+00,1.024155920585902324e+00,8.498580062431632109e-01
4.000000000000000000e+00,4.000000000000000000e+00,-6.000000000000000000e+00,3.000000000000000000e+00,7.129093009874708287e+00,6.661647887103741823e+02,7.629905321568323870e+02,1.000000000000000000e+00,7.231059122059432243e-01,8.044397492245992654e-01
4.000000000000000000e+00,4.000000000000000000e+00,-6.000000000000000000e+00,4.000000000000000000e+00,5.942086174096459672e+00,6.950675870964278147e+02,7.369908662151516410e+02,1.000000000000000000e+00,8.052268794660749629e-01,7.926638878214851136e-01
4.000000000000000000e+00,4.000000000000000000e+00,-6.000000000000000000e+00,5.000000000000000000e+00,5.262402712479172351e+00,7.231924580151679720e+02,7.136696851478752706e+02,1.000000000000000000e+00,8.870178491440139368e-01,7.782568453385511065e-01
4.000000000000000000e+00,4.000000000000000000e+00,-6.000000000000000000e+00,6.000000000000000000e+00,4.977442293132156692e+00,7.512086295963563316e+02,6.924769305677943976e+02,1.000000000000000000e+00,9.695774789611186772e-01,7.616710741177067368e-01
4.000000000000000000e+00,4.000000000000000000e+00,-6.000000000000000000e+00,7.000000000000000000e+00,5.009121475868511197e+00,7.796508364002089593e+02,6.730039038002505549e+02,1.000000000000000000e+00,1.053648255410361001e+00,7.433730082198515277e-01
4.000000000000000000e+00,4.000000000000000000e+00,-5.000000000000000000e+00,1.000000000000000000e+00,1.412680805945780094e+01,5.720291105201192750e+02,7.460889737466544602e+02,1.000000000000000000e+00,4.988952495755585304e-01,9.190522220460014546e-01
4.000000000000000000e+00,4.000000000000000000e+00,-5.000000000000000000e+00,2.000000000000000000e+00,1.100375915018233286e+01,6.024259277565514594e+02,7.175452388619386284e+02,1.000000000000000000e+00,5.770920295031761738e-01,9.114531272168123754e-01
4.000000000000000000e+00,4.000000000000000000e+00,-5.000000000000000000e+00,3.000000000000000000e+00,8.907146665834574151e+00,6.304645820310147428e+02,6.922766147336731137e+02,1.000000000000000000e+00,6.526404511632030170e-01,8.991963601749134449e-01
4.000000000000000000e+00,4.000000000000000000e+00,-5.000000000000000000e+00,4.000000000000000000e+00,7.541827390677241283e+00,6.572283290092545940e+02,6.694904789799884384e+02,1.000000000000000000e+00,7.275084292964542065e-01,8.828388841643183271e-01
4.000000000000000000e+00,4.000000000000000000e+00,-5.000000000000000000e+00,5.000000000000000000e+00,6.723709831328619657e+00,6.834226862918652614e+02,6.486476454499286319e+02,1.000000000000000000e+00,8.030049279124621409e-01,8.630631221950810783e-01
4.000000000000000000e+00,4.000000000000000000e+00,-5.000000000000000000e+00,6.000000000000000000e+00,6.330152835341493756e+00,7.095636886295934573e+02,6.293521241482833375e+02,1.000000000000000000e+00,8.800638953997631519e-01,8.406066970907725144e-01
4.000000000000000000e+00,4.000000000000000000e+00,-5.000000000000000000e+00,7.000000000000000000e+00,6.275596513083570471e+00,7.360709512646153598e+02,6.112952129453080943e+02,1.000000000000000000e+00,9.593692977028591695e-01,8.161997888677687829e-01
4.000000000000000000e+00,4.000000000000000000e+00,-5.000000000000000000e+00,8.000000000000000000e+00,6.498318123078206554e+00,7.633211176867398535e+02,5.942234742992939118e+02,1.000000000000000000e+00,1.041406354885016761e+00,7.905176943115148624e-01
4.000000000000000000e+00,4.000000000000000000e+00,-4.000000000000000000e+00,0.000000000000000000e+00,2.401618829031440328e+01,5.186131759711653331e+02,7.103226415190216585e+02,1.000000000000000000e+00,3.815086354792696643e-01,1.039820646312734187e+00
4.000000000000000000e+00,4.000000000000000000e+00,-4.000000000000000000e+00,1.000000000000000000e+00,1.866984347181266912e+01,5.491306312427948342e+02,6.823629840827213684e+02,1.000000000000000000e+00,4.543195541307952223e-01,1.036125868726030408e+00
4.000000000000000000e+00,4.000000000000000000e+00,-4.000000000000000000e+00,2.000000000000000000e+00,1.500691429990305892e+01,5.767090931124544113e+02,6.575922544469563036e+02,1.000000000000000000e+00,5.236684141422311978e-01,1.025273459969367140e+00
4.000000000000000000e+00,4.000000000000000000e+00,-4.000000000000000000e+00,3.000000000000000000e+00,1.248375321256122561e+01,6.026402129277968243e+02,6.351911420337513619e+02,1.000000000000000000e+00,5.918719792890613229e-01,1.007920025980872047e+00
4.000000000000000000e+00,4.000000000000000000e+00,-4.000000000000000000e+00,4.000000000000000000e+00,1.077984170609536818e+01,6.276925530776233018e+02,6.146241900746872489e+02,1.000000000000000000e+00,6.603807409871824685e-01,9.850417624850430487e-01
4.000000000000000000e+00,4.000000000000000000e+00,-4.000000000000000000e+00,5.000000000000000000e+00,9.690205086548161262e+00,6.523866974211254046e+02,5.955054499932917906e+02,1.000000000000000000e+00,7.302135669904918913e-01,9.577945028864702781e-01
4.000000000000000000e+00,4.000000000000000000e+00,-4.000000000000000000e+00,6.000000000000000000e+00,9.076330073817075572e+00,6.771163825054969720e+02,5.775363752636678782e+02,1.000000000000000000e+00,8.021406513483846368e-01,9.273744547201294708e-01
4.000000000000000000e+00,4.000000000000000000e+00,-4.000000000000000000e+00,7.000000000000000000e+00,8.840812938992826275e+00,7.022110580219225540e+02,5.604723973028313821e+02,1.000000000000000000e+00,8.767657623067860451e-01,8.949064134435659179e-01
4.000000000000000000e+00,4.000000000000000000e+00,-4.000000000000000000e+00,8.000000000000000000e+00,8.913092019876728500e+00,7.279731557903432986e+02,5.441025953022725616e+02,1.000000000000000000e+00,9.545589321046317188e-01,8.613715276165861967e-01
4.000000000000000000e+00,4.000000000000000000e+00,-4.000000000000000000e+00,9.000000000000000000e+00,9.240895092756858276e+00,7.547039714799847161e+02,5.282358114513724558e+02,1.000000000000000000e+00,1.035858976950535082e+00,8.275735894045902485e-01
4.000000000000000000e+00,4.000000000000000000e+00,-4.000000000000000000e+00,1.000000000000000000e+01,9.784858742023402556e+00,7.827250278557837646e+02,5.126899162294830603e+02,1.000000000000000000e+00,1.120853058277569758e+00,7.941351948172240549e-01
4.000000000000000000e+00,4.000000000000000000e+00,-3.000000000000000000e+00,2.000000000000000000e+00,2.104180361903945595e+01,5.591291609149311626e+02,6.066761298515616545e+02,1.000000000000000000e+00,4.858779999506154801e-01,1.150891484959664313e+00
4.000000000000000000e+00,4.000000000000000000e+00,-3.000000000000000000e+00,3.000000000000000000e+00,1.793384769267851198e+01,5.828467055523541376e+02,5.864303481774993543e+02,1.000000000000000000e+00,5.469978858174792125e-01,1.126506103474143705e+00
4.000000000000000000e+00,4.000000000000000000e+00,-3.000000000000000000e+00,4.000000000000000000e+00,1.574413026290736184e+01,6.061580479600783065e+02,5.675276453428834884e+02,1.000000000000000000e+00,6.094111056524380565e-01,1.094831744208387470e+00
4.000000000000000000e+00,4.000000000000000000e+00,-3.000000000000000000e+00,5.000000000000000000e+00,1.425136745795558113e+01,6.293955670413758980e+02,5.496943947108527482e+02,1.000000000000000000e+00,6.738180757481739835e-01,1.057778690001951238e+00
4.000000000000000000e+00,4.000000000000000000e+00,-3.000000000000000000e+00,6.000000000000000000e+00,1.330138284446911712e+01,6.528296380771085978e+02,5.327038144656266923e+02,1.000000000000000000e+00,7.407940005873205891e-01,1.017222387008035911e+00
4.000000000000000000e+00,4.000000000000000000e+00,-3.000000000000000000e+00,7.000000000000000000e+00,1.278361755767775776e+01,6.767017067776272370e+02,5.163584922979921430e+02,1.000000000000000000e+00,8.108265270482910569e-01,9.748202101064709080e-01
4.000000000000000000e+00,4.000000000000000000e+00,-3.000000000000000000e+00,8.000000000000000000e+00,1.261695888327972170e+01,7.012457678000250780e+02,5.004785091187368948e+02,1.000000000000000000e+00,8.843273719343125450e-01,9.319191519494189890e-01
4.000000000000000000e+00,4.000000000000000000e+00,-3.000000000000000000e+00,9.000000000000000000e+00,1.274081187261396053e+01,7.267047136071126943e+02,4.848923065909587535e+02,1.000000000000000000e+00,9.616256732908773364e-01,8.895375226241778455e-01
4.000000000000000000e+00,4.000000000000000000e+00,-3.000000000000000000e+00,1.000000000000000000e+01,1.310927605024224363e+01,7.533450989982438841e+02,4.694286882302711206e+02,1.000000000000000000e+00,1.042945230404444201e+00,8.483934930231317173e-01
4.000000000000000000e+00,4.000000000000000000e+00,-3.000000000000000000e+00,1.100000000000000000e+01,1.368723912651879004e+01,7.814727607582351538e+02,4.539088357453924232e+02,1.000000000000000000e+00,1.128364961290389878e+00,8.089557540334946228e-01
4.000000000000000000e+00,4.000000000000000000e+00,-2.000000000000000000e+00,4.000000000000000000e+00,2.239215815862198156e+01,5.929515832484577231e+02,5.253209191211608413e+02,1.000000000000000000e+00,5.780653892243323710e-01,1.200359332483796448e+00
4.000000000000000000e+00,4.000000000000000000e+00,-2.000000000000000000e+00,5.000000000000000000e+00,2.040144087816179308e+01,6.144919387612708306e+02,5.084831024447233858e+02,1.000000000000000000e+00,6.368983186043487565e-01,1.152015850211526971e+00
4.000000000000000000e+00,4.000000000000000000e+00,-2.000000000000000000e+00,6.000000000000000000e+00,1.902013647464218593e+01,6.364869080236361469e+02,4.922281712730015215e+02,1.000000000000000000e+00,6.988404997278334640e-01,1.100172951081847428e+00
4.000000000000000000e+00,4.000000000000000000e+00,-2.000000000000000000e+00,7.000000000000000000e+00,1.812980861864056692e+01,6.590824352832318027e+02,4.763959156403105339e+02,1.000000000000000000e+00,7.642259760722110995e-01,1.047083691456857757e+00
4.000000000000000000e+00,4.000000000000000000e+00,-2.000000000000000000e+00,8.000000000000000000e+00,1.764097143232410758e+01,6.824404983877042241e+02,4.608303838867392983e+02,1.000000000000000000e+00,8.333674214263607771e-01,9.944430284392177244e-01
4.000000000000000000e+00,4.000000000000000000e+00,-2.000000000000000000e+00,9.000000000000000000e+00,1.748534852650280413e+01,7.067461047733993382e+02,4.453743491482332502e+02,1.000000000000000000e+00,9.065380592549223682e-01,9.434208537025992047e-01
4.000000000000000000e+00,4.000000000000000000e+00,-2.000000000000000000e+00,1.000000000000000000e+01,1.761040468543916404e+01,7.322157175203423094e+02,4.298633738092282783e+02,1.000000000000000000e+00,9.839438743892786610e-01,8.947525188540311758e-01
4.000000000000000000e+00,4.000000000000000000e+00,-2.000000000000000000e+00,1.100000000000000000e+01,1.797545762406821268e+01,7.591080758751644453e+02,4.141189087949339296e+02,1.000000000000000000e+00,1.065683298726389783e+00,8.488435895980965817e-01
4.000000000000000000e+00,4.000000000000000000e+00,-2.000000000000000000e+00,1.200000000000000000e+01,1.854889197380970245e+01,7.877387062721619486e+02,3.979397010397619852e+02,1.000000000000000000e+00,1.151690862683536043e+00,8.058653073032570058e-01
4.000000000000000000e+00,4.000000000000000000e+00,-1.000000000000000000e+00,8.000000000000000000e+00,2.393450127149588980e+01,6.713730456472512742e+02,4.234854669286197009e+02,1.000000000000000000e+00,8.030856702452383589e-01,1.038592337459055770e+00
4.000000000000000000e+00,4.000000000000000000e+00,-1.000000000000000000e+00,9.000000000000000000e+00,2.344257547209437575e+01,6.944824153176089112e+02,4.079925889068967990e+02,1.000000000000000000e+00,8.719718974792380894e-01,9.808645154941760813e-01
4.000000000000000000e+00,4.000000000000000000e+00,-1.000000000000000000e+00,1.000000000000000000e+01,2.326927600872829771e+01,7.188230131009453316e+02,3.922714441010615474e+02,1.000000000000000000e+00,9.452755139523542072e-01,9.265027787641416657e-01
4.000000000000000000e+00,4.000000000000000000e+00,-1.000000000000000000e+00,1.100000000000000000e+01,2.336972721879510573e+01,7.446113480559183699e+02,3.761389877310334100e+02,1.000000000000000000e+00,1.023061656758989635e+00,8.758079779953390487e-01
4.000000000000000000e+00,4.000000000000000000e+00,-1.000000000000000000e+00,1.200000000000000000e+01,2.370837896216286822e+01,7.721238180301464809e+02,3.593828374091469300e+02,1.000000000000000000e+00,1.105258890379622105e+00,8.288287418842111842e-01
4.000000000000000000e+00,5.000000000000000000e+00,-6.000000000000000000e+00,6.000000000000000000e+00,1.590468627417672565e+01,7.851514278489171375e+02,7.619583358005587570e+02,1.000000000000000000e+00,1.021302682263153905e+00,7.086095129088387790e-01
4.000000000000000000e+00,5.000000000000000000e+00,-5.000000000000000000e+00,3.000000000000000000e+00,2.229911146484960227e+01,6.598334019425137740e+02,7.556054782181229257e+02,1.000000000000000000e+00,7.097319165825175524e-01,8.152506201572717881e-01
4.000000000000000000e+00,5.000000000000000000e+00,-5.000000000000000000e+00,4.000000000000000000e+00,1.999500334874954888e+01,6.887161620888988409e+02,7.299003762891613860e+02,1.000000000000000000e+00,7.914947755590737710e-01,8.030008243682278390e-01
4.000000000000000000e+00,5.000000000000000000e+00,-5.000000000000000000e+00,5.000000000000000000e+00,1.835517770751849298e+01,7.167804926343249008e+02,7.068131456136025008e+02,1.000000000000000000e+00,8.729441565819111570e-01,7.880334099880345056e-01
4.000000000000000000e+00,5.000000000000000000e+00,-5.000000000000000000e+00,6.000000000000000000e+00,1.723534353803972863e+01,7.446960527548762911e+02,6.858030672277735675e+02,1.000000000000000000e+00,9.551954704662427575e-01,7.708285008718794851e-01
4.000000000000000000e+00,5.000000000000000000e+00,-5.000000000000000000e+00,7.000000000000000000e+00,1.653393314050686058e+01,7.729946784309393024e+02,6.664680927486015207e+02,1.000000000000000000e+00,1.039008695632319013e+00,7.518788704154663050e-01
4.000000000000000000e+00,5.000000000000000000e+00,-4.000000000000000000e+00,4.000000000000000000e+00,2.293748256297581634e+01,6.635844987068530827e+02,6.652304032414818948e+02,1.000000000000000000e+00,7.454047061302662147e-01,8.775934520544882433e-01
4.000000000000000000e+00,5.000000000000000000e+00,-4.000000000000000000e+00,5.000000000000000000e+00,2.111051603284593625e+01,6.890881387287090547e+02,6.446654857218336474e+02,1.000000000000000000e+00,8.194871833775263514e-01,8.581604172900834104e-01
4.000000000000000000e+00,5.000000000000000000e+00,-4.000000000000000000e+00,6.000000000000000000e+00,1.982245192302937653e+01,7.146964568108393223e+02,6.255673703917084367e+02,1.000000000000000000e+00,8.954001855082905914e-01,8.360748382938897327e-01
4.000000000000000000e+00,5.000000000000000000e+00,-4.000000000000000000e+00,7.000000000000000000e+00,1.897196216643806110e+01,7.407896308720540901e+02,6.076472190173099079e+02,1.000000000000000000e+00,9.737500480147475157e-01,8.120494080736954112e-01
4.000000000000000000e+00,5.000000000000000000e+00,-4.000000000000000000e+00,8.000000000000000000e+00,1.848348286060829082e+01,7.677190384231917051e+02,5.906640295089509891e+02,1.000000000000000000e+00,1.054965588764580797e+00,7.867451166248173866e-01
4.000000000000000000e+00,5.000000000000000000e+00,-3.000000000000000000e+00,6.000000000000000000e+00,2.364649181236211462e+01,6.935579678706016011e+02,5.750747252964185918e+02,1.000000000000000000e+00,8.490400968115513480e-01,9.001203180300281215e-01
4.000000000000000000e+00,5.000000000000000000e+00,-3.000000000000000000e+00,7.000000000000000000e+00,2.258526458525656722e+01,7.178021011091453829e+02,5.581528898372430376e+02,1.000000000000000000e+00,9.220293087739290794e-01,8.703419955489255511e-01
4.000000000000000000e+00,5.000000000000000000e+00,-3.000000000000000000e+00,8.000000000000000000e+00,2.190816967810434335e+01,7.429385405495011128e+02,5.418568846459680799e+02,1.000000000000000000e+00,9.984649433724265277e-01,8.394004910999500746e-01
4.000000000000000000e+00,5.000000000000000000e+00,-3.000000000000000000e+00,9.000000000000000000e+00,2.155598034225280912e+01,7.692400570754493856e+02,5.260066330019719771e+02,1.000000000000000000e+00,1.078583089515390281e+00,8.080316057376405459e-01
5.000000000000000000e+00,-4.000000000000000000e+00,-2.000000000000000000e+00,-1.300000000000000000e+01,-3.752096844800468034e+01,4.378784141772749194e+01,8.719121502924309652e+01,0.000000000000000000e+00,9.953208719982339359e-01,7.658316479359872364e-01
5.000000000000000000e+00,-4.000000000000000000e+00,-2.000000000000000000e+00,-1.200000000000000000e+01,-3.508226660474466030e+01,7.961211869788840545e+01,9.421090446327798418e+01,0.000000000000000000e+00,9.035673231121249538e-01,8.058653073032568948e-01
5.000000000000000000e+00,-4.000000000000000000e+00,-1.000000000000000000e+00,-1.400000000000000000e+01,-4.735584798511706595e+01,2.325801981370625526e+01,8.308367495620416321e+01,0.000000000000000000e+00,1.046903734744097925e+00,7.454999097893135751e-01
5.000000000000000000e+00,-4.000000000000000000e+00,-1.000000000000000000e+00,-1.300000000000000000e+01,-4.553712530056941432e+01,6.179643453251614460e+01,9.131888432020747359e+01,0.000000000000000000e+00,9.496379370841635525e-01,7.854579472185591049e-01
5.000000000000000000e+00,-4.000000000000000000e+00,-1.000000000000000000e+00,-1.200000000000000000e+01,-4.375605351673692667e+01,9.790421484083576331e+01,9.774223677846634928e+01,0.000000000000000000e+00,8.562135288263812427e-01,8.288287418842108512e-01
5.000000000000000000e+00,-4.000000000000000000e+00,-1.000000000000000000e+00,-1.100000000000000000e+01,-4.201235764426144215e+01,1.321556797559547931e+02,1.025982772718550677e+02,0.000000000000000000e+00,7.669459946313755827e-01,8.758079779953388266e-01
5.000000000000000000e+00,-4.000000000000000000e+00,-1.000000000000000000e+00,-1.000000000000000000e+01,-4.030722066577106943e+01,1.650208282765081549e+02,1.060642490544781822e+02,0.000000000000000000e+00,6.818677858848740669e-01,9.265027787641413326e-01
5.000000000000000000e+00,-4.000000000000000000e+00,-1.000000000000000000e+00,-9.000000000000000000e+00,-3.864388000584690985e+01,1.968981883292356088e+02,1.082657690100476202e+02,0.000000000000000000e+00,6.008151962223999831e-01,9.808645154941757482e-01
5.000000000000000000e+00,-4.000000000000000000e+00,-1.000000000000000000e+00,-8.000000000000000000e+00,-3.702872911979764581e+01,2.281395262618391939e+02,1.092869686655380974e+02,0.000000000000000000e+00,5.234911461763283036e-01,1.038592337459055326e+00
5.000000000000000000e+00,-4.000000000000000000e+00,-1.000000000000000000e+00,-7.000000000000000000e+00,-3.547343013556994151e+01,2.590704128300286584e+02,1.091765964894578360e+02,0.000000000000000000e+00,4.495069086432089689e-01,1.099003409752439264e+00
5.000000000000000000e+00,-4.000000000000000000e+00,-1.000000000000000000e+00,-6.000000000000000000e+00,-3.399924586199136911e+01,2.900105617430775169e+02,1.079506406509358385e+02,0.000000000000000000e+00,3.784040305356487499e-01,1.160874775926972857e+00
5.000000000000000000e+00,-4.000000000000000000e+00,0.000000000000000000e+00,-1.400000000000000000e+01,-5.552355830219840982e+01,2.914256908894691378e+01,8.488242081634138003e+01,0.000000000000000000e+00,1.032488560974952785e+00,7.513791924440967884e-01
5.000000000000000000e+00,-4.000000000000000000e+00,0.000000000000000000e+00,-1.300000000000000000e+01,-5.434425811717341048e+01,6.769008656477862473e+01,9.289654217881098930e+01,0.000000000000000000e+00,9.346623012845466372e-01,7.923431668499755220e-01
5.000000000000000000e+00,-4.000000000000000000e+00,0.000000000000000000e+00,-1.200000000000000000e+01,-5.331036560130098678e+01,1.039215349996389506e+02,9.911637380526912011e+01,0.000000000000000000e+00,8.406696335552614752e-01,8.369307733096494895e-01
5.000000000000000000e+00,-4.000000000000000000e+00,0.000000000000000000e+00,-1.100000000000000000e+01,-5.245182712320317364e+01,1.384192035080546930e+02,1.037752239381799768e+02,0.000000000000000000e+00,7.507588348455142002e-01,8.853837051751841658e-01
5.000000000000000000e+00,-4.000000000000000000e+00,0.000000000000000000e+00,-1.000000000000000000e+01,-5.181258298507395921e+01,1.716727191353216142e+02,1.070387985566496809e+02,0.000000000000000000e+00,6.648886791778825245e-01,9.378617184396539352e-01
5.000000000000000000e+00,-4.000000000000000000e+00,0.000000000000000000e+00,-9.000000000000000000e+00,-5.145851066612965496e+01,2.041162284388555861e+02,1.090190010729324399e+02,0.000000000000000000e+00,5.828051736780759384e-01,9.943726280798964590e-01
5.000000000000000000e+00,-4.000000000000000000e+00,0.000000000000000000e+00,-8.000000000000000000e+00,-5.149180985741833183e+01,2.361622474055317582e+02,1.097812547523419084e+02,0.000000000000000000e+00,5.040868530075806042e-01,1.054669029877291164e+00
5.000000000000000000e+00,-4.000000000000000000e+00,0.000000000000000000e+00,-7.000000000000000000e+00,-5.207893372336013726e+01,2.682413267280223295e+02,1.093454358834898699e+02,0.000000000000000000e+00,4.281531282368677971e-01,1.118105196404324930e+00
5.000000000000000000e+00,-4.000000000000000000e+00,0.000000000000000000e+00,-6.000000000000000000e+00,-5.351011861459124930e+01,3.008654200682073565e+02,1.076773714328213032e+02,0.000000000000000000e+00,3.542139218900425823e-01,1.183456329609615443e+00
5.000000000000000000e+00,-4.000000000000000000e+00,0.000000000000000000e+00,-5.000000000000000000e+00,-5.634400548214223647e+01,3.347655871371967464e+02,1.046589730316524083e+02,0.000000000000000000e+00,2.810834756389181677e-01,1.248723795845207762e+00
5.000000000000000000e+00,-4.000000000000000000e+00,0.000000000000000000e+00,-4.000000000000000000e+00,-6.183790701221744257e+01,3.713027622304550164e+02,9.998706015292913207e+01,0.000000000000000000e+00,2.065370532096566514e-01,1.310988888733159996e+00
5.000000000000000000e+00,-4.000000000000000000e+00,1.000000000000000000e+00,-1.400000000000000000e+01,-6.406595227405613002e+01,2.291635564190511332e+01,8.391454196741563010e+01,0.000000000000000000e+00,1.048168995822302163e+00,7.454999097893134641e-01
5.000000000000000000e+00,-4.000000000000000000e+00,1.000000000000000000e+00,-1.300000000000000000e+01,-6.351130113869714933e+01,6.142551478982150570e+01,9.213093130722762680e+01,0.000000000000000000e+00,9.509288254530633422e-01,7.854579472185591049e-01
5.000000000000000000e+00,-4.000000000000000000e+00,1.000000000000000000e+00,-1.200000000000000000e+01,-6.319894564184414776e+01,9.749844284920979476e+01,9.854233011715967905e+01,0.000000000000000000e+00,8.575426788361857344e-01,8.288287418842108512e-01
5.000000000000000000e+00,-4.000000000000000000e+00,1.000000000000000000e+00,-1.100000000000000000e+01,-6.318203207260150123e+01,1.317075776876181408e+02,1.033928870258732786e+02,0.000000000000000000e+00,7.683290704267099480e-01,8.758079779953389377e-01
5.000000000000000000e+00,-4.000000000000000000e+00,1.000000000000000000e+00,-1.000000000000000000e+01,-6.353521291472237920e+01,1.645203570088751235e+02,1.068598611365262059e+02,0.000000000000000000e+00,6.833246223657094554e-01,9.265027787641413326e-01
5.000000000000000000e+00,-4.000000000000000000e+00,1.000000000000000000e+00,-9.000000000000000000e+00,-6.436541575254499037e+01,1.963316301950337106e+02,1.090693454864183991e+02,0.000000000000000000e+00,6.023716568221276768e-01,9.808645154941757482e-01
5.000000000000000000e+00,-4.000000000000000000e+00,1.000000000000000000e+00,-8.000000000000000000e+00,-6.582982380500833131e+01,2.274876126405197567e+02,1.101065593882106555e+02,0.000000000000000000e+00,5.251822239527782488e-01,1.038592337459055548e+00
5.000000000000000000e+00,-4.000000000000000000e+00,1.000000000000000000e+00,-7.000000000000000000e+00,-6.816714092201702613e+01,2.583050371398239236e+02,1.100222852551947881e+02,0.000000000000000000e+00,4.513821528956011297e-01,1.099003409752439486e+00
5.000000000000000000e+00,-4.000000000000000000e+00,1.000000000000000000e+00,-6.000000000000000000e+00,-7.175452718833093968e+01,2.890886012338705768e+02,1.088362140773118085e+02,0.000000000000000000e+00,3.805377176120299798e-01,1.160874775926972857e+00
5.000000000000000000e+00,-4.000000000000000000e+00,1.000000000000000000e+00,-5.000000000000000000e+00,-7.721663287174256141e+01,3.201507796577731710e+02,1.065371338999266300e+02,0.000000000000000000e+00,3.121643011514399491e-01,1.222281502192820168e+00
5.000000000000000000e+00,-4.000000000000000000e+00,1.000000000000000000e+00,-4.000000000000000000e+00,-8.564486106115225539e+01,3.518431212806245867e+02,1.030782346597663945e+02,0.000000000000000000e+00,2.457068941676783802e-01,1.280488897659129099e+00
5.000000000000000000e+00,-4.000000000000000000e+00,2.000000000000000000e+00,-1.300000000000000000e+01,-7.262461316061457239e+01,4.307533128985269855e+01,8.883162031288736671e+01,0.000000000000000000e+00,9.978751805687645637e-01,7.658316479359871254e-01
5.000000000000000000e+00,-4.000000000000000000e+00,2.000000000000000000e+00,-1.200000000000000000e+01,-7.290747268810027037e+01,7.883836969456956467e+01,9.582186816553627295e+01,0.000000000000000000e+00,9.061824194004118871e-01,8.058653073032568948e-01
5.000000000000000000e+00,-4.000000000000000000e+00,2.000000000000000000e+00,-1.100000000000000000e+01,-7.355435099587363368e+01,1.123919845180557502e+02,1.012320173733995148e+02,0.000000000000000000e+00,8.188251267638186892e-01,8.488435895980963597e-01
5.000000000000000000e+00,-4.000000000000000000e+00,2.000000000000000000e+00,-1.000000000000000000e+01,-7.464440629052370468e+01,1.441653475584852515e+02,1.052689182796708565e+02,0.000000000000000000e+00,7.360316910064333973e-01,8.947525188540308427e-01
5.000000000000000000e+00,-4.000000000000000000e+00,2.000000000000000000e+00,-9.000000000000000000e+00,-7.628318881728554857e+01,1.744823132400185557e+02,1.080910698676049719e+02,0.000000000000000000e+00,6.578592836031620372e-01,9.434208537025988717e-01
5.000000000000000000e+00,-4.000000000000000000e+00,2.000000000000000000e+00,-8.000000000000000000e+00,-7.861217386436618426e+01,2.035738489048285658e+02,1.098234474554459439e+02,0.000000000000000000e+00,5.842840325237921295e-01,9.944430284392176134e-01
5.000000000000000000e+00,-4.000000000000000000e+00,2.000000000000000000e+00,-7.000000000000000000e+00,-8.182126655338714727e+01,2.315762471180435114e+02,1.105703813747635422e+02,0.000000000000000000e+00,5.152850146740614035e-01,1.047083691456857535e+00
5.000000000000000000e+00,-4.000000000000000000e+00,2.000000000000000000e+00,-6.000000000000000000e+00,-8.616331672915630691e+01,2.585116690315770711e+02,1.104291476270775547e+02,0.000000000000000000e+00,4.509354298944325268e-01,1.100172951081846984e+00
5.000000000000000000e+00,-4.000000000000000000e+00,3.000000000000000000e+00,-1.300000000000000000e+01,-8.138862001097210452e+01,1.264698157072621143e+01,8.240953588738665303e+01,0.000000000000000000e+00,1.073888337902061396e+00,7.361555290957326747e-01
5.000000000000000000e+00,-4.000000000000000000e+00,3.000000000000000000e+00,-1.200000000000000000e+01,-8.209475565739988667e+01,4.827974181705855017e+01,9.036663435512889464e+01,0.000000000000000000e+00,9.848583795826358900e-01,7.714991240751281065e-01
5.000000000000000000e+00,-4.000000000000000000e+00,3.000000000000000000e+00,-1.100000000000000000e+01,-8.317982352788457945e+01,8.120830205653855671e+01,9.667397811678517883e+01,0.000000000000000000e+00,9.001884715606776055e-01,8.089557540334944008e-01
5.000000000000000000e+00,-4.000000000000000000e+00,3.000000000000000000e+00,-1.000000000000000000e+01,-8.470844789047167467e+01,1.118531621819983286e+02,1.015791643636645745e+02,0.000000000000000000e+00,8.203540199321708304e-01,8.483934930231312732e-01
5.000000000000000000e+00,-4.000000000000000000e+00,3.000000000000000000e+00,-9.000000000000000000e+00,-8.675972777381616652e+01,1.405025220842187252e+02,1.052780066107287666e+02,0.000000000000000000e+00,7.456476287199248487e-01,8.895375226241774014e-01
5.000000000000000000e+00,-3.000000000000000000e+00,-2.000000000000000000e+00,-1.400000000000000000e+01,-3.563269339933918900e+01,1.924601262431968962e+01,1.706083922661393615e+02,0.000000000000000000e+00,1.093565452955481687e+00,7.726329552705614168e-01
5.000000000000000000e+00,-3.000000000000000000e+00,-2.000000000000000000e+00,-1.300000000000000000e+01,-3.300838529329419657e+01,5.535391112652584411e+01,1.761561596210671610e+02,0.000000000000000000e+00,9.960782367044306307e-01,8.173862552603634590e-01
5.000000000000000000e+00,-3.000000000000000000e+00,-1.000000000000000000e+00,-1.400000000000000000e+01,-4.297978231674474614e+01,3.616058552314677854e+01,1.736837865787762496e+02,0.000000000000000000e+00,1.048345806577039907e+00,7.928007630125725180e-01
5.000000000000000000e+00,-3.000000000000000000e+00,-1.000000000000000000e+00,-1.300000000000000000e+01,-4.089626767363566273e+01,7.232455505743578783e+01,1.788300422642404612e+02,0.000000000000000000e+00,9.496409934966865141e-01,8.413785346553931399e-01
5.000000000000000000e+00,-3.000000000000000000e+00,-1.000000000000000000e+00,-1.200000000000000000e+01,-3.879820222663605023e+01,1.063641641645598526e+02,1.828510490058441178e+02,0.000000000000000000e+00,8.557831900532539837e-01,8.953602301664942420e-01
5.000000000000000000e+00,-3.000000000000000000e+00,-1.000000000000000000e+00,-1.100000000000000000e+01,-3.667220331679047263e+01,1.387504485432956756e+02,1.858891901654928347e+02,0.000000000000000000e+00,7.668789849948335346e-01,9.554560263055823510e-01
5.000000000000000000e+00,-3.000000000000000000e+00,-1.000000000000000000e+00,-1.000000000000000000e+01,-3.450104430369981401e+01,1.698671829745104560e+02,1.880499002802071686e+02,0.000000000000000000e+00,6.828148460435522482e-01,1.022406620268124344e+00
5.000000000000000000e+00,-3.000000000000000000e+00,0.000000000000000000e+00,-1.400000000000000000e+01,-5.111574865078540597e+01,4.171481728653492382e+01,1.748999958381345721e+02,0.000000000000000000e+00,1.033435356763103607e+00,7.998826461938154386e-01
5.000000000000000000e+00,-3.000000000000000000e+00,0.000000000000000000e+00,-1.300000000000000000e+01,-4.966159049739741249e+01,7.792180884047068901e+01,1.799083126362438634e+02,0.000000000000000000e+00,9.343253796977283310e-01,8.498580062431628779e-01
5.000000000000000000e+00,-3.000000000000000000e+00,0.000000000000000000e+00,-1.200000000000000000e+01,-4.829698197273836513e+01,1.121044801827437993e+02,1.838005187654082988e+02,0.000000000000000000e+00,8.400369981319617541e-01,9.055993202446035450e-01
5.000000000000000000e+00,-3.000000000000000000e+00,0.000000000000000000e+00,-1.100000000000000000e+01,-4.703688745123992021e+01,1.447422531157425567e+02,1.867125098942552199e+02,0.000000000000000000e+00,7.506174759035567634e-01,9.679281133155812622e-01
5.000000000000000000e+00,-3.000000000000000000e+00,0.000000000000000000e+00,-1.000000000000000000e+01,-4.590370226392820996e+01,1.762365791409526423e+02,1.887429469519258305e+02,0.000000000000000000e+00,6.658898214826141082e-01,1.037732273620628032e+00
5.000000000000000000e+00,-3.000000000000000000e+00,0.000000000000000000e+00,-9.000000000000000000e+00,-4.493125354543659000e+01,2.069362708033729916e+02,1.899610820976817251e+02,0.000000000000000000e+00,5.855280819793428071e-01,1.115907697746199245e+00
5.000000000000000000e+00,-3.000000000000000000e+00,0.000000000000000000e+00,-8.000000000000000000e+00,-4.417190174274261949e+01,2.371578790033568112e+02,1.904117041687877929e+02,0.000000000000000000e+00,5.091081162767412405e-01,1.203233066816324470e+00
5.000000000000000000e+00,-3.000000000000000000e+00,0.000000000000000000e+00,-7.000000000000000000e+00,-4.370992168443507353e+01,2.672045856379680231e+02,1.901177636427999005e+02,0.000000000000000000e+00,4.361369341855997894e-01,1.300128248812605802e+00
5.000000000000000000e+00,-3.000000000000000000e+00,0.000000000000000000e+00,-6.000000000000000000e+00,-4.368875433316662793e+01,2.973881576751174407e+02,1.890806092270169927e+02,0.000000000000000000e+00,3.660600223301865852e-01,1.406225373169721848e+00
5.000000000000000000e+00,-3.000000000000000000e+00,0.000000000000000000e+00,-5.000000000000000000e+00,-4.437254862044341053e+01,3.280633996319993457e+02,1.872766164168397154e+02,0.000000000000000000e+00,2.982364370883406890e-01,1.519676154516218958e+00
5.000000000000000000e+00,-3.000000000000000000e+00,0.000000000000000000e+00,-4.000000000000000000e+00,-4.630668213313305159e+01,3.597031367574875844e+02,1.846454683842460724e+02,0.000000000000000000e+00,2.318395828264195047e-01,1.636183557089753160e+00
5.000000000000000000e+00,-3.000000000000000000e+00,1.000000000000000000e+00,-1.400000000000000000e+01,-5.970185638407741635e+01,3.592978820177521015e+01,1.743898406843292150e+02,0.000000000000000000e+00,1.049211451228478920e+00,7.928007630125726291e-01
5.000000000000000000e+00,-3.000000000000000000e+00,1.000000000000000000e+00,-1.300000000000000000e+01,-5.888400625912494490e+01,7.207430210397386361e+01,1.795206024662144273e+02,0.000000000000000000e+00,9.505224493810170427e-01,8.413785346553932509e-01
5.000000000000000000e+00,-3.000000000000000000e+00,1.000000000000000000e+00,-1.200000000000000000e+01,-5.825675714413011974e+01,1.060908157719365903e+02,1.835307386443979283e+02,0.000000000000000000e+00,8.566888725721401032e-01,8.953602301664941310e-01
5.000000000000000000e+00,-3.000000000000000000e+00,1.000000000000000000e+00,-1.100000000000000000e+01,-5.786037263307771639e+01,1.384492273377248921e+02,1.865622793340256180e+02,0.000000000000000000e+00,7.678191310278394965e-01,9.554560263055822400e-01
5.000000000000000000e+00,-3.000000000000000000e+00,1.000000000000000000e+00,-1.000000000000000000e+01,-5.775145985190339104e+01,1.695317843400993638e+02,1.887205199710962802e+02,0.000000000000000000e+00,6.838021640054864347e-01,1.022406620268124344e+00
5.000000000000000000e+00,-3.000000000000000000e+00,1.000000000000000000e+00,-9.000000000000000000e+00,-5.801102737087963135e+01,1.996549315442201191e+02,1.900828222750517114e+02,0.000000000000000000e+00,6.043912427131276077e-01,1.096916416295262042e+00
5.000000000000000000e+00,-3.000000000000000000e+00,1.000000000000000000e+00,-8.000000000000000000e+00,-5.875783174923731167e+01,2.290829423097525250e+02,1.907050013829702948e+02,0.000000000000000000e+00,5.292680890514651626e-01,1.179523130928754382e+00
5.000000000000000000e+00,-3.000000000000000000e+00,1.000000000000000000e+00,-7.000000000000000000e+00,-6.017131781216882302e+01,2.580339189701915075e+02,1.906264202371766316e+02,0.000000000000000000e+00,4.580952156451143509e-01,1.270363002570063626e+00
5.000000000000000000e+00,-3.000000000000000000e+00,1.000000000000000000e+00,-6.000000000000000000e+00,-6.253266840908148083e+01,2.866759920426878239e+02,1.898749572317106526e+02,0.000000000000000000e+00,3.905670434541497205e-01,1.368778946962249110e+00
5.000000000000000000e+00,-3.000000000000000000e+00,1.000000000000000000e+00,-5.000000000000000000e+00,-6.630119654738049917e+01,3.151060621602387641e+02,1.884737187941904324e+02,0.000000000000000000e+00,3.264777803862312644e-01,1.472727385493022956e+00
5.000000000000000000e+00,-3.000000000000000000e+00,1.000000000000000000e+00,-4.000000000000000000e+00,-7.226007528135377811e+01,3.432892829290366876e+02,1.864537340297622450e+02,0.000000000000000000e+00,2.658460320745437699e-01,1.578012099998020279e+00
5.000000000000000000e+00,-3.000000000000000000e+00,1.000000000000000000e+00,-3.000000000000000000e+00,-8.178403494164790288e+01,3.708952907581061140e+02,1.838843544818884936e+02,0.000000000000000000e+00,2.092044597637260084e-01,1.677579597363107133e+00
5.000000000000000000e+00,-3.000000000000000000e+00,2.000000000000000000e+00,-1.400000000000000000e+01,-6.839248551555185429e+01,1.879995803525682163e+01,1.720376644077941535e+02,0.000000000000000000e+00,1.095287284626444757e+00,7.726329552705614168e-01
5.000000000000000000e+00,-3.000000000000000000e+00,2.000000000000000000e+00,-1.300000000000000000e+01,-6.813751321526491722e+01,5.487290112220520655e+01,1.775509693336389319e+02,0.000000000000000000e+00,9.978240445885672161e-01,8.173862552603633480e-01
5.000000000000000000e+00,-3.000000000000000000e+00,2.000000000000000000e+00,-1.200000000000000000e+01,-6.814502813700033812e+01,8.852965846748770673e+01,1.819191243850617354e+02,0.000000000000000000e+00,9.052439057348719009e-01,8.666086191858771715e-01
5.000000000000000000e+00,-3.000000000000000000e+00,2.000000000000000000e+00,-1.100000000000000000e+01,-6.846638612366329824e+01,1.202266764776089900e+02,1.853013695320099430e+02,0.000000000000000000e+00,8.178197535980791244e-01,9.207471080274691744e-01
5.000000000000000000e+00,-3.000000000000000000e+00,2.000000000000000000e+00,-1.000000000000000000e+01,-6.916988545523201992e+01,1.503114664192028158e+02,1.878199811612032875e+02,0.000000000000000000e+00,7.356050423474128630e-01,9.802073651435528889e-01
5.000000000000000000e+00,-3.000000000000000000e+00,2.000000000000000000e+00,-9.000000000000000000e+00,-7.034694768562955858e+01,1.790405469534099723e+02,1.895709693365984947e+02,0.000000000000000000e+00,6.585323038545042307e-01,1.045278254929294492e+00
5.000000000000000000e+00,-3.000000000000000000e+00,2.000000000000000000e+00,-8.000000000000000000e+00,-7.212074802831311615e+01,2.065855537330778020e+02,1.906326300021708278e+02,0.000000000000000000e+00,5.864962297815821124e-01,1.116007197997256117e+00
5.000000000000000000e+00,-3.000000000000000000e+00,2.000000000000000000e+00,-7.000000000000000000e+00,-7.465786762452195546e+01,2.330270463497220703e+02,1.910734211741141166e+02,0.000000000000000000e+00,5.194310765589822410e-01,1.192005932987187045e+00
5.000000000000000000e+00,-3.000000000000000000e+00,2.000000000000000000e+00,-6.000000000000000000e+00,-7.818270370697827332e+01,2.583327694077408410e+02,1.909606388616963955e+02,0.000000000000000000e+00,4.573947834172065185e-01,1.272170323036664330e+00
5.000000000000000000e+00,-3.000000000000000000e+00,2.000000000000000000e+00,-5.000000000000000000e+00,-8.299115419496928325e+01,2.823139503931508898e+02,1.903716566166128530e+02,0.000000000000000000e+00,4.006756439596809716e-01,1.354321388342073496e+00
5.000000000000000000e+00,-3.000000000000000000e+00,3.000000000000000000e+00,-1.300000000000000000e+01,-7.709756513536258637e+01,2.641225849404941073e+01,1.736403203858906465e+02,0.000000000000000000e+00,1.075076691264637896e+00,7.815899545632907230e-01
5.000000000000000000e+00,-3.000000000000000000e+00,3.000000000000000000e+00,-1.200000000000000000e+01,-7.757933231582050837e+01,5.980819728617032638e+01,1.786013654974387919e+02,0.000000000000000000e+00,9.844172572356157946e-01,8.242877789139528844e-01
5.000000000000000000e+00,-3.000000000000000000e+00,3.000000000000000000e+00,-1.100000000000000000e+01,-7.840563110906680322e+01,9.081686606795088323e+01,1.825418463942940264e+02,0.000000000000000000e+00,8.990131416439089973e-01,8.704553732588059534e-01
5.000000000000000000e+00,-3.000000000000000000e+00,3.000000000000000000e+00,-1.000000000000000000e+01,-7.963654721047396379e+01,1.197738525048042391e+02,1.856069078379915709e+02,0.000000000000000000e+00,8.191327982172827982e-01,9.201727498668392791e-01
5.000000000000000000e+00,-3.000000000000000000e+00,3.000000000000000000e+00,-9.000000000000000000e+00,-8.134629086318304303e+01,1.469038271241315954e+02,1.879137284134677657e+02,0.000000000000000000e+00,7.449076126943706688e-01,9.733628688909063964e-01
5.000000000000000000e+00,-3.000000000000000000e+00,3.000000000000000000e+00,-8.000000000000000000e+00,-8.362524820734304853e+01,1.723293454431328655e+02,1.895612074334437978e+02,0.000000000000000000e+00,6.764217123251778929e-01,1.029699031862462144e+00
5.000000000000000000e+00,-3.000000000000000000e+00,3.000000000000000000e+00,-7.000000000000000000e+00,-8.658084043522407569e+01,1.960697392678513893e+02,1.906381083383234909e+02,0.000000000000000000e+00,6.137894875054303867e-01,1.088482344286419101e+00
5.000000000000000000e+00,-3.000000000000000000e+00,4.000000000000000000e+00,-1.200000000000000000e+01,-8.637898068564945220e+01,2.000421022350676026e+01,1.729788299271899064e+02,0.000000000000000000e+00,1.092341969753848341e+00,7.742610374826969233e-01
5.000000000000000000e+00,-3.000000000000000000e+00,4.000000000000000000e+00,-1.100000000000000000e+01,-8.750783823956005847e+01,5.071356561424661891e+01,1.776845916559402383e+02,0.000000000000000000e+00,1.009402597853786387e+00,8.121414942069450360e-01
5.000000000000000000e+00,-3.000000000000000000e+00,4.000000000000000000e+00,-1.000000000000000000e+01,-8.901751774222513802e+01,7.888538540782145958e+01,1.814597748008628173e+02,0.000000000000000000e+00,9.320352404684764114e-01,8.520704173945776727e-01
5.000000000000000000e+00,-2.000000000000000000e+00,-1.000000000000000000e+00,-1.400000000000000000e+01,-3.995369794665691643e+01,4.551698658949655396e+01,2.493624194776199658e+02,0.000000000000000000e+00,1.042256801763902452e+00,8.326913293712945308e-01
5.000000000000000000e+00,-2.000000000000000000e+00,-1.000000000000000000e+00,-1.300000000000000000e+01,-3.768697480210133222e+01,8.027847490593755708e+01,2.523864099677055322e+02,0.000000000000000000e+00,9.429820771785609734e-01,8.895275027068112461e-01
5.000000000000000000e+00,-2.000000000000000000e+00,-1.000000000000000000e+00,-1.200000000000000000e+01,-3.537079236061282472e+01,1.131098989090741469e+02,2.547459373080738487e+02,0.000000000000000000e+00,8.491252846252689279e-01,9.540650327522430807e-01
5.000000000000000000e+00,-2.000000000000000000e+00,-1.000000000000000000e+00,-1.100000000000000000e+01,-3.298324885032292286e+01,1.444275141366487674e+02,2.565209507842056382e+02,0.000000000000000000e+00,7.606493877883996335e-01,1.027803041088291014e+00
5.000000000000000000e+00,-2.000000000000000000e+00,0.000000000000000000e+00,-1.500000000000000000e+01,-4.976122726145800357e+01,1.370089019018166709e+01,2.464847281763945261e+02,0.000000000000000000e+00,1.131829110913687986e+00,7.891398236511225628e-01
5.000000000000000000e+00,-2.000000000000000000e+00,0.000000000000000000e+00,-1.400000000000000000e+01,-4.806762605197121729e+01,5.088621844763054014e+01,2.501875586196732399e+02,0.000000000000000000e+00,1.027053552135254177e+00,8.409082923957136302e-01
5.000000000000000000e+00,-2.000000000000000000e+00,0.000000000000000000e+00,-1.300000000000000000e+01,-4.642333892141064666e+01,8.571327832551844494e+01,2.531279649812947241e+02,0.000000000000000000e+00,9.274662740077040946e-01,8.995655446095677243e-01
5.000000000000000000e+00,-2.000000000000000000e+00,0.000000000000000000e+00,-1.200000000000000000e+01,-4.483121305282105595e+01,1.187032861765386542e+02,2.554088267934927785e+02,0.000000000000000000e+00,8.332569187093101792e-01,9.664820163695420074e-01
5.000000000000000000e+00,-2.000000000000000000e+00,0.000000000000000000e+00,-1.100000000000000000e+01,-4.329645701577214822e+01,1.502815618712149330e+02,2.571063317868805029e+02,0.000000000000000000e+00,7.443335822579764116e-01,1.043376375879344620e+00
5.000000000000000000e+00,-2.000000000000000000e+00,0.000000000000000000e+00,-1.000000000000000000e+01,-4.182764078835512578e+01,1.808053294688291146e+02,2.582762568934396086e+02,0.000000000000000000e+00,6.604206327902285567e-01,1.132410216759393462e+00
5.000000000000000000e+00,-2.000000000000000000e+00,0.000000000000000000e+00,-9.000000000000000000e+00,-4.043840286026107833e+01,2.105839913893523772e+02,2.589582107124100503e+02,0.000000000000000000e+00,5.811286502498054229e-01,1.236296361347846373e+00
5.000000000000000000e+00,-2.000000000000000000e+00,0.000000000000000000e+00,-8.000000000000000000e+00,-3.915047672047194283e+01,2.398946497664286142e+02,2.591784618511309191e+02,0.000000000000000000e+00,5.060023720321934482e-01,1.358398980366905207e+00
5.000000000000000000e+00,-2.000000000000000000e+00,0.000000000000000000e+00,-7.000000000000000000e+00,-3.799935517758592596e+01,2.689948389467383549e+02,2.589517225845589792e+02,0.000000000000000000e+00,4.345517390527391388e-01,1.502758384888193577e+00
5.000000000000000000e+00,-2.000000000000000000e+00,0.000000000000000000e+00,-6.000000000000000000e+00,-3.704568369213140500e+01,2.981341712425775654e+02,2.582820727662984268e+02,0.000000000000000000e+00,3.662696696668481522e-01,1.673861546619299201e+00
5.000000000000000000e+00,-2.000000000000000000e+00,0.000000000000000000e+00,-5.000000000000000000e+00,-3.640047032587963827e+01,3.275670844370109762e+02,2.571630152713145208e+02,0.000000000000000000e+00,3.006378390673022927e-01,1.875723436879307870e+00
5.000000000000000000e+00,-2.000000000000000000e+00,0.000000000000000000e+00,-4.000000000000000000e+00,-3.628860875786898532e+01,3.575713701514515606e+02,2.555762744341257928e+02,0.000000000000000000e+00,2.371164608066562429e-01,2.109338059754582329e+00
5.000000000000000000e+00,-2.000000000000000000e+00,1.000000000000000000e+00,-1.400000000000000000e+01,-5.668433326723706500e+01,4.537285829060266451e+01,2.499988101067412458e+02,0.000000000000000000e+00,1.042799607242180571e+00,8.326913293712943087e-01
5.000000000000000000e+00,-2.000000000000000000e+00,1.000000000000000000e+00,-1.300000000000000000e+01,-5.568421239648313303e+01,8.012221513555360275e+01,2.530089321571823575e+02,0.000000000000000000e+00,9.435343646682384788e-01,8.895275027068114682e-01
5.000000000000000000e+00,-2.000000000000000000e+00,1.000000000000000000e+00,-1.200000000000000000e+01,-5.484005528741386115e+01,1.129392522669021588e+02,2.553581084581652476e+02,0.000000000000000000e+00,8.496923231712705249e-01,9.540650327522433027e-01
5.000000000000000000e+00,-2.000000000000000000e+00,1.000000000000000000e+00,-1.100000000000000000e+01,-5.418371793928366742e+01,1.442395433616196101e+02,2.571259547102679335e+02,0.000000000000000000e+00,7.612375289194753814e-01,1.027803041088291236e+00
5.000000000000000000e+00,-2.000000000000000000e+00,1.000000000000000000e+00,-1.000000000000000000e+01,-5.376019784253495004e+01,1.743619477845068957e+02,2.583720381760975897e+02,0.000000000000000000e+00,6.779543606841552661e-01,1.112578857682358757e+00
5.000000000000000000e+00,-2.000000000000000000e+00,1.000000000000000000e+00,-9.000000000000000000e+00,-5.363412459281933309e+01,2.035857593276412842e+02,2.591406540249332693e+02,0.000000000000000000e+00,5.995252337237629847e-01,1.210619666929895644e+00
5.000000000000000000e+00,-2.000000000000000000e+00,1.000000000000000000e+00,-8.000000000000000000e+00,-5.390054053323024164e+01,2.321403855900222197e+02,2.594644433248603264e+02,0.000000000000000000e+00,5.255902485513368472e-01,1.324555181963999129e+00
5.000000000000000000e+00,-2.000000000000000000e+00,1.000000000000000000e+00,-7.000000000000000000e+00,-5.470350153132761761e+01,2.602072772275493548e+02,2.593675017171937043e+02,0.000000000000000000e+00,4.557976576034151739e-01,1.457314042019820288e+00
5.000000000000000000e+00,-2.000000000000000000e+00,1.000000000000000000e+00,-6.000000000000000000e+00,-5.626955202863163663e+01,2.879108920411819099e+02,2.588687448409831404e+02,0.000000000000000000e+00,3.898569598401832037e-01,1.611730614606513790e+00
5.000000000000000000e+00,-2.000000000000000000e+00,1.000000000000000000e+00,-5.000000000000000000e+00,-5.897061078677236878e+01,3.152894471384487929e+02,2.579868529618686352e+02,0.000000000000000000e+00,3.276147975449802408e-01,1.789505037708061685e+00
5.000000000000000000e+00,-2.000000000000000000e+00,1.000000000000000000e+00,-4.000000000000000000e+00,-6.344609423008125759e+01,3.422213310914880822e+02,2.567497468901050297e+02,0.000000000000000000e+00,2.691970988080702454e-01,1.988886056878435227e+00
5.000000000000000000e+00,-2.000000000000000000e+00,1.000000000000000000e+00,-3.000000000000000000e+00,-7.083699660984436264e+01,3.682430762508139424e+02,2.552161182755136224e+02,0.000000000000000000e+00,2.153257045899059363e-01,2.200345902163694412e+00
5.000000000000000000e+00,-2.000000000000000000e+00,2.000000000000000000e+00,-1.400000000000000000e+01,-6.545232864592418309e+01,2.899068436992456554e+01,2.487311148799678051e+02,0.000000000000000000e+00,1.089206185338149613e+00,8.094143006539569196e-01
5.000000000000000000e+00,-2.000000000000000000e+00,2.000000000000000000e+00,-1.300000000000000000e+01,-6.503524714054212552e+01,6.360826088815227308e+01,2.519629399461858270e+02,0.000000000000000000e+00,9.908694993520325012e-01,8.613166782652805775e-01
5.000000000000000000e+00,-2.000000000000000000e+00,2.000000000000000000e+00,-1.200000000000000000e+01,-6.485261096676163106e+01,9.602896166603279937e+01,2.545224303526891561e+02,0.000000000000000000e+00,8.980250223802164200e-01,9.195020725621964042e-01
5.000000000000000000e+00,-2.000000000000000000e+00,2.000000000000000000e+00,-1.100000000000000000e+01,-6.495031905347089207e+01,1.266526579433938764e+02,2.564988228321838051e+02,0.000000000000000000e+00,8.107879490968561420e-01,9.849597365624793710e-01
5.000000000000000000e+00,-2.000000000000000000e+00,2.000000000000000000e+00,-1.000000000000000000e+01,-6.538967568461602298e+01,1.557837011572267158e+02,2.579613860510353334e+02,0.000000000000000000e+00,7.290928916896729506e-01,1.058804473888571573e+00
5.000000000000000000e+00,-2.000000000000000000e+00,2.000000000000000000e+00,-9.000000000000000000e+00,-6.625317158658202743e+01,1.836444460769235150e+02,2.589652144328050554e+02,0.000000000000000000e+00,6.527853993566234969e-01,1.142236250260279862e+00
5.000000000000000000e+00,-2.000000000000000000e+00,2.000000000000000000e+00,-8.000000000000000000e+00,-6.765270131174224844e+01,2.103784288830264018e+02,2.595560116631407368e+02,0.000000000000000000e+00,5.816984674602325711e-01,1.236431668370929104e+00
5.000000000000000000e+00,-2.000000000000000000e+00,2.000000000000000000e+00,-7.000000000000000000e+00,-6.974098408214071299e+01,2.360423439747778787e+02,2.597746564334947834e+02,0.000000000000000000e+00,5.157240055392127154e-01,1.342305798610880840e+00
5.000000000000000000e+00,-2.000000000000000000e+00,2.000000000000000000e+00,-6.000000000000000000e+00,-7.272648264523554928e+01,2.605836117865604820e+02,2.596623756083808985e+02,0.000000000000000000e+00,4.548911678910176337e-01,1.460044303336359928e+00
5.000000000000000000e+00,-2.000000000000000000e+00,2.000000000000000000e+00,-5.000000000000000000e+00,-7.688977745622200644e+01,2.837977742298073167e+02,2.592675081007183735e+02,0.000000000000000000e+00,3.994659241183428633e-01,1.588270389634447888e+00
5.000000000000000000e+00,-2.000000000000000000e+00,2.000000000000000000e+00,-4.000000000000000000e+00,-8.259166819997878406e+01,3.052587724450334008e+02,2.586549187742256208e+02,0.000000000000000000e+00,3.500866138270315453e-01,1.722743055233171949e+00
5.000000000000000000e+00,-2.000000000000000000e+00,3.000000000000000000e+00,-1.300000000000000000e+01,-7.413215106948229050e+01,3.632113257901804104e+01,2.497816785527084846e+02,0.000000000000000000e+00,1.068595036671257326e+00,8.197299183601765016e-01
5.000000000000000000e+00,-2.000000000000000000e+00,3.000000000000000000e+00,-1.200000000000000000e+01,-7.445839440212311899e+01,6.839606667193584144e+01,2.526876786526809724e+02,0.000000000000000000e+00,9.772283698256327700e-01,8.694031843144023330e-01
5.000000000000000000e+00,-2.000000000000000000e+00,3.000000000000000000e+00,-1.100000000000000000e+01,-7.510620233433654391e+01,9.828023212380939810e+01,2.549942422541125779e+02,0.000000000000000000e+00,8.916288652787093261e-01,9.241009096952150781e-01
5.000000000000000000e+00,-2.000000000000000000e+00,3.000000000000000000e+00,-1.000000000000000000e+01,-7.613275963353093800e+01,1.262628980122836708e+02,2.567834135122969883e+02,0.000000000000000000e+00,8.119270862385934429e-01,9.842567314239101250e-01
5.000000000000000000e+00,-2.000000000000000000e+00,3.000000000000000000e+00,-9.000000000000000000e+00,-7.760924304328618462e+01,1.525342873898838150e+02,2.581222973909021903e+02,0.000000000000000000e+00,7.381483149485297268e-01,1.050192975091367664e+00
5.000000000000000000e+00,-2.000000000000000000e+00,3.000000000000000000e+00,-8.000000000000000000e+00,-7.962326139532783031e+01,1.771913174247855807e+02,2.590683728351137347e+02,0.000000000000000000e+00,6.702953619124918383e-01,1.121994532226096242e+00
5.000000000000000000e+00,-2.000000000000000000e+00,3.000000000000000000e+00,-7.000000000000000000e+00,-8.228049155186388930e+01,2.002347981897976013e+02,2.596740723519127414e+02,0.000000000000000000e+00,6.084193395815093997e-01,1.199309940341452441e+00
5.000000000000000000e+00,-2.000000000000000000e+00,3.000000000000000000e+00,-6.000000000000000000e+00,-8.570378083108604983e+01,2.215593030804452042e+02,2.599910430600985478e+02,0.000000000000000000e+00,5.526832597442026263e-01,1.281060660614969482e+00
5.000000000000000000e+00,-2.000000000000000000e+00,4.000000000000000000e+00,-1.200000000000000000e+01,-8.344661143979551809e+01,3.021768877529564179e+01,2.495059773432205930e+02,0.000000000000000000e+00,1.085896237731754699e+00,8.112867203143371286e-01
5.000000000000000000e+00,-2.000000000000000000e+00,4.000000000000000000e+00,-1.100000000000000000e+01,-8.444038440320703387e+01,5.968882548343961503e+01,2.522600465212995857e+02,0.000000000000000000e+00,1.002190766779571973e+00,8.551865128937007343e-01
5.000000000000000000e+00,-2.000000000000000000e+00,4.000000000000000000e+00,-1.000000000000000000e+01,-8.580002239420633714e+01,8.681333020045740057e+01,2.544689745155611149e+02,0.000000000000000000e+00,9.245125337101963714e-01,9.021905462871990800e-01
5.000000000000000000e+00,-2.000000000000000000e+00,4.000000000000000000e+00,-9.000000000000000000e+00,-8.757546248770361785e+01,1.117964757625908163e+02,2.562121846581111981e+02,0.000000000000000000e+00,8.530687160642117517e-01,9.521520296653019910e-01
5.000000000000000000e+00,-1.000000000000000000e+00,-1.000000000000000000e+00,-1.500000000000000000e+01,-4.048516407745671586e+01,1.484886336059753376e+01,3.152353059338719277e+02,0.000000000000000000e+00,1.141236325573491861e+00,8.046275976444218214e-01
5.000000000000000000e+00,-1.000000000000000000e+00,-1.000000000000000000e+00,-1.400000000000000000e+01,-3.815815258571598179e+01,5.116913219490817255e+01,3.169853799039370870e+02,0.000000000000000000e+00,1.036223183396539849e+00,8.597240256635728661e-01
5.000000000000000000e+00,-1.000000000000000000e+00,-1.000000000000000000e+00,-1.300000000000000000e+01,-3.578204748037950367e+01,8.518485700888616918e+01,3.183773019070038117e+02,0.000000000000000000e+00,9.367795018093100223e-01,9.227128374567765690e-01
5.000000000000000000e+00,-1.000000000000000000e+00,-1.000000000000000000e+00,-1.200000000000000000e+01,-3.333598508385114201e+01,1.173790674896121828e+02,3.194590921957299088e+02,0.000000000000000000e+00,8.430423554244964590e-01,9.953623078796582924e-01
5.000000000000000000e+00,-1.000000000000000000e+00,0.000000000000000000e+00,-1.500000000000000000e+01,-4.804873427743535785e+01,2.014154763415484695e+01,3.158156383430986125e+02,0.000000000000000000e+00,1.126113108771766402e+00,8.120341624994020790e-01
5.000000000000000000e+00,-1.000000000000000000e+00,0.000000000000000000e+00,-1.400000000000000000e+01,-4.625946782313320682e+01,5.645431075651785591e+01,3.175187373555835393e+02,0.000000000000000000e+00,1.020830618536630707e+00,8.687763938168887590e-01
5.000000000000000000e+00,-1.000000000000000000e+00,0.000000000000000000e+00,-1.300000000000000000e+01,-4.450166999568168080e+01,9.054953097331660672e+01,3.188682837114381527e+02,0.000000000000000000e+00,9.211223851590190081e-01,9.339312610888753641e-01
5.000000000000000000e+00,-1.000000000000000000e+00,0.000000000000000000e+00,-1.200000000000000000e+01,-4.277405098982910658e+01,1.229132240203808095e+02,3.199103765517164675e+02,0.000000000000000000e+00,8.270711274853596029e-01,1.009487022068615403e+00
5.000000000000000000e+00,-1.000000000000000000e+00,0.000000000000000000e+00,-1.100000000000000000e+01,-4.107611507403814244e+01,1.539441335966980375e+02,3.206792519270023831e+02,0.000000000000000000e+00,7.385049852003999771e-01,1.098098333244993174e+00
5.000000000000000000e+00,-1.000000000000000000e+00,0.000000000000000000e+00,-1.000000000000000000e+01,-3.940838660451635178e+01,1.839785690500528972e+02,3.212000123035154502e+02,0.000000000000000000e+00,6.550905212227178254e-01,1.203382853558933485e+00
5.000000000000000000e+00,-1.000000000000000000e+00,0.000000000000000000e+00,-9.000000000000000000e+00,-3.777282211887700214e+01,2.133085456648549325e+02,3.214904860296196603e+02,0.000000000000000000e+00,5.763983987601820624e-01,1.330385200757992825e+00
5.000000000000000000e+00,-1.000000000000000000e+00,0.000000000000000000e+00,-8.000000000000000000e+00,-3.617356333948501401e+01,2.421955574037101826e+02,3.215624833799820408e+02,0.000000000000000000e+00,5.019481054657014552e-01,1.486322755211072710e+00
5.000000000000000000e+00,-1.000000000000000000e+00,0.000000000000000000e+00,-7.000000000000000000e+00,-3.461836515359209443e+01,2.708815330851468843e+02,3.214226147985850730e+02,0.000000000000000000e+00,4.312372089595942204e-01,1.681816584791427260e+00
5.000000000000000000e+00,-1.000000000000000000e+00,0.000000000000000000e+00,-6.000000000000000000e+00,-3.312148015544599389e+01,2.995980750078606434e+02,3.210727722020569104e+02,0.000000000000000000e+00,3.637594748639154107e-01,1.932964032739084015e+00
5.000000000000000000e+00,-1.000000000000000000e+00,1.000000000000000000e+00,-1.500000000000000000e+01,-5.612082185477547114e+01,1.478465012807942003e+01,3.158521953910428692e+02,0.000000000000000000e+00,1.141495930957943994e+00,8.046275976444217104e-01
5.000000000000000000e+00,-1.000000000000000000e+00,1.000000000000000000e+00,-1.400000000000000000e+01,-5.489538918414048396e+01,5.109987748321466938e+01,3.175857264214510565e+02,0.000000000000000000e+00,1.036485140441624875e+00,8.597240256635729772e-01
5.000000000000000000e+00,-1.000000000000000000e+00,1.000000000000000000e+00,-1.300000000000000000e+01,-5.378644736705555829e+01,8.510972676125453518e+01,3.189645346311181129e+02,0.000000000000000000e+00,9.370459700696120997e-01,9.227128374567765690e-01
5.000000000000000000e+00,-1.000000000000000000e+00,1.000000000000000000e+00,-1.200000000000000000e+01,-5.281311101227240101e+01,1.172969734726377027e+02,3.200361944141103550e+02,0.000000000000000000e+00,8.433158898282590021e-01,9.953623078796579593e-01
5.000000000000000000e+00,-1.000000000000000000e+00,1.000000000000000000e+00,-1.100000000000000000e+01,-5.200231819114164011e+01,1.480503981235855235e+02,3.208364398265098316e+02,0.000000000000000000e+00,7.551762060844865454e-01,1.079987335392474934e+00
5.000000000000000000e+00,-1.000000000000000000e+00,1.000000000000000000e+00,-1.000000000000000000e+01,-5.139230719274098647e+01,1.776881525738138521e+02,3.213920830834924800e+02,0.000000000000000000e+00,6.723506061073608597e-01,1.179664235252622984e+00
5.000000000000000000e+00,-1.000000000000000000e+00,1.000000000000000000e+00,-9.000000000000000000e+00,-5.103822455484285570e+01,2.064728587501695642e+02,3.217231161503439125e+02,0.000000000000000000e+00,5.944783656865549881e-01,1.298544186016179269e+00
5.000000000000000000e+00,-1.000000000000000000e+00,1.000000000000000000e+00,-8.000000000000000000e+00,-5.102148019944380053e+01,2.346197764954735021e+02,3.218443315859641416e+02,0.000000000000000000e+00,5.211702915221978483e-01,1.442310236649422928e+00
5.000000000000000000e+00,-1.000000000000000000e+00,1.000000000000000000e+00,-7.000000000000000000e+00,-5.146598300704948770e+01,2.622974913350491875e+02,3.217667556503911328e+02,0.000000000000000000e+00,4.520564311249509748e-01,1.618828601307914061e+00
5.000000000000000000e+00,-1.000000000000000000e+00,1.000000000000000000e+00,-6.000000000000000000e+00,-5.256760518918757441e+01,2.896176910082718905e+02,3.214992573052747389e+02,0.000000000000000000e+00,3.868374312966680328e-01,1.839004145124392808e+00
5.000000000000000000e+00,-1.000000000000000000e+00,1.000000000000000000e+00,-5.000000000000000000e+00,-5.465025574859510016e+01,3.166045904579945045e+02,3.210509787872571223e+02,0.000000000000000000e+00,3.253597812245779819e-01,2.117608947777143147e+00
5.000000000000000000e+00,-1.000000000000000000e+00,1.000000000000000000e+00,-4.000000000000000000e+00,-5.827721301504959683e+01,3.431198301739403860e+02,3.204360328064412897e+02,0.000000000000000000e+00,2.677582487047681092e-01,2.472863336741858209e+00
5.000000000000000000e+00,-1.000000000000000000e+00,1.000000000000000000e+00,-3.000000000000000000e+00,-6.447426166291955951e+01,3.686798682115922929e+02,3.196840977540969675e+02,0.000000000000000000e+00,2.147717528909496021e-01,2.920088606672719411e+00
5.000000000000000000e+00,-1.000000000000000000e+00,2.000000000000000000e+00,-1.400000000000000000e+01,-6.371089527559480814e+01,3.512934667060849847e+01,3.171595963616601921e+02,0.000000000000000000e+00,1.082950947572842715e+00,8.341755956277655537e-01
5.000000000000000000e+00,-1.000000000000000000e+00,2.000000000000000000e+00,-1.300000000000000000e+01,-6.319702415971795517e+01,6.897454174775749891e+01,3.186379533531252832e+02,0.000000000000000000e+00,9.842820314453106789e-01,8.913375998760640906e-01
5.000000000000000000e+00,-1.000000000000000000e+00,2.000000000000000000e+00,-1.200000000000000000e+01,-6.290115343891649502e+01,1.007439351397242717e+02,3.198054046232497285e+02,0.000000000000000000e+00,8.914165280674983816e-01,9.562994136409764812e-01
5.000000000000000000e+00,-1.000000000000000000e+00,2.000000000000000000e+00,-1.100000000000000000e+01,-6.286599764180039074e+01,1.308091295535344045e+02,3.207019916954826613e+02,0.000000000000000000e+00,8.043796818132334936e-01,1.030598146462534670e+00
5.000000000000000000e+00,-1.000000000000000000e+00,2.000000000000000000e+00,-1.000000000000000000e+01,-6.314880312645800586e+01,1.594532674288316798e+02,3.213589626509552772e+02,0.000000000000000000e+00,7.230384197720876038e-01,1.116126710614153916e+00
5.000000000000000000e+00,-1.000000000000000000e+00,2.000000000000000000e+00,-9.000000000000000000e+00,-6.382691477944871394e+01,1.868824694316755028e+02,3.218013306722330071e+02,0.000000000000000000e+00,6.471881707154087948e-01,1.215194541936476469e+00
5.000000000000000000e+00,-1.000000000000000000e+00,2.000000000000000000e+00,-8.000000000000000000e+00,-6.500578734750295951e+01,2.132276615154740966e+02,3.220500285460481109e+02,0.000000000000000000e+00,5.766251454305160173e-01,1.330553815696007058e+00
5.000000000000000000e+00,-1.000000000000000000e+00,2.000000000000000000e+00,-7.000000000000000000e+00,-6.683033469517893366e+01,2.385357315807774228e+02,3.221240126109522066e+02,0.000000000000000000e+00,5.112141284463683766e-01,1.465314671287701209e+00
5.000000000000000000e+00,-1.000000000000000000e+00,2.000000000000000000e+00,-6.000000000000000000e+00,-6.950025625722926748e+01,2.627467487755914703e+02,3.220426955538971470e+02,0.000000000000000000e+00,4.509635200989760007e-01,1.622573440628674479e+00
5.000000000000000000e+00,-1.000000000000000000e+00,2.000000000000000000e+00,-5.000000000000000000e+00,-7.328815536663968544e+01,2.856515739912785534e+02,3.218291669848084666e+02,0.000000000000000000e+00,3.961216212013538573e-01,1.804381092574397716e+00
5.000000000000000000e+00,-1.000000000000000000e+00,2.000000000000000000e+00,-4.000000000000000000e+00,-7.855262575372849199e+01,3.068232042551032919e+02,3.215146928421512484e+02,0.000000000000000000e+00,3.473082519073331098e-01,2.009369289567527694e+00
5.000000000000000000e+00,-1.000000000000000000e+00,2.000000000000000000e+00,-3.000000000000000000e+00,-8.571997402000528155e+01,3.255226833103721447e+02,3.211445717828522106e+02,0.000000000000000000e+00,3.056819197153917700e-01,2.228178420853211605e+00
5.000000000000000000e+00,-1.000000000000000000e+00,3.000000000000000000e+00,-1.300000000000000000e+01,-7.237725219504834229e+01,4.232402366393978355e+01,3.177950789369689346e+02,0.000000000000000000e+00,1.062100784234590201e+00,8.454806683998368211e-01
5.000000000000000000e+00,-1.000000000000000000e+00,3.000000000000000000e+00,-1.200000000000000000e+01,-7.261088838353978758e+01,7.369953175432648607e+01,3.191205957758862723e+02,0.000000000000000000e+00,9.704799793110687745e-01,9.003084671157552954e-01
5.000000000000000000e+00,-1.000000000000000000e+00,3.000000000000000000e+00,-1.100000000000000000e+01,-7.315269576045277233e+01,1.029929821495614277e+02,3.201695026702589644e+02,0.000000000000000000e+00,8.848849224606765151e-01,9.614759360214413242e-01
5.000000000000000000e+00,-1.000000000000000000e+00,3.000000000000000000e+00,-1.000000000000000000e+01,-7.405819691125596194e+01,1.304702680698566155e+02,3.209787856260772969e+02,0.000000000000000000e+00,8.053683781077429771e-01,1.029792903265430937e+00
5.000000000000000000e+00,-1.000000000000000000e+00,3.000000000000000000e+00,-9.000000000000000000e+00,-7.539685778178716191e+01,1.563043204981216832e+02,3.215789339279573369e+02,0.000000000000000000e+00,7.318962725836918315e-01,1.106053108074187552e+00
5.000000000000000000e+00,-1.000000000000000000e+00,3.000000000000000000e+00,-8.000000000000000000e+00,-7.725476818050675831e+01,1.805792929795339035e+02,3.219963094866242841e+02,0.000000000000000000e+00,6.644262208469987607e-01,1.190905670411636752e+00
5.000000000000000000e+00,-1.000000000000000000e+00,3.000000000000000000e+00,-7.000000000000000000e+00,-7.973674869454652026e+01,2.032868080492966669e+02,3.222552257694107993e+02,0.000000000000000000e+00,6.029744876429756761e-01,1.284616240830907419e+00
5.000000000000000000e+00,-1.000000000000000000e+00,3.000000000000000000e+00,-6.000000000000000000e+00,-8.296630287216380850e+01,2.243153141905210646e+02,3.223799131158193632e+02,0.000000000000000000e+00,5.476762835120029260e-01,1.386656690201582220e+00
5.000000000000000000e+00,-1.000000000000000000e+00,3.000000000000000000e+00,-5.000000000000000000e+00,-8.708029088358462388e+01,2.434347562082623426e+02,3.223964140443819133e+02,0.000000000000000000e+00,4.988406545327498942e-01,1.495064631571473068e+00
5.000000000000000000e+00,-1.000000000000000000e+00,4.000000000000000000e+00,-1.200000000000000000e+01,-8.171347036935043207e+01,3.639618824004563180e+01,3.178243805737546381e+02,0.000000000000000000e+00,1.079344237333544898e+00,8.362256090765094463e-01
5.000000000000000000e+00,-1.000000000000000000e+00,4.000000000000000000e+00,-1.100000000000000000e+01,-8.262703789229621520e+01,6.521181844819405171e+01,3.190779861005378848e+02,0.000000000000000000e+00,9.953432105415206399e-01,8.845489658539436029e-01
5.000000000000000000e+00,-1.000000000000000000e+00,4.000000000000000000e+00,-1.000000000000000000e+01,-8.389785024038238248e+01,9.178541014451798219e+01,3.200811020838194167e+02,0.000000000000000000e+00,9.175996825582062311e-01,9.368697501433246311e-01
5.000000000000000000e+00,-1.000000000000000000e+00,4.000000000000000000e+00,-9.000000000000000000e+00,-8.557585737758957123e+01,1.163017219200577870e+02,3.208696418934513872e+02,0.000000000000000000e+00,8.462500858735185760e-01,9.931905576535537961e-01
5.000000000000000000e+00,-1.000000000000000000e+00,4.000000000000000000e+00,-8.000000000000000000e+00,-8.771722244424074688e+01,1.388544524009242309e+02,3.214741622666385865e+02,0.000000000000000000e+00,7.813755991875308560e-01,1.053258936943854307e+00
5.000000000000000000e+00,0.000000000000000000e+00,-1.000000000000000000e+00,-1.500000000000000000e+01,-3.989604633266742439e+01,1.704592367487990145e+01,3.810614338335014395e+02,0.000000000000000000e+00,1.139087382201896093e+00,8.124921658493590160e-01
5.000000000000000000e+00,0.000000000000000000e+00,-1.000000000000000000e+00,-1.400000000000000000e+01,-3.753650724011188800e+01,5.308231595774259404e+01,3.810300908288785990e+02,0.000000000000000000e+00,1.033923362217324726e+00,8.693373422582258980e-01
5.000000000000000000e+00,0.000000000000000000e+00,-1.000000000000000000e+00,-1.300000000000000000e+01,-3.512206545157508231e+01,8.686029850746321301e+01,3.809996710384384073e+02,0.000000000000000000e+00,9.344524906986687585e-01,9.346282231266717089e-01
5.000000000000000000e+00,0.000000000000000000e+00,0.000000000000000000e+00,-1.500000000000000000e+01,-4.745764744306561056e+01,2.232776470875074892e+01,3.813585694537507038e+02,0.000000000000000000e+00,1.123803449382318131e+00,8.201201148262449170e-01
5.000000000000000000e+00,0.000000000000000000e+00,0.000000000000000000e+00,-1.400000000000000000e+01,-4.563480350493659898e+01,5.836403356236499462e+01,3.813191777734306811e+02,0.000000000000000000e+00,1.018388190810164629e+00,8.787001230281196174e-01
5.000000000000000000e+00,0.000000000000000000e+00,0.000000000000000000e+00,-1.300000000000000000e+01,-4.383726098001795890e+01,9.222799309734681117e+01,3.812822459854714339e+02,0.000000000000000000e+00,9.186662139297607776e-01,9.462924401841286137e-01
5.000000000000000000e+00,0.000000000000000000e+00,0.000000000000000000e+00,-1.200000000000000000e+01,-4.206229289081630895e+01,1.243948834126238552e+02,3.812472408886778226e+02,0.000000000000000000e+00,8.246855153464293098e-01,1.025150143532806091e+00
5.000000000000000000e+00,0.000000000000000000e+00,0.000000000000000000e+00,-1.100000000000000000e+01,-4.030742491797923321e+01,1.552553959809076218e+02,3.812137249788235636e+02,0.000000000000000000e+00,7.362482847151361476e-01,1.118345611126697614e+00
5.000000000000000000e+00,0.000000000000000000e+00,0.000000000000000000e+00,-1.000000000000000000e+01,-3.857039435523415705e+01,1.851396483425620545e+02,3.811813294146966768e+02,0.000000000000000000e+00,6.530021620147946626e-01,1.230180172239367264e+00
5.000000000000000000e+00,0.000000000000000000e+00,0.000000000000000000e+00,-9.000000000000000000e+00,-3.684911616403223888e+01,2.143347348634458456e+02,3.811497342552877399e+02,0.000000000000000000e+00,5.745043581695629120e-01,1.366866858043741528e+00
5.000000000000000000e+00,0.000000000000000000e+00,0.000000000000000000e+00,-8.000000000000000000e+00,-3.514165456756091999e+01,2.430980732025284112e+02,3.811186534614998891e+02,0.000000000000000000e+00,5.002651083330820203e-01,1.537725215299209136e+00
5.000000000000000000e+00,0.000000000000000000e+00,0.000000000000000000e+00,-7.000000000000000000e+00,-3.344619899587087275e+01,2.716680209976556171e+02,3.810878229992604247e+02,0.000000000000000000e+00,4.297759682865939790e-01,1.757400246056239235e+00
5.000000000000000000e+00,0.000000000000000000e+00,1.000000000000000000e+00,-1.500000000000000000e+01,-5.553706900977260830e+01,1.704666389013735284e+01,3.816666588297546241e+02,0.000000000000000000e+00,1.139087254634796542e+00,8.124921658493590160e-01
5.000000000000000000e+00,0.000000000000000000e+00,1.000000000000000000e+00,-1.400000000000000000e+01,-5.427942973114804204e+01,5.308302244228369204e+01,3.816191652666632308e+02,0.000000000000000000e+00,1.033923242090536654e+00,8.693373422582262311e-01
5.000000000000000000e+00,0.000000000000000000e+00,1.000000000000000000e+00,-1.300000000000000000e+01,-5.313253477803611702e+01,8.686097667712132875e+01,3.815758498862810484e+02,0.000000000000000000e+00,9.344523772411644780e-01,9.346282231266717089e-01
5.000000000000000000e+00,0.000000000000000000e+00,1.000000000000000000e+00,-1.200000000000000000e+01,-5.211424395348581129e+01,1.188523906172159315e+02,3.815359651194260096e+02,0.000000000000000000e+00,8.407763959107952267e-01,1.010367358099351964e+00
5.000000000000000000e+00,0.000000000000000000e+00,1.000000000000000000e+00,-1.100000000000000000e+01,-5.124980302217022654e+01,1.494380027341008486e+02,3.814989196437869055e+02,0.000000000000000000e+00,7.527496275555556338e-01,1.099231709502348275e+00
5.000000000000000000e+00,0.000000000000000000e+00,1.000000000000000000e+00,-1.000000000000000000e+01,-5.057512979424049604e+01,1.789299281335003400e+02,3.814642396287429733e+02,0.000000000000000000e+00,6.700757667122634320e-01,1.204874950556125146e+00
5.000000000000000000e+00,0.000000000000000000e+00,1.000000000000000000e+00,-9.000000000000000000e+00,-5.014212367148982707e+01,2.075861950765607276e+02,3.814315424940302819e+02,0.000000000000000000e+00,5.923794458627373860e-01,1.332402161400198182e+00
5.000000000000000000e+00,0.000000000000000000e+00,1.000000000000000000e+00,-8.000000000000000000e+00,-5.002754166153559368e+01,2.356185521754331944e+02,3.814005201625838026e+02,0.000000000000000000e+00,5.192607665150557050e-01,1.489136922376449235e+00
5.000000000000000000e+00,0.000000000000000000e+00,1.000000000000000000e+00,-7.000000000000000000e+00,-5.034844606604116279e+01,2.631929462062098537e+02,3.813709309271379198e+02,0.000000000000000000e+00,4.503418078777436384e-01,1.685896889433066148e+00
5.000000000000000000e+00,0.000000000000000000e+00,1.000000000000000000e+00,-6.000000000000000000e+00,-5.129035152712054924e+01,2.904192278279329571e+02,3.813426016635901306e+02,0.000000000000000000e+00,3.853169168243730791e-01,1.939166094173887078e+00
5.000000000000000000e+00,0.000000000000000000e+00,1.000000000000000000e+00,-5.000000000000000000e+00,-5.316111692566650504e+01,3.173206780969886722e+02,3.813154469279219825e+02,0.000000000000000000e+00,3.240268747148591366e-01,2.274814611308027423e+00
5.000000000000000000e+00,0.000000000000000000e+00,1.000000000000000000e+00,-4.000000000000000000e+00,-5.649901946645820772e+01,3.437592791986327256e+02,3.812895227554060966e+02,0.000000000000000000e+00,2.666000174072708506e-01,2.734099459959466127e+00
5.000000000000000000e+00,0.000000000000000000e+00,1.000000000000000000e+00,-3.000000000000000000e+00,-6.229348051148895138e+01,3.692539106083454499e+02,3.812651624093589930e+02,0.000000000000000000e+00,2.137662395524351500e-01,3.380255937883355433e+00
5.000000000000000000e+00,0.000000000000000000e+00,2.000000000000000000e+00,-1.400000000000000000e+01,-6.311397867239691095e+01,3.726441992309162288e+01,3.819368396105636521e+02,0.000000000000000000e+00,1.080310174132549150e+00,8.429484447165330741e-01
5.000000000000000000e+00,0.000000000000000000e+00,2.000000000000000000e+00,-1.300000000000000000e+01,-6.256657849379352854e+01,7.086850703984843847e+01,3.818862117858371903e+02,0.000000000000000000e+00,9.815594232420415954e-01,9.020644140507031450e-01
5.000000000000000000e+00,0.000000000000000000e+00,2.000000000000000000e+00,-1.200000000000000000e+01,-6.223159959877109770e+01,1.024364358499238676e+02,3.818407349243955764e+02,0.000000000000000000e+00,8.887058029072558707e-01,9.695830470869435391e-01
5.000000000000000000e+00,0.000000000000000000e+00,2.000000000000000000e+00,-1.100000000000000000e+01,-6.215068676502066580e+01,1.323312872576985342e+02,3.817996296087900419e+02,0.000000000000000000e+00,8.017452535469371533e-01,1.047281133673214626e+00
5.000000000000000000e+00,0.000000000000000000e+00,2.000000000000000000e+00,-1.000000000000000000e+01,-6.237973313102440898e+01,1.608299379646388729e+02,3.817622919594453492e+02,0.000000000000000000e+00,7.205225713546161703e-01,1.137407305654013490e+00
5.000000000000000000e+00,0.000000000000000000e+00,2.000000000000000000e+00,-9.000000000000000000e+00,-6.299438402914341850e+01,1.881338895396617659e+02,3.817282573100911236e+02,0.000000000000000000e+00,6.448165808686917577e-01,1.242807041883944086e+00
5.000000000000000000e+00,0.000000000000000000e+00,2.000000000000000000e+00,-8.000000000000000000e+00,-6.409799660822297085e+01,2.143707089079309469e+02,3.816971776057798138e+02,0.000000000000000000e+00,5.744109597593177741e-01,1.367049729979733064e+00
5.000000000000000000e+00,0.000000000000000000e+00,2.000000000000000000e+00,-7.000000000000000000e+00,-6.583299848480342575e+01,2.395849519778013246e+02,3.816688103011910016e+02,0.000000000000000000e+00,5.091607930203317922e-01,1.514495760035503125e+00
5.000000000000000000e+00,0.000000000000000000e+00,2.000000000000000000e+00,-6.000000000000000000e+00,-6.839641427499290671e+01,2.637152581492442209e+02,3.816430185790009659e+02,0.000000000000000000e+00,4.490665813171063059e-01,1.690127968941677494e+00
5.000000000000000000e+00,0.000000000000000000e+00,2.000000000000000000e+00,-5.000000000000000000e+00,-7.205868436202658245e+01,2.865518988285896285e+02,3.816197844829692372e+02,0.000000000000000000e+00,3.943696928506044697e-01,1.898699087186186407e+00
5.000000000000000000e+00,0.000000000000000000e+00,2.000000000000000000e+00,-4.000000000000000000e+00,-7.717861046849257889e+01,3.076680389413155012e+02,3.815992373883094615e+02,0.000000000000000000e+00,3.456834300995760834e-01,2.142172253407746751e+00
5.000000000000000000e+00,0.000000000000000000e+00,2.000000000000000000e+00,-3.000000000000000000e+00,-8.418916042274359768e+01,3.263253647260977459e+02,3.815816966345853984e+02,0.000000000000000000e+00,3.041601898026483064e-01,2.413587811377286396e+00
5.000000000000000000e+00,0.000000000000000000e+00,3.000000000000000000e+00,-1.400000000000000000e+01,-7.183688694036459310e+01,1.087141164932589277e+01,3.822806256250191268e+02,0.000000000000000000e+00,1.156883961057166843e+00,8.038483495799425560e-01
5.000000000000000000e+00,0.000000000000000000e+00,3.000000000000000000e+00,-1.300000000000000000e+01,-7.177878415251956312e+01,4.443930866441326089e+01,3.822205356503392295e+02,0.000000000000000000e+00,1.059303690328592396e+00,8.546190002439473243e-01
5.000000000000000000e+00,0.000000000000000000e+00,3.000000000000000000e+00,-1.200000000000000000e+01,-7.198076693028384909e+01,7.559843047348904577e+01,3.821676133372143909e+02,0.000000000000000000e+00,9.676225256706392219e-01,9.113664866531553388e-01
5.000000000000000000e+00,0.000000000000000000e+00,3.000000000000000000e+00,-1.100000000000000000e+01,-7.248649657713444583e+01,1.047112998171926961e+02,3.821208026416106804e+02,0.000000000000000000e+00,8.820438546743578634e-01,9.749795237733861475e-01
5.000000000000000000e+00,0.000000000000000000e+00,3.000000000000000000e+00,-1.000000000000000000e+01,-7.335098208198057534e+01,1.320367295523988389e+02,3.820792912338901033e+02,0.000000000000000000e+00,8.025952366130330029e-01,1.046436181308510349e+00
5.000000000000000000e+00,0.000000000000000000e+00,3.000000000000000000e+00,-9.000000000000000000e+00,-7.464318522684538948e+01,1.577424627533699208e+02,3.820424551413519794e+02,0.000000000000000000e+00,7.292234065224647566e-01,1.126751979294451811e+00
5.000000000000000000e+00,0.000000000000000000e+00,3.000000000000000000e+00,-8.000000000000000000e+00,-7.644879438187125231e+01,1.819088644527304552e+02,3.820098209070189341e+02,0.000000000000000000e+00,6.618713891581166076e-01,1.216860048089148272e+00
5.000000000000000000e+00,0.000000000000000000e+00,3.000000000000000000e+00,-7.000000000000000000e+00,-7.887250670293781241e+01,2.045248328291427811e+02,3.819810400618891890e+02,0.000000000000000000e+00,6.005442719725407885e-01,1.317368830058777807e+00
5.000000000000000000e+00,0.000000000000000000e+00,3.000000000000000000e+00,-6.000000000000000000e+00,-8.203828578610263378e+01,2.254769129859699319e+02,3.819558724097371396e+02,0.000000000000000000e+00,5.453685675541966038e-01,1.428114835605164723e+00
5.000000000000000000e+00,0.000000000000000000e+00,3.000000000000000000e+00,-5.000000000000000000e+00,-8.608451920724289153e+01,2.445337638143696495e+02,3.819341753213962534e+02,0.000000000000000000e+00,4.966464376621779198e-01,1.547411823066305425e+00
5.000000000000000000e+00,0.000000000000000000e+00,4.000000000000000000e+00,-1.200000000000000000e+01,-8.112624857009909363e+01,3.858851273840843987e+01,3.825259228913406560e+02,0.000000000000000000e+00,1.076439289646330622e+00,8.450639844708388582e-01
5.000000000000000000e+00,0.000000000000000000e+00,4.000000000000000000e+00,-1.100000000000000000e+01,-8.201290106114029754e+01,6.720236710897556520e+01,3.824706428662834696e+02,0.000000000000000000e+00,9.923629878214986766e-01,8.950296658994231214e-01
5.000000000000000000e+00,0.000000000000000000e+00,4.000000000000000000e+00,-1.000000000000000000e+01,-8.325409642522477327e+01,9.360839185346348756e+01,3.824224419494746599e+02,0.000000000000000000e+00,9.146123848186341609e-01,9.493495435930929816e-01
5.000000000000000000e+00,0.000000000000000000e+00,4.000000000000000000e+00,-9.000000000000000000e+00,-8.489985334584612531e+01,1.179849994512031515e+02,3.823804396802145789e+02,0.000000000000000000e+00,8.433012419125467396e-01,1.008096128284068582e+00
5.000000000000000000e+00,0.000000000000000000e+00,4.000000000000000000e+00,-8.000000000000000000e+00,-8.700658503046399517e+01,1.404212001424066329e+02,3.823439510232275893e+02,0.000000000000000000e+00,7.784933570164149774e-01,1.071086126703873376e+00
5.000000000000000000e+00,1.000000000000000000e+00,-1.000000000000000000e+00,-1.500000000000000000e+01,-4.040431117028089147e+01,1.494510997852046330e+01,4.468754735899924526e+02,0.000000000000000000e+00,1.141468257368331685e+00,8.046275976444217104e-01
5.000000000000000000e+00,1.000000000000000000e+00,-1.000000000000000000e+00,-1.400000000000000000e+01,-3.807176309977353412e+01,5.125294758118806726e+01,4.450627518707378272e+02,0.000000000000000000e+00,1.036459078968013925e+00,8.597240256635728661e-01
5.000000000000000000e+00,1.000000000000000000e+00,-1.000000000000000000e+00,-1.300000000000000000e+01,-3.568931451410435329e+01,8.525659913855253080e+01,4.436098980930947846e+02,0.000000000000000000e+00,9.370213545689513035e-01,9.227128374567767910e-01
5.000000000000000000e+00,1.000000000000000000e+00,-1.000000000000000000e+00,-1.200000000000000000e+01,-3.323591968603119540e+01,1.174386309228937364e+02,4.424682624470856922e+02,0.000000000000000000e+00,8.432925665138822913e-01,9.953623078796578483e-01
5.000000000000000000e+00,1.000000000000000000e+00,0.000000000000000000e+00,-1.500000000000000000e+01,-4.797180909011692052e+01,2.030168930648156334e+01,4.469009204442677969e+02,0.000000000000000000e+00,1.126085280064503369e+00,8.120341624994020790e-01
5.000000000000000000e+00,1.000000000000000000e+00,0.000000000000000000e+00,-1.400000000000000000e+01,-4.617700123757521169e+01,5.660715605525808769e+01,4.451186854609228476e+02,0.000000000000000000e+00,1.020804378478280983e+00,8.687763938168887590e-01
5.000000000000000000e+00,1.000000000000000000e+00,0.000000000000000000e+00,-1.300000000000000000e+01,-4.441281173735310972e+01,9.069625948347891153e+01,4.436949634399680349e+02,0.000000000000000000e+00,9.210975611536409424e-01,9.339312610888751420e-01
5.000000000000000000e+00,1.000000000000000000e+00,0.000000000000000000e+00,-1.200000000000000000e+01,-4.267773794697620815e+01,1.230548111627533672e+02,4.425825749424836886e+02,0.000000000000000000e+00,8.270475577859576211e-01,1.009487022068615403e+00
5.000000000000000000e+00,1.000000000000000000e+00,0.000000000000000000e+00,-1.100000000000000000e+01,-4.097099396068563237e+01,1.540813994662510993e+02,4.417463981756584417e+02,0.000000000000000000e+00,7.384825199871913881e-01,1.098098333244993174e+00
5.000000000000000000e+00,1.000000000000000000e+00,0.000000000000000000e+00,-1.000000000000000000e+01,-3.929269795302926127e+01,1.841122140277163339e+02,4.411605842680237402e+02,0.000000000000000000e+00,6.550690226613844480e-01,1.203382853558933707e+00
5.000000000000000000e+00,1.000000000000000000e+00,0.000000000000000000e+00,-9.000000000000000000e+00,-3.764421982959231627e+01,2.134391769123237168e+02,4.408066574680830740e+02,0.000000000000000000e+00,5.763777404218299871e-01,1.330385200757993047e+00
5.000000000000000000e+00,1.000000000000000000e+00,0.000000000000000000e+00,-8.000000000000000000e+00,-3.602882146888006787e+01,2.423237089368656143e+02,4.406722284822039342e+02,0.000000000000000000e+00,5.019281713714414117e-01,1.486322755211073154e+00
5.000000000000000000e+00,1.000000000000000000e+00,0.000000000000000000e+00,-7.000000000000000000e+00,-3.445287531692997618e+01,2.710076812342031189e+02,4.407501518903545730e+02,0.000000000000000000e+00,4.312178924183545092e-01,1.681816584791427038e+00
5.000000000000000000e+00,1.000000000000000000e+00,0.000000000000000000e+00,-6.000000000000000000e+00,-3.292833022822654243e+01,2.997226505024196967e+02,4.410380243434141221e+02,0.000000000000000000e+00,3.637406771943726969e-01,1.932964032739084459e+00
5.000000000000000000e+00,1.000000000000000000e+00,1.000000000000000000e+00,-1.500000000000000000e+01,-5.605068533863583013e+01,1.501083004577012048e+01,4.474921347448809570e+02,0.000000000000000000e+00,1.141208387592888895e+00,8.046275976444217104e-01
5.000000000000000000e+00,1.000000000000000000e+00,1.000000000000000000e+00,-1.400000000000000000e+01,-5.482035503036539126e+01,5.132363982514144141e+01,4.456628648481694199e+02,0.000000000000000000e+00,1.036196872267721281e+00,8.597240256635728661e-01
5.000000000000000000e+00,1.000000000000000000e+00,1.000000000000000000e+00,-1.300000000000000000e+01,-5.370583281111541396e+01,8.533310894549217096e+01,4.441968892340170783e+02,0.000000000000000000e+00,9.367546497185595955e-01,9.227128374567767910e-01
5.000000000000000000e+00,1.000000000000000000e+00,1.000000000000000000e+00,-1.200000000000000000e+01,-5.272608227243645729e+01,1.175220558930896004e+02,4.430451119087399547e+02,0.000000000000000000e+00,8.430188069977381238e-01,9.953623078796581813e-01
5.000000000000000000e+00,1.000000000000000000e+00,1.000000000000000000e+00,-1.100000000000000000e+01,-5.190784588085500673e+01,1.482794254008575479e+02,4.421706041202962751e+02,0.000000000000000000e+00,7.548701516741219697e-01,1.079987335392475156e+00
5.000000000000000000e+00,1.000000000000000000e+00,1.000000000000000000e+00,-1.000000000000000000e+01,-5.128910574750511842e+01,1.779236801448330141e+02,4.415456072815326252e+02,0.000000000000000000e+00,6.720316890784528985e-01,1.179664235252622762e+00
5.000000000000000000e+00,1.000000000000000000e+00,1.000000000000000000e+00,-9.000000000000000000e+00,-5.092467011160508150e+01,2.067179486940363233e+02,4.411493800152675249e+02,0.000000000000000000e+00,5.941417307837415507e-01,1.298544186016179713e+00
5.000000000000000000e+00,1.000000000000000000e+00,1.000000000000000000e+00,-8.000000000000000000e+00,-5.089550156755143462e+01,2.348782798899104591e+02,4.409665475625916997e+02,0.000000000000000000e+00,5.208096817544243251e-01,1.442310236649423150e+00
5.000000000000000000e+00,1.000000000000000000e+00,1.000000000000000000e+00,-7.000000000000000000e+00,-5.132492696273106958e+01,2.625744797807805071e+02,4.409856600282912495e+02,0.000000000000000000e+00,4.516634958209510553e-01,1.618828601307914061e+00
5.000000000000000000e+00,1.000000000000000000e+00,1.000000000000000000e+00,-6.000000000000000000e+00,-5.240810864216757636e+01,2.899201462563852374e+02,4.411976018210795019e+02,0.000000000000000000e+00,3.864006037762796053e-01,1.839004145124392586e+00
5.000000000000000000e+00,1.000000000000000000e+00,1.000000000000000000e+00,-5.000000000000000000e+00,-5.446828112713311043e+01,3.169425390789551784e+02,4.415932240979481094e+02,0.000000000000000000e+00,3.248624223733767025e-01,2.117608947777142703e+00
5.000000000000000000e+00,1.000000000000000000e+00,1.000000000000000000e+00,-4.000000000000000000e+00,-5.806887874268147698e+01,3.435081981882930222e+02,4.421587960283969778e+02,0.000000000000000000e+00,2.671756113788500975e-01,2.472863336741859097e+00
5.000000000000000000e+00,1.000000000000000000e+00,1.000000000000000000e+00,-3.000000000000000000e+00,-6.423992555843629759e+01,3.691411263114448502e+02,4.428657276318673439e+02,0.000000000000000000e+00,2.140666702819086775e-01,2.920088606672719411e+00
5.000000000000000000e+00,1.000000000000000000e+00,2.000000000000000000e+00,-1.400000000000000000e+01,-6.364608348293694462e+01,3.542136370364445952e+01,4.467359247842284162e+02,0.000000000000000000e+00,1.082403318222852295e+00,8.341755956277653317e-01
5.000000000000000000e+00,1.000000000000000000e+00,2.000000000000000000e+00,-1.300000000000000000e+01,-6.312803969172003349e+01,6.927049169679776242e+01,4.451554091620990903e+02,0.000000000000000000e+00,9.837292693846871883e-01,8.913375998760639796e-01
5.000000000000000000e+00,1.000000000000000000e+00,2.000000000000000000e+00,-1.200000000000000000e+01,-6.282756693289385908e+01,1.010465766321661789e+02,4.438964429073856195e+02,0.000000000000000000e+00,8.908541691823161912e-01,9.562994136409765922e-01
5.000000000000000000e+00,1.000000000000000000e+00,2.000000000000000000e+00,-1.100000000000000000e+01,-6.278734132032002435e+01,1.311214970872470360e+02,4.429173974431546981e+02,0.000000000000000000e+00,8.038025904508199204e-01,1.030598146462534670e+00
5.000000000000000000e+00,1.000000000000000000e+00,2.000000000000000000e+00,-1.000000000000000000e+01,-6.306458926625234085e+01,1.597788124883851424e+02,4.421858079474757233e+02,0.000000000000000000e+00,7.224406231588578198e-01,1.116126710614153694e+00
5.000000000000000000e+00,1.000000000000000000e+00,2.000000000000000000e+00,-9.000000000000000000e+00,-6.373668007741301267e+01,1.872252268462045777e+02,4.416757402952041502e+02,0.000000000000000000e+00,6.465626325423449172e-01,1.215194541936476469e+00
5.000000000000000000e+00,1.000000000000000000e+00,2.000000000000000000e+00,-8.000000000000000000e+00,-6.490918924309652027e+01,2.135924441560393063e+02,4.413655908135300479e+02,0.000000000000000000e+00,5.759634807217963726e-01,1.330553815696006836e+00
5.000000000000000000e+00,1.000000000000000000e+00,2.000000000000000000e+00,-7.000000000000000000e+00,-6.672735078739080450e+01,2.389283418051116996e+02,4.412359597481558922e+02,0.000000000000000000e+00,5.105062854254964755e-01,1.465314671287701209e+00
5.000000000000000000e+00,1.000000000000000000e+00,2.000000000000000000e+00,-6.000000000000000000e+00,-6.939158473010732564e+01,2.631741536360960367e+02,4.412672161902769972e+02,0.000000000000000000e+00,4.501975234584585372e-01,1.622573440628674479e+00
5.000000000000000000e+00,1.000000000000000000e+00,2.000000000000000000e+00,-5.000000000000000000e+00,-7.317599079868307399e+01,2.861218851536729062e+02,4.414362927565661607e+02,0.000000000000000000e+00,3.952836477831386808e-01,1.804381092574397938e+00
5.000000000000000000e+00,1.000000000000000000e+00,2.000000000000000000e+00,-4.000000000000000000e+00,-7.844206097650230447e+01,3.073450605733326597e+02,4.417122102880246075e+02,0.000000000000000000e+00,3.463837131808173986e-01,2.009369289567527694e+00
5.000000000000000000e+00,1.000000000000000000e+00,2.000000000000000000e+00,-3.000000000000000000e+00,-8.562114062802014303e+01,3.261031892550143425e+02,4.420502272382616411e+02,0.000000000000000000e+00,3.046589597803082139e-01,2.228178420853212494e+00
5.000000000000000000e+00,1.000000000000000000e+00,3.000000000000000000e+00,-1.300000000000000000e+01,-7.232161268984165758e+01,4.268492398798210274e+01,4.466787886750943812e+02,0.000000000000000000e+00,1.061292585072559191e+00,8.454806683998365990e-01
5.000000000000000000e+00,1.000000000000000000e+00,3.000000000000000000e+00,-1.200000000000000000e+01,-7.255259326942828579e+01,7.406955690013472804e+01,4.452463907825621163e+02,0.000000000000000000e+00,9.696629304875590272e-01,9.003084671157552954e-01
5.000000000000000000e+00,1.000000000000000000e+00,3.000000000000000000e+00,-1.100000000000000000e+01,-7.309176918987456872e+01,1.033752089370516813e+02,4.441032590005596035e+02,0.000000000000000000e+00,8.840533005911626052e-01,9.614759360214408801e-01
5.000000000000000000e+00,1.000000000000000000e+00,3.000000000000000000e+00,-1.000000000000000000e+01,-7.399478538555251816e+01,1.308680252968024433e+02,4.432107423336639727e+02,0.000000000000000000e+00,8.045159112750441821e-01,1.029792903265430937e+00
5.000000000000000000e+00,1.000000000000000000e+00,3.000000000000000000e+00,-9.000000000000000000e+00,-7.533130894554514612e+01,1.567212303206700312e+02,4.425370795886376527e+02,0.000000000000000000e+00,7.310161343441035076e-01,1.106053108074187552e+00
5.000000000000000000e+00,1.000000000000000000e+00,3.000000000000000000e+00,-8.000000000000000000e+00,-7.718775150064527679e+01,1.810192704810977773e+02,4.420549482211811778e+02,0.000000000000000000e+00,6.635110798556582701e-01,1.190905670411637196e+00
5.000000000000000000e+00,1.000000000000000000e+00,3.000000000000000000e+00,-7.000000000000000000e+00,-7.966943434901396870e+01,2.037539776000604377e+02,4.417393272078015798e+02,0.000000000000000000e+00,6.020166882813691167e-01,1.284616240830907197e+00
5.000000000000000000e+00,1.000000000000000000e+00,3.000000000000000000e+00,-6.000000000000000000e+00,-8.290061138097158278e+01,2.248137717977621719e+02,4.415654880764503218e+02,0.000000000000000000e+00,5.466682805115304911e-01,1.386656690201582220e+00
5.000000000000000000e+00,1.000000000000000000e+00,3.000000000000000000e+00,-5.000000000000000000e+00,-8.701920230101301001e+01,2.439680714760116871e+02,4.415070626202172548e+02,0.000000000000000000e+00,4.977758819849584238e-01,1.495064631571472846e+00
5.000000000000000000e+00,1.000000000000000000e+00,4.000000000000000000e+00,-1.200000000000000000e+01,-8.167027163467055573e+01,3.682301552961001789e+01,4.472716990466113884e+02,0.000000000000000000e+00,1.078278381296298605e+00,8.362256090765094463e-01
5.000000000000000000e+00,1.000000000000000000e+00,4.000000000000000000e+00,-1.100000000000000000e+01,-8.258310671698866656e+01,6.565062560574757811e+01,4.459062441969403494e+02,0.000000000000000000e+00,9.942679067538208182e-01,8.845489658539434918e-01
5.000000000000000000e+00,1.000000000000000000e+00,4.000000000000000000e+00,-1.000000000000000000e+01,-8.385364211031557602e+01,9.223890067249084268e+01,4.448059239809937253e+02,0.000000000000000000e+00,9.165092763766443662e-01,9.368697501433245201e-01
5.000000000000000000e+00,1.000000000000000000e+00,4.000000000000000000e+00,-9.000000000000000000e+00,-8.553203017644649719e+01,1.167725941682482329e+02,4.439329988481732698e+02,0.000000000000000000e+00,8.451388707563778357e-01,9.931905576535537961e-01
5.000000000000000000e+00,1.000000000000000000e+00,4.000000000000000000e+00,-8.000000000000000000e+00,-8.767470301934268662e+01,1.393453076998351605e+02,4.432554881650684706e+02,0.000000000000000000e+00,7.802380294481616740e-01,1.053258936943854529e+00
5.000000000000000000e+00,2.000000000000000000e+00,-1.000000000000000000e+00,-1.400000000000000000e+01,-3.978010987003960963e+01,4.568938524771593279e+01,5.126460383218761763e+02,0.000000000000000000e+00,1.042745498028823992e+00,8.326913293712945308e-01
5.000000000000000000e+00,2.000000000000000000e+00,-1.000000000000000000e+00,-1.300000000000000000e+01,-3.750053599157070039e+01,8.042552180820074170e+01,5.095609213516846125e+02,0.000000000000000000e+00,9.434832451506239837e-01,8.895275027068113571e-01
5.000000000000000000e+00,2.000000000000000000e+00,-1.000000000000000000e+00,-1.200000000000000000e+01,-3.516946754797041308e+01,1.132314621912533852e+02,5.071408944138475476e+02,0.000000000000000000e+00,8.496438783200097600e-01,9.540650327522430807e-01
5.000000000000000000e+00,2.000000000000000000e+00,0.000000000000000000e+00,-1.500000000000000000e+01,-4.960746092981992206e+01,1.403172690590116645e+01,5.162290172279805347e+02,0.000000000000000000e+00,1.131771476038058610e+00,7.891398236511226738e-01
5.000000000000000000e+00,2.000000000000000000e+00,0.000000000000000000e+00,-1.400000000000000000e+01,-4.790278512670354871e+01,5.120148880234529543e+01,5.124459922921408861e+02,0.000000000000000000e+00,1.026999189141142521e+00,8.409082923957135192e-01
5.000000000000000000e+00,2.000000000000000000e+00,0.000000000000000000e+00,-1.300000000000000000e+01,-4.624572513956582043e+01,8.601553575370552096e+01,5.094304620817529212e+02,0.000000000000000000e+00,9.274148317566637267e-01,8.995655446095676133e-01
5.000000000000000000e+00,2.000000000000000000e+00,0.000000000000000000e+00,-1.200000000000000000e+01,-4.463870321844129307e+01,1.189946321126186035e+02,5.070784241104880152e+02,0.000000000000000000e+00,8.332080659745926265e-01,9.664820163695422295e-01
5.000000000000000000e+00,2.000000000000000000e+00,0.000000000000000000e+00,-1.100000000000000000e+01,-4.308634868898414538e+01,1.505637558574791797e+02,5.053127711261673198e+02,0.000000000000000000e+00,7.442870104576315704e-01,1.043376375879344620e+00
5.000000000000000000e+00,2.000000000000000000e+00,0.000000000000000000e+00,-1.000000000000000000e+01,-4.159642086033741748e+01,1.810798689687449610e+02,5.040769511601810677e+02,0.000000000000000000e+00,6.603760563871636791e-01,1.132410216759393462e+00
5.000000000000000000e+00,2.000000000000000000e+00,0.000000000000000000e+00,-9.000000000000000000e+00,-4.018138765635694654e+01,2.108521709320314130e+02,5.033306818588827127e+02,0.000000000000000000e+00,5.810858055652722287e-01,1.236296361347846373e+00
5.000000000000000000e+00,2.000000000000000000e+00,0.000000000000000000e+00,-8.000000000000000000e+00,-3.886122738089898121e+01,2.401576057392673249e+02,5.030470888978433095e+02,0.000000000000000000e+00,5.059610149090232323e-01,1.358398980366904985e+00
5.000000000000000000e+00,2.000000000000000000e+00,0.000000000000000000e+00,-7.000000000000000000e+00,-3.766867592881357041e+01,2.692535843685885766e+02,5.032108949235803266e+02,0.000000000000000000e+00,4.345116414447777187e-01,1.502758384888193133e+00
5.000000000000000000e+00,2.000000000000000000e+00,0.000000000000000000e+00,-6.000000000000000000e+00,-3.665978648804096451e+01,2.983896237821625732e+02,5.038174705359599557e+02,0.000000000000000000e+00,3.662306146369470605e-01,1.673861546619299201e+00
5.000000000000000000e+00,2.000000000000000000e+00,0.000000000000000000e+00,-5.000000000000000000e+00,-3.593730722165855695e+01,3.278200908730136689e+02,5.048727515282429295e+02,0.000000000000000000e+00,3.005996122131853743e-01,1.875723436879307870e+00
5.000000000000000000e+00,2.000000000000000000e+00,0.000000000000000000e+00,-4.000000000000000000e+00,-3.570962968665332937e+01,3.578227327880856024e+02,5.063944014980144175e+02,0.000000000000000000e+00,2.370788312085574667e-01,2.109338059754582329e+00
5.000000000000000000e+00,2.000000000000000000e+00,1.000000000000000000e+00,-1.400000000000000000e+01,-5.653525386945426590e+01,4.583503016079771442e+01,5.132819366001867820e+02,0.000000000000000000e+00,1.042202412555769619e+00,8.326913293712943087e-01
5.000000000000000000e+00,2.000000000000000000e+00,1.000000000000000000e+00,-1.300000000000000000e+01,-5.552415535837465654e+01,8.058323578214397287e+01,5.101829351681604976e+02,0.000000000000000000e+00,9.429306898039525597e-01,8.895275027068114682e-01
5.000000000000000000e+00,2.000000000000000000e+00,1.000000000000000000e+00,-1.200000000000000000e+01,-5.466741575307051448e+01,1.134035114020622501e+02,5.077525344728861683e+02,0.000000000000000000e+00,8.490765819348623511e-01,9.540650327522433027e-01
5.000000000000000000e+00,2.000000000000000000e+00,1.000000000000000000e+00,-1.100000000000000000e+01,-5.399652841051462815e+01,1.447117583017000868e+02,5.059098838499210160e+02,0.000000000000000000e+00,7.606030804502900144e-01,1.027803041088291236e+00
5.000000000000000000e+00,2.000000000000000000e+00,1.000000000000000000e+00,-1.000000000000000000e+01,-5.355602444463357870e+01,1.748474751907288862e+02,5.045944729578914689e+02,0.000000000000000000e+00,6.772931274576451388e-01,1.112578857682358757e+00
5.000000000000000000e+00,2.000000000000000000e+00,1.000000000000000000e+00,-9.000000000000000000e+00,-5.340993380974919091e+01,2.040910102544027325e+02,5.037613075853200826e+02,0.000000000000000000e+00,5.988271090606060998e-01,1.210619666929895866e+00
5.000000000000000000e+00,2.000000000000000000e+00,1.000000000000000000e+00,-8.000000000000000000e+00,-5.365253901895630406e+01,2.326734243075711106e+02,5.033772741950128875e+02,0.000000000000000000e+00,5.248421729866777907e-01,1.324555181963999129e+00
5.000000000000000000e+00,2.000000000000000000e+00,1.000000000000000000e+00,-7.000000000000000000e+00,-5.442698105285096233e+01,2.607787399952386522e+02,5.034180479361439211e+02,0.000000000000000000e+00,4.549821487027573830e-01,1.457314042019820510e+00
5.000000000000000000e+00,2.000000000000000000e+00,1.000000000000000000e+00,-6.000000000000000000e+00,-5.595887473787365707e+01,2.885354662666804302e+02,5.038647929595735491e+02,0.000000000000000000e+00,3.889497071237997816e-01,1.611730614606513790e+00
5.000000000000000000e+00,2.000000000000000000e+00,1.000000000000000000e+00,-5.000000000000000000e+00,-5.861982512074922624e+01,3.159883354308823300e+02,5.046993666019974398e+02,0.000000000000000000e+00,3.265806324705741170e-01,1.789505037708061463e+00
5.000000000000000000e+00,2.000000000000000000e+00,1.000000000000000000e+00,-4.000000000000000000e+00,-6.305192090550812622e+01,3.430263698530864076e+02,5.058951399034924066e+02,0.000000000000000000e+00,2.679832534531549348e-01,1.988886056878434783e+00
5.000000000000000000e+00,2.000000000000000000e+00,1.000000000000000000e+00,-3.000000000000000000e+00,-7.041036110834886586e+01,3.692029227099915261e+02,5.073959815750434927e+02,0.000000000000000000e+00,2.138517184515213443e-01,2.200345902163693967e+00
5.000000000000000000e+00,2.000000000000000000e+00,2.000000000000000000e+00,-1.400000000000000000e+01,-6.532446038122220955e+01,2.959437831591441181e+01,5.152338658730579937e+02,0.000000000000000000e+00,1.088071843750604284e+00,8.094143006539570306e-01
5.000000000000000000e+00,2.000000000000000000e+00,2.000000000000000000e+00,-1.300000000000000000e+01,-6.489933513890392192e+01,6.421970159719131743e+01,5.118969404876546605e+02,0.000000000000000000e+00,9.897241971601344890e-01,8.613166782652805775e-01
5.000000000000000000e+00,2.000000000000000000e+00,2.000000000000000000e+00,-1.200000000000000000e+01,-6.470789035987250770e+01,9.665394187750753474e+01,5.092441090503940018e+02,0.000000000000000000e+00,8.968595804231621615e-01,9.195020725621964042e-01
5.000000000000000000e+00,2.000000000000000000e+00,2.000000000000000000e+00,-1.100000000000000000e+01,-6.479598504497297995e+01,1.272975333471105586e+02,5.071844519010922454e+02,0.000000000000000000e+00,8.095917608793888887e-01,9.849597365624793710e-01
5.000000000000000000e+00,2.000000000000000000e+00,2.000000000000000000e+00,-1.000000000000000000e+01,-6.522493885460765739e+01,1.564556899800525969e+02,5.056474520616752670e+02,0.000000000000000000e+00,7.278535800507321962e-01,1.058804473888571351e+00
5.000000000000000000e+00,2.000000000000000000e+00,2.000000000000000000e+00,-9.000000000000000000e+00,-6.607737562894078565e+01,1.843519822363067249e+02,5.045771204129357557e+02,0.000000000000000000e+00,6.514883424602865292e-01,1.142236250260280084e+00
5.000000000000000000e+00,2.000000000000000000e+00,2.000000000000000000e+00,-8.000000000000000000e+00,-6.746556195554862256e+01,2.111315768593657936e+02,5.039271646891309047e+02,0.000000000000000000e+00,5.803261962588949219e-01,1.236431668370929549e+00
5.000000000000000000e+00,2.000000000000000000e+00,2.000000000000000000e+00,-7.000000000000000000e+00,-6.954306159821646816e+01,2.368532538412214592e+02,5.036564003184520857e+02,0.000000000000000000e+00,5.142555225528866458e-01,1.342305798610881062e+00
5.000000000000000000e+00,2.000000000000000000e+00,2.000000000000000000e+00,-6.000000000000000000e+00,-7.252009655607160710e+01,2.614669077468049636e+02,5.037235671001375295e+02,0.000000000000000000e+00,4.533013783808316211e-01,1.460044303336359706e+00
5.000000000000000000e+00,2.000000000000000000e+00,2.000000000000000000e+00,-5.000000000000000000e+00,-7.668071767399017347e+01,2.847705490414207929e+02,5.040805462819344598e+02,0.000000000000000000e+00,3.977257386988655719e-01,1.588270389634448332e+00
5.000000000000000000e+00,2.000000000000000000e+00,2.000000000000000000e+00,-4.000000000000000000e+00,-8.239215875209231399e+01,3.063393466806833203e+02,5.046628653625505763e+02,0.000000000000000000e+00,3.481651338254450612e-01,1.722743055233171949e+00
5.000000000000000000e+00,2.000000000000000000e+00,3.000000000000000000e+00,-1.300000000000000000e+01,-7.402354214915224873e+01,3.706736628100557596e+01,5.147969211925952777e+02,0.000000000000000000e+00,1.066920847268506112e+00,8.197299183601765016e-01
5.000000000000000000e+00,2.000000000000000000e+00,3.000000000000000000e+00,-1.200000000000000000e+01,-7.434491396858656742e+01,6.916083332041047527e+01,5.117806302052094338e+02,0.000000000000000000e+00,9.755354148192111330e-01,8.694031843144023330e-01
5.000000000000000000e+00,2.000000000000000000e+00,3.000000000000000000e+00,-1.100000000000000000e+01,-7.498802019644247707e+01,9.906997085037316708e+01,5.093778529482634667e+02,0.000000000000000000e+00,8.899053730437809229e-01,9.241009096952150781e-01
5.000000000000000000e+00,2.000000000000000000e+00,3.000000000000000000e+00,-1.000000000000000000e+01,-7.601032877321482317e+01,1.270845681139072809e+02,5.075047434321315905e+02,0.000000000000000000e+00,8.101601054462557183e-01,9.842567314239099030e-01
5.000000000000000000e+00,2.000000000000000000e+00,3.000000000000000000e+00,-9.000000000000000000e+00,-7.748346995175614893e+01,1.533954587848277811e+02,5.060928436453596078e+02,0.000000000000000000e+00,7.363237048059088075e-01,1.050192975091367664e+00
5.000000000000000000e+00,2.000000000000000000e+00,3.000000000000000000e+00,-8.000000000000000000e+00,-7.949576265611054282e+01,1.781001749909456464e+02,5.050836680193499433e+02,0.000000000000000000e+00,6.683978952178077915e-01,1.121994532226096020e+00
5.000000000000000000e+00,2.000000000000000000e+00,3.000000000000000000e+00,-7.000000000000000000e+00,-8.215396685273812238e+01,2.011999739247670504e+02,5.044240420939776186e+02,0.000000000000000000e+00,6.064330755886021551e-01,1.199309940341452441e+00
5.000000000000000000e+00,2.000000000000000000e+00,3.000000000000000000e+00,-6.000000000000000000e+00,-8.558252004079891151e+01,2.225893881510256733e+02,5.040617643502840224e+02,0.000000000000000000e+00,5.505924441448499795e-01,1.281060660614969482e+00
5.000000000000000000e+00,2.000000000000000000e+00,4.000000000000000000e+00,-1.200000000000000000e+01,-8.336364922336881023e+01,3.110050300107343446e+01,5.157316977353311813e+02,0.000000000000000000e+00,1.083688429729655400e+00,8.112867203143371286e-01
5.000000000000000000e+00,2.000000000000000000e+00,4.000000000000000000e+00,-1.100000000000000000e+01,-8.435645504488874735e+01,6.059610344028416762e+01,5.128615128052301770e+02,0.000000000000000000e+00,9.999628399447535454e-01,8.551865128937007343e-01
5.000000000000000000e+00,2.000000000000000000e+00,4.000000000000000000e+00,-1.000000000000000000e+01,-8.571614619569791671e+01,8.775072641053910161e+01,5.105527196532401604e+02,0.000000000000000000e+00,9.222528860586293176e-01,9.021905462871989689e-01
5.000000000000000000e+00,2.000000000000000000e+00,4.000000000000000000e+00,-9.000000000000000000e+00,-8.749308547560275429e+01,1.127696344524525216e+02,5.087238489711975831e+02,0.000000000000000000e+00,8.507655941110007225e-01,9.521520296653019910e-01
5.000000000000000000e+00,3.000000000000000000e+00,-2.000000000000000000e+00,-1.400000000000000000e+01,-3.536531251906927764e+01,1.931151276670556172e+01,5.906309677751632989e+02,0.000000000000000000e+00,1.095201581907661703e+00,7.726329552705615278e-01
5.000000000000000000e+00,3.000000000000000000e+00,-1.000000000000000000e+00,-1.400000000000000000e+01,-4.271724617219308584e+01,3.643161952594161335e+01,5.882447167959480794e+02,0.000000000000000000e+00,1.049125111620153428e+00,7.928007630125726291e-01
5.000000000000000000e+00,3.000000000000000000e+00,-1.000000000000000000e+00,-1.300000000000000000e+01,-4.061402148915485100e+01,7.255401988936986868e+01,5.830373673596471917e+02,0.000000000000000000e+00,9.504408174473542026e-01,8.413785346553932509e-01
5.000000000000000000e+00,3.000000000000000000e+00,-1.000000000000000000e+00,-1.200000000000000000e+01,-3.849304006091250585e+01,1.065520593269170035e+02,5.789548600815969621e+02,0.000000000000000000e+00,8.566114546786258721e-01,8.953602301664941310e-01
5.000000000000000000e+00,3.000000000000000000e+00,-1.000000000000000000e+00,-1.100000000000000000e+01,-3.634008988585219413e+01,1.388950102989781783e+02,5.758542051884978719e+02,0.000000000000000000e+00,7.677454709459085036e-01,9.554560263055822400e-01
5.000000000000000000e+00,3.000000000000000000e+00,-1.000000000000000000e+00,-1.000000000000000000e+01,-3.413680650692253948e+01,1.699646421560950387e+02,5.736293161197979771e+02,0.000000000000000000e+00,6.837318486373026305e-01,1.022406620268124344e+00
5.000000000000000000e+00,3.000000000000000000e+00,0.000000000000000000e+00,-1.400000000000000000e+01,-5.086873279188816355e+01,4.221409639630780930e+01,5.877229286357405726e+02,0.000000000000000000e+00,1.033348655374388469e+00,7.998826461938156607e-01
5.000000000000000000e+00,3.000000000000000000e+00,0.000000000000000000e+00,-1.300000000000000000e+01,-4.939544306635548310e+01,7.839935274818178357e+01,5.826378921612562181e+02,0.000000000000000000e+00,9.342432717251268892e-01,8.498580062431628779e-01
5.000000000000000000e+00,3.000000000000000000e+00,0.000000000000000000e+00,-1.200000000000000000e+01,-4.800852630657402642e+01,1.125638837505522361e+02,5.786729739721630494e+02,0.000000000000000000e+00,8.399589628598055358e-01,9.055993202446033230e-01
5.000000000000000000e+00,3.000000000000000000e+00,0.000000000000000000e+00,-1.100000000000000000e+01,-4.672208101548324066e+01,1.451865055822419777e+02,5.756912981379158509e+02,0.000000000000000000e+00,7.505430210951967718e-01,9.679281133155813732e-01
5.000000000000000000e+00,3.000000000000000000e+00,0.000000000000000000e+00,-1.000000000000000000e+01,-4.555729114509739475e+01,1.766682108274661118e+02,5.735933725210645662e+02,0.000000000000000000e+00,6.658184837659277822e-01,1.037732273620628032e+00
5.000000000000000000e+00,3.000000000000000000e+00,0.000000000000000000e+00,-9.000000000000000000e+00,-4.454623540730332820e+01,2.073574615711519300e+02,5.723092132159471248e+02,0.000000000000000000e+00,5.854594232786125563e-01,1.115907697746199023e+00
5.000000000000000000e+00,3.000000000000000000e+00,0.000000000000000000e+00,-8.000000000000000000e+00,-4.373865400097770362e+01,2.375705413200981866e+02,5.717933584493782746e+02,0.000000000000000000e+00,5.090417159574366357e-01,1.203233066816324248e+00
5.000000000000000000e+00,3.000000000000000000e+00,0.000000000000000000e+00,-7.000000000000000000e+00,-4.321470890139755738e+01,2.676104319774520945e+02,5.720222052573924429e+02,0.000000000000000000e+00,4.360723746139297807e-01,1.300128248812605802e+00
5.000000000000000000e+00,3.000000000000000000e+00,0.000000000000000000e+00,-6.000000000000000000e+00,-4.311099660583894888e+01,2.977887621101558011e+02,5.729937279382561428e+02,0.000000000000000000e+00,3.659968607684983000e-01,1.406225373169721404e+00
5.000000000000000000e+00,3.000000000000000000e+00,0.000000000000000000e+00,-5.000000000000000000e+00,-4.367937214420629743e+01,3.284602704722723274e+02,5.747307795364611138e+02,0.000000000000000000e+00,2.981741423125579549e-01,1.519676154516218736e+00
5.000000000000000000e+00,3.000000000000000000e+00,0.000000000000000000e+00,-4.000000000000000000e+00,-4.544070658092044823e+01,3.600978496453666367e+02,5.772926623404600832e+02,0.000000000000000000e+00,2.317773590886045565e-01,1.636183557089753382e+00
5.000000000000000000e+00,3.000000000000000000e+00,1.000000000000000000e+00,-1.400000000000000000e+01,-5.948086997363441242e+01,3.666408653505351367e+01,5.889499579593903036e+02,0.000000000000000000e+00,1.048259127920570410e+00,7.928007630125725180e-01
5.000000000000000000e+00,3.000000000000000000e+00,1.000000000000000000e+00,-1.300000000000000000e+01,-5.864703852208646140e+01,7.280587110910968818e+01,5.837270908315715587e+02,0.000000000000000000e+00,9.495590326089542454e-01,8.413785346553931399e-01
5.000000000000000000e+00,3.000000000000000000e+00,1.000000000000000000e+00,-1.200000000000000000e+01,-5.800156818561620753e+01,1.068269482910855999e+02,5.796336777363144392e+02,0.000000000000000000e+00,8.557054500813002784e-01,8.953602301664941310e-01
5.000000000000000000e+00,3.000000000000000000e+00,1.000000000000000000e+00,-1.100000000000000000e+01,-5.758425536352395113e+01,1.391977261904129648e+02,5.765263739567654966e+02,0.000000000000000000e+00,7.668050060797924061e-01,9.554560263055823510e-01
5.000000000000000000e+00,3.000000000000000000e+00,1.000000000000000000e+00,-1.000000000000000000e+01,-5.745113170832473770e+01,1.703015001934105612e+02,5.742989511372072684e+02,0.000000000000000000e+00,6.827442107983281439e-01,1.022406620268124344e+00
5.000000000000000000e+00,3.000000000000000000e+00,1.000000000000000000e+00,-9.000000000000000000e+00,-5.768251516627317699e+01,2.004564822758865148e+02,5.728734571482879119e+02,0.000000000000000000e+00,6.032728898511842131e-01,1.096916416295262042e+00
5.000000000000000000e+00,3.000000000000000000e+00,1.000000000000000000e+00,-8.000000000000000000e+00,-5.839639112216235617e+01,2.299297652574920221e+02,5.721938407927406161e+02,0.000000000000000000e+00,5.280677033211949034e-01,1.179523130928754382e+00
5.000000000000000000e+00,3.000000000000000000e+00,1.000000000000000000e+00,-7.000000000000000000e+00,-5.977152016789497679e+01,2.589439231356623736e+02,5.722209364293519229e+02,0.000000000000000000e+00,4.567834623491949242e-01,1.270363002570063626e+00
5.000000000000000000e+00,3.000000000000000000e+00,1.000000000000000000e+00,-6.000000000000000000e+00,-6.208906394111974691e+01,2.876743137477607206e+02,5.729276858875580274e+02,0.000000000000000000e+00,3.891024079292656479e-01,1.368778946962248888e+00
5.000000000000000000e+00,3.000000000000000000e+00,1.000000000000000000e+00,-5.000000000000000000e+00,-6.581082953340872166e+01,3.162299174794034116e+02,5.742928241555727027e+02,0.000000000000000000e+00,3.247986310209569627e-01,1.472727385493022734e+00
5.000000000000000000e+00,3.000000000000000000e+00,1.000000000000000000e+00,-4.000000000000000000e+00,-7.173099893774613633e+01,3.445968916508451798e+02,5.762890008386287946e+02,0.000000000000000000e+00,2.638560012891338347e-01,1.578012099998020279e+00
5.000000000000000000e+00,3.000000000000000000e+00,1.000000000000000000e+00,-3.000000000000000000e+00,-8.126366440297553595e+01,3.724822663615702822e+02,5.788539703222766093e+02,0.000000000000000000e+00,2.067456217257132023e-01,1.677579597363107355e+00
5.000000000000000000e+00,3.000000000000000000e+00,2.000000000000000000e+00,-1.400000000000000000e+01,-6.820535840466619959e+01,1.976097454081937599e+01,5.920586240288967019e+02,0.000000000000000000e+00,1.093479082515099510e+00,7.726329552705614168e-01
5.000000000000000000e+00,3.000000000000000000e+00,2.000000000000000000e+00,-1.300000000000000000e+01,-6.793911870301873535e+01,5.584537727869891910e+01,5.864344135835499401e+02,0.000000000000000000e+00,9.959969123453119577e-01,8.173862552603633480e-01
5.000000000000000000e+00,3.000000000000000000e+00,2.000000000000000000e+00,-1.200000000000000000e+01,-6.793446927413171466e+01,8.952314399923164956e+01,5.819693514083114678e+02,0.000000000000000000e+00,9.033832742741135791e-01,8.666086191858771715e-01
5.000000000000000000e+00,3.000000000000000000e+00,2.000000000000000000e+00,-1.100000000000000000e+01,-6.824280508018007652e+01,1.212516267612285219e+02,5.785023125060594111e+02,0.000000000000000000e+00,8.159086224038721857e-01,9.207471080274690634e-01
5.000000000000000000e+00,3.000000000000000000e+00,2.000000000000000000e+00,-1.000000000000000000e+01,-6.893259633069486370e+01,1.513797589613764956e+02,5.759097078258381543e+02,0.000000000000000000e+00,7.336234006804444041e-01,9.802073651435528889e-01
5.000000000000000000e+00,3.000000000000000000e+00,2.000000000000000000e+00,-9.000000000000000000e+00,-7.009569233267860966e+01,1.801660973386284184e+02,5.740946929883475605e+02,0.000000000000000000e+00,6.564563136153647172e-01,1.045278254929294492e+00
5.000000000000000000e+00,3.000000000000000000e+00,2.000000000000000000e+00,-8.000000000000000000e+00,-7.185618187836598736e+01,2.077850560347164617e+02,5.729785679260094184e+02,0.000000000000000000e+00,5.842971552988233119e-01,1.116007197997256117e+00
5.000000000000000000e+00,3.000000000000000000e+00,2.000000000000000000e+00,-7.000000000000000000e+00,-7.438247370876469233e+01,2.343208218934331057e+02,5.724928822273476499e+02,0.000000000000000000e+00,5.170740122885053580e-01,1.192005932987187045e+00
5.000000000000000000e+00,3.000000000000000000e+00,2.000000000000000000e+00,-6.000000000000000000e+00,-7.790248748297838688e+01,2.597455785058881474e+02,5.725707450845850417e+02,0.000000000000000000e+00,4.548374452143796320e-01,1.272170323036664330e+00
5.000000000000000000e+00,3.000000000000000000e+00,2.000000000000000000e+00,-5.000000000000000000e+00,-8.271867598197829352e+01,2.838752625409381380e+02,5.731355152029631199e+02,0.000000000000000000e+00,3.978680875398949990e-01,1.354321388342073273e+00
5.000000000000000000e+00,3.000000000000000000e+00,3.000000000000000000e+00,-1.300000000000000000e+01,-7.694176195088952852e+01,2.760092079981171764e+01,5.911378688587034276e+02,0.000000000000000000e+00,1.072407476576500818e+00,7.815899545632907230e-01
5.000000000000000000e+00,3.000000000000000000e+00,3.000000000000000000e+00,-1.200000000000000000e+01,-7.741738594815035412e+01,6.102573542760717373e+01,5.860596767298112582e+02,0.000000000000000000e+00,9.817161412996917580e-01,8.242877789139527733e-01
5.000000000000000000e+00,3.000000000000000000e+00,3.000000000000000000e+00,-1.100000000000000000e+01,-7.823812051183605831e+01,9.207384511373867042e+01,5.820190086088131238e+02,0.000000000000000000e+00,8.962614313698993307e-01,8.704553732588058423e-01
5.000000000000000000e+00,3.000000000000000000e+00,3.000000000000000000e+00,-1.000000000000000000e+01,-7.946457948565786467e+01,1.210816973843664215e+02,5.788686280495328447e+02,0.000000000000000000e+00,8.163097407978582298e-01,9.201727498668392791e-01
5.000000000000000000e+00,3.000000000000000000e+00,3.000000000000000000e+00,-9.000000000000000000e+00,-8.117179161357496753e+01,1.482749926754395062e+02,5.764898367425528249e+02,0.000000000000000000e+00,7.419903651201904538e-01,9.733628688909063964e-01
5.000000000000000000e+00,3.000000000000000000e+00,3.000000000000000000e+00,-8.000000000000000000e+00,-8.345138849844852302e+01,1.737773534979256453e+02,5.747826421718665415e+02,0.000000000000000000e+00,6.733854799616637576e-01,1.029699031862461922e+00
5.000000000000000000e+00,3.000000000000000000e+00,3.000000000000000000e+00,-7.000000000000000000e+00,-8.641263938344181383e+01,1.976089426057031346e+02,5.736574846088914228e+02,0.000000000000000000e+00,6.106080873776950080e-01,1.088482344286419101e+00
5.000000000000000000e+00,3.000000000000000000e+00,4.000000000000000000e+00,-1.200000000000000000e+01,-8.626368680283768242e+01,2.141135947622481694e+01,5.925299281149714261e+02,0.000000000000000000e+00,1.088822487420693319e+00,7.742610374826969233e-01
5.000000000000000000e+00,3.000000000000000000e+00,4.000000000000000000e+00,-1.100000000000000000e+01,-8.739241085988605562e+01,5.215915102265788050e+01,5.876993637730060982e+02,0.000000000000000000e+00,1.005848625152280684e+00,8.121414942069451470e-01
5.000000000000000000e+00,3.000000000000000000e+00,4.000000000000000000e+00,-1.000000000000000000e+01,-8.890377914700820838e+01,8.037867462245741024e+01,5.838189117683334644e+02,0.000000000000000000e+00,9.284284517846065343e-01,8.520704173945774507e-01
5.000000000000000000e+00,4.000000000000000000e+00,-2.000000000000000000e+00,-1.300000000000000000e+01,-3.713036172607780827e+01,4.378193038286161709e+01,6.737333736950506591e+02,0.000000000000000000e+00,9.977570933181243440e-01,7.658316479359870144e-01
5.000000000000000000e+00,4.000000000000000000e+00,-2.000000000000000000e+00,-1.200000000000000000e+01,-3.466265106775244931e+01,7.951442829550620672e+01,6.666694383220860800e+02,0.000000000000000000e+00,9.060708405797306408e-01,8.058653073032566727e-01
5.000000000000000000e+00,4.000000000000000000e+00,-1.000000000000000000e+00,-1.400000000000000000e+01,-4.700131004035378623e+01,2.364396585052892874e+01,6.786940676621460398e+02,0.000000000000000000e+00,1.048042776096163031e+00,7.454999097893134641e-01
5.000000000000000000e+00,4.000000000000000000e+00,-1.000000000000000000e+00,-1.300000000000000000e+01,-4.515540287534187769e+01,6.211840923566160200e+01,6.703989800747858681e+02,0.000000000000000000e+00,9.508092571760089484e-01,7.854579472185591049e-01
5.000000000000000000e+00,4.000000000000000000e+00,-1.000000000000000000e+00,-1.200000000000000000e+01,-4.334254626384213793e+01,9.816257072307604403e+01,6.639130288147368901e+02,0.000000000000000000e+00,8.574290482545922076e-01,8.288287418842108512e-01
5.000000000000000000e+00,4.000000000000000000e+00,-1.000000000000000000e+00,-1.100000000000000000e+01,-4.156120244322599433e+01,1.323478149263625312e+02,6.589910213116552313e+02,0.000000000000000000e+00,7.682206970654070766e-01,8.758079779953388266e-01
5.000000000000000000e+00,4.000000000000000000e+00,-1.000000000000000000e+00,-1.000000000000000000e+01,-3.981077853256269350e+01,1.651407763636869106e+02,6.554548188031772042e+02,0.000000000000000000e+00,6.832208644362315342e-01,9.265027787641413326e-01
5.000000000000000000e+00,4.000000000000000000e+00,-1.000000000000000000e+00,-9.000000000000000000e+00,-3.809193246318409365e+01,1.969356956417891524e+02,6.531775600531813097e+02,0.000000000000000000e+00,6.022719115607890750e-01,9.808645154941757482e-01
5.000000000000000000e+00,4.000000000000000000e+00,-1.000000000000000000e+00,-8.000000000000000000e+00,-3.640716006440430874e+01,2.280783231066220083e+02,6.520733280004305925e+02,0.000000000000000000e+00,5.250859237639909916e-01,1.038592337459055326e+00
5.000000000000000000e+00,4.000000000000000000e+00,-1.000000000000000000e+00,-7.000000000000000000e+00,-3.476193670530543045e+01,2.588850361690454065e+02,6.520906781837954895e+02,0.000000000000000000e+00,4.512887570242898327e-01,1.099003409752439042e+00
5.000000000000000000e+00,4.000000000000000000e+00,-1.000000000000000000e+00,-6.000000000000000000e+00,-3.316706251549672402e+01,2.896602650026098900e+02,6.532092595857643573e+02,0.000000000000000000e+00,3.804466967403338229e-01,1.160874775926972857e+00
5.000000000000000000e+00,4.000000000000000000e+00,0.000000000000000000e+00,-1.400000000000000000e+01,-5.519471550790015613e+01,2.986579260525599011e+01,6.777141438421449493e+02,0.000000000000000000e+00,1.032361799842021144e+00,7.513791924440965664e-01
5.000000000000000000e+00,4.000000000000000000e+00,0.000000000000000000e+00,-1.300000000000000000e+01,-5.398996438889071214e+01,6.837924255671848073e+01,6.696211643912232603e+02,0.000000000000000000e+00,9.345420166820567198e-01,7.923431668499755220e-01
5.000000000000000000e+00,4.000000000000000000e+00,0.000000000000000000e+00,-1.200000000000000000e+01,-5.292640305008850987e+01,1.045824890439926094e+02,6.633263909820074105e+02,0.000000000000000000e+00,8.405550668463646069e-01,8.369307733096497115e-01
5.000000000000000000e+00,4.000000000000000000e+00,0.000000000000000000e+00,-1.100000000000000000e+01,-5.203283012375801775e+01,1.390567851307919796e+02,6.585954455657738436e+02,0.000000000000000000e+00,7.506492449952755219e-01,8.853837051751842768e-01
5.000000000000000000e+00,4.000000000000000000e+00,0.000000000000000000e+00,-1.000000000000000000e+01,-5.135158140337932764e+01,1.722909901471897740e+02,6.552616928712654953e+02,0.000000000000000000e+00,6.647833380779459844e-01,9.378617184396539352e-01
5.000000000000000000e+00,4.000000000000000000e+00,0.000000000000000000e+00,-9.000000000000000000e+00,-5.094622073691041919e+01,2.047186826912516722e+02,6.532123776750005391e+02,0.000000000000000000e+00,5.827033490405949534e-01,9.943726280798963479e-01
5.000000000000000000e+00,4.000000000000000000e+00,0.000000000000000000e+00,-8.000000000000000000e+00,-5.091548495885223247e+01,2.367519708497376882e+02,6.523812412105564817e+02,0.000000000000000000e+00,5.039877718031015030e-01,1.054669029877291164e+00
5.000000000000000000e+00,4.000000000000000000e+00,0.000000000000000000e+00,-7.000000000000000000e+00,-5.142040172961546318e+01,2.688211456586336681e+02,6.527475125281055170e+02,0.000000000000000000e+00,4.280559010269238129e-01,1.118105196404324930e+00
5.000000000000000000e+00,4.000000000000000000e+00,0.000000000000000000e+00,-6.000000000000000000e+00,-5.274220425362338460e+01,3.014380828184073948e+02,6.543442881931057400e+02,0.000000000000000000e+00,3.541173710013674758e-01,1.183456329609615443e+00
5.000000000000000000e+00,4.000000000000000000e+00,0.000000000000000000e+00,-5.000000000000000000e+00,-5.542344438851266375e+01,3.353341049628362498e+02,6.572881373240520588e+02,0.000000000000000000e+00,2.809856724384552917e-01,1.248723795845207762e+00
5.000000000000000000e+00,4.000000000000000000e+00,0.000000000000000000e+00,-4.000000000000000000e+00,-6.068972668648129343e+01,3.718714593670040358e+02,6.618795434900937380e+02,0.000000000000000000e+00,2.064336703364584857e-01,1.310988888733159996e+00
5.000000000000000000e+00,4.000000000000000000e+00,1.000000000000000000e+00,-1.400000000000000000e+01,-6.377679107552509663e+01,2.398757438182997248e+01,6.795236694308590586e+02,0.000000000000000000e+00,1.046777068882411843e+00,7.454999097893134641e-01
5.000000000000000000e+00,4.000000000000000000e+00,1.000000000000000000e+00,-1.300000000000000000e+01,-6.320184260967928935e+01,6.249118470386932245e+01,6.712097310960668892e+02,0.000000000000000000e+00,9.495179281083274692e-01,7.854579472185589939e-01
5.000000000000000000e+00,4.000000000000000000e+00,1.000000000000000000e+00,-1.200000000000000000e+01,-6.286656018984136551e+01,9.857012961539516027e+01,6.647117761491701913e+02,0.000000000000000000e+00,8.560994574431777249e-01,8.288287418842109622e-01
5.000000000000000000e+00,4.000000000000000000e+00,1.000000000000000000e+00,-1.100000000000000000e+01,-6.282363506849056023e+01,1.327976523779350373e+02,6.597842131417708060e+02,0.000000000000000000e+00,7.668371735915855414e-01,8.758079779953389377e-01
5.000000000000000000e+00,4.000000000000000000e+00,1.000000000000000000e+00,-1.000000000000000000e+01,-6.314722778072233211e+01,1.656429476308743460e+02,6.562489147564429004e+02,0.000000000000000000e+00,6.817635646833964946e-01,9.265027787641415546e-01
5.000000000000000000e+00,4.000000000000000000e+00,1.000000000000000000e+00,-9.000000000000000000e+00,-6.394381729736190323e+01,1.975039347382282529e+02,6.539794888949214737e+02,0.000000000000000000e+00,6.007149601993366783e-01,9.808645154941757482e-01
5.000000000000000000e+00,4.000000000000000000e+00,1.000000000000000000e+00,-8.000000000000000000e+00,-6.537041340242937792e+01,2.287319170470888139e+02,6.528910951994399738e+02,0.000000000000000000e+00,5.233943104018436987e-01,1.038592337459055326e+00
5.000000000000000000e+00,4.000000000000000000e+00,1.000000000000000000e+00,-7.000000000000000000e+00,-6.766646086272001526e+01,2.596521150065090637e+02,6.529343052184651697e+02,0.000000000000000000e+00,4.494129051839400590e-01,1.099003409752439264e+00
5.000000000000000000e+00,4.000000000000000000e+00,1.000000000000000000e+00,-6.000000000000000000e+00,-7.121256484705911305e+01,2.905839860325071982e+02,6.540924402942257530e+02,0.000000000000000000e+00,3.783122836524751009e-01,1.160874775926972857e+00
5.000000000000000000e+00,4.000000000000000000e+00,1.000000000000000000e+00,-5.000000000000000000e+00,-7.664481797868342028e+01,3.218676252569435405e+02,6.563830080866943035e+02,0.000000000000000000e+00,3.095620706621231566e-01,1.222281502192820168e+00
5.000000000000000000e+00,4.000000000000000000e+00,1.000000000000000000e+00,-4.000000000000000000e+00,-8.509117161038362553e+01,3.539125481391120047e+02,6.598667681777235430e+02,0.000000000000000000e+00,2.425118193096595098e-01,1.280488897659129099e+00
5.000000000000000000e+00,4.000000000000000000e+00,2.000000000000000000e+00,-1.300000000000000000e+01,-7.237149429026055714e+01,4.449822068729673674e+01,6.753712124340722767e+02,0.000000000000000000e+00,9.952019309659043689e-01,7.658316479359871254e-01
5.000000000000000000e+00,4.000000000000000000e+00,2.000000000000000000e+00,-1.200000000000000000e+01,-7.264032626262773817e+01,8.029180436834724333e+01,6.682777572518555189e+02,0.000000000000000000e+00,9.034549008050897223e-01,8.058653073032568948e-01
5.000000000000000000e+00,4.000000000000000000e+00,2.000000000000000000e+00,-1.100000000000000000e+01,-7.327278087877078860e+01,1.138924242490762424e+02,6.627804531237349011e+02,0.000000000000000000e+00,8.160176256168036879e-01,8.488435895980964707e-01
5.000000000000000000e+00,4.000000000000000000e+00,2.000000000000000000e+00,-1.000000000000000000e+01,-7.434857368741327832e+01,1.457316313522344728e+02,6.586710488820986029e+02,0.000000000000000000e+00,7.331133555269339075e-01,8.947525188540308427e-01
5.000000000000000000e+00,4.000000000000000000e+00,2.000000000000000000e+00,-9.000000000000000000e+00,-7.597433621886909805e+01,1.761367992513754075e+02,6.557904128227185083e+02,0.000000000000000000e+00,6.547925936756080478e-01,9.434208537025988717e-01
5.000000000000000000e+00,4.000000000000000000e+00,2.000000000000000000e+00,-8.000000000000000000e+00,-7.829357538754743473e+01,2.053438785325964773e+02,6.540136816932099464e+02,0.000000000000000000e+00,5.810226557583150209e-01,9.944430284392173913e-01
5.000000000000000000e+00,4.000000000000000000e+00,2.000000000000000000e+00,-7.000000000000000000e+00,-8.149995341746247846e+01,2.334960173499339362e+02,6.532374256531101082e+02,0.000000000000000000e+00,5.117709498490460307e-01,1.047083691456857535e+00
5.000000000000000000e+00,4.000000000000000000e+00,2.000000000000000000e+00,-6.000000000000000000e+00,-8.585318116202766703e+01,2.606244716541105504e+02,6.533661313305339036e+02,0.000000000000000000e+00,4.470955487162494024e-01,1.100172951081846984e+00
5.000000000000000000e+00,4.000000000000000000e+00,3.000000000000000000e+00,-1.300000000000000000e+01,-8.119570462783737241e+01,1.439059817001697184e+01,6.827192022196202288e+02,0.000000000000000000e+00,1.069988839313906537e+00,7.361555290957325637e-01
5.000000000000000000e+00,4.000000000000000000e+00,3.000000000000000000e+00,-1.200000000000000000e+01,-8.189607163560886249e+01,5.006530437347558404e+01,6.746320679785435459e+02,0.000000000000000000e+00,9.809053260547434538e-01,7.714991240751283286e-01
5.000000000000000000e+00,4.000000000000000000e+00,3.000000000000000000e+00,-1.100000000000000000e+01,-8.297683311347651625e+01,8.305233033634092976e+01,6.682173109463799392e+02,0.000000000000000000e+00,8.961541061046364165e-01,8.089557540334944008e-01
5.000000000000000000e+00,4.000000000000000000e+00,3.000000000000000000e+00,-1.000000000000000000e+01,-8.450354366913828130e+01,1.137736380306602086e+02,6.632246643277223939e+02,0.000000000000000000e+00,8.162069662087907407e-01,8.483934930231313842e-01
5.000000000000000000e+00,4.000000000000000000e+00,3.000000000000000000e+00,-9.000000000000000000e+00,-8.655670037894819302e+01,1.425192481294576794e+02,6.594565004887831492e+02,0.000000000000000000e+00,7.413527188151302072e-01,8.895375226241772904e-01
5.000000000000000000e+00,5.000000000000000000e+00,-2.000000000000000000e+00,-1.000000000000000000e+01,-3.687569494374375267e+01,1.409087252578565028e+02,7.622231479809179291e+02,0.000000000000000000e+00,7.171198477593465626e-01,8.119344187191989137e-01
5.000000000000000000e+00,5.000000000000000000e+00,-2.000000000000000000e+00,-9.000000000000000000e+00,-3.473498577227550754e+01,1.741487130516024706e+02,7.577411129919249788e+02,0.000000000000000000e+00,6.372607712223320453e-01,8.477760715692074234e-01
5.000000000000000000e+00,5.000000000000000000e+00,-1.000000000000000000e+00,-1.000000000000000000e+01,-4.765796994411391552e+01,1.633166411843133687e+02,7.595798457926680385e+02,0.000000000000000000e+00,6.630759196875604111e-01,8.354359281942316251e-01
5.000000000000000000e+00,5.000000000000000000e+00,-1.000000000000000000e+00,-9.000000000000000000e+00,-4.676606521529038218e+01,1.983554453788142951e+02,7.561168387037614593e+02,0.000000000000000000e+00,5.794942788901107367e-01,8.746356043701366545e-01
5.000000000000000000e+00,5.000000000000000000e+00,-1.000000000000000000e+00,-8.000000000000000000e+00,-4.614994848644167291e+01,2.330558309341699896e+02,7.546059960014955550e+02,0.000000000000000000e+00,4.983552292019587382e-01,9.148258131498815393e-01
5.000000000000000000e+00,5.000000000000000000e+00,-1.000000000000000000e+00,-7.000000000000000000e+00,-4.593503962424014730e+01,2.680503799997416081e+02,7.550387548833637084e+02,0.000000000000000000e+00,4.189723441384131108e-01,9.553060913548089284e-01
5.000000000000000000e+00,5.000000000000000000e+00,-1.000000000000000000e+00,-6.000000000000000000e+00,-4.635501348790424458e+01,3.041846913318865404e+02,7.575388288718556851e+02,0.000000000000000000e+00,3.401895039716997804e-01,9.951080693195578641e-01
5.000000000000000000e+00,5.000000000000000000e+00,-1.000000000000000000e+00,-5.000000000000000000e+00,-4.791078297769286110e+01,3.428999645826140750e+02,7.624842600316028438e+02,0.000000000000000000e+00,2.598150457791680856e-01,1.032977722129807541e+00
5.000000000000000000e+00,5.000000000000000000e+00,0.000000000000000000e+00,-1.100000000000000000e+01,-5.935483674866659953e+01,1.348120630669693014e+02,7.643682370636147425e+02,0.000000000000000000e+00,7.314192706099671426e-01,8.049143593953519416e-01
5.000000000000000000e+00,5.000000000000000000e+00,0.000000000000000000e+00,-1.000000000000000000e+01,-5.937782032940694421e+01,1.712804858847365779e+02,7.591864176021169897e+02,0.000000000000000000e+00,6.438355447703159040e-01,8.437352239018330868e-01
5.000000000000000000e+00,5.000000000000000000e+00,0.000000000000000000e+00,-9.000000000000000000e+00,-5.987389516519168353e+01,2.071073936626791010e+02,7.561122655420397223e+02,0.000000000000000000e+00,5.587270103708598112e-01,8.841725082514972911e-01
5.000000000000000000e+00,5.000000000000000000e+00,0.000000000000000000e+00,-8.000000000000000000e+00,-6.103460018752892324e+01,2.429738461044925373e+02,7.550854638896580582e+02,0.000000000000000000e+00,4.754906066293461131e-01,9.257556086649580962e-01
5.000000000000000000e+00,5.000000000000000000e+00,0.000000000000000000e+00,-7.000000000000000000e+00,-6.318988154241961297e+01,2.797388607116666321e+02,7.561789172453319452e+02,0.000000000000000000e+00,3.930451347870305145e-01,9.677722308036533772e-01
5.000000000000000000e+00,5.000000000000000000e+00,0.000000000000000000e+00,-6.000000000000000000e+00,-6.697272356122716985e+01,3.187541833590979650e+02,7.596924974350631601e+02,0.000000000000000000e+00,3.093890954765148305e-01,1.009221808760968786e+00
5.000000000000000000e+00,5.000000000000000000e+00,1.000000000000000000e+00,-1.000000000000000000e+01,-7.103090936355854979e+01,1.640752110016720451e+02,7.606111035903404627e+02,0.000000000000000000e+00,6.609475109977853702e-01,8.354359281942317361e-01
5.000000000000000000e+00,5.000000000000000000e+00,1.000000000000000000e+00,-9.000000000000000000e+00,-7.266526787290462153e+01,1.992247596613717917e+02,7.571718942312224954e+02,0.000000000000000000e+00,5.771954828644214608e-01,8.746356043701365435e-01
5.000000000000000000e+00,5.000000000000000000e+00,1.000000000000000000e+00,-8.000000000000000000e+00,-7.517754178346429228e+01,2.340744740560781452e+02,7.557028678513141813e+02,0.000000000000000000e+00,4.958184275173994071e-01,9.148258131498817614e-01
5.000000000000000000e+00,5.000000000000000000e+00,1.000000000000000000e+00,-7.000000000000000000e+00,-7.893265083080234490e+01,2.692803558925214134e+02,7.562033220707406826e+02,0.000000000000000000e+00,4.160916856470771030e-01,9.553060913548089284e-01
5.000000000000000000e+00,5.000000000000000000e+00,1.000000000000000000e+00,-6.000000000000000000e+00,-8.454732575876090550e+01,3.057364530332292247e+02,7.588138350399624414e+02,0.000000000000000000e+00,3.367802381617406859e-01,9.951080693195578641e-01
5.000000000000000000e+00,5.000000000000000000e+00,2.000000000000000000e+00,-1.000000000000000000e+01,-8.182426897632528551e+01,1.423158709325614950e+02,7.642706275452528644e+02,0.000000000000000000e+00,7.130251553334799874e-01,8.119344187191989137e-01
5.000000000000000000e+00,5.000000000000000000e+00,2.000000000000000000e+00,-9.000000000000000000e+00,-8.412689098282399414e+01,1.757298249671778478e+02,7.598154488057009530e+02,0.000000000000000000e+00,6.329071544249257331e-01,8.477760715692075344e-01
5.000000000000000000e+00,5.000000000000000000e+00,2.000000000000000000e+00,-8.000000000000000000e+00,-8.728055352430618541e+01,2.080518155524574695e+02,7.571714084054374325e+02,0.000000000000000000e+00,5.562783638168322664e-01,8.842219995396642940e-01
5.000000000000000000e+00,-3.000000000000000000e+00,0.000000000000000000e+00,-2.000000000000000000e+00,-6.266321027586027981e+01,4.283519527365877479e+02,1.843280187373751460e+02,1.000000000000000000e+00,9.535338884187254116e-02,1.843511800489819663e+00
5.000000000000000000e+00,-2.000000000000000000e+00,0.000000000000000000e+00,-1.000000000000000000e+00,-5.623719134557913435e+01,4.517176136292554247e+02,2.567719528124890758e+02,1.000000000000000000e+00,4.987260367530686050e-02,2.821261117625471382e+00
5.000000000000000000e+00,2.000000000000000000e+00,0.000000000000000000e+00,-1.000000000000000000e+00,-5.393536133384000664e+01,4.519704818276342735e+02,5.051357018728735966e+02,1.000000000000000000e+00,4.983004396805121305e-02,2.821261117625471382e+00
5.000000000000000000e+00,3.000000000000000000e+00,0.000000000000000000e+00,-2.000000000000000000e+00,-6.094141936438704477e+01,4.287651402329125858e+02,5.775726294644811105e+02,1.000000000000000000e+00,9.528068505860293191e-02,1.843511800489819441e+00
5.000000000000000000e+00,5.000000000000000000e+00,-1.000000000000000000e+00,-3.000000000000000000e+00,-6.896425096272012922e+01,4.592627560049892281e+02,7.599245180149428052e+02,1.000000000000000000e+00,3.485883857081169268e-02,1.096689555803326499e+00
5.000000000000000000e+00,-5.000000000000000000e+00,-2.000000000000000000e+00,-2.000000000000000000e+00,-7.966429426447012929e+01,5.611989167358941586e+02,9.871252088880908104e+00,1.000000000000000000e+00,1.717009107221523778e-01,1.064464291402899665e+00
5.000000000000000000e+00,-5.000000000000000000e+00,-2.000000000000000000e+00,-1.000000000000000000e+00,-6.144783044153945184e+01,5.415353014252511912e+02,9.288778002153605939e+00,1.000000000000000000e+00,1.310227416920179688e-01,1.076624466318596651e+00
5.000000000000000000e+00,-5.000000000000000000e+00,-2.000000000000000000e+00,1.000000000000000000e+00,-3.382762297941957286e+01,5.415069124916954024e+02,9.279595688322729075e+00,1.000000000000000000e+00,1.309641125406939555e-01,1.076624466318596429e+00
5.000000000000000000e+00,-4.000000000000000000e+00,-4.000000000000000000e+00,0.000000000000000000e+00,-8.224239800869418104e+01,7.173167343356743686e+02,9.829418853372169451e+01,1.000000000000000000e+00,5.193169100312609032e-01,1.039820646312734187e+00
5.000000000000000000e+00,-4.000000000000000000e+00,-4.000000000000000000e+00,1.000000000000000000e+00,-7.529782769596891967e+01,7.194231233544253428e+02,9.793475104060968306e+01,1.000000000000000000e+00,5.240455420568181921e-01,1.036125868726030186e+00
5.000000000000000000e+00,-4.000000000000000000e+00,-4.000000000000000000e+00,2.000000000000000000e+00,-6.855827204231121641e+01,7.256872283584946217e+02,9.684488532501501368e+01,1.000000000000000000e+00,5.381035475837864235e-01,1.025273459969367140e+00
5.000000000000000000e+00,-4.000000000000000000e+00,-4.000000000000000000e+00,3.000000000000000000e+00,-6.216233260075784983e+01,7.359475009892104254e+02,9.497535202670394483e+01,1.000000000000000000e+00,5.611061828081045366e-01,1.007920025980871825e+00
5.000000000000000000e+00,-4.000000000000000000e+00,-4.000000000000000000e+00,4.000000000000000000e+00,-5.618883129786843256e+01,7.499897708770395184e+02,9.224739951626639822e+01,1.000000000000000000e+00,5.925136625850454530e-01,9.850417624850428266e-01
5.000000000000000000e+00,-4.000000000000000000e+00,-4.000000000000000000e+00,5.000000000000000000e+00,-5.066307981922531667e+01,7.676063762245200905e+02,8.855511451393914513e+01,1.000000000000000000e+00,6.317347237923515157e-01,9.577945028864699450e-01
5.000000000000000000e+00,-4.000000000000000000e+00,-4.000000000000000000e+00,6.000000000000000000e+00,-4.557180212193941315e+01,7.886489535050097857e+02,8.376520563224767102e+01,1.000000000000000000e+00,6.782084831281700588e-01,9.273744547201294708e-01
5.000000000000000000e+00,-4.000000000000000000e+00,-3.000000000000000000e+00,0.000000000000000000e+00,-8.053981980645738759e+01,6.479914210405535187e+02,1.077791251476930370e+02,1.000000000000000000e+00,3.641211496291426042e-01,1.171582715165016664e+00
5.000000000000000000e+00,-4.000000000000000000e+00,-3.000000000000000000e+00,1.000000000000000000e+00,-7.142966641819248252e+01,6.506637733698993316e+02,1.075258165932671091e+02,1.000000000000000000e+00,3.700640854931186441e-01,1.166305444849937256e+00
5.000000000000000000e+00,-4.000000000000000000e+00,-3.000000000000000000e+00,2.000000000000000000e+00,-6.300509682789731869e+01,6.584945888374450078e+02,1.067425856864600178e+02,1.000000000000000000e+00,3.875076205653120165e-01,1.150891484959664091e+00
5.000000000000000000e+00,-4.000000000000000000e+00,-3.000000000000000000e+00,3.000000000000000000e+00,-5.547179012951568211e+01,6.709888326172489315e+02,1.053517399032447770e+02,1.000000000000000000e+00,4.154167094140133742e-01,1.126506103474143483e+00
5.000000000000000000e+00,-4.000000000000000000e+00,-3.000000000000000000e+00,4.000000000000000000e+00,-4.885250808862068084e+01,6.875374305453452735e+02,1.032440260708547157e+02,1.000000000000000000e+00,4.524942651018455386e-01,1.094831744208387025e+00
5.000000000000000000e+00,-4.000000000000000000e+00,-3.000000000000000000e+00,5.000000000000000000e+00,-4.305931222681476811e+01,7.075886857921059345e+02,1.002930205930138641e+02,1.000000000000000000e+00,4.975147741116871525e-01,1.057778690001951016e+00
5.000000000000000000e+00,-4.000000000000000000e+00,-3.000000000000000000e+00,6.000000000000000000e+00,-3.796185482753207907e+01,7.307441473269534526e+02,9.636013683918054085e+01,1.000000000000000000e+00,5.494986187695880542e-01,1.017222387008035689e+00
5.000000000000000000e+00,-4.000000000000000000e+00,-3.000000000000000000e+00,7.000000000000000000e+00,-3.342844789193239308e+01,7.567897824456521221e+02,9.129107371889244860e+01,1.000000000000000000e+00,6.077463115744279332e-01,9.748202101064706859e-01
5.000000000000000000e+00,-4.000000000000000000e+00,-2.000000000000000000e+00,-1.000000000000000000e+00,-8.730889247585179191e+01,5.828645450347235055e+02,1.117337507622638100e+02,1.000000000000000000e+00,2.213520860963178183e-01,1.296505021736512608e+00
5.000000000000000000e+00,-4.000000000000000000e+00,-2.000000000000000000e+00,0.000000000000000000e+00,-7.271053323519822698e+01,5.785979077915596918e+02,1.117885967228094728e+02,1.000000000000000000e+00,2.121633100279013140e-01,1.303765941166156184e+00
5.000000000000000000e+00,-4.000000000000000000e+00,-2.000000000000000000e+00,1.000000000000000000e+00,-5.976171027437322891e+01,5.828533466429806822e+02,1.117280661042146903e+02,1.000000000000000000e+00,2.213277609344928010e-01,1.296505021736512830e+00
5.000000000000000000e+00,-4.000000000000000000e+00,-2.000000000000000000e+00,2.000000000000000000e+00,-4.940934490106550925e+01,5.947326171105473804e+02,1.114510024202376144e+02,1.000000000000000000e+00,2.470302542683355251e-01,1.275429173815150863e+00
5.000000000000000000e+00,-4.000000000000000000e+00,-2.000000000000000000e+00,3.000000000000000000e+00,-4.145477296274484047e+01,6.123287016786078993e+02,1.107363049514038380e+02,1.000000000000000000e+00,2.854065666557004111e-01,1.242477119971894917e+00
5.000000000000000000e+00,-4.000000000000000000e+00,-2.000000000000000000e+00,4.000000000000000000e+00,-3.527346118834879007e+01,6.339146006341716202e+02,1.093656413812128108e+02,1.000000000000000000e+00,3.329292085194611728e-01,1.200359332483796004e+00
5.000000000000000000e+00,-3.000000000000000000e+00,-5.000000000000000000e+00,0.000000000000000000e+00,-8.742357995173165364e+01,7.872210576659670096e+02,1.716762465255029610e+02,1.000000000000000000e+00,6.884263553422609316e-01,1.015866907217493509e+00
5.000000000000000000e+00,-3.000000000000000000e+00,-5.000000000000000000e+00,1.000000000000000000e+00,-8.180839432898545738e+01,7.889952556885709782e+02,1.713774622274104331e+02,1.000000000000000000e+00,6.924932897511731911e-01,1.012420800359156381e+00
5.000000000000000000e+00,-3.000000000000000000e+00,-4.000000000000000000e+00,1.000000000000000000e+00,-8.236656662641581761e+01,7.183611640197343604e+02,1.819062616572943796e+02,1.000000000000000000e+00,5.294422274708086018e-01,1.175913922552770607e+00
5.000000000000000000e+00,-3.000000000000000000e+00,-4.000000000000000000e+00,2.000000000000000000e+00,-7.548753497118457290e+01,7.242465264967585199e+02,1.811895109900580962e+02,1.000000000000000000e+00,5.430590656647685810e-01,1.160121013770316178e+00
5.000000000000000000e+00,-3.000000000000000000e+00,-4.000000000000000000e+00,3.000000000000000000e+00,-6.887368928025006198e+01,7.338931101074712160e+02,1.799624617903623403e+02,1.000000000000000000e+00,5.653883490596104400e-01,1.135156927752549727e+00
5.000000000000000000e+00,-3.000000000000000000e+00,-4.000000000000000000e+00,4.000000000000000000e+00,-6.262816472107263621e+01,7.471051426329295282e+02,1.781762448023636125e+02,1.000000000000000000e+00,5.959696825662129660e-01,1.102768097972048444e+00
5.000000000000000000e+00,-3.000000000000000000e+00,-4.000000000000000000e+00,5.000000000000000000e+00,-5.680063149410455026e+01,7.636876169759783579e+02,1.757651976371195417e+02,1.000000000000000000e+00,6.343011126694986235e-01,1.064931035226127420e+00
5.000000000000000000e+00,-3.000000000000000000e+00,-4.000000000000000000e+00,6.000000000000000000e+00,-5.139818207050547016e+01,7.834927005558952260e+02,1.726469944675657473e+02,1.000000000000000000e+00,6.799131649811659406e-01,1.023578328183615938e+00
5.000000000000000000e+00,-3.000000000000000000e+00,-3.000000000000000000e+00,1.000000000000000000e+00,-8.085536311546343313e+01,6.541217691301126251e+02,1.883528757650618104e+02,1.000000000000000000e+00,3.819322462610354463e-01,1.377705634345307351e+00
5.000000000000000000e+00,-3.000000000000000000e+00,-3.000000000000000000e+00,2.000000000000000000e+00,-7.208233331267871336e+01,6.613574142885788660e+02,1.878237395209365559e+02,1.000000000000000000e+00,3.983953210051789928e-01,1.352495582845116173e+00
5.000000000000000000e+00,-3.000000000000000000e+00,-3.000000000000000000e+00,3.000000000000000000e+00,-6.404266190057580843e+01,6.729509407597224708e+02,1.868912185321410391e+02,1.000000000000000000e+00,4.248741536636682081e-01,1.313389016646723473e+00
5.000000000000000000e+00,-3.000000000000000000e+00,-3.000000000000000000e+00,4.000000000000000000e+00,-5.684233916967254174e+01,6.883800023319295178e+02,1.854887561416857409e+02,1.000000000000000000e+00,4.602793949068329504e-01,1.263932178192650690e+00
5.000000000000000000e+00,-3.000000000000000000e+00,-3.000000000000000000e+00,5.000000000000000000e+00,-5.045846121515100435e+01,7.071552949866980953e+02,1.835380550378686735e+02,1.000000000000000000e+00,5.035620671397980086e-01,1.207856812127471535e+00
5.000000000000000000e+00,-3.000000000000000000e+00,-3.000000000000000000e+00,6.000000000000000000e+00,-4.480050746494390523e+01,7.289070061993950276e+02,1.809525151769008744e+02,1.000000000000000000e+00,5.538729253980909650e-01,1.148495370155448114e+00
5.000000000000000000e+00,-3.000000000000000000e+00,-3.000000000000000000e+00,7.000000000000000000e+00,-3.975611348268421352e+01,7.534188466040715184e+02,1.776358121644983044e+02,1.000000000000000000e+00,6.106080873776951190e-01,1.088482344286419101e+00
5.000000000000000000e+00,-3.000000000000000000e+00,-3.000000000000000000e+00,8.000000000000000000e+00,-3.521610899117993654e+01,7.806331004296220044e+02,1.734769795700708528e+02,1.000000000000000000e+00,6.733854799616636466e-01,1.029699031862462144e+00
5.000000000000000000e+00,-3.000000000000000000e+00,-2.000000000000000000e+00,0.000000000000000000e+00,-8.782176346942401324e+01,5.895218477113552353e+02,1.915147522499651416e+02,1.000000000000000000e+00,2.376418017685835715e-01,1.622206320086717835e+00
5.000000000000000000e+00,-3.000000000000000000e+00,-2.000000000000000000e+00,1.000000000000000000e+00,-7.437974567188291530e+01,5.931517018140884829e+02,1.914450791859100036e+02,1.000000000000000000e+00,2.456044016905870320e-01,1.608283362108933856e+00
5.000000000000000000e+00,-3.000000000000000000e+00,-2.000000000000000000e+00,2.000000000000000000e+00,-6.275472032622614904e+01,6.034487423157257808e+02,1.911923818811262663e+02,1.000000000000000000e+00,2.682938609169628341e-01,1.568571503429651903e+00
5.000000000000000000e+00,-3.000000000000000000e+00,-2.000000000000000000e+00,3.000000000000000000e+00,-5.326550442922280126e+01,6.190554901094330944e+02,1.906436100891841079e+02,1.000000000000000000e+00,3.029589783734145669e-01,1.508457484862359532e+00
5.000000000000000000e+00,-3.000000000000000000e+00,-2.000000000000000000e+00,4.000000000000000000e+00,-4.563123434946464840e+01,6.386085470411290999e+02,1.896750982217297690e+02,1.000000000000000000e+00,3.468270751674482066e-01,1.434837080645533280e+00
5.000000000000000000e+00,-3.000000000000000000e+00,-2.000000000000000000e+00,5.000000000000000000e+00,-3.941258897646889636e+01,6.611201579523300325e+02,1.881783293050827126e+02,1.000000000000000000e+00,3.978680875398949435e-01,1.354321388342073273e+00
5.000000000000000000e+00,-3.000000000000000000e+00,-2.000000000000000000e+00,6.000000000000000000e+00,-3.422329344816429852e+01,6.860054983825660884e+02,1.860589558437134770e+02,1.000000000000000000e+00,4.548374452143796320e-01,1.272170323036664330e+00
5.000000000000000000e+00,-3.000000000000000000e+00,-1.000000000000000000e+00,0.000000000000000000e+00,-7.220876398867011403e+01,5.240311382777547351e+02,1.911851589556310387e+02,1.000000000000000000e+00,9.738418949983987383e-02,1.838469701643683507e+00
5.000000000000000000e+00,-3.000000000000000000e+00,-1.000000000000000000e+00,1.000000000000000000e+00,-4.980033694541958766e+01,5.321841788588274085e+02,1.914593389148175504e+02,1.000000000000000000e+00,1.144827390050367488e-01,1.818276712254362826e+00
5.000000000000000000e+00,-3.000000000000000000e+00,-1.000000000000000000e+00,2.000000000000000000e+00,-3.757338019202771306e+01,5.514008781987432712e+02,1.918919306453592810e+02,1.000000000000000000e+00,1.551983799871727299e-01,1.761469711820365935e+00
5.000000000000000000e+00,-2.000000000000000000e+00,-5.000000000000000000e+00,1.000000000000000000e+00,-8.574257418815659548e+01,7.837856062707733145e+02,2.469647032272159208e+02,1.000000000000000000e+00,6.876441983185711537e-01,1.099745535445001865e+00
5.000000000000000000e+00,-2.000000000000000000e+00,-5.000000000000000000e+00,2.000000000000000000e+00,-8.007787209810646800e+01,7.888994184789196424e+02,2.464170464322607188e+02,1.000000000000000000e+00,6.996745878096264359e-01,1.086794465950368105e+00
5.000000000000000000e+00,-2.000000000000000000e+00,-4.000000000000000000e+00,1.000000000000000000e+00,-8.719477661632913623e+01,7.155847912565772049e+02,2.534789718419838209e+02,1.000000000000000000e+00,5.267937012547871944e-01,1.319450328058119570e+00
5.000000000000000000e+00,-2.000000000000000000e+00,-4.000000000000000000e+00,2.000000000000000000e+00,-8.022651656303406753e+01,7.212664084429312652e+02,2.530407770267937622e+02,1.000000000000000000e+00,5.401628733626150369e-01,1.297254789781998818e+00
5.000000000000000000e+00,-2.000000000000000000e+00,-4.000000000000000000e+00,3.000000000000000000e+00,-7.347088959564212018e+01,7.305784858646866269e+02,2.522916417316175455e+02,1.000000000000000000e+00,5.621059804429688889e-01,1.262627874016437834e+00
5.000000000000000000e+00,-2.000000000000000000e+00,-4.000000000000000000e+00,4.000000000000000000e+00,-6.704654121537053868e+01,7.433301635765299125e+02,2.512025372333847599e+02,1.000000000000000000e+00,5.921985048388508366e-01,1.218499975508706257e+00
5.000000000000000000e+00,-2.000000000000000000e+00,-4.000000000000000000e+00,5.000000000000000000e+00,-6.101895720315383187e+01,7.593281647353363724e+02,2.497345723183180155e+02,1.000000000000000000e+00,6.299808345880277827e-01,1.168023004573177648e+00
5.000000000000000000e+00,-2.000000000000000000e+00,-4.000000000000000000e+00,6.000000000000000000e+00,-5.540870664515765043e+01,7.784204006398983893e+02,2.478392052253400664e+02,1.000000000000000000e+00,6.750295431685491288e-01,1.114089210426606025e+00
5.000000000000000000e+00,-2.000000000000000000e+00,-3.000000000000000000e+00,1.000000000000000000e+00,-8.720578543266640281e+01,6.535585915504443619e+02,2.575258767739896939e+02,1.000000000000000000e+00,3.824713545525670888e-01,1.626359699151217031e+00
5.000000000000000000e+00,-2.000000000000000000e+00,-3.000000000000000000e+00,2.000000000000000000e+00,-7.821736719478917621e+01,6.605203454614609200e+02,2.571996707882636315e+02,1.000000000000000000e+00,3.984788022016908515e-01,1.585327775642969783e+00
5.000000000000000000e+00,-2.000000000000000000e+00,-3.000000000000000000e+00,3.000000000000000000e+00,-6.985835248928727026e+01,6.716870832311475397e+02,2.566264744482221545e+02,1.000000000000000000e+00,4.242717814055277925e-01,1.523342148235413251e+00
5.000000000000000000e+00,-2.000000000000000000e+00,-3.000000000000000000e+00,4.000000000000000000e+00,-6.228568809442840859e+01,6.865654023585966570e+02,2.557666841892624063e+02,1.000000000000000000e+00,4.588408612691123878e-01,1.447628948128034665e+00
5.000000000000000000e+00,-2.000000000000000000e+00,-3.000000000000000000e+00,5.000000000000000000e+00,-5.551793419110013872e+01,7.046866111492888649e+02,2.545736085876856691e+02,1.000000000000000000e+00,5.012106283203823232e-01,1.365062681279440637e+00
5.000000000000000000e+00,-2.000000000000000000e+00,-3.000000000000000000e+00,6.000000000000000000e+00,-4.949125883594530251e+01,7.256888246690541564e+02,2.529956672641771149e+02,1.000000000000000000e+00,5.505924441448500906e-01,1.281060660614969482e+00
5.000000000000000000e+00,-2.000000000000000000e+00,-3.000000000000000000e+00,7.000000000000000000e+00,-4.410721519363485754e+01,7.493508153649470387e+02,2.509757770301850712e+02,1.000000000000000000e+00,6.064330755886022661e-01,1.199309940341452441e+00
5.000000000000000000e+00,-2.000000000000000000e+00,-3.000000000000000000e+00,8.000000000000000000e+00,-3.926196469417064350e+01,7.755979322466064332e+02,2.484486894619353734e+02,1.000000000000000000e+00,6.683978952178076804e-01,1.121994532226096242e+00
5.000000000000000000e+00,-2.000000000000000000e+00,-2.000000000000000000e+00,1.000000000000000000e+00,-8.381535110622559159e+01,5.952332393570454769e+02,2.595510037515451813e+02,1.000000000000000000e+00,2.509282904778824541e-01,2.050546919938734280e+00
5.000000000000000000e+00,-2.000000000000000000e+00,-2.000000000000000000e+00,2.000000000000000000e+00,-7.148604622701456890e+01,6.049750446832729267e+02,2.593853762711029844e+02,1.000000000000000000e+00,2.725544628667346259e-01,1.970083524970085653e+00
5.000000000000000000e+00,-2.000000000000000000e+00,-2.000000000000000000e+00,3.000000000000000000e+00,-6.110458106739821460e+01,6.198296836432821237e+02,2.590373473996020266e+02,1.000000000000000000e+00,3.058083324222731769e-01,1.854748909440258942e+00
5.000000000000000000e+00,-2.000000000000000000e+00,-2.000000000000000000e+00,4.000000000000000000e+00,-5.258866021661594914e+01,6.385472913806353290e+02,2.584346260468244054e+02,1.000000000000000000e+00,3.481651338254449501e-01,1.722743055233172171e+00
5.000000000000000000e+00,-2.000000000000000000e+00,-2.000000000000000000e+00,5.000000000000000000e+00,-4.558800576532240711e+01,6.601909518750851475e+02,2.575122871729413419e+02,1.000000000000000000e+00,3.977257386988656274e-01,1.588270389634448110e+00
5.000000000000000000e+00,-2.000000000000000000e+00,-2.000000000000000000e+00,6.000000000000000000e+00,-3.973651646560318795e+01,6.841840407651825444e+02,2.562132984186965814e+02,1.000000000000000000e+00,4.533013783808316211e-01,1.460044303336359706e+00
5.000000000000000000e+00,-2.000000000000000000e+00,-2.000000000000000000e+00,7.000000000000000000e+00,-3.473694131756670345e+01,7.102404006646883090e+02,2.544832110193201800e+02,1.000000000000000000e+00,5.142555225528867568e-01,1.342305798610880840e+00
5.000000000000000000e+00,-2.000000000000000000e+00,-1.000000000000000000e+00,1.000000000000000000e+00,-6.846985623120249898e+01,5.396018413629082033e+02,2.598150270114803106e+02,1.000000000000000000e+00,1.303372950761660654e-01,2.550858347630301726e+00
5.000000000000000000e+00,-2.000000000000000000e+00,-1.000000000000000000e+00,2.000000000000000000e+00,-5.195207494874031795e+01,5.564091426569622172e+02,2.599966348226112132e+02,1.000000000000000000e+00,1.662390053749313590e-01,2.400718664967592009e+00
5.000000000000000000e+00,-2.000000000000000000e+00,-1.000000000000000000e+00,3.000000000000000000e+00,-4.158437723270404263e+01,5.783724912304458030e+02,2.600083672912120392e+02,1.000000000000000000e+00,2.138517184515213165e-01,2.200345902163694412e+00
5.000000000000000000e+00,-2.000000000000000000e+00,-1.000000000000000000e+00,4.000000000000000000e+00,-3.455297283648448570e+01,6.029204289438472415e+02,2.597182923683258764e+02,1.000000000000000000e+00,2.679832534531549348e-01,1.988886056878435227e+00
5.000000000000000000e+00,-1.000000000000000000e+00,-5.000000000000000000e+00,1.000000000000000000e+00,-8.805990284492162345e+01,7.803463161293963140e+02,3.148421347224106057e+02,1.000000000000000000e+00,6.829337730948329410e-01,1.164399360738576972e+00
5.000000000000000000e+00,-1.000000000000000000e+00,-5.000000000000000000e+00,2.000000000000000000e+00,-8.237170698836592919e+01,7.853557390894299033e+02,3.145776919100690066e+02,1.000000000000000000e+00,6.948860291818578228e-01,1.149059861390869797e+00
5.000000000000000000e+00,-1.000000000000000000e+00,-4.000000000000000000e+00,2.000000000000000000e+00,-8.301661786912666230e+01,7.189619595791219808e+02,3.179127642780184715e+02,1.000000000000000000e+00,5.365102069849669864e-01,1.407261932432194662e+00
5.000000000000000000e+00,-1.000000000000000000e+00,-4.000000000000000000e+00,3.000000000000000000e+00,-7.618137211488658522e+01,7.281040771768127797e+02,3.175506742247848138e+02,1.000000000000000000e+00,5.582443374486444343e-01,1.363365530589261576e+00
5.000000000000000000e+00,-1.000000000000000000e+00,-4.000000000000000000e+00,4.000000000000000000e+00,-6.965510462186750829e+01,7.406193146753544170e+02,3.170251693455963959e+02,1.000000000000000000e+00,5.880666259555369368e-01,1.308283548326564016e+00
5.000000000000000000e+00,-1.000000000000000000e+00,-4.000000000000000000e+00,5.000000000000000000e+00,-6.351242522277578928e+01,7.563136002206576904e+02,3.163179588210023212e+02,1.000000000000000000e+00,6.255367287206122784e-01,1.246385235136498126e+00
5.000000000000000000e+00,-1.000000000000000000e+00,-4.000000000000000000e+00,6.000000000000000000e+00,-5.778178829979026432e+01,7.750311832833057224e+02,3.154062613119945127e+02,1.000000000000000000e+00,6.702530732593966478e-01,1.181465058748427888e+00
5.000000000000000000e+00,-1.000000000000000000e+00,-3.000000000000000000e+00,2.000000000000000000e+00,-8.181757634683322067e+01,6.592158038640347968e+02,3.200617028853799297e+02,1.000000000000000000e+00,3.962392285482726484e-01,1.800069930235180138e+00
5.000000000000000000e+00,-1.000000000000000000e+00,-3.000000000000000000e+00,3.000000000000000000e+00,-7.327927013283384383e+01,6.701862069459621125e+02,3.197832839448093978e+02,1.000000000000000000e+00,4.217075863847835060e-01,1.710820980791027512e+00
5.000000000000000000e+00,-1.000000000000000000e+00,-3.000000000000000000e+00,4.000000000000000000e+00,-6.549462960889879071e+01,6.848043125458441409e+02,3.193669160746340481e+02,1.000000000000000000e+00,4.558683319090557351e-01,1.605584032129022010e+00
5.000000000000000000e+00,-1.000000000000000000e+00,-3.000000000000000000e+00,5.000000000000000000e+00,-5.850619613173805078e+01,7.026075448799576861e+02,3.187906069365018880e+02,1.000000000000000000e+00,4.977758819849584238e-01,1.495064631571473068e+00
5.000000000000000000e+00,-1.000000000000000000e+00,-3.000000000000000000e+00,6.000000000000000000e+00,-5.226596818940485889e+01,7.232353044826603536e+02,3.180300849743960612e+02,1.000000000000000000e+00,5.466682805115303800e-01,1.386656690201582220e+00
5.000000000000000000e+00,-1.000000000000000000e+00,-3.000000000000000000e+00,7.000000000000000000e+00,-4.668404190680584520e+01,7.464623653789151376e+02,3.170585533021654783e+02,1.000000000000000000e+00,6.020166882813690057e-01,1.284616240830907419e+00
5.000000000000000000e+00,-1.000000000000000000e+00,-3.000000000000000000e+00,8.000000000000000000e+00,-4.166009306131883250e+01,7.722047014908298479e+02,3.158454897210588115e+02,1.000000000000000000e+00,6.635110798556582701e-01,1.190905670411636974e+00
5.000000000000000000e+00,-1.000000000000000000e+00,-2.000000000000000000e+00,2.000000000000000000e+00,-7.656778504302653232e+01,6.045967607412495681e+02,3.212623577441492557e+02,1.000000000000000000e+00,2.719589634760644081e-01,2.436999951017412513e+00
5.000000000000000000e+00,-1.000000000000000000e+00,-2.000000000000000000e+00,3.000000000000000000e+00,-6.569185313461045439e+01,6.191617592880473921e+02,3.210901224330150967e+02,1.000000000000000000e+00,3.046589597803082139e-01,2.228178420853212049e+00
5.000000000000000000e+00,-1.000000000000000000e+00,-2.000000000000000000e+00,4.000000000000000000e+00,-5.667813813090046438e+01,6.375369911077832512e+02,3.207954526193207698e+02,1.000000000000000000e+00,3.463837131808173431e-01,2.009369289567527694e+00
5.000000000000000000e+00,-1.000000000000000000e+00,-2.000000000000000000e+00,5.000000000000000000e+00,-4.922991303358469395e+01,6.588021317487172155e+02,3.203477727072158245e+02,1.000000000000000000e+00,3.952836477831386253e-01,1.804381092574398160e+00
5.000000000000000000e+00,-1.000000000000000000e+00,-2.000000000000000000e+00,6.000000000000000000e+00,-4.299565004906946797e+01,6.823835801743646243e+02,3.197201678277673409e+02,1.000000000000000000e+00,4.501975234584586483e-01,1.622573440628674479e+00
5.000000000000000000e+00,-1.000000000000000000e+00,-2.000000000000000000e+00,7.000000000000000000e+00,-3.767513829360802902e+01,7.079898375938960271e+02,3.188869933689224467e+02,1.000000000000000000e+00,5.105062854254964755e-01,1.465314671287701209e+00
5.000000000000000000e+00,-1.000000000000000000e+00,-2.000000000000000000e+00,8.000000000000000000e+00,-3.303848134380422152e+01,7.355386614866638411e+02,3.178210645468467419e+02,1.000000000000000000e+00,5.759634807217962615e-01,1.330553815696007058e+00
5.000000000000000000e+00,-1.000000000000000000e+00,-1.000000000000000000e+00,1.000000000000000000e+00,-7.868923293752159509e+01,5.408261255044849349e+02,3.216366544588485112e+02,1.000000000000000000e+00,1.329143227158254836e-01,3.940167049940171307e+00
5.000000000000000000e+00,-1.000000000000000000e+00,-1.000000000000000000e+00,2.000000000000000000e+00,-6.010279947700718139e+01,5.570402489872026308e+02,3.217110382732934113e+02,1.000000000000000000e+00,1.676177301984673740e-01,3.445486110466344787e+00
5.000000000000000000e+00,-1.000000000000000000e+00,-1.000000000000000000e+00,3.000000000000000000e+00,-4.801668746323849746e+01,5.784241339024924855e+02,3.217051918585793828e+02,1.000000000000000000e+00,2.140666702819086775e-01,2.920088606672719411e+00
5.000000000000000000e+00,-1.000000000000000000e+00,-1.000000000000000000e+00,4.000000000000000000e+00,-3.976465380247802273e+01,6.024532588540670304e+02,3.215568914881915816e+02,1.000000000000000000e+00,2.671756113788500420e-01,2.472863336741859097e+00
5.000000000000000000e+00,-1.000000000000000000e+00,-1.000000000000000000e+00,5.000000000000000000e+00,-3.368147263732083729e+01,6.280869816106768440e+02,3.212342694018303746e+02,1.000000000000000000e+00,3.248624223733766470e-01,2.117608947777143147e+00
5.000000000000000000e+00,0.000000000000000000e+00,-5.000000000000000000e+00,1.000000000000000000e+00,-8.883915563026522477e+01,7.793499002611110882e+02,3.792201372851223482e+02,1.000000000000000000e+00,6.815340635005832093e-01,1.188623896710424344e+00
5.000000000000000000e+00,0.000000000000000000e+00,-5.000000000000000000e+00,2.000000000000000000e+00,-8.314655299441523084e+01,7.843248745314850794e+02,3.792082305889855434e+02,1.000000000000000000e+00,6.934572166539437754e-01,1.172320441643649014e+00
5.000000000000000000e+00,0.000000000000000000e+00,-4.000000000000000000e+00,2.000000000000000000e+00,-8.395827097810627038e+01,7.183059731373092518e+02,3.796124349469283743e+02,1.000000000000000000e+00,5.354070295582694650e-01,1.450654692443124505e+00
5.000000000000000000e+00,0.000000000000000000e+00,-4.000000000000000000e+00,3.000000000000000000e+00,-7.710094285450685447e+01,7.273913028611176514e+02,3.795967027142398251e+02,1.000000000000000000e+00,5.570662954756242513e-01,1.402710144973584594e+00
5.000000000000000000e+00,0.000000000000000000e+00,-4.000000000000000000e+00,4.000000000000000000e+00,-7.054418052110030146e+01,7.398277752912864571e+02,3.795753381824302437e+02,1.000000000000000000e+00,5.867912960702647007e-01,1.342929659300866829e+00
5.000000000000000000e+00,0.000000000000000000e+00,-4.000000000000000000e+00,5.000000000000000000e+00,-6.436561982720188269e+01,7.554213460046300952e+02,3.795481518227962283e+02,1.000000000000000000e+00,6.241483158354874661e-01,1.276232290798613667e+00
5.000000000000000000e+00,0.000000000000000000e+00,-4.000000000000000000e+00,6.000000000000000000e+00,-5.859644779867289799e+01,7.740153560482897319e+02,3.795148416243589509e+02,1.000000000000000000e+00,6.687431463853773517e-01,1.206793905688643198e+00
5.000000000000000000e+00,0.000000000000000000e+00,-3.000000000000000000e+00,2.000000000000000000e+00,-8.303256048900163933e+01,6.588467523615985328e+02,3.799690697383183533e+02,1.000000000000000000e+00,3.955216953952985781e-01,1.893677844651110664e+00
5.000000000000000000e+00,0.000000000000000000e+00,-3.000000000000000000e+00,3.000000000000000000e+00,-7.444137063915279384e+01,6.697521601624866889e+02,3.799546298397575015e+02,1.000000000000000000e+00,4.208786833628110902e-01,1.790572879067822365e+00
5.000000000000000000e+00,0.000000000000000000e+00,-3.000000000000000000e+00,4.000000000000000000e+00,-6.659065528476973839e+01,6.842842472192106698e+02,3.799353965016633197e+02,1.000000000000000000e+00,4.548987771988242668e-01,1.670952471929133987e+00
5.000000000000000000e+00,0.000000000000000000e+00,-3.000000000000000000e+00,5.000000000000000000e+00,-5.953125206667036196e+01,7.019826713281075854e+02,3.799114253250264710e+02,1.000000000000000000e+00,4.966464376621779753e-01,1.547411823066305425e+00
5.000000000000000000e+00,0.000000000000000000e+00,-3.000000000000000000e+00,6.000000000000000000e+00,-5.322093555077471194e+01,7.224874596784176219e+02,3.798826580789517493e+02,1.000000000000000000e+00,5.453685675541966038e-01,1.428114835605164723e+00
5.000000000000000000e+00,0.000000000000000000e+00,-3.000000000000000000e+00,7.000000000000000000e+00,-4.757312896747163222e+01,7.455722645643071473e+02,3.798488926677809445e+02,1.000000000000000000e+00,6.005442719725407885e-01,1.317368830058777807e+00
5.000000000000000000e+00,0.000000000000000000e+00,-3.000000000000000000e+00,8.000000000000000000e+00,-4.248905484237323549e+01,7.711501838429408053e+02,3.798097619399831046e+02,1.000000000000000000e+00,6.618713891581166076e-01,1.216860048089148494e+00
5.000000000000000000e+00,0.000000000000000000e+00,-2.000000000000000000e+00,2.000000000000000000e+00,-7.828550797871652378e+01,6.044600803267455831e+02,3.802968672914490185e+02,1.000000000000000000e+00,2.716341792921506682e-01,2.685859318601733658e+00
5.000000000000000000e+00,0.000000000000000000e+00,-2.000000000000000000e+00,3.000000000000000000e+00,-6.725556202007690842e+01,6.189356812948628885e+02,3.802817488945007085e+02,1.000000000000000000e+00,3.041601898026483064e-01,2.413587811377286396e+00
5.000000000000000000e+00,0.000000000000000000e+00,-2.000000000000000000e+00,4.000000000000000000e+00,-5.808061086838479525e+01,6.372040313190029792e+02,3.802624536511332849e+02,1.000000000000000000e+00,3.456834300995761389e-01,2.142172253407746751e+00
5.000000000000000000e+00,0.000000000000000000e+00,-2.000000000000000000e+00,5.000000000000000000e+00,-5.048412222632265411e+01,6.583498764245748589e+02,3.802394238808494151e+02,1.000000000000000000e+00,3.943696928506044697e-01,1.898699087186185963e+00
5.000000000000000000e+00,0.000000000000000000e+00,-2.000000000000000000e+00,6.000000000000000000e+00,-4.412123209683466030e+01,6.818006405533737961e+02,3.802128566885955934e+02,1.000000000000000000e+00,4.490665813171063059e-01,1.690127968941677716e+00
5.000000000000000000e+00,0.000000000000000000e+00,-2.000000000000000000e+00,7.000000000000000000e+00,-3.869181798783876047e+01,7.072632725649314125e+02,3.801827334698688219e+02,1.000000000000000000e+00,5.091607930203320143e-01,1.514495760035502903e+00
5.000000000000000000e+00,0.000000000000000000e+00,-2.000000000000000000e+00,8.000000000000000000e+00,-3.396369106782461245e+01,7.346522314741446280e+02,3.801488520685942945e+02,1.000000000000000000e+00,5.744109597593176630e-01,1.367049729979733064e+00
5.000000000000000000e+00,0.000000000000000000e+00,-1.000000000000000000e+00,1.000000000000000000e+00,-8.209545905937798693e+01,5.409941800456604142e+02,3.806222451850904918e+02,1.000000000000000000e+00,1.331791298899128451e-01,5.371718637203467317e+00
5.000000000000000000e+00,0.000000000000000000e+00,-1.000000000000000000e+00,2.000000000000000000e+00,-6.287171652657565346e+01,5.570736372739836497e+02,3.806076838850882496e+02,1.000000000000000000e+00,1.676077517125162397e-01,4.284344506815493503e+00
5.000000000000000000e+00,0.000000000000000000e+00,-1.000000000000000000e+00,3.000000000000000000e+00,-5.022416586033858721e+01,5.783146727926610993e+02,3.805885945397031946e+02,1.000000000000000000e+00,2.137662395524351500e-01,3.380255937883354989e+00
5.000000000000000000e+00,0.000000000000000000e+00,-1.000000000000000000e+00,4.000000000000000000e+00,-4.156266820958936137e+01,6.022061264666637044e+02,3.805667043768810345e+02,1.000000000000000000e+00,2.666000174072708506e-01,2.734099459959466127e+00
5.000000000000000000e+00,0.000000000000000000e+00,-1.000000000000000000e+00,5.000000000000000000e+00,-3.518629996105772761e+01,6.277047850186808091e+02,3.805426906533548390e+02,1.000000000000000000e+00,3.240268747148591921e-01,2.274814611308026979e+00
5.000000000000000000e+00,1.000000000000000000e+00,-5.000000000000000000e+00,1.000000000000000000e+00,-8.810581100954374278e+01,7.810013387090644983e+02,4.435451593252175826e+02,1.000000000000000000e+00,6.844130456544378349e-01,1.164399360738576750e+00
5.000000000000000000e+00,1.000000000000000000e+00,-5.000000000000000000e+00,2.000000000000000000e+00,-8.242747842628006083e+01,7.860050210551868304e+02,4.437854647120799996e+02,1.000000000000000000e+00,6.963563024861598727e-01,1.149059861390869797e+00
5.000000000000000000e+00,1.000000000000000000e+00,-4.000000000000000000e+00,2.000000000000000000e+00,-8.308302371563581801e+01,7.195917390718412889e+02,4.412692656608472817e+02,1.000000000000000000e+00,5.378545487094201771e-01,1.407261932432194662e+00
5.000000000000000000e+00,1.000000000000000000e+00,-4.000000000000000000e+00,3.000000000000000000e+00,-7.625973076759441938e+01,7.287180004609214166e+02,4.415997207384406806e+02,1.000000000000000000e+00,5.595602995375295041e-01,1.363365530589261576e+00
5.000000000000000000e+00,1.000000000000000000e+00,-4.000000000000000000e+00,4.000000000000000000e+00,-6.974220986250922749e+01,7.412134008114313701e+02,4.420821945530048538e+02,1.000000000000000000e+00,5.893474223124383071e-01,1.308283548326563794e+00
5.000000000000000000e+00,1.000000000000000000e+00,-4.000000000000000000e+00,5.000000000000000000e+00,-6.360520660605834564e+01,7.568857332419555632e+02,4.427345315780639226e+02,1.000000000000000000e+00,6.267793175743577860e-01,1.246385235136498126e+00
5.000000000000000000e+00,1.000000000000000000e+00,-4.000000000000000000e+00,6.000000000000000000e+00,-5.787762365341075110e+01,7.755808311159751156e+02,4.435788392603084276e+02,1.000000000000000000e+00,6.714575998085821062e-01,1.181465058748427888e+00
5.000000000000000000e+00,1.000000000000000000e+00,-3.000000000000000000e+00,2.000000000000000000e+00,-8.190647255165652041e+01,6.598308320042501691e+02,4.398414105778060161e+02,1.000000000000000000e+00,3.974773352069785881e-01,1.800069930235180360e+00
5.000000000000000000e+00,1.000000000000000000e+00,-3.000000000000000000e+00,3.000000000000000000e+00,-7.338504724809870083e+01,6.707735946467519170e+02,4.400911937551981055e+02,1.000000000000000000e+00,4.228934112518685229e-01,1.710820980791027512e+00
5.000000000000000000e+00,1.000000000000000000e+00,-3.000000000000000000e+00,4.000000000000000000e+00,-6.561013090838099515e+01,6.853595862965794367e+02,4.404692798797626097e+02,1.000000000000000000e+00,4.569939514196822983e-01,1.605584032129021788e+00
5.000000000000000000e+00,1.000000000000000000e+00,-3.000000000000000000e+00,5.000000000000000000e+00,-5.862567199452763589e+01,7.031298799974254052e+02,4.409976708051212881e+02,1.000000000000000000e+00,4.988406545327498387e-01,1.495064631571473068e+00
5.000000000000000000e+00,1.000000000000000000e+00,-3.000000000000000000e+00,6.000000000000000000e+00,-5.238540159120358908e+01,7.237262435397451554e+02,4.417004438410793341e+02,1.000000000000000000e+00,5.476762835120031481e-01,1.386656690201581998e+00
5.000000000000000000e+00,1.000000000000000000e+00,-3.000000000000000000e+00,7.000000000000000000e+00,-4.680091177172224093e+01,7.469246974464824689e+02,4.426039322994287772e+02,1.000000000000000000e+00,6.029744876429756761e-01,1.284616240830907419e+00
5.000000000000000000e+00,1.000000000000000000e+00,-3.000000000000000000e+00,8.000000000000000000e+00,-4.177297325648979154e+01,7.726416978400884545e+02,4.437378722856496438e+02,1.000000000000000000e+00,6.644262208469986497e-01,1.190905670411636974e+00
5.000000000000000000e+00,1.000000000000000000e+00,-2.000000000000000000e+00,2.000000000000000000e+00,-7.671267880342904277e+01,6.051892577337221155e+02,4.393028148433647857e+02,1.000000000000000000e+00,2.730815670060998124e-01,2.436999951017412069e+00
5.000000000000000000e+00,1.000000000000000000e+00,-2.000000000000000000e+00,3.000000000000000000e+00,-6.585604941027251868e+01,6.197029365438334025e+02,4.394457043119635955e+02,1.000000000000000000e+00,3.056819197153917700e-01,2.228178420853211605e+00
5.000000000000000000e+00,1.000000000000000000e+00,-2.000000000000000000e+00,4.000000000000000000e+00,-5.684526087256244864e+01,6.380269764905402781e+02,4.397025494009000113e+02,1.000000000000000000e+00,3.473082519073331098e-01,2.009369289567527694e+00
5.000000000000000000e+00,1.000000000000000000e+00,-2.000000000000000000e+00,5.000000000000000000e+00,-4.939127679330010778e+01,6.592464252318136460e+02,4.401046743006065753e+02,1.000000000000000000e+00,3.961216212013538573e-01,1.804381092574397938e+00
5.000000000000000000e+00,1.000000000000000000e+00,-2.000000000000000000e+00,6.000000000000000000e+00,-4.314759171221351153e+01,6.827890978496596972e+02,4.406793402942274724e+02,1.000000000000000000e+00,4.509635200989760562e-01,1.622573440628674257e+00
5.000000000000000000e+00,1.000000000000000000e+00,-2.000000000000000000e+00,7.000000000000000000e+00,-3.781665042579123792e+01,7.083631431297693553e+02,4.414521425780631034e+02,1.000000000000000000e+00,5.112141284463683766e-01,1.465314671287701209e+00
5.000000000000000000e+00,1.000000000000000000e+00,-2.000000000000000000e+00,8.000000000000000000e+00,-3.316979643186164139e+01,7.358854024475270990e+02,4.424498551161061073e+02,1.000000000000000000e+00,5.766251454305160173e-01,1.330553815696007058e+00
5.000000000000000000e+00,1.000000000000000000e+00,-1.000000000000000000e+00,1.000000000000000000e+00,-7.896112147509974477e+01,5.414363654790558940e+02,4.395840978119645683e+02,1.000000000000000000e+00,1.340018823240189672e-01,3.940167049940170418e+00
5.000000000000000000e+00,1.000000000000000000e+00,-1.000000000000000000e+00,2.000000000000000000e+00,-6.041858429339193037e+01,5.575447879567268501e+02,4.394828885189511993e+02,1.000000000000000000e+00,1.684962594179589546e-01,3.445486110466343455e+00
5.000000000000000000e+00,1.000000000000000000e+00,-1.000000000000000000e+00,3.000000000000000000e+00,-4.830357808054100133e+01,5.788400114909795775e+02,4.394523656020340923e+02,1.000000000000000000e+00,2.147717528909495743e-01,2.920088606672719855e+00
5.000000000000000000e+00,1.000000000000000000e+00,-1.000000000000000000e+00,4.000000000000000000e+00,-4.001214584959330978e+01,6.028054994884483904e+02,4.395580222834898336e+02,1.000000000000000000e+00,2.677582487047680537e-01,2.472863336741859097e+00
5.000000000000000000e+00,1.000000000000000000e+00,-1.000000000000000000e+00,5.000000000000000000e+00,-3.389453191608487259e+01,6.283939013689441708e+02,4.398332335747674051e+02,1.000000000000000000e+00,3.253597812245779819e-01,2.117608947777143147e+00
5.000000000000000000e+00,2.000000000000000000e+00,-5.000000000000000000e+00,1.000000000000000000e+00,-8.584443442212176478e+01,7.851443382898478376e+02,5.112543067754621688e+02,1.000000000000000000e+00,6.907112006947032645e-01,1.099745535445001643e+00
5.000000000000000000e+00,2.000000000000000000e+00,-4.000000000000000000e+00,1.000000000000000000e+00,-8.731280182369380327e+01,7.169111650537458900e+02,5.055880140613462004e+02,1.000000000000000000e+00,5.296196063495958173e-01,1.319450328058119570e+00
5.000000000000000000e+00,2.000000000000000000e+00,-4.000000000000000000e+00,2.000000000000000000e+00,-8.037328328133037303e+01,7.225719512960815791e+02,5.060053795167593194e+02,1.000000000000000000e+00,5.429514588287310817e-01,1.297254789781998818e+00
5.000000000000000000e+00,2.000000000000000000e+00,-4.000000000000000000e+00,3.000000000000000000e+00,-7.364033018731646507e+01,7.318511353329672602e+02,5.067223308193117077e+02,1.000000000000000000e+00,5.648354352904282338e-01,1.262627874016437612e+00
5.000000000000000000e+00,2.000000000000000000e+00,-4.000000000000000000e+00,4.000000000000000000e+00,-6.723204186967704743e+01,7.445616969981231250e+02,5.077674271599947815e+02,1.000000000000000000e+00,5.948547197526228292e-01,1.218499975508706035e+00
5.000000000000000000e+00,2.000000000000000000e+00,-4.000000000000000000e+00,5.000000000000000000e+00,-6.121434640971811803e+01,7.605142472618496186e+02,5.091788935312786180e+02,1.000000000000000000e+00,6.325575024042412453e-01,1.168023004573177426e+00
5.000000000000000000e+00,2.000000000000000000e+00,-4.000000000000000000e+00,6.000000000000000000e+00,-5.560882685925281521e+01,7.795599943794180717e+02,5.110043689448839359e+02,1.000000000000000000e+00,6.775269849520878518e-01,1.114089210426605803e+00
5.000000000000000000e+00,2.000000000000000000e+00,-3.000000000000000000e+00,1.000000000000000000e+00,-8.736024618690845500e+01,6.548730295369969099e+02,5.022844689432449172e+02,1.000000000000000000e+00,3.851166144663908386e-01,1.626359699151217031e+00
5.000000000000000000e+00,2.000000000000000000e+00,-3.000000000000000000e+00,2.000000000000000000e+00,-7.841759913145824612e+01,6.617957179683996856e+02,5.025924244584347207e+02,1.000000000000000000e+00,4.010498952802262207e-01,1.585327775642969783e+00
5.000000000000000000e+00,2.000000000000000000e+00,-3.000000000000000000e+00,3.000000000000000000e+00,-7.008903940056896431e+01,6.729047905181294027e+02,5.031377842088994612e+02,1.000000000000000000e+00,4.267335694523536893e-01,1.523342148235413029e+00
5.000000000000000000e+00,2.000000000000000000e+00,-3.000000000000000000e+00,4.000000000000000000e+00,-6.253241410662477051e+01,6.877162090277789730e+02,5.039598979949307704e+02,1.000000000000000000e+00,4.611769205491423884e-01,1.447628948128034665e+00
5.000000000000000000e+00,2.000000000000000000e+00,-3.000000000000000000e+00,5.000000000000000000e+00,-5.576954865503228120e+01,7.057689087489577560e+02,5.051051359500538638e+02,1.000000000000000000e+00,5.034197567916685045e-01,1.365062681279440637e+00
5.000000000000000000e+00,2.000000000000000000e+00,-3.000000000000000000e+00,6.000000000000000000e+00,-4.974024840572499784e+01,7.267059312142887393e+02,5.066246315147232622e+02,1.000000000000000000e+00,5.526832597442027373e-01,1.281060660614969482e+00
5.000000000000000000e+00,2.000000000000000000e+00,-3.000000000000000000e+00,7.000000000000000000e+00,-4.434905926784102803e+01,7.503086265738116936e+02,5.085748108856940917e+02,1.000000000000000000e+00,6.084193395815093997e-01,1.199309940341452441e+00
5.000000000000000000e+00,2.000000000000000000e+00,-3.000000000000000000e+00,8.000000000000000000e+00,-3.949425990507086226e+01,7.765033273638738365e+02,5.110199663394346317e+02,1.000000000000000000e+00,6.702953619124919493e-01,1.121994532226096242e+00
5.000000000000000000e+00,2.000000000000000000e+00,-2.000000000000000000e+00,1.000000000000000000e+00,-8.407206276411346835e+01,5.965495284719064557e+02,5.009410638300689698e+02,1.000000000000000000e+00,2.534321879494975671e-01,2.050546919938733836e+00
5.000000000000000000e+00,2.000000000000000000e+00,-2.000000000000000000e+00,2.000000000000000000e+00,-7.181762901709872438e+01,6.062065297303664693e+02,5.010892927271190729e+02,1.000000000000000000e+00,2.748927436664160284e-01,1.970083524970085653e+00
5.000000000000000000e+00,2.000000000000000000e+00,-2.000000000000000000e+00,3.000000000000000000e+00,-6.146355674605530339e+01,6.209530968057649716e+02,5.014108853492218714e+02,1.000000000000000000e+00,3.079365526197646030e-01,1.854748909440258720e+00
5.000000000000000000e+00,2.000000000000000000e+00,-2.000000000000000000e+00,4.000000000000000000e+00,-5.294452774403463025e+01,6.395633178875831391e+02,5.019782695609708298e+02,1.000000000000000000e+00,3.500866138270316563e-01,1.722743055233171727e+00
5.000000000000000000e+00,2.000000000000000000e+00,-2.000000000000000000e+00,5.000000000000000000e+00,-4.592600354452250144e+01,6.611114539087504909e+02,5.028566825594280090e+02,1.000000000000000000e+00,3.994659241183428633e-01,1.588270389634447888e+00
5.000000000000000000e+00,2.000000000000000000e+00,-2.000000000000000000e+00,6.000000000000000000e+00,-4.005135709822499734e+01,6.850237091653006019e+02,5.041033541039950023e+02,1.000000000000000000e+00,4.548911678910176337e-01,1.460044303336359706e+00
5.000000000000000000e+00,2.000000000000000000e+00,-2.000000000000000000e+00,7.000000000000000000e+00,-3.502801097546418418e+01,7.110130834653333523e+02,5.057726473108605774e+02,1.000000000000000000e+00,5.157240055392124933e-01,1.342305798610881062e+00
5.000000000000000000e+00,2.000000000000000000e+00,-1.000000000000000000e+00,1.000000000000000000e+00,-6.918194798850299776e+01,5.408918704503726076e+02,5.013302322662800634e+02,1.000000000000000000e+00,1.326467243523051787e-01,2.550858347630302614e+00
5.000000000000000000e+00,2.000000000000000000e+00,-1.000000000000000000e+00,2.000000000000000000e+00,-5.266883462557319717e+01,5.574659567025536262e+02,5.011295684073590451e+02,1.000000000000000000e+00,1.680868936273995640e-01,2.400718664967592453e+00
5.000000000000000000e+00,2.000000000000000000e+00,-1.000000000000000000e+00,3.000000000000000000e+00,-4.220019790463737763e+01,5.792383425428715782e+02,5.010873928757238218e+02,1.000000000000000000e+00,2.153257045899059918e-01,2.200345902163693967e+00
5.000000000000000000e+00,2.000000000000000000e+00,-1.000000000000000000e+00,4.000000000000000000e+00,-3.507045162727712295e+01,6.036512325645961710e+02,5.013384671728941271e+02,1.000000000000000000e+00,2.691970988080702454e-01,1.988886056878435227e+00
5.000000000000000000e+00,3.000000000000000000e+00,-5.000000000000000000e+00,0.000000000000000000e+00,-8.757131606778011701e+01,7.894064378169640577e+02,5.862383165354360699e+02,1.000000000000000000e+00,6.933387859478357118e-01,1.015866907217493731e+00
5.000000000000000000e+00,3.000000000000000000e+00,-4.000000000000000000e+00,1.000000000000000000e+00,-8.258309231396060568e+01,7.204914407849771578e+02,5.769060113249495316e+02,1.000000000000000000e+00,5.339764180117126946e-01,1.175913922552770829e+00
5.000000000000000000e+00,3.000000000000000000e+00,-4.000000000000000000e+00,2.000000000000000000e+00,-7.574492310793539218e+01,7.263428073425324101e+02,5.776013851065923745e+02,1.000000000000000000e+00,5.475318118900845965e-01,1.160121013770316178e+00
5.000000000000000000e+00,3.000000000000000000e+00,-4.000000000000000000e+00,3.000000000000000000e+00,-6.916177759326120622e+01,7.359358377408535716e+02,5.787952648231006378e+02,1.000000000000000000e+00,5.697639747417869716e-01,1.135156927752549727e+00
5.000000000000000000e+00,3.000000000000000000e+00,-4.000000000000000000e+00,4.000000000000000000e+00,-6.293649790307004821e+01,7.490811209046116801e+02,5.805356545914328308e+02,1.000000000000000000e+00,6.002252469129496504e-01,1.102768097972048222e+00
5.000000000000000000e+00,3.000000000000000000e+00,-4.000000000000000000e+00,5.000000000000000000e+00,-5.711987764798450939e+01,7.655900554366810411e+02,5.828871024530113800e+02,1.000000000000000000e+00,6.384265014092049828e-01,1.064931035226127198e+00
5.000000000000000000e+00,3.000000000000000000e+00,-4.000000000000000000e+00,6.000000000000000000e+00,-5.172084453180966079e+01,7.853202047148771499e+02,5.859305663922458507e+02,1.000000000000000000e+00,6.839090789888242483e-01,1.023578328183615938e+00
5.000000000000000000e+00,3.000000000000000000e+00,-3.000000000000000000e+00,1.000000000000000000e+00,-8.115424590239985037e+01,6.562431865814045295e+02,5.712470557048793580e+02,1.000000000000000000e+00,3.862044104576382586e-01,1.377705634345307573e+00
5.000000000000000000e+00,3.000000000000000000e+00,-3.000000000000000000e+00,2.000000000000000000e+00,-7.244309185101155890e+01,6.634135889131426893e+02,5.717593353890493972e+02,1.000000000000000000e+00,4.025431410156373735e-01,1.352495582845116173e+00
5.000000000000000000e+00,3.000000000000000000e+00,-3.000000000000000000e+00,3.000000000000000000e+00,-6.444007622284318870e+01,6.749113108081237442e+02,5.726658265066253080e+02,1.000000000000000000e+00,4.288396488006678831e-01,1.313389016646723473e+00
5.000000000000000000e+00,3.000000000000000000e+00,-3.000000000000000000e+00,4.000000000000000000e+00,-5.725454864869205096e+01,6.902298695085036115e+02,5.740320363411337894e+02,1.000000000000000000e+00,4.640362503320797360e-01,1.263932178192650913e+00
5.000000000000000000e+00,3.000000000000000000e+00,-3.000000000000000000e+00,5.000000000000000000e+00,-5.086972560817542899e+01,7.088926810932795206e+02,5.759352603652686184e+02,1.000000000000000000e+00,5.071093231355919828e-01,1.207856812127471535e+00
5.000000000000000000e+00,3.000000000000000000e+00,-3.000000000000000000e+00,6.000000000000000000e+00,-4.520099426984501179e+01,7.305379857159915673e+02,5.784611441448182632e+02,1.000000000000000000e+00,5.572256484561128875e-01,1.148495370155448114e+00
5.000000000000000000e+00,3.000000000000000000e+00,-3.000000000000000000e+00,7.000000000000000000e+00,-4.014046647197795892e+01,7.549535865121581537e+02,5.817049725362544450e+02,1.000000000000000000e+00,6.137894875054304977e-01,1.088482344286419101e+00
5.000000000000000000e+00,3.000000000000000000e+00,-3.000000000000000000e+00,8.000000000000000000e+00,-3.558194070758759153e+01,7.820832304205739547e+02,5.857764181758672066e+02,1.000000000000000000e+00,6.764217123251776709e-01,1.029699031862462144e+00
5.000000000000000000e+00,3.000000000000000000e+00,-2.000000000000000000e+00,0.000000000000000000e+00,-8.818216973300462769e+01,5.917373731792929448e+02,5.688062821447988426e+02,1.000000000000000000e+00,2.418703187631009166e-01,1.622206320086717835e+00
5.000000000000000000e+00,3.000000000000000000e+00,-2.000000000000000000e+00,1.000000000000000000e+00,-7.491056372614337988e+01,5.953122909330880930e+02,5.688694163145123639e+02,1.000000000000000000e+00,2.497261521277949203e-01,1.608283362108934078e+00
5.000000000000000000e+00,3.000000000000000000e+00,-2.000000000000000000e+00,2.000000000000000000e+00,-6.336742392035701243e+01,6.054598226465974449e+02,5.691103402366549062e+02,1.000000000000000000e+00,2.721231143072445069e-01,1.568571503429652125e+00
5.000000000000000000e+00,3.000000000000000000e+00,-2.000000000000000000e+00,3.000000000000000000e+00,-5.388754396951571835e+01,6.208794827634714011e+02,5.696392123741909472e+02,1.000000000000000000e+00,3.064238807548395060e-01,1.508457484862359532e+00
5.000000000000000000e+00,3.000000000000000000e+00,-2.000000000000000000e+00,4.000000000000000000e+00,-4.622362834705066348e+01,6.402498899561207963e+02,5.705778738125702603e+02,1.000000000000000000e+00,3.499394656053360086e-01,1.434837080645533280e+00
5.000000000000000000e+00,3.000000000000000000e+00,-2.000000000000000000e+00,5.000000000000000000e+00,-3.996069937079744250e+01,6.626014207091944854e+02,5.720343015824867052e+02,1.000000000000000000e+00,4.006756439596809716e-01,1.354321388342073273e+00
5.000000000000000000e+00,3.000000000000000000e+00,-2.000000000000000000e+00,6.000000000000000000e+00,-3.472491815994868603e+01,6.873528904603974752e+02,5.741028140136239699e+02,1.000000000000000000e+00,4.573947834172065185e-01,1.272170323036664330e+00
5.000000000000000000e+00,3.000000000000000000e+00,-1.000000000000000000e+00,0.000000000000000000e+00,-7.354952448891998529e+01,5.266792645078695614e+02,5.697951291112356103e+02,1.000000000000000000e+00,1.022519914760460918e-01,1.838469701643683285e+00
5.000000000000000000e+00,3.000000000000000000e+00,-1.000000000000000000e+00,1.000000000000000000e+00,-5.142093788980969293e+01,5.345026920555757215e+02,5.695295310784620142e+02,1.000000000000000000e+00,1.186940803947486300e-01,1.818276712254363048e+00
5.000000000000000000e+00,3.000000000000000000e+00,-1.000000000000000000e+00,2.000000000000000000e+00,-3.890417899987627948e+01,5.532021614901199200e+02,5.691021051476525372e+02,1.000000000000000000e+00,1.583837177082443037e-01,1.761469711820366157e+00
5.000000000000000000e+00,4.000000000000000000e+00,-4.000000000000000000e+00,0.000000000000000000e+00,-8.255176964687984764e+01,7.205257641126024737e+02,6.600910796854907403e+02,1.000000000000000000e+00,5.260955296373340806e-01,1.039820646312733965e+00
5.000000000000000000e+00,4.000000000000000000e+00,-4.000000000000000000e+00,1.000000000000000000e+00,-7.567065733444212583e+01,7.226165555338959621e+02,6.604398346442681031e+02,1.000000000000000000e+00,5.307972673772283212e-01,1.036125868726029964e+00
5.000000000000000000e+00,4.000000000000000000e+00,-4.000000000000000000e+00,2.000000000000000000e+00,-6.898063637856876085e+01,7.288266608933952284e+02,6.615077782212031252e+02,1.000000000000000000e+00,5.447562250242098392e-01,1.025273459969366696e+00
5.000000000000000000e+00,4.000000000000000000e+00,-4.000000000000000000e+00,3.000000000000000000e+00,-6.261838435598224351e+01,7.390024610868846366e+02,6.633429822807780738e+02,1.000000000000000000e+00,5.676034434078817137e-01,1.007920025980871825e+00
5.000000000000000000e+00,4.000000000000000000e+00,-4.000000000000000000e+00,4.000000000000000000e+00,-5.666351108536933623e+01,7.529402485726335499e+02,6.660225034290500616e+02,1.000000000000000000e+00,5.988199558926722288e-01,9.850417624850428266e-01
5.000000000000000000e+00,4.000000000000000000e+00,-4.000000000000000000e+00,5.000000000000000000e+00,-5.114383987131049025e+01,7.704427222153499315e+02,6.696502239301713644e+02,1.000000000000000000e+00,6.378351042731916776e-01,9.577945028864698340e-01
5.000000000000000000e+00,4.000000000000000000e+00,-3.000000000000000000e+00,0.000000000000000000e+00,-8.098108406130626236e+01,6.512663824160738386e+02,6.514602064312607581e+02,1.000000000000000000e+00,3.706887445195347075e-01,1.171582715165016442e+00
5.000000000000000000e+00,4.000000000000000000e+00,-3.000000000000000000e+00,1.000000000000000000e+00,-7.197699483395774678e+01,6.539028413508380027e+02,6.517060392791554477e+02,1.000000000000000000e+00,3.765643145401839642e-01,1.166305444849937256e+00
5.000000000000000000e+00,4.000000000000000000e+00,-3.000000000000000000e+00,2.000000000000000000e+00,-6.361901008639779320e+01,6.616228013230205534e+02,6.524763729085508430e+02,1.000000000000000000e+00,3.937954274179644720e-01,1.150891484959664091e+00
5.000000000000000000e+00,4.000000000000000000e+00,-3.000000000000000000e+00,3.000000000000000000e+00,-5.611369159366628878e+01,6.739568793752021065e+02,6.538463117079840003e+02,1.000000000000000000e+00,4.213980369193016662e-01,1.126506103474143483e+00
5.000000000000000000e+00,4.000000000000000000e+00,-3.000000000000000000e+00,4.000000000000000000e+00,-4.949305728297423457e+01,6.903239764199660158e+02,6.559221883592344966e+02,1.000000000000000000e+00,4.581306207648934703e-01,1.094831744208387025e+00
5.000000000000000000e+00,4.000000000000000000e+00,-3.000000000000000000e+00,5.000000000000000000e+00,-4.368007710514689279e+01,7.101937161636602696e+02,6.588279496686658376e+02,1.000000000000000000e+00,5.028099445859650629e-01,1.057778690001950794e+00
5.000000000000000000e+00,4.000000000000000000e+00,-3.000000000000000000e+00,6.000000000000000000e+00,-3.855317315857308813e+01,7.331802787355636610e+02,6.627002285855699029e+02,1.000000000000000000e+00,5.544813792535320252e-01,1.017222387008035689e+00
5.000000000000000000e+00,4.000000000000000000e+00,-3.000000000000000000e+00,7.000000000000000000e+00,-3.398647342746480149e+01,7.590754326191183736e+02,6.676915944161746665e+02,1.000000000000000000e+00,6.124568802210897944e-01,9.748202101064706859e-01
5.000000000000000000e+00,4.000000000000000000e+00,-2.000000000000000000e+00,-1.000000000000000000e+00,-8.785931334707913720e+01,5.863587892622836080e+02,6.482589694380258152e+02,1.000000000000000000e+00,2.280277429663873090e-01,1.296505021736512608e+00
5.000000000000000000e+00,4.000000000000000000e+00,-2.000000000000000000e+00,0.000000000000000000e+00,-7.359552537656594495e+01,5.822340473592249737e+02,6.481920189501761342e+02,1.000000000000000000e+00,2.191210083295959399e-01,1.303765941166156184e+00
5.000000000000000000e+00,4.000000000000000000e+00,-2.000000000000000000e+00,1.000000000000000000e+00,-6.083529709440023225e+01,5.863695660356789858e+02,6.482533296469739525e+02,1.000000000000000000e+00,2.280512441694614589e-01,1.296505021736512608e+00
5.000000000000000000e+00,4.000000000000000000e+00,-2.000000000000000000e+00,2.000000000000000000e+00,-5.050564416580840543e+01,5.979420567665218869e+02,6.485368884491970221e+02,1.000000000000000000e+00,2.531524851879936033e-01,1.275429173815151307e+00
5.000000000000000000e+00,4.000000000000000000e+00,-2.000000000000000000e+00,3.000000000000000000e+00,-4.247891159510714942e+01,6.151790094723064612e+02,6.492512191049415833e+02,1.000000000000000000e+00,2.908280144632908182e-01,1.242477119971894695e+00
5.000000000000000000e+00,4.000000000000000000e+00,-2.000000000000000000e+00,4.000000000000000000e+00,-3.619548194738123925e+01,6.364352409013519036e+02,6.506074788534551772e+02,1.000000000000000000e+00,3.377125295992208232e-01,1.200359332483796226e+00
5.000000000000000000e+00,4.000000000000000000e+00,-1.000000000000000000e+00,-1.000000000000000000e+00,-6.352177295027991022e+01,4.982587115883302431e+02,6.516419213474653134e+02,1.000000000000000000e+00,4.290091243141314764e-02,1.399227920662430291e+00
5.000000000000000000e+00,5.000000000000000000e+00,-4.000000000000000000e+00,0.000000000000000000e+00,-7.281095504577842803e+01,7.158300618789480723e+02,7.648479613699018955e+02,1.000000000000000000e+00,5.005471791928811642e-01,9.156649151633743378e-01
5.000000000000000000e+00,5.000000000000000000e+00,-3.000000000000000000e+00,-2.000000000000000000e+00,-8.647123169214819427e+01,6.487052506107939962e+02,7.536695095967580755e+02,1.000000000000000000e+00,3.562132674692479739e-01,9.887983084738503070e-01
5.000000000000000000e+00,5.000000000000000000e+00,-3.000000000000000000e+00,-1.000000000000000000e+00,-7.688259989457918664e+01,6.396375058471270449e+02,7.526028746871097610e+02,1.000000000000000000e+00,3.367455231418173822e-01,9.985223515211724132e-01
5.000000000000000000e+00,5.000000000000000000e+00,-3.000000000000000000e+00,0.000000000000000000e+00,-6.742665543816696072e+01,6.365219072664260693e+02,7.522635650731607484e+02,1.000000000000000000e+00,3.300640627828471674e-01,1.001828013242292315e+00
5.000000000000000000e+00,5.000000000000000000e+00,-3.000000000000000000e+00,1.000000000000000000e+00,-5.865064009910435061e+01,6.396484764801872416e+02,7.525962005153000973e+02,1.000000000000000000e+00,3.367698291534848010e-01,9.985223515211726353e-01
5.000000000000000000e+00,5.000000000000000000e+00,-3.000000000000000000e+00,2.000000000000000000e+00,-5.088613714746077221e+01,6.487260712514168972e+02,7.536562880877975203e+02,1.000000000000000000e+00,3.562596643229380411e-01,9.887983084738503070e-01
5.000000000000000000e+00,5.000000000000000000e+00,-3.000000000000000000e+00,3.000000000000000000e+00,-4.420228632337796171e+01,6.630344286873689725e+02,7.555894877525765878e+02,1.000000000000000000e+00,3.870261519317175769e-01,9.732043462761461594e-01
5.000000000000000000e+00,5.000000000000000000e+00,-3.000000000000000000e+00,4.000000000000000000e+00,-3.849007044066917160e+01,6.817381925991930984e+02,7.585900113336542745e+02,1.000000000000000000e+00,4.272745269712593941e-01,9.525623439844895790e-01
5.000000000000000000e+00,5.000000000000000000e+00,-3.000000000000000000e+00,5.000000000000000000e+00,-3.357223918928983153e+01,7.041354519974504456e+02,7.628710635457312037e+02,1.000000000000000000e+00,4.754030888601017968e-01,9.278565425500440167e-01
5.000000000000000000e+00,5.000000000000000000e+00,-2.000000000000000000e+00,-2.000000000000000000e+00,-8.086596561952359252e+01,5.675675570204107316e+02,7.493650826931343545e+02,1.000000000000000000e+00,1.838167772210271556e-01,1.064464291402899443e+00
5.000000000000000000e+00,5.000000000000000000e+00,-2.000000000000000000e+00,-1.000000000000000000e+00,-6.369284309925632215e+01,5.495974520899333129e+02,7.497231812480547433e+02,1.000000000000000000e+00,1.464515896124983230e-01,1.076624466318596651e+00
5.000000000000000000e+00,5.000000000000000000e+00,-2.000000000000000000e+00,0.000000000000000000e+00,-4.796894071023098149e+01,5.425073426679189197e+02,7.500060230246119772e+02,1.000000000000000000e+00,1.318140794186746512e-01,1.080771417277308855e+00
5.000000000000000000e+00,5.000000000000000000e+00,-2.000000000000000000e+00,1.000000000000000000e+00,-3.673785423737280098e+01,5.496225593884535101e+02,7.497144885908713832e+02,1.000000000000000000e+00,1.465038267430389951e-01,1.076624466318596429e+00
5.000000000000000000e+00,5.000000000000000000e+00,-1.000000000000000000e+00,-3.000000000000000000e+00,-8.431847786143066514e+01,4.947071194654068336e+02,7.546100488586075699e+02,1.000000000000000000e+00,3.485883857081142900e-02,1.096689555803326499e+00
6.000000000000000000e+00,-7.000000000000000000e+00,2.000000000000000000e+00,7.000000000000000000e+00,-6.884985502645412225e+01,2.942136338190687184e+01,1.635780361905983682e+01,0.000000000000000000e+00,9.987953882451598986e-01,7.266111610898352557e-01
6.000000000000000000e+00,-7.000000000000000000e+00,3.000000000000000000e+00,4.000000000000000000e+00,-5.327476811730011264e+01,4.899226906840959828e+01,1.759056389219369976e+01,0.000000000000000000e+00,9.507982289217590255e-01,7.420146230763772222e-01
6.000000000000000000e+00,-7.000000000000000000e+00,3.000000000000000000e+00,5.000000000000000000e+00,-5.638360436770803119e+01,2.912804246776408945e+01,2.701769167143021377e+01,0.000000000000000000e+00,1.004925467172674169e+00,7.301568290287304697e-01
6.000000000000000000e+00,-7.000000000000000000e+00,4.000000000000000000e+00,2.000000000000000000e+00,-4.190860876212207131e+01,1.765786682419488329e+01,1.988261492146153842e+01,0.000000000000000000e+00,1.029632209917449748e+00,7.192035564024188421e-01
6.000000000000000000e+00,-6.000000000000000000e+00,0.000000000000000000e+00,3.000000000000000000e+00,-7.648373534538450258e+01,2.509015497334117697e+02,1.079722625409846160e+01,0.000000000000000000e+00,4.563363286769793747e-01,9.404203725418237569e-01
6.000000000000000000e+00,-6.000000000000000000e+00,0.000000000000000000e+00,4.000000000000000000e+00,-7.794779169009650843e+01,2.218940772539290265e+02,2.547669388452044359e+01,0.000000000000000000e+00,5.257957859916362331e-01,9.217559002449098315e-01
6.000000000000000000e+00,-6.000000000000000000e+00,0.000000000000000000e+00,5.000000000000000000e+00,-7.950235659749553463e+01,1.930736993644186725e+02,3.832589657842191855e+01,0.000000000000000000e+00,5.973428592488058131e-01,8.993153256531459805e-01
6.000000000000000000e+00,-6.000000000000000000e+00,0.000000000000000000e+00,6.000000000000000000e+00,-8.112304224216690329e+01,1.640993293401257063e+02,4.954939312626402170e+01,0.000000000000000000e+00,6.715053556292457371e-01,8.739925924887737008e-01
6.000000000000000000e+00,-6.000000000000000000e+00,0.000000000000000000e+00,7.000000000000000000e+00,-8.279509170770258208e+01,1.346574479456606923e+02,5.929694512106283355e+01,0.000000000000000000e+00,7.487199200314662573e-01,8.466560703029361035e-01
6.000000000000000000e+00,-6.000000000000000000e+00,0.000000000000000000e+00,8.000000000000000000e+00,-8.450941348798470187e+01,1.044352683156036790e+02,6.767540322715103684e+01,0.000000000000000000e+00,8.293378820338558333e-01,8.180917785448766910e-01
6.000000000000000000e+00,-6.000000000000000000e+00,0.000000000000000000e+00,9.000000000000000000e+00,-8.626046855874047026e+01,7.309996800653847515e+01,7.475506228571231304e+01,0.000000000000000000e+00,9.136098498127175338e-01,7.889708864064105542e-01
6.000000000000000000e+00,-6.000000000000000000e+00,0.000000000000000000e+00,1.000000000000000000e+01,-8.804507648336497994e+01,4.027880857354767841e+01,8.057240399438126133e+01,0.000000000000000000e+00,1.001652618065812739e+00,7.598380772581095899e-01
6.000000000000000000e+00,-6.000000000000000000e+00,1.000000000000000000e+00,1.000000000000000000e+00,-5.402769197018538705e+01,2.487660684540157092e+02,2.175096127551682912e+01,0.000000000000000000e+00,4.628295439739349426e-01,9.509128539070942354e-01
6.000000000000000000e+00,-6.000000000000000000e+00,1.000000000000000000e+00,2.000000000000000000e+00,-5.762351335436773070e+01,2.288861170560927576e+02,3.610005105774104095e+01,0.000000000000000000e+00,5.111589593744308990e-01,9.425030713359755508e-01
6.000000000000000000e+00,-6.000000000000000000e+00,1.000000000000000000e+00,3.000000000000000000e+00,-6.092088263816097538e+01,2.075002779919776401e+02,4.923680681860702180e+01,0.000000000000000000e+00,5.644675910714402889e-01,9.289693434171093500e-01
6.000000000000000000e+00,-6.000000000000000000e+00,1.000000000000000000e+00,4.000000000000000000e+00,-6.398230281084778426e+01,1.848324781901175697e+02,6.117990001595057947e+01,0.000000000000000000e+00,6.223940842690610653e-01,9.109655182302033305e-01
6.000000000000000000e+00,-6.000000000000000000e+00,1.000000000000000000e+00,5.000000000000000000e+00,-6.685778818988347894e+01,1.609850346447394713e+02,7.196663024502754524e+01,0.000000000000000000e+00,6.847627066402798279e-01,8.892855647924170492e-01
6.000000000000000000e+00,-6.000000000000000000e+00,1.000000000000000000e+00,6.000000000000000000e+00,-6.958680441875661415e+01,1.359651964195418259e+02,8.164047477061114932e+01,0.000000000000000000e+00,7.515229047906170079e-01,8.647779186541441065e-01
6.000000000000000000e+00,-6.000000000000000000e+00,1.000000000000000000e+00,7.000000000000000000e+00,-7.220048040408826751e+01,1.097023625387783596e+02,9.024265224196977897e+01,0.000000000000000000e+00,8.226957013631218674e-01,8.382711394753733503e-01
6.000000000000000000e+00,-6.000000000000000000e+00,1.000000000000000000e+00,8.000000000000000000e+00,-7.472355944130609373e+01,8.205679863490632897e+01,9.780637498995940859e+01,0.000000000000000000e+00,8.983237852477643504e-01,8.105197661752611138e-01
6.000000000000000000e+00,-6.000000000000000000e+00,1.000000000000000000e+00,9.000000000000000000e+00,-7.717596620457980805e+01,5.282088813318426901e+01,1.043525921467119133e+02,0.000000000000000000e+00,9.784206142410456497e-01,7.821724548737520877e-01
6.000000000000000000e+00,-6.000000000000000000e+00,1.000000000000000000e+00,1.000000000000000000e+01,-7.957401682241487606e+01,2.171335284116202047e+01,1.098862602841429634e+02,0.000000000000000000e+00,1.062913633595330198e+00,7.537595983813472067e-01
6.000000000000000000e+00,-6.000000000000000000e+00,2.000000000000000000e+00,0.000000000000000000e+00,-3.781260420907386788e+01,2.032556300202691659e+02,4.533840081336990124e+01,0.000000000000000000e+00,5.740136351917969337e-01,9.192348508218417535e-01
6.000000000000000000e+00,-6.000000000000000000e+00,2.000000000000000000e+00,1.000000000000000000e+00,-4.217670666204725194e+01,1.913930480689347462e+02,5.809488856993311856e+01,0.000000000000000000e+00,6.055228282794961059e-01,9.166792210409688835e-01
6.000000000000000000e+00,-6.000000000000000000e+00,2.000000000000000000e+00,2.000000000000000000e+00,-4.629563094450094241e+01,1.771140726109030084e+02,7.002724941202586706e+01,0.000000000000000000e+00,6.435372208813023853e-01,9.091383561271815239e-01
6.000000000000000000e+00,-6.000000000000000000e+00,2.000000000000000000e+00,3.000000000000000000e+00,-5.017677204820716952e+01,1.606881659841375551e+02,8.112305688876779186e+01,0.000000000000000000e+00,6.876407352151163721e-01,8.969734965735561838e-01
6.000000000000000000e+00,-6.000000000000000000e+00,2.000000000000000000e+00,4.000000000000000000e+00,-5.383776041931702139e+01,1.423203612177032937e+02,9.137784934129263092e+01,0.000000000000000000e+00,7.375040794278039380e-01,8.807348559101830787e-01
6.000000000000000000e+00,-6.000000000000000000e+00,2.000000000000000000e+00,5.000000000000000000e+00,-5.730122131779363315e+01,1.221438636752503015e+02,1.007944397162233940e+02,0.000000000000000000e+00,7.928876456808168216e-01,8.610970311916091857e-01
6.000000000000000000e+00,-6.000000000000000000e+00,2.000000000000000000e+00,6.000000000000000000e+00,-6.059128540403672503e+01,1.002186063531197817e+02,1.093802244983091896e+02,0.000000000000000000e+00,8.536270798039039542e-01,8.387897986815537887e-01
6.000000000000000000e+00,-6.000000000000000000e+00,2.000000000000000000e+00,7.000000000000000000e+00,-6.373153461210773685e+01,7.653177088057501010e+01,1.171437469327846088e+02,0.000000000000000000e+00,9.196065847457352005e-01,8.145362916832833422e-01
6.000000000000000000e+00,-6.000000000000000000e+00,2.000000000000000000e+00,8.000000000000000000e+00,-6.674395425755020028e+01,5.099735833472277591e+01,1.240911316450917070e+02,0.000000000000000000e+00,9.907225218997696148e-01,7.890060499990102505e-01
6.000000000000000000e+00,-6.000000000000000000e+00,2.000000000000000000e+00,9.000000000000000000e+00,-6.964852039500910053e+01,2.345273130452275723e+01,1.302225500814502652e+02,0.000000000000000000e+00,1.066837566604966314e+00,7.627853955273437014e-01
6.000000000000000000e+00,-6.000000000000000000e+00,3.000000000000000000e+00,2.000000000000000000e+00,-3.919583360872030653e+01,1.234524608559474501e+02,9.776497434070461168e+01,0.000000000000000000e+00,7.886087904234087009e-01,8.606271707079712341e-01
6.000000000000000000e+00,-6.000000000000000000e+00,3.000000000000000000e+00,3.000000000000000000e+00,-4.309130439555826797e+01,1.101372393940970653e+02,1.076994039121258311e+02,0.000000000000000000e+00,8.266693264017289655e-01,8.502861158767676120e-01
6.000000000000000000e+00,-6.000000000000000000e+00,3.000000000000000000e+00,4.000000000000000000e+00,-4.684952397142561153e+01,9.462802624884082547e+01,1.169418503042599582e+02,0.000000000000000000e+00,8.708827507759014930e-01,8.364154716948254409e-01
6.000000000000000000e+00,-6.000000000000000000e+00,3.000000000000000000e+00,5.000000000000000000e+00,-5.046957294374612957e+01,7.700175728983460033e+01,1.255013201628050297e+02,0.000000000000000000e+00,9.210684470995016415e-01,8.195405685546458541e-01
6.000000000000000000e+00,-6.000000000000000000e+00,3.000000000000000000e+00,6.000000000000000000e+00,-5.395620029329694489e+01,5.728547025096975176e+01,1.333847554844278704e+02,0.000000000000000000e+00,9.770638558985631494e-01,8.002395549891976323e-01
6.000000000000000000e+00,-6.000000000000000000e+00,3.000000000000000000e+00,7.000000000000000000e+00,-5.731788888747192345e+01,3.544844516392879541e+01,1.405966678128277181e+02,0.000000000000000000e+00,1.038708172893887172e+00,7.790971476611193713e-01
6.000000000000000000e+00,-6.000000000000000000e+00,3.000000000000000000e+00,8.000000000000000000e+00,-6.056534850590168162e+01,1.139421254258348881e+01,1.471379249834854761e+02,0.000000000000000000e+00,1.105813918369626281e+00,7.566674957531054346e-01
6.000000000000000000e+00,-6.000000000000000000e+00,4.000000000000000000e+00,3.000000000000000000e+00,-3.865067899464872880e+01,5.467091647523076858e+01,1.299293004602986912e+02,0.000000000000000000e+00,9.829273544330506818e-01,7.956867791886801378e-01
6.000000000000000000e+00,-6.000000000000000000e+00,4.000000000000000000e+00,4.000000000000000000e+00,-4.228726309275361928e+01,4.098282128739103314e+01,1.386153130690923376e+02,0.000000000000000000e+00,1.023034059615842262e+00,7.842857517148262847e-01
6.000000000000000000e+00,-6.000000000000000000e+00,4.000000000000000000e+00,5.000000000000000000e+00,-4.584727919287880127e+01,2.497721581426202420e+01,1.466969086433001905e+02,0.000000000000000000e+00,1.069231316665585796e+00,7.703227708932494089e-01
6.000000000000000000e+00,-5.000000000000000000e+00,0.000000000000000000e+00,-1.000000000000000000e+00,-5.743153635351181663e+01,3.749147835554041421e+02,4.053260267062125877e+01,0.000000000000000000e+00,1.974000102435652104e-01,1.154290922442980261e+00
6.000000000000000000e+00,-5.000000000000000000e+00,0.000000000000000000e+00,0.000000000000000000e+00,-6.152117352227094216e+01,3.510136655122093998e+02,5.804245782039959067e+01,0.000000000000000000e+00,2.454665458472898576e-01,1.159406065328042690e+00
6.000000000000000000e+00,-5.000000000000000000e+00,0.000000000000000000e+00,1.000000000000000000e+00,-6.481417199038457966e+01,3.257306265802268399e+02,7.421231467982340746e+01,0.000000000000000000e+00,2.985059619902309946e-01,1.154290922442980039e+00
6.000000000000000000e+00,-5.000000000000000000e+00,0.000000000000000000e+00,2.000000000000000000e+00,-6.765105382222904495e+01,2.998840865491547447e+02,8.896036983992803471e+01,0.000000000000000000e+00,3.551214844283068217e-01,1.139342378679061962e+00
6.000000000000000000e+00,-5.000000000000000000e+00,0.000000000000000000e+00,3.000000000000000000e+00,-7.020978779795856894e+01,2.737734201911292757e+02,1.023446304213391613e+02,0.000000000000000000e+00,4.148065095229042099e-01,1.115668851524159289e+00
6.000000000000000000e+00,-5.000000000000000000e+00,0.000000000000000000e+00,4.000000000000000000e+00,-7.258956753065649536e+01,2.474622478882310759e+02,1.144670744666632345e+02,0.000000000000000000e+00,4.774750902821062737e-01,1.084875232929678690e+00
6.000000000000000000e+00,-5.000000000000000000e+00,0.000000000000000000e+00,5.000000000000000000e+00,-7.484949533470481242e+01,2.208984604199480941e+02,1.254364380135281749e+02,0.000000000000000000e+00,5.432527393220299983e-01,1.048791110986528219e+00
6.000000000000000000e+00,-5.000000000000000000e+00,0.000000000000000000e+00,6.000000000000000000e+00,-7.702701384527510697e+01,1.939657595069429590e+02,1.353540035311650058e+02,0.000000000000000000e+00,6.123754717538748560e-01,1.009221808760969230e+00
6.000000000000000000e+00,-5.000000000000000000e+00,0.000000000000000000e+00,7.000000000000000000e+00,-7.914719747915768266e+01,1.665052187064243867e+02,1.443084722484669555e+02,0.000000000000000000e+00,6.851336423257284869e-01,9.677722308036534882e-01
6.000000000000000000e+00,-5.000000000000000000e+00,0.000000000000000000e+00,8.000000000000000000e+00,-8.122771638298146968e+01,1.383224832368833574e+02,1.523744120873927557e+02,0.000000000000000000e+00,7.618330996515590980e-01,9.257556086649584293e-01
6.000000000000000000e+00,-5.000000000000000000e+00,0.000000000000000000e+00,9.000000000000000000e+00,-8.328163546433302145e+01,1.091870401221934657e+02,1.596119922845028896e+02,0.000000000000000000e+00,8.427602250989137955e-01,8.841725082514975131e-01
6.000000000000000000e+00,-5.000000000000000000e+00,0.000000000000000000e+00,1.000000000000000000e+01,-8.531907248273930122e+01,7.882603655094096951e+01,1.660669854055190342e+02,0.000000000000000000e+00,9.281429085294021775e-01,8.437352239018333089e-01
6.000000000000000000e+00,-5.000000000000000000e+00,0.000000000000000000e+00,1.100000000000000000e+01,-8.734822656304329769e+01,4.691316607734341915e+01,1.717705218956415649e+02,0.000000000000000000e+00,1.018101580731153311e+00,8.049143593953523856e-01
6.000000000000000000e+00,-5.000000000000000000e+00,1.000000000000000000e+00,0.000000000000000000e+00,-3.952958137753881829e+01,2.889778201013767784e+02,9.842769820465878183e+01,0.000000000000000000e+00,3.800272311619540266e-01,1.138149110040370449e+00
6.000000000000000000e+00,-5.000000000000000000e+00,1.000000000000000000e+00,1.000000000000000000e+00,-4.506749086387262082e+01,2.741568655373515639e+02,1.107755115743098600e+02,0.000000000000000000e+00,4.146266110329110965e-01,1.133309026706234679e+00
6.000000000000000000e+00,-5.000000000000000000e+00,1.000000000000000000e+00,2.000000000000000000e+00,-4.996901730861813462e+01,2.567501218335503950e+02,1.225260197082469631e+02,0.000000000000000000e+00,4.561943426781414068e-01,1.119151062088150850e+00
6.000000000000000000e+00,-5.000000000000000000e+00,1.000000000000000000e+00,3.000000000000000000e+00,-5.433663193274131231e+01,2.373506397745521213e+02,1.335910833536049722e+02,0.000000000000000000e+00,5.037731470293461689e-01,1.096689555803326721e+00
6.000000000000000000e+00,-5.000000000000000000e+00,1.000000000000000000e+00,4.000000000000000000e+00,-5.827133814439304160e+01,2.163670121278193506e+02,1.439310094688391359e+02,0.000000000000000000e+00,5.567215721649532156e-01,1.067400363205363245e+00
6.000000000000000000e+00,-5.000000000000000000e+00,1.000000000000000000e+00,5.000000000000000000e+00,-6.186063423927686244e+01,1.940495242243090672e+02,1.535402544989578359e+02,0.000000000000000000e+00,6.146661398441749524e-01,1.032977722129807763e+00
6.000000000000000000e+00,-5.000000000000000000e+00,1.000000000000000000e+00,6.000000000000000000e+00,-6.517602082681628417e+01,1.705226304543111553e+02,1.624341825862775295e+02,0.000000000000000000e+00,6.774366045062717445e-01,9.951080693195579752e-01
6.000000000000000000e+00,-5.000000000000000000e+00,1.000000000000000000e+00,7.000000000000000000e+00,-6.827446599708342490e+01,1.458118181429209130e+02,1.706391054885610856e+02,0.000000000000000000e+00,7.450037770936155379e-01,9.553060913548090394e-01
6.000000000000000000e+00,-5.000000000000000000e+00,1.000000000000000000e+00,8.000000000000000000e+00,-7.120101237983519127e+01,1.198618148596862909e+02,1.781854478310768854e+02,0.000000000000000000e+00,8.174236773310737947e-01,9.148258131498817614e-01
6.000000000000000000e+00,-5.000000000000000000e+00,1.000000000000000000e+00,9.000000000000000000e+00,-7.399136237873290156e+01,9.254639163678501745e+01,1.851032161414509005e+02,0.000000000000000000e+00,8.947852222295515912e-01,8.746356043701368765e-01
6.000000000000000000e+00,-5.000000000000000000e+00,1.000000000000000000e+00,1.000000000000000000e+01,-7.667406469506551048e+01,6.367063669232248913e+01,1.914189493311640149e+02,0.000000000000000000e+00,9.771564483780207366e-01,8.354359281942318471e-01
6.000000000000000000e+00,-5.000000000000000000e+00,1.000000000000000000e+00,1.100000000000000000e+01,-7.927224812181916036e+01,3.296614111981520523e+01,1.971534926660366125e+02,0.000000000000000000e+00,1.064523696160127653e+00,7.976991923466122403e-01
6.000000000000000000e+00,-5.000000000000000000e+00,2.000000000000000000e+00,2.000000000000000000e+00,-3.893479803052451871e+01,2.099515338911992046e+02,1.513586917179506202e+02,0.000000000000000000e+00,5.737445775187466346e-01,1.064464291402899443e+00
6.000000000000000000e+00,-5.000000000000000000e+00,2.000000000000000000e+00,3.000000000000000000e+00,-4.366213723975789662e+01,1.950289932171016005e+02,1.610231685528223977e+02,0.000000000000000000e+00,6.130972901827526078e-01,1.045081943134225533e+00
6.000000000000000000e+00,-5.000000000000000000e+00,2.000000000000000000e+00,4.000000000000000000e+00,-4.806563099142519491e+01,1.780261906376389902e+02,1.701880093868279573e+02,0.000000000000000000e+00,6.587144534735056567e-01,1.019643209006567908e+00
6.000000000000000000e+00,-5.000000000000000000e+00,2.000000000000000000e+00,5.000000000000000000e+00,-5.217262336771455011e+01,1.591627794477666100e+02,1.788417790957219893e+02,0.000000000000000000e+00,7.102649752217317092e-01,9.895110971109731812e-01
6.000000000000000000e+00,-5.000000000000000000e+00,2.000000000000000000e+00,6.000000000000000000e+00,-5.601647375500510861e+01,1.385801681465280240e+02,1.869846565310512858e+02,0.000000000000000000e+00,7.675314018129026916e-01,9.560739417958752373e-01
6.000000000000000000e+00,-5.000000000000000000e+00,2.000000000000000000e+00,7.000000000000000000e+00,-5.963159685779562835e+01,1.163422909995089043e+02,1.946255429295765680e+02,0.000000000000000000e+00,8.303904238675667848e-01,9.206129245162896213e-01
6.000000000000000000e+00,-5.000000000000000000e+00,2.000000000000000000e+00,8.000000000000000000e+00,-6.305073909120991971e+01,9.243818852788211871e+01,2.017790239997873130e+02,0.000000000000000000e+00,8.987816197015013886e-01,8.842219995396646270e-01
6.000000000000000000e+00,-5.000000000000000000e+00,2.000000000000000000e+00,9.000000000000000000e+00,-6.630373297970520241e+01,6.678322032307049483e+01,2.084626787196939972e+02,0.000000000000000000e+00,9.726670555014634845e-01,8.477760715692076454e-01
6.000000000000000000e+00,-5.000000000000000000e+00,2.000000000000000000e+00,1.000000000000000000e+01,-6.941712749851508590e+01,3.921685770064058829e+01,2.146948626021562347e+02,0.000000000000000000e+00,1.051981442005453404e+00,8.119344187191990247e-01
6.000000000000000000e+00,-5.000000000000000000e+00,2.000000000000000000e+00,1.100000000000000000e+01,-7.241428928297916912e+01,9.495464868218078891e+00,2.204929047718635502e+02,0.000000000000000000e+00,1.136570557861665609e+00,7.771648709114480358e-01
6.000000000000000000e+00,-5.000000000000000000e+00,3.000000000000000000e+00,3.000000000000000000e+00,-3.690055892599480103e+01,1.481126136934512942e+02,1.851288737172233709e+02,0.000000000000000000e+00,7.411705302059682365e-01,9.732043462761461594e-01
6.000000000000000000e+00,-5.000000000000000000e+00,3.000000000000000000e+00,4.000000000000000000e+00,-4.125224432802883712e+01,1.338878517528399925e+02,1.935903875050574641e+02,0.000000000000000000e+00,7.815551003781967543e-01,9.525623439844899121e-01
6.000000000000000000e+00,-5.000000000000000000e+00,3.000000000000000000e+00,5.000000000000000000e+00,-4.541171802017854020e+01,1.175655872933555628e+02,2.016555341820784690e+02,0.000000000000000000e+00,8.282774747290188033e-01,9.278565425500442387e-01
6.000000000000000000e+00,-5.000000000000000000e+00,3.000000000000000000e+00,6.000000000000000000e+00,-4.938242905976835573e+01,9.923432084886083260e+01,2.093314180334245691e+02,0.000000000000000000e+00,8.811710379375540247e-01,9.001203180300278994e-01
6.000000000000000000e+00,-5.000000000000000000e+00,3.000000000000000000e+00,7.000000000000000000e+00,-5.317455542176224981e+01,7.892896173893724665e+01,2.166291299321044619e+02,0.000000000000000000e+00,9.401065832284566381e-01,8.703419955489257731e-01
6.000000000000000000e+00,-5.000000000000000000e+00,3.000000000000000000e+00,8.000000000000000000e+00,-5.680227669226366061e+01,5.662409779412411126e+01,2.235633098532444762e+02,0.000000000000000000e+00,1.004972692132384937e+00,8.394004910999501856e-01
6.000000000000000000e+00,-5.000000000000000000e+00,3.000000000000000000e+00,9.000000000000000000e+00,-6.028178229261237675e+01,3.222732337552514537e+01,2.301514267254628407e+02,0.000000000000000000e+00,1.075643321168687772e+00,8.080316057376406569e-01
6.000000000000000000e+00,-5.000000000000000000e+00,4.000000000000000000e+00,4.000000000000000000e+00,-3.698866606265485757e+01,8.404969759431270404e+01,2.146405387251732009e+02,0.000000000000000000e+00,9.251706849531931010e-01,8.775934520544882433e-01
6.000000000000000000e+00,-5.000000000000000000e+00,4.000000000000000000e+00,5.000000000000000000e+00,-4.098692772438099041e+01,6.943722859361808730e+01,2.224199775179606036e+02,0.000000000000000000e+00,9.683047601386958192e-01,8.581604172900834104e-01
6.000000000000000000e+00,-5.000000000000000000e+00,4.000000000000000000e+00,6.000000000000000000e+00,-4.487098100679560275e+01,5.262346418142567472e+01,2.298886477639528891e+02,0.000000000000000000e+00,1.017782849098802345e+00,8.360748382938898438e-01
6.000000000000000000e+00,-5.000000000000000000e+00,4.000000000000000000e+00,7.000000000000000000e+00,-4.863716279380122387e+01,3.359226314647438016e+01,2.370665931014820558e+02,0.000000000000000000e+00,1.073470366346434668e+00,8.120494080736954112e-01
6.000000000000000000e+00,-5.000000000000000000e+00,4.000000000000000000e+00,8.000000000000000000e+00,-5.228683085290391830e+01,1.227510232405373358e+01,2.439759004289155371e+02,0.000000000000000000e+00,1.135205410737997633e+00,7.867451166248173866e-01
6.000000000000000000e+00,-5.000000000000000000e+00,5.000000000000000000e+00,5.000000000000000000e+00,-3.835849403365139665e+01,1.382168340256177430e+01,2.416484786711772585e+02,0.000000000000000000e+00,1.130289694689600832e+00,7.880334099880343945e-01
6.000000000000000000e+00,-4.000000000000000000e+00,-1.000000000000000000e+00,4.000000000000000000e+00,-8.818811967490702841e+01,2.876951534473065522e+02,1.585277409518217553e+02,0.000000000000000000e+00,3.867529403894293671e-01,1.280488897659129099e+00
6.000000000000000000e+00,-4.000000000000000000e+00,0.000000000000000000e+00,0.000000000000000000e+00,-5.167964919077348895e+01,3.700800310528532009e+02,1.382218706983071286e+02,0.000000000000000000e+00,2.099676156119241188e-01,1.449257581660053695e+00
6.000000000000000000e+00,-4.000000000000000000e+00,0.000000000000000000e+00,1.000000000000000000e+00,-5.750313357138503534e+01,3.479031368243313409e+02,1.513498675511069678e+02,0.000000000000000000e+00,2.553636321658547814e-01,1.439304050665063839e+00
6.000000000000000000e+00,-4.000000000000000000e+00,0.000000000000000000e+00,2.000000000000000000e+00,-6.201035488422797926e+01,3.239209520006075991e+02,1.637195056457016733e+02,0.000000000000000000e+00,3.064720863115671379e-01,1.410630558812735691e+00
6.000000000000000000e+00,-4.000000000000000000e+00,0.000000000000000000e+00,3.000000000000000000e+00,-6.571871342027297658e+01,2.990452162308936863e+02,1.752290293210025993e+02,0.000000000000000000e+00,3.617761841684503654e-01,1.366427981428208316e+00
6.000000000000000000e+00,-4.000000000000000000e+00,0.000000000000000000e+00,4.000000000000000000e+00,-6.892241864052995481e+01,2.736652185996459252e+02,1.858880007039651616e+02,0.000000000000000000e+00,4.206606175606181219e-01,1.310988888733160440e+00
6.000000000000000000e+00,-4.000000000000000000e+00,0.000000000000000000e+00,5.000000000000000000e+00,-7.179363695378756915e+01,2.479098022110630097e+02,1.957500282977819950e+02,0.000000000000000000e+00,4.829719040898024507e-01,1.248723795845208207e+00
6.000000000000000000e+00,-4.000000000000000000e+00,0.000000000000000000e+00,6.000000000000000000e+00,-7.443779323958119676e+01,2.217714571552429561e+02,2.048831546416153628e+02,0.000000000000000000e+00,5.488015427893944143e-01,1.183456329609615443e+00
6.000000000000000000e+00,-4.000000000000000000e+00,0.000000000000000000e+00,7.000000000000000000e+00,-7.692254649960634083e+01,1.951640180494038646e+02,2.133572065155946689e+02,0.000000000000000000e+00,6.183750174203095362e-01,1.118105196404325152e+00
6.000000000000000000e+00,-4.000000000000000000e+00,0.000000000000000000e+00,8.000000000000000000e+00,-7.929329059336222940e+01,1.679487415149797016e+02,2.212386087938906769e+02,0.000000000000000000e+00,6.919881844994781872e-01,1.054669029877291608e+00
6.000000000000000000e+00,-4.000000000000000000e+00,0.000000000000000000e+00,9.000000000000000000e+00,-8.158176814286717615e+01,1.399443881670975998e+02,2.285885193846992252e+02,0.000000000000000000e+00,7.699629928842489646e-01,9.943726280798964590e-01
6.000000000000000000e+00,-4.000000000000000000e+00,0.000000000000000000e+00,1.000000000000000000e+01,-8.381105940447496039e+01,1.109282023792732446e+02,2.354624570997094111e+02,0.000000000000000000e+00,8.526078752750527734e-01,9.378617184396542683e-01
6.000000000000000000e+00,-4.000000000000000000e+00,0.000000000000000000e+00,1.100000000000000000e+01,-8.599859045837996518e+01,8.063061589725326428e+01,2.419105973329149606e+02,0.000000000000000000e+00,9.401737324524497286e-01,8.853837051751843878e-01
6.000000000000000000e+00,-4.000000000000000000e+00,0.000000000000000000e+00,1.200000000000000000e+01,-8.815801819682872065e+01,4.872438026830357671e+01,2.479783592552536220e+02,0.000000000000000000e+00,1.032798582773502005e+00,8.369307733096497115e-01
6.000000000000000000e+00,-4.000000000000000000e+00,1.000000000000000000e+00,1.000000000000000000e+00,-3.690084380185436430e+01,3.018048084092690146e+02,1.821813247639685471e+02,0.000000000000000000e+00,3.558400147198398922e-01,1.399227920662430735e+00
6.000000000000000000e+00,-4.000000000000000000e+00,1.000000000000000000e+00,2.000000000000000000e+00,-4.330887039256651860e+01,2.856466306836752551e+02,1.924210816343399699e+02,0.000000000000000000e+00,3.930478734259843510e-01,1.372840499188007435e+00
6.000000000000000000e+00,-4.000000000000000000e+00,1.000000000000000000e+00,3.000000000000000000e+00,-4.887464554114109205e+01,2.670811391772736556e+02,2.022605964128768221e+02,0.000000000000000000e+00,4.370325855435046036e-01,1.331995643006894881e+00
6.000000000000000000e+00,-4.000000000000000000e+00,1.000000000000000000e+00,4.000000000000000000e+00,-5.375137580013566208e+01,2.467082212023389047e+02,2.116365639281544020e+02,0.000000000000000000e+00,4.868408846331375717e-01,1.280488897659129321e+00
6.000000000000000000e+00,-4.000000000000000000e+00,1.000000000000000000e+00,5.000000000000000000e+00,-5.808133922462560861e+01,2.249171252713905460e+02,2.205284085463734982e+02,0.000000000000000000e+00,5.418876341569360822e-01,1.222281502192820390e+00
6.000000000000000000e+00,-4.000000000000000000e+00,1.000000000000000000e+00,6.000000000000000000e+00,-6.198262543186253026e+01,2.019299380037624019e+02,2.289439814464965650e+02,0.000000000000000000e+00,6.018763042345850467e-01,1.160874775926973079e+00
6.000000000000000000e+00,-4.000000000000000000e+00,1.000000000000000000e+00,7.000000000000000000e+00,-6.554864623062042028e+01,1.778426407633867825e+02,2.369083466160625449e+02,0.000000000000000000e+00,6.667178820929333671e-01,1.099003409752439486e+00
6.000000000000000000e+00,-4.000000000000000000e+00,1.000000000000000000e+00,8.000000000000000000e+00,-6.885196259027630106e+01,1.526551525095086959e+02,2.444562707973651072e+02,0.000000000000000000e+00,7.364617093840413187e-01,1.038592337459055548e+00
6.000000000000000000e+00,-4.000000000000000000e+00,1.000000000000000000e+00,9.000000000000000000e+00,-7.194879331263511801e+01,1.262900445524284976e+02,2.516276548069776595e+02,0.000000000000000000e+00,8.112369283315420398e-01,9.808645154941760813e-01
6.000000000000000000e+00,-4.000000000000000000e+00,1.000000000000000000e+00,1.000000000000000000e+01,-7.488296273965237049e+01,9.860169915022508746e+01,2.584650140828362055e+02,0.000000000000000000e+00,8.911986080560544421e-01,9.265027787641416657e-01
6.000000000000000000e+00,-4.000000000000000000e+00,1.000000000000000000e+00,1.100000000000000000e+01,-7.768902324942982318e+01,6.937747295969683137e+01,2.650123345907328485e+02,0.000000000000000000e+00,9.764717044290778247e-01,8.758079779953390487e-01
6.000000000000000000e+00,-4.000000000000000000e+00,1.000000000000000000e+00,1.200000000000000000e+01,-8.039462494101387335e+01,3.833153405667593461e+01,2.713148779734765412e+02,0.000000000000000000e+00,1.067086049677206550e+00,8.288287418842111842e-01
6.000000000000000000e+00,-4.000000000000000000e+00,2.000000000000000000e+00,3.000000000000000000e+00,-3.797548057321426995e+01,2.272113119648910811e+02,2.269994932756830508e+02,0.000000000000000000e+00,5.364591489301541172e-01,1.242477119971895139e+00
6.000000000000000000e+00,-4.000000000000000000e+00,2.000000000000000000e+00,4.000000000000000000e+00,-4.320591701927972395e+01,2.108799106407196291e+02,2.354982930257050384e+02,0.000000000000000000e+00,5.789567844643908057e-01,1.200359332483796004e+00
6.000000000000000000e+00,-4.000000000000000000e+00,2.000000000000000000e+00,5.000000000000000000e+00,-4.801365001114672282e+01,1.926075930209967737e+02,2.436869192051315451e+02,0.000000000000000000e+00,6.276316244748612050e-01,1.152015850211526748e+00
6.000000000000000000e+00,-4.000000000000000000e+00,2.000000000000000000e+00,6.000000000000000000e+00,-5.244540667148814350e+01,1.726173310056684329e+02,2.515656746630056091e+02,0.000000000000000000e+00,6.821722328068594576e-01,1.100172951081847428e+00
6.000000000000000000e+00,-4.000000000000000000e+00,2.000000000000000000e+00,7.000000000000000000e+00,-5.655157695667990936e+01,1.510418453039169151e+02,2.591479367301529919e+02,0.000000000000000000e+00,7.424056991117581328e-01,1.047083691456857757e+00
6.000000000000000000e+00,-4.000000000000000000e+00,2.000000000000000000e+00,8.000000000000000000e+00,-6.038051388814378129e+01,1.279298239490569102e+02,2.664571925853607013e+02,0.000000000000000000e+00,8.082671823708199588e-01,9.944430284392177244e-01
6.000000000000000000e+00,-4.000000000000000000e+00,2.000000000000000000e+00,9.000000000000000000e+00,-6.397595333210628610e+01,1.032519950537572129e+02,2.735246695115205284e+02,0.000000000000000000e+00,8.797605352990376382e-01,9.434208537025990937e-01
6.000000000000000000e+00,-4.000000000000000000e+00,2.000000000000000000e+00,1.000000000000000000e+01,-6.737623745796862806e+01,7.690416300530038995e+01,2.803878131327697929e+02,0.000000000000000000e+00,9.569116537776496401e-01,8.947525188540309538e-01
6.000000000000000000e+00,-4.000000000000000000e+00,2.000000000000000000e+00,1.100000000000000000e+01,-7.061446510352281791e+01,4.870559099751719145e+01,2.870896473899070998e+02,0.000000000000000000e+00,1.039712857726058592e+00,8.488435895980965817e-01
6.000000000000000000e+00,-4.000000000000000000e+00,2.000000000000000000e+00,1.200000000000000000e+01,-7.371905418850612079e+01,1.839146386963145119e+01,2.936790021465585028e+02,0.000000000000000000e+00,1.128054607771884266e+00,8.058653073032571168e-01
6.000000000000000000e+00,-4.000000000000000000e+00,3.000000000000000000e+00,4.000000000000000000e+00,-3.643616516571498209e+01,1.686761251386217282e+02,2.575947872299718711e+02,0.000000000000000000e+00,6.934554311251905911e-01,1.094831744208387247e+00
6.000000000000000000e+00,-4.000000000000000000e+00,3.000000000000000000e+00,5.000000000000000000e+00,-4.118505674861032162e+01,1.530949238953972724e+02,2.653741750247640994e+02,0.000000000000000000e+00,7.372401359793957498e-01,1.057778690001951238e+00
6.000000000000000000e+00,-4.000000000000000000e+00,3.000000000000000000e+00,6.000000000000000000e+00,-4.567715139001731472e+01,1.355183237010801065e+02,2.729491183357579871e+02,0.000000000000000000e+00,7.873711270925242145e-01,1.017222387008035689e+00
6.000000000000000000e+00,-4.000000000000000000e+00,3.000000000000000000e+00,7.000000000000000000e+00,-4.992516925609459122e+01,1.160398598342059984e+02,2.803376941423632047e+02,0.000000000000000000e+00,8.437004017339051476e-01,9.748202101064709080e-01
6.000000000000000000e+00,-4.000000000000000000e+00,3.000000000000000000e+00,8.000000000000000000e+00,-5.394847370517479135e+01,9.469170306095433887e+01,2.875656790147920674e+02,0.000000000000000000e+00,9.061333952674452963e-01,9.319191519494189890e-01
6.000000000000000000e+00,-4.000000000000000000e+00,3.000000000000000000e+00,9.000000000000000000e+00,-5.776959926804252632e+01,7.144000626740857740e+01,2.946663460493255684e+02,0.000000000000000000e+00,9.746031494189502098e-01,8.895375226241776234e-01
6.000000000000000000e+00,-4.000000000000000000e+00,3.000000000000000000e+00,1.000000000000000000e+01,-6.141196195541984082e+01,4.617979025543243665e+01,3.016805331742709200e+02,0.000000000000000000e+00,1.049031406953570000e+00,8.483934930231317173e-01
6.000000000000000000e+00,-4.000000000000000000e+00,3.000000000000000000e+00,1.100000000000000000e+01,-6.489848602966382884e+01,1.872719939505833509e+01,3.086572486932080892e+02,0.000000000000000000e+00,1.129275550767757430e+00,8.089557540334947339e-01
6.000000000000000000e+00,-4.000000000000000000e+00,4.000000000000000000e+00,5.000000000000000000e+00,-3.688473396971275520e+01,1.072107024151453771e+02,2.859663868183777140e+02,0.000000000000000000e+00,8.697134408488330637e-01,9.577945028864700561e-01
6.000000000000000000e+00,-4.000000000000000000e+00,4.000000000000000000e+00,6.000000000000000000e+00,-4.120556814110369714e+01,9.134557165908438492e+01,2.934705391910979415e+02,0.000000000000000000e+00,9.164908240270650541e-01,9.273744547201294708e-01
6.000000000000000000e+00,-4.000000000000000000e+00,4.000000000000000000e+00,7.000000000000000000e+00,-4.536832719339957976e+01,7.336204480798824079e+01,3.008745820871254750e+02,0.000000000000000000e+00,9.697016758520875523e-01,8.949064134435658069e-01
6.000000000000000000e+00,-4.000000000000000000e+00,4.000000000000000000e+00,8.000000000000000000e+00,-4.937415765517050659e+01,5.324576814035881966e+01,3.082134234753564215e+02,0.000000000000000000e+00,1.029234426162002336e+00,8.613715276165863077e-01
6.000000000000000000e+00,-4.000000000000000000e+00,4.000000000000000000e+00,9.000000000000000000e+00,-5.322957414652665875e+01,3.092509771321138601e+01,3.155295011709550863e+02,0.000000000000000000e+00,1.094957558629310546e+00,8.275735894045902485e-01
6.000000000000000000e+00,-4.000000000000000000e+00,5.000000000000000000e+00,6.000000000000000000e+00,-3.853514797220026367e+01,3.969439854503539777e+01,3.136790167959564997e+02,0.000000000000000000e+00,1.069308581716577056e+00,8.406066970907725144e-01
6.000000000000000000e+00,-4.000000000000000000e+00,5.000000000000000000e+00,7.000000000000000000e+00,-4.250694002819381012e+01,2.252312360131449509e+01,3.213235014407865719e+02,0.000000000000000000e+00,1.119880243345491300e+00,8.161997888677690050e-01
6.000000000000000000e+00,-3.000000000000000000e+00,-1.000000000000000000e+00,4.000000000000000000e+00,-8.805123265380957776e+01,3.068553284303747546e+02,2.234652371560126483e+02,0.000000000000000000e+00,3.457642949156995438e-01,1.578012099998020501e+00
6.000000000000000000e+00,-3.000000000000000000e+00,0.000000000000000000e+00,1.000000000000000000e+00,-5.198809418275541816e+01,3.736790169659797698e+02,2.165976161259476385e+02,0.000000000000000000e+00,2.040544526813689030e-01,1.908936843350028223e+00
6.000000000000000000e+00,-3.000000000000000000e+00,0.000000000000000000e+00,2.000000000000000000e+00,-5.838818336718586011e+01,3.498188914024705127e+02,2.275155892101163317e+02,0.000000000000000000e+00,2.528875683673400543e-01,1.843511800489819663e+00
6.000000000000000000e+00,-3.000000000000000000e+00,0.000000000000000000e+00,3.000000000000000000e+00,-6.323451650543411517e+01,3.247881059178245664e+02,2.378264771336195338e+02,0.000000000000000000e+00,3.064011690833068902e-01,1.747985184977547402e+00
6.000000000000000000e+00,-3.000000000000000000e+00,0.000000000000000000e+00,4.000000000000000000e+00,-6.716603649358010841e+01,2.992271820726750775e+02,2.475141924246961196e+02,0.000000000000000000e+00,3.635582598660370701e-01,1.636183557089753382e+00
6.000000000000000000e+00,-3.000000000000000000e+00,0.000000000000000000e+00,5.000000000000000000e+00,-7.052827890362911489e+01,2.733637778256952515e+02,2.566210981862732297e+02,0.000000000000000000e+00,4.240443560661383282e-01,1.519676154516219180e+00
6.000000000000000000e+00,-3.000000000000000000e+00,0.000000000000000000e+00,6.000000000000000000e+00,-7.351835574831167719e+01,2.472324807875259296e+02,2.652098328813787020e+02,0.000000000000000000e+00,4.878937790220488346e-01,1.406225373169722070e+00
6.000000000000000000e+00,-3.000000000000000000e+00,0.000000000000000000e+00,7.000000000000000000e+00,-7.625534985916883102e+01,2.207686907837887702e+02,2.733484936761588528e+02,0.000000000000000000e+00,5.553212481127266509e-01,1.300128248812606246e+00
6.000000000000000000e+00,-3.000000000000000000e+00,0.000000000000000000e+00,8.000000000000000000e+00,-7.881511657605776122e+01,1.938491310601552016e+02,2.811051806580805987e+02,0.000000000000000000e+00,6.266381521597464976e-01,1.203233066816324692e+00
6.000000000000000000e+00,-3.000000000000000000e+00,0.000000000000000000e+00,9.000000000000000000e+00,-8.124832514339279044e+01,1.663083463702576807e+02,2.885464555907194608e+02,0.000000000000000000e+00,7.022030238154367554e-01,1.115907697746199689e+00
6.000000000000000000e+00,-3.000000000000000000e+00,0.000000000000000000e+00,1.000000000000000000e+01,-8.359030589936290312e+01,1.379431703305934036e+02,2.957375639770616544e+02,0.000000000000000000e+00,7.823835255446345283e-01,1.037732273620628032e+00
6.000000000000000000e+00,-3.000000000000000000e+00,0.000000000000000000e+00,1.100000000000000000e+01,-8.586669335073345621e+01,1.085100435609439984e+02,3.027435684639395390e+02,0.000000000000000000e+00,8.675179483039741068e-01,9.679281133155815953e-01
6.000000000000000000e+00,-3.000000000000000000e+00,0.000000000000000000e+00,1.200000000000000000e+01,-8.809680758515695231e+01,7.771688304932922620e+01,3.096310965792372372e+02,0.000000000000000000e+00,9.578681834755362612e-01,9.055993202446037671e-01
6.000000000000000000e+00,-3.000000000000000000e+00,1.000000000000000000e+00,2.000000000000000000e+00,-3.761843768517005060e+01,3.147680662865474801e+02,2.531437763485053836e+02,0.000000000000000000e+00,3.286965973972439947e-01,1.761469711820366157e+00
6.000000000000000000e+00,-3.000000000000000000e+00,1.000000000000000000e+00,3.000000000000000000e+00,-4.462527385480694875e+01,2.962656544127487450e+02,2.621823078718290958e+02,0.000000000000000000e+00,3.706229448218122946e-01,1.677579597363107800e+00
6.000000000000000000e+00,-3.000000000000000000e+00,1.000000000000000000e+00,4.000000000000000000e+00,-5.056393830644358900e+01,2.757470204730498153e+02,2.709145774900349011e+02,0.000000000000000000e+00,4.187243903864363292e-01,1.578012099998020723e+00
6.000000000000000000e+00,-3.000000000000000000e+00,1.000000000000000000e+00,5.000000000000000000e+00,-5.567548667791359662e+01,2.537684494104763360e+02,2.793190633466601298e+02,0.000000000000000000e+00,4.721416214329447469e-01,1.472727385493023178e+00
6.000000000000000000e+00,-3.000000000000000000e+00,1.000000000000000000e+00,6.000000000000000000e+00,-6.015711254588063639e+01,2.306497690892135779e+02,2.874074371407134549e+02,0.000000000000000000e+00,5.304289480002490897e-01,1.368778946962249110e+00
6.000000000000000000e+00,-3.000000000000000000e+00,1.000000000000000000e+00,7.000000000000000000e+00,-6.415972164593007676e+01,2.065440042335588942e+02,2.952113941072080934e+02,0.000000000000000000e+00,5.934286476924564013e-01,1.270363002570064292e+00
6.000000000000000000e+00,-3.000000000000000000e+00,1.000000000000000000e+00,8.000000000000000000e+00,-6.779620479321481241e+01,1.814869720912814159e+02,3.027745139540396622e+02,0.000000000000000000e+00,6.611732895180125746e-01,1.179523130928754604e+00
6.000000000000000000e+00,-3.000000000000000000e+00,1.000000000000000000e+00,9.000000000000000000e+00,-7.115083418790588610e+01,1.554280380969080113e+02,3.101478840676337541e+02,0.000000000000000000e+00,7.338126631562726931e-01,1.096916416295262042e+00
6.000000000000000000e+00,-3.000000000000000000e+00,1.000000000000000000e+00,1.000000000000000000e+01,-7.428703463439744326e+01,1.282467097616253113e+02,3.173882342457182517e+02,0.000000000000000000e+00,8.115550356308497415e-01,1.022406620268124566e+00
6.000000000000000000e+00,-3.000000000000000000e+00,1.000000000000000000e+00,1.100000000000000000e+01,-7.725319661491214163e+01,9.975886524796896992e+01,3.245577637938133648e+02,0.000000000000000000e+00,8.946126854988342147e-01,9.554560263055826841e-01
6.000000000000000000e+00,-3.000000000000000000e+00,1.000000000000000000e+00,1.200000000000000000e+01,-8.008686713158931525e+01,6.971478644058383622e+01,3.317252376839356316e+02,0.000000000000000000e+00,9.831429481534311732e-01,8.953602301664944640e-01
6.000000000000000000e+00,-3.000000000000000000e+00,1.000000000000000000e+00,1.300000000000000000e+01,-8.281774050951776189e+01,3.778964353098996298e+01,3.389682342107086583e+02,0.000000000000000000e+00,1.077176885920211546e+00,8.413785346553934730e-01
6.000000000000000000e+00,-3.000000000000000000e+00,2.000000000000000000e+00,4.000000000000000000e+00,-3.933987016766215561e+01,2.414884780739321286e+02,2.932563638533704307e+02,0.000000000000000000e+00,5.031049276996302222e-01,1.434837080645533502e+00
6.000000000000000000e+00,-3.000000000000000000e+00,2.000000000000000000e+00,5.000000000000000000e+00,-4.492961050381927635e+01,2.233010026988935692e+02,3.011488647625050703e+02,0.000000000000000000e+00,5.497589881381929056e-01,1.354321388342073496e+00
6.000000000000000000e+00,-3.000000000000000000e+00,2.000000000000000000e+00,6.000000000000000000e+00,-4.999244187365087555e+01,2.033723007752230956e+02,3.088693040505713725e+02,0.000000000000000000e+00,6.023402163667322951e-01,1.272170323036664774e+00
6.000000000000000000e+00,-3.000000000000000000e+00,2.000000000000000000e+00,7.000000000000000000e+00,-5.460504935186303044e+01,1.819074000393273991e+02,3.164395429848195249e+02,0.000000000000000000e+00,6.605862378632746390e-01,1.192005932987187489e+00
6.000000000000000000e+00,-3.000000000000000000e+00,2.000000000000000000e+00,8.000000000000000000e+00,-5.884025270964222898e+01,1.590092863284849898e+02,3.238940009922412173e+02,0.000000000000000000e+00,7.243908192599690654e-01,1.116007197997256339e+00
6.000000000000000000e+00,-3.000000000000000000e+00,2.000000000000000000e+00,9.000000000000000000e+00,-6.276250195873444682e+01,1.346919927403485531e+02,3.312774029282945776e+02,0.000000000000000000e+00,7.937588191590353448e-01,1.045278254929294715e+00
6.000000000000000000e+00,-3.000000000000000000e+00,2.000000000000000000e+00,1.000000000000000000e+01,-6.642685561645606640e+01,1.088898970257531573e+02,3.386437536525817222e+02,0.000000000000000000e+00,8.687571269185182521e-01,9.802073651435532220e-01
6.000000000000000000e+00,-3.000000000000000000e+00,2.000000000000000000e+00,1.100000000000000000e+01,-6.987957239995967029e+01,8.146151944328113359e+01,3.460565525690340110e+02,0.000000000000000000e+00,9.494605648914983265e-01,9.207471080274693964e-01
6.000000000000000000e+00,-3.000000000000000000e+00,2.000000000000000000e+00,1.200000000000000000e+01,-7.315930674070619943e+01,5.218702576807334026e+01,3.535902575939994108e+02,0.000000000000000000e+00,1.035888784795666151e+00,8.666086191858775045e-01
6.000000000000000000e+00,-3.000000000000000000e+00,2.000000000000000000e+00,1.300000000000000000e+01,-7.629842036806459760e+01,2.075854083704825825e+01,3.613331282147721595e+02,0.000000000000000000e+00,1.127928704997724241e+00,8.173862552603634590e-01
6.000000000000000000e+00,-3.000000000000000000e+00,3.000000000000000000e+00,5.000000000000000000e+00,-3.786404422862014485e+01,1.849462323593166388e+02,3.221975595559931662e+02,0.000000000000000000e+00,6.524808937288105737e-01,1.207856812127471535e+00
6.000000000000000000e+00,-3.000000000000000000e+00,3.000000000000000000e+00,6.000000000000000000e+00,-4.292520531186602284e+01,1.676990282950882261e+02,3.297557530372598649e+02,0.000000000000000000e+00,7.003077335210918797e-01,1.148495370155448558e+00
6.000000000000000000e+00,-3.000000000000000000e+00,3.000000000000000000e+00,7.000000000000000000e+00,-4.765854217470317167e+01,1.485691680040082758e+02,3.372659242990517896e+02,0.000000000000000000e+00,7.543836600755070565e-01,1.088482344286419323e+00
6.000000000000000000e+00,-3.000000000000000000e+00,3.000000000000000000e+00,8.000000000000000000e+00,-5.209193695157239290e+01,1.276433994430047250e+02,3.447656780626944055e+02,0.000000000000000000e+00,8.145836934393115847e-01,1.029699031862462144e+00
6.000000000000000000e+00,-3.000000000000000000e+00,3.000000000000000000e+00,9.000000000000000000e+00,-5.625778208746004339e+01,1.049372941275249644e+02,3.523030531969081949e+02,0.000000000000000000e+00,8.808463908886370319e-01,9.733628688909068405e-01
6.000000000000000000e+00,-3.000000000000000000e+00,3.000000000000000000e+00,1.000000000000000000e+01,-6.018922942402302567e+01,8.039327616050097447e+01,3.599371039945161783e+02,0.000000000000000000e+00,9.531385179861333601e-01,9.201727498668396121e-01
6.000000000000000000e+00,-3.000000000000000000e+00,3.000000000000000000e+00,1.100000000000000000e+01,-6.391807795843732265e+01,5.387680591714905631e+01,3.677393508371804955e+02,0.000000000000000000e+00,1.031406824546654999e+00,8.704553732588063975e-01
6.000000000000000000e+00,-3.000000000000000000e+00,3.000000000000000000e+00,1.200000000000000000e+01,-6.747375739912352799e+01,2.516851406184235884e+01,3.757964083648028009e+02,0.000000000000000000e+00,1.115514980245039700e+00,8.242877789139528844e-01
6.000000000000000000e+00,-3.000000000000000000e+00,4.000000000000000000e+00,6.000000000000000000e+00,-3.839345296905617033e+01,1.249262908568257160e+02,3.504592577376839699e+02,0.000000000000000000e+00,8.226245723775678087e-01,1.023578328183616160e+00
6.000000000000000000e+00,-3.000000000000000000e+00,4.000000000000000000e+00,7.000000000000000000e+00,-4.298116890949020785e+01,1.075449400828137243e+02,3.581128014780070998e+02,0.000000000000000000e+00,8.734007515947324052e-01,9.804097093961567921e-01
6.000000000000000000e+00,-3.000000000000000000e+00,4.000000000000000000e+00,8.000000000000000000e+00,-4.736220123850179675e+01,8.810559961124840811e+01,3.658533928472439243e+02,0.000000000000000000e+00,9.305975217324319315e-01,9.367990644523446209e-01
6.000000000000000000e+00,-3.000000000000000000e+00,4.000000000000000000e+00,9.000000000000000000e+00,-5.154576727790913537e+01,6.658552955180311983e+01,3.737394472942858670e+02,0.000000000000000000e+00,9.941130967402261875e-01,8.937785055830349545e-01
6.000000000000000000e+00,-3.000000000000000000e+00,4.000000000000000000e+00,1.000000000000000000e+01,-5.554595602785587971e+01,4.289663714586981769e+01,3.818423702400173170e+02,0.000000000000000000e+00,1.063824681244152304e+00,8.520704173945776727e-01
6.000000000000000000e+00,-3.000000000000000000e+00,4.000000000000000000e+00,1.100000000000000000e+01,-5.937957086346858659e+01,1.687475253006647335e+01,3.902494971629268434e+02,0.000000000000000000e+00,1.139541113959453567e+00,8.121414942069452580e-01
6.000000000000000000e+00,-3.000000000000000000e+00,5.000000000000000000e+00,6.000000000000000000e+00,-3.580167765679482272e+01,7.512469455789315020e+01,3.716064709723367514e+02,0.000000000000000000e+00,9.689232023601624944e-01,9.102615748025075781e-01
6.000000000000000000e+00,-3.000000000000000000e+00,5.000000000000000000e+00,7.000000000000000000e+00,-4.013179113395779041e+01,5.880818388951382758e+01,3.796312609049008415e+02,0.000000000000000000e+00,1.017073327809951300e+00,8.794995781699921356e-01
6.000000000000000000e+00,-3.000000000000000000e+00,5.000000000000000000e+00,8.000000000000000000e+00,-4.433422831384780238e+01,4.020752645417701387e+01,3.878487620597879300e+02,0.000000000000000000e+00,1.071686731298210349e+00,8.476066256816275901e-01
6.000000000000000000e+00,-3.000000000000000000e+00,5.000000000000000000e+00,9.000000000000000000e+00,-4.840591072776697956e+01,1.924083060639907217e+01,3.963342161553558185e+02,0.000000000000000000e+00,1.132593222140769074e+00,8.153437997637242862e-01
6.000000000000000000e+00,-2.000000000000000000e+00,0.000000000000000000e+00,3.000000000000000000e+00,-6.351841249380191812e+01,3.498325943637580622e+02,2.949670944997224638e+02,0.000000000000000000e+00,2.534759947553971715e-01,2.366912659219230886e+00
6.000000000000000000e+00,-2.000000000000000000e+00,0.000000000000000000e+00,4.000000000000000000e+00,-6.791219918275842815e+01,3.232973109145757462e+02,3.038989031580065330e+02,0.000000000000000000e+00,3.104428014324547846e-01,2.109338059754583217e+00
6.000000000000000000e+00,-2.000000000000000000e+00,0.000000000000000000e+00,5.000000000000000000e+00,-7.150967788659322366e+01,2.967137222841822677e+02,3.124059480863669478e+02,0.000000000000000000e+00,3.703042691656704410e-01,1.875723436879308537e+00
6.000000000000000000e+00,-2.000000000000000000e+00,0.000000000000000000e+00,6.000000000000000000e+00,-7.462276115558101708e+01,2.700849737102064978e+02,3.205592144922139255e+02,0.000000000000000000e+00,4.331452353338254291e-01,1.673861546619299423e+00
6.000000000000000000e+00,-2.000000000000000000e+00,0.000000000000000000e+00,7.000000000000000000e+00,-7.742330894221507265e+01,2.433192888394378883e+02,3.284324859263149392e+02,0.000000000000000000e+00,4.992312752256998776e-01,1.502758384888193799e+00
6.000000000000000000e+00,-2.000000000000000000e+00,0.000000000000000000e+00,8.000000000000000000e+00,-8.001344605009495581e+01,2.162752316083129642e+02,3.360993221742597257e+02,0.000000000000000000e+00,5.689191134089973678e-01,1.358398980366905429e+00
6.000000000000000000e+00,-2.000000000000000000e+00,0.000000000000000000e+00,9.000000000000000000e+00,-8.245778594757133817e+01,1.887779215303343108e+02,3.436331497454083319e+02,0.000000000000000000e+00,6.426106836653330268e-01,1.236296361347846595e+00
6.000000000000000000e+00,-2.000000000000000000e+00,0.000000000000000000e+00,1.000000000000000000e+01,-8.479945455212715899e+01,1.606226614792007865e+02,3.511086703452400570e+02,0.000000000000000000e+00,7.207209701546014591e-01,1.132410216759393906e+00
6.000000000000000000e+00,-2.000000000000000000e+00,0.000000000000000000e+00,1.100000000000000000e+01,-8.706863010620561738e+01,1.315718773829214570e+02,3.586040332208681889e+02,0.000000000000000000e+00,8.036462827372754525e-01,1.043376375879344620e+00
6.000000000000000000e+00,-2.000000000000000000e+00,1.000000000000000000e+00,3.000000000000000000e+00,-4.196912332645894139e+01,3.247745689583277908e+02,3.175905709912429415e+02,0.000000000000000000e+00,3.072985701435634875e-01,2.200345902163694856e+00
6.000000000000000000e+00,-2.000000000000000000e+00,1.000000000000000000e+00,4.000000000000000000e+00,-4.911013248832614408e+01,3.034764461039961816e+02,3.258395573666068685e+02,0.000000000000000000e+00,3.549383719069261756e-01,1.988886056878435449e+00
6.000000000000000000e+00,-2.000000000000000000e+00,1.000000000000000000e+00,5.000000000000000000e+00,-5.501433785927363829e+01,2.807306941818221162e+02,3.338683366008883127e+02,0.000000000000000000e+00,4.078449002978122850e-01,1.789505037708062352e+00
6.000000000000000000e+00,-2.000000000000000000e+00,1.000000000000000000e+00,6.000000000000000000e+00,-6.002408141470161240e+01,2.569590437315225699e+02,3.417028227472071080e+02,0.000000000000000000e+00,4.654019211241397502e-01,1.611730614606514012e+00
6.000000000000000000e+00,-2.000000000000000000e+00,1.000000000000000000e+00,7.000000000000000000e+00,-6.438412563931660770e+01,2.323565868192958987e+02,3.493879683797950406e+02,0.000000000000000000e+00,5.273879958709882798e-01,1.457314042019820732e+00
6.000000000000000000e+00,-2.000000000000000000e+00,1.000000000000000000e+00,8.000000000000000000e+00,-6.826643940785419318e+01,2.069750357089676243e+02,3.569798452101284738e+02,0.000000000000000000e+00,5.938251916285647303e-01,1.324555181963999351e+00
6.000000000000000000e+00,-2.000000000000000000e+00,1.000000000000000000e+00,9.000000000000000000e+00,-7.179255695995722419e+01,1.807702281020889643e+02,3.645422488025230905e+02,0.000000000000000000e+00,6.648814100863135179e-01,1.210619666929896088e+00
6.000000000000000000e+00,-2.000000000000000000e+00,1.000000000000000000e+00,1.000000000000000000e+01,-7.504974065586084464e+01,1.536269106407633842e+02,3.721460021419659370e+02,0.000000000000000000e+00,7.408025797152862912e-01,1.112578857682359201e+00
6.000000000000000000e+00,-2.000000000000000000e+00,1.000000000000000000e+00,1.100000000000000000e+01,-7.810192142256498471e+01,1.253692318484316104e+02,3.798700032047708532e+02,0.000000000000000000e+00,8.218573548791053840e-01,1.027803041088291458e+00
6.000000000000000000e+00,-2.000000000000000000e+00,1.000000000000000000e+00,1.200000000000000000e+01,-8.099698411914717155e+01,9.576147255836271199e+01,3.878036419077519099e+02,0.000000000000000000e+00,9.082820633927022325e-01,9.540650327522435248e-01
6.000000000000000000e+00,-2.000000000000000000e+00,1.000000000000000000e+00,1.300000000000000000e+01,-8.377163802317713248e+01,6.450090681886419475e+01,3.960505986929132405e+02,0.000000000000000000e+00,1.000216379271721800e+00,8.895275027068115792e-01
6.000000000000000000e+00,-2.000000000000000000e+00,1.000000000000000000e+00,1.400000000000000000e+01,-8.645471712291013944e+01,3.120279994945505564e+01,4.047343565689021148e+02,0.000000000000000000e+00,1.097621420433129824e+00,8.326913293712946418e-01
6.000000000000000000e+00,-2.000000000000000000e+00,2.000000000000000000e+00,4.000000000000000000e+00,-3.670895859851157184e+01,2.703188297760136152e+02,3.472354465526527179e+02,0.000000000000000000e+00,4.328564732474530774e-01,1.722743055233172171e+00
6.000000000000000000e+00,-2.000000000000000000e+00,2.000000000000000000e+00,5.000000000000000000e+00,-4.317597875199408008e+01,2.518222168277845867e+02,3.549364105541321806e+02,0.000000000000000000e+00,4.782521081545842434e-01,1.588270389634448332e+00
6.000000000000000000e+00,-2.000000000000000000e+00,2.000000000000000000e+00,6.000000000000000000e+00,-4.890621491493561734e+01,2.315403349647587561e+02,3.625675153682486780e+02,0.000000000000000000e+00,5.296123964135991402e-01,1.460044303336360150e+00
6.000000000000000000e+00,-2.000000000000000000e+00,2.000000000000000000e+00,7.000000000000000000e+00,-5.402252859037717769e+01,2.097621405872841365e+02,3.701647614406325602e+02,0.000000000000000000e+00,5.865443035981139364e-01,1.342305798610881062e+00
6.000000000000000000e+00,-2.000000000000000000e+00,2.000000000000000000e+00,8.000000000000000000e+00,-5.863756432278779585e+01,1.866444717624716532e+02,3.777772620483989385e+02,0.000000000000000000e+00,6.488712436425345675e-01,1.236431668370929549e+00
6.000000000000000000e+00,-2.000000000000000000e+00,2.000000000000000000e+00,9.000000000000000000e+00,-6.284713999516520744e+01,1.622368562360138640e+02,3.854652979681202396e+02,0.000000000000000000e+00,7.165722354668638827e-01,1.142236250260280084e+00
6.000000000000000000e+00,-2.000000000000000000e+00,2.000000000000000000e+00,1.000000000000000000e+01,-6.672997572398668353e+01,1.364996783831692255e+02,3.933000179259548759e+02,0.000000000000000000e+00,7.897230640091398302e-01,1.058804473888571795e+00
6.000000000000000000e+00,-2.000000000000000000e+00,2.000000000000000000e+00,1.100000000000000000e+01,-7.034983125794536818e+01,1.093143069944921137e+02,4.013646663290767265e+02,0.000000000000000000e+00,8.684383369294306210e-01,9.849597365624798151e-01
6.000000000000000000e+00,-2.000000000000000000e+00,2.000000000000000000e+00,1.200000000000000000e+01,-7.375821712783910300e+01,8.048530086221454383e+01,4.097573254011890640e+02,0.000000000000000000e+00,9.528093909757472391e-01,9.195020725621967372e-01
6.000000000000000000e+00,-2.000000000000000000e+00,2.000000000000000000e+00,1.300000000000000000e+01,-7.699694308930975239e+01,4.973471378889428252e+01,4.185953731437364240e+02,0.000000000000000000e+00,1.042831481079212086e+00,8.613166782652807996e-01
6.000000000000000000e+00,-2.000000000000000000e+00,2.000000000000000000e+00,1.400000000000000000e+01,-8.010027440517995956e+01,1.668767890595077574e+01,4.280221544859464302e+02,0.000000000000000000e+00,1.138313179438398270e+00,8.094143006539571417e-01
6.000000000000000000e+00,-2.000000000000000000e+00,3.000000000000000000e+00,6.000000000000000000e+00,-4.131112829220603544e+01,1.968129382768867686e+02,3.833359970052067069e+02,0.000000000000000000e+00,6.212607134995491442e-01,1.281060660614970148e+00
6.000000000000000000e+00,-2.000000000000000000e+00,3.000000000000000000e+00,7.000000000000000000e+00,-4.655567738166934078e+01,1.776811340143763402e+02,3.910178516318833317e+02,0.000000000000000000e+00,6.735257379051158289e-01,1.199309940341452885e+00
6.000000000000000000e+00,-2.000000000000000000e+00,3.000000000000000000e+00,8.000000000000000000e+00,-5.140449297252990846e+01,1.567871024150514643e+02,3.988139926525847159e+02,0.000000000000000000e+00,7.318675311493952895e-01,1.121994532226096242e+00
6.000000000000000000e+00,-2.000000000000000000e+00,3.000000000000000000e+00,9.000000000000000000e+00,-5.590577155652361796e+01,1.341933943766510993e+02,4.067894133334370963e+02,0.000000000000000000e+00,7.961884072447026339e-01,1.050192975091367664e+00
6.000000000000000000e+00,-2.000000000000000000e+00,3.000000000000000000e+00,1.000000000000000000e+01,-6.010736470915139762e+01,1.098816614132251175e+02,4.150224636197024779e+02,0.000000000000000000e+00,8.664532908790726351e-01,9.842567314239102361e-01
6.000000000000000000e+00,-2.000000000000000000e+00,3.000000000000000000e+00,1.100000000000000000e+01,-6.405377973424776883e+01,8.375299295019017620e+01,4.236071677971816030e+02,0.000000000000000000e+00,9.426419676035483475e-01,9.241009096952155222e-01
6.000000000000000000e+00,-2.000000000000000000e+00,3.000000000000000000e+00,1.200000000000000000e+01,-6.778498994044984727e+01,5.562418085567753678e+01,4.326570939163486855e+02,0.000000000000000000e+00,1.024688693899960423e+00,8.694031843144025551e-01
6.000000000000000000e+00,-2.000000000000000000e+00,3.000000000000000000e+00,1.300000000000000000e+01,-7.133625755660285961e+01,2.521784907342845372e+01,4.423112651988675452e+02,0.000000000000000000e+00,1.112405738812718647e+00,8.197299183601768346e-01
6.000000000000000000e+00,-2.000000000000000000e+00,4.000000000000000000e+00,6.000000000000000000e+00,-3.657540959892145338e+01,1.547461095186566808e+02,4.044707776850980849e+02,0.000000000000000000e+00,7.375743145353402808e-01,1.114089210426606247e+00
6.000000000000000000e+00,-2.000000000000000000e+00,4.000000000000000000e+00,7.000000000000000000e+00,-4.161777572440712447e+01,1.376625623533675196e+02,4.124407773596698803e+02,0.000000000000000000e+00,7.861095449840518334e-01,1.059059512963700378e+00
6.000000000000000000e+00,-2.000000000000000000e+00,4.000000000000000000e+00,8.000000000000000000e+00,-4.639041823154624922e+01,1.185363360087457067e+02,4.206259165154856987e+02,0.000000000000000000e+00,8.410873339528029957e-01,1.004684644783763847e+00
6.000000000000000000e+00,-2.000000000000000000e+00,4.000000000000000000e+00,9.000000000000000000e+00,-5.090750423898046506e+01,9.738966860693059857e+01,4.291025828366425117e+02,0.000000000000000000e+00,9.023874084207051949e-01,9.521520296653019910e-01
6.000000000000000000e+00,-2.000000000000000000e+00,4.000000000000000000e+00,1.000000000000000000e+01,-5.518961834625375218e+01,7.417721890886521408e+01,4.379634913603624113e+02,0.000000000000000000e+00,9.698976486081674064e-01,9.021905462871991910e-01
6.000000000000000000e+00,-2.000000000000000000e+00,4.000000000000000000e+00,1.100000000000000000e+01,-5.926047553048304906e+01,4.877741459604257557e+01,4.473215145144188227e+02,0.000000000000000000e+00,1.043471527569985735e+00,8.551865128937007343e-01
6.000000000000000000e+00,-2.000000000000000000e+00,4.000000000000000000e+00,1.200000000000000000e+01,-6.314474119141172537e+01,2.098091948645503635e+01,4.573153643890537978e+02,0.000000000000000000e+00,1.122868107516735714e+00,8.112867203143373507e-01
6.000000000000000000e+00,-2.000000000000000000e+00,5.000000000000000000e+00,7.000000000000000000e+00,-3.868606456053612419e+01,9.012723820063501989e+01,4.352067066320296362e+02,0.000000000000000000e+00,9.233140615912805993e-01,9.349440001928362998e-01
6.000000000000000000e+00,-2.000000000000000000e+00,5.000000000000000000e+00,8.000000000000000000e+00,-4.323401695068099571e+01,7.211199940311622925e+01,4.440327385833103335e+02,0.000000000000000000e+00,9.754955147281894057e-01,8.968968387807013665e-01
6.000000000000000000e+00,-2.000000000000000000e+00,5.000000000000000000e+00,9.000000000000000000e+00,-4.761245837753119758e+01,5.179949283550081418e+01,4.532874632834916042e+02,0.000000000000000000e+00,1.034054242218178876e+00,8.589278787507910184e-01
6.000000000000000000e+00,-2.000000000000000000e+00,5.000000000000000000e+00,1.000000000000000000e+01,-5.182529914874749011e+01,2.908616771468425100e+01,4.630868598725517131e+02,0.000000000000000000e+00,1.098781154529993698e+00,8.217147372984513476e-01
6.000000000000000000e+00,-2.000000000000000000e+00,6.000000000000000000e+00,7.000000000000000000e+00,-3.729746875447449384e+01,3.418655996340490333e+01,4.604583905799601666e+02,0.000000000000000000e+00,1.084398088660363912e+00,8.297306096053841395e-01
6.000000000000000000e+00,-2.000000000000000000e+00,6.000000000000000000e+00,8.000000000000000000e+00,-4.156998172933731439e+01,1.650185875848166006e+01,4.702596875247672301e+02,0.000000000000000000e+00,1.133838875237340948e+00,8.027920160645112269e-01
6.000000000000000000e+00,-1.000000000000000000e+00,0.000000000000000000e+00,3.000000000000000000e+00,-6.816815202811761765e+01,3.729006524110293412e+02,3.498512067055292505e+02,0.000000000000000000e+00,2.063396170430663035e-01,3.347723093238599290e+00
6.000000000000000000e+00,-1.000000000000000000e+00,0.000000000000000000e+00,4.000000000000000000e+00,-7.223533555602125489e+01,3.449375028185962719e+02,3.580816570185728551e+02,0.000000000000000000e+00,2.640482898127869960e-01,2.716797960733810857e+00
6.000000000000000000e+00,-1.000000000000000000e+00,0.000000000000000000e+00,5.000000000000000000e+00,-7.549023834011772749e+01,3.173325978251385777e+02,3.660378131151362595e+02,0.000000000000000000e+00,3.239601374424226909e-01,2.264820433518787812e+00
6.000000000000000000e+00,-1.000000000000000000e+00,0.000000000000000000e+00,6.000000000000000000e+00,-7.829806341014202076e+01,2.899699577643016823e+02,3.738007521417934527e+02,0.000000000000000000e+00,3.863451535115641766e-01,1.932964032739084903e+00
6.000000000000000000e+00,-1.000000000000000000e+00,0.000000000000000000e+00,7.000000000000000000e+00,-8.083712555833123758e+01,2.626877215819660023e+02,3.814496437824764712e+02,0.000000000000000000e+00,4.515771779688615983e-01,1.681816584791427704e+00
6.000000000000000000e+00,-1.000000000000000000e+00,0.000000000000000000e+00,8.000000000000000000e+00,-8.320502428231917236e+01,2.353025741831256141e+02,3.890628640010262984e+02,0.000000000000000000e+00,5.200794557031082066e-01,1.486322755211073376e+00
6.000000000000000000e+00,-1.000000000000000000e+00,0.000000000000000000e+00,9.000000000000000000e+00,-8.546002687387162666e+01,2.076147944033505155e+02,3.967201268823077953e+02,0.000000000000000000e+00,5.922985729118758202e-01,1.330385200757993047e+00
6.000000000000000000e+00,-1.000000000000000000e+00,0.000000000000000000e+00,1.000000000000000000e+01,-8.763944819551625187e+01,1.794059916406031050e+02,4.045051356051812945e+02,0.000000000000000000e+00,6.686842578077170085e-01,1.203382853558933929e+00
6.000000000000000000e+00,-1.000000000000000000e+00,1.000000000000000000e+00,3.000000000000000000e+00,-4.178631334443443279e+01,3.525635720458827791e+02,3.714843843289583560e+02,0.000000000000000000e+00,2.480573798591572954e-01,2.920088606672720299e+00
6.000000000000000000e+00,-1.000000000000000000e+00,1.000000000000000000e+00,4.000000000000000000e+00,-5.019619338035363398e+01,3.298821289040088800e+02,3.793069390074297189e+02,0.000000000000000000e+00,2.963963664702784495e-01,2.472863336741859541e+00
6.000000000000000000e+00,-1.000000000000000000e+00,1.000000000000000000e+00,5.000000000000000000e+00,-5.677286865030504259e+01,3.058613992183222194e+02,3.869955417589788453e+02,0.000000000000000000e+00,3.497885879163480372e-01,2.117608947777143591e+00
6.000000000000000000e+00,-1.000000000000000000e+00,1.000000000000000000e+00,6.000000000000000000e+00,-6.213115665972216561e+01,2.810164427670096075e+02,3.946021848806186654e+02,0.000000000000000000e+00,4.074504829222678759e-01,1.839004145124393474e+00
6.000000000000000000e+00,-1.000000000000000000e+00,1.000000000000000000e+00,7.000000000000000000e+00,-6.666298622017605169e+01,2.555560599953773817e+02,4.021907309077865875e+02,0.000000000000000000e+00,4.691296202281459160e-01,1.618828601307914505e+00
6.000000000000000000e+00,-1.000000000000000000e+00,1.000000000000000000e+00,8.000000000000000000e+00,-7.061924505817697195e+01,2.295205334704008635e+02,4.098322312377105732e+02,0.000000000000000000e+00,5.348639722219294956e-01,1.442310236649423372e+00
6.000000000000000000e+00,-1.000000000000000000e+00,1.000000000000000000e+00,9.000000000000000000e+00,-7.416455001107738099e+01,2.028495928645232880e+02,4.176042114139188470e+02,0.000000000000000000e+00,6.048517166474191020e-01,1.298544186016179713e+00
6.000000000000000000e+00,-1.000000000000000000e+00,1.000000000000000000e+00,1.000000000000000000e+01,-7.741027055842926075e+01,1.754144279572174128e+02,4.255920102038571144e+02,0.000000000000000000e+00,6.793736390948839077e-01,1.179664235252622984e+00
6.000000000000000000e+00,-1.000000000000000000e+00,1.000000000000000000e+00,1.100000000000000000e+01,-8.043416165324566691e+01,1.470305798475610572e+02,4.338914801853007361e+02,0.000000000000000000e+00,7.587370925287719725e-01,1.079987335392475378e+00
6.000000000000000000e+00,-1.000000000000000000e+00,1.000000000000000000e+00,1.200000000000000000e+01,-8.329220846519196186e+01,1.174594825959569278e+02,4.426129542199704474e+02,0.000000000000000000e+00,8.432241383681856606e-01,9.953623078796581813e-01
6.000000000000000000e+00,-1.000000000000000000e+00,1.000000000000000000e+00,1.300000000000000000e+01,-8.602595175153211926e+01,8.640182174293062189e+01,4.518867434240744387e+02,0.000000000000000000e+00,9.330325238259637999e-01,9.227128374567769020e-01
6.000000000000000000e+00,-1.000000000000000000e+00,2.000000000000000000e+00,5.000000000000000000e+00,-4.322099753146579815e+01,2.786743045301394091e+02,4.077944410614634307e+02,0.000000000000000000e+00,4.130083638227828868e-01,1.804381092574398382e+00
6.000000000000000000e+00,-1.000000000000000000e+00,2.000000000000000000e+00,6.000000000000000000e+00,-4.961589679501571482e+01,2.576864322211309855e+02,4.153859066552932404e+02,0.000000000000000000e+00,4.638279358260708474e-01,1.622573440628674701e+00
6.000000000000000000e+00,-1.000000000000000000e+00,2.000000000000000000e+00,7.000000000000000000e+00,-5.518333686387181558e+01,2.352433502559144927e+02,4.230490384656628180e+02,0.000000000000000000e+00,5.200871785576175466e-01,1.465314671287701653e+00
6.000000000000000000e+00,-1.000000000000000000e+00,2.000000000000000000e+00,8.000000000000000000e+00,-6.010147959208411805e+01,2.115577415141654285e+02,4.308534467091145643e+02,0.000000000000000000e+00,5.815147857571683065e-01,1.330553815696007058e+00
6.000000000000000000e+00,-1.000000000000000000e+00,2.000000000000000000e+00,9.000000000000000000e+00,-6.451290809938682003e+01,1.867077969869728520e+02,4.388787625072953915e+02,0.000000000000000000e+00,6.480472057110631123e-01,1.215194541936476691e+00
6.000000000000000000e+00,-1.000000000000000000e+00,2.000000000000000000e+00,1.000000000000000000e+01,-6.852857353035446408e+01,1.606688108987617056e+02,4.472158931933272470e+02,0.000000000000000000e+00,7.197500625326865853e-01,1.116126710614154138e+00
6.000000000000000000e+00,-1.000000000000000000e+00,2.000000000000000000e+00,1.100000000000000000e+01,-7.223417781797297721e+01,1.333313724342357887e+02,4.559698750153742708e+02,0.000000000000000000e+00,7.967503602035005406e-01,1.030598146462535114e+00
6.000000000000000000e+00,-1.000000000000000000e+00,2.000000000000000000e+00,1.200000000000000000e+01,-7.569616197247596290e+01,1.045083990233148512e+02,4.652643432439751905e+02,0.000000000000000000e+00,8.791712082699241204e-01,9.562994136409769252e-01
6.000000000000000000e+00,-1.000000000000000000e+00,2.000000000000000000e+00,1.300000000000000000e+01,-7.896655542117223092e+01,7.393256429849087397e+01,4.752479724911960375e+02,0.000000000000000000e+00,9.670602597888269258e-01,8.913375998760642016e-01
6.000000000000000000e+00,-1.000000000000000000e+00,2.000000000000000000e+00,1.400000000000000000e+01,-8.208668630296797630e+01,4.124430477009809692e+01,4.861036249877843147e+02,0.000000000000000000e+00,1.060303359524781275e+00,8.341755956277658868e-01
6.000000000000000000e+00,-1.000000000000000000e+00,3.000000000000000000e+00,6.000000000000000000e+00,-4.115006381067510688e+01,2.237069115422680454e+02,4.364183031757197000e+02,0.000000000000000000e+00,5.496203758713170684e-01,1.386656690201582665e+00
6.000000000000000000e+00,-1.000000000000000000e+00,3.000000000000000000e+00,7.000000000000000000e+00,-4.691506435506698836e+01,2.042979897261515987e+02,4.443451651134365648e+02,0.000000000000000000e+00,6.005068797920494195e-01,1.284616240830907419e+00
6.000000000000000000e+00,-1.000000000000000000e+00,3.000000000000000000e+00,8.000000000000000000e+00,-5.216146808765378751e+01,1.831274281938432296e+02,4.525030194147497582e+02,0.000000000000000000e+00,6.574028598134067369e-01,1.190905670411637418e+00
6.000000000000000000e+00,-1.000000000000000000e+00,3.000000000000000000e+00,9.000000000000000000e+00,-5.696325541019695038e+01,1.603073414375989216e+02,4.609790134291966979e+02,0.000000000000000000e+00,7.201374175219635854e-01,1.106053108074187774e+00
6.000000000000000000e+00,-1.000000000000000000e+00,3.000000000000000000e+00,1.000000000000000000e+01,-6.139052488242884920e+01,1.358548014330401372e+02,4.698751506113562755e+02,0.000000000000000000e+00,7.886365636945046331e-01,1.029792903265431381e+00
6.000000000000000000e+00,-1.000000000000000000e+00,3.000000000000000000e+00,1.100000000000000000e+01,-6.550577484842611398e+01,1.096975814476013795e+02,4.793118864564107753e+02,0.000000000000000000e+00,8.628705603958176651e-01,9.614759360214411021e-01
6.000000000000000000e+00,-1.000000000000000000e+00,3.000000000000000000e+00,1.200000000000000000e+01,-6.936302504395750645e+01,8.167491920708090447e+01,4.894336819710744635e+02,0.000000000000000000e+00,9.427914246767671314e-01,9.003084671157555174e-01
6.000000000000000000e+00,-1.000000000000000000e+00,3.000000000000000000e+00,1.300000000000000000e+01,-7.300830356276759403e+01,5.153133620013167615e+01,5.004170975546539353e+02,0.000000000000000000e+00,1.028257271918831650e+00,8.454806683998369321e-01
6.000000000000000000e+00,-1.000000000000000000e+00,3.000000000000000000e+00,1.400000000000000000e+01,-7.648068132560325694e+01,1.890149708717288490e+01,5.124824661788334197e+02,0.000000000000000000e+00,1.118938331942541442e+00,7.962297919303941152e-01
6.000000000000000000e+00,-1.000000000000000000e+00,4.000000000000000000e+00,6.000000000000000000e+00,-3.598727859746296076e+01,1.818906421668104088e+02,4.583029751020833942e+02,0.000000000000000000e+00,6.605700411339479050e-01,1.181465058748428554e+00
6.000000000000000000e+00,-1.000000000000000000e+00,4.000000000000000000e+00,7.000000000000000000e+00,-4.151062695931128133e+01,1.648911221947609533e+02,4.667027990816883403e+02,0.000000000000000000e+00,7.070669039272243772e-01,1.116425467124926074e+00
6.000000000000000000e+00,-1.000000000000000000e+00,4.000000000000000000e+00,8.000000000000000000e+00,-4.668250270195113671e+01,1.458108219306406568e+02,4.754387365478715424e+02,0.000000000000000000e+00,7.600124355233227602e-01,1.053258936943855195e+00
6.000000000000000000e+00,-1.000000000000000000e+00,4.000000000000000000e+00,9.000000000000000000e+00,-5.152615905662702289e+01,1.247187082193762961e+02,4.846105949202919874e+02,0.000000000000000000e+00,8.192253608207153981e-01,9.931905576535541291e-01
6.000000000000000000e+00,-1.000000000000000000e+00,4.000000000000000000e+00,1.000000000000000000e+01,-5.607280232680710697e+01,1.016091247998061533e+02,4.943377692485600505e+02,0.000000000000000000e+00,8.845571070463690289e-01,9.368697501433247421e-01
6.000000000000000000e+00,-1.000000000000000000e+00,4.000000000000000000e+00,1.100000000000000000e+01,-6.035666101769686520e+01,7.639488606737828036e+01,5.047642135023468200e+02,0.000000000000000000e+00,9.558510494806192748e-01,8.845489658539438249e-01
6.000000000000000000e+00,-1.000000000000000000e+00,4.000000000000000000e+00,1.200000000000000000e+01,-6.441195775983828753e+01,4.889815693765478954e+01,5.160658768968417007e+02,0.000000000000000000e+00,1.032884503727716341e+00,8.362256090765097793e-01
6.000000000000000000e+00,-1.000000000000000000e+00,4.000000000000000000e+00,1.300000000000000000e+01,-6.827126122342218650e+01,1.883597190497491169e+01,5.284615744937095769e+02,0.000000000000000000e+00,1.115291589054847377e+00,7.917447297214622592e-01
6.000000000000000000e+00,-1.000000000000000000e+00,5.000000000000000000e+00,7.000000000000000000e+00,-3.835473373989520951e+01,1.179374521044470896e+02,4.910767807008699037e+02,0.000000000000000000e+00,8.380018624698931662e-01,9.737064296663421326e-01
6.000000000000000000e+00,-1.000000000000000000e+00,5.000000000000000000e+00,8.000000000000000000e+00,-4.326422003506175429e+01,1.002542680316965829e+02,5.006659532322673840e+02,0.000000000000000000e+00,8.876703971740494969e-01,9.309459011329463962e-01
6.000000000000000000e+00,-1.000000000000000000e+00,5.000000000000000000e+00,9.000000000000000000e+00,-4.795548364792537654e+01,8.027577539333992718e+01,5.108478242994932543e+02,0.000000000000000000e+00,9.437095209996233525e-01,8.886909907021778299e-01
6.000000000000000000e+00,-1.000000000000000000e+00,5.000000000000000000e+00,1.000000000000000000e+01,-5.243591279471164057e+01,5.793466018061954514e+01,5.217689284376339174e+02,0.000000000000000000e+00,1.005894356880446150e+00,8.476589816596766802e-01
6.000000000000000000e+00,-1.000000000000000000e+00,5.000000000000000000e+00,1.100000000000000000e+01,-5.671916200561599908e+01,3.308600562806307721e+01,5.336095546871266606e+02,0.000000000000000000e+00,1.073926122034184916e+00,8.083189115271982583e-01
6.000000000000000000e+00,-1.000000000000000000e+00,6.000000000000000000e+00,7.000000000000000000e+00,-3.689366100389341341e+01,6.289342533885405828e+01,5.188624282232788119e+02,0.000000000000000000e+00,9.922547092158775506e-01,8.564666357488505133e-01
6.000000000000000000e+00,-1.000000000000000000e+00,6.000000000000000000e+00,8.000000000000000000e+00,-4.148126192212529872e+01,4.579014744982245588e+01,5.296816660775025412e+02,0.000000000000000000e+00,1.038863093491947609e+00,8.269322762699128360e-01
6.000000000000000000e+00,-1.000000000000000000e+00,6.000000000000000000e+00,9.000000000000000000e+00,-4.593633784536731923e+01,2.610231394282988049e+01,5.413164832913874989e+02,0.000000000000000000e+00,1.091598020838327576e+00,7.968915193558833154e-01
6.000000000000000000e+00,0.000000000000000000e+00,0.000000000000000000e+00,4.000000000000000000e+00,-8.178155175912429797e+01,3.629113658627294399e+02,4.123222438512331678e+02,0.000000000000000000e+00,2.267301882648405376e-01,3.075450430598419160e+00
6.000000000000000000e+00,0.000000000000000000e+00,0.000000000000000000e+00,5.000000000000000000e+00,-8.351764831722577753e+01,3.344674774116754747e+02,4.197441003973438001e+02,0.000000000000000000e+00,2.865128258797555727e-01,2.460360344478735861e+00
6.000000000000000000e+00,0.000000000000000000e+00,0.000000000000000000e+00,6.000000000000000000e+00,-8.526177186588262202e+01,3.064734633102743260e+02,4.271553447649329769e+02,0.000000000000000000e+00,3.483963001775445822e-01,2.050300287065612181e+00
6.000000000000000000e+00,0.000000000000000000e+00,0.000000000000000000e+00,7.000000000000000000e+00,-8.701567642424622306e+01,2.787098225322534404e+02,4.346346498501084739e+02,0.000000000000000000e+00,4.128303044912752795e-01,1.757400246056239235e+00
6.000000000000000000e+00,0.000000000000000000e+00,1.000000000000000000e+00,4.000000000000000000e+00,-5.537064754493843566e+01,3.549965396845294663e+02,4.337140014996681998e+02,0.000000000000000000e+00,2.430696351874146177e-01,2.734099459959467016e+00
6.000000000000000000e+00,0.000000000000000000e+00,1.000000000000000000e+00,5.000000000000000000e+00,-6.210365152681690404e+01,3.292446245318320734e+02,4.410410840269710206e+02,0.000000000000000000e+00,2.978084472042957231e-01,2.274814611308027423e+00
6.000000000000000000e+00,0.000000000000000000e+00,1.000000000000000000e+00,6.000000000000000000e+00,-6.733584987110324960e+01,3.029961337410042006e+02,4.484187384463000399e+02,0.000000000000000000e+00,3.562277316639461122e-01,1.939166094173887300e+00
6.000000000000000000e+00,0.000000000000000000e+00,1.000000000000000000e+00,7.000000000000000000e+00,-7.164481205595673430e+01,2.764177913841839427e+02,4.559316351133837770e+02,0.000000000000000000e+00,4.181240038816897431e-01,1.685896889433066370e+00
6.000000000000000000e+00,0.000000000000000000e+00,1.000000000000000000e+00,8.000000000000000000e+00,-7.535561930701148015e+01,2.495000889282893297e+02,4.636655111018950493e+02,0.000000000000000000e+00,4.835990691511036221e-01,1.489136922376449235e+00
6.000000000000000000e+00,0.000000000000000000e+00,1.000000000000000000e+00,9.000000000000000000e+00,-7.866239463627185557e+01,2.221413641790445865e+02,4.717114043776691688e+02,0.000000000000000000e+00,5.529029293222144092e-01,1.332402161400198626e+00
6.000000000000000000e+00,0.000000000000000000e+00,1.000000000000000000e+00,1.000000000000000000e+01,-8.168753156058136256e+01,1.941814706061142601e+02,4.801698054889258742e+02,0.000000000000000000e+00,6.263536508904452571e-01,1.204874950556125146e+00
6.000000000000000000e+00,0.000000000000000000e+00,1.000000000000000000e+00,1.100000000000000000e+01,-8.451201559572307076e+01,1.654131224563988667e+02,4.891553341122255461e+02,0.000000000000000000e+00,7.042845670316196793e-01,1.099231709502348719e+00
6.000000000000000000e+00,0.000000000000000000e+00,1.000000000000000000e+00,1.200000000000000000e+01,-8.719180443396700753e+01,1.355815813854066789e+02,4.988025065854542390e+02,0.000000000000000000e+00,7.869967205707057989e-01,1.010367358099352186e+00
6.000000000000000000e+00,0.000000000000000000e+00,2.000000000000000000e+00,4.000000000000000000e+00,-3.748807193756010747e+01,3.246298652388059622e+02,4.546347097593437070e+02,0.000000000000000000e+00,3.078535448051221701e-01,2.142172253407747640e+00
6.000000000000000000e+00,0.000000000000000000e+00,2.000000000000000000e+00,5.000000000000000000e+00,-4.588703909026085626e+01,3.045240958375068203e+02,4.621415153729170697e+02,0.000000000000000000e+00,3.526770181019901473e-01,1.898699087186186851e+00
6.000000000000000000e+00,0.000000000000000000e+00,2.000000000000000000e+00,6.000000000000000000e+00,-5.282940739310726030e+01,2.824906013593438274e+02,4.697350133605415294e+02,0.000000000000000000e+00,4.035851227806482311e-01,1.690127968941678382e+00
6.000000000000000000e+00,0.000000000000000000e+00,2.000000000000000000e+00,7.000000000000000000e+00,-5.868108679817433426e+01,2.590568951950133396e+02,4.775114050190188095e+02,0.000000000000000000e+00,4.597607620855542199e-01,1.514495760035503347e+00
6.000000000000000000e+00,0.000000000000000000e+00,2.000000000000000000e+00,8.000000000000000000e+00,-6.372549027280800260e+01,2.344942050224697425e+02,4.855692904205543527e+02,0.000000000000000000e+00,5.208158517432646128e-01,1.367049729979733508e+00
6.000000000000000000e+00,0.000000000000000000e+00,2.000000000000000000e+00,9.000000000000000000e+00,-6.817050614358640814e+01,2.089009560116293471e+02,4.940131747837597231e+02,0.000000000000000000e+00,5.866354635955693952e-01,1.242807041883944308e+00
6.000000000000000000e+00,0.000000000000000000e+00,2.000000000000000000e+00,1.000000000000000000e+01,-7.216662367066994932e+01,1.822551980279911845e+02,5.029581712206852444e+02,0.000000000000000000e+00,6.572651815608653303e-01,1.137407305654013712e+00
6.000000000000000000e+00,0.000000000000000000e+00,2.000000000000000000e+00,1.100000000000000000e+01,-7.582335068459634897e+01,1.544432729727663229e+02,5.125356916369005376e+02,0.000000000000000000e+00,7.328267582380303402e-01,1.047281133673215070e+00
6.000000000000000000e+00,0.000000000000000000e+00,2.000000000000000000e+00,1.200000000000000000e+01,-7.922149712535764365e+01,1.252718580136258737e+02,5.229005225677202588e+02,0.000000000000000000e+00,8.134458760336060745e-01,9.695830470869438722e-01
6.000000000000000000e+00,0.000000000000000000e+00,2.000000000000000000e+00,1.300000000000000000e+01,-8.242181123484377281e+01,9.446765919330356098e+01,5.342400556652469277e+02,0.000000000000000000e+00,8.991788229564029455e-01,9.020644140507035891e-01
6.000000000000000000e+00,0.000000000000000000e+00,2.000000000000000000e+00,1.400000000000000000e+01,-8.547094374596129285e+01,6.166630564537939563e+01,5.467868686585993601e+02,0.000000000000000000e+00,9.899274010789811395e-01,8.429484447165331851e-01
6.000000000000000000e+00,0.000000000000000000e+00,3.000000000000000000e+00,5.000000000000000000e+00,-3.591331848254364445e+01,2.671824816654801680e+02,4.834758141505076878e+02,0.000000000000000000e+00,4.399005621466287042e-01,1.547411823066306091e+00
6.000000000000000000e+00,0.000000000000000000e+00,3.000000000000000000e+00,6.000000000000000000e+00,-4.295703744405011548e+01,2.493532684448379371e+02,4.915095493204506738e+02,0.000000000000000000e+00,4.833574971626947159e-01,1.428114835605165167e+00
6.000000000000000000e+00,0.000000000000000000e+00,3.000000000000000000e+00,7.000000000000000000e+00,-4.920849672863027990e+01,2.294261044426056344e+02,4.997900837879972187e+02,0.000000000000000000e+00,5.332404688829470718e-01,1.317368830058778029e+00
6.000000000000000000e+00,0.000000000000000000e+00,3.000000000000000000e+00,8.000000000000000000e+00,-5.478522203226816600e+01,2.077060491380979386e+02,5.084243829277862687e+02,0.000000000000000000e+00,5.890702815595367792e-01,1.216860048089148938e+00
6.000000000000000000e+00,0.000000000000000000e+00,3.000000000000000000e+00,9.000000000000000000e+00,-5.980363711302086926e+01,1.843630485453108179e+02,5.175310656962366238e+02,0.000000000000000000e+00,6.505624670917101726e-01,1.126751979294452255e+00
6.000000000000000000e+00,0.000000000000000000e+00,3.000000000000000000e+00,1.000000000000000000e+01,-6.436710877997140301e+01,1.594491676397078663e+02,5.272440651695393399e+02,0.000000000000000000e+00,7.175697573744902469e-01,1.046436181308510793e+00
6.000000000000000000e+00,0.000000000000000000e+00,3.000000000000000000e+00,1.100000000000000000e+01,-6.856280431767144989e+01,1.329124841203110350e+02,5.377185108801925253e+02,0.000000000000000000e+00,7.900171210301429880e-01,9.749795237733864806e-01
6.000000000000000000e+00,0.000000000000000000e+00,3.000000000000000000e+00,1.200000000000000000e+01,-7.246252291170438298e+01,1.046036559933224623e+02,5.491390019396604885e+02,0.000000000000000000e+00,8.678312936894954088e-01,9.113664866531554498e-01
6.000000000000000000e+00,0.000000000000000000e+00,3.000000000000000000e+00,1.300000000000000000e+01,-7.612494119522381197e+01,7.427349855139971169e+01,5.617310268223858429e+02,0.000000000000000000e+00,9.508611289767134878e-01,8.546190002439474354e-01
6.000000000000000000e+00,0.000000000000000000e+00,3.000000000000000000e+00,1.400000000000000000e+01,-7.959809995117153392e+01,4.156005362769047906e+01,5.757769798312405101e+02,0.000000000000000000e+00,1.038782821186653660e+00,8.038483495799426670e-01
6.000000000000000000e+00,0.000000000000000000e+00,4.000000000000000000e+00,6.000000000000000000e+00,-3.700478627249231067e+01,2.075172901697433758e+02,5.145957267882625956e+02,0.000000000000000000e+00,5.892290780447519971e-01,1.206793905688643642e+00
6.000000000000000000e+00,0.000000000000000000e+00,4.000000000000000000e+00,7.000000000000000000e+00,-4.302346886361257816e+01,1.904488497698122842e+02,5.236048212481947530e+02,0.000000000000000000e+00,6.338043142132462338e-01,1.137723483639133670e+00
6.000000000000000000e+00,0.000000000000000000e+00,4.000000000000000000e+00,8.000000000000000000e+00,-4.858232291099051281e+01,1.712037128071067968e+02,5.330772418113203912e+02,0.000000000000000000e+00,6.848582631282896793e-01,1.071086126703874042e+00
6.000000000000000000e+00,0.000000000000000000e+00,4.000000000000000000e+00,9.000000000000000000e+00,-5.372144815940350782e+01,1.499057459553339982e+02,5.431463951692145429e+02,0.000000000000000000e+00,7.421028092800223686e-01,1.008096128284069026e+00
6.000000000000000000e+00,0.000000000000000000e+00,4.000000000000000000e+00,1.000000000000000000e+01,-5.848962702576996264e+01,1.265912072595026530e+02,5.539689060920504744e+02,0.000000000000000000e+00,8.053067167375759228e-01,9.493495435930933146e-01
6.000000000000000000e+00,0.000000000000000000e+00,4.000000000000000000e+00,1.100000000000000000e+01,-6.293712666458469585e+01,1.012037214255856981e+02,5.657313523837036655e+02,0.000000000000000000e+00,8.742533665119481823e-01,8.950296658994233434e-01
6.000000000000000000e+00,0.000000000000000000e+00,4.000000000000000000e+00,1.200000000000000000e+01,-6.711178920091822420e+01,7.358757821804100274e+01,5.786604344509576094e+02,0.000000000000000000e+00,9.486807569946589247e-01,8.450639844708391912e-01
6.000000000000000000e+00,0.000000000000000000e+00,4.000000000000000000e+00,1.300000000000000000e+01,-7.105728068875252745e+01,4.347539893569498304e+01,5.930377699379261003e+02,0.000000000000000000e+00,1.028203294504432819e+00,7.992340566989374340e-01
6.000000000000000000e+00,0.000000000000000000e+00,4.000000000000000000e+00,1.400000000000000000e+01,-7.481261584426374611e+01,1.046617291279190454e+01,6.092214251792576079e+02,0.000000000000000000e+00,1.112212975237378831e+00,7.572478800177516733e-01
6.000000000000000000e+00,0.000000000000000000e+00,5.000000000000000000e+00,7.000000000000000000e+00,-3.942379640582657885e+01,1.436506617904283587e+02,5.501910747862496009e+02,0.000000000000000000e+00,7.584721074900904192e-01,9.877395241573851958e-01
6.000000000000000000e+00,0.000000000000000000e+00,5.000000000000000000e+00,8.000000000000000000e+00,-4.470503384636378996e+01,1.261279502135847252e+02,5.608135609111593567e+02,0.000000000000000000e+00,8.054960024335157120e-01,9.431873611933578871e-01
6.000000000000000000e+00,0.000000000000000000e+00,5.000000000000000000e+00,9.000000000000000000e+00,-4.970527496259910549e+01,1.062475797065487342e+02,5.722181722289273011e+02,0.000000000000000000e+00,8.588389004744734212e-01,8.993213939094826248e-01
6.000000000000000000e+00,0.000000000000000000e+00,5.000000000000000000e+00,1.000000000000000000e+01,-5.443862783009760165e+01,8.397689430706233793e+01,5.845947040877900918e+02,0.000000000000000000e+00,9.182095244960010172e-01,8.568689013630990114e-01
6.000000000000000000e+00,0.000000000000000000e+00,5.000000000000000000e+00,1.100000000000000000e+01,-5.892672155113052668e+01,5.920015944984081102e+01,5.981760365249892857e+02,0.000000000000000000e+00,9.832570447905596422e-01,8.162932943482279491e-01
6.000000000000000000e+00,0.000000000000000000e+00,5.000000000000000000e+00,1.200000000000000000e+01,-6.319509381833100292e+01,3.170037738717888942e+01,6.132524132011727716e+02,0.000000000000000000e+00,1.053513112004273777e+00,7.778560445323007277e-01
6.000000000000000000e+00,0.000000000000000000e+00,6.000000000000000000e+00,7.000000000000000000e+00,-3.774038317108738738e+01,8.884797615931132952e+01,5.813127188606905520e+02,0.000000000000000000e+00,9.054204089805272249e-01,8.659698847159164048e-01
6.000000000000000000e+00,0.000000000000000000e+00,6.000000000000000000e+00,8.000000000000000000e+00,-4.266162967244997617e+01,7.215707993572888768e+01,5.935281084344027249e+02,0.000000000000000000e+00,9.487417201954065904e-01,8.354762359645672154e-01
6.000000000000000000e+00,0.000000000000000000e+00,6.000000000000000000e+00,9.000000000000000000e+00,-4.741005586670604544e+01,5.282473438738801974e+01,6.068039728162580104e+02,0.000000000000000000e+00,9.981255405860329777e-01,8.045292704590957245e-01
6.000000000000000000e+00,0.000000000000000000e+00,6.000000000000000000e+00,1.000000000000000000e+01,-5.198303553578386982e+01,3.072054645773994253e+01,6.213857954156557071e+02,0.000000000000000000e+00,1.053167069586274263e+00,7.737059115331530457e-01
6.000000000000000000e+00,0.000000000000000000e+00,7.000000000000000000e+00,7.000000000000000000e+00,-3.748174990268978490e+01,2.402443864687967334e+01,6.196625268824602699e+02,0.000000000000000000e+00,1.071827909746293273e+00,7.673883767433525849e-01
6.000000000000000000e+00,1.000000000000000000e+00,1.000000000000000000e+00,5.000000000000000000e+00,-7.293083402106519486e+01,3.513048383487827664e+02,4.983379635853096943e+02,0.000000000000000000e+00,2.506325339843679112e-01,2.117608947777143591e+00
6.000000000000000000e+00,1.000000000000000000e+00,1.000000000000000000e+00,6.000000000000000000e+00,-7.692770040165973455e+01,3.233827926903164780e+02,5.054780786496767178e+02,0.000000000000000000e+00,3.102742278595890801e-01,1.839004145124393474e+00
6.000000000000000000e+00,1.000000000000000000e+00,1.000000000000000000e+00,7.000000000000000000e+00,-8.023899709901870381e+01,2.954963890329240712e+02,5.129579771841183629e+02,0.000000000000000000e+00,3.727123347725626590e-01,1.618828601307914283e+00
6.000000000000000000e+00,1.000000000000000000e+00,1.000000000000000000e+00,8.000000000000000000e+00,-8.314629453836093376e+01,2.675336188957879813e+02,5.208726729654647443e+02,0.000000000000000000e+00,4.381837914604121975e-01,1.442310236649423372e+00
6.000000000000000000e+00,1.000000000000000000e+00,1.000000000000000000e+00,9.000000000000000000e+00,-8.580018042100599018e+01,2.393241738432137709e+02,5.293250435673786569e+02,0.000000000000000000e+00,5.070155243757608066e-01,1.298544186016179935e+00
6.000000000000000000e+00,1.000000000000000000e+00,2.000000000000000000e+00,4.000000000000000000e+00,-4.360634085232629786e+01,3.522446796238423303e+02,5.131510710844279401e+02,0.000000000000000000e+00,2.485946647855475922e-01,2.009369289567528138e+00
6.000000000000000000e+00,1.000000000000000000e+00,2.000000000000000000e+00,5.000000000000000000e+00,-5.267648949866605790e+01,3.307266297268507174e+02,5.206177535788435762e+02,0.000000000000000000e+00,2.941501278642424388e-01,1.804381092574398382e+00
6.000000000000000000e+00,1.000000000000000000e+00,2.000000000000000000e+00,6.000000000000000000e+00,-5.973932561196934898e+01,3.072030280674614460e+02,5.282474198717634408e+02,0.000000000000000000e+00,3.458611509086588764e-01,1.622573440628674701e+00
6.000000000000000000e+00,1.000000000000000000e+00,2.000000000000000000e+00,7.000000000000000000e+00,-6.545210117009398232e+01,2.823838987123975244e+02,5.361982703500385696e+02,0.000000000000000000e+00,4.025718843097588762e-01,1.465314671287701653e+00
6.000000000000000000e+00,1.000000000000000000e+00,2.000000000000000000e+00,8.000000000000000000e+00,-7.024918130455438359e+01,2.565962439174737710e+02,5.446099102146799851e+02,0.000000000000000000e+00,4.637640518937485856e-01,1.330553815696007280e+00
6.000000000000000000e+00,1.000000000000000000e+00,2.000000000000000000e+00,9.000000000000000000e+00,-7.441224977093347093e+01,2.299422968968139003e+02,5.536189786933687174e+02,0.000000000000000000e+00,5.292761602555794420e-01,1.215194541936476691e+00
6.000000000000000000e+00,1.000000000000000000e+00,2.000000000000000000e+00,1.000000000000000000e+01,-7.812664906194127923e+01,2.023847906786264730e+02,5.633713057152174315e+02,0.000000000000000000e+00,5.991349071488115685e-01,1.116126710614154138e+00
6.000000000000000000e+00,1.000000000000000000e+00,2.000000000000000000e+00,1.100000000000000000e+01,-8.151758382100427980e+01,1.737887404731855270e+02,5.740325534351377428e+02,0.000000000000000000e+00,6.734473490411643226e-01,1.030598146462534892e+00
6.000000000000000000e+00,1.000000000000000000e+00,2.000000000000000000e+00,1.200000000000000000e+01,-8.467222510665574475e+01,1.439380511433756453e+02,5.857993317508010023e+02,0.000000000000000000e+00,7.523191323744072845e-01,9.562994136409768142e-01
6.000000000000000000e+00,1.000000000000000000e+00,2.000000000000000000e+00,1.300000000000000000e+01,-8.765319517580368824e+01,1.125360261499779995e+02,5.989126352533456839e+02,0.000000000000000000e+00,8.357775680472757651e-01,8.913375998760642016e-01
6.000000000000000000e+00,1.000000000000000000e+00,3.000000000000000000e+00,5.000000000000000000e+00,-3.992856003274670229e+01,2.937982282296572976e+02,5.430225423591252820e+02,0.000000000000000000e+00,3.759656527991561692e-01,1.495064631571473290e+00
6.000000000000000000e+00,1.000000000000000000e+00,3.000000000000000000e+00,6.000000000000000000e+00,-4.760241408285367015e+01,2.753667041952427326e+02,5.514823553523705186e+02,0.000000000000000000e+00,4.185630882827052757e-01,1.386656690201582665e+00
6.000000000000000000e+00,1.000000000000000000e+00,3.000000000000000000e+00,7.000000000000000000e+00,-5.420190135430114253e+01,2.546429131119670615e+02,5.602791218274840048e+02,0.000000000000000000e+00,4.677899213564393199e-01,1.284616240830907419e+00
6.000000000000000000e+00,1.000000000000000000e+00,3.000000000000000000e+00,8.000000000000000000e+00,-5.993702232430526067e+01,2.320634964326892486e+02,5.695736849250166642e+02,0.000000000000000000e+00,5.229091783688463169e-01,1.190905670411637196e+00
6.000000000000000000e+00,1.000000000000000000e+00,3.000000000000000000e+00,9.000000000000000000e+00,-6.499385772949968043e+01,2.078736645807881587e+02,5.795328115755501130e+02,0.000000000000000000e+00,5.834678354165541148e-01,1.106053108074187552e+00
6.000000000000000000e+00,1.000000000000000000e+00,3.000000000000000000e+00,1.000000000000000000e+01,-6.952357908134968056e+01,1.821633937338783937e+02,5.903369717500168008e+02,0.000000000000000000e+00,6.492069122842106799e-01,1.029792903265431381e+00
6.000000000000000000e+00,1.000000000000000000e+00,3.000000000000000000e+00,1.100000000000000000e+01,-7.364465727442758691e+01,1.548955010400298420e+02,6.021908277804358249e+02,0.000000000000000000e+00,7.199715280172845899e-01,9.614759360214411021e-01
6.000000000000000000e+00,1.000000000000000000e+00,3.000000000000000000e+00,1.200000000000000000e+01,-7.744890422272261787e+01,1.259209751494074965e+02,6.153364046368574236e+02,0.000000000000000000e+00,7.956240175331344977e-01,9.003084671157555174e-01
6.000000000000000000e+00,1.000000000000000000e+00,3.000000000000000000e+00,1.300000000000000000e+01,-8.100764135528689280e+01,9.498108140699481794e+01,6.300701556971962418e+02,0.000000000000000000e+00,8.759544564798210642e-01,8.454806683998370431e-01
6.000000000000000000e+00,1.000000000000000000e+00,3.000000000000000000e+00,1.400000000000000000e+01,-8.437686570093183036e+01,6.169579636911436182e+01,6.467662463323130169e+02,0.000000000000000000e+00,9.605806994462062764e-01,7.962297919303941152e-01
6.000000000000000000e+00,1.000000000000000000e+00,3.000000000000000000e+00,1.500000000000000000e+01,-8.760127410872595988e+01,2.553627174950690915e+01,6.659098945102352900e+02,0.000000000000000000e+00,1.048830589960439319e+00,7.518667688428132267e-01
6.000000000000000000e+00,1.000000000000000000e+00,4.000000000000000000e+00,6.000000000000000000e+00,-4.024487130866737061e+01,2.333760610323773790e+02,5.764663031233814081e+02,0.000000000000000000e+00,5.191500755968972980e-01,1.181465058748428554e+00
6.000000000000000000e+00,1.000000000000000000e+00,4.000000000000000000e+00,7.000000000000000000e+00,-4.674235437752170697e+01,2.161170550282589602e+02,5.863722934006837022e+02,0.000000000000000000e+00,5.617739500323502000e-01,1.116425467124926074e+00
6.000000000000000000e+00,1.000000000000000000e+00,4.000000000000000000e+00,8.000000000000000000e+00,-5.263294311419652161e+01,1.965100791377560370e+02,5.968880972260882345e+02,0.000000000000000000e+00,6.109651028559394126e-01,1.053258936943854751e+00
6.000000000000000000e+00,1.000000000000000000e+00,4.000000000000000000e+00,9.000000000000000000e+00,-5.798880094654687412e+01,1.747534860335809981e+02,6.081996167480335771e+02,0.000000000000000000e+00,6.662649950194242665e-01,9.931905576535537961e-01
6.000000000000000000e+00,1.000000000000000000e+00,4.000000000000000000e+00,1.000000000000000000e+01,-6.288832502369018584e+01,1.509354942336287593e+02,6.205203304292521125e+02,0.000000000000000000e+00,7.273026168502205735e-01,9.368697501433246311e-01
6.000000000000000000e+00,1.000000000000000000e+00,4.000000000000000000e+00,1.100000000000000000e+01,-6.740629175317141630e+01,1.250319823815199811e+02,6.341011151657288565e+02,0.000000000000000000e+00,7.937462819117256929e-01,8.845489658539437139e-01
6.000000000000000000e+00,1.000000000000000000e+00,4.000000000000000000e+00,1.200000000000000000e+01,-7.160963353329229619e+01,9.690311620170173512e+01,6.492452230101018813e+02,0.000000000000000000e+00,8.652362843944945148e-01,8.362256090765096683e-01
6.000000000000000000e+00,1.000000000000000000e+00,4.000000000000000000e+00,1.300000000000000000e+01,-7.555639032835784974e+01,6.628322855520832491e+01,6.663299407667050218e+02,0.000000000000000000e+00,9.413005256589137559e-01,7.917447297214623703e-01
6.000000000000000000e+00,1.000000000000000000e+00,4.000000000000000000e+00,1.400000000000000000e+01,-7.929622161753081855e+01,3.275907401159003030e+01,6.858380382222314893e+02,0.000000000000000000e+00,1.021251811779699370e+00,7.508687983710351510e-01
6.000000000000000000e+00,1.000000000000000000e+00,5.000000000000000000e+00,6.000000000000000000e+00,-3.632140106167813087e+01,1.840748453350367413e+02,6.048706720927058313e+02,0.000000000000000000e+00,6.422977394488201819e-01,1.015957045909065881e+00
6.000000000000000000e+00,1.000000000000000000e+00,5.000000000000000000e+00,7.000000000000000000e+00,-4.234745726670936961e+01,1.691831731919723438e+02,6.161693916912729492e+02,0.000000000000000000e+00,6.796990515213533479e-01,9.737064296663419105e-01
6.000000000000000000e+00,1.000000000000000000e+00,5.000000000000000000e+00,8.000000000000000000e+00,-4.799779547378963684e+01,1.517141097855212024e+02,6.282820984893933201e+02,0.000000000000000000e+00,7.237498122958426761e-01,9.309459011329463962e-01
6.000000000000000000e+00,1.000000000000000000e+00,5.000000000000000000e+00,9.000000000000000000e+00,-5.328375436373744378e+01,1.317503911465366002e+02,6.414209568037358622e+02,0.000000000000000000e+00,7.740498806410164301e-01,8.886909907021779409e-01
6.000000000000000000e+00,1.000000000000000000e+00,5.000000000000000000e+00,1.000000000000000000e+01,-5.823236730442653197e+01,1.092989281149882430e+02,6.558429173975387130e+02,0.000000000000000000e+00,8.301831019862804251e-01,8.476589816596765692e-01
6.000000000000000000e+00,1.000000000000000000e+00,5.000000000000000000e+00,1.100000000000000000e+01,-6.287885591618621106e+01,8.427226040012014607e+01,6.718628530705566391e+02,0.000000000000000000e+00,8.916827052458170533e-01,8.083189115271982583e-01
6.000000000000000000e+00,1.000000000000000000e+00,5.000000000000000000e+00,1.200000000000000000e+01,-6.726147172739982238e+01,5.646877042178977035e+01,6.898739585707755850e+02,0.000000000000000000e+00,9.579738273165614437e-01,7.709466518714575001e-01
6.000000000000000000e+00,1.000000000000000000e+00,5.000000000000000000e+00,1.300000000000000000e+01,-7.141835671533181085e+01,2.554625400379356392e+01,7.103785810764180724e+02,0.000000000000000000e+00,1.028293889039537889e+00,7.356755143144824149e-01
6.000000000000000000e+00,1.000000000000000000e+00,6.000000000000000000e+00,7.000000000000000000e+00,-4.020467806041227732e+01,1.141114651888569256e+02,6.520166125000891952e+02,0.000000000000000000e+00,8.184140919869431485e-01,8.564666357488504023e-01
6.000000000000000000e+00,1.000000000000000000e+00,6.000000000000000000e+00,8.000000000000000000e+00,-4.547887312021683215e+01,9.777068230270812421e+01,6.662805247845897156e+02,0.000000000000000000e+00,8.577340065266864100e-01,8.269322762699127249e-01
6.000000000000000000e+00,1.000000000000000000e+00,6.000000000000000000e+00,9.000000000000000000e+00,-5.052573412136359821e+01,7.864843775955044691e+01,6.819407850847205736e+02,0.000000000000000000e+00,9.029794605029208832e-01,7.968915193558834265e-01
6.000000000000000000e+00,1.000000000000000000e+00,6.000000000000000000e+00,1.000000000000000000e+01,-5.534671995358701224e+01,5.663481487534912162e+01,6.993298770176170365e+02,0.000000000000000000e+00,9.536443708762005755e-01,7.669055605018634258e-01
6.000000000000000000e+00,1.000000000000000000e+00,6.000000000000000000e+00,1.100000000000000000e+01,-5.995299656261511245e+01,3.152421013460892141e+01,7.188699346707683162e+02,0.000000000000000000e+00,1.009085679224341003e+00,7.374043589941347010e-01
6.000000000000000000e+00,1.000000000000000000e+00,7.000000000000000000e+00,7.000000000000000000e+00,-3.970644956809911719e+01,4.902986249505849514e+01,6.974953017070629357e+02,0.000000000000000000e+00,9.740810426534006750e-01,7.607518309000244061e-01
6.000000000000000000e+00,1.000000000000000000e+00,7.000000000000000000e+00,8.000000000000000000e+00,-4.459257032732151060e+01,3.267771129770110861e+01,7.148483683572360405e+02,0.000000000000000000e+00,1.008089228856075659e+00,7.398279516123550392e-01
6.000000000000000000e+00,1.000000000000000000e+00,7.000000000000000000e+00,9.000000000000000000e+00,-4.934961238412569173e+01,1.316419766204722919e+01,7.341977833608018500e+02,0.000000000000000000e+00,1.047209869425089979e+00,7.180814296827824350e-01
6.000000000000000000e+00,2.000000000000000000e+00,2.000000000000000000e+00,5.000000000000000000e+00,-6.669931943110988470e+01,3.608975805935831431e+02,5.870066793256617075e+02,0.000000000000000000e+00,2.300050042648832671e-01,1.588270389634448332e+00
6.000000000000000000e+00,2.000000000000000000e+00,2.000000000000000000e+00,6.000000000000000000e+00,-7.253374820820799584e+01,3.348310594647994094e+02,5.946186215929376431e+02,0.000000000000000000e+00,2.840822227181892812e-01,1.460044303336360150e+00
6.000000000000000000e+00,2.000000000000000000e+00,2.000000000000000000e+00,7.000000000000000000e+00,-7.706686643557638661e+01,3.078242285221828070e+02,6.027773791178756255e+02,0.000000000000000000e+00,3.424550042014823381e-01,1.342305798610881062e+00
6.000000000000000000e+00,2.000000000000000000e+00,2.000000000000000000e+00,8.000000000000000000e+00,-8.083532395242629320e+01,2.801902077328542759e+02,6.116716078989043126e+02,0.000000000000000000e+00,4.045679644544286080e-01,1.236431668370929549e+00
6.000000000000000000e+00,2.000000000000000000e+00,2.000000000000000000e+00,9.000000000000000000e+00,-8.412800140990836439e+01,2.519708606640907647e+02,6.214735705920879809e+02,0.000000000000000000e+00,4.702926671513738555e-01,1.142236250260280084e+00
6.000000000000000000e+00,2.000000000000000000e+00,2.000000000000000000e+00,1.000000000000000000e+01,-8.711160022395597480e+01,2.230658875099899205e+02,6.323660764390600661e+02,0.000000000000000000e+00,5.396827039746192600e-01,1.058804473888571795e+00
6.000000000000000000e+00,2.000000000000000000e+00,3.000000000000000000e+00,4.000000000000000000e+00,-3.888322296091484986e+01,3.406384858069249049e+02,6.024947054248266340e+02,0.000000000000000000e+00,2.716170176427173399e-01,1.447628948128034887e+00
6.000000000000000000e+00,2.000000000000000000e+00,3.000000000000000000e+00,5.000000000000000000e+00,-4.875382756738400758e+01,3.247871660670368783e+02,6.114578756488001545e+02,0.000000000000000000e+00,3.050877885590086991e-01,1.365062681279440859e+00
6.000000000000000000e+00,2.000000000000000000e+00,3.000000000000000000e+00,6.000000000000000000e+00,-5.673108750674718692e+01,3.053031762597939860e+02,6.205620129577698663e+02,0.000000000000000000e+00,3.473109293520786900e-01,1.281060660614969704e+00
6.000000000000000000e+00,2.000000000000000000e+00,3.000000000000000000e+00,7.000000000000000000e+00,-6.326257804129869555e+01,2.832348179417628558e+02,6.300945608190563689e+02,0.000000000000000000e+00,3.964947625906043993e-01,1.199309940341452663e+00
6.000000000000000000e+00,2.000000000000000000e+00,3.000000000000000000e+00,8.000000000000000000e+00,-6.874026359705467826e+01,2.592437565824149033e+02,6.403167083875543995e+02,0.000000000000000000e+00,4.514653019079571394e-01,1.121994532226096242e+00
6.000000000000000000e+00,2.000000000000000000e+00,3.000000000000000000e+00,9.000000000000000000e+00,-7.345890516751876476e+01,2.336836210053456853e+02,6.514756069326108445e+02,0.000000000000000000e+00,5.115156532485892749e-01,1.050192975091367886e+00
6.000000000000000000e+00,2.000000000000000000e+00,3.000000000000000000e+00,1.000000000000000000e+01,-7.762910707969261637e+01,2.066851360724170661e+02,6.638244888505571453e+02,0.000000000000000000e+00,5.762322090012429454e-01,9.842567314239102361e-01
6.000000000000000000e+00,2.000000000000000000e+00,3.000000000000000000e+00,1.100000000000000000e+01,-8.139992888680112060e+01,1.782148116204122914e+02,6.776441439854891087e+02,0.000000000000000000e+00,6.453497156874458129e-01,9.241009096952151891e-01
6.000000000000000000e+00,2.000000000000000000e+00,3.000000000000000000e+00,1.200000000000000000e+01,-8.487791038611759120e+01,1.481061364960079345e+02,6.932660577635633672e+02,0.000000000000000000e+00,7.186324788965513521e-01,8.694031843144025551e-01
6.000000000000000000e+00,2.000000000000000000e+00,3.000000000000000000e+00,1.300000000000000000e+01,-8.814070256292922068e+01,1.160681146399814594e+02,7.111001284739415951e+02,0.000000000000000000e+00,7.957670215287890869e-01,8.197299183601768346e-01
6.000000000000000000e+00,2.000000000000000000e+00,4.000000000000000000e+00,5.000000000000000000e+00,-3.903007293238462694e+01,2.775138312374851921e+02,6.378439868400660089e+02,0.000000000000000000e+00,4.091092454883103469e-01,1.168023004573177870e+00
6.000000000000000000e+00,2.000000000000000000e+00,4.000000000000000000e+00,6.000000000000000000e+00,-4.683345815196094009e+01,2.630074085174582592e+02,6.485871183189456133e+02,0.000000000000000000e+00,4.419334577985349344e-01,1.114089210426606247e+00
6.000000000000000000e+00,2.000000000000000000e+00,4.000000000000000000e+00,7.000000000000000000e+00,-5.370985218155792040e+01,2.453973898565664626e+02,6.598667783953762864e+02,0.000000000000000000e+00,4.824376745390839272e-01,1.059059512963700156e+00
6.000000000000000000e+00,2.000000000000000000e+00,4.000000000000000000e+00,8.000000000000000000e+00,-5.977465615671017929e+01,2.251497041826378904e+02,6.719358048449998932e+02,0.000000000000000000e+00,5.297103914637746325e-01,1.004684644783764069e+00
6.000000000000000000e+00,2.000000000000000000e+00,4.000000000000000000e+00,9.000000000000000000e+00,-6.516447190727043903e+01,2.025864519155111338e+02,6.850722168434333526e+02,0.000000000000000000e+00,5.830057294327587458e-01,9.521520296653023241e-01
6.000000000000000000e+00,2.000000000000000000e+00,4.000000000000000000e+00,1.000000000000000000e+01,-7.000898052707144359e+01,1.778756595314168578e+02,6.995861375648760259e+02,0.000000000000000000e+00,6.417216070899420810e-01,9.021905462871991910e-01
6.000000000000000000e+00,2.000000000000000000e+00,4.000000000000000000e+00,1.100000000000000000e+01,-7.442012951448170099e+01,1.510359126664012024e+02,7.158359532785071906e+02,0.000000000000000000e+00,7.053359795886965378e-01,8.551865128937009564e-01
6.000000000000000000e+00,2.000000000000000000e+00,4.000000000000000000e+00,1.200000000000000000e+01,-7.849040070068112129e+01,1.219401538975395169e+02,7.342530675155433073e+02,0.000000000000000000e+00,7.733216900166202112e-01,8.112867203143373507e-01
6.000000000000000000e+00,2.000000000000000000e+00,4.000000000000000000e+00,1.300000000000000000e+01,-8.229488033504267719e+01,9.030961292601153900e+01,7.553772955997105782e+02,0.000000000000000000e+00,8.450473412684216257e-01,7.704800076817074350e-01
6.000000000000000000e+00,2.000000000000000000e+00,5.000000000000000000e+00,6.000000000000000000e+00,-4.141763990192919209e+01,2.126548000042251658e+02,6.812499482324668634e+02,0.000000000000000000e+00,5.588521285190162224e-01,9.721553230522655964e-01
6.000000000000000000e+00,2.000000000000000000e+00,5.000000000000000000e+00,7.000000000000000000e+00,-4.791858534144628834e+01,1.980928200030197104e+02,6.945980379706662688e+02,0.000000000000000000e+00,5.924357061464798901e-01,9.349440001928361887e-01
6.000000000000000000e+00,2.000000000000000000e+00,5.000000000000000000e+00,8.000000000000000000e+00,-5.390502980560140145e+01,1.806353832006794278e+02,7.090119581757135165e+02,0.000000000000000000e+00,6.328262133231781217e-01,8.968968387807013665e-01
6.000000000000000000e+00,2.000000000000000000e+00,5.000000000000000000e+00,9.000000000000000000e+00,-5.941148831368678884e+01,1.604395063720830024e+02,7.247999999128453510e+02,0.000000000000000000e+00,6.794068339890930730e-01,8.589278787507910184e-01
6.000000000000000000e+00,2.000000000000000000e+00,5.000000000000000000e+00,1.000000000000000000e+01,-6.449081673234323375e+01,1.375714962885645605e+02,7.423354146851102087e+02,0.000000000000000000e+00,7.315485691362081377e-01,8.217147372984512366e-01
6.000000000000000000e+00,2.000000000000000000e+00,5.000000000000000000e+00,1.100000000000000000e+01,-6.920234425522635036e+01,1.119822392358686471e+02,7.620761517872037984e+02,0.000000000000000000e+00,7.885808773277972472e-01,7.857287380641090335e-01
6.000000000000000000e+00,2.000000000000000000e+00,6.000000000000000000e+00,6.000000000000000000e+00,-3.897148130210220529e+01,1.551781155773934415e+02,7.216666497355461161e+02,0.000000000000000000e+00,6.933795037344526735e-01,8.554104903955139783e-01
6.000000000000000000e+00,2.000000000000000000e+00,6.000000000000000000e+00,7.000000000000000000e+00,-4.491829646328309877e+01,1.423189531957850136e+02,7.376546265279947647e+02,0.000000000000000000e+00,7.211067642168611513e-01,8.297306096053840285e-01
6.000000000000000000e+00,2.000000000000000000e+00,6.000000000000000000e+00,8.000000000000000000e+00,-5.056620063160119116e+01,1.264399593860380833e+02,7.551749537265084200e+02,0.000000000000000000e+00,7.551349189998619593e-01,8.027920160645112269e-01
6.000000000000000000e+00,3.000000000000000000e+00,3.000000000000000000e+00,5.000000000000000000e+00,-6.774226493880506439e+01,3.727125378444857802e+02,6.976871401579753638e+02,0.000000000000000000e+00,2.037242435939862206e-01,1.207856812127471535e+00
6.000000000000000000e+00,3.000000000000000000e+00,3.000000000000000000e+00,6.000000000000000000e+00,-7.443105038254664407e+01,3.498610700120775618e+02,7.073652628784839180e+02,0.000000000000000000e+00,2.488545390122352263e-01,1.148495370155448114e+00
6.000000000000000000e+00,3.000000000000000000e+00,3.000000000000000000e+00,7.000000000000000000e+00,-7.945091692237039638e+01,3.242921636737019639e+02,7.176229455848254020e+02,0.000000000000000000e+00,3.009552234295944095e-01,1.088482344286419323e+00
6.000000000000000000e+00,3.000000000000000000e+00,3.000000000000000000e+00,8.000000000000000000e+00,-8.350708680555278818e+01,2.970997716194206077e+02,7.289448244541404165e+02,0.000000000000000000e+00,3.580419465949663538e-01,1.029699031862462144e+00
6.000000000000000000e+00,3.000000000000000000e+00,3.000000000000000000e+00,9.000000000000000000e+00,-8.698407509305226881e+01,2.687287744764171862e+02,7.417100884574831525e+02,0.000000000000000000e+00,4.191424381805319288e-01,9.733628688909067295e-01
6.000000000000000000e+00,3.000000000000000000e+00,4.000000000000000000e+00,4.000000000000000000e+00,-4.121541165491561287e+01,3.299022568847533989e+02,7.145870393094080555e+02,0.000000000000000000e+00,2.894330223944020508e-01,1.102768097972048444e+00
6.000000000000000000e+00,3.000000000000000000e+00,4.000000000000000000e+00,5.000000000000000000e+00,-5.111983083192683353e+01,3.205179443271086939e+02,7.273813515674685277e+02,0.000000000000000000e+00,3.082032880397036489e-01,1.064931035226127420e+00
6.000000000000000000e+00,3.000000000000000000e+00,4.000000000000000000e+00,6.000000000000000000e+00,-5.938286275841744555e+01,3.060355895920757803e+02,7.402851681554705010e+02,0.000000000000000000e+00,3.378252625049522617e-01,1.023578328183616160e+00
6.000000000000000000e+00,3.000000000000000000e+00,4.000000000000000000e+00,7.000000000000000000e+00,-6.623864220702569128e+01,2.875032392049502619e+02,7.537245429893282562e+02,0.000000000000000000e+00,3.763906270995527881e-01,9.804097093961566811e-01
6.000000000000000000e+00,3.000000000000000000e+00,5.000000000000000000e+00,5.000000000000000000e+00,-4.314000457784354126e+01,2.631682618452857696e+02,7.637882349811959557e+02,0.000000000000000000e+00,4.286564722668578797e-01,9.389762637526231082e-01
6.000000000000000000e+00,-1.000000000000000000e+00,0.000000000000000000e+00,1.000000000000000000e+00,-5.228190718387043034e+01,4.270404534536368146e+02,3.341963815193101368e+02,1.000000000000000000e+00,9.846249090166195317e-02,5.243955554932641761e+00
6.000000000000000000e+00,0.000000000000000000e+00,0.000000000000000000e+00,1.000000000000000000e+00,-7.660483168880072924e+01,4.489300473627678230e+02,3.887064749252473348e+02,1.000000000000000000e+00,5.565920315746508695e-02,1.230180172239367664e+01
6.000000000000000000e+00,1.000000000000000000e+00,1.000000000000000000e+00,2.000000000000000000e+00,-4.461597678755441621e+01,4.298663343712553910e+02,4.738515087110732793e+02,1.000000000000000000e+00,9.320643994126466547e-02,3.445486110466344343e+00
6.000000000000000000e+00,-5.000000000000000000e+00,0.000000000000000000e+00,-4.000000000000000000e+00,-8.491059910883899420e+01,5.418905256234515946e+02,1.356080325849120527e+01,1.000000000000000000e+00,1.318819498542850299e-01,1.084875232929679134e+00
6.000000000000000000e+00,-4.000000000000000000e+00,-1.000000000000000000e+00,-8.000000000000000000e+00,-4.075347068692840935e+01,6.077632566516567749e+02,1.631673770718833794e+01,1.000000000000000000e+00,2.701837921376999407e-01,1.038592337459055548e+00
6.000000000000000000e+00,-4.000000000000000000e+00,-1.000000000000000000e+00,-7.000000000000000000e+00,-3.860846174625311278e+01,5.731186650847988631e+02,3.206956535321563706e+01,1.000000000000000000e+00,1.975966569264473727e-01,1.099003409752439486e+00
6.000000000000000000e+00,-4.000000000000000000e+00,0.000000000000000000e+00,-1.000000000000000000e+01,-6.024522966354527398e+01,7.105593969677279347e+02,1.305381979482962151e+01,1.000000000000000000e+00,4.928093397776557860e-01,9.378617184396540463e-01
6.000000000000000000e+00,-4.000000000000000000e+00,0.000000000000000000e+00,-9.000000000000000000e+00,-6.335775901332237936e+01,6.795359214749653347e+02,3.341362719775270307e+01,1.000000000000000000e+00,4.274264667367066450e-01,9.943726280798966810e-01
6.000000000000000000e+00,-4.000000000000000000e+00,0.000000000000000000e+00,-8.000000000000000000e+00,-6.682899165697853050e+01,6.505747215484024082e+02,5.122230229921581213e+01,1.000000000000000000e+00,3.655924613410924673e-01,1.054669029877291608e+00
6.000000000000000000e+00,-4.000000000000000000e+00,0.000000000000000000e+00,-7.000000000000000000e+00,-7.087002635687838392e+01,6.235898135884643807e+02,6.694036957922367037e+01,1.000000000000000000e+00,3.077117112911005314e-01,1.118105196404325152e+00
6.000000000000000000e+00,-4.000000000000000000e+00,0.000000000000000000e+00,-6.000000000000000000e+00,-7.585272532969628401e+01,5.987973937349920561e+02,8.095603274015371653e+01,1.000000000000000000e+00,2.546116598894249128e-01,1.183456329609615443e+00
6.000000000000000000e+00,-4.000000000000000000e+00,0.000000000000000000e+00,-5.000000000000000000e+00,-8.245991770664909382e+01,5.769304982999117328e+02,9.363122603147922973e+01,1.000000000000000000e+00,2.080335456686913664e-01,1.248723795845207984e+00
6.000000000000000000e+00,-4.000000000000000000e+00,1.000000000000000000e+00,-1.100000000000000000e+01,-7.077918784318006828e+01,7.856946873460922234e+02,2.001427409102200272e+01,1.000000000000000000e+00,6.587115162676829838e-01,8.758079779953390487e-01
6.000000000000000000e+00,-4.000000000000000000e+00,1.000000000000000000e+00,-1.000000000000000000e+01,-7.488671479775007356e+01,7.538328436909317816e+02,4.266496419998742340e+01,1.000000000000000000e+00,5.931335874117030782e-01,9.265027787641413326e-01
6.000000000000000000e+00,-4.000000000000000000e+00,1.000000000000000000e+00,-9.000000000000000000e+00,-7.942970491915241382e+01,7.250455441869379456e+02,6.242562695735114175e+01,1.000000000000000000e+00,5.321443576917918028e-01,9.808645154941760813e-01
6.000000000000000000e+00,-4.000000000000000000e+00,1.000000000000000000e+00,-8.000000000000000000e+00,-8.454952916833372001e+01,6.991204388859395067e+02,7.984913987227815824e+01,1.000000000000000000e+00,4.762197452009348519e-01,1.038592337459055548e+00
6.000000000000000000e+00,-3.000000000000000000e+00,-1.000000000000000000e+00,-1.200000000000000000e+01,-4.365075071476957191e+01,7.737708784269671014e+02,3.045275027541708823e+01,1.000000000000000000e+00,6.348235678466660481e-01,8.953602301664944640e-01
6.000000000000000000e+00,-3.000000000000000000e+00,-1.000000000000000000e+00,-1.100000000000000000e+01,-4.494871912076496301e+01,7.373568071976405918e+02,5.312523080270307219e+01,1.000000000000000000e+00,5.582531136486040824e-01,9.554560263055826841e-01
6.000000000000000000e+00,-3.000000000000000000e+00,-1.000000000000000000e+00,-1.000000000000000000e+01,-4.605216104521232978e+01,7.032510939689424276e+02,7.276052814371809063e+01,1.000000000000000000e+00,4.846771640827053362e-01,1.022406620268124566e+00
6.000000000000000000e+00,-3.000000000000000000e+00,-1.000000000000000000e+00,-9.000000000000000000e+00,-4.689146210712002016e+01,6.708687830080081085e+02,8.991217767397284888e+01,1.000000000000000000e+00,4.138890896363890959e-01,1.096916416295262042e+00
6.000000000000000000e+00,-3.000000000000000000e+00,-1.000000000000000000e+00,-8.000000000000000000e+00,-4.734531302322687907e+01,6.397040176957649464e+02,1.050005437965337478e+02,1.000000000000000000e+00,3.455189208760842123e-01,1.179523130928754604e+00
6.000000000000000000e+00,-3.000000000000000000e+00,-1.000000000000000000e+00,-7.000000000000000000e+00,-4.718496633176491173e+01,6.092658159832625415e+02,1.183460520444095891e+02,1.000000000000000000e+00,2.790065637344583127e-01,1.270363002570063848e+00
6.000000000000000000e+00,-3.000000000000000000e+00,-1.000000000000000000e+00,-6.000000000000000000e+00,-4.592241335897588783e+01,5.789656650974877721e+02,1.301861223255916116e+02,1.000000000000000000e+00,2.134471364479382238e-01,1.368778946962249110e+00
6.000000000000000000e+00,-3.000000000000000000e+00,-1.000000000000000000e+00,-5.000000000000000000e+00,-4.227419133348382729e+01,5.477707327145730005e+02,1.406638824283768372e+02,1.000000000000000000e+00,1.469437627526429535e-01,1.472727385493023178e+00
6.000000000000000000e+00,-3.000000000000000000e+00,0.000000000000000000e+00,-1.100000000000000000e+01,-5.962364253475709575e+01,7.561463602962440973e+02,8.438536882346812718e+01,1.000000000000000000e+00,6.052394722573911645e-01,9.679281133155815953e-01
6.000000000000000000e+00,-3.000000000000000000e+00,0.000000000000000000e+00,-1.000000000000000000e+01,-6.243194381155961992e+01,7.230029414270323969e+02,1.028169474845632863e+02,1.000000000000000000e+00,5.327290358917349256e-01,1.037732273620628032e+00
6.000000000000000000e+00,-3.000000000000000000e+00,0.000000000000000000e+00,-9.000000000000000000e+00,-6.545461206375523489e+01,6.919793437980563340e+02,1.190331449716223915e+02,1.000000000000000000e+00,4.639307827626146796e-01,1.115907697746199467e+00
6.000000000000000000e+00,-3.000000000000000000e+00,0.000000000000000000e+00,-8.000000000000000000e+00,-6.879924447200022541e+01,6.627358605892278547e+02,1.334265686387551284e+02,1.000000000000000000e+00,3.987865543903300614e-01,1.203233066816324470e+00
6.000000000000000000e+00,-3.000000000000000000e+00,0.000000000000000000e+00,-7.000000000000000000e+00,-7.264129979054956721e+01,6.350741624738566316e+02,1.463102284047007799e+02,1.000000000000000000e+00,3.373071012601815966e-01,1.300128248812606024e+00
6.000000000000000000e+00,-3.000000000000000000e+00,0.000000000000000000e+00,-6.000000000000000000e+00,-7.728538694204422654e+01,6.089747656249267038e+02,1.579434494830127278e+02,1.000000000000000000e+00,2.797180969148380658e-01,1.406225373169721848e+00
6.000000000000000000e+00,-3.000000000000000000e+00,0.000000000000000000e+00,-5.000000000000000000e+00,-8.329609824596207091e+01,5.847121249175821731e+02,1.685561012292834846e+02,1.000000000000000000e+00,2.267418379352382773e-01,1.519676154516219180e+00
6.000000000000000000e+00,-3.000000000000000000e+00,1.000000000000000000e+00,-1.100000000000000000e+01,-7.177848807929228769e+01,7.865949334268009352e+02,1.108211773656564105e+02,1.000000000000000000e+00,6.782857554188632676e-01,9.554560263055823510e-01
6.000000000000000000e+00,-3.000000000000000000e+00,1.000000000000000000e+00,-1.000000000000000000e+01,-7.568349074364658691e+01,7.545239676861560838e+02,1.285603290438165800e+02,1.000000000000000000e+00,6.077452231930741133e-01,1.022406620268124566e+00
6.000000000000000000e+00,-3.000000000000000000e+00,1.000000000000000000e+00,-9.000000000000000000e+00,-7.999425267514789084e+01,7.250949405322971870e+02,1.442550720422844392e+02,1.000000000000000000e+00,5.418884072319661849e-01,1.096916416295262264e+00
6.000000000000000000e+00,-3.000000000000000000e+00,1.000000000000000000e+00,-8.000000000000000000e+00,-8.484822484805607701e+01,6.980623240845741293e+02,1.582817717904319466e+02,1.000000000000000000e+00,4.808842805265757803e-01,1.179523130928754604e+00
6.000000000000000000e+00,-2.000000000000000000e+00,-1.000000000000000000e+00,-1.100000000000000000e+01,-4.652740120175397465e+01,7.552793844944061448e+02,1.338736341653536215e+02,1.000000000000000000e+00,6.101384854031409732e-01,1.027803041088291236e+00
6.000000000000000000e+00,-2.000000000000000000e+00,-1.000000000000000000e+00,-1.000000000000000000e+01,-4.766627580170890610e+01,7.218458291237055846e+02,1.499260665724846433e+02,1.000000000000000000e+00,5.349341719287792341e-01,1.112578857682358979e+00
6.000000000000000000e+00,-2.000000000000000000e+00,-1.000000000000000000e+00,-9.000000000000000000e+00,-4.859198565201091924e+01,6.902237183936017573e+02,1.641674597040437789e+02,1.000000000000000000e+00,4.632783212180354715e-01,1.210619666929896088e+00
6.000000000000000000e+00,-2.000000000000000000e+00,-1.000000000000000000e+00,-8.000000000000000000e+00,-4.922114865400408235e+01,6.599916262657203561e+02,1.769096945662404607e+02,1.000000000000000000e+00,3.948294794379959560e-01,1.324555181963999351e+00
6.000000000000000000e+00,-2.000000000000000000e+00,-1.000000000000000000e+00,-7.000000000000000000e+00,-4.940911625676528729e+01,6.307914481693360358e+02,1.883989772032873304e+02,1.000000000000000000e+00,3.291861508018407712e-01,1.457314042019820510e+00
6.000000000000000000e+00,-2.000000000000000000e+00,-1.000000000000000000e+00,-6.000000000000000000e+00,-4.888416333613329812e+01,6.023011481598676937e+02,1.988321394407802813e+02,1.000000000000000000e+00,2.658943153189751163e-01,1.611730614606514234e+00
6.000000000000000000e+00,-2.000000000000000000e+00,-1.000000000000000000e+00,-5.000000000000000000e+00,-4.707276685012615758e+01,5.742002855831826764e+02,2.083674546929552207e+02,1.000000000000000000e+00,2.044217903018857030e-01,1.789505037708062130e+00
6.000000000000000000e+00,-2.000000000000000000e+00,-1.000000000000000000e+00,-4.000000000000000000e+00,-4.252444323808208537e+01,5.460908983511416181e+02,2.171295016504931823e+02,1.000000000000000000e+00,1.440298966608660747e-01,1.988886056878435449e+00
6.000000000000000000e+00,-2.000000000000000000e+00,0.000000000000000000e+00,-1.100000000000000000e+01,-5.977860421915636380e+01,7.656888596173979522e+02,1.613315953489406809e+02,1.000000000000000000e+00,6.373778560738211363e-01,1.043376375879344620e+00
6.000000000000000000e+00,-2.000000000000000000e+00,0.000000000000000000e+00,-1.000000000000000000e+01,-6.235230591380710052e+01,7.326067082158442645e+02,1.763795177410777342e+02,1.000000000000000000e+00,5.621048617815956883e-01,1.132410216759393906e+00
6.000000000000000000e+00,-2.000000000000000000e+00,0.000000000000000000e+00,-9.000000000000000000e+00,-6.508274677347725401e+01,7.014701923601629687e+02,1.898085048664727879e+02,1.000000000000000000e+00,4.907727214397983317e-01,1.236296361347846595e+00
6.000000000000000000e+00,-2.000000000000000000e+00,0.000000000000000000e+00,-8.000000000000000000e+00,-6.804710484489427813e+01,6.719089108633504566e+02,2.019037646078230921e+02,1.000000000000000000e+00,4.231178605283622551e-01,1.358398980366905429e+00
6.000000000000000000e+00,-2.000000000000000000e+00,0.000000000000000000e+00,-7.000000000000000000e+00,-7.136968688691678153e+01,6.436476585080356472e+02,2.128936530199217145e+02,1.000000000000000000e+00,3.588862055582529575e-01,1.502758384888193577e+00
6.000000000000000000e+00,-2.000000000000000000e+00,0.000000000000000000e+00,-6.000000000000000000e+00,-7.526519271502888841e+01,6.165106310394262437e+02,2.229655905191899592e+02,1.000000000000000000e+00,2.979028500662129209e-01,1.673861546619299423e+00
6.000000000000000000e+00,-2.000000000000000000e+00,0.000000000000000000e+00,-5.000000000000000000e+00,-8.013695830711822055e+01,5.904619587916844239e+02,2.322791533544973674e+02,1.000000000000000000e+00,2.401968304840367829e-01,1.875723436879308093e+00
6.000000000000000000e+00,-2.000000000000000000e+00,0.000000000000000000e+00,-4.000000000000000000e+00,-8.682356632274041885e+01,5.657371252018467658e+02,2.409801096120028205e+02,1.000000000000000000e+00,1.862970703125477745e-01,2.109338059754582773e+00
6.000000000000000000e+00,-2.000000000000000000e+00,1.000000000000000000e+00,-1.100000000000000000e+01,-7.108357366033806102e+01,7.884871673578071523e+02,1.855598608675369121e+02,1.000000000000000000e+00,6.930011675996859966e-01,1.027803041088291236e+00
6.000000000000000000e+00,-2.000000000000000000e+00,1.000000000000000000e+00,-1.000000000000000000e+01,-7.468665881780702875e+01,7.561001001807665034e+02,1.999855066444954446e+02,1.000000000000000000e+00,6.188632866308794167e-01,1.112578857682359423e+00
6.000000000000000000e+00,-2.000000000000000000e+00,1.000000000000000000e+00,-9.000000000000000000e+00,-7.864202116642036344e+01,7.260436310498281500e+02,2.129274272323288812e+02,1.000000000000000000e+00,5.493900377262307400e-01,1.210619666929895866e+00
6.000000000000000000e+00,-2.000000000000000000e+00,1.000000000000000000e+00,-8.000000000000000000e+00,-8.307496396418042650e+01,6.980291556621407381e+02,2.246574033661916872e+02,1.000000000000000000e+00,4.845108881823182445e-01,1.324555181963999351e+00
6.000000000000000000e+00,-2.000000000000000000e+00,1.000000000000000000e+00,-7.000000000000000000e+00,-8.816399632913487494e+01,6.719072848209917765e+02,2.353952038505368591e+02,1.000000000000000000e+00,4.242448656862231604e-01,1.457314042019820510e+00
6.000000000000000000e+00,-1.000000000000000000e+00,-1.000000000000000000e+00,-1.100000000000000000e+01,-4.618013030692634402e+01,7.719422426404205453e+02,2.026167550072835581e+02,1.000000000000000000e+00,6.561728634615107136e-01,1.079987335392475378e+00
6.000000000000000000e+00,-1.000000000000000000e+00,-1.000000000000000000e+00,-1.000000000000000000e+01,-4.717177117135759090e+01,7.388269283135456362e+02,2.161029998375765047e+02,1.000000000000000000e+00,5.795636795707326261e-01,1.179664235252622984e+00
6.000000000000000000e+00,-1.000000000000000000e+00,-1.000000000000000000e+00,-9.000000000000000000e+00,-4.794201720451582105e+01,7.076007730877208814e+02,2.282456928559786036e+02,1.000000000000000000e+00,5.070155243757608066e-01,1.298544186016179935e+00
6.000000000000000000e+00,-1.000000000000000000e+00,-1.000000000000000000e+00,-8.000000000000000000e+00,-4.841252458277722326e+01,6.778810895062636064e+02,2.392857700260514946e+02,1.000000000000000000e+00,4.381837914604121975e-01,1.442310236649423372e+00
6.000000000000000000e+00,-1.000000000000000000e+00,-1.000000000000000000e+00,-7.000000000000000000e+00,-4.845547761356374394e+01,6.493636685878022945e+02,2.494171977181193824e+02,1.000000000000000000e+00,3.727123347725626590e-01,1.618828601307914283e+00
6.000000000000000000e+00,-1.000000000000000000e+00,-1.000000000000000000e+00,-6.000000000000000000e+00,-4.785008170836229624e+01,6.218144131225749334e+02,2.587994482287465416e+02,1.000000000000000000e+00,3.102742278595891356e-01,1.839004145124393474e+00
6.000000000000000000e+00,-1.000000000000000000e+00,-1.000000000000000000e+00,-5.000000000000000000e+00,-4.618463469015142664e+01,5.950794591474115123e+02,2.675670472786501932e+02,1.000000000000000000e+00,2.506325339843679667e-01,2.117608947777143591e+00
6.000000000000000000e+00,-1.000000000000000000e+00,-1.000000000000000000e+00,-4.000000000000000000e+00,-4.260929046419630595e+01,5.691382664161084222e+02,2.758380539348070783e+02,1.000000000000000000e+00,1.937761534929993146e-01,2.472863336741859541e+00
6.000000000000000000e+00,-1.000000000000000000e+00,0.000000000000000000e+00,-1.100000000000000000e+01,-5.833303920460312497e+01,7.764146384799668112e+02,2.278180118206456370e+02,1.000000000000000000e+00,6.688243349096607560e-01,1.098098333244993174e+00
6.000000000000000000e+00,-1.000000000000000000e+00,0.000000000000000000e+00,-1.000000000000000000e+01,-6.056229932850722264e+01,7.432470613927209797e+02,2.404301725870085704e+02,1.000000000000000000e+00,5.914346944613009249e-01,1.203382853558934151e+00
6.000000000000000000e+00,-1.000000000000000000e+00,0.000000000000000000e+00,-9.000000000000000000e+00,-6.286658707545142022e+01,7.119517224491750085e+02,2.518539364228255408e+02,1.000000000000000000e+00,5.181841827288909963e-01,1.330385200757993047e+00
6.000000000000000000e+00,-1.000000000000000000e+00,0.000000000000000000e+00,-8.000000000000000000e+00,-6.528592726476811947e+01,6.821401175882804182e+02,2.623069652083586334e+02,1.000000000000000000e+00,4.486906771425410723e-01,1.486322755211072932e+00
6.000000000000000000e+00,-1.000000000000000000e+00,0.000000000000000000e+00,-7.000000000000000000e+00,-6.788315134449202048e+01,6.534953476997756070e+02,2.719653411135560646e+02,1.000000000000000000e+00,3.825521721701125033e-01,1.681816584791427704e+00
6.000000000000000000e+00,-1.000000000000000000e+00,0.000000000000000000e+00,-6.000000000000000000e+00,-7.076446574306510229e+01,6.257585256671351317e+02,2.809744573642274190e+02,1.000000000000000000e+00,3.193754637086705372e-01,1.932964032739084681e+00
6.000000000000000000e+00,-1.000000000000000000e+00,0.000000000000000000e+00,-5.000000000000000000e+00,-7.412654754869598150e+01,5.987260986767121267e+02,2.894571275545096114e+02,1.000000000000000000e+00,2.588099259032602961e-01,2.264820433518787812e+00
6.000000000000000000e+00,-1.000000000000000000e+00,0.000000000000000000e+00,-4.000000000000000000e+00,-7.838019997093842051e+01,5.722684624245625855e+02,2.975201134592438166e+02,1.000000000000000000e+00,2.006128356946617619e-01,2.716797960733810857e+00
6.000000000000000000e+00,-1.000000000000000000e+00,0.000000000000000000e+00,-3.000000000000000000e+00,-8.454281804182625137e+01,5.464156607908821570e+02,3.052606963080033893e+02,1.000000000000000000e+00,1.448426052311352075e-01,3.347723093238598846e+00
6.000000000000000000e+00,-1.000000000000000000e+00,1.000000000000000000e+00,-1.000000000000000000e+01,-7.217939137117440396e+01,7.606029389503556786e+02,2.629083871040128315e+02,1.000000000000000000e+00,6.337249223781687979e-01,1.179664235252623206e+00
6.000000000000000000e+00,-1.000000000000000000e+00,1.000000000000000000e+00,-9.000000000000000000e+00,-7.566033454766289879e+01,7.299161762784387975e+02,2.738584309149030673e+02,1.000000000000000000e+00,5.613923497638101390e-01,1.298544186016179935e+00
6.000000000000000000e+00,-1.000000000000000000e+00,1.000000000000000000e+00,-8.000000000000000000e+00,-7.951638173176007740e+01,7.010340959899783684e+02,2.839410700729980590e+02,1.000000000000000000e+00,4.934435816507270478e-01,1.442310236649423372e+00
6.000000000000000000e+00,-1.000000000000000000e+00,1.000000000000000000e+00,-7.000000000000000000e+00,-8.389642264351044787e+01,6.737309900625388082e+02,2.933229330002467918e+02,1.000000000000000000e+00,4.296766911744440143e-01,1.618828601307914061e+00
6.000000000000000000e+00,-1.000000000000000000e+00,2.000000000000000000e+00,-1.000000000000000000e+01,-8.138665768930439981e+01,7.898259368119622650e+02,2.842399001286976841e+02,1.000000000000000000e+00,7.042480525019469972e-01,1.116126710614154138e+00
6.000000000000000000e+00,-1.000000000000000000e+00,2.000000000000000000e+00,-9.000000000000000000e+00,-8.551251180136063113e+01,7.599122462936682041e+02,2.948810039591292593e+02,1.000000000000000000e+00,6.334774892318817407e-01,1.215194541936476913e+00
6.000000000000000000e+00,0.000000000000000000e+00,-1.000000000000000000e+00,-1.000000000000000000e+01,-4.513934095784125589e+01,7.572353079232674418e+02,2.760692276776135259e+02,1.000000000000000000e+00,6.263536508904453681e-01,1.204874950556125146e+00
6.000000000000000000e+00,0.000000000000000000e+00,-1.000000000000000000e+00,-9.000000000000000000e+00,-4.563296656777515636e+01,7.261639335792284555e+02,2.865946728462707256e+02,1.000000000000000000e+00,5.529029293222144092e-01,1.332402161400198626e+00
6.000000000000000000e+00,0.000000000000000000e+00,-1.000000000000000000e+00,-8.000000000000000000e+00,-4.579332018847037489e+01,6.967440023445244606e+02,2.963247915799112207e+02,1.000000000000000000e+00,4.835990691511035666e-01,1.489136922376449235e+00
6.000000000000000000e+00,0.000000000000000000e+00,-1.000000000000000000e+00,-7.000000000000000000e+00,-4.549484390722852822e+01,6.687026244897482457e+02,3.054153939762478558e+02,1.000000000000000000e+00,4.181240038816897431e-01,1.685896889433066370e+00
6.000000000000000000e+00,0.000000000000000000e+00,-1.000000000000000000e+00,-6.000000000000000000e+00,-4.453576891711529129e+01,6.418544547738430310e+02,3.139967150267561351e+02,1.000000000000000000e+00,3.562277316639460567e-01,1.939166094173887744e+00
6.000000000000000000e+00,0.000000000000000000e+00,-1.000000000000000000e+00,-5.000000000000000000e+00,-4.257563220315086028e+01,6.161218624643965995e+02,3.221804235400506968e+02,1.000000000000000000e+00,2.978084472042957231e-01,2.274814611308027423e+00
6.000000000000000000e+00,0.000000000000000000e+00,-1.000000000000000000e+00,-4.000000000000000000e+00,-3.900711059639479572e+01,5.915989401654015865e+02,3.300651635388470027e+02,1.000000000000000000e+00,2.430696351874146177e-01,2.734099459959467016e+00
6.000000000000000000e+00,0.000000000000000000e+00,0.000000000000000000e+00,-1.000000000000000000e+01,-5.741388311441659198e+01,7.567292703493815225e+02,2.991955558813298239e+02,1.000000000000000000e+00,6.260336565088673311e-01,1.230180172239367709e+00
6.000000000000000000e+00,0.000000000000000000e+00,0.000000000000000000e+00,-9.000000000000000000e+00,-5.920862525296736578e+01,7.252084425854779965e+02,3.090715855640899576e+02,1.000000000000000000e+00,5.511897448761414742e-01,1.366866858043741972e+00
6.000000000000000000e+00,0.000000000000000000e+00,0.000000000000000000e+00,-8.000000000000000000e+00,-6.098772118051016378e+01,6.951919500771756475e+02,3.182702122061110117e+02,1.000000000000000000e+00,4.802738676631335690e-01,1.537725215299209580e+00
6.000000000000000000e+00,0.000000000000000000e+00,0.000000000000000000e+00,-7.000000000000000000e+00,-6.275324765873466504e+01,6.663489825443344898e+02,3.269319403462369564e+02,1.000000000000000000e+00,4.128303044912752240e-01,1.757400246056239235e+00
6.000000000000000000e+00,0.000000000000000000e+00,0.000000000000000000e+00,-6.000000000000000000e+00,-6.450715221709825187e+01,6.383970138293241234e+02,3.351750697337105862e+02,1.000000000000000000e+00,3.483963001775445822e-01,2.050300287065612181e+00
6.000000000000000000e+00,0.000000000000000000e+00,0.000000000000000000e+00,-5.000000000000000000e+00,-6.625127576575509636e+01,6.110882439137335496e+02,3.431017383267464425e+02,1.000000000000000000e+00,2.865128258797556282e-01,2.460360344478735417e+00
6.000000000000000000e+00,0.000000000000000000e+00,0.000000000000000000e+00,-4.000000000000000000e+00,-6.798737232385657592e+01,5.841990877498767532e+02,3.508025547090842338e+02,1.000000000000000000e+00,2.267301882648405376e-01,3.075450430598419160e+00
6.000000000000000000e+00,0.000000000000000000e+00,0.000000000000000000e+00,-3.000000000000000000e+00,-6.971712650283156165e+01,5.575216657857873770e+02,3.583602918279692631e+02,1.000000000000000000e+00,1.686101406560472638e-01,4.100600574131225251e+00
6.000000000000000000e+00,0.000000000000000000e+00,0.000000000000000000e+00,-2.000000000000000000e+00,-7.144216926539662893e+01,5.308565459767550010e+02,3.658529768265851772e+02,1.000000000000000000e+00,1.117256603527035236e-01,6.150900861196838321e+00
6.000000000000000000e+00,0.000000000000000000e+00,0.000000000000000000e+00,-1.000000000000000000e+00,-7.316409239418015886e+01,5.040061614029393695e+02,3.733566291821987875e+02,1.000000000000000000e+00,5.565920315746508001e-02,1.230180172239367842e+01
6.000000000000000000e+00,0.000000000000000000e+00,1.000000000000000000e+00,-1.000000000000000000e+01,-6.838056460109099532e+01,7.690584332287802454e+02,3.212643850018256444e+02,1.000000000000000000e+00,6.561374102416089871e-01,1.204874950556125368e+00
6.000000000000000000e+00,0.000000000000000000e+00,1.000000000000000000e+00,-9.000000000000000000e+00,-7.128849184439924613e+01,7.377107544513563653e+02,3.306690898244618211e+02,1.000000000000000000e+00,5.813749827349212751e-01,1.332402161400198848e+00
6.000000000000000000e+00,0.000000000000000000e+00,1.000000000000000000e+00,-8.000000000000000000e+00,-7.443842113315989195e+01,7.080517616948246769e+02,3.394923043147467183e+02,1.000000000000000000e+00,5.108872224801014328e-01,1.489136922376449235e+00
6.000000000000000000e+00,0.000000000000000000e+00,1.000000000000000000e+00,-7.000000000000000000e+00,-7.793060419642904435e+01,6.797935327829956123e+02,3.478642594683612970e+02,1.000000000000000000e+00,4.443197175820595146e-01,1.685896889433066592e+00
6.000000000000000000e+00,0.000000000000000000e+00,1.000000000000000000e+00,-6.000000000000000000e+00,-8.192045062023271385e+01,6.527282126180012938e+02,3.558951557525565477e+02,1.000000000000000000e+00,3.813704194907764911e-01,1.939166094173887078e+00
6.000000000000000000e+00,0.000000000000000000e+00,1.000000000000000000e+00,-5.000000000000000000e+00,-8.666146671180507610e+01,6.267387566073778089e+02,3.636804471942857049e+02,1.000000000000000000e+00,3.218509682048908971e-01,2.274814611308027423e+00
6.000000000000000000e+00,0.000000000000000000e+00,2.000000000000000000e+00,-9.000000000000000000e+00,-8.100197610817957639e+01,7.627047359169316678e+02,3.520526668163677186e+02,1.000000000000000000e+00,6.414803756941607205e-01,1.242807041883944530e+00
6.000000000000000000e+00,0.000000000000000000e+00,2.000000000000000000e+00,-8.000000000000000000e+00,-8.496886778737768964e+01,7.339056651961750504e+02,3.605925336633080178e+02,1.000000000000000000e+00,5.725905965396864694e-01,1.367049729979733286e+00
6.000000000000000000e+00,1.000000000000000000e+00,-1.000000000000000000e+00,-1.000000000000000000e+01,-4.192630148617701025e+01,7.786511228951924295e+02,3.332236834641794303e+02,1.000000000000000000e+00,6.793736390948836856e-01,1.179664235252623206e+00
6.000000000000000000e+00,1.000000000000000000e+00,-1.000000000000000000e+00,-9.000000000000000000e+00,-4.208765444263229938e+01,7.474609009717796653e+02,3.423996544703139193e+02,1.000000000000000000e+00,6.048517166474192130e-01,1.298544186016179713e+00
6.000000000000000000e+00,1.000000000000000000e+00,-1.000000000000000000e+00,-8.000000000000000000e+00,-4.187740561781828319e+01,7.181098008095094656e+02,3.510414852811182982e+02,1.000000000000000000e+00,5.348639722219294956e-01,1.442310236649423372e+00
6.000000000000000000e+00,1.000000000000000000e+00,-1.000000000000000000e+00,-7.000000000000000000e+00,-4.117257024367108897e+01,6.903375601253193281e+02,3.592741689391901332e+02,1.000000000000000000e+00,4.691296202281459715e-01,1.618828601307914505e+00
6.000000000000000000e+00,1.000000000000000000e+00,-1.000000000000000000e+00,-6.000000000000000000e+00,-3.978819393376369362e+01,6.639815212565998763e+02,3.672033579746014880e+02,1.000000000000000000e+00,4.074504829222678759e-01,1.839004145124393474e+00
6.000000000000000000e+00,1.000000000000000000e+00,-1.000000000000000000e+00,-5.000000000000000000e+00,-3.743835068907554842e+01,6.389946813533234717e+02,3.749201172666387265e+02,1.000000000000000000e+00,3.497885879163480372e-01,2.117608947777143591e+00
6.000000000000000000e+00,1.000000000000000000e+00,0.000000000000000000e+00,-1.000000000000000000e+01,-5.317044273871560733e+01,7.740369960097493731e+02,3.558239704452742558e+02,1.000000000000000000e+00,6.686842578077170085e-01,1.203382853558933929e+00
6.000000000000000000e+00,1.000000000000000000e+00,0.000000000000000000e+00,-9.000000000000000000e+00,-5.441683414598298896e+01,7.421385415060910873e+02,3.644006339898718352e+02,1.000000000000000000e+00,5.922985729118758202e-01,1.330385200757993047e+00
6.000000000000000000e+00,1.000000000000000000e+00,0.000000000000000000e+00,-8.000000000000000000e+00,-5.552254706476217905e+01,7.118606843776258302e+02,3.725581034783507448e+02,1.000000000000000000e+00,5.200794557031080956e-01,1.486322755211073376e+00
6.000000000000000000e+00,1.000000000000000000e+00,0.000000000000000000e+00,-7.000000000000000000e+00,-5.644019094837352668e+01,6.828703337785816530e+02,3.804089248683717983e+02,1.000000000000000000e+00,4.515771779688615983e-01,1.681816584791427704e+00
6.000000000000000000e+00,1.000000000000000000e+00,0.000000000000000000e+00,-6.000000000000000000e+00,-5.709271786084218547e+01,6.548903989190937409e+02,3.880503225703556041e+02,1.000000000000000000e+00,3.863451535115641766e-01,1.932964032739084903e+00
6.000000000000000000e+00,1.000000000000000000e+00,0.000000000000000000e+00,-5.000000000000000000e+00,-5.734769836988844816e+01,6.276900893516141196e+02,3.955687930999727655e+02,1.000000000000000000e+00,3.239601374424226909e-01,2.264820433518787812e+00
6.000000000000000000e+00,1.000000000000000000e+00,0.000000000000000000e+00,-4.000000000000000000e+00,-5.695937245437434626e+01,6.010839825697329388e+02,4.030435729111492833e+02,1.000000000000000000e+00,2.640482898127869960e-01,2.716797960733810857e+00
6.000000000000000000e+00,1.000000000000000000e+00,0.000000000000000000e+00,-3.000000000000000000e+00,-5.542021329562518872e+01,5.749490589318759248e+02,4.105490928116562941e+02,1.000000000000000000e+00,2.063396170430663035e-01,3.347723093238598846e+00
6.000000000000000000e+00,1.000000000000000000e+00,0.000000000000000000e+00,-2.000000000000000000e+00,-5.150783858257256043e+01,5.492980733646321596e+02,4.181557240741441888e+02,1.000000000000000000e+00,1.508311157049688211e-01,4.218676119509166433e+00
6.000000000000000000e+00,1.000000000000000000e+00,0.000000000000000000e+00,-1.000000000000000000e+00,-4.152583285904239574e+01,5.246081045007459807e+02,4.259240685826900403e+02,1.000000000000000000e+00,9.846249090166195317e-02,5.243955554932641761e+00
6.000000000000000000e+00,1.000000000000000000e+00,1.000000000000000000e+00,-1.000000000000000000e+01,-6.348475810339573400e+01,7.820537342739685300e+02,3.780905733988674911e+02,1.000000000000000000e+00,6.880153725275569565e-01,1.179664235252622984e+00
6.000000000000000000e+00,1.000000000000000000e+00,1.000000000000000000e+00,-9.000000000000000000e+00,-6.575395459428304434e+01,7.499373394842325524e+02,3.861897161857501146e+02,1.000000000000000000e+00,6.109872937496751977e-01,1.298544186016180157e+00
6.000000000000000000e+00,1.000000000000000000e+00,1.000000000000000000e+00,-8.000000000000000000e+00,-6.811612989000448692e+01,7.195099289080103517e+02,3.939675848704661121e+02,1.000000000000000000e+00,5.382275274015135835e-01,1.442310236649423372e+00
6.000000000000000000e+00,1.000000000000000000e+00,1.000000000000000000e+00,-7.000000000000000000e+00,-7.061361493744392703e+01,6.904368528572240393e+02,4.015265399291699850e+02,1.000000000000000000e+00,4.692981512653450760e-01,1.618828601307914505e+00
6.000000000000000000e+00,1.000000000000000000e+00,1.000000000000000000e+00,-6.000000000000000000e+00,-7.331152588719884022e+01,6.624444324554772265e+02,4.089560360768596183e+02,1.000000000000000000e+00,4.037695017881275383e-01,1.839004145124393474e+00
6.000000000000000000e+00,1.000000000000000000e+00,1.000000000000000000e+00,-5.000000000000000000e+00,-7.631651098491612117e+01,6.353122211240797697e+02,4.163366287136219626e+02,1.000000000000000000e+00,3.412457810906214806e-01,2.117608947777143591e+00
6.000000000000000000e+00,1.000000000000000000e+00,1.000000000000000000e+00,-4.000000000000000000e+00,-7.981706981855550964e+01,6.088765531227131760e+02,4.237428677754887758e+02,1.000000000000000000e+00,2.814011890291584495e-01,2.472863336741859541e+00
6.000000000000000000e+00,1.000000000000000000e+00,1.000000000000000000e+00,-3.000000000000000000e+00,-8.418028104930488098e+01,5.830575064096474307e+02,4.312449519327495864e+02,1.000000000000000000e+00,2.240551329016881588e-01,2.920088606672720299e+00
6.000000000000000000e+00,1.000000000000000000e+00,2.000000000000000000e+00,-9.000000000000000000e+00,-7.526296323649052056e+01,7.704361624031357678e+02,4.084924389867106242e+02,1.000000000000000000e+00,6.599414690090514846e-01,1.215194541936476691e+00
6.000000000000000000e+00,1.000000000000000000e+00,2.000000000000000000e+00,-8.000000000000000000e+00,-7.851893410397622119e+01,7.404260782478718284e+02,4.159377066378101517e+02,1.000000000000000000e+00,5.879528046958024667e-01,1.330553815696007058e+00
6.000000000000000000e+00,1.000000000000000000e+00,2.000000000000000000e+00,-7.000000000000000000e+00,-8.208508589800322852e+01,7.121253061087626293e+02,4.232396787674109078e+02,1.000000000000000000e+00,5.204042910420214607e-01,1.465314671287701653e+00
6.000000000000000000e+00,1.000000000000000000e+00,2.000000000000000000e+00,-6.000000000000000000e+00,-8.607481240407975065e+01,6.853373222749663682e+02,4.304779775308334706e+02,1.000000000000000000e+00,4.570622789923132201e-01,1.622573440628674701e+00
6.000000000000000000e+00,1.000000000000000000e+00,3.000000000000000000e+00,-8.000000000000000000e+00,-8.629646613324376858e+01,7.734731821459361072e+02,4.392803745400957496e+02,1.000000000000000000e+00,6.665494256567917608e-01,1.190905670411637418e+00
6.000000000000000000e+00,2.000000000000000000e+00,-1.000000000000000000e+00,-9.000000000000000000e+00,-3.759274158377243680e+01,7.724466365793521163e+02,3.984161877710486124e+02,1.000000000000000000e+00,6.648814100863136289e-01,1.210619666929896088e+00
6.000000000000000000e+00,2.000000000000000000e+00,-1.000000000000000000e+00,-8.000000000000000000e+00,-3.700231544155045071e+01,7.428305628882631026e+02,4.060634041831440868e+02,1.000000000000000000e+00,5.938251916285647303e-01,1.324555181963999351e+00
6.000000000000000000e+00,2.000000000000000000e+00,-1.000000000000000000e+00,-7.000000000000000000e+00,-3.589169771678135135e+01,7.150184133154809842e+02,4.135205869168023582e+02,1.000000000000000000e+00,5.273879958709882798e-01,1.457314042019820732e+00
6.000000000000000000e+00,2.000000000000000000e+00,0.000000000000000000e+00,-9.000000000000000000e+00,-4.873393371157385445e+01,7.632866436781234825e+02,4.204920584252045614e+02,1.000000000000000000e+00,6.426106836653329157e-01,1.236296361347846817e+00
6.000000000000000000e+00,2.000000000000000000e+00,0.000000000000000000e+00,-8.000000000000000000e+00,-4.918126196030064534e+01,7.325337467498786737e+02,4.276911883292734728e+02,1.000000000000000000e+00,5.689191134089973678e-01,1.358398980366905429e+00
6.000000000000000000e+00,2.000000000000000000e+00,0.000000000000000000e+00,-7.000000000000000000e+00,-4.929980998157026306e+01,7.032552011836577321e+02,4.348090274706355558e+02,1.000000000000000000e+00,4.992312752256999886e-01,1.502758384888193577e+00
6.000000000000000000e+00,2.000000000000000000e+00,0.000000000000000000e+00,-6.000000000000000000e+00,-4.896560416816180350e+01,6.751783495561994641e+02,4.419229367957096315e+02,1.000000000000000000e+00,4.331452353338253736e-01,1.673861546619299423e+00
6.000000000000000000e+00,2.000000000000000000e+00,0.000000000000000000e+00,-5.000000000000000000e+00,-4.797982413572989913e+01,6.480933274043962911e+02,4.491041274420134641e+02,1.000000000000000000e+00,3.703042691656704410e-01,1.875723436879308537e+00
6.000000000000000000e+00,2.000000000000000000e+00,0.000000000000000000e+00,-4.000000000000000000e+00,-4.600628709056474008e+01,6.218603325463207057e+02,4.564196317644044711e+02,1.000000000000000000e+00,3.104428014324547846e-01,2.109338059754583217e+00
6.000000000000000000e+00,2.000000000000000000e+00,0.000000000000000000e+00,-3.000000000000000000e+00,-4.243866923401353120e+01,5.964429101035443637e+02,4.639327510024662615e+02,1.000000000000000000e+00,2.534759947553971715e-01,2.366912659219230886e+00
6.000000000000000000e+00,2.000000000000000000e+00,0.000000000000000000e+00,-2.000000000000000000e+00,-3.609966721691614566e+01,5.720066698435505259e+02,4.717001361510721154e+02,1.000000000000000000e+00,1.997156516781688484e-01,2.621977777466320880e+00
6.000000000000000000e+00,2.000000000000000000e+00,1.000000000000000000e+00,-9.000000000000000000e+00,-5.926799535506387429e+01,7.668886578744807139e+02,4.430643504903391658e+02,1.000000000000000000e+00,6.506903176752202311e-01,1.210619666929895644e+00
6.000000000000000000e+00,2.000000000000000000e+00,1.000000000000000000e+00,-8.000000000000000000e+00,-6.081440243816226143e+01,7.355511282986406059e+02,4.498768620005622552e+02,1.000000000000000000e+00,5.756507309359687463e-01,1.324555181963999351e+00
6.000000000000000000e+00,2.000000000000000000e+00,1.000000000000000000e+00,-7.000000000000000000e+00,-6.229274708056126997e+01,7.056320633352511322e+02,4.567070440953717139e+02,1.000000000000000000e+00,5.044652991344337201e-01,1.457314042019820510e+00
6.000000000000000000e+00,2.000000000000000000e+00,1.000000000000000000e+00,-6.000000000000000000e+00,-6.368180474309767192e+01,6.768121450388764515e+02,4.636261945707651080e+02,1.000000000000000000e+00,4.366490607958192216e-01,1.611730614606513790e+00
6.000000000000000000e+00,2.000000000000000000e+00,1.000000000000000000e+00,-5.000000000000000000e+00,-6.494561589553146064e+01,6.488108195747762466e+02,4.707030395754397318e+02,1.000000000000000000e+00,3.717098192677637525e-01,1.789505037708062130e+00
6.000000000000000000e+00,2.000000000000000000e+00,1.000000000000000000e+00,-4.000000000000000000e+00,-6.601968981786447443e+01,6.213705456889385914e+02,4.780064997192428109e+02,1.000000000000000000e+00,3.091486488004516753e-01,1.988886056878435449e+00
6.000000000000000000e+00,2.000000000000000000e+00,1.000000000000000000e+00,-3.000000000000000000e+00,-6.677783993961406850e+01,5.942384365249847633e+02,4.856085357000193312e+02,1.000000000000000000e+00,2.484459176878620890e-01,2.200345902163694412e+00
6.000000000000000000e+00,2.000000000000000000e+00,1.000000000000000000e+00,-2.000000000000000000e+00,-6.693797671067559918e+01,5.671334090817423430e+02,4.935878884908425448e+02,1.000000000000000000e+00,1.890119814639747986e-01,2.400718664967592453e+00
6.000000000000000000e+00,2.000000000000000000e+00,1.000000000000000000e+00,-1.000000000000000000e+00,-6.571468374306039095e+01,5.396473376914982509e+02,5.020377849017912126e+02,1.000000000000000000e+00,1.300008269451397303e-01,2.550858347630302614e+00
6.000000000000000000e+00,2.000000000000000000e+00,1.000000000000000000e+00,0.000000000000000000e+00,-5.969809064164877555e+01,5.106734115412364190e+02,5.111008830509119321e+02,1.000000000000000000e+00,6.916680480884281057e-02,2.607531882332312811e+00
6.000000000000000000e+00,2.000000000000000000e+00,2.000000000000000000e+00,-9.000000000000000000e+00,-6.845706230635313716e+01,7.832611257052226392e+02,4.669435358045375324e+02,1.000000000000000000e+00,6.888751652259925695e-01,1.142236250260280084e+00
6.000000000000000000e+00,2.000000000000000000e+00,2.000000000000000000e+00,-8.000000000000000000e+00,-7.091148634635668202e+01,7.518588497573717859e+02,4.733701422459947707e+02,1.000000000000000000e+00,6.137632041267316874e-01,1.236431668370929771e+00
6.000000000000000000e+00,2.000000000000000000e+00,2.000000000000000000e+00,-7.000000000000000000e+00,-7.350054052679899996e+01,7.221172324260785444e+02,4.799061937614284830e+02,1.000000000000000000e+00,5.428577790106294820e-01,1.342305798610881284e+00
6.000000000000000000e+00,2.000000000000000000e+00,2.000000000000000000e+00,-6.000000000000000000e+00,-7.627899295999736751e+01,6.937536469104038588e+02,4.866123089191015652e+02,1.000000000000000000e+00,4.757928372367023484e-01,1.460044303336360150e+00
6.000000000000000000e+00,2.000000000000000000e+00,2.000000000000000000e+00,-5.000000000000000000e+00,-7.932969766601848960e+01,6.665582389428171837e+02,4.935468704745831587e+02,1.000000000000000000e+00,4.122515150553690000e-01,1.588270389634448332e+00
6.000000000000000000e+00,2.000000000000000000e+00,2.000000000000000000e+00,-4.000000000000000000e+00,-8.278438739590814066e+01,6.404010269435160581e+02,5.007668368098694600e+02,1.000000000000000000e+00,3.520162776528547588e-01,1.722743055233172393e+00
6.000000000000000000e+00,2.000000000000000000e+00,2.000000000000000000e+00,-3.000000000000000000e+00,-8.686460300287927794e+01,6.152625831636090652e+02,5.083269552158591296e+02,1.000000000000000000e+00,2.950564235056038487e-01,1.854748909440258942e+00
6.000000000000000000e+00,2.000000000000000000e+00,3.000000000000000000e+00,-8.000000000000000000e+00,-7.888239927346154445e+01,7.808769000521847374e+02,4.991451437629274892e+02,1.000000000000000000e+00,6.814380185947203072e-01,1.121994532226096242e+00
6.000000000000000000e+00,2.000000000000000000e+00,3.000000000000000000e+00,-7.000000000000000000e+00,-8.213973992882057473e+01,7.516531502994329230e+02,5.053398005521252117e+02,1.000000000000000000e+00,6.117817911349819893e-01,1.199309940341452885e+00
6.000000000000000000e+00,2.000000000000000000e+00,3.000000000000000000e+00,-6.000000000000000000e+00,-8.568579574040114721e+01,7.242795985656589437e+02,5.117862109969801168e+02,1.000000000000000000e+00,5.467237624453088474e-01,1.281060660614970148e+00
6.000000000000000000e+00,3.000000000000000000e+00,0.000000000000000000e+00,-9.000000000000000000e+00,-4.234004018035000172e+01,7.891502543778707377e+02,4.802276220985633586e+02,1.000000000000000000e+00,7.022030238154365334e-01,1.115907697746199689e+00
6.000000000000000000e+00,3.000000000000000000e+00,0.000000000000000000e+00,-8.000000000000000000e+00,-4.217334562342415438e+01,7.575059816440771101e+02,4.864307920811606891e+02,1.000000000000000000e+00,6.266381521597463866e-01,1.203233066816324692e+00
6.000000000000000000e+00,3.000000000000000000e+00,0.000000000000000000e+00,-7.000000000000000000e+00,-4.157474876512821993e+01,7.275763202245849470e+02,4.928001253404204363e+02,1.000000000000000000e+00,5.553212481127267619e-01,1.300128248812606024e+00
6.000000000000000000e+00,3.000000000000000000e+00,0.000000000000000000e+00,-6.000000000000000000e+00,-4.040013052501149105e+01,6.990722313353809341e+02,4.993913131682675726e+02,1.000000000000000000e+00,4.878937790220487791e-01,1.406225373169722070e+00
6.000000000000000000e+00,3.000000000000000000e+00,0.000000000000000000e+00,-5.000000000000000000e+00,-3.843285016242015217e+01,6.717792849740699239e+02,5.062590894072312722e+02,1.000000000000000000e+00,4.240443560661383282e-01,1.519676154516219180e+00
6.000000000000000000e+00,3.000000000000000000e+00,1.000000000000000000e+00,-9.000000000000000000e+00,-5.200703476722804908e+01,7.888319127641256046e+02,5.042630180406964655e+02,1.000000000000000000e+00,6.999296747899313997e-01,1.096916416295262264e+00
6.000000000000000000e+00,3.000000000000000000e+00,1.000000000000000000e+00,-8.000000000000000000e+00,-5.275417609469980107e+01,7.562244366630761760e+02,5.100632442480585382e+02,1.000000000000000000e+00,6.223446769970208958e-01,1.179523130928754604e+00
6.000000000000000000e+00,3.000000000000000000e+00,1.000000000000000000e+00,-7.000000000000000000e+00,-5.325428214093275869e+01,7.251859724271014329e+02,5.161490055748387249e+02,1.000000000000000000e+00,5.486559215545434576e-01,1.270363002570064292e+00
6.000000000000000000e+00,3.000000000000000000e+00,1.000000000000000000e+00,-6.000000000000000000e+00,-5.341937058138988448e+01,6.953498557358607286e+02,5.225719281661960167e+02,1.000000000000000000e+00,4.783619009999784955e-01,1.368778946962249110e+00
6.000000000000000000e+00,3.000000000000000000e+00,1.000000000000000000e+00,-5.000000000000000000e+00,-5.310886446856457610e+01,6.663856679295124650e+02,5.293885587973230713e+02,1.000000000000000000e+00,4.109262766267541278e-01,1.472727385493023178e+00
6.000000000000000000e+00,3.000000000000000000e+00,1.000000000000000000e+00,-4.000000000000000000e+00,-5.208451334468841765e+01,6.379733310611716206e+02,5.366629770021189643e+02,1.000000000000000000e+00,3.457642949156995438e-01,1.578012099998020723e+00
6.000000000000000000e+00,3.000000000000000000e+00,1.000000000000000000e+00,-3.000000000000000000e+00,-4.990873730147924903e+01,6.097645825724296174e+02,5.444708706727661820e+02,1.000000000000000000e+00,2.821927924138545873e-01,1.677579597363107577e+00
6.000000000000000000e+00,3.000000000000000000e+00,1.000000000000000000e+00,-2.000000000000000000e+00,-4.568016292035991910e+01,5.812994354184420445e+02,5.529078014926710694e+02,1.000000000000000000e+00,2.192821948322038750e-01,1.761469711820366157e+00
6.000000000000000000e+00,3.000000000000000000e+00,1.000000000000000000e+00,-1.000000000000000000e+00,-3.717806670635607702e+01,5.517392859893298009e+02,5.621131922135908781e+02,1.000000000000000000e+00,1.553344241951230276e-01,1.818276712254363048e+00
6.000000000000000000e+00,3.000000000000000000e+00,2.000000000000000000e+00,-8.000000000000000000e+00,-6.234348408851693080e+01,7.681415554124026812e+02,5.359312367881270802e+02,1.000000000000000000e+00,6.487207510871512151e-01,1.116007197997256117e+00
6.000000000000000000e+00,3.000000000000000000e+00,2.000000000000000000e+00,-7.000000000000000000e+00,-6.389484073543744103e+01,7.366633228975395014e+02,5.416852501477638953e+02,1.000000000000000000e+00,5.742300100865186385e-01,1.192005932987187267e+00
6.000000000000000000e+00,3.000000000000000000e+00,2.000000000000000000e+00,-6.000000000000000000e+00,-6.537794441966484271e+01,7.065098975746196857e+02,5.478867085704725923e+02,1.000000000000000000e+00,5.032494660089060767e-01,1.272170323036664552e+00
6.000000000000000000e+00,3.000000000000000000e+00,2.000000000000000000e+00,-5.000000000000000000e+00,-6.676982952915821556e+01,6.773507247007348724e+02,5.545845244194540555e+02,1.000000000000000000e+00,4.352815795959414924e-01,1.354321388342073496e+00
6.000000000000000000e+00,3.000000000000000000e+00,2.000000000000000000e+00,-4.000000000000000000e+00,-6.803123375272498663e+01,6.488800212189886452e+02,5.618371496456875320e+02,1.000000000000000000e+00,3.697991271001785374e-01,1.434837080645533502e+00
6.000000000000000000e+00,3.000000000000000000e+00,2.000000000000000000e+00,-3.000000000000000000e+00,-6.909060579029574001e+01,6.207907109358511661e+02,5.697154419980593048e+02,1.000000000000000000e+00,3.062233446381407709e-01,1.508457484862359754e+00
6.000000000000000000e+00,3.000000000000000000e+00,2.000000000000000000e+00,-2.000000000000000000e+00,-6.980406234570818924e+01,5.927290202641913766e+02,5.783080348587282060e+02,1.000000000000000000e+00,2.438551277478336332e-01,1.568571503429652125e+00
6.000000000000000000e+00,3.000000000000000000e+00,2.000000000000000000e+00,-1.000000000000000000e+00,-6.983327813637151849e+01,5.641770452433811442e+02,5.877343054121391788e+02,1.000000000000000000e+00,1.816562842280169676e-01,1.608283362108934300e+00
6.000000000000000000e+00,3.000000000000000000e+00,2.000000000000000000e+00,0.000000000000000000e+00,-6.812214322981856185e+01,5.339777416361026781e+02,5.981923323953020599e+02,1.000000000000000000e+00,1.173090318781934427e-01,1.622206320086717835e+00
6.000000000000000000e+00,3.000000000000000000e+00,2.000000000000000000e+00,1.000000000000000000e+00,-5.703070617998423586e+01,4.950593951855632895e+02,6.104623230883945553e+02,1.000000000000000000e+00,3.662301689938224358e-02,1.608283362108934300e+00
6.000000000000000000e+00,3.000000000000000000e+00,3.000000000000000000e+00,-7.000000000000000000e+00,-7.264918768234502977e+01,7.617104001678341092e+02,5.705552507032234644e+02,1.000000000000000000e+00,6.306224399237011502e-01,1.088482344286419323e+00
6.000000000000000000e+00,3.000000000000000000e+00,3.000000000000000000e+00,-6.000000000000000000e+00,-7.508514053492433504e+01,7.319134175027043057e+02,5.764352012438605470e+02,1.000000000000000000e+00,5.605908746717330748e-01,1.148495370155448336e+00
6.000000000000000000e+00,3.000000000000000000e+00,3.000000000000000000e+00,-5.000000000000000000e+00,-7.766457512698991650e+01,7.035717933287999131e+02,5.829101649053961864e+02,1.000000000000000000e+00,4.943169706722088663e-01,1.207856812127471757e+00
6.000000000000000000e+00,3.000000000000000000e+00,3.000000000000000000e+00,-4.000000000000000000e+00,-8.044758465973666262e+01,6.764990731567861530e+02,5.900191076720869887e+02,1.000000000000000000e+00,4.315709593848395809e-01,1.263932178192650913e+00
6.000000000000000000e+00,3.000000000000000000e+00,3.000000000000000000e+00,-3.000000000000000000e+00,-8.352693503609975778e+01,6.506021092224439144e+02,5.978068082733234405e+02,1.000000000000000000e+00,3.722469034678443367e-01,1.313389016646723917e+00
6.000000000000000000e+00,3.000000000000000000e+00,3.000000000000000000e+00,-2.000000000000000000e+00,-8.705260515235607954e+01,6.259190243842483596e+02,6.063198018840724899e+02,1.000000000000000000e+00,3.164648238864790075e-01,1.352495582845116395e+00
6.000000000000000000e+00,3.000000000000000000e+00,4.000000000000000000e+00,-6.000000000000000000e+00,-8.213514569689493783e+01,7.704653310971121982e+02,6.099194960148045084e+02,1.000000000000000000e+00,6.465899753803733274e-01,1.023578328183616160e+00
6.000000000000000000e+00,3.000000000000000000e+00,4.000000000000000000e+00,-5.000000000000000000e+00,-8.528915066915914167e+01,7.430442698384256346e+02,6.160686664191540558e+02,1.000000000000000000e+00,5.826279295684719806e-01,1.064931035226127642e+00
6.000000000000000000e+00,4.000000000000000000e+00,1.000000000000000000e+00,-8.000000000000000000e+00,-4.408420714788948658e+01,7.816338482684523115e+02,5.783093874691340943e+02,1.000000000000000000e+00,6.762453669582028093e-01,1.038592337459055992e+00
6.000000000000000000e+00,4.000000000000000000e+00,1.000000000000000000e+00,-7.000000000000000000e+00,-4.368131642703394846e+01,7.488841896058755765e+02,5.835209440694945897e+02,1.000000000000000000e+00,5.994859685339111177e-01,1.099003409752439486e+00
6.000000000000000000e+00,4.000000000000000000e+00,1.000000000000000000e+00,-6.000000000000000000e+00,-4.275242892929571781e+01,7.174874722921800867e+02,5.893864087333731732e+02,1.000000000000000000e+00,5.260553424950212831e-01,1.160874775926973079e+00
6.000000000000000000e+00,4.000000000000000000e+00,1.000000000000000000e+00,-5.000000000000000000e+00,-4.109413498254750152e+01,6.870392569258613094e+02,5.959479988271131106e+02,1.000000000000000000e+00,4.553723459914052474e-01,1.222281502192820390e+00
6.000000000000000000e+00,4.000000000000000000e+00,1.000000000000000000e+00,-4.000000000000000000e+00,-3.837761885252257343e+01,6.571319452626304383e+02,6.032665501757159063e+02,1.000000000000000000e+00,3.867529403894293671e-01,1.280488897659129321e+00
6.000000000000000000e+00,4.000000000000000000e+00,2.000000000000000000e+00,-8.000000000000000000e+00,-5.296809226363922107e+01,7.891761711465369444e+02,6.077852020804889435e+02,1.000000000000000000e+00,6.899712510939192134e-01,9.944430284392176134e-01
6.000000000000000000e+00,4.000000000000000000e+00,2.000000000000000000e+00,-7.000000000000000000e+00,-5.347350337195321401e+01,7.553278439819050618e+02,6.126171147443777727e+02,1.000000000000000000e+00,6.113441765396432359e-01,1.047083691456857757e+00
6.000000000000000000e+00,4.000000000000000000e+00,2.000000000000000000e+00,-6.000000000000000000e+00,-5.365807887613146931e+01,7.228008477251210024e+02,6.182633137139450810e+02,1.000000000000000000e+00,5.357908225543414060e-01,1.100172951081847428e+00
6.000000000000000000e+00,4.000000000000000000e+00,2.000000000000000000e+00,-5.000000000000000000e+00,-5.339375848857017104e+01,6.911125082718886006e+02,6.247643119899889825e+02,1.000000000000000000e+00,4.626234366490357686e-01,1.152015850211526748e+00
6.000000000000000000e+00,4.000000000000000000e+00,2.000000000000000000e+00,-4.000000000000000000e+00,-5.246521631022508814e+01,6.597376295342602361e+02,6.321891819217464672e+02,1.000000000000000000e+00,3.909598606775521734e-01,1.200359332483796226e+00
6.000000000000000000e+00,4.000000000000000000e+00,2.000000000000000000e+00,-3.000000000000000000e+00,-5.047702666757828638e+01,6.279941961548255449e+02,6.406485427977414702e+02,1.000000000000000000e+00,3.195341762908065486e-01,1.242477119971895139e+00
6.000000000000000000e+00,4.000000000000000000e+00,2.000000000000000000e+00,-2.000000000000000000e+00,-4.659675977115898604e+01,5.947475021912675857e+02,6.503314175386926763e+02,1.000000000000000000e+00,2.461346959303423731e-01,1.275429173815151307e+00
6.000000000000000000e+00,4.000000000000000000e+00,2.000000000000000000e+00,-1.000000000000000000e+00,-3.857431593725669927e+01,5.572611320739808889e+02,6.616482893174406854e+02,1.000000000000000000e+00,1.653323959345849026e-01,1.296505021736512830e+00
6.000000000000000000e+00,4.000000000000000000e+00,3.000000000000000000e+00,-7.000000000000000000e+00,-6.201624350855905732e+01,7.756923853998114282e+02,6.466117587904820994e+02,1.000000000000000000e+00,6.534165643847860139e-01,9.748202101064709080e-01
6.000000000000000000e+00,4.000000000000000000e+00,3.000000000000000000e+00,-6.000000000000000000e+00,-6.319913806248945320e+01,7.427010566836696626e+02,6.518750416785761672e+02,1.000000000000000000e+00,5.775325450867175858e-01,1.017222387008035911e+00
6.000000000000000000e+00,4.000000000000000000e+00,3.000000000000000000e+00,-5.000000000000000000e+00,-6.421254536491289855e+01,7.108579546404431539e+02,6.581539295583834246e+02,1.000000000000000000e+00,5.043896782453338723e-01,1.057778690001951238e+00
6.000000000000000000e+00,4.000000000000000000e+00,3.000000000000000000e+00,-4.000000000000000000e+00,-6.498573362459313785e+01,6.797040974627320793e+02,6.655002753823496278e+02,1.000000000000000000e+00,4.333136722120843332e-01,1.094831744208387247e+00
6.000000000000000000e+00,4.000000000000000000e+00,3.000000000000000000e+00,-3.000000000000000000e+00,-6.539507677171013711e+01,6.487235170387937160e+02,6.740024271385836983e+02,1.000000000000000000e+00,3.634294593481337543e-01,1.126506103474143705e+00
6.000000000000000000e+00,4.000000000000000000e+00,3.000000000000000000e+00,-2.000000000000000000e+00,-6.520176347625323388e+01,6.172155614022195778e+02,6.838028732724037582e+02,1.000000000000000000e+00,2.934419492103945148e-01,1.150891484959664313e+00
6.000000000000000000e+00,4.000000000000000000e+00,3.000000000000000000e+00,-1.000000000000000000e+00,-6.386307082523779854e+01,5.839362276674520444e+02,6.951505551720896392e+02,1.000000000000000000e+00,2.209519539839128466e-01,1.166305444849937700e+00
6.000000000000000000e+00,4.000000000000000000e+00,3.000000000000000000e+00,0.000000000000000000e+00,-5.967850055508506557e+01,5.455081881733420914e+02,7.086292107947109571e+02,1.000000000000000000e+00,1.393306595150442251e-01,1.171582715165016664e+00
6.000000000000000000e+00,4.000000000000000000e+00,4.000000000000000000e+00,-6.000000000000000000e+00,-7.070281096644004037e+01,7.768663313293636747e+02,6.924918620538926461e+02,1.000000000000000000e+00,6.482558539830526323e-01,9.273744547201294708e-01
6.000000000000000000e+00,4.000000000000000000e+00,4.000000000000000000e+00,-5.000000000000000000e+00,-7.258663413148508425e+01,7.452720992646748073e+02,6.983538316470610425e+02,1.000000000000000000e+00,5.765646135155245711e-01,9.577945028864700561e-01
6.000000000000000000e+00,4.000000000000000000e+00,4.000000000000000000e+00,-4.000000000000000000e+00,-7.447286175799695229e+01,7.150310457813527591e+02,7.054505091534797430e+02,1.000000000000000000e+00,5.079134367677708983e-01,9.850417624850430487e-01
6.000000000000000000e+00,4.000000000000000000e+00,4.000000000000000000e+00,-3.000000000000000000e+00,-7.636563819582306678e+01,6.858350102919839628e+02,7.138302439164692714e+02,1.000000000000000000e+00,4.419356971925323951e-01,1.007920025980872047e+00
6.000000000000000000e+00,4.000000000000000000e+00,4.000000000000000000e+00,-2.000000000000000000e+00,-7.827029904289003071e+01,6.574158666386955474e+02,7.235708611324732829e+02,1.000000000000000000e+00,3.782671251758110142e-01,1.025273459969367140e+00
6.000000000000000000e+00,4.000000000000000000e+00,4.000000000000000000e+00,-1.000000000000000000e+00,-8.019449162008646681e+01,6.295369774535960232e+02,7.347812846605204413e+02,1.000000000000000000e+00,3.165603999321839890e-01,1.036125868726030186e+00
6.000000000000000000e+00,4.000000000000000000e+00,4.000000000000000000e+00,0.000000000000000000e+00,-8.215077267466199373e+01,6.019911712140307145e+02,7.476042656642463271e+02,1.000000000000000000e+00,2.565060087493979957e-01,1.039820646312734187e+00
6.000000000000000000e+00,4.000000000000000000e+00,4.000000000000000000e+00,1.000000000000000000e+00,-8.416365186121123543e+01,5.746136951578658909e+02,7.622188656864390168e+02,1.000000000000000000e+00,1.978785122813891684e-01,1.036125868726030186e+00
6.000000000000000000e+00,4.000000000000000000e+00,5.000000000000000000e+00,-4.000000000000000000e+00,-8.078196371846570401e+01,7.641181336614477004e+02,7.557225804149695705e+02,1.000000000000000000e+00,6.075402832217657867e-01,8.828388841643183271e-01
6.000000000000000000e+00,4.000000000000000000e+00,5.000000000000000000e+00,-3.000000000000000000e+00,-8.330885669503066993e+01,7.362178915384665743e+02,7.639361857454747451e+02,1.000000000000000000e+00,5.451108667680851783e-01,8.991963601749134449e-01
6.000000000000000000e+00,5.000000000000000000e+00,2.000000000000000000e+00,-7.000000000000000000e+00,-4.232831188256744781e+01,7.774147828293711200e+02,6.990448065090611180e+02,1.000000000000000000e+00,6.482474985526690547e-01,9.206129245162896213e-01
6.000000000000000000e+00,5.000000000000000000e+00,2.000000000000000000e+00,-6.000000000000000000e+00,-4.124434723012572590e+01,7.413209369624744340e+02,7.039906874667373131e+02,1.000000000000000000e+00,5.668264968756093758e-01,9.560739417958752373e-01
6.000000000000000000e+00,5.000000000000000000e+00,2.000000000000000000e+00,-5.000000000000000000e+00,-3.937632440075691420e+01,7.058095054942845081e+02,7.103351694341574785e+02,1.000000000000000000e+00,4.867096967719181655e-01,9.895110971109732922e-01
6.000000000000000000e+00,5.000000000000000000e+00,2.000000000000000000e+00,-4.000000000000000000e+00,-3.634112253884478605e+01,6.699804812465529267e+02,7.181840294355503147e+02,1.000000000000000000e+00,4.064281174099936278e-01,1.019643209006567908e+00
6.000000000000000000e+00,5.000000000000000000e+00,3.000000000000000000e+00,-6.000000000000000000e+00,-5.011058652668947389e+01,7.547233534560989483e+02,7.455445084254999983e+02,1.000000000000000000e+00,5.890809811975015187e-01,9.001203180300278994e-01
6.000000000000000000e+00,5.000000000000000000e+00,3.000000000000000000e+00,-5.000000000000000000e+00,-4.936961186404604973e+01,7.176356911782960424e+02,7.517407174890523720e+02,1.000000000000000000e+00,5.066704454092020304e-01,9.278565425500442387e-01
6.000000000000000000e+00,5.000000000000000000e+00,3.000000000000000000e+00,-4.000000000000000000e+00,-4.780063814313564308e+01,6.801559210133306124e+02,7.597425910904639750e+02,1.000000000000000000e+00,4.236796275908074616e-01,9.525623439844899121e-01
