run,h,k,l,omega,x,y,module,lp,d,counts,sigma_counts,I,sigma,background,nframes,dx,dy,domega
1.0,-3.0,0.0,-10.0,36.88695580007854,189.68786243299388,15.624938457610199,0.0,0.28229073347727845,1.0382602699792653,136.88636363636363,12.24571290305845,38.64175199394654,3.456851277356543,8.113636363636363,4,0.0,0.0,0.0
1.0,-2.0,-1.0,-13.0,35.583780129176034,36.629548639688636,9.943161698538177,0.0,0.6103783895924281,0.8905708689450053,114.99398556535685,12.114954745655819,70.18984372219744,7.394706567638543,20.006014434643145,4,0.0,0.0,0.0
1.0,-2.0,0.0,-12.0,25.15806597247098,114.72991283844246,15.212420429410827,0.0,0.44275884510308344,0.9676028115870667,55.325842696629216,7.975266652090574,24.496006216714417,3.5311198522687572,4.674157303370786,5,0.0,0.0,0.0
1.0,-2.0,0.0,-11.0,29.284226081227473,138.29701949414385,51.34015892917563,0.0,0.39571393675435873,1.0445033321115442,212.62790697674419,15.289685172950403,84.13982613360702,6.050341511522952,13.372093023255815,5,0.0,0.0,0.0
1.0,-2.0,0.0,-10.0,33.7495163506394,160.64542977625456,83.33213912547325,0.0,0.3496012982362041,1.133526404446636,131.22988505747125,12.118557117435014,45.87813818347979,4.236663301004873,9.770114942528735,5,0.0,0.0,0.0
1.0,-2.0,1.0,-11.0,5.085920662228915,185.99312026203856,12.030551747687582,0.0,0.2898453948626513,1.0290254948320743,328.3023255813954,18.679959790711145,95.15691719246627,5.414300321557121,12.697674418604649,5,-0.6819304735358003,-1.5165295730858865,0.12639183194792292
1.0,-2.0,1.0,-10.0,6.599738074284858,208.11344468308152,46.194204365048336,0.0,0.2451723442128602,1.1138167856352947,235.80459770114942,15.820389184999739,57.812765994561225,3.878721902846167,9.195402298850574,4,-0.028600465514216467,-1.4042026047948681,-0.10730716423381015
1.0,-2.0,1.0,-9.0,7.5629786684728515,230.17133618737603,76.61914381092589,0.0,0.1998268026157708,1.2118575213329004,335.55172413793105,18.689841581968967,67.05222814669192,3.734731284720138,8.448275862068964,5,-0.17422128521852187,-0.7512938360136872,0.18495158742278228
1.0,-2.0,1.0,-8.0,7.593862953377595,252.47318631488133,104.0402730599601,0.0,0.153671148496169,1.3257688228157283,58.96551724137932,8.409613150511765,9.061298756153414,1.292314911247629,7.0344827586206895,4,0.0,0.0,0.0
1.0,-2.0,1.0,-7.0,5.661176942944849,275.688291700067,128.9992543070563,0.0,0.10569711164023732,1.4584673744513845,1401.1818181818182,37.75749063660817,148.10087106463436,3.9908577030727885,15.818181818181818,5,0.0,0.0,0.0
1.0,-2.0,1.0,-6.0,-2.7349594160694437,302.62224669371665,151.75668049317898,0.0,0.050509418248912544,1.612772447626881,3244.8505747126437,57.2257399121687,163.89551483338516,2.8904388318272165,19.14942528735632,5,0.0,0.0,0.0
1.0,-1.0,-1.0,-13.0,32.31584419401818,11.946060644276287,75.66450083794774,0.0,0.6767126878304047,0.9241640359676632,134.58426966292137,12.719438594800405,91.07488286328751,8.607405479181168,17.415730337078653,5,0.0,0.0,0.0
1.0,-1.0,-1.0,-12.0,36.05352627182077,41.545728471536876,110.12642259962877,0.0,0.6167034810352967,0.9968927066378571,3.3488372093023253,3.3452823509491183,2.0652395643972725,2.0630472708762624,4.651162790697675,4,0.0,0.0,0.0
1.0,-1.0,0.0,-13.0,20.073994765911294,50.79367022306161,43.39570689613805,0.0,0.5859391525604968,0.9354467849348157,21.545454545454547,5.437990027316166,12.62432537789434,3.1863312682380673,4.454545454545455,4,0.0,0.0,0.0
1.0,-1.0,0.0,-12.0,23.121834486464536,79.1516597779816,79.44946404811373,0.0,0.5288807220844206,1.0110934844550477,122.77272727272728,11.781805906278677,64.93212865227365,6.231170015171158,10.227272727272727,4,0.0,0.0,0.0
1.0,-1.0,0.0,-11.0,26.22910861939951,105.75119121571693,111.25012824596405,0.0,0.4731306395350265,1.099804505885324,156.14285714285714,13.397380188617749,73.87596985882628,6.338711056734609,14.85714285714286,5,0.0,0.0,0.0
1.0,-1.0,0.0,-10.0,29.444925295227335,130.94218924242372,139.69779677272874,0.0,0.41899437824921726,1.2051974774670053,309.632183908046,18.227928175469877,129.734144382499,7.637399432652391,14.367816091954023,4,-0.5266921232037589,-0.8044594998671641,0.007320235870313496
1.0,-1.0,0.0,-9.0,32.838081417498785,154.9951996307765,165.47823545050625,0.0,0.36661732161319316,1.332315705082529,77.72727272727273,9.594678277027814,28.496164543570924,3.517575251664224,9.272727272727272,5,0.0,0.0,0.0
1.0,-1.0,0.0,-8.0,36.5123532682191,178.11754786576654,189.12676403283,0.0,0.316047413146458,1.4883724029554413,198.953488372093,14.823524709143774,62.878735336463905,4.684936638037491,13.046511627906977,4,-0.25110554796236784,-0.5927436311053498,0.05608189846508793
1.0,-1.0,1.0,-12.0,6.287329041400426,107.40178416439338,43.43923478882772,0.0,0.462229051092666,0.9970168823619989,3.2222222222222214,3.550399038605849,1.489404720187479,1.6410975786150952,5.777777777777779,5,0.0,0.0,0.0
1.0,-1.0,1.0,-11.0,7.9032976114364715,132.75957178881742,77.36122355165219,0.0,0.4102297261054563,1.0817524676072907,18.655172413793103,5.911455253189669,7.652906269760409,2.425054669400659,10.344827586206895,4,0.0,0.0,0.0
1.0,-1.0,1.0,-10.0,9.234164002333785,157.01544389780764,107.53732346216452,0.0,0.3591368390442073,1.1815529806753018,427.69767441860466,21.03928952278523,153.6019908572562,7.555983934948995,9.30232558139535,5,-0.28478439117901644,-0.8901790867100203,0.029400913479829427
1.0,-1.0,1.0,-9.0,10.190598772797301,180.40592856630997,134.73500206827893,0.0,0.30916230678593903,1.3005708992837182,852.0689655172414,29.726818024625565,263.4276069200191,9.190411633899071,19.93103448275862,5,-0.1979058558681288,-0.8745972299674349,0.06974435235698095
1.0,-1.0,1.0,-8.0,10.615643254947344,203.12451186014874,159.54857111499246,0.0,0.2603871732467218,1.4444899169859,1046.25,32.65561520696639,272.43008000938266,8.50310333437464,12.75,4,0.05870487115939227,-0.8263004374635443,0.015534023431484911
1.0,-1.0,1.0,-7.0,10.217985038756524,225.32827849933798,182.4492744778562,0.0,0.2128122675198673,1.6211752100311194,1944.965517241379,44.53188946752829,413.9125219720894,9.47693237452879,24.03448275862069,5,0.260977790814394,-0.7347427910400768,-0.006188804516618518
1.0,-1.0,1.0,-6.0,8.40533697106838,247.13451738594387,203.8199758458583,0.0,0.16641120606409449,1.8415268776930418,150.36363636363637,13.09343409991915,25.022194075455662,2.178894160088287,13.636363636363637,4,0.3649991485756061,-0.8188155287049028,-0.00560771173749508
1.0,-1.0,1.0,-5.0,3.7955422060606736,268.59027741208905,223.98076719026866,0.0,0.12122514686734615,2.1203049075559477,4506.793103448276,67.55596614094587,546.33665586626,8.189481917201627,36.206896551724135,5,0.0,0.0,0.0
1.0,0.0,-1.0,-12.0,31.328857587612077,14.698233141102492,162.71798755775532,0.0,0.6840709688541479,1.0122953798142924,52.604651162790695,7.956105920422512,35.98531468716471,5.44254108528965,6.395348837209301,5,0.0,0.0,0.0
1.0,0.0,-1.0,-11.0,34.39149922070612,44.07513451991275,190.51996647473663,0.0,0.6200757972186403,1.1013250026887278,149.2906976744186,12.721045660800232,92.57154837779211,7.888012529575429,7.709302325581395,4,0.0,0.0,0.0
1.0,0.0,-1.0,-10.0,37.55264239886742,71.49018860247786,215.68498001570998,0.0,0.5588973223921574,1.2071638292617985,88.34883720930233,9.98250822812623,49.377928552739675,5.5791971194574295,6.651162790697674,4,0.0,0.0,0.0
1.0,0.0,0.0,-13.0,17.61874851653633,12.316060587579756,101.33643384977154,0.0,0.680425904798075,0.9481400792503258,-4.470588235294118,2.4593582306313966,-3.0419040449796295,1.6734110492999608,6.470588235294118,4,0.0,0.0,0.0
1.0,0.0,0.0,-12.0,19.991891799555503,42.9263750366799,133.84861850510757,0.0,0.6167047317872816,1.0271517525211864,349.3894736842105,19.447025849842237,215.4701416577205,11.993072860787288,18.610526315789475,4,-1.3869304169260417,-1.3312628724158913,-0.012797448025054337
1.0,0.0,0.0,-11.0,22.317614848385688,71.421922878819,162.76528616648415,0.0,0.5551590653352206,1.120529184568567,-1.302325581395349,3.694821189662676,-0.7229978525295897,2.0512134782338993,9.30232558139535,5,0.0,0.0,0.0
1.0,0.0,0.0,-10.0,24.602278654665668,98.23561093237272,188.84463102312267,0.0,0.49593404792073065,1.2325821030254234,6.727272727272728,4.6507236395964044,3.336283595103098,2.306452200345678,9.272727272727272,4,0.0,0.0,0.0
1.0,0.0,0.0,-9.0,26.851444471342404,123.70946997480553,212.6702257962962,0.0,0.43902509353873354,1.3695356700282484,-2.9411764705882346,4.1967197604086985,-1.2912502751139219,1.8424652853692802,12.941176470588236,4,0.0,0.0,0.0
1.0,0.0,0.0,-8.0,29.070038453954425,148.12067213810914,234.70207204639476,0.0,0.3843266408696818,1.5407276287817793,122.35164835164835,11.788458657399111,47.02299801585755,4.53061871682932,10.64835164835165,4,0.0,0.0,0.0
1.0,0.0,0.0,-7.0,31.262479412305623,171.69950500398696,255.31134256282616,0.0,0.3316668308246161,1.7608315757506052,8.0,4.886957431897322,2.653334646596929,1.6208416838121895,9.999999999999998,5,0.0,0.0,0.0
1.0,0.0,0.0,-6.0,33.432779868426906,194.64218359275728,274.80472737683874,0.0,0.280831665007181,2.054303505042373,424.05882352941177,21.459142799482493,119.08914547275104,6.0264068020055275,22.941176470588236,4,0.10525279159517709,-0.27757204072025843,-0.005225747652126245
1.0,0.0,0.0,-5.0,35.58462755503868,217.12028047414773,293.442000379644,0.0,0.23158145999280536,2.4651642060508476,8.558139534883722,6.011706625367393,1.9819064483105204,1.3921997973510019,17.441860465116278,4,0.0,0.0,0.0
1.0,0.0,0.0,-4.0,37.72145246378767,239.28791391606208,311.4490955870465,0.0,0.18366174851969522,3.081455257563559,40846.41379310345,202.50712763252022,7501.923778000376,37.19281314868975,102.58620689655173,5,0.0,0.0,0.0
1.0,0.0,1.0,-13.0,4.682221641617957,30.69295469762693,66.26696524160292,0.0,0.6338901775016585,0.9364888752282234,64.93103448275862,9.34062763488382,41.15914497364217,5.9209321094534015,14.068965517241379,5,0.0,0.0,0.0
1.0,0.0,1.0,-12.0,6.169916692496656,59.91476336390855,100.97173221657533,0.0,0.5744335326536207,1.0123817180139159,47.65517241379311,8.070242555394069,27.37472903887255,4.635817940466598,11.344827586206897,5,0.0,0.0,0.0
1.0,0.0,1.0,-11.0,7.427040254202296,87.14492362164653,131.67886274171687,0.0,0.5167514256896444,1.101426919043614,141.23333333333335,12.5840375078907,72.98252635490078,6.502819323134479,10.766666666666666,4,0.0,0.0,0.0
1.0,0.0,1.0,-10.0,8.407179831415391,112.75951225027097,159.23364917264394,0.0,0.4611180262567955,1.2072858430475188,102.4888888888889,10.69297681127289,47.25947415769647,4.930724362023838,7.511111111111112,4,0.0,0.0,0.0
1.0,0.0,1.0,-9.0,9.039225299424885,137.0412060613887,184.2825989393351,0.0,0.4076651633403678,1.335074366032376,14.230769230769232,5.549668149362386,5.801388862920619,2.2624063725946537,10.769230769230768,4,0.0,0.0,0.0
1.0,0.0,1.0,-8.0,9.213419309357391,160.1962120727627,207.33227332529756,0.0,0.35644745741219064,1.492131628529498,1333.6896551724137,37.150799806709955,475.39028656314815,13.242308131931066,29.310344827586203,5,-0.14495390470125358,-0.7729474053159038,-0.00041202975175202994
1.0,0.0,1.0,-7.0,8.756422016935744,182.35810065695594,228.78908451023014,0.0,0.30750452146583546,1.6892983730398212,83.39325842696628,10.317568300202316,25.643804026061016,3.1726989028447865,14.606741573033707,5,0.0,0.0,0.0
1.0,0.0,1.0,-6.0,7.385093364558742,203.5750488568934,248.98708581296768,0.0,0.2609362050982393,1.943093925676899,300.40000000000003,18.170305445974208,78.38523601151108,4.74129054854838,18.599999999999998,4,0.30340786330384617,-0.5092421400150329,0.0507199225739301
1.0,0.0,1.0,-5.0,4.618153002675172,223.76786459549743,268.20805031069693,0.0,0.21702244523607947,2.2794437297347576,1966.0795454545453,44.782167613426495,426.68339048318506,9.718735518437784,24.920454545454547,4,0.37953388050598846,-0.4701304387272103,0.01832925676796915
1.0,0.0,1.0,-4.0,-0.3918164086270508,242.6254630744399,286.69651273446345,0.0,0.17645907291495588,2.739692111171832,13267.724137931034,115.51512778989381,2341.2103010706924,20.383692357457317,48.27586206896552,4,0.0,0.0,0.0
1.0,1.0,-1.0,-11.0,28.592498181576445,12.905114326212697,236.18426393693343,0.0,0.6956423733868325,1.0823121594735612,20.909090909090914,5.950684035963241,14.545249625361047,4.139547966052604,9.090909090909092,4,0.0,0.0,0.0
1.0,1.0,-1.0,-10.0,30.920972654058147,41.849179466052135,259.79853501099194,0.0,0.6300861019073369,1.1822160527498975,215.67045454545456,15.38587265901219,135.89095600112896,9.694424528159663,13.329545454545453,4,-0.8720518571700282,-0.41189629946995865,-0.06885695787973845
1.0,1.0,-1.0,-9.0,33.24009970349357,69.0243280067909,281.60369306690035,0.0,0.5676867716728186,1.30136683650933,512.4883720930233,23.377484047925964,290.93286947334656,13.271088448999905,21.511627906976745,5,-0.6384559690721971,-0.32460791035953207,-0.039109174522145906
1.0,1.0,-1.0,-8.0,35.55873545610021,94.76534121078681,301.9925711830776,0.0,0.5082711422738034,1.4454593241470852,530.4606741573034,23.65196295441502,269.61785278526446,12.021610227858204,18.539325842696627,4,-0.41092620812945313,-0.20956305916899964,-0.006024955758540784
1.0,1.0,-1.0,-7.0,37.8874193868441,119.34455813339073,321.2857796742688,0.0,0.4516093175197365,1.62237444770846,944.8409090909091,31.26950217910297,426.69895811927285,14.121598538286605,21.15909090909091,5,-0.21153298693556621,-0.16389309235353267,-0.10273840011473112
1.0,1.0,0.0,-11.0,17.93198209733515,33.385580482516986,209.1038204028758,0.0,0.6462313713449133,1.1004943610661775,130.88636363636363,12.012217007614229,84.58287426307625,7.762671469723234,8.113636363636363,4,0.0,0.0,0.0
1.0,1.0,0.0,-10.0,19.51687753030299,61.44265061537939,233.562002599404,0.0,0.5831585231032069,1.2060228136258184,209.96629213483146,15.129300057747013,122.44363282280482,8.822780277261012,12.03370786516854,4,-0.7743871423255086,-0.664198208186491,0.015357998639121462
1.0,1.0,0.0,-9.0,20.947453931532294,87.86192917147855,256.0573467427878,0.0,0.5230067814715706,1.3333193145447002,49.81818181818182,7.903341693066002,26.055246931492793,4.133501301760524,8.181818181818182,4,0.0,0.0,0.0
1.0,1.0,0.0,-8.0,22.18901720451342,112.9488442860194,277.0044742455211,0.0,0.46563928412175715,1.4896162852090693,139.77380952380952,12.848304943038091,65.08417660563751,5.98267551585429,16.226190476190474,5,0.0,0.0,0.0
1.0,1.0,0.0,-7.0,23.1885850126356,136.94809033948502,296.74031703563503,0.0,0.41086832081992686,1.6855547751840687,93.39999999999999,11.120751373495906,38.37510116458117,4.5691644430841585,19.599999999999998,5,0.0,0.0,0.0
1.0,1.0,0.0,-6.0,23.86351552084136,160.0558255909275,315.5454843013378,0.0,0.3584848572885396,1.9372569411979106,1796.6896551724137,42.92837087245427,644.0860346262782,15.389170905841272,29.310344827586206,5,0.07392636307389466,-0.35578181044257917,-0.058746087788737356
1.0,1.0,0.0,-5.0,24.08023586077138,182.42535162675537,333.6597067387344,0.0,0.30828522771282174,2.2698016810463897,2.954545454545455,6.294264738239195,0.910842718242428,1.9404288381128547,23.045454545454543,4,0.0,0.0,0.0
1.0,1.0,0.0,-4.0,23.611753205032443,204.1647377501309,351.2932579369235,0.0,0.26010299839263973,2.722592501240693,479.9425287356322,23.133265484816793,124.83449078028359,6.01703171521381,35.05747126436782,5,0.38291731794777206,-0.15310509934261063,0.04910446981918071
1.0,1.0,0.0,-3.0,22.045697138433297,225.31987585388143,368.63545037581827,0.0,0.21386254132330473,3.354287320693612,4298.372093023256,65.70205789039633,919.2607793671259,14.051209070611046,11.627906976744185,4,0.4909109119352877,-0.19379476001921603,0.013813881659697103
1.0,1.0,0.0,-2.0,18.565546554725245,245.82219616890632,385.86048317668997,0.0,0.16969853968667828,4.225191271569648,-5.1724137931034475,1.7936191418766938,-0.8777510673448875,0.30437454913054796,5.1724137931034475,4,0.0,0.0,0.0
1.0,1.0,0.0,-1.0,11.377460797207391,265.33075749973034,403.1291408500198,0.0,0.12828459766032999,5.2474823792298695,8545.818181818182,93.01177389258109,1096.2968471328782,11.93197799148335,68.18181818181819,5,0.7268083208791722,-0.0073098833607900815,-0.05924231295869298
1.0,1.0,0.0,0.0,-3.804501924992877,282.70670058286754,420.57812896512735,0.0,0.09189937743567332,5.794697667557788,10.172413793103441,10.778441070692349,0.9348384946042625,0.990532024123719,66.82758620689657,5,0.0,0.0,0.0
1.0,1.0,1.0,-12.0,4.489016617801099,13.019594702486813,150.9119386799901,0.0,0.6863340543698132,0.9975357084078733,7.627906976744186,3.860456010076119,5.235292321704621,2.6495624251118555,4.372093023255814,4,0.0,0.0,0.0
1.0,1.0,1.0,-11.0,5.419549074308236,41.86974614160445,179.46169107842434,0.0,0.6241008153836806,1.0823555052407445,18.767441860465116,5.246802317528382,11.712775767782098,3.274533604526448,5.232558139534884,4,0.0,0.0,0.0
1.0,1.0,1.0,-10.0,6.074763667348549,68.6640059640453,205.24589914860923,0.0,0.5647387922489153,1.182261084287841,280.69767441860466,17.19452539686921,158.52086563824204,9.710415505921219,9.30232558139535,4,-0.551644540356051,-0.8114572047899458,0.011320353656702586
1.0,1.0,1.0,-9.0,6.395853122337371,93.734773317692,228.84006788689328,0.0,0.5083343568918868,1.3014116167025978,528.2808988764045,23.537566639366386,268.54333098860496,11.96495380042224,16.719101123595504,4,-0.4821331877163857,-0.8469728422141998,-0.035336912308570056
1.0,1.0,1.0,-8.0,6.299621115419058,117.32141497270142,250.69755044017552,0.0,0.454907752171652,1.445499741247652,641.2441860465116,25.769443608755182,291.7069512675592,11.722719666772965,14.755813953488373,5,-0.3298743253486265,-0.5962015163750323,0.025778172558211132
1.0,1.0,1.0,-7.0,5.667472305602558,139.58127003813334,271.1837608311628,0.0,0.40446839172208704,1.6224019799407574,1000.720430107527,32.275283934586184,404.75978292902664,13.054332185395788,26.27956989247312,5,-0.07171717045690684,-0.5901935797007809,0.0030264049419184147
1.0,1.0,1.0,-6.0,4.328553204684624,160.5886589041682,290.59989997460445,0.0,0.35707133914934813,1.8430306186702408,92.5505617977528,11.1780135250123,33.047153040148096,3.9913482584056674,20.449438202247194,5,0.0,0.0,0.0
1.0,1.0,1.0,-5.0,2.0345321802312526,180.3197973830658,309.1996326833311,0.0,0.31288623419812284,2.122150819588754,1943.3529411764703,44.57872783939159,608.0483834825519,13.948070279010256,27.647058823529413,4,0.1994255344118585,-0.43635609930385044,0.018709461668915406
1.0,1.0,1.0,-4.0,-1.575235265738371,198.61821023716692,327.2006624507145,0.0,0.2722943953729125,2.477929013688368,783.4719101123596,28.74292808078607,213.33501005570582,7.826538223004751,27.528089887640448,4,0.3453401245470502,-0.3949445876093023,-0.03895968881551504
1.0,2.0,-2.0,-8.0,36.668540294350436,36.13265950660275,368.2269345230354,0.0,0.6465716306349238,1.2390737454858318,283.4888888888889,17.193220024614785,183.29587315577163,11.116648307180206,7.511111111111111,4,-0.5499297922705324,0.21149633885113417,-0.01889025772636188
1.0,2.0,-1.0,-9.0,25.91914444550244,33.75507821812894,323.346851746256,0.0,0.6514760652507645,1.2132576829019062,120.50574712643679,11.77310037568995,78.50660997803466,7.669893108556786,11.494252873563218,4,0.0,0.0,0.0
1.0,2.0,-1.0,-8.0,27.33651421162361,60.546368345889334,343.0527594195574,0.0,0.5889524015083049,1.3273985782089999,13.275862068965518,5.645597445027061,7.818850847610254,3.3249881731978377,11.724137931034482,5,0.0,0.0,0.0
1.0,2.0,-1.0,-7.0,28.596086468373272,85.97632087028894,361.8291939660027,0.0,0.5295148391853008,1.4603661098261,376.23333333333335,19.833254901805706,199.2211329961497,10.502002779850727,10.766666666666666,4,-0.3102105068972776,0.02507252121131387,0.01983546971555583
1.0,2.0,-1.0,-6.0,29.657176732233182,110.30341232093241,379.9312185938837,0.0,0.47287049643160156,1.6149732832280221,620.7126436781609,25.442860423283676,293.51669595746375,12.0311780389981,17.28735632183908,4,-0.2130862437939527,0.028947606098199685,-0.009139818976326097
1.0,2.0,-1.0,-5.0,30.458902980771512,133.74837535778624,397.5805262841575,0.0,0.41870418614929955,1.7928786218124446,1.9302325581395345,2.975381228670054,0.8081964523346943,1.245804575834198,4.069767441860465,4,0.0,0.0,0.0
1.0,2.0,-1.0,-4.0,30.907384952049597,156.50615594032928,414.9760205475869,0.0,0.3666863658390526,1.9922589283709264,-3.3636363636363624,4.6824800944276035,-1.2333995941859037,1.7170016089393618,16.363636363636363,4,0.0,0.0,0.0
1.0,2.0,-1.0,-3.0,30.851604990004432,178.7570951452314,432.302334539356,0.0,0.31647341363867004,2.2034840302794376,765.8390804597701,28.463738976413016,242.36770809100355,9.008016638785492,28.160919540229884,5,0.22207002639879647,0.10577453850555685,-0.10833863430535473
1.0,2.0,-1.0,-2.0,30.03424504448961,200.68015680175552,449.73722447439775,0.0,0.2676974477630398,2.403296312830943,3243.593023255814,57.255966268476676,868.3015739075835,15.327276039277903,22.406976744186046,4,0.4238337780079746,0.19468261399060793,-0.05202262727050311
1.0,2.0,-1.0,-1.0,27.980959652104588,222.47429774318226,467.45879447699485,0.0,0.21993549817114155,2.552582493582333,374.123595505618,20.353047923537297,82.28305935510676,4.476357734364293,25.876404494382022,4,0.5489104129732425,0.2643470773880381,-0.03689233308210049
1.0,2.0,-1.0,0.0,23.714288136822518,244.4061944009552,485.65419545172136,0.0,0.17262294301858508,2.6083704364165894,26844.64875701684,164.25224386688814,4634.0022727364485,28.353705733708573,86.35124298315958,5,0.664793974721988,0.2124368006089412,-0.027725004467555436
1.0,2.0,-1.0,1.0,14.849479243095857,266.9585172105774,504.53502518031087,0.0,0.12476330850758646,2.5511323935740986,576.1818181818181,25.021560950442204,71.88634993828026,3.121772728201399,31.818181818181817,5,0.8131130846729775,0.36314555139642835,-0.049495289308952195
1.0,2.0,0.0,-10.0,14.326112605529403,19.60102324807363,276.0558909141008,0.0,0.6827414822023619,1.134900840523195,54.2906976744186,8.159154096177517,37.06651140003288,5.57059296114171,7.709302325581394,5,0.0,0.0,0.0
1.0,2.0,0.0,-9.0,15.167398190358313,47.02492034297987,297.65604789407723,0.0,0.6196260692756682,1.2389844825112437,53.772727272727266,8.369964256368874,33.31898363423252,5.1862480521516865,10.227272727272727,5,0.0,0.0,0.0
1.0,2.0,0.0,-8.0,15.74826787650889,72.79468484158448,317.8910181607152,0.0,0.5598335397903762,1.3612962506203465,195.79545454545456,14.7672192528861,109.61286239304754,8.26718462720382,14.204545454545453,5,0.0,0.0,0.0
1.0,2.0,0.0,-7.0,16.005044953335897,97.17649036031814,337.0774234170731,0.0,0.5031847271180336,1.5058633833758528,23.875,5.820805960070597,12.013535359943052,2.928940658625147,6.125,4,0.0,0.0,0.0
1.0,2.0,0.0,-6.0,15.847090111628603,120.37519680137775,355.48008139288953,0.0,0.44948683563684905,1.6771436603468062,245.51111111111115,16.573547270750534,110.3540124470202,7.449591318007394,18.488888888888887,5,-0.1705784562847441,-0.264558621882486,-0.09709011162860293
1.0,2.0,0.0,-5.0,15.142928015960223,142.54133526674195,373.3262919195749,0.0,0.3985627990715913,1.8790927622601787,2.413793103448276,3.004904609288978,0.962048135690048,1.1976431920213415,3.5862068965517238,4,0.0,0.0,0.0
1.0,2.0,0.0,-4.0,13.697422545129399,163.77063836976367,390.81628457956367,0.0,0.3502829320293945,2.112595635784824,-3.534090909090909,2.9794084983432536,-1.237931725694792,1.0436359445129701,7.53409090909091,5,0.0,0.0,0.0
1.0,2.0,0.0,-3.0,11.213571647608973,184.09366276267977,408.1308214927182,0.0,0.30460771821065474,2.369690895286171,257.62790697674416,17.132638794434826,78.47544889157285,5.2187340101001345,22.372093023255815,5,0.41206992147286314,-0.029674955887685428,0.036428352391027374
1.0,2.0,0.0,-2.0,7.228636686007377,203.4492005936964,425.4363123576871,0.0,0.2616571437228105,2.6237411896149347,986.103448275862,32.148492418833655,258.02101169107624,8.411882701306443,29.89655172413793,5,0.5070296308025775,0.02313844839994772,-0.019882730907180957
1.0,2.0,0.0,-1.0,1.0132548545990403,221.6279689638096,442.8870046660403,0.0,0.22183564589069418,2.8215314953534856,3345.769230769231,58.16396940785684,742.2108783089034,12.902841721158499,24.230769230769234,4,0.6351086479821788,0.07209204611120867,-0.0009675644073183776
1.0,2.0,1.0,-10.0,2.9230809727950486,21.72274754835027,248.19581110502094,0.0,0.676134136379113,1.115003953468022,97.69662921348313,10.373622507776478,66.05602602040884,7.013960295418378,6.303370786516854,4,0.0,0.0,0.0
1.0,2.0,1.0,-9.0,2.98750541662028,47.80540165876221,270.824939081953,0.0,0.6167513315177793,1.2132187872249391,119.10344827586206,11.813553553542883,73.45721031249688,7.286024884104166,12.89655172413793,4,0.0,0.0,0.0
1.0,2.0,1.0,-8.0,2.669238010923408,72.06928174362017,291.9046605801149,0.0,0.5609034870502456,1.3273314224361348,18.95402298850575,6.37087564989613,10.631377587883392,3.573446367590239,14.045977011494253,5,0.0,0.0,0.0
1.0,2.0,1.0,-7.0,1.8831634672128814,94.71789972130249,311.7768485852711,0.0,0.5085628575425971,1.4602550907463088,397.4137931034483,20.629189229726457,202.10989424753214,10.491239423456655,17.586206896551726,5,-0.32391756314515874,-0.47026121568291046,-0.03337011002322354
1.0,2.0,1.0,-6.0,0.5163776316292115,115.87511120966941,330.7238688949956,0.0,0.4597213621185575,1.6147939412366163,579.5581395348837,24.64022354909724,266.4352573338738,11.32763713289674,17.441860465116278,4,-0.14758198758153185,-0.37797342273972845,0.023760753430576265
1.0,2.0,1.0,-5.0,-1.5802903458817354,135.58542275426322,348.98402647202045,0.0,0.41443418586088593,1.7925933027682996,56.7816091954023,8.808903241861692,23.532239978767546,3.650710643368269,13.2183908045977,4,0.0,0.0,0.0
1.0,2.0,1.0,-4.0,-4.60143463889537,153.80585986976232,366.7624237730487,0.0,0.37286749540026176,1.9918126615880147,-2.1136363636363638,3.27142493026818,-0.7881062970960079,1.2198080201390722,8.113636363636363,4,0.0,0.0,0.0
1.0,3.0,-3.0,-6.0,37.81456432367787,22.41672885124953,476.5013602046678,0.0,0.6766540686672214,1.150597943218215,5.595744680851064,4.524561009796604,3.786383405520835,3.061562616211944,9.404255319148936,5,0.0,0.0,0.0
1.0,3.0,-3.0,2.0,37.910297158484155,215.79788493110485,633.5199462790782,0.0,0.23212593698368117,1.3537107189715158,65.76470588235293,8.893059383042004,15.265693973397383,2.064309741940143,8.235294117647058,4,0.0,0.0,0.0
1.0,3.0,-3.0,3.0,32.27362564846197,246.34981861205313,658.8590966366783,0.0,0.16650414663524646,1.314510937505551,1130.0909090909092,33.9858684779181,188.1648224384317,5.658788028573476,15.90909090909091,4,1.246206435591887,1.1319370324386,-0.30140040116184963
1.0,3.0,-3.0,4.0,16.08706376253167,293.60210722370266,688.2762188321622,0.0,0.0683151800759984,1.2649923021393192,122.1046511627907,11.68453490165684,8.341601232303015,0.7982311059109752,8.895348837209301,4,0.0,0.0,0.0
1.0,3.0,-2.0,-7.0,29.281206601870082,26.621383400845218,430.1264937722238,0.0,0.6684152727687787,1.1942261378891086,166.96666666666664,13.709980144243664,111.60307004329373,9.163960117769168,13.033333333333333,5,0.0,0.0,0.0
1.0,3.0,-2.0,-6.0,30.21362766506138,52.65427254360381,448.01349260303436,0.0,0.6069195058186116,1.274392049938494,191.3370786516854,14.533002202263077,116.12620522005773,8.820362514658301,12.662921348314608,5,0.0,0.0,0.0
1.0,3.0,-2.0,-5.0,30.91230666335602,77.5626647098992,465.68277972992325,0.0,0.5482075543438601,1.3564903263470747,554.1333333333333,24.06223412551526,303.7800794470777,13.191098521998093,15.866666666666665,5,-0.24675793696071935,0.44572856154348983,-0.07706887391017148
1.0,3.0,-2.0,-4.0,31.310917134106774,101.61054346651244,483.334840153037,0.0,0.49186995798062105,1.4368842845558374,156.14772727272728,13.113546557121195,76.80437605240584,6.45015959402812,9.852272727272727,5,0.0,0.0,0.0
1.0,3.0,-2.0,-3.0,31.31161135764208,125.05444430624937,501.1620993774116,0.0,0.43744764089065274,1.5103067918166302,1306.5,36.69400495993862,571.5253428236379,16.05170590455506,25.5,5,0.009792431390465595,0.52055129021727,-0.070603297976497
1.0,3.0,-2.0,-2.0,30.764312900892577,148.1678483470445,519.3577840788289,0.0,0.38440471386913333,1.570155279718134,4.696629213483147,3.888996970581524,1.8054064089584019,1.4949487677143172,6.303370786516854,5,0.0,0.0,0.0
1.0,3.0,-2.0,-1.0,29.42632956032989,171.2799719449116,538.1259725863077,0.0,0.332066620702824,1.6095638580765914,531.3033707865169,23.683831473144863,176.42811490509817,7.864609882582401,18.69662921348315,4,0.4925584814304784,0.6006009969072466,-0.06981869644577543
1.0,3.0,-2.0,0.0,26.875011874057293,194.85202645631418,557.695798969123,0.0,0.279479573109968,1.6231927885047166,571.5000000000001,24.54633836792623,159.72257603234675,6.860200168480851,19.5,5,0.5096380102644957,0.867713571378772,-0.1655734965221889
1.0,3.0,-2.0,1.0,22.28828272059789,219.6632225448712,578.3479785210911,0.0,0.2250486777132824,1.609032766052842,722.8666666666666,27.414092077696907,162.68018749634138,6.169505172795859,18.133333333333333,5,0.6762262348067054,0.8130154464776069,-0.08070344116903527
1.0,3.0,-2.0,2.0,13.738658216672661,247.4180174440305,600.4866708433813,0.0,0.16533488194413837,1.5691696611660904,3016.808988764045,55.171106830572924,498.7837580053188,9.12170843456022,17.191011235955056,4,0.8857824795951785,0.7304685154384742,-0.11005089565215442
1.0,3.0,-2.0,3.0,-5.761750669457257,284.3994392728523,625.0225444163686,0.0,0.08777508811027177,1.5089915387627442,4850.340909090909,69.94605174674749,425.7391006603102,6.1395208550363884,26.659090909090907,5,0.0,0.0,0.0
1.0,3.0,-1.0,-8.0,19.659725793793342,19.184463414128146,385.1819322918563,0.0,0.6864333276400059,1.1817764443004872,425.27906976744185,20.954004588019522,291.9257270361113,14.383527096738192,8.720930232558139,4,-0.7700060613329924,0.05801408884082093,-0.03769223208149697
1.0,3.0,-1.0,-7.0,20.166219936666693,45.60492503186657,403.68554902550613,0.0,0.6242275275831685,1.2726427940721092,14.379310344827587,5.20242557532784,8.975961344902803,3.2474972543223406,7.620689655172414,5,0.0,0.0,0.0
1.0,3.0,-1.0,-6.0,20.369386989789376,70.67106159050734,421.6533273339907,0.0,0.5651680100238416,1.3710274121196981,302.4761904761904,17.823269459904456,170.94986665102104,10.073141732772912,9.523809523809524,5,-0.22821155143650174,0.1237558513470276,-0.04533001742310816
1.0,3.0,-1.0,-5.0,20.18886510009284,94.63070329920505,439.3034921916693,0.0,0.5089380946920339,1.4748591369830775,48.48275862068965,8.539201064250426,24.67472279782757,4.3459247198318,15.517241379310345,5,0.0,0.0,0.0
1.0,3.0,-1.0,-4.0,19.510084547671823,117.69852206373018,456.83397707371716,0.0,0.4552041522270021,1.579913330443796,276.6629213483146,17.478780397132706,125.93811056500532,7.956413412638737,18.337078651685392,4,-0.022715502104105667,0.24507619686465887,-0.010988305942063903
1.0,3.0,-1.0,-3.0,18.165302483936557,140.06809077360757,474.4309593223494,0.0,0.4036187182864219,1.6791195827661298,18.045454545454547,5.546618730257468,7.28348323453225,2.23871914272998,7.954545454545454,5,0.0,0.0,0.0
1.0,3.0,-1.0,-2.0,15.90070636665331,161.92427219572284,492.2763539571078,0.0,0.3538152030618967,1.7625322634172629,762.6436781609195,27.942578381682353,269.8349278523775,9.886509044187905,11.35632183908046,4,0.41958930485506585,0.28505616400366307,-0.020825468115695855
1.0,3.0,-1.0,-1.0,12.316495312800583,183.4592718335295,510.5551341462345,0.0,0.3053899541887611,1.818808739731882,1324.4269662921347,36.870419715795705,404.46669056231485,11.259855787927243,22.573033707865168,5,0.39809042946234285,0.3392837700483824,-0.02994229836367701
1.0,3.0,-1.0,0.0,6.751455598245428,204.89945784502356,529.4636307191254,0.0,0.257859228156239,1.8385220153762623,188.53488372093022,14.32076708593823,48.61545959680534,3.6927419473853043,10.465116279069768,5,0.0,0.0,0.0
1.0,3.0,-1.0,1.0,-1.9537572107922188,226.5622368443648,549.2211419360144,0.0,0.21055384617530756,1.8180008599054895,1805.764705882353,42.83370919729712,380.21070411115244,9.018802217445554,18.235294117647058,4,0.7564765758513659,0.4446538446456998,-0.017485550396437732
1.0,3.0,0.0,-8.0,9.622284901687209,27.050997978162144,359.2193786139738,0.0,0.667849976305666,1.2054702184057153,79.42528735632183,9.715588209037518,53.04417627899025,6.488555355201314,9.574712643678161,4,0.0,0.0,0.0
1.0,3.0,0.0,-7.0,9.401559327032942,52.1637685946539,378.1154529809483,0.0,0.6089006391223941,1.3023691611019237,47.82758620689655,7.497804320339821,29.12224780906071,4.565417842669564,5.172413793103448,4,0.0,0.0,0.0
1.0,3.0,0.0,-6.0,8.757313720479203,75.80392764401067,396.35548600019496,0.0,0.5533490815812906,1.4083970905232157,633.3977272727273,25.796738554346796,350.4900506620404,14.27460158684047,20.602272727272727,5,-0.19653105679867622,-0.14374707183685587,-0.05340959724701477
1.0,3.0,0.0,-5.0,7.584704575132207,98.15161511259048,414.1618256172817,0.0,0.5010098361358332,1.521670054969668,212.60714285714286,15.023182199566127,106.51826980416482,7.5267620520433915,8.392857142857142,4,-0.1402724346118731,-0.16486877478808992,0.04550567938642036
1.0,3.0,0.0,-4.0,5.741849261317952,119.33285244426729,431.7317450023362,0.0,0.451726499639908,1.6378531815587158,2125.6292134831465,46.61977567951753,960.2030441390725,21.059388081706167,30.370786516853933,5,-0.019595587119354718,0.05084750488896361,-0.019455154830478882
1.0,3.0,0.0,-3.0,3.0355480542211524,139.4196914613036,449.24519093125184,0.0,0.40539773125878137,1.7491607930766229,163.14606741573033,13.546592296892417,66.13904559412927,5.49175778344787,12.853932584269664,4,-1.0459798226237638,0.28451375896247555,-0.08253705248403564
1.0,3.0,0.0,-2.0,-0.797428431139025,158.42379437322757,466.870550578815,0.0,0.36200894023938096,1.8440440974702024,6.8181818181818175,5.943953104828192,2.4682427743594153,2.151764164311432,18.181818181818183,5,0.0,0.0,0.0
1.0,3.0,0.0,-1.0,-6.111356760587768,176.2815746038145,484.7686981153215,0.0,0.3216756446620482,1.9087677080447,395.7931034482758,20.483281080066106,127.31700170451684,6.5889726462241995,15.206896551724139,4,0.5813913643970352,0.06768200973215244,-0.009651783157161198
1.0,3.0,1.0,-8.0,-1.368772543081235,22.570254788705853,332.95564729457476,0.0,0.6779396910042819,1.1816595878233898,489.953488372093,22.526038055577846,332.15891651344674,15.27129527894914,11.046511627906977,5,-0.7287430965681274,-0.4403186258212486,0.024222736415796087
1.0,3.0,1.0,-7.0,-2.2746333401653374,46.05613729532982,352.50598462683485,0.0,0.6231085021730893,1.2724825710287924,9.104651162790697,4.824432477405267,5.673185548854987,3.006144894831203,8.895348837209301,5,0.0,0.0,0.0
1.0,3.0,1.0,-6.0,-3.6736422554317016,67.8136324581618,371.2533909191421,0.0,0.5721132310657483,1.3708092249788115,285.95402298850576,17.280744333484293,163.5980800282033,9.88654247585082,8.045977011494251,5,-0.27081295882055656,-0.2184765581407646,-0.07635774456829836
1.0,3.0,1.0,-5.0,-5.663635835887845,87.95694365000966,389.4308534493231,0.0,0.5249225001540122,1.4745653038260427,67.4367816091954,9.109352839569173,35.399084004638965,4.7817042673317,9.563218390804597,5,0.0,0.0,0.0
1.0,4.0,-4.0,-3.0,34.88387408696258,27.345213215117013,621.7734302357023,0.0,0.6526393782951018,1.009306725123614,164.52941176470588,13.252798881771806,107.37837300537645,8.649298422869572,6.470588235294117,5,-0.5806623695207023,1.694612812837022,-0.13387408696257808
1.0,4.0,-4.0,-2.0,34.812212388369346,53.61057557147254,642.4371808585288,0.0,0.5909100351315357,1.0265766019741873,86.56179775280899,10.397971114965802,51.150234951161245,6.144265476841136,13.438202247191011,5,0.0,0.0,0.0
1.0,4.0,-4.0,-1.0,34.27259017884853,79.89978653446563,664.3244616258276,0.0,0.5294380279894314,1.0373381154344412,181.67415730337078,14.299136949844748,96.18520757933838,7.570506868676616,14.325842696629215,5,0.0,0.0,0.0
1.0,4.0,-4.0,0.0,33.08950348125671,106.8739294527804,687.7780777899197,0.0,0.46694906277392084,1.0409407941532502,128.51724137931035,12.243516083543588,60.01100541235873,5.717098360268104,13.482758620689657,4,0.0,0.0,0.0
1.0,4.0,-4.0,1.0,30.968362451684442,135.52806704837647,713.2419625060752,0.0,0.40149446899434255,1.0371588303856216,0.3529411764705883,3.569381519124251,0.1417039302332974,1.433086937659011,7.647058823529411,4,0.0,0.0,0.0
1.0,4.0,-4.0,2.0,27.350284447998746,167.62709019606496,741.3550559913193,0.0,0.3296325202684258,1.0262291624453324,146.63218390804596,12.67371541781425,48.3347363340725,4.177668754338916,8.367816091954023,4,0.0,0.0,0.0
1.0,4.0,-3.0,-5.0,28.26258829855834,11.054215073613534,545.720703670019,0.0,0.698201038819358,1.0592961609962106,381.7586206896552,20.14781878181072,266.5442655437625,14.067228003404418,15.241379310344827,5,-0.36139605860698865,0.8839225091866183,-0.04981930537339352
1.0,4.0,-3.0,-4.0,28.375044835707854,37.5469591367449,564.1842923615068,0.0,0.6356996660634621,1.0962515712846155,31.279069767441854,6.713442356551749,19.884094205938517,4.267733064196248,8.720930232558139,4,0.0,0.0,0.0
1.0,4.0,-3.0,-3.0,28.104976055548946,63.320094033230504,583.1633106439687,0.0,0.575013639004993,1.1278034739402056,139.25842696629212,12.43311102322926,80.07549485199868,7.1492084136201495,9.741573033707866,4,0.0,0.0,0.0
1.0,4.0,-3.0,-2.0,27.334407791417107,88.77175027120698,602.8878810538256,0.0,0.5154314037567707,1.1520485099380127,53.573033707865164,8.237587403574933,27.613223967553733,4.2459112389937195,8.426966292134832,5,0.0,0.0,0.0
1.0,4.0,-3.0,-1.0,25.884590804908697,114.38447220720407,623.6159234367406,0.0,0.4560232557442618,1.167314912163794,297.9047619047619,17.861570879564717,135.85149942552866,8.145291705205999,13.095238095238095,5,0.05600600205490025,1.1615057645483375,-0.04971714033349173
1.0,4.0,-3.0,0.0,23.467383530811418,140.82429919234397,645.6559409370426,0.0,0.3954647284184419,1.1724501427085812,1.1666666666666667,2.5879206582376773,0.4613755164881822,1.0234313402784383,2.833333333333333,4,0.0,0.0,0.0
1.0,4.0,-3.0,1.0,19.573626691206925,169.16063196714725,669.4101025593421,0.0,0.3316205672468442,1.1670484320864605,381.2,19.961963831246663,126.413760234497,6.619797769079006,10.8,4,0.7121002288992884,1.0653916188325638,-0.0856088195578586
1.0,4.0,-3.0,2.0,13.156880264893232,201.4898639790148,695.4815283531992,0.0,0.2603392341912029,1.1515363542579036,80.79166666666667,9.773827721692935,21.03324062903094,2.5445108241822885,9.208333333333334,5,0.0,0.0,0.0
1.0,4.0,-3.0,3.0,1.2829381475045807,243.67563089041658,725.1006814270975,0.0,0.1701145932871895,1.1270829397927609,414.8888888888889,20.78876714733639,70.5786545927073,3.536472668211217,11.11111111111111,4,1.2943664017577703,1.231243836915496,-0.1524074136838387
1.0,4.0,-2.0,-6.0,20.724058247335904,9.965249080255177,495.72295450424144,0.0,0.7045734213103683,1.1017420151397186,213.0,15.314648593371691,150.07413873910843,10.790294355597911,14.0,5,0.0,0.0,0.0
1.0,4.0,-2.0,-5.0,20.59631205172397,36.29351986932227,513.6553340762696,0.0,0.6423512720035326,1.1534664719609857,101.44186046511629,10.648674432596952,65.16130810417232,6.840189566930148,7.558139534883721,4,0.0,0.0,0.0
1.0,4.0,-2.0,-4.0,20.058599770099477,61.60835518510197,531.7500861370561,0.0,0.5825869983086849,1.2016481564154715,24.279069767441857,6.21704943068497,14.144670377541091,3.6219721661594746,8.72093023255814,4,0.0,0.0,0.0
1.0,4.0,-2.0,-3.0,18.994856694185756,86.22376204069461,550.2123011818616,0.0,0.5247623278448635,1.24356545672535,322.6206896551724,18.384961284345223,169.29918411436356,9.647735080910692,9.379310344827585,4,-0.01402707637248568,0.6159353115125441,-0.06417371763122048
1.0,4.0,-2.0,-2.0,17.236784141208517,110.4752452873615,569.2540652031954,0.0,0.4682553179548144,1.2762912467911665,334.9318181818182,18.940240132611617,156.83360501591136,8.868868165436588,15.068181818181817,5,0.29335477337338034,0.5585676543812497,0.013215858791483015
1.0,4.0,-2.0,-1.0,14.530159879293592,134.7641081011627,589.106744650232,0.0,0.4122725590861219,1.2971358033455223,239.9090909090909,15.9425621923265,98.90793485711598,6.5726809134201005,9.09090909090909,4,-0.16373453538841432,0.8953010671032189,-0.041300144347403034
1.0,4.0,-2.0,0.0,10.469030201943184,159.6384123278193,610.038843383005,0.0,0.3557039395054704,1.3041852182082945,177.95402298850576,13.815518185725942,63.298947027858546,4.914234244972187,8.045977011494251,4,0.0,0.0,0.0
1.0,4.0,-2.0,1.0,4.350969547036101,185.97240975856002,632.388494464977,0.0,0.29678014001677366,1.2967550673929078,449.53932584269666,21.581456104020212,133.41434406664155,6.4049475643169735,10.46067415730337,5,0.7948153095095734,0.5816472120731078,-0.04298348399673646
1.0,4.0,-2.0,2.0,-5.208081662023261,215.4732059038417,656.6421230238307,0.0,0.2320838416066765,1.2755661967870493,679.9885057471264,26.34976619173492,157.81434466217672,6.115354963215566,9.011494252873565,5,1.1137286340130856,0.5650501710725848,-0.014209850145551428
1.0,4.0,-1.0,-6.0,12.035500860946826,23.91068722182692,467.0646902772989,0.0,0.6735835031065117,1.1623687020062923,258.94117647058823,16.44367549144108,174.41850474558026,11.076188541471574,7.058823529411764,4,-0.42796216099966955,0.13612075270913238,0.0027392039355742526
1.0,4.0,-1.0,-5.0,11.251165370633032,48.79432661710115,484.9358610064211,0.0,0.6147182709379737,1.2235999551369576,165.86206896551724,13.509128850283641,101.95844424867771,8.304308328724657,10.13793103448276,5,0.0,0.0,0.0
1.0,4.0,-1.0,-4.0,9.945089802485398,72.55935296323918,502.8384112320265,0.0,0.5586250185715096,1.281570167974662,280.69767441860466,17.187446838503753,156.80474358507257,9.601337809355993,9.30232558139535,4,-0.26499920353887774,0.44697811771925444,-0.04510318220174803
1.0,4.0,-1.0,-3.0,7.977796934920974,95.43478184720956,520.9665794120443,0.0,0.5049342408359055,1.3327846460703594,55.13953488372093,8.60427403321882,27.84183918655656,4.34459257690744,11.86046511627907,4,0.0,0.0,0.0
1.0,4.0,-1.0,-2.0,5.155767882330451,117.63905741982202,539.5140533723838,0.0,0.4532443962598855,1.3733026231158607,86.95454545454545,10.175976408569774,39.41166045659823,4.612204283657045,10.045454545454545,5,0.0,0.0,0.0
1.0,4.0,-1.0,-1.0,1.2050012606221685,139.39839027206406,558.682297571625,0.0,0.403103390628157,1.3993627048248043,0.4659090909090904,3.6349343782088144,0.18780953426993657,1.4652543725668246,7.53409090909091,5,0.0,0.0,0.0
1.0,4.0,-1.0,0.0,-4.271169925578562,160.97378511073248,578.6902414291897,0.0,0.3539681224153945,1.4082157848307304,1206.7058823529412,35.10084335386045,427.1354154840825,12.42457961716286,15.29411764705882,5,0.5985345773766824,0.5254180899786434,-0.004341770327870975
1.0,4.0,0.0,-6.0,2.218636137107353,25.377401048606572,440.263908659363,0.0,0.6710767392540773,1.1848454476430854,126.27906976744185,11.869923269371542,84.74294637557301,7.965629402805951,8.720930232558139,5,0.0,0.0,0.0
1.0,4.0,0.0,-5.0,0.7894607666398201,48.488088008472715,458.26059261291687,0.0,0.6163962586873578,1.2498954780950478,-0.20930232558139505,4.37017523500378,-0.12901317042293517,2.6937596646644746,12.209302325581396,5,0.0,0.0,0.0
1.0,4.0,0.0,-4.0,-1.2266821185546917,70.22261891296968,476.1545547988338,0.0,0.5650313773868929,1.3118705948074674,551.0689655172414,24.13884234732899,311.3712566213771,13.639203340036358,19.93103448275862,5,-0.04327377148355538,0.03523420688208034,-0.05387324098239121
1.0,4.0,0.0,-3.0,-3.959374236652849,90.71359391700027,494.1328005398994,0.0,0.5168055977734316,1.3669555714846575,18.066666666666666,5.545488656957513,9.336954466439998,2.865939580304712,7.933333333333334,4,0.0,0.0,0.0
1.0,5.0,-4.0,-2.0,21.63067464225759,19.221334582999305,715.0045686240081,0.0,0.6553733362794447,0.9065996960516118,1.7333333333333334,2.95477015462568,1.1359804495510375,1.9364775741759628,4.266666666666667,4,0.0,0.0,0.0
1.0,5.0,-4.0,-1.0,19.82431006929781,49.76985689575855,739.3666268606752,0.0,0.5845068438244921,0.9139682548050058,30.862068965517242,6.874723501808482,18.03909052492829,4.018322936208136,10.137931034482758,5,0.0,0.0,0.0
1.0,5.0,-3.0,-3.0,16.353982018781124,21.162058811617186,646.2608700383912,0.0,0.6630619923659629,0.9740644935507958,84.56818181818183,10.081510262532777,56.07394712713064,6.684666280732885,10.431818181818182,4,0.0,0.0,0.0
1.0,5.0,-3.0,-2.0,14.6089423690471,49.210163537015944,667.5272588809464,0.0,0.5974189556775065,0.9895341336009794,58.04761904761905,8.233104736698191,34.67874795099431,4.918612833781765,5.9523809523809526,4,0.0,0.0,0.0
1.0,5.0,-3.0,-1.0,12.049147239148283,77.66263663569553,690.2275222417048,0.0,0.5311897728252413,0.9991345257269004,72.4494382022472,9.346950527099247,38.48440061996804,4.9650045270986185,9.550561797752808,4,0.0,0.0,0.0
1.0,5.0,-3.0,0.0,8.358592534024496,107.43104549390367,714.7680166427274,0.0,0.46263287327511865,1.002325219953823,126.26190476190476,11.783333092784494,58.41290778518938,5.45135724547268,7.738095238095237,4,0.0,0.0,0.0
1.0,5.0,-3.0,1.0,2.992615776358008,140.00303138642442,741.7106841886255,0.0,0.3888701423499863,0.9989204621409686,-0.1573033707865168,2.103776490211729,-0.06117058418988546,0.8180958632211895,2.157303370786517,4,0.0,0.0,0.0
1.0,5.0,-2.0,-4.0,10.077806560811553,13.0657319526116,588.5537667699159,0.0,0.6890855549860447,1.0204630610364267,259.93548387096774,16.602032146215567,179.1177871637919,11.44022053537111,10.06451612903226,4,-0.560415679409223,1.0373307251282995,0.004595673825319224
1.0,5.0,-2.0,-3.0,8.360967942809225,39.375032316584594,608.0085686707373,0.0,0.6271184056496216,1.0457349789083854,45.47727272727273,7.670883826371376,28.519634766020292,4.810552435117486,8.522727272727273,4,0.0,0.0,0.0
1.0,5.0,-2.0,-2.0,5.930908565707654,65.24250719381662,628.3291581245949,0.0,0.5663472031380719,1.0649427823546247,370.5348837209303,19.674459838320637,209.85139506043953,11.142575302685215,10.465116279069768,4,-0.11432404004582963,1.1195441280984824,-0.023954599008339628
1.0,5.0,-2.0,-1.0,2.5701519040978553,91.15332889017172,649.7888788980961,0.0,0.50586794033799,1.0769328948019228,82.79310344827587,9.80128725560195,41.88237671556945,4.958156996652349,8.206896551724137,4,0.0,0.0,0.0
1.0,5.0,-2.0,0.0,-2.045948840750839,117.75188414936044,672.7153275071335,0.0,0.444423673914018,1.0809271924670765,409.2068965517241,20.758782983288903,181.86123235647074,9.225694599417054,13.793103448275861,4,0.5118616045689919,0.7203337284013287,0.03752866687784673
1.0,5.0,-1.0,-4.0,1.5155025508036601,20.185872486167085,556.0724073456133,0.0,0.67628181743826,1.0680354659858111,180.9186046511628,14.0349029883685,122.35196276188242,9.491549700543516,10.081395348837209,4,-0.1087629398205543,0.45200682961478833,0.006227796651032458
1.0,5.0,-1.0,-3.0,-0.7665952409718955,44.25846375050054,575.0681269185632,0.0,0.6193389691775597,1.0971084988896267,365.1011235955056,19.711356076868285,226.12135353320926,12.20801095373943,14.898876404494382,5,-0.06381790554795685,0.6412986252181554,0.016595240971895464
1.0,5.0,-1.0,-2.0,-3.8047324555772377,67.52372954619368,594.7180970522637,0.0,0.5644334595329719,1.119345722031175,1055.0444444444445,33.01038370117447,595.5023857388202,18.63216507296473,21.955555555555556,5,0.23798050603092236,0.520901368852833,0.006313363232798075
1.0,6.0,-2.0,-2.0,-3.983429434857783,11.334895659037386,702.473107539118,0.0,0.6749845410598448,0.909404369865941,6.413793103448276,3.572826497263498,4.3292111943838325,2.411602653541855,3.5862068965517238,4,0.0,0.0,0.0
1.0,-1.0,0.0,0.0,5.624002702447882,374.0702661011916,340.1203676036931,0.0,0.09189937743567332,5.794697667557788,5.620689655172412,8.356432512034113,0.516537880069474,0.7679509454391547,41.37931034482759,4,0.0,0.0,0.0
1.0,1.0,-1.0,3.0,36.05956324422388,347.1695195732971,501.94995599576686,0.0,0.039040256239028445,2.923023728663309,26593.94382022472,163.33802934195845,1038.2343811479,6.376758519088004,55.056179775280896,4,0.0,0.0,0.0
1.0,-8.0,-1.0,1.0,33.38954624194102,782.1109559150015,21.419005862165022,1.0,1.025273012884681,0.7178736030177209,28.701149425287355,5.777951815015556,29.426513944517797,5.92397806568351,2.2988505747126435,4,0.0,0.0,0.0
1.0,-7.0,-3.0,-4.0,4.04971360441121,755.3952267243897,29.672724071428092,1.0,0.9617226789389107,0.7415875155534545,-1.0568181818181819,2.421081864930266,-1.0163660129695307,2.3284093370711494,4.056818181818182,4,0.0,0.0,0.0
1.0,-7.0,-3.0,-3.0,5.692180844715892,758.5796367741094,60.26803645451747,1.0,0.9843930548901788,0.7512397965025029,29.896551724137932,6.124702909633437,29.42995788240638,6.029115007508826,4.1034482758620685,5,0.0,0.0,0.0
1.0,-7.0,-3.0,-2.0,7.483237489352234,763.2270451731765,88.27495254566855,1.0,1.0093037038736348,0.7583915455107124,117.82022471910112,11.462409650487169,118.91638920021273,11.569052515553595,8.179775280898877,4,0.0,0.0,0.0
1.0,-7.0,-3.0,-1.0,9.40383444859907,769.3438579219497,114.1759031770128,1.0,1.0369176905686022,0.7628130097400816,3.7333333333333334,2.8830539363667826,3.8711593781227815,2.989489629482162,2.2666666666666666,4,0.0,0.0,0.0
1.0,-7.0,-3.0,0.0,11.436851517253558,776.9410482556806,138.35724105128185,1.0,1.0675989573342277,0.764356273766102,6.561797752808989,3.624802690649956,7.005368439136955,3.8698355730801963,3.438202247191011,4,0.0,0.0,0.0
1.0,-7.0,-3.0,1.0,13.56701021582532,786.0380713238575,161.1368134290441,1.0,1.1016331209258627,0.7629686318397233,-2.5172413793103448,2.5038472181416105,-2.7730764768133787,2.758321025242882,5.517241379310345,4,0.0,0.0,0.0
1.0,-7.0,-2.0,-3.0,12.21219641120669,707.3960009848645,28.129023847291933,1.0,0.8376556893114342,0.7828063368259071,13.258426966292134,4.93449068633671,11.105996779634745,4.1334041972642295,6.741573033707866,5,0.0,0.0,0.0
1.0,-7.0,-2.0,-2.0,13.83415903490993,715.5276295570293,58.00848137281031,1.0,0.8703088601262398,0.7909062759173738,7.689655172413794,3.7967568612561746,6.692375027867293,3.3043511360963413,3.310344827586207,5,0.0,0.0,0.0
1.0,-7.0,-2.0,-1.0,15.594271462632605,724.6923389738664,85.38866038354752,1.0,0.9049579125415129,0.7959232615478815,46.96551724137932,7.663001588232929,42.501816444191064,6.93469392108957,7.034482758620689,4,0.0,0.0,0.0
1.0,-7.0,-2.0,0.0,17.471223642922865,734.9621390872763,110.72633913969992,1.0,0.9420678449142542,0.7976750451273668,1.7391304347826084,3.004932146033988,1.638378860720442,2.8308499509278042,4.260869565217392,4,0.0,0.0,0.0
1.0,-7.0,-2.0,1.0,19.446996066160693,746.3996294636006,134.3890566959442,1.0,0.9820111974720468,0.7960965463079073,32.95454545454545,6.995423533512688,32.361732643965176,6.869584240968932,10.045454545454543,4,0.0,0.0,0.0
1.0,-7.0,-2.0,2.0,21.506418269541598,759.0672271281451,156.68109721590085,1.0,1.0250888340758357,0.7912464413185374,10.033333333333333,4.133118273975071,10.285057968560885,4.236813392566636,3.966666666666667,4,0.0,0.0,0.0
1.0,-7.0,-2.0,3.0,23.636827929012753,773.034666237054,177.8620272833211,1.0,1.0715416399761317,0.783301217962958,19.114942528735632,5.6281212182766,20.482456865290885,6.030766240216572,7.885057471264368,4,0.0,0.0,0.0
1.0,-7.0,-2.0,4.0,25.827789364098322,788.3857248917174,198.1604897268648,1.0,1.1215541721315638,0.772537846990214,90.20224719101125,10.434276786343824,101.1667066727213,11.702606662899443,11.797752808988765,5,0.0,0.0,0.0
1.0,-7.0,-1.0,-2.0,22.774868402809005,672.7527336566351,21.796981018401482,1.0,0.7467853909263102,0.8125774215521423,94.48314606741573,10.542517664305054,70.55863317190273,7.872998175285581,10.516853932584269,5,0.0,0.0,0.0
1.0,-7.0,-1.0,-1.0,24.109901117446924,686.0052991998617,51.716196807218864,1.0,0.7907310215516192,0.8180191981550362,40.835164835164825,6.791587172502483,32.28963160533864,5.370318662869762,3.164835164835165,4,0.0,0.0,0.0
1.0,-7.0,-1.0,0.0,25.60042307086883,699.7478617939813,79.03956270374772,1.0,0.8359941445690794,0.8199194078014653,284.50000000000006,17.762959417640047,237.84033412990314,14.849730063365264,19.5,4,-0.20824125826698037,0.6161292605379884,-0.12609271372597064
1.0,-7.0,-1.0,1.0,27.219661214724482,714.1557332165166,104.25093438413336,1.0,0.8831533958079323,0.8182035239388208,30.88636363636364,6.674475325279778,27.277396929613186,5.89458554875709,8.113636363636363,5,0.0,0.0,0.0
1.0,-7.0,-1.0,2.0,28.94645532243905,729.3726005582408,127.7361378538339,1.0,0.9326734978570462,0.8129388836671129,69.6046511627907,8.928506373864831,64.91841346711952,8.327381270351443,6.395348837209303,4,0.0,0.0,0.0
1.0,-7.0,-1.0,3.0,30.763977925718507,745.5281718826856,149.81262930604,1.0,0.9849324302867585,0.8043274926166954,77.86046511627906,9.555819330226518,76.68729713023411,9.411836356301189,8.13953488372093,5,0.0,0.0,0.0
1.0,-7.0,-1.0,4.0,32.65884383630194,762.7510332627669,170.75006689527441,1.0,1.0402352673995585,0.79268514363532,141.57142857142858,12.379212331937104,147.2675928561375,12.877293250308506,7.42857142857143,5,0.0,0.0,0.0
1.0,-7.0,-1.0,5.0,34.62046357679833,781.1790590620799,190.78531766367752,1.0,1.0988172206403113,0.7784109223768847,29.46590909090909,6.431667601835147,32.377648330912805,7.067227118330832,7.534090909090909,4,0.0,0.0,0.0
1.0,-7.0,0.0,-1.0,35.29121548118562,652.8854824951586,11.86107701515806,1.0,0.6936319746640996,0.8258604090880495,102.20454545454544,10.715032500538825,70.89234068328308,7.43228915193875,7.795454545454546,5,0.0,0.0,0.0
1.0,-7.0,0.0,0.0,36.030740242628326,671.1662054468625,42.261340883144044,1.0,0.7492708089912606,0.8278139525082554,0.5227272727272725,2.554557586512764,0.39166428651815877,1.9140554294611811,3.4772727272727275,4,0.0,0.0,0.0
1.0,-7.0,0.0,1.0,36.9979682459263,689.2802557521927,69.83494985015767,1.0,0.8052202482677224,0.8260461787494778,94.3068181818182,10.40640944024482,75.9377595497026,8.379451593049504,8.693181818181818,4,0.0,0.0,0.0
1.0,-7.0,0.0,2.0,38.14886732066316,707.5706133696663,95.14122396892992,1.0,0.862302430140842,0.8206277832099366,597.8850574712644,25.09104046862393,515.5577380023683,21.636065170856625,20.114942528735632,4,-0.07574072659633657,0.6704789016548744,-0.0970699890940736
1.0,-6.0,-4.0,-2.0,-4.8082399363863715,756.9948241500821,181.0418779154647,1.0,1.0273316063087705,0.803961962679257,10.404761904761903,4.422266377017225,10.689140760879349,4.543134020626373,5.595238095238096,5,0.0,0.0,0.0
1.0,-6.0,-4.0,-1.0,-2.433479861624278,759.7518994776108,202.8633615666014,1.0,1.0417128743922504,0.8092243907102065,62.88636363636363,8.700702332247678,65.50953462371265,9.063633635757085,8.113636363636363,4,0.0,0.0,0.0
1.0,-6.0,-4.0,0.0,0.059589369641741996,764.208825357802,223.7083749788451,1.0,1.0602112158826167,0.8110568160073388,-0.584269662921348,2.623560137384008,-0.6194492497291689,2.781527883197064,4.584269662921348,4,0.0,0.0,0.0
1.0,-6.0,-4.0,1.0,2.6544642369473195,770.3510213174224,243.78286437535112,1.0,1.0829681711311872,0.8093888912055744,86.69662921348315,9.917116432388184,93.8896899825645,10.739921445678474,7.3033707865168545,5,0.0,0.0,0.0
1.0,-6.0,-4.0,2.0,5.335702576297535,778.1777731780655,263.27137737833306,1.0,1.1100852202525495,0.8042846826510719,16.625,5.272216374151175,18.455166786698637,5.852609474918705,6.375,5,0.0,0.0,0.0
1.0,-6.0,-4.0,3.0,8.08920599854821,787.7047817156621,282.3454341384422,1.0,1.1416269779836843,0.7959359672592438,33.76744186046512,6.521421207008576,38.549822605402554,7.445030384715911,5.232558139534884,4,0.0,0.0,0.0
1.0,-6.0,-3.0,-4.0,-5.366872091442161,701.049181926617,107.20098788045095,1.0,0.8484913912032541,0.835986743204853,9.49438202247191,4.3093773904412,8.055901410862356,3.6564696172353024,5.50561797752809,4,0.0,0.0,0.0
1.0,-6.0,-3.0,-3.0,-3.1744445851486205,702.8190418384394,132.5391759621733,1.0,0.8608254115784478,0.8498735549241435,-1.4651162790697678,3.883860184107008,-1.2612093239405169,3.3433255414970615,10.465116279069768,5,0.0,0.0,0.0
1.0,-6.0,-3.0,-2.0,-0.8377023673054396,706.1673644106033,156.22060565184776,1.0,0.8766199868397543,0.8602550023070153,52.04545454545454,7.9712610085303135,45.62408567870539,6.98776672039409,6.954545454545455,5,0.0,0.0,0.0
1.0,-6.0,-3.0,-1.0,1.6214247772439023,711.069467657737,178.53889491686772,1.0,0.8961253519857407,0.8667090078406217,-0.03448275862068939,3.3731224133872764,-0.030900874206404617,3.0227405099876643,7.0344827586206895,4,0.0,0.0,0.0
1.0,-6.0,-3.0,0.0,4.1824478771437725,717.5039673063544,199.7381814584827,1.0,0.9195339799644932,0.8689591899781984,4.0232558139534875,3.942460680104473,3.6995204310199368,3.625226560029988,6.9767441860465125,5,0.0,0.0,0.0
1.0,-6.0,-3.0,1.0,6.826671358104932,725.4555578623302,220.0274186823881,1.0,0.9469961856583955,0.8669066052000503,-3.9195402298850572,3.6769574180485005,-3.7117896472357796,3.4820646497202725,10.919540229885056,5,0.0,0.0,0.0
1.0,-6.0,-3.0,2.0,9.537459834778076,734.9182993060172,239.5912418129404,1.0,0.9786308721934415,0.8606415623615034,49.20689655172414,7.946985458868794,48.15538809034624,7.777165310921365,8.793103448275861,4,0.0,0.0,0.0
1.0,-6.0,-3.0,3.0,12.300399950117708,745.8993331430388,258.59853100904184,1.0,1.0145314826922494,0.8504328299632082,5.784090909090909,3.9319705698267216,5.868142326026761,3.9891079321085923,5.215909090909092,5,0.0,0.0,0.0
1.0,-6.0,-3.0,4.0,15.103357880023452,758.4230334258837,277.2094895309183,1.0,1.0547669238956294,0.8366966867551006,3.732558139534883,3.6838816913476475,3.936978867098802,3.8856365595781868,6.267441860465116,4,0.0,0.0,0.0
1.0,-6.0,-3.0,5.0,17.936446832128496,772.5357080927388,295.5818797340147,1.0,1.0993769508317994,0.8199525115259771,21.967741935483872,5.513187922457532,24.15082914569211,6.061071727554064,5.032258064516129,4,0.0,0.0,0.0
1.0,-6.0,-3.0,6.0,20.791926329618008,788.311100063453,313.8769738470313,1.0,1.1483612122484042,0.800773574239684,20.333333333333336,5.42844360751772,23.350011315717556,6.23381408175115,5.666666666666666,5,0.0,0.0,0.0
1.0,-6.0,-2.0,-6.0,-2.912276913620019,642.5470007515522,14.330683547042156,1.0,0.668581904229831,0.838260482985701,2.8160919540229887,3.166930960871447,1.8827881211069954,2.1173527323838406,4.183908045977011,4,0.0,0.0,0.0
1.0,-6.0,-2.0,-5.0,-1.0862416821710212,645.1579476838003,46.6524500719309,1.0,0.6839271312964654,0.8605286662333672,124.19999999999999,11.612636795032097,84.943749707021,7.942197370014083,6.800000000000001,4,0.0,0.0,0.0
1.0,-6.0,-2.0,-4.0,0.9324473839405982,649.0100941713599,76.05108559583459,1.0,0.7013262204662085,0.8801488659748392,32.08333333333333,6.23941552731095,22.500882906624188,4.375865709687163,3.916666666666667,4,0.0,0.0,0.0
1.0,-6.0,-2.0,-3.0,3.111756235474985,654.1431889387994,103.06975514066579,1.0,0.7212839824043645,0.8963964198057196,0.3793103448275861,3.3775294392441295,0.27359047608441406,2.436157884625986,6.620689655172414,4,0.0,0.0,0.0
1.0,-6.0,-2.0,-2.0,5.422773277826053,660.5721956630298,128.12987033849538,1.0,0.7441761556079283,0.9086004307466671,11.022727272727272,4.251275938755096,8.202850806132846,3.1636981845312535,3.9772727272727275,4,0.0,0.0,0.0
1.0,-6.0,-2.0,-1.0,7.8397814099016045,668.2973627963046,151.56713014621067,1.0,0.7702870760449291,0.9162121195860043,118.37931034482759,11.433354422095922,91.18605282973246,8.806965147181629,7.620689655172414,5,0.0,0.0,0.0
1.0,-6.0,-2.0,0.0,10.340338735696804,677.3122731835592,173.65640553046356,1.0,0.7998381288387272,0.918868836294815,126.27906976744185,11.835130260151052,101.00281487428578,9.466188441841815,8.720930232558139,5,0.0,0.0,0.0
1.0,-6.0,-2.0,1.0,12.905287940867993,687.6105709645268,194.62939014133565,1.0,0.8330087620214212,0.9164402172269497,107.99999999999999,11.343800870158915,89.96494629831348,9.449485519468599,12.999999999999998,4,0.0,0.0,0.0
1.0,-6.0,-2.0,2.0,15.518667548506812,699.1917493339764,214.68746459730377,1.0,0.8699510857425479,0.9090455110437671,4.714285714285714,4.04237038908072,4.10119797564344,3.516664508954298,7.285714285714286,4,0.0,0.0,0.0
1.0,-6.0,-2.0,3.0,18.167531639228258,712.0662799058252,234.01138147167669,1.0,0.9107986111438862,0.8970377150074342,5.275862068965517,4.5003633094191136,4.805247845000503,4.098924651861831,9.724137931034484,5,0.0,0.0,0.0
1.0,-6.0,-2.0,4.0,20.841701871988448,726.2603618298381,252.76888209712658,1.0,0.9556693317797514,0.8809585170058066,29.857142857142858,6.670250737263119,28.533555763138292,6.37455406488364,9.142857142857144,5,0.0,0.0,0.0
1.0,-6.0,-2.0,5.0,23.53348110395808,741.8206118742439,271.1210586084686,1.0,1.0046630201656959,0.8614747995984358,101.95402298850574,10.73307213070553,102.42943665367497,10.783120662490878,8.045977011494253,4,0.0,0.0,0.0
1.0,-6.0,-2.0,6.0,26.23735600542517,758.8190849939383,289.22810139649266,1.0,1.0578522538799167,0.8393102041399062,-2.272727272727273,3.553762846885091,-2.404209667908902,3.7593560373321027,9.272727272727273,5,0.0,0.0,0.0
1.0,-6.0,-2.0,7.0,28.94971055610617,777.3591101423223,307.25498814522774,1.0,1.1152662845971941,0.8151836596496838,57.103448275862064,8.243999968076327,63.68555059630874,9.194255214615872,6.89655172413793,4,0.0,0.0,0.0
1.0,-6.0,-1.0,-4.0,10.935013123074754,598.3844389774748,38.37111133945808,1.0,0.5653818276888157,0.9103026964667491,36.86363636363636,6.631361751381533,20.842030102528614,3.749251427061797,4.136363636363636,4,0.0,0.0,0.0
1.0,-6.0,-1.0,-3.0,12.758368164989918,608.5414967812933,68.36525546297167,1.0,0.5962876741147898,0.9283102388966121,9.741573033707864,4.3832087129620225,5.808779926489019,2.6136533286118055,5.258426966292134,5,0.0,0.0,0.0
1.0,-6.0,-1.0,-2.0,14.728765337707898,619.3606174928259,95.81158433531266,1.0,0.6289190515341414,0.9418819695109464,20.888888888888886,5.634987703602652,13.137420187602062,3.5439511219563298,6.111111111111111,5,0.0,0.0,0.0
1.0,-6.0,-1.0,-1.0,16.81388689535254,630.942025214647,121.16406574427606,1.0,0.6637274418199649,0.9503661094822395,-1.707865168539326,3.2005712152719346,-1.13355697928803,2.124306945075057,7.7078651685393265,5,0.0,0.0,0.0
1.0,-6.0,-1.0,0.0,18.987993029050756,643.3520303527176,144.78308411408514,1.0,0.7010660910350457,0.9533291219030642,-0.6179775280898874,2.9526200066079085,-0.4332430899654775,2.069981766344477,5.617977528089887,4,0.0,0.0,0.0
1.0,-6.0,-1.0,1.0,21.230715737422628,656.6399643583946,166.96368441017276,1.0,0.7412254304012794,0.9506147282307286,0.22988505747126498,3.982389560117746,0.17039665066696125,2.951848415723838,9.770114942528735,5,0.0,0.0,0.0
1.0,-6.0,-1.0,2.0,23.526121439990902,670.849852390795,187.954838566799,1.0,0.7844562165350953,0.9423661919515545,6.988505747126435,4.590799417514158,5.482176777624574,3.6012811419346757,9.011494252873563,4,0.0,0.0,0.0
1.0,-6.0,-1.0,3.0,25.861946309449422,686.0288819307317,207.97310569445116,1.0,0.8309834666269146,0.9290058704660624,16.607142857142858,5.449403949182015,13.800261142196975,4.528364584741669,8.392857142857142,4,0.0,0.0,0.0
1.0,-6.0,-1.0,4.0,28.228959663550995,702.2339834568667,227.21276398170917,1.0,0.8810129185205554,0.9111775469974966,27.488888888888887,6.293394538308783,24.218066226887267,5.544561889596744,7.511111111111111,5,0.0,0.0,0.0
1.0,-6.0,-1.0,5.0,30.620432859163515,719.5374557517339,245.85376383693222,1.0,0.9347308268455818,0.889666220397839,10.793103448275861,4.940533411726917,10.088646510436796,4.618068881001724,8.206896551724137,4,0.0,0.0,0.0
1.0,-6.0,-1.0,6.0,33.03169990755049,738.0323749068673,264.0684352056423,1.0,0.9922971802502704,0.8653133704683603,25.13793103448276,5.774982148334462,24.944298082843005,5.730498501787935,4.862068965517241,4,0.0,0.0,0.0
1.0,-6.0,-1.0,7.0,35.459799219592384,757.838453118216,282.02765309032884,1.0,1.0538317844740281,0.8389429856436104,9.183908045977011,3.8219768361656876,9.67829420453734,4.027720669474887,2.8160919540229883,4,0.0,0.0,0.0
1.0,-6.0,-1.0,8.0,37.90318711717137,779.1090388856469,299.9070636207222,1.0,1.119392059577882,0.8113073165739118,9.93103448275862,4.424211841240338,11.116721143394136,4.952427604974876,6.068965517241379,4,0.0,0.0,0.0
1.0,-6.0,0.0,-3.0,26.985547269440474,565.0503219545387,26.756224854011236,1.0,0.48370420442641326,0.9398059910626375,1.6444444444444444,2.9841101823235205,0.7954246917234351,1.4434266416615575,4.355555555555556,4,0.0,0.0,0.0
1.0,-6.0,0.0,-2.0,27.90056176316199,582.4680568590543,58.137566813670276,1.0,0.5302187851797812,0.9538929172250346,36.31034482758621,6.633505914178142,19.252426923941712,3.517209447298428,4.689655172413793,4,0.0,0.0,0.0
1.0,-6.0,0.0,-1.0,29.07834800350554,599.3910464905446,86.50169996785587,1.0,0.5766055331024715,0.9627057576549087,187.91111111111113,14.175353328058833,108.35058639809999,8.173587162641258,8.088888888888889,4,0.0,0.0,0.0
1.0,-6.0,0.0,0.0,30.45550993301427,616.1989859825985,112.45162242909134,1.0,0.6237477319443061,0.9657829445929645,-1.13953488372093,3.4252427246975596,-0.7107822991923487,2.136487380888838,8.13953488372093,4,0.0,0.0,0.0
1.0,-6.0,0.0,1.0,31.98745512658158,633.1528544211848,136.4438100706677,1.0,0.6723083138370595,0.9629579970456977,148.54545454545453,12.478622008515401,99.8683440736141,8.38948132155501,4.454545454545455,4,-0.323744169734141,0.5403291943226236,-0.13252282484076972
1.0,-6.0,0.0,2.0,33.641854789641286,650.446920918946,158.83859416330915,1.0,0.7228141529526999,0.95438385402235,29.50561797752809,6.063919092322852,21.327078265772922,4.383086542291047,4.49438202247191,4,0.0,0.0,0.0
1.0,-6.0,0.0,3.0,35.39482481036495,668.2391724883428,179.93117818378826,1.0,0.7757038409261199,0.9405104984511619,3.49438202247191,3.502515553156188,2.7106055564946434,2.7169147674867284,5.50561797752809,4,0.0,0.0,0.0
1.0,-6.0,0.0,4.0,37.228538308265,686.6706131529609,199.97203120345702,1.0,0.8313542402113607,0.9220220487351012,33.57303370786517,6.8542272915089555,27.911083929792653,5.6982909221684,8.426966292134832,5,0.0,0.0,0.0
1.0,-5.0,-5.0,2.0,-3.4756521419261617,773.6094384763433,334.1597977751465,1.0,1.1070673413206529,0.8248135485053519,35.727272727272734,6.352181248324881,39.5524968308197,7.032292406169932,2.272727272727273,4,0.0,0.0,0.0
1.0,-5.0,-5.0,3.0,-0.3874989378062139,780.7970017634269,352.6780095567225,1.0,1.1296732109970669,0.8158054029235176,14.835164835164834,4.99701202834733,16.75888829501143,5.644990623454094,6.164835164835164,4,0.0,0.0,0.0
1.0,-5.0,-5.0,4.0,2.7785744385971327,789.8028206881261,371.2774762879027,1.0,1.156987884514142,0.803647783896907,39.72727272727273,7.408406967874598,45.96397323024364,8.57143710538106,9.272727272727273,5,0.0,0.0,0.0
1.0,-5.0,-4.0,1.0,-4.129134824476921,717.5261445817038,292.3472947136642,1.0,0.9354209767618561,0.9133472615808523,27.318181818181817,6.288024824883177,25.554000319721613,5.881950323595021,7.681818181818182,4,0.0,0.0,0.0
1.0,-5.0,-4.0,2.0,-0.9525670439623184,724.1964631143799,310.58027554159816,1.0,0.9571927991131309,0.9060142215664365,3.4418604651162785,3.3399777836771616,3.2945240527614734,3.1970026837336136,4.558139534883721,4,0.0,0.0,0.0
1.0,-5.0,-4.0,3.0,2.2924216394749806,732.5399855471508,328.6154672122441,1.0,0.983701210207996,0.8941127108072877,193.65168539325842,14.46844312578343,190.4953972801664,14.23262501265872,9.348314606741573,5,0.0,0.0,0.0
1.0,-5.0,-4.0,4.0,5.587931860241895,742.5618738212414,346.5893120670846,1.0,1.01494767265629,0.8781762671118188,37.6,7.349074015744357,38.16203249187651,7.45892556845855,10.399999999999999,4,0.0,0.0,0.0
1.0,-5.0,-4.0,5.0,8.918586421444616,754.2853436263877,364.6445018037897,1.0,1.0509103888732034,0.8588620332256099,96.58139534883722,10.147593607860271,101.49839174396313,10.66421154456367,3.4186046511627906,5,-0.4869897169227215,0.9361279215428908,-0.08058756987987259
1.0,-5.0,-4.0,6.0,12.271701071127552,767.757267370082,382.935602141007,1.0,1.0915351720746098,0.8368836661866454,16.292134831460675,5.3366739054096435,17.78343819672117,5.8251672696473955,7.7078651685393265,5,0.0,0.0,0.0
1.0,-5.0,-4.0,7.0,15.637309837805503,783.0549234865578,401.6354206551887,1.0,1.1367196719130497,0.8129509489922949,24.965517241379313,6.010296357649732,28.378794567760277,6.832022103767801,7.0344827586206895,4,0.0,0.0,0.0
1.0,-5.0,-3.0,0.0,-3.323604786751247,666.880039741943,250.1055441605674,1.0,0.7822669993453314,1.0016899470532095,104.02325581395348,10.832220380766879,81.3739601877132,8.473688533509849,7.976744186046512,5,0.0,0.0,0.0
1.0,-5.0,-3.0,1.0,-0.06747434873997804,673.7087065912673,268.81710462088637,1.0,0.8039814182943061,0.9985260089052556,59.793103448275865,8.547820299165465,48.072544114562994,6.872288687447911,8.206896551724137,4,0.0,0.0,0.0
1.0,-5.0,-3.0,2.0,3.241337873115043,682.1223012601967,287.0714674672545,1.0,0.8302644305530515,0.9889631026243029,49.620689655172406,8.010917045781191,41.19829364020141,6.651179479223255,9.379310344827587,5,0.0,0.0,0.0
1.0,-5.0,-3.0,3.0,6.581812098217824,692.0903784230488,304.99700099360496,1.0,0.8611342474958582,0.9735390087699524,82.98837209302324,9.628889681339324,71.46412935323185,8.291766669960772,6.011627906976744,4,0.0,0.0,0.0
1.0,-5.0,-3.0,4.0,9.936695277376941,703.5957807332393,322.72147461578714,1.0,0.8966036911594909,0.9530649921970137,84.1046511627907,9.926145065836828,75.40854067623951,8.899818305013868,8.895348837209301,4,0.0,0.0,0.0
1.0,-5.0,-3.0,5.0,13.292488366862528,716.6397738761096,340.37674525006594,1.0,0.9366796714409636,0.9285162730098396,80.13953488372094,9.951559256655393,75.06507320431538,9.321423254849254,11.86046511627907,5,-0.23164630409314668,0.8797362314155066,-0.042488366862530214
1.0,-5.0,-3.0,6.0,16.639235675276865,731.247378059337,358.1034069715517,1.0,0.9813571734079576,0.9009197159000006,43.26966292134831,7.248434524445248,42.46299409880949,7.113303216542241,5.730337078651685,4,0.0,0.0,0.0
1.0,-5.0,-3.0,7.0,19.97019132994103,747.4731775354139,376.05585370301196,1.0,1.0306067189382522,0.8712598802676726,124.53846153846155,11.61700447186831,128.35017522777156,11.972562862643201,6.461538461538462,4,0.22579898475464688,0.975882772433124,0.08259528741512412
1.0,-5.0,-3.0,8.0,23.28142951263885,765.408098789236,394.4082764681949,1.0,1.0843539880651243,0.8404143707260392,155.77272727272725,13.17703675037226,168.91277804996275,14.288572351146865,11.227272727272727,5,0.0,0.0,0.0
1.0,-5.0,-3.0,9.0,26.571450383365573,785.1878895000815,413.3622534210156,1.0,1.1424499283887035,0.8091195550741839,-2.8888888888888893,3.3073057924749367,-3.300410904234033,3.778431265772536,8.88888888888889,4,0.0,0.0,0.0
1.0,-5.0,-2.0,-2.0,-3.569241883328232,612.8186656059792,184.05402284172354,1.0,0.625051183976472,1.0638671411144027,325.632183908046,18.66820247348317,203.53678209256842,11.668582058763159,14.367816091954024,5,-0.46094254467686824,0.27787206879810356,-0.10511399939800281
1.0,-5.0,-2.0,-1.0,-0.35383895391683495,619.0664288435587,204.98252296488943,1.0,0.6440776943183678,1.0761138935543009,70.27586206896552,9.244957419047996,45.26311520761495,5.954470858531922,9.724137931034484,4,0.0,0.0,0.0
1.0,-5.0,-2.0,0.0,2.9172326212891733,626.8658486376839,225.0027672191093,1.0,0.6673186179664847,1.0803959103713054,295.314606741573,17.71517487297838,197.06893523610245,11.82166601327053,11.685393258426966,4,-0.3332443719591538,0.37150258118958845,-0.05257428682374732
1.0,-5.0,-2.0,1.0,6.216295391271302,636.1497834372358,244.26630202462215,1.0,0.6947898053427308,1.0764247765359003,47.40909090909091,8.106630537879838,32.9393530442031,5.6324042533989696,11.59090909090909,5,0.0,0.0,0.0
1.0,-5.0,-2.0,2.0,9.521251320274729,646.8570476258606,262.91178833792344,1.0,0.7265010245773579,1.0644681683556572,292.41176470588243,17.584890494467746,212.43744665729687,12.775440961311459,10.588235294117647,4,-0.13825589295129248,0.4169874967346914,-0.023492973692853525
1.0,-5.0,-2.0,3.0,12.815384514835074,658.9387895376233,281.0709992764957,1.0,0.7624671294794827,1.045301416076417,45.38202247191011,7.959451112505949,34.60230040413068,6.068819841984686,11.617977528089886,5,0.0,0.0,0.0
1.0,-5.0,-2.0,4.0,16.086850138048675,672.3638879749367,298.87357927688845,1.0,0.8027138138759824,1.0200748878247172,230.0,15.68063624159353,184.62417719147595,12.587063321491494,10.0,4,-0.08517876274993341,0.6587805572560796,0.024696643995671508
1.0,-5.0,-2.0,5.0,19.32799971389727,687.123551228086,316.45112370869595,1.0,0.8472777881262676,0.9901389447262988,69.62790697674419,9.527563838040626,58.99417901511733,8.072493214926874,13.372093023255815,5,0.0,0.0,0.0
1.0,-5.0,-2.0,6.0,22.534663512704384,703.2355046681403,333.94106968834086,1.0,0.8962011510025865,0.9568733600681761,20.53932584269663,6.082407404836036,18.40736746104189,5.45106051708071,10.460674157303371,4,0.0,0.0,0.0
1.0,-5.0,-2.0,7.0,25.70547202681786,720.7482841038525,351.49085127703745,1.0,0.9495194593478015,0.921554966156529,16.790697674418603,6.008197032774504,15.943094177886339,5.704899998215112,12.209302325581396,5,0.0,0.0,0.0
1.0,-5.0,-2.0,8.0,28.84126311038017,739.7462535383831,369.262779547485,1.0,1.007242562942037,0.8852768874748694,55.066666666666656,8.161299823852497,55.465490466008156,8.220408551515584,6.9333333333333345,5,0.0,0.0,0.0
1.0,-5.0,-2.0,9.0,31.94459466544862,760.3560885067939,387.4401781241093,1.0,1.069326734015206,0.8489156770969519,29.86363636363636,6.080703797890994,31.93398473854501,6.502259132712635,4.136363636363636,4,0.0,0.0,0.0
1.0,-5.0,-2.0,10.0,35.019365566181534,782.7556667574745,406.23546381352924,1.0,1.135636058236669,0.8131337125382267,106.75555555555555,11.015499742086204,121.23545830597682,12.50959870660982,9.244444444444444,4,0.0,0.0,0.0
1.0,-5.0,-1.0,-6.0,-5.412922348999388,544.4545420474725,47.336464206229266,1.0,0.43877214885216964,0.9945017732215694,550.3023255813954,23.98179632334779,241.45733391369515,10.52254430613037,15.697674418604652,4,-0.5555269671667702,0.11586322848404507,-0.18756193724034365
1.0,-5.0,-1.0,-5.0,-2.7240803052908973,549.0584183458338,77.18711047486664,1.0,0.4530412045391333,1.0322772655277486,32.98863636363637,6.465861958607575,14.945211554285274,2.9293018901113355,5.011363636363637,5,0.0,0.0,0.0
1.0,-5.0,-1.0,-4.0,0.12536836334399482,555.0837092227819,104.68804880366321,1.0,0.470357160613701,1.06663417227204,241.54545454545453,16.018326281465992,113.61263415914577,7.534334467534167,9.454545454545453,4,-0.577962096345118,-0.055499998700611286,-0.12121766091743033
1.0,-5.0,-1.0,-3.0,3.083306814380279,562.5236226583658,130.2291570881371,1.0,0.49097072905074846,1.0958996120205056,443.8045977011495,21.407585430516367,217.89506688940747,10.5104978260368,9.195402298850574,4,-0.5307989012250118,0.18933117965005408,-0.11140983123500803
1.0,-5.0,-1.0,-2.0,6.106314720472966,571.330501543198,154.11554775594078,1.0,0.5150158339805705,1.118391196738754,1124.3977272727273,34.06022672299008,579.0826332372217,17.54155607130805,22.602272727272727,4,-0.48124846378868824,0.15603431796506584,-0.09961864289805522
1.0,-5.0,-1.0,-1.0,9.15995919868206,581.4353999203166,176.59506659791958,1.0,0.5425575203277949,1.1326400104714718,266.0681818181818,16.875409392034324,144.35729296539762,9.155880274258525,11.931818181818182,4,-0.4116381109836311,0.02789360820696629,-0.0871707646711819
1.0,-5.0,-1.0,0.0,12.218317854695357,592.7635119516416,197.87690211515064,1.0,0.5736287582441291,1.1376309842913084,616.7,25.311459855172323,353.7568552091544,14.519381286068622,15.299999999999999,5,-0.43021997608411766,0.24605455223979789,-0.06608763663648354
1.0,-5.0,-1.0,1.0,15.262970114794541,605.2455966565404,218.14419896148843,1.0,0.6082567738963126,1.132992432710173,215.7444444444444,15.184620224359406,131.22801976383,9.236148110509555,9.255555555555556,5,-0.2302007621123039,0.1277951734089413,-0.012970114794541132
1.0,-5.0,-1.0,2.0,18.281736829753527,618.8259134890466,237.5627135819881,1.0,0.6464800854727879,1.1190700743048785,858.0786516853932,29.902085298754468,554.7307600839476,19.331102659753384,22.92134831460674,5,-0.11955365468645596,0.229638959267362,-0.009775108251229625
1.0,-5.0,-1.0,3.0,21.267396023993456,633.4674668683339,256.2869690745403,1.0,0.6883577268455411,1.0968581029192475,348.5581395348837,19.394344963145475,239.9326886037435,13.350247212489089,17.441860465116278,5,-0.18331559082321291,0.3534306218927554,-0.017396023993455856
1.0,-5.0,-1.0,4.0,24.216518749204255,649.1554514778048,274.4649420989398,1.0,0.7339720510165438,1.0678128928188075,184.27586206896552,14.12335787551992,135.25333243560036,10.366149947136012,9.72413793103448,5,-0.13995978494438077,0.4504148835478645,0.033481250795745154
1.0,-5.0,-1.0,5.0,27.12849300185505,665.8997411020426,292.24201038082776,1.0,0.783426106026159,1.033613204068788,10.696629213483146,4.7274938745115,8.380018572324756,3.7036421173710634,7.303370786516854,4,0.0,0.0,0.0
1.0,-5.0,-1.0,6.0,30.00475069455564,683.737155608003,309.7646885108232,1.0,0.8368360033341201,0.99593558222228,305.5681818181818,17.952742861180557,255.710456018801,15.023501584835493,10.431818181818182,4,-0.05060923676785478,0.6210750555825371,0.037374819574647944
1.0,-5.0,-1.0,7.0,32.8481827212637,702.7341421731144,327.1845685701626,1.0,0.8943180532776132,0.9562903104986556,112.30681818181819,11.252965403479246,100.4380150061665,10.06373011323989,8.693181818181818,5,0.0,0.0,0.0
1.0,-5.0,-1.0,8.0,35.66271423127364,722.9904618914406,344.66284936335524,1.0,0.9559697746457095,0.9159313517611686,73.46666666666667,9.315506785283702,70.2319127773048,8.905342922238239,8.533333333333333,5,0.0,0.0,0.0
1.0,-5.0,0.0,-5.0,15.34012514217332,488.22682564752097,30.88097333586444,1.0,0.3127500098276047,1.0481380079129592,650.5555555555554,26.092191727331045,203.4612563934028,8.16033321914653,19.444444444444443,5,-0.5850349869638762,-0.06704139950034005,-0.1530273714890793
1.0,-5.0,0.0,-4.0,16.9793403137067,503.74148132839116,63.574642192562465,1.0,0.34878741392642226,1.0841549294612833,1353.0919540229886,37.33084365459832,471.9414434483277,13.020528417978937,25.908045977011497,5,-0.5202077482608161,0.014548911949397336,-0.1593001557746625
1.0,-5.0,0.0,-3.0,18.844492124628573,519.0255559933003,93.13109204765215,1.0,0.3852225786206534,1.11492388349837,151.0689655172414,12.923190264450074,58.1951764461063,4.978304677676781,9.931034482758621,5,0.0,0.0,0.0
1.0,-5.0,0.0,-2.0,20.861868944412407,534.3826509490084,120.15144461288986,1.0,0.4227503675350161,1.1386278678714705,381.4827586206897,20.065222623678324,161.2719764151684,8.48258023883193,13.517241379310345,5,-0.507252557750121,-0.030030134213276938,-0.10223167016745194
1.0,-5.0,0.0,-1.0,22.982496323520536,549.9883838459807,145.08713806107883,1.0,0.46184136775379914,1.153669456485196,635.5348837209302,25.53594270689241,293.5162999529261,11.793554706633843,10.465116279069768,4,-0.4727020122013528,0.08134728652945,-0.05996183721211423
1.0,-5.0,0.0,0.0,25.173151538416562,565.9523469289695,168.29368539631938,1.0,0.5028464219440326,1.1589395335115573,-7.433333333333334,3.234493873434289,-3.737825069783976,1.6264536710563269,11.433333333333334,5,0.0,0.0,0.0
1.0,-5.0,0.0,1.0,27.411142780469277,582.3515515906537,190.06215265223355,1.0,0.5460543522752838,1.1540312232966,533.5517241379309,23.738292689945744,291.3482411294988,12.962398038929427,19.448275862068964,5,-0.3159561406807825,0.0036215488033519705,-0.06956187820199844
1.0,-5.0,0.0,2.0,29.681035334637954,599.2494959259143,210.63892355323728,1.0,0.5917245638279948,1.1393237789138633,266.08988764044943,16.776654293291212,157.45192270308507,9.927158444190798,9.910112359550562,4,-0.40345444183606105,0.2751868762105971,-0.038105156431704756
1.0,-5.0,0.0,3.0,31.972497471562036,616.7076168700617,230.23894112579862,1.0,0.6401049788535665,1.115904298082562,83.31460674157303,10.090957376790595,53.33009458650782,6.459272058282785,11.685393258426966,4,0.0,0.0,0.0
1.0,-5.0,0.0,4.0,34.27884075178977,634.7926758509627,249.05519332101397,1.0,0.6914406370915981,1.0853572944962415,682.9767441860465,26.673556888820357,472.2378751187454,18.443181168704932,18.02325581395349,5,-0.04748381127240009,0.3274924474235661,-0.03555796010684986
1.0,-5.0,0.0,5.0,36.59601352886472,653.5820846957628,267.2660247194443,1.0,0.7459756264971839,1.0494964758459737,316.4782608695652,18.544637814808343,236.0850689249131,13.83384781206502,17.52173913043478,4,-0.006162987139532561,0.3033111579484853,0.03430283723363914
1.0,-4.0,-5.0,3.0,-6.031133698757088,732.0282381242049,394.72822445743793,1.0,0.9839442744602024,0.9000447620616644,25.292134831460675,6.122098363525387,24.886051256291186,6.023803632472979,7.707865168539326,4,0.0,0.0,0.0
1.0,-4.0,-5.0,4.0,-2.385342265958201,739.6925803340164,412.937144134689,1.0,1.0064377437696215,0.883780901628468,20.200000000000003,5.554577691718186,20.330042424146356,5.5903366396459235,6.8,4,0.0,0.0,0.0
1.0,-4.0,-5.0,5.0,1.3243856703511767,749.1606473088549,431.5252552060729,1.0,1.0337307771637467,0.8640897997165421,9.954022988505747,4.7821065170198995,10.289779919813846,4.943410686318798,8.045977011494253,5,0.0,0.0,0.0
1.0,-4.0,-5.0,6.0,5.079427956556685,760.4763997870523,450.6630386155632,1.0,1.0657112640758775,0.8417060679670255,27.643678160919542,6.766659930605489,29.46017919658029,7.211305708217165,11.356321839080458,4,0.0,0.0,0.0
1.0,-4.0,-5.0,7.0,8.864010540328223,773.710619008972,470.5486625565085,1.0,1.1022118034525268,0.8173582215547915,6.620689655172413,4.636616914199066,7.297402284927073,5.110533890917842,9.379310344827585,4,0.0,0.0,0.0
1.0,-4.0,-5.0,8.0,12.66545124456158,788.9699040109668,491.4180701494598,1.0,1.1429865033747493,0.7917211108485527,50.3448275862069,8.57851753737906,57.54345844576324,9.805129764187857,14.655172413793103,5,0.0,0.0,0.0
1.0,-4.0,-4.0,3.0,-3.5223795951588954,684.7178695816862,370.2389600855558,1.0,0.8421612937081365,1.0087002957136244,135.48314606741573,12.334694106551005,114.09866156778327,10.387801946267121,10.516853932584269,4,0.0,0.0,0.0
1.0,-4.0,-4.0,4.0,0.3553898628653087,693.599202195698,387.78982782544387,1.0,0.8686222862582199,0.9859598925849717,55.647727272727266,8.285571634718366,48.336856088710256,7.197032176305323,8.352272727272728,4,0.0,0.0,0.0
1.0,-4.0,-4.0,5.0,4.254360387793042,704.178255869331,405.55193327042286,1.0,0.8999401381274935,0.9588357311751516,95.69767441860465,10.507536763028368,86.12217833475897,9.456154085899465,9.30232558139535,5,0.0,0.0,0.0
1.0,-4.0,-4.0,6.0,8.155209007425128,716.4633236410137,423.66905667632767,1.0,0.9360461371693564,0.9285192192818462,63.18181818181818,9.069114784542458,59.141096848427516,8.489109861616468,11.81818181818182,5,0.0,0.0,0.0
1.0,-4.0,-4.0,7.0,12.04309232062306,730.4871999327413,442.30639796975447,1.0,0.9768435919221493,0.8961330244102074,38.32558139534884,7.338231970892326,37.43809859273726,7.168304876804413,9.674418604651162,4,0.0,0.0,0.0
1.0,-4.0,-4.0,8.0,15.90747593940705,746.3149848100858,461.65790510871034,1.0,1.0221904983989705,0.8626583701337989,0.3529411764705883,3.535289223839228,0.36077311708198967,3.61373905370073,7.647058823529411,4,0.0,0.0,0.0
1.0,-4.0,-4.0,9.0,19.74178845009598,764.0533707435296,481.9558127875729,1.0,1.0718729797656792,0.8289006568432369,2.6279069767441863,3.167733825289831,2.8167824817098084,3.3954082944179445,4.372093023255814,5,0.0,0.0,0.0
1.0,-4.0,-4.0,10.0,23.542989308883392,783.8623957216734,503.4835943273995,1.0,1.125567437162683,0.7954849652134333,16.941176470588236,5.328645575361535,19.068436582520746,5.997749943807953,7.0588235294117645,4,0.0,0.0,0.0
1.0,-4.0,-3.0,2.0,-3.2432830337902487,635.283760909041,329.2905626736431,1.0,0.6975562455061662,1.1513403722982776,27.09090909090909,7.213823965023481,18.89743283280341,5.032047960784185,15.90909090909091,5,0.0,0.0,0.0
1.0,-4.0,-3.0,3.0,0.8194885666521827,644.2885802809482,346.59551728954295,1.0,0.7236844057350469,1.1271688781688376,107.93103448275862,11.412594999103197,78.10800655002403,8.259117029820764,14.068965517241379,5,0.0,0.0,0.0
1.0,-4.0,-3.0,4.0,4.865760307435551,654.915339261116,363.8452711335032,1.0,0.7546186064340431,1.095696099900428,38.741573033707866,7.179608234240367,29.23511185375933,5.417865960464846,8.258426966292134,4,0.0,0.0,0.0
1.0,-4.0,-3.0,5.0,8.874186719429332,667.1187229561563,381.15508662118293,1.0,0.7903012056188798,1.0588196633281766,358.52272727272725,19.605154597117043,283.3409436054052,15.493977314446123,16.47727272727273,4,0.07145007681799598,0.7414200716019081,0.03382829852691849
1.0,-4.0,-3.0,6.0,12.8300057660868,680.8748152271688,398.653391436808,1.0,0.8306792189260664,1.0184079035894105,105.25842696629213,10.992651020914733,87.43598789774596,9.131366763980278,9.741573033707864,5,0.0,0.0,0.0
1.0,-4.0,-3.0,7.0,16.724260606327675,696.1874913799107,416.4862149334856,1.0,0.8756976727208784,0.9761161405298163,69.88372093023256,9.68444806599158,61.19701177967999,8.480648632975038,15.116279069767444,5,0.0,0.0,0.0
1.0,-4.0,-3.0,8.0,20.55286728944941,713.0947650693413,434.8225877377794,1.0,0.925285293772604,0.9332930137092099,75.3820224719101,9.187075061648297,69.74987680809438,8.50066544732821,5.617977528089888,4,0.0,0.0,0.0
1.0,-4.0,-3.0,9.0,24.31568107376512,731.6758100463776,453.8615752500302,1.0,0.979331234900971,0.8909606657395531,83.1,10.099515939995452,81.38242562027068,9.890771417417787,11.899999999999999,5,0.0,0.0,0.0
1.0,-4.0,-3.0,10.0,28.015657322317736,752.0596427097502,473.84183254823176,1.0,1.0376511052389983,0.8498420280236941,21.93103448275862,5.514244157149118,22.756762170069063,5.721861544223471,5.068965517241379,4,0.0,0.0,0.0
1.0,-4.0,-3.0,11.0,31.658156130308186,774.4368006003065,495.0549479137009,1.0,1.0999400880798094,0.810410621791065,24.147727272727273,6.348304989496757,26.56105326329085,6.982755149304556,9.852272727272727,5,0.0,0.0,0.0
1.0,-4.0,-2.0,0.0,-5.108765454469619,581.1880059643507,269.6008345962808,1.0,0.547858928101016,1.3034387849672981,120.63636363636364,11.766758753805057,66.09170887182256,6.446523838082885,11.363636363636365,4,0.0,0.0,0.0
1.0,-4.0,-2.0,1.0,-0.8486700774276414,589.4002507671388,287.77849178925885,1.0,0.5701731370327631,1.296431622868793,211.2528735632184,15.39634041550087,120.4507136267259,8.778579713530446,16.74712643678161,5,-0.40344869280863804,0.3436343991594981,0.02312988728070975
1.0,-4.0,-2.0,2.0,3.364144251119882,599.2862056707702,305.5508278115564,1.0,0.5972215723407844,1.2756492449448122,264.3932584269663,16.954415815041806,157.90135751405617,10.125542871178729,14.606741573033707,5,-0.18363964435968683,0.27757855098860773,-0.02560883695421534
1.0,-4.0,-2.0,3.0,7.501055783402819,610.7269980979958,323.0148889687994,1.0,0.6288780452939841,1.2429981982171747,268.00000000000006,16.990639134000173,168.53931613878777,10.685039926885498,13.0,4,-0.08202076896282051,0.4869574295552752,0.08288522533835962
1.0,-4.0,-2.0,4.0,11.544180313050276,623.6227371909899,340.2738552515592,1.0,0.6650427043922373,1.2011603613595259,14.465116279069768,6.119682491047922,9.619920049580736,4.0698501938683345,14.534883720930232,4,0.0,0.0,0.0
1.0,-4.0,-2.0,5.0,15.484490322440138,637.8998530162669,357.43984756161393,1.0,0.7056486369516601,1.153056273857774,96.67816091954023,10.338165159819878,68.22081247586682,7.295112153608039,6.321839080459769,4,0.0,0.0,0.0
1.0,-4.0,-2.0,6.0,19.3197831623786,653.5161485481618,374.6365673560576,1.0,0.7506606659239641,1.1014030769736531,175.35164835164835,13.855242961320025,131.62958512251313,10.400585907882807,10.648351648351648,4,0.15995320748140784,0.5809174164255069,0.10622901963501619
1.0,-4.0,-2.0,7.0,23.052822063751847,670.4644981268118,392.0023230480753,1.0,0.8000668163190483,1.048453185703963,136.02325581395348,12.197484424440889,108.82769322442124,9.758802530563601,7.976744186046512,4,0.0,0.0,0.0
1.0,-4.0,-2.0,8.0,26.689802206865807,688.7762148028532,409.69395488938574,1.0,0.853862543518019,0.9959063307940074,149.39325842696627,13.135230335827982,127.56130762489416,11.215681184245124,14.606741573033707,5,0.0,0.0,0.0
1.0,-4.0,-2.0,9.0,30.23917698484709,708.5250933847318,427.89219273952295,1.0,0.9120271143240971,0.9449397401174341,46.11627906976745,7.857884535804925,42.05929692336476,7.166603757882113,9.88372093023256,5,0.0,0.0,0.0
1.0,-4.0,-2.0,10.0,33.710815712799445,729.8331483911869,446.80910347525247,1.0,0.9744907021596368,0.8962966513841502,140.2758620689655,12.604474225896773,136.69752332363456,12.282942938747192,11.724137931034482,5,0.0,0.0,0.0
1.0,-4.0,-2.0,11.0,37.11543837609497,752.8792050259494,466.69854661902235,1.0,1.041089939757513,0.850389918768714,39.35164835164835,7.481160171872279,40.96860521177642,7.788560592650817,10.648351648351646,4,0.0,0.0,0.0
1.0,-4.0,-1.0,-2.0,-3.7547198139833995,526.8848337253712,203.21729907777095,1.0,0.4099838640593512,1.3718927823457203,82.49999999999999,10.116700250918882,33.82366878489647,4.147683860401932,12.5,5,0.0,0.0,0.0
1.0,-4.0,-1.0,-1.0,0.660889785139517,535.3566792187243,223.7974359837798,1.0,0.4310055010068221,1.3983860456700077,792.25,28.502442080380664,341.4641081726548,12.284709328772397,12.75,4,-0.5702517806673768,0.026657754777488663,-0.0458342499265304
1.0,-4.0,-1.0,0.0,4.964607187364294,545.6085170557766,243.55919668741953,1.0,0.4566654876628154,1.4077457757170146,893.0689655172413,30.408612429198463,407.83377465445705,13.886563824129466,19.93103448275862,4,-0.5574564529075587,0.06107167565002669,-0.06302628874823757
1.0,-4.0,-1.0,1.0,9.126395281933867,557.4272993045251,262.60443138307903,1.0,0.4866979003113099,1.3989204868521827,697.0795454545455,26.809534911857064,339.2671511226896,13.048144349923591,13.920454545454545,4,-0.5042505112955951,0.22134439792608873,-0.007886244215761451
1.0,-4.0,-1.0,2.0,13.133432659419498,570.6276348183137,281.0378619474262,1.0,0.5208835625389938,1.3729025921121605,62.50574712643678,8.978078438957349,32.558216242379864,4.676533482038632,11.494252873563218,4,0.0,0.0,0.0
1.0,-4.0,-1.0,3.0,16.985084422708326,585.0619261946299,298.9694215244532,1.0,0.5590677794604418,1.3324353839275742,48.06976744186047,8.060614070202758,26.87425814290078,4.50642960931585,10.930232558139535,4,0.0,0.0,0.0
1.0,-4.0,-1.0,4.0,20.688524498114788,600.6241012693571,316.51528995559823,1.0,0.6011644952352483,1.2812742191321758,231.77777777777777,15.844148353162975,139.33657078452532,9.52493944716161,12.222222222222223,5,-0.2549768453939123,0.30489437619905857,0.061475501885212225
1.0,-4.0,-1.0,5.0,24.25542129618549,617.2496847861869,333.79870485259727,1.0,0.6471512645925784,1.2233550666289907,144.73033707865167,12.812836993391228,93.66242066535958,8.291843663291704,12.269662921348313,5,0.0,0.0,0.0
1.0,-4.0,-1.0,6.0,27.69966053411406,634.9144265904629,350.95120472644544,1.0,0.6970582013982988,1.1621696478078198,232.35227272727275,16.033358014304927,161.96305731807973,11.17618369982639,15.647727272727272,5,0.02898058763514655,0.4844148923994567,0.05033946588594418
1.0,-4.0,-1.0,7.0,31.035900800417778,653.6330109771436,368.11469416199634,1.0,0.7509524776007354,1.1004547401504838,111.93333333333334,11.231107593544715,84.05661399277565,8.434028073572836,9.066666666666666,4,0.0,0.0,0.0
1.0,-4.0,-1.0,8.0,34.2787297427285,673.4588375218673,385.44461333682943,1.0,0.8089185157198817,1.0401438881624847,82.59574468085106,9.859125417923119,66.81322719201235,7.975229099362528,9.404255319148936,5,0.0,0.0,0.0
1.0,-4.0,-1.0,9.0,37.44222475858072,694.4855682172972,403.11451416520157,1.0,0.8710328552168877,0.9824710184895126,4.069767441860465,3.710791419408516,3.54490115495245,3.232221245161727,5.930232558139535,4,0.0,0.0,0.0
1.0,-4.0,0.0,-6.0,-2.940771401502161,444.55021125214677,64.29385123984736,1.0,0.22464421606522847,1.1829697001036974,292.98850574712645,17.546000466832457,65.81817318968591,3.94160751995171,9.011494252873563,5,-0.6977626957581151,-0.2633838606800225,-0.22887287988242955
1.0,-4.0,0.0,-5.0,1.3477666540649977,452.4673825451299,93.92724250928995,1.0,0.24182465602522812,1.248060190994747,16.290697674418603,5.401544157562779,3.9394923615272623,1.3062265579076997,7.709302325581396,5,0.0,0.0,0.0
1.0,-4.0,0.0,-4.0,5.495013835873522,462.5906517449124,121.53837589730301,1.0,0.26375712753156494,1.3101725098911992,1112.7674418604652,33.784438992082364,293.50034407576396,8.910886583817044,18.232558139534884,5,-0.7813766329985015,-0.1195625775825988,-0.17323185205195557
1.0,-4.0,0.0,-3.0,9.447070388728264,474.5470457430345,147.33703163938003,1.0,0.2899632709092845,1.3655142282251855,45.02298850574713,7.387317959871708,13.055013013237556,2.1420508788913026,5.9770114942528725,4,0.0,0.0,0.0
1.0,-4.0,0.0,-2.0,13.190724561350919,487.97589237405947,171.50974112848522,1.0,0.31995635299732256,1.409708986593956,424.4117647058824,21.00543676533345,135.7932404044519,6.720822940551966,10.588235294117645,4,-0.7178232441429486,-0.05253016305019287,-0.12277462094567504
1.0,-4.0,0.0,-1.0,16.735766406844306,502.57690573084716,194.23644735311493,1.0,0.3533371016949025,1.438490655705735,135.95348837209303,12.386379232097703,48.037411546706984,4.376567338363334,11.046511627906977,5,0.0,0.0,0.0
1.0,-4.0,0.0,0.0,20.102411305739537,518.1230843114867,215.6941388420226,1.0,0.38982562054914954,1.448674416889447,690.2272727272726,26.715713332100552,269.06827491085613,10.414469528099286,14.772727272727273,4,-0.6163416714106233,-0.06174160962538622,-0.04252119584942804
1.0,-4.0,0.0,1.0,23.313994698164578,534.456034016969,236.05598308836832,1.0,0.4292594501236596,1.439051762421052,98.93103448275862,11.011236289061975,42.46708146223377,4.72667723462443,14.068965517241377,5,0.0,0.0,0.0
1.0,-4.0,0.0,2.0,26.393337052164156,551.4754053873808,255.48999792835627,1.0,0.4715782724901052,1.410765747676743,256.5393258426966,16.57007400728778,120.97837210667507,7.8140868753899655,11.46067415730337,4,-0.35301732767925387,0.1652259522407462,-0.043088295945249655
1.0,-4.0,0.0,3.0,29.36123240336866,569.1281962831938,274.15862824066744,1.0,0.5168055977734316,1.3669555714846575,21.114942528735636,5.782820192636746,10.912320495514873,2.9885938464719044,7.885057471264368,4,0.0,0.0,0.0
1.0,-4.0,0.0,4.0,32.23602781567527,587.4000968770971,292.2194408601532,1.0,0.5650313773868928,1.3118705948074674,511.70454545454544,23.41444113616655,289.1291241333157,13.229893925912508,23.295454545454547,5,-0.26449575873732556,0.3491363377343646,-0.025481062025072276
1.0,-4.0,0.0,5.0,35.033706827828155,606.3093852563801,309.8267998860107,1.0,0.6163962586873578,1.2498954780950475,-3.606741573033708,4.027913587416378,-2.2231820116701333,2.482790865599429,12.606741573033709,4,0.0,0.0,0.0
1.0,-4.0,0.0,6.0,37.76817364816554,625.9032701161292,327.13436587194644,1.0,0.6710767392540773,1.1848454476430854,100.29545454545455,11.238389325348146,67.30594659836916,7.541821662922463,16.704545454545453,5,0.0,0.0,0.0
1.0,-3.0,-6.0,5.0,-4.542815984925227,756.9765501039132,501.7201879617225,1.0,1.0474449385991689,0.8338198179185439,8.842696629213483,4.465482931428857,9.262237827837595,4.677347494926136,7.157303370786517,4,0.0,0.0,0.0
1.0,-3.0,-6.0,6.0,-0.4892770544173288,766.2021203034008,522.797728798896,1.0,1.0698503217312838,0.8136427141912508,14.681818181818182,4.838174643840125,15.707347905418393,5.176122699304497,5.3181818181818175,4,0.0,0.0,0.0
1.0,-3.0,-6.0,7.0,3.629625782541865,777.450071495204,545.0829391074573,1.0,1.0964031205020555,0.7915777969317446,40.804597701149426,7.435369120955372,44.73828825037123,8.152161906300094,9.195402298850574,4,0.0,0.0,0.0
1.0,-3.0,-5.0,5.0,-3.1597490531731296,704.0762768414114,471.7294618595919,1.0,0.8952679136823833,0.9403581515390242,59.53333333333334,8.891818961519878,53.298283127891224,7.960560210521358,12.466666666666665,5,0.0,0.0,0.0
1.0,-3.0,-5.0,6.0,1.1687526163298116,713.9632528194901,491.140839196532,1.0,0.9221954965602854,0.9116942113738706,51.55172413793103,8.061821345288903,47.54076783991816,7.434575338699009,8.448275862068966,5,0.0,0.0,0.0
1.0,-3.0,-5.0,7.0,5.516624645468738,725.7132536381328,511.4302731788935,1.0,0.9536889838618265,0.8809660661101234,50.37931034482759,7.903625802904794,48.04619329041823,7.5376008607963865,7.620689655172413,4,0.0,0.0,0.0
1.0,-3.0,-5.0,8.0,9.864429479817943,739.3900526643655,532.8406541449729,1.0,0.9895131851348191,0.8490909916660102,16.314606741573034,4.507396886069545,16.143518481075926,4.46012864940144,1.6853932584269664,4,0.0,0.0,0.0
1.0,-3.0,-5.0,9.0,14.197685794977815,755.0956618332569,555.6711067545033,1.0,1.0293418913783532,0.8168318647338338,19.415730337078653,5.2584644193422765,19.98542458766061,5.412757711151553,4.584269662921348,5,0.0,0.0,0.0
1.0,-3.0,-5.0,10.0,18.506786804979612,772.9839375372457,580.2964796450541,1.0,1.0727202265410638,0.7847896623585608,29.011111111111113,6.228496836276484,31.120805683319087,6.6814345372208095,5.988888888888889,4,0.0,0.0,0.0
1.0,-3.0,-4.0,4.0,-4.827979040800926,649.8077088041441,427.2574441253661,1.0,0.7391954583472798,1.1041562024271339,170.1011235955056,13.911777686158311,125.73797802156707,10.283522883145253,14.89887640449438,5,0.0,0.0,0.0
1.0,-3.0,-4.0,5.0,-0.22311048111120613,659.2399415412771,445.0845476812456,1.0,0.7656805234918669,1.066423781606425,144.0909090909091,13.001509766113593,110.32760270314627,9.955002803902476,15.90909090909091,5,0.0,0.0,0.0
1.0,-3.0,-4.0,6.0,4.359310018694401,670.4175382085999,463.37953696166574,1.0,0.7970263419924668,1.0251470533898208,12.494382022471912,4.310541155692323,9.958351598827228,3.4356148493294323,3.5056179775280896,4,0.0,0.0,0.0
1.0,-3.0,-4.0,7.0,8.895318667158648,683.3304640739174,482.30774780156844,1.0,0.8330997719268809,0.9820262807219192,66.3529411764706,8.859924937390483,55.2786201607954,7.381201444629296,7.647058823529411,4,0.0,0.0,0.0
1.0,-3.0,-4.0,8.0,13.368465095265776,697.9959562917385,502.06738728659275,1.0,0.8737364115606093,0.9384383016299067,92.98837209302326,10.113625687843745,81.24732654942085,8.836643016363793,6.011627906976744,4,0.0,0.0,0.0
1.0,-3.0,-4.0,9.0,17.769106575284894,714.4678061715676,522.8992961100466,1.0,0.918720756494906,0.8954193868827622,30.209302325581394,7.101862582188555,27.753913085741463,6.5246285640311354,12.790697674418604,5,0.0,0.0,0.0
1.0,-3.0,-4.0,10.0,22.093470093099057,732.8469836318664,545.1003353597986,1.0,0.9677552837100046,0.85369636260309,3.9438202247191017,3.683847647941728,3.8166528604742886,3.5650630256782803,6.056179775280899,4,0.0,0.0,0.0
1.0,-3.0,-4.0,11.0,26.342670647333364,753.2949392481804,569.0423307256141,1.0,1.0204162486954576,0.8137400744105008,19.288888888888888,5.742808707579581,19.682695641503493,5.8600553183639645,8.711111111111112,5,0.0,0.0,0.0
1.0,-3.0,-4.0,12.0,30.521816226976227,776.0516545583542,595.1995757696549,1.0,1.0760938451470843,0.7758234020159269,20.842696629213485,5.6724747755750675,22.42869755896451,6.104115192748418,7.157303370786517,4,0.0,0.0,0.0
1.0,-3.0,-3.0,3.0,-5.088784123633417,600.5920321541155,385.9451164748779,1.0,0.6019520596049417,1.314613190113296,413.4946236559139,20.695768506747104,248.90394034524763,12.457860477743507,9.505376344086022,4,-0.16486266021388474,0.5717768378937649,0.04706488441663126
1.0,-3.0,-3.0,4.0,-0.1465066074489414,610.3058452199531,403.0652264415672,1.0,0.6284032532911024,1.2653696061056279,29.666666666666668,6.886379471262256,18.642629847636037,4.327423263138263,11.333333333333334,4,0.0,0.0,0.0
1.0,-3.0,-3.0,5.0,4.704975150132611,621.7281933872181,420.35392060507513,1.0,0.6597830539885141,1.2094591754024622,383.7,20.190839507063593,253.15875781539285,13.321573752562362,15.299999999999997,5,-0.04939275056972292,0.7838829581019127,-0.00285213324089284
1.0,-3.0,-3.0,6.0,9.440350282876807,634.7781653239609,437.93386383602876,1.0,0.6959507270619159,1.1502111601783984,-4.390804597701149,3.870236301092151,-3.0557836521569177,2.6934937676465025,12.39080459770115,4,0.0,0.0,0.0
1.0,-3.0,-3.0,7.0,14.045840829004135,649.4022923615511,455.9497768668357,1.0,0.7367773813918888,1.0902642709892534,407.10344827586204,20.683673273172335,299.94461257629786,15.23926263177331,12.89655172413793,5,0.01906742835251407,1.015109817338896,0.13150086927424276
1.0,-3.0,-3.0,8.0,18.51696381228885,665.5821656976166,474.5735169205667,1.0,0.782138135852839,1.0315077897130838,64.80898876404495,9.427388133214093,50.68958165841771,7.373519780473246,15.191011235955056,4,0.0,0.0,0.0
1.0,-3.0,-3.0,9.0,22.85627630524695,683.3412000341285,494.01091491289003,1.0,0.8318943737155967,0.9751681103572474,51.606741573033716,7.754714958681115,42.931357960401535,6.451103743894995,5.393258426966291,4,0.0,0.0,0.0
1.0,-3.0,-3.0,10.0,27.071397791071718,702.7517688041416,514.511355963582,1.0,0.8858651372960131,0.9219524232164856,7.860465116279071,4.579919488406016,6.963312009443081,4.057191006401482,8.13953488372093,4,0.0,0.0,0.0
1.0,-3.0,-3.0,11.0,31.173434428144446,723.9441803185522,536.381452691834,1.0,0.9437860919411326,0.8721943495479513,44.27586206896552,7.961240828484715,41.7869428293936,7.513708368517774,11.724137931034482,5,0.0,0.0,0.0
1.0,-3.0,-3.0,12.0,35.17582119441832,747.1193185895564,560.0048240354737,1.0,1.0052537946206839,0.8259763378961228,24.73563218390805,6.384440931571047,24.86558811521508,6.417983472993408,10.264367816091955,5,0.0,0.0,0.0
1.0,-3.0,-2.0,2.0,-3.1596093863536794,554.7678564015469,345.34296224830626,1.0,0.48161292180727433,1.5692856183595658,1067.3953488372092,33.12189657084831,514.0713926769831,15.951933383284594,18.6046511627907,5,-0.41300920781691275,0.32657994656347,-0.04505721017815301
1.0,-3.0,-2.0,3.0,2.1374200455601056,565.5578907201892,362.4734541844092,1.0,0.5092305190187781,1.5095804963110646,1084.5909090909092,33.60270121471814,552.3067915594121,17.111520980003846,28.40909090909091,5,-0.3597631196345219,0.42883430380163645,0.04857163266458242
1.0,-3.0,-2.0,4.0,7.227883015396856,578.0316760561947,379.5157624180285,1.0,0.5416992509555301,1.436299900478467,142.86206896551724,12.607323596647202,77.38827574857797,6.829377748857769,10.137931034482758,5,0.0,0.0,0.0
1.0,-3.0,-2.0,5.0,12.097187003029262,592.0258572475824,396.5689578414157,1.0,0.5787925755032278,1.3560331965868107,539.9080459770114,23.774950040715105,312.49476846594956,13.760764566526067,16.091954022988507,5,-0.1998966857808,0.5798285408475863,0.07803453036711616
1.0,-3.0,-2.0,6.0,16.746463170509458,607.4185371225452,413.7498907126401,1.0,0.6203425633961664,1.2740416577362919,178.3953488372093,14.415847448304428,110.66622799562774,8.942763759609253,18.604651162790695,5,0.0,0.0,0.0
1.0,-3.0,-2.0,7.0,21.187108346594613,624.1338399849401,431.1950702118243,1.0,0.6662355258499504,1.193961389878657,203.8505747126437,15.29003951908489,135.81249483849277,10.186767519264045,19.149425287356323,5,0.0014580726621034046,0.8145301453981801,0.06289165340538716
1.0,-3.0,-2.0,8.0,25.43652468365147,642.1437498804308,449.0636589354683,1.0,0.7163975596827847,1.1179893483579382,210.82022471910113,15.216847751687705,151.03109452054034,10.901312595373541,13.179775280898877,4,0.18334426337924015,0.865362561937161,0.146685101374473
1.0,-3.0,-2.0,9.0,29.51512511790031,661.4693491785386,467.54222545668296,1.0,0.7707716073241093,1.0472465043306733,432.4090909090909,21.30800299736081,333.28865002155686,16.42360371914273,13.59090909090909,5,0.19268569976043182,0.9259737413026983,0.13993876347616663
1.0,-3.0,-2.0,10.0,33.44440493813346,682.1831251762451,486.85193672779536,1.0,0.8292860824551335,0.9821347958663647,307.6551724137931,17.998480580606344,255.1341526780931,14.92588945083583,10.344827586206897,4,0.37098214827165066,1.1713974532830207,0.16164796115442925
1.0,-3.0,-2.0,11.0,37.24581107179307,704.4137355823218,507.2591052552682,1.0,0.8918136511943088,0.9226170433183376,16.325581395348834,5.825380862723184,14.559376352055923,5.195154176782615,10.674418604651162,5,0.0,0.0,0.0
1.0,-3.0,-1.0,0.0,-3.3435526532776123,500.4383164446385,285.1212226645602,1.0,0.35031906209104835,1.83773767258963,126.30232558139535,12.293354094572303,44.24611223759264,4.3065962763637184,15.69767441860465,5,0.0,0.0,0.0
1.0,-3.0,-1.0,1.0,2.5218562615072813,511.51296322237476,303.42000250179973,1.0,0.37609728157688405,1.8180910220875341,1051.4137931034484,32.85284090861769,395.43386939864735,12.355864157808961,17.586206896551726,4,-0.6078856432727093,0.1780374165003309,-0.007854398175501043
1.0,-3.0,-1.0,2.0,7.996130124814215,524.4569230556202,321.2854102471518,1.0,0.4068645936951486,1.7619170340116135,737.1379310344828,27.712062046652658,299.9153248076273,11.275056865066082,19.86206896551724,4,-0.44828304765258054,0.23926481883097495,0.02411289097185154
1.0,-3.0,-1.0,3.0,13.085767427380148,538.9419458834802,338.7889930396297,1.0,0.44213523321110476,1.6786204082798124,273.13953488372096,17.09639549079623,120.76461195498665,7.5589188073924705,11.86046511627907,4,-0.3287870578700449,0.28472468233707104,0.041912091544507035
1.0,-3.0,-1.0,4.0,17.82142311724394,554.7180188602953,356.0227670764789,1.0,0.4815605145416433,1.579524815639888,259.65909090909093,16.843883923247475,125.04156542359716,8.111349408958768,15.340909090909092,5,-0.57797663650922,0.4184714879123703,-0.07142311724393835
1.0,-3.0,-1.0,5.0,22.244111650137626,571.6120149359346,373.0962710978793,1.0,0.5249225001540121,1.4745653038260427,57.875,9.385297375053272,30.37988969641345,4.92655376280185,19.125,5,0.0,0.0,0.0
1.0,-3.0,-1.0,6.0,26.396953436570925,589.5195410212118,390.13465194067896,1.0,0.5721132310657483,1.3708092249788115,255.86206896551724,16.538716152885968,146.38207498302938,9.462018335906873,11.137931034482758,4,-0.11235226018959565,0.5573223531485496,0.06071357882288808
1.0,-3.0,-1.0,7.0,30.32093518807602,608.3957916495725,407.278484859775,1.0,0.6231085021730892,1.2724825710287921,10.546511627906977,5.512277952050297,6.571621063616186,3.4347472582638043,12.453488372093023,5,0.0,0.0,0.0
1.0,-3.0,-1.0,8.0,34.05313213487551,628.2482309599304,424.68553064794014,1.0,0.677939691004282,1.1816595878233895,437.49999999999994,21.64538581944723,296.5986148143733,14.674266174104522,19.5,5,0.0968338720358588,0.7266595258273014,0.10844059159533259
1.0,-3.0,-1.0,9.0,37.626278610493074,649.1322498034851,442.534543467129,1.0,0.7366637304196209,1.0990225537415035,41.66279069767442,7.10058422782377,30.691466815040716,5.2307428654273815,5.337209302325581,4,0.0,0.0,0.0
1.0,-3.0,0.0,-3.0,-3.351599458552414,431.5574955981974,194.53499530287138,1.0,0.2018023381007652,1.7468966798549317,1430.5113636363637,38.22108877394933,288.6805378615322,7.7131050793398845,19.488636363636363,4,-0.9504657399112943,-0.3274496380392691,-0.11393589014876415
1.0,-3.0,0.0,-2.0,3.6991441598739527,442.1976595671807,216.6825364066655,1.0,0.22358258260185943,1.8422745998111039,952.7586206896551,31.25595305961226,213.02023300997845,6.988286706750599,15.241379310344826,4,-0.8787348438260665,-0.2526805534331231,-0.05102971607663198
1.0,-3.0,0.0,-1.0,9.836747777994617,455.6542506069809,237.93911422282375,1.0,0.25168565189560305,1.907785834450069,489.9310344827586,22.55961407202868,123.30861179768027,5.677931174231758,12.06896551724138,5,-0.7965234558781162,-0.11777711797302004,-0.05549897252081948
1.0,-3.0,0.0,0.0,15.183750176743956,471.0567645213742,258.28979952832964,1.0,0.28470567929048995,1.931565889185929,-11.76923076923077,5.131985785883363,-3.350766840880382,1.4611054992790617,24.769230769230774,5,0.0,0.0,0.0
1.0,-3.0,0.0,1.0,19.898578737029652,487.7938187818001,277.7896589004737,1.0,0.3216756446620482,1.9087677080447,412.82758620689657,21.015536973689464,132.79657992738072,6.760186403930668,18.172413793103445,4,-0.6217166903431348,0.002613343411439928,-0.04063829037952971
1.0,-3.0,0.0,2.0,24.12393763614591,505.47501850999544,296.5385201540395,1.0,0.362008940239381,1.8440440974702021,564.9550561797753,24.29391474525651,204.5187811705204,8.794614331196183,16.04494382022472,4,-0.5679388639777585,0.12286782919295547,0.009387934417667054
1.0,-3.0,0.0,3.0,27.9737976428994,523.869497614773,314.66069765578254,1.0,0.4053977312587813,1.7491607930766233,689.8139534883721,26.835697833379232,279.64901173483656,10.879131018398134,19.186046511627907,4,-0.41183506556706106,0.14179996875935785,0.005047205749985295
1.0,-3.0,0.0,4.0,31.535256599847145,542.8554610570073,332.29296193845596,1.0,0.451726499639908,1.6378531815587156,2070.1428571428573,46.028606898984286,935.1383866117011,20.792341477779495,30.857142857142858,4,-0.3496240044125898,0.31624432740562725,0.025752413892242032
1.0,-3.0,0.0,5.0,34.874127739966156,562.3858083323948,349.5788698367261,1.0,0.5010098361358333,1.5216700549696676,229.5168539325843,15.829554673504543,114.99020137917604,7.930762593075725,13.483146067415731,4,-0.14657426921326078,0.3199747944445903,-0.0021272551960151986
1.0,-3.0,0.0,6.0,38.040368796052235,582.4666528548603,366.6672292575066,1.0,0.5533490815812907,1.4083970905232157,663.8314606741573,26.04330781766393,367.3305290888116,14.411040462243184,9.168539325842696,4,-0.0768291369115559,0.3079309989036574,0.08362960138366304
1.0,-2.0,-7.0,6.0,-4.176760824560461,785.6605218217564,606.6594158633035,1.0,1.0983420098405317,0.7613983351699014,85.94117647058823,10.631773232914846,94.39280449276569,11.677323180808457,17.058823529411764,5,0.0,0.0,0.0
1.0,-2.0,-6.0,6.0,-3.951408142845395,723.8460452795499,566.1648059319025,1.0,0.936831878440997,0.8569680972278055,13.367816091954024,4.708731204624575,12.523396260079076,4.411289499502179,5.632183908045977,4,0.0,0.0,0.0
1.0,-2.0,-6.0,7.0,0.7515421407248084,733.1773751650064,589.5816643698802,1.0,0.9572414293546345,0.8312869180384014,16.804597701149426,5.615080763954448,16.08605712317788,5.374987936429469,9.195402298850574,5,0.0,0.0,0.0
1.0,-2.0,-6.0,8.0,5.504214162749179,744.5409718787769,614.764640012557,1.0,0.981327810398605,0.80433706849712,14.588235294117647,5.4569723027337025,14.31584099875612,5.355078681247497,9.411764705882353,4,0.0,0.0,0.0
1.0,-2.0,-6.0,9.0,10.2848020481552,758.0569389550399,642.1548931212599,1.0,1.0085861501874194,0.7767459517401496,5.102272727272727,3.535155495896226,5.1460816072062645,3.5655088719198718,3.897727272727273,5,0.0,0.0,0.0
1.0,-2.0,-6.0,10.0,15.076755699165915,773.8983363794814,672.3224847813921,1.0,1.0383384708303418,0.7490308537014473,63.06666666666666,8.688817845688535,65.48454622703355,9.021933835215618,7.933333333333334,4,0.0,0.0,0.0
1.0,-2.0,-5.0,6.0,-2.369464324114716,671.8604707188049,532.8727007699129,1.0,0.7938685020069604,0.9739231337445197,10.431818181818182,4.3972832756841544,8.281491873208973,3.4908646869676394,5.568181818181818,4,0.0,0.0,0.0
1.0,-2.0,-5.0,7.0,2.67849389793912,682.0282839986365,554.0591284759323,1.0,0.8195779433475471,0.9367065085272492,8.705882352941178,4.669066280402951,7.135149153849234,3.826663739446032,8.294117647058822,5,0.0,0.0,0.0
1.0,-2.0,-5.0,8.0,7.707026933887192,694.0932561379751,576.5504911395087,1.0,0.8495469400583988,0.8986391964480931,36.27906976744186,7.07603761117358,30.8207727090954,6.011426100310657,8.720930232558139,5,0.0,0.0,0.0
1.0,-2.0,-5.0,9.0,12.692927712569201,708.1099828796481,600.6760610707805,1.0,0.8834214555325783,0.8606382507294889,17.269662921348317,5.208099215375248,15.256390754534529,4.600946589404881,5.730337078651685,5,0.0,0.0,0.0
1.0,-2.0,-5.0,10.0,17.620997538328368,724.1751697229605,626.8533085092449,1.0,0.9207288793512184,0.8233842728783286,1.2758620689655173,2.3205014924885448,1.1747230529653476,2.1365527387118077,1.7241379310344827,4,0.0,0.0,0.0
1.0,-2.0,-5.0,11.0,22.483553158385718,742.4439967848026,655.6203152877944,1.0,0.9608323269030807,0.7873512712952909,8.741573033707866,4.227428010312649,8.399185958770751,4.061849491963963,5.258426966292134,4,0.0,0.0,0.0
1.0,-2.0,-5.0,12.0,27.279704428180878,763.1521816777672,687.6841361268041,1.0,1.0028690612359732,0.752844972431348,52.528089887640455,8.767321484891609,52.6787961941368,8.792475467107225,15.47191011235955,5,0.0,0.0,0.0
1.0,-2.0,-5.0,13.0,32.014610421857356,786.6478088884437,723.9952480508546,1.0,1.0456711464572763,0.7200411388961905,-4.011363636363637,2.0065028579616486,-4.194567212493393,2.0981421438545587,5.011363636363637,4,0.0,0.0,0.0
1.0,-2.0,-4.0,5.0,-4.475844647958382,617.8164499387028,485.17604731294773,1.0,0.6464394037072632,1.170035645117923,231.52272727272728,16.042508743237743,149.66541376286114,10.370509785947162,16.477272727272727,5,-0.15786676454774806,0.8418913964618469,0.13170794834871558
1.0,-2.0,-4.0,6.0,0.9797385711043773,627.7427798379819,504.04082160961656,1.0,0.6725927675231587,1.1161167246323678,48.46153846153847,7.749785261388417,32.59488027227616,5.212449516667421,7.538461538461538,4,0.0,0.0,0.0
1.0,-2.0,-4.0,7.0,6.344319819305895,639.4820248271182,523.6678806987264,1.0,0.7035109890692823,1.061073237371092,277.9310344827586,17.231836439534653,195.52753696201432,12.122786297057125,12.068965517241379,4,-0.05991996103000474,1.24875453326149,0.13857342852511234
1.0,-2.0,-4.0,8.0,11.589826785791615,653.0002887297412,544.2700643296449,1.0,0.738961089348647,1.0066623027954336,193.73333333333335,14.57882787545769,143.16139504314455,10.773186528274636,12.266666666666666,4,0.0,0.0,0.0
1.0,-2.0,-4.0,9.0,16.700712661294176,668.2956670572072,566.1103239314623,1.0,0.7786670450860256,0.954077680203394,8.351648351648352,4.996774711472198,6.503153343575598,3.8908237995426345,10.648351648351648,5,0.0,0.0,0.0
1.0,-2.0,-4.0,10.0,21.67195348004867,685.4094281888798,589.5166168834301,1.0,0.8222853830865727,0.9040537533688283,56.17204301075269,8.269033933146975,46.189449905852214,6.7995057354736295,7.827956989247311,5,0.0,0.0,0.0
1.0,-2.0,-4.0,11.0,26.506878323069003,704.4383599145127,614.9033094132765,1.0,0.8693667357597711,0.8569812345061506,27.252873563218394,6.072697824831528,23.692741729728937,5.279401485229248,5.747126436781609,4,0.0,0.0,0.0
1.0,-2.0,-4.0,12.0,31.215191618874712,725.5502567907257,642.8026811677203,1.0,0.9193011748349756,0.8130102129926271,27.697674418604652,6.530827177592461,25.462504633219908,6.003797097004938,9.30232558139535,5,0.0,0.0,0.0
1.0,-2.0,-4.0,13.0,35.8113814182166,749.0055478116195,673.912379666496,1.0,0.9712450717216562,0.7721318844617903,2.441860465116279,3.6486800920713764,2.371644942576137,3.543762557713243,6.558139534883721,5,0.0,0.0,0.0
1.0,-2.0,-3.0,4.0,-5.12617101862935,568.3770417279222,442.3023869980484,1.0,0.5160229913178987,1.449877698579579,176.92857142857144,13.879308487155715,91.29921067817395,7.1620422829659915,10.071428571428571,4,-0.33104150353085515,0.6806714558953217,0.07251343981189162
1.0,-2.0,-3.0,5.0,0.8589895895959501,578.8699301825856,459.9042154781638,1.0,0.5428887685265986,1.367390503535092,665.264367816092,26.30594812191115,361.16455338830434,14.281203780828934,16.735632183908045,4,-0.23886732801906874,0.7437914347113974,0.01813781018614402
1.0,-2.0,-3.0,6.0,6.631455690845115,591.1736131961385,477.8960514679932,1.0,0.5747432361387044,1.2834045379382149,1222.7191011235957,35.53095739232906,702.7495330683831,20.42117743477362,25.280898876404496,5,-0.07328267378966302,0.9459773832099359,0.09020278998767672
1.0,-2.0,-3.0,7.0,12.166077651369307,605.1600307682753,496.4288339186327,1.0,0.61133053451911,1.2016222004445472,29.931818181818183,7.101063533428293,18.298234408219727,4.341096965544879,13.06818181818182,5,0.0,0.0,0.0
1.0,-2.0,-3.0,8.0,17.45727238710333,620.7393728259633,515.6866438976983,1.0,0.6524134372132275,1.1242428581356785,151.54651162790697,13.09141734957143,98.87098054883714,8.541016591026777,12.453488372093023,4,0.0,0.0,0.0
1.0,-2.0,-3.0,9.0,22.513322457079852,637.8686055722299,535.8935769532749,1.0,0.6977621685921108,1.0523577450190946,97.17241379310344,10.754604319571731,67.8032341756058,7.504156032374453,11.827586206896552,4,0.0,0.0,0.0
1.0,-2.0,-3.0,10.0,27.351478304179096,656.5579834100832,557.3238899997532,1.0,0.7471296879133422,0.9863277297094465,361.08045977011494,19.449308415295064,269.77393121965207,14.531155726449741,10.919540229885058,4,0.12872579885049618,1.3100631304040462,0.15168486008539617
1.0,-2.0,-3.0,11.0,31.994249872701232,676.8777604427337,580.3170171852177,1.0,0.8002134547320972,0.9260743908428195,46.33333333333333,7.46921087606389,37.0765567359205,5.976963039257639,5.666666666666666,4,0.0,0.0,0.0
1.0,-2.0,-3.0,12.0,36.46686644422769,698.967381008489,605.2997764881154,1.0,0.856602551081231,0.8712795963098536,80.84615384615385,9.755344461480085,69.25302162972106,8.356452952379998,9.153846153846155,4,0.0,0.0,0.0
1.0,-2.0,-2.0,3.0,-3.393913273064527,522.1395256598196,401.4460115375793,1.0,0.4015486203886167,1.8570384385636924,345.3333333333333,19.515236212878502,138.6681235742023,7.836316177839336,22.666666666666664,4,-0.46513656207525855,0.43885688347336327,0.03289353622242164
1.0,-2.0,-2.0,4.0,3.20783685326586,534.1170829208536,418.5741404732748,1.0,0.430361510641384,1.7253167402675977,262.8314606741573,17.058807217205388,113.11254445981186,7.341454043736655,18.168539325842698,5,-0.3895908901824896,0.44825980242086416,0.0421631467341399
1.0,-2.0,-2.0,5.0,9.379036795696493,547.8975897557076,435.79760364248364,1.0,0.4641834165428017,1.5909699304268665,18.63636363636364,6.03793106703347,8.650690944661307,2.8027074715455202,11.363636363636365,4,0.0,0.0,0.0
1.0,-2.0,-2.0,6.0,15.126597769772957,563.2344727482753,453.2336064637131,1.0,0.5026245130756807,1.4627521655358713,707.390804597701,27.21532533607431,355.5519587151335,13.679089645240586,21.60919540229885,5,-0.2019853547067214,0.6749659096025766,0.06009452308201979
1.0,-2.0,-2.0,7.0,20.48206314993388,579.9503121264589,471.02544016560216,1.0,0.5453937513296102,1.3449470634618816,246.1,16.27093523228869,134.22140220221706,8.87406640397905,11.899999999999999,4,-0.223807542959662,0.8690197785987266,0.1260077946655649
1.0,-2.0,-2.0,8.0,25.4885925015802,597.9370648049671,489.34413054092965,1.0,0.5922840507202303,1.2389645068441835,275.1034482758621,17.191859921556645,162.93938471193096,10.18246443375435,12.89655172413793,4,-0.13182570270896576,0.8262767174099395,0.15802391154484496
1.0,-2.0,-2.0,9.0,30.192751229113014,617.152553999612,508.39256955991925,1.0,0.6431446501895641,1.1446410815557218,245.08988764044943,16.14597663646456,157.62825005151643,10.384198495827874,9.910112359550562,5,-0.16784359053951903,0.9332708613039244,0.05724877088698577
1.0,-2.0,-2.0,10.0,34.639987232842486,637.6172208177842,528.4128440607636,1.0,0.6978448631647374,1.061075409794377,8.651685393258425,4.843752328945362,6.037534209402783,3.380187681196754,9.348314606741573,4,0.0,0.0,0.0
1.0,-2.0,-1.0,1.0,-5.16428030553314,466.36196831730456,342.8379220183014,1.0,0.2750037437330075,2.551298489889625,301.51724137931035,18.704790919156775,82.91837017935923,5.143887528511276,30.48275862068966,5,-0.8736776039801839,0.205954159356736,-0.08571969446686012
1.0,-2.0,-1.0,2.0,2.7464651584863873,478.95396808945816,360.46881906018785,1.0,0.3024531199611879,2.4023207227190513,2780.1910112359546,53.27763485232471,840.8774454363645,16.113986885238532,36.80898876404494,5,-0.6679547713007992,0.26470004705078054,-0.0365897054989599
1.0,-2.0,-1.0,3.0,9.77827496996673,493.67081173731424,377.8394583733341,1.0,0.3353537908540678,2.2028061539473063,720.9318181818181,27.708166852582984,241.76721817458827,9.292038791630729,30.06818181818182,5,-0.6038405798284998,0.3432613521194412,-0.02144916058471047
1.0,-2.0,-1.0,4.0,16.023081125392565,509.984257750223,395.0224957794719,1.0,0.3728674954002618,1.9918126615880147,3928.0842105263155,63.0180943984079,1464.654921300262,23.497399023231623,27.915789473684214,4,-0.4659663144266233,0.42991394868988664,0.0668513799066055
1.0,-2.0,-1.0,5.0,21.605750503762295,527.5293548144364,412.12242290029644,1.0,0.4144341858608858,1.7925933027683,50.199999999999996,9.310209449845905,20.804596130216467,3.858469073541213,22.8,4,0.0,0.0,0.0
1.0,-2.0,-1.0,6.0,26.64862965878274,546.0775731569366,429.2678307538465,1.0,0.4597213621185576,1.6147939412366161,634.5168539325842,25.790783226414234,291.7009523770695,11.8565739949516,19.483146067415728,5,-0.32263831336706517,0.6248398350356865,0.01316173067126769
1.0,-2.0,-1.0,7.0,31.25813594094717,565.5057664666116,446.607676344983,1.0,0.5085628575425971,1.460255090746309,349.3953488372093,19.393301715623544,177.6894970167437,9.862712937683261,16.6046511627907,5,-0.04291131989509722,0.680341819898274,0.06696885644453943
1.0,-2.0,-1.0,8.0,35.522192171391396,585.771350777879,464.31133253538985,1.0,0.5609034870502457,1.3273314224361348,16.314606741573034,5.901476152642195,9.150919811201762,3.3101585527608752,11.685393258426966,4,0.0,0.0,0.0
1.0,-2.0,0.0,1.0,17.808303656725343,441.0796980585055,317.67978469677655,1.0,0.22183564589069418,2.821531495353486,3432.696629213483,59.037768836767384,761.4944738883818,13.09668158184979,33.30337078651685,5,-0.8013406908008847,0.06754599915666404,-0.036220748779111744
1.0,-2.0,0.0,2.0,23.780709011113203,460.12863163068005,336.07198879132295,1.0,0.2616571437228105,2.6237411896149347,979.1176470588235,32.18862013873826,256.19312689801063,8.42238240588079,35.88235294117647,5,-0.6574909262819233,0.14949359872434798,-0.05119262772437949
1.0,-2.0,0.0,3.0,28.773238137663924,479.9348875931077,353.92061372310957,1.0,0.3046077182106547,2.369690895286171,267.49438202247194,17.62843289282362,81.48085334203435,5.369756719112654,27.50561797752809,5,-0.6156263793873791,0.16645751699599032,-0.023238137663923908
1.0,-2.0,0.0,4.0,33.10025997140201,500.22191944359554,371.35729369400076,1.0,0.3502829320293945,2.112595635784824,701.0224719101124,27.589655987990582,245.55620687916797,9.66418559315568,37.97752808988764,5,-0.44754284512998765,0.3276221201509202,0.057202198248454295
1.0,-2.0,0.0,5.0,36.964250956622806,520.8772242958381,388.5289650404857,1.0,0.3985627990715914,1.8790927622601785,1797.5294117647059,42.890219564092405,716.4283537664523,17.0944459622598,26.470588235294116,4,-0.3667524774244839,0.2617618149084251,0.048656464953324985
1.0,-1.0,-7.0,7.0,-1.9224794461451324,753.4862873114672,686.5601984076131,1.0,0.9778056423974218,0.7622566610209502,12.595744680851062,5.241340699799209,12.316190219133482,5.125012509990918,9.404255319148938,4,0.0,0.0,0.0
1.0,-1.0,-7.0,8.0,3.1877309493949326,762.2572343378193,718.7646190281505,1.0,0.9859278171262479,0.7413098467038891,1.5714285714285707,2.844113146806353,1.5493151411983888,2.8040902664908516,3.4285714285714293,5,0.0,0.0,0.0
1.0,-1.0,-7.0,9.0,8.397154093463172,773.2345223609951,754.763584605161,1.0,0.9954585977925738,0.7195354784913548,28.066666666666663,6.266816389070369,27.93920464471157,6.238356255287511,6.933333333333334,4,0.0,0.0,0.0
1.0,-1.0,-6.0,7.0,-1.474700278378009,692.2446203388126,638.7937013981414,1.0,0.8291617157374241,0.858176954482845,39.98876404494382,7.190555814230282,33.157152205724636,5.962133596032891,7.01123595505618,4,0.0,0.0,0.0
1.0,-1.0,-6.0,8.0,4.019482142167561,701.1766078170127,666.3107640415631,1.0,0.8452524202280072,0.8286063578077937,39.66666666666667,7.577745193804171,33.528346002377624,6.405107464934125,11.333333333333332,4,0.0,0.0,0.0
1.0,-1.0,-6.0,9.0,9.541717316661305,712.1159219043606,696.5015356511153,1.0,0.8641241545717874,0.7985232775924931,4.5813953488372094,3.1012445381226006,3.9588943825730727,2.6798603146255653,2.4186046511627906,4,0.0,0.0,0.0
1.0,-1.0,-6.0,10.0,15.065977129884118,725.1690086289793,730.0637230407197,1.0,0.8850197470964173,0.7684906583963876,-2.454545454545455,2.1716369934694333,-2.172321197418479,1.921941622745542,4.454545454545455,4,0.0,0.0,0.0
1.0,-1.0,-5.0,6.0,-5.394664357717602,632.5083383197323,577.8855931330763,1.0,0.6779611811594057,1.0179751296878805,100.93023255813954,10.74635033069191,68.42677967980978,7.285608363348659,9.069767441860465,4,0.0,0.0,0.0
1.0,-1.0,-5.0,7.0,0.5529378296668028,640.6598087180255,600.64218258281,1.0,0.6966648686728972,0.9756758731712358,252.02222222222224,16.447529740599382,175.57502834709618,11.45841614672824,11.977777777777778,5,0.06427597540209717,1.3847252248654058,0.19706217033319717
1.0,-1.0,-5.0,8.0,6.4613857757683775,650.7243637975946,624.9725175562661,1.0,0.7194663940680721,0.93285643769644,-1.988888888888889,2.6945532624074473,-1.4309387170909436,1.9386405193286458,5.988888888888889,4,0.0,0.0,0.0
1.0,-1.0,-5.0,9.0,12.29117448575704,662.7077174908085,651.2634722498461,1.0,0.7459321397946442,0.8905358184847185,67.97752808988764,9.511002804471955,50.70662298604042,7.094562673532628,14.02247191011236,5,0.0,0.0,0.0
1.0,-1.0,-5.0,10.0,18.01666213081478,676.6443991576161,680.0140371914981,1.0,0.7754993493559965,0.8494342527996906,11.102272727272728,4.200190004556957,8.609805276372827,3.25724461570548,3.897727272727273,4,0.0,0.0,0.0
1.0,-1.0,-5.0,11.0,23.625335625169527,692.613017622562,711.8777056632639,1.0,0.8074335327800867,0.8100231262341012,50.2,7.817302745974613,40.533163345560354,6.311952372993755,6.8,4,0.0,0.0,0.0
1.0,-1.0,-5.0,12.0,29.116400485785334,710.7551803866855,747.7270153721851,1.0,0.8407682326715203,0.7725800715494348,10.688888888888888,3.9247363676501323,8.986878220333361,3.299793659530844,2.3111111111111113,4,0.0,0.0,0.0
1.0,-1.0,-4.0,6.0,-1.79375935806641,586.8507139660654,547.5901307837169,1.0,0.5595488604560996,1.1838488331583676,66.35632183908046,9.28797511310608,37.129604269115674,5.19707589048312,12.643678160919539,5,0.0,0.0,0.0
1.0,-1.0,-4.0,7.0,4.674162243052223,597.0374875236072,568.4676628665077,1.0,0.5844064077140627,1.1187226158993937,537.625,23.795620061072356,314.191494947273,13.90631283921998,18.375,5,0.022798298130283,1.3626116727928093,0.1430246693208499
1.0,-1.0,-4.0,8.0,10.939500871557442,609.1149004271635,590.5129743524689,1.0,0.6137925083209742,1.0554579361131318,81.69767441860466,9.755853590849986,50.145420505385644,5.988069846339996,8.302325581395348,4,0.0,0.0,0.0
1.0,-1.0,-4.0,9.0,16.974122360301862,623.0138360667594,614.0307301196465,1.0,0.6473117350024341,0.995286143110274,3.6428571428571432,3.1011673977753835,2.3580641775088673,2.0074220487869674,3.3571428571428568,4,0.0,0.0,0.0
1.0,-1.0,-4.0,10.0,22.77048827576766,638.7028301242964,639.4070075770087,1.0,0.6845003985232002,0.9388612081622135,36.551724137931046,6.858156916412076,25.019669739123877,4.694411142418708,6.448275862068965,5,0.0,0.0,0.0
1.0,-1.0,-4.0,11.0,28.336670303210212,656.2013472699814,667.13592066157,1.0,0.7247938419731393,0.886438638317082,329.9550561797753,18.846598994242747,239.14939284700236,13.659898893164305,16.04494382022472,4,-0.2269592006023231,1.2665756911613926,0.23441090930396768
1.0,-1.0,-4.0,12.0,33.69177780672274,675.593732455856,697.8597846755373,1.0,0.7674748251348869,0.8380177295694535,29.8876404494382,6.758779540057668,22.938011627626956,5.187193145631009,10.112359550561798,5,0.0,0.0,0.0
1.0,-1.0,-3.0,5.0,-2.4921505072175876,537.1972848233422,501.62088720169714,1.0,0.436605571983345,1.4980617074028946,63.51685393258427,9.196455902219588,27.73181234181853,4.015223889408192,13.483146067415731,4,0.0,0.0,0.0
1.0,-1.0,-3.0,6.0,4.733758809327554,548.4227671585803,520.4463761548357,1.0,0.46353017253547935,1.3895174181586682,127.46236559139784,12.252696428821405,59.082652314360985,5.679494489676437,14.537634408602152,5,0.0,0.0,0.0
1.0,-1.0,-3.0,7.0,11.539069170936926,561.5770095528783,539.929418474435,1.0,0.4954359743575046,1.287318747444059,396.1111111111111,20.438102881204898,196.2476942871671,10.125771414968671,13.88888888888889,5,-0.25881827386911027,1.1185053469823742,0.13813449229546038
1.0,-1.0,-3.0,8.0,17.914473066632866,576.4658076422156,560.2797869661875,1.0,0.5318940773648673,1.1934434172123898,87.0,10.535653752852738,46.274784730743455,5.603851832309308,15.0,4,0.0,0.0,0.0
1.0,-1.0,-3.0,9.0,23.881403362244725,592.9509852427011,581.7571319827201,1.0,0.5725024239092722,1.1084291450114152,711.8522727272727,27.147584572858335,407.5371516016879,15.542057971243361,16.147727272727273,4,-0.11503966446980485,1.2940244798649019,0.11689595748316606
1.0,-1.0,-3.0,10.0,29.478721412030467,610.9585867159997,604.6822281414109,1.0,0.616866567147461,1.0320155931397967,63.77777777777778,8.675209464863617,39.342378838071404,5.351446681875582,7.222222222222222,4,0.0,0.0,0.0
1.0,-1.0,-3.0,11.0,34.75328004844755,630.4834600710135,629.4548094406257,1.0,0.6645615047372562,0.963556143705351,62.50526315789474,8.975606214914274,41.53859173820871,5.964842372112498,11.494736842105262,5,0.0,0.0,0.0
1.0,-1.0,-2.0,4.0,-0.32226836044353036,490.6051047657618,459.2486023127599,1.0,0.32818190157574334,2.013324605590867,638.2247191011235,26.16730184597268,209.45380194725135,8.587634878917774,29.775280898876403,5,-0.4968295044376987,0.5862699288196609,0.0566905439510797
1.0,-1.0,-2.0,5.0,7.811871527214066,504.014118352294,476.9650779236033,1.0,0.3585192184250332,1.8081075067376566,1545.206896551724,39.826123275117446,553.9863688566952,14.27843058949413,25.793103448275865,4,-0.43422688052794456,0.7220029512574229,0.07708252600742238
1.0,-1.0,-2.0,6.0,15.120457495721467,519.3193368307936,494.96671782909357,1.0,0.3939210314328027,1.626020425985254,51.75824175824176,8.048353448844782,20.388659978554955,3.1704156919046915,8.241758241758243,4,0.0,0.0,0.0
1.0,-1.0,-2.0,7.0,21.689070099775165,536.1644263939958,513.4176617585846,1.0,0.4337747965036822,1.4684776346083204,293.23595505617976,17.921478637122576,127.19836673205728,7.773885748862933,17.764044943820227,5,-0.22680374190724706,0.9326326064278874,0.14825818730080798
1.0,-1.0,-2.0,8.0,27.6279170318781,554.3110744278571,532.5159891023593,1.0,0.4776349683186865,1.3334500410824441,12.720930232558139,5.405113457392955,6.075961108612129,2.5816711949807902,10.27906976744186,4,0.0,0.0,0.0
1.0,-1.0,-2.0,9.0,33.04658900563322,573.6249631641009,552.4969166605026,1.0,0.5251796634556267,1.2178495153679165,624.1428571428572,25.322007851524194,327.78713566251906,13.298603561484214,10.857142857142858,4,-0.1735535346414281,1.097884612922826,0.08233711599860527
1.0,-1.0,-2.0,10.0,38.04337948641768,594.0602496554593,573.6409538935401,1.0,0.576156274004392,1.1185673360147539,9.727272727272727,4.9369997915888915,5.604429210769994,2.8444834046823155,9.272727272727273,4,0.0,0.0,0.0
1.0,-1.0,-1.0,2.0,-2.8818016542909106,432.9847439456529,400.46092921906353,1.0,0.205393192306209,3.4506334805351955,825.8522727272727,29.847059793316078,169.6244346687925,6.130382891903488,41.14772727272727,5,-0.7949889864930242,0.27351652189332754,0.06825439641459763
1.0,-1.0,-1.0,3.0,7.664997262767599,447.93645412432875,417.9737653461156,1.0,0.23603324741232795,2.925504331071742,6552.123595505618,81.41534655217238,1546.5190096941294,19.216728635909323,48.87640449438202,5,-0.7186076108678776,0.3730511740044449,-0.0029224628817567933
1.0,-1.0,-1.0,4.0,16.315399072448486,465.1174031335569,435.340769945006,1.0,0.2722943953729125,2.477929013688367,787.2380952380952,28.89144197684037,214.36052115738045,7.8669777245353325,29.76190476190476,5,-0.5657398882971734,0.4389797404452338,0.01177020993899447
1.0,-1.0,-1.0,5.0,23.50356723943551,483.7409409102654,452.67907241995556,1.0,0.3128862341981227,2.122150819588754,1910.191011235955,44.309972807378614,597.6724721047219,13.863980529121914,33.80898876404494,4,-0.48947278946008055,0.5205348100626566,0.10505463365783996
1.0,-1.0,-1.0,6.0,29.612437661076456,503.3522784834367,470.1380345312223,1.0,0.3570713391493482,1.8430306186702408,70.94505494505495,10.033899791745648,25.332445775254858,3.5828180355289847,19.054945054945055,4,0.0,0.0,0.0
1.0,-1.0,-1.0,7.0,34.932291385321776,523.714894121038,487.88963807662486,1.0,0.4044683917220871,1.6224019799407574,1066.3033707865168,33.10474094821355,431.28600946986273,13.389821329700256,18.696629213483146,4,-0.29375885955107606,0.7127761856644952,0.11113568093087878
1.0,-1.0,0.0,3.0,34.299897916601566,437.15679297624615,393.74215232270285,1.0,0.21386254132330476,3.354287320693612,4783.837209302325,69.74772977341384,1023.0835828583815,14.91642674087341,51.16279069767442,5,-0.7009266308790529,0.25233003209297067,-0.07137919789637692
1.0,0.0,-7.0,7.0,-3.1573014535982793,713.8630829221296,749.5770847026922,1.0,0.8479197366833281,0.7689305034438105,5.7272727272727275,3.3527927177599968,4.8562675828226975,2.8428991183968364,2.2727272727272725,5,0.0,0.0,0.0
1.0,0.0,-6.0,7.0,-2.755463845669709,652.2352467635691,695.932087298195,1.0,0.7071799197616779,0.8677205268610354,65.64772727272727,8.899234749810311,46.424754505263785,6.293360116311192,8.352272727272727,5,0.0,0.0,0.0
1.0,0.0,-6.0,8.0,3.730675992543013,657.6568227197831,727.3514747782579,1.0,0.7124202663832063,0.8371734447942021,21.954022988505745,5.8842267732684785,15.640490905654298,4.192042405271124,8.045977011494251,5,0.0,0.0,0.0
1.0,0.0,-6.0,9.0,10.263502795363962,664.8221909867178,762.2743372366388,1.0,0.7196083803313921,0.8061698957125323,3.3636363636363633,3.4217009206069786,2.4205009156601367,2.462284657456421,4.636363636363637,5,0.0,0.0,0.0
1.0,0.0,-5.0,7.0,-0.4799173447685803,599.2804760278653,654.0204984239315,1.0,0.5797564654585473,0.989749358153386,17.842696629213485,5.379641048516384,10.344418732001946,3.118881679723572,7.157303370786517,4,0.0,0.0,0.0
1.0,0.0,-5.0,8.0,6.636575883709611,606.3104159650878,681.4291842449184,1.0,0.5929599773325827,0.9451143339037221,20.310344827586206,5.315796574583563,12.043221608582455,3.1520546163696896,4.689655172413793,4,0.0,0.0,0.0
1.0,0.0,-5.0,9.0,13.631176844614856,615.2057547956703,711.3494119125478,1.0,0.6093791966468123,0.9011640357352713,23.22222222222222,5.943146275696147,14.151139122131529,3.6216297030382125,7.777777777777778,4,0.0,0.0,0.0
1.0,0.0,-5.0,10.0,20.45676701908033,625.9144192851622,744.4397312791441,1.0,0.6282726343126456,0.8586279187847516,51.25287356321839,7.79690850720878,32.200777889656166,4.8985842473187375,5.747126436781609,4,0.0,0.0,0.0
1.0,0.0,-4.0,6.0,-3.578203840626287,545.9106302207429,596.3453225708803,1.0,0.4535074462872524,1.2092548435687986,259.7647058823529,16.51799899072038,117.8052284002651,7.491035540057012,8.23529411764706,4,-0.23551662409829532,1.3674526825276416,0.18515945055288618
1.0,0.0,-4.0,7.0,4.456421513303752,553.5653730741718,619.3572052193967,1.0,0.47029940681618715,1.1400531482114726,190.35227272727272,14.665216303037472,89.52256094974943,6.8970425281496,15.647727272727272,5,-0.24268142821495076,1.2511870574145405,0.23943014029976428
1.0,0.0,-4.0,8.0,12.158805396318598,563.3253416861194,643.8245741684323,1.0,0.4916974317480263,1.0732848984809396,309.1123595505618,18.062086949647995,151.98975331258373,8.881081765151462,10.887640449438202,4,-0.23550133778849158,1.530868502104795,0.24068662109794658
1.0,0.0,-4.0,9.0,19.469703162345667,575.034218124747,670.1270324274869,1.0,0.5171223514036978,1.0101683394153116,139.55172413793105,12.78761849143619,72.16531572864707,6.612763343144889,15.448275862068968,4,0.0,0.0,0.0
1.0,0.0,-4.0,10.0,26.375293421446315,588.5546017310083,698.758623982628,1.0,0.5458938316575399,0.9513018644567681,96.52380952380953,11.009632970294222,52.69175222713493,6.010090727297095,15.476190476190474,4,0.0,0.0,0.0
1.0,0.0,-4.0,11.0,32.89483338868024,603.7860615075735,730.365836869099,1.0,0.577207870657925,0.896869938071138,10.067415730337078,4.0867687824152865,5.810991596735964,2.3589151067692082,3.9325842696629216,4,0.0,0.0,0.0
1.0,0.0,-3.0,5.0,-4.949874270543319,495.18912764700445,547.5511997489109,1.0,0.33722283704504896,1.5505766632030977,628.6741573033707,25.518800731200958,212.00328290274808,8.605522380562856,14.325842696629213,5,-0.32656979549545895,0.8254380191616519,0.17396331297862222
1.0,0.0,-3.0,6.0,4.483654384475585,504.3889385693041,567.8753662940352,1.0,0.3574513828299623,1.4310465313079195,154.83146067415728,13.009761031071834,55.34471972356045,4.650357070843984,9.168539325842696,4,0.0,0.0,0.0
1.0,0.0,-3.0,7.0,13.154545749106603,516.0262166004819,588.9894080680828,1.0,0.38330709095883286,1.3200774017915056,762.4000000000001,27.999349198785954,292.2333261470142,10.73234909012717,13.600000000000001,5,-0.36180168994030737,1.173672921711045,0.1466939405426615
1.0,0.0,-3.0,8.0,21.038097971050064,529.736588147108,611.1508101463257,1.0,0.41404049449838826,1.2193623332617527,213.04545454545453,14.967647617665628,88.2094453506339,6.197212221095899,6.954545454545454,4,0.0,0.0,0.0
1.0,0.0,-3.0,9.0,28.190627227286058,545.2184649529511,634.6861197619718,1.0,0.44893642832015407,1.1290672543464346,220.46666666666667,15.282379105071014,98.9755178969833,6.860816691665134,8.533333333333333,4,-0.2182611624477886,1.550888593438799,0.266322028878605
1.0,0.0,-3.0,10.0,34.706814203657785,562.2541263188573,660.0030194863625,1.0,0.487317528238852,1.0485836928944414,54.29213483146068,8.334421576042098,26.457508948877898,4.0615097217373926,9.707865168539326,5,0.0,0.0,0.0
1.0,0.0,-2.0,4.0,-2.8071894799469135,446.03255279206144,503.490943647545,1.0,0.23181218202600148,2.146569796961879,293.73333333333335,17.997715904463483,68.09096493377083,4.172089795297751,19.266666666666666,4,-0.7078049043536225,0.6695905579605892,0.2061401477037954
1.0,0.0,-2.0,5.0,8.649081573546198,458.3464874125886,522.1788839642232,1.0,0.25737141706709143,1.9026037289135362,553.4,24.15928622933863,142.4293422049284,6.217909732174351,19.6,5,-0.5607033724100461,0.8270451652410884,0.17095190859665976
1.0,0.0,-2.0,6.0,18.33623739507061,473.3514591485673,541.1846960923033,1.0,0.28918943869401453,1.6936008815196524,9397.666666666668,97.44837189602084,2717.7059483667845,28.18103997025585,63.333333333333336,5,0.0,0.0,0.0
1.0,0.0,-2.0,7.0,26.522573134776934,490.2973847634296,560.7267644884594,1.0,0.32596245021469333,1.5176014816831653,919.9080459770115,30.7448898101538,299.85548063887745,10.02167961409849,16.091954022988503,5,-0.3729797439575009,1.0454986011122855,0.1976129318608848
1.0,0.0,-2.0,8.0,33.53130170333122,508.67825330392054,581.0631807119247,1.0,0.36675918725104395,1.3698460555859158,14.98876404494382,4.670206303343939,5.497266919021266,1.7128410681091253,4.011235955056179,4,0.0,0.0,0.0
1.0,0.0,-1.0,5.0,31.08202398603649,438.8081732957701,496.7064695500115,1.0,0.21702244523607944,2.2794437297347576,2014.5666666666666,45.46367292196656,437.2061840910978,9.866637466938515,33.43333333333333,5,-0.6603565259250104,0.6258228416513134,0.1165730321693097
1.0,0.0,-1.0,6.0,38.0401822173809,459.99826557675664,514.6857163520651,1.0,0.26093620509823917,1.9430939256768993,266.9080459770115,17.095269797183636,69.64597262742772,4.4607748260076425,16.091954022988507,4,-0.5422461813478776,0.48679671710681305,0.1142044785809091
1.0,1.0,-5.0,7.0,0.3780496487359244,553.845884741682,718.7459211287095,1.0,0.4599973989737411,0.9755651762544097,232.7727272727273,16.08290103117321,107.07484909747856,7.398092642291775,16.227272727272727,4,0.0,0.0,0.0
1.0,1.0,-5.0,8.0,9.359643081344018,555.1694719005206,751.7077485637578,1.0,0.45826441758210695,0.9327214633494041,1.102272727272727,2.5387309740651305,0.5051323693802768,1.163410071227612,2.897727272727273,4,0.0,0.0,0.0
1.0,1.0,-4.0,6.0,-3.5014723648284303,501.71649035814374,653.7506328063454,1.0,0.34745078917045197,1.1836593971124667,93.06666666666666,10.224482841822175,32.33608677879673,3.55250463225086,6.933333333333334,4,0.0,0.0,0.0
1.0,1.0,-4.0,7.0,7.050590648184368,504.30235082230985,680.6558759835078,1.0,0.35137822415957076,1.1184968410595997,810.2941176470589,28.873006754253044,284.7197081057699,10.145345839456727,14.705882352941178,4,-0.5585893544200076,1.8096515394279322,0.3542029297972835
1.0,1.0,-4.0,8.0,17.064909629905884,509.2639266260471,709.552521850262,1.0,0.3599983930679058,1.0552129896988676,109.1764705882353,11.110019169720506,39.303353972590195,3.999589048053011,8.823529411764707,4,0.0,0.0,0.0
1.0,1.0,-4.0,9.0,26.383535862038514,516.3480763899105,740.9633641074724,1.0,0.37251344852366736,0.9950343351595978,0.31818181818181857,3.168886057114583,0.11852700634843975,1.1804526731143203,5.681818181818182,4,0.0,0.0,0.0
1.0,1.0,-3.0,5.0,-5.432272802484704,450.1075680261152,600.5522929966975,1.0,0.23896410614553984,1.4976947131438818,102.95348837209303,10.973713613965934,24.60218832340244,2.622323664858511,11.046511627906977,4,0.0,0.0,0.0
1.0,1.0,-3.0,6.0,7.92177102924677,454.55187111554125,623.7603688168654,1.0,0.24756810193962683,1.3890982809531902,263.59550561797755,16.47535618565687,65.25783900565894,4.078772659662362,4.404494382022472,4,-0.49990469094444734,1.042045594150295,0.18308137101730537
1.0,1.0,-3.0,7.0,19.74483982658819,462.57022601819557,647.8996158840034,1.0,0.2634458385922212,1.2868850482341332,720.4545454545455,27.08838943056875,189.8007518948503,7.136323469648846,8.545454545454543,4,-0.6325520678195176,1.1916081344722897,0.27077869653610165
1.0,1.0,-3.0,8.0,29.92382495049327,473.5338836019809,673.3026303420547,1.0,0.2853561940540654,1.1930178403545921,157.91860465116278,13.190091049455082,45.063051993584445,3.763874181099096,10.081395348837209,4,0.0,0.0,0.0
1.0,2.0,-4.0,6.0,1.1552385628503146,444.98462459312725,726.8758155834144,1.0,0.22422005673461742,1.115799291936286,95.06896551724138,10.510908211889369,21.31636884197725,2.3567564356021906,9.931034482758621,5,0.0,0.0,0.0
1.0,2.0,-4.0,7.0,17.472634757718197,432.53282385821456,763.1980395023294,1.0,0.19808963449656083,1.0606880524115827,722.5172413793103,27.764531390415538,143.123176262291,5.499865875095704,30.48275862068966,5,-0.8824282311359752,1.16249717440337,0.2350503460622413
2.0,-3.0,-1.0,-8.0,27.397120713105664,288.7183526211693,45.024053475689755,0.0,0.07785615315692508,1.1797078088360384,2292.4082397003745,48.274624462441594,178.4780870083094,3.758476555740895,24.59176029962547,4,0.0,0.0,0.0
2.0,-2.0,-3.0,-10.0,36.51640478731801,100.35950414165902,40.43967353362444,0.0,0.47722277438489646,0.9852260805585239,515.9767441860465,23.33406602161603,246.23585337855113,11.135547724515947,18.02325581395349,4,-1.1738927980978673,-0.8949269041497772,-0.038080751985603456
2.0,-2.0,-2.0,-10.0,24.359787894850996,172.19581965454393,37.8845700826854,0.0,0.3212614994186695,1.0597867370263274,9.590909090909092,3.9589186895012944,3.081189835333603,1.2718481542657798,3.409090909090909,4,0.0,0.0,0.0
2.0,-2.0,-2.0,-9.0,33.92200109187917,176.57248525364912,77.26771107630816,0.0,0.314567835251886,1.1431852304577719,458.85555555555555,22.135210206008832,144.3411988044126,6.9630251573496516,20.144444444444446,5,-0.5558844631352997,-0.5218612739366222,-0.09887856223490132
2.0,-2.0,-1.0,-10.0,-4.578132589209275,251.6520155215132,27.935794886086114,0.0,0.15328022184903126,1.113604680166093,318.62068965517244,18.253076231539374,48.83824999603617,2.797835574197635,9.379310344827585,4,-0.6878254749884434,-1.071210084168733,0.1898272177162541
2.0,-2.0,-1.0,-9.0,7.377506898055316,251.55814671477918,68.00427918459411,0.0,0.15470650253516965,1.2115966796000912,376.40909090909093,19.867497544423806,58.23293397698818,3.0736310592238785,11.590909090909092,4,-0.42054248455744414,-0.750059131716327,0.061470120451904364
2.0,-2.0,-1.0,-8.0,20.83333076569508,252.48069740724694,103.9458099424125,0.0,0.1536534032287363,1.325443464976673,61.91860465116279,8.84486907941034,9.514004327825823,1.3590442351640186,10.081395348837209,5,0.0,0.0,0.0
2.0,-2.0,-1.0,-7.0,36.19852849148643,253.13818748940565,136.71191914212767,0.0,0.15288447105655645,1.458055744259803,1217.2298850574714,35.24034646198494,186.09554713124453,5.387701728690359,15.770114942528735,4,0.012379737223398024,-0.7448942489107537,-0.22077236780487652
2.0,-1.0,-4.0,-10.0,36.66600900058924,10.846256519657487,92.63796747544325,0.0,0.6821851834042051,0.938242478343608,31.666666666666668,7.048341018361067,21.602530807799827,4.8082738103060265,11.333333333333332,5,0.0,0.0,0.0
2.0,-1.0,-3.0,-12.0,18.485189142809787,49.70114991354663,9.596943702303633,0.0,0.5822169283414348,0.9016599489626088,83.51724137931035,10.242250050061777,48.625151739412246,5.963211363451875,13.482758620689657,4,0.0,0.0,0.0
2.0,-1.0,-3.0,-11.0,24.561637022460502,64.39292892663178,55.10439928146684,0.0,0.5580522132945099,0.9628886210007741,68.0909090909091,9.490044805648871,37.99828252341709,5.29594050805642,13.90909090909091,4,0.0,0.0,0.0
2.0,-1.0,-3.0,-10.0,30.724719095516207,78.14525872959031,95.25285327360888,0.0,0.5330582062146781,1.0312700346452894,56.25,8.740091792736191,29.984524099575644,4.658977653187584,12.749999999999998,5,0.0,0.0,0.0
2.0,-1.0,-3.0,-9.0,36.999172508469655,90.85944794724836,131.23410542002537,0.0,0.5083456137556903,1.1075978191601423,817.9770114942529,29.088672685148364,415.81502594609134,14.78709916947013,18.022988505747126,4,-0.849212089250571,-0.36468030697059817,-0.14410602955064888
2.0,-1.0,-2.0,-12.0,6.604917505019472,111.53297030231532,9.659050468047326,0.0,0.4489196593475955,0.9577412633040867,45.54545454545454,7.800778727814973,20.446249939376845,3.5019229291366667,9.454545454545455,4,0.0,0.0,0.0
2.0,-1.0,-2.0,-11.0,13.089956394593656,124.54364234486899,53.8989435725224,0.0,0.425969605244583,1.0321115985339813,16.941176470588236,5.328645575361535,7.216426253555288,2.269841052225047,7.0588235294117645,4,0.0,0.0,0.0
2.0,-1.0,-2.0,-10.0,19.817088238833264,137.28397305029094,93.0202371423373,0.0,0.4015820941658383,1.1177150265094702,25.640449438202246,6.355268936253967,10.29674538074655,2.552162208407968,9.359550561797754,5,0.0,0.0,0.0
2.0,-1.0,-2.0,-9.0,26.870666899987754,149.49947096101218,128.1572161771328,0.0,0.37697039448448055,1.2168595929723254,799.3953488372093,28.789176050258636,301.34838000022177,10.852667052549158,18.6046511627907,4,0.0,0.0,0.0
2.0,-1.0,-2.0,-8.0,34.32601495530815,160.9739922249446,160.16232774679276,0.0,0.35309007260641645,1.3322950909293,14.298850574712642,5.57019606109784,5.048782187613586,1.966780931645011,10.701149425287356,5,0.0,0.0,0.0
2.0,-1.0,-1.0,-11.0,-5.758441138069969,175.80894741377617,47.64249090716004,0.0,0.3142331351899541,1.0816026442313635,34.66666666666667,6.919287767529006,10.893415353251743,2.174269488472138,8.333333333333334,5,0.0,0.0,0.0
2.0,-1.0,-1.0,-10.0,0.6485408232238115,188.17074298170138,86.54085743963776,0.0,0.2900018099541041,1.1813691884014161,485.24137931034477,22.420856417269516,140.72087826462592,6.502088941729249,10.758620689655173,5,-0.6960823700776189,-0.8586988812532894,0.06754449490749925
2.0,-1.0,-1.0,-9.0,7.557747126393508,200.67985438973074,121.47334769520472,0.0,0.26449696047521876,1.3003410443139385,1003.7640449438203,31.961829036195226,265.49253892195134,8.453806631302228,11.235955056179776,4,-0.47404452686708964,-0.8371487526924426,0.03882235813388757
2.0,-1.0,-1.0,-8.0,15.21908093754189,213.0100124545309,153.2969057227006,0.0,0.2387994455284679,1.4441959088256127,1169.2247191011236,34.69118000231887,279.21021461952694,8.28423454928202,21.775280898876407,5,-0.26996369952476584,-0.5975673977832798,-0.02339053183058759
2.0,-1.0,-1.0,-7.0,23.955355167530882,224.83418130429604,182.67435421738915,0.0,0.21387951144059922,1.6207891406096513,1929.2247191011236,44.31114949934484,412.6216403804756,9.477247006291227,21.775280898876407,4,-0.1634599925066027,-0.5700508660812886,-0.04816743107642907
2.0,-1.0,-1.0,-6.0,34.171955004297416,235.7608886993682,210.1319699404362,0.0,0.19074888469922333,1.841004346072244,132.875,12.770427041339762,25.3457580544093,2.435944715268362,19.125000000000004,5,0.0,0.0,0.0
2.0,-1.0,0.0,-4.0,-3.650478048263551,310.0599779421091,251.8511129339278,0.0,0.03554713538539512,2.7187983935742084,2235.909090909091,47.940831731494164,79.48016316398117,1.7041592360478695,40.09090909090909,5,0.0,0.0,0.0
2.0,0.0,-3.0,-12.0,14.83774278115851,11.252215377674645,63.88875052415375,0.0,0.6760034877394677,0.9130406165468941,14.696629213483147,5.0124143321549415,9.934972606328358,3.388409570532035,6.303370786516854,5,0.0,0.0,0.0
2.0,0.0,-3.0,-11.0,19.780218681274874,31.001177547975203,105.33705894951783,0.0,0.6395484585801513,0.9767639272504727,352.84090909090907,19.641328023555985,225.6588595331102,12.56158106193236,21.159090909090914,5,-1.1843390600026957,-0.3559592931604385,-0.03021868127487437
2.0,0.0,-3.0,-10.0,24.786012498561945,49.219336362864254,142.23511529066775,0.0,0.6034870342022862,1.0483439057018207,46.17777777777778,7.870331851757594,27.86769015716335,4.749643227404978,9.822222222222223,5,0.0,0.0,0.0
2.0,0.0,-3.0,-9.0,29.878318907744557,66.02081077181599,175.57918245775065,0.0,0.5685661581649525,1.128797845311371,182.08045977011497,14.116500906147644,103.52478748840245,8.026164686940437,10.919540229885058,4,0.0,0.0,0.0
2.0,0.0,-3.0,-8.0,35.075429001030244,81.47762995098225,206.1280119596349,0.0,0.535338469806826,1.2190606905668855,172.05747126436782,13.985265824891998,92.1089833854986,7.486850806539381,14.942528735632184,4,-0.8482829800931739,-0.3723864678961206,-0.18608989796179287
2.0,0.0,-2.0,-13.0,-3.453048861956631e-05,43.31183376211405,18.129826092704945,0.0,0.5976075898333654,0.9037547080770468,218.55555555555554,15.773473591311536,130.61045880024773,9.426347536203926,19.444444444444443,4,-1.6257778564750254,-1.187105136169155,0.08179248815544783
2.0,0.0,-2.0,-12.0,4.899959032394861,63.0601346295436,63.84952444302098,0.0,0.5622964472846345,0.9713943662837299,36.20454545454545,6.952744122031695,20.35768728464597,3.909503318697547,7.795454545454545,4,0.0,0.0,0.0
2.0,0.0,-2.0,-11.0,9.877856568303997,81.75801448175191,104.01032284199005,0.0,0.5260060416657061,1.0492308892663176,12.044943820224718,4.501956818995602,6.335713220962212,2.3680564861098103,4.955056179775282,4,0.0,0.0,0.0
2.0,0.0,-2.0,-10.0,14.984549565579243,99.45811698092193,139.86357061238024,0.0,0.4897196212407237,1.139516581526337,570.344827586207,24.363722275939697,279.3090529421232,11.931392844987371,14.655172413793103,4,-1.0711577592287256,-0.9249657686625881,-0.031775812733043196
2.0,0.0,-2.0,-9.0,20.27224985747617,116.19627681787794,172.34273696202925,0.0,0.45414902143509694,1.2451015383933546,664.1868131868132,26.275897225921145,301.63979125888676,11.933173012481266,16.813186813186814,5,-0.8723193103466258,-0.5506329506133625,-0.04952114334900415
2.0,0.0,-2.0,-8.0,25.795640750092446,131.9842206254764,202.1631149361164,0.0,0.41982790951554494,1.3695609248203406,-2.3636363636363646,4.294312017364288,-0.9923205134003794,1.8028720370575317,13.363636363636363,5,0.0,0.0,0.0
2.0,0.0,-2.0,-7.0,31.611831834718572,146.80350353274096,229.8864761702867,0.0,0.38718386720732356,1.517262247159938,788.2272727272727,28.490864129453414,305.1888836928272,11.03120295372019,14.772727272727272,4,-0.46109277526775827,-0.41583671976903247,-0.08578462566371314
2.0,0.0,-2.0,-6.0,37.77839418684249,160.59923105879676,255.96427622547438,0.0,0.35659606581708614,1.6931967679670565,8313.747126436781,91.56108718203313,2964.6495174854613,32.650323471048246,44.252873563218394,4,-0.2559769487181427,-0.32217472440220263,-0.13711023401904754
2.0,0.0,-1.0,-11.0,-4.415866102985177,119.96367086988766,98.91319681964325,0.0,0.44038942821228544,1.1013250026887276,197.6551724137931,14.667270192605486,87.04524836251105,6.459310733556627,11.344827586206897,4,0.0,0.0,0.0
2.0,0.0,-1.0,-10.0,0.17955341491040144,137.61007204657614,134.39594925030747,0.0,0.4037738468652487,1.2071638292617985,113.9090909090909,11.20068991381578,45.993511829286966,4.522545654046188,7.090909090909091,5,0.0,0.0,0.0
2.0,0.0,-1.0,-9.0,4.953767320730748,154.7513766309197,166.5589952404556,0.0,0.3672064722904349,1.3349258645338773,14.11764705882353,4.903921176627373,5.184091373512023,1.8007515956596962,5.882352941176471,4,0.0,0.0,0.0
2.0,0.0,-1.0,-8.0,9.998172644791339,171.3885941969323,196.1047596042556,0.0,0.3311643479912387,1.4919473497377542,1462.2727272727273,38.7028839124489,484.2525943126431,12.817015316246739,22.727272727272727,4,-0.34469088403002957,-0.7113700535255987,-0.06954591892152528
2.0,0.0,-1.0,-7.0,15.431685309154915,187.50864360975248,223.58703100653142,0.0,0.2960080659386472,1.6890643970377428,94.49462365591398,10.4553734550644,27.97117078998744,3.0948748750998845,9.50537634408602,4,0.0,0.0,0.0
2.0,0.0,-1.0,-6.0,21.415553336132604,203.06968751962413,249.45332161133854,0.0,0.2620499027378051,1.9427887325674598,294.0340909090909,18.14568497644723,77.05160492432621,4.755074983188848,22.96590909090909,4,-0.16195752506774852,-0.38690898205169333,-0.0038766894260149343
2.0,0.0,-1.0,-5.0,28.174481419160855,217.98024861753444,274.0740337277707,0.0,0.2296250524685007,2.2790331630526737,1896.51724137931,44.10067123445367,435.4878710591403,10.126618946107524,30.48275862068966,4,0.15129915629475477,-0.2876941247542959,-0.05542726489390404
2.0,0.0,-1.0,-4.0,36.023929954058104,232.06526044036977,297.7627664693994,0.0,0.1991818974103668,2.7391218496406813,12680.25,112.86036978577475,2525.6762546378036,22.479742596366247,36.75,4,0.0,0.0,0.0
2.0,0.0,0.0,-5.0,-4.537845261476974,243.85824811585465,266.5756558625619,0.0,0.17376355294934784,2.4651642060508476,3.386363636363638,5.568460104363171,0.5884265770330191,0.9675954121908409,17.613636363636363,4,0.0,0.0,0.0
2.0,0.0,0.0,-4.0,-1.6971326418632486,260.4854589658609,290.3038641372848,0.0,0.13847162174661987,3.0814552575635585,52292.04651162791,229.0179636854795,7240.964484914793,31.71248884063684,97.95348837209303,5,0.0,0.0,0.0
2.0,0.0,0.0,-3.0,1.1160364791805364,277.1273703957605,313.3659076820465,0.0,0.10352258503597066,4.108607010084746,-1.4157303370786494,8.461547025120522,-0.14656006420822787,0.8759612214439038,46.41573033707865,4,0.0,0.0,0.0
2.0,0.0,0.0,-2.0,3.909066226574055,293.83097423817605,336.01635705071783,0.0,0.068851785789558,6.162910515127118,3926.139534883721,63.497026414153424,270.32171823572884,4.371883660941198,66.86046511627907,4,0.6757769313178983,-0.18270870218498203,-0.05897260799445814
2.0,0.0,0.0,-1.0,6.688907749731726,310.6451752421119,358.49293626474673,0.0,0.03437583980659033,12.325821030254236,8.045454545454547,7.35591626734776,0.2765692566257495,0.25286579923703845,28.954545454545453,5,0.0,0.0,0.0
2.0,1.0,-4.0,-7.0,36.55594301717775,13.568799554602293,275.9645907797775,0.0,0.6967710814455347,1.1186865095735976,483.8461538461538,22.554339379642027,337.1300078686471,15.715211440842785,16.153846153846153,4,-1.3076440825496842,-0.005079272027330717,-0.12961610313359984
2.0,1.0,-3.0,-10.0,18.87887075634896,13.456399144030712,184.0724537104509,0.0,0.6894170790490134,1.0319257417658818,32.37931034482759,6.687420529715505,22.322849559552537,4.610421927968869,7.620689655172413,4,0.0,0.0,0.0
2.0,1.0,-3.0,-9.0,22.98066908781763,33.39399578632839,215.7434262504831,0.0,0.646757855623148,1.1083461483493717,661.9545454545455,26.24280696410679,428.12430233817753,16.972741557637924,17.045454545454547,4,-1.2119884338972327,-0.35159715982621265,-0.09154513692632094
2.0,1.0,-3.0,-8.0,27.12767785604848,51.79169972565478,244.9323361257233,0.0,0.6061717497454671,1.193375180385773,75.60919540229885,9.745703105794444,45.83215827385842,5.907569904139251,12.390804597701148,4,0.0,0.0,0.0
2.0,1.0,-3.0,-7.0,31.331233989477596,68.78558902665188,272.17949844772613,0.0,0.567910322275728,1.28727748682555,392.29545454545456,20.452417818636974,222.7886380182123,11.615139194699966,16.704545454545457,5,-0.6353823701367531,-0.1900488066557955,-0.13964164664531253
2.0,1.0,-3.0,-6.0,35.59976821725638,84.46606701352427,297.9212881720311,0.0,0.5321521633446022,1.3895213432461697,152.36046511627907,13.194262441854496,81.07895111981772,7.0213553021693045,13.63953488372093,4,0.0,0.0,0.0
2.0,1.0,-2.0,-12.0,2.1530793979923715,13.964160894396173,109.78100033000021,0.0,0.6781565449451536,0.9583122585914043,42.539325842696634,7.665458079576934,28.848322237779236,5.198380566667806,10.460674157303371,5,0.0,0.0,0.0
2.0,1.0,-2.0,-11.0,6.094714787445042,36.53869772637998,147.43084231003107,0.0,0.6327741151050895,1.0327744226154107,13.731182795698924,5.0641672824631785,8.688737042894616,3.204473970904784,7.268817204301076,4,0.0,0.0,0.0
2.0,1.0,-2.0,-10.0,10.068530460985187,57.59280505465213,181.25290797049357,0.0,0.5883113870263009,1.1184910625663063,10.534883720930232,5.204264590669053,6.197792054021263,3.0617281197883743,10.465116279069768,4,0.0,0.0,0.0
2.0,1.0,-2.0,-9.0,14.100399066177545,77.32759047179435,212.07733322561987,0.0,0.5452364663390913,1.2177761255242574,564.7303370786517,24.169584022469536,307.91157342324794,13.17813858529705,12.269662921348313,4,-0.8805412489003288,-0.44785883858773445,-0.033158070591653654
2.0,1.0,-2.0,-8.0,18.21716801487048,95.89257459949228,240.54662209658062,0.0,0.5038573547417402,1.333386587147706,6.209302325581396,5.14163905153696,3.128602644559178,2.590652651544243,12.790697674418606,5,0.0,0.0,0.0
2.0,1.0,-2.0,-7.0,22.44737200778792,113.39429898575057,267.17057446145077,0.0,0.4643783533488006,1.4684368035187934,284.4827586206897,17.48179507195335,132.1076350044002,8.118167209094874,13.517241379310345,5,-0.5369511097459707,-0.15041085639910534,-0.11348854050893209
2.0,1.0,-2.0,-6.0,26.82173677632099,129.90106977843737,292.3636074297342,0.0,0.4269440287363125,1.6260246191693368,55.38202247191012,9.028990047626666,23.6450237937223,3.8548733863537987,16.617977528089888,5,0.0,0.0,0.0
2.0,1.0,-2.0,-5.0,31.373323525088068,145.44463675143493,316.47080343194665,0.0,0.39167470231623774,1.8081952660361678,1564.5116279069766,40.11935950424468,612.7796261307576,15.713738190943157,28.48837209302326,5,-0.16346043639933328,-0.1678549315389546,-0.17386452422864096
2.0,1.0,-2.0,-4.0,36.13699495643016,160.01926524205368,339.7865245151229,0.0,0.3586965751475974,2.013558990422849,684.9555555555555,26.900470416741324,245.69121190609764,9.649106608344376,25.044444444444444,4,0.0,0.0,0.0
2.0,1.0,-1.0,-11.0,-5.552463992839421,67.74367221010593,142.56814065263745,0.0,0.5616128175418126,1.0823121594735612,19.678160919540232,5.443642241260804,11.051507398064176,3.0572192568041077,6.32183908045977,4,0.0,0.0,0.0
2.0,1.0,-1.0,-10.0,-2.0590683628182944,88.53237459604198,175.99409715830964,0.0,0.5172285241333822,1.182216052749897,253.31460674157307,16.495262659037365,131.02154018637194,8.531820360326385,11.685393258426965,4,-0.7641542570589479,-0.6810463108520537,0.006187006886090973
2.0,1.0,-1.0,-9.0,1.4492508558977306,108.33145130555762,206.48341123199938,0.0,0.47382435234190534,1.30136683650933,568.0588235294117,24.261336664483366,269.1601041509282,11.495612131997753,12.941176470588237,4,-0.7641408620669381,-0.7073025052469006,-0.01974441812949035
2.0,1.0,-1.0,-8.0,4.999527172300134,127.27967319822831,234.66226585136747,0.0,0.4316520253281588,1.4454593241470854,638.4831460674158,25.770012588168136,275.60254313789466,11.123678126414923,16.51685393258427,4,-0.4701680448318797,-0.6133839274327784,-0.06165422913817764
2.0,1.0,-1.0,-7.0,8.622984896833486,145.48766011641356,261.0294262075411,0.0,0.390851259461017,1.62237444770846,1044.139534883721,32.7231202057175,408.10325226234283,12.789872745898938,16.86046511627907,4,-0.2944895071845508,-0.5123078948023476,-0.051108607803911354
2.0,1.0,-1.0,-6.0,12.357767594904715,163.04123818073447,285.9922083144054,0.0,0.3514904290335414,1.8430336717137419,58.61904761904762,9.67071226626878,20.60403419715664,3.3991628035307446,22.38095238095238,4,0.0,0.0,0.0
2.0,1.0,-1.0,-5.0,16.2529264651142,180.00237931792245,309.8917812960145,0.0,0.313599265087258,2.1222217625472806,1918.0561797752807,44.58978960709389,601.5010083736016,13.983325251180098,44.9438202247191,5,0.047130695652100485,-0.2332097877489332,-0.06060911754925513
2.0,1.0,-1.0,-4.0,20.37458781715489,196.4072398264849,333.02144871552593,0.0,0.2771980527069261,2.478147490971663,790.2386363636363,28.77100607016126,219.05261117377665,7.975266857067852,23.761363636363633,4,0.0,0.0,0.0
2.0,1.0,-1.0,-3.0,24.81588887391075,212.25993739805122,355.6401571247421,0.0,0.2423286398415573,2.926037603688834,6650.555555555555,81.94124664193588,1611.62008196849,19.856710845661897,40.44444444444444,5,0.34635439426554626,-0.07809416857759288,-0.12205446982002144
2.0,1.0,-1.0,-2.0,29.713427810668207,227.5190416347016,377.9825689961263,0.0,0.20909523520610962,3.451793829654646,-0.5393258426966292,1.6089636555695783,-0.11277046393138496,0.3364266339994029,0.5393258426966292,5,0.0,0.0,0.0
2.0,1.0,-1.0,-1.0,35.27462870049976,242.07035950785334,400.2663017468864,0.0,0.1777292869780146,3.9459982794426987,1203.4482758620688,35.694768915667815,213.8880039838865,6.34400582822664,44.55172413793103,5,0.5914142394568671,0.10643111508716174,-0.0766652821167284
2.0,1.0,0.0,-4.0,-5.0971487283594,213.02022925982288,325.9724725218508,0.0,0.24062454790809612,2.722592501240693,554.5909090909091,24.83625091482473,133.44818677394005,5.9762116481117395,39.40909090909091,5,0.3657247080662671,-0.2826475226716525,-0.08759533704428346
2.0,1.0,0.0,-3.0,-4.238985006731269,229.7751864876059,348.5994484966632,0.0,0.2042007928250108,3.3542873206936115,4732.64705882353,69.39593538349969,966.4102815727204,14.170705024143857,52.352941176470594,5,0.47693692244459385,-0.140465684998901,-0.0819211459418181
2.0,1.0,0.0,-2.0,-4.183129884553836,246.30297615959637,370.943699692573,0.0,0.1686703574641606,4.225191271569647,55.22222222222223,9.103655486115263,9.314351962187535,1.5355168250736282,17.77777777777778,5,0.0,0.0,0.0
2.0,1.0,0.0,-1.0,-5.533363534438564,262.64300444339744,393.2317242069455,0.0,0.13395551616177304,5.2474823792298695,890.7777777777778,30.800633310788903,119.32459700765939,4.125914733256228,37.22222222222222,5,0.7172348420241974,0.5932368681999947,-0.13718878876064888
2.0,2.0,-4.0,-5.0,34.80025874199433,15.92855551583608,365.2712230554235,0.0,0.6940184919671323,1.170353051561165,257.8876404494382,16.928747803937448,178.97879132168111,11.74886402178057,18.1123595505618,5,-0.6970880423111172,0.43755152854026846,-0.05025874199432678
2.0,2.0,-4.0,-4.0,37.878468511459005,30.90559810569701,389.73746593957344,0.0,0.6588805048005412,1.2208748021502176,364.8888888888889,19.747167323035235,240.4181753072197,13.011023574182207,16.11111111111111,5,-0.7068468733605044,0.6108745139263192,-0.12846851145900473
2.0,2.0,-3.0,-8.0,19.65890643775799,13.9379894327069,282.00509151585436,0.0,0.6962355624709222,1.1243652872956487,137.48809523809524,12.350506980514483,95.72410132115097,8.598862174379553,9.511904761904761,5,0.0,0.0,0.0
2.0,2.0,-3.0,-7.0,22.931201281933,33.28301393276078,308.68523392878035,0.0,0.6521624576891609,1.2018078045635305,20.352941176470587,5.721930131438669,13.27342413884998,3.7316280172447063,7.647058823529411,4,0.0,0.0,0.0
2.0,2.0,-3.0,-6.0,26.194698649544677,51.232510338826984,334.023173515499,0.0,0.6106817781801344,1.2836746894385929,1227.1609195402298,35.51832197143517,749.4048124579963,21.690392019490567,21.839080459770116,4,-0.6881224668726418,0.11262395107138445,-0.05681788634459295
2.0,2.0,-3.0,-5.0,29.44952008131648,67.91614670041602,358.3701078984189,0.0,0.5718068658802309,1.3677704843812843,688.8235294117646,26.8785555304753,393.87402349750016,15.369342597268828,21.176470588235297,5,-0.6191030589331632,0.33754109266504884,-0.1279574346717105
2.0,2.0,-3.0,-4.0,32.693021953461766,83.4293329779117,382.0278436836437,0.0,0.5355214852366715,1.450394175039343,165.58139534883722,13.789256366111289,88.6723947647698,7.384443049489145,15.41860465116279,4,-0.5030183891128104,0.3595180136300655,-0.048189057374166566
2.0,2.0,-3.0,-3.0,35.91912609362598,97.83981747744231,405.2635761424618,0.0,0.5017944116925946,1.5261146312928304,620.034090909091,25.46393647789778,311.1296418770801,12.777661024304317,17.96590909090909,4,0.0,0.0,0.0
2.0,2.0,-2.0,-10.0,5.1439653611382425,10.552960345056789,219.31574836369984,0.0,0.699625501538389,1.0611108812736403,3.6436781609195408,4.695960939769397,2.5492101607778084,3.2854140276908486,11.356321839080458,4,0.0,0.0,0.0
2.0,2.0,-2.0,-9.0,8.266100920833992,32.73948423993099,249.20194485148062,0.0,0.6506502395293373,1.144706415403,203.11235955056182,14.84045096944983,132.15510539294192,9.655942977995918,10.887640449438203,5,0.0,0.0,0.0
2.0,2.0,-2.0,-8.0,11.370890547527466,53.47238060638597,276.9284295238343,0.0,0.6037943080563052,1.2390737454858316,276.96629213483146,17.615032143154554,167.23067071447105,10.63585614426558,21.03370786516854,5,-0.7178679710069105,-0.2239426749431459,-0.1208905475274662
2.0,2.0,-2.0,-7.0,14.46531972563892,72.94884475425532,302.98083965756695,0.0,0.5591445784127279,1.3451205602778855,272.25,17.04624312750187,152.22711147286518,9.531314427047894,11.75,4,0.0,0.0,0.0
2.0,2.0,-2.0,-6.0,17.55518621226713,91.32254040024701,327.75679225831965,0.0,0.5167156494361131,1.463018801844417,714.5842696629213,27.23571401977371,369.236874975707,14.073119657583623,17.415730337078653,4,-0.5157445123085296,-0.13074920200119777,-0.09569865046849912
2.0,2.0,-2.0,-5.0,20.644943583625263,108.71265045975055,351.59062932334314,0.0,0.47647743481010174,1.5913689195269873,16.758620689655174,6.398015447362166,7.985104597162396,3.0485099882345303,15.241379310344826,4,0.0,0.0,0.0
2.0,2.0,-2.0,-4.0,23.737367415608873,125.21025599968172,374.77144339771894,0.0,0.43837522505355775,1.725896914827323,-1.6666666666666674,3.5034938469765393,-0.7306253750892633,1.5358449036420951,8.666666666666666,5,0.0,0.0,0.0
2.0,2.0,-2.0,-3.0,26.83297976817198,140.88295955424303,397.55667510989997,0.0,0.402344037606746,1.8578508926020791,1.186046511627907,3.310830842150141,0.47719874227776854,1.3320930488636307,5.813953488372093,5,0.0,0.0,0.0
2.0,2.0,-2.0,-2.0,29.929130522209363,155.7784732102443,420.1828050832324,0.0,0.36831839342649947,1.972999139721349,-4.806818181818182,4.689944403977162,-1.7704395502205599,1.7273927881324698,16.80681818181818,4,0.0,0.0,0.0
2.0,2.0,-2.0,-1.0,33.01858216014696,169.92787639575678,442.8742104457626,0.0,0.33623792987102624,2.0531532039483746,1288.1818181818182,36.498245174616905,433.1355878429493,12.27209440143836,27.818181818181817,4,0.2442825068526986,0.38611721522192965,-0.11222274169477942
2.0,2.0,-2.0,0.0,36.08737196251971,183.3494260942879,465.85100972171625,0.0,0.3060483530368498,2.0818815883065005,19.142857142857142,7.297232868377014,5.8586399009911245,2.2333061010931523,21.857142857142858,4,0.0,0.0,0.0
2.0,2.0,-1.0,-10.0,-5.125566227214307,37.179327412076475,213.8478947698013,0.0,0.6378837982145401,1.1150245327407458,93.5287356321839,10.28507005995561,59.66046512726106,6.560679554747132,7.471264367816092,4,0.0,0.0,0.0
2.0,2.0,-1.0,-9.0,-2.4605246277374135,59.095531077373096,243.39088713210424,0.0,0.5891396996918326,1.213257682901906,123.72727272727273,11.76324644569469,72.89264829823492,6.930195478417587,9.272727272727273,4,0.0,0.0,0.0
2.0,2.0,-1.0,-8.0,0.13507977994652265,79.79896459245789,270.8175157078111,0.0,0.542237081743022,1.3273985782090003,17.862068965517242,5.960631844505351,9.685476149754669,3.2320756167091083,11.137931034482758,4,0.0,0.0,0.0
2.0,2.0,-1.0,-7.0,2.6596081505025495,99.47674606063565,296.6007678382409,0.0,0.4972206201195183,1.4603661098261,358.48275862068965,19.483663899220097,178.2450195435349,9.687679446170488,13.517241379310345,4,-0.40890879765878196,-0.37775113914153735,-0.07915605293274375
2.0,2.0,-1.0,-6.0,5.107805349883876,118.2824968505142,321.1293592500049,0.0,0.4540596255815039,1.6149732832280221,588.5795454545455,24.71238219350142,267.2502080340227,11.220895006008279,14.420454545454545,4,-0.19387165651524185,-0.21934243676122378,-0.007960549056146071
2.0,2.0,-1.0,-5.0,7.469696821775415,136.34495424863212,344.7315162003327,0.0,0.4126718569598573,1.7928786218124444,71.04651162790698,9.649481501075016,29.31889588400847,3.982069449748418,13.953488372093023,4,0.0,0.0,0.0
2.0,2.0,-1.0,-4.0,9.728762193347137,153.77493408660743,367.69246066251793,0.0,0.37293911654960854,1.9922589283709264,1.5730337078651688,3.4671819738139593,0.586645801313991,1.2930477822309059,6.426966292134831,5,0.0,0.0,0.0
2.0,2.0,-1.0,-3.0,11.858906821067535,170.67171755261717,390.26779267954566,0.0,0.33471574565486106,2.203484030279438,0.5116279069767441,2.5524249066863023,0.1712499163815568,0.8543368058695449,3.488372093023256,4,0.0,0.0,0.0
2.0,2.0,-1.0,-2.0,13.819305516841894,187.1301054446884,412.6942757288148,0.0,0.29782986438183956,2.4032963128309435,2814.2413793103447,53.53341753988626,838.1651283377611,15.943850485800715,32.75862068965517,5,0.34177719589840194,0.12428635405046862,-0.09559574349886724
2.0,2.0,-1.0,-1.0,15.545215685626658,203.25009450470557,435.19917238377366,0.0,0.2620751100428464,2.552582493582333,325.10344827586204,18.589245481256782,85.20152198220536,4.871778555113856,12.89655172413793,4,0.449044262191137,0.24342158189108432,-0.059118041184749615
2.0,2.0,-1.0,0.0,16.9305055904955,219.1530520157457,458.00920277185025,0.0,0.22718630465267695,2.6083704364165894,21213.203268641468,146.05658031903593,4819.349260448743,33.182054752888675,75.79673135852912,5,0.6471601800753035,0.2431470939949918,-0.08337550012667094
2.0,2.0,-1.0,1.0,17.791241146021946,235.01352907266494,481.36054283047224,0.0,0.19278160087983467,2.5511323935740986,403.60674157303373,21.540673880671193,77.80795376634316,4.152645594746233,38.39325842696629,5,0.793415119300164,0.3455106143561011,-0.043036274180462186
2.0,2.0,-1.0,2.0,17.779048070680574,251.13237685743778,505.5127176874905,0.0,0.1582203358061321,2.4008773751135317,5352.563218390805,73.57516515778794,846.8843498373443,11.641087338256837,39.43678160919541,5,0.8827857164327213,0.37179045381611786,-0.03887784489007018
2.0,2.0,-1.0,3.0,16.127581854928707,268.1428764568699,530.7750728735027,0.0,0.12219343965522533,2.2006885739761466,1960.2134831460676,44.73004072618017,239.52522796416807,5.4657175322502685,25.786516853932586,4,1.0507392594167868,0.488949390016046,-0.09946638123389562
2.0,2.0,-1.0,4.0,10.564617017225459,287.85318183356685,557.5894204096852,0.0,0.08103883545947828,1.9895045426406142,15138.65909090909,123.29607037969369,1226.8193031453168,9.99176996030025,40.34090909090909,4,0.0,0.0,0.0
2.0,3.0,-4.0,-3.0,30.32020310365982,11.950480946297091,453.2875497290126,0.0,0.702065265184418,1.1370346188201408,707.6777777777777,27.242489054353005,496.8359867206751,19.12600530222795,22.322222222222223,5,0.0,0.0,0.0
2.0,3.0,-4.0,-2.0,32.45777040291998,26.699921098137054,477.75277177770056,0.0,0.6666038924601614,1.1619355335010146,47.31818181818182,7.7161684920915965,31.54248418413764,5.143627951706712,7.681818181818181,4,0.0,0.0,0.0
2.0,3.0,-4.0,-1.0,34.462530206565816,40.37996424321685,502.4620610087362,0.0,0.6334935388640227,1.1776478878807781,425.7977528089888,21.470260815425338,269.7401252673147,13.601271504297355,22.202247191011235,4,0.0,0.0,0.0
2.0,3.0,-4.0,0.0,36.31158804182385,53.1089497962121,527.6862330932232,0.0,0.6025038554716045,1.1829660414258585,27.800000000000004,6.616645675869308,16.749607182110605,3.9865545300007783,10.2,5,0.0,0.0,0.0
2.0,3.0,-4.0,1.0,37.97697383102326,65.01120314631135,553.7095387806452,0.0,0.5733526515704921,1.1774624679265717,519.3563218390805,23.2862102723748,297.7743242363347,13.351210404694122,14.64367816091954,4,0.02433776908392815,1.1231588615185046,-0.07475469094004694
2.0,3.0,-3.0,-6.0,17.626471691394272,9.267060066180704,370.9049134584169,0.0,0.7096754137377286,1.1505979432182154,3.550561797752809,3.940165725730189,2.519746412821598,2.7962387416027896,7.44943820224719,4,0.0,0.0,0.0
2.0,3.0,-3.0,-5.0,20.005948800048657,27.953531844370474,395.39068715891534,0.0,0.6657902387632313,1.2099457348149598,389.4137931034483,20.428146165693647,259.2679022880404,13.600860313147361,17.586206896551722,4,-0.5331707777332504,0.5681269524963568,-0.0869817598013185
2.0,3.0,-3.0,-4.0,22.297689969527795,45.4369960373308,419.31907684041227,0.0,0.6244360983115678,1.2659690519773799,18.045977011494255,6.094664328778591,11.26855947527772,3.8057284139811935,11.954022988505745,5,0.0,0.0,0.0
2.0,3.0,-3.0,-3.0,24.48784658641631,61.859416039098335,442.9671861743164,0.0,0.5854626955324007,1.315332759814233,405.2298850574713,20.73359637787749,237.24698081603205,12.138747223472976,15.770114942528735,4,0.0,0.0,0.0
2.0,3.0,-3.0,-2.0,26.55803835219541,77.34621858885146,466.593489249943,0.0,0.5486888637216815,1.354308927127403,30.499999999999996,6.390689250065997,16.735010343511284,3.5065000230170766,6.5,4,0.0,0.0,0.0
2.0,3.0,-3.0,-1.0,28.48422326657962,92.01562557089413,490.4486039475819,0.0,0.5139008077894277,1.37936295752337,557.4269662921348,24.33984079691026,286.4621682611382,12.50826384699825,22.573033707865168,4,0.10127840866046256,0.6963394624218608,-0.09614367548797986
2.0,3.0,-3.0,0.0,30.235141444759222,105.98910871842772,514.785471428488,0.0,0.4808429280063245,1.387921058871,605.1648351648352,25.06294454907226,290.98923126712407,12.051339641436055,14.835164835164836,4,0.047712410594954235,0.8978311710004618,-0.10045284800709808
2.0,3.0,-3.0,1.0,31.770094963713007,119.40460225210852,539.8699800276654,0.0,0.44919934224396707,1.3790468438402446,690.6741573033707,26.70597668610423,310.2503771655804,11.99630716138074,14.325842696629213,5,0.26513356061339266,0.9771945525837964,-0.06417632617313984
2.0,3.0,-3.0,2.0,33.035613146086206,132.43496498583016,565.993245201835,0.0,0.41856222718171837,1.3537107189715158,40.27906976744186,7.369781751987691,16.859297150668283,3.0847122639551543,8.720930232558139,4,0.0,0.0,0.0
2.0,3.0,-3.0,3.0,33.96009327104173,145.3160478957907,593.4872509994202,0.0,0.38837935668098433,1.314510937505551,4.767441860465117,3.5286389147360357,1.8515760027814372,1.3704505116646684,4.232558139534883,4,0.0,0.0,0.0
2.0,3.0,-3.0,4.0,34.44443914288999,158.3929648006786,622.7466775175947,0.0,0.3578651716465789,1.2649923021393192,37.18604651162791,6.8281461842642965,13.307590917741386,2.443555706259675,5.813953488372094,4,0.0,0.0,0.0
2.0,3.0,-3.0,5.0,34.34397729233629,172.20379485526433,654.2623527955689,0.0,0.32583990801031354,1.2088799966462698,753.1666666666666,28.004265548106932,245.41175738310113,9.124907310091556,19.833333333333332,5,0.9098248054935425,1.4078121219723698,-0.07867611939335006
2.0,3.0,-3.0,6.0,33.42879912916618,187.65067347185104,688.6787158457352,0.0,0.29040414718223134,1.1494982893251824,8.511627906976743,3.80983896041192,2.471812043458062,1.1063930342000625,3.488372093023256,4,0.0,0.0,0.0
2.0,3.0,-3.0,7.0,31.279810453633672,206.41798259441924,726.9106240820881,0.0,0.24815102391055538,1.0894743307026113,1175.3720930232557,34.95541469881053,291.66978835961345,8.67422194872791,29.627906976744185,4,1.404727032909932,1.5232656694646494,-0.14161169586969535
2.0,3.0,-2.0,-7.0,7.3262862370824,25.66359337305684,338.82651168072806,0.0,0.6708080215757498,1.1942261378891088,183.93333333333337,14.076142148251337,123.38395543516627,9.442389065887504,9.066666666666666,5,0.0,0.0,0.0
2.0,3.0,-2.0,-6.0,9.514837173554866,45.70910384499433,363.58813580269157,0.0,0.6240232673038415,1.2743920499384938,150.10344827586206,13.069596017909033,93.66804422667661,8.155732009436871,12.89655172413793,4,0.0,0.0,0.0
2.0,3.0,-2.0,-5.0,11.598278095380891,64.63568289712785,387.5233251487482,0.0,0.5795835500830019,1.3564903263470747,575.0,24.412029618256746,333.2605412977261,14.148810790880635,13.0,4,-0.25291875236706574,0.09755157156052974,-0.016212996713447225
2.0,3.0,-2.0,-4.0,13.56009808012385,82.60397696685,410.92575828665895,0.0,0.5373326376653591,1.4368842845558374,150.32558139534885,12.935616663880051,80.77484115974143,6.95072902183064,10.674418604651162,4,0.0,0.0,0.0
2.0,3.0,-2.0,-3.0,15.377547045850008,99.75693344324021,434.06088536562436,0.0,0.4970774929316283,1.51030679181663,1157.0114942528735,34.5464354591471,575.1243728562954,17.172255527757144,22.988505747126435,5,-0.01936943753214848,0.2827728229091804,-0.11635758895417858
2.0,3.0,-2.0,-2.0,17.01951391165599,116.22977057293338,457.17759092059197,0.0,0.458588747363829,1.570155279718134,1102.2954545454545,33.6662988721966,505.5002917248425,15.438985828176927,19.704545454545453,4,0.0,0.0,0.0
2.0,3.0,-2.0,-1.0,18.44332079392649,132.16130730411268,480.51851821043135,0.0,0.42159252874521214,1.6095638580765919,482.3604651162791,22.45191665280566,203.3595682550888,9.465560316833077,13.63953488372093,4,0.35603140556474955,0.37160275731059755,-0.015834234786701984
2.0,3.0,-2.0,0.0,19.589685728164454,147.70890422022052,504.3301697083696,0.0,0.3857508015559124,1.6231927885047164,-1.2941176470588238,2.7122686784467067,-0.4992069196605926,1.0462598167458124,5.294117647058824,4,0.0,0.0,0.0
2.0,3.0,-2.0,1.0,20.37436671787006,163.070844940937,528.8740346175572,0.0,0.3506238223144967,1.6090327660528418,488.09090909090907,22.76342579048699,171.13630018241204,7.981399359632942,18.909090909090907,5,0.5890005720650322,0.6696221139510499,-0.04366546013559969
2.0,3.0,-2.0,2.0,20.67325742734971,178.52372640231016,554.4405637524835,0.0,0.31560068673291125,1.5691696611660904,1740.7378277153557,42.02909981089935,549.3780538489224,13.264412763085906,16.262172284644194,4,0.7063001669722553,0.8099310047301742,-0.07585585943403217
2.0,3.0,-2.0,3.0,20.2930920228288,194.49209542218568,581.3693729519742,0.0,0.2797648670991541,1.5089915387627446,1984.7752808988764,45.06380753052093,555.2703926823605,12.607270124758049,29.224719101123593,5,0.815464680324169,0.8428977228822987,-0.07782639210838482
2.0,3.0,-2.0,4.0,18.90561017274365,211.69675026891514,610.0835958786165,0.0,0.24160454330310063,1.4353745499102173,333.2888888888889,18.635350053190262,80.52410978799786,4.502385238894445,8.711111111111112,5,1.0829292649523268,0.9360690886086331,-0.10159220721803663
2.0,3.0,-2.0,5.0,15.866888218391267,231.53984440562618,641.1627519045301,0.0,0.19825893570916456,1.354902813189596,1550.876404494382,39.83379178928466,307.475105371512,7.8974051654040345,23.123595505617978,5,1.3168823027643555,0.9352865628794689,-0.14986028372480575
2.0,3.0,-2.0,6.0,9.511272804967604,257.5316696019726,675.5687108391148,0.0,0.14272307588063096,1.2728125756200173,629.7727272727273,25.453873367750685,89.88310074209735,3.6328551001214526,11.227272727272727,5,1.8355814312229768,1.042907611758551,-0.33569621517957415
2.0,3.0,-1.0,-8.0,-4.654288865365913,27.562166565167416,306.2485201090279,0.0,0.6654747053925909,1.1817764443004874,464.448275862069,22.138924674230957,309.07857954940715,14.732894375292608,16.551724137931032,5,-0.6970609912656798,-0.3236727158526378,-0.1451957738815599
2.0,3.0,-1.0,-7.0,-2.852152066026264,48.74014085925049,331.8856243077718,0.0,0.6164944149683357,1.2726427940721092,11.97752808988764,4.959551070903076,7.384079172542088,3.0575355359619745,8.02247191011236,4,0.0,0.0,0.0
2.0,3.0,-1.0,-6.0,-1.2072193422011708,68.78261460504105,356.37628676084887,0.0,0.5697589070094207,1.3710274121196981,275.9310344827586,17.277199342557616,157.2141646168753,9.843838213599508,14.068965517241379,5,-0.09093999705352473,0.026034992594702544,-0.042780657798829225
2.0,3.0,-1.0,-5.0,0.25437513066205497,87.87229241997656,380.0486771748643,0.0,0.5251292212021065,1.4748591369830772,71.0909090909091,9.378188163133672,37.33191372545885,4.9247606463931985,10.909090909090907,5,0.0,0.0,0.0
2.0,3.0,-1.0,-4.0,1.4966124297078522,106.17083152960791,403.1903029630836,0.0,0.482418627391864,1.579913330443796,290.67045454545456,17.65573780614503,140.22484170518737,8.517456798031125,13.329545454545455,4,-0.0036121111988762777,0.08996620298233893,0.01902083152742784
2.0,3.0,-1.0,-3.0,2.469696820810327,123.82967598124414,426.06181671156554,0.0,0.4413968404219024,1.6791195827661298,291.08988764044943,17.911899167914612,128.48615668326096,7.906255698673212,18.91011235955056,4,0.09757757700572256,0.29776420567219475,-0.046133299460828336
2.0,3.0,-1.0,-2.0,3.103908497378086,141.00201973571762,448.9084892818708,0.0,0.4017845701679348,1.7625322634172633,3.4302325581395356,4.782209119963626,1.3782145139481488,1.921417835717763,12.569767441860463,4,0.0,0.0,0.0
2.0,3.0,-1.0,-1.0,3.299467396523937,157.8584914904489,471.97064374133583,0.0,0.3632353159084271,1.818808739731882,0.35632183908045967,4.821575349328633,0.1294286757834625,1.7513664451896709,14.64367816091954,5,0.0,0.0,0.0
2.0,3.0,-1.0,0.0,2.9088305374325216,174.61115872147587,495.49436837446376,0.0,0.32529673465228054,1.8385220153762623,154.0561797752809,13.449898145759192,50.113972233903574,4.375207948221228,16.9438202247191,4,0.6564534617373283,0.29382041884002774,-0.0364171451981572
2.0,3.0,-1.0,1.0,1.7033114770531483,191.55554705021027,519.7443472558682,0.0,0.2873333786750675,1.8180008599054893,1436.1348314606744,38.30935414916764,412.64947335654415,11.007556162540052,19.865168539325843,4,0.6761208720053276,0.5272854258564621,-0.06149723019095643
2.0,3.0,-1.0,2.0,-0.6968319197052892,209.1547250013614,545.0223644301781,0.0,0.24836383721488095,1.7610627521590836,1148.1797752808989,34.33529173537357,285.16633480128377,8.52764480728977,19.820224719101123,5,0.860394032825667,0.6550585642931992,-0.09401203832246663
2.0,3.0,-1.0,3.0,-4.992957784364336,228.2382271552151,571.7008235214402,0.0,0.20666842968198132,1.6772145534772929,602.0689655172414,25.114087678447117,124.42864766370325,5.190289063400262,17.93103448275862,5,1.0928086665497574,0.7357360358843152,-0.16132335338927994
2.0,4.0,-4.0,0.0,24.19007350554628,17.100739029666812,575.8924377043465,0.0,0.681341586086619,1.0409407941532502,91.9655172413793,10.44451963890704,62.65993138251768,7.1162855766857644,11.03448275862069,5,0.0,0.0,0.0
2.0,4.0,-4.0,1.0,24.980920491192194,31.832875470875138,603.8837922870149,0.0,0.6446956499314548,1.0371588303856216,192.76470588235298,14.347274677005366,124.27456734266929,9.249625572637077,8.235294117647058,4,-0.26734007005594407,1.3266621697824803,0.0030369888156087654
2.0,4.0,-4.0,2.0,25.479064911479725,46.2706330450292,633.3900614136556,0.0,0.6085317950143136,1.0262291624453321,74.69767441860465,9.45559775087713,45.45590989734826,5.754031872274567,9.30232558139535,4,0.0,0.0,0.0
2.0,4.0,-4.0,3.0,25.623465659262763,60.764297962184855,664.8638877030478,0.0,0.5720446267675938,1.00881154098739,130.4090909090909,12.194976780530824,74.59981973619212,6.976070940858229,11.59090909090909,4,0.0,0.0,0.0
2.0,4.0,-4.0,4.0,25.330896548932373,75.80011387580917,698.8606006888757,0.0,0.5341339745135029,0.9858832031291634,66.08045977011494,9.125546440255908,35.29581861469113,4.874264389741436,10.919540229885058,5,0.0,0.0,0.0
2.0,4.0,-4.0,5.0,24.48160338836641,92.10107656504127,736.0918181550287,0.0,0.49322347878706013,0.9585992033056329,116.0344827586207,11.662090716892104,57.23093124546405,5.752016953315803,12.96551724137931,4,0.0,0.0,0.0
2.0,4.0,-3.0,-3.0,14.415909405384014,16.528435056633754,484.51426925892986,0.0,0.689971739072407,1.1278034739402056,136.41666666666666,12.181033184604845,94.12364473846085,8.404568650080506,7.583333333333333,4,0.0,0.0,0.0
2.0,4.0,-3.0,-2.0,15.620630266240227,33.95896131584044,509.134792817374,0.0,0.6480445834595282,1.1520485099380127,47.172413793103445,7.801947986881987,30.569827247332224,5.056010133331842,8.827586206896552,4,0.0,0.0,0.0
2.0,4.0,-3.0,-1.0,16.60194826139329,50.664951715523756,534.1897331410348,0.0,0.6077538579879559,1.167314912163794,225.20454545454547,15.413509858465877,136.86893133642397,9.367620081618028,7.795454545454546,4,-0.26792962138350873,1.016991162519389,-0.029854121143532808
2.0,4.0,-3.0,0.0,17.316062135953928,66.86360511756529,559.97100376671,0.0,0.568662513995077,1.1724501427085814,33.67816091954023,6.734874422873433,19.1515076552365,3.829870620752349,7.321839080459769,5,0.0,0.0,0.0
2.0,4.0,-3.0,1.0,17.70511260198873,82.81142200930603,586.7957542492027,0.0,0.5302174433637079,1.1670484320864603,241.63636363636363,16.20003443522511,128.11981495097595,8.589540840649088,13.363636363636363,4,0.3370539002318509,1.2091621716430154,-0.14031039338120976
2.0,4.0,-3.0,2.0,17.690523770982622,98.83772264195538,615.0243161903381,0.0,0.49169131677097117,1.1515363542579033,53.98850574712644,8.284165215327182,26.545679481301743,4.073252103072498,9.011494252873563,5,0.0,0.0,0.0
2.0,4.0,-3.0,3.0,17.161190805908888,115.40003706397864,645.0852385652734,0.0,0.4520807445026095,1.1270829397927609,195.86666666666665,14.663231921045591,88.54754848991111,6.62896480368072,12.133333333333333,4,0.39186006984795085,2.1220022938601915,-0.20693105445425175
2.0,4.0,-3.0,4.0,15.950562283353378,133.1859167189036,677.5142330873023,0.0,0.40991610893179886,1.095369475736817,35.45454545454545,6.563028805927795,14.533389316672869,2.690291230933232,4.545454545454546,4,0.0,0.0,0.0
2.0,4.0,-3.0,5.0,13.786439103488647,153.32590557216173,713.0231169906383,0.0,0.36286409098501354,1.058301535535271,36.134831460674164,7.708477552899969,13.1120327708742,2.797129700111429,14.865168539325843,5,0.0,0.0,0.0
2.0,4.0,-3.0,6.0,10.159294201024863,177.92908239335682,752.6466005833688,0.0,0.3067316732139483,1.017748177172063,230.46511627906978,15.920129201461856,70.69095073372623,4.883207867746633,14.534883720930234,4,1.4222738128583785,1.6857148468450305,-0.2352327675777648
2.0,4.0,-2.0,-5.0,3.6895601952242316,12.99697093155848,426.0289099227562,0.0,0.7004426989060315,1.153466471960986,82.16666666666666,9.7260383505035,57.55304176011225,6.812532551890239,7.833333333333334,5,0.0,0.0,0.0
2.0,4.0,-2.0,-4.0,4.88835689394466,32.502053382029686,450.0298700506447,0.0,0.6540966045510472,1.2016481564154717,24.482758620689655,5.7679503198099304,16.014089283835983,3.7727967194068026,5.517241379310345,4,0.0,0.0,0.0
2.0,4.0,-2.0,-3.0,5.8696958408975775,51.09703538892268,473.89824927783087,0.0,0.6097716270427271,1.24356545672535,296.03370786516854,17.910623397894316,180.5129557044352,10.921389970683554,15.96629213483146,5,-0.10805054577851081,0.7357831507908372,-0.11969584089757745
2.0,4.0,-2.0,-2.0,6.592078702013907,68.98430187240655,497.90397956599475,0.0,0.5671363053362267,1.2762912467911665,295.3636363636364,17.797413685260494,167.51144145794552,10.093559441999036,13.636363636363637,4,-0.12632470224461656,0.6785794995745391,-0.05829850557111449
2.0,4.0,-2.0,-1.0,7.000384205577376,86.37754453504932,522.3161788354765,0.0,0.5257844772913551,1.2971358033455223,222.27906976744188,15.364579664759564,116.8708845104831,8.078457487836992,8.720930232558139,4,0.18269756822286354,0.5614455261652438,-0.08734278322065148
2.0,4.0,-2.0,0.0,7.019895862306612,103.52327230713757,547.4156868955506,0.0,0.48520571257652273,1.3041852182082947,145.8172043010753,12.777039797315906,70.75134051881963,6.199492699475254,11.182795698924732,4,0.0,0.0,0.0
2.0,4.0,-2.0,1.0,6.5462692618883125,120.73288164350654,573.5097789872598,0.0,0.444731165094306,1.2967550673929078,309.76404494382024,18.09177532198608,137.76172461219014,8.045976317571283,11.235955056179774,4,0.4024595448243815,1.0860246798059734,-0.09300544738387106
2.0,4.0,-2.0,2.0,5.42741731550683,138.436421801896,600.9518810428749,0.0,0.4034345208363779,1.2755661967870493,3.137931034482758,3.5623977549630803,1.265949703314151,1.4371942313021187,5.862068965517241,4,0.0,0.0,0.0
2.0,4.0,-2.0,3.0,3.4275294352293315,157.28413835066075,630.1719277511578,0.0,0.3599388155279097,1.2425597787849907,265.4090909090909,16.84391458888598,95.53103381215747,6.062778665976897,11.59090909090909,5,1.4529666992987131,0.982136521053917,-0.1817152305304388
2.0,4.0,-2.0,4.0,0.14541554294183356,178.36831464393367,661.7313900891917,0.0,0.31199060606381407,1.2004386875567659,30.860465116279066,6.6130392198363355,9.628175215039098,2.0632061141205105,8.13953488372093,4,0.0,0.0,0.0
2.0,4.0,-2.0,5.0,-5.2130034283016755,203.8230873818542,696.448782789412,0.0,0.2553064169259151,1.1521296049966745,269.8275862068965,16.706946965037872,68.88871422225122,4.265390767415111,5.172413793103448,5,1.2570161580926538,0.7638938581326329,0.0035798939515974126
2.0,4.0,-1.0,-5.0,-6.127583746168767,33.64741492956972,417.5871791789781,0.0,0.6521620333992542,1.2235999551369574,175.9438202247191,13.57948261858161,114.74387956178563,8.856022997044011,5.056179775280899,4,-0.2009953541828935,0.2599600797480548,-0.12241625383123278
2.0,4.0,-1.0,-4.0,-5.500515258982574,53.08042750806081,441.27836419843584,0.0,0.6060804508123543,1.2815701679746618,212.18181818181816,15.19814038211189,128.59925201782133,9.21129577429982,11.818181818181818,4,-0.4615211132508037,0.3266404354844781,-0.05921597364022535
2.0,4.0,-1.0,-3.0,-5.1806581228590005,71.72215359481605,464.8214210542532,0.0,0.5618618515914966,1.3327846460703596,53.67045454545455,8.6443668061541,30.155380966666346,4.856939939541814,13.329545454545457,5,0.0,0.0,0.0
2.0,4.0,-1.0,-2.0,-5.233538008456463,89.77539791283498,488.47940283235664,0.0,0.5191558108679908,1.373302623115861,57.529411764705884,9.14814633217456,29.86672841346441,4.74931332701912,16.47058823529412,5,0.0,0.0,0.0
2.0,4.0,-1.0,-1.0,-5.747912628749901,107.46159423968342,512.5147378689443,0.0,0.4775289188544395,1.3993627048248043,693.8555555555556,26.92522109220642,331.33609328559095,12.857571718078082,20.144444444444446,5,0.2848254234426122,0.5491336593200913,-0.05643001859742647
2.0,5.0,-4.0,3.0,12.128542248306786,22.97657984043539,733.5983555334251,0.0,0.6435184276669097,0.894209556578227,172.65168539325845,14.415489502047388,111.10454111831163,9.276633138406378,22.348314606741575,4,0.0,0.0,0.0
2.0,5.0,-3.0,0.0,6.228864432885786,17.62551288816738,613.6886217023796,0.0,0.6756114102307622,1.002325219953823,114.03448275862068,11.405969816000725,77.04299771148726,7.706003352437757,9.96551724137931,5,0.0,0.0,0.0
2.0,5.0,-3.0,1.0,5.803161487143882,36.02321192312672,643.0609953221667,0.0,0.6302869097455408,0.9989204621409689,64.61627906976743,8.981916512043137,40.72679485413918,5.661184401968115,10.383720930232558,5,0.0,0.0,0.0
2.0,5.0,-3.0,2.0,4.891454376614178,54.86621202584695,674.3418875539893,0.0,0.5838787725513104,0.9891183579674329,63.5,8.779154603693659,37.076302057008206,5.125962014042839,8.5,4,0.0,0.0,0.0
2.0,5.0,-3.0,3.0,3.357915006460871,74.8400460729167,708.1021726580756,0.0,0.5349426375623387,0.9734697948229719,112.33333333333334,11.433651869010546,60.09188961950272,6.1163478877780655,11.666666666666666,4,0.0,0.0,0.0
2.0,5.0,-3.0,4.0,0.9923646605500096,97.00026865844912,745.0882618745096,0.0,0.4813128847504122,0.952796293188909,95.44186046511628,10.429937772920717,45.93739718641143,5.02006343725176,8.55813953488372,4,0.0,0.0,0.0
2.0,5.0,-2.0,-2.0,-2.271271845863822,13.416151641798251,545.0586880811775,0.0,0.6928379591749745,1.0649427823546247,252.0,16.38507211565741,174.59516571209357,11.352199925546863,10.0,5,0.3818733897782778,0.46720467344403005,0.021271845863822136
2.0,5.0,-2.0,-1.0,-2.4970778422633373,32.45777485480417,571.1112812408119,0.0,0.6467310908636602,1.076932894801923,58.76744186046512,8.202777563851987,38.00673178168534,5.304991281981953,5.232558139534884,4,0.0,0.0,0.0
2.0,5.0,-2.0,0.0,-3.1465068058266183,51.293647750749614,598.1392362841257,0.0,0.6010846829632341,1.0809271924670765,296.52272727272725,17.961276068713182,178.2352695141208,10.796247931377588,16.477272727272727,5,0.24000572303243217,0.6984989803775079,-0.022941726432695653
2.0,5.0,-2.0,1.0,-4.321594055565583,70.33075340598283,626.5152731380795,0.0,0.555051650347548,1.0766561904955019,77.42528735632185,9.410171225842264,42.975033525759585,5.223131068956757,6.57471264367816,5,0.0,0.0,0.0
2.0,5.0,-2.0,2.0,-6.168267452106079,90.12202557024739,656.6804952194466,0.0,0.5074663570207854,1.0644078499684755,376.7586206896552,20.023351409409088,191.1923247175552,10.161177195079837,15.241379310344827,4,0.8038816240881914,0.9057988758879674,-0.09696835520205038
2.0,-2.0,0.0,-4.0,15.860280370481519,353.68125461621196,209.12595842019837,0.0,0.05185598811343789,2.109051946719023,3175.2333333333336,56.73389149745013,164.65486199072512,2.941992003120849,27.766666666666666,4,0.0,0.0,0.0
2.0,-1.0,0.0,-1.0,-5.025386783493218,361.27255059436493,322.1062651462503,0.0,0.06688800270744431,5.240690039564797,15907.966666666667,126.52385370180421,1064.0521174699338,8.462927868962568,64.03333333333333,4,0.0,0.0,0.0
2.0,0.0,0.0,1.0,12.235542026794093,344.8113637290135,403.84250291573164,0.0,0.03437583980659033,12.325821030254236,-4.068965517241379,6.724049513123368,-0.1398741067992296,0.23114484891471057,31.06896551724138,5,0.0,0.0,0.0
2.0,0.0,0.0,2.0,15.015383549951764,362.27241834904936,427.1817124986988,0.0,0.068851785789558,6.162910515127118,3962.255813953489,63.64791904455323,272.80838854575643,4.382272888006708,55.74418604651163,4,1.1270174465832383,0.08323717566474897,0.010645600607215755
2.0,2.0,-2.0,9.0,20.775056124351096,352.56076458468647,741.3361646926809,0.0,0.04860821935940175,1.143623551332605,1102.0804597701149,33.69723480110572,53.57016874021608,1.6379625810174137,20.919540229885055,5,0.0,0.0,0.0
2.0,-8.0,-1.0,0.0,23.153623568979043,784.2695151781007,29.63048469192796,1.0,1.0351341709268067,0.7190229145839795,8.255813953488374,3.5926281110332092,8.545875132070151,3.718852121162701,1.744186046511628,5,0.0,0.0,0.0
2.0,-8.0,0.0,0.0,31.821515623319527,772.4469240779813,19.325723820891028,1.0,0.9998471170929725,0.7243372084447234,18.02298850574713,5.276061899904235,18.020233098871046,5.275255280223321,5.9770114942528725,5,0.0,0.0,0.0
2.0,-7.0,-3.0,-2.0,0.8214763384952732,744.2554620755222,47.12658148889875,1.0,0.9410526731255094,0.7583915455107124,134.69662921348313,12.046754643354877,126.75662298234388,11.33663065961625,6.303370786516854,5,0.0,0.0,0.0
2.0,-7.0,-3.0,-1.0,0.8290438895812144,756.2381542229514,82.91936426843188,1.0,0.9883458202666607,0.7628130097400815,-2.1136363636363638,2.529066564159673,-2.089003665563624,2.4995923678633774,5.113636363636364,5,0.0,0.0,0.0
2.0,-7.0,-3.0,0.0,1.113834772496233,768.4012303734021,115.69593887285748,1.0,1.0350052739287439,0.764356273766102,1.0689655172413794,2.5632823042389874,1.1063849479927954,2.6530107034555748,2.9310344827586206,4,0.0,0.0,0.0
2.0,-7.0,-3.0,1.0,1.6387566295188094,781.0230028717783,146.1351128291634,1.0,1.0819170858701634,0.7629686318397233,1.4942528735632186,3.0535901388628854,1.6166577145186352,3.3037313444804006,4.505747126436781,4,0.0,0.0,0.0
2.0,-7.0,-2.0,-2.0,8.747929787661661,706.8520215481615,42.128977995669345,1.0,0.8416101310597381,0.7909062759173738,21.057471264367816,5.292182704746703,17.72218115059127,4.453954579733952,3.942528735632184,5,0.0,0.0,0.0
2.0,-7.0,-2.0,-1.0,8.308897106934495,721.1525984603106,78.25824896667967,1.0,0.8928334482204896,0.7959232615478816,41.68181818181819,6.85830090636989,37.21492145537223,6.123320447167938,2.3181818181818183,5,0.0,0.0,0.0
2.0,-7.0,-2.0,0.0,8.214581711608616,735.1674119440507,111.1862259887576,1.0,0.9427951249905728,0.7976750451273669,0.8965517241379313,2.9328027120689764,0.8452645948191345,2.7650320994977617,4.1034482758620685,5,0.0,0.0,0.0
2.0,-7.0,-2.0,1.0,8.411393282638898,749.2774036982374,141.64276434744104,1.0,0.9925543938850127,0.7960965463079072,39.441860465116285,7.168979506976151,39.14819190765074,7.115602109320791,7.558139534883722,4,0.0,0.0,0.0
2.0,-7.0,-2.0,2.0,8.858583443290172,763.7706235054679,170.1923127024123,1.0,1.0429115150676698,0.7912464413185374,9.363636363636362,4.116096075266762,9.765444186542723,4.292723994020548,4.636363636363637,4,0.0,0.0,0.0
2.0,-7.0,-2.0,3.0,9.52433959764042,778.8822332320451,197.29108470937817,1.0,1.0944746792278162,0.783301217962958,18.516483516483518,5.101749867323058,20.265822357130443,5.583736049538957,4.483516483516484,4,0.0,0.0,0.0
2.0,-7.0,-1.0,-2.0,18.462029836339354,680.3013598780524,33.748236867416324,1.0,0.770013877291049,0.8125774215521421,82.86363636363635,9.485513095119627,63.80614992279918,7.303976716468083,4.136363636363637,4,0.0,0.0,0.0
2.0,-7.0,-1.0,-1.0,17.4105414123882,696.8664446727795,70.68471467592349,1.0,0.8255599455573652,0.8180191981550363,32.06666666666667,6.670498898549909,26.472955587539513,5.506896707527328,7.933333333333334,4,0.0,0.0,0.0
2.0,-7.0,-1.0,0.0,16.7989600248155,712.6608259812455,104.14529919387786,1.0,0.879057808456452,0.8199194078014651,298.7977528089888,18.231997396736645,262.66049775598236,16.02697967535905,21.20224719101124,5,-0.7470639620147494,0.5070445561221391,-0.1373013709693467
2.0,-7.0,-1.0,1.0,16.54961108923004,728.1943856599827,134.94247833794438,1.0,0.9317895958436411,0.8182035239388208,24.102272727272723,5.5354851706404355,22.458246963458663,5.15790748994952,3.897727272727273,4,0.0,0.0,0.0
2.0,-7.0,-1.0,2.0,16.605435800964784,743.8357196005268,163.68948430095978,1.0,0.9847064528207565,0.812938883667113,66.69662921348315,8.767449497175305,65.67660116791023,8.63336409464862,6.303370786516854,4,0.0,0.0,0.0
2.0,-7.0,-1.0,3.0,16.92309267951012,759.8719866664413,190.8719293596357,1.0,1.0385275178940263,0.8043274926166954,67.76136363636364,8.889915879176979,70.37204078638726,9.232422272288359,7.238636363636363,4,0.0,0.0,0.0
2.0,-7.0,-1.0,4.0,17.468849339124148,776.545250675061,216.89271735000256,1.0,1.0937951423270478,0.79268514363532,142.4418604651163,12.44892214291186,155.80221504077136,13.616570567124613,7.558139534883721,4,0.0,0.0,0.0
2.0,-7.0,0.0,-2.0,29.561053712116518,665.6518211427586,22.578437628246604,1.0,0.7290325857362363,0.8202636269142669,724.8764044943821,27.51645248169037,528.4585195077253,20.060390503015007,21.123595505617978,4,-0.7243538809515258,-0.518540683811274,-0.1476909499648258
2.0,-7.0,0.0,-1.0,27.786399193900877,684.1286968800669,60.63625895396922,1.0,0.7887248032864035,0.8258604090880495,100.11235955056179,10.827695275387295,78.96110109305455,8.540071826124965,10.887640449438202,5,0.0,0.0,0.0
2.0,-7.0,0.0,0.0,26.56240148144161,701.3955216335581,94.89220774647322,1.0,0.8455720634232416,0.8278139525082553,3.6818181818181817,2.906054878813834,3.113242597149208,2.4572788202997917,2.3181818181818183,4,0.0,0.0,0.0
2.0,-7.0,0.0,1.0,25.783175413321516,718.0971808036617,126.2606204672204,1.0,0.9010938677860804,0.8260461787494779,89.84269662921349,9.923082292135486,80.95670299794944,8.941628602979929,5.157303370786517,5,0.0,0.0,0.0
2.0,-7.0,0.0,2.0,25.372944274305098,734.6842585718967,155.4154404737667,1.0,0.956394037719758,0.8206277832099367,594.3522727272726,24.881088585809024,568.434969941551,23.796124775444873,15.647727272727272,5,-0.30290067145540434,-0.10399044667062185,-0.051875140605321945
2.0,-7.0,0.0,3.0,25.275294239670814,751.4964569851285,182.8801000782253,1.0,1.01229736075148,0.8117705401222886,-2.3023255813953485,3.432428150308587,-2.3306381096371283,3.474637957526467,8.302325581395348,5,0.0,0.0,0.0
2.0,-7.0,0.0,4.0,25.446997379787206,768.8107993109479,209.08156655695686,1.0,1.0694244152960033,0.7998050169104903,22.49425287356322,5.506760639083622,24.05590322683079,5.889064276627049,4.505747126436781,4,0.0,0.0,0.0
2.0,-7.0,0.0,5.0,25.854233688741857,786.8723483454055,234.38560156596873,1.0,1.1282308593536212,0.7851481202048752,30.9,6.256747468844248,34.8623335540269,7.05905557353274,5.1,4,0.0,0.0,0.0
2.0,-7.0,1.0,0.0,36.987068940111556,701.9795777983893,83.47544246548046,1.0,0.8434224895369432,0.8200818866189421,342.7325581395349,18.991625919251554,289.06834743141167,16.017964413169484,11.267441860465116,4,-0.4621239996214399,-0.5866794547886798,-0.08490580196810527
2.0,-7.0,1.0,1.0,35.668086421294504,719.4203835947201,115.58661188041867,1.0,0.9012741674487618,0.8183611837421563,23.06741573033708,6.229230101960743,20.79006590755402,5.614244173991434,9.932584269662922,5,0.0,0.0,0.0
2.0,-7.0,1.0,2.0,34.775875839528624,736.6186932065693,145.31633476407285,1.0,0.9585867564145031,0.8130897912146285,78.30681818181819,9.606943189069899,75.06387884604933,9.209088510668916,8.693181818181817,5,0.0,0.0,0.0
2.0,-7.0,1.0,3.0,34.2434598947753,753.9539649196875,173.22810596009163,1.0,1.0162631778080526,0.8044700436953638,104.37777777777778,10.802010558167652,106.07529213698719,10.977685576559594,7.622222222222222,5,0.0,0.0,0.0
2.0,-7.0,1.0,4.0,34.01977660629734,771.7306203115343,199.7757325226688,1.0,1.0749777789896329,0.7928181367590245,134.82022471910113,12.167393474223276,144.92874573142254,13.07967761301349,8.179775280898877,4,0.0,0.0,0.0
2.0,-6.0,-3.0,1.0,-6.007815500749473,719.2164864431636,200.94474063525502,1.0,0.9247322872614837,0.8669066052000503,0.931034482758621,3.0149085672558416,0.860957646760692,2.787983295282737,5.068965517241379,4,0.0,0.0,0.0
2.0,-6.0,-3.0,2.0,-4.8489992958842265,731.3811526523748,226.84617523979318,1.0,0.9656770983897133,0.8606415623615032,47.38202247191012,7.5474595687005195,45.755733976510356,7.288408856516394,5.617977528089888,5,0.0,0.0,0.0
2.0,-6.0,-3.0,3.0,-3.5212919820265256,744.3426627043266,251.82004265715594,1.0,1.0086722780412167,0.8504328299632081,4.6,3.3290639324991447,4.639892478989597,3.3579345005387635,3.4,4,0.0,0.0,0.0
2.0,-6.0,-3.0,4.0,-2.042337913210133,758.2298853910607,276.1586049130119,1.0,1.0540185363080494,0.8366966867551007,10.943181818181817,4.265853997803783,11.534316482552857,4.496289186868984,4.056818181818182,4,0.0,0.0,0.0
2.0,-6.0,-3.0,5.0,-0.42673513536158225,773.1748108370074,300.1349708074856,1.0,1.1019304753800008,0.8199525115259773,21.40229885057471,5.397332028343038,23.583845346638633,5.947484647775747,4.597701149425287,4,0.0,0.0,0.0
2.0,-6.0,-3.0,6.0,1.3134964541590364,789.32168836073,324.01645438052304,1.0,1.1525322975618006,0.8007735742396841,14.9438202247191,5.011016269684579,17.22323545794601,5.775358094419132,6.056179775280898,5,0.0,0.0,0.0
2.0,-6.0,-2.0,-4.0,1.481061897384734,620.4093962257577,35.2121123641889,1.0,0.6188930740106855,0.8801488659748392,31.057471264367816,6.139216792448335,19.221253861803127,3.7995187526963705,3.942528735632184,4,0.0,0.0,0.0
2.0,-6.0,-2.0,-3.0,0.6632473171751769,635.070693235291,73.33920493232927,1.0,0.6646498653431103,0.8963964198057196,3.269662921348315,3.5771398919866932,2.1731810203915183,2.377545547522424,5.730337078651686,5,0.0,0.0,0.0
2.0,-6.0,-2.0,-2.0,0.3204998438387179,648.6563657430405,107.62536520183414,1.0,0.7077732885714926,0.9086004307466671,7.724137931034482,4.074473186550519,5.4669385048280805,2.8838032864412297,5.275862068965517,5,0.0,0.0,0.0
2.0,-6.0,-2.0,-1.0,0.36121409542030847,661.7456637808878,138.96909221961604,1.0,0.7497045249116604,0.9162121195860043,122.83333333333333,11.66103991296882,92.08870580998229,8.742334387928198,8.166666666666666,4,0.0,0.0,0.0
2.0,-6.0,-2.0,0.0,0.7196271323525707,674.7284176183415,168.0293323527337,1.0,0.7914894873437701,0.918868836294815,124.41176470588235,11.894140920440371,98.47060386659257,9.414087499513908,10.588235294117647,5,0.5715112241633733,-0.7406701136445122,0.030372867647429302
2.0,-6.0,-2.0,1.0,1.3464511529597587,687.8836001701125,195.31307026092884,1.0,0.8339166279021348,0.9164402172269497,83.66666666666667,10.070860053750236,69.77102453447861,8.398257656097709,11.333333333333332,5,0.0,0.0,0.0
2.0,-6.0,-2.0,2.0,2.2035809473511847,701.4240139119252,221.2278655094932,1.0,0.877596926258759,0.9090455110437671,-0.8837209302325584,3.840097574026236,-0.7755507720426245,3.3700578274991417,9.883720930232558,5,0.0,0.0,0.0
2.0,-6.0,-2.0,3.0,3.260905680847827,715.5238463184362,246.11569535935658,1.0,0.9230115380635926,0.8970377150074342,4.8,4.07087214242845,4.430455382705245,3.757461957443116,7.2,5,0.0,0.0,0.0
2.0,-6.0,-2.0,4.0,4.494286862214722,730.337093907991,270.276305607356,1.0,0.9705392003781019,0.8809585170058065,18.588235294117645,5.791056223171279,18.04061101879295,5.620447076181284,9.411764705882351,4,0.0,0.0,0.0
2.0,-6.0,-2.0,5.0,5.884220562273811,746.0110565664536,293.9845766949249,1.0,1.020469348572088,0.8614747995984358,80.72619047619047,9.595304560800166,82.37860300794438,9.79171419451053,7.273809523809524,4,0.0,0.0,0.0
2.0,-6.0,-2.0,6.0,7.414921406079657,762.6973458341058,317.50463081445304,1.0,1.0730037382250581,0.8393102041399062,0.7674418604651161,2.8435346950451237,0.823467985149463,3.0511233575560683,4.232558139534883,4,0.0,0.0,0.0
2.0,-6.0,-2.0,7.0,9.073678841450175,780.5620311053899,341.1025397978402,1.0,1.1282475451774086,0.8151836596496838,65.82758620689656,8.634081552134543,74.26981254288528,9.741381316057348,5.1724137931034475,4,0.0,0.0,0.0
2.0,-6.0,-1.0,-4.0,14.472116622875944,585.9899930043156,23.605271860540086,1.0,0.5326500840996163,0.9103026964667491,25.258426966292134,6.002797815892395,13.453903247819522,3.1973907614680774,6.741573033707865,4,0.0,0.0,0.0
2.0,-6.0,-1.0,-3.0,12.531821236783117,604.8056748113045,63.47727090792347,1.0,0.5860332007788808,0.9283102388966121,21.93023255813954,5.34878665294611,12.851844379871737,3.1345665625093653,4.069767441860465,4,0.0,0.0,0.0
2.0,-6.0,-1.0,-2.0,11.30328914591965,621.5071298453291,98.92553870980902,1.0,0.6350253187762332,0.9418819695109463,19.290697674418603,5.641365322700207,12.250081440113615,3.582409812380887,7.709302325581396,5,0.0,0.0,0.0
2.0,-6.0,-1.0,-1.0,10.618821138507798,637.0318312551512,131.06347136047486,1.0,0.6816531323997584,0.9503661094822397,2.5348837209302326,3.3469083592429536,1.7279114286412482,2.281430566932895,5.4651162790697665,4,0.0,0.0,0.0
2.0,-6.0,-1.0,0.0,10.36698627564013,651.9716546040447,160.66767666043745,1.0,0.7273018830869318,0.9533291219030645,-1.5555555555555558,2.6620330112690977,-1.131358484801894,1.9361016219355902,5.555555555555555,4,0.0,0.0,0.0
2.0,-6.0,-1.0,1.0,10.469095021127373,666.728271248906,188.31412287691293,1.0,0.7729744440213386,0.9506147282307286,3.697674418604651,4.318761816027866,2.8582078278928567,3.3382925136047263,9.30232558139535,4,0.0,0.0,0.0
2.0,-6.0,-1.0,2.0,10.867113053189854,681.5930429243715,214.45261934679053,1.0,0.8194278708937485,0.9423661919515545,8.428571428571427,3.9849717690342548,6.906606340390164,3.265396932271434,4.571428571428572,4,0.0,0.0,0.0
2.0,-6.0,-1.0,3.0,11.516879372859279,696.7923212315937,239.45151627957227,1.0,0.8672503167755582,0.9290058704660624,13.352941176470587,5.049581160472002,11.58034246517951,4.379250861003234,7.647058823529412,4,0.0,0.0,0.0
2.0,-6.0,-1.0,4.0,12.384036301314524,712.5154459373421,263.62676793941387,1.0,0.9169049800643021,0.9111775469974966,18.820224719101127,5.63730383659983,17.256357770873105,5.168871961913981,8.179775280898877,4,0.0,0.0,0.0
2.0,-6.0,-1.0,5.0,13.441453901183735,728.9336429559809,287.26239965140974,1.0,0.9687534077063242,0.8896662203978389,15.37777777777778,5.2105543412587,14.89727462517281,5.047742274133347,7.622222222222223,4,0.0,0.0,0.0
2.0,-6.0,-1.0,6.0,14.667529405311967,746.2141343280297,310.6262682046876,1.0,1.0230639920093996,0.8653133704683604,32.82022471910112,6.559998598969554,33.57719011976916,6.711298354237861,6.179775280898877,5,0.0,0.0,0.0
2.0,-6.0,-1.0,7.0,16.04502630613345,764.5320050536193,333.98352924384807,1.0,1.0800081940863566,0.8389429856436103,2.761363636363636,3.7457448309839494,2.982295354124825,4.04543511041928,7.238636363636363,4,0.0,0.0,0.0
2.0,-6.0,-1.0,8.0,17.56026254174685,784.081579495861,357.6095564760475,1.0,1.1396451369698843,0.8113073165739115,4.290697674418604,4.070847032887672,4.889872738859155,4.639321024378718,7.709302325581396,4,0.0,0.0,0.0
2.0,-6.0,0.0,-4.0,30.023287866275837,564.5269775954797,9.885945435016652,1.0,0.47975154696690414,0.9211372999055519,44.8,7.195276228193049,21.492869304117303,3.4519449013298065,4.2,4,0.0,0.0,0.0
2.0,-6.0,0.0,-3.0,26.61220367478242,587.1786810601834,51.82757280363711,1.0,0.5405913603342529,0.9398059910626373,3.5517241379310347,3.712145441818362,1.9200313832561398,2.0067537541511844,6.448275862068965,4,0.0,0.0,0.0
2.0,-6.0,0.0,-2.0,24.23866268540209,606.5855983995131,88.65042244989934,1.0,0.595076200761765,0.9538929172250346,32.954545454545446,6.995423533512688,19.610465706921797,4.162810059042172,10.045454545454545,5,0.0,0.0,0.0
2.0,-6.0,0.0,-1.0,22.622527513683508,624.1369923279357,121.74606661154161,1.0,0.6459809625281596,0.9627057576549087,191.29032258064515,14.23383367343089,123.5699067029673,9.194785576828616,6.709677419354838,4,-0.7022876865855778,-0.26473749761758825,-0.12379333646831725
2.0,-6.0,0.0,0.0,21.589187888645256,640.6578934138533,152.0346157289149,1.0,0.695088915718471,0.9657829445929645,2.258426966292135,3.5759475081067333,1.569807551229356,2.4856014760760776,6.741573033707866,4,0.0,0.0,0.0
2.0,-6.0,0.0,1.0,21.020890067295113,656.6834441308636,180.17361965915353,1.0,0.7436391404892642,0.9629579970456977,155.2,12.878405698429185,115.41279460393379,9.576886544451922,6.8,4,0.0,0.0,0.0
2.0,-6.0,0.0,2.0,20.83377506180878,672.5872993343924,206.6623900310089,1.0,0.7925410671321244,0.9543838540223503,30.318181818181817,6.542524596757246,24.028404171687587,5.185219425652159,7.681818181818182,5,0.0,0.0,0.0
2.0,-6.0,0.0,3.0,20.965743300062826,688.6494292315494,231.90058256696184,1.0,0.8424882489812823,0.9405104984511619,6.831460674157304,4.610193280719937,5.755425341355277,3.8840336645390128,9.168539325842696,4,0.0,0.0,0.0
2.0,-6.0,0.0,4.0,21.36948987156751,705.0955748175146,256.2243154284148,1.0,0.894021562997609,0.9220220487351011,30.31818181818182,6.327862106823694,27.105108296336603,5.6572451711758625,5.681818181818182,4,0.0,0.0,0.0
2.0,-6.0,0.0,5.0,22.008247821553567,722.1223930925731,279.9304431681337,1.0,0.9475634401711842,0.8997496925133502,89.72413793103448,10.127486996567123,85.01931280432487,9.596436418756078,8.275862068965518,4,0.0,0.0,0.0
2.0,-6.0,0.0,6.0,22.85305497107393,739.915143448017,303.294433107199,1.0,1.0034330538967207,0.8745803965383117,7.351648351648351,4.895687644979821,7.376886956669297,4.912494804526546,10.64835164835165,4,0.0,0.0,0.0
2.0,-6.0,0.0,7.0,23.880929435920507,758.6616575173789,326.5849851160417,1.0,1.061846962280676,0.8473780593194127,140.54545454545453,12.473442863119393,149.23776397144775,13.244887413384907,9.454545454545455,4,0.0,0.0,0.0
2.0,-6.0,0.0,8.0,25.073615175230827,778.5649412399548,350.07748873033086,1.0,1.1229068503586044,0.8189265907793578,38.61363636363637,7.102263636357818,43.35951678998339,7.975180490319006,7.386363636363636,4,0.0,0.0,0.0
2.0,-6.0,1.0,-2.0,37.98740340304778,605.7756732481749,77.24374526212864,1.0,0.5910067876866385,0.9421046935412056,9.91111111111111,4.824362044436805,5.857533940183127,2.8512307145199403,8.088888888888889,4,0.0,0.0,0.0
2.0,-6.0,1.0,-1.0,35.443594929624794,624.4351903304596,111.27992961193246,1.0,0.644894195493348,0.950588951027191,2.724137931034483,3.3685366613711047,1.7567807394473967,2.1723497402247673,5.275862068965517,4,0.0,0.0,0.0
2.0,-6.0,1.0,0.0,33.6130440909576,641.804112697747,142.27501603589187,1.0,0.6964506700531629,0.953548041952729,2.415730337078652,3.14373468894409,1.6824370119261802,2.189456130584483,4.584269662921348,4,0.0,0.0,0.0
2.0,-6.0,1.0,1.0,32.34764300915987,658.5056180030633,170.9552823134873,1.0,0.7470786093049985,0.9508258217522,8.27906976744186,4.723736134875738,6.185115928199521,3.529002222366735,8.72093023255814,5,0.0,0.0,0.0
2.0,-6.0,1.0,2.0,31.542913876639034,674.9670561155524,197.8626486682569,1.0,0.7977914039156756,0.9425660293943532,9.183908045977011,3.791143345870622,7.3268428934324685,3.024541572347695,2.8160919540229887,4,0.0,0.0,0.0
2.0,-6.0,1.0,3.0,31.12200458277249,691.5036088839234,223.4245929747208,1.0,0.8493529486071858,0.929191762879457,26.25531914893617,6.209153715255003,22.300032735771644,5.273763016407099,7.74468085106383,4,0.0,0.0,0.0
2.0,-6.0,1.0,4.0,31.026639321921152,708.365584130837,247.99603324693166,1.0,0.9023537104690789,0.911347689944289,30.750000000000004,6.387212819634694,27.747376596924177,5.763525187353034,6.25,4,0.0,0.0,0.0
2.0,-6.0,1.0,5.0,31.21164339037611,725.7677887673754,271.8867666392188,1.0,0.9572518730987172,0.8898197071745905,10.258426966292134,5.057889848142697,9.819898428529536,4.8416745310615825,9.741573033707864,5,0.0,0.0,0.0
2.0,-6.0,1.0,6.0,31.64145243275962,743.9096753257566,295.3811812658246,1.0,1.014392393702124,0.8654500974916542,20.20689655172414,5.84419180755321,20.497722162394645,5.9283037169182435,8.793103448275861,4,0.0,0.0,0.0
2.0,-6.0,1.0,7.0,32.28779370208696,762.9908557904885,318.75397658578356,1.0,1.0740098122425241,0.8390634910396193,16.9438202247191,5.206753696406578,18.197829178221646,5.592104559870697,6.056179775280898,5,0.0,0.0,0.0
2.0,-6.0,1.0,8.0,33.12809640320293,783.2247611635764,342.2842839028808,1.0,1.1362171270538193,0.8114125948343344,9.235955056179776,4.808384924811385,10.494050319530782,5.4633693050380865,8.764044943820224,4,0.0,0.0,0.0
2.0,-5.0,-3.0,6.0,-4.448236633759109,731.4354297397276,362.6612745075344,1.0,0.9820540001173549,0.9009197159000005,34.82758620689655,6.848983075150209,34.20257034891477,6.726071225687325,7.172413793103448,4,0.0,0.0,0.0
2.0,-5.0,-3.0,7.0,-2.1746289512556984,747.4732297717813,385.9889760470954,1.0,1.030606918784932,0.8712598802676726,118.51724137931033,11.60963354129402,122.14468896082107,11.964968652215228,10.482758620689657,5,0.0,0.0,0.0
2.0,-5.0,-3.0,8.0,0.1873021761695952,764.8309426915458,409.90133844296327,1.0,1.082070097673638,0.8404143707260392,161.07865168539323,13.463253115291575,174.29839236235136,14.568183613468465,12.921348314606742,5,0.0,0.0,0.0
2.0,-5.0,-3.0,9.0,2.6324977847749835,783.6840672137496,434.7055793584456,1.0,1.1362840358969035,0.8091195550741839,1.2941176470588234,3.001729605217194,1.4704852229254044,3.4108174304874117,4.705882352941177,4,0.0,0.0,0.0
2.0,-5.0,-2.0,2.0,-4.816178052302973,647.1333480773226,263.7887143723279,1.0,0.7273581345820312,1.0644681683556572,278.79545454545456,17.35139085096091,202.7841417481313,12.620675281758652,14.204545454545455,4,-0.3184592955583412,0.11232550095905935,-0.06428816903164503
2.0,-5.0,-2.0,3.0,-3.254606321555997,660.4876457854716,287.2751296238622,1.0,0.7674091360724049,1.045301416076417,42.69767441860465,7.615098435032199,32.76658543788222,5.843896111134383,9.302325581395348,5,0.0,0.0,0.0
2.0,-5.0,-2.0,4.0,-1.5429277850832364,674.5107549738001,310.2656238850131,1.0,0.8097714531893501,1.0200748878247168,236.25806451612905,15.963528787788075,191.31503623092905,12.926809904517173,11.741935483870968,4,0.0800657514133718,0.2088922167534406,-0.04140574547208442
2.0,-5.0,-2.0,5.0,0.3006518595509249,689.3051119745514,332.99405837908307,1.0,0.8546792130118097,0.9901389447262989,60.67415730337079,8.85071749074601,51.85694101419969,7.56452425958066,11.325842696629213,5,0.0,0.0,0.0
2.0,-5.0,-2.0,6.0,2.261573535667452,704.9778006595975,355.6921646874077,1.0,0.9023118669086059,0.9568733600681762,29.744444444444447,6.654041749563815,26.838765196825978,6.004020833536732,9.255555555555556,5,0.0,0.0,0.0
2.0,-5.0,-2.0,7.0,4.328349650422382,721.648054105128,378.5995982818532,1.0,0.9527871565051723,0.9215549661565288,13.545454545454545,5.346660346375495,12.905935119933698,5.094229308222068,9.454545454545455,5,0.0,0.0,0.0
2.0,-5.0,-2.0,8.0,6.492138333012406,739.4549896362663,401.97461517057303,1.0,1.0061454794912195,0.8852768874748694,81.49425287356323,9.467926261431337,81.99507413324996,9.526111208095342,4.505747126436781,4,0.0,0.0,0.0
2.0,-5.0,-2.0,9.0,8.746429925648329,758.5664780008278,426.1065312025411,1.0,1.0623244615832976,0.8489156770969518,26.229885057471265,6.450969585082555,27.864648521069945,6.8530227911630535,9.770114942528735,5,0.0,0.0,0.0
2.0,-5.0,-2.0,10.0,11.086824206768426,779.1902241567693,451.3314222079127,1.0,1.1211219551777871,0.8131337125382266,117.03296703296704,11.446636187740527,131.20822882025752,12.833075143008472,8.967032967032967,4,0.0,0.0,0.0
2.0,-5.0,-1.0,-5.0,8.163131222236672,515.4587693314181,44.421915388928085,1.0,0.37293136604857013,1.0322772655277486,30.612903225806452,6.609807825243172,11.41651181871268,2.4650046615864647,8.387096774193548,5,0.0,0.0,0.0
2.0,-5.0,-1.0,-4.0,5.721779457828717,535.663270543605,83.8729704773038,1.0,0.42251444375856495,1.06663417227204,230.93333333333334,15.665077933628886,97.5726688786446,6.618721689561779,9.066666666666666,4,-1.0193980473741249,-0.010489322877774043,-0.25381693359869306
2.0,-5.0,-1.0,-3.0,4.2812433806567185,552.9389925583029,118.80750871426801,1.0,0.46663536063071726,1.0958996120205056,472.43678160919535,22.00685902997458,220.4557079614223,10.269178599801545,7.5632183908045985,4,-0.8834318667986736,0.0896901393882672,-0.21354901068352827
2.0,-5.0,-1.0,-2.0,3.5524007356106893,568.5827832554047,150.42643034763552,1.0,0.5078331641414124,1.118391196738754,1115.181818181818,33.807121847375676,566.326311320246,17.16837765826706,17.81818181818182,4,-0.7012827826430339,-0.27538299873742744,-0.1374705588705627
2.0,-5.0,-1.0,-1.0,3.3600960611520634,583.3448927727759,179.52624355102145,1.0,0.5476957446908381,1.1326400104714718,272.9886363636364,17.057922561303823,149.51471448531825,9.342551600091946,11.011363636363637,5,-0.6068398251314875,-0.3513302464456274,-0.11009606115206338
2.0,-5.0,-1.0,0.0,3.5882947626209614,597.6980964551487,206.679321623005,1.0,0.5873028812117301,1.1376309842913086,553.4651162790698,24.009383869463175,325.05165744088293,14.10078032265416,14.534883720930234,4,-0.5026215618565857,-0.14515776139552372,-0.12125273881556842
2.0,-5.0,-1.0,1.0,4.155332361479452,611.9610768499383,232.3229606429697,1.0,0.6274350651683696,1.1329924327101732,237.27906976744188,15.84519827186593,148.877208602625,9.941833010313937,8.720930232558139,4,-0.6251353920154088,-0.03616075555061116,-0.17580801585603556
2.0,-5.0,-1.0,2.0,5.0012624895236115,626.362627752709,256.8091641853683,1.0,0.6686841913824355,1.1190700743048785,868.6629213483147,29.95843394056489,580.861163145702,20.032731174630744,18.337078651685392,4,-0.26703648777299804,-0.08656968923918384,-0.08945345519489756
2.0,-5.0,-1.0,3.0,6.080773977131173,641.0784206301305,280.435241176102,1.0,0.7115163578026786,1.0968581029192477,323.3146067415731,18.48857541240548,230.04363141316944,13.154923838394906,11.685393258426968,4,-0.4578738198571273,0.013391798214456685,-0.08512360430598687
2.0,-5.0,-1.0,4.0,7.358936584810863,656.2538529968192,303.46426446953177,1.0,0.7563081506770002,1.0678128928188078,170.58823529411765,13.621172202858709,129.0172727625471,10.301803558797031,9.411764705882353,4,0.0,0.0,0.0
2.0,-5.0,-1.0,5.0,8.808497845795358,672.0194420799685,326.1399857369356,1.0,0.803366335280797,1.033613204068788,9.172413793103447,5.259421457779451,7.368808454644551,4.225242142233465,11.827586206896553,5,0.0,0.0,0.0
2.0,-5.0,-1.0,6.0,10.40808615525475,688.5021868690695,348.69881925181915,1.0,0.8529356629621564,0.9959355822222801,312.13953488372096,18.201283987063047,266.2349411227457,15.5245242242681,11.86046511627907,4,0.06167389920096866,0.3334924941244708,-0.05352368125669216
2.0,-5.0,-1.0,7.0,12.140973671345506,705.8349220187075,371.38058575182396,1.0,0.9051968052624487,0.9562903104986554,115.04545454545455,11.292458904028544,104.13877791451172,10.221897723484132,7.954545454545455,4,0.0,0.0,0.0
2.0,-5.0,-1.0,8.0,13.994203464774927,724.1650408487766,394.43931237428797,1.0,0.9602548168283797,0.9159313517611685,71.04545454545455,9.138907379942832,68.22173994103443,8.77567983213853,7.954545454545455,4,0.0,0.0,0.0
2.0,-5.0,-1.0,9.0,15.957966225269246,743.6637186988637,418.1553078596288,1.0,1.0181174278017147,0.8758298640664213,100.06666666666666,10.618495394567182,101.87961727535824,10.810875218241092,7.933333333333333,4,0.0,0.0,0.0
2.0,-5.0,-1.0,10.0,18.025157611972418,764.5367901619285,442.84991518305,1.0,1.0786616414756427,0.8366905959505516,11.102272727272727,4.0651893514090975,11.97559572411026,4.384963818700241,2.897727272727273,4,0.0,0.0,0.0
2.0,-5.0,-1.0,11.0,20.191074841096565,787.0387076073657,468.90482400775846,1.0,1.1415865217245216,0.7989907324236484,40.27586206896552,7.433254328809539,45.97838128876695,8.485702954319425,9.724137931034484,5,0.0,0.0,0.0
2.0,-5.0,0.0,-5.0,30.483081773724365,484.7220824134572,28.12245187496501,1.0,0.30513214168079966,1.0481380079129592,651.223595505618,26.08991653680651,198.70925040970002,7.960872109149082,18.77640449438202,4,0.0,0.0,0.0
2.0,-5.0,0.0,-4.0,25.009649159083665,511.91836860056264,70.78971122345143,1.0,0.3674409537743085,1.0841549294612833,1388.4333333333334,37.62917012696991,510.16726825204245,13.826498161189543,17.566666666666666,5,-1.0407753757726823,-0.4102961761825128,-0.16227192694080728
2.0,-5.0,0.0,-3.0,21.453263369263652,533.6448197572593,107.68043738847024,1.0,0.4200028474060858,1.1149238834983701,142.3488372093023,12.259101099266354,59.786916952852344,5.148857368330945,4.651162790697674,4,0.0,0.0,0.0
2.0,-5.0,0.0,-2.0,19.121544340193253,552.4283936571159,140.5981830911021,1.0,0.4673692484038727,1.1386278678714705,355.067415730337,19.263166330424543,165.94759122259302,9.003011569729304,9.932584269662923,4,-0.889699271371228,-0.22905864081937466,-0.13135358115503948
2.0,-5.0,0.0,-1.0,17.652152791742623,569.5474421856353,170.6018215336079,1.0,0.5120088043588024,1.153669456485196,616.561797752809,25.255722794987182,315.68506888072943,12.931152431478738,13.438202247191011,4,-0.771703273289063,-0.3277810878794867,-0.11881046341474288
2.0,-5.0,0.0,0.0,16.827056372502796,585.7438954761502,198.3984124651831,1.0,0.5554604678239776,1.1589395335115573,-2.6279069767441867,4.030776677932696,-1.4596984387002205,2.238937099218474,11.627906976744185,5,0.0,0.0,0.0
2.0,-5.0,0.0,1.0,16.503089501627386,601.4898721320192,224.5019456866866,1.0,0.5987737748536811,1.1540312232966,507.97727272727275,23.297278199128826,304.16346913078695,13.949799211108736,22.022727272727273,4,-0.32610390882678075,-0.27756916037861856,-0.06530736590622865
2.0,-5.0,0.0,2.0,16.58052447657002,617.1089284073239,249.31118562930996,1.0,0.642712607467027,1.1393237789138635,259.95348837209303,16.656001635486867,167.0753843317774,10.70502224111883,11.046511627906977,4,-0.534747843781588,-0.0900815465037681,-0.16912903857883776
2.0,-5.0,0.0,3.0,16.98694464454715,632.8388957288046,273.15319761519356,1.0,0.6878610541311406,1.1159042980825622,86.88372093023256,10.059530754705584,59.763927865905615,6.919559428996411,9.116279069767442,4,0.0,0.0,0.0
2.0,-5.0,0.0,4.0,17.66818838353811,648.867874071996,296.31034825355187,1.0,0.734681798306914,1.0853572944962415,660.3522727272727,26.17381457133973,485.1487952433305,19.229425157823584,15.647727272727273,5,-0.06575636417085207,-0.028561114753074435,-0.009726160805751505
2.0,-5.0,0.0,5.0,18.582903331699924,665.3567570448422,319.0387478472127,1.0,0.7835481566465881,1.049496475845974,295.93103448275866,17.74644153285031,231.87621656348344,13.90519155010131,12.068965517241379,4,0.05046335404688307,0.060469522138475895,0.03916180336698005
2.0,-5.0,0.0,6.0,19.699091542689104,682.4546817746298,341.582199201237,1.0,0.8347593321354717,1.0101173603291325,5.053763440860214,4.359150924865481,4.218676194663136,3.6388419147184323,8.946236559139786,5,0.0,0.0,0.0
2.0,-5.0,0.0,7.0,20.991823640328704,700.3108176660633,364.18401744029256,1.0,0.8885431959997885,0.9688208686855625,10.593406593406593,4.895808754876765,9.412699351030726,4.350137558061946,8.406593406593407,4,0.0,0.0,0.0
2.0,-5.0,0.0,8.0,22.44167733677935,719.0845641016979,387.0983387710767,1.0,0.9450481735639239,0.926920730290104,162.45454545454547,13.25823675841357,153.52737146897564,12.529672433216824,8.545454545454545,4,0.0,0.0,0.0
2.0,-5.0,0.0,9.0,24.033647362827907,738.9556452107593,410.6022804438659,1.0,1.0043241642073593,0.8854208480731008,95.88636363636364,10.205431222945995,96.30099201797384,10.249561183360925,5.113636363636363,4,0.0,0.0,0.0
2.0,-5.0,0.0,10.0,25.75637732520505,760.1354343049798,435.01038796044077,1.0,1.066291313128802,0.8450382543139296,8.678160919540229,4.485955241041396,9.253447602439604,4.783335104607063,7.321839080459769,5,0.0,0.0,0.0
2.0,-5.0,0.0,11.0,27.601623103379637,782.8810056940865,460.6931963182093,1.0,1.130694686447041,0.8062486586730575,13.8,5.457105459856901,15.603586672969168,6.170320146841335,10.2,4,0.0,0.0,0.0
2.0,-5.0,1.0,-2.0,35.805642260765126,552.6713825494471,130.68372748440817,1.0,0.4670939005213295,1.1187051784712914,1398.1704545454545,37.864388361516355,653.0768912073165,17.686224850635107,22.829545454545453,5,-0.8437381157237951,-0.7019701571858832,-0.06676878350062054
2.0,-5.0,1.0,-1.0,33.02576466165823,570.833573921612,161.40162339167156,1.0,0.5144380944270269,1.1329560647686385,310.9886363636364,18.128343806689944,159.9844014793687,9.32591064303157,11.011363636363637,4,-0.6446038753746279,-0.6928516969720988,-0.05704188473669802
2.0,-5.0,1.0,0.0,31.092805929528083,587.8207148587343,189.73161892762172,1.0,0.5600997597355989,1.137941017259856,690.1868131868132,26.76607507699197,386.57346823861275,14.991672219688205,16.81318681318681,4,-0.6338165391672419,-0.4070959996809904,-0.06314201611310466
2.0,-5.0,1.0,1.0,29.81440741142754,604.1899027456864,216.24024648753263,1.0,0.6052854206694066,1.1332885935398642,240.2359550561798,16.376183821050642,145.41132111609645,9.912265313084168,17.764044943820224,5,-0.5610405137705357,-0.3263969782632614,-0.06440741142753836
2.0,-5.0,1.0,2.0,29.05769038370579,620.3165589428647,241.35877523916113,1.0,0.6508586671689242,1.1193457220311755,933.7738095238095,30.968999659486858,607.7547771039156,20.156441841928483,16.226190476190474,4,-0.35817068824633225,-0.35082601684649717,-0.036362336334910594
2.0,-5.0,1.0,3.0,28.72672110214029,636.4726707046599,265.4354475039696,1.0,0.697471454396882,1.0971084988896267,341.24999999999994,19.25236113028501,238.01213381293593,13.427972318113884,18.75,5,-0.26850858841191894,-0.31786468635033316,0.023278897859711378
2.0,-5.0,1.0,4.0,28.750003921210975,652.8702793885377,288.76686413086776,1.0,0.7456349860069713,1.0680354659858111,165.40909090909093,13.576030165012241,123.33480518542586,10.122763062119123,11.59090909090909,5,0.0,0.0,0.0
2.0,-5.0,1.0,5.0,29.073020398847973,669.6880097002293,311.6188220297676,1.0,0.7957584152817913,1.0338074028381792,14.045454545454547,5.003046592488578,11.176788651003342,3.981216428019676,6.954545454545455,4,0.0,0.0,0.0
2.0,-5.0,1.0,6.0,29.653524643923788,687.0888368548914,334.2416459948131,1.0,0.8481678391229024,0.9961024509537596,338.632183908046,19.013200245907132,287.21692768275665,16.126384967382087,14.367816091954023,5,0.08784096790236617,-0.0880437401011136,0.008518101657799093
2.0,-5.0,1.0,7.0,30.45844528562199,705.2333235612383,356.8828305346101,1.0,0.9031112107504236,0.9564319638919152,109.40449438202248,11.019883098614656,98.80442538288624,9.952179967518012,7.595505617977528,4,0.07471046522664437,-0.1255526518123702,0.025203107572718153
2.0,-5.0,1.0,8.0,31.461775987635463,724.2908023125906,379.7988320526199,1.0,0.9607513815267171,0.9160504832880054,61.842696629213485,8.398797714861919,59.415456223854505,8.069156507717024,5.157303370786517,4,0.0,0.0,0.0
2.0,-5.0,1.0,9.0,32.64310381420967,744.4502110783578,403.26748616520496,1.0,1.0211475273211492,0.8759293606743758,115.11764705882354,11.167023871440803,117.55210064514642,11.403178813858023,5.882352941176471,4,0.0,0.0,0.0
2.0,-5.0,1.0,10.0,33.98656800969334,765.9320491017535,427.60253947445796,1.0,1.0842239562767557,0.8367732762805694,4.2558139534883725,3.473704045321579,4.614255441828984,3.7662731429531333,4.7441860465116275,4,0.0,0.0,0.0
2.0,-5.0,1.0,11.0,35.48012294177278,789.0030479296262,453.17213773471406,1.0,1.1497244679436776,0.7990591933133697,44.72727272727272,7.103764570590735,51.424039838935386,8.16737194131958,3.2727272727272725,4,0.0,0.0,0.0
2.0,-4.0,-4.0,10.0,-4.072139998408943,783.1560454788362,507.05279366444347,1.0,1.122708107986115,0.7954849652134331,25.875000000000004,5.970439405455421,29.05007229414073,6.703060728744601,6.125,4,0.0,0.0,0.0
2.0,-4.0,-3.0,8.0,-4.7041421725186865,711.824377229347,444.95674521552985,1.0,0.9207605294717555,0.9332930137092099,61.943820224719104,8.459948787861887,57.0354247076156,7.789586925215646,6.056179775280898,5,0.0,0.0,0.0
2.0,-4.0,-3.0,9.0,-1.7833284738727855,729.1550213017294,469.6835261318944,1.0,0.970047810184864,0.8909606657395531,68.25842696629213,9.142332837735944,66.21393760531515,8.868499949226926,9.741573033707866,5,0.0,0.0,0.0
2.0,-4.0,-3.0,10.0,1.193994541851822,747.9296074240749,495.76254995026454,1.0,1.0219015969091216,0.8498420280236939,20.292134831460675,5.678349769433657,20.736564988964872,5.802714697192797,7.7078651685393265,5,0.0,0.0,0.0
2.0,-4.0,-3.0,11.0,4.228221003334397,768.3579945564474,523.6308642574439,1.0,1.075906032290734,0.810410621791065,21.839080459770116,6.191732860822667,23.496798406349363,6.661722735291871,10.160919540229884,5,0.0,0.0,0.0
2.0,-4.0,-2.0,5.0,-5.4578585087953115,638.4845568044776,368.61412269623753,1.0,0.7074414328209632,1.153056273857774,83.02222222222223,10.017121145787481,58.7333598448693,7.086526536117064,10.977777777777778,4,0.0,0.0,0.0
2.0,-4.0,-2.0,6.0,-2.934061767262847,653.438262569209,390.9225484531727,1.0,0.750414142325706,1.1014030769736531,192.546511627907,14.57344187968854,144.4896253810624,10.93611688888,12.453488372093023,4,-0.1701361490478348,0.486974372689815,0.04416298601930224
2.0,-4.0,-2.0,7.0,-0.340414839011828,669.2724522543272,413.55633188839727,1.0,0.7961652431048615,1.0484531857039627,138.41379310344828,12.919252563574522,110.2002512352729,10.285859858011415,17.586206896551722,5,0.0,0.0,0.0
2.0,-4.0,-2.0,8.0,2.3170012044986663,686.0818201732232,436.7637657314247,1.0,0.8447288732601486,0.9959063307940074,116.5,11.666287872638526,98.41091373480731,9.854850209782477,12.5,5,0.0,0.0,0.0
2.0,-4.0,-2.0,9.0,5.034472846279925,703.9857656849288,460.82736122388036,1.0,0.8960666756245149,0.9449397401174341,53.97727272727273,8.355625177533875,48.367235332005066,7.487197275597277,10.022727272727273,4,0.0,0.0,0.0
2.0,-4.0,-2.0,10.0,7.8104161609314815,723.1362633637777,486.07879042744554,1.0,0.9500358845732343,0.8962966513841502,159.95402298850573,13.160502929710844,151.9620617209325,12.502950042256483,8.045977011494253,4,1.0509697469196908,1.041870910559453,0.16086928744254614
2.0,-4.0,-2.0,11.0,10.645227146719066,743.7284168848955,512.9192117357456,1.0,1.00634506430472,0.850389918768714,35.69662921348315,6.772604424113334,35.92312662130445,6.815577034694765,6.3033707865168545,4,0.0,0.0,0.0
2.0,-4.0,-2.0,12.0,13.541221387583334,766.0152795318169,541.848013835027,1.0,1.0644946985969033,0.8073969706183082,12.367816091954023,4.6013204145555004,13.165474663106528,4.898081187840035,5.6321839080459775,4,0.0,0.0,0.0
2.0,-4.0,-1.0,-6.0,-0.4352009283838356,449.2765861976642,58.04374174417973,1.0,0.23386912540707558,1.1603343780698685,655.5280898876404,26.07423874285579,153.30778106179326,6.097959410446969,15.47191011235955,5,-0.9311511076653574,-0.1485684342855862,-0.32173528898919146
2.0,-4.0,-1.0,-5.0,-3.495808993853956,471.1872275683098,97.9379432559374,1.0,0.2808474718941337,1.2215708547527,378.1162790697675,19.84304284574425,106.19300105876094,5.57286841791425,9.883720930232558,5,-0.9960492121103357,-0.4105679514111671,-0.25842231785267344
2.0,-4.0,-1.0,-4.0,-5.029602956022472,488.99087675348795,133.0021135429699,1.0,0.3206971633464418,1.2796339262192777,456.13953488372084,21.795263972678182,146.28265492737464,6.989679330424793,11.86046511627907,5,-0.9408321504548667,-0.48623486321966425,-0.22017402881249648
2.0,-4.0,-1.0,-3.0,-5.602199400566775,504.68867752247706,164.65179420271863,1.0,0.35702050791030376,1.3310513319681343,72.53488372093022,9.438451670146524,25.896441027261332,3.3697208091625668,10.465116279069768,4,0.0,0.0,0.0
2.0,-4.0,-1.0,-2.0,-5.5071845325104505,519.2854971074553,193.74311450659255,1.0,0.3917526568093645,1.37189278234572,91.23595505617978,10.265809027815655,35.7419277897982,4.021657960944342,8.764044943820226,4,0.0,0.0,0.0
2.0,-4.0,-1.0,-1.0,-4.921122500136931,533.352529773754,220.86140281789312,1.0,0.4260779142661321,1.3983860456700077,749.0454545454546,27.82854085198168,319.1517249632542,11.857126643282205,15.954545454545455,4,-0.7554196591549953,-0.22361009243223862,-0.1549612068884798
2.0,-4.0,-1.0,0.0,-3.960218817501243,547.2411213298204,246.44081444270705,1.0,0.4607854151972315,1.4077457757170146,962.4651162790698,31.391886113950502,443.4898882175028,14.464923276840887,14.534883720930232,4,-0.5862067158280979,-0.15530252014465873,-0.1228259609673179
2.0,-4.0,-1.0,1.0,-2.7055362119471056,561.1814288857167,270.82427016926187,1.0,0.4964367872029362,1.3989204868521827,637.8888888888888,25.898424567176445,316.6715105924507,12.856930685746669,21.11111111111111,5,-0.5386643199030914,-0.00689668763300233,-0.09811541417942804
2.0,-4.0,-1.0,2.0,-1.2158124487161217,575.3341001489224,294.29753104021194,1.0,0.5334550185717295,1.3729025921121605,54.05882352941176,8.637850238769182,28.837950709848197,4.607904559542432,12.941176470588236,5,0.0,0.0,0.0
2.0,-4.0,-1.0,3.0,0.46534629453012144,589.8199433515513,317.1105831518942,1.0,0.5721747064436343,1.3324353839275742,44.63636363636363,7.902949548760129,25.539798260347677,4.52186783810068,11.363636363636363,4,0.0,0.0,0.0
2.0,-4.0,-1.0,4.0,2.3051053910423605,604.7382803680385,339.49235006290644,1.0,0.6128708267571734,1.2812742191321758,221.3932584269663,15.637591757532732,135.68546933059937,9.583823788930246,14.606741573033707,5,-0.3385700132231477,0.13183531001175197,-0.05510539104236045
2.0,-4.0,-1.0,5.0,4.278594994347145,620.1791486644631,361.6618561615009,1.0,0.6557740431149105,1.2233550666289903,154.42857142857142,13.310387110206369,101.27024865817403,8.72860637068462,14.571428571428573,5,0.0,0.0,0.0
2.0,-4.0,-1.0,6.0,6.36701844204336,636.2321221496569,383.83767630056246,1.0,0.7010763961629001,1.1621696478078198,219.3932584269663,15.466870655297194,153.81143496041335,10.84345793893347,12.606741573033707,5,0.055598114660256215,0.31035967594266367,-0.024140321632199147
2.0,-4.0,-1.0,7.0,8.556335245917126,652.9934017334749,406.2469219766995,1.0,0.748929011431032,1.1004547401504836,108.21348314606742,11.172172899306947,81.04421695609291,8.367164405014519,10.786516853932584,4,0.0,0.0,0.0
2.0,-4.0,-1.0,8.0,10.83632616095025,670.5722936417621,429.13479240887233,1.0,0.7994321035755162,1.040143888162485,71.18181818181819,9.093266739736606,56.90503064542084,7.2694493581209105,6.818181818181818,5,0.0,0.0,0.0
2.0,-4.0,-1.0,9.0,13.199926420618965,689.0979722869326,452.77573454967126,1.0,0.8526165667757648,0.9824710184895126,4.772727272727273,4.56190206089775,4.069306341429787,3.8895532731299256,10.227272727272727,5,0.0,0.0,0.0
2.0,-4.0,-1.0,10.0,15.642757729772086,708.7274095055428,477.48748685676696,1.0,0.9084156214880448,0.9281297266673868,16.790697674418603,6.008197032774503,15.252932063124844,5.457940041550477,12.209302325581396,4,0.0,0.0,0.0
2.0,-4.0,-1.0,11.0,18.16281677305173,729.6555244809657,503.64977976327395,1.0,0.9666242727335317,0.8774301848889423,59.186046511627914,8.31895279843084,57.21066916527531,8.041301698687787,5.813953488372094,5,0.0,0.0,0.0
2.0,-4.0,-1.0,12.0,20.760296331252107,752.1290163585473,531.7303732781838,1.0,1.026843768983712,0.830428531455016,102.63333333333333,10.6972582156987,105.38839882336163,10.98441294400003,7.366666666666666,5,0.0,0.0,0.0
2.0,-4.0,-1.0,13.0,23.437529381597756,776.4661168646912,562.3227222068044,1.0,1.0884080043988216,0.787023416355432,16.5,5.206369271549564,17.958732072580556,5.666653989010607,6.499999999999999,4,0.0,0.0,0.0
2.0,-4.0,0.0,-5.0,27.243419366518822,432.79189746916336,81.16110473308413,1.0,0.20188268394299796,1.248060190994747,10.551724137931034,4.6510479813278165,2.1302103891916335,0.9389660496181222,6.448275862068965,5,0.0,0.0,0.0
2.0,-4.0,0.0,-4.0,20.42499738709435,460.2692410771464,119.82126548791445,1.0,0.25885453054366714,1.3101725098911992,1198.551724137931,35.05005762953224,310.25054388402697,9.072866213221047,19.448275862068968,5,-1.2422211631188134,-0.728608237278408,-0.17725197082976152
2.0,-4.0,0.0,-3.0,16.44727993296334,481.86766290739024,153.57389579972264,1.0,0.3059803413303447,1.3655142282251855,34.18181818181818,6.735329941546116,10.458964394564509,2.060878554486771,6.818181818181818,4,0.0,0.0,0.0
2.0,-4.0,0.0,-2.0,14.08600448326618,500.5482854250298,184.03312587042757,1.0,0.3484087120807597,1.409708986593956,375.9545454545455,19.804073376809367,130.98583898272562,6.899911699167013,10.045454545454545,4,-0.9135073032547893,-0.4525789148032118,-0.1287805410577203
2.0,-4.0,0.0,-1.0,12.780911568507634,517.6465531001269,212.08844157801863,1.0,0.3885951729792624,1.438490655705735,111.25842696629213,11.250877730912595,43.234487672366924,4.372036778012511,9.741573033707864,5,0.0,0.0,0.0
2.0,-4.0,0.0,0.0,12.221642440885262,533.8858189458426,238.3246338460099,1.0,0.42795745899436494,1.4486744168894468,655.9887640449439,25.948001813849732,280.7352845895282,11.104640922236303,11.01123595505618,4,-0.79021392301172,-0.17400599212865586,-0.0819164134880026
2.0,-4.0,0.0,1.0,12.216207813641773,549.7034711643823,263.169023969208,1.0,0.4674143377069711,1.4390517624210517,100.25,10.972201444808356,46.858287355123856,5.128564271512569,12.75,5,0.0,0.0,0.0
2.0,-4.0,0.0,2.0,12.637071395981991,565.386924203895,286.9585023666482,1.0,0.5076127550029335,1.4107657476767428,247.8636363636364,16.284990934970338,125.81874331959075,8.26646911369809,11.136363636363637,4,-0.5624462370376477,-0.04046714334430135,-0.06240765220551836
2.0,-4.0,0.0,3.0,13.395306231772054,581.1400725171582,309.9755399061318,1.0,0.5490388391505865,1.366955571484657,10.793103448275863,5.879183940394624,5.925832988073572,3.227900325787035,15.206896551724139,4,0.0,0.0,0.0
2.0,-4.0,0.0,4.0,14.426789459340256,597.1196155283991,332.4701426856208,1.0,0.5920766875641265,1.3118705948074671,481.5,22.39079328578919,285.0849250621269,13.257066720583147,12.500000000000002,4,-0.27027010220785996,0.0967305445676061,-0.07583324807091785
2.0,-4.0,0.0,5.0,15.684212595132635,613.4568156905025,354.67488077764074,1.0,0.6370399463396599,1.2498954780950478,10.448275862068966,5.522877867969787,6.6559690945143775,3.518293820651968,12.551724137931034,5,0.0,0.0,0.0
2.0,-4.0,0.0,6.0,17.132165680327233,630.2717478361983,376.81648938202665,1.0,0.6841870658331555,1.1848454476430854,108.0909090909091,11.404426790208403,73.95440193414744,7.802761303101718,13.909090909090907,4,0.0,0.0,0.0
2.0,-4.0,0.0,7.0,18.743967162081447,647.6836376869829,399.1260448087358,1.0,0.7337250929720711,1.1196432057966175,49.1,8.230633835454796,36.025902064928694,6.039022576138144,11.899999999999999,5,0.0,0.0,0.0
2.0,-4.0,0.0,8.0,20.499546643598563,665.8193576345008,421.84909791139614,1.0,0.7858038749814238,1.0562978178924118,83.78160919540231,10.227256539487088,65.83591315792643,8.03661781915806,13.218390804597702,4,0.0,0.0,0.0
2.0,-4.0,0.0,9.0,22.383997123893664,684.8214640728168,445.2569666205917,1.0,0.8405008088462615,0.9960464228944309,6.568181818181818,4.800595047482901,5.520562130831127,4.0349040203527355,10.431818181818182,4,0.0,0.0,0.0
2.0,-4.0,0.0,10.0,24.38657473299139,704.8569128379692,469.6605033845599,1.0,0.8977950755594885,0.9395463811300893,128.06666666666666,11.853082112073448,114.97762267665182,10.641638750421802,7.933333333333333,4,0.0,0.0,0.0
2.0,-4.0,0.0,11.0,26.500013534407145,726.1276319083643,495.4280584253135,1.0,0.9575293761709132,0.887054887576336,92.22988505747126,10.37376540064697,88.31282430339549,9.933185112624896,9.770114942528735,4,0.0,0.0,0.0
2.0,-4.0,0.0,12.0,28.72007604390086,748.8844511786131,523.0101608099645,1.0,1.0193564858617672,0.838571830173403,40.43678160919541,7.217054565536339,41.219495600709166,7.356751380197745,7.5632183908045985,5,0.0,0.0,0.0
2.0,-4.0,0.0,13.0,31.04529431689204,773.4465844514926,552.9748885324268,1.0,1.0826675829113657,0.7939432519571273,4.310344827586207,3.4645924310712775,4.666670615997266,3.751001913120952,4.689655172413793,4,0.0,0.0,0.0
2.0,-4.0,1.0,-2.0,35.40169661382504,502.48708454622556,175.18440971922323,1.0,0.3524662183433454,1.3723636242398654,106.77272727272727,11.082010215354574,37.63377940402356,3.9060342322483494,10.227272727272727,4,0.0,0.0,0.0
2.0,-4.0,1.0,-1.0,32.05456685107009,520.5525643133097,203.78102413979624,1.0,0.3950991406118635,1.3988657219673786,888.8988764044943,30.107906764522742,351.20318215826677,11.895608088285048,11.101123595505618,4,-0.8138892037140977,-0.5115515276543192,-0.0527513261176864
2.0,-4.0,1.0,0.0,29.817342019023556,537.5020259324499,230.41265689582204,1.0,0.43642622652882457,1.40821578483073,1071.2359550561796,33.05416701913119,467.51546558716996,14.425705383212952,13.764044943820226,5,-0.7036007633405461,-0.3915182261490031,-0.07738288711825803
2.0,-4.0,1.0,1.0,28.401674004329607,553.8622381397095,255.55002694149545,1.0,0.4775289188544396,1.3993627048248043,696.8681318681319,26.84656502003927,332.774685595102,12.82001116897477,15.131868131868131,5,-0.5481152430909333,-0.3450110821330554,-0.07114069966856462
2.0,-4.0,1.0,2.0,27.616798800298454,569.974444248757,279.5562999552801,1.0,0.5191558108679909,1.3733026231158607,73.37931034482759,9.24485266688131,38.09529536300292,4.799518982629874,7.620689655172413,4,0.0,0.0,0.0
2.0,-4.0,1.0,3.0,27.329995671813606,586.0777839286023,302.7307209644213,1.0,0.5618618515914966,1.3327846460703594,54.3932584269663,8.61534026418536,30.56149689387006,4.84063103292596,12.606741573033707,5,0.0,0.0,0.0
2.0,-4.0,1.0,4.0,27.44555932167694,602.3535625681905,325.33428956448887,1.0,0.6060804508123543,1.281570167974662,228.93103448275863,15.745989555403446,138.75062458424898,9.543336448225542,12.068965517241377,4,-0.15093433588856442,-0.19482368911792491,-0.03176110209236782
2.0,-4.0,1.0,5.0,27.892670906615024,618.9511649912046,347.60678249083384,1.0,0.652162033399254,1.2235999551369576,154.45454545454544,13.555365501685948,100.72939043139387,8.840294729049607,18.545454545454547,4,0.0,0.0,0.0
2.0,-4.0,1.0,6.0,28.617960587134718,636.0046884282542,369.7794874481701,1.0,0.7003932174317854,1.162368702006292,254.86363636363635,16.498512955780775,178.50476227909184,11.555446571939292,11.136363636363637,4,0.006328918206236267,0.031654917824596396,0.007879387861375875
2.0,-4.0,1.0,7.0,29.580726782372892,653.6447684748974,392.0860359382983,1.0,0.7510028971610292,1.1006144867490708,109.97752808988763,11.072359587048094,82.59344221811408,8.315374128281816,8.02247191011236,4,0.0,0.0,0.0
2.0,-4.0,1.0,8.0,30.749749856098674,672.0080863580746,414.77290197420183,1.0,0.8041577704070497,1.0402709727859643,84.28888888888889,9.89847724914554,67.78156495897643,7.959937395097784,8.711111111111112,5,0.0,0.0,0.0
2.0,-4.0,1.0,9.0,32.101111372813534,691.2461640377359,438.11085746908196,1.0,0.8599477743405342,0.9825715333429086,1.1235955056179778,3.4923542655162017,0.9662334543152071,3.0032422778393286,6.876404494382022,4,0.0,0.0,0.0
2.0,-4.0,1.0,10.0,33.61667678999615,711.5347161474727,462.40873692466755,1.0,0.9183605401859564,0.9282089208718979,16.428571428571427,5.467902631144182,15.087351731626425,5.021506014021783,8.571428571428573,4,0.0,0.0,0.0
2.0,-4.0,1.0,11.0,35.28303591260703,733.084831564405,488.03123276843917,1.0,0.9792429828519034,0.8774924104031345,65.97701149425288,8.80442003362053,64.6075255352865,8.621666536003623,7.022988505747126,5,0.0,0.0,0.0
2.0,-4.0,1.0,12.0,37.09077539098442,756.1575679361198,515.4232085181602,1.0,1.04224742053888,0.8304773105068601,135.75,12.087982386726836,141.48508733815297,12.59866846208546,6.25,4,0.0,0.0,0.0
2.0,-3.0,-4.0,11.0,-4.678660497732153,751.9709974270625,573.158458471552,1.0,1.015437969783999,0.8137400744105007,22.804597701149422,5.768540335594631,23.15665439139602,5.85759488699332,6.195402298850574,5,0.0,0.0,0.0
2.0,-3.0,-4.0,12.0,-0.9855963419489342,772.373322462658,606.1549066580467,1.0,1.0618356470963588,0.7758234020159268,25.9438202247191,5.859429367357079,27.548073136466208,6.221750973903013,5.056179775280899,4,0.0,0.0,0.0
2.0,-3.0,-3.0,9.0,-6.0512752882250425,680.3700666296962,504.79967865413437,1.0,0.8220060854161297,0.9751681103572473,38.69662921348315,7.095716900605868,31.80886469857473,5.832722472688102,7.3033707865168545,4,0.0,0.0,0.0
2.0,-3.0,-3.0,10.0,-2.501074030536131,697.6454032942478,531.3984350220076,1.0,0.8683065080185663,0.9219524232164857,9.136363636363637,4.820539731791984,7.93316400507872,4.185706021277054,8.863636363636363,4,0.0,0.0,0.0
2.0,-3.0,-3.0,11.0,1.0752779119237061,716.30901296765,559.952250017926,1.0,0.9166350100756889,0.8721943495479513,71.55555555555556,9.286921641763051,65.59032738763818,8.512717512669608,9.444444444444445,4,0.0,0.0,0.0
2.0,-3.0,-3.0,12.0,4.683662285890875,736.5592008460272,591.0397572630013,1.0,0.9663948914999521,0.8259763378961227,24.425287356321842,5.932459509819295,23.604472924567798,5.733098564319676,6.57471264367816,5,0.0,0.0,0.0
2.0,-3.0,-3.0,13.0,8.332472186780365,758.6662388694274,625.4157993104681,1.0,1.0167067105365775,0.783222412077195,12.863636363636363,4.508229389838649,13.078545412811428,4.583547073287175,4.136363636363637,5,0.0,0.0,0.0
2.0,-3.0,-3.0,14.0,12.032848159469467,783.000618237182,664.093788871982,1.0,1.0663086156135004,0.743763875472928,3.8850574712643677,2.831683789251445,4.142670253762795,3.0194488211718995,2.1149425287356323,4,0.0,0.0,0.0
2.0,-3.0,-2.0,7.0,-4.964917529275311,621.123563655274,447.90416873112036,1.0,0.6573105974106556,1.193961389878657,206.88636363636363,14.830963707869163,135.9885992779363,9.74854961499523,8.113636363636363,4,-0.1522942328172121,0.5061703678730964,0.06422858175259094
2.0,-3.0,-2.0,8.0,-1.6554708193961858,637.1535637560168,471.3346968907643,1.0,0.7010930426186445,1.1179893483579384,188.21348314606743,14.311444626312488,131.95516356072937,10.03365425732967,10.786516853932584,4,0.17691462292623328,0.6780459544414157,0.07217230257980822
2.0,-3.0,-2.0,9.0,1.6642125961200804,654.1184878874712,495.7468412389321,1.0,0.7474194643096918,1.0472465043306733,466.7209302325581,22.204638497283046,348.8363076565396,16.596179010829655,16.27906976744186,5,0.1589414449456399,0.7313785393993157,0.03101465708036666
2.0,-3.0,-2.0,10.0,4.9983655068679695,672.1200850052155,521.4836593859233,1.0,0.7961362762928844,0.9821347958663648,304.4,18.015548839821673,242.343882503554,14.34283196870822,12.600000000000001,4,0.34902798316886674,0.8022434651855974,0.11699880147416408
2.0,-3.0,-2.0,11.0,8.353052803945303,691.2962287111063,548.963939707744,1.0,0.8469669510506499,0.9226170433183377,29.230769230769226,5.982894749684204,24.757495492249763,5.0673141245969715,3.769230769230769,4,0.0,0.0,0.0
2.0,-3.0,-2.0,12.0,11.73612253982293,711.8310300262087,578.712649783551,1.0,0.8994566110844536,0.8684116559451703,96.37931034482759,10.426964723315239,86.68900786141545,9.378602353930273,7.620689655172414,5,0.0,0.0,0.0
2.0,-3.0,-2.0,13.0,15.157303525161439,733.9699309966256,611.40597199453,1.0,0.9528989761403492,0.8191179619795934,22.620689655172416,6.123578725633962,21.555232012002385,5.835151897971427,9.379310344827585,5,0.0,0.0,0.0
2.0,-3.0,-2.0,14.0,18.62846955339984,758.0427513876291,647.9401150762199,1.0,1.0062420932569969,0.7742921901718918,21.977011494252874,5.72660704721563,22.114194049510093,5.762353062450526,7.022988505747127,4,0.0,0.0,0.0
2.0,-3.0,-2.0,15.0,22.16411459904026,784.4999089161295,689.5403603066026,1.0,1.0579700681864141,0.7334909381896152,15.833333333333336,4.562528538723529,16.751192746284893,4.827018629215793,2.1666666666666665,5,0.0,0.0,0.0
2.0,-3.0,-1.0,3.0,-5.566402019676673,541.1025753013203,351.7082066221379,1.0,0.44753963814219017,1.6786204082798124,256.9772727272727,17.027763546777326,115.00751564713053,7.620599136095501,21.022727272727273,4,-0.521624983584843,0.14635721379511324,-0.059247893668215035
2.0,-3.0,-1.0,4.0,-2.897990111161562,555.9566938789991,373.83787619506916,1.0,0.4847584907132125,1.5795248156398882,247.04651162790697,16.404648525329307,119.75789411270827,7.952292659819362,13.953488372093023,4,-0.3887897800045721,0.16599078095561026,0.043195060890873105
2.0,-3.0,-1.0,5.0,-0.17810393197277108,571.2986859596259,395.8741870091595,1.0,0.5240861245997098,1.4745653038260427,50.26373626373626,9.089632695192389,26.342526746363436,4.763750373258195,20.736263736263734,5,0.0,0.0,0.0
2.0,-3.0,-1.0,6.0,2.584834852041297,587.1742363115179,418.0280047396381,1.0,0.5656307471340425,1.370809224978811,297.4651162790698,17.901131634375478,168.25541596724506,10.125430460896645,14.534883720930232,4,-0.1667798610454838,0.39566306263736806,0.06231755523517002
2.0,-3.0,-1.0,7.0,5.3860629710509045,603.640776588303,440.52409523469913,1.0,0.6094806517282996,1.272482571028792,12.90909090909091,4.945245650668381,7.867841140492595,3.014031542125904,7.090909090909091,4,0.0,0.0,0.0
2.0,-3.0,-1.0,8.0,8.223666563571697,620.770944400379,463.6099218390272,1.0,0.6556922206797596,1.1816595878233895,474.60919540229884,22.440352669459394,311.1975572883673,14.713964674674802,18.39080459770115,5,0.023450493309951526,0.5270355097490551,-0.020333512043610114
2.0,-3.0,-1.0,9.0,11.098037242711086,638.6565151450317,487.5665788567901,1.0,0.7042712889582814,1.0990225537415033,46.909090909090914,7.628242434835701,33.03672591840666,5.372352132067998,7.09090909090909,4,0.0,0.0,0.0
2.0,-3.0,-1.0,10.0,14.01152886703673,657.4134079235779,512.7231010990429,1.0,0.7551462357206524,1.0244537267049099,133.3448275862069,12.513631093296626,100.69484460454355,9.449621415299859,14.655172413793103,4,0.0,0.0,0.0
2.0,-3.0,-1.0,11.0,16.968275041378405,677.1884898702172,539.4759743886793,1.0,0.808130449232136,0.9574281013517437,20.860465116279073,5.807950389172893,16.857977045609907,4.693581557120249,8.13953488372093,4,0.0,0.0,0.0
2.0,-3.0,-1.0,12.0,19.97414627867917,698.1691963201041,568.3166905585679,1.0,0.8628711174217868,0.8972496318759821,37.8,7.333484846919641,32.61652823854354,6.327852264457292,10.2,4,0.0,0.0,0.0
2.0,-3.0,-1.0,13.0,23.036842561008598,720.5975401453467,599.8719744431729,1.0,0.9187807242295704,0.843182928564178,35.13483146067416,6.90397096232342,32.28120589512209,6.3432354408234355,7.865168539325843,4,0.0,0.0,0.0
2.0,-3.0,-1.0,14.0,26.166134911437155,744.791101912434,634.9645224905787,1.0,0.974947401959717,0.7945210692656789,92.7865168539326,10.643065302603162,90.46197354363308,10.376428865660563,13.213483146067414,5,0.0,0.0,0.0
2.0,-3.0,-1.0,15.0,29.374292579462434,771.1754934200126,674.7081088325416,1.0,1.0300207995510762,0.7506165859934099,32.206896551724135,6.812405624475836,33.17377333726569,7.016919488188849,8.793103448275861,4,0.0,0.0,0.0
2.0,-3.0,0.0,-3.0,11.425274507568133,429.97988739465603,193.44683622707188,1.0,0.19863490269204565,1.7468966798549315,1515.6516853932583,39.357253907918,301.06132504312484,7.817724300225425,21.348314606741575,5,-1.2388891680245706,-0.5287067454609371,-0.16251396373508697
2.0,-3.0,0.0,-2.0,8.933000635529368,449.0205585357332,222.3992537532085,1.0,0.23768867614299713,1.8422745998111039,917.4137931034483,30.65746083541735,218.05886995808407,7.286931279876133,14.586206896551724,5,-1.131399546498585,-0.36391373318929254,-0.14325843382569303
2.0,-3.0,0.0,-1.0,7.878515219133817,466.4695054608252,249.28199944436784,1.0,0.27474055805422,1.907785834450069,434.9418604651163,21.9370041827701,119.49616946532673,6.026984771212015,29.058139534883722,5,-0.9789685256910161,-0.3353177701974346,-0.12230378008095766
2.0,-3.0,0.0,0.0,7.7310169220426985,483.10087784876134,274.6090782076512,1.0,0.3112125013969676,1.931565889185929,-5.863636363636363,5.2049424223361695,-1.8248369400094917,1.6198431508824311,20.863636363636363,5,0.0,0.0,0.0
2.0,-3.0,0.0,1.0,8.200910876886297,499.33328935387345,298.7523064414937,1.0,0.34792667710241576,1.9087677080447005,356.59090909090907,19.925221775677112,124.06749008492962,6.932516202940034,25.409090909090907,5,-0.7245914235617761,-0.11044110222218251,-0.04512098954021404
2.0,-3.0,0.0,2.0,9.113334034886151,515.4201475019323,322.00891985138185,1.0,0.38542047155624953,1.8440440974702021,555.0344827586206,24.276972283913008,213.9216520748066,9.356842105623752,21.96551724137931,4,-0.5953266844725249,-0.038751322938651356,-0.01639789489777499
2.0,-3.0,0.0,3.0,10.355596022004505,531.5308502470384,344.63415946777343,1.0,0.42408040779814565,1.7491607930766229,661.0898876404493,26.283761751346404,280.35526914179206,11.146428401980286,18.91011235955056,5,-0.44983801877754104,0.01158894708163416,-0.09660881638856367
2.0,-3.0,0.0,4.0,11.851845397398364,547.7907789106113,366.86006831537554,1.0,0.46420616794256686,1.6378531815587156,2077.862068965517,46.070539927670815,964.5563885476963,21.38622879486909,28.137931034482758,5,-0.3851311027582369,0.09055360520108025,-0.07714741562229044
2.0,-3.0,0.0,5.0,13.549534652052557,564.3031833528594,388.9081941578974,1.0,0.5060422819465185,1.5216700549696676,170.45238095238096,13.8974724043268,86.25611182036015,7.032708648774302,14.547619047619047,4,-0.29997787037916623,0.06870426146809905,0.0516867473063467
2.0,-3.0,0.0,6.0,15.411626289093846,581.1623586577412,410.9996176245185,1.0,0.5497923435831443,1.4083970905232157,652.9333333333334,25.94444206519142,358.97774753688776,14.264055605978704,13.066666666666666,4,-0.10376633341979868,0.2515685401689325,-0.02588412901074122
2.0,-3.0,0.0,7.0,17.41184901991835,598.4624874660444,433.3641521959953,1.0,0.5956220418100405,1.3023691611019235,47.89887640449438,8.092345132357758,28.529626564451714,4.8199791307664706,11.10112359550562,4,0.0,0.0,0.0
2.0,-3.0,0.0,8.0,19.531691856448248,616.3044430636954,456.2499776368334,1.0,0.6436534595974972,1.205470218405715,94.45454545454545,10.989852569717767,60.79599495652724,7.073656626965286,16.545454545454547,4,0.0,0.0,0.0
2.0,-3.0,0.0,9.0,21.758448341385844,634.8019377202165,479.9348411816978,1.0,0.6939510493696136,1.1180957735645376,218.26666666666665,15.535407586828512,151.46638237574098,10.780812397264302,14.733333333333333,5,0.10528691460388018,0.3442744914171385,-0.008448341385843605
2.0,-3.0,0.0,10.0,24.083930176164188,654.0880299817143,504.7401321017507,1.0,0.7464983757297086,1.0398453233437777,58.96629213483146,8.825855212801974,44.01824130145518,6.588486580782255,12.03370786516854,4,0.0,0.0,0.0
2.0,-3.0,0.0,11.0,26.503631675757163,674.3229425148733,531.0496060842722,1.0,0.8011636997658316,0.9699529537737138,100.8888888888889,10.870733163231119,80.82851548748613,8.709236800221365,11.11111111111111,4,0.0,0.0,0.0
2.0,-3.0,0.0,12.0,29.016218453386728,695.7043272129073,559.3354264631686,1.0,0.8576516177371303,0.9075308337468978,148.0,12.801654304861403,126.93243942509528,10.97935952427588,10.0,4,0.0,0.0,0.0
2.0,-3.0,0.0,13.0,31.62327064479635,718.4815924338216,590.1957811031339,1.0,0.9154372817820655,0.8516959829189669,142.11764705882354,12.330792468717263,130.09979251679238,11.288067139781296,5.88235294117647,4,0.0,0.0,0.0
2.0,-3.0,0.0,14.0,34.32925112587185,742.9768460792369,624.4112049945343,1.0,0.9736794058868999,0.8016297361481315,15.568181818181817,5.683394781261409,15.158418023466508,5.533804454039316,10.43181818181818,5,0.0,0.0,0.0
2.0,-3.0,0.0,15.0,37.14170391833301,769.6167895281374,663.0320893604442,1.0,1.031108680580001,0.7566005603487966,54.04545454545454,8.20567859211076,55.72673732771005,8.460946426374885,7.954545454545455,4,0.0,0.0,0.0
2.0,-3.0,1.0,-1.0,33.735623298575916,472.35626734198576,241.66137396541487,1.0,0.2873333786750675,1.8180008599054893,1485.581395348837,39.040963911887225,426.85712162240253,11.217772067533936,24.418604651162788,5,-0.9111428010508575,-0.4833316439818134,-0.030349358485480593
2.0,-3.0,1.0,0.0,30.711878109408474,489.4643507383777,267.23471951318203,1.0,0.32529673465228043,1.8385220153762625,133.76470588235296,13.36446768636119,43.513222035252106,4.347417698739212,28.235294117647058,5,0.0,0.0,0.0
2.0,-3.0,1.0,1.0,28.86206803181952,506.02839103867814,291.550257517324,1.0,0.36323531590842717,1.818808739731882,1165.2222222222222,34.65045917426859,423.2498619924084,12.58627048453751,22.77777777777778,5,-0.6852023514551888,-0.342903585883505,-0.08777155688333238
2.0,-3.0,1.0,2.0,27.861069592001343,522.3541667724021,314.92464923079484,1.0,0.4017845701679348,1.7625322634172633,829.6590909090909,29.463649862553357,333.3442212268286,11.838039895604531,24.340909090909093,5,-0.5538048501929325,-0.20480382966434263,-0.09577726162445188
2.0,-3.0,1.0,3.0,27.496499635677793,538.6449993698174,337.62490013264323,1.0,0.44139684042190236,1.67911958276613,306.8837209302326,18.187592868295905,135.4575047955215,8.027946026945736,15.116279069767442,4,-0.3892260807007233,-0.11926250828389584,0.006530210568811867
2.0,-3.0,1.0,4.0,27.623407002773604,555.0496183966078,359.89021559080123,1.0,0.48241862739186386,1.5799133304437962,303.67415730337075,18.061262158518783,146.49807014067306,8.713089299477243,14.325842696629213,5,-0.38680055321083273,-0.12076641419702128,0.027564667363314754
2.0,-3.0,1.0,5.0,28.139653803586157,571.688160292966,381.94630814041597,1.0,0.5251292212021064,1.4748591369830775,62.0,9.237604307034012,32.55801171453059,4.850935955525994,15.0,4,0.0,0.0,0.0
2.0,-3.0,1.0,6.0,28.971583916777263,588.6677390057379,404.01630973883493,1.0,0.5697589070094206,1.3710274121196984,305.73255813953483,18.007963204585845,174.19384816277548,10.260197432910694,11.267441860465116,4,-0.05866571115643637,0.07208472899435492,0.03624998447215333
2.0,-3.0,1.0,7.0,30.06523147796696,606.0928109601851,426.3304522588414,1.0,0.6164944149683357,1.2726427940721092,1.3820224719101124,5.246204464195176,0.8520091352933179,3.234255751958276,16.617977528089888,4,0.0,0.0,0.0
2.0,-3.0,1.0,8.0,31.3807064760922,624.0730310622738,449.1359251145724,1.0,0.6654747053925907,1.1817764443004874,450.3448275862069,21.762145186978238,299.6930914630081,14.482157157015127,14.655172413793103,4,0.2385085084425782,0.25492068116773225,-0.022026049280523097
2.0,-3.0,1.0,9.0,32.888499775936566,642.730199234215,472.7081104447505,1.0,0.716777818824153,1.0991073583879178,35.89887640449438,7.313415736931294,25.731518327451337,5.242094180071849,11.101123595505618,4,0.0,0.0,0.0
2.0,-3.0,1.0,10.0,34.567002124461084,662.2054436046864,497.3645195445072,1.0,0.7703980533289818,1.0245149553447057,119.76404494382024,11.718034575014046,92.2659870835238,9.027551025432524,11.235955056179776,4,0.0,0.0,0.0
2.0,-3.0,1.0,11.0,36.40082562972319,682.6676898368603,523.4831863454393,1.0,0.826211644452168,0.957471993435768,36.64367816091954,7.40187048092993,30.27543359210933,6.115511582071077,11.35632183908046,4,0.0,0.0,0.0
2.0,-2.0,-4.0,12.0,-3.747571390239557,723.2662578791738,647.8113151254942,1.0,0.9113485417297564,0.813010212992627,30.204545454545453,6.320590613422083,27.526868453610142,5.760261038413002,5.795454545454545,5,0.0,0.0,0.0
2.0,-2.0,-4.0,13.0,0.617370818152466,743.0124800457849,686.9351459602517,1.0,0.9498453943377891,0.7721318844617903,2.137931034482758,3.137292259517384,2.0307039465152728,2.979942603394183,4.862068965517241,4,0.0,0.0,0.0
2.0,-2.0,-4.0,14.0,5.037971670200562,764.8491196172495,731.7057170324863,1.0,0.9862149891357753,0.7342388173041602,-2.2159090909090913,2.5056176553318634,-2.1853627600167753,2.4710776887315204,5.215909090909092,4,0.0,0.0,0.0
2.0,-2.0,-3.0,10.0,-5.8455059589766165,651.1549748255022,569.4063312503727,1.0,0.7303092989732827,0.9863277297094465,323.58620689655174,18.698178486574957,236.31801591604432,13.655453622607872,16.413793103448274,5,0.08785767264930655,0.9156929014385469,0.09550595897661651
2.0,-2.0,-3.0,11.0,-1.5666426302726961,668.077726966398,599.3298357553366,1.0,0.7719658534162062,0.9260743908428195,46.550561797752806,7.633398928036327,35.935444165206086,5.892723317947916,7.449438202247191,4,0.0,0.0,0.0
2.0,-2.0,-3.0,12.0,2.705815386618241,686.281829929895,632.1218403899454,1.0,0.8146132701314925,0.8712795963098536,85.66666666666666,10.169671687041928,69.78520347459785,8.284349509144878,11.333333333333332,5,0.0,0.0,0.0
2.0,-2.0,-3.0,13.0,6.986932413178494,705.9371516213959,668.6351263768336,1.0,0.8573293503436377,0.8215122706916462,25.045454545454543,6.002539063314088,21.47220327451565,5.146152915563374,6.954545454545455,4,0.0,0.0,0.0
2.0,-2.0,-3.0,14.0,11.295526832428266,727.2828740112835,710.0288514755214,1.0,0.8988141968039066,0.7763041964104339,10.733333333333334,4.097114311196643,9.647272379028598,3.682544508832002,3.2666666666666666,5,0.0,0.0,0.0
2.0,-2.0,-3.0,15.0,15.654932576721762,750.6546695472532,757.9322502987902,1.0,0.9372572295508235,0.7351926785099383,6.123595505617978,4.186275904215931,5.73938415848538,3.9236173561207917,6.876404494382022,5,0.0,0.0,0.0
2.0,-2.0,-2.0,8.0,-5.362784697125619,590.838262441061,507.3262069481975,1.0,0.5725059986952742,1.238964506844184,287.54545454545456,17.47134608106363,164.62149762483205,10.002450436690097,11.454545454545453,5,0.03452516955849205,0.7573107509174974,0.112784697125619
2.0,-2.0,-2.0,9.0,-1.2291415435992405,606.8904233248328,532.5568836223097,1.0,0.6135739689855514,1.1446410815557215,219.29411764705884,15.577243627520945,134.55316213989033,9.557791198392914,14.705882352941178,4,0.321132552725544,0.9269055463191762,0.11879015798069337
2.0,-2.0,-2.0,10.0,2.8456954960795997,623.7977591196773,559.313845961712,1.0,0.6566249964262146,1.061075409794377,18.83516483516484,5.411489786773471,12.367640042577277,3.553319461900627,6.164835164835165,5,0.0,0.0,0.0
2.0,-2.0,-2.0,11.0,6.8792255496375105,641.6367836605717,588.0590572415038,1.0,0.7013186481263615,0.9870987486519819,99.30681818181819,10.631937453176842,69.6457234770031,7.456376001626014,8.693181818181817,4,0.0,0.0,0.0
2.0,-2.0,-2.0,12.0,10.8901912909229,660.5206384681087,619.3782631532424,1.0,0.7471476608104896,0.9215153093351205,87.91111111111111,10.033622488758164,65.6825810259177,7.496597571931185,8.088888888888889,4,0.0,0.0,0.0
2.0,-2.0,-2.0,13.0,14.898815883776336,680.6071957356087,654.0343834663433,1.0,0.7933632785005645,0.8632122487374609,82.36363636363637,10.185672971595816,65.34428457468287,8.080938902479843,13.636363636363635,4,0.0,0.0,0.0
2.0,-2.0,-2.0,14.0,18.927353696928208,702.1121512670436,693.0505403008367,1.0,0.8388777411174384,0.8112009899703787,19.05681818181818,5.470382312473974,15.986340589249364,4.588981957336956,6.9431818181818175,4,0.0,0.0,0.0
2.0,-2.0,-2.0,15.0,23.001020717801083,725.3300337860894,737.8441747926752,1.0,0.8821383608878726,0.7646246154983328,16.333333333333336,5.021066730398144,14.40825989450192,4.429275575462048,5.666666666666666,4,0.0,0.0,0.0
2.0,-2.0,-1.0,5.0,-4.582956070676545,523.7942554053325,430.438545245912,1.0,0.40536173341695425,1.7925933027683,54.2093023255814,8.627656236562157,21.974376758021403,3.497321687378432,12.790697674418604,4,0.0,0.0,0.0
2.0,-2.0,-1.0,6.0,-0.8243809556444148,539.616996038769,452.9203556554719,1.0,0.4434760785060961,1.6147939412366161,620.1627906976744,25.648759085336486,275.0273624540015,11.374611097712629,23.83720930232558,5,-0.2659262365109498,0.40158308821213495,0.010660663710037821
2.0,-2.0,-1.0,7.0,2.8420835308928645,555.9287950372978,475.8676592054194,1.0,0.48360156847585134,1.4602550907463088,396.95454545454544,20.58360797711062,191.96784079543679,9.954265102622742,17.045454545454547,4,-0.06378390656936972,0.5552317134414579,0.12199108336982123
2.0,-2.0,-1.0,8.0,6.438719459075713,572.7577813313814,499.5423455414172,1.0,0.5257099400167802,1.3273314224361348,17.823529411764703,5.964427421275895,9.370006577946139,3.1355587818733897,11.176470588235293,4,0.0,0.0,0.0
2.0,-2.0,-1.0,9.0,9.985823500869458,590.1547240712999,524.246646289937,1.0,0.5697381713381338,1.2132187872249391,118.67045454545453,11.820536260226897,67.61108776459238,6.734610713137775,13.329545454545453,4,0.0,0.0,0.0
2.0,-2.0,-1.0,10.0,13.502296034550483,608.1935995628626,550.3388879965,1.0,0.6155576939809876,1.115003953468022,83.0,10.470593743113774,51.09128860042197,6.445254539122872,17.0,4,0.0,0.0,0.0
2.0,-2.0,-1.0,11.0,17.006247337615974,626.9741121026279,578.2556639734119,1.0,0.6629347630874507,1.0300643700478926,165.91860465116278,13.49932253973914,109.99321086621899,8.94917018972305,10.081395348837209,5,0.5377347003581008,0.8241802330145447,0.2437526623840256
2.0,-2.0,-1.0,12.0,20.51562871725622,646.6265381446146,608.5438096887143,1.0,0.7114782972793543,0.956175631579572,162.561797752809,13.559186328730615,115.65919106783932,9.647066801658758,13.438202247191013,4,0.0,0.0,0.0
2.0,-2.0,-1.0,13.0,24.048923954487975,667.3196620790208,641.9078692721613,1.0,0.7605707703652466,0.8915009486900343,128.25842696629212,11.993263795465257,97.54961060358751,9.121725884110631,9.741573033707866,4,0.0,0.0,0.0
2.0,-2.0,-1.0,14.0,27.625963431687353,689.2732136747653,679.2829251709427,1.0,0.8092770137896912,0.834540657966857,68.98876404494382,8.949662142680175,55.831020951333755,7.242755853254861,7.011235955056179,4,0.0,0.0,0.0
2.0,-2.0,-1.0,15.0,31.2689618842266,712.7773438174569,721.9506561390442,1.0,0.856225245108208,0.7840742946958671,26.044943820224717,5.874014595551662,22.300338406301414,5.0294795868454125,4.955056179775281,5,0.0,0.0,0.0
2.0,-2.0,0.0,0.0,3.3210522923992016,431.73103678717075,309.3090574234692,1.0,0.20281154693279038,2.897348833778893,21916.98863636364,148.37431854578347,4445.018369449298,30.092025069368955,62.01136363636363,5,-0.9756708563393772,-0.11958746119859143,-0.07585542112453858
2.0,-2.0,0.0,1.0,4.641251196488156,448.7518288383728,333.1916393400194,1.0,0.23771537999669567,2.821531495353486,3082.0,55.931776624416614,732.6388011498161,13.295843534163495,30.0,4,-0.8341086472697725,-0.06130802681542491,-0.036259918411654546
2.0,-2.0,0.0,2.0,6.344778127758218,465.60914403163406,356.3092841115841,1.0,0.2734034982253174,2.6237411896149343,1014.3033707865169,32.933458293463154,277.3140898347649,9.004122706090419,44.69662921348314,5,-0.7018051423460179,0.019295527757833497,-0.08759370358981489
2.0,-2.0,0.0,3.0,8.302816202646795,482.4231238187848,378.902809405454,1.0,0.3101365457188603,2.369690895286171,240.33333333333334,17.070397401143016,74.53614982109943,5.294154084038705,32.666666666666664,5,-0.6125164007592616,0.020143470374762273,-0.05281620264679532
2.0,-2.0,0.0,4.0,10.440192739793957,499.2812264298604,401.198440898369,1.0,0.3481139450908171,2.1125956357848237,663.2840909090909,26.402496340621447,230.8984416023398,9.191077161379594,21.715909090909093,4,-0.4976612650584684,0.2002840285537104,-0.08247930364840705
2.0,-2.0,0.0,5.0,12.711121341937655,516.2575438662251,423.41819316179874,1.0,0.38750054430306036,1.8790927622601785,1984.3666666666666,45.0121341664914,768.9431634301828,17.442226489757797,26.633333333333333,5,-0.39482851145271525,0.2726704637000239,-0.01874540651190948
2.0,-2.0,0.0,6.0,15.087155628167949,533.4226893299909,445.78861078537795,1.0,0.42843520188727025,1.6771436603468055,284.97727272727275,17.594248860784212,122.09429537419277,7.537995562724959,16.022727272727273,4,-0.3469277753690676,0.258920727227121,0.05648932981524801
2.0,-2.0,0.0,7.0,17.550731368361653,550.8496734228352,468.54949128140186,1.0,0.47102938467902544,1.5058633833758526,12.93181818181818,5.781444742085245,6.091266360962851,2.7232303594202,13.068181818181818,4,0.0,0.0,0.0
2.0,-2.0,0.0,8.0,20.091513387273693,568.6181356772662,491.9637025861256,1.0,0.5153584564159547,1.3612962506203465,256.78160919540227,16.66123573821826,132.3345737509474,8.5865087320305,13.2183908045977,5,0.013639732952242412,0.35933964110824945,0.07158249887608292
2.0,-2.0,0.0,9.0,22.70426006419001,586.8181319473368,516.3291969229756,1.0,0.5614459317725443,1.2389844825112435,48.86813186813187,8.513547881139424,27.436813830686862,4.779896822816494,15.131868131868131,5,0.0,0.0,0.0
2.0,-2.0,0.0,10.0,25.387567222557834,605.5542307651383,541.9946214343933,1.0,0.6092395984431397,1.1349008405231953,76.69767441860465,9.560770305074412,46.727260364313366,5.824799861470629,9.30232558139535,4,0.0,0.0,0.0
2.0,-2.0,0.0,11.0,28.143160645462956,624.9505542418109,569.3805577093367,1.0,0.658577385196594,1.0456861003425286,130.6206896551724,12.0622641493642,86.02383224567924,7.9439343830388935,9.379310344827585,4,0.0,0.0,0.0
2.0,-2.0,0.0,12.0,30.97556505495095,645.1574875491307,599.0095578645919,1.0,0.7091399228663406,0.9686284705989553,25.761363636363633,6.0852776714660255,18.26841142202266,4.315313338563683,7.238636363636363,4,0.0,0.0,0.0
2.0,-2.0,0.0,13.0,33.892068518059176,666.3610713891144,631.5501619450916,1.0,0.7603858438126138,0.9015656105954604,17.235955056179776,5.602395469402474,13.105976229309546,4.259982206373564,8.764044943820226,4,0.0,0.0,0.0
2.0,-2.0,0.0,14.0,36.902963624591024,688.7966745355521,667.8837572541324,1.0,0.8114650561608482,0.8427773875920345,26.159090909090907,5.606040131002741,21.227188173662185,4.549105669744108,2.8409090909090913,4,0.0,0.0,0.0
2.0,-2.0,1.0,0.0,36.17992089527044,443.6991051252823,302.3195758165387,1.0,0.22718630465267692,2.6083704364165894,22356.865168539323,149.95256203968262,5079.173581258596,34.067168442996774,83.13483146067416,5,-0.8783665344162159,-0.27590113251034154,-0.004856507979255298
2.0,-2.0,1.0,1.0,33.02713834141127,460.3348429768157,326.19686281090935,1.0,0.26207511004284645,2.5525824935823325,337.8620689655172,19.387428250228258,88.5452389034417,5.08096239212636,24.13793103448276,4,-0.7540489376697224,-0.2055927931157271,-0.007009337852551312
2.0,-2.0,1.0,2.0,31.259937528573488,476.85948764662953,349.29712114730876,1.0,0.2978298643818396,2.4032963128309435,2993.7471264367814,55.270822198494166,891.6273006601887,16.461301479650288,38.25287356321839,5,-0.6618312524607859,-0.11353869052084065,-0.04942205831451929
2.0,-2.0,1.0,3.0,30.453278083425857,493.3903678429997,371.85985157454553,1.0,0.33471574565486106,2.203484030279438,745.9310344827586,28.199518468494006,249.67486241399843,9.438822851289997,31.06896551724138,4,-0.5490732816175523,-0.06778441309035088,-0.05380734489319039
2.0,-2.0,1.0,4.0,30.339789095111882,510.014369507651,394.10952282110634,1.0,0.37293911654960854,1.9922589283709264,3995.4269662921347,63.7209199314835,1490.0510030474713,23.7640235849758,41.573033707865164,5,-0.40900630456508225,0.020157463744283177,-0.0883286793338307
2.0,-2.0,1.0,5.0,30.74428532517669,526.8057253306572,416.265886226365,1.0,0.4126718569598573,1.7928786218124444,56.78651685393259,9.820803212333853,23.434197360394595,4.052769098471143,25.213483146067418,5,0.0,0.0,0.0
2.0,-2.0,1.0,6.0,31.5483096700153,543.835654205689,438.55267394826586,1.0,0.45405962558150387,1.6149732832280221,643.7058823529412,25.84562902682749,292.28085192578806,11.735456638839738,15.294117647058822,4,-0.16544049898300273,0.11064219027502986,0.08375370507681268
2.0,-2.0,1.0,7.0,32.669874433333405,561.1783606491202,461.20621684980614,1.0,0.4972206201195183,1.4603661098261,427.08988764044943,21.373725267288812,212.35789877935966,10.62745693166556,18.91011235955056,5,-0.01729386088220508,0.1525704763849376,0.015571201496776155
2.0,-2.0,1.0,8.0,34.05136724673238,578.9155086006411,484.4850705010877,1.0,0.542237081743022,1.3273985782089999,16.732558139534884,5.889130246206774,9.073013495676845,3.1933047987077257,11.267441860465116,4,0.0,0.0,0.0
2.0,-2.0,1.0,9.0,35.65207383579758,597.1403162297394,508.6817270077629,1.0,0.5891396996918323,1.2132576829019062,139.66666666666666,12.580028263525927,82.28317805695924,7.411394073288427,11.333333333333334,5,0.0,0.0,0.0
2.0,-2.0,1.0,10.0,37.443434687337685,615.9620399169632,534.1377695152662,1.0,0.6378837982145401,1.1150245327407458,102.48275862068965,11.118145481049098,65.37209132046942,7.092084868553424,13.517241379310345,4,0.0,0.0,0.0
2.0,-1.0,-5.0,13.0,-6.155805826502927,744.5256219952132,764.5507427271605,1.0,0.9186514475309417,0.7372396520475967,16.78723404255319,4.652313394271195,15.421616853232193,4.273854434014822,2.2127659574468086,4,0.0,0.0,0.0
2.0,-1.0,-4.0,12.0,-5.843751139376252,676.76049648342,695.9117347382245,1.0,0.7711189267055827,0.8380177295694536,53.90909090909091,8.28589112501107,41.57032032149186,6.389407471117849,9.09090909090909,5,0.0,0.0,0.0
2.0,-1.0,-4.0,13.0,-0.6671858111198787,693.1140600855431,739.0318691953569,1.0,0.7990965148881691,0.7934445824267173,28.05747126436782,6.200155769249201,22.42062750393128,4.9545228669708115,5.942528735632184,5,0.0,0.0,0.0
2.0,-1.0,-3.0,11.0,-3.4466158856639026,621.2757853524303,643.9425782196818,1.0,0.6378841176484545,0.963556143705351,71.84615384615384,9.269789322462525,45.82952045258896,5.913051382746073,9.153846153846153,4,0.0,0.0,0.0
2.0,-1.0,-3.0,12.0,1.7212942067110646,636.9540036671418,679.6207950985561,1.0,0.6715486974417976,0.9022578580643636,72.7816091954023,9.674542693299847,48.87639485289037,6.496926544030572,13.2183908045977,5,0.0,0.0,0.0
2.0,-1.0,-3.0,13.0,6.856419451732364,653.603991789154,719.7816437137487,1.0,0.7042616699623655,0.8473107494122343,78.4090909090909,10.133178260195196,55.22051730386729,7.1364090435514065,15.590909090909093,4,0.0,0.0,0.0
2.0,-1.0,-2.0,9.0,-3.3618054215994277,560.3550319352086,573.0934890576239,1.0,0.4904420052024132,1.2178495153679165,622.5393258426966,25.32097642250426,305.3194352836506,12.418470450336017,11.460674157303371,5,0.014210121701012213,0.9800722541026516,0.13458199426754014
2.0,-1.0,-2.0,10.0,1.7458711294768534,575.8390058171715,601.5998133228795,1.0,0.5269054431605112,1.1185673360147539,8.500000000000002,5.301157678023992,4.478696266864347,2.7932088356029783,12.499999999999998,5,0.0,0.0,0.0
2.0,-1.0,-2.0,11.0,6.7078896799012,591.994198540606,632.4868130770108,1.0,0.5643102581636809,1.0328497506994772,13.454545454545453,4.878151661886256,7.592538018929523,2.7527910236806217,6.545454545454545,5,0.0,0.0,0.0
2.0,-1.0,-2.0,12.0,11.565366521736507,608.8329661487235,666.4594226394868,1.0,0.6019777186390073,0.9583846481418772,43.88636363636363,7.260785650634703,26.418613061180068,4.370831181495919,5.113636363636363,4,0.0,0.0,0.0
2.0,-1.0,-2.0,13.0,16.35988868042992,626.3881553516471,704.4541232486084,1.0,0.6389653595384599,0.8932762285563447,88.8,9.879541149938763,56.74012392701524,6.312684562945631,5.2,4,0.0,0.0,0.0
2.0,-1.0,-2.0,14.0,21.134839227063708,644.7083795068621,747.7556241873979,1.0,0.6739500003684613,0.8359846634075633,55.89887640449438,8.587917043825136,37.673047773405564,5.787826694850266,11.101123595505618,4,0.0,0.0,0.0
2.0,-1.0,-1.0,6.0,-3.566169318611969,491.97111419437573,490.144718691331,1.0,0.33097395000303126,1.843030618670241,93.42528735632183,10.411179291876056,30.92133638649009,3.4458291344219805,9.574712643678161,4,0.0,0.0,0.0
2.0,-1.0,-1.0,7.0,1.416430340926155,508.0397055949987,513.9773780657571,1.0,0.36722694319539356,1.6224019799407574,1161.6666666666665,34.45575762795639,426.59529901198215,12.653082549195789,16.333333333333336,4,-0.2586081339013617,0.6106317622526376,0.08186613737032311
2.0,-1.0,-1.0,8.0,6.102012999577454,524.4823851094322,538.72643157165,1.0,0.40502653208152667,1.445499741247652,670.9318181818181,26.357782461371663,271.7451875813352,10.67560122368865,15.068181818181817,5,-0.1654979718020968,0.6578633903540094,0.058879204194007606
2.0,-1.0,-1.0,9.0,10.567314480904429,541.2884521885437,564.7362863396758,1.0,0.4441781940302537,1.3014116167025978,611.3953488372093,25.314356749733644,271.5684818850086,11.244085264134254,18.6046511627907,5,-0.02454861484943649,0.6547054133376378,0.10543169517226048
2.0,-1.0,-1.0,10.0,14.874151611195686,558.4738399602759,592.4217478373513,1.0,0.4844316937938691,1.182261084287841,286.0,17.512333316317907,138.54746442504657,8.483529290706688,13.0,4,0.16497745804542774,0.9495808679257607,0.22234579159085754
2.0,-1.0,-1.0,11.0,19.073984427822268,576.0752055615168,622.2962112496105,1.0,0.5254298350796782,1.0823555052407443,27.71428571428571,6.2722211665817875,14.561912572208223,3.2956121331403354,7.285714285714286,4,0.0,0.0,0.0
2.0,-1.0,-1.0,12.0,23.211554748816553,594.1463635840862,655.0135171925522,1.0,0.5666461111602614,0.9975357084078733,6.678160919540231,4.284685926864974,3.7841539147599073,2.4279006180011375,7.32183908045977,5,0.0,0.0,0.0
2.0,-1.0,-1.0,13.0,27.327930479587508,612.755900360761,691.4318220426596,1.0,0.607304305087408,0.9247189774946654,217.76666666666665,15.092684026080686,132.2506341712012,9.165851984362753,6.233333333333333,4,0.5360459479637711,1.463591827586356,0.1624498336115927
2.0,-1.0,-1.0,14.0,31.463318065582627,631.9847366139726,732.7146368281516,1.0,0.64627162915273,0.861585357317708,22.59550561797753,5.446226089120005,14.60283422726,3.5197414073496867,4.404494382022472,4,0.0,0.0,0.0
2.0,-1.0,0.0,3.0,8.590297495603835,432.3979054990435,414.4026618891879,1.0,0.2042007928250108,3.3542873206936115,5106.590909090909,71.8866905691988,1042.7699122693564,14.679319207796624,38.40909090909091,4,-0.7343620185468467,0.17368653639300646,0.015839707075818055
2.0,-1.0,0.0,4.0,11.573124294113427,450.15441186051794,437.0894149384401,1.0,0.24062454790809612,2.722592501240693,576.2068965517242,24.84190200296369,138.64952398428574,5.977571438640365,25.79310344827586,4,-0.5720255910106289,0.181914706038242,0.0667733235930772
2.0,-1.0,0.0,5.0,14.522141317535983,467.8218340984873,459.81048958408957,1.0,0.2780251315600321,2.26980168104639,1.2758620689655196,6.843850360190189,0.3547217195765933,1.9027623967690506,28.724137931034477,4,0.0,0.0,0.0
2.0,-1.0,0.0,6.0,17.45821468008785,485.4547899738749,482.8110787771328,1.0,0.31647761218469606,1.9372569411979106,2009.8089887640451,45.1314860037922,636.0595497113836,14.283104924827185,17.191011235955056,4,-0.34845289270492685,0.4335142526381901,0.04670669005148298
2.0,-1.0,0.0,7.0,20.397092214963834,503.1123610856733,506.35465059566053,1.0,0.3560354925513383,1.6855547751840687,123.08988764044945,12.362691122952972,43.82436877415631,4.401556823220619,18.91011235955056,4,0.0,0.0,0.0
2.0,-1.0,0.0,8.0,23.352065657844264,520.8582301634552,530.7341550025592,1.0,0.39671518522885457,1.4896162852090693,164.14772727272728,13.405589874229074,65.1198960298955,5.318201070056844,9.852272727272727,4,0.0,0.0,0.0
2.0,-1.0,0.0,9.0,26.335439519675617,538.7613996496317,556.2863778990088,1.0,0.43847570465534197,1.3333193145447002,79.89887640449439,9.873502404982453,35.03371613263075,4.329290924440895,11.101123595505618,5,0.0,0.0,0.0
2.0,-1.0,0.0,10.0,29.359486338137344,556.8973307683925,583.4111607059413,1.0,0.4811911199612185,1.2060228136258184,320.7415730337079,18.263262972348947,154.33799674621284,8.788119963810843,8.258426966292134,4,0.28133364649738724,0.5433815500575747,0.10510095339738257
2.0,-1.0,0.0,11.0,32.437201306842326,575.3494506729629,612.5981871549844,1.0,0.5246127517657055,1.1004943610661775,139.36363636363637,12.501404879730204,73.11194076880243,6.558396414892481,10.636363636363635,4,0.0,0.0,0.0
2.0,-1.0,0.0,12.0,35.58303318935842,594.2110045154035,644.4657404003376,1.0,0.5683171953442374,1.0116781965441075,138.66666666666666,12.33698695652763,78.80665108773425,7.011321826132222,8.333333333333332,4,0.0,0.0,0.0
2.0,-1.0,1.0,4.0,37.95054429796045,467.3904579810835,429.39942722113716,1.0,0.27719805270692605,2.478147490971663,853.7906976744187,30.11135813257891,236.66911881463668,8.346809838711735,33.20930232558139,4,-0.4872914199690399,0.07277037227635219,-0.041857365302647054
2.0,-1.0,1.0,5.0,37.67280055214559,484.06024983155123,451.9745367943811,1.0,0.313599265087258,2.1222217625472806,2046.3,45.85008178836762,641.718176148056,14.378551953022757,35.7,5,-0.3283804862495572,0.1337039265707176,-0.0020464736387850735
2.0,-1.0,1.0,6.0,38.02981733976941,500.9405723663775,474.82053585957027,1.0,0.3514904290335414,1.8430336717137423,85.29545454545455,10.549947612576055,29.980535912792746,3.7082056126257434,16.704545454545457,4,0.0,0.0,0.0
2.0,0.0,-3.0,11.0,-4.046220565690021,572.7702331018179,696.9486520170697,1.0,0.5078711533052037,0.9769772658610459,392.9886363636364,20.2641764987762,199.5875919858393,10.291590689213674,11.011363636363637,4,-0.02348914876233721,0.8601357316064195,0.14493961535368216
2.0,0.0,-3.0,12.0,2.4293020107953396,584.3723855537457,737.5334449577014,1.0,0.5289596413135838,0.9132307037239439,23.910112359550563,5.5913779279295515,12.647484457475352,2.9576132632063046,4.0898876404494375,4,0.0,0.0,0.0
2.0,0.0,-2.0,9.0,-4.0782002589395745,511.9017322632268,619.8048106786741,1.0,0.37230870240958097,1.2453425607472002,769.1034482758622,28.09911115253338,286.3439068463205,10.461543612062288,12.89655172413793,5,-0.08991258356815024,1.0234312250073572,0.23003155300002343
2.0,0.0,-2.0,10.0,2.59536992391628,524.8241727888196,651.2627789934198,1.0,0.39984099406031415,1.1397218648673788,712.0561797752808,27.182710684022968,284.70925074813806,10.868762061153665,16.9438202247191,5,-0.07812417678610473,0.9614871773864024,0.21549473274463127
2.0,0.0,-2.0,11.0,8.93701440270874,538.0514232425915,685.7811138876225,1.0,0.42727476251473934,1.0494071638661568,21.057471264367816,5.269958132013209,8.997326033643706,2.2517201093185633,3.942528735632184,4,0.0,0.0,0.0
2.0,0.0,-2.0,12.0,15.038440523124649,551.3849685261697,724.3142459194296,1.0,0.45352708688982524,0.9715469628384494,63.886363636363626,8.757980422128162,28.97419639198406,3.971981347885907,8.113636363636363,4,0.0,0.0,0.0
2.0,0.0,-1.0,6.0,-4.754862055826891,442.1805278818311,531.641351804032,1.0,0.223679798207392,1.943093925676899,324.8876404494382,18.80378957043811,72.67080185580606,4.206027856649858,18.1123595505618,4,-0.493258861823449,0.5912848724049127,0.15485568396503258
2.0,0.0,-1.0,7.0,2.4729260987316763,457.3315974059757,557.0105302752982,1.0,0.25479476684217206,1.6892983730398214,91.29213483146067,10.30707051313843,23.260758208906157,2.6261876282209333,9.707865168539326,4,0.0,0.0,0.0
2.0,0.0,-1.0,8.0,8.83730347456654,472.77263865810005,583.5785242944786,1.0,0.2870686636341028,1.492131628529498,1704.1428571428569,41.63863002314175,489.2060126416017,11.953145876298134,18.857142857142858,4,-0.23575948003008307,0.8290310018559239,0.1245611223198182
2.0,0.0,-1.0,9.0,14.603389264273773,488.34671233431493,611.7734021013932,1.0,0.32001005232196683,1.3350743660323765,7.011235955056179,4.64883482109105,2.243665984819183,1.4876738743335283,8.98876404494382,4,0.0,0.0,0.0
2.0,0.0,-1.0,10.0,19.96045194198487,503.94463733909,642.121089783931,1.0,0.35310421302872885,1.2072858430475188,119.54545454545455,11.32260227659921,42.212003648434404,3.9980585663158577,5.454545454545453,4,0.0,0.0,0.0
2.0,0.0,-1.0,11.0,25.048736582663622,519.4722147481457,675.288504340439,1.0,0.38571852589937533,1.101426919043614,266.2906976744186,16.690470202039556,102.71325536769295,6.437823562898147,7.709302325581396,4,0.056910414262233644,0.8103479765813972,0.08346350395395774
2.0,0.0,-1.0,12.0,29.978284429698192,534.821919078733,712.1503338051225,1.0,0.4170021009854583,1.0123817180139156,76.80459770114943,9.554303426459548,32.02767860672221,3.9841646022861945,9.195402298850574,4,0.0,0.0,0.0
2.0,0.0,-1.0,13.0,34.84254324100701,549.8393552911743,753.8963117336411,1.0,0.4457605303886401,0.9364888752282233,106.8876404494382,11.076150092478077,47.64629129873183,4.937310539887212,10.112359550561798,5,0.0,0.0,0.0
2.0,0.0,0.0,6.0,26.338603372943794,435.1510408768077,523.9972289668478,1.0,0.20943471688446835,2.054303505042373,653.344827586207,26.011362193070937,136.83308899344905,5.447682276685176,14.655172413793101,4,-0.42564594473884654,0.4458804504275804,0.03175272050164324
2.0,0.0,0.0,7.0,29.259447862227518,452.82322372071735,548.855842034734,1.0,0.24548019684712702,1.760831575750605,-1.9425287356321834,4.646252273918416,-0.47685233640418917,1.1405629228029044,14.942528735632184,5,0.0,0.0,0.0
2.0,0.0,0.0,8.0,32.23496440166517,470.23758580485924,574.8333161893102,1.0,0.28183604020002806,1.5407276287817795,176.9318181818182,14.168016667162405,49.865763021754965,3.993057714961051,15.068181818181818,5,0.0,0.0,0.0
2.0,0.0,0.0,9.0,35.27689157174618,487.43164955078015,602.3366407209113,1.0,0.31835456189284195,1.3695356700282484,1.03448275862069,3.997537886720643,0.3293323054063883,1.2726344225769874,8.96551724137931,5,0.0,0.0,0.0
2.0,1.0,-3.0,11.0,-2.0664745594799285,516.0977825038284,764.1878344917161,1.0,0.36937896564519374,0.9632058333702737,107.61363636363637,10.917728587973835,39.75021368931801,4.032779293020737,7.386363636363636,4,0.0,0.0,0.0
2.0,1.0,-2.0,9.0,-1.431524589296572,455.72494395500166,676.978403147984,1.0,0.24814032644550588,1.2172364009054697,1172.2500000000002,34.53098904673097,290.88249767574433,8.568530894542011,12.749999999999998,4,-0.44173405900414764,1.2172318977141003,0.3359722728767798
2.0,1.0,-2.0,10.0,8.122266522533607,462.27772141004436,714.0683298371711,1.0,0.25978806598689685,1.1180263943129918,25.109890109890106,6.358783398830879,6.523249788791859,1.6519360412118607,9.89010989010989,4,0.0,0.0,0.0
2.0,1.0,-2.0,11.0,17.006339538432968,468.1228883492223,755.7362575188672,1.0,0.2691249191623304,1.0323720102020817,21.415730337078653,5.398073225340979,5.763506695768559,1.452756020402231,4.584269662921348,4,0.0,0.0,0.0
2.0,1.0,-1.0,10.0,35.31796360885028,431.1469457509305,706.7441310174655,1.0,0.1977761112284092,1.1815529806753018,759.7727272727273,27.857787091814966,150.26489541740273,5.509604798448139,10.227272727272727,4,-0.10932162776379073,0.9177681049420698,0.15841882715227484
3.0,-5.0,2.0,-6.0,70.61153296334129,265.4247340335238,9.812485850027315,0.0,0.42245385993470613,0.9560054399270286,29.732558139534884,6.309098308876273,12.560633951779577,2.6653029332923084,6.267441860465116,4,0.0,0.0,0.0
3.0,-5.0,3.0,-7.0,66.38415855516052,191.9572679772318,9.062504399568297,0.0,0.5928490971054919,0.8705880486152638,160.11494252873564,13.357419781963978,94.92399911125865,7.918934257396382,11.885057471264368,4,0.0,0.0,0.0
3.0,-5.0,3.0,-6.0,61.438770134727235,217.8086272075823,10.115116261017022,0.0,0.531652087149816,0.9003487948372695,87.63636363636363,10.269206959169143,46.59205563749296,5.459645313215691,11.363636363636363,4,0.0,0.0,0.0
3.0,-5.0,3.0,-5.0,55.427393938095406,241.72141210242643,10.111611687448203,0.0,0.4761363060466994,0.9280794939478688,118.39999999999999,11.819757470721076,56.374538635929206,5.627815660477012,13.6,4,0.0,0.0,0.0
3.0,-5.0,3.0,-4.0,48.269053996000395,263.3077138513412,9.283219879173657,0.0,0.42711370842044555,0.9527962931889093,164.27906976744188,13.344298717982264,70.1658427042332,5.699532911707602,8.72093023255814,5,0.0,0.0,0.0
3.0,-4.0,2.0,-4.0,68.38579584767126,307.273820846768,109.0456967497567,0.0,0.33879653009144006,1.2004386875567665,35.3076923076923,7.086531938208041,11.962123639382382,2.4008924310470516,9.692307692307693,4,0.0,0.0,0.0
3.0,-4.0,2.0,-3.0,58.585314998767444,329.34579394874584,106.75932356725951,0.0,0.29115251220451155,1.2425597787849911,694.1764705882354,26.616395810694524,202.11122332502595,7.749430506113347,8.823529411764707,4,0.3382763078126345,-0.07204231625604507,0.035410364877677125
3.0,-4.0,2.0,-2.0,46.38479276942522,347.8734823257794,104.37183821981449,0.0,0.2524293846066645,1.2755661967870495,676.2333333333333,26.326813538882956,170.70116418384674,6.645661340274627,10.766666666666666,4,0.401034085894139,-0.4867536339817633,-0.023078811077837713
3.0,-4.0,2.0,-1.0,32.28777743212942,360.8555462315369,102.38490722948586,0.0,0.2259823509846454,1.296755067392908,547.5454545454545,23.98008126593113,123.7356090891381,5.419075141277968,17.454545454545453,5,0.33099523951170795,-0.3863939274514223,0.021377497448050065
3.0,-4.0,2.0,0.0,17.775914998489128,366.0408017943972,101.36089587681636,0.0,0.2155712028020449,1.3041852182082951,281.5057471264368,17.30912743196695,60.684532503734275,3.731349419962986,11.494252873563218,4,0.3159454583500292,-0.11562115154163166,0.16252456195043408
3.0,-4.0,2.0,1.0,4.720811693930273,362.2407258394629,101.5988744831887,0.0,0.2231763549728356,1.2971358033455225,593.0000000000001,24.89910675589346,132.34357849889153,5.556891887859808,17.0,5,0.2083002538851133,-0.31544927186932625,0.10581454642253885
3.0,-4.0,3.0,-6.0,70.65073323548489,214.96640555340306,112.02777573180083,0.0,0.5551449571546204,1.0177481771720631,158.92857142857144,13.214961372687876,88.22839497635933,7.336219165040775,10.071428571428571,5,0.0,0.0,0.0
3.0,-4.0,3.0,-5.0,65.46401425419543,236.2265929741738,112.08908662510203,0.0,0.5030114110607004,1.0583015355352712,595.875,25.021666747404776,299.7319245657948,12.58618389770268,19.125,4,0.14582403948540446,-0.16185776570209498,-0.03481045608670286
3.0,-4.0,3.0,-4.0,59.20421473851533,255.12216075974374,111.67063135723123,0.0,0.4577644968770801,1.0953694757368173,74.93333333333334,9.485392277953858,34.30181963265587,4.342075823799289,9.066666666666666,5,0.0,0.0,0.0
3.0,-4.0,3.0,-3.0,51.84275588110262,271.1057998364249,110.9475824729235,0.0,0.42034648520633516,1.1270829397927613,251.11363636363637,16.505047124395386,105.5547344328363,6.93783854690453,13.886363636363637,5,0.0,0.0,0.0
3.0,-4.0,3.0,-2.0,43.48172406144391,283.47750946550394,110.11850150582404,0.0,0.39194338801821144,1.1515363542579038,76.39999999999999,9.325234581499814,29.94447484459135,3.654964035937625,6.6,4,0.0,0.0,0.0
3.0,-4.0,3.0,-1.0,34.402234844923214,291.4833092720946,109.38495853627393,0.0,0.3738255098315958,1.1670484320864605,393.1034482758621,20.33617583427193,146.9520969682825,7.602181299271682,12.89655172413793,4,0.09551330481968989,-0.06978388903820587,0.034788055840152765
3.0,-4.0,3.0,0.0,25.050756656462,294.5036343595523,108.90822658854177,0.0,0.3670342264092406,1.1724501427085816,32.72093023255814,7.015358257943099,12.00970131529771,2.5748765911878233,10.279069767441861,4,0.0,0.0,0.0
3.0,-4.0,3.0,1.0,15.93226719066513,292.27018660329884,108.75760438796749,0.0,0.3720197203291982,1.1673149121637942,335.17777777777786,18.72632002632645,124.69274314945108,6.96656033898903,9.822222222222223,4,0.0,0.0,0.0
3.0,-4.0,3.0,2.0,7.458236171220108,284.9764987833129,108.88336684020283,0.0,0.38845607546311833,1.1520485099380129,73.05747126436782,9.06699132103926,28.379618570615865,3.522127864829066,5.942528735632184,4,0.0,0.0,0.0
3.0,-4.0,3.0,3.0,-0.1492915772801382,273.1961523623241,109.13576987153891,0.0,0.41537773118032767,1.1278034739402059,223.59340659340657,15.393795612659275,92.87572193764974,6.394239895840092,8.406593406593407,4,-0.011984844448704735,-0.44179642925085716,0.07324459055899417
3.0,-4.0,4.0,-9.0,71.73022466327927,95.95903349546529,101.65539347001629,0.0,0.8625325826182866,0.8283192224666428,8.318181818181817,4.218588342479719,7.174702846324837,3.6386698980424286,5.6818181818181825,5,0.0,0.0,0.0
3.0,-4.0,4.0,-8.0,69.05888367788458,120.9815203100526,105.02679255768516,0.0,0.7967756211664679,0.8621237169938869,1.6428571428571428,2.7599346421654523,1.3089885204877687,2.1990486388902317,3.357142857142857,4,0.0,0.0,0.0
3.0,-4.0,4.0,-7.0,65.82480588351444,143.7821204311528,107.50167838000596,0.0,0.7370096438385129,0.8956690651601488,43.1764705882353,7.6012200805398855,31.82147521043932,5.602172504296853,8.823529411764707,5,0.0,0.0,0.0
3.0,-4.0,4.0,-6.0,61.97709139347569,164.33065342480012,109.22118408729727,0.0,0.6835708668758835,0.928153747093975,97.77777777777777,10.440897742963118,66.83804031675305,7.137093521119755,7.222222222222222,4,0.0,0.0,0.0
3.0,-4.0,4.0,-5.0,57.478822005926645,182.49857761989355,110.31762953158506,0.0,0.6368503360952632,0.958599203305633,147.13953488372093,12.64974598769762,93.70586224359838,8.055994983784936,7.8604651162790695,4,0.0,0.0,0.0
3.0,-4.0,4.0,-4.0,52.31985516058302,198.06777250007053,110.91924012993434,0.0,0.597318089225337,0.9858832031291638,81.125,9.50550242997607,48.457429988405465,5.677808548600105,5.875,5,0.0,0.0,0.0
3.0,-4.0,4.0,-3.0,46.53174642464546,210.74912699995957,111.15093078478355,0.0,0.5655187906670841,1.0088115409873901,188.88636363636363,14.21117463491784,106.81878793713945,8.036686293497478,8.113636363636363,4,0.0,0.0,0.0
3.0,-4.0,4.0,-2.0,40.20049912542194,220.21721660526273,111.13003682399875,0.0,0.5420312978061576,1.0262291624453324,120.58620689655173,12.10875215353814,65.36149822165976,6.563322644595383,16.413793103448274,5,0.0,0.0,0.0
3.0,-4.0,4.0,-1.0,33.470136731672994,226.16313416057469,110.95666881888008,0.0,0.5273910975361014,1.0371588303856218,234.29885057471265,15.843834263178527,123.56712795604471,8.355897141237811,10.701149425287356,4,0.0,0.0,0.0
3.0,-4.0,4.0,0.0,26.530503918324513,228.3579506507886,110.70054130614596,0.0,0.5219901899416493,1.0409407941532502,141.50574712643677,12.633522567204714,73.86461182036372,6.594574844487301,11.494252873563218,4,0.0,0.0,0.0
3.0,-4.0,4.0,1.0,19.588829724498197,226.70791911961547,110.38882670490119,0.0,0.5259876058383983,1.0373381154344414,267.9090909090909,16.797776318792867,140.91686130961452,8.835422149330803,9.09090909090909,4,-0.17045983622782046,-0.5571791821855925,0.004989922338765496
3.0,-4.0,4.0,2.0,12.83412599116781,221.27885299778944,110.00050698386775,0.0,0.5392693760362868,1.0265766019741878,108.86666666666666,11.153674033449446,58.70845940448375,6.014834836530417,10.133333333333333,5,0.0,0.0,0.0
3.0,-4.0,4.0,3.0,6.408661308620566,212.2782224956413,109.47004846326365,0.0,0.5614775128021274,1.0093067251236143,187.3529411764706,14.132957384392899,105.194463427928,7.935337760727386,7.647058823529411,4,0.0,0.0,0.0
3.0,-4.0,4.0,4.0,0.39623575471335926,200.0034319207525,108.69840756053924,0.0,0.5920935151196521,0.9864995698606748,86.9090909090909,9.892813987690324,51.45830913221704,5.857471008396427,7.09090909090909,4,0.0,0.0,0.0
3.0,-4.0,5.0,-10.0,65.84250010940002,14.747495709946179,85.96093552541231,0.0,1.0709928417115542,0.7384259793723094,80.47777777777777,10.002739131030898,86.19112391685319,10.712862006842144,12.522222222222222,5,0.0,0.0,0.0
3.0,-4.0,5.0,-9.0,63.70298789191867,41.680816227580436,91.67694177152958,0.0,1.0032332069670538,0.7650034116791824,1.7058823529411764,3.2555515534168733,1.7113978236496799,3.2660774253809834,5.294117647058823,5,0.0,0.0,0.0
3.0,-4.0,5.0,-8.0,61.15590544202195,65.83833465243605,96.21941877191858,0.0,0.9410428688119149,0.7913911927049646,84.62500000000001,9.78755666629153,79.63575277320831,9.210510403906165,6.375,5,0.0,0.0,0.0
3.0,-4.0,5.0,-7.0,58.176768567576175,87.36978359305002,99.77060291265929,0.0,0.8848695981331012,0.8170979764409174,21.057471264367813,5.322068464061756,18.63311613540047,4.709336583031177,3.942528735632184,5,0.0,0.0,0.0
3.0,-4.0,5.0,-6.0,54.74849676967426,106.33165917349235,102.48375257769857,0.0,0.8350906754930576,0.841534127646431,21.827586206896555,5.868329764630648,18.228013709900193,4.900587467161423,7.172413793103448,5,0.0,0.0,0.0
3.0,-4.0,5.0,-5.0,50.866065726215794,122.70400237431768,104.4908214102449,0.0,0.7920527602015442,0.8640252719578736,10.953488372093023,4.5737582432043355,8.675740698951799,3.62265784102456,6.046511627906977,4,0.0,0.0,0.0
3.0,-4.0,5.0,-4.0,46.54159411550506,136.40733594075147,105.90689733326883,0.0,0.756092919224409,0.8838419078660457,16.551724137931036,5.199453460714,12.514641421645392,3.9312699454827045,6.448275862068965,4,0.0,0.0,0.0
3.0,-4.0,5.0,-3.0,41.80885496750642,147.3222713773432,106.83175804051274,0.0,0.727541011444913,0.900246620631298,44.36666666666667,7.710959012268765,32.27856954110597,5.610038918996285,9.633333333333333,5,0.0,0.0,0.0
3.0,-4.0,5.0,-2.0,36.72570750840646,155.3128984520585,107.34887000558979,0.0,0.7067049885835326,0.9125565048743314,32.27906976744186,6.80541571631967,22.811779631487052,4.809421236107886,8.720930232558139,5,0.0,0.0,0.0
3.0,-4.0,5.0,-1.0,31.37285204957493,160.25292043516868,107.52243583563171,0.0,0.6938434860150352,0.9202132803389114,91.23529411764707,10.484293739919417,63.30301451819528,7.274458916911299,11.764705882352942,4,0.0,0.0,0.0
3.0,-4.0,5.0,0.0,25.847997110031514,162.050965336918,107.39354860716628,0.0,0.6891336740312302,0.9228489590957822,1.2045454545454541,3.2968555015874004,0.830092834628527,2.271974144558999,5.795454545454546,5,0.0,0.0,0.0
3.0,-4.0,5.0,1.0,20.256016306187234,160.669702473098,106.97685167326512,0.0,0.6926447874147436,0.9203330873549226,73.57303370786518,9.34323543954274,50.95997829204204,6.471543324787979,8.426966292134832,5,0.0,0.0,0.0
3.0,-4.0,5.0,2.0,14.697336511047183,156.1336664448936,106.25898641042232,0.0,0.7043267425688661,0.9127902314353711,45.465909090909086,7.590890038081696,32.02285564793219,5.346466853720536,7.534090909090909,5,0.0,0.0,0.0
3.0,-4.0,5.0,3.0,9.257628051638164,148.52345942086535,105.19941522395493,0.0,0.7240180490885415,0.9005832726823582,46.52941176470588,7.591882388491805,33.68813393111978,5.496659875825493,6.470588235294118,5,0.0,0.0,0.0
3.0,-4.0,5.0,4.0,4.001273772941488,137.9580297488856,103.73320971951176,0.0,0.7514699010746156,0.8842667511537369,19.206521739130434,5.199001558209848,14.433122991291802,3.906893186634727,4.793478260869565,4,0.0,0.0,0.0
3.0,-4.0,6.0,-7.0,51.434098150363866,21.27109295005988,86.6646578567632,0.0,1.054422492788767,0.7443368455783801,3.767441860465116,3.5529678177100155,3.9724754379483778,3.7463291831480605,5.232558139534884,4,0.0,0.0,0.0
3.0,-4.0,6.0,-6.0,48.39531239091713,39.75080629127126,90.46272800054948,0.0,1.0078003908503963,0.7626663197001673,41.294117647058826,7.025411118509937,41.61622790452813,7.080212071119035,4.705882352941177,4,0.0,0.0,0.0
3.0,-4.0,6.0,-5.0,45.02147859808457,55.425256211174116,93.4001267468746,0.0,0.9676174417784649,0.7792863876561219,31.988764044943817,6.605224544932493,30.952886030823475,6.3913304765399035,7.011235955056179,4,0.0,0.0,0.0
3.0,-4.0,6.0,-4.0,41.32821111195605,68.32752897110693,95.5950145316288,0.0,0.9341887000249918,0.7937305563912672,-2.954545454545454,2.9362580898565325,-2.760102977346566,2.7430191279009395,6.954545454545454,5,0.0,0.0,0.0
3.0,-4.0,6.0,-3.0,37.34257797395196,78.45179454526188,97.14251450240016,0.0,0.9077752272193405,0.8055460273784709,43.52873563218391,7.49085847957354,39.51430787907635,6.800015758362794,7.471264367816092,5,0.0,0.0,0.0
3.0,-4.0,6.0,-2.0,33.103326036997316,85.7702626240849,98.11658233020654,0.0,0.8885892162241412,0.814327529696904,14.561797752808989,4.597737981458183,12.939456451983,4.085500389347891,3.438202247191011,4,0.0,0.0,0.0
3.0,-4.0,6.0,-1.0,28.65963719156491,90.24866294531093,98.57044129490396,0.0,0.8767912629847776,0.8197524871075189,82.62790697674419,10.22737712387513,72.44742691592825,8.967274905464096,13.372093023255815,5,0.0,0.0,0.0
3.0,-4.0,6.0,0.0,24.068316461620327,91.85915326608408,98.53621152272046,0.0,0.872483814317903,0.8216121790633619,2.3103448275862064,3.1628153144684856,2.0157384675620516,2.7595051695505424,4.689655172413793,4,0.0,0.0,0.0
3.0,-4.0,6.0,1.0,19.389715229854318,90.58913862279302,98.0243136740072,0.0,0.8757048436221647,0.8198333586857623,56.93181818181819,8.98513752154032,49.85546893803461,7.868328448224111,15.06818181818182,4,0.0,0.0,0.0
3.0,-4.0,6.0,2.0,14.683074757506517,86.44466756085747,97.02308134537543,0.0,0.8864248819290825,0.814486105754195,11.954022988505749,4.986836947417089,10.596343416163746,4.42045635231378,8.045977011494251,5,0.0,0.0,0.0
3.0,-4.0,6.0,3.0,10.002161120057622,79.44781730679672,95.49875976624264,0.0,0.904548691757604,0.8057763104214292,37.702127659574465,7.112686718711381,34.10341025094626,6.433771466292065,8.297872340425531,4,0.0,0.0,0.0
3.0,-4.0,6.0,4.0,5.391957897419871,69.62848204195004,93.39575634502597,0.0,0.9299206105471003,0.7940243239064451,-0.6741573033707864,2.7089866669144036,-0.6269127711553484,2.5191425352609964,4.674157303370786,4,0.0,0.0,0.0
3.0,-4.0,6.0,5.0,0.886840261321197,57.01179012180748,90.63673130885314,0.0,0.962330638688352,0.7796339519634502,24.53409090909091,6.310029485465026,23.609907374183546,6.072334704889891,9.46590909090909,4,0.0,0.0,0.0
3.0,-4.0,7.0,-1.0,25.540191771152763,11.989598866671258,82.71238624427087,0.0,1.076552988312906,0.7349817329313262,24.98876404494382,6.485550544317429,26.901728606830368,6.982038819339322,11.011235955056181,4,0.0,0.0,0.0
3.0,-4.0,7.0,0.0,21.612160558980406,13.552085212245117,82.76840654638119,0.0,1.0725568821792582,0.7363198170740733,-0.14285714285714257,3.4419382294733594,-0.1532224117398937,3.6916745360575423,7.142857142857143,4,0.0,0.0,0.0
3.0,-4.0,7.0,1.0,17.591099877155216,12.281643088824836,82.14578128482526,0.0,1.0755285098345089,0.7350372649245497,37.40449438202247,7.154134553313791,40.22960010380989,7.694475675281152,8.595505617977528,4,0.0,0.0,0.0
3.0,-3.0,2.0,-3.0,69.88885177721221,323.53942487947336,188.79839591233815,0.0,0.30645220644068616,1.5089915387627448,2072.633333333333,45.94352813811514,635.1630581425142,14.079495569595135,24.366666666666667,5,0.5892141392731105,-0.1758003689897123,-0.07692614252971453
3.0,-3.0,2.0,-2.0,59.14651684224111,339.8422761508331,187.35019039284637,0.0,0.2715079593038551,1.5691696611660908,1966.3666666666668,44.811742012805325,533.8842009097905,12.166744626747601,26.633333333333333,4,0.0,0.0,0.0
3.0,-3.0,2.0,-1.0,46.30210157593751,350.9260543683192,186.16878579928945,0.0,0.24830038425970205,1.609032766052842,767.6818181818181,28.24847322722808,190.61569044373218,7.014106757070637,19.31818181818182,5,0.48955852174810843,-0.30428957248952315,-0.023369167208166175
3.0,-3.0,2.0,0.0,32.3679060928946,355.15872535300366,185.541485204868,0.0,0.23955188821446027,1.6231927885047168,787.2272727272727,28.467412861749878,188.58177963573806,6.819422503612795,14.772727272727272,5,0.45728696416341563,-0.37043054743915604,-0.04906852553509111
3.0,-3.0,2.0,1.0,18.919739440457562,351.7587046429509,185.60722354367152,0.0,0.24656664023172573,1.6095638580765919,734.5054945054945,27.62906173813884,181.10455201196206,6.812404925527818,18.494505494505493,4,0.446964997549685,-0.2797674913038861,-0.015276050287049259
3.0,-3.0,2.0,2.0,7.202790849724863,341.3552324232942,186.2576984649545,0.0,0.26829514671038446,1.5701552797181344,1918.0786516853932,44.2055958586013,514.611193255989,11.8601468263034,22.921348314606742,5,0.39695129042797817,-0.38840932918185445,-0.006548447438504468
3.0,-3.0,3.0,-5.0,72.59576926446778,237.54207874984326,192.22311614364855,0.0,0.5069041136369102,1.2088799966462702,518.5,23.209511108502298,262.82978292073796,11.76499665640138,12.5,4,0.0,0.0,0.0
3.0,-3.0,3.0,-4.0,66.9004542804795,255.22888497563912,191.88986009994863,0.0,0.46348486410722545,1.2649923021393195,44.44943820224719,7.704900009477145,20.601641824811054,3.5711045338522744,9.55056179775281,4,0.0,0.0,0.0
3.0,-3.0,3.0,-3.0,60.09917322401529,270.0900030054316,191.37405024298963,0.0,0.4278599194711011,1.3145109375055515,530.3820224719101,23.59073252953671,226.9292094237512,10.093528920351861,16.617977528089888,4,0.0,0.0,0.0
3.0,-3.0,3.0,-2.0,52.235874384202106,281.49801710784084,190.8002005653987,0.0,0.4010555070812071,1.353710718971516,42.50000000000001,7.9019286373945565,17.044859050951302,3.1691119965897854,12.5,5,0.0,0.0,0.0
3.0,-3.0,3.0,-1.0,43.515508028862854,288.7999443300948,190.29118526547614,0.0,0.38414702492253455,1.3790468438402446,816.3636363636364,28.938521325888882,313.60366216403276,11.116646872997533,13.636363636363637,4,0.28350370844623285,-0.4302325567945786,-0.07617069723371372
3.0,-3.0,3.0,0.0,34.31268220815301,291.4760195081646,189.94251964467585,0.0,0.3779941202720235,1.3879210588710003,770.9550561797753,28.168283860209513,291.41647822994264,10.647445677312533,14.04494382022472,4,0.36827808782499005,-0.3240167393551303,0.048608665721893374
3.0,-3.0,3.0,1.0,25.098357344425068,289.3108241522181,189.7936780045974,0.0,0.38295381018174157,1.3793629575233701,782.0659340659341,28.46139420388576,299.4951292638922,10.899399353462588,17.934065934065934,4,0.0,0.0,0.0
3.0,-3.0,3.0,2.0,16.307226403257744,282.47544995033826,189.81389652087557,0.0,0.3987425534533437,1.3543089271274031,50.46511627906976,8.5703275194848,20.12258932543618,3.4173542790508304,14.534883720930234,5,0.0,0.0,0.0
3.0,-3.0,3.0,3.0,8.228225387954524,271.4611023871339,189.91292517902215,0.0,0.4245474765390022,1.3153327598142333,496.9883720930233,22.86369337730173,210.99515924131973,9.706723327694945,16.011627906976745,5,0.0,0.0,0.0
3.0,-3.0,3.0,4.0,0.9778696293869586,256.9127960620426,189.96849209805242,0.0,0.45930494460126337,1.26596905197738,51.51724137931035,7.856089848503219,23.662123697734053,3.6083409126493184,6.482758620689655,4,0.0,0.0,0.0
3.0,-3.0,4.0,-7.0,71.15893148678879,150.11967188451794,189.55567714889276,0.0,0.7356257108361178,0.9815683218415014,85.20930232558139,10.268225364506268,62.682153593105475,7.553570582790378,12.790697674418604,5,0.0,0.0,0.0
3.0,-3.0,4.0,-6.0,67.60438293500465,169.55735607099024,190.56323435204453,0.0,0.6830362065027312,1.02477814086569,17.702127659574465,5.5308509615187855,12.091194123622815,3.777771459487775,8.297872340425531,4,0.0,0.0,0.0
3.0,-3.0,4.0,-5.0,63.40577149496488,186.72836429215175,191.17980233846373,0.0,0.6372921603948314,1.0661797129402721,173.25,13.906444712630707,110.41086678840453,8.862468194323704,12.75,4,0.0,0.0,0.0
3.0,-3.0,4.0,-4.0,58.539584064132015,201.41732420908008,191.4869466514906,0.0,0.598777585472675,1.1040754205888346,231.5909090909091,15.853474213184287,138.67144536287634,9.492705010723803,12.409090909090908,4,-0.0622990366020133,-0.07141430019464678,-0.06815948833488505
3.0,-3.0,4.0,-3.0,53.018892031009614,213.34961331311516,191.56425661965903,0.0,0.5679519609539752,1.136534160179876,940.9999999999999,30.933515043414907,534.4427952576906,17.568750528106786,10.0,4,-0.05527402502613654,-0.24101534123357737,-0.04964472394813413
3.0,-3.0,4.0,-2.0,46.90727656833866,222.2237813496402,191.486203154306,0.0,0.545309814331166,1.161579419475267,61.764705882352935,8.651259483880914,33.68090029692495,4.71761670288584,8.235294117647058,4,0.0,0.0,0.0
3.0,-3.0,4.0,-1.0,40.3258257852155,227.75922957686169,191.31583725542194,0.0,0.5313092557099758,1.177462467926572,547.9325842696629,23.96657395389439,291.1216535275582,12.73366256936172,17.06741573033708,5,0.06611440893505005,-0.2728575246925118,-0.0479000565574097
3.0,-3.0,4.0,0.0,33.44632802229441,229.75180051748828,191.09658038540485,0.0,0.526283449087549,1.1829660414258587,31.318181818181817,6.381144745612875,16.48224074642369,3.3582908658480344,5.681818181818182,4,0.0,0.0,0.0
3.0,-3.0,4.0,1.0,26.468260473740827,228.12089195431662,190.8448786847304,0.0,0.5303638056189812,1.1776478878807786,505.2696629213483,23.018194282387018,267.97674129078615,12.208017118083854,15.730337078651685,4,0.10332753480352608,-0.49479875780642146,0.05613354968265227
3.0,-3.0,4.0,2.0,19.585804624665855,222.92946233497898,190.54690126998804,0.0,0.5434470118270762,1.1619355335010149,67.20689655172413,9.02268642879658,36.52338710520591,4.903351978382216,8.793103448275861,4,0.0,0.0,0.0
3.0,-3.0,4.0,3.0,12.957537478934654,214.36792224735845,190.16085388683427,0.0,0.5652213143719979,1.137034618820141,896.6516853932585,30.52550306847765,506.8066441518447,17.25366496623139,22.34831460674157,4,-0.07139774557737155,-0.35094727279752647,-0.010512351371353645
3.0,-3.0,4.0,4.0,6.689627390243288,202.70919236797965,189.62371063401574,0.0,0.5952395755109403,1.1046872491888426,191.72093023255812,14.746680149992645,114.1198851281905,8.777807632677233,16.27906976744186,5,0.0,0.0,0.0
3.0,-3.0,4.0,5.0,0.8350253849231137,188.2530642699585,188.85929888032805,0.0,0.6330078483435541,1.066868515301399,166.67045454545453,13.701280140167153,105.5037058142603,8.673017861079478,13.329545454545453,5,0.0,0.0,0.0
3.0,-3.0,5.0,-10.0,70.0391205515179,28.520608539019577,176.32009440529237,0.0,1.0708585374462818,0.7844121969364645,36.609195402298845,6.475844931611614,39.203269445590884,6.93471383219453,2.390804597701149,4,0.0,0.0,0.0
3.0,-3.0,5.0,-9.0,68.0624380287698,53.735003439595516,179.81745015182156,0.0,1.0019756635316515,0.8164831742862411,15.261363636363635,4.400516498610754,15.29151495594327,4.40921043857749,1.7386363636363638,4,0.0,0.0,0.0
3.0,-3.0,5.0,-8.0,65.68758141114711,76.42794589112036,182.5904557594889,0.0,0.9392235172210185,0.8487857451088104,19.325842696629216,5.254034466193383,18.151285950788225,4.934712730938606,4.674157303370786,5,0.0,0.0,0.0
3.0,-3.0,5.0,-7.0,62.886960412870735,96.70338641072664,184.74777171944777,0.0,0.8829011574933832,0.8807216607196755,72.40449438202248,9.18900557770714,63.926011897610806,8.112983660770789,7.595505617977528,4,0.0,0.0,0.0
3.0,-3.0,5.0,-6.0,59.63901023716119,114.58699718093423,186.38232510790814,0.0,0.8332635917702133,0.9115303331707634,43.31460674157303,7.863041445916746,36.092484789597435,6.551986157462639,11.685393258426966,4,0.0,0.0,0.0
3.0,-3.0,5.0,-5.0,55.93264206087713,130.03983853562437,187.57530712565134,0.0,0.7905559189591393,0.9402957756819543,93.20689655172413,10.351549540212424,73.6852637567777,8.18347875941369,8.793103448275861,4,0.0,0.0,0.0
3.0,-3.0,5.0,-4.0,51.77233095618428,142.97300246812307,188.39835891576493,0.0,0.7550297463410423,0.9659802962443593,6.404494382022474,4.492398157656812,4.835583768701058,3.391894241438588,8.595505617977528,5,0.0,0.0,0.0
3.0,-3.0,5.0,-3.0,47.182979446312714,153.26516388252577,188.91408685656222,0.0,0.7269426320900232,0.987491580222169,14.269662921348315,4.878107195095509,10.373226323082354,3.5461040840200093,5.730337078651685,5,0.0,0.0,0.0
3.0,-3.0,5.0,-2.0,42.213167582423466,160.78373962664455,189.17508066108232,0.0,0.706542440976813,1.0037829768686832,58.56818181818182,8.662892866122572,41.380906145391975,6.120701471550862,10.431818181818182,5,0.0,0.0,0.0
3.0,-3.0,5.0,-1.0,36.935174818569465,165.40846649217076,189.22180833946533,0.0,0.694040929623789,1.0139757837369268,281.7865168539326,17.38605300335517,195.5713761127529,12.06663238893709,13.213483146067416,4,-0.26708938028039597,-0.32955459384848496,-0.023236661094173883
3.0,-3.0,5.0,0.0,31.440625183197795,167.05404232539055,189.08005167754223,0.0,0.6895839182489835,1.0174804504058168,33.52272727272727,6.7238631562370195,23.116733623119334,4.6366679010479,7.477272727272727,4,0.0,0.0,0.0
3.0,-3.0,5.0,1.0,25.83189199238393,165.6870188532808,188.7587475699631,0.0,0.6932273377152284,1.0140869568614257,285.4719101123595,17.70614019431493,197.89693223967197,12.274380428117535,17.528089887640448,5,-0.13340765378984543,-0.12389763889933647,-0.0818919923839303
3.0,-3.0,5.0,2.0,20.2110387243429,161.3325068110945,188.24901553661448,0.0,0.7049273366170103,1.0039987190735504,46.30681818181818,7.802851645498131,32.64294200811724,5.500443428478654,8.693181818181817,5,0.0,0.0,0.0
3.0,-3.0,5.0,3.0,14.669139670011674,154.06874425313526,187.52471857003425,0.0,0.7245479735510957,0.9877997360264987,25.848837209302324,5.794224199361948,18.72872261865216,4.198193401948419,4.151162790697674,5,0.0,0.0,0.0
3.0,-3.0,5.0,4.0,9.278611658002177,144.01109197015967,186.5442967407302,0.0,0.7518836379530062,0.9663649498266192,5.511627906976743,3.491548941024837,4.144102841740986,2.6252385198687205,3.488372093023256,5,0.0,0.0,0.0
3.0,-3.0,5.0,5.0,4.089847916787079,131.2897036073149,185.2531358660805,0.0,0.7866883542740258,0.940739298831179,80.15730337078654,9.469951414898086,63.05881707180789,7.449900493641158,5.842696629213483,4,0.0,0.0,0.0
3.0,-3.0,6.0,-8.0,58.24507882975681,14.568794717085893,173.65857506459923,0.0,1.108197263294129,0.7680453384962286,9.545454545454547,4.985192951163533,10.578246604171234,5.5245771854726105,9.454545454545453,5,0.0,0.0,0.0
3.0,-3.0,6.0,-7.0,55.66239826704151,34.51220690171817,176.5826518603728,0.0,1.054402223234317,0.7914630868206416,34.13978494623656,7.361430423465514,35.9970651480533,7.761908604686778,12.860215053763442,5,0.0,0.0,0.0
3.0,-3.0,6.0,-6.0,52.73717435641521,51.80198520318697,178.8867942800637,0.0,1.0070942152721027,0.8135942273935941,4.909090909090909,4.405750843598372,4.943917056790323,4.437006188518107,9.090909090909092,5,0.0,0.0,0.0
3.0,-3.0,6.0,-5.0,49.47111829564878,66.49527209034338,180.657658843781,0.0,0.9665424025395103,0.8338495427797127,9.827586206896555,4.61377935843184,9.498778783577949,4.459413385885911,7.1724137931034475,4,0.0,0.0,0.0
3.0,-3.0,6.0,-4.0,45.87561297596301,78.60304644776939,181.9666571669561,0.0,0.9329678177332589,0.851602632484907,29.727272727272727,6.66137875684522,27.734588763525057,6.214852001868574,9.272727272727272,4,0.0,0.0,0.0
3.0,-3.0,6.0,-3.0,41.97328593107528,88.10552617523034,182.87184120707036,0.0,0.9065567534987528,0.8662299428675926,157.42528735632183,13.13877442210029,142.71495742435536,11.91104468505169,9.574712643678161,4,0.0,0.0,0.0
3.0,-3.0,6.0,-2.0,37.798618937596075,94.96691822684826,183.4186531438386,0.0,0.8874638587955732,0.877161508885903,31.862068965517246,7.055736991601177,28.27643467334861,6.261711577213049,11.137931034482758,5,0.0,0.0,0.0
3.0,-3.0,6.0,-1.0,33.397177585386316,99.14908294301851,183.63990114052413,0.0,0.8758083261749265,0.8839362711340387,80.66666666666667,9.920797458985957,70.64853831144409,8.688717016874955,11.333333333333332,4,0.0,0.0,0.0
3.0,-3.0,6.0,0.0,28.823275473015883,100.6229899949514,183.55532971875823,0.0,0.8716670001150738,0.8862527793380871,13.573033707865168,4.901158112073151,11.831165574595609,4.272177788640462,6.426966292134831,5,0.0,0.0,0.0
3.0,-3.0,6.0,1.0,24.136263276727163,99.3765286520402,183.17113415647995,0.0,0.8750681490571902,0.8840051285963557,87.55555555555556,9.732217084648084,76.61707793967399,8.516353190485763,4.444444444444445,4,0.0,0.0,0.0
3.0,-3.0,6.0,2.0,19.39602715100625,95.41745039944733,182.4796822970395,0.0,0.8859887306622899,0.8772960967940605,20.8494623655914,5.541468971982188,18.47238869628151,4.909679060490963,6.150537634408602,4,0.0,0.0,0.0
3.0,-3.0,6.0,3.0,14.658521957678659,88.77092823062344,181.4595501327022,0.0,0.9043562767793349,0.8664243913010828,166.9047619047619,13.703823721155306,150.94136905293186,12.393138998104344,13.095238095238095,5,0.0,0.0,0.0
3.0,-3.0,6.0,4.0,9.972136225934008,79.47213877751507,180.075786536352,0.0,0.9300544698513509,0.8518490075865554,32.883720930232556,6.649820973773218,30.58365163650721,6.184695720369044,7.116279069767442,4,0.0,0.0,0.0
3.0,-3.0,6.0,5.0,5.375404913447113,67.55502011244967,178.28015497809469,0.0,0.9629297104787217,0.8341386748933204,11.137931034482758,4.586318380807289,10.72504470636645,4.4163022305940025,5.862068965517241,4,0.0,0.0,0.0
3.0,-3.0,6.0,6.0,0.8961912856779009,53.03863214879283,176.01099793413582,0.0,1.002794962291756,0.813916534766812,14.404761904761907,4.809435407014046,14.44502267110744,4.822877597621287,5.595238095238095,4,0.0,0.0,0.0
3.0,-3.0,7.0,-3.0,37.0833321562242,14.802455323372783,172.49892307870005,0.0,1.1071433586111596,0.7679150052656183,9.238095238095239,4.132238718345882,10.227895789074523,4.574980653212534,4.761904761904762,4,0.0,0.0,0.0
3.0,-3.0,7.0,-2.0,33.492246298993535,21.525437041081403,173.34403506214406,0.0,1.0890674658215338,0.7754984482022421,12.681818181818182,4.62687085234692,13.81135558928218,5.038974513848981,5.3181818181818175,4,0.0,0.0,0.0
3.0,-3.0,7.0,-1.0,29.720753051271203,25.5947547506714,173.74096136136478,0.0,1.0780385688908913,0.7801666022897975,67.95348837209303,9.433455991395203,73.256481355795,10.16962939665889,13.046511627906977,5,0.0,0.0,0.0
3.0,-3.0,7.0,0.0,25.803630455351993,27.015757191009243,173.7088603306661,0.0,1.0741214794569074,0.7817562586203589,10.842696629213483,4.7092430474053275,11.64637334467321,5.058299109201165,7.157303370786517,5,0.0,0.0,0.0
3.0,-3.0,7.0,1.0,21.778318629718,25.78883186602721,173.2532323915461,0.0,1.0773383645964993,0.7802106497704048,72.39325842696628,9.774163696974574,77.9920346415196,10.53008153259706,14.606741573033707,5,0.0,0.0,0.0
3.0,-3.0,7.0,2.0,17.68282100985789,21.911171391018144,172.36593263911976,0.0,1.0876690741091957,0.775584978402326,21.269662921348313,5.608267563833057,23.13435457627761,6.099939188510936,5.730337078651686,5,0.0,0.0,0.0
3.0,-3.0,7.0,3.0,13.553586425741628,15.375232106721882,171.02495767818874,0.0,1.1050504733112516,0.7680410398850286,9.191011235955056,3.783731846808046,10.156531316501166,4.181214668198087,2.808988764044944,4,0.0,0.0,0.0
3.0,-2.0,2.0,-2.0,67.47907499001036,338.98914044972514,257.3921790018797,0.0,0.27430929552513283,1.9717664062583276,5833.128958120531,76.6800879880169,1600.0814952092949,21.034060916798115,29.87104187946884,4,0.0,0.0,0.0
3.0,-2.0,2.0,-1.0,55.328480307278426,349.37914731306154,256.62206377563797,0.0,0.2523757508919012,2.0524583248906647,1933.0909090909092,44.54049137471236,487.8652697241261,11.24093995578728,31.90909090909091,5,0.0,0.0,0.0
3.0,-2.0,2.0,0.0,41.695024233397646,353.23206990094013,256.1872448881398,0.0,0.24434394251245045,2.0818815883065005,9.659090909090912,6.935896713701877,2.3601403538134424,1.6947443478850654,24.34090909090909,5,0.0,0.0,0.0
3.0,-2.0,2.0,1.0,28.019692358384304,349.88046451890676,256.16426449157876,0.0,0.25132457428515625,2.0531532039483755,1705.0344827586207,41.80678619764955,428.5170655208219,10.50707274335482,26.965517241379317,4,0.5166789697419745,-0.21595324340754019,-0.06861037840304007
3.0,-2.0,2.0,2.0,15.653021094211255,339.9054049430861,256.48979337420946,0.0,0.27235131930917056,1.9729991397213495,5648.104651162791,75.52782269522712,1538.2687533404487,20.57010215559422,35.895348837209305,4,0.5281224777950797,-0.3115536359870248,-0.0402169301511357
3.0,-2.0,2.0,3.0,5.205131865413136,324.7351501046805,257.0043608815813,0.0,0.3050513486826319,1.8578508926020798,503.9431818181818,23.30133240701374,153.72854727305315,7.108102876861858,25.056818181818183,5,0.4716757830202596,-0.3987123849904606,0.03162248459990469
3.0,-2.0,3.0,-4.0,72.11324644810793,257.6413409254987,260.36599125102924,0.0,0.46045339225573895,1.44949928540004,228.1333333333333,15.905694298304338,105.04476721994256,7.3238308958369975,15.866666666666665,4,0.24543551313649914,-0.08479960275229814,-0.05408841042331858
3.0,-2.0,3.0,-3.0,65.66922309589029,271.9711157215522,259.9690887834471,0.0,0.4257799480032526,1.5253326394003344,793.7666666666667,28.812593697124104,337.96993006004845,12.267824646200344,23.233333333333334,4,0.3695833264639532,-0.1510775264113704,-0.033553811847028214
3.0,-2.0,3.0,-2.0,58.118425491217664,282.92858655532143,259.5436733090435,0.0,0.3998086947908332,1.5874611127825342,899.5581395348838,30.448983834431754,359.6511656559121,12.173768484551339,17.441860465116278,4,0.3905545035457294,-0.18345692827921312,-0.061975205315320636
3.0,-2.0,3.0,-1.0,49.6194638634295,289.8953281737501,259.16380263736426,0.0,0.38354079353863496,1.628655059393808,710.3333333333334,27.27704230735138,272.44181034361037,10.461858451948466,21.666666666666668,4,0.3683688045446729,-0.23306068815156777,-0.025840654463685553
3.0,-2.0,3.0,0.0,40.504881139716105,292.3866150110454,258.8864354567909,0.0,0.37776749010943006,1.6432243581267243,2.988636363636364,4.514596963606126,1.1290096579406832,1.70546796379714,11.011363636363637,4,0.0,0.0,0.0
3.0,-2.0,3.0,1.0,31.226734551425523,290.207964814636,258.7345787956762,0.0,0.3828075507562852,1.6289722115083902,711.5714285714286,27.356676609230895,272.3949157595795,10.472342369611436,23.428571428571427,5,0.39277011015320795,-0.27458989885650453,-0.03928246693560311
3.0,-2.0,3.0,2.0,22.234178418493542,283.5274780686127,258.68918878378975,0.0,0.39838579526175555,1.5880486478128901,863.6516853932584,29.98437033414761,344.06656351454876,11.945347220992387,22.348314606741575,5,0.33544661869331094,-0.3101858564411941,0.0049992626915909
3.0,-2.0,3.0,3.0,13.856045870296384,272.8126356048291,258.69563351660946,0.0,0.4237390713136044,1.5261146312928306,707.5666666666667,27.079738222926423,299.82364222579605,11.474743125998359,16.43333333333333,4,0.0,0.0,0.0
3.0,-2.0,3.0,4.0,6.255569597040733,258.67669287450235,258.67986999532536,0.0,0.4578737580915935,1.4503941750393434,221.13333333333335,15.68410377137027,101.25115037265438,7.181339536095839,15.866666666666667,5,0.2196656689149563,-0.3540063165205538,-0.005569597040732788
3.0,-2.0,4.0,-6.0,71.44902769325591,174.56202729454256,259.856361777576,0.0,0.6763589326240976,1.1157992919362862,48.04545454545455,7.779436232733935,32.49597235380324,5.261691186789156,7.954545454545455,4,0.0,0.0,0.0
3.0,-2.0,4.0,-5.0,67.44916934678542,191.18473870581028,260.1334275762482,0.0,0.6312815834794931,1.1698207344238254,309.66666666666663,18.094812025059067,195.48686368414968,11.422921587943062,11.333333333333332,4,0.07442904451485788,-0.03277738118970319,-0.06119795536798733
3.0,-2.0,4.0,-4.0,62.775818399030385,205.39693401394516,260.22886671637275,0.0,0.5934292586663924,1.220391341090391,388.66666666666663,20.35188526197205,230.64617186833783,12.07740418347555,16.333333333333332,5,0.020764394225096794,-0.025808577501265972,0.026672044285646734
3.0,-2.0,4.0,-3.0,57.42992480654448,216.92731819388126,260.1907075716396,0.0,0.5632195160727406,1.2646176870616186,205.86206896551724,14.889925090588244,115.94553486049176,8.386296403880468,10.137931034482758,4,0.0,0.0,0.0
3.0,-2.0,4.0,-2.0,51.46065930731223,225.48213671033798,260.06399408135786,0.0,0.541107591321865,1.299344914301389,9.36046511627907,5.598371952945448,5.065018732722109,3.0293215627821968,13.63953488372093,4,0.0,0.0,0.0
3.0,-2.0,4.0,-1.0,44.9746458652005,230.79091732671083,259.88682612573666,0.0,0.5275166674652495,1.321637383240679,554.6363636363636,23.931192256340204,292.57992620049885,12.624102787534769,11.363636363636363,4,0.0,0.0,0.0
3.0,-2.0,4.0,0.0,38.132509512449985,232.65916734415683,259.68531248721285,0.0,0.5227533076052142,1.3293791690071304,41.8235294117647,7.718445080692601,21.863388335723958,4.0348426955012515,11.176470588235295,4,0.0,0.0,0.0
3.0,-2.0,4.0,1.0,31.129127974695052,231.01244535130658,259.4691172373648,0.0,0.5269353114079073,1.3217908303523063,540.2857142857142,23.69037587182176,284.69562110638645,12.483295587388772,13.714285714285715,4,-0.016093899333384343,-0.2545230452575993,-0.03266483247614005
3.0,-2.0,4.0,2.0,24.162146464959022,225.9145119840516,259.22949132457086,0.0,0.5399617423685249,1.2996365869516242,18.505747126436784,6.050280361774222,9.99239546222213,3.266919925961678,11.494252873563218,5,0.0,0.0,0.0
3.0,-2.0,4.0,3.0,17.40052075466437,217.55149442595462,258.94070060205127,0.0,0.5615389204666511,1.2650211028836094,189.44827586206895,14.359160611267166,106.38258031185451,8.063227548458222,10.551724137931034,4,0.0,0.0,0.0
3.0,-2.0,4.0,4.0,10.964602232113776,206.1891197190989,258.5641182946696,0.0,0.5912503050648453,1.2208748021502178,395.39534883720927,20.611080943336898,233.7776206212209,12.18630789546416,18.6046511627907,4,0.0,0.0,0.0
3.0,-2.0,4.0,5.0,4.921898260866016,192.1200122200957,258.05315136928124,0.0,0.6286410413126948,1.1703530515611653,296.3076923076923,17.641398326415132,186.27117624126927,11.090107014129641,9.692307692307693,4,-0.08495211706190275,-0.33377529601278866,-0.04203277717969556
3.0,-2.0,5.0,-10.0,72.91340120345734,38.47548825162059,251.86099130040023,0.0,1.0633106211954397,0.8230935915172478,1.2558139534883723,3.0110828275694286,1.3353203149896222,3.2017163518537703,4.7441860465116275,4,0.0,0.0,0.0
3.0,-2.0,5.0,-9.0,71.04777281512412,62.667539225623756,253.83226666931947,0.0,0.9939985920837326,0.8603663032833724,15.8,5.637375275782161,15.705177754922977,5.603543087175113,10.2,4,0.0,0.0,0.0
3.0,-2.0,5.0,-8.0,68.78984118548755,84.49208191447049,255.38152463296973,0.0,0.9311316388912361,0.8983979215190041,16.022222222222222,5.774315201769186,14.91879803645736,5.376647577297921,10.97777777777778,5,0.0,0.0,0.0
3.0,-2.0,5.0,-7.0,66.1098723332187,104.02650114371416,256.57060483092494,0.0,0.8749148703504686,0.9365106253648953,5.206896551724138,4.376594324754358,4.555591221480026,3.8291474562190557,8.793103448275861,4,0.0,0.0,0.0
3.0,-2.0,5.0,-6.0,62.9832472732829,121.27784201602246,257.4530556370672,0.0,0.8255283817657912,0.9737899398250215,14.25581395348837,4.761460229321856,11.768579023777441,3.930720557954245,4.7441860465116275,4,0.0,0.0,0.0
3.0,-2.0,5.0,-5.0,59.394796986306346,136.19479405989046,258.0762049746068,0.0,0.7831571270605225,1.0090759702759184,76.36781609195401,9.258731207913627,59.80799945046105,7.2510413330152375,5.6321839080459775,4,0.0,0.0,0.0
3.0,-2.0,5.0,-4.0,55.34391301011652,148.68110924443334,258.4822259566979,0.0,0.7480039373642376,1.0409929502608717,119.2528735632184,11.88346217533254,89.20161896728696,8.888876496667727,13.74712643678161,5,0.0,0.0,0.0
3.0,-2.0,5.0,-3.0,50.84966336382263,158.61212101061358,258.7082492160429,0.0,0.7202866073238413,1.0680331633099776,392.8636363636364,20.496976193035188,282.97441577727096,14.76369744247886,17.136363636363637,5,-0.2567441698811024,-0.2044726578730547,-0.017421338065958025
3.0,-2.0,5.0,-2.0,45.954590388188024,165.85487674909734,258.78560997946715,0.0,0.7002210064655274,1.0887018880767083,14.620689655172411,5.431226050261291,10.237714025564951,3.803058571255752,9.379310344827585,4,0.0,0.0,0.0
3.0,-2.0,5.0,-1.0,40.7255546045738,170.29061002783544,258.73845075580664,0.0,0.6879944617449978,1.1017102796116542,251.88372093023258,16.606882137923666,173.2946050037226,11.42544293774341,15.116279069767442,5,-0.436342577939115,-0.22756616700218046,-0.06850553753854882
3.0,-2.0,5.0,0.0,35.25031790203977,171.83625181326767,258.5820814688614,0.0,0.683736498537459,1.1061779973455366,514.4705882352941,23.49129265174284,351.7623186005069,16.06185418382139,23.529411764705884,5,-0.087817221966219,-0.1148281265022888,0.019884331840756886
3.0,-2.0,5.0,1.0,29.629724068761874,170.4603615005712,258.32162114649714,0.0,0.6874957693864836,1.1017898832778312,273.64367816091954,17.08179401047975,188.12887105498868,11.743661115736204,11.35632183908046,4,0.0,0.0,0.0
3.0,-2.0,5.0,2.0,23.96696924383525,166.18928574222298,257.95139102201404,0.0,0.6992308507446051,1.0888555381077516,2.842696629213483,3.733702962326069,1.9877011824537651,2.6107202987749094,7.157303370786517,4,0.0,0.0,0.0
3.0,-2.0,5.0,3.0,18.35667348570945,159.10176296392075,257.45526474574547,0.0,0.7188181183056888,1.068250779891857,368.1609195402299,20.018415355926635,264.6407394176001,14.389599657608889,20.839080459770113,5,-0.17160498791412238,-0.24906448443181262,-0.010521923766226848
3.0,-2.0,5.0,4.0,12.876486155679856,149.31352678924574,256.8078144835745,0.0,0.7460738868082059,1.0412616425931085,107.79120879120879,11.204436883166258,80.42020610661199,8.35933777492107,11.208791208791208,4,0.0,0.0,0.0
3.0,-2.0,5.0,5.0,7.582787848570234,136.95598528462884,255.97580557836088,0.0,0.780783336929413,1.0093819008364553,63.48809523809524,8.849979502134941,49.57044685529238,6.909916527433825,9.511904761904761,4,0.0,0.0,0.0
3.0,-2.0,5.0,6.0,2.510467953409716,122.15362611124355,254.9195086432954,0.0,0.8227273539854131,0.9741198924477026,-1.2500000000000004,4.221495318873719,-1.0284091924817667,3.4731396735587827,12.25,4,0.0,0.0,0.0
3.0,-2.0,6.0,-8.0,61.05816672649971,25.034175214247654,250.1751534178833,0.0,1.1013548206789106,0.8042078330163133,29.93103448275862,6.197329152518299,32.96468911549291,6.825458337459976,5.068965517241379,4,0.0,0.0,0.0
3.0,-2.0,6.0,-7.0,58.554170555743525,44.1220947583335,251.81051868994496,0.0,1.0470870886632762,0.8311983437928633,11.402298850574713,4.345891738562173,11.939199907516896,4.550527128176849,4.597701149425287,4,0.0,0.0,0.0
3.0,-2.0,6.0,-6.0,55.70595203408092,60.700228438502535,253.08518244811614,0.0,0.9995479052859664,0.8569303282616308,14.835164835164836,4.971174243647594,14.82845793556104,4.968926802049501,6.164835164835164,5,0.0,0.0,0.0
3.0,-2.0,6.0,-5.0,52.512703137144825,74.80629894931052,254.04855112260006,0.0,0.958933556461185,0.8806796344187765,40.39325842696629,7.132590818657033,38.73445096042652,6.839680680517184,6.606741573033707,4,0.0,0.0,0.0
3.0,-2.0,6.0,-4.0,48.98299456533397,86.4378222220923,254.74169575932763,0.0,0.9254075346184463,0.9016557038618871,5.9540229885057485,4.3155677169115965,5.5098977348546585,3.9936588813861174,8.045977011494251,4,0.0,0.0,0.0
3.0,-2.0,6.0,-3.0,45.1365214464322,95.56609399751127,255.1982345643511,0.0,0.8991113914343014,0.9190530858867106,6.930232558139535,3.7670829573519695,6.231051038312136,3.3870271994331724,4.069767441860465,4,0.0,0.0,0.0
3.0,-2.0,6.0,-2.0,41.004967831103414,102.14983768900379,255.44459873179454,0.0,0.8801660070822398,0.9321211210258491,217.23529411764707,15.35970101352606,191.2031214208654,13.519086711052264,11.764705882352942,4,-0.4821493362254472,-0.12642590205356896,-0.061275918902502724
3.0,-2.0,6.0,-1.0,36.631545037265596,106.14798157106242,255.49988122460138,0.0,0.8686666278918402,0.9402434298393805,126.95348837209302,12.01758671619811,110.28025864329199,10.439276528157587,11.046511627906977,4,0.0,0.0,0.0
3.0,-2.0,6.0,0.0,32.06896219205154,107.53041402680783,255.3754813906623,0.0,0.864675387988653,0.9430131179920282,1.0674157303370788,4.099183780116944,0.922968110774405,3.544463325509412,9.93258426966292,4,0.0,0.0,0.0
3.0,-2.0,6.0,1.0,27.375947145114452,106.2853005062496,255.0747514852389,0.0,0.8682149010163696,0.9402871454938757,139.35164835164832,12.488705197786041,120.98717758009428,10.842879947118428,10.64835164835165,4,0.0,0.0,0.0
3.0,-2.0,6.0,2.0,22.612839312521487,102.42178296359937,254.59280157026512,0.0,0.8792656035340117,0.9322063117583648,183.97752808988767,14.02131045319573,161.76511227265067,12.328455997966891,8.02247191011236,4,-1.0274139933296453,-0.6212520526435412,-0.0708034786959324
3.0,-2.0,6.0,3.0,17.837052626522308,95.96758119943308,253.91652553389713,0.0,0.8977678896061955,0.9191755801196352,5.896551724137932,4.286924880451969,5.293734797333085,3.848663502823656,8.10344827586207,5,0.0,0.0,0.0
3.0,-2.0,6.0,4.0,13.099226185939415,86.96191113971433,253.02479661028755,0.0,0.9236281147790372,0.9018099376026021,8.964285714285715,4.100926973358137,8.27966631462637,3.7877314492492786,5.035714285714286,4,0.0,0.0,0.0
3.0,-2.0,6.0,5.0,8.44063786801695,75.44485769038711,251.8886813021202,0.0,0.9567258646811255,0.8808592907459074,41.348837209302324,7.013623457783549,39.55950203262886,6.710114967195791,4.651162790697675,4,0.0,0.0,0.0
3.0,-2.0,6.0,6.0,3.8920746032654563,61.4446118704268,250.47146199563096,0.0,0.9969189193522557,0.8571289489754179,8.595744680851064,4.816882187301005,8.569260498261944,4.8020409848112475,9.404255319148936,4,0.0,0.0,0.0
3.0,-2.0,7.0,-4.0,43.240254381732456,16.13469108895785,248.4307635947726,0.0,1.126197808544685,0.7922632610153937,3.3181818181818183,3.5772178579597003,3.7369290919891824,4.0286549123211275,5.681818181818182,5,0.0,0.0,0.0
3.0,-2.0,7.0,-3.0,39.89437724888097,25.08769207742688,249.13001810621117,0.0,1.1009672358947433,0.8039860725661241,21.363636363636363,5.7589312598952205,23.520663675933154,6.340394630914672,7.636363636363637,4,0.0,0.0,0.0
3.0,-2.0,7.0,-2.0,36.329706763806115,31.49245461993067,249.54783287927796,0.0,1.082803749272111,0.8126889597307873,18.957894736842107,6.131188151088199,20.527679499358655,6.638873517491044,12.042105263157895,5,0.0,0.0,0.0
3.0,-2.0,7.0,-1.0,32.57541419103177,35.35745817942825,249.70289594711474,0.0,1.0717884310466046,0.8180533340204361,-2.195402298850574,3.5049556295132542,-2.3530067854011656,3.756570895043975,9.195402298850574,4,0.0,0.0,0.0
3.0,-2.0,7.0,0.0,28.66551380099881,36.68446454609543,249.60588560407606,0.0,1.067969331269423,0.8198735905739223,17.624999999999996,5.34237794115277,18.822959463623576,5.70549579720144,6.375000000000001,5,0.0,0.0,0.0
3.0,-2.0,7.0,1.0,24.637152694130833,35.47302205866586,249.25956765113787,0.0,1.07136274943791,0.8180783278831536,-5.411764705882353,3.0880952349192206,-5.797963114605161,3.308470201409165,9.411764705882353,4,0.0,0.0,0.0
3.0,-2.0,7.0,2.0,20.528544641186045,31.72205288775922,248.65876857060877,0.0,1.0819534282741918,0.8127379726965628,18.764705882352942,5.643074574860716,20.30253785996866,6.1055438822774795,8.23529411764706,4,0.0,0.0,0.0
3.0,-2.0,7.0,3.0,16.3768284040284,25.428399003370657,247.79025275394397,0.0,1.0996941408326801,0.8040572583264082,4.352941176470589,4.0915137087715765,4.78690390715402,4.4994136526726916,7.647058823529411,4,0.0,0.0,0.0
3.0,-2.0,7.0,4.0,12.216140578833034,16.582428590436763,246.6324749908111,0.0,1.1245042335448299,0.7923540873609308,9.136363636363637,4.8838661693714105,10.273879588295946,5.491928183524522,8.863636363636363,5,0.0,0.0,0.0
3.0,-1.0,2.0,-2.0,72.24540677382146,339.99997150355455,320.8834168266294,0.0,0.27250610689187826,2.440782682180782,1661.6931818181818,41.57545819559363,452.82153982605075,11.329566255127254,42.30681818181818,5,0.7293796374697763,-0.06586503359125118,-0.08517436242172494
3.0,-1.0,2.0,-1.0,60.46375860793427,350.1015386967033,320.41852576418245,0.0,0.25115753416105385,2.598689828602778,388.58620689655174,20.58838241070284,97.59635353313503,5.1709273586369395,22.413793103448278,4,0.0,0.0,0.0
3.0,-1.0,2.0,0.0,46.983074648603036,353.7550505957993,320.1159363214403,0.0,0.24353190925116208,2.6587583380142608,6.932584269662922,6.69264076988206,1.6883054832355844,1.6298715846215455,24.067415730337082,4,0.0,0.0,0.0
3.0,-1.0,2.0,1.0,33.17911790052369,350.33541124108615,320.0115200369615,0.0,0.25066696551420475,2.5992731739032484,391.83908045977006,20.877278265785172,98.22111326872688,5.233243991080029,28.160919540229884,5,0.7035385067838433,-0.16757985264570152,0.0853578428252959
3.0,-1.0,2.0,2.0,20.459137773865365,340.4278788484987,320.07500872641043,0.0,0.27159152082071547,2.441749604300435,1497.7613636363635,39.23707313317153,406.77928657650864,10.65645636479169,27.23863636363636,4,0.6693519435144708,-0.17238760441227896,-0.04424402556218254
3.0,-1.0,2.0,3.0,9.555740229871361,325.4295823505253,320.2307765532143,0.0,0.3039911165250117,2.232707271463335,2438.3809523809523,49.76720750967104,741.2461482276071,15.128788977196846,24.61904761904762,4,0.5880829832413497,-0.20116047375427115,-0.011975631593294622
3.0,-1.0,2.0,4.0,0.5107361876551693,306.8178896319233,320.3971232071686,0.0,0.3454322593591116,2.0135589904228492,654.5280898876404,26.26070579025722,226.0951169038913,9.071294933493455,22.47191011235955,4,0.5663639526380848,-0.2547669459445956,-0.0479714432066074
3.0,-1.0,3.0,-3.0,68.87940095800874,273.9906892193444,322.2763639774075,0.0,0.42194864660177617,1.7138606565232617,1437.3488372093025,38.35799952599927,606.4873965551019,16.18510598634696,21.651162790697676,5,0.4337337811810471,-0.07771725102247729,-0.09248068069017279
3.0,-1.0,3.0,-2.0,61.50136003531276,284.7299898872491,321.9728463372109,0.0,0.39643500125998976,1.8033114077237746,175.2528735632184,14.179114859185868,69.47637315185132,5.621097417066889,16.74712643678161,4,0.3478073155481525,0.005300515935914518,-0.04899989545261718
3.0,-1.0,3.0,-1.0,53.12329703550199,291.52235041768716,321.69337564442327,0.0,0.3805406665976925,1.8642422420516978,1224.9999999999998,35.55565419809549,466.1623165821732,13.5303723498603,25.0,4,0.4866572320254363,-0.08683038739593485,-0.04022523080352869
3.0,-1.0,3.0,0.0,44.05537609578863,293.89576469924884,321.46507840986516,0.0,0.37503026259105965,1.8860262359840567,880.1363636363636,30.217402694802125,330.0777715704858,11.332440467451434,20.863636363636363,4,0.4772457985500296,-0.13795345219506316,-0.047587406320296566
3.0,-1.0,3.0,1.0,34.740058826347905,291.66613417881365,321.29886214721074,0.0,0.3802034554459004,1.864412623516729,1225.9545454545455,35.45647576330337,466.1121544014264,13.48067460314176,20.045454545454547,5,0.4522866757791917,-0.16015261544566783,-0.050661466284090295
3.0,-1.0,3.0,2.0,25.634739438086854,285.0054362827154,321.18554279028024,0.0,0.3957805732326447,1.8036198752052044,166.0581395348837,14.17787126234537,65.72258565506277,5.6113260154296905,21.941860465116278,5,0.5287970827619688,-0.11025693823449956,0.0542673121542272
3.0,-1.0,3.0,3.0,17.0899369176164,274.3777220097169,321.098903649262,0.0,0.4210099255675596,1.7142578979508363,1392.284090909091,37.7636308240684,586.1654214825338,15.898863402401837,21.71590909090909,4,0.41568313136554025,-0.17075985754854628,-0.010980332669593196
3.0,-1.0,3.0,4.0,9.294200829923483,260.38835237398143,321.0033658142196,0.0,0.45492051979113796,1.6088534783235078,277.0344827586207,17.112622678438328,126.02867089662077,7.784883203864779,9.96551724137931,4,0.4664981976572449,-0.21229808673416528,0.0843343041274629
3.0,-1.0,3.0,5.0,2.2927621581810627,243.6357094293944,320.86150344174473,0.0,0.49656984479834565,1.4981365763458905,72.23595505617978,10.008965807756603,35.87019699110746,4.970150597749645,17.764044943820224,5,0.0,0.0,0.0
3.0,-1.0,4.0,-5.0,69.78630974522639,194.39098926750364,322.637281725211,0.0,0.6253683046027202,1.248705599864305,100.22727272727272,11.123369041930381,62.678959620408996,6.956202439222387,14.772727272727273,5,0.0,0.0,0.0
3.0,-1.0,4.0,-4.0,65.22165248015088,208.3555518209121,322.5759640621985,0.0,0.5879308234137126,1.310728849939012,35.0,7.462025072446365,20.577578819479942,4.38715454517716,13.0,5,0.0,0.0,0.0
3.0,-1.0,4.0,-3.0,59.973789097142316,219.674716313405,322.45397090488353,0.0,0.5581057004811959,1.3659286768341294,302.35632183908046,17.951782131634673,168.7467867949179,10.018991941461785,12.643678160919542,4,0.29127528002260306,0.0031046268958903056,-0.0666435105928258
3.0,-1.0,4.0,-2.0,54.08390571421771,228.05654885501173,322.2924024494271,0.0,0.536331277838339,1.4099280594193404,85.33333333333334,10.17258479844142,45.7669357088716,5.4558754038669495,11.666666666666666,4,0.0,0.0,0.0
3.0,-1.0,4.0,-1.0,47.65071684023769,233.23400595257812,322.10917295284264,0.0,0.5230155883567268,1.438471791459682,350.6896551724138,19.241008524421503,183.41615633061764,10.063347393977107,12.310344827586206,4,0.2323980991945973,-0.05998893483479151,-0.01844334558377625
3.0,-1.0,4.0,0.0,40.82883755482686,235.01669905033444,321.9165491784501,0.0,0.5184529076303583,1.4483982694527995,14.49425287356322,5.941061202994816,7.514587546228528,3.0801604551025767,13.50574712643678,5,0.0,0.0,0.0
3.0,-1.0,4.0,1.0,33.810765964393966,233.3338109098358,321.71897691275717,0.0,0.5227533492944128,1.438529416680752,332.88505747126436,19.189010567741615,174.0167787231665,10.03111954393281,22.114942528735632,5,0.1475505164202957,-0.0626996405966338,0.024510185712010468
3.0,-1.0,4.0,2.0,26.79615693733794,228.25129219417025,321.5121018177422,0.0,0.5358144550777258,1.410036590332958,84.46511627906976,10.365833965062267,45.25763025214651,5.554163677416021,14.534883720930232,5,0.0,0.0,0.0
3.0,-1.0,4.0,3.0,19.959712436482334,219.95570881585428,321.283421127154,0.0,0.5573478060307174,1.3660767097787687,302.9310344827586,18.034614623372335,168.83794744758112,10.051552892946065,14.068965517241379,4,0.22118552779565448,-0.08945100975802234,-0.06803687618350907
3.0,-1.0,4.0,4.0,13.429583865663773,208.71191514785866,321.0142185184949,0.0,0.5869484009917358,1.3109032584610398,43.842696629213485,7.428120225167025,25.73340068168262,4.359923288536159,7.157303370786517,4,0.0,0.0,0.0
3.0,-1.0,4.0,5.0,7.281288476162672,194.81128872996504,320.6819106921524,0.0,0.6241780858914897,1.2488941083811187,109.3076923076923,11.566961140479346,68.2274661578313,7.219843664245642,15.692307692307693,5,0.0,0.0,0.0
3.0,-1.0,4.0,6.0,1.5441475236002304,178.52613432413955,320.26197275626873,0.0,0.6686358384039685,1.1838520697267403,56.411764705882355,8.557357869250424,37.71892758996505,5.721756153429054,10.588235294117647,4,0.0,0.0,0.0
3.0,-1.0,5.0,-9.0,72.77524904651466,68.20727554783649,320.22077350595595,0.0,0.9864967584279872,0.8903851429009991,77.44444444444446,9.781438708588658,76.3986934027008,9.649357578784748,11.555555555555557,5,0.0,0.0,0.0
3.0,-1.0,5.0,-8.0,70.58425712008778,89.56415817364393,320.8232019581742,0.0,0.9236979622545866,0.9327214633494044,-5.546511627906977,2.80526720065367,-5.123301488319044,2.5912195968234233,8.546511627906977,4,0.0,0.0,0.0
3.0,-1.0,5.0,-7.0,67.9731423230212,108.69943719228878,321.2627148761779,0.0,0.8676543110225456,0.9755651762544097,176.53932584269663,13.948740179922847,153.17510713242962,12.102684550443458,11.460674157303371,4,0.0,0.0,0.0
3.0,-1.0,5.0,-6.0,64.91553547899338,125.60984227204592,321.5630524388206,0.0,0.8185062330524343,1.0178990738970244,86.56179775280899,10.385159310151925,70.85137100489835,8.50031762660187,13.438202247191011,4,0.0,0.0,0.0
3.0,-1.0,5.0,-5.0,61.39395162390966,140.23684885941677,321.7454061235285,0.0,0.7764076188099501,1.0583792099277323,57.57142857142857,8.706225780838606,44.69889576862998,6.759580027322701,11.428571428571429,4,0.0,0.0,0.0
3.0,-1.0,5.0,-4.0,57.40492236109006,152.47951405761387,321.8288344305114,0.0,0.7415367490439233,1.0953536273533797,12.655172413793105,5.380083940838073,9.384275410314478,3.9895299550724843,10.344827586206897,4,0.0,0.0,0.0
3.0,-1.0,5.0,-3.0,52.96426109189818,162.21054447388514,321.8302450961818,0.0,0.7140918570298754,1.1269546162569686,553.1818181818181,24.102312909828917,395.0226318206174,17.211265384494872,17.818181818181817,4,-0.13459558108286274,-0.005748112405683514,-0.0865680348334763
3.0,-1.0,5.0,-2.0,48.11117038316618,169.29601791474764,321.76397710879326,0.0,0.6942732885345879,1.1512810893740018,163.15384615384616,13.467690901741548,113.273357306297,9.350258051319454,11.846153846153847,4,-0.33776082417122666,-0.050802360394300194,-0.010301215737086977
3.0,-1.0,5.0,-1.0,42.9095398285628,173.61742737959426,321.64108275990975,0.0,0.6822564769330398,1.1666594976124038,211.06741573033707,15.059990294258952,144.00211145154105,10.274775920806887,9.932584269662922,4,-0.23622387643951015,-0.07850624611370449,-0.044415993926769204
3.0,-1.0,5.0,0.0,37.445038599333714,175.09273769268034,321.46849927951286,0.0,0.6781627305815001,1.1719308899437324,20.325581395348834,6.109842753692706,13.784051779726303,4.143467645267838,10.674418604651162,4,0.0,0.0,0.0
3.0,-1.0,5.0,1.0,31.817710016055116,173.69188551124293,321.2483602072355,0.0,0.6820364958082646,1.1666792266202548,200.0,14.855363280035201,136.40729916165293,10.131899915473976,13.0,5,0.0,0.0,0.0
3.0,-1.0,5.0,2.0,26.13141079050405,169.44262303029865,320.97767208196643,0.0,0.6938365661771473,1.1513190084225295,134.35632183908046,12.4204058589757,93.22132898901926,8.617731751718221,12.64367816091954,4,0.0,0.0,0.0
3.0,-1.0,5.0,3.0,20.482739426728273,162.42501253202968,320.6484563531666,0.0,0.7134442770823418,1.1270079661115844,567.5581395348837,24.39550402327212,404.92110656266397,17.40483273194274,17.441860465116278,4,-0.14115913197082364,-0.03423792514189472,-0.059903100558120315
3.0,-1.0,5.0,4.0,14.95224384034725,152.75616297389485,320.24828098026524,0.0,0.7406858218455268,1.0954189439812096,16.857142857142858,5.587887775887984,12.485846711110309,4.138869249664165,9.142857142857144,4,0.0,0.0,0.0
3.0,-1.0,5.0,5.0,9.5996169579345,140.56925698853834,319.7609689005718,0.0,0.7753613081825634,1.0584528647363118,43.764705882352935,7.539515280005701,33.9334596051663,5.845848430567647,8.235294117647058,4,0.0,0.0,0.0
3.0,-1.0,5.0,6.0,4.46301261995518,125.99145091822312,319.1672297388878,0.0,0.8172718709148258,1.0179777019629954,80.86363636363636,9.909638225085017,66.08757537988522,8.098868572304305,11.136363636363637,4,0.0,0.0,0.0
3.0,-1.0,6.0,-9.0,64.80544403903019,10.231566676662425,317.6551285758474,0.0,1.155404027510181,0.7984360686598413,4.382022471910112,3.6943915907910756,5.063006412685062,4.268514923199753,5.617977528089888,5,0.0,0.0,0.0
3.0,-1.0,6.0,-8.0,62.682468738210616,31.366264375759357,318.4840427638727,0.0,1.0943613604654339,0.828535704674137,41.65168539325843,7.531812931465543,45.58199509264454,8.24252504644978,9.348314606741573,5,0.0,0.0,0.0
3.0,-1.0,6.0,-7.0,60.2234414162881,49.98939854326244,319.1243513911049,0.0,1.0399642913145066,0.8581282254719854,57.9655172413793,8.665332681871762,60.282068058609845,9.011636561507201,11.034482758620689,5,0.0,0.0,0.0
3.0,-1.0,6.0,-6.0,57.41911867523186,66.17904204610272,319.6020223804348,0.0,0.9924149564849015,0.8865145448809235,19.454545454545453,5.210645492286056,19.306981880706264,5.171122519485315,4.545454545454545,4,0.0,0.0,0.0
3.0,-1.0,6.0,-5.0,54.267275836615795,79.96246784407145,319.9387843225844,0.0,0.9518702463758657,0.9128693016342878,103.27586206896552,10.874431935359462,98.30522027226614,10.351048205508194,9.724137931034482,5,0.0,0.0,0.0
3.0,-1.0,6.0,-4.0,50.77491100909893,91.32979344537563,320.1528028986229,0.0,0.9184630346340599,0.9362740307146867,97.1123595505618,10.712200449953777,89.19411245328293,9.838760132872887,10.887640449438202,5,0.0,0.0,0.0
3.0,-1.0,6.0,-3.0,46.960088752833826,100.24729857711658,320.25900411841417,0.0,0.8923113823042873,0.9557771660112744,66.28571428571429,9.04537315483469,59.147497341312764,8.071289423248635,9.714285714285715,4,0.0,0.0,0.0
3.0,-1.0,6.0,-2.0,42.85294648282499,106.67056261820807,320.26912655625944,0.0,0.8735186014399633,0.9704793722507139,126.27906976744187,11.835130260151052,110.30711641439537,10.338206432706937,8.72093023255814,4,0.0,0.0,0.0
3.0,-1.0,6.0,-1.0,38.49540246141487,110.55683514228082,320.1915902635872,0.0,0.8621675038231619,0.9796342140765282,159.14606741573036,12.925618444398726,137.2105676870929,11.14404818957787,4.853932584269662,4,-0.5502246197778504,0.057979599674638393,-0.14429768916095043
3.0,-1.0,6.0,0.0,33.93929271497461,111.8754647721326,320.0312794931913,0.0,0.8583124929425635,0.9827456249007508,25.517241379310345,6.464022815796609,21.901767061293,5.548151537463997,10.482758620689655,4,0.0,0.0,0.0
3.0,-1.0,6.0,1.0,29.243016171965053,110.61497140716405,319.7893353456544,0.0,0.8619730103769828,0.9796393745795939,159.32584269662925,13.266375450218623,137.33457626006313,11.435257583616247,10.674157303370785,5,0.0,0.0,0.0
3.0,-1.0,6.0,2.0,24.46717628058164,106.78559986050831,319.46303226838734,0.0,0.8731309433469526,0.9704894066743592,114.47619047619048,11.387226802007714,99.95270418124163,9.942540079742697,9.523809523809524,4,0.0,0.0,0.0
3.0,-1.0,6.0,3.0,19.67000340877405,100.4168957207394,319.0457684733944,0.0,0.8917329796832789,0.9557915439881818,78.85057471264366,9.992968858579257,70.31365793824473,8.911059896143096,13.14942528735632,5,0.0,0.0,0.0
3.0,-1.0,6.0,4.0,14.903387406952078,91.55073382345246,318.52714614785947,0.0,0.9176969745176142,0.9362920516877516,71.25531914893617,9.14076527757195,65.39079080126574,8.388452640003438,7.74468085106383,4,0.0,0.0,0.0
3.0,-1.0,6.0,5.0,10.21012768907363,80.23094291003002,317.89306998805586,0.0,0.950919754639066,0.9128901805281568,111.76404494382024,11.38237740276487,106.27863819544709,10.823727527046419,11.235955056179776,5,0.0,0.0,0.0
3.0,-1.0,6.0,6.0,5.622633431073666,66.49093821620787,317.12576478301935,0.0,0.991282856014419,0.8865374916995696,9.200000000000001,4.169412428628283,9.119802275332656,4.133067060152659,4.8,4,0.0,0.0,0.0
3.0,-1.0,6.0,7.0,1.1629447780870805,50.34054635820661,316.2036057269862,0.0,1.0386525210140773,0.8581525066531034,38.44444444444444,6.902316662443268,39.930419141207864,7.169108602284172,5.555555555555555,5,0.0,0.0,0.0
3.0,-1.0,7.0,-5.0,47.92043659849381,11.34194230652156,316.93671716810763,0.0,1.1521301765935552,0.7998292517080361,37.8314606741573,7.228684671888465,43.58676746730899,8.328385747561983,9.168539325842696,4,0.0,0.0,0.0
3.0,-1.0,7.0,-4.0,44.84000625423715,22.55022492137408,317.28993648394066,0.0,1.1198367213559615,0.8154292775794817,45.793103448275865,7.707714991642465,51.28079882623162,8.63138228538709,8.206896551724137,5,0.0,0.0,0.0
3.0,-1.0,7.0,-3.0,41.513816831362334,31.25731483078721,317.5030126236275,0.0,1.0945743234098175,0.8282143483759905,31.186046511627907,6.3927267351945165,34.135445760292214,6.9973145409193895,5.813953488372093,4,0.0,0.0,0.0
3.0,-1.0,7.0,-2.0,37.96425614348786,37.47991367251808,317.5875919530823,0.0,1.076438630088956,0.837723623363115,14.731182795698924,5.105319273897217,15.857214228192145,5.495562885360663,7.268817204301075,4,0.0,0.0,0.0
3.0,-1.0,7.0,-1.0,34.219861712997016,41.222964362412114,317.5516117219263,0.0,1.0654954285637181,0.843588682019124,37.261904761904766,7.102265615333483,39.70238918338617,7.5674315455831085,7.738095238095237,5,0.0,0.0,0.0
3.0,-1.0,7.0,0.0,30.314230953927904,42.48642073352016,317.3993846540965,0.0,1.0617836832394403,0.8455709564531949,143.1304347826087,12.716480829541274,151.97356022714075,13.502151853034066,11.869565217391305,5,0.0,0.0,0.0
3.0,-1.0,7.0,1.0,26.284354999479206,41.2695263504969,317.1316007146877,0.0,1.0653164680918228,0.8435878139854157,46.10112359550561,8.37389113680819,49.112286163828635,8.92084413004992,14.89887640449438,5,0.0,0.0,0.0
3.0,-1.0,7.0,2.0,22.16856950550141,37.57229941825025,316.74528200259994,0.0,1.076081087184377,0.8377219232571601,12.69767441860465,5.23529644111894,13.663727293085342,5.6336034860917685,9.30232558139535,5,0.0,0.0,0.0
3.0,-1.0,7.0,3.0,18.00439926639993,31.39410161687428,316.2337030176392,0.0,1.0940388454921377,0.8282118840815663,15.241379310344827,5.0800176642297465,16.67466102439741,5.557736660453578,6.758620689655173,4,0.0,0.0,0.0
3.0,-1.0,7.0,4.0,13.826589720463687,22.729403014191547,315.58626249271146,0.0,1.1191240256769623,0.8154261416851856,36.104651162790695,7.126118368861889,40.405582554964745,7.9750102764112665,8.895348837209301,5,0.0,0.0,0.0
3.0,-1.0,7.0,5.0,9.665562943052464,11.561038691247177,314.7882676353181,0.0,1.1512407908612798,0.799825552541626,39.529411764705884,7.1402170108434175,45.507871262281185,8.220109078484539,6.470588235294118,5,0.0,0.0,0.0
3.0,0.0,2.0,-1.0,61.9948604378169,350.67775452762726,381.3808085654317,0.0,0.2500153475146122,2.906997047444704,0.0,1.5377078573465945,0.0,0.38445056433045854,0.0,4,0.0,0.0,0.0
3.0,0.0,2.0,0.0,48.5522587533504,354.194225116762,381.18523099556836,0.0,0.24267796890160762,2.99119709804803,0.0,1.576843930644119,0.0,0.38266528236354225,0.0,4,0.0,0.0,0.0
3.0,0.0,2.0,1.0,34.71328413791167,350.66261194887727,380.98913405946547,0.0,0.25004704762066643,2.9066563790529565,-0.5333333333333333,1.6,-0.13335842539768877,0.4000752761930663,0.5333333333333333,5,0.0,0.0,0.0
3.0,0.0,2.0,2.0,21.89961793992819,340.68714367389737,380.7943068932478,0.0,0.2711205104395276,2.690716208219208,0.0,1.5121486059886464,0.0,0.40997450191606194,0.0,4,0.0,0.0,0.0
3.0,0.0,2.0,3.0,10.873907373147574,325.6680215159564,380.6018065118471,0.0,0.3035810351463323,2.4179212763192077,0.0,1.5377078573465945,0.0,0.4668189430859278,0.0,4,0.0,0.0,0.0
3.0,0.0,2.0,4.0,1.7031473367937622,307.07429502304814,380.41165795561056,0.0,0.3450125356577036,2.1460212637144482,1.724137931034483,3.2559686343573926,0.5948491994098339,1.1233499945615946,5.275862068965517,5,0.0,0.0,0.0
3.0,0.0,3.0,-3.0,69.84352734125295,274.94039228685415,381.833342431676,0.0,0.4199371469834889,1.7941711747022249,0.30681818181818166,4.329735739077841,0.12884435191538857,1.8182168734607962,11.693181818181817,5,0.0,0.0,0.0
3.0,0.0,3.0,-2.0,62.5117717932784,285.5790176507991,381.64315232114404,0.0,0.39466148167840004,1.8974250796783394,-2.681818181818182,3.088568632610761,-1.0584103372284366,1.218939072811593,7.681818181818182,4,0.0,0.0,0.0
3.0,0.0,3.0,-1.0,54.16566330760881,292.2745219789174,381.4520656387448,0.0,0.3789932146245964,1.9686146048999302,2.8488372093023258,3.2516202226692474,1.0796899718956525,1.232342000927764,4.151162790697674,5,0.0,0.0,0.0
3.0,0.0,3.0,0.0,45.110068447439346,294.5603973833813,381.26023016408413,0.0,0.3736862157284011,1.994131398698687,-2.172413793103448,2.493405227015153,-0.8118010893410091,0.9317511635607074,5.1724137931034475,4,0.0,0.0,0.0
3.0,0.0,3.0,1.0,35.78533399484675,292.2596276177654,381.0681481977431,0.0,0.37902787435970764,1.968455898199728,3.0111111111111115,3.609890391961411,1.141295043905342,1.3682490819366655,5.988888888888889,5,0.0,0.0,0.0
3.0,0.0,3.0,2.0,26.650936488510297,285.55035614359724,380.87640064611776,0.0,0.3947289719145711,1.8971409006633557,-2.72093023255814,3.3995673061609537,-1.0740299933489494,1.3419077077153012,8.720930232558139,5,0.0,0.0,0.0
3.0,0.0,3.0,3.0,18.062647954237065,274.8998153409695,380.68534402848906,0.0,0.4200344848841015,1.793810805479472,0.3333333333333337,3.0770115371899402,0.14001149496136733,1.2924509560060138,5.666666666666666,4,0.0,0.0,0.0
3.0,0.0,3.0,4.0,10.215246620397352,260.9133170647886,380.4949138848434,0.0,0.4539767026434294,1.673956399481626,10.906976744186048,5.529493173331624,4.951513338134149,2.5102610781184436,12.093023255813954,5,0.0,0.0,0.0
3.0,0.0,3.0,5.0,3.1593393184549257,244.18719509618833,380.3045755902373,0.0,0.4956209705617925,1.5501890018409192,483.79545454545456,22.501469189865787,239.77917273520174,11.152199998947552,14.204545454545455,5,0.38355999142069663,-0.1710798724718643,0.053220593543188865
3.0,0.0,4.0,-5.0,70.48951963321142,195.69665646361443,382.2959525636077,0.0,0.6226049800763835,1.2788189287009468,25.17647058823529,6.279532303568243,15.67499596898189,3.909668084752113,8.823529411764707,4,0.0,0.0,0.0
3.0,0.0,4.0,-4.0,65.9546005946222,209.56338108959105,382.10194982124705,0.0,0.585378162878117,1.3456283810266683,64.48275862068965,9.429631743376598,37.746798778692366,5.5199005065549684,15.517241379310342,4,0.0,0.0,0.0
3.0,0.0,4.0,-3.0,60.73330949337202,220.7916070866922,381.9097013693327,0.0,0.5557589626772783,1.405497776407398,-5.2183908045977,3.9800997908791254,-2.9001674604078653,2.211976131131035,13.2183908045977,5,0.0,0.0,0.0
3.0,0.0,4.0,-2.0,54.86483545625617,229.0896829283972,381.7183645152201,0.0,0.5341812051533695,1.4534985237223523,52.666666666666664,8.391794934471541,28.133543471410793,4.48273913149595,11.333333333333332,4,0.0,0.0,0.0
3.0,0.0,4.0,-1.0,48.445981312009565,234.19196378971586,381.5274066815442,0.0,0.5210478862920853,1.4847541465508274,871.5106382978723,29.926051912493605,454.09877596617247,15.59290609407201,15.48936170212766,4,0.30813331651836506,0.04221848839165432,-0.08399624479046963
3.0,0.0,4.0,0.0,41.629953466433506,235.91040229598678,381.33656160185853,0.0,0.5166478848166937,1.495598549024015,1086.5227272727273,33.352092689617834,561.3496688507198,17.231288142301366,16.477272727272727,4,0.26583494028884047,0.06259163399016643,0.016202295476333006
3.0,0.0,4.0,1.0,34.60871775692567,234.17699412652908,381.1457382438317,0.0,0.521086299870309,1.4846633585994247,793.6363636363636,28.48607750411151,413.5530361697997,14.843704724436313,11.363636363636363,4,0.2817932576579665,0.01968828393938793,-0.048939061711806175
3.0,0.0,4.0,2.0,27.582424832691032,229.06033053714577,380.95489149005675,0.0,0.5342571258712124,1.4533281895264785,57.11494252873564,8.684507080520033,30.51406503970178,4.639759792446827,11.885057471264368,4,0.0,0.0,0.0
3.0,0.0,4.0,3.0,20.727150179263845,220.74890637349168,380.76388430472366,0.0,0.5558708079814276,1.4052667779512535,6.14285714285714,5.4304508024994895,3.4146349633144824,3.0186290752887834,14.857142857142858,5,0.0,0.0,0.0
3.0,0.0,4.0,4.0,14.172925725116158,209.50859512229295,380.57237519475507,0.0,0.5855240320764058,1.345358104109604,71.27659574468085,9.541408645988863,41.734159733105514,5.586724062088079,12.72340425531915,5,0.0,0.0,0.0
3.0,0.0,4.0,5.0,7.997241991416274,195.63105666846855,380.3797492512217,0.0,0.622783005896981,1.2785289581791326,29.545454545454543,6.67733306489231,18.4004069924108,4.158529557528934,9.454545454545455,4,0.0,0.0,0.0
3.0,0.0,4.0,6.0,2.231176277095159,179.38853690008366,380.1850891328117,0.0,0.6672533203434269,1.2089606381596039,201.76404494382024,14.809197625166076,134.62772891468447,9.881486287014056,11.235955056179776,5,0.0,0.0,0.0
3.0,0.0,5.0,-8.0,71.12556451526257,91.46666681202757,383.029942992846,0.0,0.9202211278573534,0.9451143339037223,14.954022988505749,5.310257749198972,13.76100790048755,4.886611375181129,8.045977011494251,4,0.0,0.0,0.0
3.0,0.0,5.0,-7.0,68.53362545526042,110.46242043977206,382.81136839505365,0.0,0.8643155082319574,0.989749358153386,17.86046511627907,5.565578363501967,15.437076984235889,4.810415691854987,8.13953488372093,4,0.0,0.0,0.0
3.0,0.0,5.0,-6.0,65.49509468577844,127.2498170268589,382.60071868303703,0.0,0.8153249320533739,1.034016419467955,-4.2558139534883725,3.4414283198224447,-3.469871222459708,2.8058823110257913,10.255813953488373,4,0.0,0.0,0.0
3.0,0.0,5.0,-5.0,61.99186967488299,141.76767388005786,382.39607927160364,0.0,0.7733944843216739,1.0765027048213347,100.73563218390804,10.878616599311258,77.90838230569138,8.413462074957533,11.264367816091955,4,0.0,0.0,0.0
3.0,0.0,5.0,-4.0,58.019744205281825,153.91325772521992,382.1958762154838,0.0,0.7386955902613177,1.1154479658376433,74.95402298850576,9.373822205489295,55.36820625395463,6.924401127088562,8.045977011494253,4,0.0,0.0,0.0
3.0,0.0,5.0,-3.0,53.593716449672996,163.55828552573075,381.9988373312121,0.0,0.7114209439584167,1.148838598119405,345.24444444444447,19.27902973840543,245.61412856306583,13.71550553509878,16.755555555555556,4,-0.3163290605499469,0.22070130377187525,-0.11004200686663523
3.0,0.0,5.0,-2.0,48.75217383517838,170.56859195835912,381.80395855635857,0.0,0.6917662268272438,1.1746047725198498,122.72093023255815,12.184604033212862,84.89419485970618,8.428897557439678,16.27906976744186,5,0.0,0.0,0.0
3.0,0.0,5.0,-1.0,43.55829659013605,174.82609022632147,381.6104654716812,0.0,0.6799028610934208,1.1909105798224133,56.20454545454546,8.55182910211234,38.21363126100068,5.81441307410816,10.795454545454545,4,0.0,0.0,0.0
3.0,0.0,5.0,0.0,38.09726305939566,176.24968682142054,381.4177621938564,0.0,0.6759488098409449,1.1964788392192118,-1.8837209302325584,3.7402839698651027,-1.2732989208631753,2.5282404978974804,9.88372093023256,4,0.0,0.0,0.0
3.0,0.0,5.0,1.0,32.468932424225585,174.8105810475828,381.2253647549009,0.0,0.6799460585506273,1.190852017289929,51.24999999999999,8.449213250087523,34.84723550071964,5.745009247250747,12.75,4,0.0,0.0,0.0
3.0,0.0,5.0,2.0,26.77731801833727,170.53788809619596,381.03282258064223,0.0,0.6918521644397435,1.1744924007095154,128.08045977011494,12.053032723479484,88.61274331439152,8.338916777802337,10.919540229885056,5,0.0,0.0,0.0
3.0,0.0,5.0,3.0,21.119483620323763,163.5129558421275,380.8396369194349,0.0,0.7115487976329268,1.1486809011651118,345.72093023255815,19.27341628892468,245.99731222351372,13.71397618666322,16.27906976744186,4,-0.015820922870659615,-0.005059157091807265,-0.014474070054617982
3.0,0.0,5.0,4.0,15.576664771829428,153.8540222730859,380.6451862141492,0.0,0.7388643194413446,1.1152555193632172,71.74725274725274,9.883336019680465,53.01148507288504,7.302444341991334,16.252747252747252,4,0.0,0.0,0.0
3.0,0.0,5.0,5.0,10.20935311505886,141.69528319372577,380.44866488369024,0.0,0.7736029952407,1.076286483287683,101.0344827586207,10.809341096227913,78.16057848466383,8.362138648620304,9.96551724137931,5,0.0,0.0,0.0
3.0,0.0,5.0,6.0,5.05650749829789,127.16493670744384,380.24903591037014,0.0,0.8155722093517112,1.033786485517973,-2.6931818181818183,3.4101657396526677,-2.196484245640404,2.7812364065440383,8.693181818181818,4,0.0,0.0,0.0
3.0,0.0,5.0,7.0,0.137851011639043,110.36553410581114,380.04499201451966,0.0,0.86460068423916,0.9895141061726251,10.10344827586207,4.631670488645725,8.735448292485307,4.004545473653419,6.896551724137931,4,0.0,0.0,0.0
3.0,0.0,6.0,-9.0,65.28005030003692,12.696185973652518,383.44082960599144,0.0,1.1520363767266286,0.8061698957125326,1.1379310344827587,3.447686156472412,1.3109379459303017,3.9718598677930337,5.862068965517241,5,0.0,0.0,0.0
3.0,0.0,6.0,-8.0,63.169517952476184,33.64200469756736,383.1941556626739,0.0,1.0909900030487065,0.8371734447942022,31.77777777777778,6.59592092429148,34.6692378746589,7.196083789301789,7.222222222222222,5,0.0,0.0,0.0
3.0,0.0,6.0,-7.0,60.72291445714839,52.10363961197285,382.9603293249408,0.0,1.036640553294215,0.8677205268610356,48.19540229885058,8.05214049642604,49.961308505317746,8.347175379417843,10.804597701149426,5,0.0,0.0,0.0
3.0,0.0,6.0,-6.0,57.930678103615264,68.1544594676019,382.7366736160899,0.0,0.9891746610339704,0.8970855873511124,75.72727272727272,9.506522336908947,74.90749933102703,9.403611010223777,9.272727272727273,4,0.0,0.0,0.0
3.0,0.0,6.0,-5.0,54.790220730755664,81.81830082442187,382.5209835895615,0.0,0.9487372346055347,0.9244053523411283,60.77272727272727,8.778171885586005,57.65734921216363,8.328178519622918,10.227272727272727,5,0.0,0.0,0.0
3.0,0.0,6.0,-4.0,51.308146361708054,93.0828613172046,382.31143731013265,0.0,0.915451912242393,0.9487125398391697,6.766666666666667,4.128680176521305,6.194557939506859,3.7796081626336893,6.233333333333333,5,0.0,0.0,0.0
3.0,0.0,6.0,-3.0,47.50211935486678,101.91284144356514,382.1065273652046,0.0,0.8894296491689581,0.9689990158149016,12.620689655172413,5.2129446490815186,11.225215572270297,4.636547530369772,9.379310344827585,4,0.0,0.0,0.0
3.0,0.0,6.0,-2.0,43.40190411084609,108.26294732193159,381.90500343686307,0.0,0.8707683320981185,0.984307302449965,6.977528089887641,4.426866479226118,6.075810496999232,3.854775140536797,8.02247191011236,4,0.0,0.0,0.0
3.0,0.0,6.0,-1.0,39.04911116399825,112.09014383248748,381.7058187176848,0.0,0.8595467462548142,0.9938398517818812,94.79999999999998,10.525207836427743,81.48503154495637,9.046908149457138,10.2,4,0.0,0.0,0.0
3.0,0.0,6.0,0.0,34.49537026007212,113.3639702430249,381.508075301175,0.0,0.8558165415870188,0.9970656993493435,98.63636363636364,11.094075553947441,84.41463160199231,9.494493372684389,15.363636363636363,4,0.0,0.0,0.0
3.0,0.0,6.0,1.0,29.799001835057,112.0735024932662,381.31096629441424,0.0,0.8595956854453336,0.9937990087362133,88.26666666666667,10.552198296510964,75.87364583530811,9.070624127644423,14.73333333333333,5,0.0,0.0,0.0
3.0,0.0,6.0,2.0,25.020668707499908,108.22981066193803,381.1137149423548,0.0,0.8708659743121812,0.984227949099864,17.50561797752809,5.001729280557411,15.245047055936833,4.355835843158395,4.49438202247191,4,0.0,0.0,0.0
3.0,0.0,6.0,3.0,20.218789747294437,101.8634697250425,380.91551283880676,0.0,0.8895755545451417,0.968885459684319,17.63636363636364,5.801111321288661,15.688877961977957,5.160526820613461,10.363636363636363,5,0.0,0.0,0.0
3.0,0.0,6.0,4.0,15.445547293572105,93.0175711393705,380.71545972146333,0.0,0.9156454900217861,0.9485704503316779,10.191011235955056,4.883635192181832,9.331353476963596,4.471678538632973,8.808988764044944,4,0.0,0.0,0.0
3.0,0.0,6.0,5.0,10.744101993989773,81.73739011262228,380.5125062728413,0.0,0.9489777955878517,0.9242410524664734,68.69767441860465,9.146130527364035,65.19256763177938,8.679474786016677,9.302325581395348,5,0.0,0.0,0.0
3.0,0.0,6.0,6.0,6.147255459374065,68.05812444450699,380.3053991940571,0.0,0.9894614457561474,0.8969054027397361,70.11111111111111,9.17524850808877,69.37224136356988,9.078554653985448,8.88888888888889,4,0.0,0.0,0.0
3.0,0.0,6.0,7.0,1.6774383360297236,51.99188999753747,380.09262525851295,0.0,1.0369727130332118,0.8675302918330706,67.06976744186046,9.163705538086145,69.54951870669262,9.502512593266658,10.930232558139535,5,0.0,0.0,0.0
3.0,0.0,7.0,-5.0,48.38936836284256,13.675015765827538,382.6815181581728,0.0,1.1492058475091382,0.8075433313618481,30.294117647058822,6.165255925169479,34.814177145129776,7.085148160595127,4.705882352941177,4,0.0,0.0,0.0
3.0,0.0,7.0,-4.0,45.315517122677164,24.765615519145825,382.45808911777283,0.0,1.116961876348986,0.8235951085684213,8.529411764705884,4.419600883826314,9.527027768859,4.936525695912277,6.470588235294117,5,0.0,0.0,0.0
3.0,0.0,7.0,-3.0,41.99494996916218,33.375848859144895,382.24104272887445,0.0,1.091773202743767,0.8367606080352615,17.057471264367816,4.875700843281113,18.622890033008623,5.323159525289506,3.942528735632184,4,0.0,0.0,0.0
3.0,0.0,7.0,-2.0,38.449865237445096,39.52076117614297,382.0287853288706,0.0,1.0737285221918154,0.8465565376651536,36.55172413793103,7.053950973469251,39.246628742183596,7.574028354356656,8.448275862068966,4,0.0,0.0,0.0
3.0,0.0,7.0,-1.0,34.70864921883464,43.20435025843588,381.81993857049656,0.0,1.0628887668595177,0.8525958373320608,-0.13793103448275845,4.217039778642031,-0.14660534715303675,4.4822442101183615,11.137931034482758,5,0.0,0.0,0.0
3.0,0.0,7.0,0.0,30.804799677467685,44.42621676988759,381.61327617873854,0.0,1.059289931196836,0.854627742299437,6.910112359550561,3.856312692505104,7.31981244591072,4.084953206717217,4.089887640449438,5,0.0,0.0,0.0
3.0,0.0,7.0,1.0,26.775269028673478,43.18575587277448,381.4076638978421,0.0,1.0629439100359814,0.8525657523957734,3.886363636363636,3.611348618310784,4.130986559458018,3.838661020850304,5.113636363636363,5,0.0,0.0,0.0
3.0,0.0,7.0,2.0,22.658418769070522,39.48358646817235,381.2020007042181,0.0,1.0738386281381032,0.8464976404127875,55.04761904761905,8.048851694834623,59.11225972036416,8.643167862068259,5.9523809523809526,5,0.0,0.0,0.0
3.0,0.0,7.0,3.0,18.49186131778214,33.320100363028615,380.99516030290926,0.0,1.091937909166883,0.8366752978324196,2.910112359550562,3.919577205389178,3.177662005328345,4.279934938470833,8.089887640449438,4,0.0,0.0,0.0
3.0,0.0,7.0,4.0,14.31048293852595,24.691250830688375,380.78593215981107,0.0,1.1171806293798336,0.8234866514819392,14.550561797752808,5.206668832203695,16.255605787043645,5.816789562933687,7.449438202247191,5,0.0,0.0,0.0
3.0,0.0,7.0,5.0,10.144887012704402,13.581885105987311,380.572960820348,0.0,1.14947787140926,0.8074155384194293,39.157303370786515,7.001524893874224,45.01045372877832,8.048097931629488,5.842696629213483,4,0.0,0.0,0.0
3.0,1.0,2.0,-2.0,71.81388371212458,340.52279480357197,442.30334676904124,0.0,0.2713883128906562,2.440928142573753,1588.909090909091,40.2600534131097,431.21135751844446,10.926107972671547,20.09090909090909,5,0.8290538398321701,0.1251850581184044,-0.05486861573639601
3.0,1.0,2.0,-1.0,59.966000549707616,350.42423530607846,442.3682443661011,0.0,0.25048029065125804,2.5980390569300065,392.68181818181824,20.538363619463194,98.3590559516463,5.144455288904365,18.31818181818182,4,0.0,0.0,0.0
3.0,1.0,2.0,0.0,46.460417326780146,353.83118861770413,442.2639960074222,0.0,0.24337282737800023,2.6571773258433438,4.715909090909092,6.062635787011324,1.1477241291121603,1.4754808128479935,20.284090909090907,4,0.0,0.0,0.0
3.0,1.0,2.0,1.0,32.68893002312677,350.15974639571505,441.96023927883846,0.0,0.2510348839471706,2.5969705518993744,356.6363636363636,19.733477239628655,89.52816815679547,4.953791168724312,21.363636363636367,5,0.8754751410207291,0.11009162413398599,0.008910694764423965
3.0,1.0,2.0,2.0,20.04209233971909,340.03868262915967,441.49323275778715,0.0,0.2724226027553116,2.439156689964365,1518.0581395348836,39.40827366850315,413.553349505979,10.73570448286724,21.941860465116278,4,0.8889655003109169,-0.0203777513530099,-0.006730812226305005
3.0,1.0,2.0,3.0,9.222242498859572,324.88337108032545,440.9417125251554,0.0,0.3051911627775381,2.2302017735386417,2471.3370786516857,50.22665582068881,754.2302366489521,15.328731492343222,32.66292134831461,5,0.8006284427601713,-0.030515470101704523,0.004738931287377568
3.0,1.0,2.0,4.0,0.2517874353287084,306.16576250324556,440.38709581193393,0.0,0.3469165234026158,2.011337295993989,686.2134831460675,26.958793433047717,238.05879588503322,9.352450892922183,25.786516853932582,5,0.7274746523247586,-0.04096641415048907,0.002565437567403017
3.0,1.0,3.0,-3.0,68.58297075042248,274.4770569562136,441.4316178001469,0.0,0.42076736098857703,1.7139361944556115,1384.6629213483145,37.596645650525666,582.6209632744639,15.819441372394348,18.337078651685392,4,0.4170986371518097,0.2143879826737134,-0.10180928029167546
3.0,1.0,3.0,-2.0,61.174633230611875,285.0975409166266,441.3459658829753,0.0,0.3955600372570596,1.803123225658154,-6.337078651685392,4.74423483516473,-2.5066950675615907,1.8766297081540007,18.337078651685395,5,0.0,0.0,0.0
3.0,1.0,3.0,-1.0,52.77567977749038,291.747655887391,441.23325211738137,0.0,0.3800104313164294,1.8637293595604978,-8.571428571428573,4.179639668093655,-3.2572322684265385,1.5883066730195277,16.571428571428573,5,0.0,0.0,0.0
3.0,1.0,3.0,0.0,43.70210930216837,293.9634587657817,441.0670576333458,0.0,0.3748701385284564,1.8851795389328758,-1.5057471264367814,4.39274495250182,-0.5644596338761815,1.646708908864535,13.505747126436782,5,0.0,0.0,0.0
3.0,1.0,3.0,1.0,34.39878276964626,291.57385914416153,440.8381725530989,0.0,0.38041741001972534,1.8632899305888628,-4.227272727272728,3.436706332118463,-1.608128142356112,1.3073829218628956,10.227272727272727,4,0.0,0.0,0.0
3.0,1.0,3.0,2.0,25.32050017438567,284.7643506289279,440.55766722586714,0.0,0.3963502874605546,1.8023275932625493,5.095238095238097,4.932250754540865,2.0194990837275886,1.9548990043898093,11.904761904761905,5,0.0,0.0,0.0
3.0,1.0,3.0,3.0,16.81180148022119,274.00829439533277,440.252961380185,0.0,0.4219019075244814,1.7129114646961665,1392.7727272727273,37.66171055792289,587.613470384438,15.889547525022568,16.227272727272727,5,0.6577966052384454,-0.008720307542319006,-0.006823101695800915
3.0,1.0,3.0,4.0,9.054996074130997,259.9143836262234,439.95965909128665,0.0,0.4560962543057648,1.6075446001688767,249.2528735632184,16.468657300234256,113.6833020071323,7.511292908082132,13.747126436781608,4,0.5209564832371143,0.08647069761104831,-0.020242360292058947
3.0,1.0,3.0,5.0,2.0908795830156066,243.07962790775005,439.714004374145,0.0,0.4979938361697126,1.496921570871133,82.7142857142857,9.699649607680369,41.19120444889479,4.830365717630795,7.285714285714286,4,0.0,0.0,0.0
3.0,1.0,4.0,-5.0,69.57470546705517,194.92305690803664,442.0074502768075,0.0,0.6238581167610525,1.2488362767479406,93.25000000000001,10.548723533291513,58.174769387968155,6.580906797712239,11.75,4,0.0,0.0,0.0
3.0,1.0,4.0,-4.0,64.99189744111942,208.81705322881947,441.67405745770895,0.0,0.5866543042041436,1.3107739014702842,51.91208791208792,8.225184801346556,30.45444981385027,4.82534006658446,10.087912087912088,4,0.0,0.0,0.0
3.0,1.0,4.0,-3.0,59.727302289606,220.0524528894488,441.404326861524,0.0,0.5570820296170279,1.365859634664082,324.71910112359546,18.84848121964572,180.8951759093495,10.500150173038671,19.280898876404493,5,0.2006122793619909,0.30860422502559004,-0.03881705677397207
3.0,1.0,4.0,-2.0,53.824045078797724,228.3376019318889,441.17543520736734,0.0,0.5355800245937345,1.4097201600120315,70.30769230769229,9.736251333308894,37.65539557528256,5.214541728544359,15.692307692307693,5,0.0,0.0,0.0
3.0,1.0,4.0,-1.0,47.382887766005524,233.40759022714244,440.9684752995865,0.0,0.5225534961497462,1.438110905929859,343.94505494505495,19.330782318126534,179.72969094495502,10.101367883646716,19.054945054945055,5,0.2793800559593933,0.22526480943412253,-0.06075834803471025
3.0,1.0,4.0,0.0,40.56003793657331,235.07608607801663,440.77083244887456,0.0,0.5182905715314544,1.4478868820059023,-0.09195402298850608,5.024763620161563,-0.047658903129329314,2.6042876085039963,16.091954022988507,4,0.0,0.0,0.0
3.0,1.0,4.0,1.0,33.548566602496635,233.27764916910263,440.578140790755,0.0,0.5228929366106764,1.4378883687067807,344.95348837209303,19.037394529749633,180.37374252898053,9.954519131076813,11.046511627906977,4,0.36614277720610744,0.11861536137030271,-0.001558772519004492
3.0,1.0,4.0,2.0,26.547445694785182,228.0837696382929,440.39493769821195,0.0,0.5362494111201347,1.4093010178540053,65.17441860465115,9.422946171362996,34.94974359684133,5.053049335410135,14.825581395348836,4,0.0,0.0,0.0
3.0,1.0,4.0,3.0,19.729690456978318,219.68550282371092,440.23366701900176,0.0,0.5580646381183973,1.365287901935606,318.3707865168539,18.73022249447639,177.6714777649976,10.452674838257032,20.629213483146067,5,0.37876624055815,0.10179751646279556,0.08627690898905271
3.0,1.0,4.0,4.0,13.221336786032566,208.35040642313425,440.11247617050424,0.0,0.5879297293782182,1.31010025073184,38.258426966292134,7.3199897346884955,22.49326661272846,4.303639583766742,9.741573033707864,5,0.0,0.0,0.0
3.0,1.0,4.0,5.0,7.095924079800909,194.3707040648141,440.0527257052936,0.0,0.6254058251114712,1.2481081065664437,90.62068965517241,10.300298415265434,56.67470718596367,6.441866629293458,9.379310344827585,4,0.0,0.0,0.0
3.0,1.0,4.0,6.0,1.3812659525671904,178.01809525313635,440.0770264214456,0.0,0.6700936839908546,1.183104518427764,52.27586206896552,8.200809101348826,35.02972499759088,5.495310382428564,9.724137931034484,4,0.0,0.0,0.0
3.0,1.0,5.0,-9.0,72.62821468776463,68.84656111754265,446.3781770098782,0.0,0.9842246372942446,0.8905358184847187,58.25842696629214,8.308644992926494,57.33937915023212,8.17757310456972,6.741573033707866,4,0.0,0.0,0.0
3.0,1.0,5.0,-8.0,70.42704122533559,90.16356137036951,445.3107170953858,0.0,0.9216367810728953,0.9328564376964403,1.5505617977528094,3.642633552053533,1.429054784135501,3.357185061542745,7.44943820224719,4,0.0,0.0,0.0
3.0,1.0,5.0,-7.0,67.80509173253432,109.25396794778706,444.4270386198584,0.0,0.8658054530983539,0.9756758731712363,201.27906976744185,14.69014746918172,174.26851619921518,12.718809785636516,8.72093023255814,5,0.0,0.0,0.0
3.0,1.0,5.0,-6.0,64.73630144613963,126.11340490190327,443.6985843767828,0.0,0.8168737278100443,1.0179751296878807,89.47252747252747,10.227273750425347,73.08775705307012,8.354391233843765,9.527472527472527,5,0.0,0.0,0.0
3.0,1.0,5.0,-5.0,61.20365217887979,140.68240728269774,443.10017284169936,0.0,0.7749979700277883,1.0584088582930324,66.36666666666667,9.039677968698761,51.434031944177555,7.005732075446461,9.633333333333333,5,0.0,0.0,0.0
3.0,1.0,5.0,-4.0,57.204316729540636,152.85942700297906,442.609475438427,0.0,0.740358407020105,1.095324595067426,9.831460674157304,5.789788537300235,7.27880456339991,4.286518618458866,15.168539325842698,5,0.0,0.0,0.0
3.0,1.0,5.0,-3.0,52.754897943245794,162.51709730070377,442.2069623593049,0.0,0.713154312171223,1.1268555990138618,595.1063829787233,25.17480758765794,424.40268322189587,17.953522589219087,24.893617021276597,5,-0.028067669398637918,0.3453044193812502,-0.030005385001054208
3.0,1.0,5.0,-2.0,47.895454718771674,169.5221301585337,441.8762592860526,0.0,0.6935858400922522,1.1511036765387566,135.2,12.541132325272706,93.7728055804725,8.69835179953237,13.8,4,0.0,0.0,0.0
3.0,1.0,5.0,-1.0,42.690662505452195,173.75744413122513,441.6047902206842,0.0,0.6818268475676683,1.1664001339173686,221.89655172413794,15.98033125189628,151.29502634820503,10.89581888056753,21.10344827586207,5,-0.20411563494360507,0.34197197775580435,-0.033397858254666346
3.0,1.0,5.0,0.0,37.22674078521436,175.1431445119426,441.3844971330332,0.0,0.6779958101416421,1.171592245567602,27.95505617977528,7.063314935391933,18.95341096216186,4.7888979319066145,14.044943820224718,5,0.0,0.0,0.0
3.0,1.0,5.0,1.0,31.60391048896517,173.6517631547988,441.21237892541893,0.0,0.6821335337312245,1.166270390961812,214.51685393258427,15.348446213264374,146.32913961793864,10.469689852737659,13.483146067415731,4,0.0,0.0,0.0
3.0,1.0,5.0,2.0,25.925781804654576,169.31371084353597,441.0906340843114,0.0,0.6941950385998462,1.150854305653873,158.23333333333332,13.232577644250235,109.84479494111565,9.185989748525754,10.766666666666666,4,0.0,0.0,0.0
3.0,1.0,5.0,3.0,20.288341226900144,162.21136521936972,441.0263311408601,0.0,0.7140584537395956,1.126504736674662,572.8275862068965,24.53379479007328,409.03238046628144,17.518563572164275,18.17241379310345,5,-0.033754702374977796,0.18261239159681963,-0.028243140938702282
3.0,1.0,5.0,4.0,14.771301910084645,152.4635074350652,441.03070916715313,0.0,0.7415478462593987,1.0948950126177937,8.655172413793103,4.994527326030336,6.418224462452037,3.7036809817015093,10.344827586206895,5,0.0,0.0,0.0
3.0,1.0,5.0,5.0,9.43346732962209,140.2042229564674,441.11833770847784,0.0,0.7764624861700475,1.0579244119058586,35.77272727272727,7.197982384892529,27.776180755264882,5.588963297981861,10.227272727272728,4,0.0,0.0,0.0
3.0,1.0,5.0,6.0,4.312184931920768,125.56084034233467,441.3063899519089,0.0,0.8186038727190181,1.017457945473346,70.27586206896551,9.42723557100893,57.528092848322714,7.717171547462395,11.724137931034482,5,0.0,0.0,0.0
3.0,1.0,6.0,-9.0,64.66277636562535,10.808261829268787,449.3156373736396,0.0,1.1531448214700815,0.7985232775924932,0.7142857142857144,3.549410403610615,0.8236748724786298,4.092984226195613,7.285714285714285,5,0.0,0.0,0.0
3.0,1.0,6.0,-8.0,62.53255711040504,31.900074641474077,447.9845652099196,0.0,1.0923258715738018,0.8286063578077938,33.89655172413793,6.810119303700789,37.026080405415414,7.4388695039365365,8.103448275862068,4,0.0,0.0,0.0
3.0,1.0,6.0,-7.0,60.066167257329965,50.47665531815133,446.8684704281943,0.0,1.03815192392726,0.858176954482845,53.60000000000001,8.187795796183488,55.64494312250115,8.50017595853142,8.4,4,0.0,0.0,0.0
3.0,1.0,6.0,-6.0,57.25461493751317,66.61549536156511,445.93581822721956,0.0,0.9908266196674624,0.8865354528962384,12.379310344827585,4.997588003245002,12.265750222779966,4.951743227745909,7.620689655172414,5,0.0,0.0,0.0
3.0,1.0,6.0,-5.0,54.09599653483872,80.34345416901061,445.16030494454327,0.0,0.9505082538837074,0.9128563006794866,111.96666666666665,11.505892210322308,106.42524082651242,10.936445514207607,13.033333333333331,4,0.0,0.0,0.0
3.0,1.0,6.0,-4.0,50.59769073261933,91.6504819105081,444.51999760338475,0.0,0.9173307902880383,0.9362213518629406,76.63218390804597,9.500832375519437,70.29706182586611,8.715406071429426,8.367816091954023,4,0.0,0.0,0.0
3.0,1.0,6.0,-3.0,46.77817639727465,100.50300906904421,443.99687029004264,0.0,0.8914128863637472,0.9556800136308248,70.0909090909091,9.324720543970232,62.47993958058628,8.312176054635835,10.909090909090908,5,0.0,0.0,0.0
3.0,1.0,6.0,-2.0,42.66799654630148,106.85713011615275,443.5766342170725,0.0,0.8728578407505652,0.9703346344904442,99.61363636363636,10.544989213871256,86.94854354567562,9.204276515957664,7.386363636363637,5,0.0,0.0,0.0
3.0,1.0,6.0,-1.0,38.3094119551871,110.67097402351077,443.2487575576224,0.0,0.8617478189488461,0.9794410858569008,157.27586206896552,13.261703152736306,135.5321311112306,11.428243767417548,11.724137931034482,5,0.0,0.0,0.0
3.0,1.0,6.0,0.0,33.75448282112271,111.9150727649073,443.0065669385477,0.0,0.8581360351624889,0.9825059779758489,42.19540229885058,7.670525834268741,36.20939523082181,6.58235462703082,10.804597701149424,5,0.0,0.0,0.0
3.0,1.0,6.0,1.0,29.06167269257753,110.57931397416951,442.84732970533486,0.0,0.8620403955534457,0.9793577473903368,159.9090909090909,13.197169744160993,137.84809597986464,11.376493426442508,9.09090909090909,4,0.0,0.0,0.0
3.0,1.0,6.0,2.0,24.29147593012175,106.67533573618364,442.7722444673553,0.0,0.873441171775786,0.9701725834686367,114.23333333333333,11.449939349669549,99.77609652252062,10.000848442337052,10.766666666666666,5,0.0,0.0,0.0
3.0,1.0,6.0,3.0,19.50185799218997,100.23393807449578,442.78631568946764,0.0,0.8922836295463563,0.9554478113691348,78.75555555555555,9.66132674987764,70.27229295805081,8.620643698614122,9.244444444444445,4,0.0,0.0,0.0
3.0,1.0,6.0,4.0,14.744332318824235,91.29797673411659,442.89814324009143,0.0,0.9184846123867982,0.9359303075961385,75.36666666666667,9.52448307142061,69.22312362021837,8.74809114203838,9.633333333333333,5,0.0,0.0,0.0
3.0,1.0,6.0,5.0,10.061267734950263,79.91190646799765,443.1197023501294,0.0,0.9519404617588288,0.912519089049665,115.82758620689656,11.29100743907728,110.26096589820366,10.748366835277597,7.172413793103448,4,0.0,0.0,0.0
3.0,1.0,6.0,6.0,5.4846439224405685,66.10939092959347,443.46621187735343,0.0,0.9925327550946517,0.8861648292276321,18.705882352941174,5.253438485121437,18.56620094824113,5.214209773357854,5.294117647058823,4,0.0,0.0,0.0
3.0,1.0,6.0,7.0,1.0361149013611453,49.90015265977476,443.95618971889786,0.0,1.0401282013761908,0.8577847642476955,37.356321839080465,7.118256335602655,38.85536384451288,7.403899159285064,8.64367816091954,4,0.0,0.0,0.0
3.0,1.0,7.0,-5.0,47.76506806255918,11.671446777657849,448.4909434231411,0.0,1.1507712871532598,0.7997989685009124,48.42528735632183,7.710929799124318,55.72643026180095,8.87351661008672,6.57471264367816,5,0.0,0.0,0.0
3.0,1.0,7.0,-4.0,44.6812345053026,22.823957077034947,447.68296663306376,0.0,1.11870859697857,0.8153716549645134,59.5,8.548307174847869,66.56316152022491,9.563064726115902,8.5,5,0.0,0.0,0.0
3.0,1.0,7.0,-3.0,41.35258716511112,31.47228632828697,447.02821445724317,0.0,1.0936778177435003,0.8281272229378468,33.55172413793103,6.301985544211055,36.69477643670433,6.892341797443832,3.4482758620689653,4,0.0,0.0,0.0
3.0,1.0,7.0,-2.0,37.8017211094114,37.63348430680958,446.5117676811269,0.0,1.0757747694646045,0.837605783603897,1.9545454545454546,4.297289170497609,2.102650685771727,4.622915266714807,10.045454545454547,5,0.0,0.0,0.0
3.0,1.0,7.0,-1.0,34.05733951829018,41.313019836842244,446.1228730074715,0.0,1.0650651241326885,0.8434400887179495,45.63333333333333,7.561378475148857,48.602471831255016,8.053360504248657,7.366666666666667,4,0.0,0.0,0.0
3.0,1.0,7.0,0.0,30.153143010361077,42.51151287537411,445.8547251245807,0.0,1.0615874789172925,0.8453928551423096,125.72093023255815,12.307094516830002,133.46376537271823,13.065057440918396,16.27906976744186,5,0.0,0.0,0.0
3.0,1.0,7.0,1.0,26.12614899400154,41.22895342033931,445.704337645463,0.0,1.0653543682111017,0.8433827068869449,51.483146067415724,8.271091107744615,54.84779455217154,8.811643041507725,10.51685393258427,4,0.0,0.0,0.0
3.0,1.0,7.0,2.0,22.01463792264201,37.46611213977897,445.6724631867389,0.0,1.07635248983844,0.8374933962131278,17.272727272727273,5.032308837045373,18.591543006300327,5.4165381463897715,4.727272727272727,4,0.0,0.0,0.0
3.0,1.0,7.0,3.0,17.856004555041523,31.223032154460867,445.7635487181616,0.0,1.094542583407466,0.8279643157375526,34.177777777777784,7.0669741372662545,37.40903318401518,7.735104129077155,9.822222222222223,4,0.0,0.0,0.0
3.0,1.0,7.0,4.0,13.684805773209462,22.494726091888253,445.9857388930113,0.0,1.1198584914965006,0.8151643464341376,44.27272727272727,7.600021748555223,49.579189578072345,8.51094889067765,8.727272727272727,5,0.0,0.0,0.0
3.0,1.0,7.0,5.0,9.531238811733289,11.264382948664974,446.3509642341507,0.0,1.1522041036733235,0.7995544175784562,40.860465116279066,7.346813085976888,47.079595584977426,8.465028186583444,8.13953488372093,4,0.0,0.0,0.0
3.0,2.0,2.0,-2.0,66.57427488284605,340.0776328803611,505.91883598949835,0.0,0.2719819830878294,1.9719197851699442,5924.793103448276,77.31670434331313,1611.4369776609574,21.028750573109697,34.20689655172414,4,0.8404583972674118,0.19720495563541363,0.01844991245904737
3.0,2.0,2.0,-1.0,54.303060964955506,350.05399387823405,506.2466751700867,0.0,0.2509594268431665,2.0518171478616924,1839.6896551724137,43.323580414099524,461.6874614313716,10.872460909516251,23.310344827586206,5,0.8986985355872434,0.16382468172582776,0.010715874869127617
3.0,2.0,2.0,0.0,40.64176146573456,353.39533791334844,506.2237933218423,0.0,0.24400240601304207,2.0803638074663584,10.229885057471265,5.90610013128245,2.4961165672598558,1.4411026421868616,15.770114942528735,4,0.0,0.0,0.0
3.0,2.0,2.0,1.0,27.054576376416378,349.52076375727887,505.7867049873538,0.0,0.2520769888641525,2.0508842902807016,1725.1764705882351,41.89358738947838,434.8772899651684,10.560409361856939,18.823529411764703,4,0.0,0.0,0.0
3.0,2.0,2.0,2.0,14.848941752551184,339.1030137047693,505.0127615863584,0.0,0.27406362471959866,1.9702646011211968,5379.897727272727,73.60982879793401,1474.4342717570944,20.173776495350893,25.102272727272727,4,0.9429485657661303,0.06324890344785672,0.006113657312617704
3.0,2.0,2.0,3.0,4.57298717907463,323.6083319249793,504.0678119791118,0.0,0.3075261490366055,1.8549656644515606,521.5862068965517,23.401322157429792,160.40139759750673,7.196518485439373,16.413793103448274,5,0.922189097509829,-0.10681882364315243,0.09362128579476536
3.0,2.0,3.0,-4.0,71.56737284997564,258.8417224417856,503.8858277649164,0.0,0.4574558586050163,1.4498776985795794,199.47058823529412,14.864672129201187,91.24898920762413,6.799931351745785,13.529411764705882,4,0.6210022414478544,0.34568190996816384,0.013832336155388703
3.0,2.0,3.0,-3.0,65.05726594770374,272.97936733603416,503.8719771459189,0.0,0.42332870924194066,1.5254391466145647,819.8522727272727,29.068734890608773,347.06700438270786,12.305630020537578,16.147727272727273,4,0.6224954805080074,0.3409714786029099,-0.01826749625539037
3.0,2.0,3.0,-2.0,57.448914355413734,283.69213217268106,503.88005566820163,0.0,0.3979889876940141,1.5872043879104212,0.36666666666666714,3.9317793540442842,0.14592929548780537,1.5648048849523093,9.633333333333333,4,0.0,0.0,0.0
3.0,2.0,3.0,-1.0,48.91348762893588,290.36542892482225,503.83557534918396,0.0,0.38243269143938785,1.6279712519202008,-6.797752808988763,3.4099781548106463,-2.5996829024812316,1.304087123493753,11.797752808988763,4,0.0,0.0,0.0
3.0,2.0,3.0,0.0,39.79459518740404,292.53119149480557,503.68361986200324,0.0,0.37742406002621964,1.6421047811673892,-3.3563218390804592,3.8454761235069297,-1.266756615260415,1.451375211267874,11.356321839080458,5,0.0,0.0,0.0
3.0,2.0,3.0,1.0,30.547680220250868,290.0219677384863,503.40514440457235,0.0,0.383237251445967,1.6274752888334134,-5.749999999999999,3.7933104994785944,-2.2036141958143096,1.4537378897013047,12.75,4,0.0,0.0,0.0
3.0,2.0,3.0,2.0,21.615206604144788,283.03398496764225,503.0234519372667,0.0,0.3995505970747308,1.5862855075846858,-3.511904761904761,3.396324877825583,-1.4031836444886374,1.3570036327949737,9.511904761904761,4,0.0,0.0,0.0
3.0,2.0,3.0,3.0,13.313242394793122,272.0540721809592,502.59597978094445,0.0,0.4255693085718839,1.5242159649355562,703.2413793103448,27.07390686284626,299.27794755224136,11.521823823961066,18.75862068965517,5,0.0,0.0,0.0
3.0,2.0,3.0,4.0,5.792578520547579,257.7023581922993,502.19729452551405,0.0,0.4602893168771495,1.448477684620053,220.54545454545453,15.3574785938425,101.5147166130877,7.06888333091521,9.454545454545455,4,0.7022190726902977,0.14316320098487267,0.07620339736428061
3.0,2.0,4.0,-6.0,71.05006426244955,175.7827646206937,505.37832654793056,0.0,0.6727855895741113,1.1161167246323682,49.09090909090909,7.9347806397942025,33.027656215456375,5.338406070885187,8.90909090909091,4,0.0,0.0,0.0
3.0,2.0,4.0,-5.0,67.01412957003822,192.28530620484972,504.68095033070085,0.0,0.6281548316003174,1.1700356451179235,312.2352941176471,18.19121807974698,196.13210859614617,11.426901529488115,11.76470588235294,4,0.19008646530735973,0.5562878891944933,0.00589660797224667
3.0,2.0,4.0,-4.0,62.305053985587904,206.35234014475813,504.16935192873376,0.0,0.5907833022113308,1.2204640712868764,452.38202247191015,21.875160828669156,267.2597450969955,12.923479750765114,16.617977528089888,5,0.0,0.0,0.0
3.0,2.0,4.0,-3.0,56.92692921142839,217.7103095618881,503.79265609243083,0.0,0.5610942374098741,1.2645081112754761,204.8314606741573,14.807223983096739,114.9297522245169,8.308248048952862,9.168539325842698,4,0.0,0.0,0.0
3.0,2.0,4.0,-2.0,50.93288532975947,226.0659865172538,503.50396538935365,0.0,0.5395436827452745,1.2990195284650032,10.546511627906973,5.512277952050297,5.690303723836789,2.9741147465647972,12.453488372093023,4,0.0,0.0,0.0
3.0,2.0,4.0,-1.0,44.43358390860547,231.15326645417855,503.2644148047482,0.0,0.5265489673754654,1.3210777288797706,590.767441860465,24.779933851554137,311.0679864706732,13.04784858116817,14.232558139534884,4,0.3704545401064365,0.4455280445254175,-0.013371142648011869
3.0,2.0,4.0,0.0,37.59260389273726,232.78602187462093,503.0481429863969,0.0,0.5224038931359863,1.3285886629216719,38.30681818181818,7.517378282331508,20.011630951834203,3.927107680865894,11.693181818181817,4,0.0,0.0,0.0
3.0,2.0,4.0,1.0,30.605605930030066,230.9009283179823,502.84641526421933,0.0,0.527208744472801,1.3207966785937773,574.7078651685393,24.49801797568072,302.99101203414943,12.915569299030743,16.29213483146067,4,0.47283318858785606,0.3353358425194415,0.017944769147785422
3.0,2.0,4.0,2.0,23.668489293037624,225.57321145808868,502.6690515284122,0.0,0.5408444392666174,1.2984852759496874,12.85057471264368,5.818885340727622,6.950161874713544,3.1471117792625707,13.14942528735632,5,0.0,0.0,0.0
3.0,2.0,4.0,3.0,16.946561240418845,216.99828945355245,502.5424260217162,0.0,0.5630028450706936,1.2637691140696727,217.8235294117647,15.348432964432162,122.63526678216344,8.641211426352127,11.176470588235293,4,0.5332453959089491,0.19654829004139174,0.008806589431078038
3.0,2.0,4.0,4.0,10.555831252020937,205.44747547509337,502.5049662396547,0.0,0.5932592961886988,1.2195783449821824,396.8202247191012,20.43410031046249,235.41728723029527,12.122719968434248,13.179775280898877,4,0.3433267379080007,0.20008216975054438,-0.008459191163398216
3.0,2.0,4.0,5.0,4.559885182455645,191.215128688308,502.60206336929195,0.0,0.6311574056878357,1.1690602928555736,290.2068965517241,17.661457214717167,183.16623194030433,11.147159516307596,13.793103448275861,4,0.2527625162133518,0.42753747846501255,-0.04651534847471961
3.0,2.0,5.0,-10.0,72.63017669123889,39.87142617571487,515.5175454256948,0.0,1.0581872590672474,0.8233842728783288,0.7999999999999999,2.8326665882168345,0.8465498072537979,2.9974916928365434,4.199999999999999,4,0.0,0.0,0.0
3.0,2.0,5.0,-9.0,70.74563611972377,63.98898073995815,513.0284828828977,0.0,0.9893086503229881,0.8606382507294891,23.48809523809524,6.190487637352054,23.236975798657806,6.124302969349904,9.511904761904763,5,0.0,0.0,0.0
3.0,2.0,5.0,-8.0,68.46721318154164,85.7312028136838,510.99024549201255,0.0,0.9268736371564065,0.8986391964480933,35.55555555555556,6.630550318854702,32.95550709889445,6.1456822903854285,5.444444444444445,4,0.0,0.0,0.0
3.0,2.0,5.0,-7.0,65.76556263527573,105.17310198785817,509.3343953826628,0.0,0.8710923080221056,0.9367065085272495,17.633333333333333,5.448689954679218,15.360261031456462,4.746311908318382,7.366666666666665,5,0.0,0.0,0.0
3.0,2.0,5.0,-6.0,62.61672537357305,122.31942764815746,508.0019128658716,0.0,0.8221500659919375,0.9739231337445199,7.606741573033708,3.9885741369572525,6.2538830862532775,3.2792064899131406,5.393258426966292,4,0.0,0.0,0.0
3.0,2.0,5.0,-5.0,59.00652079179366,137.11690918015364,506.94094731792933,0.0,0.7802368599755204,1.0091273620214045,58.181818181818194,8.564775064228275,45.39559912584847,6.682553202510105,9.818181818181818,4,0.0,0.0,0.0
3.0,2.0,5.0,-4.0,54.935672662391084,149.46802585667416,506.1056505605675,0.0,0.7455594583714781,1.040943110308583,115.17647058823529,11.366191596954765,85.87090702890318,8.47417165077204,8.823529411764707,4,0.0,0.0,0.0
3.0,2.0,5.0,-3.0,50.424859363207815,159.2479336777298,505.4560105680928,0.0,0.7183377429278107,1.0678646127561224,395.11764705882354,20.502257450184192,283.82791877918265,14.727545341690204,15.882352941176471,4,0.0,0.0,0.0
3.0,2.0,5.0,-2.0,45.518333672375434,166.32496356029705,504.9585623320119,0.0,0.6987871379660093,1.0884018898373111,8.777777777777779,5.271633850789537,6.133798211034971,3.683749930997953,12.222222222222221,4,0.0,0.0,0.0
3.0,2.0,5.0,-1.0,40.28448039114801,170.58326993066026,504.5877159883561,0.0,0.6870916639988747,1.1012735671572906,264.8876404494382,17.134249391476622,182.00208964914012,11.772799925761378,18.1123595505618,5,0.0,0.0,0.0
3.0,2.0,5.0,0.0,34.81206891345593,171.94418644734444,504.3272669223391,0.0,0.683374937882713,1.105608625786823,514.5842696629214,23.276256532503204,351.65399331632017,15.90641036204147,17.415730337078653,5,0.0,0.0,0.0
3.0,2.0,5.0,1.0,29.202174064495466,170.38162013371,504.17155107724045,0.0,0.6876780249464629,1.1011014816837592,267.8314606741573,17.07400513373043,184.18180989493075,11.741418128289512,15.168539325842698,5,0.40795862452520737,0.4689959381319113,0.047825935504533845
3.0,2.0,5.0,2.0,23.557370009469423,165.9274002706552,504.1257943319622,0.0,0.6999516303904685,1.0880697206244507,17.482758620689655,5.125353733333483,12.237085400274742,3.587499701974646,5.517241379310345,4,0.0,0.0,0.0
3.0,2.0,5.0,3.0,17.970946834068116,158.66504024589764,504.2054948524973,0.0,0.720065422940596,1.0673941306385353,378.3529411764706,20.15888446411086,272.4388706090537,14.515715667660594,17.647058823529413,4,0.09515726376312728,0.3310014978676463,-0.004544944845271459
3.0,2.0,5.0,4.0,12.518819488809385,148.71371898819123,504.435048224715,0.0,0.7478312363876606,1.04036216177668,127.68965517241381,12.133276929043566,95.49031270150026,9.073643487280528,12.310344827586206,4,0.0,0.0,0.0
3.0,2.0,5.0,5.0,7.255569346590619,136.20669828918764,504.84609118443734,0.0,0.7830324248381396,1.0084658448622903,57.86206896551724,8.690749794219787,45.30787616822063,6.805138885029483,11.137931034482758,5,0.0,0.0,0.0
3.0,2.0,5.0,6.0,2.2144888148844757,121.26880785662063,505.47609320627686,0.0,0.8254505175104747,0.9732096103841763,0.8823529411764706,4.827473280081019,0.7283386919210071,3.984840317310866,14.11764705882353,5,0.0,0.0,0.0
3.0,2.0,6.0,-8.0,60.75211162155492,26.13840947814623,516.5520476524143,0.0,1.0971498263468753,0.8043370684971202,17.678160919540232,5.30302525852821,19.395591183005685,5.818213241507319,6.321839080459769,5,0.0,0.0,0.0
3.0,2.0,6.0,-7.0,58.23355536415215,45.130254235540036,514.4145619687765,0.0,1.043339106726504,0.8312869180384016,6.6966292134831455,4.312236005982454,6.986855141674117,4.499124462475601,7.3033707865168545,5,0.0,0.0,0.0
3.0,2.0,6.0,-6.0,55.37115362551924,61.60360090985918,512.6601514666945,0.0,0.996259435391954,0.8569680972278058,7.318181818181818,4.450239105842916,7.290807686277482,4.433592698946257,7.6818181818181825,4,0.0,0.0,0.0
3.0,2.0,6.0,-5.0,52.16476095952376,75.59530886682893,511.23428208106986,0.0,0.9561098431694207,0.8806562877294403,48.55172413793103,7.873561036999446,46.420781351122216,7.527989208270402,8.448275862068966,5,0.0,0.0,0.0
3.0,2.0,6.0,-4.0,48.62372340305586,87.1025350779507,510.091702708966,0.0,0.9230559499666411,0.9015616128290769,-1.7241379310344827,3.640504074543216,-1.5914757758045535,3.3603889468849157,9.724137931034482,4,0.0,0.0,0.0
3.0,2.0,6.0,-3.0,44.76856821980539,96.09687052311185,509.19540977545864,0.0,0.8972404394843023,0.9188803514003528,2.9090909090909087,4.143101405493033,2.6101540057725154,3.7173581258925994,9.09090909090909,5,0.0,0.0,0.0
3.0,2.0,6.0,-2.0,40.63177971032226,102.53808489516128,508.5162535663351,0.0,0.8787840803237087,0.9318646797802489,196.625,14.6342563300406,172.7909197936492,12.860351490216141,11.375,4,0.0,0.0,0.0
3.0,2.0,6.0,-1.0,36.257227030050956,106.38690495359268,508.0329643848187,0.0,0.8677807087989968,0.9399020037860206,131.20454545454547,12.171022183519982,113.85677345219567,10.561778257223285,10.795454545454545,5,0.0,0.0,0.0
3.0,2.0,6.0,0.0,31.698025802411593,107.61564606131911,507.7323705057645,0.0,0.8642899300911612,0.9425897694664379,0.5348837209302324,4.133324319442127,0.4622946137696907,3.5723905870947323,10.465116279069768,5,0.0,0.0,0.0
3.0,2.0,6.0,1.0,27.012981837747844,106.21528264589689,507.60959609300005,0.0,0.8683311119002883,0.9397892598121342,135.09090909090907,12.214596969701104,117.30363929852984,10.606314568114453,8.909090909090908,4,0.0,0.0,0.0
3.0,2.0,6.0,2.0,22.26216343604915,102.1978194778594,507.6680867684776,0.0,0.8798812737176541,0.9316449652944314,196.5494505494505,14.74917692692499,172.9401808979556,12.977524580749796,13.45054945054945,5,0.0,0.0,0.0
3.0,2.0,6.0,3.0,17.502408224595797,95.59355300832529,507.9194113412423,0.0,0.8988777836432047,0.9185644162976877,3.137931034482758,3.5979119324246875,2.82061649350109,3.2340831035613427,5.862068965517241,4,0.0,0.0,0.0
3.0,2.0,6.0,4.0,12.783568580280331,86.44371073635232,508.3829038867384,0.0,0.9252248076536246,0.9011637966312748,5.488888888888889,4.196047522945232,5.078456166454339,3.8822872623224702,7.511111111111111,5,0.0,0.0,0.0
3.0,2.0,6.0,5.0,8.146042627357104,74.78965522676154,509.0853049401526,0.0,0.9588008135935955,0.8801928726296304,39.40229885057471,6.865216167330608,37.77895619538902,6.582374846732493,4.597701149425287,4,0.0,0.0,0.0
3.0,2.0,6.0,6.0,3.6197543907302645,60.66007360244461,510.0606103790728,0.0,0.9994635318729805,0.856455732348083,11.842696629213483,4.52410899255233,11.836343399933948,4.521681952274664,5.157303370786518,4,0.0,0.0,0.0
3.0,2.0,7.0,-4.0,42.91910501225965,16.702253705377558,516.725170653448,0.0,1.123851494166659,0.7921575715418288,7.727272727272727,3.514286074236167,8.684307000378729,3.9495356554593988,2.272727272727273,4,0.0,0.0,0.0
3.0,2.0,7.0,-3.0,39.56884192882279,25.534041783516557,515.5597845900406,0.0,1.0990963971347145,0.8038266933537186,11.361702127659573,4.716732877295765,12.487605873828457,5.184144111682631,6.638297872340425,4,0.0,0.0,0.0
3.0,2.0,7.0,-2.0,36.00216012228199,31.812135686754004,514.6864276437244,0.0,1.0814106875972733,0.8124738243688132,16.63736263736264,4.765895425607359,17.991821769475514,5.153890249222753,3.3626373626373627,4,0.0,0.0,0.0
3.0,2.0,7.0,-1.0,32.248547036370724,35.54608770802062,514.0833941537475,0.0,1.0708751041675102,0.8177823892291489,6.96551724137931,4.286951692717752,7.459199001442657,4.590789840500206,7.034482758620689,5,0.0,0.0,0.0
3.0,2.0,7.0,0.0,28.342202707134277,36.739020703176095,513.7373761493021,0.0,1.067536839190714,0.819548976851802,12.573033707865168,4.798056985857969,13.422176663532685,5.122102588939741,6.42696629213483,5,0.0,0.0,0.0
3.0,2.0,7.0,1.0,24.320302696040358,35.392009039873074,513.6432149151448,0.0,1.0714109796759081,0.8177043335901178,-0.6818181818181808,3.4357863873025565,-0.7305074861426635,3.681139259176981,7.681818181818181,5,0.0,0.0,0.0
3.0,2.0,7.0,2.0,20.220925587586578,31.50551260497224,513.8037781586761,0.0,1.082480914437568,0.8123207548948951,24.764705882352942,6.171426511780839,26.80732146930683,6.680451413856773,8.23529411764706,5,0.0,0.0,0.0
3.0,2.0,7.0,3.0,16.080927457353596,25.077763469905932,514.2299340739114,0.0,1.1006981387434498,0.8036043718214435,21.103448275862068,5.653630291559795,23.228526238310042,6.222940339063453,6.896551724137931,4,0.0,0.0,0.0
3.0,2.0,7.0,4.0,11.934049687959117,16.100231715155445,514.9406512182445,0.0,1.1259809673766317,0.7918739007643409,3.057471264367816,3.5662512120930736,3.4426544519791267,4.015530989700644,5.942528735632184,4,0.0,0.0,0.0
3.0,3.0,2.0,-3.0,68.64254215126317,325.7849067461206,575.2460411058935,0.0,0.3015369856975485,1.5095804963110648,2022.2727272727273,45.50996621393372,609.7900224401787,13.722938031346848,30.727272727272727,5,0.7812050199722762,0.3769157439060109,0.024387818083681623
3.0,3.0,2.0,-2.0,57.67414152165804,341.6343666186573,576.2118924968458,0.0,0.2676989912219371,1.569285618359566,2109.1276595744685,46.42763319932128,564.6113468263703,12.42863057228042,29.872340425531917,5,0.8985542097798884,0.33182445380055015,0.060215117589905276
3.0,3.0,2.0,-1.0,44.680432443294734,352.0501748886911,576.8672966416175,0.0,0.24595639323994634,1.6085693653021444,749.8095238095237,27.699482628173413,184.42044609315212,6.812864841838082,11.19047619047619,5,0.9817372693010498,0.12915470584198374,0.08560078032181195
3.0,3.0,2.0,0.0,30.765060726548,355.443027817072,576.9335187268214,0.0,0.23896022570899678,1.6221136320146776,804.4705882352941,28.739493341196024,192.23647334095529,6.867595815574412,13.52941176470588,5,1.0670086371756042,0.19794728766794378,0.05090300378286017
3.0,3.0,2.0,1.0,17.513475579797387,351.18205692395964,576.3017606204291,0.0,0.24776270805357822,1.6079239253585147,758.2068965517241,27.92717441753256,187.8553939545544,6.9193123619724775,13.793103448275861,4,1.0066737325618078,0.19227567590519357,0.07686681905100201
3.0,3.0,2.0,2.0,6.078361143151852,340.05734030176023,575.1127356974397,0.0,0.27104549054613764,1.5680876747393342,1876.0,43.632765003127886,508.4813402645542,11.826464194157145,18.0,4,0.0,0.0,0.0
3.0,3.0,3.0,-5.0,71.822204366618,239.69904000135045,572.7798072778401,0.0,0.5013562672263662,1.2094591754024624,535.4651162790698,23.9032154764495,268.4587919276065,11.984026885980226,22.53488372093023,5,0.5593977230570886,0.6235279172449282,0.022465704394534214
3.0,3.0,3.0,-4.0,66.02789775784424,257.1591895775764,572.6679038772888,0.0,0.458677416352197,1.2653696061056283,57.199999999999996,8.25289174909148,26.236348215345668,3.785415064907644,6.8,4,0.0,0.0,0.0
3.0,3.0,3.0,-3.0,59.129972985670804,271.71731729631693,572.7272777737167,0.0,0.4239144195533369,1.314613190113296,570.6516853932584,24.196320724940055,241.90747798061656,10.25716925543934,9.348314606741573,4,0.5949557610542229,0.5083068304953713,0.016032824060495443
3.0,3.0,3.0,-2.0,51.188303135877874,282.7364176571426,572.8295095148435,0.0,0.39811198785432633,1.3534719279687746,-0.7954545454545454,3.020681980629403,-0.31667999033866867,1.2025697079841153,5.795454545454545,5,0.0,0.0,0.0
3.0,3.0,3.0,-1.0,42.427375365193996,289.5689622797263,572.8515460630078,0.0,0.3823381517098641,1.3784241792253795,-4.818181818181818,2.473725567199842,-1.842174730965709,0.945799661200623,6.818181818181818,4,0.0,0.0,0.0
3.0,3.0,3.0,0.0,33.236800710637226,291.7221760988788,572.7026116515452,0.0,0.37740853581369826,1.3869092049775724,3.1818181818181817,3.8002827211051784,1.2008453412254034,1.4342591374504023,6.818181818181818,5,0.0,0.0,0.0
3.0,3.0,3.0,1.0,24.088780176351207,289.0253331742125,572.3519279622449,0.0,0.38360612274034983,1.3779998187232307,1.0227272727272725,2.7839749512029774,0.3923244437117213,1.0679498368372289,3.9772727272727275,4,0.0,0.0,0.0
3.0,3.0,3.0,2.0,15.40387459993309,281.6961893631525,571.8395059895452,0.0,0.4005699668716592,1.3526688125457864,-3.303370786516853,2.620719497679884,-1.3232311265198626,1.0497815223655425,6.303370786516853,4,0.0,0.0,0.0
3.0,3.0,3.0,3.0,7.4496886712667845,270.25774471487057,571.2617212890665,0.0,0.42743492362953345,1.3135097340807982,537.2247191011237,23.711115917503253,229.62860678088637,10.134959021369019,15.775280898876407,4,0.0,0.0,0.0
3.0,3.0,3.0,4.0,0.3242066683981193,255.36583222588456,570.7423263545861,0.0,0.46312068059177836,1.264057939694466,33.88372093023256,7.601877027608908,15.69225189819119,3.5205864628012424,15.116279069767442,5,0.0,0.0,0.0
3.0,3.0,4.0,-7.0,70.58112151683764,152.22539887335378,576.5102199299249,0.0,0.7292719772148755,0.9820262807219196,78.1764705882353,9.614183582164275,57.01190927756292,7.011354670271735,8.823529411764707,4,0.0,0.0,0.0
3.0,3.0,4.0,-6.0,66.97433211843128,171.5075124871439,575.0373663369348,0.0,0.6773418021520099,1.0251470533898206,13.25287356321839,4.722599520183286,8.976725263003074,3.1988140698431646,5.747126436781609,4,0.0,0.0,0.0
3.0,3.0,4.0,-5.0,62.721757712896675,188.48930566387196,573.9620376809344,0.0,0.632299408171768,1.0664237816064253,168.80459770114942,13.559477372249079,106.73504722311017,8.573649517591573,9.195402298850574,5,0.0,0.0,0.0
3.0,3.0,4.0,-4.0,57.80346521817941,202.9491228748433,573.1977861745115,0.0,0.5945422371690036,1.104156202427134,248.83908045977012,16.281068554871123,147.9453435916294,9.679782922114994,10.160919540229884,4,0.5210078832115528,0.4784808112162864,0.04913285036173676
3.0,3.0,4.0,-3.0,52.23764747205777,214.60846773194362,572.6613273657019,0.0,0.564539003783253,1.136414853807646,961.6551724137931,31.642924533113614,542.8918530174951,17.863665092712615,25.344827586206897,5,0.4253634949170646,0.507998988611007,0.0009584260655515209
3.0,3.0,4.0,-2.0,46.09405016753141,223.1664986423231,572.2760329922293,0.0,0.5427856661753535,1.1612307364118262,48.465909090909086,7.785988156313104,26.30660075270321,4.226122768257821,7.534090909090909,4,0.0,0.0,0.0
3.0,3.0,4.0,-1.0,39.49967317154341,228.3494827411861,571.9785130527637,0.0,0.5297309242372653,1.1768689103361754,540.046511627907,23.708911683997414,286.0793377357622,12.559343699023648,13.953488372093023,4,0.4671416476230945,0.4766172733272924,0.033055404611886274
3.0,3.0,4.0,0.0,32.630123403320795,229.96670234420898,571.7267793486326,0.0,0.5256871833048935,1.1821306423687556,28.615384615384613,6.904247899174424,15.042740937647721,3.6294746309557313,12.384615384615387,4,0.0,0.0,0.0
3.0,3.0,4.0,1.0,25.685083221453226,227.95555670338197,571.5070327099412,0.0,0.5307572215053327,1.1765934798152196,554.6666666666666,24.080959129415767,294.3933388616245,12.781142958712188,16.333333333333332,5,0.28621313123903747,0.531472983688559,-0.03184390282714489
3.0,3.0,4.0,2.0,18.855097633403062,222.39761011373454,571.335977414944,0.0,0.5448080003580908,1.160701720194715,49.22727272727273,8.52814979013474,26.819412017627837,4.64620423391758,14.772727272727275,4,0.0,0.0,0.0
3.0,3.0,4.0,3.0,12.292535011045658,213.49831687150387,571.2574626562696,0.0,0.5675040843826226,1.1356713454387142,917.287356321839,30.92252688220276,520.5643212651817,17.54866030508151,24.71264367816092,5,0.48168889180161045,0.303639465070205,0.013247136007299432
3.0,3.0,4.0,4.0,6.096756063855395,201.53956560013228,571.3350522754399,0.0,0.5983850146588133,1.1032471368397745,199.22727272727275,14.924119365744003,119.21461451134451,8.930369385440605,14.772727272727273,4,0.0,0.0,0.0
3.0,3.0,4.0,5.0,0.3149233578634778,186.8238280904441,571.6437418604479,0.0,0.6369542635546894,1.0654002196525363,165.11111111111111,13.664408124127297,105.16822618247429,8.703603013614218,13.888888888888888,5,0.0,0.0,0.0
3.0,3.0,5.0,-10.0,69.59340208538094,30.745216672036747,591.6148076076458,0.0,1.062752162360148,0.7847896623585611,21.53488372093023,6.171253513646293,22.88624424059295,6.5585130161002585,10.465116279069766,4,0.0,0.0,0.0
3.0,3.0,5.0,-9.0,67.58782358623222,55.841415851666596,587.5485014812508,0.0,0.9945427102909105,0.816831864733834,15.561797752808989,4.670206303343939,15.476872514077652,4.644719634545375,3.438202247191011,4,0.0,0.0,0.0
3.0,3.0,5.0,-8.0,65.1818906500406,78.40399734475803,584.2398694191519,0.0,0.9324640889560671,0.8490909916660103,19.162790697674417,5.5898211594751555,17.868614169762772,5.212307494897348,6.837209302325581,5,0.0,0.0,0.0
3.0,3.0,5.0,-7.0,62.34870954669276,98.53309412062578,581.5720103386855,0.0,0.8768227631568524,0.8809660661101236,64.49462365591397,8.905887607917883,56.55035412273978,7.808884980738928,9.505376344086022,5,0.0,0.0,0.0
3.0,3.0,5.0,-6.0,59.06784069317345,116.25065986941905,579.4451720301788,0.0,0.8278818062222223,0.9116942113738707,53.11764705882353,7.933765605196608,43.97513358933334,6.56822019937391,5.882352941176471,4,0.0,0.0,0.0
3.0,3.0,5.0,-5.0,55.32982393747679,131.5145475397157,577.772540770973,0.0,0.7858940025442163,0.9403581515390245,93.94117647058825,10.266180578375781,73.82780718018314,8.06812974558144,7.058823529411765,5,0.0,0.0,0.0
3.0,3.0,5.0,-4.0,51.141266149889105,144.23372158489312,576.4779612276764,0.0,0.7511170472203389,0.9659205622962299,10.294117647058822,4.243863878924178,7.732087250797606,3.187638505542582,4.705882352941177,4,0.0,0.0,0.0
3.0,3.0,5.0,-3.0,46.52957076999277,154.28647336905343,575.4954008389199,0.0,0.7238116847758496,0.9872917604711848,18.27906976744186,5.684512562386574,13.23060428450739,4.114516614910508,8.720930232558139,4,0.0,0.0,0.0
3.0,3.0,5.0,-2.0,41.54587983434186,161.54218244129294,574.7699280385991,0.0,0.7042249299401471,1.0034303193593435,49.85714285714286,7.8642824704807115,35.110642935587336,5.538223771803806,7.142857142857142,4,0.0,0.0,0.0
3.0,3.0,5.0,-1.0,36.26463541788888,165.88519432174078,574.2597612500815,0.0,0.6925630847547831,1.0134651640932206,327.3,18.714712638344263,226.67589764024052,12.961119115111028,14.7,5,0.16256543636808374,0.5094800913149129,0.05078514285877844
3.0,3.0,5.0,0.0,30.778727089652364,167.23722268841053,573.9386626537539,0.0,0.6889622987374009,1.016815942734047,44.76136363636363,7.501082566498084,30.838891985529795,5.167963088033563,7.238636363636364,5,0.0,0.0,0.0
3.0,3.0,5.0,1.0,25.19054570406746,165.5733787733253,573.7977868320243,0.0,0.6934660931476406,1.0132820377599674,319.1,18.377794572073476,221.28503032341214,12.744377402565709,11.899999999999999,5,0.506406677563092,0.5119684478951285,0.05945429593253948
3.0,3.0,5.0,2.0,19.600879580340006,160.927562864824,573.846240024515,0.0,0.7060177227687268,1.0030749312194038,49.20454545454545,7.832027248831958,34.739281131688486,5.529550042882955,7.795454545454545,4,0.0,0.0,0.0
3.0,3.0,5.0,3.0,14.098526680347248,153.38566240566507,574.1100896382129,0.0,0.7264702155743371,0.9867841100183714,23.045454545454547,5.855402517023372,16.74183633164495,4.253775528816486,6.954545454545455,4,0.0,0.0,0.0
3.0,3.0,5.0,4.0,8.753130002845381,143.06853707644612,574.630178319823,0.0,0.7546105095168045,0.9652868404034607,7.137931034482758,4.085422593143332,5.386357774826846,3.0829028246033547,5.862068965517241,5,0.0,0.0,0.0
3.0,3.0,5.0,5.0,3.6123301964743177,130.10926676415346,575.4595331783048,0.0,0.7901894365038231,0.9396273735637374,68.1764705882353,9.065887238361457,53.87232687693712,7.16376832828804,8.823529411764707,4,0.0,0.0,0.0
3.0,3.0,6.0,-8.0,57.769424543006494,16.330716988089335,593.569463619146,0.0,1.1015252651291714,0.7682142142268451,15.827586206896553,5.332662958264847,17.434486092906543,5.8740629789471965,7.172413793103447,5,0.0,0.0,0.0
3.0,3.0,6.0,-7.0,55.16534289478568,36.121775053677055,590.0916869493878,0.0,1.048443710997081,0.7915777969317449,28.96551724137931,6.805383614136158,30.368714387501655,7.135061651163641,11.034482758620689,5,0.0,0.0,0.0
3.0,3.0,6.0,-6.0,52.2195737747148,53.24545667283914,587.2595651675318,0.0,1.0018550413381824,0.813642714191251,19.142857142857142,5.518503198424407,19.178367934188064,5.528740249982375,6.857142857142857,5,0.0,0.0,0.0
3.0,3.0,6.0,-5.0,48.934876853346594,67.7574953863744,584.9801529220331,0.0,0.9620323822459608,0.8338198179185439,11.696629213483147,4.194602792794513,11.25253606649489,4.035343717327666,3.303370786516854,4,0.0,0.0,0.0
3.0,3.0,6.0,-4.0,45.323836231213676,79.66825302880565,583.1769921653737,0.0,0.9291998234615249,0.8514837260670636,51.395604395604394,7.788198553615733,47.75678653109397,7.2367927211030425,5.604395604395604,5,0.0,0.0,0.0
3.0,3.0,6.0,-3.0,41.41033778065946,88.95836859060174,581.788043400592,0.0,0.9035451828954444,0.8660130189766688,209.95348837209303,15.08053017905343,189.70246305069935,13.6259403987931,11.046511627906977,4,0.18811185632563365,0.7322917949387602,0.012176185820983676
3.0,3.0,6.0,-2.0,37.230035537555466,95.5936695233695,580.7647844418893,0.0,0.8852226833695218,0.8768409986124656,14.172413793103447,5.735525532834712,12.545742167754256,5.07721730271035,11.827586206896552,5,0.0,0.0,0.0
3.0,3.0,6.0,-1.0,32.82941072086919,99.53884328447411,580.0720801879138,0.0,0.8743490312217163,0.8835108169233159,94.44827586206898,10.544453208211722,82.58075850056142,9.219532447362637,10.551724137931034,5,0.0,0.0,0.0
3.0,3.0,6.0,0.0,28.263276604208386,100.7686984832108,579.6884305105847,0.0,0.8709967954848611,0.8857257752811145,2.1573033707865172,3.4175985429143423,1.8790043228437456,2.9767173791321224,5.842696629213483,5,0.0,0.0,0.0
3.0,3.0,6.0,1.0,23.590965563806776,99.27558084442445,579.6062386206838,0.0,0.8751888126053253,0.8833847005714278,87.51162790697676,10.14297946611216,76.58919771706604,8.877022155226898,9.488372093023255,4,0.0,0.0,0.0
3.0,3.0,6.0,2.0,18.87181725263798,95.07178808482631,579.8318458584926,0.0,0.8868963197850601,0.8765944865645244,23.98863636363636,5.679937415992079,21.275433307571156,5.037515590852839,5.011363636363637,4,0.0,0.0,0.0
3.0,3.0,6.0,3.0,14.160799200301057,88.18658111432865,580.3852485735845,0.0,0.9060417363183288,0.8656568506331247,173.98850574712645,13.722615580096104,157.640847846558,12.433262447019226,9.011494252873565,5,-0.022525123660429358,0.7499788885053249,0.016546242125206945
3.0,3.0,6.0,4.0,9.505030215628892,78.65831615424531,581.2996058827346,0.0,0.9325049478456434,0.8510324186777606,38.27906976744186,7.215975905914814,35.69542195706812,6.728933235800513,8.720930232558139,4,0.0,0.0,0.0
3.0,3.0,6.0,5.0,4.9416765185432325,66.52293007962766,582.6208054524794,0.0,0.9661302422327962,0.8332901526933164,3.91111111111111,4.08332955404209,3.7786427251771575,3.9450281711630204,8.08888888888889,4,0.0,0.0,0.0
3.0,3.0,6.0,6.0,0.4972966753198591,51.800223709388916,584.407440752648,0.0,1.0067301366727819,0.8130522299881217,17.310344827586206,4.614140437876436,17.426845814128846,4.645194233650755,1.6896551724137931,4,0.0,0.0,0.0
3.0,3.0,7.0,-3.0,36.586797963983145,15.519549173821616,592.4990833481313,0.0,1.104123308115964,0.7677067148680808,5.583333333333333,3.768813915986478,6.1646884703141325,4.161235288592471,5.416666666666667,4,0.0,0.0,0.0
3.0,3.0,7.0,-2.0,32.99428063569667,22.041454757473076,591.1525637680461,0.0,1.0867975644040269,0.7752180923025094,28.747126436781613,5.769773997345698,31.24230699510887,6.2705763274769915,2.2528735632183907,4,0.0,0.0,0.0
3.0,3.0,7.0,-1.0,29.22553591167258,25.902646572322595,590.2630335832722,0.0,1.076522236223286,0.7798141415946354,69.40449438202248,9.120396987353034,74.71548149608132,9.818310160069409,8.595505617977528,5,0.0,0.0,0.0
3.0,3.0,7.0,0.0,25.315566346312266,27.110609985785004,589.8084066734916,0.0,1.0733604720230148,0.7813342340448824,8.045454545454543,4.583702714892448,8.635672888548799,4.919965309670133,7.954545454545455,5,0.0,0.0,0.0
3.0,3.0,7.0,1.0,21.301791438147006,25.668130665407404,589.7805772295462,0.0,1.077332211750998,0.7797241319882843,87.1111111111111,10.05908470911669,93.84760600142026,10.836975977863327,8.88888888888889,5,0.0,0.0,0.0
3.0,3.0,7.0,2.0,17.22194662789326,21.574815850811348,590.1852067577705,0.0,1.0884148441544914,0.7750412672388133,16.01162790697674,4.802557007769072,17.427293493031797,5.227174337154035,3.988372093023256,5,0.0,0.0,0.0
3.0,3.0,7.0,3.0,13.111997157343325,14.825297324388998,591.0417386348201,0.0,1.1065428775614794,0.7674491542758991,1.8750000000000004,3.3779448431903627,2.074767895427774,3.7378408070278244,6.125,4,0.0,0.0,0.0
3.0,4.0,2.0,-4.0,66.78059549507282,311.2005867090135,656.1277468492863,0.0,0.33004866538285527,1.201160361359526,31.52873563218391,6.5798047156770565,10.406017116611173,2.17165576488903,7.471264367816092,5,0.0,0.0,0.0
3.0,4.0,2.0,-3.0,56.647680442847104,332.9209184350582,657.9074336690395,0.0,0.28349506805695074,1.242998198217175,687.3333333333334,26.717465487620213,194.85561011114416,7.574269696722125,16.666666666666664,5,0.9382418702853101,0.2845510637849884,0.13654347572795444
3.0,4.0,2.0,-2.0,44.14258032727085,350.8089764508711,659.7117813070581,0.0,0.24634286324282909,1.275649244944813,704.9662921348314,26.90531026093815,173.66341489417508,6.6279311661161735,12.03370786516854,5,0.8626932925541269,0.3800933752332867,0.0740836639537008
3.0,4.0,2.0,-1.0,29.91448241795095,362.75597035219874,661.009409935458,0.0,0.22212619031716271,1.2964316228687933,633.8876404494383,25.54737956130111,140.80304666216915,5.674742094538363,12.112359550561797,4,0.0,0.0,0.0
3.0,4.0,2.0,0.0,15.577308078652237,366.5566063750746,661.2500312346115,0.0,0.2145270446536994,1.3034387849672984,331.37209302325584,18.70838811416362,71.08827579698983,4.013455212365917,11.627906976744185,5,1.0558392589168193,0.02805508188237127,0.12929948240497424
3.0,4.0,2.0,1.0,2.9457326673305886,361.32411734989313,660.2149407116647,0.0,0.2250234993220286,1.2959911198355605,565.1098901098901,24.191406067461866,127.1630049740145,5.443634846820424,12.89010989010989,4,0.0,0.0,0.0
3.0,4.0,3.0,-6.0,69.63766389498448,218.43827737033112,654.1006558551655,0.0,0.5460065732032843,1.018407903589411,175.80459770114942,13.794372546979316,95.99046594418658,7.531818083865637,9.195402298850574,4,0.0,0.0,0.0
3.0,4.0,3.0,-5.0,64.32065684194225,239.470895352414,653.5441368255312,0.0,0.49478002454309533,1.0588196633281768,683.5747126436781,26.50872519681608,338.2191130988784,13.11598770348683,12.425287356321839,5,0.5536822205506837,0.5480617560290284,0.027539059616714212
3.0,4.0,3.0,-4.0,57.925033844683014,258.0481271317602,653.4524521919731,0.0,0.450580858220356,1.0956960999004282,68.86206896551724,9.302103632282929,31.027930133312097,4.191349837888732,11.137931034482758,4,0.0,0.0,0.0
3.0,4.0,3.0,-3.0,50.43877855659596,273.59499741545574,653.6395770929985,0.0,0.4144013618037221,1.127168878168838,240.5730337078652,15.843653329946994,99.69379278179208,6.5656315158761105,6.426966292134831,4,0.664207834270826,1.0749690243912937,0.06286198295926937
3.0,4.0,3.0,-2.0,41.989414806330444,285.3922695364187,653.8991981207205,0.0,0.3874626336752142,1.1513403722982778,0.6818181818181817,2.3334855814162827,0.2641790684149187,0.9041384690186914,2.3181818181818183,4,0.0,0.0,0.0
3.0,4.0,3.0,-1.0,32.88610307016529,292.6908611443358,654.0292813225549,0.0,0.3710287490988624,1.166545237721891,-2.355555555555556,2.21470394866829,-0.8739788312106539,0.8217188356987067,4.355555555555556,4,0.0,0.0,0.0
3.0,4.0,3.0,0.0,23.59193670104139,294.9135493051895,653.8788377030397,0.0,0.36607147019039576,1.1716368096224263,-2.9655172413793105,2.2781806371439886,-1.085591256426691,0.8339769351985924,4.9655172413793105,4,0.0,0.0,0.0
3.0,4.0,3.0,1.0,14.604675859419899,291.86665131826396,653.3980064028161,0.0,0.37291699005365997,1.1662132808644148,-0.7415730337078652,3.1284821528553994,-0.2765451836352984,1.1666641478794297,6.741573033707866,4,0.0,0.0,0.0
3.0,4.0,3.0,2.0,6.307393178682446,283.8222219786964,652.6572109446417,0.0,0.3911087922340095,1.1507023404301202,-3.666666666666666,2.3926740038895584,-1.4340655715247013,0.9357958398709569,5.666666666666666,5,0.0,0.0,0.0
3.0,4.0,4.0,-9.0,71.02418410044595,99.41335527628736,666.2384414808696,0.0,0.851492070347484,0.8289006568432369,2.093023255813953,2.7853631184210523,1.7821927053784545,2.371714608373866,2.9069767441860463,4,0.0,0.0,0.0
3.0,4.0,4.0,-8.0,68.2914730829221,124.2813808160201,662.3020017188726,0.0,0.7866006418561396,0.8626583701337991,7.767441860465115,4.106939871835324,6.109874753022107,3.2305215392502373,5.232558139534884,5,0.0,0.0,0.0
3.0,4.0,4.0,-7.0,64.9900314796788,146.8993313168904,659.2844874263866,0.0,0.727723738256235,0.8961330244102077,51.63333333333333,7.964379029989303,37.574802351963605,5.795867680593383,7.366666666666666,4,0.0,0.0,0.0
3.0,4.0,4.0,-6.0,61.070875811244946,167.22653444688865,657.0351278697593,0.0,0.6752179508285133,0.9285192192818463,103.04494382022473,10.545185118128991,69.57779580953142,7.120298286570391,4.955056179775281,4,0.0,0.0,0.0
3.0,4.0,4.0,-5.0,56.50069703845486,185.12331896478653,655.4130243198554,0.0,0.6294963474502181,0.9588357311751518,137.96551724137933,12.211619970617235,86.84878917752837,7.687170167953689,7.034482758620689,4,0.2816540302201247,0.8738400437440532,0.10016406416411883
3.0,4.0,4.0,-4.0,51.27506378266827,200.36129835539506,654.2826165794897,0.0,0.5910497077642258,0.9859598925849721,79.02325581395348,9.520380347897436,46.706672255414865,5.627018022429058,6.9767441860465125,5,0.0,0.0,0.0
3.0,4.0,4.0,-3.0,45.433273451369644,212.64453209672388,653.513447726976,0.0,0.560437525265777,1.0087002957136244,192.43820224719101,14.503981665599309,107.84958983401081,8.128575591168678,11.561797752808989,4,0.5601547091401926,0.46933770172245204,0.06755951175786379
3.0,4.0,4.0,-2.0,39.07008691463176,221.64760379454847,652.9852429420175,0.0,0.5382416544711218,1.0259085739308462,114.42045454545455,11.440755362495207,61.58585475988325,6.157891094708779,10.579545454545453,4,0.0,0.0,0.0
3.0,4.0,4.0,-1.0,32.33714853668502,227.07153195898582,652.598280698797,0.0,0.524983486845082,1.0366179703923748,267.8988764044944,16.896332434620074,140.64248625671112,8.8702955164205,11.101123595505618,4,0.6669800760251405,0.6725491278315303,0.06543520342606968
3.0,4.0,4.0,0.0,25.428095754573775,228.70800873317046,652.2866429982269,0.0,0.5210225592243437,1.0401819037331792,163.4022988505747,13.094330362679152,85.13628393026747,6.822441516892121,4.597701149425287,4,0.0,0.0,0.0
3.0,4.0,4.0,1.0,18.548326932618863,226.4914741241961,652.029344600749,0.0,0.5264724501168212,1.0363772956230903,235.23076923076923,15.924695994555734,123.84251941978764,8.383913717619286,11.76923076923077,4,0.6229185991854251,0.6726350675227195,0.015316727092208993
3.0,4.0,4.0,2.0,11.879785024887383,220.51700257323208,651.8540183124496,0.0,0.5411718195535947,1.0254421451403506,113.86046511627907,11.26834781679556,61.61807508219535,6.09811229137803,8.13953488372093,4,0.0,0.0,0.0
3.0,4.0,4.0,3.0,5.554866916717543,211.01551772401848,651.8311525109789,0.0,0.5647251138921944,1.0080354761204864,161.64444444444445,13.11255735902906,91.28467729892938,7.404990447995617,6.355555555555555,4,0.6003569496107275,0.6503096300133393,-0.08262148590814355
3.0,4.0,5.0,-10.0,65.20488242120871,18.020740593437495,682.9701734761186,0.0,1.0592813465070028,0.7388458937410958,70.77380952380952,9.801986528724525,74.96937624981108,10.383061488590817,16.226190476190474,5,0.0,0.0,0.0
3.0,4.0,5.0,-9.0,63.02573533608506,44.78316939140768,676.591549295264,0.0,0.9924631725511707,0.7653858616465595,6.183908045977011,3.453219062255912,6.137300998075055,3.4271927460406806,2.8160919540229883,4,0.0,0.0,0.0
3.0,4.0,5.0,-8.0,60.436478040651934,68.75247762030237,671.4290833713246,0.0,0.9312199395475165,0.7917211108485529,69.69767441860465,9.213852528707411,64.90386415869551,8.580123194782647,9.302325581395348,4,0.0,0.0,0.0
3.0,4.0,5.0,-7.0,57.41379122645722,90.07264295651807,667.2889579933258,0.0,0.8760094006904219,0.8173582215547919,22.516483516483518,5.456216258359649,19.72465123093049,4.779696734522972,4.483516483516484,4,0.0,0.0,0.0
3.0,4.0,5.0,-6.0,53.94237917714125,108.7944492394787,664.0083576603324,0.0,0.8272200815897823,0.8417060679670256,26.733333333333334,5.725936227291774,22.11435018116685,4.736609433118192,3.2666666666666666,4,0.0,0.0,0.0
3.0,4.0,5.0,-5.0,50.01969957787833,124.89289450361137,661.4474874435535,0.0,0.7852095883359527,0.8640897997165424,11.930232558139535,4.352877118686443,9.367732995728923,3.41792085044077,4.069767441860465,4,0.0,0.0,0.0
3.0,4.0,5.0,-4.0,45.66100176914034,138.28500559294446,659.4850382342609,0.0,0.7503237626690044,0.883780901628468,23.930232558139537,5.628291357236848,17.95542213456757,4.223040748559389,4.069767441860465,5,0.0,0.0,0.0
3.0,4.0,5.0,-3.0,40.90358417927513,148.85049197969175,658.0166738562559,0.0,0.7228970102324478,0.9000447620616645,36.747126436781606,6.425752250160798,26.564387835783165,4.6451570901356645,2.2528735632183907,4,0.0,0.0,0.0
3.0,4.0,5.0,-2.0,35.80872665614419,156.45611215955586,656.9561101096033,0.0,0.7032357578019561,0.9122032173105409,40.93103448275862,7.9687901918969635,28.784167052100756,5.603938209363457,14.068965517241379,5,0.0,0.0,0.0
3.0,4.0,5.0,-1.0,30.459762215431937,160.98233213602398,656.2380481391715,0.0,0.6915900504399554,0.9197044338235925,103.29213483146067,10.73515980803394,71.43581273814056,7.424329713119174,7.707865168539326,4,0.0,0.0,0.0
3.0,4.0,5.0,0.0,24.95557372471626,162.34831453943679,655.8217767515098,0.0,0.6881219063524033,0.9221879442688238,-1.6666666666666665,2.7327641683833606,-1.1468698439206721,1.8804748891594982,5.666666666666666,4,0.0,0.0,0.0
3.0,4.0,5.0,1.0,19.40036410832991,160.52971047957834,655.6939908124946,0.0,0.6928810925238544,0.9195309481714544,79.43678160919539,9.732211805360022,55.04024402795813,6.743265548371405,9.563218390804597,4,0.0,0.0,0.0
3.0,4.0,5.0,2.0,13.892135678083775,155.56442475179946,655.8696133185472,0.0,0.7057972511643679,0.911864759411494,35.45454545454545,6.587577527889172,25.023720723100315,4.649494111016339,4.545454545454546,4,0.0,0.0,0.0
3.0,4.0,5.0,3.0,8.512928926613057,147.54466059966688,656.3902105715239,0.0,0.7266914821227394,0.8995572310804367,44.48888888888889,7.505981154147655,32.32969660466054,5.454532569692909,7.511111111111112,4,0.0,0.0,0.0
3.0,4.0,5.0,4.0,3.323067053700811,136.59761846092997,657.3206014902083,0.0,0.7553030946871644,0.8831656089807892,29.204545454545453,6.240982751336471,22.05828356075014,4.71383358597365,5.795454545454546,5,0.0,0.0,0.0
3.0,4.0,6.0,-7.0,50.73779069898353,23.64677343509581,680.8147101061168,0.0,1.0457524496873225,0.7444640710074808,2.1111111111111107,2.9938207967349957,2.207699616006569,3.130795432110473,3.8888888888888893,5,0.0,0.0,0.0
3.0,4.0,6.0,-6.0,47.673100153438355,41.8850207182345,676.4012448402223,0.0,1.0001504382265087,0.7627195733072825,57.34090909090909,8.513995527054893,57.34953535557913,8.515276357442486,9.65909090909091,5,0.0,0.0,0.0
3.0,4.0,6.0,-5.0,44.276607684521025,57.295708170013654,672.8724299599924,0.0,0.9610056953751784,0.7792540370117134,19.03296703296703,5.840568471272697,18.290789718569325,5.612819565121761,8.967032967032967,5,0.0,0.0,0.0
3.0,4.0,6.0,-4.0,40.56561227453693,69.9108837117478,670.1032809143211,0.0,0.9286371327564085,0.7936021939552106,1.2183908045977008,2.694235710588306,1.1314429433583824,2.501967325250649,3.781609195402299,4,0.0,0.0,0.0
3.0,4.0,6.0,-3.0,36.56888492720947,79.72521193187843,667.9934465833301,0.0,0.9033074810521453,0.8053134365100135,48.33333333333333,7.3068004853925865,43.65986158418702,6.60028754101057,2.6666666666666665,4,0.0,0.0,0.0
3.0,4.0,6.0,-2.0,32.32668099396426,86.71319591269099,666.4651344287599,0.0,0.8852277356518534,0.8139856259601003,10.400000000000002,4.644566718220333,9.206368450779278,4.111499279054145,6.6000000000000005,5,0.0,0.0,0.0
3.0,4.0,6.0,-1.0,27.88925836520781,90.84468782817292,665.4624602511144,0.0,0.8745542179298704,0.8193000784272201,84.88636363636364,9.697517148372318,74.23772736291059,8.48100452555626,5.113636363636363,4,0.0,0.0,0.0
3.0,4.0,6.0,0.0,23.313861130290235,92.09751426797077,664.9515492219346,0.0,0.8713823955107332,0.8210523905836945,-0.9186046511627904,2.7233878783539787,-0.8004559214575337,2.373112253344983,4.9186046511627906,5,0.0,0.0,0.0
3.0,4.0,6.0,1.0,18.660535460767136,90.4657005491863,664.9207930485272,0.0,0.8757414937506413,0.8191736146702672,95.17441860465117,10.89917036055518,83.34818751568604,9.544855732195309,14.825581395348838,5,0.0,0.0,0.0
3.0,4.0,6.0,2.0,13.987502847810902,85.96206088329336,665.3808478253957,0.0,0.8875928333323293,0.8137376444167067,20.022727272727273,5.203205464657149,17.772029231040502,4.618327880785298,3.9772727272727266,4,0.0,0.0,0.0
3.0,4.0,6.0,3.0,9.346957057173512,78.61474297709553,666.3642384593172,0.0,0.9068328593993097,0.804953303985084,41.09090909090909,7.167402102056364,37.262586586226185,6.499635742672396,5.909090909090908,5,0.0,0.0,0.0
3.0,4.0,6.0,4.0,4.782002476271771,68.4583269552378,667.9247516094179,0.0,0.9332995506178381,0.7931427537923429,-0.8620689655172411,2.9908143161159217,-0.8045685781188257,2.7913256572123863,5.862068965517241,5,0.0,0.0,0.0
3.0,4.0,6.0,5.0,0.32508798423609164,55.52082838507707,670.1370583243347,0.0,0.9667790494407131,0.778710423547936,27.199999999999996,5.969589600634201,26.29639014478739,5.771274159652299,4.799999999999999,5,0.0,0.0,0.0
3.0,4.0,7.0,-1.0,24.869457321437437,12.460282144391783,681.6846967922249,0.0,1.0742097989104962,0.7345888501012274,28.04597701149425,6.866216809895111,30.12726332576564,7.3757573786332955,11.954022988505747,4,0.0,0.0,0.0
3.0,4.0,7.0,0.0,20.95471762041109,13.710845173292086,681.0638305434815,0.0,1.0712930633905875,0.7358497091633611,0.9560439560439562,3.0564594238491893,1.024203258406386,3.2743637793044282,5.043956043956044,4,0.0,0.0,0.0
3.0,4.0,7.0,1.0,16.95285081909006,12.124468607887223,681.1263248702761,0.0,1.0753429126866931,0.7344949451689952,30.318181818181817,6.399702585418964,32.60244194372838,6.88187481853299,6.681818181818182,4,0.0,0.0,0.0
3.0,5.0,2.0,-6.0,68.89241256737046,272.06812271630116,757.8366053766363,0.0,0.40697448210021847,0.9568733600681765,23.43181818181818,5.686483993348752,9.536152069211937,2.3142538781642905,5.568181818181818,4,0.0,0.0,0.0
3.0,5.0,2.0,-5.0,61.177983513789,302.37162006131405,759.7719885888782,0.0,0.3411009320129478,0.9901389447262989,168.86206896551724,13.611091918957785,57.599009105772595,4.642756139270402,10.137931034482758,5,0.0,0.0,0.0
3.0,5.0,2.0,-4.0,51.02622418913967,332.148699533999,763.0768157717328,0.0,0.2788531974558738,1.020074887824717,627.6136363636364,25.594456196929226,175.01206926690807,7.137095947658017,17.386363636363633,5,0.7376897903894246,0.30937302033362357,0.1941699480244381
3.0,5.0,3.0,-8.0,69.22302646835476,169.95949968599038,761.8710163602905,0.0,0.6437446101362098,0.8404143707260393,227.4987971130714,16.34434649124122,146.45112445401082,10.521584959935208,25.50120288692863,5,0.0,0.0,0.0
3.0,5.0,3.0,-7.0,65.07318237532166,197.45253912478566,758.9866326775679,0.0,0.5783550635663713,0.8712598802676729,160.33333333333334,13.659375683438196,92.72959519180822,7.899969091671845,16.666666666666664,4,0.0,0.0,0.0
3.0,5.0,3.0,-6.0,59.959053237398564,223.13049675695981,757.3686001174555,0.0,0.5181774910926427,0.9009197159000008,82.97752808988764,9.803540193636245,42.99708732268726,5.0799738613643095,8.02247191011236,4,0.0,0.0,0.0
3.0,5.0,3.0,-5.0,53.762828903000184,246.78116164918174,756.7956991351507,0.0,0.46381364135753067,0.92851627300984,135.75555555555556,12.293999339234016,62.96527855673678,5.702124600377205,9.244444444444444,5,0.0,0.0,0.0
3.0,5.0,3.0,-4.0,46.419208041393574,267.96734770712084,757.0130087029881,0.0,0.4161620476381504,0.953064992197014,153.16666666666666,12.860129723604521,63.742153629910035,5.351897918667499,7.833333333333332,4,0.0,0.0,0.0
3.0,5.0,3.0,-3.0,37.979443982687286,285.9840438318186,757.7084843684179,0.0,0.37651503496720934,0.9735390087699527,-0.752808988764045,2.1279113150758127,-0.2834439027281239,0.80119060320289,2.752808988764045,4,0.0,0.0,0.0
3.0,5.0,3.0,-2.0,28.68576412719338,299.8636881343489,758.5070193265361,0.0,0.3465641911228211,0.9889631026243029,112.04761904761904,11.035579441309014,38.83169246247609,3.824536662648893,5.9523809523809526,5,0.0,0.0,0.0
3.0,5.0,3.0,-1.0,19.00442689094973,308.51296571999154,759.0100918313444,0.0,0.3281799505710009,0.9985260089052556,112.72727272727272,11.282019630462836,36.9948307916401,3.7025326446663556,9.27272727272727,4,0.0,0.0,0.0
3.0,5.0,3.0,0.0,9.54293585694171,311.03979843384445,758.9014156543425,0.0,0.3228733093579175,1.0016899470532095,189.95402298850576,14.546066703629522,61.331084028148794,4.696536694741878,14.045977011494251,4,0.0,0.0,0.0
3.0,5.0,3.0,1.0,0.8482302970697901,307.15082487583754,758.0783444474043,0.0,0.33114099871439656,0.9982709392057287,103.5340909090909,10.886065663031559,34.28438226462349,3.60482265572677,9.46590909090909,5,0.0,0.0,0.0
3.0,5.0,4.0,-6.0,52.93452368872022,166.27626394149428,761.6663284613064,0.0,0.6527415706853933,0.8368836661866457,24.930232558139537,5.673703729273468,16.272999157552132,3.703462283849537,4.069767441860465,4,0.0,0.0,0.0
3.0,5.0,4.0,-5.0,47.90136417547831,185.94637032898194,759.2558260049066,0.0,0.6058171997850604,0.8588620332256102,110.46666666666667,10.97984685854211,66.92260666958968,6.651780077910774,6.533333333333333,4,0.0,0.0,0.0
3.0,5.0,4.0,-4.0,42.2233451579113,202.7509888760745,757.6313135955861,0.0,0.5660556714435102,0.878176267111819,72.67816091954023,9.117130957301654,41.13988517858983,5.160803685673801,6.321839080459769,5,0.0,0.0,0.0
3.0,5.0,4.0,-3.0,35.97194227956612,216.34054806395392,756.5771408774051,0.0,0.5342035331034686,0.8941127108072878,281.7640449438202,17.30064548799335,150.51934831051327,9.24206594465663,11.235955056179776,4,0.48822341917792755,0.33533525244854445,0.041478047189663414
3.0,5.0,4.0,-2.0,29.2812234338017,226.31555554891025,755.8907957578268,0.0,0.5110364323357955,0.9060142215664366,10.333333333333334,4.5058727111281,5.280709800803221,2.302665114854123,5.666666666666666,5,0.0,0.0,0.0
3.0,5.0,4.0,-1.0,22.34239107364084,232.2993325164376,755.4013522782129,0.0,0.497252397253223,0.9133472615808526,45.62068965517241,7.778059938637453,22.684997295379794,3.8676589504667302,9.379310344827585,5,0.0,0.0,0.0
3.0,5.0,4.0,0.0,15.3782285060324,234.02676550974815,754.9948870084922,0.0,0.4933326299603852,0.9157640688932873,47.607142857142854,7.790763980596546,23.48615699061405,3.8434380839483335,8.392857142857142,4,0.0,0.0,0.0
3.0,5.0,4.0,1.0,8.6028918897795,231.4185272414965,754.6365822942525,0.0,0.4994224549188751,0.9131467650136168,38.5,7.007587387377737,19.22776451437669,3.499746496062736,6.5,4,0.0,0.0,0.0
3.0,5.0,4.0,2.0,2.1833426666274534,224.60566232860822,754.3778005021923,0.0,0.5152918453272464,0.9056229342269465,5.5,4.056532330137965,2.8341051492998552,2.0902980300264264,6.5,5,0.0,0.0,0.0
3.0,5.0,5.0,-3.0,33.18484029839112,145.83464846151543,763.3770001477034,0.0,0.7021809706797834,0.8158054029235177,26.454545454545457,5.885705473910484,18.57587840616518,4.1328303828057775,4.545454545454546,5,0.0,0.0,0.0
3.0,5.0,5.0,-2.0,27.932476102559576,154.1065084672919,761.7974444026894,0.0,0.6823857159671813,0.824813548505352,26.31818181818182,5.9353437798601,17.959151342954456,4.05019381473119,5.681818181818182,4,0.0,0.0,0.0
3.0,5.0,5.0,-1.0,22.488392796249286,158.9972467032315,760.7535274585648,0.0,0.6707314830121014,0.8303328760262988,205.95301327885596,15.390321697045998,138.13917002733808,10.322773295892983,20.046986721144023,4,0.0,0.0,0.0
3.0,5.0,5.0,0.0,16.960376969916524,160.41468048207423,760.1787895811408,0.0,0.6674332692653187,0.8321455229865434,2.5517241379310347,2.95212157599329,1.7031055836425375,1.9703441547338862,3.4482758620689653,4,0.0,0.0,0.0
3.0,5.0,5.0,1.0,11.455159159361585,158.3330164812024,760.0522495069888,0.0,0.6725543413157818,0.8301782541200152,223.14606741573033,15.794571898340166,150.07785638799356,10.622707899452928,16.853932584269664,4,0.0,0.0,0.0
3.0,5.0,5.0,2.0,6.0662790360547945,152.7998367262753,760.3997211998103,0.0,0.6859969416274325,0.8245105129352586,28.9438202247191,6.089887640449438,19.85537215317153,4.177644296203016,5.056179775280899,4,0.0,0.0,0.0
3.0,5.0,5.0,3.0,0.8653775982440379,143.92531657072672,761.2909000747534,0.0,0.7075179292937286,0.8153656938759568,10.956043956043958,4.397947727024108,7.751597533031291,3.111626868966157,5.043956043956044,4,0.0,0.0,0.0
3.0,-4.0,1.0,-1.0,8.725907845187635,456.5108001479166,106.17107672222204,1.0,0.041822011752520136,1.398865721967379,4254.837209302326,65.54548744821591,177.94585177250187,2.7412441463839468,26.162790697674417,5,0.0,0.0,0.0
3.0,-3.0,1.0,0.0,18.026252407396015,427.0869447520953,184.6302444864544,1.0,0.09990256144259556,1.8385220153762625,452.9772727272727,22.08536102235151,45.253589820735726,2.206384136517377,22.02272727272727,5,-1.3568048734994704,-0.4518772831465583,0.15596365664902834
3.0,3.0,1.0,0.0,14.766270657783423,427.4441751409305,577.5795365783645,1.0,0.09920806149662063,1.8377376725896306,473.24719101123594,22.245916999044855,46.94993642894567,2.2069743016899603,13.752808988764045,4,-0.7262676174195803,0.21736781035019703,0.1288312230943216
3.0,4.0,1.0,-2.0,42.954595405186126,424.11258444721244,661.7992323996664,1.0,0.10490453818192887,1.3729025921121607,344.83333333333337,19.15796904104863,36.17458158306847,2.0097578947548973,14.166666666666664,5,-0.8100671407303821,0.2628821377785471,0.26771422351117025
3.0,-5.0,-2.0,-4.0,57.1749084483522,619.0221544588943,11.019786608674337,1.0,0.29217886768089996,1.0190177910838172,638.5227272727273,25.77522234194808,186.56284744306555,7.530975278093824,16.477272727272727,4,-0.3755934295777479,-0.048541843767814896,-0.09443912492056938
3.0,-5.0,-2.0,-3.0,69.74125657104196,591.396141304484,12.224937612817143,1.0,0.2334082808720735,1.044448025499114,157.17241379310346,13.262588478038476,36.68534290396245,3.0955979765727304,11.827586206896552,5,0.0,0.0,0.0
3.0,-5.0,-1.0,-6.0,27.566983130165994,643.941678448774,9.46844271491608,1.0,0.3456708674785484,0.9945017732215697,755.4583333333334,28.220147698251175,261.13993742723176,9.754882935227245,26.541666666666668,4,-0.4733198341635898,0.01655379590038919,-0.10333491332242062
3.0,-5.0,-1.0,-5.0,35.83638911541732,606.3837529702978,12.437037291836589,1.0,0.2652703321580648,1.032277265527749,36.40449438202248,6.997882703217374,9.657032316765505,1.856330669085649,7.595505617977528,5,0.0,0.0,0.0
3.0,-5.0,-1.0,-4.0,49.28692139640489,565.0082609937252,13.124135449483731,1.0,0.17794679645815834,1.0666341722720405,614.3000000000001,25.369207056324537,109.31271706424668,4.514369124356657,18.7,5,-0.6627911243614335,-0.29118138290134077,-0.10084891431471021
3.0,-5.0,0.0,-6.0,10.304249924162292,630.7995762634498,11.051949843473722,1.0,0.3174753521379255,1.0086642148104004,6.9438202247191025,4.164938933969681,2.204491771025146,1.3222654546949806,6.056179775280899,5,0.0,0.0,0.0
3.0,-5.0,0.0,-5.0,16.865757239631648,589.3594137447992,13.367973031973747,1.0,0.22916599140587904,1.0481380079129596,950.6185997910135,31.379920613328025,217.84945386997617,7.191210617591096,21.381400208986413,4,0.0,0.0,0.0
3.0,-5.0,0.0,-4.0,30.928361754765092,537.2640734529806,12.439933129283645,1.0,0.1204238872380649,1.0841549294612838,3499.222704378148,59.944699046336666,421.3900003729106,7.218773678475783,59.777295621852,5,-0.44998079242463973,-0.09948161211512563,-0.2380164912986622
3.0,-5.0,1.0,-3.0,10.243727376662434,503.6586427775251,9.534014836051085,1.0,0.0520557243163666,1.0962041591656786,1905.5985493884073,44.37216148980624,99.19731274463102,2.309825005834652,39.4014506115926,5,0.0,0.0,0.0
3.0,-4.0,-4.0,-5.0,53.31824335456662,769.9407791747881,91.54203079604991,1.0,0.6361932135236992,0.9578845097523029,142.6206896551724,12.559956565130106,90.73431486669034,7.990559128888205,9.379310344827585,5,0.0,0.0,0.0
3.0,-4.0,-4.0,-4.0,58.48327779096809,752.1936709079519,94.95150364067212,1.0,0.5965929956517448,0.9851323005605986,65.84269662921348,8.78504240624571,39.28129162381151,5.2410947660697405,7.157303370786517,4,0.0,0.0,0.0
3.0,-4.0,-4.0,-3.0,64.27901345821653,737.9812380050519,97.40937914798621,1.0,0.5647251138921945,1.0080354761204864,191.08045977011497,14.448682773007944,107.90793440625106,8.159534024579099,10.919540229885058,5,0.0,0.0,0.0
3.0,-4.0,-4.0,-2.0,70.61923639088417,727.5057621399732,99.01777033650137,1.0,0.5411718195535947,1.0254421451403508,131.4,12.08801058900926,71.10997708934235,6.541690685237262,9.6,4,0.0,0.0,0.0
3.0,-4.0,-3.0,-8.0,32.545640655707984,788.4064187282088,88.43451035999283,1.0,0.677229783095812,0.9319354571116706,89.22222222222223,9.946816600994872,60.4239462028819,6.736280449185579,5.777777777777779,4,0.0,0.0,0.0
3.0,-4.0,-3.0,-7.0,35.91062108775907,759.4921176554501,94.50172189230472,1.0,0.6130477173910931,0.9747570229430832,105.95833333333333,10.820543732487138,64.95751438856458,6.6335096361317385,7.041666666666667,4,0.0,0.0,0.0
3.0,-4.0,-3.0,-6.0,40.12660336328747,733.4246972544728,99.27876546647968,1.0,0.5546331130270875,1.017084684464215,168.55172413793102,13.370864735730926,93.48436746470357,7.415924332242549,6.448275862068965,4,0.0,0.0,0.0
3.0,-4.0,-3.0,-5.0,45.31882270340196,710.222726711549,102.93856783869205,1.0,0.5024265042668646,1.057580195700601,611.2093023255813,25.128399315043723,307.08775314283105,12.625173825679294,12.790697674418606,4,-0.07457604293142595,-0.4555980200524061,0.08664362753818722
3.0,-4.0,-3.0,-4.0,51.58719796887959,690.0850478797697,105.62958115593835,1.0,0.4570990174477755,1.0945969959082904,65.26966292134831,8.633643672006032,29.834698790495818,3.946430039468162,5.730337078651685,4,0.0,0.0,0.0
3.0,-4.0,-3.0,-3.0,58.96100811597438,673.3915285372842,107.48492097108397,1.0,0.41959583657633787,1.1262711776907794,228.22222222222226,15.414452093192716,95.76109425864423,6.46783992140908,5.777777777777778,4,0.0,0.0,0.0
3.0,-4.0,-3.0,-2.0,67.33822610565966,660.6753405948607,108.62614457765238,1.0,0.39110879223400946,1.1507023404301202,82.14772727272727,9.91468487848552,32.12869839840516,3.8777204282052686,9.852272727272727,5,0.0,0.0,0.0
3.0,-4.0,-2.0,-9.0,19.387398870183887,780.7126377581287,90.641142570574,1.0,0.6603242539761738,0.943407527655379,71.44186046511626,9.15865802210233,47.1747932142978,6.04768402586762,7.558139534883721,4,0.0,0.0,0.0
3.0,-4.0,-2.0,-8.0,21.667062917826456,747.6022076073583,97.32593565387094,1.0,0.5865300070349441,0.9943118365771128,177.1931818181818,14.282702073221184,103.9291181783623,8.377233347484431,16.80681818181818,5,0.0,0.0,0.0
3.0,-4.0,-2.0,-7.0,24.816319426691507,716.7779614557678,102.59156934214866,1.0,0.5172565660448603,1.0468251865824403,241.60919540229884,16.154836087880664,124.97394273865474,8.356195039834736,12.390804597701148,5,0.0,0.0,0.0
3.0,-4.0,-2.0,-6.0,29.087448412842377,688.0337607754452,106.61530940354862,1.0,0.45255272089288956,1.0997851690705545,307.4252873563218,17.84540384432427,139.12615026438186,8.07598606518138,6.57471264367816,4,-0.37203406925880245,-0.15984504726347382,-0.04918271896792703
3.0,-4.0,-2.0,-5.0,34.809560354708765,661.3409601290506,109.5437226857079,1.0,0.39266784753380635,1.1515089967098735,156.95454545454544,13.150511412611419,61.63100352428333,5.16378301035888,10.045454545454545,5,0.0,0.0,0.0
3.0,-4.0,-2.0,-4.0,42.38217675170441,636.9064281655185,111.5092581459158,1.0,0.3382208976519313,1.199760694122057,29.744186046511626,6.453717573972996,10.060105304577212,2.182782151061191,7.255813953488372,4,0.0,0.0,0.0
3.0,-4.0,-2.0,-3.0,52.202824609941956,615.2830802748674,112.64949380585585,1.0,0.290459370078393,1.2418344903261518,630.1363636363635,25.750561656395664,183.02901124530734,7.479491917881505,20.863636363636363,5,-0.4200931987815011,-0.41906592388779984,-0.008617697753315667
3.0,-4.0,-2.0,-2.0,64.43802536204248,597.5277626611812,113.1296982786289,1.0,0.2516015288604913,1.2748103323862157,659.9540229885057,26.107241458002402,166.04544116153986,6.568621865163407,14.045977011494251,4,-0.46110842420910103,-0.11294926523591187,-0.02225984822997873
3.0,-4.0,-1.0,-9.0,7.455646578492065,756.2797528605155,96.02082034646185,1.0,0.606004868833864,0.980808112086003,0.49438202247191,3.0442758088092146,0.2995979126819102,1.8448459622115332,5.5056179775280905,4,0.0,0.0,0.0
3.0,-4.0,-1.0,-8.0,8.856174182192262,721.8517207693079,102.15991510359532,1.0,0.5287212206653181,1.0383898446250852,121.42528735632185,11.678726567892102,64.20012615067151,6.174790566792393,9.574712643678161,4,0.0,0.0,0.0
3.0,-4.0,-1.0,-7.0,11.10741911989328,689.0202582732358,106.89370412726998,1.0,0.45480789673159966,1.0986371024652906,222.6470588235294,15.564910407264128,101.26164053700614,7.079044165143584,12.352941176470587,4,-0.23246465749582512,-0.44780972855485857,-0.04011335799807725
3.0,-4.0,-1.0,-6.0,14.576073204030564,657.3682492904167,110.36266969941693,1.0,0.38381809050074783,1.160334378069869,433.2441860465116,21.355660231067862,166.28695620892282,8.196688731271227,14.75581395348837,4,-0.34504242834202614,-0.2813141239814314,-0.08134868684906671
3.0,-4.0,-1.0,-5.0,19.870288306185387,626.5163471448718,112.66522408846964,1.0,0.31524333797187043,1.2215708547527004,301.2022471910113,17.878141710375992,94.95200180912283,5.635965069513053,11.797752808988765,4,-0.48092914870085224,-0.32061655815695644,-0.014512939242180778
3.0,-4.0,-1.0,-4.0,28.05716735355753,596.0821265526438,113.86248389721703,1.0,0.248479830927767,1.2796339262192782,606.875,24.893191282401343,150.79619739428858,6.185455961103648,8.125,4,-0.6168332252816526,-0.35912518696179063,-0.05153218412925753
3.0,-4.0,-1.0,-3.0,41.127010432132124,565.5930156505864,113.97516027219325,1.0,0.18268890406711538,1.3310513319681345,126.62500000000001,11.702558083704577,23.132982477498487,2.1379275110937512,6.375,4,0.0,0.0,0.0
3.0,-4.0,-1.0,-2.0,63.002121186531724,534.1524181406282,112.9518394603653,1.0,0.11615349970647461,1.3718927823457208,302.4285714285714,17.77351848069688,35.1281369826581,2.064456373630646,8.571428571428571,4,-0.7189332921433333,-0.5289606724865195,0.13651517710464134
3.0,-4.0,0.0,-4.0,4.109206342617824,579.2053789610951,114.33374203217215,1.0,0.2119242582896482,1.3101725098911992,1362.6404494382023,37.17450158013349,288.7765665626639,7.8781786746571445,12.359550561797752,4,-0.5780603208492039,-0.14267526459991586,-0.12022229702497889
3.0,-4.0,0.0,-3.0,15.150146842481888,541.0948245724269,113.61666169054928,1.0,0.13073015629652948,1.3655142282251858,74.9655172413793,9.307644563723604,9.800253785815691,1.2167898285681298,7.0344827586206895,5,0.0,0.0,0.0
3.0,-3.0,-4.0,-6.0,43.176020514785336,785.0644611102587,175.560047747067,1.0,0.6827508704718375,1.0240561247212807,4.147727272727273,4.4682326825922045,2.831864405934326,3.0506897535105413,9.852272727272727,5,0.0,0.0,0.0
3.0,-3.0,-4.0,-5.0,47.37644370343506,765.2084460331191,178.4037415756042,1.0,0.6369542635546894,1.0654002196525363,157.53409090909088,13.125196771449035,100.34201085975748,8.360150043568707,9.46590909090909,4,0.0,0.0,0.0
3.0,-3.0,-4.0,-4.0,52.24544167785376,748.5500467255285,180.55591636441923,1.0,0.5983850146588134,1.1032471368397745,211.25531914893617,14.942700275874875,126.41201724568847,8.941487923621644,7.744680851063828,5,0.0,0.0,0.0
3.0,-3.0,-4.0,-3.0,57.770084432524186,735.2322423159287,182.09531532814776,1.0,0.5675040843826226,1.1356713454387142,935.2247191011236,31.20321014241189,530.7438479054786,17.707949201668022,24.775280898876403,5,-0.03384216923734584,-0.08761402855344613,0.022032049632180417
3.0,-3.0,-4.0,-2.0,63.88679422145421,725.4466524974226,183.08471036048982,1.0,0.5448080003580908,1.160701720194715,62.31818181818182,8.473280805172562,33.95144402231557,4.616311171938658,5.6818181818181825,4,0.0,0.0,0.0
3.0,-3.0,-4.0,-1.0,70.4742711809933,719.3884559112669,183.57075213976054,1.0,0.5307572215053327,1.1765934798152196,595.409090909091,24.840108529061165,316.01767474992516,13.18406698477542,13.59090909090909,4,0.0710943223779168,-0.21827696452689338,0.0573073820908121
3.0,-3.0,-3.0,-8.0,26.86327979742606,782.3938119784655,176.60868900904498,1.0,0.6766827065793867,1.030087435440425,77.72727272727273,9.5335423506725,52.59670128412506,6.451183241142275,8.272727272727273,4,0.0,0.0,0.0
3.0,-3.0,-3.0,-7.0,29.79316753084194,755.1959965304939,180.4754078881104,1.0,0.6138557859588811,1.0887966879177426,539.2359550561798,23.81552847494342,331.0131110082992,14.619299950012508,17.764044943820227,5,0.1136434811859317,-0.3049244275506169,0.05606911037943263
3.0,-3.0,-3.0,-6.0,33.52040714483417,730.6874260563848,183.5212323045554,1.0,0.5570380719797094,1.1487339794837468,-0.5632183908045971,3.836136940254995,-0.3137340865173073,2.136874325049784,9.563218390804597,4,0.0,0.0,0.0
3.0,-3.0,-3.0,-5.0,38.17520799808295,708.9184123006306,185.85236886420458,1.0,0.5065977728701437,1.208027781947122,538.2068965517241,23.656077191905542,272.65441513645527,11.984116020263551,13.793103448275865,5,0.0,0.0,0.0
3.0,-3.0,-3.0,-4.0,43.87405874557328,690.095359930501,187.56097187860158,1.0,0.4631206805917783,1.264057939694466,32.655172413793096,6.9960919955689365,15.123285673117723,3.2400348864705784,10.344827586206897,4,0.0,0.0,0.0
3.0,-3.0,-3.0,-3.0,50.68126925183671,674.5763628766724,188.7299497831476,1.0,0.42743492362953345,1.3135097340807982,592.7586206896551,24.838168242941848,253.3657357652303,10.616700546019352,15.241379310344827,5,0.0,0.0,0.0
3.0,-3.0,-3.0,-2.0,58.553268831591424,662.8395660994908,189.43446482214475,1.0,0.4005699668716592,1.3526688125457864,47.8876404494382,7.980043914108627,19.182350548393387,3.196565926308878,10.112359550561798,4,0.0,0.0,0.0
3.0,-3.0,-3.0,-1.0,67.28481365268857,655.4013344701073,189.7387749495493,1.0,0.38360612274034983,1.3779998187232307,842.4117647058824,29.582270478169836,323.15431080967943,11.347940079987046,20.588235294117645,5,-0.19455595308875218,-0.19933805821770534,0.018652743994479692
3.0,-3.0,-2.0,-9.0,13.586034909893385,775.0579087707378,178.12499471026874,1.0,0.6598243354134798,1.0456462432434541,498.1818181818182,22.65734697401323,328.71248709689723,14.949868909360898,9.818181818181817,4,0.0,0.0,0.0
3.0,-3.0,-2.0,-8.0,15.325210185746101,743.8900147817697,182.39644420806835,1.0,0.5876950597226482,1.1162587687109577,271.3863636363637,16.915512282668946,159.49242518518508,9.941163001202316,9.613636363636363,4,0.18877226730967323,-0.30465147755978705,0.08951703719865911
3.0,-3.0,-2.0,-7.0,17.819534033303427,714.904275371954,185.76694723857202,1.0,0.5204915273153937,1.1921169710305042,273.78160919540227,17.163821728405402,142.50100792098118,8.93362378598687,13.2183908045977,5,-0.30422592412139693,0.19019797322957288,0.011230759839808258
3.0,-3.0,-2.0,-6.0,21.29227282828319,687.9699899669417,188.34612680204427,1.0,0.4582564922988314,1.2721207037512023,215.33333333333337,15.288178278059435,98.67789800834838,7.0059069513427055,11.666666666666666,5,-0.3382548613162726,-0.1880446752937246,-0.042272828283188346
3.0,-3.0,-2.0,-5.0,26.03949556215923,663.1253660994355,190.22705888621897,1.0,0.40125637020084143,1.3541027813684459,830.9550561797753,29.260797898379185,333.4260096427329,11.74108155388404,16.044943820224717,4,0.0,0.0,0.0
3.0,-3.0,-2.0,-4.0,32.43252682677712,640.6288772980229,191.4960025247035,1.0,0.3501266603407388,1.4344643760863767,228.51162790697677,15.608549750408555,80.00801312809534,5.46496939687282,9.488372093023255,4,-0.11386846930008687,-0.4460384935740933,0.10394887788574891
3.0,-3.0,-2.0,-3.0,40.87327832111214,621.0418614308971,192.24291734621332,1.0,0.30606812903770614,1.507981683503003,1858.6629213483145,43.445457347934436,568.8774828488358,13.297269845669755,18.337078651685395,4,-0.38311863990134043,-0.161608046339353,-0.005815477198702013
3.0,-3.0,-2.0,-2.0,51.63106441529783,605.3169277726881,192.57150959712084,1.0,0.27104549054613764,1.5680876747393342,2051.808988764045,45.689249410313344,556.1335738665251,12.38386501910321,23.191011235955056,4,-0.3290089299648571,-0.2497182212368898,0.008897224485885147
3.0,-3.0,-2.0,-1.0,64.50034557364677,594.779682084202,192.60090922826114,1.0,0.2477627080535782,1.6079239253585147,760.9770114942529,28.09182939190142,188.541725134335,6.9601077243165985,18.022988505747126,4,0.0,0.0,0.0
3.0,-3.0,-1.0,-10.0,1.022853150053777,786.3674283627918,176.69088253906585,1.0,0.6859064179383504,1.0228636957495822,135.5287356321839,12.15658941225685,92.96002958518493,8.338282698108372,7.471264367816092,4,0.0,0.0,0.0
3.0,-3.0,-1.0,-9.0,1.2515630467589176,751.9907703407508,181.63468052066898,1.0,0.6064997078875924,1.0972558867319695,57.449438202247194,8.506790473265513,34.843067487969215,5.159365937096488,9.55056179775281,5,0.0,0.0,0.0
3.0,-3.0,-1.0,-8.0,1.957442204399257,719.5871875047433,185.56776873394625,1.0,0.5313630000594518,1.1797078088360387,607.723404255319,25.0668007486726,322.9217312914493,13.319570447707184,13.27659574468085,4,-0.04742065151162933,-0.11356032782882153,-0.031494822844231996
3.0,-3.0,-1.0,-7.0,3.315686462976828,688.785320423754,188.60828807205104,1.0,0.46015267790998887,1.2703500108852357,15.75,5.9208663266325505,7.247404677082325,2.724502495747047,12.25,5,0.0,0.0,0.0
3.0,-3.0,-1.0,-6.0,5.600803906604085,659.3050774664671,190.84646506163955,1.0,0.3925527748308868,1.368523964124033,434.8636363636363,21.26501657069813,170.70692712759515,8.34764126165234,11.136363636363635,4,-0.2882292456971527,-0.3130833138786784,-0.0671437758851301
3.0,-3.0,-1.0,-5.0,9.261532382358297,630.962354455327,192.3523644351197,1.0,0.3283383792412044,1.4721947254977858,89.09090909090911,10.67891643371869,29.25196469603458,3.5062981138994576,15.909090909090908,5,0.0,0.0,0.0
3.0,-3.0,-1.0,-4.0,15.065034622913203,603.7069792000221,193.1838989045068,1.0,0.26749054642727615,1.5771934116897903,454.8620689655172,21.737735208290015,121.67130337662756,5.814638668956936,11.137931034482758,4,0.0,0.0,0.0
3.0,-3.0,-1.0,-3.0,24.368086102603314,577.7409578942784,193.39930100690307,1.0,0.21046292233411926,1.6765209659714024,622.2873563218391,25.55587062596221,130.9684155430676,5.378563214732685,19.712643678160916,5,-0.57449060220506,-0.22653767503885547,-0.03702459029455696
3.0,-3.0,-1.0,-2.0,39.49937091667894,553.8691556968828,193.08601313956694,1.0,0.1589109147135973,1.7602977319496789,1999.9772727272725,45.08818838016181,317.81821781549655,7.165005258270503,21.022727272727273,4,-0.6735174793601573,-0.19829599455184166,-0.017105999760516966
3.0,-3.0,-1.0,-1.0,63.24952720700287,534.5363111332639,192.44086020399754,1.0,0.11780218119765452,1.8172008614933348,3676.7872340425533,60.99677911184338,433.13355596990385,7.1855536254066825,28.212765957446813,5,0.0,0.0,0.0
3.0,-3.0,0.0,-2.0,4.19018355518665,525.7420534626109,192.4838027551811,1.0,0.09929843212134214,1.8422745998111045,1964.9772727272727,44.503717111909424,195.1191623358891,4.41914933278435,10.022727272727273,4,-0.7538730174076136,-0.29464297543756857,-0.11848998183505532
3.0,-2.0,-5.0,-2.0,64.8252325396796,789.3911505039482,248.46038132634177,1.0,0.6999516303904685,1.0880697206244507,2.7555555555555546,4.26722218605795,1.9287556037426237,2.986849126369641,9.244444444444444,5,0.0,0.0,0.0
3.0,-2.0,-5.0,-1.0,70.05592046916303,784.1834947538724,248.78008890718505,1.0,0.6876780249464629,1.1011014816837592,269.8181818181818,17.099127617783786,185.5480343673729,11.75869430850507,14.181818181818182,4,0.12439935535735458,-0.026372395538686533,0.08043774691138594
3.0,-2.0,-4.0,-6.0,39.324319674374976,779.3096926987398,250.5065369863894,1.0,0.6762788597051201,1.1151008867693206,32.48837209302325,7.4682308941234155,21.971199232745413,5.050606673092333,14.511627906976742,5,0.0,0.0,0.0
3.0,-2.0,-4.0,-5.0,43.32408162918648,760.2057912127118,252.1427985377914,1.0,0.6311574056878358,1.1690602928555736,286.1034482758621,17.508856260830566,180.57631017213706,11.050844294147042,12.89655172413793,5,0.0,0.0,0.0
3.0,-2.0,-4.0,-4.0,47.997921095545394,744.1766047688237,253.366088779478,1.0,0.5932592961886988,1.2195783449821824,407.6666666666667,20.50925716913291,241.85203974625955,12.167307473512814,8.333333333333334,4,0.0,0.0,0.0
3.0,-2.0,-4.0,-3.0,53.345061470361316,731.3710883296525,254.22203993431157,1.0,0.5630028450706938,1.2637691140696725,199.86363636363637,14.756239750364857,112.52379589890184,8.307804962000679,11.136363636363637,5,0.0,0.0,0.0
3.0,-2.0,-4.0,-2.0,59.31645056257577,721.9802476744934,254.7471648116206,1.0,0.5408444392666175,1.2984852759496872,7.566666666666666,5.022431165761739,4.092389590450739,2.7163539676015915,11.433333333333332,5,0.0,0.0,0.0
3.0,-2.0,-4.0,-1.0,65.80546091214768,716.1944142492,254.96858112456908,1.0,0.527208744472801,1.3207966785937773,585.0786516853932,24.849919419175237,308.45858137289537,13.101094817233651,20.921348314606742,5,0.0,0.0,0.0
3.0,-2.0,-4.0,0.0,72.65129401532579,714.1561040416748,254.90294436580166,1.0,0.5224038931359863,1.3285886629216719,65.07865168539327,9.233590008572412,33.99734100049026,4.823663368099774,12.921348314606742,5,0.0,0.0,0.0
3.0,-2.0,-3.0,-8.0,22.975509372585236,776.6065547303084,251.32172935257438,1.0,0.6699395758396021,1.1229378255858224,154.88636363636365,12.949989230666572,103.76450475788383,8.675710292320177,8.113636363636363,4,0.0,0.0,0.0
3.0,-2.0,-3.0,-7.0,25.615408473934338,750.3990534522645,253.57206502161517,1.0,0.6080064310017349,1.2002279104136022,13.157303370786519,4.798056985857969,7.999725064079008,2.9172495037144457,5.842696629213483,4,0.0,0.0,0.0
3.0,-2.0,-3.0,-6.0,29.019679325420356,726.7650412296325,255.3340082037912,1.0,0.552166838923886,1.2819483749173055,1424.0227272727273,38.337887874714944,786.2981278739528,21.168910358799728,28.977272727272727,4,0.01742281844633453,-0.14759481035918043,0.03325585380265039
3.0,-2.0,-3.0,-5.0,33.32292409450949,705.7745191754694,256.66899060785533,1.0,0.5027470683844452,1.3659227415274982,763.3370786516855,28.178832215461714,383.7654784812815,14.166825286820536,19.662921348314608,5,0.0684054262637801,-0.23367329168070228,0.01565459886397491
3.0,-2.0,-3.0,-4.0,38.65360580182795,687.6423361144657,257.6308607270207,1.0,0.4602893168771496,1.4484776846200529,223.86206896551724,15.80017911065113,103.04131879884328,7.272653649378217,16.137931034482754,5,0.0,0.0,0.0
3.0,-2.0,-3.0,-3.0,45.09943860888518,672.7227426916427,258.2684486275328,1.0,0.42556930857188396,1.5242159649355562,796.9,28.8361462982371,339.1361820009343,12.271778842018454,22.1,5,-0.03112972542510306,-0.2052041440334733,0.05884346492852899
3.0,-2.0,-3.0,-2.0,52.65388924884388,661.4771113522268,258.6261734206495,1.0,0.39955059707473084,1.5862855075846858,856.7078651685393,29.972682508501975,342.2981390467079,11.975603192203305,26.292134831460675,5,-0.08649083295824767,-0.22176603530101602,0.05911783209053567
3.0,-2.0,-3.0,-1.0,61.15850938831417,654.3947605149056,258.74191544865874,1.0,0.38323725144596704,1.6274752888334134,728.3255813953488,27.643856487732172,279.1214939717394,10.594155579725243,22.674418604651166,5,0.0,0.0,0.0
3.0,-2.0,-3.0,0.0,70.28031491408831,651.8656688656752,258.6421456554796,1.0,0.37742406002621964,1.6421047811673892,2.0,5.374962532169152,0.7548481200524393,2.0286401813800916,17.0,5,0.0,0.0,0.0
3.0,-2.0,-2.0,-9.0,9.61118681206139,769.4566065725387,252.33992798175592,1.0,0.6530803146024095,1.143185230457772,207.95454545454544,14.973353743034643,135.81101996845558,9.77880257315423,10.045454545454545,4,0.0,0.0,0.0
3.0,-2.0,-2.0,-8.0,10.989120332589494,739.39382367131,254.83358573785628,1.0,0.5820097654596483,1.2373235440254466,355.3636363636364,19.409995720872725,206.82510665288777,11.296807057077913,13.636363636363637,4,0.0,0.0,0.0
3.0,-2.0,-2.0,-7.0,13.05012181173987,711.4125580194819,256.79158865371187,1.0,0.516014103430368,1.3431104449763311,284.51063829787233,17.56612031921853,146.81150193767832,9.06436582727152,15.48936170212766,4,0.03184707966829592,-0.23337335626149525,0.04853257919497267
3.0,-2.0,-2.0,-6.0,16.00157385905331,685.4176886194792,258.27712968169294,1.0,0.45511377934958236,1.4607270187799537,826.6516853932585,29.35653824250466,376.2205727450278,13.360565068166842,22.348314606741575,4,-0.07507944466169647,-0.1683451842873751,0.0170696639296537
3.0,-2.0,-2.0,-5.0,20.12349297310675,661.4756151170344,259.3446783218301,1.0,0.39956191567322813,1.5887984211157562,23.045454545454547,6.959000355684228,9.208085965742121,2.7805515132878664,15.954545454545453,4,0.0,0.0,0.0
3.0,-2.0,-2.0,-4.0,25.77802815771099,639.863351201668,260.04555175022756,1.0,0.34997886552218216,1.7231009692256203,355.0898876404495,19.617240677565746,124.27395603480365,6.865619637010064,18.910112359550563,5,-0.1657375248308881,-0.21532499016586826,0.04789491007958091
3.0,-2.0,-2.0,-3.0,33.3826556028273,621.1422190464713,260.43385538331086,1.0,0.3075261490366055,1.8549656644515606,536.4285714285714,23.646699664510223,164.96581280463624,7.271978485252021,14.571428571428571,4,-0.34626526790600565,-0.10845943691589355,0.014942876147856055
3.0,-2.0,-2.0,-2.0,43.28201617055231,606.2270286942178,260.57174794964067,1.0,0.27406362471959866,1.9702646011211968,5755.386363636364,76.30342255356852,1577.3420484799321,20.911992563542164,42.61363636363636,5,-0.23564896979758032,-0.19751527264799051,-0.002379970518362029
3.0,-2.0,-2.0,-1.0,55.44444503935517,596.3448802846058,260.5292359964567,1.0,0.2520769888641525,2.0508842902807016,1772.2666666666667,42.45614731042425,446.74764479764195,10.70221777278463,19.73333333333333,4,-0.3526908423251598,-0.20495282748350974,0.012638328507584617
3.0,-2.0,-2.0,0.0,69.09507211348586,592.6989541086173,260.36972424989034,1.0,0.24400240601304207,2.0803638074663584,-0.011494252873562871,6.521031150958137,-0.002804625356471663,1.5911472905197825,27.011494252873565,4,0.0,0.0,0.0
3.0,-2.0,-1.0,-5.0,2.1682115612731536,630.4379445568596,260.6621573165198,1.0,0.328549878192526,1.7896876091866816,63.068965517241374,9.576920168860617,20.721300938418278,3.1464959549387013,17.931034482758616,5,0.0,0.0,0.0
3.0,-2.0,-1.0,-4.0,6.54820371765328,604.420453525185,261.1055195121164,1.0,0.27003778916599147,1.9886236731542255,5555.9534883720935,74.78730974045831,1500.3173967090781,20.195399779985582,24.046511627906977,4,-0.4237377475328685,-0.1753239278610863,-0.05270972947778496
3.0,-2.0,-1.0,-3.0,13.798202950209088,579.958558183404,261.1879263428551,1.0,0.21595988432782554,2.199570338141109,1224.965517241379,35.69083789477898,264.5434114090232,7.707789223319641,31.03448275862069,5,-0.5078337210791233,-0.20149299641389007,0.0027816530759459113
3.0,-2.0,-1.0,-2.0,25.913618986588716,558.0364250456292,260.9717695519648,1.0,0.1683058241184965,2.399521388244114,5155.952380952381,72.21695471807735,867.7768145919147,12.154534079154153,38.047619047619044,4,0.0,0.0,0.0
3.0,-2.0,-1.0,-1.0,45.64821935394241,541.1292365044515,260.5833467194961,1.0,0.13208694808707386,2.5496206647724313,629.3793103448277,26.37040643060135,83.1327922925956,3.483186505233879,41.620689655172406,5,-0.5842263211520731,-0.2835775409488974,0.09003590742894829
3.0,-2.0,-1.0,0.0,72.61253306803553,534.0039731676643,260.2539139410037,1.0,0.11696297018196151,2.6068775699345967,42108.325842696635,205.52047820410078,4925.114859951646,24.03828556396871,84.67415730337079,4,0.0,0.0,0.0
3.0,-1.0,-5.0,-2.0,62.654765542833815,785.4293991944884,316.4787359176524,1.0,0.6941950385998463,1.1508543056538727,140.10752688172045,12.961650881408247,97.26195003178493,8.99791373393693,17.892473118279568,5,0.0,0.0,0.0
3.0,-1.0,-5.0,-1.0,67.85633733100616,780.3786138382023,316.52281449008507,1.0,0.6821335337312247,1.166270390961812,218.82222222222225,15.631607738611763,149.26597570336378,10.6628438246396,16.177777777777777,4,0.0,0.0,0.0
3.0,-1.0,-4.0,-6.0,37.09524030301526,775.3224127441865,317.91135853337687,1.0,0.6700936839908546,1.183104518427764,69.8314606741573,9.178991343584286,46.79362074160855,6.150784124742558,9.168539325842696,4,0.0,0.0,0.0
3.0,-1.0,-4.0,-5.0,40.98097589878978,756.6275955005002,318.57224845802523,1.0,0.6254058251114711,1.2481081065664437,122.72727272727272,11.65711927330531,76.75435126368055,7.290430297544341,8.272727272727273,4,0.0,0.0,0.0
3.0,-1.0,-4.0,-4.0,45.544284213497235,740.9413618919332,319.0423092871083,1.0,0.5879297293782182,1.3101002507318402,43.57471264367816,7.9191231560262905,25.618869012331324,4.655887934035318,12.425287356321839,4,0.0,0.0,0.0
3.0,-1.0,-4.0,-3.0,50.791198345273244,728.4176818687371,319.341815227439,1.0,0.5580646381183976,1.365287901935606,313.8089887640449,18.381394044366328,175.125699752907,10.258006015480962,15.191011235955056,4,0.31120209692335266,-0.13072411694332686,0.113398719251812
3.0,-1.0,-4.0,-2.0,56.680717728908576,719.2491821308262,319.48699129401246,1.0,0.5362494111201348,1.4093010178540053,64.47058823529412,9.284432779740639,34.57231497574516,4.978771610720393,13.529411764705882,5,0.0,0.0,0.0
3.0,-1.0,-4.0,-1.0,63.11426956519526,713.625277640017,319.4897971425984,1.0,0.5228929366106764,1.4378883687067807,341.7,19.122499836579944,178.6725164398681,9.999020094886466,15.299999999999999,5,0.24633500226627802,-0.18419825197617,0.06520983620301735
3.0,-1.0,-4.0,0.0,69.93727657490456,711.6861151918646,319.3573503960822,1.0,0.5182905715314544,1.4478868820059023,16.88372093023256,6.386590196880339,8.750673370507812,3.310109483278295,15.11627906976744,4,0.0,0.0,0.0
3.0,-1.0,-3.0,-8.0,20.718465008754663,772.55454753615,318.5493562832944,1.0,0.6634952764946082,1.1925210888357227,91.72340425531915,10.599268832030502,60.8580454674097,7.03256480434876,13.276595744680852,5,0.0,0.0,0.0
3.0,-1.0,-3.0,-7.0,23.192367637843176,746.8726831618399,319.4940195175562,1.0,0.6021083551447423,1.2863059156828773,348.11764705882354,19.3220744371207,209.60454386744615,11.633982457319018,15.882352941176471,5,0.0,0.0,0.0
3.0,-1.0,-3.0,-6.0,26.41259148575074,723.6962209161958,320.21444000211426,1.0,0.5468390844752661,1.3884256638297687,134.3820224719101,12.669753797139919,73.48534213847395,6.9283165669550195,16.617977528089888,4,0.0,0.0,0.0
3.0,-1.0,-3.0,-5.0,30.516528151612135,703.1068500231559,320.73787936820094,1.0,0.4979938361697126,1.496921570871133,75.53333333333333,9.750099714589817,37.61513442535229,4.855489559905803,12.466666666666667,4,0.0,0.0,0.0
3.0,-1.0,-3.0,-4.0,35.63970141374449,685.3262692668812,321.08844967566154,1.0,0.4560962543057647,1.6075446001688765,244.52808988764045,16.397131639998562,111.52834587029615,7.478670322361886,15.471910112359552,4,0.0,0.0,0.0
3.0,-1.0,-3.0,-3.0,41.883161787502445,670.7106289965313,321.2882226923475,1.0,0.4219019075244814,1.7129114646961663,1422.38202247191,38.059462178020084,600.1056885094287,16.057359692262526,16.617977528089888,4,-0.0010188235065697882,-0.07644970923308847,0.014795268991200317
3.0,-1.0,-3.0,-2.0,49.26097262494156,659.7180026826265,321.35742473632735,1.0,0.39635028746055456,1.8023275932625495,172.1627906976744,14.4865055350706,68.23677158303454,5.741730633124147,23.83720930232558,5,0.0,0.0,0.0
3.0,-1.0,-3.0,-1.0,57.640181702318216,652.8297117582216,321.31333643322523,1.0,0.38041741001972534,1.8632899305888628,1281.0344827586207,36.38416375534803,487.32782007699296,13.84116934154306,26.965517241379306,5,-0.023664518608597973,-0.15462840818247514,0.04467885545071937
3.0,-1.0,-3.0,0.0,66.71074180966548,650.4253605641675,321.16789853405464,1.0,0.3748701385284564,1.885179538932876,872.1363636363636,30.158893950168675,326.9378794520679,11.305668752964758,23.863636363636363,5,-0.04650593861674679,-0.15194540972294135,0.043684861563306754
3.0,-1.0,-2.0,-9.0,7.296003420417065,765.4736396011157,319.17355367144796,1.0,0.6465786990766206,1.2168595929723258,545.5,23.77703984870577,352.70868034629655,15.373727493269143,12.5,5,0.0,0.0,0.0
3.0,-1.0,-2.0,-8.0,8.46553363713474,735.9875000080316,320.2296737838701,1.0,0.5761306794372467,1.3322950909293005,8.011111111111111,4.183031566510078,4.6154468874917205,2.4099728185209015,5.988888888888889,4,0.0,0.0,0.0
3.0,-1.0,-2.0,-7.0,10.27768008578414,708.5163860492554,321.0402943306551,1.0,0.5108034405198899,1.467128023801155,281.09090909090907,17.49397771229708,143.58220346249996,8.935984003819621,15.90909090909091,4,0.14401836778176857,-0.021005645727541378,0.07320905805638844
3.0,-1.0,-2.0,-6.0,12.931467498259138,682.982305645141,321.6332037455082,1.0,0.4506020754133986,1.624450036922371,55.5,8.666156744905594,25.00841518544362,3.9049882151122834,12.5,4,0.0,0.0,0.0
3.0,-1.0,-2.0,-5.0,16.698966327744188,659.4649887192538,322.0325898984416,1.0,0.3957693282855114,1.8063082147775935,1481.8636363636363,39.02371338829213,586.4761759743617,15.444388834890695,26.136363636363633,5,-0.10956033145532729,-0.06765441616539647,0.02783448305326175
3.0,-1.0,-2.0,-4.0,21.938998610406372,638.2508895478159,322.26158476533743,1.0,0.3469165234026158,2.011337295993989,683.9310344827586,26.79880558858976,237.26697672991315,9.29694846613615,22.06896551724138,4,-0.1799633574037216,-0.12862510595556387,-0.00650918735535555
3.0,-1.0,-2.0,-3.0,29.08031328793996,619.9049232025932,322.345011291215,1.0,0.30519116277753816,2.230201773538641,2419.744186046512,49.56330116190791,738.4845417637226,15.126281512695982,23.255813953488374,4,-0.2398611396168917,-0.08948252064584494,0.05109327321715185
3.0,-1.0,-2.0,-2.0,38.51166000784724,605.3347114030296,322.31178389562075,1.0,0.2724226027553116,2.439156689964365,1502.712643678161,39.35092346690872,409.3728895841198,10.720080991680343,29.28735632183908,4,-0.2702994216890602,-0.11005298474429992,0.02046618905921349
3.0,-1.0,-2.0,-1.0,50.29600983248656,595.7425129866996,322.1946284926818,1.0,0.25103488394717055,2.5969705518993744,379.5862068965517,20.798735441300124,95.28937939622253,5.2212081377546795,33.41379310344828,5,-0.3344797587768653,-0.13987793809639015,-0.005867292249632783
3.0,-1.0,-2.0,0.0,63.78348058128287,592.2898147688242,322.0230164432544,1.0,0.24337282737800023,2.6571773258433438,24.500000000000007,7.8954980139880275,5.962634270761007,1.9215496752216519,24.5,5,0.0,0.0,0.0
3.0,-1.0,-1.0,-4.0,1.6334373945437335,603.3124088233369,322.79574533986715,1.0,0.2679025307766341,2.4746470880508933,824.2045454545454,29.670495891479145,220.80648360487808,7.948800938724988,35.79545454545455,5,-0.33599888738945083,-0.13975408850018312,0.06086818270982075
3.0,-1.0,-1.0,-3.0,7.761572465290101,579.3679859947003,322.73508665462373,1.0,0.21487458686554894,2.9214540375599074,7273.720930232558,85.66796051714502,1562.9377798590174,18.407867623735694,41.27906976744186,5,0.0,0.0,0.0
3.0,-1.0,-1.0,-2.0,18.30500935327609,558.0416904529477,322.5361010370998,1.0,0.1684476422595868,3.4462019384512406,982.1304347826087,32.584541779024,165.43755613051331,5.488789236785595,50.869565217391305,5,-0.5228735473656343,-0.13040781192665918,-0.013782550297982255
3.0,-1.0,-1.0,-1.0,36.118835292237634,541.8062764418266,322.2594788496461,1.0,0.1336161948363386,3.9405292022423946,1505.5340909090908,39.6760692362704,201.16373642365897,5.301365397413566,43.465909090909086,4,-0.556436239180016,-0.09783494917024882,0.02979991999692544
3.0,-1.0,-1.0,0.0,61.92671455367156,535.1964597839232,322.0123892875839,1.0,0.11956238001334572,4.160727614932717,938.0112359550562,31.573963359499096,112.15085585004654,3.775058205715885,37.98876404494382,4,0.0,0.0,0.0
3.0,0.0,-5.0,-2.0,62.00125642591382,784.0013200294704,381.01702891260913,1.0,0.6918521644397436,1.1744924007095154,123.79310344827587,11.70748614634351,85.64652656340276,8.09984963049607,8.206896551724137,4,0.41735782992088843,-0.057637517016303264,0.11957253526141187
3.0,0.0,-5.0,-1.0,67.19348635854453,779.0340245248187,380.8108528269746,1.0,0.6799460585506274,1.190852017289929,57.19318181818182,8.782429573579059,38.88827855324213,5.971578373053548,12.80681818181818,5,0.0,0.0,0.0
3.0,0.0,-5.0,0.0,72.65338775770232,777.3669139656942,380.60518651206297,1.0,0.6759488098409449,1.196478839219212,1.2359550561797754,3.9226056385496317,0.8354423492416173,2.6514806128530033,8.764044943820224,5,0.0,0.0,0.0
3.0,0.0,-4.0,-6.0,36.41960993881699,773.7411000581433,381.92234951244143,1.0,0.6672533203434268,1.2089606381596036,193.04545454545453,14.335955779060338,128.81022052266061,9.565714093874549,7.954545454545455,4,0.03742495319124828,-0.019296769506581768,-0.0033714621659441946
3.0,0.0,-4.0,-5.0,40.27292434060428,755.202327251322,381.7075915312554,1.0,0.6227830058969811,1.2785289581791328,30.966292134831463,7.063690270484951,19.285280497214384,4.399146259377877,12.033707865168537,5,0.0,0.0,0.0
3.0,0.0,-4.0,-4.0,44.804877220547866,739.6537863125104,381.4998941775862,1.0,0.5855240320764058,1.345358104109604,67.54545454545455,9.102315571343953,39.54948689388814,5.329624514565165,9.454545454545455,5,0.0,0.0,0.0
3.0,0.0,-4.0,-3.0,50.02326615283383,727.251593142035,381.29727712211917,1.0,0.5558708079814276,1.4052667779512535,0.7727272727272729,4.387350336502274,0.4295365334401942,2.4387999764491073,11.227272727272727,4,0.0,0.0,0.0
3.0,0.0,-4.0,-2.0,55.88913572285145,718.1890801538518,381.0980472914646,1.0,0.5342571258712124,1.4533281895264782,63.20454545454545,8.951747370862044,33.76747879654186,4.782534821881939,10.795454545454547,4,0.0,0.0,0.0
3.0,0.0,-4.0,-1.0,62.30594220983838,712.6550362660192,380.9007300319368,1.0,0.5210862998703089,1.4846633585994249,821.8089887640449,29.135048119241045,428.23340515521636,15.181874420998717,17.191011235955056,5,0.0,0.0,0.0
3.0,0.0,-4.0,0.0,69.12069735066444,710.7879360111561,380.70399529932075,1.0,0.5166478848166937,1.495598549024015,1119.2197802197802,34.050671873571915,578.2425320955542,17.592207600068214,25.78021978021978,5,0.2926047451389877,-0.011927895679832545,0.09293696202320234
3.0,0.0,-3.0,-8.0,20.024649241845168,770.877240944282,382.41384881821006,1.0,0.6603837372163077,1.2190606905668857,122.22727272727272,12.057926647700354,80.71690315339325,7.962858662688465,14.772727272727272,4,0.0,0.0,0.0
3.0,0.0,-3.0,-7.0,22.450112409079452,745.3796257179009,382.1874078977867,1.0,0.5992364705343681,1.3197425160803478,519.5168539325842,23.2502645396019,311.31344593368067,13.932406461701419,13.48314606741573,4,0.0,0.0,0.0
3.0,0.0,-3.0,-6.0,25.617165412281025,722.3669897222442,381.9719829452881,1.0,0.5442145929170116,1.4306808424762987,106.07865168539327,11.236511222190288,57.72955024415176,6.11507338059172,12.921348314606739,4,0.0,0.0,0.0
3.0,0.0,-3.0,-5.0,29.664121685779207,701.9260707710868,381.76497634139804,1.0,0.49562097056179255,1.5501890018409192,489.5280898876404,22.86529276944967,242.62038702737277,11.332518594574184,21.47191011235955,5,0.1268452475757158,0.06519473169686307,0.07516680566713774
3.0,0.0,-3.0,-4.0,34.72855808325181,684.2823371090924,381.56419974868743,1.0,0.45397670264342943,1.6739563994816258,1536.9655172413793,39.68739320676223,697.7465375938943,18.017151904519157,24.03448275862069,5,0.0,0.0,0.0
3.0,0.0,-3.0,-3.0,40.91515499142699,669.7942295477164,381.36781225235154,1.0,0.4200344848841015,1.7938108054794721,165.51685393258427,13.659238674299147,69.5227864812101,5.737351280468239,13.48314606741573,4,0.0,0.0,0.0
3.0,0.0,-3.0,-2.0,48.243333997174034,658.9201126053383,381.17428268795976,1.0,0.3947289719145711,1.8971409006633557,6.954545454545454,6.177513541362658,2.7451605774058807,2.4384435691704236,20.045454545454547,5,0.0,0.0,0.0
3.0,0.0,-3.0,-1.0,56.586578951871104,652.1390274456865,380.9823548472905,1.0,0.3790278743597076,1.9684558981997282,90.85057471264368,10.990236962649062,34.43490021769114,4.165606154662363,19.149425287356323,4,0.0,0.0,0.0
3.0,0.0,-3.0,0.0,65.64058236965863,649.8257767476659,380.7909866755091,1.0,0.3736862157284012,1.9941313986986866,-1.0344827586206904,6.090088632208644,-0.3865719473052429,2.2757821744206033,24.03448275862069,4,0.0,0.0,0.0
3.0,0.0,-2.0,-9.0,6.572964737906034,763.7737002913959,382.6935185407322,1.0,0.6433425251700038,1.2451015383933546,432.8314606741573,21.470978172262637,278.4588848831336,13.813193315213477,18.168539325842694,5,0.29335568927251643,0.05950199893749186,0.08068004662880224
3.0,0.0,-2.0,-8.0,7.679345097234062,734.4803681405955,382.46021609132873,1.0,0.5731452163879369,1.3695609248203409,0.2210526315789476,4.805156510028843,0.12669525835943882,2.754052467718385,14.77894736842105,5,0.0,0.0,0.0
3.0,0.0,-2.0,-7.0,9.416791246019613,707.1796375178787,382.2401968282512,1.0,0.5080781407302841,1.5172622471599382,546.2441860465117,24.068832135518466,277.53473043123904,12.228847480963536,20.75581395348837,4,0.13789169748019958,0.018534390446575344,0.01002010623414229
3.0,0.0,-2.0,-6.0,11.982232462816995,681.7998534367291,382.03049038089085,1.0,0.44814346784113696,1.6931967679670565,6164.379310344827,78.89428348560054,2762.526321226087,35.35595779407877,38.62068965517242,4,0.06856464034956389,0.04156560711169277,0.02780258919566947
3.0,0.0,-2.0,-5.0,15.6459659887351,658.4264334397376,381.8285682073505,1.0,0.39358375061134604,1.902126281053843,373.66666666666663,20.628100215931628,147.06912814510628,8.118885050973088,33.33333333333333,5,-0.07134064733361356,-0.007085686849791273,0.02370384294379768
3.0,0.0,-2.0,-4.0,20.766597411960902,637.3512690633062,381.63225433660284,1.0,0.3450125356577037,2.146021263714448,191.70114942528735,15.287866208764049,66.13929965171474,5.274505485481409,26.298850574712645,5,0.0,0.0,0.0
3.0,0.0,-2.0,-3.0,27.776878842764575,619.1443927722275,381.4396852255255,1.0,0.3035810351463323,2.4179212763192077,3397.954545454545,58.95745419333062,1031.5545582892757,17.89836497360378,49.04545454545455,5,-0.1912491572994668,-0.005897092718953445,0.013295709668540212
3.0,0.0,-2.0,-2.0,37.07818500573583,604.7168481167886,381.2493243943539,1.0,0.2711205104395276,2.690716208219208,9479.882352941177,97.72385357267399,2570.190542436082,26.494941062741027,44.11764705882353,4,-0.19804689873808456,-0.02761702086615969,0.05508419452184654
3.0,0.0,-2.0,-1.0,48.75827641763081,595.2687668176026,381.0600237028746,1.0,0.25004704762066643,2.9066563790529565,248.34482758620692,17.414419016860936,62.097890929794474,4.354424061195266,35.6551724137931,5,-0.2314781336260694,0.036312137940740286,0.06334859248000413
3.0,0.0,-2.0,0.0,62.198392063747576,591.94917972195,380.87105826955764,1.0,0.24267796890160764,2.99119709804803,213.05617977528092,16.83001298885115,51.70404096980095,4.084273368722072,44.9438202247191,5,-0.3368764315351882,-0.06705254709697783,0.05160793625242377
3.0,0.0,-1.0,-4.0,0.09477731086110452,602.4644255432204,381.7048092082948,1.0,0.26608324301406033,2.739121849640682,8937.68131868132,94.9454587649125,2378.1672303009086,25.26339557762566,49.31868131868132,4,-0.2658468325270178,-0.0130690826434261,0.05044826098259425
3.0,0.0,-1.0,-3.0,5.89060225162865,578.6608523819283,381.51454667376555,1.0,0.21336427726396853,3.386393535934113,599.6976744186047,25.572313398426097,127.95406087920831,5.456218166222883,34.30232558139535,4,-0.37622262956335817,-0.03135694068129169,-0.012085049724690933
3.0,0.0,-1.0,-2.0,15.98421919740369,557.5001786780304,381.32581294345647,1.0,0.1673007580654142,4.2920425274288965,48115.13953488372,219.76040717177165,8049.699318609227,36.76608271260148,111.86046511627907,4,0.0,0.0,0.0
3.0,0.0,-1.0,-1.0,33.275211956541085,541.4815512933098,381.13716203834036,1.0,0.13293663214945484,5.381432416438416,3202.8735632183907,57.43311377421181,425.7792246947769,7.634964719000183,62.12643678160919,5,-0.5079527318605415,-0.05104506086530591,0.002828018138629318
3.0,0.0,-1.0,0.0,58.780805918700366,535.1310716190161,380.94801208052894,1.0,0.1194335926169462,5.98239419609606,-5.545454545454545,10.323286682732602,-0.6623135590576107,1.2329472161334316,72.54545454545453,5,0.0,0.0,0.0
3.0,1.0,-5.0,-2.0,62.845271916772504,785.2789121348264,445.54725067570666,1.0,0.6938365661771471,1.1513190084225295,135.32558139534885,12.35246475865628,93.89383671127486,8.570591731970294,10.674418604651162,5,0.0,0.0,0.0
3.0,1.0,-5.0,-1.0,68.04689614958019,780.3320269556222,445.086251909741,1.0,0.6820364958082646,1.1666792266202548,246.89655172413794,16.11861223732142,168.392458965075,10.993481807634913,8.10344827586207,4,0.5581480605831075,-0.05958277370990572,0.07795337352379761
3.0,1.0,-4.0,-6.0,37.28124827270767,774.7358870640102,445.94768757584603,1.0,0.6686358384039683,1.1838520697267405,75.74444444444444,9.488895394221032,50.64545011555391,6.344615527442533,9.255555555555556,5,0.0,0.0,0.0
3.0,1.0,-4.0,-5.0,41.182477157267556,756.129109554259,444.8529910265814,1.0,0.6241780858914896,1.2488941083811187,100.60465116279069,10.896166110669542,62.795218594571715,6.801148106513431,11.395348837209303,5,0.0,0.0,0.0
3.0,1.0,-4.0,-4.0,45.760713557550986,740.5392719453077,443.9632071481245,1.0,0.5869484009917357,1.31090325846104,37.3448275862069,7.784019728849619,21.9194868370362,4.568817933136408,14.655172413793101,5,0.0,0.0,0.0
3.0,1.0,-4.0,-3.0,51.02049146639649,728.1212416417294,443.25402698550846,1.0,0.5573478060307175,1.3660767097787683,313.82022471910113,18.290775147544817,174.90701373525778,10.194323399085278,13.179775280898875,4,0.0,0.0,0.0
3.0,1.0,-4.0,-2.0,56.91897230114105,719.0672399584159,442.70580274111234,1.0,0.5358144550777258,1.410036590332958,82.15384615384615,9.715827036988648,44.019218309462396,5.205880569453508,7.846153846153847,4,0.0,0.0,0.0
3.0,1.0,-4.0,-1.0,63.355769859626804,713.5646578984606,442.30363083972384,1.0,0.5227533492944129,1.438529416680752,359.96629213483146,19.465243903875024,188.17358484657422,10.175521445583321,12.03370786516854,4,0.3466775563840656,0.05837947521087017,0.027446424802029412
3.0,1.0,-4.0,0.0,70.17506683307744,711.7500823219012,442.0377766837,1.0,0.5184529076303585,1.4483982694527995,3.299999999999999,5.099346363342398,1.7108945951801824,2.6437709490891605,14.7,5,0.0,0.0,0.0
3.0,1.0,-3.0,-8.0,20.87980003146197,771.7403090072526,446.3055408180363,1.0,0.6614641488496114,1.1933751803857733,71.24719101123596,9.637469747210254,47.12746256017287,6.3748407234023095,13.752808988764045,4,0.0,0.0,0.0
3.0,1.0,-3.0,-7.0,23.37340862379469,746.1242504642958,444.90385674063236,1.0,0.6002646023423078,1.28727748682555,357.2272727272727,19.503681576597845,214.4308868094635,11.707369665787501,14.772727272727272,4,0.284354186866949,0.07823628262337934,0.06914951574019668
3.0,1.0,-3.0,-6.0,26.616838341289935,723.0202222786288,443.7485773614555,1.0,0.5451951640998267,1.3895213432461697,150.02222222222224,12.98157288497435,81.79139006306512,7.077490759297452,11.977777777777778,4,0.0,0.0,0.0
3.0,1.0,-3.0,-5.0,30.74731852150626,702.5138152810988,442.8070837380677,1.0,0.49656984479834565,1.4981365763458903,69.13953488372093,9.7878800563675,34.33260810663911,4.860366080495233,16.860465116279066,5,0.0,0.0,0.0
3.0,1.0,-3.0,-4.0,35.89930490950263,684.8307959792644,442.05073472051606,1.0,0.45492051979113796,1.6088534783235078,291.13483146067415,17.725241716684987,132.44320885739523,8.063576175177896,14.865168539325843,4,0.22274743523678353,0.1464551028247456,0.05439879420107019
3.0,1.0,-3.0,-3.0,42.17126131614546,670.3307759617725,441.45364798307764,1.0,0.4210099255675597,1.7142578979508358,1357.6808510638298,37.45956625038279,571.597114050884,15.77084919886673,29.319148936170215,5,0.11398914529411286,0.09192165440720146,0.05101573636001433
3.0,1.0,-3.0,-2.0,49.572745653835455,659.4731940270768,440.99246170320646,1.0,0.3957805732326447,1.8036198752052044,177.27272727272728,14.143304346977748,70.1611016185143,5.597645101850609,14.727272727272728,4,0.04847834802649231,0.026789507375838184,0.06233761060295251
3.0,1.0,-3.0,-1.0,57.96497071652081,652.736743234383,440.64740727633773,1.0,0.3802034554459003,1.8644126235167295,1271.142857142857,36.12823836745049,483.2929066510887,13.736081066477828,21.857142857142858,4,0.05451151846875746,0.030217760222740253,-0.011256180106649083
3.0,1.0,-3.0,0.0,67.03292734301593,650.4933808087738,440.404603795469,1.0,0.3750302625910597,1.8860262359840565,882.8709677419356,30.236649000310038,331.1033308662811,11.339658414459976,20.129032258064516,4,-0.006467378353022468,0.021144586408126997,-0.03643664722304152
3.0,1.0,-2.0,-9.0,7.428955041155007,764.527293466023,446.2488927725904,1.0,0.6442203850271334,1.2177761255242576,472.5581395348837,22.363823835594086,304.4315865988686,14.407231202045406,17.441860465116278,4,0.36227924366573916,0.18455192584451652,0.0936843117551387
3.0,1.0,-2.0,-8.0,8.61679291440447,735.0876861757886,444.72218628275647,1.0,0.5739227637302825,1.3333865871477062,15.06666666666667,5.243620462576936,8.647102973536258,3.0094331478348173,7.933333333333333,4,0.0,0.0,0.0
3.0,1.0,-2.0,-7.0,10.452779100220084,707.6648913142619,443.4678694859972,1.0,0.5087482150844935,1.4684368035187936,275.65517241379314,17.093557886857212,140.23907694432557,8.696317064382074,10.344827586206895,4,0.15234494131027532,0.1178660266328393,0.09380336634752418
3.0,1.0,-2.0,-6.0,13.137835976429727,682.1850128782143,442.45203305680144,1.0,0.4487097700948912,1.6260246191693375,53.79069767441861,8.549762077662766,24.136411586732173,3.8363617762340794,12.209302325581396,4,0.0,0.0,0.0
3.0,1.0,-2.0,-5.0,16.94632403438436,658.7335289672038,441.64523085255587,1.0,0.39406177102512796,1.8081952660361682,1468.511111111111,38.69990270189064,578.6840892145228,15.25015219720716,18.48888888888889,4,0.04392282446599438,0.1142917031752404,0.027904256194641874
3.0,1.0,-2.0,-4.0,22.23910811962898,637.6050640042715,441.0197335075766,1.0,0.3454322593591116,2.0135589904228492,686.7613636363636,27.014552150508845,237.2295294814535,9.331697784924817,27.238636363636363,5,0.0,0.0,0.0
3.0,1.0,-2.0,-3.0,29.444594889781513,619.3754304720294,440.54669039852877,1.0,0.3039911165250117,2.232707271463335,2382.0813953488373,49.46984621113751,724.1315830255509,15.038393784044311,40.91860465116279,4,-0.08482091683993076,0.06904271514508764,0.022343855163818205
3.0,1.0,-2.0,-2.0,38.94396588471642,604.9638251914128,440.1938038092031,1.0,0.2715915208207154,2.441749604300436,1515.6179775280898,39.61946564279965,411.6289915000708,10.760310928032041,34.38202247191011,4,-0.08540985893637298,0.036475494291153154,-0.028948939525349715
3.0,1.0,-2.0,-1.0,50.779749550260505,595.5769899406355,439.9259119075805,1.0,0.2506669655142047,2.599273173903249,370.06896551724134,20.73160498140541,92.76406461718774,5.1967285109280645,37.931034482758626,5,0.0,0.0,0.0
3.0,1.0,-2.0,0.0,64.27399814309896,592.3612722185607,439.71241713381056,1.0,0.24353190925116208,2.6587583380142608,-9.093023255813954,8.08576926974872,-2.21444131435359,1.9691428280262804,47.093023255813954,5,0.0,0.0,0.0
3.0,1.0,-1.0,-4.0,1.914155299066465,602.46016946686,440.6379006551726,1.0,0.2659951202210672,2.478147490971664,809.6179775280899,29.287391383128195,215.35443126572156,7.790303191916632,30.382022471910112,4,0.0,0.0,0.0
3.0,1.0,-1.0,-3.0,8.159542516443167,578.5865721666069,440.31465758267365,1.0,0.21315839981970489,2.9260376036888345,7414.9534883720935,86.44048400027773,1580.559620318934,18.425515249140005,36.04651162790698,5,-0.2748811125835573,0.04633928352302519,0.01013757646714275
3.0,1.0,-1.0,-2.0,18.90051635906667,557.3958525866007,440.13136591469726,1.0,0.1670530330050867,3.4517938296546467,905.6067415730337,30.99812660547178,151.28435288962902,5.178331066919733,35.39325842696629,4,0.0,0.0,0.0
3.0,1.0,-1.0,-1.0,36.99028584012365,541.4325762433906,440.02271959405425,1.0,0.1328195548303457,3.9459982794426987,1504.3522727272727,39.44579756131106,199.80739917165516,5.2391732720212705,33.64772727272727,4,-0.3721818651255262,0.03284323394967714,-0.003212617146417074
3.0,1.0,-1.0,0.0,62.92028154471154,535.2713155957248,439.8794170010843,1.0,0.11972119830057025,4.163763176613001,840.8620689655172,30.15546321896017,100.66901450204847,3.610248191882683,44.13793103448276,5,-0.4073076853753719,0.08421736498922883,-0.07726901999169655
3.0,2.0,-5.0,-2.0,65.20790175770011,789.0841628997849,513.5394634081898,1.0,0.6992308507446051,1.0888555381077516,14.918604651162791,5.565833440996514,10.431548622154981,3.891802452050765,10.081395348837209,5,0.0,0.0,0.0
3.0,2.0,-5.0,-1.0,70.43708464277267,784.0916948658704,512.7883710696142,1.0,0.6874957693864835,1.1017898832778312,271.5287356321839,16.83133476871178,186.67485701398735,11.571471446616975,7.47126436781609,4,0.0,0.0,0.0
3.0,2.0,-4.0,-6.0,39.70551642824964,778.0994057158196,513.3975645973914,1.0,0.6732892062375991,1.1163536357316677,49.51136363636363,8.508632284163387,33.335466722468404,5.728770276771977,14.488636363636363,5,0.0,0.0,0.0
3.0,2.0,-4.0,-5.0,43.735799375027426,759.1782950657773,511.3139520213896,1.0,0.6286410413126948,1.1703530515611653,302.4725274725275,17.81402740862932,190.14664463881238,11.198628740133623,9.527472527472527,4,0.6326243034579875,0.35861566679852785,0.12056777760572146
3.0,2.0,-4.0,-4.0,48.43850142646801,743.3489696002509,509.65725634155876,1.0,0.5912503050648453,1.2208748021502178,398.3720930232558,20.414710652688438,235.53762152932092,12.070203901212587,11.627906976744187,4,0.33815536027123017,0.07355742831180123,0.06194598904942694
3.0,2.0,-4.0,-3.0,53.8097293509573,730.7622960473952,508.37757366723235,1.0,0.561538920466651,1.2650211028836098,194.54022988505747,14.894081496619929,109.24191067698929,8.363606444954277,17.45977011494253,5,0.0,0.0,0.0
3.0,2.0,-4.0,-2.0,59.79672098582515,721.6084838057666,507.4348528789432,1.0,0.5399617423685247,1.2996365869516242,6.4831460674157295,4.810891674334818,3.500650846591446,2.5976974508200574,10.516853932584269,5,0.0,0.0,0.0
3.0,2.0,-4.0,-1.0,66.28933334638282,716.0737046187695,506.7990533611876,1.0,0.5269353114079074,1.3217908303523063,660.943820224719,26.31525920568216,348.2746377332443,13.866439304325931,20.0561797752809,5,0.25967941164867625,0.11611013691117478,0.012332052856720566
3.0,2.0,-4.0,0.0,73.12456327925202,714.2931240482453,506.45104633151976,1.0,0.5227533076052141,1.3293791690071304,38.206896551724135,7.221812645276258,19.97278154574404,3.7752264472233246,8.793103448275861,4,0.0,0.0,0.0
3.0,2.0,-3.0,-8.0,23.31152292672232,774.9240876878804,513.6190787861733,1.0,0.6657649740581665,1.1243652872956487,148.6206896551724,12.796581923230704,98.94644959278267,8.519516032152891,9.379310344827585,5,0.0,0.0,0.0
3.0,2.0,-3.0,-7.0,25.99195331905068,748.8536580370748,510.89868890024377,1.0,0.6042162254935164,1.201807804563531,15.640449438202248,5.491175737805309,9.45021332457275,3.317857477818299,9.359550561797752,4,0.0,0.0,0.0
3.0,2.0,-3.0,-6.0,29.443575410380845,725.3701037878691,508.6892557496383,1.0,0.5487872390923855,1.283674689438593,1457.6333333333334,38.675674238179454,799.9305726090308,21.224716485207,24.366666666666664,4,0.3291636812228944,0.1774862578776606,0.04266580741774817
3.0,2.0,-3.0,-5.0,33.800375970135576,704.5515768288459,506.92346752323283,1.0,0.4998200119198576,1.3677704843812846,806.5057471264369,28.71595188142073,403.1077121421693,14.352807411661766,11.494252873563218,5,0.2840948990033212,0.19261934972502104,0.043223876106971204
3.0,2.0,-3.0,-4.0,39.188230744239235,686.6214266334466,505.5424537603112,1.0,0.45787375809159353,1.4503941750393432,198.22471910112358,14.940449057952579,90.76189708148193,6.840839557740756,15.775280898876403,5,0.0,0.0,0.0
3.0,2.0,-3.0,-3.0,45.6891014237043,671.9411594795896,504.49315651489803,1.0,0.4237390713136044,1.5261146312928306,799.8023255813953,28.76106084406744,338.9074946763215,12.187185212059209,17.197674418604652,5,0.0,0.0,0.0
3.0,2.0,-3.0,-2.0,53.286934344301784,660.9750588333532,503.7277840526924,1.0,0.39838579526175555,1.5880486478128901,910.6516853932584,30.724476157818,362.79069589185127,12.240194868133171,21.348314606741575,5,0.20496851473671995,0.18423201431050984,0.018659194711972305
3.0,2.0,-3.0,-1.0,61.81157420212398,654.2070376088271,503.2060502263755,1.0,0.38280755075628525,1.62897221150839,708.9090909090909,27.218962155571734,271.37575279977386,10.419624236902434,20.090909090909093,5,0.19339299029047652,0.1611019718064881,0.006364769754178212
3.0,2.0,-3.0,0.0,70.92092207400415,652.01119009536,502.90001872628955,1.0,0.37776749010943017,1.6432243581267238,2.430232558139535,4.67648629497225,0.918062853870592,1.7666244901828152,12.569767441860465,4,0.0,0.0,0.0
3.0,2.0,-2.0,-9.0,9.893526344072342,767.500031880043,513.194582743593,1.0,0.6482273962832047,1.1447064154030002,234.52941176470586,15.654023217900706,152.02838994006686,10.147366711896607,6.470588235294118,4,0.38917988893638267,0.2672770457277238,0.09167162178308885
3.0,2.0,-2.0,-8.0,11.310675336751444,737.5344973846397,510.217827206213,1.0,0.5774644172459128,1.239073745485832,273.3793103448276,16.946941829218854,157.86682413536542,9.786255887510249,8.620689655172415,4,0.2174176571429598,0.4064764149569555,0.17052243483630036
3.0,2.0,-2.0,-7.0,13.42251752942019,709.6537357554648,507.8046502645965,1.0,0.5117813971443681,1.3451205602778857,305.6666666666667,18.066748667300583,156.43451372712852,9.246225874807243,13.333333333333332,4,0.0,0.0,0.0
3.0,2.0,-2.0,-6.0,16.440235547985708,683.7711441066199,505.88515851029234,1.0,0.4512150388602978,1.4630188018444175,821.816091954023,28.921777913537934,370.8157798670526,13.04994114516592,9.183908045977011,4,0.2579395029221132,0.2226562509232508,0.053940727631676566
3.0,2.0,-2.0,-5.0,20.648207142031083,659.9650646470368,504.39897474086405,1.0,0.39604236567972784,1.5913689195269878,31.147727272727273,6.834459735489928,12.335819594637886,2.7067356017862783,9.852272727272727,4,0.0,0.0,0.0
3.0,2.0,-2.0,-4.0,26.411879552333374,638.5295254432408,503.28938709319925,1.0,0.346918388997373,1.7258969148273235,331.8089887640449,18.86466662876039,115.1106398368699,6.5444997558220575,15.191011235955056,4,0.041450938546518046,0.11960974147331171,0.05117133639318894
3.0,2.0,-2.0,-3.0,34.14607159284546,620.0486642489745,502.49727731435763,1.0,0.305051348682632,1.8578508926020796,472.3953488372093,22.401264644050464,144.10483827419313,6.833535991864155,18.6046511627907,4,0.0,0.0,0.0
3.0,2.0,-2.0,-2.0,44.17662715976144,605.4617564294989,501.956073865686,1.0,0.27235131930917056,1.9729991397213495,5738.790697674419,76.3162699987522,1562.9672177508232,20.784836818915036,53.2093023255814,5,0.052820003153101425,0.14644218672219722,-0.006437946603632838
3.0,2.0,-2.0,-1.0,56.42715197357316,596.0057381051698,501.5928573113994,1.0,0.25132457428515625,2.0531532039483755,1873.7752808988764,43.814914688355096,470.9257747779592,11.011764781391284,29.224719101123597,5,-0.09500688866842211,0.14384476479881414,-0.08720595859666247
3.0,2.0,-2.0,0.0,70.06812016103709,592.8522676235814,501.34416246493834,1.0,0.24434394251245048,2.0818815883065005,12.747252747252748,6.173223025799809,3.114713992466402,1.5083896521325642,16.252747252747252,4,0.0,0.0,0.0
3.0,2.0,-1.0,-6.0,-0.09437855704226195,655.7664684343841,504.5009678607436,1.0,0.3863694647716108,1.6149732832280221,759.4333333333334,28.052708326370993,293.42185052972036,10.838709901454072,17.566666666666666,4,0.1678284160285557,0.2019638457468318,0.055202388354146106
3.0,2.0,-1.0,-5.0,2.642481961386835,628.5857838546543,503.247423603631,1.0,0.32432731904679607,1.792878621812445,61.55813953488372,9.441430852867917,19.964986360857424,3.062113956476357,17.441860465116278,4,0.0,0.0,0.0
3.0,2.0,-1.0,-4.0,7.182230808124189,602.6538295511684,502.4052841622796,1.0,0.26608839002432827,1.9922589283709267,5496.244444444444,74.59023535206565,1462.4868354023806,19.847595636366883,42.75555555555555,5,-0.06658862321205561,0.16044169986867018,0.004828909174029228
3.0,2.0,-1.0,-3.0,14.695462600131236,578.3337553185838,501.92856799085365,1.0,0.2123953707804945,2.203484030279438,1242.1011235955057,35.921566214857165,263.81652869293623,7.629574375220672,30.89887640449438,5,-0.14786137941325705,0.15984551959184046,0.031029755645791468
3.0,2.0,-1.0,-2.0,27.238883747622424,556.6862070444342,501.74742844739023,1.0,0.1653938328433823,2.403296312830944,5198.620689655173,72.55192080739045,859.8198013609765,11.999640262483846,41.37931034482759,5,-0.24553687612535668,0.15460805844952574,-0.009498010482591468
3.0,2.0,-1.0,-1.0,47.513301060737035,540.3427125530511,501.72497301858135,1.0,0.13041282365057913,2.5525824935823334,635.655172413793,26.129331676119577,82.89758590257846,3.4075999239852734,30.344827586206897,4,-0.313421881365457,0.14545399000587622,-0.06255997145343173
3.0,2.0,0.0,-1.0,0.37222065006261573,500.55804336131104,502.84899353393087,1.0,0.047081320405335275,2.8215314953534865,14371.386363636364,120.15911240263233,676.6238460552298,5.657249670649029,42.61363636363636,4,0.0,0.0,0.0
3.0,3.0,-4.0,-6.0,43.77196848022936,783.140170124012,588.4273314925285,1.0,0.6780594577485015,1.025512181180284,5.477272727272727,4.368959820982035,3.713916575395201,2.962414527140069,8.522727272727273,5,0.0,0.0,0.0
3.0,3.0,-4.0,-5.0,48.01693669908789,763.5772530561428,585.1111269747976,1.0,0.6330078483435541,1.0668685153013988,162.67816091954023,13.138996949951657,102.97655261616461,8.317088188681419,6.32183908045977,4,0.0,0.0,0.0
3.0,3.0,-4.0,-4.0,52.926593477048584,747.2388928221449,582.5000327087197,1.0,0.5952395755109404,1.1046872491888426,241.1034482758621,16.172818170078635,143.51431420594812,9.62670142237323,12.89655172413793,4,0.4610884090864147,-0.0883397657767091,-0.007580714285815304
3.0,3.0,-4.0,-3.0,58.48301604090639,734.2713634487577,580.510575043126,1.0,0.5652213143719979,1.137034618820141,976.139534883721,31.66705853087458,551.7348709174474,17.898896445115916,16.86046511627907,4,0.0,0.0,0.0
3.0,3.0,-4.0,-2.0,64.61696853712209,724.8651679934189,579.0762271031157,1.0,0.5434470118270762,1.1619355335010149,43.862068965517246,7.918130431880138,23.836710311863484,4.303084322462298,12.137931034482758,4,0.0,0.0,0.0
3.0,3.0,-4.0,-1.0,71.20217356293773,719.2088613167299,578.1474751517108,1.0,0.5303638056189812,1.1776478878807786,535.0689655172413,23.805119404640745,283.7812128203355,12.625373720659523,19.93103448275862,5,0.0,0.0,0.0
3.0,3.0,-3.0,-8.0,27.402493965484695,779.7118841296881,588.4924899169478,1.0,0.6701052176868721,1.0317410266300002,63.18604651162791,8.507655700396873,42.341299452447245,5.7010244751194055,5.813953488372093,4,0.0,0.0,0.0
3.0,3.0,-3.0,-7.0,30.396155655918278,752.7340048955027,584.131708700133,1.0,0.607878156274998,1.0905666730056656,543.6321839080459,23.79616283290414,330.4621296457736,14.465167589285402,14.36781609195402,4,0.5742777759929822,0.23917906772794595,0.06709834313316065
3.0,3.0,-3.0,-6.0,34.19694031401414,728.465860374444,580.6150987290507,1.0,0.5517034453481592,1.1505979432182156,11.911111111111111,5.086782679129447,6.5714010379247405,2.806395529813056,8.088888888888889,5,0.0,0.0,0.0
3.0,3.0,-3.0,-5.0,38.93336189620834,706.9711846942276,577.8295432384957,1.0,0.5019745360410744,1.20994573481496,543.3409090909091,23.6323532436935,272.7433007530447,11.862839555061827,9.659090909090908,4,0.4670211273089535,0.2523718243323856,0.05546425298841484
3.0,3.0,-3.0,-4.0,44.71681860203421,688.4705054212175,575.6768796978627,1.0,0.4593049446012634,1.2659690519773799,39.44827586206897,7.713765613791392,18.118788159442943,3.542970687909586,12.551724137931032,5,0.0,0.0,0.0
3.0,3.0,-3.0,-3.0,51.60142286601817,673.334192249509,574.0691204480348,1.0,0.4245474765390022,1.315332759814233,514.5393258426966,23.07742083957811,218.44637236659625,9.797460782471468,11.460674157303371,4,0.0,0.0,0.0
3.0,3.0,-3.0,-2.0,59.527923204872025,662.0456828882456,572.9272352208709,1.0,0.39874255345334364,1.3543089271274031,48.45454545454545,7.846276160496574,19.32088918096656,3.128644191336501,8.545454545454545,4,0.0,0.0,0.0
3.0,3.0,-3.0,-1.0,68.27338771108577,655.1128770746601,572.1847276936405,1.0,0.3829538101817415,1.3793629575233701,761.0465116279071,27.984147177278587,291.44566135343007,10.716635786225462,13.953488372093025,5,0.16533736592964487,0.1984845786925007,0.01863581449964613
3.0,3.0,-2.0,-9.0,14.052957031620366,771.9351801110795,587.6194592866929,1.0,0.6521604063905291,1.0473932676779418,549.6666666666667,23.826017525199447,358.47083671266086,15.538385271901939,11.333333333333332,5,0.4084467559597442,0.20785675839090345,0.10227067845019278
3.0,3.0,-2.0,-8.0,15.857885996645166,740.922866007941,582.8420451410298,1.0,0.5805056251200416,1.1181873047592152,231.76136363636365,15.58943887184022,134.53877527640054,9.049756957568283,7.238636363636363,4,0.0,0.0,0.0
3.0,3.0,-2.0,-7.0,18.436948532603708,712.0961625885489,578.9955060547786,1.0,0.5137846531042276,1.1942261378891088,284.3777777777778,17.21589417792985,146.1089379061067,8.84526221808678,7.622222222222222,4,0.15434492261647392,-0.013776456727441655,0.08897513771703913
3.0,3.0,-2.0,-6.0,22.019167282549915,685.3380300024487,575.962403093201,1.0,0.45206555159560574,1.274392049938494,233.2045454545455,15.815618261444461,105.42374147551162,7.1496961931854255,10.795454545454547,4,0.0,0.0,0.0
3.0,3.0,-2.0,-5.0,26.906634931504044,660.705962404494,573.6424827764159,1.0,0.3956527373378483,1.3564903263470751,837.5842696629213,29.351104105434512,331.3925090432573,11.61284468320332,15.415730337078653,4,0.19772718089814134,0.21499286949676844,0.047704096214907565
3.0,3.0,-2.0,-4.0,33.47358705231699,638.4864008579642,571.942482906349,1.0,0.34523816516278627,1.4368842845558376,250.2906976744186,16.204067253784476,86.40990122242994,5.594262446870942,7.709302325581395,4,0.0,0.0,0.0
3.0,3.0,-2.0,-3.0,42.11262884654104,619.2793072115886,570.7653462460422,1.0,0.30210118130036706,1.5103067918166304,2013.2696629213485,45.27469916015366,608.2111434447312,13.677540099301156,23.730337078651687,4,0.06407105962477999,0.23326135589786645,0.0016446167494379438
3.0,3.0,-2.0,-2.0,53.05463947538345,604.0807562558515,570.0006173203815,1.0,0.26829514671038446,1.5701552797181344,1996.9545454545453,45.09511298218503,535.7732127466963,12.098799953476695,24.045454545454547,4,0.0,0.0,0.0
3.0,3.0,-2.0,-1.0,66.01573540743172,594.237071876228,569.5249616266467,1.0,0.24656664023172573,1.6095638580765919,712.8202247191011,27.084173524367383,175.75768789821248,6.6780536693563235,13.179775280898877,4,-0.07036944610104001,0.17553727362678728,-0.04192767179523571
3.0,3.0,-1.0,-10.0,1.3736544519246934,782.91676672713,589.7396368289162,1.0,0.6773843068698165,1.024514955344706,118.69662921348316,11.406270963632068,80.40323390755891,7.726428950669223,7.3033707865168545,4,0.0,0.0,0.0
3.0,3.0,-1.0,-9.0,1.6473651951323802,748.655105989561,584.2626194975745,1.0,0.5983730354786184,1.099107358387918,47.103448275862064,7.613378716026315,28.18543332633768,4.555640532556972,6.896551724137931,4,0.0,0.0,0.0
3.0,3.0,-1.0,-8.0,2.4144751639699393,716.3485054238333,579.8353208459914,1.0,0.5235973502209417,1.1817764443004874,604.2247191011237,25.084198573071376,316.37046185934116,13.134019905276098,15.775280898876403,4,0.3820241203605974,0.4245897546808237,0.06641328263517021
3.0,3.0,-1.0,-7.0,3.8584423120101405,685.6311148501079,576.3312139726899,1.0,0.45272142302685464,1.2726427940721097,11.551724137931034,4.694072463238164,5.229712990137803,2.1251071653483544,6.448275862068965,4,0.0,0.0,0.0
3.0,3.0,-1.0,-6.0,6.2678007616610785,656.2298129365455,573.6529011709549,1.0,0.38544171569277486,1.3710274121196988,465.8809523809523,21.955027730121078,179.5699535942982,8.462383556380317,10.119047619047619,4,0.2829972938159244,0.4862959060847061,0.12304493632938662
3.0,3.0,-1.0,-5.0,10.116066116660761,627.9714836156238,571.7238067010461,1.0,0.32155505564545916,1.4748591369830775,96.47777777777777,10.761861099316775,31.022917201883576,3.460530844639508,12.522222222222222,4,0.0,0.0,0.0
3.0,3.0,-1.0,-4.0,16.215274610762776,600.8270203707835,570.479443311472,1.0,0.2610854690328401,1.5799133304437962,489.2359550561798,22.747209131946573,127.73239879357217,5.938965765402374,17.764044943820224,5,0.0002711223537517071,0.21457762069769615,0.034417563213249736
3.0,3.0,-1.0,-3.0,25.99995980413243,575.0460129506038,569.8535109503179,1.0,0.20458381841039416,1.6791195827661303,662.8735632183908,26.194880286114266,135.6132046865222,5.359048631736415,15.126436781609193,4,-0.07668107765732657,0.21507790140356065,0.07987057389072305
3.0,3.0,-1.0,-2.0,41.88656660132736,551.5558859524235,569.7452669561969,1.0,0.15395473950834673,1.7625322634172633,2017.6818181818182,45.254571478132696,310.63167872890926,6.967155763477777,19.31818181818182,5,-0.15529168156592732,0.247128233923263,-0.05874497543943136
3.0,3.0,-1.0,-1.0,66.44287054410916,533.1163373788852,569.9307142671669,1.0,0.11480411921976677,1.8188087397318824,3495.6896551724135,59.377217713136,401.31957192771915,6.816749181276912,19.310344827586206,4,0.0,0.0,0.0
3.0,3.0,0.0,-2.0,6.974308574506978,521.5575277124142,570.6699513153787,1.0,0.0905309047396436,1.8440440974702024,2084.5054945054944,45.971350344860305,188.7121683523406,4.161827938823331,18.494505494505496,4,-0.26355557660099294,0.1898507893271244,-0.030281008155796485
3.0,4.0,-4.0,-6.0,49.659855617112925,788.2557760667992,677.0760491323035,1.0,0.6762574845391225,0.9289254463010398,92.01123595505618,10.298051633244983,62.22328697630196,6.964134493152254,8.98876404494382,5,0.0,0.0,0.0
3.0,4.0,-4.0,-5.0,54.21959106033984,767.5483005172333,672.0717040264615,1.0,0.6305389271522069,0.9593075698563148,138.10344827586206,12.602156167550998,87.07960011188237,7.946150029692174,12.89655172413793,5,0.0,0.0,0.0
3.0,4.0,-4.0,-4.0,59.43341249925933,750.2749132279781,668.1600830636885,1.0,0.5920935151196522,0.9864995698606748,79.30681818181817,9.658848660063814,46.95705275022787,5.718941655145927,8.693181818181818,4,0.0,0.0,0.0
3.0,4.0,-4.0,-3.0,65.2624514049416,736.5821123284509,665.2070833835378,1.0,0.5614775128021273,1.0093067251236143,201.04597701149424,14.88390684764185,112.88279513128745,8.356978997592497,12.954022988505747,5,0.0,0.0,0.0
3.0,4.0,-4.0,-2.0,71.61271834078963,726.6710339792389,663.1064511678501,1.0,0.5392693760362869,1.0265766019741875,102.25842696629212,10.843534927132616,55.14483810456456,5.8475863141824895,9.741573033707864,4,0.0,0.0,0.0
3.0,4.0,-3.0,-8.0,33.33753108731912,784.4504850887179,676.9409684830239,1.0,0.6677456854796674,0.9335685004566531,80.6896551724138,10.010814604059995,53.88016910422144,6.684678259997907,12.310344827586206,5,0.0,0.0,0.0
3.0,4.0,-3.0,-7.0,36.79404748513929,755.8578133164738,670.3403174648342,1.0,0.6044022190871527,0.9764506970316605,94.5,10.411275938455702,57.116009703735934,6.292598280731305,8.5,5,0.0,0.0,0.0
3.0,4.0,-3.0,-6.0,41.113789520481305,730.1402993137365,665.0542160077817,1.0,0.5468926877750127,1.0188098746571839,157.9090909090909,13.346928330809623,86.35932715138154,7.299337508376938,13.090909090909092,4,0.0,0.0,0.0
3.0,4.0,-3.0,-5.0,46.41810237474294,707.337918343314,660.9008591253182,1.0,0.4956964385206813,1.059296160996211,644.2333333333333,25.711886572383424,319.34416890964025,12.74529060157819,10.766666666666666,4,0.5615163487420887,0.386480952039733,0.04068965143974168
3.0,4.0,-3.0,-4.0,52.79746841500884,687.6728045044695,657.723803090046,1.0,0.451529071622501,1.096251571284616,54.41176470588235,8.439690379535387,24.568493602989022,3.8107655618529663,10.588235294117649,5,0.0,0.0,0.0
3.0,4.0,-3.0,-3.0,60.26399078404947,671.5462692048346,655.3830222272343,1.0,0.41537773118032767,1.1278034739402059,233.54545454545453,15.555552276006475,97.00958103656924,6.461430011664552,5.454545454545454,4,0.4024158496874861,0.7565971869200894,0.13450183942712357
3.0,4.0,-3.0,-2.0,68.6913555317912,659.5025747642933,653.7519122060453,1.0,0.3884560754631183,1.1520485099380129,82.62790697674419,10.18697563990115,32.097312467917654,3.9571925779143884,13.372093023255815,5,0.0,0.0,0.0
3.0,4.0,-2.0,-9.0,20.100202969539936,776.0952844676412,675.463889206399,1.0,0.6492298020684977,0.9451186235011665,59.348837209302324,8.182147591579119,38.53103383439084,5.312094061376146,4.651162790697675,4,0.0,0.0,0.0
3.0,4.0,-2.0,-8.0,22.482581173243574,743.206232036636,668.2365345482042,1.0,0.5760763250988683,0.9961294641854633,168.7303370786517,13.717463024160654,97.20155251696299,7.902305688638078,12.269662921348313,4,0.0,0.0,0.0
3.0,4.0,-2.0,-7.0,25.763623651422165,712.6023373863001,662.462113961682,1.0,0.5074510851732047,1.0487295419696598,222.86363636363635,15.516011458175967,113.09239411837375,7.873616852011272,11.136363636363637,4,0.4637836561292943,0.32272342793680764,0.13358720362844778
3.0,4.0,-2.0,-6.0,30.203783498699863,684.0971938038749,657.9536210062197,1.0,0.44343755944012037,1.101742015139719,278.8636363636363,17.210488945758225,123.65861032568809,7.6317772148781975,11.136363636363637,4,0.022217125862539433,-0.09219446257179698,0.16296596900772897
3.0,4.0,-2.0,-5.0,36.139689176631634,657.6908561954411,654.5550267612892,1.0,0.38434018055826824,1.153466471960986,166.20689655172413,13.43163692155167,63.87998863071906,5.162317759622271,8.793103448275861,4,0.0,0.0,0.0
3.0,4.0,-2.0,-4.0,43.97105730849981,633.6344437505588,652.123695570421,1.0,0.33086583145705367,1.201648156415472,38.03333333333334,6.695205581442424,12.58393045641661,2.215214761479854,3.9666666666666663,4,0.0,0.0,0.0
3.0,4.0,-2.0,-3.0,54.071375974726465,612.5483059795754,650.5101531046239,1.0,0.2843975786722685,1.2435654567253502,687.6741573033707,26.649750294491366,195.57286525257132,7.579124455973919,14.325842696629215,4,0.14214631325444316,0.39063731003011526,0.03799608474282934
3.0,4.0,-2.0,-2.0,66.52991947976358,595.5780451041642,649.5357067986267,1.0,0.2473325801700291,1.2762912467911667,757.0588235294118,27.88570344723986,187.24531216401616,6.897042983462109,12.941176470588236,4,0.0890587636708915,0.12771341681116155,-0.05365392191349372
3.0,4.0,-1.0,-10.0,7.235745731131743,787.6833242593619,678.5889710001796,1.0,0.6746948772349132,0.9282089208718982,12.96551724137931,4.972081389243383,8.747768063459564,3.3546378425175605,7.0344827586206895,5,0.0,0.0,0.0
3.0,4.0,-1.0,-9.0,8.09650736587551,751.3322266696268,670.280746571643,1.0,0.5941757352588364,0.9825715333429088,4.348837209302325,3.4565212584886544,2.5839735463581954,2.053781060200295,4.651162790697675,4,0.0,0.0,0.0
3.0,4.0,-1.0,-8.0,9.60489767921166,717.0288068317874,663.6164581863408,1.0,0.5173488317432714,1.0402709727859647,114.62921348314606,10.986431589962416,59.30328967915567,5.683817548094428,3.370786516853933,4,0.0,0.0,0.0
3.0,4.0,-1.0,-7.0,12.00813463405845,684.290343182246,658.3941735129329,1.0,0.4438339904857209,1.1006144867490713,218.88372093023258,15.173006260567949,97.14803531282804,6.734295916292699,7.116279069767442,4,0.0,0.0,0.0
3.0,4.0,-1.0,-6.0,15.699177405700766,652.7026428394087,654.4656315191194,1.0,0.3731864188383301,1.1623687020062927,413.3255813953489,20.744401135604065,154.24749353520096,7.741528770741869,10.674418604651162,5,0.0,0.0,0.0
3.0,4.0,-1.0,-5.0,21.334067148110705,621.8875132015834,651.7259776316173,1.0,0.3048982516888057,1.223599955136958,323.6071428571429,18.349278007631813,98.66725209115245,5.594662784278792,8.392857142857142,4,0.15036872845951166,0.2831472128457335,0.08156260441245422
3.0,4.0,-1.0,-4.0,30.071890759213375,591.4601197362172,650.1088500380415,1.0,0.23836070865423262,1.2815701679746623,633.5806451612904,25.594624446453157,151.02073157025106,6.10075282079552,13.419354838709678,5,0.06128693773200666,0.4585061055860251,0.0808013722923171
3.0,4.0,-1.0,-3.0,44.08592353951883,560.9328372952903,649.5902047069961,1.0,0.17270601104628294,1.3327846460703598,163.69767441860466,13.301258291872486,28.271572366390366,2.297207261485592,8.302325581395348,4,0.0,0.0,0.0
3.0,4.0,-1.0,-2.0,67.65702008871841,529.3144365321912,650.2269921121806,1.0,0.10602929580991155,1.373302623115861,315.9578947368421,18.307395535737438,33.500793084529526,1.941120256767759,12.042105263157893,5,0.22200258220004798,0.29376434538403373,-0.3525920444379693
3.0,4.0,0.0,-5.0,0.13812879771950293,607.9977618186169,651.1003827322586,1.0,0.27438994061476346,1.249895478095048,3.8953488372093026,3.885591389155963,1.0688445361156484,1.0661671905237409,7.104651162790697,4,0.0,0.0,0.0
3.0,4.0,0.0,-4.0,5.867945277348525,573.5032330679308,649.9546579582744,1.0,0.19958840349514245,1.3118705948074674,1430.4827586206898,38.27350101447312,285.5077700204307,7.638946963648405,21.51724137931034,4,-0.06947241437103457,0.37340807612793014,0.07649720402983018
3.0,4.0,0.0,-3.0,18.707231033925268,533.9229465002239,650.4226199433053,1.0,0.11565352958419473,1.3669555714846577,62.229885057471265,8.823798876251363,7.19710585251529,1.020503484379521,9.770114942528734,5,0.0,0.0,0.0
3.0,5.0,-3.0,-4.0,64.25625256663733,677.6016662362565,760.7417820888762,1.0,0.4176986077925356,0.953539960819752,155.37209302325581,13.203855739208453,64.89870694562629,5.515232159760852,11.627906976744185,5,0.0,0.0,0.0
3.0,5.0,-3.0,-3.0,72.66338837321314,659.1856635522812,757.4406119021103,1.0,0.37814023715820916,0.9740644935507962,167.46511627906975,13.80038092920766,63.32529878549451,5.218479317444212,14.534883720930234,5,0.0,0.0,0.0
3.0,5.0,-2.0,-6.0,41.86812079155243,673.1799812292652,760.9436531294617,1.0,0.40806995898388604,0.9571694113750786,31.102272727272727,6.1352747350367425,12.69190315612382,2.503621309481316,3.8977272727272734,4,0.0,0.0,0.0
3.0,5.0,-2.0,-5.0,49.55460520266837,642.565669834343,756.204393544162,1.0,0.3423390216125807,0.9904804465354977,169.02325581395345,13.440150370015646,57.863256025121764,4.601087927997121,6.976744186046512,4,0.0,0.0,0.0
3.0,5.0,-2.0,-4.0,59.658725775257295,613.5431362301692,753.0673179332098,1.0,0.2802957025085752,1.0204630610364267,591.1428571428571,25.041190556556927,165.69480242578345,7.0189380987012235,22.857142857142858,5,0.21069834214654293,0.19161371887139467,0.023365438945518235
3.0,5.0,-2.0,-3.0,72.68525664866849,586.4628548058788,751.3457510408887,1.0,0.2228867571133749,1.0457349789083858,152.13636363636363,12.903603186963382,33.90918072993026,2.876042269420078,8.863636363636363,5,0.0,0.0,0.0
3.0,5.0,-1.0,-7.0,23.648075056865565,673.2188931731461,761.5057285902733,1.0,0.4080830799183419,0.9564319638919155,201.47058823529412,14.939902678448828,82.21673816001889,6.096721498701683,13.529411764705882,4,0.0,0.0,0.0
3.0,5.0,-1.0,-6.0,29.511773296537854,636.3997458319002,756.0548646516816,1.0,0.32906589187992014,0.9961024509537597,798.2298850574713,28.685920218126775,262.67022905164293,9.43955792097412,15.770114942528735,4,0.36468436050245145,0.3404856196553965,0.07175531717699357
3.0,5.0,-1.0,-5.0,38.523397610781956,598.2972074683626,752.7102908602112,1.0,0.24785429468188638,1.0338074028381792,42.76470588235294,7.489092414325745,10.599416013748906,1.8562037181601732,8.23529411764706,4,0.0,0.0,0.0
3.0,5.0,-1.0,-4.0,53.52208232372897,555.2438595705115,751.832160926376,1.0,0.15748947957861334,1.0680354659858111,616.7727272727273,25.191949061568483,97.13521583646383,3.967466947277357,11.227272727272728,4,0.39647823376060387,0.5918522189485884,-0.09786855935126226
3.0,5.0,0.0,-7.0,7.936905984150798,661.5256983787831,759.8290312611258,1.0,0.3829345848495837,0.9688208686855628,21.86363636363636,5.027198750072179,8.37234251421135,1.925088266315236,1.1363636363636365,4,0.0,0.0,0.0
3.0,5.0,0.0,-6.0,12.05165757608259,622.333799655634,754.8478737701814,1.0,0.2989613001493834,1.010117360329133,2.2,3.62080408503722,0.6577148603286435,1.0824802968489258,6.799999999999999,4,0.0,0.0,0.0
3.0,5.0,0.0,-5.0,19.577649244198113,579.5231147631756,752.2789465391731,1.0,0.208209928950388,1.049496475845974,971.0547752808989,31.801301387157874,202.18324576817093,6.621346702350016,25.945224719101123,4,0.24514273858483193,-0.2506431523072479,0.04244139024297411
3.0,5.0,0.0,-4.0,37.526963398415575,520.450937765017,753.8047868322991,1.0,0.0859646744136099,1.0853572944962417,3671.063676633444,61.11020982475014,315.58179371342374,5.253319290932031,39.936323366555925,4,0.0,0.0,0.0
4.0,-6.0,0.0,2.0,22.213909231047552,18.178139475052262,100.04254411355902,0.0,0.66722134336397,0.9543838540223503,30.494382022471907,6.285224536065036,20.3465025380878,4.193635958297499,5.5056179775280905,5,0.0,0.0,0.0
4.0,-6.0,1.0,0.0,5.246994268088429,22.670553880305363,93.36457223965425,0.0,0.6561718604506959,0.953548041952729,-3.8965517241379306,2.638851165496548,-2.5568075941699524,1.731539878716357,6.896551724137931,5,0.0,0.0,0.0
4.0,-6.0,1.0,1.0,7.717896520684576,38.67759281823291,71.40255943215425,0.0,0.6172018444292838,0.9508258217521999,1.6249999999999998,3.50510180114125,1.0029529971975861,2.163355296576784,6.375,5,0.0,0.0,0.0
4.0,-6.0,1.0,2.0,10.158264296626072,53.27485884462001,47.73704906205256,0.0,0.5812475077631082,0.9425660293943532,8.57303370786517,4.391767326483547,4.983054476665749,2.55270381319401,6.426966292134831,5,0.0,0.0,0.0
4.0,-6.0,1.0,3.0,12.548071002277624,66.52913003164073,22.02352996521563,0.0,0.548097340401274,0.929191762879457,10.241379310344827,4.587081701488892,5.6132727620406335,2.5141672807894127,6.758620689655172,4,0.0,0.0,0.0
4.0,-5.0,-1.0,-2.0,22.094365288312133,14.351368932697227,273.04120540992733,0.0,0.694788067793542,1.118391196738754,958.655172413793,31.457818803161743,666.0621749216641,21.8565171432481,19.344827586206893,5,0.3343252676542665,-0.6202095106889374,0.11438105029360557
4.0,-5.0,0.0,-3.0,9.52775278895416,21.095322850298714,249.73451132528578,0.0,0.6776916914763209,1.1149238834983701,110.12359550561798,11.023833541296735,74.62984570965642,7.470760399154785,6.876404494382022,4,0.0,0.0,0.0
4.0,-5.0,0.0,-2.0,13.171572508871947,37.47316505960504,232.8507606046846,0.0,0.638610378189178,1.1386278678714705,251.36904761904765,16.369125540940075,160.5268825650535,10.453493452325874,10.630952380952381,5,0.5000891622114807,-0.8393502897599205,0.07842749112805336
4.0,-5.0,0.0,-1.0,16.918820958926858,51.88924516916279,215.538659025544,0.0,0.6040919789955019,1.153669456485196,580.5882352941177,24.726881831745533,350.7286960403297,14.937310980127082,19.41176470588235,4,0.36025833245737005,-1.0969670984334527,0.08927109361486885
4.0,-5.0,0.0,0.0,20.759606861314467,64.30072926569014,197.63846709092005,0.0,0.5742345234925477,1.1589395335115573,-1.4942528735632172,4.174329062331287,-0.8580515868279441,2.3970438600088997,11.494252873563218,5,0.0,0.0,0.0
4.0,-5.0,1.0,-3.0,-1.0279466768717782,32.52004335949377,207.13099617687158,0.0,0.6480545561712285,1.0962041591656786,381.32584269662925,19.94985507682107,247.1199497453838,12.928594477489609,10.674157303370787,4,0.10988405535826473,-1.2866634018855905,0.03551228267858997
4.0,-5.0,1.0,-2.0,1.926558944440842,52.19812847588315,189.93199692897065,0.0,0.6014030427041454,1.1187051784712911,1029.3076923076922,32.81046520881615,619.0287780326283,19.73231360912053,30.692307692307693,4,0.5315285071052216,-0.9873410730192234,0.13860699517649566
4.0,-5.0,1.0,-1.0,4.965388754908332,70.34279471500987,172.0772381138156,0.0,0.5584093160954983,1.1329560647686385,312.19318181818187,18.2244634822229,174.3315811487685,10.176710189315473,12.806818181818183,4,0.4892218631535741,-1.1613593416358583,0.06951605016873064
4.0,-5.0,1.0,0.0,8.094653380991133,86.97110941454542,153.3891479287602,0.0,0.519050707498847,1.137941017259856,820.0689655172414,29.183620575062363,425.65737674957165,15.147778906864026,19.931034482758623,5,0.43528023765983903,-1.7028570913327314,0.05905772456858571
4.0,-5.0,1.0,1.0,11.317284312982366,102.0565804647962,133.67628491220455,0.0,0.4833615550636073,1.133288593539864,308.4831460674157,18.039150426575308,149.10889319405996,8.719431802215775,10.51685393258427,4,0.7220167875538124,-1.3820694385964032,0.05133463134156813
4.0,-5.0,1.0,2.0,14.630842597393269,115.5324432441978,112.72673428731923,0.0,0.4514325745331723,1.119345722031175,1433.8275862068965,38.33777223605698,647.2764786780633,17.306919222389578,23.17241379310345,5,0.57907429043712,-1.8079529482553198,0.07615525364235154
4.0,-5.0,1.0,3.0,18.024540587541793,127.29765439244974,90.29975863865684,0.0,0.4234005504128773,1.097108498889627,609.5393258426966,25.051294429769374,258.0792860600919,10.606731850119399,11.460674157303371,4,0.8028383231576584,-1.9660590179415038,0.08097676384596397
4.0,-5.0,1.0,4.0,21.475606852643267,137.22814606941353,66.1144706438883,0.0,0.3994233521548842,1.0680354659858111,298.82022471910113,17.87603019403478,119.35577584897918,7.140103903323297,13.179775280898877,4,0.9652901928126596,-1.8475560856472413,0.010146118013913963
4.0,-4.0,-2.0,-5.0,18.99657898805924,10.02088061382912,401.4177647358842,0.0,0.7078276450904062,1.1515089967098733,114.37931034482759,11.31169392010114,80.96083788844405,8.006729669448655,8.620689655172413,4,0.0,0.0,0.0
4.0,-4.0,-2.0,-4.0,23.733603198843753,24.648874196538117,384.2991676888428,0.0,0.6736003304814623,1.1997606941220567,21.372093023255815,6.305585701026575,14.396248923545672,4.247444612090684,11.627906976744185,5,0.0,0.0,0.0
4.0,-4.0,-1.0,-6.0,7.4793555233065945,12.33926396646288,379.05157546756215,0.0,0.7024988949293911,1.1603343780698687,260.05747126436785,16.84731664728145,182.6900861813503,11.835221327240752,14.942528735632184,4,0.2196591225712048,-0.06401347433228466,0.10178672655564291
4.0,-4.0,-1.0,-5.0,11.817518963954484,31.53124369187836,362.28879552209247,0.0,0.6573493803096707,1.2215708547527,171.60000000000002,13.95134402127623,112.80115366113951,9.170907346872958,14.4,5,0.0,0.0,0.0
4.0,-4.0,-1.0,-4.0,16.347443861211502,48.581837168406,345.8827610549606,0.0,0.6170915711798536,1.2796339262192777,270.65168539325845,16.903496858182674,167.01687378180128,10.431005434649665,9.348314606741573,4,0.013386800742622995,-0.29806808551541053,0.0090527273378882
4.0,-4.0,-1.0,-3.0,21.069981910734896,63.489001235999865,329.66707846407365,0.0,0.5818464394549254,1.3310513319681345,61.6551724137931,9.19640799098123,35.873842542945056,5.3508972453272525,14.344827586206897,4,0.0,0.0,0.0
4.0,-4.0,0.0,-6.0,-1.0021255655929622,22.053220106269436,339.8972685956262,0.0,0.6792995825881556,1.1829697001036974,142.4367816091954,12.421829348577194,96.75724629232671,8.43814349146979,7.563218390804598,4,0.0,0.0,0.0
4.0,-4.0,0.0,-5.0,2.798542191621465,43.59978218826683,323.70652217886976,0.0,0.6283881711082882,1.2480601909947473,9.448275862068964,5.117176317088016,5.937184789092101,3.215573067133584,10.551724137931034,5,0.0,0.0,0.0
4.0,-4.0,0.0,-4.0,6.799726810166732,63.29229196731569,307.68971641057556,0.0,0.581842588224551,1.3101725098911992,591.3720930232557,24.69332725723674,344.0854692084211,14.367629443226479,11.627906976744187,5,0.2140573491786526,-0.5095762398726151,0.003635204960602323
4.0,-4.0,0.0,-3.0,11.026108805848281,81.15513238459836,291.6891726666924,0.0,0.5397107487523081,1.3655142282251855,17.550561797752806,5.433682540066075,9.472226848888821,2.9326168721814043,7.44943820224719,4,0.0,0.0,0.0
4.0,-4.0,0.0,-2.0,15.498814697484647,97.14548864855932,275.559433468866,0.0,0.5021258167889936,1.4097089865939565,264.20454545454544,16.76704449185173,132.6639231857284,8.419165910608447,10.795454545454547,4,0.2729220165185069,-0.7098766058288106,0.13172451455080392
4.0,-4.0,0.0,-1.0,20.230586899510257,111.15557042806975,259.16303649950703,0.0,0.4693182832458952,1.4384906557057353,111.03488372093024,11.393740987660225,52.11070100831458,5.347290960077087,11.965116279069768,5,0.0,0.0,0.0
4.0,-4.0,1.0,-3.0,-1.3538452353880928,89.27614707536675,252.19287634038653,0.0,0.5195894096385906,1.331497719562705,65.53932584269663,9.141518069062384,34.05353962271796,4.749835976704633,11.460674157303371,4,0.0,0.0,0.0
4.0,-4.0,1.0,-2.0,2.11396405347179,108.79929517703172,235.80860168087597,0.0,0.47398131646557645,1.3723636242398654,70.45977011494253,9.76157842075922,33.39661459694234,4.6268057906534175,15.54022988505747,4,0.0,0.0,0.0
4.0,-4.0,1.0,-1.0,5.808350119566967,126.90167947627017,218.955117387088,0.0,0.43199458406277,1.3988657219673786,882.6162790697673,30.197714715521464,381.28545236377386,13.045249208177884,18.38372093023256,5,0.5871119829456006,-1.0240777794488451,-0.0060105688994083195
4.0,-4.0,1.0,0.0,9.772509102395105,143.48827617009746,201.4827643717737,0.0,0.3938073588050205,1.40821578483073,1274.3000000000002,36.4723182701621,501.8287173252377,14.36306732746863,35.7,5,0.6596211268670231,-1.1550136175097805,0.05085460673610598
4.0,-4.0,1.0,1.0,14.051281976991163,158.379272215874,183.2391192755258,0.0,0.3597540196803909,1.3993627048248043,1016.9775280898876,32.421053834287875,365.86175365496473,11.663604439159412,22.022471910112362,4,0.7715022592248033,-1.3230472783727407,0.0933538230500428
4.0,-4.0,1.0,2.0,18.683551207166715,171.3004874857331,164.0668007330707,0.0,0.3303482506749618,1.3733026231158607,120.93333333333335,11.624877538184125,39.95011511495872,3.840257959049782,9.066666666666666,5,0.0,0.0,0.0
4.0,-4.0,1.0,3.0,23.687478811290532,181.8847856345669,143.8003604855458,0.0,0.30627986029002896,1.3327846460703594,97.3409090909091,10.63279368994304,29.813560036868047,3.256610565848456,9.659090909090908,5,0.0,0.0,0.0
4.0,-3.0,-3.0,-7.0,15.660574689743385,11.332134303680306,514.7988507844093,0.0,0.7001169308558176,1.0887966879177422,530.5813953488372,23.561485333703832,371.4690180808251,16.495794798237085,15.418604651162791,5,-0.251853447576762,0.6896865643766432,0.0267402582305607
4.0,-3.0,-3.0,-6.0,21.0362749539878,27.5096384165617,494.8715158469048,0.0,0.6638550298277613,1.1487339794837468,9.2,5.145872132107443,6.107466274415404,3.4161130977500322,10.8,4,0.0,0.0,0.0
4.0,-3.0,-2.0,-8.0,4.764505665563718,13.98539795846699,490.4557806189473,0.0,0.6955559416037109,1.1162587687109577,220.86206896551727,15.482144216363132,153.6219243438541,10.768697398456906,12.137931034482758,5,0.08810591929663758,0.41318569659847526,-0.014505665563717685
4.0,-3.0,-2.0,-7.0,9.70957078584172,34.73241806852093,471.0613018724319,0.0,0.6481327702964039,1.1921169710305042,226.79545454545453,15.789747170315279,146.9935662451776,10.233852575776247,14.204545454545453,5,0.09994707670728076,0.4050881690617416,0.04042921415828005
4.0,-3.0,-2.0,-6.0,14.922912811215866,53.15657216284205,452.7417198509197,0.0,0.6056193742473553,1.2721207037512023,204.96666666666667,15.012846350894142,124.13178440823293,9.092070612700203,13.033333333333331,4,0.13401225274238016,0.35243599323615626,0.021486539433483998
4.0,-3.0,-2.0,-5.0,20.41404450616929,69.29125362156636,435.251424937617,0.0,0.5681988122589334,1.3541027813684456,609.3829787234042,25.04848173646352,346.2506847214492,14.232517571548158,11.617021276595745,4,0.1530914263569798,0.22509263426792359,0.052760605651794634
4.0,-3.0,-1.0,-8.0,-2.39904339228562,25.398906918518207,448.8594555335503,0.0,0.6707700627559406,1.1797078088360384,560.7472527472528,24.209681586635227,376.1324699154961,16.239129637168652,16.252747252747252,5,-0.10272450497296148,0.2740002607153542,0.05637906834983175
4.0,-3.0,-1.0,-7.0,2.0612969898608924,48.250392637227094,430.8223933236189,0.0,0.6176316908015274,1.2703500108852357,17.045454545454547,5.318433851836802,10.527812911389672,3.2848332923260437,6.954545454545453,4,0.0,0.0,0.0
4.0,-3.0,-1.0,-6.0,6.817387185805671,69.06716055439274,413.6175143112927,0.0,0.5690202584946455,1.3685239641240323,350.5555555555556,19.322155133740793,199.47321283895633,10.99469770887483,14.444444444444446,5,0.1556442361586079,0.15576235960520535,-0.0022897742487417716
4.0,-3.0,-1.0,-5.0,11.910762932988234,87.89778536961055,397.02950029314155,0.0,0.5250372292733732,1.4721947254977858,65.19540229885058,9.046378644197034,34.23001338435141,4.749685578307025,10.804597701149426,4,0.0,0.0,0.0
4.0,-3.0,-1.0,-4.0,17.37840078825144,104.70813918523699,380.8746486334363,0.0,0.4858696111191749,1.57719341168979,281.48275862068965,17.395779917490692,136.76391846778708,8.452080823625955,13.517241379310343,4,0.2617152846174662,-0.05060150938919605,-0.0006114604621103581
4.0,-3.0,-1.0,-3.0,23.244390186749087,119.3845380391562,364.99357538602413,0.0,0.45181060299138426,1.676520965971402,249.13953488372093,16.371729647130252,112.56388348480696,7.396921043881842,11.860465116279071,5,0.21559022763874225,-0.27776650354854837,0.005609813250913476
4.0,-3.0,0.0,-6.0,-3.0471666982731165,74.94624909125235,375.82647576557304,0.0,0.5553899677311172,1.4060346311460155,761.8314606741573,28.027159172963877,423.11355036037,15.566003028667291,15.168539325842696,4,0.14289328306112736,-0.077188693329731,0.004760699118067535
4.0,-3.0,0.0,-5.0,1.2289542720554039,96.40877128812193,359.80645216978587,0.0,0.5051455525143143,1.5191869277549743,220.13333333333335,15.652191894783016,111.19937429348438,7.906635122750238,15.866666666666665,5,0.4313727087646271,-0.13511533382558127,0.021045727944596138
4.0,-3.0,0.0,-4.0,5.870732391538695,116.25267996664863,344.0488410448663,0.0,0.45895567810772686,1.6353755876056328,2414.896551724138,49.481016429741345,1108.330484456563,22.709593448971514,21.103448275862068,4,0.3288820164391666,-0.3479428736727641,-0.013469726706504481
4.0,-3.0,0.0,-3.0,10.95324906113467,134.4196949080248,328.4011170522421,0.0,0.41698385772053426,1.7468966798549315,772.9545454545455,28.35774450751891,322.3095682062584,11.824721700998527,20.045454545454547,4,0.43131797449996157,-0.4076301502738602,0.06285409484444848
4.0,-3.0,0.0,-2.0,16.556132439022008,150.75213971867848,312.72603549973496,0.0,0.3795609513440742,1.8422745998111039,618.3977272727273,25.575360103456756,234.7196296726497,9.707408011835327,22.602272727272727,5,0.4786453931011181,-0.5375437873537408,0.11304115857133823
4.0,-3.0,0.0,-1.0,22.750624150289866,164.98020672784605,296.8992656421933,0.0,0.34722400877181325,1.907785834450069,397.1363636363636,20.782671182684947,137.89528021087875,7.216242401038309,21.86363636363636,5,0.6379456877593555,-0.5269187652982055,-0.0006241502898660656
4.0,-3.0,1.0,-2.0,-0.1835771112238831,158.46692886677158,275.078408827581,0.0,0.3616831642239213,1.7610627521590836,977.2068965517241,31.907994219706936,353.43928244626574,11.540584313422196,25.793103448275858,5,0.5843449524197695,-0.7068955417128677,-0.010116114588660546
4.0,-3.0,1.0,-1.0,4.211312345062538,177.43051338360607,258.8574563242715,0.0,0.3189063384146068,1.8180008599054895,1436.6896551724137,38.394441977868546,458.1694373691785,12.244230906634131,24.310344827586206,5,0.6904557187932596,-0.8392629450005984,0.04141925717464989
4.0,-3.0,1.0,0.0,9.235693454595719,194.91093466390083,242.15885400442383,0.0,0.2799242446209594,1.8385220153762623,215.20689655172413,16.0037525326047,60.241627954462324,4.479838338790136,25.79310344827586,5,0.6564682302347364,-0.8397374773865351,0.014306545404281223
4.0,-3.0,1.0,1.0,15.09905705090327,210.47694317381033,224.85854298865212,0.0,0.24557818942483609,1.818808739731882,1824.9666666666667,43.26980214627492,448.17200976067835,10.62611966785308,30.03333333333333,5,0.8528462097349063,-0.9741078236900478,0.11682000450742791
4.0,-3.0,1.0,2.0,22.038117618657708,223.42312536300298,206.84850141802272,0.0,0.2172603919838527,1.7625322634172627,1525.1818181818182,39.61214335057428,331.361599664827,8.606149791666331,27.818181818181817,4,0.9215973308284049,-1.0835396183622947,0.1056936905292396
4.0,-2.0,-4.0,-8.0,13.563361996077475,25.656679361611765,622.6322474059913,0.0,0.6563305078483768,1.0056686479969943,275.18181818181813,17.145946199448435,180.61022247791237,11.253407576624937,11.818181818181818,4,-0.29858157704339305,1.772450836942312,0.0357594706910529
4.0,-2.0,-4.0,-7.0,19.73031523812955,40.586494504704405,598.2355371124444,0.0,0.6254402499112098,1.0600550067376544,327.1,18.594174715037322,204.58150574595675,11.629545280665642,11.899999999999999,5,0.0783363371523933,0.8864141070677078,0.019684761870450984
4.0,-2.0,-3.0,-10.0,-2.4989974650145825,9.920428633227658,618.6640383728734,0.0,0.6922716035150905,0.985226080558524,417.83333333333337,20.976839079751215,289.25415166872205,14.52167002641739,14.166666666666666,4,-0.5881671815935867,1.461634287580523,0.010120972036501641
4.0,-2.0,-3.0,-9.0,2.882440638435071,32.50509078589522,592.9795079702643,0.0,0.644392564720551,1.051153556604876,99.21348314606742,10.76185148067044,63.93243085935354,6.934857076770884,10.786516853932584,4,0.0,0.0,0.0
4.0,-2.0,-3.0,-8.0,8.596344892940039,52.49311694182339,569.5744993803324,0.0,0.6009384677521712,1.1229378255858222,147.48936170212767,12.798999791161108,88.63203103102236,7.6914113232607155,10.51063829787234,4,0.0,0.0,0.0
4.0,-2.0,-3.0,-7.0,14.66846403908346,69.98941938306038,547.9928480977192,0.0,0.5622560897370102,1.2002279104136018,18.48809523809524,5.790943159428951,10.39504413525687,3.25599305670981,9.511904761904761,5,0.0,0.0,0.0
4.0,-2.0,-3.0,-6.0,21.107492373620943,85.01009734111669,527.8706558801127,0.0,0.5286926026851356,1.281948374917305,1567.7558139534885,40.198700298377126,828.8609016538231,21.25275548530874,30.244186046511626,4,0.12679765881770777,0.6587527975137846,-0.0009474176388373223
4.0,-2.0,-2.0,-8.0,1.8415900249656545,69.21414368940373,523.6474538292821,0.0,0.5654253659474091,1.2373235440254464,335.44827586206895,18.85476544390066,189.6709641357378,10.660962650970095,12.551724137931034,4,0.10039288389744172,0.8321727087751469,0.01293603698945578
4.0,-2.0,-2.0,-7.0,7.508009308988079,89.42062726420069,504.03749145318665,0.0,0.5194683252548213,1.3431104449763311,310.4090909090909,18.13056697066272,161.24769059841702,9.418255260170543,11.59090909090909,4,-0.018605744800609614,0.630131631260781,0.004723002717169855
4.0,-2.0,-2.0,-6.0,13.659209323317185,107.4704299344129,485.5737427899623,0.0,0.47826754258198817,1.4607270187799537,834.6923076923076,29.37444447416292,399.2062388120887,14.048843373368962,18.30769230769231,5,0.23834494921590021,0.38886986726265604,0.02488001014820007
4.0,-2.0,-2.0,-5.0,20.34343142687004,123.27996840830998,468.007396049116,0.0,0.44217582695081353,1.5887984211157558,12.266666666666667,6.521076939006658,5.424023477263313,2.8834625881151488,19.733333333333334,5,0.0,0.0,0.0
4.0,-2.0,-1.0,-7.0,-1.5862470080967626,98.5100926802363,463.94067032007746,0.0,0.4994945607098245,1.458055744259803,494.86206896551727,22.644721780023026,247.18091174988592,11.310915357908797,11.137931034482758,4,0.08167183641158715,0.3610829371203863,-0.00016926985080045753
4.0,-2.0,-1.0,-6.0,3.7892286628618024,119.49483961518709,446.624483421872,0.0,0.45119530088886856,1.612244970911264,681.875,26.684898478693558,307.6587957935972,12.040100798283051,19.125,5,0.280965993112531,0.22889724352876328,-0.03647679847368002
4.0,-2.0,-1.0,-5.0,9.766217498829917,138.69470398747427,429.99908857729264,0.0,0.40721349385656685,1.789687609186681,32.63636363636363,7.610888242164034,13.289967663137045,3.099256392443481,16.36363636363636,5,0.0,0.0,0.0
4.0,-2.0,-1.0,-4.0,16.467429375661823,155.96400793571095,413.87786512887675,0.0,0.3679204516180564,1.988623673154225,0.5517241379310343,4.952089123038963,0.20299059399616898,1.8219748666013602,15.448275862068966,4,0.0,0.0,0.0
4.0,-2.0,-1.0,-3.0,24.00678650153378,171.02507574092024,398.10057891215706,0.0,0.33391259799351064,2.1995703381411085,-0.6436781609195399,3.589643578768253,-0.21493224698432858,1.1986272132572304,8.643678160919539,4,0.0,0.0,0.0
4.0,-2.0,0.0,-4.0,1.8934287159587484,163.23667920067683,377.7054023012785,0.0,0.3514937930713848,2.1090519467190236,3.831460674157303,2.72590568394301,1.3467346453633955,0.9581389284039759,1.1685393258426966,4,0.0,0.0,0.0
4.0,-2.0,0.0,-3.0,7.920143194573598,182.56774563503933,362.2019987141879,0.0,0.30802662651333934,2.365939400207395,32.95348837209302,7.1008725154970405,10.150551855102368,2.187257806249843,11.046511627906977,4,0.0,0.0,0.0
4.0,-2.0,0.0,-2.0,15.042712896664256,200.1604543393584,346.7472977910731,0.0,0.26892724954169606,2.6203450197823983,1126.3181818181818,34.26999928858577,302.89765074516754,9.216136650475253,30.68181818181818,5,0.6724430694629575,-0.32933011988473027,0.11527183243979522
4.0,-2.0,0.0,-1.0,23.592363553311202,215.46787219391527,331.2223031903369,0.0,0.2352828172314289,2.819417973187913,3473.7586206896553,59.37086927867963,817.3157146578247,13.968945385366636,32.241379310344826,5,0.707590473602238,-0.4032700059080412,0.10984874194512884
4.0,-2.0,1.0,-1.0,-2.6519782260971283,222.3984490011295,294.5602471967622,0.0,0.22010014166129066,2.5511323935740986,392.20689655172407,21.09580283716245,86.32479349156964,4.643189192918112,33.793103448275865,5,0.7317270824618447,-0.571470106978893,-0.026911092788320712
4.0,-2.0,1.0,0.0,3.165752131676925,242.15696634703286,278.31210097300914,0.0,0.17744028419280333,2.608370436416589,30347.193692543413,174.69160060026226,5384.814673258952,30.99732725660623,107.80630745658836,5,0.0,0.0,0.0
4.0,-2.0,1.0,1.0,11.188065904368415,260.01684383258595,261.55821863674794,0.0,0.13940455530094192,2.552582493582333,669.2696629213483,26.74637148904164,93.29923973596186,3.7285660233436415,29.730337078651683,5,0.9309401714894534,-0.7348756809547012,0.006944567132123325
4.0,-2.0,1.0,2.0,23.18812316427463,274.07276266674023,244.25335438402615,0.0,0.1098137476923771,2.403296312830943,8268.896551724138,91.26519875703833,908.0385196254015,10.022173509400057,38.103448275862064,5,1.0004719106143511,-0.8772571451641795,0.07248840725318928
4.0,-1.0,-5.0,-9.0,6.815852206999693,44.82643810781772,760.7888710867172,0.0,0.5910620517677291,0.8900165042336946,79.0,10.322957341569424,46.6939020896506,6.101508346618766,17.0,5,0.0,0.0,0.0
4.0,-1.0,-5.0,-8.0,13.931648667143321,56.6307350288551,727.5508948145117,0.0,0.5717030057314082,0.9323258253735576,0.2359550561797752,3.7577341025082376,0.13489621483550077,2.148307881143375,8.764044943820224,4,0.0,0.0,0.0
4.0,-1.0,-5.0,-7.0,21.29993145910035,65.77505961859045,697.7631737383583,0.0,0.5563793054582024,0.975144654280763,212.84893882646693,15.611382245204888,118.42474475178507,8.685850010829608,19.15106117353308,5,0.0,0.0,0.0
4.0,-1.0,-4.0,-9.0,2.930176489032476,72.19155677493012,688.2947750793135,0.0,0.5435442202428503,0.9946227387259046,3.5505617977528092,3.940165725730189,1.9298873437836035,2.14165430701962,7.449438202247192,4,0.0,0.0,0.0
4.0,-1.0,-4.0,-8.0,9.910770117764258,87.64042600364454,660.4460485118523,0.0,0.5126054836075219,1.054754693955423,84.90909090909092,9.807654288596641,43.524865608129595,5.027457369661468,7.090909090909091,4,0.0,0.0,0.0
4.0,-1.0,-4.0,-7.0,17.361800862525968,100.43915252792797,635.1262569657213,0.0,0.48642294628846067,1.1179898508022001,695.5483870967741,26.91313862912724,338.3306957377996,13.091168185849854,18.451612903225804,4,0.10981674676621367,1.3049974544794622,0.027916768508422507
4.0,-1.0,-3.0,-9.0,-2.812446852941889,89.8385531747776,629.6832895916123,0.0,0.5107477065699497,1.1075978191601423,903.5287356321838,30.739373821205344,461.4752295441843,15.70006468057698,26.471264367816094,5,-0.025282748247661857,1.3924712898102598,-0.028804374286211853
4.0,-1.0,-3.0,-8.0,3.7149344539163565,108.86264639121897,605.4718411956186,0.0,0.46974427915767275,1.1925210888357223,111.95348837209302,11.521149456655616,52.58951069453573,5.411994046584505,13.046511627906977,5,0.0,0.0,0.0
4.0,-1.0,-3.0,-7.0,10.896250899322382,125.50531189616244,583.2120988592894,0.0,0.43344434746762767,1.2863059156828767,533.9775280898876,23.58938690061006,231.44954122529816,10.22468641229633,14.022471910112358,5,0.10947040304264988,1.1965696264936696,-0.05274435445743286
4.0,-1.0,-3.0,-6.0,18.79439410319418,139.62592725550485,562.5176800980339,0.0,0.4024492832967953,1.3884256638297683,-0.8222222222222226,3.830804318729301,-0.33090274404403186,1.5417044525228754,9.822222222222223,5,0.0,0.0,0.0
4.0,-1.0,-2.0,-7.0,1.8622293425872272,140.03376725729908,538.1047517950719,0.0,0.4023392138852966,1.4671280238011544,0.9770114942528738,3.4655441183837965,0.39309003655460023,1.39432429627535,7.022988505747127,4,0.0,0.0,0.0
4.0,-1.0,-2.0,-6.0,9.096164508989801,158.3295616787251,519.2236231389513,0.0,0.36147231091967863,1.6244500369223709,11.777777777777779,4.854678283322995,4.2573405508317705,1.7548317778443414,7.222222222222222,4,0.0,0.0,0.0
4.0,-1.0,-2.0,-5.0,17.38740799718832,174.357126936761,501.3228828775286,0.0,0.32579421159891875,1.8063082147775935,1991.2134831460673,45.07523203895612,648.7258268667099,14.685249684770033,25.786516853932582,5,0.34162035864142126,0.5209701409415857,-0.05551324666133084
4.0,-1.0,-1.0,-5.0,3.3112056669949084,185.17577949964155,462.8112685299604,0.0,0.3019985040824359,2.119573474052655,2255.1627906976746,47.88380564050471,681.0557892530692,14.460837673206528,23.837209302325583,5,0.3604022917983798,0.2864827733359334,-0.06416361832762041
4.0,-1.0,-1.0,-4.0,11.459205019411087,203.7852823290131,446.53167988634914,0.0,0.2608660226184751,2.474647088050893,946.3033707865168,31.23978030089724,246.8583965275347,8.149397234570053,18.696629213483146,4,0.48585153464921405,0.20997504456852312,0.005901744186523672
4.0,-1.0,-1.0,-3.0,21.512927560741673,220.1088696112714,430.6588514597957,0.0,0.22516138064534774,2.921454037559907,7516.124999999999,86.98547586444323,1692.341082103014,19.58576984173061,31.875,4,0.5688092609522357,0.09920900017846179,-0.0025978351413158407
4.0,-1.0,0.0,-3.0,-1.6957086225237106,225.3311943866506,394.7968076683891,0.0,0.21383759935121535,3.348967485264889,5053.459770114943,71.30378683615143,1080.6197056593242,15.247430601693413,19.54022988505747,5,0.5808491399899367,0.008312347796106678,-0.04363732178184265
4.0,-1.0,0.0,-2.0,6.762018323923854,245.55908801997015,379.3858098627398,0.0,0.17026125669673348,4.218103893438046,0.42222222222222217,2.001110802640485,0.07188808616084301,0.34071164004697796,0.5777777777777778,5,0.0,0.0,0.0
4.0,-1.0,0.0,-1.0,19.091084586598754,263.66875733081713,363.95499278691904,0.0,0.13178988482091775,5.240690039564797,9491.3908045977,97.82970649610483,1250.8693009282488,12.892965751185844,49.60919540229885,5,0.8081875473632749,-0.2599540926097461,0.08751140074248909
4.0,0.0,-5.0,-7.0,16.127892807896927,134.40382054464354,744.5322165367571,0.0,0.40061666909260424,0.9895141061726249,2.2857142857142856,2.53691118633407,0.9156952436402382,1.0163289092529222,1.7142857142857144,4,0.0,0.0,0.0
4.0,0.0,-4.0,-8.0,1.1436557138974877,153.12262948681763,704.5454537829625,0.0,0.36402400187522527,1.0730106318572237,5.767441860465116,3.7472903496854713,2.099487266629206,1.3641036292809174,5.232558139534884,4,0.0,0.0,0.0
4.0,0.0,-4.0,-7.0,10.455778754211877,163.11693377462876,677.5036253450825,0.0,0.34428990794032754,1.1397655319918492,288.47727272727275,17.37361386349098,99.3198136701495,5.981559917652108,8.522727272727273,4,0.29070395857610265,1.662617976280444,0.016477530276166164
4.0,0.0,-4.0,-6.0,20.744950734593317,170.0169091884997,652.7081329452844,0.0,0.33070878387980884,1.2089606381596034,405.4157303370786,20.319524300398136,134.0745431455198,6.719845170400891,4.584269662921348,4,0.061105919601345704,1.6246360049630084,-0.12389056267354448
4.0,0.0,-3.0,-7.0,1.3795843450043037,182.08608298939123,622.4154504140624,0.0,0.30567781539770633,1.319742516080347,1084.0689655172414,33.40185189280982,331.3758331197618,10.21020511683185,19.93103448275862,5,0.35111459673441914,1.280930586644331,-0.17421021260365865
4.0,0.0,-3.0,-6.0,11.256353900987108,195.3996259995084,600.6921396903942,0.0,0.2772739820510092,1.4306808424762985,244.63218390804596,16.34800800006192,67.83013977001872,4.532877276778924,14.367816091954023,5,0.4139247738607992,1.1807587628674128,-0.015684768505600744
4.0,0.0,-3.0,-5.0,22.848876633930587,205.30687933009654,580.3208422044854,0.0,0.2561571229082567,1.5501890018409188,907.5714285714284,30.62845149230249,232.48088597659353,7.845696013403307,19.42857142857143,5,0.4351203669846768,0.9347780218383832,-0.09816261095202705
4.0,0.0,-2.0,-6.0,-2.6193906877620066,207.95109757959236,555.3065683701961,0.0,0.25084215154878114,1.6931967679670565,12635.292306540805,112.91571749573293,3169.463907620457,28.324021520304,72.70769345919481,5,0.39080457496339704,0.7774164410615185,-0.07872852817047749
4.0,0.0,-2.0,-5.0,7.434757188700303,225.0228095795494,536.8083882228198,0.0,0.21400266135368073,1.9021262810538426,748.4,27.80311733121546,160.15959175709466,5.949941102808754,15.600000000000001,4,0.39829397760180996,0.7690313784330556,-0.034068420335269245
4.0,0.0,-2.0,-4.0,20.53202859247375,238.83665287600354,519.1298980182519,0.0,0.18440539236124354,2.1460212637144473,364.8139534883721,19.87849788601832,67.2736602318797,3.6657022022233585,19.186046511627907,4,0.5244396918647283,0.5893943716012018,0.014366601117703937
4.0,0.0,-1.0,-3.0,8.048961974758157,267.4848173876011,464.1403047146948,0.0,0.1237225741327131,3.3863935359341126,987.1666666666665,32.32448332490749,122.13480109800993,3.9992682844675156,36.83333333333333,4,0.6341280772595042,0.21346452152954498,-0.05607139962164176
4.0,1.0,-4.0,-6.0,4.83851947139226,245.80262580675915,702.2907484663747,0.0,0.1664604078259406,1.1838520697267403,263.3763440860215,16.731410839588058,43.841733648264395,2.7851174718611915,10.623655913978492,5,0.7036483245150009,1.298230122603968,-0.15349841137120013
4.0,1.0,-4.0,-5.0,22.817341769910087,239.46388135068563,676.4536734121084,0.0,0.1805260838739351,1.2488941083811185,362.06666666666666,19.358523818836094,65.36247743462276,3.494718494594775,7.933333333333334,5,0.40316153870492144,1.168598973143844,-0.12490384665951737
4.0,1.0,-3.0,-5.0,2.865579760277825,271.8285615466401,623.5335571556844,0.0,0.1138149580021207,1.4981365763458903,284.6091954022989,17.43498577648664,32.39278362173001,1.9843621739183988,12.390804597701148,5,0.5699668179457262,1.2282119716201123,-0.04587487856249961
4.0,1.0,-2.0,-3.0,18.210924792663405,305.9264731893135,540.1305952565233,0.0,0.043948735979118365,2.2327072714633345,13094.896551724138,114.76537612742548,575.5041512255916,5.043793214968436,49.10344827586207,5,0.0,0.0,0.0
4.0,-1.0,1.0,3.0,-0.9527254955041258,349.0289247467082,260.4551039925582,0.0,0.04272470672674436,2.9260376036888336,30198.206896551725,174.0651105280182,1290.2095333287214,7.43688079866792,63.79310344827586,4,0.0,0.0,0.0
4.0,1.0,-1.0,-1.0,13.744139348752213,350.9163363757042,467.9520912158339,0.0,0.04647408162048264,3.945998279442698,4504.83908045977,67.67982120183636,209.3582591124273,3.1453575345938143,49.16091954022989,5,0.0,0.0,0.0
4.0,-2.0,1.0,11.0,-0.24831341133878482,530.9734279250979,57.49267241889777,1.0,0.4090710780671292,1.030073015604011,294.47727272727275,17.545439825712148,120.4621354208135,7.177331984666012,8.522727272727273,4,-0.009485984685397852,-1.8863317007923541,0.25805367107904453
4.0,-2.0,1.0,12.0,3.069464492861556,555.8239506707592,30.425080324018268,1.0,0.4627787666848045,0.9561764842434264,248.76136363636363,16.125464468933693,115.12147706246654,7.46252255915277,7.238636363636363,4,0.09891792419261947,-2.26962587704611,0.33046509223214926
4.0,-2.0,2.0,10.0,23.72894190709428,449.64907168973593,10.109375354753809,1.0,0.2321819176022884,1.0611108812736403,18.415730337078653,5.144663465815122,4.275799583709559,1.1944978289113901,4.584269662921348,5,0.0,0.0,0.0
4.0,-1.0,-1.0,16.0,-0.08501069666232297,760.6016705898571,80.48214723812902,1.0,0.9988727810826483,0.757677433477308,20.1304347826087,6.221646461194234,20.107743375707226,6.214633303606101,11.869565217391305,4,0.0,0.0,0.0
4.0,-1.0,0.0,13.0,-0.9746850991336942,636.1038642533531,115.57011689644298,1.0,0.6762580343201837,0.9359483879168449,28.528735632183906,6.3928509086419485,19.29278668026087,4.323216789180204,7.471264367816092,4,0.0,0.0,0.0
4.0,-1.0,0.0,14.0,1.9725649207618403,664.2757779023724,89.06547601615824,1.0,0.7446721198737828,0.8706440780203407,47.07692307692308,7.531071731176005,35.05687210482731,5.608179150976355,5.923076923076923,4,0.0,0.0,0.0
4.0,-1.0,0.0,15.0,4.887440277365073,694.2210380033771,59.08655362920166,1.0,0.8146827052635649,0.8137723052757491,75.08045977011494,9.606018833693138,61.16675207794949,7.82585741024588,10.919540229885056,4,0.0,0.0,0.0
4.0,-1.0,0.0,16.0,7.796568975248789,726.480034457865,24.616057594057793,1.0,0.8852642196980295,0.7638129600534541,-1.2000000000000004,2.7456452613610827,-1.0623170636376358,2.4306215098664112,5.2,5,0.0,0.0,0.0
4.0,-1.0,1.0,6.0,-2.7375160774116694,426.7897797570223,205.284398075082,1.0,0.192402351460228,1.8430336717137423,192.46236559139786,14.667261836377396,37.030211707383025,2.8220156668018728,14.537634408602154,4,-0.3763322732051506,-0.804235201830835,0.20468041234589363
4.0,-1.0,1.0,7.0,-1.1391532016604629,452.1531522812538,188.57125641207318,1.0,0.24371756031828395,1.6223744477084598,1933.7126436781607,44.42446356911196,471.27972787386045,10.82702187951245,25.28735632183908,4,-0.4037096128922144,-0.9154454589649674,0.12498274830082012
4.0,-1.0,1.0,8.0,0.6533241143006023,477.2102937422243,171.0390632902594,1.0,0.2964377723614773,1.4454593241470854,1104.0919540229886,33.66325432136386,327.29455933280536,9.979060121462975,18.908045977011493,5,-0.2324759498894764,-0.9621473777463905,0.06465216672577101
4.0,-1.0,1.0,9.0,2.571544431845183,502.1616339430803,152.44123193980454,1.0,0.35078605475083946,1.30136683650933,907.0344827586207,30.608817725494017,318.17504772986484,10.73714641051361,18.96551724137931,5,-0.07078422856574207,-1.2209761616194328,0.11942010895501909
4.0,-1.0,1.0,10.0,4.584085303819222,527.2066926000264,132.48752414855767,1.0,0.4069243893790309,1.182216052749897,404.23595505617976,20.78892485293169,164.49346917628534,8.459520551625788,17.764044943820224,5,-0.1058997852567245,-1.1234946536305586,0.1672175735994168
4.0,-1.0,1.0,11.0,6.6762057269633885,552.555894887618,110.82725202686976,1.0,0.46493494982280414,1.0823121594735612,39.804597701149426,7.367816091954023,18.506548634900813,3.425555205016293,9.195402298850574,5,0.0,0.0,0.0
4.0,-1.0,1.0,12.0,8.841914535702074,578.4418818094119,87.02564565680467,1.0,0.5247867321287707,0.9974948920505432,4.724137931034482,3.768190916395015,2.479164906953158,1.9774965970522578,5.275862068965517,5,0.0,0.0,0.0
4.0,-1.0,1.0,13.0,11.080516061722534,605.1330756273201,60.52984047296786,1.0,0.5862864753905576,0.9246809795565881,179.60000000000002,14.402777509911065,105.29705098014415,8.444153662120149,17.4,4,0.0,0.0,0.0
4.0,-1.0,1.0,14.0,13.39505690132549,632.9519702936127,30.618421191869913,1.0,0.6490104769460663,0.8615501876455188,26.95402298850575,6.29476963194441,17.49344331538535,4.085371441093856,8.045977011494251,4,0.0,0.0,0.0
4.0,0.0,-1.0,13.0,-2.9708938259584556,680.2373474206834,203.11313539024508,1.0,0.8136353808584695,0.9364888752282233,66.5505617977528,8.861427985726618,54.14789169465972,7.209971334116577,7.449438202247191,4,0.0,0.0,0.0
4.0,0.0,-1.0,14.0,-0.3601267408052422,709.1918891735739,180.92222216738782,1.0,0.8913711983049332,0.871065816881334,0.49425287356321834,2.844235164136867,0.44056277617370254,2.5352693065177077,4.505747126436781,4,0.0,0.0,0.0
4.0,0.0,-1.0,15.0,2.2455435840250857,740.1374938978043,156.31607228739495,1.0,0.9719759019173015,0.8141058119782127,67.36666666666666,9.094821481358377,65.47877659249554,8.839947312120156,9.633333333333333,5,0.0,0.0,0.0
4.0,0.0,-1.0,16.0,4.861134588675014,773.634205105642,128.60379357808688,1.0,1.0545857733921815,0.7640797577831254,12.68181818181818,4.62687085234692,13.374065035291755,4.879432176208019,5.3181818181818175,4,0.0,0.0,0.0
4.0,0.0,0.0,10.0,-1.1692692524216852,575.5072617916379,220.22809578228342,1.0,0.5306600336843986,1.2325821030254238,7.0,4.833919942129826,3.7146202357907905,2.5651681193182996,10.0,5,0.0,0.0,0.0
4.0,0.0,0.0,11.0,0.9636531003861535,600.9067932430291,201.617076732974,1.0,0.5953077758768494,1.120529184568567,2.3793103448275863,3.8035905184893983,1.4164219495000898,2.264307011908196,7.620689655172414,4,0.0,0.0,0.0
4.0,0.0,0.0,12.0,3.129866523980809,627.0916708870557,181.60886721812682,1.0,0.6629673220356743,1.0271517525211864,373.7209302325581,19.986609903787766,247.76476430496012,13.250469244485862,16.27906976744186,5,0.213420496756612,-0.8847157820954124,0.12013347601919122
4.0,0.0,0.0,13.0,5.334238305703678,654.3405059785878,159.82659404825878,1.0,0.7336248602864619,0.9481400792503258,4.333333333333334,3.704711714680225,3.1790410612413353,2.7178686140838986,5.666666666666666,5,0.0,0.0,0.0
4.0,0.0,0.0,14.0,7.582314657968482,682.9916103908795,135.79466853307656,1.0,0.8070718844159418,0.8804157878753026,99.2,10.692780534339773,80.06153093406142,8.629842535495701,9.8,4,0.0,0.0,0.0
4.0,0.0,0.0,15.0,9.880495067451733,713.4687919476611,108.8970287016208,1.0,0.8828183188957679,0.821721402016949,0.7674418604651159,3.1411709776563805,0.6775117331060541,2.7730832818587814,5.232558139534884,4,0.0,0.0,0.0
4.0,0.0,0.0,16.0,12.23626368398206,746.3199894762259,78.31365271707944,1.0,0.9599785399147323,0.7703638143908897,22.11764705882353,5.673345680555052,21.232466529878785,5.446290102850791,5.882352941176471,5,0.0,0.0,0.0
4.0,0.0,0.0,17.0,14.658502983251537,782.2774501073734,42.920474734839786,1.0,1.0371283676396785,0.725048295897308,4.956043956043956,3.6954075161668167,5.140053778082363,3.8326119650054897,5.043956043956044,5,0.0,0.0,0.0
4.0,0.0,1.0,5.0,14.673191640728106,435.4568614971136,262.02019881314385,1.0,0.21019413342778218,2.279033163052674,2372.61797752809,49.26156775642633,498.710379741694,10.354492545856008,34.38202247191011,5,-0.6049725479060726,-0.6500091153910148,0.006598781867410253
4.0,0.0,1.0,6.0,12.294711138536087,458.9309412297349,246.19610990417024,1.0,0.2586673534125327,1.9427887325674598,307.2727272727273,18.315982272637473,79.48142313948733,4.737746659614001,17.727272727272727,4,-0.5254206422710013,-0.7919661853136972,0.11107170961497381
4.0,0.0,1.0,7.0,11.275749170868181,482.6432162566053,229.98921706985718,1.0,0.30962473333435586,1.689064397037743,97.52272727272728,10.957244575060189,30.195448425857297,3.3926339296323285,14.477272727272727,5,0.0,0.0,0.0
4.0,0.0,1.0,8.0,11.100975104702826,506.5472683377914,213.19313002085235,1.0,0.36296052588355304,1.491947349737754,1510.629213483146,39.340244553896824,548.2987737409009,14.278955851669975,23.370786516853933,5,-0.3131615237950882,-0.8851128323931334,0.07583889161393387
4.0,0.0,1.0,9.0,11.48812139924658,530.7053905713177,195.58345222551486,1.0,0.418720340792551,1.3349258645338773,11.689655172413794,5.587164668851356,4.8946963975405104,2.3394594942055402,12.310344827586206,4,0.0,0.0,0.0
4.0,0.0,1.0,10.0,12.272484229616623,555.24035628663,176.90513777574137,1.0,0.47699482348724054,1.2071638292617985,88.22727272727275,10.5659332896338,42.0839523813061,5.039895484466833,14.772727272727273,5,0.0,0.0,0.0
4.0,0.0,1.0,11.0,13.35316446256465,580.3190438778431,156.85789615013675,1.0,0.5378562836641665,1.1013250026887276,215.875,15.112942852623597,116.10972523600194,8.128591277941055,8.125,4,0.17212256497111866,-1.3436901371188696,0.13663303717705766
4.0,0.0,1.0,12.0,14.666232537552105,606.1506111210331,135.07729344039188,1.0,0.6013055837402238,1.0122953798142924,45.42528735632184,7.771271083136198,27.31447893036051,4.672908695048733,9.57471264367816,5,0.0,0.0,0.0
4.0,0.0,1.0,13.0,16.170494134044276,632.9935391780557,111.10867091266459,1.0,0.6672143610222212,0.9364148390254157,76.89534883720931,9.386043918684962,51.30568103999941,6.262503295731892,7.104651162790698,5,0.0,0.0,0.0
4.0,0.0,1.0,14.0,17.839568876564726,661.1705829895236,84.36955288854216,1.0,0.7352536052491218,0.8710016549568115,4.222222222222221,4.070368685336489,3.104404111051847,2.9927532505867815,7.777777777777779,5,0.0,0.0,0.0
4.0,0.0,1.0,15.0,19.657343253499505,691.0934929508479,54.0934287693525,1.0,0.804801895344262,0.8140496899530488,92.64772727272728,10.656683920905351,74.56306650842919,8.576519417629349,13.352272727272725,5,0.0,0.0,0.0
4.0,0.0,1.0,16.0,21.61535251262569,723.3023477100031,19.24255227989636,1.0,0.8748282804263202,0.764030265408964,15.235955056179773,5.420962552497606,13.32884436245045,4.742411348056956,8.764044943820224,4,0.0,0.0,0.0
4.0,1.0,-2.0,13.0,-2.058608579217207,725.4602344162611,278.3846908346948,1.0,0.9572587101365887,0.8929000526915017,88.57303370786516,9.96808516609638,84.7873080000756,9.542036348629084,6.426966292134831,4,0.0,0.0,0.0
4.0,1.0,-2.0,14.0,0.1827131923641332,755.4266675713563,258.73004609415005,1.0,1.042580554920925,0.8356488147105464,70.9655172413793,9.090228122803826,73.9872683457677,9.477295080630611,7.034482758620689,5,0.0,0.0,0.0
4.0,1.0,-2.0,15.0,2.453479047694657,787.6739485685841,237.26991894234723,1.0,1.1313022402154953,0.7849606164081671,7.529411764705882,4.276757818657303,8.518040396916671,4.838305701106141,6.470588235294117,4,0.0,0.0,0.0
4.0,1.0,-1.0,10.0,-1.7864318333154188,619.6728505712481,294.10955395849203,1.0,0.6524525599509624,1.1815529806753016,275.09090909090907,17.235456199741947,179.4837678556011,11.245317519444319,13.909090909090908,5,0.07400814772222475,-0.263400112338104,0.03643183331541855
4.0,1.0,-1.0,11.0,0.04690773291423511,645.1524163093139,277.1591207978738,1.0,0.722812012482612,1.0817524676072907,25.895348837209305,6.833764754856291,18.717469206962523,4.939527255290419,13.104651162790699,4,0.0,0.0,0.0
4.0,1.0,-1.0,12.0,1.9440914663961735,671.6280105160306,259.24900161234575,1.0,0.7969477836419177,0.9970168823619989,4.528735632183908,4.0365616676134195,3.6091658247691445,3.216928874538438,7.471264367816091,4,0.0,0.0,0.0
4.0,1.0,-1.0,13.0,3.901629895281701,699.3897439671869,240.08483453214507,1.0,0.8749030273763384,0.924268441430434,160.88372093023256,13.123266322956118,140.75765449743045,11.481585435020257,7.116279069767441,4,0.0,0.0,0.0
4.0,1.0,-1.0,14.0,5.918401582607686,728.7924666732933,219.30320432830413,1.0,0.9565229821587901,0.8611908243925616,28.842696629213485,6.121075246759581,27.588702193276564,5.854949149048826,5.157303370786517,4,0.0,0.0,0.0
4.0,1.0,-1.0,15.0,7.995212105741075,760.2819497664392,196.44300142289404,1.0,1.041363067091497,0.8060144659002711,51.79310344827586,8.050524166655688,53.93542506108374,8.383518537882786,8.206896551724137,4,0.0,0.0,0.0
4.0,1.0,0.0,3.0,10.599450351389208,437.1447376851868,366.8898219778337,1.0,0.21383759935121535,3.348967485264889,5514.954545454545,74.72968849777983,1179.304640531073,15.98001718862937,44.045454545454554,4,-0.9023930815195627,-0.08050760664309564,0.04653002732207767
4.0,1.0,0.0,4.0,7.448281648847825,459.68357031412745,351.3659480892518,1.0,0.26073336633555483,2.718798393574209,588.4044943820224,25.005117516871852,153.41668458719477,6.519668465790148,23.595505617977526,4,-0.7911719077528687,-0.19998792988923242,0.02960679736731464
4.0,1.0,0.0,5.0,5.853687563712953,482.5312099852821,336.02233862626076,1.0,0.3103120050942188,2.267052808893272,2.05681818181818,6.271522858679712,0.6382553741142449,1.9461288332711286,23.943181818181817,4,0.0,0.0,0.0
4.0,1.0,0.0,6.0,5.2272460175297795,505.5675099513661,320.7108712210335,1.0,0.36241995162128976,1.9352056231741335,1982.0113636363635,45.22361365965812,718.3204625219374,16.389939874673196,39.98863636363636,5,-0.5000502987162463,-0.27601334422553236,0.0047070362108430075
4.0,1.0,0.0,7.0,5.241038014128264,528.8008567597326,305.27572822654633,1.0,0.41712249536135493,1.683978154318635,108.51685393258427,11.796800389592507,45.264820901123215,4.920710815786631,19.48314606741573,5,0.0,0.0,0.0
4.0,1.0,0.0,8.0,5.701337619169664,552.3068592720211,289.5514743107659,1.0,0.47458864553747376,1.4883724029554413,142.58620689655172,12.985448729859685,67.66979480336047,6.162746524400418,16.413793103448274,5,0.0,0.0,0.0
4.0,1.0,0.0,9.0,6.487953263576259,576.2035291653534,273.3582907598292,1.0,0.5350317683130245,1.3323157050825292,43.831460674157306,8.217155913493013,23.451223912237175,4.396439458899993,15.168539325842694,4,0.0,0.0,0.0
4.0,1.0,0.0,10.0,7.523374198607684,600.6426207255589,256.4951510708312,1.0,0.5986701579515911,1.2051974774670053,288.47058823529414,17.605637662653702,172.69873262321192,10.539969880339372,13.52941176470588,4,0.052210561940341904,-0.2054499644294765,0.03674855143360034
4.0,1.0,0.0,11.0,8.756173822797336,625.8093943992964,238.73071376181068,1.0,0.6656916571598441,1.099804505885324,126.83146067415731,11.917309358265966,84.43064523618338,7.933253415590589,9.168539325842696,5,0.0,0.0,0.0
4.0,1.0,0.0,12.0,10.151631885071907,651.928004718956,219.7911051332148,1.0,0.7362134998830275,1.0110934844550477,100.73563218390804,10.878616599311256,74.16293233304428,8.008984400464538,11.264367816091953,5,0.0,0.0,0.0
4.0,1.0,0.0,13.0,11.686215120564412,679.2720099700205,199.34313404185923,1.0,0.8102309265184792,0.9354467849348157,21.52941176470588,5.682486906227445,17.44379524151549,4.604126630961789,6.470588235294117,5,0.0,0.0,0.0
4.0,1.0,0.0,14.0,13.344227153749188,708.1809760271225,176.9705621726296,1.0,0.8875487731761246,0.8702092326808333,48.29213483146067,7.776894519837608,42.861625023718915,6.902373190201995,7.7078651685393265,5,0.0,0.0,0.0
4.0,1.0,0.0,15.0,15.115739730604332,739.0856317075179,152.1395298479406,1.0,0.9676905163238257,0.8133918482388877,72.72727272727272,9.330479689687419,70.37749209627823,9.029016708462587,9.272727272727272,4,0.0,0.0,0.0
4.0,1.0,0.0,16.0,16.995322427380728,772.5461681801952,124.14655234020273,1.0,1.0497801791786656,0.7634773731107223,3.6781609195402303,3.6923218780110365,3.8612604291629085,3.8761263226837332,6.321839080459769,4,0.0,0.0,0.0
4.0,1.0,1.0,6.0,22.587830015743236,499.1876620327885,283.55728793344474,1.0,0.3474465431218687,1.841004346072244,89.46511627906978,10.604268658952323,31.084345381158812,3.684416487888559,14.534883720930234,4,0.0,0.0,0.0
4.0,1.0,1.0,7.0,20.717316045169014,520.456601179301,267.657135174267,1.0,0.3966183938648781,1.6207891406096515,1215.5357142857144,35.27507912794801,482.10382268539746,13.990745227183226,18.46428571428571,5,-0.4223961972708139,-0.6071289777122502,0.0227075017389069
4.0,1.0,1.0,8.0,19.67213385136742,542.4794692328169,251.30950512830313,1.0,0.4492391554337538,1.4441959088256129,681.1931818181819,26.60338916534216,306.0186496872315,11.951284080313789,16.80681818181818,5,-0.32247871148979357,-0.603462474274636,0.029998850054383297
4.0,1.0,1.0,9.0,19.242089904897654,565.2153986957636,234.316276074582,1.0,0.5052133074837752,1.3003410443139383,629.8181818181819,25.662734261026554,318.1925267497814,12.965154855090422,18.181818181818183,5,-0.20719502681640733,-0.7232809786202381,0.020926986789699953
4.0,1.0,1.0,10.0,19.28257120616783,588.710330476762,216.45095893456926,1.0,0.564532587880322,1.1813691884014161,275.27272727272725,17.4205397910504,155.4004251001468,9.834462410513806,17.727272727272727,4,-0.06887308091359046,-1.0880615619462048,0.0899429468297015
4.0,1.0,1.0,11.0,19.692927100709625,613.0774297825841,197.44804725317817,1.0,0.6272071261676299,1.0816026442313635,38.03448275862069,7.337700929760061,23.85549862630675,4.602258312832354,9.96551724137931,5,0.0,0.0,0.0
4.0,1.0,1.0,12.0,20.402319113453473,638.4907159509005,176.98806522582697,1.0,0.6932039905644681,0.9968927066378571,10.090909090909092,4.2312884152338945,6.9950584502414515,2.9331460146693398,4.909090909090908,4,0.0,0.0,0.0
4.0,1.0,1.0,13.0,21.360550820001293,665.1885327783673,154.6764923836544,1.0,0.7623819604558488,0.9241640359676632,159.47252747252747,13.225400593821158,121.57897813335471,10.082806832531322,9.527472527472527,4,0.0,0.0,0.0
4.0,1.0,1.0,14.0,22.532110359633464,693.4861894227354,130.01340120980097,1.0,0.8344139446334434,0.8611019391429654,22.181818181818183,5.341804567096951,18.508818408232745,4.457276220292311,3.818181818181818,4,0.0,0.0,0.0
4.0,1.0,1.0,15.0,23.892287851557597,723.799465495799,102.34845767126257,1.0,0.9086900627704567,0.8059379622317362,39.55555555555556,7.365250408522911,35.943740260698064,6.692729856040816,9.444444444444445,4,0.0,0.0,0.0
4.0,2.0,-3.0,11.0,-2.7979174337750408,719.8063069625395,383.304921283194,1.0,0.947241301552219,0.9254526793826242,50.06666666666666,7.921644049340039,47.42521449771443,7.503708419730249,7.933333333333333,5,0.0,0.0,0.0
4.0,2.0,-3.0,12.0,-1.046525978510772,747.6251760142653,367.0793076343956,1.0,1.0309340456211906,0.8706995960553499,77.14772727272727,9.628594906632694,79.53421858775299,9.926446300742434,9.852272727272727,4,0.0,0.0,0.0
4.0,2.0,-3.0,13.0,0.7703114398610467,777.1999456091955,350.1079887383243,1.0,1.1188531940135396,0.8209739082805556,0.9090909090909087,3.894263634655254,1.0171392672850355,4.357109305964807,9.090909090909092,5,0.0,0.0,0.0
4.0,2.0,-2.0,0.0,4.176070566643375,426.95294371710213,527.4804380130477,1.0,0.19295544023166433,2.0818815883064996,13.034482758620687,7.470433198682723,2.515074358881693,1.441460726573065,26.965517241379313,5,0.0,0.0,0.0
4.0,2.0,-2.0,1.0,-0.6070845901890607,452.56030202958016,507.96056163693004,1.0,0.24534503690800716,2.0524583248906643,1996.454545454545,45.20463115307933,489.82021413970404,11.0907318986651,29.54545454545455,4,-0.9143521118177773,0.5661388331384956,0.019063549031310467
4.0,2.0,-2.0,2.0,-3.096807738962923,476.96294694615665,489.6973778909402,1.0,0.29768401723070764,1.9717664062583269,5984.827586206897,78.0675947241661,1781.5875182952284,23.239475213028562,69.17241379310346,4,-0.8096671176442669,0.5088953153936586,-0.015458283774499648
4.0,2.0,-2.0,7.0,-3.1646160292602303,593.4343668931184,409.0246444847549,1.0,0.5824698386230671,1.343754137181358,308.25,18.12855394054381,179.54632775556044,10.55933588821812,12.749999999999998,4,-0.2064093727429963,0.15786971628239144,-0.009809754884002597
4.0,2.0,-2.0,8.0,-2.1338927919787523,617.0924957821061,393.77723573430006,1.0,0.6472409954058522,1.2378530566321226,289.45454545454544,17.573928849480744,187.34684812474848,11.37456720172954,12.545454545454545,4,0.05013113167319716,0.16192623185628463,0.03484632407652288
4.0,2.0,-2.0,9.0,-0.9334794602106342,641.2971713294971,378.4496498526881,1.0,0.71551678199811,1.1436235513326047,217.75862068965517,15.649563530146974,155.8099475282091,11.197525336765745,17.241379310344826,5,0.009527902882496164,-0.07386478639358529,0.18347946021063422
4.0,2.0,-2.0,10.0,0.4057282815680878,666.2495558419592,362.87184627898245,1.0,0.7876181205635262,1.0601524537779738,7.97752808988764,4.566538467654533,6.28324568090004,3.5966884453751082,8.022471910112358,4,0.0,0.0,0.0
4.0,2.0,-2.0,11.0,1.8620667482698252,692.1777262802735,346.85685800310546,1.0,0.8638009673368798,0.9862651760710726,90.05747126436782,10.657751178972608,77.79173079407418,9.20617577803231,14.942528735632184,4,0.0,0.0,0.0
4.0,2.0,-2.0,12.0,3.4203304447177345,719.3483934277356,330.1917622295119,1.0,0.9442175168403616,0.9207634388465211,77.44444444444443,9.688353705912279,73.12440102641466,9.147913278467607,10.555555555555557,4,0.0,0.0,0.0
4.0,2.0,-2.0,13.0,5.070006167869025,748.0821764966851,312.62587815989383,1.0,1.0288601171588492,0.8625337040345011,69.72727272727273,9.19941467550522,71.73960998734886,9.464910860833138,9.272727272727273,4,0.0,0.0,0.0
4.0,2.0,-2.0,14.0,6.8041296810204415,778.774543726789,293.85461611036453,1.0,1.1174834290776277,0.8105876050155597,22.625000000000004,5.740197357450294,25.28306258288133,6.414575426585891,6.375,5,0.0,0.0,0.0
4.0,2.0,-1.0,1.0,18.121103869335542,440.2625414448988,469.6075246171505,1.0,0.22010014166129066,2.5511323935740986,448.24444444444447,22.36913106697169,98.65866572110876,4.923448916680447,33.75555555555556,5,-1.0595441696943908,0.4020121675907262,0.08070130777617379
4.0,2.0,-1.0,2.0,12.30892962429067,462.11651445248776,452.4118228480084,1.0,0.26582201896273167,2.4008773751135326,3554.865168539326,60.254318359345625,944.9614362414151,16.016924557504442,48.13483146067416,5,-0.9738406379865978,0.2967856010632772,-0.029496552446653723
4.0,2.0,-1.0,3.0,8.767059842745311,484.2228447130136,435.8959285640075,1.0,0.3140349536037094,2.2006885739761466,859.4831460674158,30.150625526997505,269.90774989845113,9.468350288493479,31.516853932584272,5,-0.8667502650238248,0.22915120625418695,-0.01705984274531147
4.0,2.0,-1.0,4.0,6.669659599039704,506.46334429973456,419.91878211499994,1.0,0.3646067010435064,1.9895045426406142,4515.549764890283,67.74194260133517,1646.399703174427,24.699166214151383,46.450235109717866,5,-0.710695051209882,0.22760579572599227,0.04495826071223963
4.0,2.0,-1.0,5.0,5.536326277184969,528.8355097588992,404.33439731350757,1.0,0.4176164168012583,1.790369400325441,46.46666666666667,8.955569341042603,19.405242834031803,3.7399927786214175,21.53333333333333,4,0.0,0.0,0.0
4.0,2.0,-1.0,6.0,5.075208228063502,551.3969411343118,388.9961680963418,1.0,0.4732542461797539,1.6127724476268812,659.0114942528735,26.366869076781597,311.87998793643686,12.47823274905254,22.988505747126435,4,-0.4880279019982936,0.20868664740879694,0.034216537885730425
4.0,2.0,-1.0,7.0,5.101378893857088,574.2415592016381,373.7561618637981,1.0,0.5317713358078194,1.4584673744513845,404.81818181818176,20.816593825897566,215.27070530474722,11.069667905766355,18.181818181818183,4,-0.45782028598046054,0.13321741303707313,0.02771573302067054
4.0,2.0,-1.0,8.0,5.493273806599632,597.4900503770806,358.4621409877867,1.0,0.5934499303055265,1.3257688228157283,12.625,5.4919448589123085,7.492305370107272,3.2591942937633043,11.375,4,0.0,0.0,0.0
4.0,2.0,-1.0,9.0,6.168499703606614,621.2874998633397,342.9531844793697,1.0,0.6585800762822563,1.2118575213329001,113.1111111111111,11.39861373421033,74.49272418392633,7.506899902588215,10.88888888888889,5,0.0,0.0,0.0
4.0,2.0,-1.0,10.0,7.069841815978123,645.8053657828639,327.05401411330195,1.0,0.7274357146222159,1.1138167856352947,97.64044943820225,10.590231866369201,71.027150113113,7.703712885727243,9.359550561797754,4,0.0,0.0,0.0
4.0,2.0,-1.0,11.0,8.156859973593015,671.246816302152,310.5677151816169,1.0,0.8002451473850878,1.0290254948320743,157.48837209302326,13.83859676452179,126.02930553701894,11.074269907427539,21.511627906976745,5,0.0,0.0,0.0
4.0,2.0,-1.0,12.0,9.400672777793773,697.8554662730036,293.26619756189257,1.0,0.8771513869463314,0.9552623687165954,140.3068181818182,12.411208402418534,123.07032016620857,10.88650866386138,8.693181818181818,4,0.0,0.0,0.0
4.0,2.0,-1.0,13.0,10.780631393022588,725.9283155398963,274.877318705671,1.0,0.9581577021742862,0.8906940421828576,126.31034482758622,12.083095177173854,121.02522976084175,11.5775107101141,12.689655172413792,5,0.0,0.0,0.0
4.0,2.0,-1.0,14.0,12.282155552254892,755.8345370476926,255.06694876177303,1.0,1.0430533242833053,0.8338240204883143,56.53409090909091,8.45614720897376,58.968071458061864,8.820212456949076,9.46590909090909,5,0.0,0.0,0.0
4.0,2.0,-1.0,15.0,13.89531185207727,788.0429842281046,233.41319688150386,1.0,1.1313143226928868,0.7834345747881367,17.551724137931032,5.3270962836892295,19.85651690519584,6.026620324101675,6.448275862068965,4,0.0,0.0,0.0
4.0,2.0,0.0,4.0,21.298108665677717,500.7480744834395,384.3021704523059,1.0,0.35149379307138473,2.1090519467190236,785.6,28.827186242619426,276.1335238368799,10.132577035993542,29.4,5,-0.7341970672821958,-0.04114286268094247,-0.00507215485663437
4.0,2.0,0.0,5.0,18.572900054383126,520.951325769229,368.96950495134934,1.0,0.39873352965982983,1.8759755009037682,2048.7640449438204,45.83716093477303,816.9109190805998,18.276812969107716,33.235955056179776,5,-0.6947405190944664,-0.06722303786318662,0.08145757009110355
4.0,2.0,0.0,6.0,16.819265867431938,541.8823969220113,353.7130246028816,1.0,0.44947578725516296,1.6744837426324446,308.1627906976744,18.597280516721554,138.5117129515852,8.359027301058525,23.837209302325583,5,-0.6097626509114207,-0.10330593280474432,-0.06926586743193752
4.0,2.0,0.0,7.0,15.791086978733915,563.4610739425111,338.3989192306304,1.0,0.5036556824003323,1.5036168011369975,27.57142857142857,7.198355821339498,13.886506671894876,3.6254928133571496,15.428571428571429,5,0.0,0.0,0.0
4.0,2.0,0.0,8.0,15.3155063129756,585.6900201760952,322.87954385974126,1.0,0.5613331213910007,1.3593991967871044,230.83146067415728,15.953734713434757,129.57334433546873,8.955359704536294,15.168539325842696,5,-0.4919928619830216,-0.24373202362596658,-0.06550631297560017
4.0,2.0,0.0,9.0,15.270116912977414,608.6324066263933,306.9912176595474,1.0,0.6226365961685948,1.2373751950970184,44.764044943820224,7.909394119587945,27.87173257455822,4.924678232376137,11.235955056179776,5,0.0,0.0,0.0
4.0,2.0,0.0,10.0,15.567233820161306,632.4011540449754,290.54940459341185,1.0,0.6877185110952181,1.133526404446636,88.71111111111111,10.47272766242673,61.00827325093579,7.202288675109814,13.28888888888889,4,0.0,0.0,0.0
4.0,2.0,0.0,11.0,16.143341002892328,657.1561371169475,273.3413356407106,1.0,0.7567127666117391,1.0445033321115444,121.77272727272728,11.81669571075862,92.14697735240225,8.941844503497226,11.227272727272727,5,0.425785959975542,-0.6780664099414366,0.10665899710767235
4.0,2.0,0.0,12.0,16.952040159929567,683.1076471045886,255.11553789231377,1.0,0.829687363348149,0.967602811587067,36.883720930232556,7.15500936441508,30.601957169073586,5.936420854292863,9.116279069767442,4,0.0,0.0,0.0
4.0,2.0,0.0,13.0,17.95931641170762,710.5258487108451,235.56711047298862,1.0,0.9065856984261906,0.9006695697081668,16.408602150537632,5.039369114118512,14.875804040842652,4.568619967950505,5.591397849462367,4,0.0,0.0,0.0
4.0,2.0,0.0,14.0,19.140338035350112,739.7572512928868,214.31673392038687,1.0,0.9871505624789013,0.8419890771593175,25.793103448275865,6.229842643109636,25.46167657704201,6.149792669300723,8.206896551724137,4,0.0,0.0,0.0
4.0,2.0,0.0,15.0,20.47728608302137,771.2507310630265,190.88004212545428,1.0,1.0708252734711896,0.7901936134305254,125.95505617977527,12.296108882479517,134.8758574787869,13.166984156712653,16.04494382022472,4,0.0,0.0,0.0
4.0,3.0,-5.0,-1.0,2.8614941572990062,495.43763720820317,746.1181910129723,1.0,0.32680553186177597,1.0140869568614255,570.470588235294,24.97445061239593,186.43294399973547,8.161788615339708,33.529411764705884,4,-0.914444215651713,1.0787656060617792,0.01848889950864052
4.0,3.0,-5.0,0.0,-1.1025216199871295,529.3337239939065,714.1134174615855,1.0,0.40433119987360466,1.0174804504058164,33.93333333333333,6.938139359927687,13.720305382377651,2.805306212289845,9.066666666666666,4,0.0,0.0,0.0
4.0,3.0,-5.0,9.0,-2.3007245726501537,761.6393028141658,532.950486135501,1.0,1.0541503813802613,0.8164831742862407,4.7727272727272725,4.56190206089775,5.031172274769428,4.808930797314763,10.227272727272728,5,0.0,0.0,0.0
4.0,3.0,-5.0,10.0,-1.121528782248987,789.7007823233195,517.4816035846035,1.0,1.1390234323651054,0.7844121969364642,42.06976744186046,7.17751808213409,47.91845091042966,8.175361281774979,5.930232558139535,4,0.0,0.0,0.0
4.0,3.0,-4.0,-1.0,9.875367980861824,465.33155725480736,685.6144141785848,1.0,0.26757091475102174,1.1776478878807781,955.1235955056179,31.547528584309195,255.56329414972305,8.441201081437617,25.876404494382022,4,-1.1139435021638633,1.3365829335422177,0.12957210145393283
4.0,3.0,-4.0,0.0,4.317166490113237,497.84102606659985,657.475610945298,1.0,0.33865614684466155,1.1829660414258583,36.804597701149426,7.178379481869935,12.464103243639153,2.43100233591885,9.195402298850574,5,0.0,0.0,0.0
4.0,3.0,-4.0,1.0,1.0096272815105465,526.1445863824498,632.7533854220891,1.0,0.40423840532887395,1.1774624679265715,730.4883720930233,27.6497153766731,295.29145464616886,11.17707685166358,21.51162790697674,4,-0.5938645051878666,1.4448927387428512,0.13668143053851844
4.0,3.0,-4.0,2.0,-0.970611297090187,552.181483867971,610.454087716173,1.0,0.4676663829496165,1.1615794194752667,66.72093023255813,9.615850219621098,31.203136108894174,4.497009891195474,16.27906976744186,4,0.0,0.0,0.0
4.0,3.0,-4.0,3.0,-2.0817224251550215,576.9411755075602,589.9913048298786,1.0,0.5307412469922181,1.1365341601798757,1058.2413793103449,33.3140629989769,561.6523492739374,17.681147338454316,32.758620689655174,4,-0.37629510085969287,1.0982026290762406,0.06507520455330473
4.0,3.0,-4.0,4.0,-2.5844476627909785,601.0246399853037,570.9634695550212,1.0,0.5946240442060192,1.1040754205888343,238.24999999999997,16.074489246798933,141.66917853208406,9.558277804477749,12.75,4,-0.1881205390283185,0.8083545338760132,0.07505412290963376
4.0,3.0,-4.0,5.0,-2.6404692834526884,624.8473915445935,553.0685222376859,1.0,0.6601593064312716,1.066179712940272,179.27586206896552,13.829735837725188,118.35062876331659,9.129828818760362,7.724137931034482,4,0.02877508413405394,1.0047761916335958,0.032058174870853495
4.0,3.0,-4.0,6.0,-2.356133120730334,648.7303238930141,536.0631862026082,1.0,0.7280127448202829,1.0247781408656897,5.01111111111111,3.8463193886501643,3.648152754599417,2.8001695355866785,5.988888888888889,4,0.0,0.0,0.0
4.0,3.0,-4.0,7.0,-1.8044291865826096,672.9472193956697,519.7402546130043,1.0,0.7987332979774068,0.9815683218415014,93.47777777777777,10.632722611046374,74.6638137320436,8.492709597600014,12.522222222222222,5,0.0,0.0,0.0
4.0,3.0,-4.0,8.0,-1.037049573262152,697.75340943619,503.91413145611625,1.0,0.8727773566833927,0.9379220286082853,103.26966292134831,11.30651440638159,90.13142343007935,9.868069756904424,15.730337078651687,4,0.0,0.0,0.0
4.0,3.0,-4.0,9.0,-0.09144910649237659,723.4059589497093,488.4103558649305,1.0,0.9505093959536716,0.8948696042530996,35.40449438202247,6.906814961873592,33.65230456910134,6.564992517374249,7.595505617977528,4,0.0,0.0,0.0
4.0,3.0,-4.0,10.0,1.0048066753574574,750.1805574991112,473.05690737448276,1.0,1.032183948164563,0.8531321176731633,10.977272727272727,5.1556606537726575,11.330564703715542,5.321590169007753,10.022727272727273,4,0.0,0.0,0.0
4.0,3.0,-4.0,11.0,2.2312567279439577,778.3882984309955,457.6759101206244,1.0,1.1179095546989481,0.8131753734586357,19.409090909090907,6.141454117526724,21.69760817529322,6.8655902377283216,11.590909090909092,5,0.0,0.0,0.0
4.0,3.0,-3.0,-1.0,21.6918044886078,444.7782258575663,633.2242228264706,1.0,0.227271699212403,1.37936295752337,1374.5505617977528,37.50930533034913,312.39644183313845,8.524803558705292,20.449438202247194,4,-1.4003568870839445,1.2386137466035052,0.17536613774209187
4.0,3.0,-3.0,0.0,13.639180425896228,474.7321069552286,608.295484453929,1.0,0.29057186037200733,1.3879210588709998,1029.5505617977528,32.587543423298385,299.15842208861835,9.469023117461385,20.44943820224719,5,-1.000717467893594,0.9194123228285207,0.06866223971066532
4.0,3.0,-3.0,1.0,8.708356122711194,501.4562505470742,585.9412984261652,1.0,0.35017362722786594,1.3790468438402443,933.5172413793103,31.218763222940712,326.89311849354436,10.931987555345051,26.482758620689655,5,-0.931577816249046,1.0646716582842828,0.07335045306546029
4.0,3.0,-3.0,2.0,5.605908187610254,526.4300232495997,565.4642661912433,1.0,0.4086353165351543,1.3537107189715158,44.49462365591398,7.7016124340858205,18.182074621746974,3.1471508348337394,9.505376344086022,4,0.0,0.0,0.0
4.0,3.0,-3.0,3.0,3.68342391848671,550.4130600229265,546.431315505888,1.0,0.46734801690876737,1.314510937505551,539.7333333333332,24.042061907014983,252.24330299289198,11.23600995464127,24.266666666666666,5,0.0,0.0,0.0
4.0,3.0,-3.0,4.0,2.5730265640322614,573.8732930203894,528.5310888584686,1.0,0.5272307867100635,1.2649923021393192,42.4,7.6,22.354585356506693,4.006953978996482,9.6,4,0.0,0.0,0.0
4.0,3.0,-3.0,5.0,2.0486242282147487,597.1411578900785,511.5184987432928,1.0,0.5889765939127751,1.2088799966462698,497.88235294117646,22.81018409110054,293.24105240457226,13.434664532499765,14.117647058823529,4,0.0,0.0,0.0
4.0,3.0,-3.0,6.0,1.9631588278201093,620.4783317747751,495.18764233971217,1.0,0.653155796964729,1.1494982893251822,13.604651162790699,4.929464617682345,8.885956772659686,3.219708390971745,6.395348837209301,4,0.0,0.0,0.0
4.0,3.0,-3.0,7.0,2.216856030784413,644.113677030079,479.3561037552844,1.0,0.7202619773696972,1.0894743307026113,468.2134831460675,22.55607553112324,337.23636920193997,16.24628356374707,25.786516853932586,5,0.0,0.0,0.0
4.0,3.0,-3.0,8.0,2.7398128028332565,668.2650809794677,463.8543841716983,1.0,0.7907289408882902,1.0306839871578206,67.40909090909092,9.272147653453219,53.30231906078793,7.331755493774908,11.59090909090909,5,0.0,0.0,0.0
4.0,3.0,-3.0,9.0,3.4818451414519984,693.1550895551213,448.517671147981,1.0,0.8649294429291077,0.9743412428877695,49.02325581395349,7.749596545614132,42.40165734173393,6.702854223123368,6.976744186046512,4,0.0,0.0,0.0
4.0,3.0,-3.0,10.0,4.406277168104481,719.0242831127607,433.17844248821456,1.0,0.943158924399704,0.9211431206094062,16.76136363636364,5.294393670557845,15.808629698745042,4.9934546396719375,7.238636363636364,4,0.0,0.0,0.0
4.0,3.0,-3.0,11.0,5.48599286616394,746.1448367158164,417.65887510092034,1.0,1.025604056692002,0.8714155282478295,75.67032967032966,9.742178145565042,77.60779708111126,9.991617427107672,12.32967032967033,4,0.0,0.0,0.0
4.0,3.0,-3.0,12.0,6.700848829387809,774.8362643056935,401.76212647176226,1.0,1.112293937953943,0.8252353710880815,18.46590909090909,5.51056695272781,20.539518740626786,6.129370216208476,7.534090909090908,5,0.0,0.0,0.0
4.0,3.0,-2.0,1.0,19.797591011083682,487.43276995332985,543.0989821000452,1.0,0.3200052166829225,1.6090327660528418,601.8850574712643,25.17062398507681,192.6063582343052,8.05473098238887,20.114942528735632,5,0.0,0.0,0.0
4.0,3.0,-2.0,2.0,15.196138377093291,510.1384044913093,524.2460727651421,1.0,0.3718582602063482,1.5691696611660901,1604.9885057471263,40.589701246397055,596.8282333983129,15.093615687780652,27.01149425287356,5,-0.9126041728455903,0.6781494940494213,0.05335065491944668
4.0,3.0,-2.0,3.0,12.118074106022732,532.5350177147143,506.4455978797512,1.0,0.425193853958509,1.5089915387627442,1377.8764044943819,37.59961393833828,585.8645787054597,15.987124757794126,23.123595505617978,5,-0.7820861784480257,0.5282937876218625,0.073507086935928
4.0,3.0,-2.0,4.0,10.106615003601348,554.8185457961517,489.4864848653985,1.0,0.4804522700426562,1.4353745499102173,193.57777777777775,14.848751870065222,93.00488276314617,7.134116543272973,17.42222222222222,5,-0.5665612191502305,0.5475364546286414,0.14338499639865177
4.0,3.0,-2.0,5.0,8.868516770510581,577.1576093589217,473.1836309767715,1.0,0.5380376832022956,1.354902813189596,649.1839080459771,26.02381857658306,349.2854058572696,14.001795055021612,17.816091954022987,4,0.0,0.0,0.0
4.0,3.0,-2.0,6.0,8.208601381932453,599.7100972862927,457.36855982446104,1.0,0.5983364453897121,1.2728125756200175,163.09302325581396,14.3953112671862,97.58449980274537,8.613239373886662,27.906976744186046,5,0.0,0.0,0.0
4.0,3.0,-2.0,7.0,7.992875238644444,622.633701057117,441.88240633431167,1.0,0.6617223294634808,1.1927098204184436,241.86666666666665,16.440059475426345,160.04857408623386,10.87875445259729,18.133333333333333,4,-0.29115026704926095,0.23175038932583902,0.06557364881121508
4.0,3.0,-2.0,8.0,8.126922310591084,646.0940314835989,426.5699341700451,1.0,0.728553050005275,1.116764764963108,164.60919540229884,13.91292305483335,119.92653136925911,10.136302526087546,18.39080459770115,5,-0.2544442415727417,0.2541746479662379,0.12307768940891606
4.0,3.0,-2.0,9.0,8.542775525777017,670.2721454086603,411.2738191700768,1.0,0.7991588656880821,1.0460780024746779,465.72093023255815,22.169000325819546,372.1850103318496,17.716553153820673,16.27906976744186,5,0.04939830686032565,0.08488452920431655,0.148093291838153
4.0,3.0,-2.0,10.0,9.190674000414731,695.372657053308,395.8286068104916,1.0,0.873822249711562,0.9810373443714351,329.0659340659341,18.808375296193287,287.54513480893104,16.435176814738984,15.934065934065936,5,-0.0949064420610739,0.10488952202678092,0.059325999585269074
4.0,3.0,-2.0,11.0,10.033737116783044,721.6334544920823,380.0537500270236,1.0,0.9527463836154535,0.9215964643578526,26.551724137931036,6.064653640663483,25.297059151168938,5.778076824022428,6.448275862068965,4,0.0,0.0,0.0
4.0,3.0,-2.0,12.0,11.044438143033915,749.3381834385598,363.74500049326537,1.0,1.036009238426776,0.86746818801955,76.37931034482759,9.484430364658339,79.12967114190721,9.825957479001476,8.620689655172415,4,0.0,0.0,0.0
4.0,3.0,-2.0,13.0,12.202222971452244,778.8330752856685,346.66314289643685,1.0,1.123499242507737,0.8182486477040294,29.366666666666667,6.667749911993467,32.99342775497721,7.49121197535569,9.633333333333333,5,0.0,0.0,0.0
4.0,3.0,-1.0,3.0,22.969438387515822,524.9856898991168,468.58335386143114,1.0,0.407810688163841,1.6772145534772929,316.1111111111111,18.377052249550687,128.9134897584586,7.4943583243121275,13.88888888888889,4,-0.6605987713877539,0.37489648616940485,0.14610593626006008
4.0,3.0,-1.0,4.0,19.911335860910214,545.1410609913808,452.42112973244855,1.0,0.45710982544253437,1.5777980788907842,267.5909090909091,16.950889198744093,122.31843374455455,7.748418002733653,12.409090909090907,4,-0.7281014719986842,0.24787327141359583,-0.023480046291417977
4.0,3.0,-1.0,5.0,17.792609292595245,565.8355400479561,436.6850025045791,1.0,0.5095748490599881,1.4727086043417865,64.66292134831461,9.669941270307204,32.950598385845296,4.927558863235743,18.337078651685392,5,0.0,0.0,0.0
4.0,3.0,-1.0,6.0,16.394849378221267,587.0713942455704,421.24339696379485,1.0,0.5653130936330575,1.3689545092282887,301.56179775280896,17.968069843398183,170.47683280918685,10.157585149786273,13.438202247191011,4,-0.4749978491740876,0.17281925242139096,-0.023646032017921925
4.0,3.0,-1.0,7.0,15.559356581790325,608.8985574107503,405.9601012469765,1.0,0.62450388416433,1.270708592430114,-0.96551724137931,4.359399028423644,-0.6029692674690081,2.722461625872772,12.96551724137931,4,0.0,0.0,0.0
4.0,3.0,-1.0,8.0,15.169988442451768,631.4053890920535,390.6926486876673,1.0,0.6873674118410356,1.1800063578453655,414.5824175824176,21.202917252968458,284.9704433684258,14.574194355652569,22.417582417582416,5,-0.1943219389937667,-0.014233232701428733,0.0800115575482323
4.0,3.0,-1.0,9.0,15.140921070439958,654.715284736997,375.28905745596177,1.0,0.7541368704857364,1.0975052658956843,42.34090909090909,7.582092048683578,31.93084067533925,5.71793516932902,9.65909090909091,4,0.0,0.0,0.0
4.0,3.0,-1.0,10.0,15.408114981275219,678.9876552372032,359.5830626019736,1.0,0.8250286703516918,1.023073130637999,108.65909090909092,11.520261525670097,89.64686529435089,9.504546048627352,15.340909090909092,4,0.0,0.0,0.0
4.0,3.0,-1.0,11.0,15.923391933500568,704.4227455692035,343.3876187461255,1.0,0.9002061430824005,0.9561773074324311,21.157303370786515,5.593533789114753,19.045934465440002,5.035333478500077,5.842696629213483,4,0.0,0.0,0.0
4.0,3.0,-1.0,12.0,16.65031051310666,731.2705080614578,326.4861103870347,1.0,0.979732162682183,0.8961182364594306,30.209302325581394,7.101862582188555,29.59702510056176,6.957923186719265,12.790697674418604,5,0.0,0.0,0.0
4.0,3.0,-1.0,13.0,17.561277149379407,759.8444845743403,308.62028012366915,1.0,1.0635058534425632,0.8421593691896309,31.640449438202246,7.13747628586933,33.64980318308155,7.590747808829518,12.359550561797754,4,0.0,0.0,0.0
4.0,3.0,0.0,8.0,23.74157109169451,624.5726258624398,355.21930823622165,1.0,0.6679742119510124,1.203494966301239,89.47058823529412,10.533682998298863,59.76404566926411,7.03622859973046,13.529411764705882,5,0.0,0.0,0.0
4.0,3.0,0.0,9.0,23.191572242406465,646.7152476418485,339.5102671334986,1.0,0.7304563902657478,1.1163224950882962,248.2413793103448,16.673225027512636,181.32950184562475,12.179063767685404,18.75862068965517,5,-0.11810995472899322,-0.18998419222532448,0.05842775759353458
4.0,3.0,0.0,10.0,23.00347728982723,669.9612147114635,323.33016025939634,1.0,0.7972028833571632,1.0382602699792656,63.258426966292134,8.589959288654095,50.42980037416661,6.84794031283569,6.741573033707866,4,0.0,0.0,0.0
4.0,3.0,0.0,11.0,23.120654035103968,694.4681139084494,306.479309442409,1.0,0.8682878765892544,0.9685377305819507,93.95833333333333,10.251056856083995,81.58288173786536,8.90086839036489,7.041666666666666,4,0.0,0.0,0.0
4.0,3.0,0.0,12.0,23.499074445061297,720.4514080013058,288.7209100119273,1.0,0.9437025936286201,0.9062661311914029,144.10465116279067,12.590804417035347,135.9919330562731,11.881974784226943,8.895348837209301,4,0.0,0.0,0.0
4.0,3.0,0.0,13.0,24.10460954070348,748.1959887380527,269.76733827987766,1.0,1.0232898793233314,0.8505634215233786,141.5,12.35463576125935,144.79551792425139,12.642373737222796,6.5,4,0.0,0.0,0.0
4.0,4.0,-6.0,3.0,7.090861704725711,665.6491496249525,762.0345657711916,1.0,0.7217471265604102,0.8055460273784706,41.76404494382023,7.701450142747442,30.14307943174208,5.558499510876227,11.235955056179776,4,0.0,0.0,0.0
4.0,4.0,-6.0,4.0,5.902386423959342,694.4941281456355,736.2316894684237,1.0,0.8036532387575592,0.793730556391267,3.2941176470588234,3.31818935909893,2.6473283159072536,2.666673625250725,4.705882352941177,4,0.0,0.0,0.0
4.0,4.0,-6.0,5.0,5.220422173511423,722.5673400244941,713.07998964215,1.0,0.8852411933772173,0.7792863876561217,38.22988505747126,7.33889818763926,33.842669070949704,6.496694989699676,9.770114942528735,5,0.0,0.0,0.0
4.0,4.0,-6.0,6.0,4.932607554787211,750.533416146862,692.0369698880569,1.0,0.9676031921980414,0.762666319700167,45.62068965517242,7.794389579560083,44.142724940620994,7.541876238417486,9.379310344827587,4,0.0,0.0,0.0
4.0,4.0,-6.0,7.0,4.960994760838503,778.9238615719573,672.6992067352404,1.0,1.0514786465555976,0.7443368455783798,4.197802197802198,3.0658875887611168,4.413899373453169,3.223715332322144,2.802197802197802,4,0.0,0.0,0.0
4.0,4.0,-5.0,1.0,14.106665462793245,571.9893563760414,744.9638427876067,1.0,0.4983556081996652,0.9202132803389111,111.36904761904762,11.311422146443686,55.50138946080795,5.637110663394105,10.63095238095238,4,0.0,0.0,0.0
4.0,4.0,-5.0,2.0,10.984796981035828,602.2937838456148,716.6499466256048,1.0,0.5763305198171567,0.9125565048743312,57.11627906976744,8.529147048682077,32.91785480630085,4.915607752163909,9.883720930232558,4,0.0,0.0,0.0
4.0,4.0,-5.0,3.0,8.887013774240529,630.2625673439974,691.5718278874216,1.0,0.6516872342948835,0.9002466206312978,30.528735632183903,6.50337067192437,19.89518729065759,4.238163646780851,7.471264367816092,4,0.0,0.0,0.0
4.0,4.0,-5.0,4.0,7.5192339153002195,656.9683704096162,668.9492931123591,1.0,0.7263773357072667,0.8838419078660454,35.96428571428571,6.619486539061494,26.123642037757765,4.808244995993604,5.035714285714286,4,0.0,0.0,0.0
4.0,4.0,-5.0,5.0,6.697870296889704,683.110871689105,648.2508148516637,1.0,0.8017002923258195,0.8640252719578735,4.269662921348315,3.714287254217499,3.422990012177657,2.9777451774882344,5.730337078651686,5,0.0,0.0,0.0
4.0,4.0,-5.0,6.0,6.300546022250728,709.2024662422978,629.085579634952,1.0,0.8785841691738745,0.8415341276464308,31.379310344827587,6.704805690104159,27.56936530855951,5.8907361367124285,8.620689655172413,5,0.0,0.0,0.0
4.0,4.0,-5.0,7.0,6.241848559751475,735.6602114399359,611.1486514936105,1.0,0.9577094191513842,0.8170979764409171,11.032967032967033,5.059360470073205,10.566376448659227,4.845397177071283,8.967032967032967,5,0.0,0.0,0.0
4.0,4.0,-5.0,8.0,6.460140014308962,762.8587020863561,594.1895216575188,1.0,1.039559714864899,0.791391192704964,42.33333333333333,8.281216339481942,44.008027929280715,8.60881889660639,16.666666666666668,4,0.0,0.0,0.0
4.0,4.0,-4.0,0.0,23.996693543233903,518.9756275322486,709.1981286247573,1.0,0.3815658329894996,1.04094079415325,184.58426966292132,14.439089729205735,70.43105061069099,5.509463300134514,15.415730337078651,4,0.0,0.0,0.0
4.0,4.0,-4.0,1.0,18.659712812675536,549.3633066871084,681.4729712701719,1.0,0.4541421787967214,1.0371588303856216,251.07865168539325,16.469947918752148,114.0254059257476,7.479698032490628,12.921348314606742,5,-0.7407100139608929,1.3287137589919666,0.0902871873244635
4.0,4.0,-4.0,2.0,14.999401858682347,576.8492067102367,656.8936347326242,1.0,0.5233058659628418,1.0262291624453321,115.47777777777777,11.611100478464031,60.43019849946461,6.076156990664186,12.522222222222222,4,0.0,0.0,0.0
4.0,4.0,-4.0,3.0,12.475557002584935,602.707589360534,634.6555582138612,1.0,0.5913477116150494,1.00881154098739,157.62790697674416,13.370657152434184,93.21290207736753,7.906707509881348,13.372093023255815,4,0.0,0.0,0.0
4.0,4.0,-4.0,4.0,10.76916403416729,627.6984141939485,614.2316992059674,1.0,0.6597045398449002,0.9858832031291634,72.65168539325842,9.384539257395742,47.928646681316,6.191023152456659,9.348314606741573,5,0.0,0.0,0.0
4.0,4.0,-4.0,5.0,9.675990081227809,652.3373821566007,595.2415329321244,1.0,0.7293868938902223,0.9585992033056329,102.51136363636364,11.198072304959789,74.77044511117836,8.167727176072741,14.488636363636363,5,0.0,0.0,0.0
4.0,4.0,-4.0,6.0,9.057917764652615,677.0151368640868,577.3903304408473,1.0,0.8011594445326415,0.9281537470939746,83.90909090909092,9.90783978757218,67.2245606639662,7.9377594207297335,9.090909090909092,4,0.0,0.0,0.0
4.0,4.0,-4.0,7.0,8.817765783940956,702.0589484471461,560.4364121943923,1.0,0.8756222088766968,0.8956690651601484,25.988636363636363,6.586469900014852,22.75622717842052,5.767259322550881,11.011363636363635,5,0.0,0.0,0.0
4.0,4.0,-4.0,8.0,8.88510095361167,727.7695238192941,544.171195215346,1.0,0.9532428764914677,0.8621237169938868,4.3068181818181825,4.277073466520832,4.105443752162117,4.077089814191651,8.693181818181818,4,0.0,0.0,0.0
4.0,4.0,-4.0,9.0,9.207725248820282,754.4466107629883,528.4055448074904,1.0,1.0343593439907526,0.8283192224666427,5.644444444444444,4.025695247062577,5.8383838527478025,4.164015494858338,6.355555555555556,5,0.0,0.0,0.0
4.0,4.0,-4.0,10.0,9.746316160466392,782.4101600407548,512.9592087609756,1.0,1.119159572724833,0.7948763761300776,16.20689655172414,5.514423849541311,18.138103420023153,6.171520239276282,8.793103448275861,5,0.0,0.0,0.0
4.0,4.0,-3.0,2.0,21.03456117701404,559.5013186515089,606.1313454800561,1.0,0.48588652654682435,1.1515363542579033,78.45238095238095,9.441309336922759,38.118954880280626,4.5874049997715005,6.5476190476190474,4,0.0,0.0,0.0
4.0,4.0,-3.0,3.0,17.928452686613525,583.1444354316886,586.0285148586629,1.0,0.5468673677733015,1.1270829397927609,157.29885057471265,13.191932540726164,86.02160836755897,7.214237424389879,10.701149425287356,4,0.0,0.0,0.0
4.0,4.0,-3.0,4.0,15.7377298613969,606.3911167104516,567.2539277846574,1.0,0.6091484904381396,1.095369475736817,39.20930232558139,7.709504013637316,23.88428732276054,4.696232731933949,12.790697674418604,5,0.0,0.0,0.0
4.0,4.0,-3.0,5.0,14.242246950662832,629.5699871808769,549.5377402539003,1.0,0.6734234344578546,1.058301535535271,505.2386363636364,23.29744171125354,340.2395377208031,15.689043211274036,23.76136363636364,5,-0.42800857125109815,0.704461172124752,0.00775304933716825
4.0,4.0,-3.0,6.0,13.288469346758859,652.9489462331303,532.6559932354271,1.0,0.7402625198332948,1.0177481771720627,108.46067415730337,11.722429423844726,80.28937195450331,8.677675143863256,18.539325842696627,5,0.0,0.0,0.0
4.0,4.0,-3.0,7.0,12.76621423109276,676.7676451391546,516.413525522826,1.0,0.8101497692898644,0.9753603356368346,96.35632183908046,10.78269361994849,78.06305190755096,8.735596748524562,12.643678160919539,5,0.0,0.0,0.0
4.0,4.0,-3.0,8.0,12.594594555544631,701.2586359759956,500.63233032171695,1.0,0.8834942623510896,0.9324795263974595,61.372093023255815,8.94448354183619,54.22189205452385,7.902399888906026,11.627906976744187,4,0.0,0.0,0.0
4.0,4.0,-3.0,9.0,12.713151873916729,726.6635130882212,485.1425807041242,1.0,0.9606234956941895,0.89011994963437,73.23333333333333,9.505682511003616,70.34966066800447,9.131381962679415,10.766666666666666,5,0.0,0.0,0.0
4.0,4.0,-3.0,10.0,13.076067021720974,753.2475236145762,469.7747539635863,1.0,1.0417608595308583,0.848997016206135,20.533333333333335,5.183716194029811,21.39082298236696,5.4001926378565255,3.466666666666667,4,0.0,0.0,0.0
4.0,4.0,-3.0,11.0,13.648273333677992,781.3150471591019,454.3517608594169,1.0,1.126986557786654,0.8095777766584878,30.86046511627907,6.656852339652034,34.77932935309046,7.5021831039584805,8.13953488372093,4,0.0,0.0,0.0
4.0,4.0,-2.0,4.0,22.379947802462368,593.3694355948228,525.1565055724442,1.0,0.5781441233189248,1.2004386875567659,24.573033707865168,6.142821072269519,14.206755030320096,3.551435903532279,8.426966292134832,4,0.0,0.0,0.0
4.0,4.0,-2.0,5.0,20.388718416847098,614.8508326162662,508.42597977608403,1.0,0.6368629404760723,1.1521296049966745,110.20454545454545,11.275361678976667,70.18519087201078,7.180859993804304,10.795454545454547,4,0.0,0.0,0.0
4.0,4.0,-2.0,6.0,19.00515279005276,636.789553464549,492.272341891801,1.0,0.6986851441995129,1.1003442869880733,195.47252747252747,14.503088378528096,136.5737510441861,10.133092395090182,9.527472527472527,4,-0.49224798468219433,0.6159414869455873,0.05602896390828249
4.0,4.0,-2.0,7.0,18.111388092881867,659.3303819794453,476.5370704695241,1.0,0.7639418425563265,1.047323257729658,158.95454545454547,13.226335486945095,121.43202833724881,10.104151102164963,10.045454545454545,4,0.0,0.0,0.0
4.0,4.0,-2.0,8.0,17.61830473705757,682.63427477744,461.0657579391491,1.0,0.8329433140542881,0.9947522713203072,134.5681818181818,12.290065614548904,112.08766732989636,10.236927982927016,10.431818181818182,4,0.0,0.0,0.0
4.0,4.0,-2.0,9.0,17.45786163725316,706.88525185393,445.70266594739047,1.0,0.9059610098933839,0.9437953566552817,77.71428571428571,9.452024035227407,70.40611276885726,8.56316524049116,7.285714285714285,4,0.0,0.0,0.0
4.0,4.0,-2.0,10.0,17.577674114494044,732.2987306641727,430.28487335720416,1.0,0.983200001469806,0.8951847001627203,153.13953488372093,13.40904903406042,150.56679092275982,13.183777029996905,16.860465116279073,4,0.0,0.0,0.0
4.0,4.0,-2.0,11.0,17.93715410063851,759.1322505430581,414.6354653620197,1.0,1.064759080506784,0.84932459987655,48.69662921348314,7.672559591526123,51.850178145128105,8.16942749580686,6.303370786516854,4,0.0,0.0,0.0
4.0,4.0,-2.0,12.0,18.504741828327695,787.6998661373755,398.5550496479283,1.0,1.1505750437941102,0.8063862238134406,3.793103448275862,4.131008577433023,4.364250166115591,4.753035374893845,8.206896551724137,4,0.0,0.0,0.0
4.0,4.0,-1.0,8.0,23.904538729627575,671.7119565145342,423.8062729811287,1.0,0.8029849888586298,1.0386405905269191,76.56818181818183,9.6592430469302,61.48310062419827,7.7562271704220445,10.43181818181818,4,0.0,0.0,0.0
4.0,4.0,-1.0,9.0,23.40895189131041,694.7677232023917,408.40375779342617,1.0,0.8717355878607654,0.9810259539529234,0.5517241379310349,3.7092080470240285,0.4809575657162848,3.2334486573703733,8.448275862068964,4,0.0,0.0,0.0
4.0,4.0,-1.0,10.0,23.231292576398374,719.0532803142972,392.77424632752445,1.0,0.9448896486233733,0.9267611423496317,29.875,6.33970255709183,28.22857825262328,5.990319321547201,6.125,5,0.0,0.0,0.0
4.0,4.0,-1.0,11.0,23.326841095142015,744.7842202427587,376.7362788598016,1.0,1.022512442898063,0.8761468447493165,45.65168539325843,7.775727401610966,46.6794163538745,7.950778020730636,9.348314606741573,5,0.0,0.0,0.0
4.0,4.0,-1.0,12.0,23.66014986274945,772.235729030651,360.07935003489274,1.0,1.1045342295381573,0.8292328833344165,140.5,12.675584978432141,155.1870592501111,14.000617488097985,12.5,5,0.0,0.0,0.0
4.0,5.0,-6.0,6.0,15.870460884498073,784.5049173446845,761.3630140493909,1.0,1.019815546680566,0.7093668504702048,19.272727272727273,5.2857050320605685,19.65462689966182,5.390444166863068,4.727272727272727,4,0.0,0.0,0.0
4.0,5.0,-5.0,3.0,22.278053138538354,659.7011936536729,754.7176287664763,1.0,0.7092657578460156,0.815993303689088,10.69767441860465,5.040667498099101,7.587494153701562,3.5751728530890383,9.30232558139535,5,0.0,0.0,0.0
4.0,5.0,-5.0,4.0,19.975624027725303,688.513318766159,729.2144521216732,1.0,0.7908070927961448,0.8037051227739371,54.764705882352935,8.251454731761632,43.308317846659456,6.525308927763409,8.235294117647058,4,0.0,0.0,0.0
4.0,5.0,-5.0,5.0,18.335450300059335,716.519641232816,706.3003548750155,1.0,0.87205441943267,0.7887065625033306,52.53488372093023,8.147495110887528,45.813277523218645,7.10505911875554,8.465116279069768,5,0.0,0.0,0.0
4.0,5.0,-5.0,6.0,17.213942003714976,744.3838285352895,685.4428375885927,1.0,0.9541133610409093,0.7714773534469954,23.8,5.727619892209122,22.707897992773642,5.464798666120417,5.2,5,0.0,0.0,0.0
4.0,5.0,-5.0,7.0,16.509939335029372,772.6338458215159,666.2454878426197,1.0,1.0377382733314109,0.7525094739354454,23.103448275862068,5.848756576787678,23.975332521794662,6.069478551131378,6.896551724137931,4,0.0,0.0,0.0
4.0,5.0,-4.0,4.0,22.9251264799492,663.6435817655199,664.745208851519,1.0,0.7451116201773855,0.8781085320651901,46.25287356321839,7.436595069521764,34.463553558549414,5.5410934008545185,5.747126436781608,4,0.0,0.0,0.0
4.0,5.0,-4.0,5.0,21.09829231732644,689.0909493605002,644.3262607312533,1.0,0.8190245686100437,0.8586495476526943,97.25842696629213,10.622540960976226,79.65704118975886,8.700122028106072,9.741573033707864,4,0.0,0.0,0.0
4.0,5.0,-4.0,6.0,19.808802386941778,714.648820731416,625.3597937607472,1.0,0.8947711142068454,0.8365491763184655,17.448275862068968,5.868542065034928,15.612213234091856,5.251001922301044,10.551724137931034,5,0.0,0.0,0.0
4.0,5.0,-4.0,7.0,18.955805514812482,740.6945385162442,607.560787590832,1.0,0.9729525945588694,0.8125179810426023,32.06896551724138,6.157438972234279,31.201583204818917,5.99089622387324,2.9310344827586206,4,0.0,0.0,0.0
4.0,5.0,-4.0,8.0,18.464039588798357,767.5773742118839,590.6912027985187,1.0,1.0539948635251732,0.7872146705732853,33.55172413793104,6.635835764252367,35.363344903792886,6.994136810718637,6.448275862068965,4,0.0,0.0,0.0
4.0,5.0,-3.0,6.0,23.63460363640246,693.7251239427553,574.9830870324467,1.0,0.8488346503607737,0.9003487948372692,46.337078651685395,8.155444273865665,39.33251795604304,6.922623688743536,12.662921348314606,4,0.0,0.0,0.0
4.0,5.0,-3.0,7.0,22.571552214848793,717.9223012511887,558.1706373366837,1.0,0.921676396956764,0.8705880486152637,114.30681818181819,11.511341200731973,105.3538963294101,10.609731482030593,11.693181818181817,4,0.0,0.0,0.0
4.0,5.0,-3.0,8.0,21.891638642645916,743.0129438284534,541.9787199233026,1.0,0.9979564373356414,0.8396718998042629,216.0,15.22768376809738,215.55859046449854,15.196565042084238,10.0,4,-0.3200417105369979,0.6990133337094449,-0.002733853483540827
4.0,5.0,-3.0,9.0,21.535888109624466,769.2685337218545,526.2291769897774,1.0,1.0779092327156277,0.8083325040498549,-4.179775280898876,2.962970561133398,-4.505418365957454,3.1938133241102937,8.179775280898877,4,0.0,0.0,0.0
5.0,-4.0,-2.0,-13.0,-37.47442641721389,44.621069433735755,87.65727370442545,0.0,0.993811146240372,0.7661514925282005,5.068965517241379,3.341907719508049,5.037594430942575,3.321225141353842,2.9310344827586206,4,0.0,0.0,0.0
5.0,-4.0,-2.0,-12.0,-35.04104375817133,80.17987180065622,94.62857492567736,0.0,0.9022967339986,0.8061224854556319,0.6666666666666665,3.7251232476089355,0.6015311559990665,3.3611665400598008,8.333333333333332,4,0.0,0.0,0.0
5.0,-4.0,-1.0,-14.0,-47.298004145847074,24.288014305471933,83.6006101164682,0.0,1.0451795067864875,0.7458860662213129,26.20689655172414,6.33676399146063,27.390911212335535,6.623055863217195,8.793103448275861,5,0.0,0.0,0.0
5.0,-4.0,-1.0,-13.0,-45.48367267994553,62.52333399152084,91.77358632846602,0.0,0.9481729515702243,0.7857884562666001,14.705882352941178,4.807721586282953,13.943719876032711,4.558551566793788,5.294117647058823,4,0.0,0.0,0.0
5.0,-4.0,-1.0,-12.0,-43.706969353572646,98.3735657882237,98.1519293368039,0.0,0.8549930319637183,0.8290894520253106,127.88764044943821,12.007225447479433,109.34304145855104,10.266094090812356,10.112359550561798,5,0.0,0.0,0.0
5.0,-4.0,-1.0,-11.0,-41.96766237328217,132.40316263314205,102.97630053520834,0.0,0.7659507300017531,0.8759823328899161,65.12359550561798,8.714379585730498,49.88146551786698,6.674785405202649,6.876404494382022,4,0.0,0.0,0.0
5.0,-4.0,-1.0,-10.0,-40.26698420108187,165.074862917729,106.42118972861084,0.0,0.6810769383720362,0.9265719637554163,34.25287356321839,6.617535966640805,23.328842256881238,4.507051135726552,5.747126436781609,5,0.0,0.0,0.0
5.0,-4.0,-1.0,-9.0,-38.60823286264659,196.78175458127643,108.61023734216604,0.0,0.6002082766877199,0.9808081120860027,5.545454545454546,3.6416602051244125,3.328427716177356,2.1857545959999722,4.454545454545455,4,0.0,0.0,0.0
5.0,-4.0,-1.0,-8.0,-36.99788106555076,227.87147307906116,109.62614582642414,0.0,0.5230491072301343,1.0383898446250848,108.06666666666666,10.988741713428542,56.524173521336515,5.747651542791336,7.933333333333334,4,0.0,0.0,0.0
5.0,-4.0,-1.0,-7.0,-35.447701402810026,258.6664328957437,109.51662754029314,0.0,0.44921271694791964,1.0986371024652903,198.42528735632183,14.607965438334965,89.13516244450501,6.562083843635757,9.574712643678161,4,0.27503731677512633,-0.3123539367627757,-0.044546884264640596
5.0,-4.0,-1.0,-6.0,-33.9791206178603,289.48395702555524,108.29691779203927,0.0,0.37824284768105315,1.1603343780698687,389.84615384615387,20.09798482641581,147.45651938827518,7.601919013394113,9.153846153846153,4,0.4658287122757656,-0.018706606455268115,-0.008930145792042765
5.0,-4.0,0.0,-14.0,-55.45809142373453,30.166975773944756,85.41555040999168,0.0,1.0307032872191655,0.7518084005684987,80.5,10.005112329567956,82.97161462114282,10.312302167082695,12.5,4,0.0,0.0,0.0
5.0,-4.0,0.0,-13.0,-54.28227776459812,68.4137018149041,93.36717340551911,0.0,0.9331379156808304,0.7927203891330079,8.727272727272728,4.678507214065841,8.14374908230543,4.365692470231128,8.272727272727272,5,0.0,0.0,0.0
5.0,-4.0,0.0,-12.0,-53.251617961743534,104.38937692571086,99.54161929094766,0.0,0.8393911085497827,0.8372418713162223,31.755555555555553,6.827026900217715,26.655330980391987,5.730545677872934,9.244444444444444,5,0.0,0.0,0.0
5.0,-4.0,0.0,-11.0,-52.39601688606689,138.6665772895692,104.1683528626466,0.0,0.7497066874187436,0.8856119293736436,122.93333333333332,11.710584006691459,92.16394210667754,8.779503143395571,9.066666666666666,4,0.0,0.0,0.0
5.0,-4.0,0.0,-10.0,-51.759335680193146,171.72776238175592,107.41034664691841,0.0,0.6640419222340179,0.9379877504518842,158.953488372093,13.406598554540073,105.55177996440726,8.902543474776596,13.046511627906977,5,0.0,0.0,0.0
5.0,-4.0,0.0,-9.0,-51.407308934272294,204.00168323179082,109.3775347933983,0.0,0.5821432204665181,0.9943751114830797,28.59090909090909,5.867511052432132,16.644003894247266,3.4157317801857303,3.409090909090909,4,0.0,0.0,0.0
5.0,-4.0,0.0,-8.0,-51.44187712775377,235.89671584240435,110.13391053954632,0.0,0.5035906837819624,1.0545259733595116,126.64772727272727,11.827355268386423,63.778615576704205,5.956145926938913,8.352272727272728,4,0.0,0.0,0.0
5.0,-4.0,0.0,-7.0,-52.02900384495078,267.8401597829155,109.69830974275203,0.0,0.4278059859556944,1.1177967796972952,62.26966292134831,8.458120539172388,26.639334541196163,3.618434596592753,5.730337078651685,4,0.0,0.0,0.0
5.0,-4.0,0.0,-6.0,-53.45793180388725,300.3412966237535,108.03580970368643,0.0,0.3540018046238217,1.1829697001036974,211.27586206896552,15.161555675830106,74.79203644586744,5.367218070148404,11.72413793103448,4,0.21729085618227373,-0.08235866034773665,-0.06815166320745192
5.0,-4.0,0.0,-5.0,-56.28504476108462,334.1286597766416,105.02781544553159,0.0,0.28099589407546444,1.2480601909947473,13.82758620689655,5.018211779600649,3.885494949112456,1.4100969056689119,7.172413793103448,5,0.0,0.0,0.0
5.0,-4.0,0.0,-4.0,-61.761481298991,370.55942236045297,100.3709984010668,0.0,0.20656986130306268,1.3101725098911992,1303.6777777777777,36.58077650729332,269.30053773944053,7.556485929469916,22.322222222222223,5,0.43216715578125786,-0.1508262795385491,0.05385970556292108
5.0,-4.0,1.0,-14.0,-63.99213507856051,24.04339513434428,84.49544552585837,0.0,1.046225293710902,0.745996256850728,28.6046511627907,6.288322209792516,29.926909564288593,6.579001750888963,6.395348837209302,4,0.0,0.0,0.0
5.0,-4.0,1.0,-13.0,-63.440177222012395,62.24537842507715,92.64449491349245,0.0,0.9492426125886652,0.7859139309947113,15.977011494252874,4.809489892304335,15.16606013216373,4.565372750589745,4.022988505747126,4,0.0,0.0,0.0
5.0,-4.0,1.0,-12.0,-63.1300838287483,98.0584288638136,99.00651950070863,0.0,0.856100239202854,0.8292328833344165,125.92857142857142,11.901058947910167,107.80748012247368,10.188499412073162,10.071428571428571,4,0.0,0.0,0.0
5.0,-4.0,1.0,-11.0,-63.11491229326836,132.04499183390246,103.82157336030707,0.0,0.7671111868501079,0.8761468447493166,58.29213483146067,8.381148853470345,44.716548734588315,6.4292730441530574,7.707865168539326,4,0.0,0.0,0.0
5.0,-4.0,1.0,-10.0,-63.46917371833608,164.66525521181578,107.2639834235315,0.0,0.6823096153871996,0.9267611423496317,25.604651162790695,5.9764727112356955,17.47029968700713,4.077804796975322,6.395348837209303,4,0.0,0.0,0.0
5.0,-4.0,1.0,-9.0,-64.29957387889435,196.30878883913832,109.45769685698599,0.0,0.6015372644185096,0.9810259539529234,1.965517241379311,3.657588661358136,1.1823318645467262,2.2001758777215317,7.034482758620689,5,0.0,0.0,0.0
5.0,-4.0,1.0,-8.0,-65.7629466119746,227.31803548069462,110.48631877070733,0.0,0.5245065711889494,1.0386405905269191,116.24137931034483,11.578084865289245,60.969367292343044,6.072781593627531,10.75862068965517,5,0.0,0.0,0.0
5.0,-4.0,1.0,-7.0,-68.09743930533693,258.00723742061007,110.3993585772364,0.0,0.4508439503296877,1.0989248836751708,205.0666666666667,14.747730522204275,92.45306608094131,6.648925087028283,7.933333333333334,4,0.09410280981552432,0.2937991937487965,-0.003959707124849388
5.0,-4.0,1.0,-6.0,-71.67931944536353,288.67991364817163,109.21540027571228,0.0,0.38011564004449605,1.160662588565469,439.625,21.638658324649175,167.10833825456157,8.225192458778183,18.375,5,0.17569202798665629,-0.2704702879291716,-0.0010912303248460375
5.0,-4.0,1.0,-5.0,-77.13183650042258,319.6491258463141,106.92205998053237,0.0,0.3118351077326647,1.2219411840106509,335.9204545454545,18.71005331476429,104.7517911327875,5.834451491093423,9.079545454545453,4,0.27666769100358124,0.13105697685966788,0.060132182435722825
5.0,-4.0,1.0,-4.0,-85.54450202206428,351.2702741488729,103.4708258953844,0.0,0.24544075569139898,1.2800450855054204,590.8571428571429,24.728732358971268,145.02042364851803,6.069438757476259,13.142857142857142,4,0.32875676291888567,0.0032138584530656544,0.042008565178093704
5.0,-4.0,2.0,-13.0,-72.54447157032219,44.095098229725124,89.41943447882494,0.0,0.995931468052437,0.7663841446688501,1.402298850574713,3.021786396186462,1.3965935529011189,3.009492161694866,4.597701149425287,4,0.0,0.0,0.0
5.0,-4.0,2.0,-12.0,-72.82900420132823,79.58628038853921,96.35229606721197,0.0,0.9044765945576266,0.8063862238134406,10.68181818181818,4.474648515676172,9.661454532774647,4.047214851301123,5.3181818181818175,5,0.0,0.0,0.0
5.0,-4.0,2.0,-11.0,-73.476975786167,112.90957138028942,101.72039469704316,0.0,0.8173398486253209,0.84932459987655,44.33333333333333,7.312181617000497,36.235399955722556,5.97653741596004,5.666666666666666,4,0.0,0.0,0.0
5.0,-4.0,2.0,-10.0,-74.56743294755377,144.48635141110873,105.72723717711648,0.0,0.7347454593479102,0.8951847001627203,199.11627906976747,14.654226331609669,146.299781928763,10.767126257406789,9.88372093023256,4,0.0,0.0,0.0
5.0,-4.0,2.0,-9.0,-76.20577516661142,174.63495734264995,108.5288637943076,0.0,0.6567485327168202,0.9437953566552818,65.0,9.256447384489267,42.68865462659331,6.079158237933774,12.999999999999998,5,0.0,0.0,0.0
5.0,-4.0,2.0,-8.0,-78.53328490392757,203.58259841410222,110.24838439715398,0.0,0.5833242023793456,0.9947522713203072,204.05747126436782,15.097389396866193,119.03166166483359,8.806672627937361,14.942528735632184,4,-0.09761987332967692,0.07207339969866666,-0.020005510950838357
5.0,-4.0,2.0,-7.0,-81.7396438338567,231.46330649476437,110.9886476609978,0.0,0.5144507630639462,1.0473232577296583,201.42528735632186,14.729039624855972,103.62339278083442,7.577365674206255,9.574712643678161,5,0.0,0.0,0.0
5.0,-4.0,2.0,-6.0,-86.07750194446729,258.2984253653077,110.84566510944654,0.0,0.45020004799142255,1.1003442869880733,275.83146067415726,17.044354163102458,124.17933683304977,7.673369062211529,9.168539325842696,4,0.07124655409296565,0.24173693998082513,-0.013968821054106684
5.0,-4.0,3.0,-13.0,-81.29984021476575,13.985412247999136,83.11272253808181,0.0,1.0716049544661428,0.7368040749434348,35.413793103448285,7.607884388918422,37.9495961460941,8.152646604170604,14.586206896551724,5,0.0,0.0,0.0
5.0,-4.0,3.0,-12.0,-82.00743542701662,49.32246490602205,90.999144245676,0.0,0.9828003626396202,0.7721362378755451,14.466666666666667,5.2489152318465875,14.217845246186506,5.158635793323453,8.533333333333333,4,0.0,0.0,0.0
5.0,-4.0,3.0,-11.0,-83.09343138129208,82.00359315097563,97.25386118007737,0.0,0.8983436419157499,0.809577776658488,23.685393258426966,5.527554555243374,21.277622439982032,4.965643490045326,4.314606741573034,4,0.0,0.0,0.0
5.0,-4.0,3.0,-10.0,-84.62240009236952,112.44015549106525,102.12043010596176,0.0,0.8187036809326974,0.848997016206135,12.44186046511628,4.939055291393692,10.1861969604417,4.043622747394132,7.558139534883722,4,0.0,0.0,0.0
5.0,-4.0,3.0,-9.0,-86.67338406901186,140.91389091952124,105.79172185491814,0.0,0.7441692329591025,0.89011994963437,101.95402298850574,10.717674315826368,75.87104708445102,7.9757634747139825,8.045977011494251,5,0.0,0.0,0.0
5.0,-3.0,-2.0,-14.0,-35.564998176941685,20.293061213968713,170.8429634508109,0.0,1.0915613608497718,0.7732857379252397,24.886363636363633,6.16096457578943,27.164992957511362,6.7250708764959475,8.113636363636363,4,0.0,0.0,0.0
5.0,-3.0,-2.0,-13.0,-32.94554706325886,56.10742378983335,176.36148343223633,0.0,0.9943486650815905,0.8180115929090785,40.56179775280899,6.8178045795874604,40.33256944881508,6.779274882499945,3.4382022471910108,4,0.0,0.0,0.0
5.0,-3.0,-1.0,-14.0,-42.907486551463535,37.09506124243427,173.91546479863732,0.0,1.046393952749992,0.793482268041032,98.92045454545455,10.633254207500276,103.50976543964408,11.126572900781696,9.079545454545455,4,0.0,0.0,0.0
5.0,-3.0,-1.0,-13.0,-40.8282295674164,72.97547944045147,179.03525535159864,0.0,0.9479707249422084,0.8420301180189675,36.166666666666664,7.030991485547488,34.2849412187432,6.665174095616947,7.833333333333332,5,0.0,0.0,0.0
5.0,-3.0,-1.0,-12.0,-38.73438695084485,106.7722436137166,183.0398663856882,0.0,0.8543762695712432,0.8959675079568888,22.65555555555556,6.215462598121074,19.35636904061961,5.31034374824227,10.344444444444445,5,0.0,0.0,0.0
5.0,-3.0,-1.0,-11.0,-36.612626433796294,138.94796534208746,186.06952191536124,0.0,0.7657133310785039,0.9560002618915977,18.056818181818183,5.378204407107273,13.826346398678895,4.118162811787201,6.943181818181818,4,0.0,0.0,0.0
5.0,-3.0,-1.0,-10.0,-34.44578473341599,169.88013596726904,188.22812048984727,0.0,0.6818673572465336,1.0228636957495818,146.12359550561797,12.527586023021213,99.63690989877718,8.542151974196086,6.8764044943820215,4,0.0,0.0,0.0
5.0,-3.0,0.0,-14.0,-51.03755651146048,42.63902398033221,175.14599266142275,0.0,1.031434286292153,0.8006126589867414,15.258426966292134,5.530122034453214,15.73806472791847,5.703957473714761,9.741573033707866,4,0.0,0.0,0.0
5.0,-3.0,0.0,-13.0,-49.58694865699073,78.5646585803701,180.12778491799372,0.0,0.9326087029287171,0.8505634215233786,131.27906976744183,12.044513617192813,122.43200297750248,11.23281822193746,8.72093023255814,4,0.0,0.0,0.0
5.0,-3.0,0.0,-12.0,-48.22567344745059,112.5061376127042,184.00349172945744,0.0,0.838585960841,0.906266131191403,141.9090909090909,12.373111342646224,119.00297135207282,10.37591746386566,7.090909090909091,5,0.0,0.0,0.0
5.0,-3.0,0.0,-11.0,-46.96867869518513,144.9345811002137,186.90688012436928,0.0,0.74940963744,0.9685377305819506,81.92045454545455,9.790265710691942,61.39197813982909,7.3369194766909125,9.079545454545453,4,0.0,0.0,0.0
5.0,-3.0,0.0,-10.0,-45.83832183394409,176.24522375357836,188.93509738160134,0.0,0.6649018720147826,1.0382602699792656,67.438202247191,9.2684968963602,44.839786919468814,6.162640937153099,11.561797752808989,5,0.0,0.0,0.0
5.0,-3.0,0.0,-9.0,-44.868357719417475,206.78213971413828,190.1563149759953,0.0,0.5847376077950731,1.1163224950882962,292.9550561797753,17.745151954168517,171.30183874203306,10.376257703640565,14.044943820224718,4,-0.12863730790493833,-0.1043708922736073,-0.059474378970740815
5.0,-3.0,0.0,-8.0,-44.11101428770442,236.85821047038138,190.6145549325344,0.0,0.5084946358748482,1.2034949663012393,112.13483146067416,11.165339898480697,57.019960292482985,5.677515446096857,7.865168539325843,4,0.0,0.0,0.0
5.0,-3.0,0.0,-7.0,-43.65031924870033,266.77373305969246,190.332236262724,0.0,0.43568245488470286,1.300189742298266,49.55555555555556,8.486736201745916,21.59048609761972,3.6975220623355396,14.444444444444443,5,0.0,0.0,0.0
5.0,-3.0,0.0,-6.0,-43.62922718795707,296.83816589227047,189.31036096973088,0.0,0.3657493089478417,1.4060346311460155,1011.0898876404494,32.26199206189135,369.8054276886453,11.799801301917515,18.91011235955056,5,0.3867628085599222,-0.18593270835441444,-0.11201063737341599
5.0,-3.0,0.0,-5.0,-44.31083987322236,327.40440122177375,187.5251154126903,0.0,0.29805716673266286,1.5191869277549743,346.90804597701145,19.293736015569902,103.39842930067238,5.750636292488701,16.091954022988507,5,0.503779266580068,-0.08711608783374913,-0.01528255279317392
5.0,-3.0,0.0,-4.0,-46.23794699168661,358.9434851220241,184.91615932461124,0.0,0.23178268325148582,1.6353755876056328,4010.2093023255816,63.796326977790976,929.4970724930922,14.786883848501546,37.79069767441861,5,0.6391363082908583,-0.1700129886430375,-0.05740514214490844
5.0,-3.0,1.0,-14.0,-59.61708003151537,36.94234776037047,174.66701304298974,0.0,1.047059927817223,0.7935938904707369,104.11235955056179,11.037367410694763,109.011879675892,11.556785124334228,10.887640449438202,4,0.0,0.0,0.0
5.0,-3.0,1.0,-13.0,-58.80215823109603,72.80031038070202,179.76843725676312,0.0,0.9486545923850628,0.8421593691896307,45.40449438202247,7.596321012013704,43.073182110427396,7.206284813277948,7.595505617977528,5,0.0,0.0,0.0
5.0,-3.0,1.0,-12.0,-58.177472830096335,106.5722282935532,183.75971366542493,0.0,0.8550869001065984,0.8961182364594308,40.860465116279066,7.369781751987691,34.93924845319287,6.30180383276933,8.13953488372093,5,0.0,0.0,0.0
5.0,-3.0,1.0,-11.0,-57.783227003834355,138.71948759909856,186.7806086129326,0.0,0.7664607002770633,0.9561773074324311,29.98876404494382,6.431385688834926,22.985209090331256,4.9294043788163,7.011235955056179,5,0.0,0.0,0.0
5.0,-3.0,1.0,-10.0,-57.675928700981075,169.61805032891178,188.93479290067458,0.0,0.6826632987280264,1.023073130637999,160.79310344827587,13.193378334104773,109.76755041271682,9.006635174926839,8.206896551724137,5,0.0,0.0,0.0
5.0,-3.0,1.0,-9.0,-57.93642796048154,199.57969451015535,190.29844521399886,0.0,0.6034481171804899,1.097505265895684,40.44827586206897,7.562109061641896,24.408435912162574,4.563340475161323,10.551724137931034,4,0.0,0.0,0.0
5.0,-3.0,1.0,-8.0,-58.68322782099344,228.86526680816243,190.92650440898169,0.0,0.5284979601937734,1.1800063578453655,655.8023255813955,25.86329863596585,346.5901913601004,13.668700572990353,8.19767441860465,5,0.12520762644919614,-0.025570289021032977,-0.045324293067530164
5.0,-3.0,1.0,-7.0,-60.095361847244476,257.6904782451634,190.85766406143486,0.0,0.45747668809075565,1.2707085924301145,4.233333333333333,4.59359457409022,1.9366513129175322,2.1014624321864592,10.766666666666666,4,0.0,0.0,0.0
5.0,-3.0,1.0,-6.0,-62.45333257526107,286.22207032713993,190.11925288779395,0.0,0.3900797115057567,1.3689545092282887,392.10344827586204,20.311574226593706,152.95159998386066,7.923133014537436,12.896551724137929,4,0.32299024094692186,-0.1601885603085691,-0.06731800953424738
5.0,-3.0,1.0,-5.0,-66.21531324679,314.5567683192094,188.73384518595282,0.0,0.3261010655134513,1.4727086043417865,118.63218390804597,11.885174191827755,38.6860815766015,3.8757679677680033,14.367816091954023,5,0.0,0.0,0.0
5.0,-3.0,1.0,-4.0,-72.1626170109128,342.66145684872663,186.73178584386875,0.0,0.26555656490015017,1.5777980788907837,532.1034482758621,23.63295260165804,141.30356389566268,6.275885711344376,16.896551724137932,5,0.5732957404563308,-0.08644637321285131,-0.035791121039636664
5.0,-3.0,1.0,-3.0,-81.66749607483744,370.21123959835415,184.1812256831725,0.0,0.20897020584024084,1.677214553477293,633.0574712643678,25.623966519508492,132.29015007881728,5.35464555802513,14.942528735632184,5,0.5910344852592857,-0.3045099122141721,-0.04617826633793243
5.0,-3.0,2.0,-14.0,-68.30089452877971,20.004270405160838,172.3656839655039,0.0,1.0928893532260051,0.7734924054477806,17.204545454545457,5.842412257940682,18.80266455436559,6.3851101538604755,10.795454545454545,5,0.0,0.0,0.0
5.0,-3.0,2.0,-13.0,-68.04844799750849,55.77646364752039,177.84377092026872,0.0,0.9957043834747439,0.8182486477040294,33.784090909090914,6.482503868487752,33.638967409891066,6.45465751774524,5.215909090909091,4,0.0,0.0,0.0
5.0,-3.0,2.0,-12.0,-68.05805926434992,89.17859092644363,182.18825092426155,0.0,0.9033880508700166,0.8674681880195501,74.3103448275862,9.074526942987232,67.13107757327192,8.197819207592685,4.689655172413793,4,0.0,0.0,0.0
5.0,-3.0,2.0,-11.0,-68.38102485918168,120.6578764271432,185.55579019797946,0.0,0.8162068351330874,0.9215964643578527,19.827586206896555,5.617056390999623,16.183411386259497,4.5846798196618845,7.172413793103448,4,0.0,0.0,0.0
5.0,-3.0,2.0,-10.0,-69.08555536834997,150.55513328611255,188.06680503665717,0.0,0.7342110568449923,0.981037344371435,327.9333333333334,18.496966718296754,240.77227924136787,13.580677482667308,9.066666666666666,4,-0.22876308359164454,0.09535329785637714,-0.05539492197718232
5.0,-3.0,2.0,-9.0,-70.26294867742175,179.12203262329353,189.81593048468366,0.0,0.6573321275631723,1.046078002474678,478.03448275862075,22.536630683234723,314.2274236002848,14.814051395116149,18.96551724137931,5,-0.2523280205914489,-0.014739735885854088,-0.0674039674145348
5.0,-3.0,2.0,-8.0,-72.0362123294521,206.52680012182404,190.88041584280623,0.0,0.5854646655804181,1.116764764963108,228.60000000000002,15.56573159218673,133.8372225516836,9.113185841134152,8.4,4,0.0,0.0,0.0
5.0,-3.0,2.0,-7.0,-74.57171214199472,232.8477964156154,191.32788542546925,0.0,0.5185431397647018,1.1927098204184434,283.1162790697674,17.28428041250321,146.8080042673367,8.96264503367295,9.883720930232558,4,0.05158438933818843,0.11329104511895594,-0.035718198562548764
5.0,-3.0,2.0,-6.0,-78.09359745970758,258.0517009899297,191.22491995937617,0.0,0.45662533795447313,1.2728125756200173,237.06741573033707,15.899789547763639,108.25098882585874,7.260246775652571,9.932584269662922,4,0.23804640977306235,-0.005752054472765167,-0.056105363472212844
5.0,-3.0,2.0,-5.0,-82.89755706462589,281.9498594217203,190.6482089080287,0.0,0.3999984247224323,1.3549028131895962,784.1176470588236,28.44894656316176,313.6458236205896,11.379533810277358,15.882352941176471,4,0.26462383137823053,-0.1260333472379216,-0.020961833253878126
5.0,-3.0,3.0,-13.0,-77.00146225310165,27.599985711820295,174.00039861740763,0.0,1.072613403573807,0.7825228535436992,7.59090909090909,3.66438070489588,8.142110836219352,3.930463859868556,3.409090909090909,4,0.0,0.0,0.0
5.0,-3.0,3.0,-12.0,-77.48516393020367,60.721441254079394,178.9298895355223,0.0,0.9822107989878508,0.8252353710880818,36.07692307692308,6.559561853411463,35.43514344040785,6.4428724890495,3.9230769230769234,4,0.0,0.0,0.0
5.0,-3.0,3.0,-11.0,-78.31293624080688,91.4980363987421,182.84919928030263,0.0,0.8970470067525002,0.8714155282478295,97.11627906976743,10.618208388331912,87.11786744647536,9.52503205182743,9.88372093023256,5,0.0,0.0,0.0
5.0,-3.0,3.0,-10.0,-79.54481944800354,120.25763779213548,185.901228292286,0.0,0.8173851234536818,0.9211431206094062,14.12359550561798,4.9940376013999375,11.544416855969416,4.0820520413526165,6.8764044943820215,4,0.0,0.0,0.0
5.0,-3.0,3.0,-9.0,-81.25496902986153,147.21935572152398,188.2014988215736,0.0,0.7433537499725649,0.9743412428877697,39.65168539325843,7.397851447183269,29.475229029811032,5.499220615003649,9.348314606741573,5,0.0,0.0,0.0
5.0,-3.0,3.0,-8.0,-83.53371371767923,172.50180560218956,189.8476554465902,0.0,0.6750357587674766,1.0306839871578206,68.53488372093022,9.22411892430338,46.263497234598915,6.226610117028572,10.465116279069768,4,0.0,0.0,0.0
5.0,-3.0,3.0,-7.0,-86.4884294652323,196.12164976288167,190.92748015965438,0.0,0.6125450407758305,1.0894743307026111,496.71264367816093,22.876606971286076,304.25886657570965,14.012952150039078,17.28735632183908,4,-0.04967295919755088,0.07848948046159876,-0.06636330297509119
5.0,-3.0,4.0,-12.0,-86.27785372659757,21.300501134745673,173.39499083605784,0.0,1.0897015580740506,0.7752681233430818,21.55172413793104,5.682306644228975,23.48494737228558,6.192018403670843,6.448275862068965,5,0.0,0.0,0.0
5.0,-3.0,4.0,-11.0,-87.40828355365737,51.75145465502544,178.0697249603808,0.0,1.0069928734579918,0.8131753734586357,13.393258426966291,4.910222403826894,13.48691578833625,4.944558967747452,6.606741573033708,4,0.0,0.0,0.0
5.0,-3.0,4.0,-10.0,-88.91911591908243,79.70613489678341,181.82384080660793,0.0,0.9298402648948552,0.8531321176731633,12.551724137931036,4.896517726933944,11.671098497300942,4.552979340274613,6.448275862068965,4,0.0,0.0,0.0
5.0,-2.0,-1.0,-15.0,-42.09946444360588,9.512334890155984,245.54912852364592,0.0,1.1441627894980992,0.7833440854285862,16.526315789473685,4.999612173324698,18.908795573810693,5.720370210639841,5.473684210526316,4,0.0,0.0,0.0
5.0,-2.0,-1.0,-14.0,-39.86924252001285,46.40225021065629,249.34023879997906,0.0,1.0400339569514043,0.8337189449067458,55.90909090909091,8.213126965136636,58.1473530477376,8.541930936495335,7.090909090909091,4,0.0,0.0,0.0
5.0,-2.0,-1.0,-13.0,-37.60664429097267,80.89140088712128,252.3664037594612,0.0,0.9410632720680718,0.8905708689450053,110.39325842696628,11.411576922918824,103.88704098953714,10.739015918538488,12.606741573033707,4,0.0,0.0,0.0
5.0,-2.0,-1.0,-12.0,-35.29451731517008,113.48861772497253,254.7330134269227,0.0,0.8474892884842039,0.9551164665418729,126.44186046511626,11.764109280835674,107.15812236020038,9.969956604065846,7.558139534883722,5,0.0,0.0,0.0
5.0,-2.0,-1.0,-11.0,-32.91100516696849,144.6025126346499,256.51899416379524,0.0,0.7592715108565833,1.0288506762577194,109.85714285714285,11.424106270585575,83.41139883553036,8.673998428253677,13.142857142857144,4,0.0,0.0,0.0
5.0,-2.0,0.0,-15.0,-49.66884515566994,14.889010941361676,246.48132339761446,0.0,1.1292504475015726,0.7901936134305253,123.98837209302327,12.226825741470142,140.013924671038,13.807148440078905,16.011627906976745,5,0.0,0.0,0.0
5.0,-2.0,0.0,-14.0,-47.979088326277946,51.756458481180545,250.1799302404272,0.0,1.0247966873365533,0.8419890771593174,9.204545454545453,4.353144346616516,9.432787690256909,4.461087905910451,5.795454545454546,4,0.0,0.0,0.0
5.0,-2.0,0.0,-13.0,-46.33844201624973,86.31336074249026,253.1224887980537,0.0,0.9255167515646864,0.9006695697081665,31.500000000000004,6.7136842013573705,29.153777674287625,6.21362719307143,8.5,5,0.0,0.0,0.0
5.0,-2.0,0.0,-12.0,-44.749760978394335,119.07077312754008,255.41042876447995,0.0,0.8315928252721982,0.9676028115870667,33.93103448275862,7.499821638782838,28.21680482992562,6.2367978656329885,14.068965517241377,5,0.0,0.0,0.0
5.0,-2.0,0.0,-11.0,-43.21825238356686,150.4464817125778,257.11893632927877,0.0,0.7429297848108386,1.0445033321115442,121.79069767441861,11.8784860813422,90.48193681521772,8.824881108290102,12.209302325581396,5,0.0,0.0,0.0
5.0,-2.0,0.0,-10.0,-41.75247289642937,180.79202074617444,258.3030964905546,0.0,0.6592515334011261,1.133526404446636,64.67415730337078,9.369828447776674,42.63653737367282,6.177073771902266,14.325842696629213,5,0.0,0.0,0.0
5.0,-2.0,0.0,-9.0,-40.36602999875038,210.41242523096435,259.0020462930963,0.0,0.580169879850151,1.2373751950970184,41.77272727272727,7.603351261991198,24.235278162831307,4.411235388127927,10.227272727272727,4,0.0,0.0,0.0
5.0,-2.0,0.0,-8.0,-39.080597162826336,239.5813968452132,259.2417449971228,0.0,0.5052317596159818,1.3593991967871044,235.1176470588235,16.135134351892866,118.78890254029876,8.151982320247106,15.882352941176471,4,0.14634359126509366,0.09357987218265862,-0.06920368357645401
5.0,-2.0,0.0,-7.0,-37.93155502038647,268.5537893631829,259.0367197782808,0.0,0.433949806744413,1.5036168011369975,18.379310344827587,5.652824014778199,7.975698172233523,2.453041888773176,8.620689655172413,4,0.0,0.0,0.0
5.0,-2.0,0.0,-6.0,-36.97933358432931,297.5770795769623,258.39096549218664,0.0,0.3658198318409895,1.6744837426324446,334.0,18.990348425801283,122.18382383489049,6.947046067728425,17.0,4,0.5263827923960207,-0.06890091578679858,-0.04853177446090484
5.0,-2.0,0.0,-5.0,-36.334496505726804,326.903988352258,257.2979863512254,0.0,0.3003264296829704,1.8759755009037682,2450.8333333333335,49.996610996257644,736.0500247480134,15.015303676754396,31.166666666666668,5,0.0,0.0,0.0
5.0,-2.0,0.0,-4.0,-36.22090463837418,356.8109103560805,255.73959066273937,0.0,0.23693268299594433,2.109051946719023,1032.6363636363635,32.82926028070862,244.66530419553922,7.778324719080481,28.363636363636363,5,0.6597207550306052,-0.09567955162827957,-0.06676647273693703
5.0,-2.0,1.0,-15.0,-57.72089256956133,9.444372746518809,246.24028033948306,0.0,1.1445253206547787,0.7834345747881367,17.47619047619048,5.76751006376243,20.001942508585902,6.601061305107359,9.523809523809522,5,0.0,0.0,0.0
5.0,-2.0,1.0,-14.0,-56.59107384422444,46.32040304330141,250.01160685980773,0.0,1.0404050035615453,0.8338240204883144,35.91011235955057,6.954357300930579,37.3610605773337,7.235348132442938,8.089887640449438,4,0.0,0.0,0.0
5.0,-2.0,1.0,-13.0,-55.594182437885536,80.79499483476468,253.02230268280414,0.0,0.9414480387203846,0.8906940421828576,126.19101123595506,11.825814673430195,118.8022800322319,11.133390030571602,8.808988764044944,4,0.0,0.0,0.0
5.0,-2.0,1.0,-12.0,-54.752955727640426,113.37630723052759,255.37720244182123,0.0,0.8478931649381992,0.9552623687165955,119.77272727272728,11.73176446749001,101.55447680055251,9.947282904649612,11.227272727272725,5,0.0,0.0,0.0
5.0,-2.0,1.0,-11.0,-54.09921638382386,144.47219759177784,257.15484718327485,0.0,0.7597004656960868,1.0290254948320743,151.35632183908046,13.086882046602158,114.98546818719623,9.942110385313418,12.643678160919539,4,0.0,0.0,0.0
5.0,-2.0,1.0,-10.0,-53.67790274802127,174.4157620931693,258.41404884470614,0.0,0.6766532332673687,1.1138167856352943,69.64044943820224,9.775397132203189,47.12243527855225,6.614554075977852,16.359550561797754,5,0.0,0.0,0.0
5.0,-2.0,1.0,-9.0,-53.55354634813041,203.48195928759066,259.1985688183477,0.0,0.598434533943799,1.2118575213329004,100.05882352941177,10.982370270001136,59.87865542578836,6.572229634126363,12.941176470588234,4,0.0,0.0,0.0
5.0,-2.0,1.0,-8.0,-53.82102955069301,231.8969525340338,259.5406683367435,0.0,0.5246860375634186,1.325768822815728,16.176470588235293,5.51656831296025,8.487568254702358,2.8944663690750265,8.823529411764707,5,0.0,0.0,0.0
5.0,-2.0,1.0,-7.0,-54.62414506882308,259.83984289023505,259.46416581713635,0.0,0.45505787666141906,1.4584673744513845,430.47058823529414,21.25931507618838,195.889031847545,9.674218777846377,13.529411764705882,5,0.27724965450607897,0.06985657735111772,-0.050129981420958813
5.0,-2.0,1.0,-6.0,-56.18899527290192,287.4335680560753,258.98775522748133,0.0,0.3892612234211117,1.612772447626881,706.1609195402298,27.213070309440177,274.88106347240705,10.592993041697413,21.839080459770116,5,0.0,0.0,0.0
5.0,-2.0,1.0,-5.0,-58.88673860629953,314.7157613513273,258.1298921789865,0.0,0.3271435908292341,1.7903694003254407,51.53333333333333,8.429972980054233,16.85879971406653,2.7578116312883614,12.466666666666667,4,0.0,0.0,0.0
5.0,-2.0,1.0,-4.0,-63.35547571596581,341.5655820069481,256.91816942733607,0.0,0.2688299947174394,1.9895045426406144,5431.827586206897,74.07846051001525,1460.2381813060417,19.91451214758344,35.17241379310345,4,0.5937217865358093,-0.10689931100347394,-0.10129218537510809
5.0,-2.0,1.0,-3.0,-70.73409370453628,367.5227751762909,255.41063445830858,0.0,0.2150375544869966,2.2006885739761466,1210.7333333333331,35.34148752869269,260.35313513588966,7.599747050102765,24.266666666666666,5,0.6983928086024775,-0.17214636878267697,-0.06488705606243172
5.0,-2.0,2.0,-14.0,-65.35401013689525,30.11190260919838,248.77176695158704,0.0,1.0865736690736694,0.8105876050155597,13.887640449438202,5.448036423437543,15.08994443792197,5.919692925861522,10.112359550561798,4,0.0,0.0,0.0
5.0,-2.0,2.0,-13.0,-64.93990996804172,64.44199831622313,252.00088549163448,0.0,0.988542801589324,0.8625337040345012,76.69767441860465,9.560770305074412,75.81893394515326,9.451230662730275,9.30232558139535,4,0.0,0.0,0.0
5.0,-2.0,2.0,-12.0,-64.7599100102052,96.61782098571638,254.5633118448634,0.0,0.8959860572843786,0.9207634388465211,57.97752808988765,8.955049130867202,51.94705680435275,8.023599163553607,14.022471910112358,5,0.0,0.0,0.0
5.0,-2.0,2.0,-11.0,-64.85987503221635,127.03092289149681,256.54703964531524,0.0,0.8090129627686637,0.9862651760710729,79.93103448275862,9.946667134215076,64.66524302406077,8.046982647925033,12.068965517241377,4,0.0,0.0,0.0
5.0,-2.0,2.0,-10.0,-65.30105465475393,155.97953128229278,258.02044518882394,0.0,0.727555698601482,1.0601524537779738,2.1666666666666674,3.8204478789095986,1.5763706803032114,2.779588625510623,7.833333333333334,5,0.0,0.0,0.0
5.0,-2.0,2.0,-9.0,-66.16585864329471,183.6814939799032,259.03796646626324,0.0,0.6514593610504034,1.143623551332605,226.7142857142857,15.774957799106128,147.69514371242715,10.276743928402755,14.285714285714286,5,0.0,0.0,0.0
5.0,-2.0,2.0,-8.0,-67.56606713875648,210.27709330688225,259.644805320929,0.0,0.580557539128073,1.2378530566321224,288.2352941176471,17.519144249218154,167.3371730427975,10.170871272955823,11.764705882352942,5,-0.002888259113831282,0.019247153047956544,-0.08932285126205386
5.0,-2.0,2.0,-7.0,-69.65424495610733,235.82081139012155,259.8814295523838,0.0,0.5147430799071,1.343754137181358,290.8876404494382,17.597403287109884,149.73239995185295,9.058141566374267,12.112359550561798,5,0.13764478784685252,-0.06918082550089366,-0.08617316235957162
5.0,-2.0,2.0,-6.0,-72.63866143878289,260.2588075977569,259.7886885379079,0.0,0.4540458511965407,1.4615118643316547,841.5714285714286,29.593159717083545,382.112015628403,13.436651393338376,21.42857142857143,5,0.1945195848056187,-0.02102621522311665,-0.09767231741592752
5.0,-2.0,2.0,-5.0,-76.79969312142299,283.3863264752859,259.4145161435068,0.0,0.3987318011174702,1.5897527522601553,28.64044943820225,7.40436752887877,11.41985798930822,2.952356800925544,16.359550561797754,5,0.0,0.0,0.0
5.0,-2.0,2.0,-4.0,-82.49802976226127,304.7780572386923,258.8232742210562,0.0,0.3494380351425205,1.7242474339877734,370.875,20.02707684157081,129.5978312834823,6.998222381166779,19.125,4,0.4134959824460225,-0.05561423606320659,-0.04471329701625848
5.0,-2.0,3.0,-13.0,-74.03141665510995,37.41484441359279,249.85313125083573,0.0,1.065930097423166,0.8209739082805556,15.613636363636365,5.215054891433182,16.6430449302208,5.55888396849253,7.386363636363637,4,0.0,0.0,0.0
5.0,-2.0,3.0,-12.0,-74.36021619609399,69.22705429128075,252.75760514418488,0.0,0.9748480704331869,0.8706995960553499,93.44444444444444,10.567712297838002,91.0941363593678,10.301913942440436,11.555555555555555,4,0.0,0.0,0.0
5.0,-2.0,3.0,-11.0,-75.01021601193202,98.88756407537616,255.0676740319205,0.0,0.8895133878180739,0.9254526793826242,42.13793103448276,6.970029265842884,37.48225379012712,6.199934345451026,3.862068965517241,4,0.0,0.0,0.0
5.0,-2.0,3.0,-10.0,-76.038573137186,126.67865848357789,256.8642789596979,0.0,0.8100520712588831,0.9856668941825412,341.86813186813185,19.11754423362095,276.9309883171852,15.486206303827968,15.131868131868131,4,-0.39764873722519667,0.21248113473882313,-0.10161392014192927
5.0,-2.0,3.0,-9.0,-77.51642733953702,152.785455278982,258.2137034069365,0.0,0.736487386566863,1.051664766318854,72.91111111111111,9.256002390174366,53.69811367390839,6.816929010396156,8.088888888888889,4,0.0,0.0,0.0
5.0,-2.0,3.0,-8.0,-79.53134417322781,177.30118358273742,259.1727902676332,0.0,0.6688216165045328,1.1235316397190773,155.24719101123594,13.299655000352185,103.8326772499228,8.89509675628814,13.752808988764045,4,0.0,0.0,0.0
5.0,-2.0,3.0,-7.0,-82.1889582583969,200.2240807902342,259.7934517165734,0.0,0.6071060796628139,1.2009170183852207,21.133333333333333,6.558342157272054,12.830175150207468,3.9816093961887984,13.866666666666667,5,0.0,0.0,0.0
5.0,-2.0,3.0,-6.0,-85.61209110242841,221.4470627904513,260.126876825943,0.0,0.5515041916251688,1.2827442304735888,1354.6896551724137,37.43236468990759,747.1170231788408,20.644106028925997,29.31034482758621,5,0.08583653204573238,-0.06657069495901169,-0.12389880472861137
5.0,-2.0,4.0,-12.0,-83.3428466412887,31.40039497075631,249.61725628790427,0.0,1.0830818099366626,0.8125840811287958,26.988764044943817,6.242624634557878,29.231039409751272,6.761273187952144,7.01123595505618,5,0.0,0.0,0.0
5.0,-2.0,4.0,-11.0,-84.3389006679382,60.624357223474306,252.3692415824487,0.0,0.9996362658610944,0.8565413872506655,15.136363636363637,5.4071807169527,15.130858024170202,5.405213940730713,8.863636363636363,5,0.0,0.0,0.0
5.0,-2.0,4.0,-10.0,-85.70047950008544,87.53953276563048,254.5808389199977,0.0,0.9221988375899706,0.9036069077275425,50.8494623655914,7.81156294646283,46.89331508562334,7.203814268988907,6.150537634408602,5,0.0,0.0,0.0
5.0,-2.0,4.0,-9.0,-87.47751265472452,112.3449240928931,256.3304179600439,0.0,0.8509723389019317,0.9536342056311754,9.117647058823529,4.2965343723117995,7.758865442929377,3.656231903978715,5.882352941176471,4,0.0,0.0,0.0
5.0,-1.0,-1.0,-15.0,-40.38651943071045,16.035378286442466,314.94637536656836,0.0,1.13838732938147,0.805937962231736,44.25882352941177,7.502027407635452,50.38368391921283,8.540212945524713,7.741176470588234,4,0.0,0.0,0.0
5.0,-1.0,-1.0,-14.0,-38.063702955973326,52.04096671201819,316.7236569814265,0.0,1.0337142827675598,0.8611019391429654,20.608695652173914,5.51398805513865,21.303503044861888,5.699888207606542,6.391304347826087,4,0.0,0.0,0.0
5.0,-1.0,-1.0,-13.0,-35.69164670506888,85.78901954626934,318.1436885536145,0.0,0.9345953284251051,0.9241640359676631,139.2758620689655,12.57485836978747,130.16657005203444,11.752403888010702,11.724137931034482,5,0.0,0.0,0.0
5.0,-1.0,-1.0,-12.0,-33.249518307611964,117.75272995328687,319.2542334018433,0.0,0.8411596797168704,0.9968927066378571,-1.000000000000001,4.225771273642583,-0.8411596797168713,3.554548411093947,12.000000000000002,5,0.0,0.0,0.0
5.0,-1.0,0.0,-15.0,-47.94809401467856,21.304939100003082,315.54309576004607,0.0,1.1232418666643733,0.8133918482388877,49.137931034482754,7.660984125069441,55.19378137919765,8.605138109129129,5.862068965517241,4,0.0,0.0,0.0
5.0,-1.0,0.0,-14.0,-46.16283034815797,57.30606347595298,317.2732399500619,0.0,1.0183041661957306,0.8702092326808333,26.86046511627907,6.322630980871906,27.352123533862066,6.438361469140061,8.13953488372093,5,0.0,0.0,0.0
5.0,-1.0,0.0,-13.0,-44.40884012965452,91.13586291212746,318.650805874467,0.0,0.9189241745907054,0.9354467849348157,22.153846153846153,5.864920716657611,20.35770479093255,5.389417428594524,7.846153846153847,4,0.0,0.0,0.0
5.0,-1.0,0.0,-12.0,-42.68484782746074,123.27069218208365,319.7216462642634,0.0,0.8251771196353329,1.0110934844550474,89.3932584269663,10.608217379713505,73.765271503581,8.753658261857469,14.606741573033709,5,0.0,0.0,0.0
5.0,-1.0,0.0,-11.0,-40.990366041156506,154.10209737480287,320.5198768834378,0.0,0.7368879899104079,1.0998045058853239,108.51162790697676,11.26705185683543,79.96091537027823,8.302555194999789,11.488372093023255,4,0.0,0.0,0.0
5.0,-1.0,0.0,-10.0,-39.32592052703404,183.96093140040105,321.0705655673709,0.0,0.6537229976878269,1.2051974774670051,222.11363636363635,15.601813374685406,145.20079219098028,10.199264208665376,13.886363636363637,5,0.0,0.0,0.0
5.0,-1.0,0.0,-9.0,-37.693460096113256,213.13500987177295,321.39156715148073,0.0,0.5752541648733821,1.332315705082529,47.777777777777786,8.635270767877977,27.484365655061595,4.967475474031175,17.22222222222222,5,0.0,0.0,0.0
5.0,-1.0,0.0,-8.0,-36.09710524611745,241.8825517547971,321.4947649038219,0.0,0.5010033074624739,1.4883724029554413,106.88372093023256,11.463128277099656,53.54909769994256,5.743065180693538,15.116279069767442,4,0.0,0.0,0.0
5.0,-1.0,0.0,-7.0,-34.54456741478532,270.442903565271,321.3868806270327,0.0,0.43047081001404747,1.6839781543186345,106.97777777777776,11.431513730597516,46.05081065350276,4.920932975297018,15.022222222222222,4,0.0,0.0,0.0
5.0,-1.0,0.0,-6.0,-33.050015139322625,299.04561344489775,321.06995230769735,0.0,0.36315344486359546,1.9352056231741332,1722.2209302325582,42.003069436373316,625.4304636301395,15.253559360663768,26.77906976744186,5,0.5187927643488592,0.10683874021833617,-0.1580009306786394
5.0,-1.0,1.0,-15.0,-56.017529008624294,16.022416377959644,315.5933099223916,0.0,1.1385020289112915,0.8060144659002711,55.98876404494382,7.909152935942046,63.74332146140411,9.004586664539717,4.01123595505618,4,0.0,0.0,0.0
5.0,-1.0,1.0,-14.0,-54.79596295154148,52.02004803740988,317.3530399579483,0.0,1.0338362937587071,0.8611908243925614,11.75,4.720931060992591,12.147576451664808,4.8806698711869405,6.25,5,0.0,0.0,0.0
5.0,-1.0,1.0,-13.0,-53.690653805395186,85.76007556804775,318.75912907392996,0.0,0.9347272550106174,0.924268441430434,141.13333333333333,12.767609480707492,131.92117325716512,11.934232562949248,13.866666666666667,5,0.0,0.0,0.0
5.0,-1.0,1.0,-12.0,-52.7207200694488,117.71532238752933,319.85886512864874,0.0,0.8413040532938568,0.9970168823619988,12.696629213483147,4.808772965860654,10.681725620472566,4.045640187548489,6.303370786516854,5,0.0,0.0,0.0
5.0,-1.0,1.0,-11.0,-51.91309328254093,148.26719125856027,320.6878266209832,0.0,0.7534441993403102,1.0817524676072907,14.627906976744185,5.981176530411005,11.02131166011756,4.506482762068575,13.372093023255815,4,0.0,0.0,0.0
5.0,-1.0,1.0,-10.0,-51.305991505274335,177.72828484279165,321.2727560392423,0.0,0.670870517885821,1.1815529806753016,214.77272727272725,15.25235383541377,144.08469077320473,10.232354516541823,11.227272727272727,4,-0.3804149744725578,0.2303423341115831,-0.13695969534533248
5.0,-1.0,1.0,-9.0,-50.954521405709045,206.3570121917387,321.6336320154161,0.0,0.5932231994206602,1.3005708992837184,477.66666666666663,22.48021693081953,283.36294825660195,13.335786211371255,17.333333333333332,4,0.0,0.0,0.0
5.0,-1.0,1.0,-8.0,-50.94002274318595,234.36543205459935,321.78526906788505,0.0,0.5201149309654587,1.4444899169859,576.1931818181819,24.55077015253584,299.6866769841316,12.769222123035021,16.80681818181818,4,0.21723668353283188,0.19242815289862847,-0.08334166213080607
5.0,-1.0,1.0,-7.0,-51.38628457587757,261.9197368613816,321.73873228528305,0.0,0.45117803241617477,1.6211752100311194,925.2500000000001,30.8974660626225,417.4524744930658,13.940257944779553,18.75,4,0.3175621873451746,0.18049257244138062,-0.09232216196150489
5.0,-1.0,1.0,-6.0,-52.48897355770967,289.1299287017268,321.50292424868235,0.0,0.3861153728023807,1.8415268776930422,59.92857142857143,9.250206837180034,23.139342698656957,3.5716470614368996,16.071428571428573,4,0.0,0.0,0.0
5.0,-1.0,1.0,-5.0,-54.57163910741377,316.0192630099734,321.0869791417197,0.0,0.3247751765386429,2.1203049075559477,1817.5393258426968,43.20502905962949,590.2916554164879,14.031920940198365,31.460674157303373,5,0.5428367050390079,0.07317571175167359,-0.1405464103136822
5.0,-1.0,1.0,-4.0,-58.19692085131925,342.4493609895737,320.5048854061429,0.0,0.26729282607551347,2.475706113264245,841.5172413793103,29.830675542625077,224.93152163954588,7.973525569529958,30.48275862068966,5,0.5996813303700606,0.012903035506894867,-0.08474671166424486
5.0,-1.0,1.0,-3.0,-64.38951049131082,367.9382181993417,319.7859094687916,0.0,0.2144054915644294,2.9230237286633094,7364.033707865169,86.1703487219576,1578.8892670318592,18.47539597600962,38.96629213483146,4,0.7712294718938892,-0.06017833091988223,-0.1067550420992518
5.0,-1.0,2.0,-14.0,-63.60820314534931,36.21015088569786,316.93703142763667,0.0,1.0800774438927705,0.8356488147105463,42.93103448275862,7.169859735354185,46.36884198781032,7.744003776031044,5.068965517241379,4,0.0,0.0,0.0
5.0,-1.0,2.0,-13.0,-63.09789327553719,69.7733563191133,318.44124689206933,0.0,0.9817379001809422,0.8929000526915017,74.66666666666667,9.37871619467811,73.30309654684369,9.207441143356284,8.333333333333332,4,0.0,0.0,0.0
5.0,-1.0,2.0,-12.0,-62.80533447543442,101.30178230352594,319.63543675551756,0.0,0.889181526723862,0.9579615228276966,41.22988505747126,7.540518988009699,36.66085214205164,6.704890186048735,9.770114942528735,5,0.0,0.0,0.0
5.0,-1.0,2.0,-11.0,-62.773236244635285,131.15908749807966,320.5594090632062,0.0,0.8024281602025215,1.0323720102020817,12.640449438202246,5.651864093495796,10.143052586829626,4.535214906258523,12.359550561797754,5,0.0,0.0,0.0
5.0,-1.0,2.0,-10.0,-63.05882905120856,159.6225087923326,321.24426735539174,0.0,0.7213426295362811,1.1180263943129916,13.86206896551724,5.450676031771597,9.999301278399482,3.9318049815085065,10.137931034482758,4,0.0,0.0,0.0
5.0,-1.0,2.0,-9.0,-63.73942851551577,186.8937596492657,321.7149308265372,0.0,0.6457203008762475,1.2172364009054695,498.0333333333333,22.92993353352451,321.59023384640045,14.806323580339804,17.966666666666665,5,-0.14772661489209327,0.23535528198107158,-0.08169278637944899
5.0,-1.0,2.0,-8.0,-64.92044331416015,213.1005070220099,321.99225845837395,0.0,0.5753584369161444,1.332756839393604,-0.3953488372093017,4.996023296895843,-0.22746728901335905,2.8745041548986348,16.3953488372093,4,0.0,0.0,0.0
5.0,-1.0,2.0,-7.0,-66.74672063020783,238.2873117413132,322.0951237558842,0.0,0.510123319884782,1.4677008449211315,243.42857142857142,16.79407086821211,124.17859101195263,8.567047185672665,24.571428571428573,5,0.23441067314274733,0.301262249498393,-0.0032793697921675857
5.0,-1.0,2.0,-6.0,-69.41787067255986,262.39273528540843,322.0428129240574,0.0,0.45002478197700363,1.6251681622575915,51.95454545454545,8.8704519250922,23.380832990896142,3.9919231936271093,17.045454545454547,4,0.0,0.0,0.0
5.0,-1.0,2.0,-5.0,-73.20639193952168,285.20692621272883,321.8581980063199,0.0,0.3953120536091595,1.8072138154550854,1407.629213483146,38.1497507778037,556.4527951022684,15.081056324651211,30.370786516853933,5,0.4693757274172299,0.05635439857093161,-0.1007716768478133
5.0,-1.0,2.0,-4.0,-78.47079153822823,306.3030129805695,321.57216850969644,0.0,0.34660496831594145,2.012474768143538,641.4367816091954,26.0488402723604,222.3251753663346,9.028657457268496,23.563218390804597,4,0.600350177173766,-0.012428586223450111,-0.11822857167136647
5.0,-1.0,2.0,-3.0,-85.63740367029229,324.9430807589513,321.2293992640514,0.0,0.30506077149229294,2.231598583872572,2365.705882352941,49.21139345390191,721.6840615944437,15.012465653258092,35.294117647058826,5,0.6065976604768366,-0.014450186640829088,-0.10453301980739127
5.0,-1.0,3.0,-14.0,-72.30117864709975,9.840755509929949,315.9329261812265,0.0,1.1563186020971674,0.7976807009616133,18.090909090909093,5.653383394185546,20.918854710666942,6.53711238348397,8.90909090909091,5,0.0,0.0,0.0
5.0,-1.0,3.0,-13.0,-72.27436197000407,43.365946823939595,317.60516994174793,0.0,1.0592302140416432,0.8470152677262578,61.72727272727273,8.68924480070688,65.38339230311597,9.203910630112984,8.272727272727273,5,0.0,0.0,0.0
5.0,-1.0,3.0,-12.0,-72.51132608975512,74.48337253377261,318.95543981989556,0.0,0.9679177857477244,0.90193566311779,61.31034482758621,8.322120716641543,59.343373208946694,8.055128656776947,4.689655172413793,4,0.0,0.0,0.0
5.0,-1.0,3.0,-11.0,-73.05621288917854,103.55618618786278,320.0298119674721,0.0,0.8826093298603452,0.9632058333702737,46.51162790697674,7.850275492680426,41.051596737690474,6.928726391813762,9.488372093023257,4,0.0,0.0,0.0
5.0,-1.0,3.0,-10.0,-73.96454164041258,130.84358526416594,320.86503070285585,0.0,0.8033534614357081,1.0316369274184822,41.804597701149426,7.191947134148979,33.58386826714563,5.777675624681203,6.195402298850574,4,0.0,0.0,0.0
5.0,-1.0,3.0,-9.0,-75.30576850722709,156.51354454042104,321.4914028124724,0.0,0.7301145326664473,1.1080240895178244,574.0909090909091,24.414359512656137,419.152115798965,17.82527868593357,13.909090909090908,4,-0.33089089309189035,0.28573676248447555,-0.07734464613305647
5.0,-1.0,3.0,-8.0,-77.16596758262759,180.64657081298472,321.9351311228438,0.0,0.6628501133823914,1.193017840354592,74.83146067415731,9.460972932910654,49.60204219243514,6.271206981287563,9.168539325842696,5,0.0,0.0,0.0
5.0,-1.0,3.0,-7.0,-79.64993940684981,203.23166566500777,322.2203633814459,0.0,0.6015771994579138,1.286885048234133,368.8837209302325,19.818893368270793,221.9120357628239,11.922594368839363,15.116279069767444,5,0.053642014163386875,0.2669138998201106,-0.049653580000537545
5.0,-1.0,3.0,-6.0,-82.8811669055101,224.15549606401092,322.3711294535127,0.0,0.5464319737012251,1.3890982809531904,137.20224719101122,12.475093226757298,74.97169472882763,6.8167898140037755,11.797752808988763,4,0.0,0.0,0.0
5.0,-1.0,3.0,-5.0,-86.99649634926332,243.18693941046223,322.41320922914707,0.0,0.49772432157457114,1.4976947131438818,53.7816091954023,8.636942533355276,26.768414949970325,4.298816362892812,13.218390804597702,4,0.0,0.0,0.0
5.0,-1.0,4.0,-12.0,-81.60961848900854,37.51060306953599,317.66378644234464,0.0,1.0763568915674502,0.8377843054664749,28.643678160919546,6.840152528742461,30.83082038834582,7.36244531368447,11.356321839080458,4,0.0,0.0,0.0
5.0,-1.0,4.0,-11.0,-82.52633980757844,66.08323341721632,318.9403738582689,0.0,0.9926404074284121,0.8861951604537638,277.1818181818182,17.204170165235524,275.141872931748,17.077554482287123,11.818181818181818,4,-0.4112045414977672,0.5197660641944708,-0.09868804323033942
5.0,-1.0,4.0,-10.0,-83.8000654492005,92.44991235335237,319.9670491996893,0.0,0.9151604902087679,0.9386108871421431,38.08045977011494,7.434756070865222,34.84973223059365,6.80399501039563,10.919540229885056,5,0.0,0.0,0.0
5.0,-1.0,4.0,-9.0,-85.48074575846226,116.78939967474015,320.77945069188695,0.0,0.8440496500836688,0.9950343351595978,5.222222222222221,3.8651210192990284,4.407814839325826,3.262354043870378,5.777777777777779,4,0.0,0.0,0.0
5.0,-1.0,4.0,-8.0,-87.62454025817294,139.1909615260318,321.407907011841,0.0,0.7793873546906347,1.0552129896988676,59.18181818181818,8.392982113666784,46.12556071850938,6.541384127536567,6.8181818181818175,4,0.0,0.0,0.0
5.0,0.0,-1.0,-15.0,-39.789667570748065,18.251058028155768,380.4996501501746,0.0,1.1359340937923974,0.8140496899530487,65.44186046511629,8.811222501369018,74.33764046353039,10.008968047295797,7.558139534883721,5,0.0,0.0,0.0
5.0,0.0,-1.0,-14.0,-37.4344162879014,53.97112194145191,380.5270771756731,0.0,1.0311272380422747,0.8710016549568115,5.25287356321839,3.88871146944437,5.416381009026661,4.0097563170314885,5.747126436781609,4,0.0,0.0,0.0
5.0,0.0,-1.0,-13.0,-35.024086047871265,87.48021379065437,380.5511225289015,0.0,0.9319984333532777,0.9364148390254154,63.50526315789474,9.016199640407185,59.186805772845524,8.403083939659883,11.494736842105263,4,0.0,0.0,0.0
5.0,0.0,0.0,-15.0,-47.35103229268657,23.503944506017802,380.8164351197456,0.0,1.1206439940447088,0.821721402016949,-0.2325581395348837,2.977743291633908,-0.26061488233597874,3.336990135576461,5.232558139534883,4,0.0,0.0,0.0
5.0,0.0,0.0,-14.0,-45.53249427872754,59.22718145849436,380.83538498444733,0.0,1.0155910124938223,0.8804157878753025,75.04545454545455,9.289011714728518,76.2154891648773,9.433836812428114,6.954545454545454,4,0.0,0.0,0.0
5.0,0.0,0.0,-13.0,-43.73908121740567,92.82467308422021,380.8526572549056,0.0,0.9162148171128084,0.9481400792503256,1.3793103448275867,3.8670944314889844,1.263744575328012,3.5430892173046393,8.620689655172413,5,0.0,0.0,0.0
5.0,0.0,0.0,-12.0,-41.968089267403684,124.76198396305368,380.8685866772415,0.0,0.822555204565802,1.0271517525211864,284.85714285714283,17.478850193351754,234.310725414887,14.37731919636746,13.142857142857144,4,-0.3537535705385153,0.5940257048943067,-0.10231859751846883
5.0,0.0,0.0,-11.0,-40.21706414206727,155.4225936777783,380.8834435539323,0.0,0.7344107777421948,1.1205291845685665,3.4827586206896557,5.2837443934860815,2.5577754673090234,3.8804388294110743,15.517241379310345,5,0.0,0.0,0.0
5.0,0.0,0.0,-10.0,-38.48376065760016,185.13115336079855,380.89745133013236,0.0,0.6514285773472103,1.2325821030254234,15.425287356321842,5.5342021389570535,10.048472997700648,3.6051374261326816,9.574712643678161,4,0.0,0.0,0.0
5.0,0.0,0.0,-9.0,-36.76610925663363,214.17055408218562,380.9107993217613,0.0,0.5731670487720141,1.3695356700282484,-1.9213483146067416,4.27307669559163,-1.1012535431462294,2.449186758788725,12.921348314606742,5,0.0,0.0,0.0
5.0,0.0,0.0,-8.0,-35.062187977756565,242.79494241530426,380.92365222388725,0.0,0.4991387112752479,1.5407276287817793,101.73563218390805,10.924481640554411,50.7801923390485,5.452831687416435,11.264367816091955,4,0.0,0.0,0.0
5.0,0.0,0.0,-7.0,-33.37019870532146,271.2401060639771,380.93615747801374,0.0,0.42883794253156027,1.760831575750605,3.146067415730337,3.0591273789541003,1.3491530776273806,1.311869891132641,3.853932584269663,4,0.0,0.0,0.0
5.0,0.0,1.0,-15.0,-55.42956670774305,18.289830819251165,381.131493495368,0.0,1.135821673098606,0.8141058119782126,62.83516483516483,8.527166783915114,71.3695420525036,9.685340843297324,6.164835164835164,4,0.0,0.0,0.0
5.0,0.0,1.0,-14.0,-54.176301724069674,54.00728202007153,381.14230708173983,0.0,1.0310205835619919,0.871065816881334,3.3181818181818183,3.7357988679555785,3.4211137545466097,3.851685528909789,6.681818181818182,5,0.0,0.0,0.0
5.0,0.0,1.0,-13.0,-53.0336102861896,87.51430453768924,381.1530997981784,0.0,0.9318978175546202,0.9364888752282232,75.02325581395348,9.276650614300102,69.91400835886522,8.644890461682992,6.976744186046512,4,0.0,0.0,0.0
5.0,0.0,1.0,-12.0,-52.01937857001653,119.27279334696247,381.1639906387633,0.0,0.8385461366151796,1.0123817180139159,26.25,6.8109620866258345,22.011836086148467,5.711305944372556,12.749999999999998,4,0.0,0.0,0.0
5.0,0.0,1.0,-11.0,-51.158876795468274,149.65607942143976,381.1750875122706,0.0,0.750815709077726,1.101426919043614,141.4,12.75565234187051,106.16534126359046,9.577144157810464,13.600000000000001,5,0.0,0.0,0.0
5.0,0.0,1.0,-10.0,-50.488046625563555,178.9706875351249,381.1864919216322,0.0,0.6684092031477598,1.2072858430475186,67.64044943820225,9.063829818761034,45.2114989095451,6.058347266624967,9.359550561797754,4,0.0,0.0,0.0
5.0,0.0,1.0,-9.0,-50.05881240232762,207.47037649499805,381.19830232324216,0.0,0.5909521544216847,1.335074366032376,4.1764705882352935,4.2933117696665235,2.4680942919964473,2.537141839888408,8.823529411764707,4,0.0,0.0,0.0
5.0,0.0,1.0,-8.0,-49.94795969203841,235.3636111646175,381.21061632517717,0.0,0.5180466627892486,1.4921316285294979,991.9777777777779,31.869727111678245,513.8907773388727,16.510005774208953,15.022222222222222,4,0.2372215378806004,0.3370748178962799,-0.11559064861261703
5.0,0.0,1.0,-7.0,-50.272587250325415,262.81381493773125,381.2235314648412,0.0,0.44931733558243103,1.6892983730398214,0.3068181818181819,3.780655688900608,0.13785872796279136,1.6987141408913815,8.693181818181818,5,0.0,0.0,0.0
5.0,0.0,1.0,-6.0,-51.218261944574806,289.92893176747526,381.2371435696084,0.0,0.3844611884467679,1.9430939256768989,0.7415730337078656,3.7442808300764474,0.2851060498594011,1.4395306578096416,8.258426966292134,5,0.0,0.0,0.0
5.0,0.0,1.0,-5.0,-53.09292595495805,316.7308815501374,381.2515400476962,0.0,0.32332151248411073,2.279443729734758,1.0,1.8448727748968372,0.32332151248411073,0.5964870559204037,0.0,4,0.0,0.0,0.0
5.0,0.0,1.0,-4.0,-56.43500061236767,343.08084825900585,381.26678123307414,0.0,0.26602867899969346,2.7396921111718315,0.0,1.5290446455515574,0.0,0.4067697271876353,0.0,4,0.0,0.0,0.0
5.0,0.0,1.0,-3.0,-62.234160299250306,368.49765065390056,381.2828514103812,0.0,0.21331362587931887,3.3872017630393043,-0.5813953488372093,1.7049858486761837,-0.12401954992983656,0.3636967134540444,0.5813953488372093,5,0.0,0.0,0.0
5.0,0.0,2.0,-14.0,-63.00936463722152,38.34023539942402,381.45473490256205,0.0,1.0771997982526178,0.8446491865199106,2.6206896551724137,3.3881532591659393,2.8230063678344464,3.6497180072224995,5.379310344827586,4,0.0,0.0,0.0
5.0,0.0,2.0,-13.0,-62.4662772774287,71.66107416679199,381.45834202873374,0.0,0.9787969515037036,0.9038878348601308,201.49999999999997,14.554755548991851,197.22758572799626,14.246150361234838,6.5,4,0.0,0.0,0.0
5.0,0.0,2.0,-12.0,-62.13547542670523,102.98677322238153,381.463495948195,0.0,0.8862707093150688,0.9715469628384495,42.678160919540225,7.372823983513695,37.824403950423566,6.534317941523834,7.321839080459769,4,0.0,0.0,0.0
5.0,0.0,2.0,-11.0,-62.0586329954005,132.67242605548807,381.4701091007248,0.0,0.7996112789195962,1.0494071638661566,3.8390804597701154,4.480311740092787,3.0697720363120133,3.582507800454075,10.160919540229884,4,0.0,0.0,0.0
5.0,0.0,2.0,-10.0,-62.291672534409116,160.98893341038095,381.4781244055711,0.0,0.718661256195782,1.1397218648673788,394.20454545454544,20.276434129100107,283.29953383445087,14.57188762239011,10.795454545454545,4,-0.4017101394010467,0.5211462311201558,-0.1266816787365812
5.0,0.0,2.0,-9.0,-62.91027069335803,188.13328654972142,381.4875053376566,0.0,0.6431994788151448,1.2453425607471997,447.5172413793104,21.53563537402923,287.8428564159638,13.851709448528597,10.482758620689655,4,-0.021789247974425052,0.41270503461083763,-0.06967534158207656
5.0,0.0,2.0,-8.0,-64.01781959625427,214.22964460479082,381.498225809836,0.0,0.5730109118883381,1.3698460555859153,6.0232558139534875,4.129920897522673,3.4513913064902217,2.3664897395161706,6.9767441860465125,4,0.0,0.0,0.0
5.0,0.0,2.0,-7.0,-65.7567869766835,239.32001995032408,381.5102576415077,0.0,0.507952542039909,1.5176014816831653,650.5842696629214,26.03428735661681,330.4659335864586,13.224182442990973,17.41573033707865,5,0.2966110124735053,0.2815536006852426,-0.07623206202754318
5.0,0.0,2.0,-6.0,-68.3242423689002,263.3412269571379,381.523552556166,0.0,0.4480269099858051,1.693600881519652,-3.747126436781608,4.298957525253897,-1.678813478797384,1.926048656199727,13.747126436781608,5,0.0,0.0,0.0
5.0,0.0,2.0,-5.0,-71.99066890130808,286.08236259691614,381.5380143062726,0.0,0.39347718510970475,1.9026037289135358,3.8488372093023253,3.364495048811568,1.5144296310617704,1.3238520411219143,4.151162790697675,4,0.0,0.0,0.0
5.0,0.0,2.0,-4.0,-77.11488239703479,307.1160774609481,381.55345543163344,0.0,0.34491787199861923,2.146569796961879,-0.9069767441860467,2.1813408036022817,-0.3128324885568873,0.752383428082257,2.906976744186047,4,0.0,0.0,0.0
5.0,0.0,2.0,-3.0,-84.1297624605182,325.7042994880843,381.5695359745143,0.0,0.30350155101069737,2.4185096871375973,0.0,1.546520008900963,0.0,0.4693712213705198,0.0,4,0.0,0.0,0.0
5.0,0.0,3.0,-14.0,-71.72996741884454,12.201992455069728,381.7809545912413,0.0,1.1534709782085197,0.805486905754988,8.157303370786517,4.3074226238432205,9.40921269864478,4.968486987481948,5.842696629213483,5,0.0,0.0,0.0
5.0,0.0,3.0,-13.0,-71.67628702336128,45.46398526110369,381.77567502243875,0.0,1.0562317462822515,0.8563640797656098,1.0476190476190477,3.283902191820301,1.106528496105216,3.4685617466864693,5.9523809523809526,5,0.0,0.0,0.0
5.0,0.0,3.0,-12.0,-71.88255039088389,76.36353289909465,381.7735044562758,0.0,0.9648780381922586,0.9132307037239439,10.01123595505618,4.929102198040474,9.659621708194408,4.755982458894442,8.988764044943819,4,0.0,0.0,0.0
5.0,0.0,3.0,-11.0,-72.39244715436965,105.25403975308384,381.77409840465094,0.0,0.8796047457361813,0.9769772658610459,278.3333333333333,17.088224232125683,244.82332089657044,15.030883130781763,8.666666666666668,4,0.0,0.0,0.0
5.0,0.0,3.0,-10.0,-73.26101237278876,132.3875578546876,381.77718607088104,0.0,0.80043516444836,1.0485836928944414,35.42528735632183,7.098778363041689,28.355645710687874,5.682111826403735,9.574712643678161,5,0.0,0.0,0.0
5.0,0.0,3.0,-9.0,-74.5572313920552,157.92677531570982,381.78254452297443,0.0,0.7273145215515202,1.1290672543464346,113.93103448275862,11.074368049324583,82.86369583469734,8.054548699279952,5.068965517241379,4,0.0,0.0,0.0
5.0,0.0,3.0,-8.0,-76.36681213715192,181.9482753700524,381.7899760601146,0.0,0.6601860077333587,1.2193623332617523,127.93103448275863,12.267910055199836,84.45827892037107,8.099102562574307,14.068965517241379,4,0.2691570368298528,0.338119988287815,-0.0023502754024491423
5.0,0.0,3.0,-7.0,-78.79446347940468,204.43815998492346,381.7992860877917,0.0,0.5990557749013842,1.3200774017915056,503.8837209302325,22.97364869459982,301.85445290205325,13.762496921055668,15.116279069767442,5,0.0,0.0,0.0
5.0,0.0,3.0,-6.0,-81.96414490654232,225.28097643195622,381.81025967358994,0.0,0.5440517443216221,1.431046531307919,98.98863636363636,10.78802974336842,53.85494028165511,5.86924639967313,11.011363636363637,4,0.0,0.0,0.0
5.0,0.0,3.0,-5.0,-86.014209383829,244.24406924329793,381.82263640529,0.0,0.4954774244574453,1.5505766632030977,454.0112359550562,21.634460183720314,224.95231786575272,10.71938661135689,8.98876404494382,4,0.37768273375948525,0.2030436155669122,-0.09222582951940694
5.0,0.0,4.0,-12.0,-81.02488855135125,39.67119399929274,382.10339791898645,0.0,1.0732860172861047,0.8468004407598261,156.5505617977528,12.994355450601182,168.02352897581233,13.94666000877573,7.449438202247191,4,0.0,0.0,0.0
5.0,0.0,4.0,-11.0,-81.91574354786594,68.04023812348535,382.09571083806236,0.0,0.9895139577914652,0.896869938071138,17.59770114942529,5.133265901312898,17.413170912399234,5.079438258404099,5.402298850574713,4,0.0,0.0,0.0
5.0,0.0,4.0,-10.0,-83.1610161073769,94.23710754247001,382.09177732482317,0.0,0.9120464541804939,0.9513018644567679,81.34090909090908,9.835317538055401,74.18668771618152,8.970266486322654,9.65909090909091,5,0.0,0.0,0.0
5.0,0.0,4.0,-9.0,-84.8107359628061,118.43416128785536,382.091142794232,0.0,0.8409933272592738,1.0101683394153116,126.95402298850576,11.826603178433112,106.76748620205379,9.946094357205565,8.045977011494253,5,0.0,0.0,0.0
5.0,0.0,4.0,-8.0,-86.9213179687019,140.71589814653538,382.0934136634767,0.0,0.7764167738638404,1.0732848984809396,212.54545454545456,15.085979479619615,165.02385611760536,11.71300751814236,9.454545454545455,4,-0.3897254152771552,0.36866437247243766,-0.13427412053771093
5.0,1.0,-1.0,-15.0,-40.29267844615026,16.205172761031804,446.0180879904657,0.0,1.1380272545780366,0.8063301193250706,41.19101123595506,7.42201623273419,46.87649343014699,8.446456756772113,8.808988764044944,5,0.0,0.0,0.0
5.0,1.0,-1.0,-14.0,-37.96472177562353,52.187109366500664,444.29969399155556,0.0,1.0333838963086794,0.8615501876455187,24.84269662921348,5.76293635439609,25.672042637511126,5.955325624084768,5.157303370786517,4,0.0,0.0,0.0
5.0,1.0,-1.0,-13.0,-35.58668104271311,85.91462387021078,442.93107174203294,0.0,0.9343001035071512,0.9246809795565881,145.125,12.423951724241405,135.5903025214753,11.607699381926595,5.875,4,0.0,0.0,0.0
5.0,1.0,-1.0,-12.0,-33.13753429935389,117.85986943311059,441.865726695121,0.0,0.840903045668638,0.9974948920505429,-1.9651162790697678,4.100894255389742,-1.6524722641627891,3.448454469322255,11.965116279069768,4,0.0,0.0,0.0
5.0,1.0,0.0,-15.0,-47.86175922890703,21.52600895881531,446.0681825028341,0.0,1.1226530271843933,0.8137723052757491,55.44186046511628,7.849616154284564,62.24197248389753,8.812395337843082,3.558139534883721,4,0.0,0.0,0.0
5.0,1.0,0.0,-14.0,-46.07178233290614,57.509317209491996,444.3794095598516,0.0,1.0177437340984974,0.8706440780203407,42.48888888888889,7.371550249874158,43.24280043547393,7.502349077401637,7.511111111111112,4,0.0,0.0,0.0
5.0,1.0,0.0,-13.0,-44.31229201371775,91.32501806480728,443.0393472236981,0.0,0.9183949679151707,0.9359483879168445,24.888888888888886,5.932750699649997,22.857830312555357,5.448608388453765,6.111111111111111,5,0.0,0.0,0.0
5.0,1.0,0.0,-12.0,-42.58182572652353,123.44872292183699,442.00293703217073,0.0,0.8246796954186261,1.0116781965441073,91.86046511627906,10.233879407296802,75.75546039310633,8.439672552560477,8.13953488372093,4,0.0,0.0,0.0
5.0,1.0,0.0,-11.0,-40.87963994933844,154.27144391752077,441.2366979135693,0.0,0.7364214027543933,1.1004943610661775,113.33333333333333,11.269756315351605,83.46109231216457,8.299289754451411,8.666666666666668,4,0.0,0.0,0.0
5.0,1.0,0.0,-10.0,-39.20590106674439,184.1236492983291,440.7160819129034,0.0,0.6532853493384666,1.2060228136258184,234.51685393258427,15.98670701431253,153.20642484710646,10.443881476616877,13.483146067415731,5,0.06886613376968853,0.6488872228990203,-0.04409893325561143
5.0,1.0,0.0,-9.0,-37.56203839524761,213.29288001086027,440.42367122718036,0.0,0.5748429888965496,1.3333193145447002,58.13793103448276,8.211965979937327,33.42018204412354,4.720591068623956,5.862068965517241,4,0.0,0.0,0.0
5.0,1.0,0.0,-8.0,-35.95139343542371,242.03716455285465,440.34796036517565,0.0,0.5006158296254684,1.4896162852090695,117.93181818181819,11.765419810010398,59.0385349983308,5.889955399080276,13.068181818181818,4,0.0,0.0,0.0
5.0,1.0,0.0,-7.0,-34.38045497889294,270.59572650801476,440.48256413859514,0.0,0.4301041178578654,1.6855547751840685,91.30434782608694,10.691409550908393,39.27037597832683,4.598419273550611,14.695652173913043,4,0.0,0.0,0.0
5.0,1.0,0.0,-6.0,-32.86135810713421,299.1980485865998,440.8257545533228,0.0,0.3628045922068683,1.9372569411979106,11.344827586206897,5.8814082615577785,4.115955546071023,2.133801925936576,14.655172413793103,4,0.0,0.0,0.0
5.0,1.0,1.0,-15.0,-55.94151398774554,16.296327181686053,446.6606628097744,0.0,1.1376882428515538,0.8063625865452961,33.279069767441854,6.860780442103005,37.86120640745519,7.805429245766474,8.720930232558139,4,0.0,0.0,0.0
5.0,1.0,1.0,-14.0,-54.71628768744131,52.28088881958914,444.9255585600905,0.0,1.0330487908670283,0.8615853573177081,26.032967032967036,6.326569371665105,26.893325116087805,6.535654839735011,8.967032967032967,5,0.0,0.0,0.0
5.0,1.0,1.0,-13.0,-53.60678706822944,86.01221115835997,443.54371524929877,0.0,0.9339669288347341,0.9247189774946654,122.79069767441861,11.93070854483622,114.68245079645108,11.142887218443004,12.209302325581396,4,0.0,0.0,0.0
5.0,1.0,1.0,-12.0,-52.63203228271075,117.96259381699333,442.46819267597266,0.0,0.8405692445663622,0.9975357084078731,1.965517241379311,3.622659562638704,1.6521533427683674,3.0450962118883234,7.034482758620689,4,0.0,0.0,0.0
5.0,1.0,1.0,-11.0,-51.81883120613065,148.51317921642752,441.6637173928874,0.0,0.7527313514356258,1.0823555052407445,14.057471264367818,6.158828346415229,10.581499342595063,4.635943184457175,14.942528735632182,5,0.0,0.0,0.0
5.0,1.0,1.0,-10.0,-51.20524723604706,177.9765435087747,441.1038279605949,0.0,0.6701745758559687,1.1822610842878412,212.61956521739128,15.318588205591153,142.4922269382457,10.266128353394297,14.380434782608699,5,0.06337774245571381,0.6244887844558775,-0.04475276395294259
5.0,1.0,1.0,-9.0,-50.84619685846002,206.61130822571317,440.76881712927513,0.0,0.5925377724105709,1.3014116167025978,460.85057471264366,22.153674830492065,273.07137295436127,13.1268891347679,19.149425287356323,5,0.0,0.0,0.0
5.0,1.0,1.0,-8.0,-50.82279643980809,234.63002602944465,440.64414394768136,0.0,0.5194322188970272,1.4454997412476522,557.6206896551724,23.926934956425924,289.64615213047676,12.428420915821162,9.379310344827585,4,0.22834140388397373,0.5595741276678723,-0.04597737139552294
5.0,1.0,1.0,-7.0,-51.25860483646659,262.1997560986723,440.71902938835524,0.0,0.45048848488261944,1.6224019799407574,944.6818181818182,31.224609519887057,425.56828096888546,14.066327033665337,19.31818181818182,5,0.4136409749515906,0.45469516068857274,-0.08538951206634948
5.0,1.0,1.0,-6.0,-52.349154764943776,289.43190260282785,440.9848779397891,0.0,0.385407000465855,1.8430306186702408,-6.091954022988505,4.387282694162657,-2.347881726975898,1.6908894633529847,16.091954022988503,5,0.0,0.0,0.0
5.0,1.0,1.0,-5.0,-54.4183029382891,316.35191805209575,441.4328866668981,0.0,0.3240323845103133,2.122150819588754,1795.7727272727275,42.82891681682458,581.8885188567704,13.877956042149526,24.227272727272727,4,0.0,0.0,0.0
5.0,1.0,1.0,-4.0,-58.030566648068145,342.8247386969058,442.04940481834353,0.0,0.2664946911491729,2.477929013688367,803.9767441860465,28.85270588872274,214.25553413297806,7.689092944633089,18.02325581395349,4,0.7568133264796302,0.19088932617091814,-0.10295166745208917
5.0,1.0,1.0,-3.0,-64.21781344169459,368.3726939437624,442.8054071245065,0.0,0.2135242093568727,2.9255043310717417,7561.386363636364,87.33963758448067,1614.5390449372933,18.649127060742035,42.61363636363637,5,0.8745831012311669,0.09808117258052107,-0.11157093992764544
5.0,1.0,2.0,-14.0,-63.54223774676339,36.524642583724415,445.9783464762612,0.0,1.0790680796128878,0.8359846634075634,42.42045454545454,7.674039566256015,45.77455842266942,8.280811137633195,10.579545454545453,4,0.0,0.0,0.0
5.0,1.0,2.0,-13.0,-63.029490225149374,70.08253556646852,444.4836367848811,0.0,0.9807536063939025,0.8932762285563447,81.88372093023257,9.655056653548655,80.30775460727747,9.469231632905288,7.116279069767442,4,0.0,0.0,0.0
5.0,1.0,2.0,-12.0,-62.734318038983076,101.60994926171827,443.3019452982449,0.0,0.888219693463303,0.9583846481418772,45.55172413793104,7.5025734784171725,40.459938450518045,6.663933515185608,6.448275862068965,5,0.0,0.0,0.0
5.0,1.0,2.0,-11.0,-62.69946766012211,131.47032167915035,442.39336227652404,0.0,0.8014841320686192,1.0328497506994774,18.714285714285715,5.372112418475129,14.999203042998447,4.305662859096589,6.285714285714287,5,0.0,0.0,0.0
5.0,1.0,2.0,-10.0,-62.982248911834944,159.94088050496367,441.72673529760715,0.0,0.7204101712141915,1.1185673360147539,16.846153846153847,5.561384187667692,12.136140576608303,4.006477734825579,9.153846153846155,4,0.0,0.0,0.0
5.0,1.0,2.0,-9.0,-63.6601338152572,187.22351412933088,441.27713382552986,0.0,0.6447918753111275,1.2178495153679163,480.64044943820227,22.506852047594,309.91305674364156,14.512235339118224,16.359550561797754,5,0.0,0.0,0.0
5.0,1.0,2.0,-8.0,-64.83882727570477,213.44622465380823,441.02370764699924,0.0,0.5744253538294303,1.3334500410824441,4.632183908045977,5.220858700452304,2.6608438803823034,2.998993606300774,14.367816091954023,5,0.0,0.0,0.0
5.0,1.0,2.0,-7.0,-66.66372637606861,238.65402389699136,440.94758741764025,0.0,0.5091758390199954,1.4684776346083206,290.07865168539325,17.61417566752439,147.7010408536991,8.968712674157318,12.92134831460674,5,0.0,0.0,0.0
5.0,1.0,2.0,-6.0,-69.33544816532765,262.7859258484442,441.02944593840664,0.0,0.44905232640838577,1.6260204259852538,48.57777777777778,8.688235269533475,21.813964122860696,3.9014722601673957,17.422222222222224,5,0.0,0.0,0.0
5.0,1.0,2.0,-5.0,-73.12829844071673,285.6322417031409,441.24625394060627,0.0,0.39430385705256804,1.8081075067376569,-4.517241379310345,4.462953597752906,-1.7811656990995317,1.759759817440606,15.517241379310345,4,0.0,0.0,0.0
5.0,1.0,2.0,-4.0,-78.40388572998236,306.7652906068398,441.5667237654936,0.0,0.34555182615989666,2.013324605590867,678.6470588235295,26.723562429573935,234.50773049451342,9.234375799037277,22.352941176470587,4,0.7139924345399322,0.18779112143090515,-0.07387879087018234
5.0,1.0,2.0,-3.0,-85.5933113758762,325.44398552628303,441.9453396410137,0.0,0.3039590814100012,2.2322334492647355,2428.0224719101125,49.69761358822067,738.0194802046383,15.106040974544749,26.97752808988764,5,0.735068170168006,0.10810730519915523,-0.12982527713072045
5.0,1.0,3.0,-14.0,-72.24980297252648,10.20247215150215,447.64719642907096,0.0,1.155092623246897,0.7979514145141559,12.555555555555557,4.495539627587536,14.50282960298882,5.1927646613404645,4.444444444444445,5,0.0,0.0,0.0
5.0,1.0,3.0,-13.0,-72.22227058234603,43.72342557636733,445.96614710638346,0.0,1.0580297014836215,0.8473107494122344,74.15384615384616,9.060075629607137,78.45697171001625,9.585829113812274,4.846153846153847,5,0.0,0.0,0.0
5.0,1.0,3.0,-12.0,-72.45870897494017,74.840939732956,444.61329789067315,0.0,0.966740535931426,0.9022578580643636,48.325842696629216,8.062054179064003,46.718551067877115,7.793914577776526,10.674157303370787,4,0.0,0.0,0.0
5.0,1.0,3.0,-11.0,-73.00338574991115,103.91780256374022,443.54192941086524,0.0,0.8814511007261959,0.963556143705351,64.69767441860465,8.827427266599626,57.02783633070412,7.780945480724675,8.302325581395348,4,0.0,0.0,0.0
5.0,1.0,3.0,-10.0,-73.91200522834461,131.2129896020654,442.71479396891914,0.0,0.8022086169616948,1.0320155931397967,62.741573033707866,8.461966566463614,50.33183052937195,6.788262496058877,5.258426966292134,4,0.0,0.0,0.0
5.0,1.0,3.0,-9.0,-75.2542952313227,156.89432897700232,442.1011705529911,0.0,0.7289765569936478,1.1084291450114152,544.5862068965517,23.8876930387975,396.99057808967865,17.41356822594373,16.413793103448274,5,-0.21868936896478886,0.6560262289511911,-0.09415293278298975
5.0,1.0,3.0,-8.0,-77.11672537610366,181.0421764515194,441.6744846873511,0.0,0.661712076360357,1.1934434172123896,79.66666666666666,9.624428794979453,52.71639541670844,6.3686007617082625,8.333333333333332,4,0.0,0.0,0.0
5.0,1.0,3.0,-7.0,-79.60466183663424,203.6452659869766,441.41021105327076,0.0,0.6004322784667913,1.2873187474440593,332.42045454545456,18.684927577998298,199.5959709316937,11.219033638644502,10.579545454545455,5,0.1924486761674018,0.5208325398600664,-0.08430778027461372
5.0,1.0,3.0,-6.0,-82.84236854463151,224.58971058414133,441.28388110664093,0.0,0.5452741663442572,1.3895174181586682,136.41379310344826,12.818313296488899,74.38291731234072,6.989495096682492,17.586206896551722,5,0.0,0.0,0.0
5.0,1.0,3.0,-5.0,-86.96770050438239,243.64329828372743,441.2691514748021,0.0,0.4965495089483917,1.4980617074028943,76.13953488372093,10.13916150368642,37.80704865807057,5.034595665803929,16.86046511627907,4,0.0,0.0,0.0
5.0,1.0,4.0,-12.0,-81.57414374536032,37.90640125275121,446.57686172056367,0.0,1.0749710468422922,0.8380177295694535,39.678160919540225,7.0450862912273085,42.65287418045508,7.573263785574901,6.321839080459769,4,0.0,0.0,0.0
5.0,1.0,4.0,-11.0,-82.49242916158717,66.4815577064174,445.2861303853841,0.0,0.9912784852179282,0.8864386383170819,242.51136363636365,16.29100436888737,240.3962971935887,16.148922133469323,14.488636363636363,4,-0.14797035644599532,0.8257004395348417,-0.08753845129147919
5.0,1.0,4.0,-10.0,-83.76841655559731,92.85387829008944,444.2529649240571,0.0,0.9138183630539168,0.9388612081622135,36.465909090909086,6.954591874473718,33.32321735272749,6.355233762439644,7.534090909090909,5,0.0,0.0,0.0
5.0,1.0,4.0,-9.0,-85.45228020175546,117.20169496962616,443.4408182408074,0.0,0.8427225497105605,0.995286143110274,9.604651162790697,4.440520923061273,8.094056116987476,3.7421271143252874,6.395348837209303,4,0.0,0.0,0.0
5.0,1.0,4.0,-8.0,-87.60045801784828,139.61379593274376,442.8185674573771,0.0,0.7780704792333903,1.0554579361131318,54.18181818181819,8.054437717317626,42.1572732384637,6.266920214668819,6.8181818181818175,4,0.0,0.0,0.0
5.0,2.0,-1.0,-15.0,-41.911690435386475,9.858464354984278,515.3019003817358,0.0,1.1434869069744036,0.7840647364890402,5.066666666666667,4.213364978784112,5.793666995336979,4.817927687544118,7.933333333333333,4,0.0,0.0,0.0
5.0,2.0,-1.0,-14.0,-39.67123254706851,46.69825474898863,511.58303363036595,0.0,1.0394103036064972,0.8345331634485902,23.793103448275865,6.088122195457743,24.730796878913214,6.328056939574187,8.206896551724137,5,0.0,0.0,0.0
5.0,2.0,-1.0,-13.0,-37.396701717572256,81.1440691055349,508.61920145136094,0.0,0.9405047710803337,0.8914967260885008,118.0112359550562,11.491295289956641,110.99013045681737,10.807618046097188,8.98876404494382,4,0.0,0.0,0.0
5.0,2.0,-1.0,-12.0,-35.07056137103331,113.70246541690594,506.3067848243495,0.0,0.8470044057977206,0.9561764842434264,118.58823529411764,11.55579214852581,100.4447577698944,9.78780686228407,9.411764705882351,4,0.0,0.0,0.0
5.0,2.0,0.0,-15.0,-49.49685119011684,15.341379595248327,515.0593350192299,0.0,1.1280960699719644,0.7908916968155445,104.23595505617978,11.496929874572638,117.58817124865072,12.969641408248663,17.764044943820224,4,0.0,0.0,0.0
5.0,2.0,0.0,-14.0,-47.797840698896664,52.17090813950358,511.41355498944114,0.0,1.023692149121725,0.8427773875920344,19.678160919540225,5.48835830577671,20.144378842487274,5.618389309190629,6.321839080459769,5,0.0,0.0,0.0
5.0,2.0,0.0,-13.0,-46.14640144732172,86.69789597480188,508.51820385076235,0.0,0.9244694526109996,0.9015656105954604,9.953488372093025,4.463100320100324,9.201695946918788,4.1259999098711235,6.046511627906976,4,0.0,0.0,0.0
5.0,2.0,0.0,-12.0,-44.545027384457796,119.43175781533961,506.2730793502415,0.0,0.8306052394197956,0.9686284705989554,25.20689655172414,6.257361894878069,20.93698034537485,5.197397574831504,8.793103448275861,4,0.0,0.0,0.0
5.0,2.0,0.0,-11.0,-42.99843270448892,150.78910918276623,504.60395384417006,0.0,0.7420010419843008,1.0456861003425284,122.53409090909092,11.716261788183814,90.92042313314451,8.693478454993238,9.465909090909092,4,0.0,0.0,0.0
5.0,2.0,0.0,-10.0,-41.51448451293285,181.12064710875683,503.45651159103596,0.0,0.65837858265608,1.134900840523195,80.04651162790698,10.105072648902084,52.70090887214482,6.652963408220874,13.953488372093023,4,0.0,0.0,0.0
5.0,2.0,0.0,-9.0,-40.10579744591806,210.73081487423255,502.7922509558417,0.0,0.5793483125699264,1.2389844825112435,47.31460674157303,8.113409935422006,27.411637575639997,4.700490355274814,11.685393258426966,4,0.0,0.0,0.0
5.0,2.0,0.0,-8.0,-38.79256366885369,239.89291236761972,502.58575436517094,0.0,0.5044563692821294,1.3612962506203465,248.60919540229887,16.66041499872417,125.41249208279515,8.404452460989928,18.390804597701152,5,0.0,0.0,0.0
5.0,2.0,0.0,-7.0,-37.60785391519704,268.86154966360755,502.82297313019166,0.0,0.43321494738899263,1.5058633833758526,16.35632183908046,6.022165864676753,7.085803104994674,2.6088922682337268,12.643678160919539,4,0.0,0.0,0.0
5.0,2.0,0.0,-6.0,-36.60828925132972,297.8841083042863,503.5003527647182,0.0,0.3651196157484057,1.6771436603468053,-3.8604651162790695,3.00267773050523,-1.409531539865938,1.0963365391783644,7.8604651162790695,4,0.0,0.0,0.0
5.0,2.0,0.0,-5.0,-35.897679220003965,327.2133852157597,504.6248150705632,0.0,0.29965476902792276,1.8790927622601785,2535.390804597701,50.68208690601018,759.7419459472434,15.187129045673588,21.60919540229885,4,0.6955447054151591,0.4197229562877851,-0.07029580069214347
5.0,2.0,0.0,-4.0,-35.68667227602123,357.12612537556345,506.2149934232264,0.0,0.23628308773442247,2.1125956357848237,1036.4545454545455,32.63611040671573,244.89668029637733,7.711360938540311,18.545454545454547,5,0.8807483472244826,0.2768239755677655,-0.09999320843267157
5.0,2.0,1.0,-15.0,-57.57024944248795,10.006674662856256,515.9836603527718,0.0,1.1429019290407063,0.7840742946958671,15.285714285714286,5.126670957067638,17.47007234390794,5.859282126389568,6.7142857142857135,4,0.0,0.0,0.0
5.0,2.0,1.0,-14.0,-56.4333943950524,46.85468195728578,512.2468294871755,0.0,1.0388270187861115,0.8345406579668571,46.465909090909086,7.6564751400528905,48.27004181609556,7.95375324415112,7.534090909090908,4,0.0,0.0,0.0
5.0,2.0,1.0,-13.0,-55.428473669000084,81.31059144362786,509.2690805885319,0.0,0.9399188602883847,0.8915009486900344,114.76744186046513,11.103403071222512,107.87208315170183,10.436297960026014,5.232558139534883,4,0.0,0.0,0.0
5.0,2.0,1.0,-12.0,-54.57805523120476,113.88138761851685,506.9463067407854,0.0,0.8464106474727016,0.956175631579572,123.99999999999999,11.554169938823238,104.95492028661498,9.779572458929001,6.0,4,0.0,0.0,0.0
5.0,2.0,1.0,-11.0,-53.913755320349026,144.97433567504456,505.2005779442756,0.0,0.75825828413959,1.0300643700478926,147.9438202247191,12.543297063555213,112.17962727265147,9.511058908864534,6.056179775280899,4,0.0,0.0,0.0
5.0,2.0,1.0,-10.0,-53.48026642966545,174.92245090209934,503.9736286246472,0.0,0.6752417279681787,1.115003953468022,106.13793103448276,10.65957949256831,71.66875995469152,7.1977928759759875,4.862068965517242,4,0.0,0.0,0.0
5.0,2.0,1.0,-9.0,-53.34184216115122,204.00112988525814,503.22222054943984,0.0,0.5970410624124622,1.213218787224939,138.33333333333334,12.437398799141599,82.59068030039062,7.425637792686983,10.666666666666666,5,0.0,0.0,0.0
5.0,2.0,1.0,-8.0,-53.59309089619654,232.43758448030385,502.9146307043669,0.0,0.5232948228501269,1.3273314224361348,14.678160919540229,5.012192822766118,7.681005618156459,2.622854555280073,6.321839080459769,4,0.0,0.0,0.0
5.0,2.0,1.0,-7.0,-54.37765170070128,260.4127775311026,503.027635498946,0.0,0.45364927018003115,1.4602550907463085,417.6741573033708,20.981162759931646,189.4775766337337,9.51808917357144,14.325842696629215,4,0.4464333137291874,0.6067387445785926,-0.04354171493658043
5.0,2.0,1.0,-6.0,-55.921936580270796,288.0526912976068,503.5432440531232,0.0,0.38781018632739894,1.6147939412366161,-2.0344827586206895,3.062344659847353,-0.7889931377005702,1.1876084531341171,7.0344827586206895,4,0.0,0.0,0.0
5.0,2.0,1.0,-5.0,-58.59888012734146,315.39980160454564,504.44387918988906,0.0,0.32561705187113715,1.7925933027683,81.86666666666665,10.05039155308739,26.65718264651709,3.2725788676668954,12.133333333333335,4,0.0,0.0,0.0
5.0,2.0,1.0,-4.0,-63.0528394419143,342.3407636762036,505.70307083516514,0.0,0.2671827442855049,1.9918126615880147,5650.920454545455,75.53497818043643,1509.8284347845477,20.18164275979474,35.07954545454546,5,0.8248625173981736,0.3026456147943577,-0.11621068374489596
5.0,2.0,1.0,-3.0,-70.4426949015493,368.42571238483816,507.26407285204533,0.0,0.21320775344344983,2.2028061539473063,1206.6551724137928,35.17584499828879,257.2682384912634,7.499762887560164,19.344827586206897,4,0.8906002100025603,0.13399998558742254,-0.055256540028850054
5.0,2.0,2.0,-14.0,-65.22439492903943,30.75818671370112,514.1618693645948,0.0,1.084534292983699,0.8112009899703786,16.886363636363637,5.473343082991621,18.313840447429282,5.936028270769537,8.113636363636363,5,0.0,0.0,0.0
5.0,2.0,2.0,-13.0,-64.80585217502767,65.07666224782935,510.9497337324765,0.0,0.9865475583808572,0.8632122487374612,64.89655172413794,8.808728210921423,64.0235346507853,8.690229308925106,8.103448275862068,5,0.0,0.0,0.0
5.0,2.0,2.0,-12.0,-64.62117063676435,97.24999990679788,508.4069197722479,0.0,0.8940308373356293,0.9215153093351204,68.44186046511626,8.966285026221508,61.1891338204362,8.01613530978273,7.558139534883722,4,0.0,0.0,0.0
5.0,2.0,2.0,-11.0,-64.71633056490704,127.66924650754821,506.44558487549205,0.0,0.8070891591858494,0.9870987486519819,80.85057471264368,10.092543118983183,65.25362236452028,8.145582139947068,13.149425287356319,5,0.0,0.0,0.0
5.0,2.0,2.0,-10.0,-65.15280062740771,156.6325895735102,504.99752671688015,0.0,0.7256511865411428,1.061075409794377,9.93181818181818,5.5158955125877,7.207035648147258,4.00261612354623,13.06818181818182,5,0.0,0.0,0.0
5.0,2.0,2.0,-9.0,-66.0133925106842,184.35824251088917,504.00850587159186,0.0,0.6495590887873509,1.1446410815557218,183.88764044943818,14.236172324370962,119.44588816959308,9.247235122838106,12.112359550561798,4,0.0,0.0,0.0
5.0,2.0,2.0,-8.0,-67.410612139242,210.98720996759212,503.4335370411533,0.0,0.5786438408264268,1.238964506844184,303.1460674157303,17.986388266081242,175.41360478086509,10.407712788880625,12.853932584269662,4,0.2628574723863153,0.7806523303061681,-0.05047499321011628
5.0,2.0,2.0,-7.0,-69.49832445619344,236.57496665245577,503.23236504522487,0.0,0.5127958775558449,1.3449470634618816,292.8235294117647,17.623121019378715,150.15869873370562,9.037063808405163,11.176470588235293,4,0.0,0.0,0.0
5.0,2.0,2.0,-6.0,-72.4871092683427,261.06870762489194,503.3642957530654,0.0,0.4520430615201127,1.4627521655358708,809.0681818181818,28.77115642703227,365.7336578876021,13.005801634749734,11.931818181818182,4,0.49193616776625504,0.49567012038960456,-0.12320248225681496
5.0,2.0,2.0,-5.0,-76.66137313710277,284.26416333499924,503.78137402000857,0.0,0.3966506180828336,1.5909699304268663,-1.7640449438202246,3.4814602662034493,-0.6997095172921896,1.3809233664204246,8.764044943820224,5,0.0,0.0,0.0
5.0,2.0,2.0,-4.0,-82.38849761403657,305.7345433341476,504.4187910932371,0.0,0.34725849918145507,1.7253167402675977,363.6551724137931,19.66148315709126,126.28234939198707,6.827617132812969,14.344827586206897,4,0.7423789275237596,0.2393086365070758,-0.04143455701955645
5.0,2.0,3.0,-13.0,-73.93041593219426,38.15068850622751,513.7818546495951,0.0,1.063485994571093,0.8215122706916461,9.363636363636363,4.146988103500963,9.95809613098387,4.410263767726212,4.636363636363637,4,0.0,0.0,0.0
5.0,2.0,3.0,-12.0,-74.25870126212133,69.96271321876718,510.880501735945,0.0,0.97244513486207,0.8712795963098535,103.82758620689653,10.732308673576377,100.96663107136868,10.436581355457342,7.172413793103448,5,0.0,0.0,0.0
5.0,2.0,3.0,-11.0,-74.90894516167546,99.63143948530998,508.57929988407307,0.0,0.8871439160003214,0.9260743908428196,38.86363636363637,6.7608865377892196,34.47763855364886,5.997879358768183,4.136363636363637,4,0.0,0.0,0.0
5.0,2.0,3.0,-10.0,-75.93871154301938,127.4386671224992,506.79693734913656,0.0,0.8077052249737326,0.9863277297094465,330.27586206896547,18.678136162671482,266.76553947580726,15.08642817136058,11.724137931034482,4,-0.00770875803542026,0.9256735317980542,-0.0738708111204005
5.0,2.0,3.0,-9.0,-77.41973044206688,153.5692053213315,505.4668264186428,0.0,0.7341502771625871,1.0523577450190944,76.93548387096774,9.624316671014885,56.48220680750872,7.0656947515260855,10.06451612903226,4,0.0,0.0,0.0
5.0,2.0,3.0,-8.0,-79.44041621342784,178.11598233649414,504.53183657087834,0.0,0.6664802880556397,1.1242428581356783,158.55056179775283,13.058518520345977,105.67082409834983,8.703245185020094,7.44943820224719,4,-0.0019648447184579254,0.8512975059892369,-0.19083228211898984
5.0,2.0,3.0,-7.0,-82.10760042969993,201.07670751531754,503.9397228798734,0.0,0.6047466054970091,1.201622200444547,11.852272727272728,5.257052523959545,7.167621699242961,3.179184668784019,10.147727272727272,4,0.0,0.0,0.0
5.0,2.0,3.0,-6.0,-85.54572885629915,222.3431862528436,503.6388363405907,0.0,0.5491141652205374,1.2834045379382149,1352.2197802197802,37.31552297692827,742.5230358100831,20.490482249243748,25.78021978021978,5,0.31978773304709307,0.5091326849824895,-0.1504585885862184
5.0,2.0,4.0,-12.0,-83.27573936160171,32.21650649544242,514.7319197236623,0.0,1.0802464771002973,0.813010212992627,15.067415730337078,5.5740090665159325,16.276522761702232,6.021303657428953,9.93258426966292,5,0.0,0.0,0.0
5.0,2.0,4.0,-11.0,-84.27547472448991,61.445526497136825,511.9697219102769,0.0,0.9968438924657084,0.8569812345061506,12.517241379310343,5.822687187887607,12.477735619484555,5.804310160984092,13.482758620689655,5,0.0,0.0,0.0
5.0,2.0,4.0,-10.0,-85.64223252940982,88.37239003882672,509.75604645595615,0.0,0.9194418082345629,0.9040537533688283,43.82758620689655,7.24303028068923,40.29691511262515,6.659544858374599,5.172413793103448,4,0.0,0.0,0.0
5.0,2.0,4.0,-9.0,-87.42640612710053,113.19519693308791,508.01161965146656,0.0,0.8482414885543907,0.954077680203394,7.696629213483146,3.6457611408558743,6.528600220896154,3.0924858570333407,3.3033707865168536,4,0.0,0.0,0.0
5.0,3.0,-2.0,-14.0,-35.25155152349549,20.578286952140132,589.105571639865,0.0,1.0915220268904247,0.7743193041680108,19.080459770114942,6.0229226985963615,20.826742122277068,6.574152791776247,10.919540229885056,5,0.0,0.0,0.0
5.0,3.0,-1.0,-14.0,-42.61015982618329,37.5489573298091,586.8110973435852,0.0,1.0455664331437076,0.7945357164568683,65.46511627906976,9.404813331015056,68.44812812324504,9.833357128891803,14.534883720930234,4,0.0,0.0,0.0
5.0,3.0,-1.0,-13.0,-40.51308002270537,73.35799667506929,581.7757109521293,0.0,0.9472263850914762,0.843204592868937,34.258426966292134,6.734181341005285,32.45048593420125,6.378794248190905,6.741573033707866,4,0.0,0.0,0.0
5.0,3.0,-1.0,-12.0,-38.39825265566731,107.09122714035848,577.8432518158012,0.0,0.8537321293501225,0.8972807466020325,34.134831460674164,6.813122192567605,29.14200234792891,5.816581316983317,7.865168539325843,4,0.0,0.0,0.0
5.0,3.0,-1.0,-11.0,-36.25154322037724,139.20794451830528,574.8756046297904,0.0,0.765181864263034,0.9574719934357683,32.40229885057471,6.38684446888952,24.79365144089072,4.887097557462931,4.597701149425287,5,0.0,0.0,0.0
5.0,3.0,-1.0,-10.0,-34.05467679341163,170.08257743121501,572.7703819703946,0.0,0.6814591339875125,1.0245149553447057,114.3793103448276,11.31169392010114,77.94482577367515,7.708457142723933,8.620689655172413,4,0.0,0.0,0.0
5.0,3.0,0.0,-14.0,-50.76776504215033,43.28289911455627,586.3302562032935,0.0,1.029828114070763,0.8016297361481314,19.470588235294116,5.170785648376201,20.051359162201326,5.3250204325314305,3.5294117647058827,5,0.0,0.0,0.0
5.0,3.0,0.0,-13.0,-49.30149726875837,79.15894864443044,581.4151450095696,0.0,0.9310733930142777,0.8516959829189669,139.9090909090909,12.449049052600346,130.2656319862703,11.590978341205783,9.090909090909092,5,0.0,0.0,0.0
5.0,3.0,0.0,-12.0,-47.92183347008796,113.06163190863013,577.5988969915174,0.0,0.8371288051583113,0.9075308337468977,137.73255813953486,12.487396133533265,115.29989182674646,10.45355900480322,11.267441860465116,4,0.0,0.0,0.0
5.0,3.0,0.0,-11.0,-46.64303202883971,145.46002236552894,574.74942069367,0.0,0.7480320201841498,0.9699529537737138,56.52941176470588,8.173507715399944,42.285810082174585,6.114045488341356,6.470588235294118,4,0.0,0.0,0.0
5.0,3.0,0.0,-10.0,-45.4864922311788,176.74792262980375,572.7708841608866,0.0,0.6636011450638858,1.0398453233437777,72.75555555555556,9.34565324457853,48.28066997642583,6.201786194472332,9.244444444444445,4,0.0,0.0,0.0
5.0,3.0,0.0,-9.0,-44.48460105605645,207.26843469533299,571.5961841303964,0.0,0.5835084287699507,1.1180957735645374,286.8837209302325,17.26905089989702,167.399069239677,10.076636756947213,7.116279069767442,4,0.0,0.0,0.0
5.0,3.0,0.0,-8.0,-43.687568405905864,237.33384470836324,571.182201812094,0.0,0.5073298555563586,1.2054702184057153,117.54945054945053,11.781161906725464,59.63634576798205,5.976935168425103,13.450549450549449,5,0.0,0.0,0.0
5.0,3.0,0.0,-7.0,-43.176322722234374,267.2442150560608,571.507322727902,0.0,0.4345736055430765,1.3023691611019235,57.53488372093023,8.607227772615973,25.003141863106308,3.740474006876227,10.465116279069766,5,0.0,0.0,0.0
5.0,3.0,0.0,-6.0,-43.088817547239984,297.3092128542662,572.5713167906595,0.0,0.36468665621427515,1.4083970905232157,-0.6551724137931028,4.752995175583507,-0.2389326368300421,1.7333539175861308,14.655172413793103,4,0.0,0.0,0.0
5.0,3.0,0.0,-5.0,-43.67957726114011,327.88269510431275,574.398832855441,0.0,0.29702904202493025,1.5216700549696676,339.8314606741573,18.828436176094606,100.9398132139777,5.5925923602129215,9.168539325842696,5,0.8715781548360724,0.48277779042348357,-0.026026731059047847
5.0,3.0,0.0,-4.0,-45.4755639419962,359.43850343638974,577.0513351924174,0.0,0.23077291527500418,1.6378531815587156,4159.3448275862065,64.88109493820599,959.8641314960785,14.972799425124114,31.655172413793103,4,0.8510385801129132,0.3508932021977671,-0.03128047751741292
5.0,3.0,1.0,-14.0,-59.38484696271533,37.77947683747158,587.5497483472468,0.0,1.0446903927005877,0.7945210692656789,97.26190476190477,10.469288852175909,101.60857748052146,10.937165482275535,7.738095238095238,4,0.0,0.0,0.0
5.0,3.0,1.0,-13.0,-58.55880192504469,73.6060601292026,582.4986495697863,0.0,0.9463420859213065,0.8431829285641779,42.06666666666667,7.298834677831866,39.80945708108963,6.907194433814175,6.933333333333334,4,0.0,0.0,0.0
5.0,3.0,1.0,-12.0,-57.92150348321708,107.36032127885429,578.5551516363215,0.0,0.8528312065747815,0.897249631875982,40.68181818181817,7.029077740663958,34.69472408565588,5.994616850678383,5.318181818181818,4,0.0,0.0,0.0
5.0,3.0,1.0,-11.0,-57.51295403347315,139.50257662170333,575.5807747935174,0.0,0.7642542801821615,0.9574281013517435,38.808510638297875,7.069531152115311,29.659570362814097,5.4029194418852535,7.191489361702127,4,0.0,0.0,0.0
5.0,3.0,1.0,-10.0,-57.389462678354676,170.40863653829555,573.4729747744752,0.0,0.6804926193514881,1.0244537267049096,125.21739130434783,11.679960380076263,85.2095105970559,7.948126832959699,6.782608695652174,4,0.0,0.0,0.0
5.0,3.0,1.0,-9.0,-57.631738775834094,200.39106275174615,572.1566474901725,0.0,0.6012941714099063,1.0990225537415035,46.13483146067416,7.67987185854466,27.740605256281743,4.617862185717868,7.865168539325843,4,0.0,0.0,0.0
5.0,3.0,1.0,-8.0,-58.358344744729195,229.71260768291532,571.5779817714097,0.0,0.5263358954027737,1.1816595878233893,597.0,24.97930177649846,314.2225295554559,13.147503167069413,17.0,4,0.0,0.0,0.0
5.0,3.0,1.0,-7.0,-59.748929356207455,258.5924377604369,571.6995911259046,0.0,0.4552743097037018,1.2724825710287924,23.03448275862069,6.252691216070054,10.487008237312855,2.8466896771866934,9.96551724137931,5,0.0,0.0,0.0
5.0,3.0,1.0,-6.0,-62.08608028928953,287.2031318784299,572.4958161461697,0.0,0.3877943223075361,1.3708092249788115,-0.7619047619047619,2.7257485605645106,-0.29546234080574174,1.0570298158248563,4.761904761904762,4,0.0,0.0,0.0
5.0,3.0,1.0,-5.0,-65.83398130158724,315.6512027658966,573.9464132128527,0.0,0.32367353227997275,1.4745653038260427,106.1123595505618,11.112835449529392,34.34576223429284,3.596930703595277,10.887640449438202,5,0.0,0.0,0.0
5.0,3.0,1.0,-4.0,-71.79083982070594,343.9201509738164,576.0245389027424,0.0,0.2629005476351831,1.5795248156398882,484.08139534883725,22.195312286759123,127.2652639372129,5.8351597551228815,4.9186046511627906,5,0.0,0.0,0.0
5.0,3.0,1.0,-3.0,-81.37709872675482,371.71299754965094,578.6674497287422,0.0,0.20595403309746355,1.6786204082798124,610.8620689655172,25.038861960372266,125.80950676970919,5.156854604909331,10.13793103448276,4,0.918490593657225,0.09864673994582063,-0.059855241382607005
5.0,3.0,2.0,-14.0,-68.11249832186341,21.022957935005877,590.6007078213513,0.0,1.0897792816809921,0.7742921901718918,27.84269662921348,6.065964870228195,30.34239393264605,6.6105628389794155,5.157303370786518,4,0.0,0.0,0.0
5.0,3.0,2.0,-13.0,-67.85452259525101,56.77518897180144,585.1544687938217,0.0,0.9926429316129348,0.8191179619795933,33.94318181818181,6.372313078226944,33.69345950827086,6.325431535126639,4.056818181818182,4,0.0,0.0,0.0
5.0,3.0,2.0,-12.0,-67.85854373299114,90.17268652243317,580.8436270162642,0.0,0.9003718463959416,0.8684116559451704,72.25287356321839,9.062123200033653,65.05445317752745,8.1592805978818,5.747126436781609,4,0.0,0.0,0.0
5.0,3.0,2.0,-11.0,-68.17614282553687,121.66175700126635,577.5122293333125,0.0,0.8132246502384631,0.9226170433183374,22.63218390804598,6.051699140881231,18.405049842753268,4.921390917191547,8.367816091954023,5,0.0,0.0,0.0
5.0,3.0,2.0,-10.0,-68.87602158902793,151.58314027926383,575.0405249011822,0.0,0.7312453464492087,0.9821347958663647,321.20454545454544,18.388414314228825,234.87932912196968,13.446442395859846,10.795454545454545,4,0.013095819966281397,1.1480978533088546,-0.07414949737069776
5.0,3.0,2.0,-9.0,-70.05032246714184,180.1891791733028,573.3345421674952,0.0,0.6543599420610136,1.0472465043306733,470.8235294117647,22.10371901883635,308.0880574268443,14.463788296498677,11.176470588235293,4,0.2721600793793755,0.9307186538144379,-0.08295537229581385
5.0,3.0,2.0,-8.0,-71.82350630837735,207.64945618612123,572.3177180829847,0.0,0.582458073668674,1.1179893483579384,206.5730337078652,14.823435861024882,120.32013128537722,8.634029896763694,8.426966292134832,4,0.278131031703424,0.9376322541597801,-0.0541688601949204
5.0,3.0,2.0,-7.0,-74.36444322963794,234.04427597446187,571.9231325250237,0.0,0.5154693902955089,1.193961389878657,252.816091954023,16.33895411548905,130.31895677643354,8.422230715977435,9.183908045977011,4,0.0,0.0,0.0
5.0,3.0,2.0,-6.0,-77.90158232847914,259.3425499695667,572.0848622560434,0.0,0.45344722803794985,1.2740416577362919,250.8202247191011,16.478848730965495,113.73373563473207,7.472288278312991,13.179775280898877,4,0.46380110860042123,0.651913350425616,-0.06742036693866282
5.0,3.0,2.0,-5.0,-82.73785375565282,283.3572657609617,572.7266290133424,0.0,0.39667593845114324,1.3560331965868107,-0.23255813953488413,2.9618084604526453,-0.09225021824445208,1.174878150562589,5.232558139534884,5,0.0,0.0,0.0
5.0,3.0,3.0,-13.0,-76.85831178185514,28.763552906361753,589.7557447207417,0.0,1.068833979774826,0.783222412077195,8.533333333333333,3.856282352246385,9.120716627411849,4.121725613686932,3.466666666666667,4,0.0,0.0,0.0
5.0,3.0,3.0,-12.0,-77.34265819099517,61.884082366766705,584.8405206999324,0.0,0.9784770758795583,0.8259763378961226,29.22988505747126,6.715939593936907,28.600772459330077,6.571392935659134,9.770114942528735,5,0.0,0.0,0.0
5.0,3.0,3.0,-11.0,-78.17255080527615,92.67382958968969,580.9415180203862,0.0,0.8933493390988697,0.8721943495479513,59.53932584269663,8.807232971086552,53.189417391965286,7.867935754009946,11.460674157303371,5,0.0,0.0,0.0
5.0,3.0,3.0,-10.0,-79.40873973225969,121.45984333867602,577.9157660296235,0.0,0.8137082008336111,0.9219524232164853,18.662790697674417,5.212013932965417,15.186065841138904,4.2410584801130025,5.337209302325581,4,0.0,0.0,0.0
5.0,3.0,3.0,-9.0,-81.12639379024685,148.46076825289347,575.6476903587779,0.0,0.7396783345571356,0.9751681103572474,44.5,7.446841917581878,32.915685887792534,5.508267627307229,6.499999999999999,4,0.0,0.0,0.0
5.0,3.0,3.0,-8.0,-83.4172737848162,173.79482723855335,574.039560524911,0.0,0.6713402670035203,1.0315077897130835,68.29213483146067,8.957882344841735,45.847260031993216,6.013787125172171,7.7078651685393265,4,0.0,0.0,0.0
5.0,3.0,3.0,-7.0,-86.39073449507835,197.47797940219624,573.0033893274217,0.0,0.6088073055607491,1.0902642709892532,503.9887640449438,22.69573643810931,306.8320414710944,13.817330148602244,7.01123595505618,4,0.2993040202636337,0.7090812608134911,-0.06664518406601871
5.0,3.0,4.0,-12.0,-86.18732846717737,22.595017379434893,591.1626951438552,0.0,1.0852784435874705,0.7758234020159268,17.749999999999996,5.272237438062306,19.263692373677596,5.721845641003853,6.250000000000001,5,0.0,0.0,0.0
5.0,3.0,4.0,-11.0,-87.32474324815307,53.05396926171966,586.4852352008345,0.0,1.0026193650580502,0.8137400744105007,17.069767441860463,5.2320986878389535,17.114479394246715,5.245803464322149,5.930232558139535,5,0.0,0.0,0.0
5.0,3.0,4.0,-10.0,-88.84508135700261,81.02781432378758,582.7375130963167,0.0,0.9255065165016448,0.8536963626030901,7.466666666666667,4.218313980668837,6.910448656545615,3.904077077759002,6.533333333333333,5,0.0,0.0,0.0
5.0,4.0,-2.0,-13.0,-37.02690533893568,44.85441721292693,671.933547771081,0.0,0.9942222243640862,0.767407463209714,-2.1954022988505746,2.7792271552346546,-2.182717756937247,2.76316940429047,6.195402298850574,4,0.0,0.0,0.0
5.0,4.0,-2.0,-12.0,-34.56589413014382,80.28115291037203,665.0910710799017,0.0,0.9028347217862904,0.8074866416140111,5.9,3.8036824262811426,5.326724858539114,3.4340965650949373,5.1,4,0.0,0.0,0.0
5.0,4.0,-1.0,-14.0,-46.90033901742288,24.91283150560605,676.7674404537145,0.0,1.0443260807423098,0.7470531768243363,26.613636363636367,6.226152852190746,27.793314557937386,6.5021338062309155,7.386363636363636,4,0.0,0.0,0.0
5.0,4.0,-1.0,-13.0,-45.06233725604159,63.03844022851507,668.7209287736963,0.0,0.9473988517604917,0.787061557840998,17.46153846153846,5.4126632148068365,16.5430414884332,5.127950914674249,7.538461538461538,4,0.0,0.0,0.0
5.0,4.0,-1.0,-12.0,-43.25764278746084,98.79194386148394,662.4483055593041,0.0,0.854329857297705,0.8304773105068601,121.29411764705883,12.027074416962002,103.62518622046281,10.275088770352026,14.705882352941176,5,0.0,0.0,0.0
5.0,4.0,-1.0,-11.0,-41.48489021254056,132.73226650922373,657.7127273246242,0.0,0.7654228210907454,0.8774924104031345,56.235955056179776,8.373802337358663,43.04428336583349,6.409499408317346,8.764044943820224,4,0.0,0.0,0.0
5.0,4.0,-1.0,-10.0,-39.74371155843204,165.3171295556093,654.3423068733846,0.0,0.6807053047684253,0.9282089208718978,25.52941176470588,6.032782415090078,17.378006015852737,4.106546992465488,6.470588235294118,5,0.0,0.0,0.0
5.0,4.0,-1.0,-9.0,-38.03507584519639,196.93438364049015,652.2150145622509,0.0,0.6000144857817612,0.9825715333429086,0.3678160919540232,3.0670651484200966,0.22069498327605022,1.8402835178884454,5.632183908045977,4,0.0,0.0,0.0
5.0,4.0,-1.0,-8.0,-36.361934963695546,227.9253112155426,651.2488106308022,0.0,0.5230597106692505,1.0402709727859643,101.57303370786516,10.72289288222475,53.12876162303398,5.608713248513843,8.426966292134832,4,0.0,0.0,0.0
5.0,4.0,-1.0,-7.0,-34.73047580681782,258.6034490275705,651.3955227816722,0.0,0.44946530142148283,1.1006144867490708,204.54545454545456,14.839181996122617,91.93608438166694,6.669697408735494,9.454545454545453,5,0.0,0.0,0.0
5.0,4.0,-1.0,-6.0,-33.15269156545861,289.27203951502975,652.6377772538369,0.0,0.37879598085671334,1.1623687020062923,0.7674418604651161,3.1945227597436645,0.29070389228538457,1.2100723821461963,5.232558139534884,5,0.0,0.0,0.0
5.0,4.0,0.0,-14.0,-55.102146096121515,31.07450774686839,675.8453419210564,0.0,1.0286867764068761,0.7529316916879263,67.42045454545455,9.15919664951369,69.35453005024995,9.4219444758649,10.579545454545453,4,0.0,0.0,0.0
5.0,4.0,0.0,-13.0,-53.90649382847387,69.24482706721723,667.9971744774748,0.0,0.9311820894481881,0.7939432519571272,2.067415730337079,3.3803071539422356,1.925140499533333,3.1476814785845892,5.932584269662922,4,0.0,0.0,0.0
5.0,4.0,0.0,-12.0,-52.85259881535063,105.16154451930352,661.9131067776685,0.0,0.837512748358617,0.8385718301734026,49.49438202247191,7.633322684133103,41.45217591595178,6.39300506029649,5.5056179775280905,4,0.0,0.0,0.0
5.0,4.0,0.0,-11.0,-51.9695515276095,139.39383673328592,657.3669227461176,0.0,0.7479129292070992,0.8870548875763357,101.82022471910112,10.71350524086973,76.15266252218801,8.012769086774489,8.179775280898877,4,0.0,0.0,0.0
5.0,4.0,0.0,-10.0,-51.300098329573046,172.4219070298251,654.1981515961116,0.0,0.6623328785842559,0.9395463811300893,133.88372093023256,12.173502331082354,88.67559027929212,8.062910841397924,9.116279069767442,5,0.0,0.0,0.0
5.0,4.0,0.0,-9.0,-50.90841625761999,204.6731518522671,652.2988774847078,0.0,0.5805138119231736,0.9960464228944309,18.52941176470588,5.3671434090866645,10.75657945622351,3.115700879547237,6.470588235294118,4,0.0,0.0,0.0
5.0,4.0,0.0,-8.0,-50.89421907182532,236.55544011896015,651.6068452108228,0.0,0.5020316659212908,1.0562978178924118,127.9111111111111,11.860589371819326,64.21542820095443,5.954391441142812,8.08888888888889,4,0.0,0.0,0.0
5.0,4.0,0.0,-7.0,-51.42021396914387,268.4966118439294,652.1048770073741,0.0,0.42630399115415774,1.1196432057966175,64.53488372093024,8.838463803246468,27.511478498902044,3.7678723949955253,8.465116279069766,4,0.0,0.0,0.0
5.0,4.0,0.0,-6.0,-52.77081858423317,301.0082935296346,653.8297724677767,0.0,0.3525376700807802,1.1848454476430854,216.86046511627904,15.164948483931004,76.45148310472732,5.346215605420096,8.13953488372093,4,0.7151056610343289,0.7984112979933116,-0.11022164428385395
5.0,4.0,0.0,-5.0,-55.495521372090195,334.82568164776137,656.9029385078594,0.0,0.2795385384847175,1.2498954780950478,7.134831460674157,4.406657918520249,1.9944603588516359,1.2318307141452578,7.865168539325843,4,0.0,0.0,0.0
5.0,4.0,0.0,-4.0,-60.838863662652614,371.3273866201097,661.6341612152614,0.0,0.2050527983480198,1.3118705948074671,1375.5862068965516,37.56170244130766,282.067801093076,7.702132196305782,22.413793103448274,5,0.0,0.0,0.0
5.0,4.0,1.0,-14.0,-63.6909154924426,25.240687112924263,677.6414715529802,0.0,1.0430749416757739,0.7470234519151443,28.103448275862068,6.281112283297579,29.314002671232952,6.551670828559609,6.896551724137931,5,0.0,0.0,0.0
5.0,4.0,1.0,-13.0,-63.1259944379363,63.39399670474438,669.5753731301334,0.0,0.9461309606821294,0.7870234163554319,15.157303370786517,4.967894906349191,14.340793999552726,4.700279180312017,5.842696629213482,4,0.0,0.0,0.0
5.0,4.0,1.0,-12.0,-62.80147956628237,99.18039909497305,663.2901465443831,0.0,0.8530325347666123,0.8304285314550159,151.17241379310343,13.286554583456452,128.95498732471822,11.333863334640808,15.827586206896553,5,0.0,0.0,0.0
5.0,4.0,1.0,-11.0,-62.77039622280931,133.16057768442823,658.5485141623788,0.0,0.7640806433472027,0.8774301848889423,68.40449438202248,9.079524654880952,52.26655007525585,6.937489039588227,8.595505617977526,5,0.0,0.0,0.0
5.0,4.0,1.0,-10.0,-63.10736464362667,165.79464146218876,655.1785581262584,0.0,0.6792990656023797,0.9281297266673868,23.13793103448276,5.717576214145815,15.717574931696443,3.883944179779644,5.862068965517241,4,0.0,0.0,0.0
5.0,4.0,1.0,-9.0,-63.91952526210066,197.47386375947508,653.0586623776829,0.0,0.5985194820516792,0.9824710184895126,5.551724137931034,4.035914865188406,3.322815055528287,2.4155736747172374,6.448275862068965,4,0.0,0.0,0.0
5.0,4.0,1.0,-8.0,-65.3648828988248,228.54468715271148,652.1077833915315,0.0,0.5214428665557406,1.0401438881624847,79.69767441860466,9.716394847184455,41.55778380666333,5.066544781703289,9.30232558139535,4,0.0,0.0,0.0
5.0,4.0,1.0,-7.0,-67.68445037459699,259.328862499295,652.2796382839706,0.0,0.44768012684551745,1.1004547401504836,218.35294117647055,15.190144318901837,97.75227240297414,6.80032573548769,7.647058823529412,5,0.0,0.0,0.0
5.0,4.0,1.0,-6.0,-71.26143146406196,290.1435954745926,653.5603105396979,0.0,0.3767731088078107,1.16216964780782,2.159090909090909,2.827696548181053,0.813487394016864,1.0654000192232906,2.840909090909091,5,0.0,0.0,0.0
5.0,4.0,1.0,-5.0,-76.7364686236231,321.3280649071114,655.9699694635394,0.0,0.308191438649455,1.2233550666289903,339.42857142857144,18.952141659173712,104.60897974730072,5.840887803429015,12.571428571428573,5,0.9139075059114816,0.29238603989495004,0.04943282756568124
5.0,4.0,1.0,-4.0,-85.24595753786211,353.292998170198,659.5724011239936,0.0,0.24128255120700937,1.2812742191321755,590.1034482758621,24.70951330080028,142.38166547605348,5.961974408300622,12.89655172413793,5,0.0,0.0,0.0
5.0,4.0,2.0,-13.0,-72.30035393239754,45.53491797408796,673.6601043756602,0.0,0.9917126380259519,0.7673367580513639,-3.09090909090909,2.907826429733134,-3.0652936084438505,2.8837282195522316,7.09090909090909,5,0.0,0.0,0.0
5.0,4.0,2.0,-12.0,-72.58038425740628,81.01927194841102,666.7867795977147,0.0,0.9002821818306456,0.8073969706183081,3.0999999999999996,3.382080592742058,2.790874763675001,3.0448268951609028,4.9,4,0.0,0.0,0.0
5.0,4.0,2.0,-11.0,-73.22502021944847,114.35881470856245,661.4801598754473,0.0,0.8131574244446785,0.850389918768714,40.68181818181818,7.0726571625410335,33.080722494453966,5.7511836822720745,5.318181818181818,5,0.0,0.0,0.0
5.0,4.0,2.0,-10.0,-74.31432315812212,145.9749860918863,657.5385042962841,0.0,0.7305516949463772,0.89629665138415,161.48275862068968,13.51344363727368,117.97150301496154,9.872269153772622,13.517241379310345,5,0.0,0.0,0.0
5.0,4.0,2.0,-9.0,-75.95536435444468,176.1876283538687,654.8075104598174,0.0,0.6525101808943697,0.9449397401174341,70.68181818181817,8.911112943078296,46.12060596776113,5.814591918458178,5.318181818181818,4,0.0,0.0,0.0
5.0,4.0,2.0,-8.0,-78.29220889112554,205.22693094019928,653.1659108142841,0.0,0.5789981494854127,0.9959063307940074,209.76744186046514,14.785925074667565,121.45496065949821,8.561023256662484,5.232558139534884,4,0.2769128162935317,1.0622213278311392,-0.06541629067375254
5.0,4.0,2.0,-7.0,-81.5192067582001,233.23146824100303,652.5128989110584,0.0,0.5099832940446486,1.0484531857039625,204.69767441860466,14.8124383146865,104.392394283279,7.554096084556984,9.302325581395348,4,0.5929548136182916,0.9977122451517744,-0.04901195918364465
5.0,4.0,2.0,-6.0,-85.89684179797248,260.2286356608707,652.7547222826244,0.0,0.4455257556802548,1.1014030769736531,294.47727272727275,17.545439825712148,131.1972094624787,7.816945337092843,8.522727272727272,4,0.70229571900677,0.8132250936652099,-0.03808868490986583
5.0,4.0,3.0,-13.0,-81.12599686361564,15.675333469822675,680.856634491731,0.0,1.0663329579639957,0.737582889126399,44.49999999999999,7.641640312568151,47.451816629397804,8.14853291819771,8.5,4,0.0,0.0,0.0
5.0,4.0,3.0,-12.0,-81.83737865532561,51.01100210020897,673.0047537822024,0.0,0.9775507103337777,0.7729456760357796,15.607142857142858,5.396459429701777,15.256773586280746,5.275312748792386,8.392857142857142,5,0.0,0.0,0.0
5.0,4.0,3.0,-11.0,-82.92984835125449,83.71331366794492,666.7911953052095,0.0,0.8931065651729103,0.810410621791065,26.98876404494382,5.820916405040567,24.103842354441916,5.198698656664426,4.011235955056179,4,0.0,0.0,0.0
5.0,4.0,3.0,-10.0,-84.46914535599869,114.19243492243983,661.9730201332987,0.0,0.81345972708459,0.849842028023694,21.247191011235955,5.127531013672636,17.283734201314154,4.1710399789999135,2.752808988764045,4,0.0,0.0,0.0
5.0,4.0,3.0,-9.0,-86.53595283767494,142.72964827870612,658.3579046228688,0.0,0.7388916532476202,0.8909606657395531,77.69767441860466,9.625575495708311,57.410163104658125,7.112257391483696,9.302325581395348,4,0.0,0.0,0.0
5.0,5.0,-2.0,-10.0,-36.812581823958226,141.29033534752108,760.6427341921836,0.0,0.7142071245747871,0.8132855156481746,130.48837209302326,12.826018883934054,93.19572502300304,9.16043406683646,21.51162790697674,5,0.0,0.0,0.0
5.0,5.0,-2.0,-9.0,-34.68319795093163,174.33341343071282,756.3803887457153,0.0,0.6345748114952282,0.8490969102891763,37.04545454545455,6.9854323771594675,23.508112334936865,4.432779433948633,6.954545454545455,5,0.0,0.0,0.0
5.0,5.0,-1.0,-11.0,-48.69757245226995,127.85326273511814,763.431694492284,0.0,0.7464508534979074,0.7990591933133697,32.04545454545455,6.690663594804552,23.92035689618294,4.994251550809235,7.954545454545455,5,0.0,0.0,0.0
5.0,5.0,-1.0,-10.0,-47.617532745985955,163.57301622761412,758.1534147457176,0.0,0.6602891863968058,0.8367732762805693,14.886363636363635,4.811530572102914,9.82930493386154,3.1770016067771905,5.113636363636364,4,0.0,0.0,0.0
5.0,5.0,-1.0,-9.0,-46.7423342093129,198.4286430831694,754.9093489891164,0.0,0.5769310733606852,0.8759293606743758,132.63218390804596,12.470035428616999,76.51962822424075,7.194350924677777,14.367816091954024,5,0.0,0.0,0.0
5.0,5.0,-1.0,-8.0,-46.14678681562472,232.98181299465634,753.6016135575295,0.0,0.495984975328964,0.9160504832880054,115.04545454545455,11.303317182970801,57.06081693443672,5.606275494131228,7.954545454545455,4,0.0,0.0,0.0
5.0,5.0,-1.0,-7.0,-45.95880277557248,267.8654698183582,754.2292911565191,0.0,0.4167540844298904,0.9564319638919152,192.04545454545456,14.299231145891598,80.03572757801305,5.959262984257426,6.954545454545455,4,0.0,0.0,0.0
5.0,5.0,-1.0,-6.0,-46.41721915612163,303.9327874441502,756.9256893710403,0.0,0.33806398223434736,0.9961024509537596,757.6521739130435,28.09805945576285,256.1349110615538,9.498941872672647,20.347826086956523,4,0.669259369804081,0.556694890620065,0.057289342478505034
5.0,5.0,-1.0,-5.0,-48.03609609040569,342.65194111892896,762.0862373048271,0.0,0.2576761028266264,1.0338074028381792,22.123595505617978,5.790069597700783,5.700721870400308,1.4919625690304703,6.876404494382022,4,0.0,0.0,0.0
5.0,5.0,0.0,-11.0,-59.31709351144394,135.23520872441065,762.7717479614566,0.0,0.7284488634491827,0.8062486586730575,16.866666666666664,6.0230749703756326,12.286504163509546,4.387502116639349,12.133333333333335,5,0.0,0.0,0.0
5.0,5.0,0.0,-10.0,-59.357720172136,171.4844974242468,757.8308782878076,0.0,0.6411144139111803,0.8450382543139295,12.511627906976745,4.341991876538016,8.021384992656163,2.783713577133776,3.488372093023256,4,0.0,0.0,0.0
5.0,5.0,0.0,-9.0,-59.87527833283784,207.13157330424426,754.9758559014133,0.0,0.5562314077393057,0.885420848073101,117.86206896551724,11.714369155386906,65.55858453975678,6.515900046078761,12.13793103448276,4,0.0,0.0,0.0
5.0,5.0,0.0,-8.0,-61.063572935357215,242.85468697773638,754.1546102345471,0.0,0.4731869881218375,0.926920730290104,266.1860465116279,17.01295119557185,125.95577362889657,8.050307135296459,14.813953488372093,4,0.0,0.0,0.0
5.0,5.0,0.0,-7.0,-63.256927973106684,279.515466408262,755.449056297779,0.0,0.39088650638778644,0.9688208686855625,-3.9263157894736844,2.122607501135836,-1.5347438619225722,0.8296986305514963,4.926315789473684,5,0.0,0.0,0.0
5.0,5.0,0.0,-6.0,-67.0983124838809,318.48030070222535,759.1726584332823,0.0,0.3072991964867106,1.0101173603291327,6.0227272727272725,3.5816191684444334,1.8507792515676889,1.1006286925843751,3.9772727272727275,4,0.0,0.0,0.0
5.0,5.0,1.0,-11.0,-70.01797285378436,128.49101933600372,764.5143212681917,0.0,0.7445076662165132,0.7989907324236483,53.416666666666664,8.120400407478549,39.76911783706541,6.045700356115478,7.583333333333333,4,0.0,0.0,0.0
5.0,5.0,1.0,-10.0,-71.02414645155314,164.29247773599275,759.24450735899,0.0,0.658234117036859,0.8366905959505516,6.157303370786516,3.926029850892917,4.052947147597738,2.5842467923628503,5.842696629213483,4,0.0,0.0,0.0
5.0,5.0,1.0,-9.0,-72.68155690192837,199.2540317162438,756.0230273082112,0.0,0.574719197727513,0.8758298640664213,117.56666666666666,11.638812251139887,67.56782034616461,6.689048839476266,11.433333333333334,5,0.0,0.0,0.0
5.0,5.0,1.0,-8.0,-75.22274189283961,233.94964050446336,754.7557709412473,0.0,0.493551501854808,0.9159313517611685,118.74444444444444,11.567619770743411,58.60649889247036,5.70921611073578,9.255555555555556,5,0.0,0.0,0.0
5.0,5.0,1.0,-7.0,-79.01598940103796,269.034583992067,755.4494002272372,0.0,0.41399796938427397,0.9562903104986556,168.632183908046,13.829582986123931,69.81338171076648,5.725419273686612,14.367816091954023,4,0.0,0.0,0.0
5.0,5.0,1.0,-6.0,-84.68449977401721,305.40839535025606,758.253572998598,0.0,0.33480890419948,0.99593558222228,670.5649794801643,26.721058535938777,224.5111259743006,8.946448327467824,27.435020519835838,5,0.0,0.0,0.0
5.0,5.0,2.0,-10.0,-81.82200052584042,142.61926423681396,762.8121898046281,0.0,0.7102546079347637,0.8131337125382266,172.14479060265575,13.826975007674017,122.26663075750125,9.820672712999285,11.855209397344229,5,0.0,0.0,0.0
5.0,5.0,2.0,-9.0,-84.14589207908395,175.82833438262463,758.5742502828933,0.0,0.6303885242248898,0.8489156770969519,33.72727272727273,6.1927543638973965,21.261285680675826,3.903841284344526,2.272727272727273,4,0.0,0.0,0.0
5.0,5.0,2.0,-8.0,-87.32460393616826,207.97700247733385,756.1262787535379,0.0,0.5539931094028833,0.8852768874748694,95.41379310344827,10.64858629170514,52.85858392130269,5.899243430486648,11.586206896551726,5,0.0,0.0,0.0
5.0,-3.0,0.0,-2.0,-62.50337888779799,429.3274168707619,184.74451316556738,1.0,0.09554940033065554,1.842274599811104,2050.820224719101,45.51431044735318,195.95464265789033,4.3488650697078866,13.179775280898877,4,-1.131565790149807,-0.45419134824601315,-0.09327279227772323
5.0,-2.0,0.0,-1.0,-56.00342425842368,452.5621502516009,257.06012361394636,1.0,0.05005417428698028,2.819417973187913,12496.125,112.01103968521869,625.4832186618914,5.606620102469801,31.874999999999996,4,0.0,0.0,0.0
5.0,2.0,0.0,-1.0,-54.24726030343612,452.92089022002483,504.940216273979,1.0,0.04934168763133573,2.821531495353486,14515.738636363638,120.75638906920436,716.2310415335659,5.9583240289407255,43.26136363636363,5,0.0,0.0,0.0
5.0,3.0,0.0,-2.0,-61.218161225163755,429.92042425599635,577.1744447064035,1.0,0.09439639721936909,1.8440440974702024,2156.651162790698,46.78494115960534,203.58009982640496,4.416329889586915,20.348837209302328,5,-0.8212140578530693,0.2938592980304975,-0.008854847996829562
5.0,-5.0,-2.0,-2.0,-79.66435914699827,561.9628960593482,10.498861367529685,1.0,0.17147710466866084,1.063867141114403,913.574727481354,31.12748840071074,156.65714916696345,5.3376515865612015,35.42527251864601,4,0.013772022446232768,0.4621164857215714,-0.3722572826345072
5.0,-5.0,-2.0,-1.0,-61.4452962822412,542.2167672649484,9.952988646907102,1.0,0.13053886000615217,1.0761138935543009,244.17204301075267,16.020168234596365,31.873940139996808,2.0912544984509807,7.827956989247312,4,-0.6411587499792404,-0.412661278575321,-0.12685620694547595
5.0,-5.0,-2.0,0.0,-44.871706264663715,533.9379510581367,9.549829618609238,1.0,0.1135158032913665,1.0803959103713054,1063.310344827586,33.13177667203946,120.70252794112334,3.7609802433967165,21.689655172413794,4,0.0,0.0,0.0
5.0,-5.0,-2.0,1.0,-33.74824978758153,541.8289467528576,9.986615581480578,1.0,0.12974109477756274,1.0764247765359003,256.86206896551727,16.812068877108977,33.325566034416035,2.1812162215919084,16.137931034482758,5,-0.7839979322079671,-0.4052849183742122,0.02328316541863984
5.0,-4.0,-4.0,0.0,-82.24953176218924,717.4677657689017,98.82371065757098,1.0,0.5183887117838879,1.040181903733179,151.9090909090909,12.900024825397342,78.74795794462516,6.687227251217902,9.09090909090909,5,0.0,0.0,0.0
5.0,-4.0,-4.0,1.0,-75.30988216292644,719.5170695897489,98.49717440492776,1.0,0.522995057207223,1.0366179703923748,249.16666666666669,16.31373611749041,130.3129350874664,8.532003354030437,10.833333333333332,5,0.0,0.0,0.0
5.0,-4.0,-4.0,2.0,-68.57380248530251,725.7107884082045,97.4436702714965,1.0,0.5369073422995314,1.025908573930846,87.68965517241381,10.35453567461433,47.081219705783056,5.559426229802866,12.310344827586206,4,0.0,0.0,0.0
5.0,-4.0,-4.0,3.0,-62.18019640042121,735.8889452297855,95.61485341792167,1.0,0.5597437404808647,1.0087002957136244,192.82954545454547,14.5620510784563,107.93513104795221,8.151016939728539,12.170454545454543,5,0.0,0.0,0.0
5.0,-4.0,-4.0,4.0,-56.20831510045406,749.8385274757226,92.93303938453045,1.0,0.5909664447776278,0.9859598925849717,62.97727272727272,8.864583282752749,37.21745496542742,5.2386712670435855,10.022727272727272,5,0.0,0.0,0.0
5.0,-4.0,-4.0,5.0,-50.68388115481389,767.3522569222772,89.29357916492381,1.0,0.6299850837541062,0.9588357311751514,149.93103448275863,12.595301810274385,94.45431531596049,7.934852265853954,5.068965517241379,4,0.584939008726792,-1.51604709946605,0.19858703716683124
5.0,-4.0,-4.0,6.0,-45.59393335935371,788.2811953423104,84.564711521773,1.0,0.6762388647943178,0.9285192192818462,77.79310344827586,9.542810480504432,52.606719964689,6.4532193262836355,8.206896551724137,4,0.0,0.0,0.0
5.0,-4.0,-3.0,0.0,-80.55315145208226,648.3492726165604,108.30149094772906,1.0,0.3635109289896371,1.171636809622426,48.441860465116285,7.7713748572208265,17.609145699660797,2.824979693875051,7.558139534883721,4,0.0,0.0,0.0
5.0,-4.0,-3.0,1.0,-71.44719923905171,650.9529774413118,108.07686859362349,1.0,0.36930973133824685,1.1665452377218906,363.15384615384613,19.375172128594876,134.11624935752795,7.155439613443662,7.846153846153846,4,-0.14801800660893605,-0.7478971201872326,-0.04678139429033479
5.0,-4.0,-3.0,2.0,-63.023613584939255,658.699686671802,107.32491685012053,1.0,0.38658757199217375,1.1513403722982776,59.294117647058826,8.200767961338093,22.922368974594775,3.170314974644902,4.705882352941176,4,0.0,0.0,0.0
5.0,-4.0,-3.0,3.0,-55.48955506243844,671.0991426056142,105.96907083866739,1.0,0.4143164775278648,1.1271688781688378,239.25581395348837,15.899018817241538,99.12762606527147,6.587225472508754,8.744186046511627,4,-0.16239804477618236,-0.9948564953958225,0.045759736088733405
5.0,-4.0,-3.0,4.0,-48.86912093982275,687.545440293733,103.90123319291013,1.0,0.45120257244862516,1.095696099900428,64.86046511627907,8.816591615987074,29.265208710679435,3.978068817362349,8.13953488372093,4,0.0,0.0,0.0
5.0,-4.0,-3.0,5.0,-43.07517532388613,707.4881245446833,100.99615952928116,1.0,0.4960202155335557,1.0588196633281766,582.5227272727273,24.6649971979901,288.94304873501284,12.234337226281596,16.477272727272727,4,-0.05894163556456533,-0.9246545227841665,0.06607955074541394
5.0,-4.0,-3.0,6.0,-37.977704116216586,730.528404151014,97.11656034845998,1.0,0.5477878355028855,1.0184079035894105,147.6,12.700078739913387,80.85348452022589,6.956948643653368,8.4,4,0.0,0.0,0.0
5.0,-4.0,-3.0,7.0,-33.44507986510632,756.4507082281743,92.1096873438189,1.0,0.6058035098833104,0.9761161405298165,83.18604651162791,9.624114521018702,50.3943989500605,5.830322356352065,5.813953488372094,4,0.0,0.0,0.0
5.0,-4.0,-2.0,-1.0,-87.33414678758987,583.5064065829138,112.24745719964375,1.0,0.22114342670736575,1.2959911198355605,585.4606741573033,24.787403082957695,129.47077968555055,5.481571256941987,18.53932584269663,4,-0.3424131786265434,-0.3370989325173923,-0.14917655223925408
5.0,-4.0,-2.0,0.0,-72.74446653195866,579.1713706465346,112.32597986357837,1.0,0.21179030179575475,1.3034387849672981,286.1,17.456899304668436,60.59320534376544,3.6972019721538296,11.899999999999999,5,0.0,0.0,0.0
5.0,-4.0,-2.0,1.0,-59.78991557631463,583.3235568353724,112.28847465947507,1.0,0.2207496367250963,1.296431622868793,564.6666666666666,24.331354561857317,124.64996153743769,5.371137680559517,17.333333333333332,5,-0.5415654072382949,-0.5288313103246054,-0.03248607683093496
5.0,-4.0,-2.0,2.0,-49.42673193523078,595.085725499128,112.03644875046655,1.0,0.24624359662397255,1.2756492449448125,598.1744186046511,24.935755744480748,147.296620245663,6.140270179057824,14.825581395348838,4,-0.3727893060264478,-0.644900306978343,-0.02816956413047933
5.0,-4.0,-2.0,3.0,-41.46353976853493,612.5635649530907,111.3509317429772,1.0,0.28442256999147136,1.2429981982171747,593.1111111111111,24.793467877300184,168.69418651271934,7.051821852662709,13.88888888888889,4,-0.38481323211794916,-0.7064847489432537,0.007864382272110504
5.0,-4.0,-2.0,4.0,-35.27744568982362,634.0328461999203,110.01481400139949,1.0,0.3317546877642618,1.2011603613595259,26.250000000000004,6.69233070383055,8.708560553811873,2.220212083064487,11.75,5,0.0,0.0,0.0
5.0,-3.0,-5.0,0.0,-87.43311135419862,787.1039509634669,172.1505073360045,1.0,0.6870595106898062,1.0168159427340469,33.49438202247191,6.48314606741573,23.012633723216993,4.454307164809193,5.5056179775280905,4,0.0,0.0,0.0
5.0,-3.0,-5.0,1.0,-81.82188609959536,788.8353729617997,171.87940526401036,1.0,0.6910318548530034,1.0134651640932206,300.5172413793103,17.941674561979728,207.66698672565255,12.3982686517338,13.482758620689655,5,0.11105225869187052,-0.2639989964179392,0.07188609959536052
5.0,-3.0,-4.0,1.0,-82.38032220827711,718.4112780403201,182.37036283609538,1.0,0.528399609201863,1.176868910336175,493.2584269662921,22.55744614240756,260.63756004451443,11.919345726240227,9.741573033707866,4,-0.06360096492028333,-0.3155741841532631,0.004036983600784083
5.0,-3.0,-4.0,2.0,-75.5046711948786,724.2389092925808,181.68155576014044,1.0,0.5418923463989648,1.161230736411826,56.88636363636364,8.384113396061418,30.82628506901384,4.543286880666715,8.113636363636363,4,0.0,0.0,0.0
5.0,-3.0,-4.0,3.0,-68.89313250052425,733.8162575130514,180.48607462288274,1.0,0.5640752007685625,1.136414853807646,912.7931034482758,30.676459774628484,514.8839530877455,17.303830206242296,18.20689655172414,4,0.050182889443931344,-0.5251768958815717,0.031729264309234395
5.0,-3.0,-4.0,4.0,-62.649160562663795,746.94865978691,178.73564363485463,1.0,0.5944891724668329,1.1041562024271339,220.09090909090912,15.295775357975577,130.84166241292752,9.093172834801475,8.909090909090908,4,0.2490314107811855,-0.7751818743928425,0.04437460787782754
5.0,-3.0,-4.0,5.0,-56.82277754259076,763.4416736666592,176.36531508755672,1.0,0.6326328326608465,1.0664237816064253,161.36363636363637,13.352345260924844,102.08393436118205,8.447132005084514,10.636363636363637,5,0.0,0.0,0.0
5.0,-3.0,-4.0,6.0,-51.421376454747445,783.1472990178082,173.29364340158747,1.0,0.6780365011647942,1.0251470533898204,10.97752808988764,4.857689453319947,7.443164737505661,3.2936907606741785,8.02247191011236,4,0.0,0.0,0.0
5.0,-3.0,-3.0,1.0,-80.87457603648676,654.3671778756056,188.79716382183622,1.0,0.38121444014572875,1.378424179225379,750.2093023255813,27.756737058528508,285.99061917816425,10.581268978039146,12.790697674418604,4,-0.2409099593984365,-0.3420370302154936,-0.018615804748080222
5.0,-3.0,-3.0,2.0,-72.10376987728131,661.5343084753931,188.2932992298653,1.0,0.3975398078958453,1.3534719279687741,45.325581395348834,7.894946388345603,18.018722920674477,3.1385554705709087,10.674418604651162,4,0.0,0.0,0.0
5.0,-3.0,-3.0,3.0,-64.06425705129367,673.0476549938434,187.38935645557603,1.0,0.42386208785236085,1.3146131901132956,561.2359550561798,24.273017870484107,237.88664368792612,10.288412033061059,17.764044943820224,4,0.04607085217594431,-0.6418012584795463,-0.016774302673468355
5.0,-3.0,-3.0,4.0,-56.86314650941691,688.3878388479404,186.01936207513367,1.0,0.4590948571472686,1.2653696061056279,41.20454545454545,7.137917462571232,18.91679490927268,3.2769811978081336,5.795454545454546,4,0.0,0.0,0.0
5.0,-3.0,-3.0,5.0,-50.47838599873069,707.0671659566649,184.10564437524025,1.0,0.5021895621114216,1.209459175402462,516.9666666666667,23.181577934980087,259.6152639595346,11.641546472219444,13.033333333333331,4,0.055109929776335775,-0.8008185221755184,0.065037351461676
5.0,-3.0,-3.0,6.0,-44.81993824313929,728.7161419231552,181.56232744340775,1.0,0.5522956873523663,1.1502111601783986,5.517241379310345,5.186876332436555,3.047148619875125,2.8646894292347684,13.482758620689655,5,0.0,0.0,0.0
5.0,-3.0,-3.0,7.0,-39.77564367893959,753.1177233280524,178.29398514189504,1.0,0.6088073055607492,1.0902642709892532,504.8275862068965,23.106429555459815,307.34272253135754,14.067363118788752,18.17241379310345,5,0.31833341059791564,-0.9798641044310443,0.08722906761430949
5.0,-3.0,-3.0,8.0,-35.236377848707235,780.2125098852979,174.1908123133401,1.0,0.6713402670035203,1.0315077897130838,70.72727272727273,9.173538120752132,47.48206615715808,6.158565531352709,8.272727272727273,5,0.0,0.0,0.0
5.0,-3.0,-2.0,0.0,-87.85414267799655,590.0311579096572,191.9337492547347,1.0,0.23731049048605493,1.6221136320146776,748.3333333333333,27.83125121264408,177.58735038039777,6.6046478761131775,16.666666666666664,4,-0.4399313491898056,-0.0841625109535471,-0.1789328288176648
5.0,-3.0,-2.0,1.0,-74.41526788389973,593.5864325851363,191.8840733693638,1.0,0.24512310061612083,1.6085693653021442,685.2352941176471,26.531498548421904,167.96699994571716,6.503483188181287,11.764705882352942,4,-0.37436472789363506,-0.3373586324922542,-0.07150582281613538
5.0,-3.0,-2.0,2.0,-62.78540925758372,603.7899423364572,191.65390650231757,1.0,0.2676428084474777,1.5692856183595658,2001.111111111111,45.14722145313343,535.5829977932303,12.083329143316845,23.88888888888889,5,0.0,0.0,0.0
5.0,-3.0,-2.0,3.0,-53.2891684104855,619.2949546948597,191.13109807778534,1.0,0.3021322632947757,1.5095804963110646,1812.2022471910113,43.11699336431269,547.5247664916989,13.027034791625619,29.797752808988765,5,-0.22424863577089127,-0.805740040729745,0.015542972328262294
5.0,-3.0,-2.0,4.0,-45.64904832166036,638.7432157221808,190.192574053397,1.0,0.3458211502773326,1.4362999004784673,227.81818181818178,15.831788818389494,78.78434569045413,5.474967420123267,14.181818181818182,4,-0.32629512709218034,-0.5489103143757177,0.03419799005970958
5.0,-3.0,-2.0,5.0,-39.42662433677438,661.1481907337744,188.73028703567093,1.0,0.39667593845114324,1.3560331965868107,839.7586206896551,29.33096637659622,333.1120389345066,11.634888613115233,13.24137931034483,4,-0.08396860575408027,-0.5919233222330433,-0.07511368781231198
5.0,-3.0,-2.0,6.0,-34.23545308149855,685.9244176667873,186.65042522362816,1.0,0.45344722803794985,1.2740416577362919,234.36363636363635,15.992120993923773,106.27154126198496,7.251582935142238,13.636363636363637,4,0.2222298771351916,-1.2076858905338668,0.17774422527767797
5.0,-3.0,-1.0,0.0,-72.32142889355583,524.7775257347012,191.6162752915853,1.0,0.09727168199502591,1.8377376725896302,488.33333333333337,22.505143445032324,47.50100470757099,2.1891131564376263,11.666666666666666,4,-0.5858584256748145,-0.26015103351085145,-0.16325082586142514
5.0,-3.0,-1.0,1.0,-49.86069179731305,532.7750930742333,191.9042643908025,1.0,0.11408322385615606,1.8180910220875341,3369.079545454546,58.38186821400138,384.35545597328746,6.660391740598521,24.920454545454543,4,-0.6716414727374058,-0.5046030142339646,-0.02445217122497212
5.0,-3.0,-1.0,2.0,-37.59305288644768,551.8483291268585,192.3557298813777,1.0,0.15458035939632844,1.7619170340116133,1942.9,44.46935274245998,300.33418027112657,6.874088529051568,22.1,4,0.0,0.0,0.0
5.0,-2.0,-5.0,1.0,-85.75394421752969,783.5729014611861,247.38135630334781,1.0,0.6861345179110401,1.1012735671572904,290.11494252873564,17.568057120662132,199.05787623074312,12.054050403119128,11.885057471264368,5,0.40071106860636974,-0.2768278729766678,0.003944217529692651
5.0,-2.0,-5.0,2.0,-80.09193653191181,788.6428086243499,246.85862856186523,1.0,0.6980652817611831,1.0884018898373105,10.500000000000002,4.880232234911231,7.329685458492424,3.406720690123317,8.499999999999998,4,0.0,0.0,0.0
5.0,-2.0,-4.0,1.0,-87.20479708198968,715.5812435908161,253.8573257013391,1.0,0.5257203706805802,1.3210777288797704,572.0689655172414,24.509536917712854,300.7483086065802,12.885162833589366,17.93103448275862,5,-0.008063961456628022,-0.19309105957634642,-0.030173004104000256
5.0,-2.0,-4.0,2.0,-80.2393169358973,721.2164106640635,253.4421976022974,1.0,0.5389880737864209,1.2990195284650028,8.823529411764705,5.211777984314515,4.75577712164489,2.809086176768156,11.176470588235293,5,0.0,0.0,0.0
5.0,-2.0,-4.0,3.0,-73.48565417964085,730.470725527494,252.71935428227061,1.0,0.5608065045186388,1.2645081112754755,166.60000000000002,13.780130623473784,93.43036365280524,7.727986886760584,14.4,4,0.0,0.0,0.0
5.0,-2.0,-4.0,4.0,-67.06268006364454,743.1543451731684,251.6600641663681,1.0,0.5907520638990355,1.220464071286876,394.8045977011494,20.23682613419731,233.2316309287824,11.954946805543,9.195402298850574,4,0.2742482797325465,-0.5363168001108818,0.047147405234539974
5.0,-2.0,-4.0,5.0,-61.03615048965051,759.0746223645567,250.22580656959298,1.0,0.6283653557115805,1.1700356451179228,270.0425531914894,16.89699307066911,169.68538499343362,10.617485061307107,9.957446808510637,4,0.3579718704766037,-0.6586964439462406,0.03729609201562312
5.0,-2.0,-4.0,6.0,-55.426877583761,778.0795281901516,248.36851996422678,1.0,0.6732225337315975,1.1161167246323678,50.40449438202248,8.031812300923622,33.93344141932524,5.407197027684413,8.595505617977528,4,0.0,0.0,0.0
5.0,-2.0,-3.0,1.0,-87.21864142285676,653.7502790644994,257.8782554521985,1.0,0.3817393692791021,1.6279712519202003,672.3932584269663,26.372983827683505,256.6789783794304,10.067606212387862,14.606741573033709,5,-0.20588924379376294,-0.23756719308920538,-0.049172342325434215
5.0,-2.0,-3.0,2.0,-78.23250563835421,660.6570642603508,257.5739565520312,1.0,0.39763673160753793,1.5872043879104207,870.6470588235294,29.841391564721494,346.201250854304,11.866033408416607,12.352941176470589,5,-0.12424495540005864,-0.31611280480871073,-0.01993858882559607
5.0,-2.0,-3.0,3.0,-69.87404941296988,671.7566998946712,257.0258494331973,1.0,0.42329859953395726,1.5254391466145643,781.8235294117648,28.556203308648097,330.94480508269567,12.087800868557697,21.176470588235293,5,0.023202394344934874,-0.46029131500176845,0.02653682710077021
5.0,-2.0,-3.0,4.0,-62.30104477403066,686.5584587782689,256.1945315505486,1.0,0.4577178700101294,1.449877698579579,209.82954545454544,15.142938784837053,96.04273261064817,6.931193686289394,12.170454545454545,5,0.0677327295301211,-0.5210046874636873,0.051044774030657436
5.0,-2.0,-3.0,5.0,-55.53275300483543,704.595356201373,255.03355805752972,1.0,0.4999195904624123,1.367390503535092,730.5882352941177,27.59381606666804,365.23537138489183,13.79468922734382,19.411764705882355,4,0.13938166718912726,-0.5755786379911285,0.023867737058473892
5.0,-2.0,-3.0,6.0,-49.505783268889985,725.5061762821798,253.49168992209422,1.0,0.5491141652205372,1.2834045379382149,1337.1363636363637,37.014746056400746,734.2405181042066,20.325321381610667,20.863636363636367,4,0.2142121235333434,-0.6786861451236064,0.019078639568540723
5.0,-2.0,-3.0,7.0,-44.12190453937808,749.069430704932,251.51232712959626,1.0,0.604746605497009,1.201622200444547,23.47674418604651,5.841373942857285,14.197481354633268,3.5325510633816224,6.5232558139534875,4,0.0,0.0,0.0
5.0,-2.0,-3.0,8.0,-39.27735136270684,775.2093743376658,249.03089423903486,1.0,0.6664802880556395,1.1242428581356783,170.19101123595505,13.559125808484737,113.4289541930199,9.036890074621564,8.808988764044944,5,0.0,0.0,0.0
5.0,-2.0,-2.0,1.0,-83.84036564344211,595.6165855239859,259.88725263420775,1.0,0.2504576619265839,2.051817147861692,1659.5555555555557,41.107207021832586,415.6484042817175,10.295614959020243,19.444444444444443,4,-0.3952754350153782,-0.21479742959797932,-0.060596794960687816
5.0,-2.0,-2.0,2.0,-71.50943747569194,605.2838205942053,259.7428819853084,1.0,0.2719511328338984,1.9719197851699435,5449.181818181818,74.15577194255815,1481.9111684724276,20.166746185950906,31.818181818181817,4,-0.23321097913833455,-0.38596805832997916,-0.0420791276452519
5.0,-2.0,-2.0,3.0,-61.123404292354934,620.0525382484914,259.41951653152864,1.0,0.3050585327301247,1.8570384385636924,489.5280898876405,22.668611029779527,149.3347208313042,6.915253219774463,15.47191011235955,4,-0.314686793916394,-0.5097164340152744,0.020812060923120157
5.0,-2.0,-2.0,4.0,-52.60296174149249,638.6782082594309,258.8448824455297,1.0,0.34725849918145507,1.7253167402675977,353.96629213483146,19.310508026391844,122.91780336756605,6.705738035676274,12.03370786516854,4,0.0,0.0,0.0
5.0,-2.0,-2.0,5.0,-45.59904282167403,660.2261337605723,257.9541170969486,1.0,0.39665061808283364,1.5909699304268663,24.11111111111111,6.39753038771434,9.5636871248861,2.5375843824906035,10.88888888888889,4,0.0,0.0,0.0
5.0,-2.0,-2.0,6.0,-39.74572556501556,684.1200575228085,256.6903879145557,1.0,0.45204306152011264,1.4627521655358708,785.1034482758621,28.487127771542983,354.9005663686181,12.877408451762914,16.89655172413793,5,0.032969464791790415,-0.7182021620636476,0.0038704714099182524
5.0,-2.0,-2.0,7.0,-34.7455744718099,710.0731456513623,254.99962022086038,1.0,0.512795877555845,1.3449470634618816,308.71111111111117,18.157037883183424,158.30578513346222,9.310854175121767,13.28888888888889,5,0.13565007407953544,-0.7963732007206374,0.06955720917117958
5.0,-2.0,-1.0,1.0,-68.53136428803788,540.1638354859879,260.1437002060137,1.0,0.13003190996567338,2.551298489889625,645.4186046511628,26.189175326317166,83.92501389017055,3.4054284881069083,25.581395348837212,4,-0.6085270129577793,-0.3271874907667893,-0.07335118693076481
5.0,-2.0,-1.0,2.0,-51.98455410995365,556.8539574060102,260.3465958171636,1.0,0.1657553029732094,2.4023207227190517,5143.551724137932,72.1644722717763,852.5709743928564,11.96164396531005,40.44827586206896,4,-0.4890037413093751,-0.3994782338202185,-0.055167878251900504
5.0,-2.0,-1.0,3.0,-41.598348069176495,578.7041925889495,260.3836767574344,1.0,0.2132077534434499,2.2028061539473063,1115.142857142857,33.90058417690353,237.75710333993854,7.227867392778166,21.857142857142858,4,-0.398738702973219,-0.4777513444361148,0.017842249280036526
5.0,-2.0,-1.0,4.0,-34.55761601792716,603.1433004551074,260.12232620785744,1.0,0.267182744285505,1.9918126615880147,5316.386363636364,73.18648876964758,1420.4466983184004,19.554166914094733,25.61363636363636,4,0.0,0.0,0.0
5.0,-1.0,-5.0,1.0,-88.06548252643199,780.0742779074167,315.181577128253,1.0,0.6813625617118602,1.1664001339173682,211.20454545454547,14.94458600384923,143.90687013609812,10.182681403305923,7.795454545454545,4,0.0,0.0,0.0
5.0,-1.0,-5.0,2.0,-82.37910025967255,785.0495482210481,314.93845487676515,1.0,0.6932356544711626,1.1511036765387563,157.35632183908046,13.072319649648724,109.08501275528985,9.062198067780473,8.64367816091954,4,0.0,0.0,0.0
5.0,-1.0,-4.0,2.0,-83.02021947637724,718.8639025810797,318.2342294193546,1.0,0.5353114067927908,1.4097201600120313,78.25000000000001,9.9191332557565,41.88811758153589,5.309825177304167,12.75,4,0.0,0.0,0.0
5.0,-1.0,-4.0,3.0,-76.18639407356551,727.9588757542069,317.8956308784141,1.0,0.5569432699739927,1.3658596346640812,290.41379310344826,17.694515326461854,161.74400757658503,9.854841226524595,14.586206896551724,5,0.0,0.0,0.0
5.0,-1.0,-4.0,4.0,-69.66125464116243,740.4166425732792,317.39673536649644,1.0,0.5866400637640315,1.310773901470284,45.483146067415724,7.9000600068994435,26.682235709177522,4.634491706187165,10.51685393258427,5,0.0,0.0,0.0
5.0,-1.0,-4.0,5.0,-63.51958754733401,756.0437667371491,316.7193878254396,1.0,0.6239614339308126,1.2488362767479406,96.56666666666666,10.687600985011313,60.253875803252136,6.668650835888024,11.433333333333334,4,0.0,0.0,0.0
5.0,-1.0,-4.0,6.0,-57.79000700975524,774.6846953042785,315.84101776935825,1.0,0.6685052871914977,1.1838488331583679,68.53932584269664,9.304157812880973,45.818901706383556,6.219878690775012,11.460674157303371,5,0.0,0.0,0.0
5.0,-1.0,-3.0,2.0,-81.81961129725909,659.3074503235308,320.35212574439095,1.0,0.39539083048000906,1.803123225658153,194.5977011494253,15.101462456270246,76.94214666697188,5.97097978204737,21.402298850574713,5,-0.19263307275559782,-0.2205838858923812,-0.014387575239268813
5.0,-1.0,-3.0,3.0,-73.28189921336435,670.2229839291333,320.09729471356997,1.0,0.4207539383033242,1.713936194455611,1338.111111111111,37.1980020703356,563.015519887437,15.65120586810891,28.88888888888889,5,0.021038737624394344,-0.3253141032060398,-0.03844966353877055
5.0,-1.0,-3.0,4.0,-65.4973616286217,684.7760264609992,319.70766569185344,1.0,0.45478855365360704,1.6086741369942401,241.77272727272728,16.352505684107264,109.95546894925164,7.436932408687531,16.227272727272727,4,0.06982366649936012,-0.4339962010250815,0.03777044658666284
5.0,-1.0,-3.0,5.0,-58.508992357103324,702.5057248504341,319.1612103882373,1.0,0.4965495089483916,1.4980617074028943,73.53488372093024,9.491278624594882,36.513710402204985,4.712889740334955,10.465116279069766,4,0.0,0.0,0.0
5.0,-1.0,-3.0,6.0,-52.26907962069001,723.0523900515391,318.4337196998619,1.0,0.5452741663442572,1.3895174181586682,120.77272727272727,12.099770334546038,65.85424818075869,6.597692182126565,16.227272727272727,5,0.0,0.0,0.0
5.0,-1.0,-3.0,7.0,-46.6878617705903,746.1909046092161,317.49859137379065,1.0,0.6004322784667913,1.2873187474440593,331.9550561797753,18.899584483522162,199.31653073059417,11.347920573516825,16.04494382022472,4,0.42821247818721986,-0.6061012050731165,0.039536259997888124
5.0,-1.0,-3.0,8.0,-41.66506116684462,771.8365941392365,316.32565384657903,1.0,0.6617120763603569,1.1934434172123898,62.8,8.890269337252326,41.55551839543041,5.882798582556051,10.2,5,0.0,0.0,0.0
5.0,-1.0,-2.0,2.0,-76.57198994861719,604.867512108415,321.52851093331776,1.0,0.2713751062031394,2.440928142573752,1508.4,39.46340076577284,409.34221019681553,10.709384573948658,30.6,4,0.0,0.0,0.0
5.0,-1.0,-2.0,3.0,-65.69370706932798,619.3614726091809,321.38114148091677,1.0,0.30395908141000116,2.2322334492647355,2501.471264367816,50.367880015907645,760.3449076907555,15.309774542204442,22.52873563218391,5,-0.20438703287561566,-0.31850071826937665,-0.06560818731230711
5.0,-1.0,-2.0,4.0,-56.67760898723458,637.6571367818873,321.1145278439755,1.0,0.34555182615989666,2.013324605590867,681.7241379310345,26.777943609834242,235.57102079935026,9.253167315184958,22.275862068965516,5,-0.21552857897313515,-0.42524020231337545,-0.05495982010486955
5.0,-1.0,-2.0,5.0,-49.22782380423757,658.8370309575726,320.6977975508307,1.0,0.39430385705256815,1.8081075067376566,1404.0227272727273,38.076155881262686,553.6115767531023,15.013575125716704,28.977272727272727,5,-0.004260846498937099,-0.48018731858581987,-0.014825135513348187
5.0,-1.0,-2.0,6.0,-42.99299352360538,682.3286920802054,320.10395778688815,1.0,0.44905232640838577,1.6260204259852538,60.40449438202247,8.597994792697047,27.12477872776946,3.8609495641077958,8.595505617977528,4,0.0,0.0,0.0
5.0,-1.0,-2.0,7.0,-37.67281013167505,707.8406344913341,319.3074895975632,1.0,0.5091758390199953,1.4684776346083206,262.7191011235955,17.124988884298215,133.77021874118574,8.719630583370638,19.280898876404493,4,0.39460578326554696,-0.6066505434059764,0.05339746958504321
5.0,-1.0,-2.0,8.0,-33.03722156976056,735.2898343872953,318.281517822638,1.0,0.5744253538294303,1.3334500410824441,6.449438202247191,4.6222812718441215,3.7047208213268874,2.6551555550782084,9.550561797752808,4,0.0,0.0,0.0
5.0,-1.0,-1.0,1.0,-78.71425141821963,541.3453327206958,321.86193403789173,1.0,0.1326335443650916,3.943839570339887,1488.2417582417584,39.5515618854527,197.39077926774016,5.245863838042856,48.75824175824176,5,0.0,0.0,0.0
5.0,-1.0,-1.0,2.0,-60.11249570159299,557.4674504669366,321.96043775759,1.0,0.16720757997775804,3.450633480535195,956.9333333333334,31.935908038166414,160.00650686671594,5.3399258974540365,41.06666666666666,5,-0.4707692442291318,-0.2890355256637349,-0.04658726783933531
5.0,-1.0,-1.0,3.0,-48.01502139166365,578.7531469708646,321.98255368065986,1.0,0.21352420935687272,2.9255043310717412,7096.3448275862065,84.59613785412152,1515.241418634078,18.06332344994631,37.65517241379311,4,-0.37090128331806227,-0.3430382170989219,-0.04280946035162714
5.0,-1.0,-1.0,4.0,-39.75707886346481,602.6833158392569,321.8648435620983,1.0,0.2664946911491729,2.477929013688368,787.8297872340426,29.10524758268263,209.95245582705476,7.756393965367218,38.170212765957444,5,-0.21731916579665267,-0.41859528979063043,-0.011673918412576256
5.0,-1.0,-1.0,5.0,-33.671457181076136,628.2182215967692,321.5750323240435,1.0,0.32403238451031324,2.122150819588754,1821.3720930232557,43.35083960840806,590.1835423828657,14.047075928836597,36.627906976744185,5,0.0,0.0,0.0
5.0,0.0,-5.0,1.0,-88.83530860883695,779.0130559215038,379.48848298837055,1.0,0.6798952214372687,1.1909105798224127,69.18181818181819,9.196819428656072,47.03638759216013,6.252873581964694,9.818181818181817,5,0.0,0.0,0.0
5.0,0.0,-5.0,2.0,-83.14357024604459,783.9630904888759,379.49630070860394,1.0,0.6917599654805561,1.1746047725198494,122.27906976744188,11.685763041800842,84.5877650813201,8.083743038410107,8.720930232558139,4,0.0,0.0,0.0
5.0,0.0,-4.0,2.0,-83.94802140711704,718.1556021814499,379.8622001336291,1.0,0.5341771992299891,1.453498523722352,58.172413793103445,8.755656118792636,31.074377072447984,4.677071862957567,11.827586206896552,4,0.0,0.0,0.0
5.0,0.0,-4.0,3.0,-77.09152162579716,727.2038842447511,379.8689625747969,1.0,0.5557567013326639,1.4054977764073975,-3.4942528735632177,3.8217656202429287,-1.9419544506336757,2.123971854372792,11.49425287356322,4,0.0,0.0,0.0
5.0,0.0,-4.0,4.0,-70.53568123484541,739.5928296532098,379.8729949576452,1.0,0.5853779254886684,1.3456283810266683,71.8876404494382,9.363818711994703,42.08143783456742,5.4813727722794345,10.112359550561798,4,0.0,0.0,0.0
5.0,0.0,-4.0,5.0,-64.35820700449703,755.1290027967304,379.8740743853814,1.0,0.6226069902592842,1.2788189287009466,28.090909090909086,6.4777113089155876,17.489596362738073,4.033068341812463,8.90909090909091,4,0.0,0.0,0.0
5.0,0.0,-4.0,6.0,-58.59034373900536,773.6560311552576,379.87191614081286,1.0,0.6670491633130333,1.209254843568798,174.8,13.81231334715514,116.60019374711823,9.213492061637279,10.2,4,0.0,0.0,0.0
5.0,0.0,-3.0,2.0,-83.01523441820865,658.8901716596253,380.18442860972107,1.0,0.3946594669608193,1.8974250796783394,5.25,5.88671462625029,2.0719622015443013,2.3232476565463984,18.75,4,0.0,0.0,0.0
5.0,0.0,-3.0,3.0,-74.4246095321236,669.7524732927959,380.19357993297393,1.0,0.41993698209410907,1.7941711747022244,157.51136363636363,13.43118845624271,66.14484669098233,5.640252746251799,14.488636363636363,4,0.0,0.0,0.0
5.0,0.0,-3.0,4.0,-66.57458611778448,684.2304529783225,380.20104766616487,1.0,0.45385468397143025,1.6743468895884042,1322.9883720930234,36.72186361981479,600.4444695141561,16.666389808013005,16.011627906976745,5,0.16387303154181154,-0.2646626609337659,-0.08627544283454824
5.0,0.0,-3.0,5.0,-59.51614176923704,701.8654793052671,380.20662664666463,1.0,0.4954774244574453,1.5505766632030977,478.1348314606742,22.3871434960986,236.90501483552956,11.092324200406182,14.865168539325843,4,0.16580310771041695,-0.3927445572981014,0.024200931996865904
5.0,0.0,-3.0,6.0,-53.20712287670051,722.2986884172836,380.21010216963674,1.0,0.544051744321622,1.4310465313079193,100.24719101123596,11.039964815541436,54.53965913300574,6.0063121151446515,13.752808988764045,5,0.0,0.0,0.0
5.0,0.0,-3.0,7.0,-47.56097084875694,745.3041529613209,380.21124973119333,1.0,0.5990557749013842,1.3200774017915056,518.2584269662922,23.099399336691526,310.4657035654646,13.837828569398262,9.741573033707866,4,0.0,0.0,0.0
5.0,0.0,-3.0,8.0,-42.47889657678917,770.7946915953223,380.2098230367368,1.0,0.6601860077333584,1.2193623332617525,135.9111111111111,12.204123974104355,89.72661385104934,8.056991884346923,8.08888888888889,4,0.0,0.0,0.0
5.0,0.0,-2.0,2.0,-78.26081747105081,604.6903011603969,380.4811855043317,1.0,0.2710610879316685,2.691256762053336,9267.046511627907,96.5790210203226,2511.935709355234,26.178814509144125,37.95348837209303,5,-0.29568745939843666,-0.19831204841267436,-0.06322835156761641
5.0,0.0,-2.0,3.0,-67.2308851035008,619.1092464148435,380.4923582504876,1.0,0.30350155101069737,2.4185096871375973,3212.2666666666664,57.29659029348308,974.927915593296,17.38960402169658,45.73333333333333,5,-0.17772275911966062,-0.23194271320500093,-0.04436840163207023
5.0,0.0,-2.0,4.0,-58.05638538620802,637.3099191074942,380.50256781404596,1.0,0.34491787199861923,2.1465697969618787,231.95348837209303,16.833804101248166,80.0049036119588,5.806279888244147,32.04651162790698,4,0.0,0.0,0.0
5.0,0.0,-2.0,5.0,-50.46092875410494,658.380476766666,380.51162808451903,1.0,0.3934771851097047,1.9026037289135362,362.89887640449444,19.817441013210605,142.7924283671151,7.797710905955723,19.10112359550562,4,-0.015061696423344983,-0.34294353790346577,-0.05635093938163749
5.0,0.0,-2.0,6.0,-44.09961405514011,681.7501909881814,380.51941078993815,1.0,0.44802690998580513,1.6936008815196522,6207.999999999999,79.26021586005061,2781.3510571918778,35.51070959658638,48.0,5,0.11744917485623318,-0.42615713181214687,-0.06705762128557069
5.0,0.0,-2.0,7.0,-38.672230341050636,707.1266573493674,380.5258223892621,1.0,0.507952542039909,1.517601481683165,619.6,25.53898979991182,314.72739504792764,12.972594789996517,20.400000000000002,5,0.0,0.0,0.0
5.0,0.0,-2.0,8.0,-33.94650501684379,734.424086727751,380.5307805641541,1.0,0.573010911888338,1.3698460555859158,1.4623655913978495,4.912084056370861,0.8379514410410104,2.8146777644132333,14.53763440860215,4,0.0,0.0,0.0
5.0,0.0,-1.0,1.0,-82.06304856189442,541.4683767634583,380.7534459152096,1.0,0.13290854835742533,5.382513524106673,3093.0344827586205,56.47776913670315,411.0907231229081,7.506378310425014,60.96551724137932,5,-0.519513160334327,-0.14013676260782404,-0.10220284946076674
5.0,0.0,-1.0,2.0,-62.83751245001487,557.4801161119144,380.76639569499287,1.0,0.1672574460890564,4.293139593923757,47074.4705882353,217.38165057548076,7873.555726582637,36.35869970187857,113.52941176470588,5,0.0,0.0,0.0
5.0,0.0,-1.0,3.0,-50.189696124790004,578.6377732674581,380.7789956087074,1.0,0.21331362587931885,3.3872017630393048,483.90697674418607,23.630058499369245,103.22395179760156,5.04061345824087,47.093023255813954,5,-0.38211832808212876,-0.2867276699278136,-0.014348796696779686
5.0,0.0,-1.0,4.0,-41.52932400073041,602.4400030760567,380.79104429017457,1.0,0.2660286789996934,2.739692111171832,8879.411764705883,94.57206475765426,2362.1781820590422,25.158881457752223,40.588235294117645,4,-0.23127144784166376,-0.30364236884366846,-0.09003957327809786
5.0,0.0,-1.0,5.0,-35.154925941362194,627.8472254128077,380.8025092135454,1.0,0.3233215124841108,2.2794437297347576,1314.5294117647059,37.04663665162104,425.01563761661316,11.977974594651409,36.470588235294116,5,-0.10979760013651685,-0.35166685240511697,-0.08191523948902102
5.0,1.0,-5.0,1.0,-88.08871311940123,780.5930810828174,443.74743615942003,1.0,0.6827029244170679,1.1666594976124036,229.40449438202248,15.59428232420198,156.61511918902556,10.646262146918083,8.595505617977528,4,0.5979464135645003,-0.015935918223703993,0.000990012792456696
5.0,1.0,-5.0,2.0,-82.41031934826754,785.5807506256789,444.00758459642464,1.0,0.6946085537676822,1.1512810893740013,161.25287356321837,13.050017096848395,112.00762529663002,9.06465350228539,5.747126436781609,4,0.0,0.0,0.0
5.0,1.0,-4.0,2.0,-83.0541574180375,719.3840109229916,441.45455393691594,1.0,0.5365893262262664,1.40992805941934,61.97752808988764,9.175669181931386,33.25648003892231,4.92356614400768,14.022471910112358,4,0.0,0.0,0.0
5.0,1.0,-4.0,3.0,-76.2312187373206,728.4830068806035,441.8080722985127,1.0,0.5582376980602615,1.3659286768341292,342.7674418604651,19.116491256673342,191.34570771419055,10.671546074114442,14.232558139534884,5,0.2529382712084498,-0.21884604973695332,0.052260199938942264
5.0,1.0,-4.0,4.0,-69.71458239272825,740.9404110154775,442.3164389806109,1.0,0.5879427077491653,1.3107288499390113,33.96666666666667,7.37465630084247,19.970453973213317,4.335875394236765,13.033333333333333,5,0.0,0.0,0.0
5.0,1.0,-4.0,5.0,-63.57894402733454,756.5645816381666,442.99734079609925,1.0,0.6252674890317806,1.248705599864305,92.95348837209302,10.508205864054114,58.12079427116342,6.570439494846148,11.046511627906977,4,0.0,0.0,0.0
5.0,1.0,-4.0,6.0,-57.85314721375332,775.2016996794994,443.87275837796204,1.0,0.6698132060543324,1.1836593971124665,52.93103448275862,8.515333212655422,35.45390590666897,5.703682639789666,12.068965517241377,4,0.0,0.0,0.0
5.0,1.0,-3.0,2.0,-81.86349462309926,659.8221606507326,439.98941707055826,1.0,0.39659730306129387,1.8033114077237737,185.18181818181816,14.591829481024845,73.44260966689596,5.787080218904733,17.81818181818182,5,0.06455078821943516,-0.14487231662218392,0.019637967809146062
5.0,1.0,-3.0,3.0,-73.34288175620108,670.7332937392647,440.2641537684983,1.0,0.4219594203613632,1.7138606565232615,1358.5454545454545,37.29104317160417,573.2510525345647,15.735306961360667,20.454545454545453,4,0.06758032447362439,-0.1646368730042127,-0.03258719742352412
5.0,1.0,-3.0,4.0,-65.56960487096943,685.2757781163978,440.6704240516232,1.0,0.455981060007185,1.6084156660326263,276.9886363636364,17.157551857529143,126.30157201903563,7.823518683124385,11.011363636363637,4,0.06332328008068089,-0.2842674031714978,-0.0483368412345726
5.0,1.0,-3.0,5.0,-58.58739524597219,702.9923766756573,441.2297815911149,1.0,0.49772432157457114,1.4976947131438818,50.65555555555556,8.1628411296951,25.212502022871888,4.0628445633984995,10.344444444444443,4,0.0,0.0,0.0
5.0,1.0,-3.0,6.0,-52.3498043798206,723.5261452655502,441.96596526720657,1.0,0.5464319737012251,1.3890982809531902,133.5057471264368,12.312834460678452,72.95180890275552,6.728126436204986,11.494252873563218,5,0.0,0.0,0.0
5.0,1.0,-3.0,7.0,-46.768297964183574,746.6538058534593,442.9051128430104,1.0,0.6015771994579137,1.2868850482341332,327.90804597701145,18.794899559148995,197.26200397856735,11.306583040885629,16.091954022988507,5,0.38304238423370407,-0.4562343111141445,0.018297964183574322
5.0,1.0,-3.0,8.0,-41.7435666861594,772.2918595993942,444.0769088387061,1.0,0.6628501133823914,1.193017840354592,68.5054945054945,9.867373132191146,45.40887480028382,6.540589399459264,18.494505494505496,5,0.0,0.0,0.0
5.0,1.0,-2.0,2.0,-76.65006103049228,605.3759362855703,439.4134205295168,1.0,0.2725158154058957,2.440782682180781,1513.7865168539327,39.497703122466646,412.53076699090013,10.76374877307899,29.213483146067414,5,0.0,0.0,0.0
5.0,1.0,-2.0,3.0,-65.79661581925278,619.8470250878117,439.5852022557179,1.0,0.30506077149229294,2.231598583872572,2387.7441860465115,49.61280856181216,728.4070835215858,15.134921655765854,46.25581395348837,5,-0.1268387571050198,-0.19182818774959287,-0.021802487134181092
5.0,1.0,-2.0,4.0,-56.7899880501959,638.1149250437144,439.8744081413365,1.0,0.3466049683159415,2.0124747681435378,644.8876404494382,26.608001317732967,223.52126018531982,9.222465453683364,40.11235955056179,5,-0.038402118105523186,-0.20875533710682248,0.019393377237612697
5.0,1.0,-2.0,5.0,-49.34045095297199,659.2686453366617,440.3114088954079,1.0,0.3953120536091595,1.8072138154550854,1411.4269662921347,38.00835295805407,557.9540925642897,15.025160062150126,21.573033707865168,4,0.03424820910913695,-0.3042796800140195,-0.018946530218762803
5.0,1.0,-2.0,6.0,-43.10120881272826,682.7385392947664,440.92290256909934,1.0,0.45002478197700363,1.6251681622575918,59.07865168539327,8.90276274234062,26.586857344214444,4.0064638621148285,12.921348314606742,4,0.0,0.0,0.0
5.0,1.0,-2.0,7.0,-37.77462100521578,708.2340093818855,441.73423359915245,1.0,0.5101233198847818,1.4677008449211315,230.1460674157303,15.82751284498689,117.40287596853913,8.07398339800374,12.853932584269662,5,0.025155531172458723,-0.46321798280507664,0.024621005215777814
5.0,1.0,-2.0,8.0,-33.13202967164341,735.6721451145509,442.77215002723807,1.0,0.5753584369161443,1.332756839393604,14.233333333333333,5.576837016724723,8.18926841877312,3.20868022887883,10.766666666666666,4,0.0,0.0,0.0
5.0,1.0,-1.0,1.0,-78.85339334155024,541.8635209669937,439.62868118264385,1.0,0.1337383181974357,3.9435328125166538,1488.932584269663,39.44082548335844,199.12733972958645,5.274749668462921,42.06741573033708,4,-0.4879026740292147,-0.08685601827210121,-0.032126753730693736
5.0,1.0,-1.0,2.0,-60.325772899955325,557.9281153216883,439.55901066293467,1.0,0.16820239743638646,3.448494867975547,974.1333333333333,32.20301343157305,163.85156208936527,5.416624063866741,39.86666666666667,4,-0.37458256338402407,-0.17253608044239854,-0.05308560619261016
5.0,1.0,-1.0,3.0,-48.22460082723981,579.1544272905676,439.56506356464956,1.0,0.21440549156442945,2.9230237286633085,7092.123595505617,84.66675058256533,1520.5902457300706,18.153016277817862,48.87640449438202,5,-0.29542439912790996,-0.18606718207831818,-0.1015504288466147
5.0,1.0,-1.0,4.0,-39.94357328374369,603.0400644042229,439.709505089042,1.0,0.26729282607551347,2.475706113264245,818.1999999999999,29.15270141856497,218.6989902949851,7.792307949903861,19.8,4,-0.16610124576129692,-0.2149882302679771,-0.0960313699243045
5.0,1.0,-1.0,5.0,-33.83396068818578,628.5440156035029,440.02460523250704,1.0,0.3247751765386429,2.1203049075559477,1876.6896551724137,43.85409816970633,609.5022140668656,14.242722475009352,29.310344827586206,4,-0.10145980957395295,-0.2980755712021619,-0.027335944278085833
5.0,2.0,-5.0,1.0,-85.80994097903277,784.6546860919691,511.3947508845328,1.0,0.6889256265258085,1.101710279611654,267.76404494382024,16.89119102672232,184.4695124240061,11.636774360851788,11.235955056179776,5,0.42309168580857204,-0.1477423375242779,0.05994097903277407
5.0,2.0,-5.0,2.0,-80.16374207874856,789.7495034939936,511.9389879264493,1.0,0.7009203254488344,1.0887018880767076,3.8444444444444437,5.070198574044898,2.694649251169963,3.5538052346097664,14.155555555555555,5,0.0,0.0,0.0
5.0,2.0,-4.0,1.0,-87.26122035108426,716.644111451716,505.6934922114451,1.0,0.528322756885119,1.3216373832406785,576.3,24.474544599099968,304.47240479289405,12.930458876104295,14.7,5,0.3368907509272958,0.016860211462358166,0.02667326958646754
5.0,2.0,-4.0,2.0,-80.32074237780193,722.2987957429749,506.13307900029577,1.0,0.541644505675404,1.2993449143013887,6.4,5.288057824528354,3.466524836322586,2.864247466349613,13.599999999999998,5,0.0,0.0,0.0
5.0,2.0,-4.0,3.0,-73.58795843920103,731.5603721302864,506.8753483472244,1.0,0.5634933984989056,1.2646176870616184,197.11494252873564,14.472076885518792,111.0729688604337,8.154919787558441,7.885057471264368,4,0.38452582889738096,-0.09494018395906778,0.013876806547969522
5.0,2.0,-4.0,4.0,-67.18082259353586,744.2422696088859,507.9486551341563,1.0,0.5934522149758283,1.2203913410903906,379.9318181818182,20.093100713453655,225.4713790397937,11.924295124131469,15.068181818181818,4,0.5342585084734992,-0.10552554980415607,0.07952675001507714
5.0,2.0,-4.0,5.0,-61.165072587210176,760.1556129186561,509.3909780253837,1.0,0.6310688086145141,1.169820734423825,274.8888888888889,17.100285175587562,173.47380361247866,10.79145659272648,11.11111111111111,5,0.15707320403600988,-0.34154383836761326,0.012451979705708993
5.0,2.0,-4.0,6.0,-55.562103810918614,779.1520036032075,511.24972303692886,1.0,0.6759260574551459,1.1157992919362858,33.30681818181818,6.858432328766134,22.512946300011734,4.635793124305808,8.693181818181818,4,0.0,0.0,0.0
5.0,2.0,-3.0,1.0,-87.2854583956468,654.8112967542834,502.34867323560104,1.0,0.3842132208391308,1.6286550593938076,676.370786516854,26.623696863745074,259.8705983691366,10.22917632266416,20.629213483146067,5,0.09739405192397044,-0.023046645906561025,0.008894422053600692
5.0,2.0,-3.0,2.0,-78.34237243448462,661.7279566030221,502.68035353982236,1.0,0.40014491218914555,1.587461112782534,834.2637362637362,29.438434444336718,333.8263894898412,11.779639765715034,20.736263736263737,5,0.12148821180119285,-0.023694766057417382,0.02939397520968612
5.0,2.0,-3.0,3.0,-70.01550608327187,672.8167895486883,503.25357425251366,1.0,0.42580009355248294,1.525332639400334,741.1724137931036,27.56195773290698,315.59128313162313,11.735884181161373,11.827586206896552,4,0.1579498155899728,-0.10285160970562401,-0.06530373549389878
5.0,2.0,-3.0,4.0,-62.46206061404624,687.5951633622652,504.1070725078378,1.0,0.460187992329875,1.4494992854000397,209.63636363636363,15.180287075759777,96.4721373011538,6.985785832385041,13.363636363636363,4,0.20658877869345815,-0.1842454579312971,-0.03914521329896559
5.0,2.0,-3.0,5.0,-55.70325752142273,705.6036791085548,505.28660617802586,1.0,0.5023488310456896,1.3668324555763425,778.0909090909091,28.525812582134698,390.87305862909614,14.32990860526379,22.909090909090907,5,0.2460362707757895,-0.28871629678133104,-0.037050654060642785
5.0,2.0,-3.0,6.0,-49.6784678745984,726.4868371946332,506.8428122397,1.0,0.5515041916251688,1.2827442304735888,1358.6744186046512,37.44178101970483,749.3146369143544,20.6492991742789,27.325581395348838,5,0.2722384863862999,-0.3448443135136472,-0.07172434860020616
5.0,2.0,-3.0,7.0,-44.29197471602782,750.0269550793786,508.8317796295464,1.0,0.6071060796628137,1.200917018385221,16.114942528735632,5.333011286352888,9.78347958261224,3.237703574855241,7.885057471264368,5,0.0,0.0,0.0
5.0,2.0,-3.0,8.0,-39.44191921362909,776.1507101961706,511.31762048478015,1.0,0.6688216165045328,1.1235316397190775,127.96629213483143,12.120054465114576,85.58662236370924,8.10615441948091,12.03370786516854,4,0.0,0.0,0.0
5.0,2.0,-2.0,1.0,-83.95873985400976,596.6939699518555,500.9578332409766,1.0,0.2528554787208844,2.0524583248906647,1641.906976744186,40.949295243785116,415.1651746198111,10.354253652150119,22.093023255813954,4,-0.19271212506987467,0.008853743009694881,-0.041800401988467684
5.0,2.0,-2.0,2.0,-71.70819877105397,606.3432369360522,501.13338174622083,1.0,0.27432622285622216,1.9717664062583269,5475.233333333333,74.46722619903187,1502.0000795898159,20.42831288976032,44.766666666666666,5,-0.071569970324731,-0.05823105273179863,-0.06907226456087301
5.0,2.0,-2.0,3.0,-61.36202483440826,621.0612660058216,501.48795554828934,1.0,0.3073451218258864,1.8563074941879498,506.3932584269663,23.00447857682482,155.63749770304355,7.070314270735218,14.606741573033709,4,-0.020316595152849004,-0.15076084619528274,-0.0529879243101945
5.0,2.0,-2.0,4.0,-52.85200140057816,639.6268007508855,502.0922918268705,1.0,0.3494380351425204,1.7242474339877736,352.9310344827586,19.37130157252102,123.32752723047228,6.7690695596549615,14.068965517241377,4,-0.044304337685844075,-0.16988149688478416,-0.025401755806342408
5.0,2.0,-2.0,5.0,-45.84216553500383,661.1186291166398,503.0103290183523,1.0,0.39873180111747014,1.5897527522601556,17.49425287356322,6.188393023857665,6.97551495748034,2.467509096425554,13.505747126436782,5,0.0,0.0,0.0
5.0,2.0,-2.0,6.0,-39.97544987976772,684.9661907728524,504.2984902369843,1.0,0.4540458511965407,1.4615118643316547,786.0666666666667,28.657130196708657,356.9103087638941,13.01165107301467,22.933333333333334,4,0.26885508572866,-0.29910325657743897,-0.07398661376019788
5.0,2.0,-2.0,7.0,-34.95926478202796,710.88434157146,506.0107277203198,1.0,0.5147430799071,1.343754137181358,280.5581395348837,17.553934503395134,144.41536083719197,9.035766310765121,17.441860465116278,4,0.3783611312426274,-0.40552501761709436,-0.022796028782849476
5.0,2.0,-1.0,1.0,-68.9813987393908,541.2654541722561,501.2931076652913,1.0,0.13237733142348507,2.5511323935740986,584.0898876404494,24.775716574935633,77.32026063728593,3.2797432442945866,18.91011235955056,4,-0.35202440730824947,0.04696964626168665,-0.09842232177261678
5.0,2.0,-1.0,2.0,-52.5074563943172,557.82032729613,501.12929813171877,1.0,0.16783977430227826,2.4008773751135317,5108.372093023257,72.01275914529846,857.3880191450802,12.086605241831219,48.627906976744185,5,-0.3128366275088865,-0.05604126740297488,-0.19710703349457503
5.0,2.0,-1.0,3.0,-42.069509376393086,579.5383104291891,501.13040842715145,1.0,0.21503755448699657,2.2006885739761466,1133.5955056179773,34.27585134767447,243.76560530554022,7.370595251763743,26.404494382022474,5,-0.20177914962334853,-0.08302017545429408,-0.11475291052575898
5.0,2.0,-1.0,4.0,-34.96067973372871,603.8805802607018,501.4271903742382,1.0,0.2688299947174394,1.9895045426406144,5271.714285714285,73.06273513430853,1417.1949235804211,19.641454700197833,42.28571428571429,4,-0.14262639809533084,-0.1825671290037576,-0.14526907039955717
5.0,3.0,-5.0,0.0,-87.51727398147779,788.8056808274666,586.2964136221026,1.0,0.6914422159388466,1.0174804504058164,44.258426966292134,7.718953926274269,30.602144815540637,5.33721060751294,9.741573033707866,4,0.0,0.0,0.0
5.0,3.0,-4.0,1.0,-82.50248109834536,720.1342364296295,576.9565774970721,1.0,0.5326010890240882,1.1774624679265717,479.90804597701145,22.47772785311049,255.59954791877848,11.971662333353727,16.091954022988507,4,0.31528805798677695,0.012043771300000117,-0.009533853594831498
5.0,3.0,-4.0,2.0,-75.66304549818511,725.9895572796444,577.6784094773384,1.0,0.5461690478206727,1.1615794194752669,34.13483146067416,7.238728619116029,18.643388396395544,3.953569517334854,11.865168539325843,5,0.0,0.0,0.0
5.0,3.0,-4.0,3.0,-69.08036292167236,735.5748079259984,578.9021038018965,1.0,0.5683886140693716,1.136534160179876,908.6629213483145,30.618748572911834,516.4736585213949,17.403348065895905,18.337078651685392,4,0.3156224461952206,-0.2802147389691072,-0.04976188875005505
5.0,3.0,-4.0,4.0,-62.8569676862586,748.7008665404884,580.6754357627296,1.0,0.5988113929359493,1.1040754205888343,220.1123595505618,15.402564233810043,131.80578862489043,9.223230943633224,10.887640449438202,4,0.32601577964544504,-0.2829092708167309,-0.038542631644361336
5.0,3.0,-4.0,5.0,-57.04329648154888,765.179586809548,583.0626530419657,1.0,0.6369478349545745,1.066179712940272,159.5340909090909,13.210088024681543,101.61489380599173,8.41413696688026,9.465909090909092,4,0.0,0.0,0.0
5.0,3.0,-4.0,6.0,-51.647950452514124,784.8689633314726,586.1444119727719,1.0,0.6823391042694346,1.0247781408656897,5.883720930232557,4.519723018071631,4.014692869306208,3.0839837556969423,9.116279069767442,4,0.0,0.0,0.0
5.0,3.0,-3.0,1.0,-81.03885305342612,656.095744368536,571.2537107085484,1.0,0.3852293842669356,1.3790468438402443,784.655172413793,28.30097707165715,302.27222893083166,10.902367971467147,10.344827586206895,4,0.025041854244705064,-0.07767427638748359,-0.07120243233603674
5.0,3.0,-3.0,2.0,-72.32814882168952,663.2725773131673,571.7941362412428,1.0,0.4015942179421946,1.3537107189715158,37.24719101123595,7.673384072779941,14.95825654470084,3.0815866756781523,13.752808988764047,5,0.0,0.0,0.0
5.0,3.0,-3.0,3.0,-64.32877041121498,674.7618557735968,572.7335694068308,1.0,0.4278886126706817,1.314510937505551,529.6222222222221,23.735029069674038,226.61931790623012,10.155948660321124,21.377777777777776,5,0.0,0.0,0.0
5.0,3.0,-3.0,4.0,-57.14886092251555,690.0581493121757,574.1367753958496,1.0,0.4630540759243488,1.2649923021393192,38.545454545454554,7.499862257688305,17.84862983562945,3.472841787293758,11.454545454545453,4,0.0,0.0,0.0
5.0,3.0,-3.0,5.0,-50.77062469774475,708.686512438179,576.080279636539,1.0,0.5060673462642113,1.2088799966462698,508.1666666666667,23.221517798991712,257.16655645993006,11.751651888762886,19.833333333333332,5,0.0,0.0,0.0
5.0,3.0,-3.0,6.0,-45.108785046909446,730.286826052839,578.64908719434,1.0,0.556096009104238,1.1494982893251822,4.8604651162790695,4.2109723013923475,2.7028852535531565,2.341704891252773,8.13953488372093,4,0.0,0.0,0.0
5.0,3.0,-3.0,7.0,-40.055091911129864,754.6481378253955,581.9380337603294,1.0,0.6125450407758305,1.0894743307026111,521.9775280898876,23.13243178587676,319.73474622788746,14.169656371523999,8.02247191011236,4,0.0,0.0,0.0
5.0,3.0,-3.0,8.0,-35.5031825295396,781.714844195941,586.0565328123837,1.0,0.6750357587674766,1.0306839871578206,56.769230769230774,8.52916333639677,38.32126076695367,5.757490244436336,10.230769230769232,4,0.0,0.0,0.0
5.0,3.0,-2.0,0.0,-88.00654989848027,591.7648931213336,568.7334986054514,1.0,0.2411426690113882,1.6231927885047164,684.767441860465,26.597748738689678,165.12664858233313,6.413852120541913,14.232558139534884,4,-0.17033131579137262,-0.0014221163989986962,-0.12043598609288608
5.0,3.0,-2.0,1.0,-74.73386246272878,595.3740188244957,568.8201951063677,1.0,0.24908330868021702,1.609032766052842,702.1460674157304,26.990155639637145,174.89286564871284,6.72279726851484,16.853932584269664,5,0.0,0.0,0.0
5.0,3.0,-2.0,2.0,-63.201131138699196,605.5318880844928,569.0935648190862,1.0,0.2715301790401974,1.5691696611660904,1894.0919540229886,43.95781917430586,514.3031273944594,11.935874510615893,23.90804597701149,5,0.049960473518012805,-0.04153910675051975,-0.0905597224195489
5.0,3.0,-2.0,3.0,-53.73650595260993,620.9381799346767,569.6618889775385,1.0,0.305839801358754,1.5089915387627444,1907.3863636363635,43.98872296320825,583.3546665689415,13.453502293092871,17.613636363636363,5,0.04024766827808435,-0.03728106496134842,-0.07940520796883987
5.0,3.0,-2.0,4.0,-46.088089584499926,640.2760236179181,570.644801028615,1.0,0.3493255287922841,1.4353745499102173,247.27906976744185,16.157670261357087,86.38089180577575,5.644286708099928,8.72093023255814,4,0.006329323258341901,-0.31047267040594306,-0.04443894930165726
5.0,3.0,-2.0,5.0,-39.839088580709216,662.5810566689105,572.148551619752,1.0,0.39999842472243236,1.354902813189596,816.2272727272727,28.97652405449956,326.48962330639625,11.590563975731493,14.772727272727273,5,0.0,0.0,0.0
5.0,3.0,-2.0,6.0,-34.61535490925766,687.2761586712071,574.2663832319411,1.0,0.4566253379544732,1.2728125756200173,233.37209302325581,15.86695972872531,106.56361084588694,7.2452558484392116,11.627906976744185,4,0.17319960929398803,-0.27798057228437756,0.039469645611454496
5.0,3.0,-1.0,0.0,-73.16010558212167,526.8877501620973,569.6482007555836,1.0,0.10170176473337399,1.8385220153762623,439.65168539325845,21.79005134421758,44.71335227249653,2.216086675337756,22.34831460674157,5,0.0,0.0,0.0
5.0,3.0,-1.0,1.0,-51.10007269276531,534.8005369236096,569.4088767515183,1.0,0.11836136485836976,1.8180008599054895,3292.7916666666665,57.680408406051434,389.7393158609328,6.827131864528432,22.208333333333332,5,-0.25913792090750576,0.0994944215601663,-0.18788033952151295
5.0,3.0,-1.0,2.0,-38.66534769714934,553.5142297200877,569.0269557158584,1.0,0.15815046656538187,1.7610627521590836,1892.222222222222,43.90506031185533,299.2558272898281,6.943605772901151,22.77777777777778,5,-0.2131183505446188,-0.0843545650499209,-0.18162157080296737
5.0,4.0,-4.0,0.0,-82.43783874480073,720.022173861811,660.0602541056803,1.0,0.5245491253365765,1.04094079415325,149.3488372093023,12.695725636296867,78.34080192817427,6.659531778032672,7.651162790697674,4,0.0,0.0,0.0
5.0,4.0,-4.0,1.0,-75.5531568140209,722.1394666324009,660.4391420134543,1.0,0.5293096776606591,1.0371588303856216,250.6551724137931,16.356039124865834,132.67420851432175,8.657409796987864,10.344827586206897,4,0.4797802295238398,-0.19018803855897204,-0.042728820567674575
5.0,4.0,-4.0,2.0,-68.86228755750949,728.3643908137777,661.5410696154424,1.0,0.5433043749802489,1.0262291624453324,99.65168539325842,10.698688546927778,54.14119664831266,5.812644294096944,9.348314606741573,4,0.0,0.0,0.0
5.0,4.0,-4.0,3.0,-62.5015494458392,738.5430274514033,663.4141161573558,1.0,0.5661624599304125,1.00881154098739,177.44186046511626,13.70398283288641,100.46092021555923,7.758680631511113,6.558139534883721,4,0.4629647939264032,-0.3056682663910806,0.005984882333144981
5.0,4.0,-4.0,4.0,-56.55000718977004,752.4717440497488,666.1351332456602,1.0,0.5973636841124205,0.9858832031291634,65.60000000000001,8.90460554993875,39.18705767777479,5.319287976879318,8.4,4,0.0,0.0,0.0
5.0,4.0,-4.0,5.0,-51.034918496035374,769.9536057601556,669.8076933705356,1.0,0.6363367465418517,0.9585992033056329,113.94382022471909,11.105597742786872,72.50663985034738,7.0668999360475295,6.056179775280899,4,0.0,0.0,0.0
5.0,4.0,-3.0,0.0,-80.81560842102124,650.9648584120507,651.3828526108027,1.0,0.3695070230628816,1.1724501427085812,42.18181818181818,7.288300088622736,15.586478063743368,2.693078068935923,6.818181818181818,5,0.0,0.0,0.0
5.0,4.0,-3.0,1.0,-71.80884097380374,653.6367357793208,651.6579773330309,1.0,0.3754644857256077,1.1670484320864603,410.1162790697674,20.639518506380664,153.98409780863003,7.749406201622379,9.883720930232558,4,0.19183387009718444,-0.1554553827224936,-0.06457891535498561
5.0,4.0,-3.0,2.0,-63.45416995661583,661.3776034408261,652.464001046342,1.0,0.3927531342078316,1.1515363542579033,72.40449438202246,9.18900557770714,28.437092099272657,3.6090107408977254,7.595505617977528,4,0.0,0.0,0.0
5.0,4.0,-3.0,3.0,-55.956281391488716,673.7169408572231,653.8755354728523,1.0,0.4203840243749601,1.127082939792761,220.79310344827587,15.290877651655816,92.81789338182308,6.428040683428211,8.206896551724137,4,0.3280029630016088,-0.3347115028149119,-0.10345643622663658
5.0,4.0,-3.0,4.0,-49.34521303133053,690.0741396589808,655.9980162770299,1.0,0.4571133920052318,1.0953694757368173,67.05681818181817,8.827518487356913,30.652569616169007,4.035176918744612,6.943181818181818,5,0.0,0.0,0.0
5.0,4.0,-3.0,5.0,-43.542484057577326,709.9204093425413,658.9544321537037,1.0,0.5017580685714602,1.058301535535271,573.2333333333333,24.291996853101868,287.6244501741134,12.188705422756383,10.766666666666666,4,0.4158682599821759,-0.11603647997674216,-0.05199543769081316
5.0,4.0,-3.0,6.0,-38.42568356027422,732.8718188086725,662.8806299379537,1.0,0.5533646613034202,1.017748177172063,146.8620689655172,12.755777875273987,81.26827905142297,7.0585967036126505,10.137931034482758,4,0.0,0.0,0.0
5.0,4.0,-3.0,7.0,-33.86855889460563,758.7217450028552,667.9286587493158,1.0,0.6112466041975332,0.9753603356368346,94.83516483516483,10.22032374780577,57.96767246400781,6.247138184645682,6.164835164835165,4,0.0,0.0,0.0
5.0,4.0,-2.0,-1.0,-87.60179614956678,586.1578420913388,648.0954020158391,1.0,0.22693393028374967,1.2971358033455223,579.0112359550561,24.352615207426485,131.39729545373243,5.526434681709104,8.98876404494382,4,0.0,0.0,0.0
5.0,4.0,-2.0,0.0,-73.32122705889441,582.1051045859754,648.0457431815115,1.0,0.2181717326082067,1.3041852182082947,313.2758620689655,18.123720304617663,68.34793761191578,3.9540834601649713,9.724137931034482,5,0.0,0.0,0.0
5.0,4.0,-2.0,1.0,-60.570387859309506,586.302206621136,648.1360917958486,1.0,0.22724516244725437,1.2967550673929078,517.5227272727273,23.310128416138326,117.60453622923703,5.297113918591714,16.47727272727273,5,0.08025915617679402,-0.09912257446922013,-0.2043309479099591
5.0,4.0,-2.0,2.0,-50.265974316685515,597.9118855022051,648.4605909716698,1.0,0.252456063789498,1.2755661967870493,597.5057471264367,24.81140649894864,150.84394901114337,6.263790021805742,11.494252873563218,4,0.12169874793971758,0.0011200879711168454,-0.12218072095200228
5.0,4.0,-2.0,3.0,-42.2676155842137,615.1567560344529,649.2252709968986,1.0,0.29018952539856635,1.242559778784991,570.9775280898876,24.355551829844575,165.6916978896511,7.067726026322782,14.022471910112362,4,0.12325034564128146,-0.014448762270717452,-0.12888732670424474
5.0,4.0,-2.0,4.0,-36.009513005578015,636.3961517334001,650.6380895508557,1.0,0.33708138686191547,1.2004386875567659,38.86363636363636,6.806183382146338,13.100208443951713,2.29423773369041,4.136363636363637,4,0.0,0.0,0.0
5.0,4.0,-1.0,-1.0,-62.289867762826816,497.3394718128585,651.4481853121691,1.0,0.04009012618183403,1.3993627048248043,3740.6781609195405,61.425942292950026,149.96425947689525,2.4625737773624223,20.32183908045977,5,0.0,0.0,0.0
5.0,5.0,-4.0,0.0,-72.64689299997008,715.1263841758887,764.7533609371998,1.0,0.49877747129093625,0.9164113563541118,69.41573033707866,8.80156589343583,34.62300244534162,4.390022779728474,4.584269662921348,4,0.0,0.0,0.0
5.0,5.0,-3.0,-2.0,-86.25294255626534,648.0450399246871,753.46477292295,1.0,0.3544527466465431,0.9895341336009794,99.62068965517241,10.700383937459295,35.31082707109872,3.7927804768049986,9.379310344827585,5,0.0,0.0,0.0
5.0,5.0,-3.0,-1.0,-76.64432392625793,639.0423102048736,752.424380029981,1.0,0.3351072280963067,0.9991345257269006,118.81609195402297,11.214503519084033,39.816131227948524,3.7580611887565274,4.183908045977011,4,0.0,0.0,0.0
5.0,5.0,-3.0,0.0,-67.17893763391339,635.9893034738333,752.1173576521389,1.0,0.32855218715652235,1.002325219953823,212.816091954023,15.072404896077513,69.92119247359783,4.952071594314943,9.183908045977013,5,0.0,0.0,0.0
5.0,5.0,-3.0,1.0,-58.40494005931379,639.1723904927514,752.4901025733368,1.0,0.3353815957189747,0.9989204621409689,118.0232558139535,11.370999138905171,39.58282786683248,3.8136238361251036,6.9767441860465125,4,0.0,0.0,0.0
5.0,5.0,-3.0,2.0,-50.651329090322406,648.2944425527251,753.5988583553062,1.0,0.3549783684406228,0.9891183579674329,87.3103448275862,9.773023366966452,30.99328375488472,3.469211889537833,4.689655172413793,5,0.0,0.0,0.0
5.0,5.0,-3.0,3.0,-43.983157759789776,662.6304922149138,755.5888569633432,1.0,0.3858219716381128,0.973469794822972,189.77272727272725,14.409521071869849,73.2184877995055,5.559509830309758,11.227272727272728,4,0.0,0.0,0.0
5.0,5.0,-3.0,4.0,-38.28801482882366,681.3438353537307,758.6531307589904,1.0,0.4261106956153308,0.952796293188909,149.69767441860466,12.831667998494206,63.787780178508946,5.467710976743346,9.30232558139535,5,0.0,0.0,0.0
5.0,5.0,-3.0,5.0,-33.38669302814063,703.7339362937271,763.0035772872677,1.0,0.47424179491630164,0.9280794939478686,123.4,11.75244655380317,58.52143749267162,5.573501348333519,9.6,4,0.0,0.0,0.0
5.0,5.0,-2.0,-2.0,-80.44817803828306,566.8437948003435,749.1028769175878,1.0,0.18177540401401363,1.0649427823546245,935.0909090909091,30.984500257360086,169.9765277898313,5.632220052453938,15.90909090909091,4,-0.009971759386871781,0.44711158492896175,-0.020235820016850425
5.0,5.0,-2.0,-1.0,-63.18048583837884,548.864370847925,749.4769401014412,1.0,0.1443535671107599,1.076932894801923,215.19999999999996,15.097416997619161,31.064887642235522,2.1793659977649447,7.799999999999999,5,0.0,0.0,0.0
5.0,5.0,-2.0,0.0,-47.431025877770935,541.849048102195,749.7807677228933,1.0,0.12985479678434608,1.0809271924670765,1158.5799373040752,34.765317415517536,150.44716231704112,4.514443228135318,31.420062695924766,5,0.3429813177993992,0.01129367535588699,-0.24997104432203088
5.0,5.0,-2.0,1.0,-36.27166175521944,549.1567821965921,749.5178929161443,1.0,0.144957361215884,1.0766561904955019,206.86046511627907,14.831576535226498,29.98594716314624,2.149946197217857,8.13953488372093,5,0.0,0.0,0.0
6.0,-7.0,2.0,6.0,-66.09509478412856,56.85072249791912,9.58356524497242,0.0,0.9277906400535634,0.7442186997251016,21.477272727272723,5.92349642671922,19.9264126102413,5.4957645411008205,8.522727272727273,4,0.0,0.0,0.0
6.0,-7.0,2.0,7.0,-68.75980440539989,30.704051837368866,17.63796007320292,0.0,0.9968495682706322,0.7272471777823772,65.93103448275862,9.216083065970833,65.72332325977409,9.18704842545931,12.068965517241377,5,0.0,0.0,0.0
6.0,-7.0,3.0,4.0,-53.20060708043712,49.94638633901204,18.78211612580708,0.0,0.9493690954561066,0.7424875420601169,10.367816091954023,4.441182678115561,9.842884185073656,4.216321581877899,5.6321839080459775,5,0.0,0.0,0.0
6.0,-7.0,3.0,5.0,-56.30333129551937,30.277561537562548,28.24086927617344,0.0,1.003263836308906,0.7307128284670882,19.48888888888889,5.621993846920754,19.55249743206468,5.64034311456678,7.511111111111111,5,0.0,0.0,0.0
6.0,-7.0,4.0,1.0,-38.58049249181329,29.3879951286236,9.182162850204634,0.0,0.9957713609743728,0.7233035330591896,3.8863636363636367,3.531806481787102,3.869929607423131,3.5168717470672544,5.113636363636363,4,0.0,0.0,0.0
6.0,-7.0,4.0,2.0,-41.84545822956477,18.774835476665658,21.13884906013891,0.0,1.0282396919379286,0.719652372866714,10.68181818181818,4.004533845819517,10.98346943660969,4.117620647980469,2.3181818181818183,5,0.0,0.0,0.0
6.0,-6.0,0.0,3.0,-76.40065231507948,250.82273040573114,11.509552875002669,0.0,0.45557746431762625,0.940510498451162,0.34883720930232576,2.8784648273052653,0.15892237127359063,1.3113637071512068,4.651162790697674,4,0.0,0.0,0.0
6.0,-6.0,0.0,4.0,-77.86324271549601,221.9622096948782,26.214573984564026,0.0,0.5248239483091981,0.9220220487351013,40.10227272727273,6.834910916127946,21.046633108899545,3.587124933343907,3.897727272727273,4,0.0,0.0,0.0
6.0,-6.0,0.0,5.0,-79.41588408346352,193.30249179504136,39.09321046859782,0.0,0.5961416568335322,0.8997496925133505,123.67032967032966,11.954498526493078,73.72503523081946,7.126574558197602,12.329670329670328,4,0.0,0.0,0.0
6.0,-6.0,0.0,6.0,-81.03430107523278,164.50565390261266,50.350769432167795,0.0,0.6700560736610777,0.8745803965383118,22.863636363636367,5.474939148308952,15.319918411432823,3.668516229249221,4.136363636363637,4,0.0,0.0,0.0
6.0,-6.0,0.0,7.0,-82.70379726166884,135.26188930198833,60.13794573123039,0.0,0.7470024254543266,0.8473780593194127,151.82954545454544,13.078735856785633,113.41703871017337,9.769847406895337,12.170454545454543,5,0.0,0.0,0.0
6.0,-6.0,0.0,8.0,-84.41531282500857,105.2629581617404,68.56276515809213,0.0,0.8273318474883127,0.818926590779358,16.82758620689655,5.045937737128859,13.921997985320571,4.1746649903698145,5.1724137931034475,4,0.0,0.0,0.0
6.0,-6.0,0.0,9.0,-86.16332289377158,74.18176286063809,75.69702193663562,0.0,0.9112965274366391,0.7898969650953904,11.696629213483146,4.7729480091335255,10.659097584961138,4.349570946359002,6.3033707865168545,5,0.0,0.0,0.0
6.0,-6.0,0.0,10.0,-87.94464941533813,41.652929814293486,81.57913921302764,0.0,0.9990174143927424,0.760835027484834,8.636363636363637,3.7270842524409598,8.627877669755502,3.723422073097475,2.3636363636363633,4,0.0,0.0,0.0
6.0,-6.0,1.0,1.0,-53.96095532993384,248.49908964926806,22.468384774783658,0.0,0.462489955534926,0.9508258217522,-0.958333333333333,2.8683497965826197,-0.44321954072097064,1.3265829698801097,5.958333333333332,4,0.0,0.0,0.0
6.0,-6.0,1.0,2.0,-57.550774820713315,228.73723555805452,36.820331285539396,0.0,0.5106319120148974,0.9425660293943534,19.363636363636363,5.222845951654207,9.887690659924832,2.6669518144524544,4.636363636363637,4,0.0,0.0,0.0
6.0,-6.0,1.0,3.0,-60.84336444257633,207.48299752610205,49.96466915815671,0.0,0.5637352796807534,0.9291917628794572,32.55172413793104,6.560054595057178,18.350555310987286,3.69813421186557,6.448275862068965,5,0.0,0.0,0.0
6.0,-6.0,1.0,4.0,-63.90075493660623,184.96076678375556,61.92015026627848,0.0,0.6214389981842124,0.911347689944289,26.678160919540232,5.810914055134812,16.57884959523629,3.6111286089575367,4.32183908045977,4,0.0,0.0,0.0
6.0,-6.0,1.0,5.0,-66.77264851833921,161.27441814142367,72.72424299847063,0.0,0.6835666623704219,0.8898197071745905,9.898876404494382,5.24271396713518,6.766541905037547,3.5837444882773886,11.101123595505618,5,0.0,0.0,0.0
6.0,-6.0,1.0,6.0,-69.49830538075264,136.43367503822918,82.42075257904969,0.0,0.7500667973324356,0.8654500974916545,31.22222222222222,6.372231424966715,23.418752227823823,4.779599216785887,5.777777777777779,4,0.0,0.0,0.0
6.0,-6.0,1.0,7.0,-72.10871728778815,110.37131849639556,91.05143401998265,0.0,0.8209598658062556,0.8390634910396194,5.724137931034482,3.8328419957736313,4.699287507718566,3.1466094505069013,5.275862068965517,4,0.0,0.0,0.0
6.0,-6.0,1.0,8.0,-74.62853324915851,82.95203410057688,98.65029307476539,0.0,0.896288974212209,0.8114125948343345,0.04545454545454608,3.5383086495066474,0.040740407918737336,3.1713470299124995,7.954545454545453,4,0.0,0.0,0.0
6.0,-6.0,1.0,9.0,-77.07761009415908,53.97392922000151,105.23939276469736,0.0,0.9760696949521607,0.783145939511104,6.6966292134831455,3.548900194330566,6.536376833612222,3.463973930095899,3.303370786516854,4,0.0,0.0,0.0
6.0,-6.0,1.0,10.0,-79.47221198361405,23.16318082359686,110.82521615631282,0.0,1.06023418970161,0.7547950074732357,0.9770114942528738,2.7930088437693903,1.0358609899383548,2.9612434683032705,4.022988505747126,4,0.0,0.0,0.0
6.0,-6.0,2.0,0.0,-37.76543189914375,203.1070725059095,46.084894636255626,0.0,0.5736412565996087,0.9192610076881311,131.3103448275862,12.288254109540626,75.32503121142447,7.049049528812191,12.689655172413792,5,0.0,0.0,0.0
6.0,-6.0,2.0,1.0,-42.119874540145446,191.32869649215684,58.83378604453685,0.0,0.6050035528519635,0.9168185970460891,145.8,12.71927670899568,88.20951800581628,7.695207598649617,10.2,4,0.0,0.0,0.0
6.0,-6.0,2.0,2.0,-46.23072289321826,177.15270834317283,70.76292937816703,0.0,0.6428451905590367,0.9094043698659411,-1.431818181818182,3.911646231405573,-0.9204374319368027,2.514582967027453,10.431818181818183,5,0.0,0.0,0.0
6.0,-6.0,2.0,3.0,-50.10508942528486,160.8476774616376,81.85997743098045,0.0,0.6867523252249015,0.8973725116847625,-3.406976744186047,2.867098566749117,-2.339749201056932,1.9689866073639384,7.406976744186046,4,0.0,0.0,0.0
6.0,-6.0,2.0,4.0,-53.76031269448448,142.6187178671036,92.12059061929551,0.0,0.7363969696366474,0.8812661317086317,34.766666666666666,6.716414387321723,25.602067977700774,4.945947201647696,6.2333333333333325,5,0.0,0.0,0.0
6.0,-6.0,2.0,5.0,-57.21875467214254,122.60010411795386,101.54777818466539,0.0,0.7915401838742109,0.8617535694338673,111.48888888888888,11.1178601724799,88.24793561104256,8.800233085212506,7.511111111111111,5,0.0,0.0,0.0
6.0,-6.0,2.0,6.0,-60.50432544780442,100.8538407261636,110.1492477983146,0.0,0.8520180798754603,0.839559791383065,2.302325581395349,3.4696481992104733,1.961623021108618,2.956202996534656,5.697674418604651,4,0.0,0.0,0.0
6.0,-6.0,2.0,7.0,-63.64042949908573,77.37025012208785,117.93401364392412,0.0,0.9177156625419153,0.8154048105345971,76.79310344827586,9.490270379015827,70.47423380968432,8.709369768580423,8.206896551724137,4,0.0,0.0,0.0
6.0,-6.0,2.0,8.0,-66.64891196293156,52.067700158401635,124.90888240806993,0.0,0.9885310788651778,0.7899566652218981,-2.875,2.520828523775664,-2.842026851737386,2.4919173402420705,5.875,4,0.0,0.0,0.0
6.0,-6.0,2.0,9.0,-69.54963828609284,24.78942731935382,131.07498346587,0.0,1.064330568229975,0.7638015206890544,2.620689655172414,2.893573546488683,2.789280109844073,3.0797187769495245,3.379310344827586,4,0.0,0.0,0.0
6.0,-6.0,3.0,2.0,-39.13319986498033,123.77380108356189,98.51891818540383,0.0,0.7876133782081873,0.8610984543808492,50.76470588235294,7.990262239591354,39.98296149374504,6.293237435293864,8.235294117647058,4,0.0,0.0,0.0
6.0,-6.0,3.0,3.0,-43.02170084047225,110.57259372787242,108.4500605223356,0.0,0.825485225693138,0.8508608311941108,8.204301075268818,3.6989766187908555,6.7725293247727345,3.0534505489962096,2.7956989247311825,4,0.0,0.0,0.0
6.0,-6.0,3.0,4.0,-46.77371557287165,95.19850955098704,117.6937169503745,0.0,0.8694857232333448,0.8370920683502515,20.633333333333336,5.6948514759678615,17.94038875604802,4.9515920542883975,7.366666666666666,5,0.0,0.0,0.0
6.0,-6.0,3.0,5.0,-50.388198692225046,77.72984931410065,126.25901986426581,0.0,0.9194354032863721,0.8203131325789266,16.820224719101123,5.457031660723911,15.465110097974145,5.01738810572419,8.179775280898877,4,0.0,0.0,0.0
6.0,-6.0,3.0,6.0,-53.869766505799234,58.195961279506406,134.15316846754996,0.0,0.9751731047336074,0.8010987709436479,14.89655172413793,4.654004962166627,14.526716594652358,4.538460468401644,4.1034482758620685,4,0.0,0.0,0.0
6.0,-6.0,3.0,7.0,-57.22677454258424,36.56955365699477,141.38108922614967,0.0,1.0365401329820227,0.7800314350885337,29.157303370786515,6.219323098258382,30.222715113352233,6.446577991326909,5.842696629213483,5,0.0,0.0,0.0
6.0,-6.0,3.0,8.0,-60.46981663393731,12.758950435129947,147.94426257394113,0.0,1.1033524586653858,0.7576641237635274,8.644444444444444,3.9806569344305003,9.537869031574113,4.39206761570731,4.355555555555556,4,0.0,0.0,0.0
6.0,-6.0,4.0,3.0,-38.57956634798927,55.490945964474776,130.70479992108517,0.0,0.9813306709607634,0.796403867385287,33.06976744186046,6.559205752021347,32.45237707223734,6.436749781600807,5.930232558139535,4,0.0,0.0,0.0
6.0,-6.0,4.0,4.0,-42.210189001298716,41.94003597840535,139.38771254054785,0.0,1.0212312464756654,0.7850776398590672,11.551724137931034,4.757336158462376,11.796981640322342,4.858340335010286,6.448275862068964,5,0.0,0.0,0.0
6.0,-6.0,4.0,5.0,-45.76467947344935,26.098045998134438,147.47090625731806,0.0,1.0672003721667662,0.771184592462064,109.17441860465117,11.549753169195208,116.51098016597405,12.325900880599413,14.825581395348838,5,0.0,0.0,0.0
6.0,-5.0,0.0,-1.0,-57.325864776250455,374.14334349148925,41.0742568425037,0.0,0.19758203876955685,1.1536694564851961,1461.681818181818,38.62610826461063,288.8020736687563,7.631825220655397,19.318181818181817,4,0.8399058457671345,-0.6885254940025263,-0.10418299955284738
6.0,-5.0,0.0,0.0,-61.4200945472181,350.36773995832596,58.56833664117312,0.0,0.24543673680867373,1.1589395335115575,-0.49999999999999956,3.179037746195464,-0.12271836840433675,0.7802526506178155,6.499999999999999,4,0.0,0.0,0.0
6.0,-5.0,0.0,1.0,-64.71734653562613,325.2080144659949,74.72930583083883,0.0,0.29827114907418334,1.1540312232966001,1038.7078651685392,32.62135626758605,309.8165884962121,9.730009418291203,16.292134831460675,4,0.6475872800039042,-0.35083981545739107,-0.1460810262113199
6.0,-5.0,0.0,2.0,-67.55723071579402,299.48493002066164,89.47361317978431,0.0,0.3546843421570896,1.1393237789138635,452.82022471910113,21.761260429902563,160.60824351991988,7.718378340089096,13.179775280898877,5,0.6056719065064158,-0.8034842847774257,-0.20776532141451298
6.0,-5.0,0.0,3.0,-70.11777482180199,273.50121896005305,102.85801514356223,0.0,0.41416377535270554,1.1159042980825624,157.7058823529412,12.920705734525521,65.31606363062374,5.351288267232443,5.2941176470588225,4,0.0,0.0,0.0
6.0,-5.0,0.0,4.0,-72.49839077878886,247.3236163038699,114.98377785991534,0.0,0.476618151311626,1.0853572944962415,1055.3555555555554,32.95982590149393,503.0016138653428,15.709251288723083,19.644444444444446,4,0.3020067780153113,-0.4634385124164595,-0.12270213127231955
6.0,-5.0,0.0,5.0,-74.75837948074414,220.90291513139144,125.95930568527521,0.0,0.5421684326060013,1.049496475845974,450.3793103448276,21.53960118809197,244.18144476782703,11.678091815106189,8.620689655172413,4,0.09071323964479916,-0.5454461574672536,-0.10727299381873934
6.0,-5.0,0.0,6.0,-76.93533464558742,194.12573523762907,135.88581129832562,0.0,0.6110468063302028,1.0101173603291327,7.302325581395349,4.059567283992374,4.462062725294969,2.4805856239661157,5.697674418604651,4,0.0,0.0,0.0
6.0,-5.0,0.0,7.0,-79.05443944183789,166.83632033681798,144.85212233533358,0.0,0.6835405248774293,0.9688208686855626,16.620689655172416,4.763400342683744,11.360914930721414,3.2559771704393734,3.3793103448275863,4,0.0,0.0,0.0
6.0,-5.0,0.0,8.0,-81.13344025295726,138.84397484666175,152.93310140383278,0.0,0.7599532223747839,0.9269207302901042,231.60919540229884,15.849715079254246,176.012154377608,12.045042048201468,12.39080459770115,5,-0.03321787455018921,-0.010790646860641573,-0.11655974704274286
6.0,-5.0,0.0,9.0,-83.18545402428944,109.92259868898108,160.18937968249125,0.0,0.8405703073153884,0.8854208480731011,100.55172413793102,10.665750059705497,84.52079365971284,8.965312805435772,8.448275862068964,5,0.0,0.0,0.0
6.0,-5.0,0.0,10.0,-85.22063238338312,79.80483482844183,166.6673802371296,0.0,0.9256205233881711,0.8450382543139296,9.274725274725277,4.510072988601915,8.584876063072711,4.174616120228558,6.725274725274725,5,0.0,0.0,0.0
6.0,-5.0,0.0,11.0,-87.24719426347235,48.17139750755345,172.39911689978666,0.0,1.0152278508540002,0.806248658673058,16.90909090909091,5.582588042852378,17.166580023531278,5.667598860948259,9.09090909090909,5,0.0,0.0,0.0
6.0,-5.0,1.0,0.0,-39.468130757307364,288.4493272299736,98.95793601135318,0.0,0.3799066585929113,1.1379410172598563,959.2666666666667,31.342445483543383,364.4317940328934,11.90720373578345,14.733333333333334,4,0.40808404903771134,-0.28315367880496467,0.028859314747755604
6.0,-5.0,1.0,1.0,-44.996663918406284,273.7186762212647,111.29412451009142,0.0,0.41434626969578636,1.1332885935398642,349.05747126436785,19.30252989099854,144.63066112783497,7.997931256026658,14.942528735632182,4,0.0,0.0,0.0
6.0,-5.0,1.0,2.0,-49.891915393050226,256.4166311048989,123.03573361362538,0.0,0.45573320881554713,1.1193457220311753,1306.4285714285716,36.76964512639588,595.3828849454542,16.75714836046134,28.57142857142857,4,0.36560465356205896,-0.5824595358679829,-0.040544127725482326
6.0,-5.0,1.0,3.0,-54.25521282012272,237.1339172455967,134.0947262687605,0.0,0.5031138526458266,1.0971084988896271,434.87356321839076,21.57387061351713,218.79091380462302,10.854113160849186,19.126436781609193,5,0.24264945659038517,-0.4446526908440376,-0.07234845252152411
6.0,-5.0,1.0,4.0,-58.1867429370935,216.27865128075672,144.43134311200424,0.0,0.5558475738974186,1.0680354659858111,222.08045977011494,15.468535736561082,123.44288477324166,8.598148060912996,10.919540229885056,5,0.28690845905839524,-0.32806797791775466,-0.06325706290650857
6.0,-5.0,1.0,5.0,-61.77347226614333,194.10193648603865,154.03994233987058,0.0,0.6135600221090797,1.0338074028381792,9.977011494252872,4.615392113913371,6.1214953929963345,2.83182008745476,7.0229885057471275,5,0.0,0.0,0.0
6.0,-5.0,1.0,6.0,-65.08657035404941,170.72998314800736,162.93583687092377,0.0,0.6760792737744459,0.9961024509537597,411.6136363636363,20.95414488869753,278.2834483483861,14.166663058915145,17.386363636363637,5,0.103847935495196,-0.20480115237162977,-0.0860195396311525
6.0,-5.0,1.0,7.0,-68.18280275532061,146.19082217704636,171.1453733678345,0.0,0.7433743226555197,0.9564319638919154,112.80459770114943,11.28205273719533,83.85604140852035,8.386788311676431,9.195402298850574,5,0.0,0.0,0.0
6.0,-5.0,1.0,8.0,-71.10708794080149,120.43252284706088,178.6991179614737,0.0,0.8154998003138844,0.9160504832880056,78.9655172413793,9.493348319048325,64.39636354202742,7.7418236584940585,7.0344827586206895,4,0.0,0.0,0.0
6.0,-5.0,1.0,9.0,-73.8950505289757,93.33313531022951,185.62734158567463,0.0,0.8925442616472906,0.875929360674376,104.0344827586207,10.947230468689407,92.8553805996509,9.770887735759109,9.96551724137931,4,0.0,0.0,0.0
6.0,-5.0,1.0,10.0,-76.5751880864268,64.70322785544201,191.95699155048231,0.0,0.9745771415853995,0.8367732762805696,6.188888888888889,3.5840800255615988,6.031549642922973,3.4929624665251486,3.811111111111112,4,0.0,0.0,0.0
6.0,-5.0,1.0,11.0,-79.17059285973362,34.28148458912253,197.709497980186,0.0,1.0615889045474454,0.7990591933133698,33.69662921348315,6.734181341005285,35.771967693683024,7.148932192821647,7.3033707865168545,5,0.0,0.0,0.0
6.0,-5.0,2.0,2.0,-38.868211639518336,209.785705800421,151.85635644330176,0.0,0.57309053434401,1.0649427823546247,318.26666666666665,18.475629593843042,182.3956140638869,10.588208436277514,14.733333333333333,4,0.08140655376411132,-0.5338242105437416,-0.022179928801470794
6.0,-5.0,2.0,3.0,-43.58896690466909,194.96696915267853,161.51180581315373,0.0,0.6122589996191754,1.0457349789083858,43.37931034482758,7.584796107063872,26.55937315589388,4.6438596768263425,8.620689655172413,4,0.0,0.0,0.0
6.0,-5.0,2.0,4.0,-47.987167666089846,178.08357648633054,170.66971810725923,0.0,0.6576694944216822,1.0204630610364267,277.92857142857144,17.15112697354273,182.785143056769,11.279773005451924,10.071428571428571,4,-0.029475902023364142,-0.6623099269587271,-0.09776555594687864
6.0,-5.0,2.0,5.0,-52.08980003912866,159.3555026005434,179.31863756661,0.0,0.7089912816016329,0.9904804465354977,95.69767441860466,10.507536763028368,67.84881683234232,7.449751956095756,9.30232558139535,4,0.0,0.0,0.0
6.0,-5.0,2.0,6.0,-55.92992317041396,138.9254054304317,187.4587348454129,0.0,0.766006601085677,0.9571694113750785,15.862068965517242,5.790434524777158,12.150449534462464,4.435511069133708,11.137931034482758,4,0.0,0.0,0.0
6.0,-5.0,2.0,7.0,-59.54171626310503,116.85938380444956,195.09893852747524,0.0,0.828591651598707,0.9218085573621003,14.9438202247191,4.956887480389867,12.38232468119416,4.107235584165193,6.056179775280899,4,0.0,0.0,0.0
6.0,-5.0,2.0,8.0,-62.957747572398446,93.14961168513462,202.2539166884877,0.0,0.8966858894385891,0.8854920560751499,48.88636363636363,7.871307674340537,43.83571245869102,7.058090523010836,8.113636363636363,4,0.0,0.0,0.0
6.0,-5.0,2.0,9.0,-66.20771676499001,67.71569919966662,208.94140312803526,0.0,0.9702522924454875,0.8490969102891764,27.76923076923077,6.614123314463899,26.943159813293924,6.417368308375743,10.23076923076923,5,0.0,0.0,0.0
6.0,-5.0,2.0,10.0,-69.3180733300326,40.40275520717768,215.17999932870225,0.0,1.0492283470284194,0.8132855156481748,111.3409090909091,11.246693729034803,116.82203800209606,11.800349870850075,9.659090909090908,5,0.0,0.0,0.0
6.0,-5.0,2.0,11.0,-72.312107712435,10.974601205635679,220.98739546774723,0.0,1.1334655369755098,0.7785291750974952,33.4047619047619,6.507192514577135,37.86314638992,7.37567845773819,5.595238095238095,5,0.0,0.0,0.0
6.0,-5.0,3.0,3.0,-36.8305271492157,148.28952588083936,185.60178316943575,0.0,0.7400216296770811,0.9740644935507962,97.75862068965517,11.042400176804176,72.34349379774224,8.171614974385115,15.241379310344827,5,0.0,0.0,0.0
6.0,-5.0,3.0,4.0,-41.17649279708098,134.1781303140139,194.05322089975365,0.0,0.7802062582918359,0.9535399608197517,98.29213483146067,10.510950878616084,76.68813873637056,8.20070965609434,7.707865168539326,5,0.0,0.0,0.0
6.0,-5.0,3.0,5.0,-45.33099270367171,117.98812045730976,202.10994547603048,0.0,0.8267040839901445,0.9289387821519192,72.19540229885058,9.436786229295913,59.684233925771245,7.801429715500888,10.804597701149426,5,0.0,0.0,0.0
6.0,-5.0,3.0,6.0,-49.29731262299455,99.80941531449494,209.7789916374244,0.0,0.879348848885104,0.9012904133422768,42.465909090909086,7.407892750303557,37.34234827595038,6.51412196264374,7.534090909090908,5,0.0,0.0,0.0
6.0,-5.0,3.0,7.0,-53.08547385844409,79.6792334797105,217.07141078628467,0.0,0.938011888129151,0.8715813691484322,120.97752808988766,11.55842319803596,113.47835954479292,10.841938367785492,8.022471910112358,4,0.0,0.0,0.0
6.0,-5.0,3.0,8.0,-56.709516181856756,57.57551103532501,224.00183737439008,0.0,1.0025830124384845,0.8406905358936717,173.27906976744185,13.68625891439771,173.72665175998017,13.721610691409918,8.720930232558139,5,0.0,0.0,0.0
6.0,-5.0,3.0,9.0,-60.18550925347111,33.41045419134352,230.58777424828432,0.0,1.0729387719102346,0.8093549645141371,1.5000000000000004,3.517336050559,1.6094081578653523,3.773886222482368,6.499999999999999,5,0.0,0.0,0.0
6.0,-5.0,4.0,4.0,-36.9122791989077,84.66703007781749,215.08499265687107,0.0,0.923396194884123,0.8786717447577616,34.55056179775281,6.8021157880872725,31.90385729515369,6.2810478358810045,7.44943820224719,4,0.0,0.0,0.0
6.0,-5.0,4.0,5.0,-40.905631966262774,70.18878086381469,222.8520436877919,0.0,0.9663100424617629,0.8593079134866284,84.22988505747126,9.980731866334262,81.39218380643446,9.64448143355693,9.770114942528735,4,0.0,0.0,0.0
6.0,-5.0,4.0,6.0,-44.78518885783723,53.53308520113447,230.3095091563874,0.0,1.0155439338861252,0.8372798855385817,8.022988505747128,4.265451422258305,8.147697308649603,4.331753317160367,5.9770114942528725,5,0.0,0.0,0.0
6.0,-5.0,4.0,7.0,-48.54720086529943,34.68666115886836,237.4772705097178,0.0,1.0709650272013826,0.8132992006889711,25.011494252873565,5.562065046210789,26.786435622875963,5.956777143510997,2.9885057471264367,4,0.0,0.0,0.0
6.0,-5.0,4.0,8.0,-52.19293641261234,13.585002895886305,244.37726924869696,0.0,1.1324143680238947,0.7880267365295959,21.06741573033708,6.066572975179137,23.85704427016632,6.869874401758321,9.93258426966292,5,0.0,0.0,0.0
6.0,-5.0,5.0,5.0,-38.274292050137944,15.029221505229884,242.05716154290053,0.0,1.1277708184330455,0.7891996558885397,44.70588235294118,7.602642956945687,50.417989529947924,8.574038869808867,8.294117647058822,5,0.0,0.0,0.0
6.0,-4.0,-1.0,4.0,-88.09430059533392,287.459285365873,158.90139176271887,0.0,0.3858361563130022,1.281274219132176,388.3720930232558,20.168302135603554,149.84799559132875,7.78166017536059,11.627906976744185,4,0.3367635522832302,-0.3436307090970274,-0.2001255570649505
6.0,-4.0,0.0,0.0,-51.569360789891505,369.3133667290489,138.6271496845945,0.0,0.20998414085281675,1.448674416889447,1307.6704545454545,36.451681408123534,274.5900569163396,7.654275003125414,13.329545454545453,4,0.8212685450278627,-0.3997359229591666,-0.05999675710612706
6.0,-4.0,0.0,1.0,-57.39740963418561,347.2518198809938,151.73775335983024,0.0,0.2551799982002923,1.4390517624210521,144.0222222222222,12.702075265458896,36.75159040746876,3.2413155433797787,10.97777777777778,4,0.0,0.0,0.0
6.0,-4.0,0.0,2.0,-61.90995397158177,323.38495994213315,164.0936389892068,0.0,0.3060911126944419,1.410765747676743,395.7586206896552,20.49230591379811,121.13819656531412,6.272512718829355,15.241379310344826,4,0.0,0.0,0.0
6.0,-4.0,0.0,3.0,-65.62259527124941,298.62612121801703,175.59212919908637,0.0,0.36119737038291916,1.3669555714846577,25.393258426966295,6.966654575566069,9.171978169274128,2.5163373130605957,14.606741573033709,4,0.0,0.0,0.0
6.0,-4.0,0.0,4.0,-68.82930135724838,273.36739528580983,186.2420159632395,0.0,0.4198781027568751,1.3118705948074674,687.1868131868132,26.709975197052703,288.5346953604223,11.214933710421679,16.813186813186814,4,0.2841411672931713,-0.3848157222272448,-0.08087136819848695
6.0,-4.0,0.0,5.0,-71.70238234789599,247.7404101068635,196.0963973023626,0.0,0.48197470861670905,1.249895478095048,2.101123595505618,5.053469935508896,1.0126884327115122,2.4356446996701995,14.898876404494382,5,0.0,0.0,0.0
6.0,-4.0,0.0,6.0,-74.34746185508347,221.74035620278246,205.22300100047156,0.0,0.5475741599026718,1.1848454476430859,130.73033707865167,12.254337673624583,71.58455449963579,6.710158656798642,12.269662921348313,5,0.0,0.0,0.0
6.0,-4.0,0.0,7.0,-76.83237099243493,195.28385414275704,213.69146945284982,0.0,0.6168980124978627,1.1196432057966177,52.23529411764706,8.450138714284957,32.22384912341777,5.212873778173635,11.76470588235294,5,0.0,0.0,0.0
6.0,-4.0,0.0,8.0,-79.20263627238373,168.23523991612768,221.56812967904406,0.0,0.6902388488493245,1.056297817892412,103.47058823529412,11.18931150882495,71.41941971329187,7.723297495267832,13.529411764705882,5,0.0,0.0,0.0
6.0,-4.0,0.0,9.0,-81.49009787049756,140.41687111182333,228.91410191495098,0.0,0.7679162021367916,0.9960464228944311,23.52873563218391,5.94086105682047,18.06809730774727,4.562083460175941,7.471264367816092,4,0.0,0.0,0.0
6.0,-4.0,0.0,10.0,-83.71790563275403,111.61036733028513,235.78491271457318,0.0,0.8502373534756958,0.9395463811300894,128.86363636363635,12.1010976808984,109.56467714107261,10.288805266357937,11.136363636363637,5,0.0,0.0,0.0
6.0,-4.0,0.0,11.0,-85.90353348134619,81.55164536273482,242.2307834098548,0.0,0.9374539777881706,0.8870548875763361,79.85714285714286,9.56517801117614,74.86239622622678,8.966914174829016,7.142857142857142,4,0.0,0.0,0.0
6.0,-4.0,0.0,12.0,-88.06066905068931,49.92050280809917,248.29721535047332,0.0,1.0297077786209754,0.8385718301734032,54.3956043956044,7.962316299909188,56.011576968943174,8.198859029857074,5.604395604395604,4,0.0,0.0,0.0
6.0,-4.0,1.0,1.0,-36.8290886331248,301.23305780223495,182.5511536759103,0.0,0.3555798624565598,1.3993627048248045,968.7272727272727,31.676519055984233,344.45991039428196,11.26353228902947,22.272727272727273,5,0.555542838369206,-0.502196248508568,0.007667637430841978
6.0,-4.0,1.0,2.0,-43.23042387304946,285.1685053005491,192.77624168553757,0.0,0.3926196492920625,1.373302623115861,108.19318181818181,11.607769599825998,42.4787691012469,4.557438429346748,16.806818181818183,5,0.0,0.0,0.0
6.0,-4.0,1.0,3.0,-48.79241222628312,266.70797140023956,202.60210707665877,0.0,0.436419299057018,1.3327846460703596,65.27586206896552,9.158207822019332,28.48764596948052,3.996818638304176,11.724137931034482,5,0.0,0.0,0.0
6.0,-4.0,1.0,4.0,-53.66693866812261,246.450041590496,211.96542283617498,0.0,0.4860272378862923,1.2815701679746623,285.97752808988764,17.294779568651386,138.99286807507767,8.405733943603915,8.02247191011236,5,0.38626270275031516,-0.2756580022976607,-0.08306133187738851
6.0,-4.0,1.0,5.0,-57.99544706265438,224.7842671619864,220.84546383466625,0.0,0.5408575595796088,1.2235999551369579,180.36666666666665,13.989845523728192,97.55267516284209,7.566513708859344,9.633333333333333,4,0.06953400760420436,-0.5144047053614997,-0.08052218144351997
6.0,-4.0,1.0,6.0,-61.89554336625085,201.9340599321469,229.24989584436352,0.0,0.6006116979976699,1.1623687020062925,278.47777777777776,17.25739419266384,167.25701096572888,10.364992829070955,12.522222222222222,4,0.0,0.0,0.0
6.0,-4.0,1.0,7.0,-65.46037190767312,177.99745764366656,237.20360112266644,0.0,0.6651981289396356,1.100614486749071,136.04761904761904,12.25650667124662,90.49862163716851,8.153005305049414,8.952380952380953,4,0.04036483119131162,-0.2362858625002957,0.01819875507146662
6.0,-4.0,1.0,8.0,-68.7623499716334,152.97708911129524,244.74117861760539,0.0,0.7346637638750462,1.0402709727859645,90.74444444444444,10.248860219676583,66.66665510630557,7.529466224416831,9.255555555555556,5,0.0,0.0,0.0
6.0,-4.0,1.0,9.0,-71.85762052720293,126.79895534896198,251.90237190669518,0.0,0.8091358941402189,0.9825715333429087,0.045454545454545636,3.572811125548477,0.03677890427910101,2.890889724664789,7.954545454545455,4,0.0,0.0,0.0
6.0,-4.0,1.0,10.0,-74.78996782467084,99.32176671214668,258.72954029970833,0.0,0.8887688943960957,0.9282089208718982,8.953488372093023,5.163890517674531,7.957581961453415,4.589505266176076,11.046511627906977,5,0.0,0.0,0.0
6.0,-4.0,1.0,11.0,-77.59392182456945,70.33839875738376,265.26650182679606,0.0,0.9736889495217884,0.8774924104031349,56.86046511627907,8.350586070635615,55.364406548390065,8.13087337900847,8.13953488372093,4,0.0,0.0,0.0
6.0,-4.0,1.0,12.0,-80.29711771388068,39.57016685197132,271.55832181615256,0.0,1.0639300994717589,0.8304773105068604,131.59574468085108,12.102547348858902,140.00867372835808,12.876264404733124,9.404255319148936,5,0.0,0.0,0.0
6.0,-4.0,2.0,3.0,-37.90307548994724,226.97620093626767,227.31171875462525,0.0,0.5356583251134776,1.2435654567253502,354.91954022988506,19.41469479269538,190.11560646958574,10.399642895244561,14.080459770114942,4,0.165493331963404,-0.27994420794587427,0.00124817281930234
6.0,-4.0,2.0,4.0,-43.128858360621905,210.74942733925596,235.79592003109448,0.0,0.5779664937530543,1.2016481564154717,19.235955056179773,5.7781342140505325,11.11773749781156,3.3395679721293465,8.764044943820226,4,0.0,0.0,0.0
6.0,-4.0,2.0,5.0,-47.93303438559852,192.5956717983424,243.97006474882522,0.0,0.6264303402580129,1.153466471960986,112.29411764705883,11.646910278315957,70.3444423266204,7.295977968600013,14.705882352941176,4,-0.11915731195082913,-0.19328687349602092,0.030268801753038588
6.0,-4.0,2.0,6.0,-52.36193217786594,172.738605720418,251.83431766644327,0.0,0.6807378435837828,1.1017420151397188,202.38297872340425,14.846765213404117,137.7697525142328,10.106754935567439,11.617021276595743,4,-0.2442973382172795,-0.26670814591895464,-0.07313163724272442
6.0,-4.0,2.0,7.0,-56.465641260078314,151.31250719046545,259.4018805754207,0.0,0.740714935764293,1.0487295419696596,153.6206896551724,12.990477624704752,113.78913926999743,9.622240799330667,9.379310344827585,4,0.0,0.0,0.0
6.0,-4.0,2.0,8.0,-60.292299888855354,128.36845735651616,266.6960317559004,0.0,0.8062955549557296,0.9961294641854636,153.05747126436785,13.288628980932986,123.4095587332241,10.714562478782153,14.942528735632184,5,0.0,0.0,0.0
6.0,-4.0,2.0,9.0,-63.88549444263671,103.8804787022601,273.74775189479567,0.0,0.8774828356939975,0.9451186235011667,41.539325842696634,7.717988896532183,36.450045433266396,6.772402782783847,11.460674157303371,4,0.0,0.0,0.0
6.0,-4.0,2.0,10.0,-67.28346358129409,77.7487397826484,280.5941897351769,0.0,0.954303141116692,0.8964393109062225,161.7906976744186,13.457281730893515,154.39737099415873,12.842326226683955,12.209302325581396,5,0.0,0.0,0.0
6.0,-4.0,2.0,11.0,-70.51923325162481,49.798231263169924,287.27800061360324,0.0,1.036751324148847,0.8505032254923566,28.522727272727273,5.932748969118659,29.570975268336433,6.150785349576477,3.4772727272727275,4,0.0,0.0,0.0
6.0,-4.0,2.0,12.0,-73.62116777824444,19.771688499996344,293.8475413709563,0.0,1.124723607928314,0.8074866416140112,4.363636363636363,3.4924934259893052,4.907884834596279,3.9280898067446097,4.636363636363637,4,0.0,0.0,0.0
6.0,-4.0,3.0,4.0,-36.36237880662503,168.75125982745976,257.8554631583739,0.0,0.6921609081503692,1.0962515712846157,47.25,8.209092796737929,32.704602910104946,5.682013125280779,12.75,4,0.0,0.0,0.0
6.0,-4.0,3.0,5.0,-41.107050437129914,153.2837044642509,265.6176438027526,0.0,0.7357394568112408,1.059296160996211,441.0465116279069,21.520048634693858,324.49532089360883,15.833148893041143,13.953488372093025,4,0.0,0.0,0.0
6.0,-4.0,3.0,6.0,-45.59554832882756,135.83821293462722,273.17474520764415,0.0,0.7856394344362642,1.0188098746571836,108.80459770114943,11.125356174370593,85.4811826019963,8.740518532734512,9.195402298850574,4,0.0,0.0,0.0
6.0,-4.0,3.0,7.0,-49.840402745364514,116.50993140560135,280.5445860784279,0.0,0.8417125333692743,0.9764506970316608,73.67368421052632,9.868593682700602,62.01206337949001,8.30651898945794,15.326315789473682,5,0.0,0.0,0.0
6.0,-4.0,3.0,8.0,-53.86081285361436,95.33350760476746,287.75263187900055,0.0,0.9038640945030755,0.9335685004566531,68.72727272727272,9.1309346149312,62.12011413130227,8.253123947691577,9.272727272727273,4,0.0,0.0,0.0
6.0,-4.0,3.0,9.0,-57.67917846251294,72.27857920663425,294.8317725716448,0.0,0.9720278289639835,0.8911856051992816,77.56818181818181,9.697716886459274,75.39843136941082,9.42645069105237,10.431818181818182,5,0.0,0.0,0.0
6.0,-4.0,3.0,10.0,-61.318807950123954,47.24488837008812,301.8223636000937,0.0,1.0461276486271802,0.8500244543278398,5.56818181818182,4.75781979204275,5.825028952583165,4.977286831641542,10.431818181818182,5,0.0,0.0,0.0
6.0,-4.0,3.0,11.0,-64.80254004898697,20.05489461084514,308.77279163944036,0.0,1.1260255785109448,0.8105577308621644,32.18390804597701,6.177334454210455,36.23990367621432,6.955836602457919,2.8160919540229887,5,0.0,0.0,0.0
6.0,-4.0,4.0,5.0,-36.80645955475231,107.68541039603546,286.16242955804637,0.0,0.8677898470574146,0.9593075698563145,97.25842696629213,10.622540960976226,84.39987546212338,9.218133195886681,9.741573033707866,5,0.0,0.0,0.0
6.0,-4.0,4.0,6.0,-41.12358030422271,91.9537342245474,293.64453457010535,0.0,0.9143381564415879,0.9289254463010397,61.04545454545455,8.588654105204318,55.81618836822966,7.852934160866992,7.954545454545455,4,0.0,0.0,0.0
6.0,-4.0,4.0,7.0,-45.28294982084762,74.12607452607953,301.02489723957297,0.0,0.9672946863272769,0.8964782069475371,35.068965517241374,7.104870965665976,33.92202399982208,6.872503932129646,9.931034482758621,5,0.0,0.0,0.0
6.0,-4.0,4.0,8.0,-49.285612913577154,54.19103558806566,308.3379377037883,0.0,1.0265490921881755,0.8629484574136614,6.633333333333333,4.322987650019628,6.809442311514897,4.437759047668343,7.366666666666666,5,0.0,0.0,0.0
6.0,-4.0,4.0,9.0,-53.13798842314114,32.08107377763278,315.6254929886364,0.0,1.0919723513557391,0.8291421815605354,5.625,4.067063076240115,6.142344476376032,4.441120430474024,6.375,4,0.0,0.0,0.0
6.0,-4.0,5.0,6.0,-38.450691007698026,40.70312287885241,313.78800716589734,0.0,1.0666212728318774,0.8420843321754057,14.404494382022472,5.284459712709101,15.364140132252436,5.636517144998558,8.595505617977528,4,0.0,0.0,0.0
6.0,-4.0,5.0,7.0,-42.41913223049994,23.70117315843052,321.40198023507025,0.0,1.116946561729841,0.817685629113596,21.896551724137932,5.377179064973523,24.457278162015488,6.0060216684278585,4.1034482758620685,4,0.0,0.0,0.0
6.0,-3.0,-1.0,3.0,-88.17073576691692,335.3532106123702,213.1201780296272,0.0,0.28151378475383837,1.6786204082798128,448.50000000000006,21.635671302903287,126.25893246209652,6.090739714170313,12.5,4,0.4303662839415665,-0.22925944925142971,-0.14415636947835253
6.0,-3.0,-1.0,4.0,-87.96063177862094,306.4934158707361,223.71826229193454,0.0,0.3449219520849654,1.5795248156398884,382.6896551724138,20.055333680516533,131.99806290479123,6.917524842799116,12.310344827586206,4,0.4328420968236628,-0.1712342564885887,-0.08262624076033376
6.0,-3.0,0.0,1.0,-51.87667202188578,372.928174277135,216.88552730992325,0.0,0.2038886569055931,1.9087677080447005,621.3023255813954,25.419019550221396,126.67649669511222,5.182649755951654,15.69767441860465,4,0.8818615651589425,-0.37565495879454147,-0.05546342425645179
6.0,-3.0,0.0,2.0,-58.28580362852226,349.1753662197958,227.78411146712108,0.0,0.2525345019475347,1.8440440974702026,864.3255813953488,30.00304653721572,218.27203021818775,7.576804414184477,22.674418604651162,4,0.7162557082087915,-0.33293186367316707,-0.1192238563450232
6.0,-3.0,0.0,3.0,-63.13963101047935,324.25154524209904,238.07687249040632,0.0,0.30586357888742205,1.7491607930766235,967.3595505617977,31.719391672997723,295.88005420575956,9.701806657234977,24.640449438202246,5,0.6276652277572907,-0.3123857435122943,-0.1363193318194149
6.0,-3.0,0.0,4.0,-67.07651466118324,298.80045085100977,247.747093300081,0.0,0.3628325958115096,1.637853181558716,2736.7261235955057,52.63299498092256,992.9734434493276,19.09696619426229,21.273876404494384,4,0.0,0.0,0.0
6.0,-3.0,0.0,5.0,-70.44231767878186,273.05268723832734,256.8366543768322,0.0,0.4231212768377546,1.521670054969668,254.51724137931035,16.610348764790896,107.69166014963677,7.028191978078743,13.482758620689655,4,0.29975896019823267,-0.19319618932757976,-0.08901376808684347
6.0,-3.0,0.0,6.0,-73.43455378381849,247.04544156975635,265.40782631421695,0.0,0.4867590031606875,1.4083970905232162,737.056179775281,27.63873658710355,358.76873134084025,13.453403869759347,16.9438202247191,4,0.22498890603270638,-0.1985950586185936,-0.09152767463559996
6.0,-3.0,0.0,7.0,-76.17262634040476,220.71661968816,273.52839538164886,0.0,0.5539562109899699,1.302369161101924,50.6,8.312159767473192,28.03018427609248,4.604572529932719,11.4,5,0.0,0.0,0.0
6.0,-3.0,0.0,8.0,-78.73262353665007,193.94560285331715,281.26616409809736,0.0,0.6250205545731184,1.2054702184057153,87.66666666666667,10.625092592189143,54.79346861757672,6.6409012643607905,16.333333333333336,5,0.0,0.0,0.0
6.0,-3.0,0.0,9.0,-81.16537915207385,166.56996754317754,288.6873770448912,0.0,0.7003074467168311,1.1180957735645376,233.14285714285714,16.01529880827602,163.27167900598118,11.215633016830889,14.857142857142858,5,-0.3126283188279615,0.06952035324337658,-0.08462084792614633
6.0,-3.0,0.0,10.0,-83.5063385100373,138.39018126221137,295.8569137588239,0.0,0.7801823073815664,1.039845323343778,59.69662921348315,8.432260509246378,46.5742539226771,6.578700460546301,7.3033707865168545,4,0.0,0.0,0.0
6.0,-3.0,0.0,11.0,-85.78121546596995,109.16719174835121,302.83939087641284,0.0,0.8649825576447331,0.9699529537737142,71.48275862068965,9.623573085801993,61.83133937922523,8.324222861438024,13.517241379310345,5,0.0,0.0,0.0
6.0,-3.0,0.0,12.0,-88.00938338136542,78.61465146487468,309.7008709817486,0.0,0.9549713799596726,0.9075308337468977,106.2906976744186,10.900688175714615,101.5045742350159,10.409845229672273,7.709302325581395,4,0.0,0.0,0.0
6.0,-3.0,1.0,2.0,-37.54194886509691,314.1732431421925,253.38498141980273,0.0,0.3282857212728748,1.7625322634172633,944.3,31.096677207273018,310.00020659797565,10.20859510617939,14.700000000000001,4,0.6175926577762993,-0.36387221276112314,-0.05941038089155626
6.0,-3.0,1.0,3.0,-44.54596754227077,295.76558121264594,262.40498727330026,0.0,0.37004252492178896,1.67911958276613,344.44943820224717,18.95693762599964,127.46093982025126,7.0148730639097705,9.55056179775281,4,0.6028821823660451,-0.2158136151001031,-0.031638480025513616
6.0,-3.0,1.0,4.0,-50.483757136006204,275.35061906987346,271.1181414896299,0.0,0.41796053773180075,1.5799133304437962,338.40000000000003,18.965934373678156,141.4378459684414,7.927012129408566,13.6,4,0.0,0.0,0.0
6.0,-3.0,1.0,5.0,-55.595154370638426,253.4846195360857,279.50284343306186,0.0,0.47117983873365704,1.4748591369830775,64.54166666666666,9.151407754487224,30.410732091601442,4.311958829945229,12.458333333333334,4,0.0,0.0,0.0
6.0,-3.0,1.0,6.0,-60.076728759114786,230.4885123881521,287.5705720454897,0.0,0.5292524929005481,1.3710274121196984,342.0638297872341,19.11184350724335,181.03813464600242,10.114990820133697,14.936170212765958,4,0.0,0.0,0.0
6.0,-3.0,1.0,7.0,-64.07909375233358,206.51710174467613,295.3527614822541,0.0,0.5920178835607021,1.2726427940721097,6.6321839080459775,4.472298435518401,3.9263714806267256,2.6476806544474427,8.367816091954023,4,0.0,0.0,0.0
6.0,-3.0,1.0,8.0,-67.71501593926266,181.60852246175654,302.8926709925047,0.0,0.6595055960147365,1.1817764443004874,468.97752808988764,22.162872217658194,309.2933041804392,14.61653825130511,14.022471910112358,4,-0.3438759216279834,-0.169796982640662,-0.16291710512533086
6.0,-3.0,1.0,9.0,-71.06872328522049,155.71502703954187,310.2409976450465,0.0,0.731862759299971,1.0991073583879178,52.730337078651694,8.495221705124283,38.5913699931996,6.217336397977263,12.269662921348313,4,0.0,0.0,0.0
6.0,-3.0,1.0,10.0,-74.2036317371615,128.7197177120562,317.453988135694,0.0,0.8092957464808835,1.0245149553447062,141.08333333333334,12.638227394166742,114.17814156601132,10.228063673157326,11.916666666666668,5,-0.19983134841982064,0.03190201582123109,-0.04636826283851292
6.0,-3.0,1.0,11.0,-77.16813629381208,100.44300590686166,324.59323112345413,0.0,0.892016305366109,0.9574719934357684,26.066666666666666,6.126993502747988,23.251891693209906,5.4653781073234144,6.933333333333334,5,0.0,0.0,0.0
6.0,-3.0,1.0,12.0,-79.99979113067012,70.64098656767881,331.7267033109554,0.0,0.9801834555821003,0.8972807466020328,28.02325581395349,6.268941012402506,27.467931720382115,6.144712264377038,6.976744186046512,4,0.0,0.0,0.0
6.0,-3.0,1.0,13.0,-82.7282951867761,38.996420190930394,338.93094436922814,0.0,1.0738333637836337,0.8432045928689371,48.98837209302326,7.662605072389084,52.605348390935454,8.228360980229104,6.011627906976744,5,0.0,0.0,0.0
6.0,-3.0,2.0,4.0,-39.267393072208904,241.2063952511624,293.420209641353,0.0,0.5021630589981682,1.4368842845558374,148.22988505747125,13.148460699288513,74.43557251540662,6.602671245871913,15.770114942528735,5,0.0,0.0,0.0
6.0,-3.0,2.0,5.0,-44.854640909841436,223.12388710237252,301.29145366598675,0.0,0.5486262634468875,1.3564903263470747,632.2307692307693,25.5067822846987,346.85840455922835,13.993690657407512,11.76923076923077,4,0.15840637417147718,-0.22489230127342807,-0.014692528793851523
6.0,-3.0,2.0,6.0,-49.9156366912398,203.31312283092382,308.98897893360447,0.0,0.6009954416254019,1.274392049938494,159.44444444444446,13.551456575167188,95.82538430360574,8.14436362906006,15.555555555555554,4,0.022392522563450257,-0.20226148537784638,-0.06222572247122571
6.0,-3.0,2.0,7.0,-54.52670988645019,181.9802901215817,316.534393530324,0.0,0.6590067735179383,1.1942261378891086,193.0909090909091,14.489665738834024,127.24821699564555,9.548787867902425,10.90909090909091,4,0.026582730651966813,-0.0258024650318589,-0.08037521563188221
6.0,-3.0,2.0,8.0,-58.76044723709511,159.23029529161434,323.96176538820976,0.0,0.7225522330856746,1.118187304759215,180.1222222222222,14.359283141775533,130.1477138950208,10.375332099599394,16.877777777777776,4,-0.2155847063888814,-0.18221096970427197,-0.09146087504645806
6.0,-3.0,2.0,9.0,-62.681152265541016,135.07986032223113,331.3153538366734,0.0,0.7916350454011314,1.0473932676779416,399.3820224719101,20.628200631178217,316.1648054919462,16.330006543206416,16.617977528089888,5,-0.38153751674209957,-0.15199073495267612,-0.1314702567852848
6.0,-3.0,2.0,10.0,-66.3437931276402,109.46692844039273,338.64855579836166,0.0,0.8663211941544999,0.9822427038301067,275.7727272727273,17.082474949878403,238.90775840615234,14.798910097692989,10.227272727272728,4,-0.46536779829999375,-0.05462000763634478,-0.09846311492817961
6.0,-3.0,2.0,11.0,-69.79457240375207,82.2546779136157,346.0240759372231,0.0,0.9466860438018626,0.922695600827942,19.833333333333336,5.716942548142795,18.775939868736945,5.412149723543842,8.166666666666668,5,0.0,0.0,0.0
6.0,-3.0,2.0,12.0,-73.07210793447858,53.229372948279604,353.5153241349493,0.0,1.0327522033169843,0.8684680785038047,75.3529411764706,9.354050988539338,77.82091602641512,9.660416768353416,7.647058823529411,4,0.0,0.0,0.0
6.0,-3.0,2.0,13.0,-76.20873485329263,22.091207489309568,361.2091593813986,0.0,1.1244132739652501,0.8191576869461198,22.379310344827584,6.016546963410801,25.163593613911974,6.765085269094422,8.620689655172413,5,0.0,0.0,0.0
6.0,-3.0,3.0,5.0,-37.79157033707105,184.94898692017142,322.28804178417954,0.0,0.6510543103848137,1.20994573481496,389.56179775280896,20.276040128872875,253.6258875882233,13.200803323438137,13.438202247191011,5,-0.19724361547207536,-0.07935052596832293,-0.04208302321192292
6.0,-3.0,3.0,6.0,-42.850120259243994,167.8162085665288,329.8206782585386,0.0,0.6986716684299769,1.1505979432182154,3.4252873563218396,3.7675025992884725,2.3931512320934845,2.6322473268591517,6.57471264367816,4,0.0,0.0,0.0
6.0,-3.0,3.0,7.0,-47.581211777386955,148.8175351548303,337.3025814142367,0.0,0.7525129674229357,1.0905666730056658,438.1034482758621,21.41401521346302,329.6785259002896,16.11432413272295,12.89655172413793,5,-0.26205383950556893,-0.02806225230290238,-0.07954085946695955
6.0,-3.0,3.0,8.0,-52.01254623763877,128.04162911275546,344.770885887385,0.0,0.8124524217234341,1.0317410266300002,45.833333333333336,7.660511216541976,37.237402662324065,6.223800889519059,8.166666666666668,4,0.0,0.0,0.0
6.0,-3.0,3.0,9.0,-56.17637695809117,105.50683434767112,352.2730161918615,0.0,0.8784281339514,0.9753458678962781,34.7906976744186,7.355163600127487,30.561127637006845,6.46098263616725,12.209302325581396,5,0.0,0.0,0.0
6.0,-3.0,3.0,10.0,-60.105752247226974,81.15936528970866,359.86722140004355,0.0,0.9504073776903441,0.9220863230470814,12.931034482758621,4.5667203332002595,12.289750573582037,4.340244696522033,5.068965517241379,4,0.0,0.0,0.0
6.0,-3.0,3.0,11.0,-63.83239470202405,54.86975344805913,367.6239599102465,0.0,1.0283391869807421,0.8722939068784242,77.93333333333334,9.598842522813767,80.14190063869917,9.870865915866485,9.066666666666666,5,0.0,0.0,0.0
6.0,-3.0,3.0,12.0,-67.38567660594049,26.425390615534297,375.6284319032892,0.0,1.1120923796370479,0.8260491636572214,20.09090909090909,5.455007556183266,22.34294689998069,6.066472334093925,5.909090909090908,4,0.0,0.0,0.0
6.0,-3.0,4.0,6.0,-38.31782319224675,125.29917035149242,350.4544754535113,0.0,0.8205748050426577,1.025512181180284,8.620689655172413,4.847495890564206,7.073920733126358,3.9777329953448075,9.379310344827585,5,0.0,0.0,0.0
6.0,-3.0,4.0,7.0,-42.903061832250074,108.05215770279065,358.07498894997883,0.0,0.8711162664305321,0.9823209346131149,50.920454545454554,8.052906474432099,44.35763624858199,7.015017821921549,9.079545454545455,4,0.0,0.0,0.0
6.0,-3.0,4.0,8.0,-47.281771658798846,88.7690535926129,365.7782880767443,0.0,0.9280523603884813,0.9386724822363669,103.02222222222221,10.99743628934815,95.61001650579998,10.206196706551491,10.977777777777778,5,0.0,0.0,0.0
6.0,-3.0,4.0,9.0,-51.46307003112793,67.43034956745453,373.62192307887216,0.0,0.9912823097844397,0.8956028811579506,34.27272727272727,6.505699980125502,33.97394825352125,6.448985303063391,4.727272727272727,4,0.0,0.0,0.0
6.0,-3.0,4.0,10.0,-55.460960625752506,43.95237092003006,381.6761760191145,0.0,1.0606857918320773,0.8538381106480735,16.11111111111111,4.817662975261956,17.088826646183467,5.110026667695809,3.888888888888889,4,0.0,0.0,0.0
6.0,-3.0,4.0,11.0,-59.29217550341443,18.176909864876393,390.02690137936185,0.0,1.136076499681376,0.8138478799876666,16.64772727272727,5.445245386027115,18.913091727650176,6.186215318063847,8.352272727272727,5,0.0,0.0,0.0
6.0,-3.0,5.0,7.0,-40.051157160013645,59.67750946065351,379.4952599364018,0.0,1.0142575556808326,0.8812319742112806,62.55813953488373,8.474484976637438,63.45006569259163,8.595310418058226,5.441860465116279,4,0.0,0.0,0.0
6.0,-3.0,5.0,8.0,-44.251218898522325,41.24699956528579,387.6669104868222,0.0,1.0686159514698652,0.8493078171149675,12.204545454545453,4.703670867322582,13.041971953166309,5.026417719285008,5.795454545454547,5,0.0,0.0,0.0
6.0,-3.0,5.0,9.0,-48.32053893543929,20.480815138468046,396.09954097163654,0.0,1.129247310728744,0.8170059878518977,12.930232558139537,5.267568662162869,14.60143034337632,5.948387745826428,9.069767441860465,5,0.0,0.0,0.0
6.0,-2.0,0.0,3.0,-63.4334390700277,349.19699133485386,295.133678674207,0.0,0.25297352948939567,2.3696908952861713,306.1363636363636,18.53534149395475,77.44439641413999,4.688950758016981,23.86363636363636,4,0.6209604113921046,-0.23292787278973037,-0.15132134839645062
6.0,-2.0,0.0,4.0,-67.83466572069088,322.76005413505715,304.0409620384023,0.0,0.3097708233107028,2.112595635784824,797.6516853932584,28.85838418178742,247.08921929943935,8.939485427408853,22.348314606741575,4,0.6147697259104916,-0.14770229204248153,-0.07252075183141926
6.0,-2.0,0.0,5.0,-71.43675222242707,296.28035442242356,312.52258101060005,0.0,0.36945395505159384,1.8790927622601792,2016.2247191011236,45.41726198152246,744.9021967446989,16.77958706668786,29.775280898876407,4,0.5097215673476967,-0.14995909145028463,-0.10379530291795902
6.0,-2.0,0.0,6.0,-74.55251211613314,269.76342571366956,320.64917255907415,0.0,0.4321028527355353,1.6771436603468064,278.5882352941176,17.590300882051658,120.37877120914676,7.600819191610924,19.411764705882355,5,0.46222506141083386,-0.1278212867722459,-0.10111467532635743
6.0,-2.0,0.0,7.0,-77.35437941612506,243.11965787528206,328.49414570453865,0.0,0.497978920500697,1.505863383375853,3.767441860465116,5.166569955537466,1.8761066307235559,2.572842929149881,14.232558139534884,4,0.0,0.0,0.0
6.0,-2.0,0.0,8.0,-79.94484309600774,216.20987349027192,336.13063063196364,0.0,0.5674351605373934,1.361296250620347,230.20689655172413,15.87221065092336,130.6274873016427,9.006450398790022,13.793103448275861,4,0.0,0.0,0.0
6.0,-2.0,0.0,9.0,-82.38875156969827,188.86176536949952,343.63153998744804,0.0,0.6408702044808602,1.2389844825112437,45.96629213483146,8.055787996052514,29.458427039676394,5.1627145002846335,12.03370786516854,4,0.0,0.0,0.0
6.0,-2.0,0.0,10.0,-84.72938487506335,160.87372688932805,351.0709429129852,0.0,0.7186963303164761,1.134900840523195,83.9655172413793,10.054252358455843,60.3457091145041,7.2259542740979885,11.03448275862069,5,0.0,0.0,0.0
6.0,-2.0,0.0,11.0,-86.9970231368784,132.01202044636045,358.5261925209378,0.0,0.8013081246066359,1.0456861003425288,124.72413793103448,11.728853007248244,99.94246505869663,9.398425207024992,8.275862068965518,4,0.0,0.0,0.0
6.0,-2.0,1.0,3.0,-41.89875206888493,324.1683726650347,317.7267380772972,0.0,0.3067453359710144,2.203484030279438,793.5882352941177,28.98794642713215,243.42948985793853,8.891917365900417,29.411764705882355,4,0.6008544020554609,-0.21740127876034876,0.01567862582015067
6.0,-2.0,1.0,4.0,-49.040647312065886,302.9631696618792,325.9512367443183,0.0,0.35422023159812616,1.9922589283709273,4160.209302325581,64.96130645128082,1473.6303025664463,23.01060901608954,37.79069767441861,5,0.5383709447239085,-0.20377142948370874,-0.1515476650401837
6.0,-2.0,1.0,5.0,-54.94604611817874,280.3184560437869,333.9535126476158,0.0,0.4069485855886197,1.792878621812445,60.55555555555556,9.529032959109884,24.642997682866415,3.8778264847371067,19.444444444444443,4,0.0,0.0,0.0
6.0,-2.0,1.0,6.0,-59.95666735145548,256.65695391803285,341.7593831744441,0.0,0.4643118015471743,1.6149732832280226,589.7865168539327,25.08880578535748,273.8448401686823,11.6490286128665,25.213483146067418,4,0.41717045426287314,-0.09213749336527144,-0.05167835173121205
6.0,-2.0,1.0,7.0,-64.31707626509296,232.1753377162905,349.41354113659605,0.0,0.5260854127663854,1.4603661098261,361.3932584269664,19.61633363770314,190.1237215305396,10.319866978754186,14.606741573033707,5,0.23534450992136158,-0.025973811640938038,-0.031442585894467356
6.0,-2.0,1.0,8.0,-68.19921402692958,206.92733690813026,356.9716593834187,0.0,0.5922883222210916,1.3273985782090005,18.413793103448278,6.393739506356874,10.906274622967688,3.7869372449388234,14.586206896551722,5,0.0,0.0,0.0
6.0,-2.0,1.0,9.0,-71.72464575673592,180.87127186062244,364.49699083369694,0.0,0.6630854535259331,1.2132576829019064,108.41176470588235,11.190548409368603,71.88626416754674,7.420289867230089,10.588235294117647,5,0.0,0.0,0.0
6.0,-2.0,1.0,10.0,-74.98067845455553,153.8949624030454,372.0596466455511,0.0,0.7387202766151506,1.1150245327407462,74.65517241379311,9.598375638767916,55.14928961626901,7.090514706926758,11.344827586206897,4,0.0,0.0,0.0
6.0,-2.0,1.0,11.0,-78.0312844498659,125.82641972504767,379.7375983153264,0.0,0.8194599730779588,1.0300730156040112,128.4659090909091,11.872551726740644,105.27267040507186,9.729080918361563,7.534090909090909,4,0.0,0.0,0.0
6.0,-2.0,1.0,12.0,-80.92438102627173,96.43486320931477,387.6190244671489,0.0,0.9055410771679456,0.9561764842434266,129.6206896551724,12.020741092338561,117.37685893359681,10.885274837113247,9.379310344827585,4,0.02270438988925605,0.0781545097913181,0.03286165368598404
6.0,-2.0,1.0,13.0,-83.69669949658899,65.42399276224816,395.80600458176684,0.0,0.9971061641036455,0.8914967260885013,119.3139534883721,11.598223740843755,118.96867848683148,11.564660384648551,9.686046511627907,5,0.0,0.0,0.0
6.0,-2.0,1.0,14.0,-86.377085550788,32.417589460279714,404.41987391647564,0.0,1.094123382876447,0.8345331634485906,43.17777777777778,7.659964864697166,47.241816287309696,8.380946670477188,9.822222222222223,4,0.0,0.0,0.0
6.0,-2.0,2.0,4.0,-36.64592749531613,269.9107411461737,347.3012470439337,0.0,0.4319574037031711,1.725896914827323,292.2873563218391,17.97505280801473,126.25568757204528,7.764457142377438,19.71264367816092,5,0.4664178976290714,-0.0568087407693838,-0.022616100096335856
6.0,-2.0,2.0,5.0,-43.111834141024076,251.50701159105407,354.97548356165527,0.0,0.47718326695780683,1.5913689195269873,18.413793103448274,6.032610547009529,8.78675395018858,2.878660809106129,11.586206896551724,4,0.0,0.0,0.0
6.0,-2.0,2.0,6.0,-48.84135521642901,231.33001106346336,362.57677610357933,0.0,0.5283535629784895,1.4630188018444175,717.258064516129,27.12130865724042,378.96585396215204,14.329640061692327,11.741935483870968,4,0.24374682838399053,-0.10655924933837468,-0.019514945525422434
6.0,-2.0,2.0,7.0,-53.95699904564435,209.66957741636674,370.1408836737668,0.0,0.5850737542793502,1.3451205602778857,240.77272727272728,16.032975446026622,140.86980347353264,9.380473136475434,10.227272727272727,4,0.09271699489258367,-0.0633941066282091,-0.0488310828230496
6.0,-2.0,2.0,8.0,-58.571213501266755,186.68413742788266,377.7165110651053,0.0,0.6471652403021017,1.239073745485832,287.24719101123594,17.57500563665323,185.8963973968902,11.373932746155479,13.752808988764043,4,0.15015233478118262,-0.019876279416337184,-0.059516218889108075
6.0,-2.0,2.0,9.0,-62.77971584960818,162.4254856191282,385.36334419269457,0.0,0.7146049829682604,1.1447064154030002,205.5909090909091,15.011084059057799,146.91628808933825,10.726995468358123,12.409090909090908,5,-0.07119465997263319,0.22270445347345458,0.029715849608173528
6.0,-2.0,2.0,10.0,-66.6611791348398,136.8570261174159,393.15171560814235,0.0,0.7874671502162478,1.0611108812736403,10.883720930232556,5.042608071235215,8.57057270467916,3.9708882075130445,9.116279069767442,5,0.0,0.0,0.0
6.0,-2.0,2.0,11.0,-70.27934332928471,109.86407389085547,401.1637755277559,0.0,0.8658657672002967,0.9871139652025241,85.67816091954022,9.894972840531866,74.18578653690817,8.567718249993224,7.321839080459769,5,0.0,0.0,0.0
6.0,-2.0,2.0,12.0,-73.68571125732664,81.2563457159824,409.49614678965696,0.0,0.9498934288763636,0.9215168358568714,72.62790697674419,9.68372204722644,68.98877159025311,9.198503939725562,13.372093023255815,5,0.0,0.0,0.0
6.0,-2.0,2.0,13.0,-76.9220884404086,50.76270014381683,418.2642511099979,0.0,1.0395496079228783,0.8632045822796456,61.85714285714286,8.730663766055727,64.30356860437233,9.075958094909712,9.142857142857144,4,0.0,0.0,0.0
6.0,-2.0,2.0,14.0,-80.0227345014279,18.017377608493575,427.60878061667927,0.0,1.134651580308452,0.8111872238542301,23.613636363636363,5.932688894646437,26.793249816829128,6.731534829788983,7.386363636363637,4,0.0,0.0,0.0
6.0,-2.0,3.0,6.0,-41.24693967332482,196.76321745483432,383.2814419039748,0.0,0.6197162341344107,1.2836746894385929,1234.9550561797753,35.499215394847695,765.3216967409799,21.999440079221312,16.044943820224717,5,0.0320914803783694,-0.016042022735916817,-0.026156241917242085
6.0,-2.0,3.0,7.0,-46.49024980411053,177.74711993231546,390.9274038097716,0.0,0.6717700659996898,1.2018078045635312,15.325842696629213,5.656564114916701,10.29544235981547,3.7999104488090696,10.674157303370787,4,0.0,0.0,0.0
6.0,-2.0,3.0,8.0,-51.337824066086796,156.98561027258822,398.6828524727168,0.0,0.729875064027945,1.1243652872956489,122.48314606741575,12.16936928498532,89.3973940782992,8.882119186058368,16.51685393258427,5,0.0,0.0,0.0
6.0,-2.0,3.0,9.0,-55.83774264941701,134.54353382463432,406.6120277591133,0.0,0.79393250433369,1.0524339040960284,80.28888888888889,10.017195092982076,63.743958625724936,7.95297678657041,12.71111111111111,5,0.0,0.0,0.0
6.0,-2.0,3.0,10.0,-60.03778122023185,110.40571680393676,414.7922588945911,0.0,0.8639068845109156,0.9863704665081514,279.13483146067415,17.383445973537864,241.14650260567052,15.017678653062916,14.86516853932584,4,-0.18521423894242162,0.15704986116924147,-0.07462204904908276
6.0,-2.0,3.0,11.0,-63.98239833897648,84.47751230087148,423.3161987258083,0.0,0.9397788594703829,0.9260932388964114,42.03448275862069,7.524829731744276,39.50311826532403,7.071675903007463,8.96551724137931,4,0.0,0.0,0.0
6.0,-2.0,3.0,12.0,-67.71153508232925,56.58139658654264,432.2955724078349,0.0,1.021485777961191,0.8712815316601851,89.96551724137932,10.068662017154791,91.89849636899129,10.284995053621657,7.0344827586206895,5,0.0,0.0,0.0
6.0,-2.0,3.0,13.0,-71.26043013128702,26.447607572611474,441.8669097125607,0.0,1.108846474650497,0.8215023584172395,17.10344827586207,5.334076444464564,18.965098325056776,5.914671860960789,6.896551724137931,5,0.0,0.0,0.0
6.0,-2.0,4.0,6.0,-36.5098181119709,154.92863083434898,404.33190241410136,0.0,0.73562657760676,1.1163536357316677,27.808988764044948,7.406148048107808,20.457031231199228,5.448159341878533,17.191011235955052,4,0.0,0.0,0.0
6.0,-2.0,4.0,7.0,-41.550764544217486,137.96227405561783,412.261606824306,0.0,0.7839498310475213,1.0612436346244059,236.3076923076923,15.849887536233265,185.25337545984502,12.425516656152281,9.692307692307693,4,0.0,0.0,0.0
6.0,-2.0,4.0,8.0,-46.32199321208364,118.9728387367887,420.4004162467104,0.0,0.8386893602599187,1.0067794952114244,173.39325842696627,13.909716554242442,145.42308098349508,11.665931278274394,12.606741573033709,5,0.0,0.0,0.0
6.0,-2.0,4.0,9.0,-50.837580570866464,97.98522807806198,428.82367878116077,0.0,0.8997250507884444,0.9541533505866641,8.318181818181818,4.353871057095993,7.484076558831152,3.91728685797203,6.681818181818182,5,0.0,0.0,0.0
6.0,-2.0,4.0,10.0,-55.11804094828712,74.95778068762814,437.62273477996354,0.0,0.9669459790532802,0.9040976330180841,49.37931034482758,7.934382102095482,47.74712558635507,7.672118869893539,8.620689655172413,4,0.0,0.0,0.0
6.0,-2.0,4.0,11.0,-59.18703589573093,49.773907730122374,446.9086242858084,0.0,1.0402086359042508,0.8570011496495241,13.827586206896552,4.774073969869408,14.383574586124295,4.966032971903849,5.1724137931034475,5,0.0,0.0,0.0
6.0,-2.0,4.0,12.0,-63.069189556287654,22.230995121931215,456.8175938915897,0.0,1.119277979912663,0.8130123095846686,19.204545454545457,5.38050794093637,21.495224841504555,6.022284059035303,5.795454545454545,4,0.0,0.0,0.0
6.0,-2.0,5.0,7.0,-38.61591817251096,90.7520652857191,434.9080180858958,0.0,0.9206310062471842,0.9368530445601204,8.5,5.301157678023992,7.825363553101066,4.880410127394215,12.500000000000002,4,0.0,0.0,0.0
6.0,-2.0,5.0,8.0,-43.16243102020127,72.88434556989458,443.6789051439539,0.0,0.9725760472464731,0.898743407524658,16.500000000000004,5.4839361370785085,16.047504779566808,5.333544931551908,8.5,5,0.0,0.0,0.0
6.0,-2.0,5.0,9.0,-47.53933519237765,52.74603475641868,452.8693047989309,0.0,1.0308754522806058,0.860707680792152,29.269662921348313,6.228637877324589,30.17337700214582,6.420949888879099,5.730337078651686,4,0.0,0.0,0.0
6.0,-2.0,5.0,10.0,-51.75048401545013,30.238241811271763,462.5932461364323,0.0,1.0953237283153165,0.8234257109243168,2.494252873563219,3.2131624198226665,2.732014356832457,3.5194530413628273,4.505747126436782,5,0.0,0.0,0.0
6.0,-2.0,6.0,7.0,-37.22281562117385,35.26166718956458,459.9938488680487,0.0,1.0810885825815502,0.8314098209877753,13.266666666666667,4.530685501236111,14.342441862248567,4.8980723666541275,3.7333333333333334,5,0.0,0.0,0.0
6.0,-2.0,6.0,8.0,-41.493920264206565,17.745320282623567,469.72586405209586,0.0,1.130306295747697,0.8044267391617538,27.067415730337082,6.542423684168876,30.594470409620254,7.394942679664923,9.932584269662922,4,0.0,0.0,0.0
6.0,-1.0,0.0,3.0,-68.10964175468018,372.17283456048085,349.95605007111106,0.0,0.20588285353574098,3.354287320693612,5178.166666666666,72.39634991822088,1066.0957294169893,14.905167106735323,40.83333333333333,5,0.8038347313006398,-0.17010474850326318,-0.14560730309109715
6.0,-1.0,0.0,4.0,-72.1834982861028,344.2966075501155,358.15487194470995,0.0,0.26344135909421723,2.7225925012406935,480.6860465116279,22.663810875888984,126.63258539064938,5.970585139398496,21.313953488372093,5,0.7521956827101235,-0.10194996771269871,-0.06494747081357843
6.0,-1.0,0.0,5.0,-75.44173691203103,316.7851310842531,366.07784563099517,0.0,0.32319311420019675,2.26980168104639,-3.172413793103448,2.284090546827443,-1.025302293324762,0.7382023369443915,5.172413793103448,4,0.0,0.0,0.0
6.0,-1.0,0.0,6.0,-78.25096642885448,289.52413592351644,373.80566755332745,0.0,0.38540414140312906,1.9372569411979115,-0.9767441860465116,3.2615398155827706,-0.376441254393754,1.2570109522767976,6.976744186046512,5,0.0,0.0,0.0
6.0,-1.0,0.0,7.0,-80.79020832400109,262.35340437988845,381.4170369136226,0.0,0.4504447364192399,1.6855547751840692,-3.045454545454545,3.5966582285815174,-1.3718089700040486,1.6200957677634917,10.045454545454545,5,0.0,0.0,0.0
6.0,-1.0,0.0,8.0,-83.15744843488649,235.09144869408956,388.9897564034901,0.0,0.5187347921961337,1.4896162852090697,128.06976744186045,12.049420947064041,66.43424420056066,6.2504538710590065,10.930232558139535,5,0.0,0.0,0.0
6.0,-1.0,0.0,9.0,-85.4111787248877,207.54072186468048,396.6028364513894,0.0,0.5907177429957929,1.3333193145447004,60.42857142857142,8.596392219045933,35.69622932674577,5.0780414095414095,8.571428571428573,4,0.0,0.0,0.0
6.0,-1.0,0.0,10.0,-87.58885013995261,179.48551012552258,404.3391051450038,0.0,0.6668405348871813,1.2060228136258189,234.04597701149427,15.910529006933936,156.07134449853777,10.60978567332184,11.954022988505747,4,0.0,0.0,0.0
6.0,-1.0,1.0,3.0,-41.73648249282377,351.86478938103835,371.56004301295843,0.0,0.24753188342276355,2.926037603688835,67.45454545454547,8.692758456714236,16.697150681790053,2.15173487292963,4.545454545454546,5,0.0,0.0,0.0
6.0,-1.0,1.0,4.0,-50.148782271505695,329.2647487312569,379.3525751987047,0.0,0.2957263965583575,2.4781474909716636,-0.5813953488372093,1.5249857033260468,-0.17193395148741714,0.4509785268476242,0.5813953488372093,4,0.0,0.0,0.0
6.0,-1.0,1.0,5.0,-56.72713234931666,305.3337931181838,387.0079658433345,0.0,0.34896083967454017,2.12222176254728,-4.384615384615385,2.720579968997275,-1.5300590662652918,0.9493758703830236,7.384615384615385,5,0.0,0.0,0.0
6.0,-1.0,1.0,6.0,-62.08617925084906,280.58773588881786,394.5782981770328,0.0,0.4064495372318239,1.8430336717137428,-0.17977528089887618,3.574799930925249,-0.07306957972706937,1.4529757776209236,8.179775280898877,4,0.0,0.0,0.0
6.0,-1.0,1.0,7.0,-66.61795942204094,255.23664602103128,402.1272069877465,0.0,0.46793730742948203,1.6223744477084605,942.4137931034483,31.168382915054114,440.9905728292325,14.584849178201493,18.586206896551722,5,0.32389715501739147,0.04453012794044753,-0.06063791043277433
6.0,-1.0,1.0,8.0,-70.57350622125495,229.32246999494436,409.7252775759779,0.0,0.5334591784667853,1.4454593241470854,505.4651162790698,22.988051544035624,269.6450056738506,12.263187091233359,14.534883720930232,4,0.22815829541417543,0.0790877931186742,-0.049798163327906764
6.0,-1.0,1.0,9.0,-74.1175592911565,202.78703704990022,417.44935072075924,0.0,0.6032104402252337,1.3013668365093305,459.4705882352941,21.930765547710607,277.1574557999588,13.228866740510904,13.529411764705882,4,0.0,0.0,0.0
6.0,-1.0,1.0,10.0,-77.36157934950012,175.5041848790371,425.3838422000044,0.0,0.6774693166502034,1.1822160527498975,183.56179775280899,14.312635463017816,124.35748568667834,9.696371366594148,13.438202247191011,4,0.0,0.0,0.0
6.0,-1.0,1.0,11.0,-80.38338508887924,147.29282360710764,433.6233914589002,0.0,0.756541316200738,1.0823121594735612,9.465116279069766,5.6965352444480235,7.160751527760472,4.3096642716186,14.534883720930234,4,0.0,0.0,0.0
6.0,-1.0,1.0,12.0,-83.23900371433581,117.91872571733686,442.27674094989254,0.0,0.8407079656136058,0.9974948920505432,9.5,4.80349409862816,7.986725673329255,4.038335751494642,8.5,5,0.0,0.0,0.0
6.0,-1.0,1.0,13.0,-85.97000109783704,87.08824264412986,451.4721004743519,0.0,0.9301686688663574,0.9246809795565881,121.06976744186048,11.424393455206356,112.61530442135482,10.626612852834823,5.930232558139535,4,0.0,0.0,0.0
6.0,-1.0,2.0,5.0,-43.176069628397556,278.23942405843246,407.75815883980135,0.0,0.4119990755259552,1.8081952660361682,253.9333333333333,16.85278304305542,104.62029857855755,6.943331033778327,19.066666666666666,5,0.0,0.0,0.0
6.0,-1.0,2.0,6.0,-49.57112901677846,257.3443377335875,415.31331262261074,0.0,0.46265096842540504,1.6260246191693373,54.30232558139535,8.895310837432135,25.123023517984205,4.115424173382978,15.69767441860465,4,0.0,0.0,0.0
6.0,-1.0,2.0,7.0,-55.13831046430501,235.00641312885625,422.9355548311648,0.0,0.5187214379535148,1.4684368035187938,228.0697674418605,15.651629282242494,118.30467772116559,8.118835647600164,10.930232558139535,4,0.0,0.0,0.0
6.0,-1.0,2.0,8.0,-60.055735652450934,211.43962648378601,430.6940866732781,0.0,0.5799372344481557,1.333386587147706,-5.551724137931034,3.3444720749568937,-3.2196515429707953,1.9395838858395857,10.551724137931032,4,0.0,0.0,0.0
6.0,-1.0,2.0,9.0,-64.46600386833998,186.72408061403715,438.6678541707664,0.0,0.6462327077294538,1.2177761255242576,528.8139534883721,23.646451704313584,341.7368730479082,15.281110513072326,19.186046511627907,4,0.0,0.0,0.0
6.0,-1.0,2.0,10.0,-68.4800998521539,160.83766411066193,446.946772930132,0.0,0.7176716399166333,1.1184910625663067,7.534090909090909,4.719193817725248,5.407003378008271,3.3868315662513164,9.46590909090909,4,0.0,0.0,0.0
6.0,-1.0,2.0,11.0,-72.18375917609136,133.67439501536683,455.6345192020627,0.0,0.7943799524392818,1.032774422615411,8.528735632183906,4.558800954000435,6.77505660586146,3.621420085019018,7.471264367816091,5,0.0,0.0,0.0
6.0,-1.0,2.0,12.0,-75.64344964914113,105.05170385359662,464.8528970939527,0.0,0.8764811212790297,0.9583122585914045,36.31818181818182,6.852458915004028,31.83220072281567,6.006050873341213,6.681818181818182,4,0.0,0.0,0.0
6.0,-1.0,2.0,13.0,-78.91121839865592,74.70824201609287,474.7481182322929,0.0,0.9640255874041527,0.8932077278804178,70.65168539325843,9.244562543688243,68.11003251232935,8.911994836473486,9.348314606741573,4,0.0,0.0,0.0
6.0,-1.0,2.0,14.0,-82.02840170079565,42.29246202210763,485.4997033781416,0.0,1.0569057572473557,0.8359204131547405,42.139534883720934,7.399516158008836,44.537517026330434,7.820591228244373,7.8604651162790695,4,0.0,0.0,0.0
6.0,-1.0,3.0,6.0,-41.10343992492355,223.51533815756562,436.2747383197096,0.0,0.5481580866058909,1.3895213432461697,138.1818181818182,12.539890070299922,75.74548105826857,6.873842147183817,11.818181818181817,5,0.092207505674196,0.3377978615459938,-0.14656007507645086
6.0,-1.0,3.0,7.0,-46.86814064120847,204.2085946410205,444.1588398975249,0.0,0.5988571664046475,1.28727748682555,334.7640449438202,18.769984930767116,200.47584736921422,11.240539989097128,11.235955056179776,4,-0.07285443559578653,0.2237789597235178,-0.04210906664564362
6.0,-1.0,3.0,8.0,-52.11391056823628,183.15592364284686,452.26765239822146,0.0,0.6555408285554082,1.1933751803857735,73.0909090909091,9.749920533687602,47.91407510532256,6.391470985002958,13.90909090909091,4,0.0,0.0,0.0
6.0,-1.0,3.0,9.0,-56.914695102983075,160.47139033831817,460.68748183204275,0.0,0.7180369163172552,1.108346148349372,582.7954545454545,24.598186202702223,418.46865102553124,17.66240576798596,14.204545454545457,4,-0.11621002921685886,0.28511404660633843,-0.07067267034262414
6.0,-1.0,3.0,10.0,-61.34058694433838,136.1748048937469,469.51913829471226,0.0,0.7862705850749696,1.031925741765882,34.65909090909091,7.662664394310553,27.251423687257468,6.0249276165476955,15.34090909090909,5,0.0,0.0,0.0
6.0,-1.0,3.0,11.0,-65.45409161295525,110.19764872547903,478.881434858307,0.0,0.8602122304011414,0.9634644048546819,81.9090909090909,9.806390225572219,70.45920178103894,8.43557680812343,9.09090909090909,4,0.0,0.0,0.0
6.0,-1.0,3.0,12.0,-69.30923924232617,82.38412880866449,488.9165982823534,0.0,0.9398157905897384,0.9021672590645642,70.62068965517241,9.273985196606299,66.37043928026843,8.71583772946608,9.379310344827585,5,0.0,0.0,0.0
6.0,-1.0,3.0,13.0,-72.95206597197203,52.485443288333954,499.7981483009339,0.0,1.0249441857646782,0.847223061552515,75.07142857142857,9.4506415576055,76.94402423133405,9.6863801162138,8.928571428571427,4,0.0,0.0,0.0
6.0,-1.0,3.0,14.0,-76.42164532590581,20.14532234420264,511.74224320473456,0.0,1.1152768063526284,0.7978676071538636,27.363636363636363,5.911196740155621,30.51802897383101,6.592620622082828,4.636363636363637,4,0.0,0.0,0.0
6.0,-1.0,4.0,6.0,-35.9372055920316,181.91464333871497,458.06228967921595,0.0,0.6587124419478199,1.1838520697267403,58.04545454545454,8.999282570119659,38.23526310760754,5.927939397541973,14.954545454545453,4,0.0,0.0,0.0
6.0,-1.0,4.0,7.0,-41.46029992272241,165.01772968144337,466.4155305532378,0.0,0.7050209214736862,1.1186865095735978,424.70786516853934,21.216806657383096,299.42793045824567,14.95829258031727,16.29213483146067,4,0.003261832625440775,0.2501932321824256,-0.07507053035684663
6.0,-1.0,4.0,8.0,-46.63165316077095,146.0581324293365,475.0971692209598,0.0,0.7577522992501857,1.055395003864199,55.73563218390805,8.458434739682925,42.23380343751898,6.409398372052383,10.264367816091953,4,0.0,0.0,0.0
6.0,-1.0,4.0,9.0,-51.474468625600764,125.10710915782053,484.20584175290105,0.0,0.8167250213502972,0.9952060277543359,1.909090909090909,4.020608070453815,1.559202313486931,3.2837312121825697,9.090909090909092,4,0.0,0.0,0.0
6.0,-1.0,4.0,10.0,-56.019926062237744,102.16219535481142,493.85935481088137,0.0,0.8817910086929225,0.9387710088974851,40.114942528735625,7.241616489456431,35.3729956360724,6.385592308805087,7.885057471264368,4,0.0,0.0,0.0
6.0,-1.0,4.0,11.0,-60.302241912107334,77.14055060839047,504.19951033246485,0.0,0.9527955805960608,0.8863434027824236,254.48275862068965,16.700836949557214,242.4700477516872,15.912483637793512,15.517241379310343,5,0.0,0.0,0.0
6.0,-1.0,4.0,12.0,-64.3556338721473,49.870219841913155,515.3993332840106,0.0,1.029520371983948,0.8379209419263239,33.764044943820224,7.163262825083594,34.76077211024454,7.3747250082988485,11.235955056179774,4,0.0,0.0,0.0
6.0,-1.0,4.0,13.0,-68.21266731210866,20.076231049788476,527.6736333744487,0.0,1.1116074315259217,0.7933485786209398,17.98876404494382,5.039377074382898,19.99644379632585,5.601809006145387,4.011235955056179,5,0.0,0.0,0.0
6.0,-1.0,5.0,7.0,-38.299852556448826,118.36241454285904,490.65086511058934,0.0,0.8354439096175695,0.9756459337232654,181.82758620689657,14.522640489987586,151.90674949701534,12.132851548925645,18.172413793103445,5,0.0,0.0,0.0
6.0,-1.0,5.0,8.0,-43.20890895404008,100.80857659514803,500.1768134799248,0.0,0.8848981491408824,0.932802124441729,3.3793103448275854,3.965046448814995,2.9903454695105673,3.5086622638140175,7.620689655172414,5,0.0,0.0,0.0
6.0,-1.0,5.0,9.0,-47.899456495141635,80.98363215941517,510.2841674501424,0.0,0.9406992348691863,0.8904640826684507,75.29213483146069,9.340431258995876,70.82725362762268,8.78653653868565,7.707865168539325,4,0.0,0.0,0.0
6.0,-1.0,5.0,10.0,-52.378848262855854,58.824322584960015,521.1172138239547,0.0,1.0026248224402974,0.8493507508375877,14.977011494252874,4.669143219197075,15.016323490111581,4.681398891095785,4.022988505747126,4,0.0,0.0,0.0
6.0,-1.0,5.0,11.0,-56.660714646311575,34.19125259438076,532.8532227611158,0.0,1.0703808080032184,0.809932291448725,56.95402298850574,8.35874049962817,60.96249314547065,8.947035409881225,8.045977011494251,5,0.0,0.0,0.0
6.0,-1.0,6.0,7.0,-36.8332549495901,63.72903842988825,518.2422411778967,0.0,0.9890778676413661,0.8581525066531032,48.48888888888889,7.806448742886143,47.95928682652135,7.721185676465449,7.511111111111112,5,0.0,0.0,0.0
6.0,-1.0,6.0,8.0,-41.420481837081184,46.77266237303033,528.9832546022956,0.0,1.03548068718557,0.8285606816633022,52.1,7.758951819242941,53.9485438023682,8.034244761629408,4.9,4,0.0,0.0,0.0
6.0,-1.0,6.0,9.0,-45.8749141758764,27.26180832001114,540.5248332386581,0.0,1.0879925525398795,0.79846121531602,1.5294117647058818,3.43601926270829,1.663988609766874,3.7383633682101873,6.470588235294118,4,0.0,0.0,0.0
6.0,0.0,0.0,4.0,-81.77571312953908,362.1601808507004,412.3408345939743,0.0,0.22621799028078776,3.08145525756356,35200.96666666667,187.9572262215233,7963.091935274334,42.51930597458439,81.03333333333335,5,0.0,0.0,0.0
6.0,0.0,0.0,5.0,-83.50877339141184,333.8027762087793,419.721878826471,0.0,0.2858530168777786,2.4651642060508476,11.829545454545457,5.572551624845682,3.3815112564746315,1.592930693669305,12.170454545454543,4,0.0,0.0,0.0
6.0,0.0,0.0,6.0,-85.24981840108788,305.9035358312332,427.08992469867167,0.0,0.34757548881982864,2.0543035050423732,408.06976744186045,21.004017231457976,141.83504889119843,7.30048155640411,20.930232558139537,5,0.5581932699010963,0.030893145194568206,-0.014431908701467933
6.0,0.0,0.0,7.0,-87.00059242083373,278.2441892072191,434.5230120382089,0.0,0.4118321369450353,1.7608315757506054,-2.3529411764705883,4.15529012057632,-0.9690167928118477,1.7112820099835393,12.352941176470587,4,0.0,0.0,0.0
6.0,0.0,1.0,4.0,-55.366706739694905,354.27892081794823,433.7149259558668,0.0,0.24245880570145317,2.7391218496406817,10125.921348314607,100.9149676866323,2455.118796739208,24.467722542701605,37.078651685393254,4,0.7301188247763548,-0.08350733916302033,-0.06564945130582345
6.0,0.0,1.0,5.0,-62.09786373225435,328.60560706629155,441.0011456244202,0.0,0.29705985243635635,2.2790331630526746,1510.411111111111,39.36917231026151,448.68250178489967,11.695000517027772,25.58888888888889,4,0.6436915944554471,-0.033651174148189966,-0.050100554331166336
6.0,0.0,1.0,6.0,-67.32753308316141,302.4459543644383,448.3342598522027,0.0,0.3553247270699026,1.9427887325674598,154.49425287356323,13.915714614240862,54.89562823616737,4.9445974972877895,24.50574712643678,5,0.0,0.0,0.0
6.0,0.0,1.0,7.0,-71.63361734675526,275.9672282712486,455.7986659780908,0.0,0.4170482734284695,1.6890643970377437,65.43820224719101,9.130470095019254,27.290889263454005,3.8078467887180536,11.561797752808989,4,0.0,0.0,0.0
6.0,0.0,1.0,8.0,-75.34133857748516,249.1610554285278,463.4794968122555,0.0,0.4823300485181928,1.4919473497377542,1023.6744186046512,32.66323569286313,493.7489319924142,15.754460056499841,27.325581395348834,5,0.0,0.0,0.0
6.0,0.0,1.0,9.0,-78.64487955939319,221.92745367840269,471.46690843684826,0.0,0.5514175930648935,1.3349258645338775,4.918604651162791,4.58022945854409,2.7122051379819765,2.5256191037153024,10.081395348837209,4,0.0,0.0,0.0
6.0,0.0,1.0,10.0,-81.66665659854579,194.10855103047624,479.8602148917432,0.0,0.6246266227880934,1.207163829261799,85.98876404494382,10.17850266123136,53.710871283115495,6.357763742324566,11.01123595505618,5,0.0,0.0,0.0
6.0,0.0,1.0,11.0,-84.48765946628458,165.50005832902184,488.77250061659095,0.0,0.702288624525431,1.1013250026887278,122.6279069767442,11.990599346485538,86.12018411913019,8.42086152227886,13.372093023255813,4,0.0,0.0,0.0
6.0,0.0,1.0,12.0,-87.16383966892026,135.85116734289772,498.3362775629864,0.0,0.7847038534550373,1.0122953798142926,53.15384615384615,8.102768098830317,41.71002790287929,6.358273350804697,7.846153846153846,5,0.0,0.0,0.0
6.0,0.0,2.0,4.0,-37.475692783441474,324.01927306402064,454.5848114358248,0.0,0.3070238536354675,2.146021263714448,262.06896551724145,17.050436942223193,80.46142371136392,5.234890856169902,17.93103448275862,4,0.559005991850313,0.0895237897504444,-0.04888146215159139
6.0,0.0,2.0,5.0,-45.87572527718453,303.98175453410556,462.0541107452482,0.0,0.35172258128915573,1.902126281053843,409.5714285714286,20.74882178443337,144.05552007942995,7.297829156729572,13.428571428571427,4,0.0,0.0,0.0
6.0,0.0,2.0,6.0,-52.81775765346683,282.0289141842362,469.60433892506296,0.0,0.4024855577623052,1.6931967679670568,115.08988764044942,12.03478839870233,46.32201761976732,4.843828521203028,18.910112359550563,5,0.0,0.0,0.0
6.0,0.0,2.0,7.0,-58.66813330400514,258.68856655462207,477.3317637201219,0.0,0.4584947658839423,1.5172622471599382,672.9545454545453,26.451557938151243,308.5461367687165,12.127900864118189,17.045454545454543,5,0.37776650070179585,0.09867831490720391,-0.032200307337639344
6.0,0.0,2.0,8.0,-63.710570530373005,234.23284083854207,485.33460796924203,0.0,0.5193606237636336,1.369560924820341,11.820224719101123,5.70547592213333,6.1389592831386794,2.963199533787559,13.179775280898877,5,0.0,0.0,0.0
6.0,0.0,2.0,9.0,-68.15315303621888,208.76167465553254,493.71659701520935,0.0,0.5849664463155753,1.2451015383933546,507.375,23.117382037608138,296.797350699365,13.522892818659145,17.625,5,0.1934010362641061,0.21235462509423542,-0.05095999183049571
6.0,0.0,2.0,10.0,-72.14648952759568,182.2553093467761,502.59165435312093,0.0,0.6553561557898984,1.1395165815263373,392.7303370786517,20.55745947971364,257.37824396993614,13.472457617431735,19.269662921348313,5,-0.01416933512172136,0.4214833276545278,-0.004977866587722701
6.0,0.0,2.0,11.0,-75.80015800416027,154.60309327969443,512.0895327879997,0.0,0.7306503917457664,1.0492308892663178,-1.3103448275862057,4.268068537038842,-0.9574039615979,3.11846594858521,12.310344827586206,5,0.0,0.0,0.0
6.0,0.0,2.0,12.0,-79.19500669625673,125.61574898285343,522.3627710914748,0.0,0.8109748969479792,0.97139436628373,52.64367816091954,8.413541859197105,42.69270147151431,6.823171242229882,11.356321839080458,5,0.0,0.0,0.0
6.0,0.0,2.0,13.0,-82.39180086250477,95.02541386012196,533.5957286778114,0.0,0.8963880736668806,0.9037547080770472,189.53932584269663,14.407197944326095,169.90079117625402,12.91444041225191,11.46067415730337,4,0.0,0.0,0.0
6.0,0.0,2.0,14.0,-85.43719318002213,62.475065370657575,546.0168602626306,0.0,0.9867971196002884,0.8445321985188716,5.545454545454547,3.7983467478008013,5.472238572328873,3.7481976299729536,5.454545454545453,4,0.0,0.0,0.0
6.0,0.0,3.0,5.0,-35.89376107570607,266.7923401476212,483.31173232928086,0.0,0.43864585208093365,1.5501890018409188,538.953488372093,23.588607217920714,236.4097121389683,10.347044712507293,11.046511627906977,4,0.4045318722147613,0.23272694975787545,-0.0669198321711022
6.0,0.0,3.0,6.0,-42.93858043821322,249.0383363420284,491.30309130194286,0.0,0.4819621240339664,1.4306808424762987,132.15384615384616,12.262899258529854,63.693148391565714,5.9102529734556,11.846153846153847,4,0.0,0.0,0.0
6.0,0.0,3.0,7.0,-49.19015067211916,229.20056642836337,499.533981940092,0.0,0.5316812997927401,1.3197425160803475,519.7058823529411,23.323733401674517,276.31789903934464,12.400792891021656,15.294117647058824,5,0.0,0.0,0.0
6.0,0.0,3.0,8.0,-54.766161258512,207.58516496696825,508.1108707691726,0.0,0.5873230154287827,1.2190606905668855,157.75862068965517,13.59811893918075,92.65526881333383,7.986488219518878,17.241379310344826,5,0.0,0.0,0.0
6.0,0.0,3.0,9.0,-59.7831933833605,184.36375394694682,517.1514829705778,0.0,0.6486015816592694,1.1287978453113707,168.24719101123597,13.77972507448508,109.12539419961686,8.937551478140916,13.752808988764047,5,0.0,0.0,0.0
6.0,0.0,3.0,10.0,-64.34474212074204,159.59079188832666,526.7883903272045,0.0,0.7153688184643927,1.0483439057018207,41.172413793103445,7.724086617235137,29.453461008499477,5.525570717088128,11.827586206896552,5,0.0,0.0,0.0
6.0,0.0,3.0,11.0,-68.53807009194018,133.2176509476576,537.1747871590986,0.0,0.7875495897093859,0.9767639272504728,316.953488372093,18.287219320644166,249.61658972440046,14.402092072898869,11.046511627906975,4,-0.023043037434518965,0.3764650647962071,-0.03901352650788681
6.0,0.0,3.0,12.0,-72.43504244205465,105.09946236499128,548.4925975961306,0.0,0.8650720333258093,0.9130406165468942,19.767441860465116,5.204391372862476,17.100261123882277,4.5021734271454426,4.232558139534883,4,0.0,0.0,0.0
6.0,0.0,3.0,13.0,-76.09437757430449,74.99311295199047,560.9636372170789,0.0,0.9477888895981035,0.8561942729310805,11.321428571428573,3.8863619908353266,10.73032421437853,3.683450715870089,1.6785714285714286,4,0.0,0.0,0.0
6.0,0.0,3.0,14.0,-79.5641384443031,42.5449542769104,574.8652277076917,0.0,1.0353840536703505,0.8053347297853166,0.40229885057471293,2.908863634992384,0.41653381469496886,3.0117910219726856,4.597701149425287,4,0.0,0.0,0.0
6.0,0.0,4.0,6.0,-36.97871717161297,207.40710827518177,514.2806297901725,0.0,0.5874390838544826,1.2089606381596036,231.81818181818184,15.949299836960122,136.17906034808462,9.369242084344304,14.181818181818183,4,0.06511394704043028,0.37655178164322933,-0.11545627012144166
6.0,0.0,4.0,7.0,-42.998264678682034,190.4279589275568,523.237210735663,0.0,0.6318493130776516,1.1397655319918494,173.76470588235296,13.669099848104096,109.79311004890488,8.636811349414405,8.235294117647058,4,0.0,0.0,0.0
6.0,0.0,4.0,8.0,-48.557251458603616,171.28926456548714,532.6476040320622,0.0,0.6827133771540378,1.073010631857224,230.1011235955056,15.922862757340223,157.09311517682627,10.870751407023997,14.89887640449438,4,0.08395505821602,0.26632246697056416,-0.03247071477426289
6.0,0.0,4.0,9.0,-53.69583731206393,150.11695253326252,542.643939883784,0.0,0.7397426793956696,1.0099110853449575,134.93333333333334,12.222711101333724,99.81594553978903,9.041661059579805,9.066666666666666,5,0.0,0.0,0.0
6.0,0.0,4.0,10.0,-58.462876896774105,126.95015391879313,553.3810412664923,0.0,0.8027061503412004,0.9510631405269215,100.3448275862069,11.117147257238257,80.54741025837563,8.923802477633956,14.655172413793103,4,0.0,0.0,0.0
6.0,0.0,4.0,11.0,-62.90870603664814,101.73642132184808,565.042982402801,0.0,0.8713885764837426,0.8966498859089826,8.000000000000002,4.332347027793453,6.971108611869942,3.77515770938251,7.0,4,0.0,0.0,0.0
6.0,0.0,4.0,12.0,-67.08122401780417,74.32539027174157,577.8530071141345,0.0,0.945531416834713,0.8465983839835284,208.23333333333335,15.003369991808878,196.89115869888175,14.186157685650464,10.766666666666666,4,0.0,0.0,0.0
6.0,0.0,4.0,13.0,-71.02413940547613,44.45699383697092,592.0879477851478,0.0,1.0247556974497751,0.8006896559671507,44.53488372093023,7.815649040846942,45.637375828286494,8.009130883875775,10.465116279069768,4,0.0,0.0,0.0
6.0,0.0,4.0,14.0,-74.7764940582772,11.740342071588913,608.099176834492,0.0,1.108464632143051,0.7586311235799691,4.842696629213483,3.714287254217499,5.367957937681516,4.117156054919823,5.157303370786516,5,0.0,0.0,0.0
6.0,0.0,5.0,7.0,-39.391276916225166,143.9089715780354,549.6665247866562,0.0,0.7560134322105011,0.989514106172625,18.707865168539325,4.838410731507487,14.1433973553987,3.6579035035710965,2.292134831460674,4,0.0,0.0,0.0
6.0,0.0,5.0,8.0,-44.67309170881265,126.50008540818106,560.2181243710871,0.0,0.802846095391061,0.9448802367784956,12.697674418604649,5.281579159755914,10.194278327523703,4.240295205908836,9.30232558139535,5,0.0,0.0,0.0
6.0,0.0,5.0,9.0,-49.67332138268566,106.75606085517028,571.538244945372,0.0,0.8559743854408582,0.9009357370406544,44.11764705882353,7.36821942123376,37.763575828273154,6.307007090883964,5.88235294117647,5,0.0,0.0,0.0
6.0,0.0,5.0,10.0,-54.4060921816465,84.6479329211457,583.8140988282437,0.0,0.9151089523271387,0.8584085054857793,54.77777777777778,8.139979069952162,50.127634833031046,7.44896771866876,7.222222222222222,4,0.0,0.0,0.0
6.0,0.0,5.0,11.0,-58.893061793751855,60.06500787958868,597.2750437224283,0.0,0.9799027495203031,0.8177622629191142,18.692307692307693,5.055420665632968,18.31664370257182,4.953820610235506,4.307692307692308,4,0.0,0.0,0.0
6.0,0.0,5.0,12.0,-63.15979803778767,32.797189517964654,612.2064730940282,0.0,1.0498940214068566,0.7792585765475576,4.157303370786517,3.698645671124802,4.364727954163336,3.8831859774162805,5.842696629213483,5,0.0,0.0,0.0
6.0,0.0,6.0,7.0,-37.70030867979929,89.48810073494633,580.5652418791584,0.0,0.9023543728233218,0.8675302918330705,55.17021276595745,8.755028303641026,49.783082738954754,7.900138073982429,13.829787234042554,5,0.0,0.0,0.0
6.0,0.0,6.0,8.0,-42.62231837858417,72.92656935036622,592.693809115131,0.0,0.9454903647636888,0.836978199740813,32.63333333333334,6.646385818205594,30.85450223678838,6.284093751615416,7.366666666666666,4,0.0,0.0,0.0
6.0,0.0,6.0,9.0,-47.371007818674,53.751388695981035,605.8649190315937,0.0,0.9946707916537225,0.805973758773069,2.3636363636363638,3.193354087879782,2.351040052999708,3.1763360386220336,4.636363636363637,4,0.0,0.0,0.0
6.0,0.0,6.0,10.0,-51.94373619561969,31.83727140578023,620.3201399461699,0.0,1.0494955567168585,0.7750945009204595,42.97752808988764,7.473504771963995,45.10472476901105,7.843410051278451,8.02247191011236,4,0.0,0.0,0.0
6.0,0.0,7.0,7.0,-37.43375716324314,25.203150985599706,618.586064088596,0.0,1.0680916485161105,0.7687760594912022,2.4942528735632186,3.1260932028927337,2.664090663540184,3.3389540424927078,4.505747126436781,4,0.0,0.0,0.0
6.0,1.0,1.0,5.0,-72.99261649285991,350.54930541215185,498.26330126129096,0.0,0.249981398248302,2.1195734740526553,2438.5882352941176,49.69324587024989,609.6016968106828,12.422387086141727,19.411764705882355,4,0.7681337618334396,0.05292628406982658,0.028504405923683862
6.0,1.0,1.0,6.0,-76.97622129984815,322.70820781853024,505.3496892128511,0.0,0.3094828933212398,1.8410043460722443,86.69767441860465,10.070170248133477,26.8314471232926,3.1165454246298157,9.30232558139535,4,0.0,0.0,0.0
6.0,1.0,1.0,7.0,-80.2771733278278,294.91416004902726,512.771676996521,0.0,0.37176224509269107,1.6207891406096517,-3.344827586206896,3.5979582002107433,-1.2434806128962423,1.337585018260004,10.344827586206895,5,0.0,0.0,0.0
6.0,1.0,1.0,8.0,-83.17593850301826,267.0556129196943,520.6233567585903,0.0,0.43705518558390305,1.4441959088256129,656.2413793103449,26.191533609509655,286.8136978223193,11.447145582431276,18.75862068965517,5,0.48810905339990995,0.30867061927153827,-0.006177380861856818
6.0,1.0,1.0,9.0,-85.82246645908472,238.96353979410122,529.0064122784795,0.0,0.5056867448409088,1.3003410443139387,571.0689655172414,24.549617305962293,288.782006252079,12.414416062542113,19.931034482758623,5,0.34134400515770835,0.40571301623231193,0.03834722702006843
6.0,1.0,2.0,4.0,-43.658291448353026,351.5526793713519,513.0834155157286,0.0,0.24778133187396922,2.011337295993989,922.9772727272727,30.918355897507855,228.69653792576736,7.660991403637888,21.022727272727273,5,0.0,0.0,0.0
6.0,1.0,2.0,5.0,-52.725146581368435,330.0868142657141,520.5053381283642,0.0,0.29323932753273024,1.8063082147775933,1970.0,44.68742012290908,577.6814752394786,13.104109026014456,17.0,5,0.6074690580616107,0.04702948371777893,0.030517775186410745
6.0,1.0,2.0,6.0,-59.78237384364607,306.6301958622662,528.0832870955987,0.0,0.34482923216606987,1.6244500369223709,54.10112359550561,8.805541345601204,18.655648908759844,3.036408061010245,14.89887640449438,5,0.0,0.0,0.0
6.0,1.0,2.0,7.0,-65.48890602496051,281.89236876923826,535.9758634636642,0.0,0.40139554115620374,1.467128023801155,-7.344827586206897,3.1825799130412076,-2.948181043664531,1.2774733864680394,11.344827586206897,4,0.0,0.0,0.0
6.0,1.0,2.0,8.0,-70.27974947424937,256.2004703769554,544.3223004733688,0.0,0.46241967147306284,1.3322950909293003,8.153846153846155,4.544760814764875,3.770498859703436,2.101586802887223,7.846153846153846,5,0.0,0.0,0.0
6.0,1.0,2.0,9.0,-74.43679221669444,229.65762881871962,553.258286959912,0.0,0.5277392674385484,1.2168595929723258,581.1395348837209,24.653652792189572,306.6901524191136,13.010700664234447,16.86046511627907,4,0.24459847601647766,0.2764021180433929,0.028823758508110586
6.0,1.0,2.0,10.0,-78.14540964040506,202.22827897883514,562.9281730676961,0.0,0.5973799776214339,1.1177150265094702,14.804597701149426,4.972333816267137,8.843970243406975,2.9703726638879617,6.195402298850575,4,0.0,0.0,0.0
6.0,1.0,2.0,11.0,-81.53077566259354,173.78003420680437,573.4955572298045,0.0,0.6714481156427877,1.0321115985339815,17.352941176470587,5.4851166979665456,11.651599653801316,3.682971270930427,7.647058823529412,4,0.0,0.0,0.0
6.0,1.0,2.0,12.0,-84.68000933080742,144.10047775098806,585.1542564260451,0.0,0.7500495279479693,0.9577412633040869,39.9438202247191,7.040648655716731,29.95984350398911,5.2808352006678385,6.056179775280899,5,0.0,0.0,0.0
6.0,1.0,2.0,13.0,-87.6556755149139,112.89799026340454,598.1414929861999,0.0,0.8332135213477885,0.8927118162813468,100.49438202247191,10.493344750604717,83.73327792061372,8.743196730367687,5.50561797752809,5,0.0,0.0,0.0
6.0,1.0,3.0,5.0,-39.9553522960216,293.3162139745674,542.8306811612038,0.0,0.37472435916104685,1.4969215708711328,2.466666666666667,3.2254887657187368,0.9243200859305822,1.2086692107151096,4.533333333333333,4,0.0,0.0,0.0
6.0,1.0,3.0,6.0,-47.63005256942458,274.94596322692456,551.2422581641306,0.0,0.4172054450792598,1.3884256638297683,174.2888888888889,13.701923808333731,72.71427346125854,5.71651722089798,8.711111111111112,4,0.0,0.0,0.0
6.0,1.0,3.0,7.0,-54.22825941269895,254.29798049591997,559.9817439244041,0.0,0.46629272239855146,1.286305915682877,408.38888888888886,20.72222222222222,190.42876679731953,9.662621414147761,13.61111111111111,5,0.0,0.0,0.0
6.0,1.0,3.0,8.0,-59.960760313674086,231.8098898470168,569.209681916734,0.0,0.5212480945541088,1.1925210888357225,89.36363636363636,10.309467685915804,46.58062517697172,5.373790387150771,10.636363636363637,4,0.0,0.0,0.0
6.0,1.0,3.0,9.0,-65.01416098566486,207.72831697938338,579.0919364258858,0.0,0.5816175645130265,1.1075978191601425,761.8314606741574,28.027159172963877,443.0945587267049,16.30108805839818,15.168539325842698,4,0.12916500208325488,0.5052206499635759,-0.008619588640144116
6.0,1.0,3.0,10.0,-69.53995467233734,182.1452980553067,589.8074237167812,0.0,0.6471415080765961,1.0312700346452897,55.40229885057471,7.914692475543717,35.853127229071184,5.121926024585848,4.597701149425287,4,0.0,0.0,0.0
6.0,1.0,3.0,11.0,-73.65679820696815,155.0265823845805,601.5584991635947,0.0,0.7176651119190255,0.9628886210007742,82.47674418604652,9.681246472496312,59.19068184699591,6.947892833199736,6.523255813953488,5,0.0,0.0,0.0
6.0,1.0,3.0,12.0,-77.4566039526718,126.22725474734735,614.58393670651,0.0,0.7930521050664909,0.9016599489626089,65.25287356321839,8.648224226382238,51.74892874094792,6.858492427819459,5.747126436781608,4,0.0,0.0,0.0
6.0,1.0,3.0,13.0,-81.01074077133063,95.49426109129098,629.1756747252297,0.0,0.8730961754138158,0.8467742705082826,67.44186046511628,8.923992490395298,58.88323043488525,7.791503712785747,7.558139534883721,4,0.0,0.0,0.0
6.0,1.0,3.0,14.0,-84.37521966857167,62.45548335950849,645.7015842763531,0.0,0.9574222309060023,0.7974688481540411,26.551724137931036,6.064653640663484,25.421210958538683,5.806434218316242,6.448275862068965,4,0.0,0.0,0.0
6.0,1.0,3.0,15.0,-87.59472920336799,26.59321053444242,664.6379809180573,0.0,1.0453702012060468,0.7530545547589559,-0.3181818181818181,2.9592410239817455,-0.33261779129283303,3.0935023846569853,5.318181818181818,4,0.0,0.0,0.0
6.0,1.0,4.0,6.0,-40.25679134776925,233.15520012853688,576.1080107926994,0.0,0.5173858218122502,1.1831045184277638,90.84444444444443,10.616351236665396,47.001627545966194,5.492749609229625,14.155555555555557,5,0.0,0.0,0.0
6.0,1.0,4.0,7.0,-46.75574784241405,215.97212646899825,585.9555995018214,0.0,0.5598676505304834,1.1179898508022001,590.2142857142857,24.827243238078633,330.44188545238455,13.899970340851915,16.785714285714285,5,0.0,0.0,0.0
6.0,1.0,4.0,8.0,-52.6463374838616,196.4576538858261,596.4013438863338,0.0,0.6088929391806022,1.054754693955423,85.28571428571429,10.027513171677375,51.929869241545646,6.1056819677748395,9.714285714285715,4,0.0,0.0,0.0
6.0,1.0,4.0,9.0,-58.00104668583806,174.81212969236194,607.6298142553071,0.0,0.66400249712419,0.9946227387259048,6.382022471910112,3.893092235050731,4.2376788580510105,2.5850229656084798,5.617977528089888,4,0.0,0.0,0.0
6.0,1.0,4.0,10.0,-62.898546333490785,151.12647079281754,619.8524634916727,0.0,0.7248253496807759,0.9382424783436081,41.804597701149426,7.230218364847788,30.301032146999795,5.240645554569166,6.195402298850575,4,0.0,0.0,0.0
6.0,1.0,4.0,11.0,-67.41382241369749,125.38022550640586,633.3172334960896,0.0,0.7910310296714848,0.8858657843681443,324.5681818181818,18.467423014863698,256.74350306223806,14.608304642826507,10.43181818181818,4,0.0,0.0,0.0
6.0,1.0,4.0,12.0,-71.61395678784714,97.43858366306715,648.3232210968281,0.0,0.8622629455013723,0.8374897020125658,44.41379310344828,7.1184411950160715,38.296368062267845,6.137968072192867,3.5862068965517238,4,0.0,0.0,0.0
6.0,1.0,4.0,13.0,-75.55708907856001,67.04282112134632,665.2418610730683,0.0,0.9380549923074725,0.7929590472400923,31.011111111111113,6.345125474247977,29.09012759477951,5.952076627935634,5.988888888888889,4,0.0,0.0,0.0
6.0,1.0,4.0,14.0,-79.29293909346937,33.78941815883417,684.5476212604044,0.0,1.0177301477175833,0.7520361203200934,35.294117647058826,6.613397328261268,35.91988756650294,6.730653839806411,4.705882352941177,5,0.0,0.0,0.0
6.0,1.0,5.0,6.0,-36.319828410384076,184.11529043358976,604.3436442202612,0.0,0.6400333314244884,1.0174579454733457,97.53333333333333,10.819632361796979,62.42458425826843,6.924925345309125,12.466666666666665,5,0.0,0.0,0.0
6.0,1.0,5.0,7.0,-42.34844183736635,169.30443893176033,615.5782446478928,0.0,0.6772884798183721,0.975144654280763,216.3793103448276,15.143299652841291,146.55121416759604,10.256382401306961,7.620689655172413,5,0.0,0.0,0.0
6.0,1.0,5.0,8.0,-48.00015771624916,151.93489906493843,627.6125675743518,0.0,0.7211703707427577,0.9323258253735577,4.724137931034482,3.734296489766707,3.406908303164062,2.6930639839884347,5.275862068965517,4,0.0,0.0,0.0
6.0,1.0,5.0,9.0,-53.28643028538619,132.09200427546676,640.6566276835899,0.0,0.7712793570215951,0.8900165042336949,90.26966292134831,10.035377014303684,69.62312757653365,7.7400791310614405,5.730337078651686,5,0.0,0.0,0.0
6.0,1.0,5.0,10.0,-58.23443151648007,109.7862022882622,654.9643843754886,0.0,0.827200837481389,0.848933505381622,17.9438202247191,5.273250018906628,14.843143117503125,4.362036831888313,6.056179775280899,5,0.0,0.0,0.0
6.0,1.0,5.0,11.0,-62.879517796629386,84.93484792059317,670.8465286850433,0.0,0.8884713101935222,0.809545471335016,46.11494252873563,7.644671960284972,40.971803408004725,6.792071712554071,7.885057471264368,4,0.0,0.0,0.0
6.0,1.0,5.0,12.0,-67.26005676485639,57.34293629130903,688.69037957082,0.0,0.9545217578448413,0.7721279616969741,14.86046511627907,5.366603457151097,14.18463728518264,5.122539765576067,8.13953488372093,5,0.0,0.0,0.0
6.0,1.0,5.0,13.0,-71.41428152459534,26.677476878842356,708.9899456338889,0.0,1.0245991238249583,0.7368140469910073,6.988764044943821,4.2436094523640975,7.16068151706881,4.347998526747565,7.011235955056179,4,0.0,0.0,0.0
6.0,1.0,6.0,7.0,-40.19433426437996,114.59337672923924,651.1723227866075,0.0,0.815404383939792,0.8577847642476953,60.75,8.42863208610835,49.53581632434236,6.872743553628342,6.25,5,0.0,0.0,0.0
6.0,1.0,6.0,8.0,-45.47050053822207,98.36679361496121,665.3410503944647,0.0,0.8545587653573092,0.8282029136036919,48.79310344827586,7.861993345068873,41.696574240710085,6.718535326209437,8.206896551724137,4,0.0,0.0,0.0
6.0,1.0,6.0,9.0,-50.518458950849464,79.38488388063138,680.88452588018,0.0,0.8996213892884828,0.7981170777452445,0.561797752808989,2.5602148667876867,0.5054052748811704,2.3032240553365666,3.438202247191011,4,0.0,0.0,0.0
6.0,1.0,6.0,10.0,-55.33970967586207,57.54263445447441,698.1305479500927,0.0,0.9500902765740517,0.7680883670975297,0.511627906976744,2.646057916722141,0.4860926996425379,2.513993897929498,3.488372093023256,5,0.0,0.0,0.0
6.0,1.0,6.0,11.0,-59.945476579496216,32.64121937484376,717.4947562823804,0.0,1.0053288707276398,0.7385466079633236,12.863636363636363,4.469335373149564,12.932185018905548,4.493151883591546,4.136363636363636,4,0.0,0.0,0.0
6.0,1.0,7.0,7.0,-39.68550498649654,50.02028651053246,696.2707828862533,0.0,0.9704127255135303,0.761960311379708,19.696629213483146,5.08243296640226,19.113859638485604,4.932057627166234,3.3033707865168536,5,0.0,0.0,0.0
6.0,1.0,7.0,8.0,-44.57378330690136,33.809861444928146,713.4966344566292,0.0,1.0042761844809363,0.7409983370670347,4.837209302325581,2.8854083585081742,4.857894101675226,2.8977468969519906,1.1627906976744187,4,0.0,0.0,0.0
6.0,1.0,7.0,9.0,-49.33227669895143,14.472971353265137,732.6879947842938,0.0,1.0432446847964594,0.7192150250416774,39.82758620689655,7.198311262445358,41.549917618617606,7.509599964056611,7.1724137931034475,5,0.0,0.0,0.0
6.0,2.0,2.0,5.0,-66.86219793362915,360.1830868312991,586.9115179722842,0.0,0.22909246376357392,1.588798421115756,29.8876404494382,6.758779540057668,6.847033186641648,1.548385456866646,10.112359550561797,4,0.0,0.0,0.0
6.0,2.0,2.0,6.0,-72.66959774339999,334.16204015215743,594.4586239673054,0.0,0.28308292435159393,1.460727018779954,1275.8333333333333,36.02815257236732,361.1666309852419,10.198954789171141,14.166666666666666,4,0.6590298694463286,0.19153629589345655,0.07441058140001644
6.0,2.0,2.0,7.0,-77.18139372859649,307.22061712319396,602.5464259850037,0.0,0.34133725169425155,1.3431104449763316,426.9120879120879,21.03933613535138,145.7209988029668,7.181509173912396,10.087912087912088,4,0.6018848859139894,0.12729488293098257,0.08829166591232251
6.0,2.0,2.0,8.0,-80.93281472216852,279.66946792209376,611.3627580417229,0.0,0.4033040146247657,1.2373235440254464,-2.471264367816092,3.0485783730201246,-0.9966708407393635,1.229503896737253,7.471264367816092,4,0.0,0.0,0.0
6.0,2.0,2.0,9.0,-84.21150574768777,251.54981627868904,621.0784015517552,0.0,0.46885641667752154,1.143185230457772,293.23333333333335,17.609687990169252,137.4843299170719,8.256415209879941,10.766666666666666,4,0.550820084947361,0.20587117551781375,0.1178693840514029
6.0,2.0,2.0,10.0,-87.18328474073586,222.76214703319502,631.8741147353672,0.0,0.5380484913472409,1.0597867370263276,6.685393258426966,4.813184403071154,3.597065756759644,2.5897266066485045,10.314606741573032,5,0.0,0.0,0.0
6.0,2.0,3.0,4.0,-38.9950923455454,340.0767370177656,602.3699307781898,0.0,0.270370361398567,1.448477684620053,354.258064516129,19.30195283595171,95.78088093158267,5.218675963954359,11.741935483870968,4,0.5006036588670213,0.1457655239344149,-0.03315313045774104
6.0,2.0,3.0,5.0,-48.867170176332905,324.2523823624739,611.2896186637826,0.0,0.303778444972726,1.3659227415274982,1186.9767441860465,34.86371519360976,360.5779495676264,10.590845187486773,18.02325581395349,5,0.4913221511421284,0.09766052438169481,0.04743292960451129
6.0,2.0,3.0,6.0,-56.83901705410577,304.80923012887456,620.3375186970037,0.0,0.34591744538068003,1.2819483749173055,2166.2333333333336,47.00781258944565,749.3379007651419,16.260822443874808,27.766666666666662,5,0.0,0.0,0.0
6.0,2.0,3.0,7.0,-63.36205392999781,282.7978597307836,629.8026498739674,0.0,0.39499195612719545,1.2002279104136022,2.4545454545454546,3.039791206400926,0.9695257104940253,1.200693074834549,3.5454545454545454,4,0.0,0.0,0.0
6.0,2.0,3.0,8.0,-68.83035041057414,258.8810607107501,639.9464902494806,0.0,0.44982660447692696,1.1229378255858224,218.23333333333332,15.333007242909368,98.1671593170147,6.897194584498048,10.766666666666666,4,0.21303852930356015,0.3406130138184835,-0.04906398370391685
6.0,2.0,3.0,9.0,-73.53963247409892,233.41345988367115,651.0153636578452,0.0,0.5097141557075094,1.0511535566048762,113.95402298850574,11.26359368674688,58.083978617060325,5.74121314627262,8.045977011494251,4,0.0,0.0,0.0
6.0,2.0,3.0,10.0,-77.70087768945147,206.52729708978845,663.260677705146,0.0,0.5742411806780007,0.9852260805585241,454.9411764705882,21.955286426647334,261.2459583155092,12.607629599761648,17.058823529411768,5,0.0,0.0,0.0
6.0,2.0,3.0,11.0,-81.46324274077723,178.19150641023947,676.9603647997967,0.0,0.6431432276167071,0.9250713192866025,62.54545454545454,8.36370985639647,40.225685509117675,5.3790633518924915,4.454545454545455,4,0.0,0.0,0.0
6.0,2.0,3.0,12.0,-84.93324449586622,148.2432518430892,692.4418113588969,0.0,0.7161865457932901,0.8703682577928004,129.07142857142858,11.991517220967953,92.43922058917681,8.588163297305792,8.928571428571427,4,0.0,0.0,0.0
6.0,2.0,3.0,13.0,-88.188462913152,116.39690296744908,710.1091589547182,0.0,0.7930615872785357,0.8206846401768769,9.204545454545455,4.382365700421566,7.299771428359249,3.475485898411339,5.795454545454545,4,0.0,0.0,0.0
6.0,2.0,4.0,5.0,-39.10216753507382,277.1756758026034,637.546788618883,0.0,0.40737445377613557,1.1690602928555733,87.10344827586206,9.897653028553915,35.48371966339719,4.032050996172865,6.896551724137931,4,0.0,0.0,0.0
6.0,2.0,4.0,6.0,-46.90937554801974,262.71527034938856,648.2396524727897,0.0,0.4401012809336983,1.1151008867693204,70.32584269662921,8.846666441826422,30.95049345352829,3.893429233040971,4.674157303370786,4,0.0,0.0,0.0
6.0,2.0,4.0,7.0,-53.785855484447,245.16517918164018,659.4548865943816,0.0,0.4804877713565447,1.0600550067376544,374.1818181818182,19.830502842217758,179.78978790032164,9.528314115536835,11.818181818181818,5,0.2981441716532345,0.20286041160647983,0.060680833748392615
6.0,2.0,4.0,8.0,-59.84818473092764,224.99350951358497,671.4449489798385,0.0,0.5276202089808711,1.0056686479969945,322.7386363636364,18.697899377087857,170.2834267643832,9.865389576842396,17.261363636363637,5,-0.06072534791940143,0.7221467240685797,0.0614305406639275
6.0,2.0,4.0,9.0,-65.23391124432251,202.5246771320066,684.4866853651754,0.0,0.5807514223142799,0.9531260218272712,7.958333333333333,4.399329178661472,4.621813402584477,2.5549166777363626,7.041666666666667,5,0.0,0.0,0.0
6.0,2.0,4.0,10.0,-70.07337498646503,177.92944344323766,698.8880260176636,0.0,0.6392791459939201,0.9031541073887966,55.06976744186046,8.319171236336683,35.20495390031634,5.3182726833424985,8.930232558139535,4,0.0,0.0,0.0
6.0,2.0,4.0,11.0,-74.47894284112932,151.22993817003635,715.0038902490551,0.0,0.702682545371545,0.8561382822034207,28.307692307692307,5.8654823833115834,19.891321284363734,4.121572090937339,3.6923076923076925,4,0.0,0.0,0.0
6.0,2.0,4.0,12.0,-78.54334505983748,122.30394187769063,733.2605534100607,0.0,0.7704375953874396,0.8122250184611856,38.123595505617985,7.014024402286408,29.37185124887172,5.403868094486364,6.876404494382022,4,0.0,0.0,0.0
6.0,2.0,4.0,13.0,-82.34180271958398,90.8794680896992,754.1904073743116,0.0,0.8419187803522569,0.7714031988201453,-1.4712643678160915,3.2967472969768536,-1.238685102127458,2.775593463400352,7.471264367816091,5,0.0,0.0,0.0
6.0,2.0,5.0,6.0,-41.46798252949159,212.61347734820376,680.7164398797449,0.0,0.5565098116625007,0.9732096103841763,5.604651162790698,4.037278961996824,3.1190433630386667,2.2467853547698287,6.395348837209303,4,0.0,0.0,0.0
6.0,2.0,5.0,7.0,-47.97256819426045,198.1190308537225,693.9973571664136,0.0,0.5899650398384614,0.935965959590348,37.53488372093023,6.812990645521642,22.14426916975062,4.01942629760424,5.465116279069767,4,0.0,0.0,0.0
6.0,2.0,5.0,8.0,-53.96040729620546,180.7463357097548,708.3262742944887,0.0,0.6302071143800795,0.8978919489480107,25.620689655172416,6.3837691779978085,16.14634089601376,4.0230967525344905,9.379310344827585,4,0.0,0.0,0.0
6.0,2.0,5.0,9.0,-59.466445636102506,160.65526853644644,724.0091508865298,0.0,0.6766190884389788,0.8598998270804621,29.744444444444447,6.676278256485771,20.125658886123848,4.517297308068377,9.255555555555556,4,0.0,0.0,0.0
6.0,2.0,5.0,10.0,-64.5439564169974,137.9158327672126,741.4157984489901,0.0,0.7285729816972882,0.8226658182318393,2.252873563218391,3.3981412932528317,1.6413828093410174,2.4757939342538946,5.747126436781609,4,0.0,0.0,0.0
6.0,2.0,5.0,11.0,-69.25261979199516,112.48379991336051,760.9991251391568,0.0,0.78540104343051,0.7866602576445086,5.0,3.80773462510278,3.92700521715255,2.9905987476622053,6.0,5,0.0,0.0,0.0
6.0,2.0,6.0,6.0,-39.00219130111469,155.46904677182772,720.8613251855379,0.0,0.690440566526044,0.856455732348083,10.482758620689655,4.081637194542354,7.237721800824737,2.8181278969535963,3.5172413793103443,4,0.0,0.0,0.0
6.0,2.0,6.0,7.0,-44.95380253448292,142.68953071588123,736.7701991245767,0.0,0.7180346887585953,0.8307413524878109,16.741573033707866,5.007228709684832,12.02103018258772,3.5953639081016515,5.258426966292135,4,0.0,0.0,0.0
6.0,2.0,6.0,8.0,-50.604866214914864,126.91103327006049,754.189029205334,0.0,0.7519124287074502,0.8037723000844382,34.88636363636364,6.612035107624793,26.23149041058946,4.971671376473085,5.113636363636363,4,0.0,0.0,0.0
6.0,3.0,3.0,5.0,-68.0690959658715,372.3184414682661,697.7029169753621,0.0,0.20198434721418349,1.208027781947122,1166.4827586206895,34.62697428876465,235.61125853659993,6.994106797718444,20.51724137931034,5,0.27878492980971714,-0.38263736020871875,0.32032679870373215
6.0,3.0,3.0,6.0,-74.70943890891738,349.4343544330016,707.297101725395,0.0,0.24714375332713187,1.1487339794837468,12.137931034482758,4.711609362245761,2.9998138334879454,1.1644448219966714,5.862068965517241,5,0.0,0.0,0.0
6.0,3.0,3.0,7.0,-79.68800663768494,323.86627511064665,717.4610872721518,0.0,0.2992207473540911,1.0887966879177424,959.8876404494382,31.44173185766517,287.21829715123596,9.408018504557507,18.1123595505618,4,0.41309832110562184,-0.24748888973090288,0.22897596702303247
6.0,3.0,3.0,8.0,-83.71110401591429,296.70622026163704,728.6808241508056,0.0,0.35623455213564187,1.030087435440425,72.11764705882354,9.038939215711583,25.690797701076292,3.2199824632903056,5.882352941176471,5,0.0,0.0,0.0
6.0,3.0,3.0,9.0,-87.16164137884378,268.3954550286538,741.3338486811862,0.0,0.4172200398973089,0.973818012519969,80.625,9.581036765187147,33.63836571672053,3.9974005414289646,6.375,5,0.0,0.0,0.0
6.0,3.0,4.0,4.0,-41.411349682370115,329.6363592609817,714.4790727556212,0.0,0.2873682370657008,1.1032471368397743,402.71590909090907,20.531946358808554,115.72776083376557,5.900229228658349,12.284090909090908,5,0.4334524589252169,-0.40651087705134614,0.0749312351520004
6.0,3.0,4.0,5.0,-51.3265722429947,320.27236594213264,727.2466330547124,0.0,0.30607170659506394,1.065400219652536,326.0222222222222,18.53671431990518,99.78617794347072,5.673563786558538,10.977777777777778,5,0.5221325927005296,0.5404923824744401,0.048119648231491396
6.0,3.0,4.0,6.0,-59.587109613342335,305.8096426684607,740.0987638783673,0.0,0.3356302794829599,1.0240561247212807,9.75,4.449324398524543,3.2723952249588595,1.493327991387145,6.25,4,0.0,0.0,0.0
6.0,3.0,4.0,7.0,-66.43262625177802,287.30539113537276,753.4649486057232,0.0,0.37412127857405375,0.9809076028144388,1.0348837209302328,2.553038254053993,0.38717202084989294,0.9551459358551497,2.9651162790697674,4,0.0,0.0,0.0
6.0,3.0,5.0,5.0,-43.27836552115548,263.12449148057783,763.440080968784,0.0,0.4260541819618982,0.9396273735637373,140.86046511627907,12.418495775152033,60.014190235888776,5.2909520586796885,8.13953488372093,5,0.0,0.0,0.0
6.0,-1.0,0.0,1.0,-52.18386541022478,428.06095034799705,334.3350453683862,1.0,0.09830149683436878,5.2474823792298695,11758.022727272726,109.06414326001614,1155.8312339034362,10.72116853341762,87.97727272727272,5,-0.9896090238830766,-0.17456927219222962,-0.11938319240395856
6.0,0.0,0.0,1.0,-76.60793766267956,449.8127495026398,388.75015002746443,1.0,0.055537568592900814,12.32582103025424,-1.8522727272727268,3.7369912102900544,-0.10287072364366853,0.20754340567255133,9.852272727272727,4,0.0,0.0,0.0
6.0,1.0,1.0,2.0,-44.757109990061394,430.8547709731657,473.73377524352924,1.0,0.09283125066325881,3.4462019384512397,1758.7303370786517,42.7778101683294,163.26513677042598,3.9711176185614883,45.26966292134831,5,-0.9945830499094654,-0.018415393706277428,0.036630694924987495
6.0,-5.0,0.0,-4.0,-84.9840564024683,543.0350776885819,14.266265920164301,1.0,0.13236383476317204,1.0841549294612836,2403.4214975845407,49.610238205918286,318.12608597253563,6.566601372449773,37.57850241545894,4,0.0,0.0,0.0
6.0,-4.0,-1.0,-8.0,-40.78281538589658,608.1207756701901,16.92047054165579,1.0,0.2692966461600225,1.038389844625085,192.0,14.517974040751481,51.70495606272432,3.909641718212644,11.999999999999998,5,0.0,0.0,0.0
6.0,-4.0,-1.0,-7.0,-38.643052284174644,573.5951423282393,32.6655179276508,1.0,0.19685813650324102,1.0986371024652903,390.5882352941177,20.137932668969047,76.89047214008944,3.964315898240985,9.411764705882353,4,0.08674671348478569,0.03269390178523679,-0.2831054416392007
6.0,-4.0,0.0,-10.0,-60.28270838264535,710.7519957754421,13.675025846220592,1.0,0.49184603771980806,0.9379877504518845,174.10344827586206,13.957590768873532,85.6320911878383,6.864985715785016,12.896551724137929,5,0.0,0.0,0.0
6.0,-4.0,0.0,-9.0,-63.39804199186176,679.8477573265246,34.010468642801584,1.0,0.42668312461644814,0.99437511148308,20.988636363636367,5.387583291143466,8.95549694507477,2.298790872796461,5.011363636363637,4,0.0,0.0,0.0
6.0,-4.0,0.0,-8.0,-66.87357104282972,651.0049297142466,51.80191090694632,1.0,0.36505844053915926,1.0545259733595118,188.08988764044943,14.263804866745987,68.66380106320815,5.20712236080916,9.910112359550562,4,0.0,0.0,0.0
6.0,-4.0,0.0,-7.0,-70.92073960812053,624.1399349738693,67.50840267724334,1.0,0.30738036849104294,1.1177967796972954,98.28571428571429,10.752603439429151,30.211099074548223,3.3051392074497885,10.714285714285714,4,0.0,0.0,0.0
6.0,-4.0,0.0,-6.0,-75.9114630510644,599.4703409464283,81.51699344842069,1.0,0.25448063566677265,1.1829697001036974,320.55056179775283,18.235265447648928,81.57391072963323,4.640521942670035,7.4494382022471894,5,-0.7763795174051893,-0.6717515894260657,0.11498818543050504
6.0,-4.0,0.0,-5.0,-82.5270197757427,577.7274902168815,94.18839159422862,1.0,0.20810186231023545,1.2480601909947475,9.625,4.503969209082544,2.002980424736016,0.9372843801980356,6.375,4,0.0,0.0,0.0
6.0,-4.0,1.0,-11.0,-70.81665716083586,785.7421719567309,20.66923993125488,1.0,0.6575656032622114,0.8761468447493168,74.53488372093024,9.5565550658634,49.01157577803227,6.284061896993008,10.465116279069766,5,0.0,0.0,0.0
6.0,-4.0,1.0,-10.0,-74.92313581093674,753.9922929335287,43.28322088693909,1.0,0.5922157714026487,0.9267611423496317,34.68539325842697,6.463802271541116,20.541236924943558,3.827965648434915,4.314606741573034,4,0.0,0.0,0.0
6.0,-4.0,1.0,-9.0,-79.46495266890855,725.3090787858893,63.01582912247278,1.0,0.5314369899803858,0.9810259539529235,0.377777777777778,3.553047726691572,0.20076508510370142,1.8882209891296216,7.622222222222222,4,0.0,0.0,0.0
6.0,-4.0,1.0,-8.0,-84.58309434399797,699.4815235849076,80.41775092087039,1.0,0.4757049011866565,1.0386405905269194,137.04545454545456,12.237850274408613,65.19319441262589,5.821605355524646,7.954545454545455,4,-0.5766987336186276,-0.2293834390461882,-0.053444541219050734
6.0,-3.0,-1.0,-12.0,-43.68989206964051,773.5546571755087,31.09639038507362,1.0,0.6330938843491728,0.895967507956889,47.95348837209303,8.088410874908696,30.359060221581267,5.120723459008038,11.046511627906977,5,0.0,0.0,0.0
6.0,-3.0,-1.0,-11.0,-44.987985074810695,737.267695529137,53.721311037171745,1.0,0.556766818340661,0.9560002618915981,33.32584269662921,6.429510771553308,18.5547234067236,3.579738255764744,4.674157303370786,4,0.0,0.0,0.0
6.0,-3.0,-1.0,-10.0,-46.09248199124298,703.2800891961787,73.3198403081123,1.0,0.48341376093421096,1.0228636957495825,195.0,14.530126202963567,94.26568338217113,7.024062954623344,10.000000000000002,4,0.0,0.0,0.0
6.0,-3.0,-1.0,-9.0,-46.934106423839324,671.0104301534243,90.44286526791836,1.0,0.41282852541559706,1.0972558867319695,73.44186046511628,9.240901859204222,30.318894959591987,3.814907888045528,7.558139534883722,4,0.0,0.0,0.0
6.0,-3.0,-1.0,-8.0,-47.39212131206028,639.9557061711328,105.50891539746175,1.0,0.3446425970552706,1.1797078088360387,868.7209302325581,29.907600630043646,299.39823751161936,10.30743315283009,16.27906976744186,4,0.0,0.0,0.0
6.0,-3.0,-1.0,-7.0,-47.23880997616064,609.6274122379258,118.83713425048921,1.0,0.278297802136026,1.2703500108852357,14.5,5.8606845988282075,4.035318130972377,1.6310156428663474,12.5,5,0.0,0.0,0.0
6.0,-3.0,-1.0,-6.0,-45.98819002000366,579.4394508466762,130.66405722307195,1.0,0.21289104531496683,1.368523964124033,746.7816091954022,27.705536925396004,158.98311740360222,5.8982607170599675,13.218390804597702,4,-0.3409105188726471,-0.2545768265193544,0.051371906119328514
6.0,-3.0,-1.0,-5.0,-42.36121780120334,548.3616746474272,141.13224445247602,1.0,0.1465253637205631,1.4721947254977856,200.92857142857142,14.718532674204743,29.44113201042457,2.1566383535208424,10.071428571428571,4,-0.31486710368722015,-0.1443629104022648,-0.13247681365692898
6.0,-3.0,0.0,-11.0,-59.668706578939464,756.0986238847734,84.9676647208247,1.0,0.6039102613438537,0.9685377305819508,120.57471264367817,11.841466448555508,72.81630622410374,7.151183097641632,12.425287356321839,5,0.0,0.0,0.0
6.0,-3.0,0.0,-10.0,-62.47772053285718,723.0719316609571,103.36326772359956,1.0,0.5316331630796168,1.0382602699792656,93.82022471910113,10.702918083309951,49.87794282825619,5.690026194812099,13.179775280898877,4,0.0,0.0,0.0
6.0,-3.0,0.0,-9.0,-65.5020605985871,692.1601506341473,119.55090859494646,1.0,0.4630504794544138,1.1163224950882964,350.7093023255814,19.107000662334162,162.39611059098343,8.847505817629635,9.290697674418604,4,-0.20408915847599474,-0.499253725996752,0.09680902024385318
6.0,-3.0,0.0,-8.0,-68.84958932401565,663.0263235778881,133.92151771728564,1.0,0.39810654079804336,1.2034949663012395,162.816091954023,13.321758055152127,64.81815115407224,5.303479016685083,9.183908045977011,5,0.0,0.0,0.0
6.0,-3.0,0.0,-7.0,-72.6961074613468,635.4744105321922,146.78691535854503,1.0,0.3368155516271201,1.300189742298266,91.28571428571428,10.410453929604039,30.746448212818535,3.5064027829883044,10.714285714285715,5,0.0,0.0,0.0
6.0,-3.0,0.0,-6.0,-77.34655326363611,609.4867986852241,158.40556976989717,1.0,0.27940736496366275,1.4060346311460157,1239.0919540229886,35.77138364620614,346.2114178212392,9.994788045690717,25.908045977011493,5,-0.656529398694488,-0.44793690028365063,0.07905580844007432
6.0,-3.0,0.0,-5.0,-83.36532745762025,585.3389407714778,169.00669896233404,1.0,0.22660857240868373,1.5191869277549743,448.51111111111106,21.85594814085636,101.6364625983214,4.952745206837685,18.48888888888889,5,-0.7282988028952104,-0.49071784910418614,0.04336704719619888
6.0,-3.0,1.0,-11.0,-71.82337269984896,786.516454273296,111.40741768696364,1.0,0.6769535288806401,0.9561773074324315,33.84946236559139,6.631496546381946,22.91451299909951,4.4892149888330355,6.150537634408602,5,0.0,0.0,0.0
6.0,-3.0,1.0,-10.0,-75.72711845400971,754.5560462338044,129.1091782811038,1.0,0.606646686447926,1.0230731306379992,142.4418604651163,12.445120198930155,86.41188266264062,7.549790931127132,7.55813953488372,5,0.0,0.0,0.0
6.0,-3.0,1.0,-9.0,-80.03669850579792,725.230135475649,144.77367341044067,1.0,0.5410035844987341,1.0975052658956843,57.48888888888889,8.343069867549643,31.101694957738335,4.513630704067736,7.511111111111111,4,0.0,0.0,0.0
6.0,-3.0,1.0,-8.0,-84.88933496855628,698.2949910130586,158.77559103735763,1.0,0.48019404438487306,1.1800063578453657,663.6666666666667,26.257074718706253,318.68878079009414,12.60849090289136,16.333333333333336,5,-0.35196825915829777,-0.5565307919361544,0.07690048622293943
6.0,-2.0,-1.0,-11.0,-46.57231429532271,755.080800082618,134.40009149459792,1.0,0.6085154167929985,1.0288506762577196,181.6206896551724,14.026849572086913,110.51898966374907,8.53555421365116,9.379310344827585,4,0.0,0.0,0.0
6.0,-2.0,-1.0,-10.0,-47.71106546305572,721.7619356005633,150.4145765296574,1.0,0.533544676844129,1.1136046801660935,112.37209302325581,11.44568852582397,59.95553205839143,6.106786185769305,11.627906976744185,5,0.0,0.0,0.0
6.0,-2.0,-1.0,-9.0,-48.6375397648203,690.2478381035002,164.6245830882445,1.0,0.46209953956736277,1.2115966796000914,164.22988505747128,13.402052402063655,75.89055426825838,6.193082244251283,9.770114942528735,4,0.0,0.0,0.0
6.0,-2.0,-1.0,-8.0,-49.2686825264897,660.119576857798,177.34042354485274,1.0,0.39384006465287785,1.3254434649766733,25.966292134831455,6.7004268697855185,10.226566173177535,2.638896551598209,12.03370786516854,5,0.0,0.0,0.0
6.0,-2.0,-1.0,-7.0,-49.460394295103754,631.0209745430691,188.80714418591316,1.0,0.3283665948194294,1.4580557442598032,566.5,24.209549205370855,186.01967596520677,7.949607234681051,12.5,4,-0.19863197112476882,-0.4019549890705605,0.07062933103168945
6.0,-2.0,-1.0,-6.0,-48.94191910139995,602.6314241842585,199.2206891815809,1.0,0.26522671455555097,1.612244970911264,1030.7078651685392,32.498505884683,273.37126074521746,8.619471943758711,16.29213483146067,4,0.0,0.0,0.0
6.0,-2.0,-1.0,-5.0,-47.14154269679142,574.6312357797867,208.73860781311535,1.0,0.2038886922774671,1.7896876091866811,119.46511627906976,11.935263457135687,24.35758633091508,2.433465258262436,14.534883720930232,4,0.0,0.0,0.0
6.0,-2.0,-1.0,-4.0,-42.61212769836928,546.6214863362054,217.48477719195407,1.0,0.14361036195959628,1.9886236731542255,9874.555555555557,99.69136322287186,1418.0884975234758,14.316712756682213,40.44444444444444,4,0.0,0.0,0.0
6.0,-2.0,0.0,-11.0,-59.82664352346953,765.5181816317936,161.84666963358453,1.0,0.6358610400540168,1.0445033321115447,141.53488372093025,12.582835321455946,89.99651836671504,8.000934754329396,10.465116279069768,5,0.0,0.0,0.0
6.0,-2.0,0.0,-10.0,-62.39996998769385,732.5503476366497,176.85769159046728,1.0,0.5608291233713062,1.1335264044466364,115.80459770114943,11.414232955606638,64.94659101110241,6.401434262448744,9.195402298850574,4,0.0,0.0,0.0
6.0,-2.0,0.0,-9.0,-65.13079066691242,701.5221845209722,190.25575978513325,1.0,0.4897164917681548,1.2373751950970187,60.11764705882353,8.34879764668714,29.44060321100319,4.088543894017853,5.882352941176471,4,0.0,0.0,0.0
6.0,-2.0,0.0,-8.0,-68.09650898030416,672.0659255473904,202.32466675282805,1.0,0.42226189358844146,1.3593991967871049,272.2,16.957968373541235,114.93968743477376,7.160703836824425,9.8,4,-0.09074354871404466,-0.5447196978975342,0.1234227239617951
6.0,-2.0,0.0,-7.0,-71.42177366954655,643.9085795088974,213.29173385476167,1.0,0.35821433334151054,1.5036168011369977,23.500000000000004,6.0676739090582865,8.418036833525498,2.1735277642669915,8.499999999999998,4,0.0,0.0,0.0
6.0,-2.0,0.0,-6.0,-75.32179644263937,616.8763169498619,223.34362089828915,1.0,0.2974025976166833,1.6744837426324448,415.8837209302325,20.97693755389656,123.68489891114295,6.2385957185717915,15.11627906976744,5,-0.4023337533752738,-0.5285550208784002,0.09227572467106882
6.0,-2.0,0.0,-5.0,-80.20061177283924,590.9350961689087,232.63935747977658,1.0,0.23986009936573097,1.8759755009037686,3336.7640449438204,58.21550757796657,800.3565553802232,13.963577432277525,33.235955056179776,5,0.0,0.0,0.0
6.0,-2.0,0.0,-4.0,-86.89728915698578,566.3218775336272,241.32436092683162,1.0,0.18612091766038574,2.1090519467190236,1328.1333333333332,37.14329609020239,247.19339477534697,6.913144353239887,32.86666666666667,5,-0.6278909083837334,-0.39263010696953415,0.12818800380796347
6.0,-2.0,1.0,-11.0,-71.13122973584439,788.2836224341003,186.07926128755292,1.0,0.6914557551911813,1.0290254948320745,147.35164835164835,12.815042464539504,101.8871452896544,8.86103486512522,10.648351648351648,4,0.0,0.0,0.0
6.0,-2.0,1.0,-10.0,-74.73264420932895,756.0075105835356,200.46756133938715,1.0,0.6175619830508737,1.113816785635295,102.79310344827586,11.25010239086712,63.481112809470844,6.947635542029275,15.206896551724137,5,0.0,0.0,0.0
6.0,-2.0,1.0,-9.0,-78.68654609299068,726.0543782651112,213.3779418471996,1.0,0.548310105456313,1.2118575213329006,161.10344827586206,13.474421975076545,88.33464871351359,7.388161734117082,12.89655172413793,5,0.0,0.0,0.0
6.0,-2.0,1.0,-8.0,-83.11814809321527,698.1377497130761,225.0808242186981,1.0,0.48363110290042954,1.3257688228157283,32.48275862068966,6.406558767681557,15.709672376972575,3.098411082610248,5.517241379310345,4,0.0,0.0,0.0
6.0,-1.0,-1.0,-11.0,-46.22459040652876,771.6289810697456,203.08003350199576,1.0,0.6543710252627835,1.0816026442313638,36.69662921348314,6.888589483162861,24.013210882115175,4.507693362711709,6.303370786516854,5,0.0,0.0,0.0
6.0,-1.0,-1.0,-10.0,-47.214569232968444,738.6282114299589,216.5284158392988,1.0,0.5780110466429095,1.1813691884014164,283.1818181818182,17.632965933254276,163.68221911751482,10.19204909449907,17.81818181818182,4,0.3136440331900303,-0.3785735680054074,0.08501660893632135
6.0,-1.0,-1.0,-9.0,-47.98362649462351,707.5087489460537,228.63858912016545,1.0,0.5056867448409088,1.3003410443139387,581.1777777777777,24.426933121626117,293.89389861831745,12.35237629672169,9.822222222222223,4,0.2467793525269144,-0.35956336232428043,0.10366329153958276
6.0,-1.0,-1.0,-8.0,-48.453538380076,677.8903541046104,239.65014513240783,1.0,0.437055185583903,1.4441959088256129,649.1931818181818,25.995005579584795,283.7332465593499,11.361251987840026,16.80681818181818,4,0.03647300824206923,-0.2804806554290167,0.07488194504491474
6.0,-1.0,-1.0,-7.0,-48.4966763399689,649.4706422504903,249.75603780952102,1.0,0.371762245092691,1.620789140609652,1099.4285714285716,33.73486054997902,408.7260340333358,12.541347495949053,24.57142857142857,4,-0.021719040424613922,-0.34284671675399636,0.05741428225163503
6.0,-1.0,-1.0,-6.0,-47.892535561296626,622.0167816715842,259.1149567851983,1.0,0.30948289332123974,1.8410043460722443,91.41379310344828,10.67145280058665,28.291005179124365,3.302632088666603,14.586206896551724,4,0.0,0.0,0.0
6.0,-1.0,-1.0,-5.0,-46.22984254014193,595.3754887763484,267.86080838921043,1.0,0.24998139824830204,2.119573474052655,2402.483146067416,49.51828167120941,600.5760961219123,12.378649291022194,31.516853932584265,5,0.0,0.0,0.0
6.0,-1.0,-1.0,-4.0,-42.65922422201726,569.5255773841886,276.1111586603208,1.0,0.1932461288358987,2.474647088050893,1168.5862068965516,34.873049875369205,225.82476069378518,6.739081889116318,30.413793103448278,5,-0.4055699591352777,-0.21087093950285407,-0.003949060165709284
6.0,-1.0,0.0,-11.0,-58.37927653842945,776.1224159241876,228.2703474693309,1.0,0.6671026885792445,1.0998045058853245,112.5,11.228248107142786,75.049052465165,7.490394500309765,8.5,4,0.0,0.0,0.0
6.0,-1.0,0.0,-10.0,-60.606768580020244,743.0692824871778,240.84571101782453,1.0,0.5899671775705252,1.2051974774670056,245.29885057471267,16.187250667085806,144.71827053485723,9.549946588687215,10.701149425287355,4,0.0,0.0,0.0
6.0,-1.0,0.0,-9.0,-62.90975294844165,711.8812676302355,252.23744763316284,1.0,0.5169460114228016,1.3323157050825294,63.258426966292134,8.864662978136561,32.701191509105314,4.582552169155069,9.741573033707867,4,0.0,0.0,0.0
6.0,-1.0,0.0,-8.0,-65.32838122443643,682.172475760139,262.66199112738025,1.0,0.4476592816129055,1.488372402955442,162.23333333333335,13.382866326430639,72.62525745366705,5.9909643256114835,10.766666666666666,5,0.0,0.0,0.0
6.0,-1.0,0.0,-7.0,-67.9256935737922,653.6281504162056,272.29449034428006,1.0,0.3817077740786918,1.6839781543186352,92.58139534883722,11.454119921202182,35.339038339704004,4.3721266191524855,24.41860465116279,4,0.0,0.0,0.0
6.0,-1.0,0.0,-6.0,-70.80825165138246,625.99126475515,281.2796103226165,1.0,0.31870140576858336,1.9352056231741344,2097.4615384615386,46.158397211516075,668.4639408532279,14.71074607933483,21.53846153846154,5,-0.26098503734942824,-0.3299701623726605,0.06786805865725398
6.0,-1.0,0.0,-5.0,-74.17336925923608,599.0599912985095,289.73958445945505,1.0,0.2582929313952452,2.267052808893273,-5.944444444444444,6.348471187597301,-1.535407981071735,1.6397652329227603,29.944444444444443,5,0.0,0.0,0.0
6.0,-1.0,0.0,-4.0,-78.43306622973076,572.7064599572741,297.7807142266129,1.0,0.20024342838533826,2.7187983935742097,606.7647058823529,25.526633082719556,121.50064492910377,5.11154052361836,28.235294117647058,4,-0.4976835563016948,-0.2438773633853657,0.06277153482494668
6.0,-1.0,0.0,-3.0,-84.6071558363688,546.9626228782362,305.49996222832533,1.0,0.14461617395504567,3.3489674852648896,7134.302325581396,84.84492582715521,1031.735506164166,12.269948552622825,40.69767441860465,4,0.0,0.0,0.0
6.0,-1.0,1.0,-10.0,-72.22296141771864,760.3897813521514,263.32729597350465,1.0,0.6322185301229087,1.181552980675302,242.34090909090907,16.04643635935128,153.21241333410399,10.144854408819866,9.659090909090908,4,0.07639588958954846,-0.5022653844467868,0.08404339639369596
6.0,-1.0,1.0,-9.0,-75.7015977127474,729.8074222610327,274.245265224746,1.0,0.5601181776047128,1.3005708992837186,501.17582417582423,22.920445414894267,280.7176892969026,12.838158115678873,15.824175824175825,4,0.1888266177082869,-0.4741651676636707,0.0655176344631343
6.0,-1.0,1.0,-8.0,-79.55551563282893,701.0238531009529,284.2992735282639,1.0,0.49237790580644675,1.4444899169859002,618.6279069767443,25.2814658371089,304.5987133106347,12.448035204592907,13.372093023255815,4,-0.02476331485308947,-0.39029491829052176,0.026470057118629597
6.0,-1.0,1.0,-7.0,-83.93355391351719,673.815062883523,293.65509970355305,1.0,0.42879803437338987,1.6211752100311199,1063.3820224719102,33.13452878575167,455.976121023955,14.20802081321882,21.617977528089884,5,-0.09088434538966794,-0.4314200123474734,0.09778495324502501
6.0,-1.0,2.0,-10.0,-81.4287102112578,789.5245990029312,284.6751403829548,1.0,0.7025769009256362,1.1180263943129922,22.632183908045977,6.0221105791672676,15.900849631293996,4.230995787742827,8.367816091954023,4,0.0,0.0,0.0
6.0,-1.0,2.0,-9.0,-85.5512537969729,759.7110592047267,295.28381490181863,1.0,0.632039973440754,1.2172364009054697,516.0574712643678,23.229026242890424,326.1689504318337,14.681673129611042,14.942528735632182,4,0.12137322770581704,-0.40371306084716707,0.019095551771172836
6.0,0.0,-1.0,-11.0,-44.43360847997468,789.8923059589157,264.9630007470124,1.0,0.7022886245254311,1.1013250026887278,156.73563218390805,13.13564304651565,110.07365154056068,9.22501268739452,10.264367816091953,4,0.0,0.0,0.0
6.0,0.0,-1.0,-10.0,-45.1758161725198,756.9243287748834,276.43780788462243,1.0,0.6246266227880934,1.207163829261799,79.52272727272727,10.264603585957886,49.67201257126224,6.4115446721554274,16.477272727272727,5,0.0,0.0,0.0
6.0,0.0,-1.0,-9.0,-45.66618915400002,725.9609954876825,286.9308531104704,1.0,0.5514175930648934,1.3349258645338775,2.386363636363637,4.139390750475723,1.3158828925412231,2.2825328843824058,9.613636363636363,5,0.0,0.0,0.0
6.0,0.0,-1.0,-8.0,-45.82336287439941,696.6426288894202,296.631746805091,1.0,0.4823300485181927,1.4919473497377542,1078.0689655172416,33.26736238298326,519.985056443889,16.045848512256615,17.93103448275862,5,0.0,0.0,0.0
6.0,0.0,-1.0,-7.0,-45.52174310427182,668.6982892639859,305.69543357086036,1.0,0.41704827342846956,1.6890643970377435,45.05882352941177,8.100151649654768,18.791704555659276,3.3781542599972902,12.941176470588236,4,0.0,0.0,0.0
6.0,0.0,-1.0,-6.0,-44.55949916702917,641.9440465611559,314.25148935737013,1.0,0.3553247270699026,1.9427887325674598,210.43023255813955,15.161448613739497,74.77106495097706,5.387237590661339,12.569767441860465,4,-0.026120408487031455,-0.23274055308473862,0.0338152183014131
6.0,0.0,-1.0,-5.0,-42.596045570158736,616.3031328884238,322.41109479139743,1.0,0.2970598524363564,2.2790331630526746,1511.0449438202247,39.57310229753705,448.8707880359384,11.755579928955193,34.955056179775276,5,-0.19604867542818738,-0.1628072004990031,-0.05984230223160125
6.0,0.0,-1.0,-4.0,-39.02378807913408,591.8697301714623,330.27258749058603,1.0,0.24245880570145315,2.739121849640682,10022.597701149427,100.46936485915236,2430.0670686468197,24.359682213333627,45.40229885057471,4,-0.28094510865923894,-0.16813993881197575,-0.07944219634617156
6.0,0.0,0.0,-11.0,-55.6417369423493,789.7403878187647,288.8652487726155,1.0,0.7033066278637398,1.1205291845685672,-4.693181818181818,3.006342297254999,-3.3007458784968695,2.114380463286542,8.693181818181818,4,0.0,0.0,0.0
6.0,0.0,0.0,-10.0,-57.45090256306159,756.4348265982012,299.55381441563156,1.0,0.6243755739503206,1.232582103025424,15.702127659574469,5.372114172610931,9.804024969688014,3.3542168698506014,8.297872340425531,4,0.0,0.0,0.0
6.0,0.0,0.0,-9.0,-59.24229074063186,725.0224475045791,309.3978194999809,1.0,0.549775788064237,1.3695356700282486,0.40909090909090984,4.355768830807945,0.22490827693537008,2.394696241583078,11.59090909090909,5,0.0,0.0,0.0
6.0,0.0,0.0,-8.0,-61.01811951936098,695.1087309603611,318.5670571872949,1.0,0.4790789737901588,1.54072762878178,108.69767441860465,11.108930138694394,52.07477031384191,5.322054850752276,9.30232558139535,4,0.0,0.0,0.0
6.0,0.0,0.0,-7.0,-62.78045291670803,666.3650505918873,327.2011967521416,1.0,0.4118321369450353,1.7608315757506052,-3.415730337078651,4.876896366224949,-1.4067075239470865,2.0084626521618985,17.41573033707865,5,0.0,0.0,0.0
6.0,0.0,0.0,-6.0,-64.53122693645389,638.5107190407739,335.41785644407764,1.0,0.3475754888198286,2.0543035050423732,397.19354838709677,20.765183713737745,138.0547417367274,7.21746887973594,21.806451612903224,4,0.0,0.0,0.0
6.0,0.0,0.0,-5.0,-66.27227194612992,611.2995601129984,343.3185924581415,1.0,0.28585301687777853,2.465164206050848,-4.411764705882357,7.627803812596403,-1.261116250931377,2.180430731982503,39.411764705882355,5,0.0,0.0,0.0
6.0,0.0,0.0,-4.0,-68.00533220800267,584.5094971065159,350.99349109834327,1.0,0.22621799028078776,3.08145525756356,33890.181818181816,184.41083311969726,7666.568821159584,41.71704805434365,75.81818181818181,4,0.0,0.0,0.0
6.0,0.0,0.0,-3.0,-69.73208319401382,557.9341252188211,358.524830471285,1.0,0.168235024307702,4.1086070100847465,11.034883720930232,9.848988219923534,1.8564539310233628,1.6569447725851065,53.965116279069775,5,0.0,0.0,0.0
6.0,0.0,0.0,-2.0,-71.45414719822259,531.3755271513099,365.99014260106037,1.0,0.11147984745524799,6.16291051512712,2534.449438202247,51.258710204183735,282.54003675382546,5.714313194315166,59.550561797752806,4,0.0,0.0,0.0
6.0,0.0,0.0,-1.0,-73.1731076748622,504.6377635001388,373.4649251836776,1.0,0.055537568592900814,12.32582103025424,3.6966292134831473,7.5138638012398715,0.20530179850634128,0.4173017262590738,33.30337078651685,5,0.0,0.0,0.0
6.0,0.0,1.0,-10.0,-68.41715192064322,768.728525506144,321.62460864977163,1.0,0.654431606553797,1.2072858430475188,73.20930232558139,9.666253262577486,47.91048133561285,6.3259016519844655,12.790697674418604,4,0.0,0.0,0.0
6.0,0.0,1.0,-9.0,-71.32127005958462,737.4874672298897,330.99753157596524,1.0,0.5799154251640545,1.335074366032376,5.000000000000001,5.728715546977508,2.8995771258202727,3.3221705120693903,18.0,5,0.0,0.0,0.0
6.0,0.0,1.0,-8.0,-74.46735898172231,707.9284285462763,339.7914359099532,1.0,0.509647837576984,1.4921316285294985,1006.1379310344828,32.20183819097175,512.7760208559048,16.411597200032688,19.862068965517242,4,0.10139903993058397,-0.2798267145508362,0.01205246831233353
6.0,0.0,1.0,-7.0,-77.95560507956378,679.7654409063501,348.1357954412527,1.0,0.4432767805059845,1.689298373039822,82.82954545454547,10.102144901533052,36.71641423986502,4.478046268156517,12.170454545454545,4,0.0,0.0,0.0
6.0,0.0,1.0,-6.0,-81.94132151375248,652.792071715442,356.1402218769378,1.0,0.3805026474325279,1.9430939256768998,214.09090909090907,15.46089441779961,81.46215770032755,5.882911257647543,15.909090909090908,4,-0.20316104616176744,-0.28649276277741365,0.06259940043221945
6.0,0.0,1.0,-5.0,-86.67786140975971,626.8921607617928,363.8997217808019,1.0,0.32113925206783894,2.279443729734758,1359.186046511628,37.52219462181584,436.4879903977872,12.049849516793829,30.8139534883721,5,-0.1866814030262276,-0.24417364062395563,-0.009016322769127783
6.0,0.0,2.0,-9.0,-81.03377720159585,762.3927835134084,352.39506845819403,1.0,0.639856157764479,1.2453425607472004,459.3333333333333,21.810293186678827,293.9072617998174,13.955450398145109,10.666666666666666,4,0.2805773302413854,-0.38663196117431653,0.015597467528920106
6.0,0.0,2.0,-8.0,-84.99628514979236,733.6886913143306,360.9061055050776,1.0,0.5711870161574188,1.3698460555859162,-2.2,3.789195165203292,-1.2566114355463216,2.164339080050586,10.2,4,0.0,0.0,0.0
6.0,1.0,-1.0,-10.0,-41.95343566699063,778.2301565578589,333.5410382026354,1.0,0.6774693166502033,1.1822160527498977,209.76470588235293,14.927970078260454,142.10915195144852,10.113241687893792,8.235294117647058,4,0.0,0.0,0.0
6.0,1.0,-1.0,-9.0,-42.10954967714659,747.1516954318553,342.68591227464674,1.0,0.6032104402252336,1.3013668365093305,497.3932584269663,22.74256115453344,300.0328063807938,13.718550325875414,12.606741573033709,4,0.0,0.0,0.0
6.0,1.0,-1.0,-8.0,-41.89376495575942,717.9047280281716,351.2990642266841,1.0,0.5334591784667853,1.4454593241470854,562.7954545454545,24.18823607588635,300.22840082665914,12.903436545602991,14.204545454545455,5,0.2058173440846076,-0.10841023256773497,0.06816338677699463
6.0,1.0,-1.0,-7.0,-41.18296403869152,690.231185668078,359.50477033187923,1.0,0.46793730742948203,1.6223744477084605,900.4090909090909,30.703628611572206,421.3350055850277,14.367373300813904,26.59090909090909,5,0.16157205083550252,-0.11209697267554475,0.005049410717838043
6.0,1.0,-1.0,-6.0,-39.79202272455581,663.9700652464044,367.40815076376214,1.0,0.406449537231824,1.8430336717137428,57.96551724137931,9.802508839483744,23.560057658161934,3.9842251815190317,24.034482758620687,5,0.0,0.0,0.0
6.0,1.0,-1.0,-5.0,-37.43481223163741,639.0755239551596,375.0999050214911,1.0,0.3489608396745401,2.1222217625472806,1734.0595238095239,42.069415762883914,605.1188674742046,14.680578649233304,22.94047619047619,4,-0.11259491287034962,-0.10540017063755158,0.05332268413524588
6.0,1.0,0.0,-10.0,-53.19664473287176,773.62930746544,356.1303141364869,1.0,0.6668405348871814,1.2060228136258186,248.79069767441862,16.45495514868928,165.90372191216437,10.97283109289654,14.209302325581396,5,0.37328196584428497,-0.217395751524748,0.04542674111957723
6.0,1.0,0.0,-9.0,-54.437455385689475,741.8425816381707,364.6761029206358,1.0,0.5907177429957927,1.3333193145447007,55.831460674157306,8.397023808306608,32.980634437596564,4.960270951924816,9.168539325842698,4,0.0,0.0,0.0
6.0,1.0,0.0,-8.0,-55.53717555745425,711.66956850826,372.80448476072013,1.0,0.5187347921961338,1.4896162852090697,140.23076923076923,12.593488099768843,72.74257893642707,6.532680432458075,11.76923076923077,4,0.0,0.0,0.0
6.0,1.0,0.0,-7.0,-56.44820439201112,682.7795468421696,380.62728673264536,1.0,0.4504447364192399,1.6855547751840692,79.88764044943821,9.933207057601575,35.9849671454022,4.474360834859074,12.112359550561798,4,0.0,0.0,0.0
6.0,1.0,0.0,-6.0,-57.09316892354093,654.8974113729794,388.2411323372207,1.0,0.3854041414031291,1.9372569411979113,1645.7078651685392,40.879736847694794,634.2626267756574,15.755219880571673,16.29213483146067,4,0.0,0.0,0.0
6.0,1.0,0.0,-5.0,-57.33910241385685,627.7941295864875,395.7319939874847,1.0,0.32319311420019675,2.26980168104639,11.337078651685392,7.9194036978760645,3.6640657553707694,2.5594967437251195,32.662921348314605,5,0.0,0.0,0.0
6.0,1.0,0.0,-4.0,-56.93928494996848,601.2859484270375,403.178635391569,1.0,0.26344135909421723,2.7225925012406935,479.7241379310345,22.694895108183747,126.37917888685345,5.9787740118006285,22.275862068965516,4,0.0,0.0,0.0
6.0,1.0,0.0,-3.0,-55.384311263716796,575.2515948600786,410.65506159124976,1.0,0.20588285353574093,3.354287320693613,4871.209302325582,70.22087535667168,1002.8984713326365,14.457274196209156,37.7906976744186,4,-0.3822747489361973,-0.0985575365987188,-0.011729198816475161
6.0,1.0,0.0,-2.0,-51.447755689000644,549.7059436016466,418.2313168327886,1.0,0.15051983801144678,4.225191271569648,1129.896551724138,34.608844197838586,170.07184593520952,5.209317622422064,43.10344827586207,4,-0.5114631540127448,-0.09655250439737983,-0.02133513387420294
6.0,1.0,0.0,-1.0,-41.4248027443567,525.1292432000172,425.96808108204704,1.0,0.09830149683436878,5.2474823792298695,11436.883720930233,107.44571623001877,1124.2627888880672,10.562074733851677,67.11627906976743,4,-0.6182798617691105,-0.07579940295858023,-0.0270159413505624
6.0,1.0,1.0,-10.0,-63.51034678666571,781.609358508075,378.397072703938,1.0,0.6861179705292039,1.1822610842878412,210.51724137931032,15.059335674694921,144.43966241657893,10.33248083063972,10.482758620689655,4,0.429083778440031,-0.2756391270034442,0.059475828611837755
6.0,1.0,1.0,-9.0,-65.77369920817179,749.603368086623,386.4657294316812,1.0,0.6093531769188226,1.3014116167025982,446.5714285714286,21.698302388219503,272.1197187211771,13.22192949400683,15.42857142857143,5,0.0,0.0,0.0
6.0,1.0,1.0,-8.0,-68.12959187491067,719.2786484659667,394.2146175049533,1.0,0.536828829426346,1.4454997412476527,515.25,23.337810717608217,276.6010543619248,12.528409608907252,18.75,5,0.16378301588349586,-0.12887857071740427,-0.09243679321595266
6.0,1.0,1.0,-7.0,-70.62014730673035,690.3027781349052,401.74543343105546,1.0,0.4681093447918023,1.6224019799407579,890.6989247311828,30.164184401047777,416.94449006267683,14.120136596153577,12.301075268817204,4,0.1845256020284296,-0.16580670118952412,-0.021902716546136958
6.0,1.0,1.0,-6.0,-73.31016857088312,662.4037927395187,409.14707717169,1.0,0.4027675976954879,1.8430306186702414,83.28735632183908,11.054531594805464,33.54544842415524,4.452407134088668,24.71264367816092,5,0.0,0.0,0.0
6.0,1.0,1.0,-5.0,-76.305805969903,635.3625161071998,416.49962674562505,1.0,0.3404101698767461,2.122150819588755,1745.4999999999998,42.39344932244303,594.1859515198603,14.43116128551406,32.5,5,0.0,0.0,0.0
6.0,1.0,1.0,-4.0,-79.79471636544889,609.0160542508509,423.87722110474874,1.0,0.28071308990299965,2.4779290136883683,831.9662921348315,29.415801151836206,233.54382856031023,8.257400433304158,21.03370786516854,4,-0.2992567351599291,-0.1380079484079033,-0.09347332554330023
6.0,1.0,1.0,-3.0,-84.14245631541439,583.2844578285458,431.3497395914721,1.0,0.22349637275688583,2.925504331071742,7142.910112359551,84.87356124738305,1596.4145010408395,18.9689330817495,39.08988764044944,5,-0.32755723638251766,-0.10750700989223105,-0.12964523428952646
6.0,1.0,2.0,-9.0,-75.28269678856935,770.0143739327343,408.7798569376224,1.0,0.6581395638962526,1.217849515367917,485.5666666666666,22.432672930678923,319.570634242557,14.763829579624296,11.433333333333332,5,0.0,0.0,0.0
6.0,1.0,2.0,-8.0,-78.53237580361446,740.1032311744553,416.1970388565372,1.0,0.5863861354211729,1.3334500410824446,11.75,4.64232014876574,6.890037091198781,2.7221921714225865,6.25,4,0.0,0.0,0.0
6.0,1.0,2.0,-7.0,-82.09175311454771,711.8936033585113,423.47191056308435,1.0,0.519044958894631,1.468477634608321,249.46511627906975,16.506075057118775,129.4836110247141,8.567395049533909,14.534883720930234,4,0.0,0.0,0.0
6.0,1.0,2.0,-6.0,-86.0740660370858,685.1902483603731,430.6836911211212,1.0,0.4558840385850197,1.6260204259852544,49.23076923076923,8.221675165014696,22.4435218995702,3.748130478161058,11.769230769230768,4,0.0,0.0,0.0
6.0,1.0,3.0,-8.0,-86.31133457976125,773.0116317831423,439.5621649161358,1.0,0.6647010459741081,1.19344341721239,79.7906976744186,9.954819515422686,53.03696020318987,6.616978944384924,12.209302325581396,5,0.0,0.0,0.0
6.0,2.0,-1.0,-9.0,-37.601531795980236,772.0332447923213,398.65907854988546,1.0,0.6630854535259331,1.2132576829019064,125.38202247191012,11.582580332145868,83.13899523478526,7.680240532541496,5.617977528089888,4,0.0,0.0,0.0
6.0,2.0,-1.0,-8.0,-37.0035948320496,742.525903383915,406.2794503039362,1.0,0.5922883222210917,1.3273985782090003,11.647058823529413,5.591639829795833,6.898416929398598,3.3118629732544047,12.352941176470587,4,0.0,0.0,0.0
6.0,2.0,-1.0,-7.0,-35.88482938383396,714.8159172664061,413.7108580273738,1.0,0.5260854127663854,1.4603661098261005,387.20000000000005,19.952699622412556,203.70027182314448,10.496824216660613,6.8,4,0.08520117619775647,-0.017657596843491774,0.016316584919643162
6.0,2.0,0.0,-9.0,-48.73915513491505,762.8834143430716,420.7234671254499,1.0,0.6408702044808602,1.238984482511244,35.53333333333333,7.4205420586669035,22.7722545992199,4.755604306496681,12.466666666666667,5,0.0,0.0,0.0
6.0,2.0,0.0,-8.0,-49.17794014006353,732.2394330391018,427.89510768273993,1.0,0.5674351605373933,1.3612962506203468,229.14606741573033,15.983382040476817,130.0255355505573,9.069532954068452,16.853932584269664,5,0.0,0.0,0.0
6.0,2.0,0.0,-7.0,-49.28684198895195,703.0641467855182,434.98578600059955,1.0,0.497978920500697,1.505863383375853,20.348837209302324,5.691791932504253,10.133291986932786,2.8343924022630436,7.651162790697675,5,0.0,0.0,0.0
6.0,2.0,0.0,-6.0,-48.94144090226379,675.087135074038,442.0723744234067,1.0,0.4321028527355353,1.6771436603468064,280.1511627906977,17.454557394093055,121.05411663903782,7.54216404322374,15.848837209302326,4,0.010066693266935545,-0.06313623891077214,0.0696709196690719
6.0,2.0,0.0,-5.0,-47.942257975940606,648.1005160897848,449.22565378086426,1.0,0.36945395505159384,1.8790927622601792,2114.625,46.29504869951979,781.2565697009766,17.103888841343732,18.375,4,-0.09669327212270673,-0.05304830266135241,0.021546370707909546
6.0,2.0,0.0,-4.0,-45.952128116883586,621.9663833001931,456.5122771658431,1.0,0.30977082331070277,2.112595635784824,815.2413793103448,29.068822350038086,252.53799326591843,9.004673032043856,18.75862068965517,4,-0.2658759139060294,-0.042473385141761355,-0.012545674145108876
6.0,2.0,0.0,-3.0,-42.36332674821742,596.6502648329694,463.9952419572534,1.0,0.2529735294893956,2.3696908952861713,294.07692307692304,18.316578321840527,74.39367717215072,4.633609466244949,26.923076923076923,5,-0.3464775646373255,-0.032443139095960305,0.03704418039576751
6.0,2.0,0.0,-2.0,-35.9971023835395,572.3200114537631,471.73107610144365,1.0,0.19938020286730102,2.6237411896149347,1376.6153846153843,37.75697525028612,274.46985465486296,7.52799338505771,31.38461538461538,4,-0.4710689695441488,-0.07285111841923708,-0.03975977474835446
6.0,2.0,1.0,-9.0,-59.27125270703482,766.4451948824451,443.2944716301413,1.0,0.6488908532446531,1.2132187872249394,112.44827586206897,11.3771607165006,72.96665767002807,7.3825355248316225,10.551724137931034,5,0.0,0.0,0.0
6.0,2.0,1.0,-8.0,-60.80860116500713,735.2146966079629,450.07955229552357,1.0,0.5741047485164297,1.3273314224361354,14.954022988505745,5.302165667064621,8.585175607124999,3.0439984868825816,8.045977011494255,5,0.0,0.0,0.0
6.0,2.0,1.0,-7.0,-62.276607423438946,705.396163898571,456.8822309620716,1.0,0.503146107672785,1.460255090746309,395.0454545454545,20.504333345671427,198.76558280837153,10.316675513299872,15.954545454545453,5,0.21873806221333325,-0.22732900128733036,0.026607423438946398
6.0,2.0,1.0,-6.0,-63.653470568521044,676.6723361676402,463.7733143209325,1.0,0.43553257867086076,1.6147939412366163,669.7472527472528,26.364913853951144,291.69674804673576,11.482778917246444,16.252747252747252,5,0.12385706477311942,-0.08820746429853443,-0.06302542435518177
6.0,2.0,1.0,-5.0,-64.90229541441745,648.7643211357705,470.82105466184447,1.0,0.3707746401400582,1.7925933027683003,66.77272727272728,9.612722931030538,24.757633925715705,3.564153885518933,16.227272727272727,4,0.0,0.0,0.0
6.0,2.0,1.0,-4.0,-65.95695193226219,621.4159093679339,478.093887877759,1.0,0.3083758014818738,1.9918126615880154,4795.877777777779,69.6095450741642,1478.9326535313305,21.465899253034006,32.12222222222223,4,-0.16705840101178637,-0.04629396622050308,-0.07842678677801018
6.0,2.0,1.0,-3.0,-66.6880748808853,594.3751723861196,485.6632506241216,1.0,0.2478182076591243,2.202806153947307,1081.5,33.49809088624687,268.01539158334293,8.301436843432146,25.5,4,-0.3056824074127462,-0.14434029188100794,-0.1870814377681569
6.0,2.0,1.0,-2.0,-66.80644180686464,567.3612840983869,493.6072845525072,1.0,0.18851234318155424,2.402320722719052,4743.218390804598,69.2902507995131,894.1552130724159,13.062067537853776,36.781609195402304,4,-0.3735987150209894,-0.04264514876990688,-0.143893666821171
6.0,2.0,1.0,-1.0,-65.50633756880711,539.964145407526,502.0184783592978,1.0,0.12960697407211982,2.551298489889625,646.4418604651162,26.418348754083294,83.78337344843521,3.4240022419986924,32.55813953488372,5,-0.41269297897133583,-0.011186815136852601,-0.21026245471399818
6.0,2.0,1.0,0.0,-59.28259877092681,511.061133457766,511.0384586365367,1.0,0.06881946250783699,2.6068775699345963,65073.36781609195,255.46477168215776,4478.314196678227,17.580948276853395,122.63218390804599,5,0.0,0.0,0.0
6.0,2.0,2.0,-9.0,-68.46029727091208,782.7276668924718,467.1821274091525,1.0,0.6869035453663862,1.144641081555722,208.77272727272728,15.310272438750408,143.406726539446,10.516680418702924,16.227272727272727,4,0.0,0.0,0.0
6.0,2.0,2.0,-8.0,-70.90579419334914,751.4294206454829,473.5825021805728,1.0,0.6120427333035,1.2389645068441844,319.42857142857144,18.497740538334618,195.50393595237514,11.321407679021275,14.571428571428573,4,0.3857564418461834,-0.24603625549923436,0.04762388264717288
6.0,2.0,2.0,-7.0,-73.48485411335258,721.7830814890525,480.09222352687846,1.0,0.5413593051149272,1.3449470634618819,287.42045454545456,17.432466356326717,155.59773754854382,9.43722787310038,10.579545454545455,4,0.42950930997892556,-0.16002013704792262,0.05252965814676713
6.0,2.0,2.0,-6.0,-76.2518461935066,693.5076793266674,486.7715621258006,1.0,0.4744887162079469,1.4627521655358713,755.8181818181818,28.15022055606975,358.6271987775337,13.356962012620095,23.18181818181818,5,0.32015621457935595,-0.040259017128960295,-0.02438487209747109
6.0,2.0,2.0,-5.0,-79.28905016746955,666.3943003184214,493.67861903662885,1.0,0.411115354306425,1.5909699304268667,10.352272727272727,5.921872103893838,4.255978270149467,2.4345725481496494,15.647727272727273,5,0.0,0.0,0.0
6.0,2.0,2.0,-4.0,-82.7273546474101,640.3130859499759,500.8701598269226,1.0,0.35102209508826737,1.7253167402675982,361.4615384615385,19.95474592767442,126.88098652459759,7.004556722486346,23.538461538461537,5,0.015060452961051851,-0.07562802044628825,-0.08899788121847507
6.0,2.0,2.0,-3.0,-86.7870599716548,615.2435788085073,508.4008977072394,1.0,0.29417700116309287,1.8570384385636927,546.1428571428571,24.125945048635835,160.66266792092912,7.0972981646332585,22.857142857142858,5,0.014881840894872767,-0.1638911698753418,-0.04816052894113909
6.0,2.0,3.0,-8.0,-78.87912259954533,780.306104877981,499.376370393961,1.0,0.6794324429116386,1.1242428581356787,127.86206896551724,12.063545581035921,86.8736378729778,8.196364244299138,11.137931034482758,4,0.0,0.0,0.0
6.0,2.0,3.0,-7.0,-82.1274255163932,751.1730729541196,505.5472432389688,1.0,0.6099960680659029,1.2016222004445476,24.804597701149426,6.28721973416957,15.130707067657683,3.8351793169097887,9.195402298850574,4,0.0,0.0,0.0
6.0,2.0,3.0,-6.0,-85.66360409384612,723.8801400968813,511.969771644229,1.0,0.5451276359815258,1.2834045379382153,1465.9999999999998,38.820384107092785,799.1571143489167,21.162064216194285,26.0,5,0.38018784179007525,-0.19787801135004202,-0.05394807821519976
6.0,3.0,0.0,-9.0,-42.328573866323126,788.6380993075197,480.4221592471405,1.0,0.7003074467168311,1.1180957735645376,234.63218390804602,16.039244544868332,164.31466563023764,11.232402394483604,14.36781609195402,5,0.40660579373047767,-0.0606454704448538,0.07857386632312569
6.0,3.0,0.0,-8.0,-42.15118527685087,757.1088194852582,486.60100986377495,1.0,0.6250205545731182,1.2054702184057156,96.47727272727273,10.492273820166693,60.300278503701975,6.557886801813596,8.522727272727273,5,0.0,0.0,0.0
6.0,3.0,0.0,-7.0,-41.54057940464807,727.2869754099274,492.9454827356271,1.0,0.55395621098997,1.3023691611019237,28.307692307692307,6.574110959760461,15.681221972639152,3.6417695978965403,9.692307692307693,4,0.0,0.0,0.0
6.0,3.0,0.0,-6.0,-40.35224005375596,698.8860931370504,499.51092990548426,1.0,0.4867590031606875,1.4083970905232162,752.8181818181818,27.952291113831738,366.44102774305935,13.60602935862608,18.18181818181818,4,-0.035485916953916785,0.03547311754493876,-0.014545838774395747
6.0,3.0,0.0,-5.0,-38.369035192280165,671.6939680940318,506.35177229761655,1.0,0.4231212768377546,1.521670054969668,255.05882352941174,16.608873269438742,107.92081508050022,7.0275676646013725,12.941176470588234,5,0.07682986861675545,0.1616402660505969,0.11903519228016535
6.0,3.0,1.0,-9.0,-51.9915564379219,788.2756235545746,504.45451362969175,1.0,0.6979711406944976,1.0990225537415037,46.883720930232556,7.630210939629007,32.72348417767691,5.3256670332724925,7.116279069767442,4,0.0,0.0,0.0
6.0,3.0,1.0,-8.0,-52.72692684731729,755.7813031659553,510.2304315718555,1.0,0.6206585819481633,1.1816595878233898,514.1931818181819,23.111275802405977,319.1384110746868,14.344211666534193,12.806818181818182,5,0.2552240753957449,-0.051041317931606045,0.02499981962396447
6.0,3.0,1.0,-7.0,-53.21348324295508,724.8480581528842,516.2907410837079,1.0,0.547215063627724,1.2724825710287926,7.674157303370787,5.4962888168965955,4.1994144770532085,3.007652034654418,14.325842696629213,5,0.0,0.0,0.0
6.0,3.0,1.0,-6.0,-53.362521158366576,695.1116985748022,522.6866867348635,1.0,0.4771415236505587,1.3708092249788115,368.6666666666667,19.657625040228595,175.90617505250597,9.379469163046046,11.333333333333332,4,0.0,0.0,0.0
6.0,3.0,1.0,-5.0,-53.032337141418395,666.2438752468356,529.4743831625198,1.0,0.40990443051352404,1.4745653038260431,76.52941176470587,10.133537453173936,31.369744946946746,4.153781898830729,16.470588235294116,4,0.0,0.0,0.0
6.0,3.0,1.0,-4.0,-51.982814846894826,637.9263417200891,536.7173895225667,1.0,0.34492195208496546,1.5795248156398884,415.25,20.865981993317607,143.2288406032819,7.1971352413048475,12.75,4,-0.07387092905287318,0.055738230737347294,-0.005597334679592336
6.0,3.0,1.0,-3.0,-49.77304250358202,609.8125837382893,544.4907186604543,1.0,0.2815137847538383,1.6786204082798128,456.4623655913978,21.889005682690403,128.50044813532463,6.16205683423245,14.53763440860215,5,-0.23124331903920847,0.04144212237088141,-0.0664593733423473
6.0,3.0,1.0,-2.0,-45.495081843473685,581.4444746599203,552.8889524432724,1.0,0.21875294656091285,1.7619170340116135,1417.4186046511627,38.028344016284436,310.06449627769945,8.318812306394278,18.58139534883721,4,-0.39047123029354225,0.06759682463416539,-0.08496036731644807
6.0,3.0,1.0,-1.0,-36.91340363129615,551.9857350192908,562.049764988726,1.0,0.15494299155211788,1.8180910220875344,2765.821428571429,52.9630815776809,428.5446462418095,8.206258301464743,25.17857142857143,4,0.0,0.0,0.0
6.0,3.0,2.0,-8.0,-62.3148627853119,767.6002201296892,536.1051812907973,1.0,0.6468518430320036,1.1179893483579386,210.79310344827587,15.361361190484425,136.35190746395304,9.936524797545143,16.20689655172414,5,0.37178154185278345,-0.18123645168316216,0.06486278531190237
6.0,3.0,2.0,-7.0,-63.85250753230632,736.2222979163454,541.8349884020397,1.0,0.5725979808077887,1.1939613898786572,229.4252873563218,15.509717034803367,131.36845628647654,8.880832657028572,6.5747126436781596,5,0.09466294320952784,-0.3676054396452173,0.007726258323202728
6.0,3.0,2.0,-6.0,-65.31943567699263,706.1609817214357,548.0105693932467,1.0,0.5018255156011265,1.274041657736292,214.09090909090907,15.460894417799608,107.43628084005935,7.758671312866867,15.90909090909091,5,0.23467391372844304,-0.18252435742272155,0.06943567699262587
6.0,3.0,2.0,-5.0,-66.69158206311319,677.0870138788467,554.6805447016627,1.0,0.43403776821810325,1.3560331965868109,738.5168539325842,27.733815089739995,320.5442070723538,12.037523205724302,19.48314606741573,5,0.0,0.0,0.0
6.0,3.0,2.0,-4.0,-67.92785453553742,648.6950259310928,561.903040366188,1.0,0.3687073943529523,1.4362999004784673,229.35632183908046,15.577855220130509,84.56537180366449,5.743670407821856,8.643678160919539,4,0.19962304527143715,0.01919845289648947,-0.04202948168426701
6.0,3.0,2.0,-3.0,-68.95338646901263,620.677010694398,569.7485683580571,1.0,0.3052531255674766,1.5095804963110648,1897.235294117647,43.952278304612264,579.1370034663424,13.416570328294483,21.76470588235294,4,0.006417634059289412,-0.06651686833777148,-0.13047667726635837
6.0,3.0,2.0,-2.0,-69.61752337460302,592.6754846664554,578.3054570321367,1.0,0.24296763349972406,1.569285618359566,2181.1034482758623,47.207261780406256,529.9375432456741,11.469836678787278,29.896551724137932,5,-0.09201952810678904,-0.021753714371698152,-0.20489805410132078
6.0,3.0,2.0,-1.0,-69.5652591736254,564.1610844709082,587.6930755473234,1.0,0.18078805607590848,1.6085693653021444,907.2584269662922,30.374039074774778,164.02148736972254,5.4912634795022175,9.741573033707866,4,0.0,0.0,0.0
6.0,3.0,2.0,0.0,-67.68184723763972,533.9320212495013,598.1113295489508,1.0,0.11630171117261888,1.6221136320146778,1421.3488372093022,38.125139086891316,165.30530194065395,4.434018914499557,20.651162790697676,5,0.0,0.0,0.0
6.0,3.0,2.0,1.0,-55.536112728487865,494.2438377956559,610.3896746319523,1.0,0.033929995731888284,1.6079239253585147,1949.7931034482758,44.424821933295284,66.1564716780652,1.507334018586606,15.206896551724139,4,0.0,0.0,0.0
6.0,3.0,3.0,-7.0,-72.60997754758301,761.115740888541,570.7229398515943,1.0,0.6286916280400662,1.0902642709892536,443.4090909090909,21.564577244535474,278.7675832514021,13.55746917586277,13.59090909090909,4,0.5362869378751611,-0.3199300555601212,-0.024386656666663953
6.0,3.0,3.0,-6.0,-75.03140101999907,731.4032383099044,576.5804161452677,1.0,0.5588585845969111,1.1502111601783989,7.404494382022472,4.438929253498068,4.1380652499928585,2.480733719735753,7.595505617977528,4,0.0,0.0,0.0
6.0,3.0,3.0,-5.0,-77.59389697181695,703.135410350815,583.0313947715177,1.0,0.49275093159332295,1.2094591754024624,481.7356321839081,22.346013047405357,237.37568154031908,11.01101874650554,11.264367816091953,4,0.0,0.0,0.0
6.0,3.0,3.0,-4.0,-80.3567034709601,676.1256626918486,590.114905035451,1.0,0.4301376401326253,1.2653696061056283,50.44186046511628,7.64128187876066,21.696942824364285,3.2868029549183038,4.558139534883721,4,0.0,0.0,0.0
6.0,3.0,3.0,-3.0,-83.41137650414265,650.2793561485379,597.8759354418816,1.0,0.3709097426808683,1.314613190113296,561.0,24.241149587701763,208.0803656439671,8.991278555862898,17.0,4,0.0,0.0,0.0
6.0,3.0,3.0,-2.0,-86.90621999091894,625.6312213273944,606.3615355989702,1.0,0.31518124163784605,1.3534719279687741,68.77272727272727,9.307754698135374,21.675873572639137,2.933629682618802,11.227272727272727,4,0.0,0.0,0.0
6.0,3.0,4.0,-6.0,-82.08969963732676,769.747274182454,610.0932501465679,1.0,0.6444509898566759,1.0251470533898206,12.696629213483147,4.808772965860654,8.182355264472402,3.099018497844922,6.3033707865168545,4,0.0,0.0,0.0
6.0,3.0,4.0,-5.0,-85.23004466660348,742.3931470007449,616.2240552340104,1.0,0.5806489503144954,1.0664237816064255,178.98850574712645,13.895158843706982,103.929487980429,8.068209397051636,9.011494252873563,5,0.0,0.0,0.0
6.0,4.0,1.0,-8.0,-44.03458797644285,781.0756796021077,578.4519070321662,1.0,0.6744211256940684,1.040143888162485,92.9655172413793,10.216552981103538,62.69790878866235,6.890259162228939,7.034482758620689,4,0.0,0.0,0.0
6.0,4.0,1.0,-7.0,-43.6154687790399,748.4372110647491,583.6419388468767,1.0,0.5979237972084741,1.100454740150484,151.0909090909091,12.679002620001958,90.34085008731672,7.581077391367763,5.909090909090909,4,0.0,0.0,0.0
6.0,4.0,1.0,-6.0,-42.667576713987984,717.1445444297852,589.4830987663996,1.0,0.5247300968089803,1.1621696478078203,329.2045454545455,18.604670945537723,172.74353300632,9.762430786351233,10.795454545454547,5,-0.0067638011769304285,-0.06238035716296508,-0.021615075620751156
6.0,4.0,1.0,-5.0,-40.98645679423191,686.7957229655505,596.0172531191428,1.0,0.4542613022439567,1.2233550666289907,262.6741573033708,16.888137575195866,119.32270476246316,7.6716273673835715,14.325842696629213,4,-0.05389658449075796,0.09878811132921328,-0.002148456210989025
6.0,4.0,1.0,-4.0,-38.24172918537471,656.9853597916257,603.3046880715982,1.0,0.3858361563130023,1.2812742191321758,416.5681818181818,20.815882787901874,160.72706611502315,8.031520205146041,10.431818181818182,5,-0.2175346393505606,-0.12804887417792088,-0.008270814625291223
6.0,4.0,2.0,-8.0,-52.91409642707339,788.509482302069,607.9314181635173,1.0,0.6879537283493089,0.9959063307940077,172.13953488372096,13.82148803995878,118.42403481957174,9.508544228425025,11.86046511627907,4,0.0,0.0,0.0
6.0,4.0,2.0,-7.0,-53.402051461180335,754.7672909727316,612.7431866092347,1.0,0.6095752139813447,1.048453185703963,165.85714285714286,13.434740224431554,101.10240334747732,8.189484647091644,9.142857142857142,4,0.0,0.0,0.0
6.0,4.0,2.0,-6.0,-53.56580091196915,722.3362208480069,618.365952372956,1.0,0.534240579102881,1.1014030769736536,250.0,16.55294535724685,133.56014477572026,8.843255113513901,15.000000000000002,4,0.3799224514182242,0.10092069205950338,-0.007993869101177609
6.0,4.0,2.0,-5.0,-53.275739949990836,690.7351683512503,624.8399536825592,1.0,0.4612618158528853,1.1530562738577743,162.14772727272725,13.340356191113681,74.79255511823658,6.153396920837377,9.852272727272728,5,0.0,0.0,0.0
6.0,4.0,2.0,-4.0,-52.31387826256092,659.4393305081499,632.233773022845,1.0,0.3897550693389493,1.201160361359526,27.880952380952383,6.67121443522964,10.86674252847404,2.600139644777928,10.119047619047619,5,0.0,0.0,0.0
6.0,4.0,2.0,-3.0,-50.27964863904654,627.7650051562734,640.6572497514805,1.0,0.3184485177799583,1.242998198217175,539.5909090909091,23.650214473194513,171.83192520754025,7.53137574416691,12.40909090909091,4,-0.10889350640195516,-0.1931944325109498,-0.10105929197340657
6.0,4.0,2.0,-2.0,-46.32874239767699,594.5701073480881,650.2982052310217,1.0,0.2451115409638558,1.275649244944813,676.0689655172413,26.60232527184801,165.7123059357709,6.52053694060439,19.93103448275862,5,0.0,0.0,0.0
6.0,4.0,2.0,-1.0,-38.171737326604585,557.0839508010292,661.565756517736,1.0,0.16423553173469946,1.2964316228687933,785.6551724137933,28.435434231546093,129.03249500149633,4.670108661125048,14.344827586206895,5,-0.4144942733048538,-0.04009713774576085,-0.17429262769309162
6.0,4.0,3.0,-7.0,-61.94532198164052,774.962118393003,646.75184680643,1.0,0.6513303229269455,0.9761161405298165,109.53846153846153,10.930658257434837,71.34572152676695,7.119469172619116,6.461538461538462,4,0.0,0.0,0.0
6.0,4.0,3.0,-6.0,-63.108035146525594,742.0579694214006,651.9957018059505,1.0,0.5756470575094182,1.0184079035894107,150.60714285714286,12.802690689417162,86.69655862561488,7.369831223566214,8.392857142857142,4,0.0,0.0,0.0
6.0,4.0,3.0,-5.0,-64.09688768916931,710.2883736395862,658.2517854013563,1.0,0.5026683060868207,1.0588196633281766,628.5172413793103,25.493208626769416,315.9356970704993,12.814627997136107,13.482758620689655,4,0.5444567572468486,-0.05541303366123884,0.0031387031541925126
6.0,4.0,3.0,-4.0,-64.83897436914577,679.1933275197847,665.5719505407159,1.0,0.4317148300723179,1.0956960999004282,69.01162790697676,8.740090889154187,29.793343214874504,3.773226853027814,3.988372093023256,5,0.0,0.0,0.0
6.0,4.0,3.0,-3.0,-65.20671829157499,648.2527231409499,674.0445607093465,1.0,0.36190105735048916,1.127168878168838,258.3181818181818,16.448077583667555,93.4856231328559,5.952576668912167,7.681818181818182,4,0.2513528443915902,-0.6875941399051726,-0.25639217136719594
6.0,4.0,3.0,-2.0,-64.95308778561696,616.7547869548983,683.8124329273908,1.0,0.2919072494535066,1.1513403722982778,102.625,10.627787432127128,29.956981475166113,3.102328197088776,6.375,4,0.0,0.0,0.0
6.0,4.0,3.0,-1.0,-63.513956906393105,583.422815323357,695.1264048004252,1.0,0.21926468984354855,1.1665452377218908,609.0804597701149,25.025498952733535,133.54983810126018,5.487208266051168,10.919540229885056,4,0.0,0.0,0.0
6.0,4.0,3.0,0.0,-59.09909189946541,544.7301061464796,708.5832877494245,1.0,0.1370345516822228,1.1716368096224263,73.47674418604652,9.190937173228214,10.068852698604255,1.2594759550728045,6.523255813953488,4,0.0,0.0,0.0
6.0,4.0,4.0,-6.0,-70.61919526875732,775.9908122671743,692.6370588305,1.0,0.6459397569439445,0.9285192192818463,91.64044943820225,10.314525837483497,59.194209636346194,6.662562312456125,9.359550561797754,4,0.0,0.0,0.0
6.0,4.0,4.0,-5.0,-72.48192566069258,744.4609899880058,698.4835466843955,1.0,0.5743959537954744,0.9588357311751519,141.05263157894737,12.569496559819452,81.02006085115113,7.219867965206428,10.947368421052632,4,0.0,0.0,0.0
6.0,4.0,4.0,-4.0,-74.342857003532,714.2654175149335,705.5620872523123,1.0,0.5058480019666061,0.9859598925849721,66.65517241379311,9.152291181721466,33.717385786256884,4.629668207690392,10.344827586206895,5,0.0,0.0,0.0
6.0,4.0,4.0,-3.0,-76.20437616242822,685.0928203900963,713.9216855977397,1.0,0.439920830142601,1.0087002957136244,225.31818181818184,15.546866629114405,99.12216159167608,6.8393904735963105,10.681818181818182,5,0.0,0.0,0.0
6.0,4.0,4.0,-2.0,-78.0689724634637,656.6682645788637,723.6412041435693,1.0,0.37623547129763435,1.0259085739308462,160.82758620689654,13.00834615260935,60.50904269421264,4.8942012455297474,5.172413793103448,4,0.0,0.0,0.0
6.0,4.0,4.0,-1.0,-79.93935517312144,628.7415942171151,734.8315271892184,1.0,0.31441742330938593,1.0366179703923748,365.4090909090909,19.588707427435992,114.89098481746151,6.159030915295855,11.59090909090909,4,0.0,0.0,0.0
6.0,4.0,4.0,0.0,-81.8186989575172,601.0781262007956,747.6395702944674,1.0,0.2541031485602432,1.0401819037331792,285.3333333333333,17.600166846251003,72.50409838918938,4.472257810817985,15.666666666666666,5,0.924422868793954,-0.5966609563758993,-0.3453973973132918
6.0,4.0,4.0,1.0,-83.71128235973072,573.4515372509817,762.254309208849,1.0,0.19494738330775438,1.03637729562309,512.0674157303371,22.979764513014526,99.82620277379324,4.479844960840574,9.932584269662922,4,0.8086863828048081,0.02402561187648189,-0.2760004372665037
6.0,4.0,5.0,-4.0,-80.67161773494524,763.0498765309798,755.8749940281548,1.0,0.6049388573925318,0.8837809016284681,36.72727272727273,6.539188920312456,22.21775439878026,3.955809473727721,3.2727272727272725,5,0.0,0.0,0.0
6.0,4.0,5.0,-3.0,-83.17568021789691,735.1672993565724,764.0792221271181,1.0,0.5425555145547665,0.9000447620616646,51.87500000000001,7.866497443258555,28.145067317528515,4.2680115680709,6.125,5,0.0,0.0,0.0
6.0,5.0,2.0,-7.0,-42.22632766077538,776.7069702340636,699.1651050716039,1.0,0.6463244875542643,0.9215549661565291,16.886363636363637,5.473343082991621,10.91407032392769,3.537555663323237,8.113636363636363,5,0.0,0.0,0.0
6.0,5.0,2.0,-6.0,-41.11720539257371,740.7112692695077,704.0922718042273,1.0,0.5651226113674555,0.9568733600681765,30.333333333333336,6.282356245868265,17.142052544812817,3.550301567205718,5.666666666666666,4,0.0,0.0,0.0
6.0,5.0,2.0,-5.0,-39.217995014569254,705.2854007450177,710.4121395626598,1.0,0.4851903880639142,0.9901389447262989,131.9655172413793,11.988394110190923,64.02840052139999,5.816653590586677,7.034482758620689,5,0.0,0.0,0.0
6.0,5.0,2.0,-4.0,-36.14217858845103,669.5285112484798,718.2297728382227,1.0,0.4050522217282419,1.0200748878247172,438.3829787234043,21.364139048928383,177.5679994997595,8.65359198707953,11.617021276595745,4,-0.09026447218741396,0.259047698864606,0.03189229955951589
6.0,5.0,3.0,-6.0,-49.977152784141566,753.9005711340266,745.6608393127852,1.0,0.5869956597006095,0.9009197159000008,67.84269662921348,8.744573298708913,39.82336846373348,5.133026572275973,5.157303370786517,4,0.0,0.0,0.0
6.0,5.0,3.0,-5.0,-49.202469502159204,716.877780849928,751.8372619078357,1.0,0.5047241187138661,0.92851627300984,138.08045977011494,12.470766450148199,69.69253836907671,6.2942966062374985,10.919540229885056,5,0.0,0.0,0.0
6.0,5.0,3.0,-4.0,-47.5883404573446,679.436760357896,759.8132665271439,1.0,0.4218089731993902,0.9530649921970137,161.27906976744185,13.240607352834338,68.02895881715746,5.585006992035348,8.720930232558139,4,0.0,0.0,0.0
