row_zero_based,run,h,k,l,omega,x,y,module,flags_1_edge_2_short_4_lowL_8_shadow_16_invalid_32_symmetry_outlier
0,1,-1,0,0,5.5908831,375.11676,340.07057,0,0
1,1,0,0,1,48.326766,351.36394,398.69739,0,19
2,1,1,-1,3,36.391072,348.26701,502.24739,0,0
3,1,2,-3,6,26.81853,377.37138,691.22118,0,0
4,1,-3,0,-10,36.991049,189.12837,14.609338,0,0
5,1,-3,0,-9,44.200427,204.44146,48.196425,0,19
6,1,-2,-1,-13,35.586145,35.059811,8.4360678,0,0
7,1,-2,-1,-12,40.184888,62.0656,48.117654,0,19
8,1,-2,-1,-11,45.0818,86.883595,82.859134,0,19
9,1,-2,0,-12,25.198728,113.80336,13.723367,0,0
10,1,-2,0,-11,29.328115,137.6257,50.137891,0,0
11,1,-2,0,-10,33.795743,160.19653,82.358459,0,0
12,1,-2,0,-9,38.78494,181.60764,111.26356,0,1
13,1,-2,0,-8,44.581097,201.84263,137.53124,0,19
14,1,-2,1,-11,5.1900688,185.57889,10.466548,0,0
15,1,-2,1,-10,6.7232482,207.88848,44.89073,0,0
16,1,-2,1,-9,7.7130218,230.11217,75.526174,0,0
17,1,-2,1,-8,7.7851804,252.55614,103.11993,0,0
18,1,-2,1,-7,5.9323944,275.87957,128.22338,0,0
19,1,-2,1,-6,-2.1833019,302.78673,151.11253,0,0
20,1,-1,-1,-13,32.297241,10.325349,74.295366,0,0
21,1,-1,-1,-12,36.03657,40.286971,109.06301,0,0
22,1,-1,-1,-11,39.952481,67.948419,139.81477,0,3
23,1,-1,-1,-10,44.113546,93.704706,167.40664,0,19
24,1,-1,-1,-9,48.609978,117.83716,192.49217,0,19
25,1,-1,0,-13,20.076167,49.480262,41.670535,0,0
26,1,-1,0,-12,23.128617,78.162673,78.058381,0,0
27,1,-1,0,-11,26.240107,105.03945,110.12283,0,0
28,1,-1,0,-10,29.459745,130.47082,138.7819,0,0
29,1,-1,0,-9,32.856283,154.73486,164.73397,0,0
30,1,-1,0,-8,36.533371,178.04457,188.52341,0,0
31,1,-1,0,-7,40.659543,200.55326,210.58485,0,19
32,1,-1,0,-6,45.532608,222.34431,231.27401,0,19
33,1,-1,1,-12,6.313378,106.64758,41.646318,0,0
34,1,-1,1,-11,7.9380482,132.25842,75.869351,0,0
35,1,-1,1,-10,9.2782372,156.73561,106.28629,0,0
36,1,-1,1,-9,10.245109,180.32221,133.67912,0,0
37,1,-1,1,-8,10.682483,203.21671,158.65254,0,0
38,1,-1,1,-7,10.300413,225.58024,181.6854,0,0
39,1,-1,1,-6,8.5092774,247.53361,203.1662,0,0
40,1,-1,1,-5,3.9327229,269.12762,223.4193,0,0
41,1,-1,1,-4,-7.3735483,290.19184,242.72897,0,1
42,1,-1,2,-11,-13.420857,146.70263,35.746802,0,19
43,1,-1,2,-10,-14.268865,168.49331,68.912948,0,19
44,1,-1,2,-9,-16.060781,189.14341,98.600348,0,19
45,1,0,-2,-10,46.897133,33.357024,240.30077,0,19
46,1,0,-1,-12,31.29986,13.318831,161.75638,0,0
47,1,0,-1,-11,34.364946,43.026901,189.78157,0,0
48,1,0,-1,-10,37.527978,70.726434,215.12566,0,0
49,1,0,-1,-9,40.83237,96.786723,238.34882,0,19
50,1,0,-1,-8,44.336701,121.49277,259.89325,0,19
51,1,0,-1,-7,48.12353,145.06178,280.11638,0,19
52,1,0,0,-13,17.601064,10.813328,99.73141,0,0
53,1,0,0,-12,19.979245,41.783027,132.55383,0,0
54,1,0,0,-11,22.309708,70.583962,161.71612,0,0
55,1,0,0,-10,24.598865,97.661093,187.99267,0,0
56,1,0,0,-9,26.852318,123.36526,211.97852,0,0
57,1,0,0,-8,29.075026,147.98023,234.14196,0,0
58,1,0,0,-7,31.271436,171.74133,254.86028,0,0
59,1,0,0,-6,33.445587,194.84871,274.4448,0,0
60,1,0,0,-5,35.601188,217.47705,293.1588,0,0
61,1,0,0,-4,37.741687,239.78301,311.23099,0,0
62,1,0,0,-3,39.870332,261.91103,328.86572,0,3
63,1,0,0,-2,41.990214,283.99823,346.2513,0,19
64,1,0,0,-1,44.104314,306.17866,363.56696,0,27
65,1,0,1,-13,4.6726349,29.38229,64.222636,0,0
66,1,0,1,-12,6.1673426,58.941775,99.282622,0,0
67,1,0,1,-11,7.4313296,86.459638,130.27079,0,0
68,1,0,1,-10,8.4182959,112.32308,158.05115,0,0
69,1,0,1,-9,9.057241,136.82291,183.28338,0,0
70,1,0,1,-8,9.2385118,160.17136,206.48357,0,0
71,1,0,1,-7,8.7888491,182.5066,228.06516,0,0
72,1,0,1,-6,7.4251017,203.88021,248.36755,0,0
73,1,0,1,-5,4.665666,224.21543,267.67667,0,0
74,1,0,1,-4,-0.33821049,243.20225,286.24054,0,0
75,1,0,1,-3,-9.0770113,260.0507,304.28088,0,19
76,1,0,2,-13,-9.7678121,35.855894,22.020871,0,19
77,1,0,2,-12,-9.2100136,63.50764,60.462138,0,19
78,1,0,2,-11,-9.0565449,89.030423,94.199703,0,19
79,1,0,2,-10,-9.3873459,112.71762,124.24851,0,19
80,1,0,2,-9,-10.313008,134.7464,151.37585,0,19
81,1,0,2,-8,-11.984248,155.18328,176.17663,0,19
82,1,0,2,-7,-14.602164,173.97371,199.12324,0,19
83,1,1,-2,-10,39.742328,9.7859114,284.64956,0,3
84,1,1,-2,-9,42.584231,37.790852,306.21859,0,19
85,1,1,-2,-8,45.508613,64.044665,326.43406,0,19
86,1,1,-2,-7,48.545463,88.830292,345.61476,0,19
87,1,1,-1,-11,28.559721,11.684089,235.53513,0,0
88,1,1,-1,-10,30.891422,40.940311,259.3169,0,0
89,1,1,-1,-9,33.213397,68.386071,281.25782,0,0
90,1,1,-1,-8,35.534478,94.364613,301.75797,0,0
91,1,1,-1,-7,37.86515,119.15471,321.14334,0,1
92,1,1,-1,-6,40.218803,142.98717,339.68646,0,19
93,1,1,-1,-5,42.613907,166.05646,357.62151,0,19
94,1,1,-1,-4,45.078142,188.52864,375.15551,0,27
95,1,1,-1,-3,47.656978,210.54598,392.4772,0,27
96,1,1,0,-11,17.912965,32.347799,208.13615,0,0
97,1,1,0,-10,19.50282,60.697325,232.78073,0,0
98,1,1,0,-9,20.93818,87.370677,255.42736,0,0
99,1,1,0,-8,22.184378,112.68099,276.49855,0,0
100,1,1,0,-7,23.188445,136.87879,296.33707,0,0
101,1,1,0,-6,23.867723,160.16472,315.22795,0,0
102,1,1,0,-5,24.088571,182.6955,333.41431,0,0
103,1,1,0,-4,23.623798,204.58181,351.10912,0,0
104,1,1,0,-3,22.060511,225.87132,368.5039,0,8
105,1,1,0,-2,18.580737,246.49615,385.77476,0,8
106,1,1,0,-1,11.386291,266.1137,403.08442,0,0
107,1,1,0,0,-3.8217648,283.57645,420.57213,0,0
108,1,1,1,-12,4.4709307,11.758529,149.31978,0,0
109,1,1,1,-11,5.4077701,40.936184,178.13693,0,0
110,1,1,1,-10,6.0690571,68.01088,204.13585,0,0
111,1,1,1,-9,6.3959988,93.324887,227.90458,0,0
112,1,1,1,-8,6.3053713,117.1248,249.90551,0,0
113,1,1,1,-7,5.678481,139.57325,270.51083,0,0
114,1,1,1,-6,4.3442497,160.74837,290.02686,0,0
115,1,1,1,-5,2.0538869,180.62888,308.71131,0,0
116,1,1,1,-4,-1.5541346,199.0594,326.78523,0,0
117,1,1,1,-3,-6.9909957,215.68816,344.44058,0,1
118,1,1,1,-2,-14.913748,229.87547,361.84345,0,19
119,1,1,2,-12,-8.2736927,8.9666999,113.04685,0,19
120,1,1,2,-11,-8.1003727,36.63727,144.28613,0,19
121,1,1,2,-10,-8.3125959,61.991355,172.28375,0,19
122,1,1,2,-9,-8.9806835,85.313115,197.71655,0,19
123,1,1,2,-8,-10.195328,106.77455,221.1113,0,19
124,1,1,2,-7,-12.071209,126.44539,242.88708,0,19
125,1,1,2,-6,-14.748904,144.29313,263.38417,0,19
126,1,2,-3,-7,45.860214,26.040039,413.48377,0,19
127,1,2,-3,-6,48.217058,51.214663,431.62247,0,19
128,1,2,-2,-9,34.608396,7.5829274,348.83626,0,0
129,1,2,-2,-8,36.626369,35.381223,368.36224,0,0
130,1,2,-2,-7,38.599783,61.615321,387.02998,0,1
131,1,2,-2,-6,40.522984,86.569981,405.09398,0,19
132,1,2,-2,-5,42.386536,110.48515,422.77611,0,19
133,1,2,-2,-4,44.175229,133.56916,440.27633,0,19
134,1,2,-2,-3,45.86454,156.01024,457.78133,0,19
135,1,2,-2,-2,47.413977,177.98853,475.47203,0,19
136,1,2,-2,-1,48.753518,199.69232,493.53074,0,19
137,1,2,-2,3,44.501351,292.08028,573.82254,0,19
138,1,2,-1,-9,25.891215,32.927742,323.08594,0,0
139,1,2,-1,-8,27.312258,59.982211,342.89565,0,0
140,1,2,-1,-7,28.575211,85.644387,361.75758,0,0
141,1,2,-1,-6,29.639334,110.17855,379.93073,0,0
142,1,2,-1,-5,30.443642,133.80998,397.6398,0,0
143,1,2,-1,-4,30.89406,156.73719,415.08603,0,32
144,1,2,-1,-3,30.839204,179.14339,432.45593,0,0
145,1,2,-1,-2,30.021028,201.20984,449.92873,0,0
146,1,2,-1,-1,27.963618,223.13734,467.68375,0,0
147,1,2,-1,0,23.685707,245.19397,485.90904,0,0
148,1,2,-1,1,14.791521,267.86341,504.81656,0,0
149,1,2,-1,2,-6.5887937,292.5901,524.69524,0,1
150,1,2,0,-10,14.306111,18.613288,275.35642,0,0
151,1,2,0,-9,15.152556,46.322118,297.10084,0,0
152,1,2,0,-8,15.738388,72.340364,317.45377,0,0
153,1,2,0,-7,15.999904,96.941113,336.73755,0,0
154,1,2,0,-6,15.84639,120.33442,355.22137,0,0
155,1,2,0,-5,15.146217,142.67473,373.13588,0,8
156,1,2,0,-4,13.703946,164.06055,390.68399,0,8
157,1,2,0,-3,11.222002,184.52423,408.04868,0,0
158,1,2,0,-2,7.2365692,204.00515,425.39829,0,0
159,1,2,0,-1,1.0163369,222.29288,442.8889,0,0
160,1,2,0,0,-8.5602235,238.91472,460.66208,0,19
161,1,2,1,-10,2.9084143,20.788349,247.16355,0,0
162,1,2,1,-9,2.9784488,47.146414,269.96113,0,0
163,1,2,1,-8,2.6654238,71.649273,291.1791,0,0
164,1,2,1,-7,1.8841147,94.50693,311.16598,0,0
165,1,2,1,-6,0.52142242,115.84792,330.20921,0,0
166,1,2,1,-5,-1.5721464,135.71995,348.55108,0,0
167,1,2,1,-4,-4.5916888,154.08195,366.39991,0,8
168,1,2,1,-3,-8.7840216,170.78762,383.93775,0,27
169,1,2,1,-2,-14.440574,185.56292,401.32516,0,27
170,1,2,2,-10,-9.1201947,10.28815,216.29675,0,19
171,1,2,2,-9,-9.7176083,35.069543,240.63428,0,19
172,1,2,2,-8,-10.757211,57.707296,263.13293,0,19
173,1,2,2,-7,-12.313571,78.366056,284.18376,0,19
174,1,2,2,-6,-14.47482,97.121467,304.10491,0,19
175,1,3,-4,-5,44.724369,5.683967,528.0179,0,19
176,1,3,-4,-4,46.225022,30.816681,546.4582,0,19
177,1,3,-4,-3,47.596441,54.888128,565.28955,0,19
178,1,3,-4,-2,48.804531,78.174086,584.72479,0,19
179,1,3,-4,4,46.245372,226.63581,730.01931,0,19
180,1,3,-4,5,38.358156,269.98324,764.60451,0,1
181,1,3,-3,-6,37.761413,21.745936,477.23955,0,1
182,1,3,-3,-5,39.055855,47.496568,495.13638,0,1
183,1,3,-3,-4,40.183134,72.19178,513.10692,0,19
184,1,3,-3,-3,41.096511,96.105551,531.35098,0,19
185,1,3,-3,-2,41.726942,119.51797,550.07077,0,19
186,1,3,-3,-1,41.968299,142.74692,569.48102,0,19
187,1,3,-3,0,41.648021,166.20232,589.82235,0,19
188,1,3,-3,1,40.461442,190.49839,611.38292,0,19
189,1,3,-3,2,37.796401,216.74134,634.54386,0,1
190,1,3,-3,3,32.096192,247.55089,659.9187,0,0
191,1,3,-3,4,15.569596,295.53241,689.39081,0,0
192,1,3,-2,-7,29.245494,25.925492,430.45799,0,0
193,1,3,-2,-6,30.180498,52.208658,448.40186,0,0
194,1,3,-2,-5,30.881245,77.340932,466.11889,0,0
195,1,3,-2,-4,31.281235,101.5913,483.81167,0,0
196,1,3,-2,-3,31.282329,125.22041,501.67428,0,0
197,1,3,-2,-2,30.733945,148.50531,519.90122,0,32
198,1,3,-2,-1,29.392469,171.77859,538.69752,0,0
199,1,3,-2,0,26.833412,195.50515,558.29285,0,0
200,1,3,-2,1,22.230531,220.46958,578.96786,0,0
201,1,3,-2,2,13.644379,248.38857,601.12509,0,0
202,1,3,-2,3,-5.9782355,285.61174,625.66805,0,1
203,1,3,-1,-8,19.636558,18.385418,385.1287,0,0
204,1,3,-1,-7,20.1473,45.066843,403.71104,0,0
205,1,3,-1,-6,20.354408,70.363699,421.74381,0,0
206,1,3,-1,-5,20.177419,94.529211,439.44818,0,0
207,1,3,-1,-4,19.501584,117.78222,457.0244,0,0
208,1,3,-1,-3,18.158847,140.31949,474.66043,0,32
209,1,3,-1,-2,15.894849,162.32829,492.53964,0,0
210,1,3,-1,-1,12.308819,184.00246,510.84812,0,0
211,1,3,-1,0,6.7378035,205.56913,529.78303,0,0
212,1,3,-1,1,-1.9806096,227.34514,549.5641,0,0
213,1,3,-1,2,-16.02787,249.8894,570.45509,0,19
214,1,3,0,-8,9.6101656,26.341798,358.87125,0,0
215,1,3,0,-7,9.3944172,51.701052,377.85968,0,0
216,1,3,0,-6,8.7547787,75.558072,396.17637,0,0
217,1,3,0,-5,7.5862547,98.097739,414.04705,0,0
218,1,3,0,-4,5.7467119,119.44951,431.67165,0,0
219,1,3,0,-3,3.0425533,139.68772,449.2323,0,32
220,1,3,0,-2,-0.79005332,158.82524,466.89925,0,32
221,1,3,0,-1,-6.1062311,176.79842,484.83504,0,1
222,1,3,0,0,-13.364982,193.44076,503.19687,0,19
223,1,3,1,-8,-1.3769471,21.862904,332.31095,0,0
224,1,3,1,-7,-2.2779995,45.586141,351.97226,0,0
225,1,3,1,-6,-3.6728269,67.550305,370.81251,0,0
226,1,3,1,-5,-5.6594783,87.873911,389.06866,0,0
227,1,3,1,-4,-8.3576464,106.60529,406.94616,0,19
228,1,3,1,-3,-11.909175,123.72216,424.62717,0,19
229,1,3,1,-2,-16.473383,139.1281,442.27662,0,19
230,1,3,2,-7,-14.013493,26.919483,325.11223,0,19
231,1,3,2,-6,-15.904515,46.825698,344.78332,0,19
232,1,4,-5,-1,39.635593,32.257099,716.89118,0,3
233,1,4,-5,0,39.156793,60.029148,742.37599,0,1
234,1,4,-4,-3,34.815952,26.966067,623.29285,0,0
235,1,4,-4,-2,34.74113,53.48456,643.9828,0,0
236,1,4,-4,-1,34.196068,80.01593,665.89875,0,0
237,1,4,-4,0,33.004023,107.22985,689.38421,0,0
238,1,4,-4,1,30.867974,136.13383,714.88356,0,8
239,1,4,-4,2,27.223368,168.51636,743.03571,0,0
240,1,4,-3,-5,28.218287,10.419741,546.69145,0,0
241,1,4,-3,-4,28.331796,37.168948,565.18214,0,0
242,1,4,-3,-3,28.061791,63.175976,584.18549,0,0
243,1,4,-3,-2,27.289879,88.844504,603.93259,0,0
244,1,4,-3,-1,25.836604,114.66249,624.68199,0,0
245,1,4,-3,0,23.412531,141.30217,646.74234,0,8
246,1,4,-3,1,19.505853,169.8419,670.51515,0,0
247,1,4,-3,2,13.063476,202.39626,696.60115,0,0
248,1,4,-3,3,1.1244796,244.89494,726.2238,0,0
249,1,4,-2,-6,20.696856,9.2741145,496.26766,0,0
250,1,4,-2,-5,20.572278,35.856832,514.23817,0,0
251,1,4,-2,-4,20.037157,61.3997,532.36473,0,0
252,1,4,-2,-3,18.975198,86.221677,550.85388,0,0
253,1,4,-2,-2,17.217727,110.66237,569.91875,0,0
254,1,4,-2,-1,14.509903,135.12668,589.79132,0,0
255,1,4,-2,0,10.444696,160.16611,610.7402,0,0
256,1,4,-2,1,4.317706,186.65884,633.10268,0,0
257,1,4,-2,2,-5.2591376,216.31809,657.36222,0,0
258,1,4,-1,-6,12.023782,23.349006,467.28249,0,0
259,1,4,-1,-5,11.243625,48.4656,485.2008,0,0
260,1,4,-1,-4,9.9411922,72.437907,503.1426,0,0
261,1,4,-1,-3,7.9767793,95.498871,521.30382,0,0
262,1,4,-1,-2,5.1565214,117.86983,539.87949,0,0
263,1,4,-1,-1,1.2059056,139.77898,559.07206,0,32
264,1,4,-1,0,-4.272447,161.48832,579.10109,0,0
265,1,4,-1,1,-11.867268,183.34149,600.21639,0,19
266,1,4,0,-6,2.2165606,24.85768,440.19319,0,0
267,1,4,0,-5,0.79177601,48.186107,458.24906,0,0
268,1,4,0,-4,-1.2206508,70.112086,476.19296,0,0
269,1,4,0,-3,-3.9505468,90.771417,494.21402,0,0
270,1,4,0,-2,-7.5613971,110.25539,512.49321,0,3
271,1,4,0,-1,-12.255542,128.61189,531.20921,0,19
272,1,4,1,-6,-8.1039096,13.974745,413.94264,0,19
273,1,4,1,-5,-10.023915,35.300618,432.36502,0,19
274,1,4,1,-4,-12.521906,54.900802,450.53361,0,19
275,1,4,1,-3,-15.689037,72.84675,468.63842,0,19
276,1,5,-4,-2,21.571534,18.910815,716.8652,0,0
277,1,5,-4,-1,19.76114,49.745454,741.23656,0,0
278,1,5,-4,0,17.021801,82.185083,767.89866,0,0
279,1,5,-3,-3,16.321729,20.788382,647.52511,0,0
280,1,5,-3,-2,14.577026,49.086428,668.79828,0,0
281,1,5,-3,-1,12.015947,77.773176,691.50394,0,0
282,1,5,-3,0,8.3216367,107.76705,716.04744,0,0
283,1,5,-3,1,2.9478308,140.56474,742.98809,0,8
284,1,5,-2,-4,10.064209,12.588484,589.36723,0,0
285,1,5,-2,-3,8.3503419,39.134953,608.8365,0,0
286,1,5,-2,-2,5.922407,65.217004,629.16813,0,0
287,1,5,-2,-1,2.5626028,91.323949,650.6356,0,0
288,1,5,-2,0,-2.0541728,118.10364,673.56593,0,0
289,1,5,-2,1,-8.4449601,146.54098,698.38011,0,27
290,1,5,-1,-4,1.5168083,19.784452,556.53762,0,0
291,1,5,-1,-3,-0.76156125,44.069275,575.55694,0,0
292,1,5,-1,-2,-3.7967436,67.522997,595.22598,0,0
293,1,5,-1,-1,-7.779542,90.442915,615.77767,0,3
294,1,5,-1,0,-12.966179,113.17142,637.47296,0,19
295,1,5,0,-4,-7.6746736,14.277864,527.14763,0,3
296,1,5,0,-3,-10.376052,36.083462,545.95565,0,19
297,1,5,0,-2,-13.796216,56.619556,565.22826,0,19
298,1,6,-2,-2,-3.9811559,11.01163,703.5652,0,0
299,1,6,-2,-1,-7.6700395,39.812415,727.45783,0,3
300,1,6,-2,0,-12.490611,69.49658,753.42194,0,19
301,1,6,-1,-2,-11.811356,9.2858415,663.7474,0,19
302,1,6,-1,-1,-15.748015,34.241035,686.37559,0,19
303,1,-8,-1,1,33.303463,782.16914,22.192824,1,0
304,1,-8,0,2,43.120011,774.98477,11.155929,1,19
305,1,-7,-3,-4,3.9122744,755.42425,30.683416,1,0
306,1,-7,-3,-3,5.5706882,758.57214,61.254383,1,0
307,1,-7,-3,-2,7.3775523,763.20024,89.245886,1,0
308,1,-7,-3,-1,9.3138031,769.31305,115.13871,1,0
309,1,-7,-3,0,11.36229,776.92016,139.31806,1,0
310,1,-7,-3,1,13.507698,786.04002,162.10105,1,0
311,1,-7,-2,-3,12.074792,707.3457,28.861294,1,0
312,1,-7,-2,-2,13.715565,715.45592,58.734641,1,0
313,1,-7,-2,-1,15.493731,724.61706,86.114734,1,0
314,1,-7,-2,0,17.38804,734.89873,111.45703,1,0
315,1,-7,-2,1,19.380511,746.36179,135.12823,1,0
316,1,-7,-2,2,21.456004,759.06747,157.43212,1,0
317,1,-7,-2,3,23.601884,773.08476,178.62808,1,0
318,1,-7,-2,4,25.807745,788.49713,198.94481,1,0
319,1,-7,-1,-2,22.644565,672.6449,22.256888,1,0
320,1,-7,-1,-1,24.000741,685.8967,52.188366,1,0
321,1,-7,-1,0,25.51082,699.65588,79.526828,1,0
322,1,-7,-1,1,27.148285,714.09489,104.75519,1,0
323,1,-7,-1,2,28.892166,729.35552,128.2588,1,0
324,1,-7,-1,3,30.725784,745.56632,150.35499,1,0
325,1,-7,-1,4,32.635875,762.85529,171.31351,1,0
326,1,-7,-1,5,34.611957,781.36027,191.37154,1,0
327,1,-7,0,-1,35.176596,652.75344,12.04233,1,0
328,1,-7,0,0,35.937954,671.05932,42.474902,1,0
329,1,-7,0,1,36.924748,689.21346,70.079458,1,0
330,1,-7,0,2,38.093455,707.55615,95.415138,1,1
331,1,-7,0,3,39.411876,726.35292,118.91637,1,1
332,1,-7,0,4,40.855669,745.8298,140.93361,1,19
333,1,-7,0,5,42.406184,766.19667,161.76008,1,19
334,1,-7,0,6,44.049034,787.6646,181.65045,1,19
335,1,-7,1,1,48.583955,672.26342,29.939127,1,19
336,1,-7,1,2,48.902257,694.17124,57.86067,1,19
337,1,-6,-4,-8,-15.741759,778.94011,12.971575,1,19
338,1,-6,-4,-7,-14.432482,770.32716,47.955033,1,19
339,1,-6,-4,-6,-12.900569,763.83272,79.40523,1,19
340,1,-6,-4,-5,-11.162702,759.33322,108.04045,1,19
341,1,-6,-4,-4,-9.2359432,756.73621,134.41006,1,19
342,1,-6,-4,-3,-7.1377609,755.97159,158.94387,1,1
343,1,-6,-4,-2,-4.8858758,756.98595,181.98585,1,0
344,1,-6,-4,-1,-2.4979891,759.73948,203.81799,1,0
345,1,-6,-4,0,0.0085611688,764.20467,224.67768,1,0
346,1,-6,-4,1,2.6171621,770.36655,244.77082,1,0
347,1,-6,-4,2,5.3122663,778.22419,264.28207,1,0
348,1,-6,-4,3,8.0796804,787.79323,283.38325,1,0
349,1,-6,-3,-7,-11.006019,705.60589,17.809476,1,19
350,1,-6,-3,-6,-9.3741002,702.40409,50.709888,1,19
351,1,-6,-3,-5,-7.5265704,700.87642,80.545099,1,3
352,1,-6,-3,-4,-5.4875406,700.99616,107.90728,1,0
353,1,-6,-3,-3,-3.2807409,702.73617,133.2541,1,0
354,1,-6,-3,-2,-0.92925696,706.06931,156.94751,1,0
355,1,-6,-3,-1,1.5448536,710.96983,179.28074,1,0
356,1,-6,-3,0,4.1209692,717.4154,200.49768,1,0
357,1,-6,-3,1,6.7802683,725.38994,220.80716,1,0
358,1,-6,-3,2,9.5060043,734.88689,240.39387,1,0
359,1,-6,-3,3,12.283673,745.913,259.42686,1,0
360,1,-6,-3,4,15.101073,758.49244,278.06671,1,0
361,1,-6,-3,5,17.948274,772.67165,296.47174,1,0
362,1,-6,-3,6,20.817514,788.52487,314.80405,1,0
363,1,-6,-2,-6,-3.0889583,642.53048,14.767883,1,0
364,1,-6,-2,-5,-1.2449187,645.06987,47.101345,1,0
365,1,-6,-2,-4,0.79177352,648.87293,76.515483,1,0
366,1,-6,-2,-3,2.9890257,653.97655,103.55247,1,0
367,1,-6,-2,-2,5.3178257,660.39338,128.63302,1,0
368,1,-6,-2,-1,7.7523414,668.12173,152.09233,1,0
369,1,-6,-2,0,10.270021,677.15356,174.20494,1,0
370,1,-6,-2,1,12.851615,687.48115,195.2024,1,0
371,1,-6,-2,2,15.481095,699.10289,215.2861,1,0
372,1,-6,-2,3,18.145473,712.02845,234.63693,1,0
373,1,-6,-2,4,20.834555,726.28354,253.42296,1,0
374,1,-6,-2,5,23.54065,741.91464,271.80576,1,0
375,1,-6,-2,6,26.258272,758.99406,289.94622,1,0
376,1,-6,-2,7,28.983846,777.62585,308.01023,1,0
377,1,-6,-1,-4,10.771851,598.16232,38.560941,1,0
378,1,-6,-1,-3,12.619041,608.29255,68.588628,1,0
379,1,-6,-1,-2,14.611675,619.10624,96.06898,1,0
380,1,-6,-1,-1,16.717598,630.69975,121.45517,1,0
381,1,-6,-1,0,18.911188,643.13649,145.1072,1,0
382,1,-6,-1,1,21.172171,656.46357,167.31998,1,0
383,1,-6,-1,2,23.484704,670.72338,188.34258,1,0
384,1,-6,-1,3,25.836613,685.96196,208.39179,1,0
385,1,-6,-1,4,28.218762,702.23556,227.66228,1,0
386,1,-6,-1,5,30.624514,719.61624,246.33453,1,0
387,1,-6,-1,6,33.049301,738.19727,264.58156,1,0
388,1,-6,-1,7,35.490255,758.09902,282.57508,1,0
389,1,-6,-1,8,37.945927,779.47607,300.49181,1,1
390,1,-6,0,-3,26.831014,564.71459,26.669999,1,0
391,1,-6,0,-2,27.774513,582.14033,58.108725,1,0
392,1,-6,0,-1,28.976926,599.0909,86.526192,1,0
393,1,-6,0,0,30.375837,615.94079,112.52511,1,0
394,1,-6,0,1,31.927282,632.94778,136.5622,1,0
395,1,-6,0,2,33.599367,650.30414,158.99829,1,0
396,1,-6,0,3,35.368529,668.16664,180.12921,1,0
397,1,-6,0,4,37.217189,686.67572,200.2061,1,0
398,1,-6,0,5,39.132207,705.96866,219.44974,1,1
399,1,-6,0,6,41.103814,726.18999,238.06121,1,19
400,1,-6,0,7,43.124867,747.50054,256.23066,1,19
401,1,-6,0,8,45.190305,770.08664,274.1451,1,19
402,1,-6,1,-2,45.24206,550.35892,13.415713,1,19
403,1,-6,1,-1,44.614114,574.61095,46.4164,1,19
404,1,-6,1,0,44.560873,596.90892,75.762143,1,19
405,1,-6,1,1,44.917639,618.13523,102.30947,1,19
406,1,-6,1,2,45.581209,638.85069,126.65635,1,19
407,1,-6,1,3,46.482559,659.44695,149.24867,1,19
408,1,-6,1,4,47.57341,680.22299,170.43672,1,19
409,1,-6,1,5,48.818916,701.4281,190.50846,1,19
410,1,-5,-5,-2,-14.768382,762.78861,258.81828,1,19
411,1,-5,-5,-1,-12.14749,762.8187,278.57707,1,19
412,1,-5,-5,0,-9.3802052,764.65766,297.79773,1,19
413,1,-5,-5,1,-6.4841291,768.2897,316.64423,1,1
414,1,-5,-5,2,-3.4768537,773.71159,335.27109,1,0
415,1,-5,-5,3,-0.37542412,780.93446,353.82998,1,0
416,1,-5,-5,4,2.8041512,789.98691,372.47598,1,0
417,1,-5,-4,-3,-15.804924,707.82976,215.38323,1,19
418,1,-5,-4,-2,-13.104223,707.62551,235.86349,1,19
419,1,-5,-4,-1,-10.246819,709.18539,255.55262,1,19
420,1,-5,-4,0,-7.2558036,712.48006,274.61953,1,1
421,1,-5,-4,1,-4.1540749,717.48498,293.2154,1,0
422,1,-5,-4,2,-0.96354396,724.1822,311.48072,1,0
423,1,-5,-4,3,2.2955528,732.56336,329.55149,1,0
424,1,-5,-4,4,5.6051807,742.63359,347.56474,1,0
425,1,-5,-4,5,8.9498537,754.41626,365.66398,1,0
426,1,-5,-4,6,12.316809,767.95868,384.00489,1,0
427,1,-5,-4,7,15.69603,783.33897,402.76174,1,0
428,1,-5,-3,-4,-15.397751,656.0935,168.31665,1,19
429,1,-5,-3,-3,-12.609494,656.15064,190.37971,1,19
430,1,-5,-3,-2,-9.6556605,657.96647,211.34855,1,19
431,1,-5,-3,-1,-6.5669186,661.50284,231.41641,1,1
432,1,-5,-3,0,-3.373037,666.71759,250.74828,1,0
433,1,-5,-3,1,-0.10172196,673.56785,269.49011,1,0
434,1,-5,-3,2,3.222285,682.01424,287.77618,1,0
435,1,-5,-3,3,6.5777888,692.02573,305.73517,1,0
436,1,-5,-3,4,9.9474029,703.58475,323.4953,1,0
437,1,-5,-3,5,13.317537,716.69234,341.18906,1,0
438,1,-5,-3,6,16.678185,731.37363,358.95791,1,0
439,1,-5,-3,7,20.022584,747.68365,376.95739,1,0
440,1,-5,-3,8,23.346822,765.71428,395.36317,1,0
441,1,-5,-3,9,26.649438,785.60282,414.37881,1,0
442,1,-5,-2,-6,-15.312606,604.34939,87.493091,1,19
443,1,-5,-2,-5,-12.672847,603.79476,114.20031,1,19
444,1,-5,-2,-4,-9.8234194,604.99146,139.06065,1,19
445,1,-5,-2,-3,-6.8063793,607.92047,162.38779,1,1
446,1,-5,-2,-2,-3.6625892,612.54021,184.43078,1,0
447,1,-5,-2,-1,-0.42985389,618.79257,205.39316,1,0
448,1,-5,-2,0,2.8585217,626.61041,225.44717,1,0
449,1,-5,-2,1,6.1745953,635.92527,244.74438,1,0
450,1,-5,-2,2,9.4960681,646.67472,263.42358,1,0
451,1,-5,-2,3,12.806089,658.80885,281.61678,1,0
452,1,-5,-2,4,16.09274,672.29575,299.45404,1,0
453,1,-5,-2,5,19.348347,687.12611,317.06752,1,0
454,1,-5,-2,6,22.568757,703.31754,334.5954,1,0
455,1,-5,-2,7,25.752646,720.91884,352.18609,1,0
456,1,-5,-2,8,28.900915,740.01514,370.00312,1,0
457,1,-5,-2,9,32.016203,760.73445,388.2314,1,0
458,1,-5,-2,10,35.102498,783.25669,407.08541,1,0
459,1,-5,-1,-7,-8.101581,541.05778,14.525051,1,19
460,1,-5,-1,-6,-5.6107414,544.19969,47.290372,1,0
461,1,-5,-1,-5,-2.8990575,548.73449,77.190371,1,0
462,1,-5,-1,-4,-0.026589621,554.71688,104.74004,1,0
463,1,-5,-1,-3,2.9541395,562.13707,130.32882,1,0
464,1,-5,-1,-2,5.9993262,570.94442,154.2614,1,0
465,1,-5,-1,-1,9.0742316,581.06711,176.78532,1,0
466,1,-5,-1,0,12.152727,592.42768,198.10961,1,0
467,1,-5,-1,1,15.216284,604.95457,218.41742,1,0
468,1,-5,-1,2,18.252697,618.59011,237.87468,1,0
469,1,-5,-1,3,21.254779,633.29584,256.63625,1,0
470,1,-5,-1,4,24.219177,649.05592,274.85059,1,0
471,1,-5,-1,5,27.145382,665.87967,292.66367,1,0
472,1,-5,-1,6,30.034941,683.80375,310.22278,1,0
473,1,-5,-1,7,32.890866,702.89494,327.68042,1,0
474,1,-5,-1,8,35.717201,723.25379,345.1989,1,0
475,1,-5,-1,9,38.51873,745.02003,362.95593,1,1
476,1,-5,-1,10,41.300776,768.38039,381.15184,1,19
477,1,-5,0,-5,15.116082,487.75334,30.543392,1,0
478,1,-5,0,-4,16.797172,503.22796,63.311847,1,0
479,1,-5,0,-3,18.697303,518.50894,92.940858,1,0
480,1,-5,0,-2,20.744586,533.88837,120.02918,1,0
481,1,-5,0,-1,22.891177,549.53459,145.02745,1,0
482,1,-5,0,0,25.104632,565.55231,168.29113,1,0
483,1,-5,0,1,27.362833,582.01524,190.11167,1,0
484,1,-5,0,2,29.650795,598.98467,210.73602,1,0
485,1,-5,0,3,31.958549,616.52064,230.37983,1,0
486,1,-5,0,4,34.279703,634.68913,249.23687,1,0
487,1,-5,0,5,36.610455,653.56727,267.48633,1,0
488,1,-5,0,6,38.948898,673.2478,285.29892,1,1
489,1,-5,0,7,41.294547,693.8435,302.84249,1,19
490,1,-5,0,8,43.647997,715.49237,320.28765,1,19
491,1,-5,0,9,46.010702,738.36418,337.81388,1,19
492,1,-5,0,10,48.384826,762.6691,355.6168,1,19
493,1,-5,1,-4,45.198758,446.95673,11.313728,1,19
494,1,-5,1,-3,42.537432,478.06489,48.883591,1,19
495,1,-5,1,-2,41.449162,503.83516,81.170408,1,19
496,1,-5,1,-1,41.23588,526.88604,109.82311,1,19
497,1,-5,1,0,41.578338,548.4365,135.75807,1,19
498,1,-5,1,1,42.302125,569.16735,159.57587,1,19
499,1,-5,1,2,43.301516,589.50854,181.71051,1,19
500,1,-5,1,3,44.507962,609.76073,202.49765,1,19
501,1,-5,1,4,45.874942,630.15523,222.2109,1,19
502,1,-5,1,5,47.369882,650.88732,241.08371,1,19
503,1,-5,1,6,48.969496,672.13673,259.32377,1,19
504,1,-4,-6,0,-16.622887,777.91968,366.18339,1,19
505,1,-4,-6,1,-13.583711,779.30161,384.82338,1,19
506,1,-4,-6,2,-10.399905,782.53146,403.54924,1,19
507,1,-4,-6,3,-7.0891252,787.62866,422.51789,1,1
508,1,-4,-5,0,-16.380883,719.70452,341.88829,1,19
509,1,-4,-5,1,-13.04693,722.05815,359.85721,1,19
510,1,-4,-5,2,-9.580778,726.19137,377.7904,1,19
511,1,-4,-5,3,-6.0063615,732.10466,395.81881,1,1
512,1,-4,-5,4,-2.3466524,739.80836,414.08094,1,0
513,1,-4,-5,5,1.3771671,749.32704,432.7287,1,0
514,1,-4,-5,6,5.14635,760.70523,451.93413,1,0
515,1,-4,-5,7,8.9450283,774.01462,471.89749,1,0
516,1,-4,-5,8,12.76046,789.36323,492.85749,1,0
517,1,-4,-4,0,-14.799372,668.29053,318.38064,1,19
518,1,-4,-4,1,-11.128497,671.99403,336.0688,1,19
519,1,-4,-4,2,-7.3538766,677.46275,353.6113,1,1
520,1,-4,-4,3,-3.5064467,684.67007,371.12126,1,0
521,1,-4,-4,4,0.38595145,693.59512,388.71734,1,0
522,1,-4,-4,5,4.2994391,704.22849,406.52871,1,0
523,1,-4,-4,6,8.214562,716.57856,424.70029,1,0
524,1,-4,-4,7,12.116393,730.67853,443.39877,1,0
525,1,-4,-4,8,15.994357,746.5943,462.8201,1,0
526,1,-4,-4,9,19.841884,764.43396,483.19913,1,0
527,1,-4,-4,10,23.655967,784.3597,504.82285,1,0
528,1,-4,-3,-1,-15.266834,618.38268,276.54451,1,19
529,1,-4,-3,0,-11.336047,622.14809,294.67265,1,19
530,1,-4,-3,1,-7.3166073,627.7408,312.43851,1,1
531,1,-4,-3,2,-3.2499322,635.09407,329.94276,1,0
532,1,-4,-3,3,0.82849208,644.1403,347.28678,1,0
533,1,-4,-3,4,4.8900796,654.81894,364.57713,1,0
534,1,-4,-3,5,8.9133209,667.0841,381.92977,1,0
535,1,-4,-3,6,12.88336,680.91155,399.47401,1,0
536,1,-4,-3,7,16.791207,696.30517,417.35706,1,0
537,1,-4,-3,8,20.632793,713.30342,435.7495,1,0
538,1,-4,-3,9,24.408025,731.98647,454.85236,1,0
539,1,-4,-3,10,28.119936,752.48497,474.90692,1,0
540,1,-4,-3,11,31.773983,774.99203,496.20825,1,0
541,1,-4,-2,-2,-13.679539,569.92028,231.95476,1,19
542,1,-4,-2,-1,-9.441188,574.40736,251.27021,1,19
543,1,-4,-2,0,-5.156572,580.83467,269.98817,1,0
544,1,-4,-2,1,-0.87867032,589.07731,288.20559,1,0
545,1,-4,-2,2,3.3515141,599.0061,306.01706,1,0
546,1,-4,-2,3,7.5050643,610.50065,323.51987,1,0
547,1,-4,-2,4,11.563927,623.45978,340.81762,1,0
548,1,-4,-2,5,15.519011,637.80893,358.02304,1,0
549,1,-4,-2,6,19.368127,653.50531,375.26061,1,0
550,1,-4,-2,7,23.114102,670.54163,392.66968,1,0
551,1,-4,-2,8,26.763228,688.94953,410.40835,1,0
552,1,-4,-2,9,30.324076,708.80364,428.65898,1,0
553,1,-4,-2,10,33.806636,730.22748,447.6357,1,0
554,1,-4,-2,11,37.221756,753.40211,467.59506,1,0
555,1,-4,-2,12,40.580788,778.57941,488.85116,1,19
556,1,-4,-1,-4,-12.833611,515.66638,159.15224,1,19
557,1,-4,-1,-3,-8.3520859,519.90777,181.74777,1,19
558,1,-4,-1,-2,-3.8540039,526.37537,203.30286,1,0
559,1,-4,-1,-1,0.58397793,534.86472,223.93343,1,0
560,1,-4,-1,0,4.9092658,545.15124,243.74331,1,0
561,1,-4,-1,1,9.0913145,557.0189,262.83421,1,0
562,1,-4,-1,2,13.117061,570.27958,281.31094,1,0
563,1,-4,-1,3,16.985824,584.78345,299.28373,1,0
564,1,-4,-1,4,20.704856,600.42278,316.86924,1,0
565,1,-4,-1,5,24.285971,617.132,334.19139,1,0
566,1,-4,-1,6,27.743229,634.88635,351.38253,1,0
567,1,-4,-1,7,31.091469,653.70047,368.58553,1,0
568,1,-4,-1,8,34.345456,673.62823,385.95701,1,0
569,1,-4,-1,9,37.519428,694.76428,403.67192,1,0
570,1,-4,-1,10,40.626925,717.24801,421.93008,1,19
571,1,-4,-1,11,43.680764,741.27081,440.9652,1,19
572,1,-4,-1,12,46.693128,767.08764,461.0576,1,19
573,1,-4,0,-7,-7.5706604,438.73144,31.819174,1,1
574,1,-4,0,-6,-3.2115067,444.01211,63.82266,1,0
575,1,-4,0,-5,1.1203701,451.83755,93.531776,1,0
576,1,-4,0,-4,5.3095317,461.91655,121.21999,1,0
577,1,-4,0,-3,9.2999098,473.86825,147.0944,1,0
578,1,-4,0,-2,13.07741,487.32284,171.3393,1,0
579,1,-4,0,-1,16.65181,501.97172,194.13323,1,0
580,1,-4,0,0,20.043757,517.58132,215.65261,1,0
581,1,-4,0,1,23.27717,533.98841,236.07065,1,0
582,1,-4,0,2,26.375459,551.08937,255.55582,1,0
583,1,-4,0,3,29.359946,568.82909,274.27123,1,0
584,1,-4,0,4,32.249426,587.19205,292.37528,1,0
585,1,-4,0,5,35.060255,606.196,310.02324,1,0
586,1,-4,0,6,37.806643,625.88814,327.36974,1,1
587,1,-4,0,7,40.501005,646.3436,344.57205,1,19
588,1,-4,0,8,43.154306,667.66609,361.79417,1,19
589,1,-4,0,9,45.776372,689.99059,379.21198,1,19
590,1,-4,0,10,48.376162,713.4886,397.01983,1,19
591,1,-4,1,-3,40.306271,432.09448,107.20584,1,19
592,1,-4,1,-2,39.358942,457.58567,136.09239,1,1
593,1,-4,1,-1,39.44462,480.63712,162.08114,1,1
594,1,-4,1,0,40.117347,502.38063,185.88744,1,19
595,1,-4,1,1,41.160699,523.39964,207.9791,1,19
596,1,-4,1,2,42.454596,544.0482,228.70178,1,19
597,1,-4,1,3,43.926639,564.57081,248.33099,1,19
598,1,-4,1,4,45.530712,585.15667,267.0987,1,19
599,1,-4,1,5,47.236332,605.96789,285.20904,1,19
600,1,-3,-6,2,-16.063945,740.87031,444.60307,1,19
601,1,-3,-6,3,-12.322234,744.45612,463.50951,1,19
602,1,-3,-6,4,-8.448422,749.89292,482.97616,1,19
603,1,-3,-6,5,-4.4661324,757.22118,503.18808,1,0
604,1,-3,-6,6,-0.39782781,766.50017,524.3624,1,0
605,1,-3,-6,7,3.7360659,777.81523,546.76012,1,0
606,1,-3,-6,8,7.9178671,791.28785,570.70186,1,0
607,1,-3,-5,2,-15.743636,685.30892,417.91966,1,19
608,1,-3,-5,3,-11.619984,689.77662,435.83767,1,19
609,1,-3,-5,4,-7.3923387,696.05896,454.12346,1,1
610,1,-3,-5,5,-3.0925088,704.16183,472.92385,1,0
611,1,-3,-5,6,1.2509359,714.10291,492.40953,1,0
612,1,-3,-5,7,5.6136537,725.91897,512.78339,1,0
613,1,-3,-5,8,9.9761068,739.67468,534.29124,1,0
614,1,-3,-5,9,14.323766,755.47354,557.23613,1,0
615,1,-3,-5,10,18.647025,773.47166,581.99828,1,0
616,1,-3,-4,2,-13.957084,636.15285,393.28158,1,19
617,1,-3,-4,3,-9.3944046,642.02575,410.62126,1,19
618,1,-3,-4,4,-4.7832949,649.72247,428.17122,1,0
619,1,-3,-4,5,-0.16304867,659.2041,446.05285,1,0
620,1,-3,-4,6,4.4344,670.44183,464.40726,1,0
621,1,-3,-4,7,8.9849472,683.4256,483.40135,1,0
622,1,-3,-4,8,13.472076,698.17297,503.23543,1,0
623,1,-3,-4,9,17.886139,714.73855,524.1531,1,0
624,1,-3,-4,10,22.223414,733.22479,546.45492,1,0
625,1,-3,-4,11,26.485105,753.79551,570.5177,1,0
626,1,-3,-4,12,30.676444,776.69433,596.82265,1,0
627,1,-3,-3,1,-15.088291,586.39127,352.39392,1,19
628,1,-3,-3,2,-10.077177,592.41008,369.52039,1,19
629,1,-3,-3,3,-5.0659418,600.35458,386.62061,1,0
630,1,-3,-3,4,-0.10734337,610.11819,403.78571,1,0
631,1,-3,-3,5,4.7597641,621.6009,421.1211,1,0
632,1,-3,-3,6,9.5099059,634.72098,438.75041,1,0
633,1,-3,-3,7,14.12925,649.42448,456.81962,1,0
634,1,-3,-3,8,18.613344,665.69293,475.50221,1,0
635,1,-3,-3,9,22.96483,683.55019,495.00612,1,0
636,1,-3,-3,10,27.191451,703.06972,515.58346,1,0
637,1,-3,-3,11,31.304458,724.38371,537.54447,1,0
638,1,-3,-3,12,35.317442,747.69594,561.27764,1,0
639,1,-3,-3,13,39.245553,773.30098,587.27945,1,1
640,1,-3,-2,0,-14.238537,538.5816,310.86208,1,19
641,1,-3,-2,1,-8.6449788,545.43107,328.44794,1,19
642,1,-3,-2,2,-3.1588734,554.38411,345.7929,1,0
643,1,-3,-2,3,2.1560786,565.22887,362.96587,1,0
644,1,-3,-2,4,7.2631994,577.76823,380.05009,1,0
645,1,-3,-2,5,12.147769,591.83708,397.14526,1,0
646,1,-3,-2,6,16.810948,607.31229,414.3691,1,0
647,1,-3,-2,7,21.264259,624.11727,431.85924,1,0
648,1,-3,-2,8,25.525277,642.22387,449.77621,1,0
649,1,-3,-2,9,29.614603,661.65359,468.30831,1,0
650,1,-3,-2,10,33.553922,682.47999,487.67885,1,0
651,1,-3,-2,11,37.364862,704.83346,508.15694,1,0
652,1,-3,-2,12,41.068415,728.9101,530.07299,1,19
653,1,-3,-2,13,44.684739,754.98637,553.84148,1,19
654,1,-3,-2,14,48.233201,783.44244,579.9945,1,19
655,1,-3,-1,-2,-16.129376,484.85917,247.1066,1,19
656,1,-3,-1,-1,-9.6327121,491.00887,266.45256,1,19
657,1,-3,-1,0,-3.389162,499.85489,285.28575,1,0
658,1,-3,-1,1,2.4989104,510.98056,303.6339,1,0
659,1,-3,-1,2,7.9937323,523.99003,321.54577,1,0
660,1,-3,-1,3,13.101579,538.5513,339.09311,1,0
661,1,-3,-1,4,17.853228,554.41148,356.36844,1,0
662,1,-3,-1,5,22.289971,571.39554,373.48204,1,0
663,1,-3,-1,6,26.455257,589.398,390.55997,1,0
664,1,-3,-1,7,30.390385,608.37366,407.74389,1,0
665,1,-3,-1,8,34.132712,628.33019,425.19282,1,0
666,1,-3,-1,9,37.715213,649.32371,443.08698,1,0
667,1,-3,-1,10,41.166723,671.4579,461.63406,1,19
668,1,-3,-1,11,44.512465,694.88692,481.07824,1,19
669,1,-3,-1,12,47.77467,719.82279,501.71332,1,19
670,1,-3,0,-4,-11.482878,423.98877,171.25529,1,19
671,1,-3,0,-3,-3.5091468,430.73204,194.27203,1,0
672,1,-3,0,-2,3.5826116,441.38633,216.49256,1,0
673,1,-3,0,-1,9.7566813,454.8916,237.81883,1,0
674,1,-3,0,0,15.1341,470.36598,258.2341,1,0
675,1,-3,0,1,19.873777,487.18906,277.79274,1,0
676,1,-3,0,2,24.11948,504.9644,296.59475,1,0
677,1,-3,0,3,27.986222,523.45755,314.7651,1,0
678,1,-3,0,4,31.561956,542.54476,332.44146,1,0
679,1,-3,0,5,34.913148,562.17808,349.76839,1,0
680,1,-3,0,6,38.090249,582.36349,366.89578,1,1
681,1,-3,0,7,41.132041,603.14826,383.97994,1,19
682,1,-3,0,8,44.068869,624.61446,401.18665,1,19
683,1,-3,0,9,46.924977,646.87711,418.6958,1,19
684,1,-3,1,-1,40.75581,434.96181,207.86312,1,19
685,1,-3,1,0,41.38667,457.88036,230.33549,1,19
686,1,-3,1,1,42.492999,479.95374,251.32342,1,19
687,1,-3,1,2,43.883511,501.53629,271.13391,1,19
688,1,-3,1,3,45.458319,522.86063,290.01495,1,19
689,1,-3,1,4,47.160469,544.10441,308.17958,1,19
690,1,-3,1,5,48.955572,565.42001,325.81929,1,19
691,1,-2,-7,3,-16.478931,770.32857,538.54224,1,19
692,1,-2,-7,4,-12.48993,773.60889,560.53017,1,19
693,1,-2,-7,5,-8.3419727,778.83121,583.80538,1,19
694,1,-2,-7,6,-4.0569423,786.07867,608.68509,1,0
695,1,-2,-6,4,-13.022836,711.10375,524.71225,1,19
696,1,-2,-6,5,-8.4863231,716.62343,545.66765,1,19
697,1,-2,-6,6,-3.8433875,724.04601,567.77559,1,0
698,1,-2,-6,7,0.87591565,733.43024,591.3191,1,0
699,1,-2,-6,8,5.6450812,744.8605,616.65108,1,0
700,1,-2,-6,9,10.442214,758.45868,644.21967,1,0
701,1,-2,-6,10,15.250739,774.40055,674.60475,1,0
702,1,-2,-6,11,20.059807,792.93869,708.57236,1,0
703,1,-2,-5,4,-12.324475,657.09712,494.5551,1,19
704,1,-2,-5,5,-7.3225857,663.56198,513.94747,1,1
705,1,-2,-5,6,-2.2701626,671.90277,534.17591,1,0
706,1,-2,-5,7,2.7939104,682.12691,555.45657,1,0
707,1,-2,-5,8,7.8382181,694.26036,578.0562,1,0
708,1,-2,-5,9,12.839467,708.35858,602.30848,1,0
709,1,-2,-5,10,17.782454,724.5198,628.63695,1,0
710,1,-2,-5,11,22.659564,742.90165,657.58819,1,0
711,1,-2,-5,12,27.470042,763.74371,689.88134,1,0
712,1,-2,-5,13,32.219245,787.40006,726.48472,1,0
713,1,-2,-4,3,-15.435603,603.42565,449.94171,1,19
714,1,-2,-4,4,-9.9204949,609.58435,467.82853,1,19
715,1,-2,-4,5,-4.3989702,617.68623,486.16551,1,0
716,1,-2,-4,6,1.0729252,627.66714,505.09612,1,0
717,1,-2,-4,7,6.4530523,639.47199,524.79554,1,0
718,1,-2,-4,8,11.713227,653.06669,545.47891,1,0
719,1,-2,-4,9,16.8379,668.44956,567.41228,1,0
720,1,-2,-4,10,21.822133,685.66271,590.9277,1,0
721,1,-2,-4,11,26.669402,704.80451,616.44513,1,0
722,1,-2,-4,12,31.3896,726.04547,644.50461,1,0
723,1,-2,-4,13,35.997437,749.65023,675.81483,1,0
724,1,-2,-4,14,40.511308,776.01092,711.3284,1,19
725,1,-2,-3,3,-11.23586,559.51502,425.65274,1,19
726,1,-2,-3,4,-5.0701063,568.08954,443.03709,1,0
727,1,-2,-3,5,0.93206214,578.6409,460.68998,1,0
728,1,-2,-3,6,6.7201927,591.01386,478.73511,1,0
729,1,-2,-3,7,12.269057,605.07919,497.32482,1,0
730,1,-2,-3,8,17.57315,620.74636,516.64503,1,0
731,1,-2,-3,9,22.640928,637.97221,536.92216,1,0
732,1,-2,-3,10,27.489862,656.76752,558.43351,1,0
733,1,-2,-3,11,32.142702,677.20381,581.52248,1,0
734,1,-2,-3,12,36.624915,699.42276,606.62126,1,0
735,1,-2,-3,13,40.963117,723.6507,634.28457,1,19
736,1,-2,-3,14,45.184249,750.22203,665.24096,1,19
737,1,-2,-2,2,-10.375194,511.77504,384.77894,1,19
738,1,-2,-2,3,-3.3580349,521.69831,401.94909,1,0
739,1,-2,-2,4,3.261894,533.74382,419.12201,1,0
740,1,-2,-2,5,9.4490394,547.60291,436.38961,1,0
741,1,-2,-2,6,15.210428,563.02666,453.87014,1,0
742,1,-2,-2,7,20.577899,579.83615,471.70817,1,0
743,1,-2,-2,8,25.594967,597.9226,490.07631,1,0
744,1,-2,-2,9,30.308544,617.24383,509.17935,1,0
745,1,-2,-2,10,34.764388,637.82096,529.26173,1,0
746,1,-2,-2,11,39.004991,659.73782,550.61919,1,1
747,1,-2,-2,12,43.068909,683.14467,573.61605,1,19
748,1,-2,-2,13,46.990877,708.26787,598.71074,1,19
749,1,-2,-1,0,-13.979909,455.8649,325.08299,1,19
750,1,-2,-1,1,-5.1733515,465.69483,343.05781,1,0
751,1,-2,-1,2,2.7611876,478.35719,360.73774,1,0
752,1,-2,-1,3,9.8128202,493.1588,378.1538,1,0
753,1,-2,-1,4,16.07381,509.56607,395.37924,1,0
754,1,-2,-1,5,21.669739,527.21058,412.51948,1,0
755,1,-2,-1,6,26.723677,545.8619,429.70421,1,0
756,1,-2,-1,7,31.342646,565.39606,447.08366,1,0
757,1,-2,-1,8,35.61504,585.77047,464.8286,1,0
758,1,-2,-1,9,39.612382,607.0071,483.13376,1,3
759,1,-2,-1,10,43.392317,629.18312,502.22431,1,19
760,1,-2,-1,11,47.001597,652.42811,522.36589,1,19
761,1,-2,0,0,10.329342,422.51187,298.59684,1,0
762,1,-2,0,1,17.797725,440.32692,317.68971,1,0
763,1,-2,0,2,23.792206,459.48733,336.13577,1,0
764,1,-2,0,3,28.801201,479.40825,354.03247,1,0
765,1,-2,0,4,33.141082,499.81012,371.51255,1,0
766,1,-2,0,5,37.015583,520.5794,388.72417,1,0
767,1,-2,0,6,40.558795,541.69682,405.82403,1,19
768,1,-2,0,7,43.861717,563.20126,422.97683,1,19
769,1,-2,0,8,46.988192,585.17227,440.35805,1,19
770,1,-2,1,1,48.731012,439.43346,292.25033,1,19
771,1,-1,-7,4,-16.302423,739.4062,607.56344,1,19
772,1,-1,-7,5,-11.626424,742.29864,632.55653,1,19
773,1,-1,-7,6,-6.7710576,747.07621,659.52346,1,1
774,1,-1,-7,7,-1.7648578,753.81998,688.93442,1,0
775,1,-1,-7,8,3.3651236,762.63797,721.39763,1,0
776,1,-1,-7,9,8.5950799,773.67737,757.71744,1,0
777,1,-1,-6,5,-12.127959,680.20288,591.35659,1,19
778,1,-1,-6,6,-6.7798461,685.33574,615.12708,1,1
779,1,-1,-6,7,-1.3290117,692.36623,640.65058,1,0
780,1,-1,-6,8,4.1840449,701.34441,668.34433,1,0
781,1,-1,-6,9,9.7252037,712.34263,698.74772,1,0
782,1,-1,-6,10,15.268387,725.46882,732.57116,1,0
783,1,-1,-5,5,-11.227838,626.17755,557.67909,1,19
784,1,-1,-5,6,-5.2753441,632.43751,579.26302,1,0
785,1,-1,-5,7,0.69060098,640.63217,602.1295,1,0
786,1,-1,-5,8,6.6168304,650.7516,626.58601,1,0
787,1,-1,-5,9,12.46368,662.80177,653.02484,1,0
788,1,-1,-5,10,18.205491,676.81784,681.9525,1,0
789,1,-1,-5,11,23.829863,692.87971,714.0332,1,0
790,1,-1,-5,12,29.336227,711.13125,750.15506,1,0
791,1,-1,-4,4,-15.021679,572.25281,509.39337,1,19
792,1,-1,-4,5,-8.3147511,578.40835,528.67943,1,19
793,1,-1,-4,6,-1.6786018,586.65853,548.70605,1,0
794,1,-1,-4,7,4.8066745,596.90374,569.66604,1,0
795,1,-1,-4,8,11.087893,609.05095,591.80344,1,0
796,1,-1,-4,9,17.136933,623.03056,615.42658,1,0
797,1,-1,-4,10,22.946428,638.8111,640.92651,1,0
798,1,-1,-4,11,28.524724,656.41275,668.80414,1,0
799,1,-1,-4,12,33.891261,675.92148,699.71133,1,0
800,1,-1,-4,13,39.072969,697.50702,734.5143,1,1
801,1,-1,-3,4,-10.006675,527.73382,484.05969,1,19
802,1,-1,-3,5,-2.3962585,536.85103,502.45156,1,0
803,1,-1,-3,6,4.8468994,548.14427,521.33594,1,0
804,1,-1,-3,7,11.667011,561.37737,540.88117,1,0
805,1,-1,-3,8,18.054999,576.35444,561.29922,1,0
806,1,-1,-3,9,24.032701,592.9363,582.85255,1,0
807,1,-1,-3,10,29.639432,611.04878,605.86552,1,0
808,1,-1,-3,11,34.922482,630.68733,630.74258,1,0
809,1,-1,-3,12,39.93127,651.92214,657.99617,1,3
810,1,-1,-3,13,44.714252,674.90713,688.28934,1,19
811,1,-1,-2,3,-9.2383054,478.99791,442.22393,1,19
812,1,-1,-2,4,-0.24334958,490.10662,459.83247,1,0
813,1,-1,-2,5,7.9076259,503.59941,477.59548,1,0
814,1,-1,-2,6,15.229333,518.99825,495.64318,1,0
815,1,-1,-2,7,21.808201,535.94379,514.1414,1,0
816,1,-1,-2,8,27.755281,554.19608,533.29014,1,0
817,1,-1,-2,9,33.180858,573.62021,553.32691,1,0
818,1,-1,-2,10,38.183755,594.17068,574.53495,1,1
819,1,-1,-2,11,42.848527,615.88002,597.25723,1,19
820,1,-1,-2,12,47.246232,638.85417,621.91778,1,19
821,1,-1,-1,1,-15.595363,420.66233,382.98485,1,19
822,1,-1,-1,2,-2.8421968,432.24078,400.75844,1,0
823,1,-1,-1,3,7.7266031,447.28872,418.31779,1,0
824,1,-1,-1,4,16.39189,464.57779,435.72689,1,0
825,1,-1,-1,5,23.590306,483.31456,453.10434,1,0
826,1,-1,-1,6,29.706673,503.04095,470.60104,1,0
827,1,-1,-1,7,35.032464,523.51925,488.39054,1,0
828,1,-1,-1,8,39.778323,544.6521,506.6679,1,3
829,1,-1,-1,9,44.095444,566.43498,525.65397,1,19
830,1,-1,-1,10,48.093545,588.93048,545.60359,1,19
831,1,-1,0,3,34.344674,436.51712,393.87432,1,0
832,1,-1,0,4,39.102782,458.8797,411.30661,1,1
833,1,-1,0,5,43.103077,481.23959,428.54959,1,19
834,1,-1,0,6,46.636423,503.61854,445.77826,1,19
835,1,0,-8,5,-12.339141,783.27997,748.61185,1,19
836,1,0,-7,5,-14.32254,709.38302,688.1823,1,19
837,1,0,-7,6,-8.7562534,710.86231,718.60857,1,19
838,1,0,-7,7,-2.9727287,714.00931,752.24253,1,0
839,1,0,-6,5,-15.235865,646.56991,642.63843,1,19
840,1,0,-6,6,-8.990908,648.5029,669.17413,1,19
841,1,0,-6,7,-2.5824946,652.18397,697.99209,1,0
842,1,0,-6,8,3.9270597,657.61718,729.6387,1,0
843,1,0,-6,9,10.483552,664.80073,764.83941,1,0
844,1,0,-5,5,-14.645165,590.78987,606.25044,1,19
845,1,0,-5,6,-7.5015191,593.95361,630.12957,1,3
846,1,0,-5,7,-0.31297802,599.08655,655.66083,1,0
847,1,0,-5,8,6.8252833,606.14749,683.22835,1,0
848,1,0,-5,9,13.840454,615.0837,713.33628,1,0
849,1,0,-5,10,20.685371,625.8422,746.65395,1,0
850,1,0,-4,5,-11.710891,540.14166,575.62531,1,19
851,1,0,-4,6,-3.4339683,545.56986,597.56436,1,0
852,1,0,-4,7,4.6216995,553.26931,620.67674,1,0
853,1,0,-4,8,12.342411,563.0869,645.25603,1,0
854,1,0,-4,9,19.668962,574.86474,671.68663,1,0
855,1,0,-4,10,26.587936,588.46408,700.46928,1,0
856,1,0,-4,11,33.119192,603.78362,732.25989,1,0
857,1,0,-4,12,39.304082,620.77265,767.93065,1,1
858,1,0,-3,4,-14.889477,488.27002,528.66293,1,19
859,1,0,-3,5,-4.8223669,494.69702,548.45867,1,0
860,1,0,-3,6,4.6317391,503.95953,568.85165,1,0
861,1,0,-3,7,13.318273,515.67454,590.03709,1,0
862,1,0,-3,8,21.213288,529.47408,612.27537,1,0
863,1,0,-3,9,28.374225,545.05395,635.89677,1,0
864,1,0,-3,10,34.896858,562.19486,661.31373,1,0
865,1,0,-3,11,40.887491,580.76694,689.04428,1,19
866,1,0,-3,12,46.448602,600.72763,719.75105,1,19
867,1,0,-2,3,-15.932679,436.65024,485.54655,1,19
868,1,0,-2,4,-2.6895139,445.38081,504.13703,1,0
869,1,0,-2,5,8.78466,457.78504,522.87537,1,0
870,1,0,-2,6,18.481711,472.89446,541.92922,1,0
871,1,0,-2,7,26.673096,489.95246,561.51964,1,0
872,1,0,-2,8,33.68442,508.44948,581.90751,1,0
873,1,0,-2,9,39.801697,528.08097,603.39438,1,3
874,1,0,-2,10,45.250677,548.69519,626.33386,1,19
875,1,0,-1,5,31.197665,438.26929,497.17747,1,0
876,1,0,-1,6,38.153691,459.59197,515.19075,1,1
877,1,0,-1,7,43.776058,481.41051,533.63015,1,19
878,1,0,-1,8,48.555869,503.58723,552.73202,1,19
879,1,1,-7,5,-16.181247,678.08251,754.83848,1,19
880,1,1,-6,6,-10.081719,610.88635,734.06426,1,19
881,1,1,-5,6,-8.4251098,553.73364,690.40534,1,19
882,1,1,-5,7,0.58997031,553.39196,720.64999,1,0
883,1,1,-5,8,9.6033278,554.68678,753.84229,1,0
884,1,1,-4,5,-14.148024,501.1063,629.72912,1,19
885,1,1,-4,6,-3.3119447,501.15541,655.14235,1,0
886,1,1,-4,7,7.270903,503.74836,682.18781,1,0
887,1,1,-4,8,17.31033,508.73198,711.24145,1,0
888,1,1,-4,9,26.64829,515.8499,742.83334,1,0
889,1,1,-3,5,-5.2510944,449.40535,601.58636,1,0
890,1,1,-3,6,8.133581,453.89093,624.88669,1,0
891,1,1,-3,7,19.973951,461.97777,649.11839,1,0
892,1,1,-3,8,30.159904,473.02922,674.61827,1,0
893,1,1,-3,9,38.876949,486.38784,701.85515,1,1
894,1,1,-3,10,46.414245,501.49316,731.43194,1,19
895,1,1,-2,7,40.2633,435.84899,617.78138,1,19
896,1,1,-2,8,47.853954,454.71278,640.13054,1,19
897,1,2,-5,6,-6.787182,505.42078,766.89171,1,1
898,1,2,-4,5,-14.480814,457.1263,695.58241,1,19
899,1,2,-4,6,1.4499402,443.96129,728.6137,1,0
900,1,2,-4,7,17.85471,431.29377,765.23414,1,0
901,2,-3,-1,-8,-13.003707,369.80397,34.184692,0,19
902,2,-3,0,-5,27.645092,377.47579,130.98648,0,0
903,2,-2,0,-4,15.485128,354.40797,208.72702,0,0
904,2,-2,0,-3,5.5138619,377.39738,233.62277,0,0
905,2,-1,0,-2,-11.590368,346.11167,298.82973,0,19
906,2,-1,0,-1,-5.2180198,362.19213,321.95743,0,0
907,2,0,0,1,12.272576,345.88554,403.85915,0,0
908,2,0,0,2,15.053657,363.45341,427.24885,0,0
909,2,1,-1,5,-16.812986,377.34893,549.00726,0,19
910,2,2,-2,9,21.516673,352.867,742.43513,0,32
911,2,-3,-2,-9,41.151995,195.53895,15.728764,0,19
912,2,-3,-1,-8,27.584066,288.08802,44.343042,0,0
913,2,-2,-4,-10,42.065055,23.573215,35.278439,0,19
914,2,-2,-4,-9,48.298461,33.390205,77.325397,0,19
915,2,-2,-3,-10,36.427112,99.154436,39.482401,0,0
916,2,-2,-3,-9,44.014678,106.36162,79.728804,0,19
917,2,-2,-2,-10,24.330748,171.34236,36.896852,0,0
918,2,-2,-2,-9,33.853918,175.95149,76.489711,0,0
919,2,-2,-2,-8,43.753969,180.41191,112.11315,0,19
920,2,-2,-1,-10,-4.3082174,250.75558,26.920848,0,0
921,2,-2,-1,-9,7.5401494,250.99661,67.163502,0,0
922,2,-2,-1,-8,20.885748,252.19763,103.25499,0,0
923,2,-2,-1,-7,36.13791,253.097,136.15045,0,0
924,2,-1,-4,-10,36.558777,9.0704613,91.807813,0,0
925,2,-1,-4,-9,42.000271,23.400504,129.70456,0,19
926,2,-1,-4,-8,47.427002,36.173614,164.00021,0,19
927,2,-1,-3,-12,18.41953,47.88452,8.1053938,0,0
928,2,-1,-3,-11,24.484742,62.890413,53.967654,0,0
929,2,-1,-3,-10,30.63689,76.915723,94.399261,0,0
930,2,-1,-3,-9,36.900912,89.869183,130.61101,0,0
931,2,-1,-3,-8,43.288212,101.66973,163.50913,0,19
932,2,-1,-2,-12,6.5880835,110.17777,8.1506972,0,0
933,2,-1,-2,-11,13.057981,123.45765,52.716224,0,0
934,2,-1,-2,-10,19.769157,136.43652,92.098225,0,0
935,2,-1,-2,-9,26.805927,148.86524,127.44764,0,0
936,2,-1,-2,-8,34.243845,160.53172,159.62878,0,0
937,2,-1,-2,-7,42.141939,171.22863,189.30781,0,19
938,2,-1,-1,-11,-5.7040009,175.01724,46.358496,0,0
939,2,-1,-1,-10,0.6878751,187.59029,85.509461,0,0
940,2,-1,-1,-9,7.5788994,200.29138,120.64755,0,0
941,2,-1,-1,-8,15.217482,212.79781,152.64082,0,0
942,2,-1,-1,-7,23.924759,224.78567,182.16032,0,0
943,2,-1,-1,-6,34.104772,235.86611,209.73859,0,0
944,2,-1,-1,-5,46.202346,245.52434,235.80748,0,19
945,2,-1,0,-6,-13.92799,280.4849,200.47616,0,19
946,2,-1,0,-5,-9.6116129,295.53339,226.57904,0,19
947,2,-1,0,-4,-3.1582279,310.49176,251.5029,0,0
948,2,-1,0,-3,26.067952,321.23059,275.71652,0,4
949,2,0,-4,-8,40.018855,20.356274,207.45238,0,19
950,2,0,-4,-7,44.686142,34.890214,237.08488,0,19
951,2,0,-3,-12,14.760691,9.2975437,62.511441,0,0
952,2,0,-3,-11,19.698664,29.385881,104.30554,0,0
953,2,0,-3,-10,24.699826,47.897301,141.47999,0,0
954,2,0,-3,-9,29.787498,64.954947,175.04922,0,0
955,2,0,-3,-8,34.980136,80.637529,205.78486,0,0
956,2,0,-3,-7,40.290132,94.984496,234.28862,0,19
957,2,0,-3,-6,45.721813,107.9999,261.0408,0,19
958,2,0,-2,-13,-0.044329572,41.504047,16.294547,0,0
959,2,0,-2,-12,4.8513761,61.586876,62.422789,0,0
960,2,0,-2,-11,9.8243955,80.575017,102.90496,0,0
961,2,0,-2,-10,14.92562,98.529911,139.01578,0,0
962,2,0,-2,-9,20.207284,115.49403,171.70493,0,0
963,2,0,-2,-8,25.724144,131.48417,201.69924,0,0
964,2,0,-2,-7,31.533464,146.48577,229.56899,0,0
965,2,0,-2,-6,37.693109,160.44683,255.77206,0,0
966,2,0,-2,-5,44.256428,173.27124,280.68418,0,19
967,2,0,-1,-13,-13.368516,81.753875,12.080969,0,19
968,2,0,-1,-12,-8.9195505,100.6887,57.653416,0,19
969,2,0,-1,-11,-4.4313511,119.09674,97.684498,0,0
970,2,0,-1,-10,0.16063237,136.96984,133.41945,0,0
971,2,0,-1,-9,4.9304729,154.3147,165.78788,0,0
972,2,0,-1,-8,9.9693751,171.13631,195.50327,0,0
973,2,0,-1,-7,15.39601,187.42478,223.1275,0,0
974,2,0,-1,-6,21.371344,203.14088,249.1142,0,0
975,2,0,-1,-5,28.119831,218.19522,273.83852,0,0
976,2,0,-1,-4,35.956942,232.41431,297.6179,0,0
977,2,0,-1,-3,45.312534,245.48345,320.72614,0,19
978,2,0,0,-9,-16.328929,176.40832,157.73821,0,19
979,2,0,0,-8,-13.285377,193.56496,187.60205,0,19
980,2,0,0,-7,-10.30834,210.5638,215.33724,0,19
981,2,0,0,-6,-7.3860576,227.43997,241.40414,0,1
982,2,0,0,-5,-4.5083762,244.23403,266.18419,0,0
983,2,0,0,-4,-1.6663409,260.98996,290.00209,0,0
984,2,0,0,-3,1.1481128,277.7541,313.14231,0,0
985,2,0,0,-2,3.9423997,294.57468,335.8618,0,0
986,2,0,0,-1,6.7234806,311.50175,358.4003,0,8
987,2,1,-4,-7,36.454917,12.381183,276.02303,0,0
988,2,1,-4,-6,40.3595,28.10084,302.86191,0,19
989,2,1,-4,-5,44.248393,42.27408,328.44316,0,19
990,2,1,-4,-4,48.110399,54.969787,353.1037,0,19
991,2,1,-3,-10,18.793645,11.965995,183.41876,0,0
992,2,1,-3,-9,22.894697,32.188885,215.31198,0,0
993,2,1,-3,-8,27.040993,50.83698,244.68512,0,0
994,2,1,-3,-7,31.243991,68.052648,272.08777,0,0
995,2,1,-3,-6,35.512264,83.931038,297.96327,0,0
996,2,1,-3,-5,39.850519,98.527364,322.6781,0,3
997,2,1,-3,-4,44.25818,111.86207,346.54278,0,19
998,2,1,-3,-3,48.7275,123.92497,369.82733,0,19
999,2,1,-2,-12,2.0874819,12.258143,108.44132,0,0
1000,2,1,-2,-11,6.0289609,35.164249,146.40995,0,0
1001,2,1,-2,-10,10.002307,56.506239,180.48753,0,0
1002,2,1,-2,-9,14.03346,76.494065,211.52018,0,0
1003,2,1,-2,-8,18.149347,95.283887,240.16185,0,0
1004,2,1,-2,-7,22.378604,112.98731,266.93073,0,0
1005,2,1,-2,-6,26.7521,129.67653,292.24757,0,0
1006,2,1,-2,-5,31.3031,145.38628,316.46236,0,0
1007,2,1,-2,-4,36.066761,160.11309,339.87337,0,0
1008,2,1,-2,-3,41.078362,173.81211,362.74108,0,27
1009,2,1,-2,-2,46.369309,186.39246,385.29842,0,27
1010,2,1,-1,-13,-12.641876,20.758627,61.558041,0,19
1011,2,1,-1,-12,-9.10266,44.431271,103.9315,0,19
1012,2,1,-1,-11,-5.5982019,66.679656,141.4127,0,0
1013,2,1,-1,-10,-2.1040804,87.729028,175.08929,0,0
1014,2,1,-1,-9,1.404607,107.75939,205.78277,0,0
1015,2,1,-1,-8,4.9549265,126.91508,234.13026,0,0
1016,2,1,-1,-7,8.5781361,145.31102,260.63856,0,0
1017,2,1,-1,-6,12.312427,163.03648,285.72103,0,0
1018,2,1,-1,-5,16.206934,180.15621,309.72348,0,0
1019,2,1,-1,-4,20.32794,196.70859,332.94291,0,0
1020,2,1,-1,-3,24.768904,212.69951,355.64128,0,0
1021,2,1,-1,-2,29.667086,228.08887,378.0558,0,8
1022,2,1,-1,-1,35.231311,242.7631,400.40642,0,0
1023,2,1,-1,0,41.785974,256.48046,422.90009,0,19
1024,2,1,0,-9,-14.630255,123.30399,198.27576,0,19
1025,2,1,0,-8,-12.309219,142.35447,226.73046,0,19
1026,2,1,0,-7,-10.151815,160.80379,253.31926,0,19
1027,2,1,0,-6,-8.1914198,178.74833,278.45903,0,19
1028,2,1,0,-5,-6.4836149,196.27138,302.49876,0,1
1029,2,1,0,-4,-5.1214872,213.44517,325.73863,0,0
1030,2,1,0,-3,-4.2666554,230.33195,348.44444,0,0
1031,2,1,0,-2,-4.2180515,246.98397,370.85878,0,8
1032,2,1,0,-1,-5.5841155,263.44106,393.21021,0,8
1033,2,1,0,0,-9.7933145,279.72146,415.72086,0,19
1034,2,2,-4,-5,34.710777,15.042697,365.74856,0,0
1035,2,2,-4,-4,37.791215,30.219633,390.33357,0,1
1036,2,2,-4,-3,40.811117,44.034944,414.4509,0,19
1037,2,2,-4,-2,43.756034,56.562918,438.36664,0,19
1038,2,2,-4,-1,46.607547,67.860682,462.33193,0,19
1039,2,2,-3,-8,19.577216,12.799038,281.87074,0,0
1040,2,2,-3,-7,22.851247,32.395871,308.7058,0,0
1041,2,2,-3,-6,26.116621,50.569633,334.17669,0,0
1042,2,2,-3,-5,29.373542,67.454693,358.64005,0,0
1043,2,2,-3,-4,32.619452,83.150108,382.402,0,0
1044,2,2,-3,-3,35.848364,97.726471,405.73325,0,0
1045,2,2,-3,-2,39.04999,111.23158,428.88096,0,1
1046,2,2,-3,-1,42.208679,123.69579,452.07847,0,19
1047,2,2,-3,0,45.302176,135.13796,475.55399,0,19
1048,2,2,-3,1,48.300277,145.57274,499.53895,0,19
1049,2,2,-2,-10,5.0724909,9.222647,218.64461,0,0
1050,2,2,-2,-9,8.1965996,31.700356,248.73978,0,0
1051,2,2,-2,-8,11.303284,52.689993,276.63893,0,0
1052,2,2,-2,-7,14.399596,72.395359,302.83625,0,0
1053,2,2,-2,-6,17.491411,90.975212,327.73579,0,0
1054,2,2,-2,-5,20.583266,108.55272,351.67685,0,0
1055,2,2,-2,-4,23.678038,125.2221,374.95241,0,32
1056,2,2,-2,-3,26.776372,141.05348,397.82312,0,32
1057,2,2,-2,-2,29.875762,156.09657,420.52815,0,32
1058,2,2,-2,-1,32.969143,170.38399,443.29422,0,0
1059,2,2,-2,0,36.042749,183.93522,466.34362,0,0
1060,2,2,-2,1,39.072914,196.76222,489.90186,0,1
1061,2,2,-2,2,42.021327,208.8793,514.20583,0,19
1062,2,2,-2,3,44.828021,220.32069,539.51363,0,19
1063,2,2,-2,4,47.400809,231.17277,566.11762,0,19
1064,2,2,-2,9,44.058741,305.2309,736.30296,0,1
1065,2,2,-1,-11,-7.9234094,12.463401,180.52439,0,3
1066,2,2,-1,-10,-5.1848931,36.130065,213.02677,0,0
1067,2,2,-1,-9,-2.5173985,58.314292,242.77495,0,0
1068,2,2,-1,-8,0.080453645,79.255724,270.37085,0,0
1069,2,2,-1,-7,2.6070519,99.147234,296.29566,0,0
1070,2,2,-1,-6,5.0571559,118.14694,320.94426,0,0
1071,2,2,-1,-5,7.4207885,136.38718,344.6496,0,0
1072,2,2,-1,-4,9.6813993,153.98168,367.7006,0,8
1073,2,2,-1,-3,11.812815,171.03217,390.35584,0,8
1074,2,2,-1,-2,13.774039,187.63557,412.85455,0,0
1075,2,2,-1,-1,15.499974,203.8938,435.42609,0,0
1076,2,2,-1,0,16.883734,219.93021,458.29902,0,0
1077,2,2,-1,1,17.739693,235.92176,481.71115,0,0
1078,2,2,-1,2,17.715255,252.17338,505.92349,0,0
1079,2,2,-1,3,16.031274,269.32835,531.24669,0,0
1080,2,2,-1,4,10.356391,289.23752,558.12403,0,0
1081,2,2,0,-9,-15.431119,70.249613,235.3573,0,19
1082,2,2,0,-8,-13.662594,90.870658,263.03541,0,19
1083,2,2,0,-7,-12.099186,110.52226,289.01748,0,19
1084,2,2,0,-6,-10.779912,129.35209,313.70001,0,19
1085,2,2,0,-5,-9.7613291,147.4844,337.41703,0,19
1086,2,2,0,-4,-9.1259227,165.02646,360.45807,0,19
1087,2,2,0,-3,-8.9961584,182.07458,383.08187,0,27
1088,2,2,0,-2,-9.5590392,198.72086,405.52732,0,19
1089,2,2,0,-1,-11.111397,215.06292,428.02292,0,19
1090,2,2,0,0,-14.14926,231.22099,450.79576,0,19
1091,2,3,-5,2,42.270103,9.9598779,602.30231,0,19
1092,2,3,-5,3,43.41709,19.315018,632.87304,0,19
1093,2,3,-5,4,44.297883,28.109138,665.58252,0,19
1094,2,3,-5,5,44.869412,36.622704,701.01165,0,19
1095,2,3,-5,6,45.077438,45.252042,739.89415,0,19
1096,2,3,-4,-3,30.243347,11.313795,454.1699,0,0
1097,2,3,-4,-2,32.383746,26.253996,478.74068,0,0
1098,2,3,-4,-1,34.391268,40.109076,503.55375,0,0
1099,2,3,-4,0,36.242933,53.0003,528.88286,0,0
1100,2,3,-4,1,37.910635,65.054759,555.01513,0,1
1101,2,3,-4,2,39.360018,76.41872,582.26409,0,1
1102,2,3,-4,3,40.548804,87.275526,610.98558,0,19
1103,2,3,-4,4,41.424136,97.871594,641.59863,0,19
1104,2,3,-4,5,41.918028,108.55712,674.6149,0,19
1105,2,3,-4,6,41.938981,119.85518,710.68272,0,19
1106,2,3,-4,7,41.355187,132.59085,750.65851,0,27
1107,2,3,-3,-6,17.553252,8.4042887,371.20139,0,0
1108,2,3,-3,-5,19.935781,27.323193,395.80392,0,0
1109,2,3,-3,-4,22.230606,45.016874,419.83667,0,0
1110,2,3,-3,-3,24.423874,61.631222,443.58035,0,0
1111,2,3,-3,-2,26.497177,77.294913,467.29645,0,0
1112,2,3,-3,-1,28.426406,92.128968,491.23822,0,0
1113,2,3,-3,0,30.180182,106.25741,515.66104,0,0
1114,2,3,-3,1,31.717606,119.82069,540.83308,0,0
1115,2,3,-3,2,32.984873,132.9945,567.0478,0,0
1116,2,3,-3,3,33.909832,146.01821,594.63964,0,32
1117,2,3,-3,4,34.39246,159.24205,624.00599,0,8
1118,2,3,-3,5,34.286414,173.21243,655.64084,0,0
1119,2,3,-3,6,33.358438,188.84704,690.19262,0,0
1120,2,3,-3,7,31.181348,207.86514,728.58196,0,0
1121,2,3,-2,-7,7.2605918,24.890523,338.80289,0,0
1122,2,3,-2,-6,9.4522197,45.173221,363.68915,0,0
1123,2,3,-2,-5,11.538662,64.314255,387.73227,0,0
1124,2,3,-2,-4,13.503387,82.478463,411.22998,0,0
1125,2,3,-2,-3,15.323591,99.812235,434.45096,0,0
1126,2,3,-2,-2,16.968057,116.45372,457.64679,0,0
1127,2,3,-2,-1,18.393913,132.54439,481.06241,0,0
1128,2,3,-2,0,19.541538,148.24417,504.94636,0,32
1129,2,3,-2,1,20.326095,163.75418,529.562,0,0
1130,2,3,-2,2,20.622392,179.35471,555.20154,0,0
1131,2,3,-2,3,20.235072,195.47595,582.20632,0,0
1132,2,3,-2,4,18.831367,212.84934,611.00122,0,0
1133,2,3,-2,5,15.755566,232.90245,642.16779,0,0
1134,2,3,-2,6,9.2958213,259.23838,676.67301,0,0
1135,2,3,-2,7,-15.158769,320.26623,718.80629,0,5
1136,2,3,-1,-8,-4.7156453,26.764589,305.90789,0,0
1137,2,3,-1,-7,-2.9105192,48.18975,331.68849,0,0
1138,2,3,-1,-6,-1.2628941,68.454443,356.30062,0,0
1139,2,3,-1,-5,0.20101721,87.746035,380.07737,0,0
1140,2,3,-1,-4,1.4450555,106.22994,403.3101,0,0
1141,2,3,-1,-3,2.4191869,124.06073,426.26253,0,0
1142,2,3,-1,-2,3.0532921,141.39431,449.18243,0,32
1143,2,3,-1,-1,3.2469138,158.40383,472.31219,0,32
1144,2,3,-1,0,2.8513241,175.30402,495.89964,0,0
1145,2,3,-1,1,1.6356538,192.39369,520.21096,0,0
1146,2,3,-1,2,-0.78420625,210.14107,545.54914,0,0
1147,2,3,-1,3,-5.1196215,229.38612,572.28743,0,0
1148,2,3,-1,4,-12.956664,251.96652,600.95287,0,19
1149,2,3,0,-8,-16.117405,36.09943,298.35889,0,19
1150,2,3,0,-7,-14.985122,57.133016,324.18007,0,19
1151,2,3,0,-6,-14.107586,77.043524,348.807,0,19
1152,2,3,0,-5,-13.532637,96.00433,372.57272,0,19
1153,2,3,0,-4,-13.324959,114.16661,395.76784,0,19
1154,2,3,0,-3,-13.572835,131.66921,418.65452,0,19
1155,2,3,0,-2,-14.398639,148.64918,441.47795,0,19
1156,2,3,0,-1,-15.975681,165.25546,464.47654,0,19
1157,2,4,-5,4,30.37068,7.0003996,730.91441,0,0
1158,2,4,-4,0,24.123718,16.885932,577.33485,0,0
1159,2,4,-4,1,24.91532,31.807043,605.43884,0,0
1160,2,4,-4,2,25.41303,46.429957,635.06572,0,0
1161,2,4,-4,3,25.555251,61.110865,666.67161,0,0
1162,2,4,-4,4,25.257876,76.344183,700.81594,0,0
1163,2,4,-4,5,24.399646,92.865566,738.21543,0,0
1164,2,4,-3,-3,14.354146,16.11454,485.3208,0,0
1165,2,4,-3,-2,15.56138,33.752789,510.03206,0,0
1166,2,4,-3,-1,16.544636,50.653115,535.17475,0,0
1167,2,4,-3,0,17.259837,67.036559,561.04323,0,0
1168,2,4,-3,1,17.648703,83.163686,587.95692,0,0
1169,2,4,-3,2,17.631985,99.368669,616.27846,0,0
1170,2,4,-3,3,17.097466,116.11564,646.43877,0,0
1171,2,4,-3,4,15.876602,134.10245,678.97617,0,0
1172,2,4,-3,5,13.693196,154.47841,714.60565,0,8
1173,2,4,-3,6,10.028012,179.39465,754.36668,0,0
1174,2,4,-2,-5,3.6293726,12.437575,426.40023,0,0
1175,2,4,-2,-4,4.8310016,32.170018,450.49757,0,0
1176,2,4,-2,-3,5.8146651,50.973793,474.45276,0,0
1177,2,4,-2,-2,6.5386463,69.055242,498.53851,0,0
1178,2,4,-2,-1,6.9474839,86.631679,523.02629,0,0
1179,2,4,-2,0,6.9659258,103.95324,548.19893,0,0
1180,2,4,-2,1,6.4887583,121.33544,574.36551,0,0
1181,2,4,-2,2,5.3624132,139.21372,601.88105,0,32
1182,2,4,-2,3,3.3483519,158.24674,631.17695,0,32
1183,2,4,-2,4,0.039700385,179.54252,662.81606,0,0
1184,2,4,-2,5,-5.37226,205.27335,697.61856,0,0
1185,2,4,-2,6,-15.062525,241.16006,737.09911,0,19
1186,2,4,-1,-6,-7.0722452,12.623056,393.53874,0,1
1187,2,4,-1,-5,-6.1847708,33.283952,417.75969,0,1
1188,2,4,-1,-4,-5.555939,52.930103,441.54338,0,0
1189,2,4,-1,-3,-5.235277,71.767867,465.16859,0,0
1190,2,4,-1,-2,-5.2887081,90.003549,488.90096,0,0
1191,2,4,-1,-1,-5.8056032,107.86179,513.00504,0,1
1192,2,4,-1,0,-6.9103473,125.61128,537.75687,0,1
1193,2,4,-1,1,-8.7825441,143.6059,563.45918,0,19
1194,2,4,-1,2,-11.695359,162.35928,590.46285,0,19
1195,2,4,-1,3,-16.097184,182.70018,619.2026,0,19
1196,2,5,-4,3,12.05263,23.285092,735.78018,0,0
1197,2,5,-3,0,6.1694606,17.633492,615.03426,0,0
1198,2,5,-3,1,5.7416032,36.248133,644.4985,0,0
1199,2,5,-3,2,4.8250583,55.310119,675.87589,0,0
1200,2,5,-3,3,3.2825613,75.51477,709.73969,0,0
1201,2,5,-3,4,0.9013018,97.933487,746.83889,0,0
1202,2,5,-2,-2,-2.3273585,13.261147,545.91792,0,0
1203,2,5,-2,-1,-2.5535265,32.517469,572.04704,0,0
1204,2,5,-2,0,-3.2051913,51.558999,599.14922,0,0
1205,2,5,-2,1,-4.3852361,70.798042,627.59893,0,0
1206,2,5,-2,2,-6.24097,90.794332,657.83876,0,1
1207,2,5,-2,3,-8.9962447,112.37962,690.42227,0,19
1208,2,5,-2,4,-13.022487,136.92638,726.09263,0,19
1209,2,5,-1,-3,-11.98274,12.442273,509.54728,0,19
1210,2,5,-1,-2,-12.442341,32.03038,534.58844,0,19
1211,2,5,-1,-1,-13.345967,51.151525,560.21576,0,19
1212,2,5,-1,0,-14.793664,70.134384,586.74979,0,19
1213,2,5,-1,1,-16.923801,89.395656,614.54982,0,19
1214,2,6,-2,1,-13.578097,10.756293,694.51834,0,19
1215,2,6,-2,2,-15.848551,33.368785,728.86017,0,19
1216,2,-8,-1,0,23.01486,783.88495,29.680275,1,0
1217,2,-8,0,0,31.704535,772.02127,19.125668,1,0
1218,2,-8,0,1,30.733454,789.96453,55.853197,1,0
1219,2,-8,1,1,39.556814,791.14852,42.588891,1,3
1220,2,-7,-4,-3,-5.4979811,782.83047,8.5166599,1,8
1221,2,-7,-4,-2,-5.4488822,792.21948,48.424614,1,0
1222,2,-7,-3,-3,0.92431409,731.81897,7.6587908,1,0
1223,2,-7,-3,-2,0.62710543,744.00301,47.404277,1,0
1224,2,-7,-3,-1,0.65430829,756.00543,83.234296,1,0
1225,2,-7,-3,0,0.95775344,768.20007,116.04639,1,0
1226,2,-7,-3,1,1.5005361,780.86398,146.52017,1,0
1227,2,-7,-2,-2,8.5606063,706.44383,42.174895,1,0
1228,2,-7,-2,-1,8.1409149,720.78417,78.36169,1,0
1229,2,-7,-2,0,8.064929,734.84703,111.34068,1,0
1230,2,-7,-2,1,8.2792452,749.01277,141.84362,1,0
1231,2,-7,-2,2,8.743243,763.56925,170.43648,1,0
1232,2,-7,-2,3,9.4252041,778.75174,197.57683,1,0
1233,2,-7,-1,-2,18.293618,679.75631,33.551505,1,0
1234,2,-7,-1,-1,17.25913,696.38654,70.569806,1,0
1235,2,-7,-1,0,16.663938,712.24894,104.09954,1,0
1236,2,-7,-1,1,16.430434,727.8543,134.95677,1,0
1237,2,-7,-1,2,16.501606,743.57192,163.75733,1,0
1238,2,-7,-1,3,16.834155,759.68969,190.98887,1,0
1239,2,-7,-1,4,17.394384,776.45048,217.056,1,0
1240,2,-7,0,-2,29.423818,665.00439,22.125165,1,0
1241,2,-7,0,-1,27.661389,683.57427,60.292778,1,0
1242,2,-7,0,0,26.449998,700.93005,94.638281,1,0
1243,2,-7,0,1,25.683518,717.71978,126.08193,1,0
1244,2,-7,0,2,25.286031,734.39613,155.30169,1,0
1245,2,-7,0,3,25.201037,751.30038,182.82392,1,0
1246,2,-7,0,4,25.385258,768.71095,209.07789,1,0
1247,2,-7,0,5,25.804851,786.87431,234.43129,1,0
1248,2,-7,1,-2,41.207547,663.39123,8.1591393,1,19
1249,2,-7,1,-1,38.731665,683.20684,47.661528,1,1
1250,2,-7,1,0,36.902878,701.50945,83.001673,1,0
1251,2,-7,1,1,35.592566,719.05217,115.20434,1,0
1252,2,-7,1,2,34.709707,736.35071,145.01124,1,0
1253,2,-7,1,3,34.187069,753.78702,172.98981,1,0
1254,2,-7,1,4,33.973426,771.66753,199.59681,1,0
1255,2,-7,1,5,34.028852,790.25925,225.2188,1,0
1256,2,-7,2,0,47.427705,714.3313,68.844364,1,19
1257,2,-7,2,1,45.647468,732.1237,101.98323,1,19
1258,2,-7,2,2,44.330993,749.66261,132.55316,1,19
1259,2,-7,2,3,43.406888,767.34913,161.16216,1,19
1260,2,-7,2,4,42.820426,785.50502,188.29596,1,19
1261,2,-6,-4,-5,-15.377303,709.06948,6.7066806,1,19
1262,2,-6,-4,-4,-15.427878,716.77431,47.742999,1,19
1263,2,-6,-4,-3,-15.163322,724.46856,84.539379,1,19
1264,2,-6,-4,-2,-14.627002,732.46317,118.05706,1,19
1265,2,-6,-4,-1,-13.85294,740.9777,149.01478,1,19
1266,2,-6,-4,0,-12.868644,750.17734,177.97067,1,19
1267,2,-6,-4,1,-11.696847,760.19576,205.37431,1,19
1268,2,-6,-4,2,-10.356609,771.15037,231.60177,1,19
1269,2,-6,-4,3,-8.8640419,783.15352,256.98042,1,19
1270,2,-6,-3,-4,-8.5553532,664.22224,43.539646,1,19
1271,2,-6,-3,-3,-8.6594507,675.13212,80.638259,1,19
1272,2,-6,-3,-2,-8.4230354,685.76199,114.27237,1,19
1273,2,-6,-3,-1,-7.8986714,696.46534,145.21527,1,3
1274,2,-6,-3,0,-7.1267967,707.49383,174.05469,1,1
1275,2,-6,-3,1,-6.1394603,719.0379,201.25568,1,1
1276,2,-6,-3,2,-4.9625996,731.25206,227.20095,1,0
1277,2,-6,-3,3,-3.6174922,744.27179,252.21849,1,0
1278,2,-6,-3,4,-2.1217185,758.22596,276.60161,1,0
1279,2,-6,-3,5,-0.48982008,773.24691,300.62454,1,0
1280,2,-6,-3,6,1.2662367,789.4796,324.55597,1,0
1281,2,-6,-2,-4,1.2459453,619.9084,35.02075,1,0
1282,2,-6,-2,-3,0.45292258,634.59246,73.234445,1,0
1283,2,-6,-2,-2,0.13293607,648.21093,107.59539,1,0
1284,2,-6,-2,-1,0.19487572,661.34155,139.00498,1,0
1285,2,-6,-2,0,0.57328217,674.37324,168.12434,1,0
1286,2,-6,-2,1,1.2190665,687.5844,195.46218,1,0
1287,2,-6,-2,2,2.0942627,701.18751,221.42751,1,0
1288,2,-6,-2,3,3.1688645,715.3567,246.36361,1,0
1289,2,-6,-2,4,4.4188181,730.24613,270.57144,1,0
1290,2,-6,-2,5,5.8246934,746.00353,294.32716,1,0
1291,2,-6,-2,6,7.3707734,762.78125,317.89626,1,0
1292,2,-6,-2,7,9.0444147,780.74647,341.5464,1,0
1293,2,-6,-1,-4,14.260088,585.24987,23.138901,1,0
1294,2,-6,-1,-3,12.341465,604.13485,63.134779,1,0
1295,2,-6,-1,-2,11.133271,620.90444,98.684582,1,0
1296,2,-6,-1,-1,10.468045,636.49823,130.90809,1,0
1297,2,-6,-1,0,10.234506,651.50931,160.58615,1,0
1298,2,-6,-1,1,10.354069,666.34016,188.29774,1,0
1299,2,-6,-1,2,10.768779,681.28269,214.49493,1,0
1300,2,-6,-1,3,11.434542,696.56382,239.54793,1,0
1301,2,-6,-1,4,12.31706,712.37347,263.77426,1,0
1302,2,-6,-1,5,13.389262,728.88359,287.45946,1,0
1303,2,-6,-1,6,14.629602,746.26237,310.87287,1,0
1304,2,-6,-1,7,16.020903,764.68612,334.28127,1,0
1305,2,-6,-1,8,17.549544,784.35083,357.96188,1,0
1306,2,-6,0,-4,29.863768,563.56736,9.117828,1,0
1307,2,-6,0,-3,26.463494,586.34945,51.230838,1,0
1308,2,-6,0,-2,24.102697,605.86606,88.187122,1,0
1309,2,-6,0,-1,22.500135,623.51671,121.3909,1,0
1310,2,-6,0,0,21.480653,640.13174,151.76975,1,0
1311,2,-6,0,1,20.926206,656.24938,179.98606,1,0
1312,2,-6,0,2,20.752774,672.24527,206.54254,1,0
1313,2,-6,0,3,20.898168,688.40083,231.8414,1,0
1314,2,-6,0,4,21.315038,704.94304,256.22084,1,0
1315,2,-6,0,5,21.966602,722.06972,279.97948,1,0
1316,2,-6,0,6,22.823902,739.96738,303.39449,1,0
1317,2,-6,0,7,23.863977,758.82534,326.73627,1,0
1318,2,-6,0,8,25.068603,778.84842,350.28208,1,0
1319,2,-6,1,-3,41.37443,583.92871,38.267359,1,19
1320,2,-6,1,-2,37.896464,605.00752,76.55041,1,1
1321,2,-6,1,-1,35.358134,623.79083,110.71749,1,0
1322,2,-6,1,0,33.535166,641.27172,141.81939,1,0
1323,2,-6,1,1,32.278594,658.07882,170.58921,1,0
1324,2,-6,1,2,31.483427,674.6429,197.57347,1,0
1325,2,-6,1,3,31.072495,691.28146,223.20295,1,0
1326,2,-6,1,4,30.987321,708.24665,247.8351,1,0
1327,2,-6,1,5,31.182605,725.75486,271.78184,1,0
1328,2,-6,1,6,31.622705,744.00713,295.32944,1,0
1329,2,-6,1,7,32.279308,763.20481,318.75444,1,0
1330,2,-6,1,8,33.129828,783.56335,342.3379,1,0
1331,2,-6,2,-1,47.940442,637.6602,98.712707,1,19
1332,2,-6,2,0,45.482786,655.13879,130.53287,1,19
1333,2,-6,2,1,43.640559,671.95926,159.8938,1,19
1334,2,-6,2,2,42.304844,688.55897,187.37086,1,19
1335,2,-6,2,3,41.394387,705.26202,213.41578,1,19
1336,2,-6,2,4,40.84682,722.32731,238.40174,1,19
1337,2,-6,2,5,40.613272,739.97857,262.65277,1,19
1338,2,-6,2,6,40.654884,758.42504,286.46484,1,19
1339,2,-6,2,7,40.94046,777.8777,310.12262,1,19
1340,2,-5,-4,3,-16.222321,728.67491,299.83741,1,19
1341,2,-5,-4,4,-14.151509,740.53176,323.34599,1,19
1342,2,-5,-4,5,-11.967482,753.56343,346.79221,1,19
1343,2,-5,-4,6,-9.6798721,767.87116,370.42199,1,19
1344,2,-5,-4,7,-7.2965312,783.58005,394.49921,1,1
1345,2,-5,-3,0,-15.830686,656.16582,221.15264,1,19
1346,2,-5,-3,1,-14.294368,666.64291,246.23404,1,19
1347,2,-5,-3,2,-12.592701,677.84103,270.42242,1,19
1348,2,-5,-3,3,-10.745586,689.84484,293.97589,1,19
1349,2,-5,-3,4,-8.7696513,702.73648,317.13405,1,19
1350,2,-5,-3,5,-6.6786821,716.60266,340.12912,1,1
1351,2,-5,-3,6,-4.4839456,731.54134,363.19594,1,0
1352,2,-5,-3,7,-2.1944405,747.66857,386.58217,1,0
1353,2,-5,-3,8,0.18290985,765.1262,410.5597,1,0
1354,2,-5,-3,9,2.6431156,784.09152,435.4384,1,0
1355,2,-5,-2,-6,-7.6266224,542.83051,16.880854,1,3
1356,2,-5,-2,-5,-8.9126518,558.83997,58.681976,1,19
1357,2,-5,-2,-4,-9.5007494,572.68288,95.614362,1,19
1358,2,-5,-2,-3,-9.5609178,585.36889,128.91422,1,19
1359,2,-5,-2,-2,-9.2045827,597.50796,159.42578,1,19
1360,2,-5,-2,-1,-8.5103072,609.4932,187.76267,1,19
1361,2,-5,-2,0,-7.5363595,621.59176,214.39402,1,3
1362,2,-5,-2,1,-6.3274915,633.99503,239.69498,1,1
1363,2,-5,-2,2,-4.9188847,646.84857,263.97856,1,0
1364,2,-5,-2,3,-3.3385969,660.27141,287.5173,1,0
1365,2,-5,-2,4,-1.6091637,674.36937,310.55885,1,0
1366,2,-5,-2,5,0.25130312,689.24498,333.33829,1,0
1367,2,-5,-2,6,2.2283336,705.00572,356.08867,1,0
1368,2,-5,-2,7,4.3105279,721.77154,379.05119,1,0
1369,2,-5,-2,8,6.4891327,739.68267,402.48599,1,0
1370,2,-5,-2,9,8.7577294,758.9086,426.68471,1,0
1371,2,-5,-2,10,11.112013,779.65934,451.98647,1,0
1372,2,-5,-1,-5,7.9047181,514.58176,43.810444,1,0
1373,2,-5,-1,-4,5.4942702,534.85483,83.406224,1,0
1374,2,-5,-1,-3,4.0811321,552.19817,118.45976,1,0
1375,2,-5,-1,-2,3.3771804,567.91071,150.17913,1,0
1376,2,-5,-1,-1,3.2078026,582.74379,179.36554,1,0
1377,2,-5,-1,0,3.4572974,597.17074,206.59462,1,0
1378,2,-5,-1,1,4.0442267,611.51054,232.3061,1,0
1379,2,-5,-1,2,4.9088121,625.99221,256.85394,1,0
1380,2,-5,-1,3,6.0058778,640.79164,280.53707,1,0
1381,2,-5,-1,4,7.3006101,656.05455,303.62003,1,0
1382,2,-5,-1,5,8.7658622,671.91193,326.34799,1,0
1383,2,-5,-1,6,10.380361,688.49141,348.9588,1,0
1384,2,-5,-1,7,12.127475,705.92673,371.69386,1,0
1385,2,-5,-1,8,13.994341,724.36654,394.80898,1,0
1386,2,-5,-1,9,15.971243,743.98368,418.58665,1,0
1387,2,-5,-1,10,18.051172,764.98625,443.35095,1,0
1388,2,-5,-1,11,20.229526,787.63177,469.48716,1,0
1389,2,-5,0,-5,30.311061,483.47074,27.167158,1,0
1390,2,-5,0,-4,24.844378,510.85306,70.049702,1,0
1391,2,-5,0,-3,21.301061,532.71854,107.10211,1,0
1392,2,-5,0,-2,18.9846,551.61946,140.14871,1,0
1393,2,-5,0,-1,17.531121,568.84477,170.25881,1,0
1394,2,-5,0,0,16.721917,585.14169,198.1457,1,0
1395,2,-5,0,1,16.413502,600.9853,224.32748,1,0
1396,2,-5,0,2,16.505994,616.70101,249.20588,1,0
1397,2,-5,0,3,16.926911,632.52796,273.11024,1,0
1398,2,-5,0,4,17.622077,648.65532,296.32484,1,0
1399,2,-5,0,5,18.550155,665.24496,319.10747,1,0
1400,2,-5,0,6,19.679182,682.44708,341.70353,1,0
1401,2,-5,0,7,20.984278,700.41204,364.358,1,0
1402,2,-5,0,8,22.446077,719.30069,387.32679,1,0
1403,2,-5,0,9,24.049639,739.29459,410.88912,1,0
1404,2,-5,0,10,25.783678,760.60748,435.36211,1,0
1405,2,-5,0,11,27.64003,783.49955,461.11962,1,0
1406,2,-5,1,-4,45.227474,507.3244,57.434292,1,19
1407,2,-5,1,-3,39.646622,531.4271,95.970254,1,3
1408,2,-5,1,-2,35.722738,551.81497,130.03034,1,0
1409,2,-5,1,-1,32.947525,570.10886,160.87294,1,0
1410,2,-5,1,0,31.022008,587.21471,189.30634,1,0
1411,2,-5,1,1,29.752577,603.69516,215.90283,1,0
1412,2,-5,1,2,29.005645,619.92897,241.09761,1,0
1413,2,-5,1,3,28.68486,636.1904,265.2418,1,0
1414,2,-5,1,4,28.718473,652.69318,288.6343,1,0
1415,2,-5,1,5,29.051818,669.61739,311.54284,1,0
1416,2,-5,1,6,29.642563,687.12737,334.2195,1,0
1417,2,-5,1,7,30.457599,705.38515,356.91352,1,0
1418,2,-5,1,8,31.470908,724.56173,379.88317,1,0
1419,2,-5,1,9,32.66209,744.84806,403.40835,1,0
1420,2,-5,1,10,34.015315,766.46717,427.80531,1,0
1421,2,-5,1,11,35.51858,789.68912,453.44538,1,0
1422,2,-5,2,-1,47.584749,586.64704,151.12256,1,19
1423,2,-5,2,0,44.844688,603.36098,179.95459,1,19
1424,2,-5,2,1,42.819751,619.53598,206.89343,1,19
1425,2,-5,2,2,41.375748,635.53427,232.3835,1,19
1426,2,-5,2,3,40.412995,651.62233,256.78402,1,19
1427,2,-5,2,4,39.855427,668.01112,280.40068,1,3
1428,2,-5,2,5,39.643864,684.88108,303.50692,1,3
1429,2,-5,2,6,39.731622,702.39928,326.35976,1,3
1430,2,-5,2,7,40.081542,720.73258,349.21285,1,19
1431,2,-5,2,8,40.663916,740.05901,372.32869,1,19
1432,2,-5,2,9,41.455009,760.57919,395.99155,1,19
1433,2,-5,2,10,42.435994,782.52909,420.52258,1,19
1434,2,-4,-5,7,-16.914147,778.03052,439.75952,1,19
1435,2,-4,-4,6,-15.918175,717.8989,406.5303,1,19
1436,2,-4,-4,7,-13.051994,732.12842,430.27947,1,19
1437,2,-4,-4,8,-10.1126,747.73826,454.88857,1,19
1438,2,-4,-4,9,-7.1044114,764.86996,480.68916,1,1
1439,2,-4,-4,10,-4.0297915,783.71133,508.08281,1,0
1440,2,-4,-3,4,-15.814537,654.17271,353.64701,1,19
1441,2,-4,-3,5,-13.13969,667.05428,376.09024,1,19
1442,2,-4,-3,6,-10.389478,680.94363,398.74362,1,19
1443,2,-4,-3,7,-7.5721803,695.91143,421.83957,1,3
1444,2,-4,-3,8,-4.6936658,712.05099,445.63873,1,0
1445,2,-4,-3,9,-1.7575671,729.48516,470.44281,1,0
1446,2,-4,-3,10,1.2345867,748.37541,496.61174,1,0
1447,2,-4,-3,11,4.2832951,768.9343,524.58732,1,0
1448,2,-4,-3,12,7.3910817,791.44328,554.92731,1,0
1449,2,-4,-2,0,-16.739836,574.14147,254.43111,1,19
1450,2,-4,-2,1,-14.74519,585.71097,278.41677,1,19
1451,2,-4,-2,2,-12.600797,597.86226,301.64599,1,19
1452,2,-4,-2,3,-10.331749,610.65276,324.34234,1,19
1453,2,-4,-2,4,-7.9578879,624.13528,346.71742,1,3
1454,2,-4,-2,5,-5.4946847,638.36497,368.97977,1,0
1455,2,-4,-2,6,-2.9539283,653.40506,391.34301,1,0
1456,2,-4,-2,7,-0.34427684,669.33211,414.03426,1,0
1457,2,-4,-2,8,2.3283112,686.24153,437.30367,1,0
1458,2,-4,-2,9,5.0602464,704.25388,461.4361,1,0
1459,2,-4,-2,10,7.8500715,723.52284,486.76622,1,0
1460,2,-4,-2,11,10.698313,744.24592,513.69919,1,0
1461,2,-4,-2,12,13.607425,766.67963,542.7399,1,0
1462,2,-4,-2,13,16.581826,791.16146,574.53586,1,0
1463,2,-4,-1,-6,-0.7945845,448.33403,57.316849,1,0
1464,2,-4,-1,-5,-3.7967447,470.27407,97.365385,1,0
1465,2,-4,-1,-4,-5.2854313,488.12366,132.56065,1,0
1466,2,-4,-1,-3,-5.8203882,503.87738,164.32304,1,1
1467,2,-4,-1,-2,-5.6927161,518.53766,193.51254,1,0
1468,2,-4,-1,-1,-5.0776978,532.67429,220.71735,1,0
1469,2,-4,-1,0,-4.0907809,546.63762,246.3739,1,0
1470,2,-4,-1,1,-2.8125268,560.65706,270.82694,1,0
1471,2,-4,-1,2,-1.301309,574.89273,294.36381,1,0
1472,2,-4,-1,3,0.39955197,589.46511,317.23594,1,0
1473,2,-4,-1,4,2.2574586,604.47342,339.6736,1,0
1474,2,-4,-1,5,4.247746,620.00782,361.89718,1,0
1475,2,-4,-1,6,6.3517999,636.15824,384.12666,1,0
1476,2,-4,-1,7,8.5557453,653.0215,406.59073,1,0
1477,2,-4,-1,8,10.849516,670.70783,429.53637,1,0
1478,2,-4,-1,9,13.22619,689.34771,453.24019,1,0
1479,2,-4,-1,10,15.681528,709.09988,478.02263,1,0
1480,2,-4,-1,11,18.21366,730.16166,504.26696,1,0
1481,2,-4,-1,12,20.822915,752.78306,532.44571,1,0
1482,2,-4,-1,13,23.511768,777.28692,563.15901,1,0
1483,2,-4,0,-5,27.056622,431.39461,80.252816,1,0
1484,2,-4,0,-4,20.245626,459.07789,119.1184,1,0
1485,2,-4,0,-3,16.285778,480.82568,153.02665,1,0
1486,2,-4,0,-2,13.944615,499.63243,183.61181,1,0
1487,2,-4,0,-1,12.659593,516.84534,211.7726,1,0
1488,2,-4,0,0,12.119575,533.19309,238.0992,1,0
1489,2,-4,0,1,12.132308,549.11583,263.02251,1,0
1490,2,-4,0,2,12.570199,564.90263,286.88208,1,0
1491,2,-4,0,3,13.344353,580.75848,309.9625,1,0
1492,2,-4,0,4,14.390726,596.841,332.51555,1,0
1493,2,-4,0,5,15.662105,613.28229,354.77546,1,0
1494,2,-4,0,6,17.123183,630.20332,376.97052,1,0
1495,2,-4,0,7,18.747384,647.72434,399.33344,1,0
1496,2,-4,0,8,20.514745,665.97345,422.11156,1,0
1497,2,-4,0,9,22.410465,685.09475,445.57827,1,0
1498,2,-4,0,10,24.423902,705.25713,470.04693,1,0
1499,2,-4,0,11,26.547899,726.66504,495.88914,1,0
1500,2,-4,0,12,28.778328,749.57266,523.55974,1,0
1501,2,-4,0,13,31.113836,774.3038,553.63279,1,0
1502,2,-4,1,-4,47.651598,457.27897,108.10179,1,19
1503,2,-4,1,-3,40.262765,481.28742,143.20248,1,19
1504,2,-4,1,-2,35.330381,501.5278,174.5759,1,0
1505,2,-4,1,-1,31.985731,519.73568,203.29319,1,0
1506,2,-4,1,0,29.755222,536.8129,230.02587,1,0
1507,2,-4,1,1,28.348392,553.29215,255.24977,1,0
1508,2,-4,1,2,27.573367,569.51811,279.33158,1,0
1509,2,-4,1,3,27.296822,585.73217,302.57317,1,0
1510,2,-4,1,4,27.422715,602.11726,325.23767,1,0
1511,2,-4,1,5,27.880045,618.82412,347.56668,1,0
1512,2,-4,1,6,28.615351,635.98813,369.7932,1,0
1513,2,-4,1,7,29.587897,653.74123,392.15253,1,0
1514,2,-4,1,8,30.766465,672.22155,414.89293,1,0
1515,2,-4,1,9,32.127163,691.58233,438.28718,1,0
1516,2,-4,1,10,33.651899,712.00141,462.64654,1,0
1517,2,-4,1,11,35.327321,733.69255,488.33876,1,0
1518,2,-4,1,12,37.144084,756.92035,515.81277,1,0
1519,2,-4,1,13,39.096382,782.02092,545.63391,1,1
1520,2,-4,2,0,46.064137,556.88674,222.0681,1,19
1521,2,-4,2,1,43.658522,572.5566,247.41323,1,19
1522,2,-4,2,2,41.958463,588.12827,271.61584,1,19
1523,2,-4,2,3,40.832186,603.81262,294.97394,1,19
1524,2,-4,2,4,40.180208,619.77489,317.74917,1,19
1525,2,-4,2,5,39.926083,636.15571,340.18285,1,3
1526,2,-4,2,6,40.010308,653.08529,362.50837,1,19
1527,2,-4,2,7,40.386169,670.69409,384.96192,1,19
1528,2,-4,2,8,41.016836,689.12186,407.79307,1,19
1529,2,-4,2,9,41.873278,708.52656,431.27652,1,19
1530,2,-4,2,10,42.932771,729.09408,455.72615,1,19
1531,2,-4,2,11,44.177808,751.05043,481.51347,1,19
1532,2,-4,2,12,45.595333,774.67781,509.09284,1,19
1533,2,-3,-5,9,-16.001907,763.20029,528.97213,1,19
1534,2,-3,-5,10,-12.459717,780.32002,558.699,1,19
1535,2,-3,-4,8,-15.432263,701.48569,490.01826,1,19
1536,2,-3,-4,9,-11.869571,716.95854,516.21028,1,19
1537,2,-3,-4,10,-8.2597584,733.92229,544.15526,1,19
1538,2,-3,-4,11,-4.6023394,752.55338,574.37364,1,0
1539,2,-3,-4,12,-0.89396511,773.09441,607.53699,1,0
1540,2,-3,-3,6,-16.57079,635.61114,433.17915,1,19
1541,2,-3,-3,7,-13.07185,649.51348,456.38544,1,19
1542,2,-3,-3,8,-9.5499741,664.49325,480.42516,1,19
1543,2,-3,-3,9,-6.0069595,680.62204,505.60578,1,1
1544,2,-3,-3,10,-2.4418211,698.00465,532.29892,1,0
1545,2,-3,-3,11,1.1489949,716.78774,560.96511,1,0
1546,2,-3,-3,12,4.7715209,737.17254,592.18991,1,0
1547,2,-3,-3,13,8.4343247,759.43358,626.73817,1,0
1548,2,-3,-3,14,12.148754,783.94767,665.63816,1,0
1549,2,-3,-2,4,-14.881508,577.77008,381.14904,1,19
1550,2,-3,-2,5,-11.580117,591.41626,403.27635,1,19
1551,2,-3,-2,6,-8.2690131,605.8553,425.6273,1,19
1552,2,-3,-2,7,-4.9510439,621.11451,448.42471,1,0
1553,2,-3,-2,8,-1.6261871,637.24235,471.91978,1,0
1554,2,-3,-2,9,1.7079445,654.31209,496.40347,1,0
1555,2,-3,-2,10,5.0557614,672.4267,522.22196,1,0
1556,2,-3,-2,11,8.4235065,691.72588,549.79822,1,0
1557,2,-3,-2,12,11.819209,712.39641,579.66294,1,0
1558,2,-3,-2,13,15.252789,734.68749,612.50039,1,0
1559,2,-3,-2,14,18.736325,758.9344,649.21868,1,0
1560,2,-3,-2,15,22.284548,785.59563,691.06118,1,0
1561,2,-3,-1,-1,-15.51131,485.06467,257.99425,1,19
1562,2,-3,-1,0,-13.226321,498.4151,282.66858,1,19
1563,2,-3,-1,1,-10.791112,512.10273,306.38755,1,19
1564,2,-3,-1,2,-8.2462637,526.17579,329.38367,1,19
1565,2,-3,-1,3,-5.6199252,540.66971,351.87197,1,0
1566,2,-3,-1,4,-2.9313788,555.61756,374.0591,1,0
1567,2,-3,-1,5,-0.19346453,571.05645,396.15094,1,0
1568,2,-3,-1,6,2.5857473,587.03205,418.35979,1,0
1569,2,-3,-1,7,5.4017948,603.60211,440.91203,1,0
1570,2,-3,-1,8,8.2530259,620.83991,464.05696,1,0
1571,2,-3,-1,9,11.140062,638.83824,488.07791,1,0
1572,2,-3,-1,10,14.065464,657.71445,513.30673,1,0
1573,2,-3,-1,11,17.033556,677.61737,540.14353,1,0
1574,2,-3,-1,12,20.050389,698.7371,569.08473,1,0
1575,2,-3,-1,13,23.123842,721.31932,600.76392,1,0
1576,2,-3,-1,14,26.263874,745.68676,636.01379,1,0
1577,2,-3,-1,15,29.482962,772.27251,675.96311,1,0
1578,2,-3,0,-3,11.240654,428.80199,192.94045,1,0
1579,2,-3,0,-2,8.7798404,447.97808,222.01722,1,0
1580,2,-3,0,-1,7.7539329,465.55159,249.00523,1,0
1581,2,-3,0,0,7.6317971,482.30167,274.42316,1,0
1582,2,-3,0,1,8.1241193,498.64913,298.64602,1,0
1583,2,-3,0,2,9.056429,514.84857,321.97346,1,0
1584,2,-3,0,3,10.316418,531.0702,344.66272,1,0
1585,2,-3,0,4,11.828575,547.44012,366.94761,1,0
1586,2,-3,0,5,13.540649,564.06229,389.05132,1,0
1587,2,-3,0,6,15.415857,581.03182,411.19654,1,0
1588,2,-3,0,7,17.42815,598.44383,433.61474,1,0
1589,2,-3,0,8,19.559209,616.40031,456.55594,1,0
1590,2,-3,0,9,21.796501,635.01635,480.29998,1,0
1591,2,-3,0,10,24.131992,654.42669,505.17084,1,0
1592,2,-3,0,11,26.561323,674.79373,531.55557,1,0
1593,2,-3,0,12,29.083299,696.31792,559.93071,1,0
1594,2,-3,0,13,31.699642,719.25244,590.90054,1,0
1595,2,-3,0,14,34.414967,743.92457,625.25435,1,0
1596,2,-3,0,15,37.236986,770.76841,664.05563,1,0
1597,2,-3,1,-3,45.813305,432.78201,184.24446,1,19
1598,2,-3,1,-2,38.412599,453.12349,213.86652,1,1
1599,2,-3,1,-1,33.681171,471.43795,241.2209,1,0
1600,2,-3,1,0,30.661448,488.6849,266.89352,1,0
1601,2,-3,1,1,28.819377,505.37773,291.29443,1,0
1602,2,-3,1,2,27.827717,521.82578,314.74353,1,0
1603,2,-3,1,3,27.473048,538.2346,337.51029,1,0
1604,2,-3,1,4,27.609901,554.75453,359.83596,1,0
1605,2,-3,1,5,28.135889,571.50703,381.94803,1,0
1606,2,-3,1,6,28.977251,588.60043,404.07131,1,0
1607,2,-3,1,7,30.079992,606.14043,426.43771,1,0
1608,2,-3,1,8,31.404242,624.23805,449.29621,1,0
1609,2,-3,1,9,32.920533,643.01665,472.9242,1,0
1610,2,-3,1,10,34.607316,662.61921,497.64163,1,0
1611,2,-3,1,11,36.449276,683.21699,523.82958,1,0
1612,2,-3,1,12,38.436206,705.02069,551.95614,1,1
1613,2,-3,1,13,40.562301,728.29599,582.61353,1,19
1614,2,-3,1,14,42.825778,753.38618,616.57373,1,19
1615,2,-3,1,15,45.2288,780.7467,654.87476,1,19
1616,2,-3,2,1,47.024884,530.2595,284.25512,1,19
1617,2,-3,2,2,44.801094,545.33897,307.64225,1,19
1618,2,-3,2,3,43.30636,560.62659,330.3829,1,19
1619,2,-3,2,4,42.401587,576.22715,352.70639,1,19
1620,2,-3,2,5,41.981199,592.23234,374.83239,1,19
1621,2,-3,2,6,41.964273,608.73079,396.98046,1,19
1622,2,-3,2,7,42.288335,625.81546,419.37901,1,19
1623,2,-3,2,8,42.904972,643.59004,442.27482,1,19
1624,2,-3,2,9,43.776676,662.17518,465.94421,1,19
1625,2,-3,2,10,44.87457,681.7157,490.70709,1,19
1626,2,-3,2,11,46.176776,702.38955,516.94571,1,19
1627,2,-3,2,12,47.667251,724.41987,545.13071,1,19
1628,2,-2,-5,10,-16.790469,737.03574,597.76314,1,19
1629,2,-2,-5,11,-12.608376,753.69965,631.8013,1,19
1630,2,-2,-5,12,-8.3536159,772.32376,669.77269,1,19
1631,2,-2,-5,13,-4.0193774,793.22497,712.90647,1,0
1632,2,-2,-4,9,-16.560568,674.20009,553.42741,1,19
1633,2,-2,-4,10,-12.279529,689.2737,582.56273,1,19
1634,2,-2,-4,11,-7.971938,705.77552,614.27039,1,3
1635,2,-2,-4,12,-3.6326466,723.85972,649.29982,1,0
1636,2,-2,-4,13,0.74800727,743.74665,688.65693,1,0
1637,2,-2,-4,14,5.1846488,765.7488,733.73409,1,0
1638,2,-2,-3,8,-14.413328,620.79969,516.51095,1,19
1639,2,-2,-3,9,-10.074665,635.56249,542.57969,1,19
1640,2,-2,-3,10,-5.7628417,651.42165,570.38259,1,1
1641,2,-2,-3,11,-1.4696449,668.4547,600.42769,1,0
1642,2,-2,-3,12,2.8167213,686.78124,633.36885,1,0
1643,2,-2,-3,13,7.1115548,706.57416,670.07024,1,0
1644,2,-2,-3,14,11.433953,728.07714,711.70817,1,0
1645,2,-2,-3,15,15.807594,751.63264,759.93881,1,0
1646,2,-2,-2,6,-13.848798,560.97222,460.52993,1,19
1647,2,-2,-2,7,-9.5338955,575.50979,483.8279,1,19
1648,2,-2,-2,8,-5.309956,590.84828,507.97403,1,0
1649,2,-2,-2,9,-1.1622959,607.00329,533.28036,1,0
1650,2,-2,-2,10,2.9255266,624.02021,560.12398,1,0
1651,2,-2,-2,11,6.9712671,641.97686,588.97144,1,0
1652,2,-2,-2,12,10.993921,660.98832,620.41488,1,0
1653,2,-2,-2,13,15.013967,681.21531,655.22633,1,0
1654,2,-2,-2,14,19.053934,702.87759,694.44243,1,0
1655,2,-2,-2,15,23.139349,726.27562,739.50154,1,0
1656,2,-2,-1,2,-16.735273,478.74305,363.70825,1,19
1657,2,-2,-1,3,-12.513323,493.10323,386.1767,1,19
1658,2,-2,-1,4,-8.470792,508.03167,408.46466,1,19
1659,2,-2,-1,5,-4.5762522,523.47132,430.77087,1,0
1660,2,-2,-1,6,-0.80128625,539.39852,453.30909,1,0
1661,2,-2,-1,7,2.8794876,555.81736,476.31399,1,0
1662,2,-2,-1,8,6.4888169,572.75634,500.04944,1,0
1663,2,-2,-1,9,10.047378,590.26697,524.8201,1,0
1664,2,-2,-1,10,13.574386,608.4244,550.98733,1,0
1665,2,-2,-1,11,17.088223,627.32994,578.99168,1,0
1666,2,-2,-1,12,20.607081,647.11606,609.38537,1,0
1667,2,-2,-1,13,24.149674,667.95452,642.88055,1,0
1668,2,-2,-1,14,27.736063,690.06914,680.42343,1,0
1669,2,-2,-1,15,31.38872,713.75589,723.31269,1,0
1670,2,-2,0,0,3.2245292,430.806,309.17485,1,0
1671,2,-2,0,1,4.5749997,447.95525,333.13785,1,0
1672,2,-2,0,2,6.3026215,464.93786,356.32686,1,0
1673,2,-2,0,3,8.2803513,481.87417,378.98468,1,0
1674,2,-2,0,4,10.434194,498.85211,401.33937,1,0
1675,2,-2,0,5,12.719179,515.94643,423.61466,1,0
1676,2,-2,0,6,15.107446,533.22856,446.03879,1,0
1677,2,-2,0,7,17.581867,550.77247,468.85333,1,0
1678,2,-2,0,8,20.13244,568.65893,492.32306,1,0
1679,2,-2,0,9,22.754189,586.97931,516.74819,1,0
1680,2,-2,0,10,25.445926,605.83979,542.48008,1,0
1681,2,-2,0,11,28.209564,625.36642,569.94283,1,0
1682,2,-2,0,12,31.0498,645.71207,599.66369,1,0
1683,2,-2,0,13,33.974086,667.06599,632.31776,1,0
1684,2,-2,0,14,36.992886,689.66787,668.79599,1,0
1685,2,-2,0,15,40.120246,713.82912,710.31262,1,19
1686,2,-2,0,16,43.374795,739.96632,758.58272,1,19
1687,2,-2,1,-1,41.402083,425.75005,277.0104,1,19
1688,2,-2,1,0,36.146329,442.82981,302.03136,1,0
1689,2,-2,1,1,32.997135,459.60402,325.99257,1,0
1690,2,-2,1,2,31.23717,476.26015,349.16634,1,0
1691,2,-2,1,3,30.439046,492.91733,371.79449,1,0
1692,2,-2,1,4,30.334362,509.66385,394.10345,1,0
1693,2,-2,1,5,30.747488,526.57519,416.31475,1,0
1694,2,-2,1,6,31.559799,543.72375,438.65381,1,0
1695,2,-2,1,7,32.689268,561.18498,461.35869,1,0
1696,2,-2,1,8,34.078307,579.04185,484.68976,1,0
1697,2,-2,1,9,35.68626,597.38908,508.94159,1,0
1698,2,-2,1,10,37.484639,616.33767,534.45829,1,0
1699,2,-2,1,11,39.454073,636.02058,561.65426,1,1
1700,2,-2,1,12,41.582353,656.60038,591.04359,1,19
1701,2,-2,1,13,43.863248,678.27992,623.28298,1,19
1702,2,-2,1,14,46.295905,701.31808,659.23678,1,19
1703,2,-2,1,15,48.884753,726.05373,700.07945,1,19
1704,2,-2,2,3,48.962745,522.13838,364.70973,1,19
1705,2,-2,2,4,47.505112,537.13066,386.89655,1,19
1706,2,-2,2,5,46.680052,552.60526,409.02871,1,19
1707,2,-2,2,6,46.371192,568.58744,431.31827,1,19
1708,2,-2,2,7,46.489648,585.11832,453.99352,1,19
1709,2,-2,2,8,46.967512,602.25663,477.30775,1,19
1710,2,-2,2,9,47.752994,620.08111,501.55036,1,19
1711,2,-2,2,10,48.806872,638.69421,527.06171,1,19
1712,2,-1,-6,12,-14.478787,791.03005,748.83083,1,19
1713,2,-1,-5,11,-16.008128,712.62914,677.78969,1,19
1714,2,-1,-5,12,-11.045087,728.08073,719.24003,1,19
1715,2,-1,-5,13,-5.9910782,745.25489,766.87451,1,1
1716,2,-1,-4,10,-16.01136,648.08326,625.14181,1,19
1717,2,-1,-4,11,-10.86271,662.03304,659.37126,1,19
1718,2,-1,-4,12,-5.6991857,677.20652,697.56306,1,0
1719,2,-1,-4,13,-0.50606726,693.67569,740.95672,1,0
1720,2,-1,-3,9,-13.883417,592.79947,583.07395,1,19
1721,2,-1,-3,10,-8.5608701,606.69487,612.78062,1,19
1722,2,-1,-3,11,-3.3193242,621.53219,645.16412,1,0
1723,2,-1,-3,12,1.8621175,637.3199,681.01322,1,0
1724,2,-1,-3,13,7.0105782,654.08967,721.39243,1,0
1725,2,-1,-3,14,12.159804,671.8942,767.7861,1,0
1726,2,-1,-2,7,-14.106973,531.29549,521.80981,1,19
1727,2,-1,-2,8,-8.5707634,545.46869,547.15409,1,19
1728,2,-1,-2,9,-3.2636443,560.37124,573.90819,1,0
1729,2,-1,-2,10,1.8553576,575.96256,602.50974,1,0
1730,2,-1,-2,11,6.8277571,592.23121,633.51021,1,0
1731,2,-1,-2,12,11.69505,609.19065,667.62231,1,0
1732,2,-1,-2,13,16.499197,626.87539,705.79388,1,0
1733,2,-1,-2,14,21.283976,645.33635,749.32692,1,0
1734,2,-1,-1,4,-14.815434,460.66869,444.43926,1,19
1735,2,-1,-1,5,-8.9011604,475.90379,467.33942,1,19
1736,2,-1,-1,6,-3.5097198,491.66227,490.6072,1,0
1737,2,-1,-1,7,1.48453,507.84387,514.49949,1,0
1738,2,-1,-1,8,6.1797889,524.4014,539.31184,1,0
1739,2,-1,-1,9,10.653415,541.32462,565.39142,1,0
1740,2,-1,-1,10,14.967688,558.63038,593.15652,1,0
1741,2,-1,-1,11,19.174427,576.35664,623.12516,1,0
1742,2,-1,-1,12,23.318672,594.55895,655.95756,1,0
1743,2,-1,-1,13,27.441762,613.30817,692.52104,1,0
1744,2,-1,-1,14,31.584177,632.68819,733.99288,1,0
1745,2,-1,0,3,8.5941891,431.75083,414.55104,1,0
1746,2,-1,0,4,11.591333,449.64056,437.29631,1,0
1747,2,-1,0,5,14.551415,467.43717,460.07231,1,0
1748,2,-1,0,6,17.496465,485.19633,483.1261,1,0
1749,2,-1,0,7,20.442931,502.9783,506.72307,1,0
1750,2,-1,0,8,23.404559,520.84805,531.15826,1,0
1751,2,-1,0,9,26.393969,538.87599,556.77092,1,0
1752,2,-1,0,10,29.423664,557.13918,583.9639,1,0
1753,2,-1,0,11,32.506827,575.7229,613.23082,1,0
1754,2,-1,0,12,35.65807,594.72265,645.19532,1,0
1755,2,-1,0,13,38.894297,614.24644,680.6701,1,1
1756,2,-1,0,14,42.235833,634.41725,720.74926,1,19
1757,2,-1,0,15,45.708034,655.37505,766.95913,1,19
1758,2,-1,1,2,41.516064,434.15271,384.07758,1,19
1759,2,-1,1,3,39.093698,450.4252,406.853,1,1
1760,2,-1,1,4,37.942855,466.99359,429.44607,1,1
1761,2,-1,1,5,37.672429,483.7896,452.07466,1,0
1762,2,-1,1,6,38.036439,500.79417,474.97156,1,1
1763,2,-1,1,7,38.875707,518.01951,498.39067,1,1
1764,2,-1,1,8,40.08484,535.49992,522.61639,1,19
1765,2,-1,1,9,41.593071,553.28732,547.97673,1,19
1766,2,-1,1,10,43.352874,571.44962,574.86135,1,19
1767,2,-1,1,11,45.333062,590.07108,603.74704,1,19
1768,2,-1,1,12,47.514608,609.2543,635.23473,1,19
1769,2,0,-4,11,-13.018464,619.01637,712.5838,1,19
1770,2,0,-4,12,-6.7145418,629.88101,756.05884,1,1
1771,2,0,-3,10,-10.489726,561.55763,662.05511,1,19
1772,2,0,-3,11,-3.8765659,572.85801,698.3569,1,0
1773,2,0,-3,12,2.6122089,584.54848,739.15491,1,0
1774,2,0,-2,8,-11.040785,499.25568,591.53992,1,19
1775,2,0,-2,9,-3.9339269,511.78419,620.74853,1,0
1776,2,0,-2,10,2.7470597,524.81172,652.31789,1,0
1777,2,0,-2,11,9.0950069,538.14754,686.97124,1,0
1778,2,0,-2,12,15.202306,551.59255,725.67399,1,0
1779,2,0,-1,5,-13.112156,427.0202,507.61092,1,19
1780,2,0,-1,6,-4.6404808,441.75154,532.20138,1,0
1781,2,0,-1,7,2.5886758,457.02673,557.63383,1,0
1782,2,0,-1,8,8.9532515,472.59235,584.26959,1,0
1783,2,0,-1,9,14.719223,488.29153,612.54021,1,0
1784,2,0,-1,10,20.076308,504.01574,642.97605,1,0
1785,2,0,-1,11,25.165013,519.67174,676.24997,1,0
1786,2,0,-1,12,30.095566,535.15315,713.24515,1,0
1787,2,0,-1,13,34.961599,550.30674,755.16403,1,0
1788,2,0,0,6,26.382115,434.83359,524.3907,1,0
1789,2,0,0,7,29.304397,452.6407,549.30234,1,0
1790,2,0,0,8,32.281434,470.18812,575.33593,1,0
1791,2,0,0,9,35.324985,487.51499,602.90123,1,0
1792,2,0,0,10,38.44898,504.64833,632.49648,1,1
1793,2,0,0,11,41.670306,521.5978,664.74816,1,19
1794,2,0,0,12,45.009986,538.34621,700.47098,1,19
1795,2,0,0,13,48.494971,554.83227,740.76258,1,19
1796,2,1,-3,10,-10.729277,511.93127,722.42035,1,19
1797,2,1,-3,11,-1.8274616,515.88368,765.91596,1,0
1798,2,1,-2,8,-11.646379,448.7725,644.30922,1,19
1799,2,1,-2,9,-1.2061653,455.3706,678.12969,1,0
1800,2,1,-2,10,8.3449184,462.01958,715.3693,1,0
1801,2,1,-2,11,17.224566,467.95738,757.22516,1,0
1802,2,1,-1,10,35.423666,431.12996,707.78631,1,0
1803,2,1,-1,11,41.573222,441.16641,747.61495,1,19
1804,3,-5,1,-6,83.190096,300.35178,6.9184134,0,19
1805,3,-5,2,-9,83.369487,171.09799,7.3193681,0,19
1806,3,-5,2,-8,80.293855,203.27489,9.6145961,0,19
1807,3,-5,2,-7,76.156096,234.617,10.273213,0,19
1808,3,-5,2,-6,70.63957,265.34642,9.3907178,0,0
1809,3,-5,2,-5,63.325126,295.58615,7.045589,0,0
1810,3,-5,3,-8,70.395047,163.77537,6.1671494,0,0
1811,3,-5,3,-7,66.395482,191.52476,8.4978004,0,0
1812,3,-5,3,-6,61.454044,217.48391,9.5607596,0,0
1813,3,-5,3,-5,55.447498,241.47826,9.5584437,0,0
1814,3,-5,3,-4,48.295331,263.12117,8.7227105,0,0
1815,3,-5,3,-3,40.018968,281.76955,7.3388195,0,0
1816,3,-5,3,-2,30.816321,296.51451,5.7567186,0,0
1817,3,-5,4,-5,49.260931,181.40555,6.8678756,0,0
1818,3,-5,4,-4,43.664739,198.75054,7.8243242,0,0
1819,3,-5,4,-3,37.471285,212.96743,8.1744547,0,0
1820,3,-5,4,-2,30.801994,223.66257,8.1149287,0,0
1821,3,-5,4,-1,23.838433,230.44722,7.8177483,0,0
1822,3,-5,4,0,16.800887,233.02332,7.4058651,0,0
1823,3,-5,4,1,9.9100894,231.26262,6.9291429,0,0
1824,3,-5,4,2,3.3466609,225.24379,6.3524713,0,0
1825,3,-5,4,3,-2.7742494,215.22802,5.5626386,0,19
1826,3,-4,1,-4,82.665467,350.05368,104.34483,0,19
1827,3,-4,2,-6,81.664276,257.28187,111.79442,0,19
1828,3,-4,2,-5,75.948441,283.16,110.58458,0,19
1829,3,-4,2,-4,68.389029,307.52243,108.72097,0,0
1830,3,-4,2,-3,58.594318,329.6308,106.41369,0,0
1831,3,-4,2,-2,46.404524,348.16922,104.00153,0,0
1832,3,-4,2,-1,32.323908,361.13908,101.98454,0,0
1833,3,-4,2,0,17.829148,366.29936,100.92164,0,0
1834,3,-4,2,1,4.7827305,362.47262,101.10892,0,0
1835,3,-4,2,2,-5.7846609,350.53737,102.33092,0,19
1836,3,-4,3,-10,82.871639,110.64252,103.7805,0,19
1837,3,-4,3,-9,80.850126,139.3742,107.16898,0,19
1838,3,-4,3,-8,78.214438,166.29633,109.52247,0,19
1839,3,-4,3,-7,74.853087,191.46997,110.97691,0,3
1840,3,-4,3,-6,70.642147,214.83244,111.66123,0,0
1841,3,-4,3,-5,65.457241,236.17891,111.70948,0,0
1842,3,-4,3,-4,59.199495,255.14,111.27227,0,0
1843,3,-4,3,-3,51.840564,271.16922,110.52489,0,0
1844,3,-4,3,-2,43.482625,283.56753,109.66569,0,0
1845,3,-4,3,-1,34.406497,291.58236,108.89579,0,0
1846,3,-4,3,0,25.057838,294.59589,108.3759,0,0
1847,3,-4,3,1,15.940585,292.34111,108.17494,0,0
1848,3,-4,3,2,7.4655032,285.01166,108.24313,0,0
1849,3,-4,3,3,-0.14539553,273.18002,108.43089,0,1
1850,3,-4,3,4,-6.8526133,257.58856,108.53788,0,19
1851,3,-4,4,-11,75.579368,37.49296,91.009096,0,19
1852,3,-4,4,-10,73.870007,67.543217,96.714265,0,1
1853,3,-4,4,-9,71.708046,95.070871,101.16604,0,0
1854,3,-4,4,-8,69.038762,120.26799,104.55198,0,0
1855,3,-4,4,-7,65.806472,143.21332,107.0317,0,0
1856,3,-4,4,-6,61.960305,163.88034,108.74763,0,0
1857,3,-4,4,-5,57.463375,182.14318,109.83301,0,0
1858,3,-4,4,-4,52.305569,197.78567,110.41663,0,0
1859,3,-4,4,-3,46.518443,210.52014,110.62372,0,0
1860,3,-4,4,-2,40.18795,220.0223,110.57172,0,0
1861,3,-4,4,-1,33.457981,225.9841,110.36069,0,0
1862,3,-4,4,0,26.518182,228.1772,110.06021,0,0
1863,3,-4,4,1,19.575566,226.50808,109.69726,0,0
1864,3,-4,4,2,12.818987,221.04234,109.25055,0,0
1865,3,-4,4,3,6.3906642,211.98672,108.65419,0,0
1866,3,-4,4,4,0.37446396,199.63742,107.80855,0,0
1867,3,-4,4,5,-5.199357,184.31636,106.59329,0,19
1868,3,-4,4,6,-10.340146,166.31561,104.87743,0,19
1869,3,-4,5,-10,65.809344,13.112977,85.247889,0,0
1870,3,-4,5,-9,63.67208,40.293706,91.005516,0,0
1871,3,-4,5,-8,61.12692,64.655535,95.574372,0,0
1872,3,-4,5,-7,58.149385,86.355091,99.139329,0,0
1873,3,-4,5,-6,54.722395,105.45394,101.85552,0,0
1874,3,-4,5,-5,50.840922,121.93585,103.85621,0,0
1875,3,-4,5,-4,46.517074,135.7241,105.2574,0,0
1876,3,-4,5,-3,41.784602,146.70127,106.15942,0,0
1877,3,-4,5,-2,36.701328,154.73284,106.64608,0,0
1878,3,-4,5,-1,31.347899,159.69344,106.7817,0,0
1879,3,-4,5,0,25.821965,161.49213,106.60731,0,0
1880,3,-4,5,1,20.228343,160.09161,106.13734,0,0
1881,3,-4,5,2,14.667424,155.51602,105.358,0,0
1882,3,-4,5,3,9.2248674,147.84506,104.22814,0,0
1883,3,-4,5,4,3.9650788,137.19628,102.6819,0,0
1884,3,-4,5,5,-1.0707003,123.70013,100.63223,0,1
1885,3,-4,5,6,-5.862439,107.47331,97.973653,0,19
1886,3,-4,5,7,-10.407127,88.594316,94.583196,0,19
1887,3,-4,6,-7,51.396625,19.62935,85.792881,0,0
1888,3,-4,6,-6,48.358935,38.277031,89.605901,0,0
1889,3,-4,6,-5,44.985824,54.085189,92.5457,0,0
1890,3,-4,6,-4,41.292894,67.090844,94.731856,0,0
1891,3,-4,6,-3,37.307197,77.29099,96.260438,0,0
1892,3,-4,6,-2,33.067459,84.659783,97.205978,0,0
1893,3,-4,6,-1,28.622843,89.164178,97.62196,0,0
1894,3,-4,6,0,24.030133,90.776922,97.540488,0,0
1895,3,-4,6,1,19.349667,89.485427,96.971693,0,0
1896,3,-4,6,2,14.640679,85.295162,95.903328,0,0
1897,3,-4,6,3,9.9569401,78.22701,94.30073,0,0
1898,3,-4,6,4,5.3434453,68.308976,92.107001,0,0
1899,3,-4,6,5,0.83459053,55.563472,89.243006,0,0
1900,3,-4,6,6,-3.5461706,39.99167,85.606584,0,19
1901,3,-4,6,7,-7.7854936,21.556034,81.070281,0,19
1902,3,-4,7,-2,29.289594,5.7211998,80.742746,0,0
1903,3,-4,7,-1,25.491447,10.152787,81.449817,0,0
1904,3,-4,7,0,21.561932,11.719221,81.455919,0,0
1905,3,-4,7,1,17.538951,10.422501,80.770382,0,0
1906,3,-4,7,2,13.460212,6.2563164,79.379568,0,0
1907,3,-3,2,-4,78.306716,304.00041,190.01962,0,19
1908,3,-3,2,-3,69.874272,323.95388,188.56165,0,0
1909,3,-3,2,-2,59.134499,340.28494,187.08221,0,0
1910,3,-3,2,-1,46.2955,351.37614,185.86705,0,0
1911,3,-3,2,0,32.368811,355.59808,185.20299,0,0
1912,3,-3,2,1,18.926809,352.17309,185.22848,0,0
1913,3,-3,2,2,7.2116584,341.732,185.83528,0,0
1914,3,-3,2,3,-2.4029981,325.85406,186.74718,0,19
1915,3,-3,2,4,-10.159308,306.18627,187.67198,0,19
1916,3,-3,3,-8,83.881645,171.63878,190.91035,0,19
1917,3,-3,3,-7,80.953326,195.46242,191.72966,0,19
1918,3,-3,3,-6,77.228088,217.52735,192.06555,0,19
1919,3,-3,3,-5,72.576226,237.61761,192.00512,0,0
1920,3,-3,3,-4,66.881944,255.37295,191.64642,0,0
1921,3,-3,3,-3,60.081705,270.28436,191.1021,0,0
1922,3,-3,3,-2,52.219594,281.72475,190.49674,0,0
1923,3,-3,3,-1,43.500553,289.04158,189.95325,0,0
1924,3,-3,3,0,34.298913,291.71571,189.56709,0,0
1925,3,-3,3,1,25.085133,289.53233,189.37769,0,0
1926,3,-3,3,2,16.293431,282.66282,189.35421,0,0
1927,3,-3,3,3,8.2125421,271.59821,189.40628,0,0
1928,3,-3,3,4,0.95907845,256.98293,189.41134,0,0
1929,3,-3,3,5,-5.4811964,239.4507,189.24124,0,19
1930,3,-3,4,-12,81.034602,19.223691,175.23325,0,19
1931,3,-3,4,-11,79.918158,49.996434,179.62557,0,19
1932,3,-3,4,-10,78.42204,78.235692,183.10605,0,19
1933,3,-3,4,-9,76.496085,104.18907,185.80942,0,19
1934,3,-3,4,-8,74.084997,127.99659,187.84779,0,1
1935,3,-3,4,-7,71.130831,149.70092,189.31848,0,0
1936,3,-3,4,-6,67.577821,169.25297,190.30999,0,0
1937,3,-3,4,-5,63.380451,186.51692,190.90634,0,0
1938,3,-3,4,-4,58.515223,201.27895,191.18945,0,0
1939,3,-3,4,-3,52.995216,213.26554,191.23915,0,0
1940,3,-3,4,-2,46.883998,222.17597,191.13005,0,0
1941,3,-3,4,-1,40.302609,227.73017,190.92529,0,0
1942,3,-3,4,0,33.422747,229.72427,190.66828,0,0
1943,3,-3,4,1,26.443781,228.0778,190.3754,0,0
1944,3,-3,4,2,19.559798,222.8536,190.03266,0,0
1945,3,-3,4,3,12.929332,214.24169,189.59796,0,0
1946,3,-3,4,4,6.6585674,202.5143,189.00784,0,0
1947,3,-3,4,5,0.80051914,187.97014,188.18547,0,0
1948,3,-3,4,6,-4.6348221,170.88514,187.04714,0,19
1949,3,-3,4,7,-9.6665129,151.47795,185.50568,0,19
1950,3,-3,5,-10,69.997362,27.123378,175.98977,0,0
1951,3,-3,5,-9,68.023158,52.564599,179.49634,0,0
1952,3,-3,5,-8,65.650452,75.446622,182.27024,0,0
1953,3,-3,5,-7,62.851651,95.879094,184.42154,0,0
1954,3,-3,5,-6,59.605185,113.8919,186.04417,0,0
1955,3,-3,5,-5,55.899957,129.4492,187.22004,0,0
1956,3,-3,5,-4,51.740432,142.46434,188.02131,0,0
1957,3,-3,5,-3,47.151496,152.81761,188.51092,0,0
1958,3,-3,5,-2,42.181707,160.37754,188.74168,0,0
1959,3,-3,5,-1,36.903319,165.02456,188.75415,0,0
1960,3,-3,5,0,31.407923,166.67371,188.5741,0,0
1961,3,-3,5,1,25.797867,165.29159,188.21034,0,0
1962,3,-3,5,2,20.175198,160.90301,187.65373,0,0
1963,3,-3,5,3,14.630989,153.5856,186.87773,0,0
1964,3,-3,5,4,9.2376736,143.45371,185.84017,0,0
1965,3,-3,5,5,4.0456747,130.63603,184.48561,0,0
1966,3,-3,5,6,-0.91597352,115.25166,182.74732,0,1
1967,3,-3,5,7,-5.6363462,97.38831,180.54813,0,19
1968,3,-3,5,8,-10.118224,77.083854,177.79984,0,19
1969,3,-3,6,-8,58.19954,12.994228,173.19571,0,0
1970,3,-3,6,-7,55.618631,33.126939,176.12253,0,0
1971,3,-3,6,-6,52.694819,50.571262,178.42147,0,0
1972,3,-3,6,-5,49.429806,65.388747,180.18027,0,0
1973,3,-3,6,-4,45.834962,77.593606,181.4711,0,0
1974,3,-3,6,-3,41.932902,87.168385,182.35252,0,0
1975,3,-3,6,-2,37.758094,94.0789,182.87029,0,0
1976,3,-3,6,-1,33.356089,98.288034,183.05735,0,0
1977,3,-3,6,0,28.781192,99.767267,182.93342,0,0
1978,3,-3,6,1,24.092747,98.504538,182.50452,0,0
1979,3,-3,6,2,19.350642,94.507191,181.76265,0,0
1980,3,-3,6,3,14.610839,87.799517,180.68582,0,0
1981,3,-3,6,4,9.9217424,78.415271,179.2383,0,0
1982,3,-3,6,5,5.3219044,66.386334,177.37077,0,0
1983,3,-3,6,6,0.83920883,51.728915,175.02015,0,0
1984,3,-3,6,7,-3.5087034,34.428457,172.10857,0,19
1985,3,-3,6,8,-7.7131652,14.4237,168.54122,0,19
1986,3,-3,7,-3,37.033011,13.178108,171.80123,0,0
1987,3,-3,7,-2,33.441726,19.962924,172.6193,0,0
1988,3,-3,7,-1,29.669623,24.066472,172.98215,0,0
1989,3,-3,7,0,25.751477,25.494904,172.90893,0,0
1990,3,-3,7,1,21.724729,24.248722,172.40491,0,0
1991,3,-3,7,2,17.627388,20.324557,171.46144,0,0
1992,3,-3,7,3,13.495908,13.713591,170.05574,0,0
1993,3,-2,2,-3,77.351925,324.02006,258.20094,0,19
1994,3,-2,2,-2,67.458892,339.52435,257.22516,0,0
1995,3,-2,2,-1,55.310231,349.93236,256.41971,0,0
1996,3,-2,2,0,41.68002,353.78407,255.94971,0,0
1997,3,-2,2,1,28.007868,350.41348,255.89197,0,0
1998,3,-2,2,2,15.642521,340.403,256.18312,0,0
1999,3,-2,2,3,5.193528,325.18152,256.66339,0,0
2000,3,-2,2,4,-3.3953986,306.26412,257.16056,0,19
2001,3,-2,2,5,-10.461973,284.81827,257.53711,0,19
2002,3,-2,3,-6,81.721361,221.24645,260.73324,0,19
2003,3,-2,3,-5,77.419269,240.70622,260.58308,0,19
2004,3,-2,3,-4,72.090337,257.87679,260.25884,0,0
2005,3,-2,3,-3,65.647392,272.26103,259.82934,0,0
2006,3,-2,3,-2,58.097488,283.25602,259.37044,0,0
2007,3,-2,3,-1,49.599236,290.24327,258.95642,0,0
2008,3,-2,3,0,40.48506,292.73807,258.64444,0,0
2009,3,-2,3,1,31.206789,290.54607,258.45761,0,0
2010,3,-2,3,2,22.213347,283.83556,258.37684,0,0
2011,3,-2,3,3,13.833462,273.07415,258.3473,0,0
2012,3,-2,3,4,6.2304135,258.87506,258.29455,0,0
2013,3,-2,3,5,-0.57151659,241.84483,258.1404,0,1
2014,3,-2,3,6,-6.6322904,222.48843,257.81222,0,19
2015,3,-2,4,-12,83.87961,29.716792,251.55208,0,19
2016,3,-2,4,-11,82.89434,59.231709,254.02141,0,19
2017,3,-2,4,-10,81.544008,86.401588,255.96176,0,19
2018,3,-2,4,-9,79.778604,111.43343,257.44853,0,19
2019,3,-2,4,-8,77.542267,134.43766,258.54534,0,19
2020,3,-2,4,-7,74.775325,155.43581,259.3083,0,3
2021,3,-2,4,-6,71.418513,174.36465,259.78918,0,0
2022,3,-2,4,-5,67.42036,191.08035,260.03782,0,0
2023,3,-2,4,-4,62.748369,205.36693,260.10335,0,0
2024,3,-2,4,-3,57.403471,216.95398,260.03397,0,0
2025,3,-2,4,-2,51.434802,225.54825,259.87489,0,0
2026,3,-2,4,-1,44.948946,230.87956,259.66431,0,0
2027,3,-2,4,0,38.106473,232.75351,259.42842,0,0
2028,3,-2,4,1,31.102213,231.09566,259.17689,0,0
2029,3,-2,4,2,24.13378,225.96966,258.90084,0,0
2030,3,-2,4,3,17.370135,217.56137,258.57433,0,0
2031,3,-2,4,4,10.931665,206.13611,258.15835,0,0
2032,3,-2,4,5,4.8859364,191.98577,257.6058,0,0
2033,3,-2,4,6,-0.74457557,175.38215,256.86548,0,1
2034,3,-2,4,7,-5.969539,156.54417,255.88426,0,19
2035,3,-2,4,8,-10.818032,135.61912,254.60743,0,19
2036,3,-2,5,-11,74.368395,10.263044,249.38387,0,1
2037,3,-2,5,-10,72.866757,37.240298,251.83941,0,1
2038,3,-2,5,-9,71.004076,61.64805,253.79523,0,0
2039,3,-2,5,-8,68.748781,83.653693,255.32552,0,0
2040,3,-2,5,-7,66.071127,103.33967,256.49274,0,0
2041,3,-2,5,-6,62.94648,120.71679,257.35087,0,0
2042,3,-2,5,-5,59.359652,135.73648,257.94759,0,0
2043,3,-2,5,-4,55.31001,148.3045,258.3253,0,0
2044,3,-2,5,-3,50.816593,158.29757,258.52132,0,0
2045,3,-2,5,-2,45.921916,165.58368,258.5671,0,0
2046,3,-2,5,-1,40.69281,170.04461,258.48686,0,0
2047,3,-2,5,0,35.217018,171.59755,258.29589,0,0
2048,3,-2,5,1,29.595372,170.21108,257.99924,0,0
2049,3,-2,5,2,23.931072,165.91131,257.59107,0,0
2050,3,-2,5,3,18.318758,158.7765,257.05495,0,0
2051,3,-2,5,4,12.836109,148.92161,256.36504,0,0
2052,3,-2,5,5,7.5395443,136.4769,255.48757,0,0
2053,3,-2,5,6,2.4639914,121.56524,254.38207,0,0
2054,3,-2,5,7,-2.3744194,104.28151,253.00209,0,19
2055,3,-2,5,8,-6.9742424,84.675521,251.29499,0,19
2056,3,-2,6,-8,61.009606,23.650557,250.05519,0,0
2057,3,-2,6,-7,58.507865,42.918266,251.67306,0,0
2058,3,-2,6,-6,55.661546,59.644331,252.92683,0,0
2059,3,-2,6,-5,52.469823,73.870355,253.86639,0,0
2060,3,-2,6,-4,48.941248,85.596702,254.53315,0,0
2061,3,-2,6,-3,45.095497,94.79672,254.96095,0,0
2062,3,-2,6,-2,40.964236,101.43055,255.17636,0,0
2063,3,-2,6,-1,36.59066,105.45801,255.1985,0,0
2064,3,-2,6,0,32.027472,106.84945,255.03875,0,0
2065,3,-2,6,1,27.333398,105.5931,254.7003,0,0
2066,3,-2,6,2,22.568787,101.6978,254.17804,0,0
2067,3,-2,6,3,17.791068,95.190555,253.45847,0,0
2068,3,-2,6,4,13.050903,86.109452,252.51998,0,0
2069,3,-2,6,5,8.3895956,74.49291,251.33296,0,0
2070,3,-2,6,6,3.8379572,60.366804,249.8598,0,0
2071,3,-2,6,7,-0.58352771,43.730559,248.05448,0,1
2072,3,-2,6,8,-4.8636187,24.542774,245.86144,0,19
2073,3,-2,7,-4,43.189438,14.64716,248.13753,0,0
2074,3,-2,7,-3,39.84423,23.688388,248.80979,0,0
2075,3,-2,7,-2,36.279814,30.154571,249.19733,0,0
2076,3,-2,7,-1,32.525354,34.055584,249.31891,0,0
2077,3,-2,7,0,28.614861,35.393931,249.18515,0,0
2078,3,-2,7,1,24.585485,34.169317,248.79862,0,0
2079,3,-2,7,2,20.475446,30.38025,248.15381,0,0
2080,3,-2,7,3,16.321895,24.022569,247.237,0,0
2081,3,-2,7,4,12.158984,15.084979,246.02597,0,0
2082,3,-1,1,3,-8.0703103,369.22615,318.73087,0,19
2083,3,-1,2,-3,81.660736,325.42414,321.39576,0,19
2084,3,-1,2,-2,72.230454,340.60734,320.80759,0,0
2085,3,-1,2,-1,60.450302,350.7366,320.3053,0,0
2086,3,-1,2,0,46.970814,354.39835,319.96796,0,0
2087,3,-1,2,1,33.167231,350.96705,319.83204,0,0
2088,3,-1,2,2,20.446335,341.02866,319.86719,0,0
2089,3,-1,2,3,9.5407509,325.98175,319.99709,0,0
2090,3,-1,2,4,0.49264036,307.30516,320.13909,0,0
2091,3,-1,2,5,-6.9877532,286.1413,320.2267,0,19
2092,3,-1,3,-5,80.226129,243.32378,322.86676,0,19
2093,3,-1,3,-4,75.103609,260.21993,322.58371,0,19
2094,3,-1,3,-3,68.86094,274.35769,322.25412,0,0
2095,3,-1,3,-2,61.4844,285.1402,321.91423,0,0
2096,3,-1,3,-1,53.107211,291.95921,321.59966,0,0
2097,3,-1,3,0,44.039402,294.34221,321.33786,0,0
2098,3,-1,3,1,34.723346,292.10477,321.13994,0,0
2099,3,-1,3,2,25.616444,285.41883,320.99668,0,0
2100,3,-1,3,3,17.069324,274.74872,320.88157,0,0
2101,3,-1,3,4,9.2706887,260.70011,320.75857,0,0
2102,3,-1,3,5,2.2659208,243.87156,320.58967,0,0
2103,3,-1,3,6,-3.9909723,224.76222,320.33942,0,19
2104,3,-1,3,7,-9.5887506,203.73733,319.9762,0,19
2105,3,-1,4,-10,83.356228,91.576613,321.49359,0,19
2106,3,-1,4,-9,81.683612,116.12004,322.0377,0,19
2107,3,-1,4,-8,79.547922,138.70146,322.40635,0,19
2108,3,-1,4,-7,76.888418,159.33087,322.62417,0,19
2109,3,-1,4,-6,73.643755,177.93682,322.71427,0,1
2110,3,-1,4,-5,69.758999,194.37009,322.69925,0,0
2111,3,-1,4,-4,65.196503,208.41184,322.60171,0,0
2112,3,-1,4,-3,59.950338,219.79122,322.4441,0,0
2113,3,-1,4,-2,54.061605,228.21665,322.24767,0,0
2114,3,-1,4,-1,47.628938,233.42118,322.03045,0,0
2115,3,-1,4,0,40.806897,235.21432,321.80483,0,0
2116,3,-1,4,1,33.787961,233.5251,321.57527,0,0
2117,3,-1,4,2,26.77182,228.4193,321.33734,0,0
2118,3,-1,4,3,19.933249,220.08331,321.07834,0,0
2119,3,-1,4,4,13.400493,208.78172,320.77921,0,0
2120,3,-1,4,5,7.2491627,194.80545,320.41696,0,0
2121,3,-1,4,6,1.508659,178.42601,319.96653,0,0
2122,3,-1,4,7,-3.8254479,159.86363,319.40195,0,19
2123,3,-1,4,8,-8.7786842,139.26921,318.69646,0,19
2124,3,-1,5,-11,75.969815,17.121318,318.70155,0,19
2125,3,-1,5,-10,74.528607,43.439544,319.67857,0,3
2126,3,-1,5,-9,72.73037,67.292527,320.43392,0,0
2127,3,-1,5,-8,70.542702,88.827838,320.99956,0,0
2128,3,-1,5,-7,67.93461,108.11339,321.40265,0,0
2129,3,-1,5,-6,64.879694,125.14946,321.66695,0,0
2130,3,-1,5,-5,61.360433,139.88011,321.81368,0,0
2131,3,-1,5,-4,57.373312,152.20626,321.86193,0,0
2132,3,-1,5,-3,52.934091,162.0019,321.82865,0,0
2133,3,-1,5,-2,48.081923,169.13391,321.72821,0,0
2134,3,-1,5,-1,42.880655,173.48425,321.57168,0,0
2135,3,-1,5,0,37.415932,174.97106,321.36599,0,0
2136,3,-1,5,1,31.787797,173.56424,321.11322,0,0
2137,3,-1,5,2,26.100129,169.29133,320.81024,0,0
2138,3,-1,5,3,20.449573,162.23199,320.44885,0,0
2139,3,-1,5,4,14.916733,152.5027,320.01633,0,0
2140,3,-1,5,5,9.5613611,140.23572,319.49611,0,0
2141,3,-1,5,6,4.4216664,125.55687,318.8684,0,0
2142,3,-1,5,7,-0.48331745,108.56552,318.11057,0,1
2143,3,-1,5,8,-5.1497776,89.3182,317.19702,0,19
2144,3,-1,5,9,-9.5848482,67.815386,316.0987,0,19
2145,3,-1,6,-9,64.7536,8.7687671,317.86483,0,0
2146,3,-1,6,-8,62.633841,30.115056,318.65826,0,0
2147,3,-1,6,-7,60.177694,48.914602,319.26325,0,0
2148,3,-1,6,-6,57.375894,65.250365,319.70582,0,0
2149,3,-1,6,-5,54.226189,79.153244,320.00773,0,0
2150,3,-1,6,-4,50.735546,90.61602,320.18715,0,0
2151,3,-1,6,-3,46.921998,99.606881,320.25901,0,0
2152,3,-1,6,-2,42.815653,106.08271,320.23504,0,0
2153,3,-1,6,-1,38.458407,110.0016,320.12359,0,0
2154,3,-1,6,0,33.902086,111.3333,319.92948,0,0
2155,3,-1,6,1,29.205092,110.06641,319.65373,0,0
2156,3,-1,6,2,24.428042,106.21093,319.29341,0,0
2157,3,-1,6,3,19.629196,99.795806,318.84169,0,0
2158,3,-1,6,4,14.860477,90.861952,318.28782,0,0
2159,3,-1,6,5,10.164721,79.451781,317.61728,0,0
2160,3,-1,6,6,5.5743754,65.59673,316.81177,0,0
2161,3,-1,6,7,1.1115097,49.303917,315.849,0,0
2162,3,-1,6,8,-3.2111957,30.542543,314.70221,0,19
2163,3,-1,6,9,-7.3889304,9.2298589,313.33931,0,19
2164,3,-1,7,-5,47.87055,9.9027175,316.99592,0,0
2165,3,-1,7,-4,44.791731,21.227149,317.31487,0,0
2166,3,-1,7,-3,41.466725,30.022898,317.49356,0,0
2167,3,-1,7,-2,37.917904,36.308678,317.5436,0,0
2168,3,-1,7,-1,34.173794,40.090748,317.47284,0,0
2169,3,-1,7,0,30.267989,41.369783,317.28545,0,0
2170,3,-1,7,1,26.237482,40.145218,316.98195,0,0
2171,3,-1,7,2,22.120618,36.416757,316.5591,0,0
2172,3,-1,7,3,17.95494,30.182922,316.00986,0,0
2173,3,-1,7,4,13.775214,21.436771,315.32322,0,0
2174,3,-1,7,5,9.611885,10.159047,314.48396,0,0
2175,3,0,1,3,-6.1649643,369.24266,380.34159,0,27
2176,3,0,2,-3,82.982661,326.32188,381.81689,0,27
2177,3,0,2,-2,73.680203,341.38619,381.58239,0,9
2178,3,0,2,-1,61.997917,351.38678,381.34879,0,8
2179,3,0,2,0,48.555428,354.92138,381.118,0,8
2180,3,0,2,1,34.713947,351.3859,380.89238,0,8
2181,3,0,2,2,21.896101,341.38452,380.67349,0,8
2182,3,0,2,3,10.865665,326.31953,380.46136,0,8
2183,3,0,2,4,1.6902373,307.66259,380.25478,0,8
2184,3,0,2,5,-5.906742,286.54662,380.05188,0,27
2185,3,0,3,-5,81.08563,244.53432,382.38798,0,19
2186,3,0,3,-4,76.021691,261.33254,382.15289,0,19
2187,3,0,3,-3,69.83484,275.37422,381.92036,0,32
2188,3,0,3,-2,62.505727,286.06247,381.68993,0,0
2189,3,0,3,-1,54.161079,292.79133,381.46169,0,8
2190,3,0,3,0,45.105516,295.09328,381.23619,0,8
2191,3,0,3,1,35.779382,292.79046,381.01414,0,8
2192,3,0,3,2,26.642413,286.06076,380.79606,0,0
2193,3,0,3,3,18.05077,275.37175,380.58194,0,32
2194,3,0,3,4,10.199581,261.32938,380.37116,0,32
2195,3,0,3,5,3.1396855,244.53052,380.16258,0,0
2196,3,0,3,6,-3.171146,225.47219,379.95465,0,19
2197,3,0,3,7,-8.8194946,204.51792,379.74548,0,19
2198,3,0,4,-10,83.912391,93.586824,383.81085,0,19
2199,3,0,4,-9,82.267307,117.97072,383.52696,0,19
2200,3,0,4,-8,80.161194,140.41239,383.25726,0,19
2201,3,0,4,-7,77.532937,160.91766,382.99881,0,19
2202,3,0,4,-6,74.32054,179.41186,382.74917,0,1
2203,3,0,4,-5,70.468049,195.74327,382.50638,0,0
2204,3,0,4,-4,65.936373,209.69136,382.2689,0,0
2205,3,0,4,-3,60.717745,220.98443,382.03561,0,0
2206,3,0,4,-2,54.851192,229.33107,381.80574,0,0
2207,3,0,4,-1,48.433376,234.46554,381.57891,0,0
2208,3,0,4,0,41.61742,236.19952,381.35495,0,0
2209,3,0,4,1,34.595297,234.46467,381.13379,0,0
2210,3,0,4,2,27.567257,229.32935,380.9153,0,0
2211,3,0,4,3,20.709534,220.9819,380.69913,0,0
2212,3,0,4,4,14.152336,209.68806,380.48464,0,0
2213,3,0,4,5,7.9733057,195.73924,380.27084,0,0
2214,3,0,4,6,2.2036335,179.40713,380.05637,0,0
2215,3,0,4,7,-3.159713,160.91226,379.83961,0,19
2216,3,0,4,8,-8.1412705,140.40632,379.61856,0,19
2217,3,0,5,-11,76.457308,19.652003,384.33369,0,19
2218,3,0,5,-10,75.033942,45.754802,384.0119,0,19
2219,3,0,5,-9,73.254582,69.424314,383.71117,0,1
2220,3,0,5,-8,71.086567,90.801667,383.42744,0,0
2221,3,0,5,-7,68.498532,109.9499,383.15738,0,0
2222,3,0,5,-6,65.46358,126.86563,382.89832,0,0
2223,3,0,5,-5,61.963547,141.49024,382.64805,0,0
2224,3,0,5,-4,57.994149,153.72283,382.40484,0,0
2225,3,0,5,-3,53.570301,163.43633,382.1673,0,0
2226,3,0,5,-2,48.730309,170.49733,381.93436,0,0
2227,3,0,5,-1,43.537288,174.78812,381.70522,0,0
2228,3,0,5,0,38.076381,176.22772,381.47924,0,0
2229,3,0,5,1,32.447455,174.78724,381.25585,0,0
2230,3,0,5,2,26.754568,170.49558,381.0345,0,0
2231,3,0,5,3,21.09486,163.43373,380.8145,0,0
2232,3,0,5,4,15.549658,153.7194,380.59499,0,0
2233,3,0,5,5,10.179544,141.48601,380.3749,0,0
2234,3,0,5,6,5.023556,126.86061,380.15285,0,0
2235,3,0,5,7,0.1014779,109.94411,379.92719,0,1
2236,3,0,5,8,-4.582248,90.795106,379.69592,0,19
2237,3,0,5,9,-9.0342598,69.416968,379.45667,0,19
2238,3,0,6,-9,65.230013,11.32017,383.94853,0,0
2239,3,0,6,-8,63.123439,32.478554,383.64448,0,0
2240,3,0,6,-7,60.680461,51.118146,383.35734,0,0
2241,3,0,6,-6,57.891485,67.317149,383.08392,0,0
2242,3,0,6,-5,54.753882,81.102981,382.82163,0,0
2243,3,0,6,-4,51.274207,92.465962,382.56835,0,0
2244,3,0,6,-3,47.470078,101.37266,382.32235,0,0
2245,3,0,6,-2,43.371215,107.77906,382.08221,0,0
2246,3,0,6,-1,39.019197,111.64292,381.84672,0,0
2247,3,0,6,0,34.465637,112.93418,381.61487,0,0
2248,3,0,6,1,29.768862,111.64201,381.38568,0,0
2249,3,0,6,2,24.989556,107.77725,381.15823,0,0
2250,3,0,6,3,20.186181,101.36996,380.93152,0,0
2251,3,0,6,4,15.410967,92.462374,380.70443,0,0
2252,3,0,6,5,10.707129,81.098522,380.47565,0,0
2253,3,0,6,6,6.1075201,67.311823,380.24364,0,0
2254,3,0,6,7,1.6346135,51.111953,380.00656,0,0
2255,3,0,6,8,-2.6985372,32.471483,379.7622,0,19
2256,3,0,6,9,-6.8867919,11.312198,379.50795,0,19
2257,3,0,7,-5,48.343935,12.350208,383.04032,0,0
2258,3,0,7,-4,45.272289,23.55939,382.77114,0,0
2259,3,0,7,-3,41.953462,32.261267,382.51123,0,0
2260,3,0,7,-2,38.409629,38.472875,382.25873,0,0
2261,3,0,7,-1,34.669159,42.199521,382.01201,0,0
2262,3,0,7,0,30.765544,43.441543,381.76963,0,0
2263,3,0,7,1,26.735738,42.198569,381.53024,0,0
2264,3,0,7,2,22.618118,38.470973,381.29253,0,0
2265,3,0,7,3,18.450318,32.258417,381.05515,0,0
2266,3,0,7,4,14.267254,23.555592,380.81665,0,0
2267,3,0,7,5,10.09956,12.345461,380.5754,0,0
2268,3,1,1,3,-8.3867656,368.57172,441.89429,0,19
2269,3,1,2,-3,81.340357,326.19384,442.28397,0,19
2270,3,1,2,-2,71.838307,341.25511,442.39231,0,0
2271,3,1,2,-1,59.994514,351.20482,442.41347,0,0
2272,3,1,2,0,46.487902,354.6399,442.27275,0,0
2273,3,1,2,1,32.710543,350.97223,441.94048,0,0
2274,3,1,2,2,20.055547,340.82985,441.45241,0,0
2275,3,1,2,3,9.2276589,325.63089,440.886,0,0
2276,3,1,2,4,0.25023397,306.85104,440.3212,0,0
2277,3,1,2,5,-7.1726746,285.6207,439.82001,0,19
2278,3,1,3,-5,80.013916,244.07921,441.96522,0,19
2279,3,1,3,-4,74.862608,260.91563,441.77025,0,3
2280,3,1,3,-3,68.589683,274.97222,441.62596,0,0
2281,3,1,3,-2,61.18536,285.64931,441.49497,0,32
2282,3,1,3,-1,52.788554,292.33985,441.34187,0,32
2283,3,1,3,0,43.714889,294.57833,441.14066,0,32
2284,3,1,3,1,34.40932,292.19237,440.88229,0,32
2285,3,1,3,2,25.327196,285.36694,440.57769,0,32
2286,3,1,3,3,16.81377,274.57581,440.2538,0,0
2287,3,1,3,4,9.0519325,260.42864,439.94562,0,0
2288,3,1,3,5,2.0828148,243.52334,439.68874,0,0
2289,3,1,3,6,-4.1418488,224.35605,439.51524,0,19
2290,3,1,3,7,-9.7116056,203.28826,439.45272,0,19
2291,3,1,4,-10,83.224795,92.402396,446.22334,0,19
2292,3,1,4,-9,81.542341,116.92387,445.10224,0,19
2293,3,1,4,-8,79.395206,139.47904,444.18572,0,19
2294,3,1,4,-7,76.722623,160.0763,443.44292,0,19
2295,3,1,4,-6,73.4634,178.64239,442.84564,0,1
2296,3,1,4,-5,69.563039,195.02613,442.3671,0,0
2297,3,1,4,-4,64.984742,209.00692,441.98142,0,0
2298,3,1,4,-3,59.723921,220.31273,441.66373,0,0
2299,3,1,4,-2,53.823451,228.65206,441.39124,0,0
2300,3,1,4,-1,47.383881,233.75977,441.14513,0,0
2301,3,1,4,0,40.561305,235.44905,440.91285,0,0
2302,3,1,4,1,33.548831,233.65399,440.69002,0,0
2303,3,1,4,2,26.545606,228.44574,440.48106,0,0
2304,3,1,4,3,19.724906,220.01525,440.29817,0,0
2305,3,1,4,4,13.213037,208.63005,440.1592,0,0
2306,3,1,4,5,7.0837592,194.58228,440.08516,0,0
2307,3,1,4,6,1.3650414,178.14329,440.09831,0,0
2308,3,1,4,7,-3.9484761,159.53227,440.22118,0,19
2309,3,1,4,8,-8.8828114,138.89868,440.47636,0,19
2310,3,1,5,-11,75.84309,17.924355,450.07913,0,19
2311,3,1,5,-10,74.395171,44.217402,448.4464,0,1
2312,3,1,5,-9,72.589396,68.042075,447.07879,0,0
2313,3,1,5,-8,70.393425,89.545114,445.93583,0,0
2314,3,1,5,-7,67.776412,108.79349,444.98343,0,0
2315,3,1,5,-6,64.712228,125.78653,444.19218,0,0
2316,3,1,5,-5,61.183763,140.46743,443.5363,0,0
2317,3,1,5,-4,57.18808,152.73654,442.99304,0,0
2318,3,1,5,-3,52.741658,162.46773,442.54256,0,0
2319,3,1,5,-2,47.88444,169.52844,442.16833,0,0
2320,3,1,5,-1,42.681009,173.80191,441.85762,0,0
2321,3,1,5,0,37.217541,175.20832,441.60227,0,0
2322,3,1,5,1,31.594272,173.72007,441.39918,0,0
2323,3,1,5,2,25.914884,169.36734,441.25041,0,0
2324,3,1,5,3,20.275478,162.23218,441.16285,0,0
2325,3,1,5,4,14.755896,152.43292,441.14755,0,0
2326,3,1,5,5,9.4150705,140.10298,441.21887,0,0
2327,3,1,5,6,4.2904549,125.36867,441.39381,0,0
2328,3,1,5,7,-0.59952374,108.32935,441.69156,0,1
2329,3,1,5,8,-5.2514877,89.04116,442.13354,0,19
2330,3,1,5,9,-9.6728459,67.504027,442.74384,0,19
2331,3,1,6,-9,64.616827,9.476016,450.13089,0,0
2332,3,1,6,-8,62.491422,30.78719,448.71776,0,0
2333,3,1,6,-7,60.02951,49.547848,447.52788,0,0
2334,3,1,6,-6,57.222051,65.840527,446.52855,0,0
2335,3,1,6,-5,54.067084,79.695816,445.69262,0,0
2336,3,1,6,-4,50.571922,91.106386,444.99749,0,0
2337,3,1,6,-3,46.754976,100.0406,444.42466,0,0
2338,3,1,6,-2,42.646731,106.45585,443.95947,0,0
2339,3,1,6,-1,38.289403,110.3111,443.59111,0,0
2340,3,1,6,0,33.735033,111.57729,443.31267,0,0
2341,3,1,6,1,29.042091,110.24439,443.12124,0,0
2342,3,1,6,2,24.271107,106.32387,443.01784,0,0
2343,3,1,6,3,19.4801,99.846049,443.00732,0,0
2344,3,1,6,4,14.720655,90.853004,443.09813,0,0
2345,3,1,6,5,10.03521,79.388028,443.30214,0,0
2346,3,1,6,6,5.455815,65.483128,443.63447,0,0
2347,3,1,6,7,1.0041805,49.145719,444.11359,0,0
2348,3,1,6,8,-3.3073108,30.345092,444.76167,0,19
2349,3,1,6,9,-7.4740736,8.9984673,445.60532,0,19
2350,3,1,7,-5,47.726314,10.418969,449.14863,0,0
2351,3,1,7,-4,44.645326,21.695696,448.28114,0,0
2352,3,1,7,-3,41.319007,30.441028,447.57288,0,0
2353,3,1,7,-2,37.769923,36.674093,447.00837,0,0
2354,3,1,7,-1,34.026754,40.401737,446.57643,0,0
2355,3,1,7,0,30.12319,41.625379,446.26989,0,0
2356,3,1,7,1,26.096254,40.345296,446.08549,0,0
2357,3,1,7,2,21.984244,36.562076,446.02379,0,0
2358,3,1,7,3,17.824585,30.275104,446.08906,0,0
2359,3,1,7,4,13.651872,21.478218,446.28933,0,0
2360,3,1,7,5,9.4963438,10.152824,446.63646,0,0
2361,3,2,2,-3,76.666279,325.61818,505.62692,0,19
2362,3,2,2,-2,66.629881,340.87058,506.08804,0,0
2363,3,2,2,-1,54.363606,350.90565,506.3672,0,0
2364,3,2,2,0,40.69909,354.28482,506.3055,0,0
2365,3,2,2,1,27.101786,350.42116,505.83988,0,0
2366,3,2,2,2,14.883578,339.98603,505.04684,0,0
2367,3,2,2,3,4.596117,324.44921,504.09061,0,0
2368,3,2,2,4,-3.8512938,305.31856,503.13984,0,19
2369,3,2,2,5,-10.805378,283.736,502.32495,0,19
2370,3,2,3,-6,81.328789,222.89822,504.78598,0,19
2371,3,2,3,-5,76.974587,242.26978,504.42859,0,19
2372,3,2,3,-4,71.587338,259.31702,504.24965,0,0
2373,3,2,3,-3,65.084407,273.53344,504.17696,0,0
2374,3,2,3,-2,57.481386,284.31013,504.13277,0,32
2375,3,2,3,-1,48.948588,291.031,504.04306,0,32
2376,3,2,3,0,39.829169,293.22591,503.85329,0,0
2377,3,2,3,1,30.57885,290.72566,503.54447,0,32
2378,3,2,3,2,21.640992,283.72574,503.13961,0,32
2379,3,2,3,3,13.332715,272.71351,502.69558,0,0
2380,3,2,3,4,5.8056064,258.31034,502.28625,0,0
2381,3,2,3,5,-0.92413641,241.12143,501.98701,0,1
2382,3,2,3,6,-6.9205038,221.64533,501.86628,0,19
2383,3,2,4,-12,83.638349,31.500634,517.81471,0,19
2384,3,2,4,-11,82.638526,60.980193,514.64792,0,19
2385,3,2,4,-10,81.270905,88.110539,512.06074,0,19
2386,3,2,4,-9,79.485195,113.09667,509.96726,0,19
2387,3,2,4,-8,77.225347,136.04637,508.29523,0,19
2388,3,2,4,-7,74.431705,156.97789,506.98138,0,1
2389,3,2,4,-6,71.045401,175.82418,505.96794,0,0
2390,3,2,4,-5,67.015968,192.43738,505.20013,0,0
2391,3,2,4,-4,62.312768,206.59777,504.62486,0,0
2392,3,2,4,-3,56.939567,218.03252,504.19102,0,0
2393,3,2,4,-2,50.949154,226.44852,503.85163,0,0
2394,3,2,4,-1,44.451907,231.57928,503.56782,0,0
2395,3,2,4,0,37.611281,233.23806,503.31371,0,0
2396,3,2,4,1,30.623019,231.36092,503.08049,0,0
2397,3,2,4,2,23.683294,226.0227,502.87778,0,0
2398,3,2,4,3,16.957784,217.41872,502.73169,0,0
2399,3,2,4,4,10.562866,205.82037,502.6803,0,0
2400,3,2,4,5,4.5624162,191.52209,502.76868,0,0
2401,3,2,4,6,-1.0238603,174.7953,503.04494,0,1
2402,3,2,4,7,-6.2073648,155.85673,503.55818,0,19
2403,3,2,5,-11,74.106981,11.925787,519.76141,0,1
2404,3,2,5,-10,72.591678,38.850595,516.61068,0,0
2405,3,2,5,-9,70.713702,63.199433,514.00757,0,0
2406,3,2,5,-8,68.441641,85.138003,511.86811,0,0
2407,3,2,5,-7,65.746089,104.74682,510.12189,0,0
2408,3,2,5,-6,62.602996,122.03469,508.70845,0,0
2409,3,2,5,-5,58.998056,136.95128,507.57488,0,0
2410,3,2,5,-4,54.931844,149.40113,506.67455,0,0
2411,3,2,5,-3,50.424873,159.26073,505.96693,0,0
2412,3,2,5,-2,45.521242,166.39917,505.41817,0,0
2413,3,2,5,-1,40.289221,170.70093,505.00241,0,0
2414,3,2,5,0,34.817533,172.08739,504.70325,0,0
2415,3,2,5,1,29.207282,170.53231,504.51482,0,0
2416,3,2,5,2,23.561148,166.06729,504.44218,0,0
2417,3,2,5,3,17.972578,158.77553,504.50063,0,0
2418,3,2,5,4,12.51766,148.77583,504.71441,0,0
2419,3,2,5,5,7.2511406,136.20083,505.11502,0,0
2420,3,2,5,6,2.2064482,121.17446,505.73986,0,0
2421,3,2,5,7,-2.6014707,103.79152,506.63152,0,19
2422,3,2,5,8,-7.1719998,84.101048,507.83791,0,19
2423,3,2,6,-8,60.718144,25.042097,517.60068,0,0
2424,3,2,6,-7,58.205014,44.229053,515.36355,0,0
2425,3,2,6,-6,55.34762,60.86571,513.52097,0,0
2426,3,2,6,-5,52.14574,74.993034,512.01692,0,0
2427,3,2,6,-4,48.608634,86.611163,510.80499,0,0
2428,3,2,6,-3,44.756744,95.693799,509.84736,0,0
2429,3,2,6,-2,40.622479,102.20214,509.11423,0,0
2430,3,2,6,-1,36.249653,106.09781,508.58385,0,0
2431,3,2,6,0,31.69136,107.35359,508.24269,0,0
2432,3,2,6,1,27.006419,105.96058,508.0856,0,0
2433,3,2,6,2,22.254947,101.93065,508.11582,0,0
2434,3,2,6,3,17.493856,95.293644,508.34475,0,0
2435,3,2,6,4,12.773086,86.090064,508.79166,0,0
2436,3,2,6,5,8.1331292,74.360147,509.48328,0,0
2437,3,2,6,6,3.6039944,60.130959,510.45371,0,0
2438,3,2,6,7,-0.7945484,43.402552,511.74471,0,1
2439,3,2,6,8,-5.0518406,24.133735,513.40665,0,19
2440,3,2,7,-4,42.892598,15.617261,517.63094,0,0
2441,3,2,7,-3,39.545279,24.553983,516.39764,0,0
2442,3,2,7,-2,35.980922,30.910932,515.46511,0,0
2443,3,2,7,-1,32.228986,34.699203,514.81093,0,0
2444,3,2,7,0,28.323661,35.922835,514.42125,0,0
2445,3,2,7,1,24.30213,34.583278,514.29052,0,0
2446,3,2,7,2,20.202495,30.680876,514.42136,0,0
2447,3,2,7,3,16.061651,24.213252,514.82451,0,0
2448,3,2,7,4,11.913389,15.170735,515.51891,0,0
2449,3,3,2,-5,83.924619,284.57374,573.97196,0,19
2450,3,3,2,-4,77.363509,306.83635,574.65616,0,19
2451,3,3,2,-3,68.723133,326.55548,575.56046,0,0
2452,3,3,2,-2,57.767598,342.48761,576.45823,0,0
2453,3,3,2,-1,44.778032,352.97236,577.05727,0,0
2454,3,3,2,0,30.85523,356.41258,577.08043,0,0
2455,3,3,2,1,17.587982,352.16918,576.41893,0,0
2456,3,3,2,2,6.135681,341.0302,575.21198,0,0
2457,3,3,2,3,-3.2204896,324.64302,573.74727,0,19
2458,3,3,2,4,-10.764787,304.63754,572.31044,0,19
2459,3,3,3,-8,83.372901,174.45098,576.13032,0,19
2460,3,3,3,-7,80.38513,198.20546,574.73853,0,19
2461,3,3,3,-6,76.58893,220.17319,573.84453,0,19
2462,3,3,3,-5,71.855062,240.12528,573.35378,0,0
2463,3,3,3,-4,66.071194,257.68593,573.16147,0,0
2464,3,3,3,-3,59.182249,272.33029,573.14928,0,0
2465,3,3,3,-2,51.246921,283.4207,573.18914,0,0
2466,3,3,3,-1,42.488622,290.30779,573.15845,0,32
2467,3,3,3,0,33.296555,292.49627,572.96671,0,32
2468,3,3,3,1,24.143526,289.81321,572.58303,0,32
2469,3,3,3,2,15.451426,282.47545,572.04694,0,0
2470,3,3,3,3,7.4892425,271.00665,571.45406,0,0
2471,3,3,3,4,0.35590228,256.06424,570.9273,0,0
2472,3,3,3,5,-5.9737993,238.27909,570.59116,0,19
2473,3,3,4,-12,80.64851,22.073277,594.86119,0,19
2474,3,3,4,-11,79.508789,52.789177,589.69629,0,19
2475,3,3,4,-10,77.98515,80.965074,585.50397,0,19
2476,3,3,4,-9,76.027071,106.84546,582.13615,0,19
2477,3,3,4,-8,73.579074,130.56617,579.46979,0,1
2478,3,3,4,-7,70.583407,152.16458,577.3984,0,0
2479,3,3,4,-6,66.985153,171.58543,575.8257,0,0
2480,3,3,4,-5,62.740656,188.68625,574.66113,0,0
2481,3,3,4,-4,57.829632,203.24706,573.81743,0,0
2482,3,3,4,-3,52.269842,214.99024,573.21084,0,0
2483,3,3,4,-2,46.130598,223.61507,572.76445,0,0
2484,3,3,4,-1,39.538568,228.84737,572.41472,0,0
2485,3,3,4,0,32.669253,230.49568,572.11953,0,0
2486,3,3,4,1,25.722501,228.49669,571.86486,0,0
2487,3,3,4,2,18.889251,222.93153,571.66713,0,0
2488,3,3,4,3,12.322363,214.0056,571.56982,0,0
2489,3,3,4,4,6.1216568,202.001,571.63612,0,0
2490,3,3,4,5,0.33463934,187.22038,571.94071,0,0
2491,3,3,4,6,-5.032595,169.93894,572.56349,0,19
2492,3,3,4,7,-10.001361,150.37171,573.58645,0,19
2493,3,3,5,-10,69.562887,29.695429,593.08736,0,0
2494,3,3,5,-9,67.565175,55.042147,588.86478,0,0
2495,3,3,5,-8,65.166908,77.816725,585.41962,0,0
2496,3,3,5,-7,62.34111,98.125734,582.63176,0,0
2497,3,3,5,-6,59.067219,115.99586,580.39904,0,0
2498,3,3,5,-5,55.335611,131.38835,578.63289,0,0
2499,3,3,5,-4,51.1527,144.21457,577.25589,0,0
2500,3,3,5,-3,46.545682,154.35434,576.20107,0,0
2501,3,3,5,-2,41.565513,161.67793,575.41283,0,0
2502,3,3,5,-1,36.286505,166.07007,574.84891,0,0
2503,3,3,5,0,30.801505,167.45254,574.4827,0,0
2504,3,3,5,1,25.212963,165.80031,574.30504,0,0
2505,3,3,5,2,19.621816,161.14708,574.32476,0,0
2506,3,3,5,3,14.117064,153.57846,574.56771,0,0
2507,3,3,5,4,8.7685712,143.21497,575.07457,0,0
2508,3,3,5,5,3.624177,130.18912,575.8983,0,0
2509,3,3,5,6,-1.2893127,114.62167,577.10206,0,1
2510,3,3,5,7,-5.9626663,96.600187,578.75827,0,19
2511,3,3,5,8,-10.399798,76.161308,580.94921,0,19
2512,3,3,6,-8,57.744701,15.216789,595.00007,0,0
2513,3,3,6,-7,55.147091,35.220063,591.38669,0,0
2514,3,3,6,-6,52.207321,52.521154,588.43651,0,0
2515,3,3,6,-5,48.928055,67.180599,586.05407,0,0
2516,3,3,6,-4,45.32177,79.212239,584.16107,0,0
2517,3,3,6,-3,41.412246,88.599174,582.69405,0,0
2518,3,3,6,-2,37.235049,95.3089,581.60345,0,0
2519,3,3,6,-1,32.836599,99.307166,580.85334,0,0
2520,3,3,6,0,28.271689,100.56936,580.42165,0,0
2521,3,3,6,1,23.599677,99.088046,580.30034,0,0
2522,3,3,6,2,18.879968,94.875413,580.49547,0,0
2523,3,3,6,3,14.167624,87.960331,581.02686,0,0
2524,3,3,6,4,9.5098769,78.380432,581.92765,0,0
2525,3,3,6,5,4.9440044,66.170525,583.24383,0,0
2526,3,3,6,6,0.49666867,51.348741,585.03433,0,0
2527,3,3,6,7,-3.8155488,33.901561,587.37177,0,19
2528,3,3,6,8,-7.9848203,13.768119,590.3445,0,19
2529,3,3,7,-3,36.575218,14.559968,593.67685,0,0
2530,3,3,7,-2,32.985583,21.169998,592.25455,0,0
2531,3,3,7,-1,29.218983,25.093211,591.30116,0,0
2532,3,3,7,0,25.310413,26.338219,590.79375,0,0
2533,3,3,7,1,21.297304,24.908329,590.72364,0,0
2534,3,3,7,2,17.217424,20.803116,591.09612,0,0
2535,3,3,7,3,13.106788,14.016642,591.9305,0,0
2536,3,4,1,-4,80.896174,355.73159,661.10122,0,19
2537,3,4,2,-6,80.641786,261.85825,654.7178,0,19
2538,3,4,2,-5,74.714626,287.68907,655.34801,0,11
2539,3,4,2,-4,66.885184,311.9198,656.6189,0,0
2540,3,4,2,-3,56.773588,333.73824,658.29733,0,0
2541,3,4,2,-2,44.283123,351.71622,660.01385,0,0
2542,3,4,2,-1,30.055864,363.7422,661.24073,0,0
2543,3,4,2,0,15.703552,367.60111,661.4304,0,0
2544,3,4,2,1,3.0485289,362.39368,660.36355,0,0
2545,3,4,2,2,-7.0680944,349.32518,658.34156,0,19
2546,3,4,3,-11,83.792708,84.265353,670.83342,0,19
2547,3,4,3,-10,82.240807,114.93705,665.48941,0,19
2548,3,4,3,-9,80.158614,143.61663,661.39001,0,19
2549,3,4,3,-8,77.44899,170.47257,658.36557,0,19
2550,3,4,3,-7,73.998695,195.55538,656.26747,0,1
2551,3,4,3,-6,69.68312,218.78742,654.95486,0,0
2552,3,4,3,-5,64.379837,239.9435,654.28192,0,0
2553,3,4,3,-4,57.997044,258.62871,654.08631,0,0
2554,3,4,3,-3,50.521436,274.26892,654.18197,0,0
2555,3,4,3,-2,42.078987,286.14438,654.36296,0,8
2556,3,4,3,-1,32.977615,293.50399,654.42779,0,32
2557,3,4,3,0,23.680237,295.76751,654.2257,0,0
2558,3,4,3,1,14.685773,292.73849,653.70649,0,32
2559,3,4,3,2,6.3791846,284.6879,652.93974,0,32
2560,3,4,3,3,-1.0491505,272.24186,652.08742,0,1
2561,3,4,3,4,-7.58337,256.16149,651.35175,0,19
2562,3,4,4,-12,76.32146,8.8044078,687.57509,0,19
2563,3,4,4,-11,74.980084,41.615089,679.47536,0,3
2564,3,4,4,-10,73.230711,71.573841,672.94022,0,1
2565,3,4,4,-9,71.022392,98.996533,667.72053,0,0
2566,3,4,4,-8,68.300373,124.06906,663.6131,0,0
2567,3,4,4,-7,65.009576,146.86216,660.44519,0,0
2568,3,4,4,-6,61.100794,167.33977,658.06303,0,0
2569,3,4,4,-5,56.540376,185.36546,656.32362,0,0
2570,3,4,4,-4,51.323425,200.71297,655.08997,0,0
2571,3,4,4,-3,45.488691,213.08751,654.23076,0,0
2572,3,4,4,-2,39.130412,222.16391,653.62514,0,0
2573,3,4,4,-1,32.399883,227.64275,653.17304,0,0
2574,3,4,4,0,25.490698,229.31493,652.80821,0,0
2575,3,4,4,1,18.608554,227.11409,652.50927,0,0
2576,3,4,4,2,11.935942,221.13489,652.30336,0,0
2577,3,4,4,3,5.605877,211.60825,652.26048,0,0
2578,3,4,4,4,-0.3069978,198.84552,652.48116,0,1
2579,3,4,4,5,-5.7796718,183.17416,653.08328,0,19
2580,3,4,4,6,-10.826096,164.88443,654.19244,0,19
2581,3,4,5,-10,65.184477,16.907402,684.94866,0,0
2582,3,4,5,-9,63.014701,43.94941,678.34935,0,0
2583,3,4,5,-8,60.434593,68.153555,672.997,0,0
2584,3,4,5,-7,57.420724,89.671892,668.69232,0,0
2585,3,4,5,-6,53.957639,108.56108,665.26844,0,0
2586,3,4,5,-5,50.042587,124.80035,662.58264,0,0
2587,3,4,5,-4,45.690578,138.30968,660.51144,0,0
2588,3,4,5,-3,40.938661,148.97072,658.94894,0,0
2589,3,4,5,-2,35.847902,156.65136,657.80771,0,0
2590,3,4,5,-1,30.501501,161.23263,657.0216,0,0
2591,3,4,5,0,24.998319,162.63384,656.54925,0,0
2592,3,4,5,1,19.442662,160.83058,656.37684,0,0
2593,3,4,5,2,13.932734,155.8606,656.51888,0,0
2594,3,4,5,3,8.5508315,147.81589,657.01661,0,0
2595,3,4,5,4,3.3575419,136.82333,657.93468,0,0
2596,3,4,5,5,-1.609485,123.01911,659.35724,0,3
2597,3,4,5,6,-6.3331383,106.52223,661.38508,0,19
2598,3,4,5,7,-10.812484,87.410873,664.13466,0,19
2599,3,4,6,-7,50.731918,22.715527,682.55812,0,0
2600,3,4,6,-6,47.674322,41.151601,677.98084,0,0
2601,3,4,6,-5,44.284254,56.726147,674.31104,0,0
2602,3,4,6,-4,40.578886,69.475572,671.42058,0,0
2603,3,4,6,-3,36.586868,79.397628,669.20677,0,0
2604,3,4,6,-2,32.348356,86.468932,667.59005,0,0
2605,3,4,6,-1,27.913545,90.660705,666.51322,0,0
2606,3,4,6,0,23.339668,91.951572,665.94146,0,0
2607,3,4,6,1,18.686814,90.335916,665.86245,0,0
2608,3,4,6,2,14.013292,85.826542,666.2864,0,0
2609,3,4,6,3,9.3714148,78.451249,667.24559,0,0
2610,3,4,6,4,4.8044222,68.243891,668.79383,0,0
2611,3,4,6,5,0.34489604,55.231287,671.00606,0,0
2612,3,4,6,6,-3.9853753,39.417505,673.97887,0,19
2613,3,4,6,7,-8.1744312,20.76661,677.83254,0,19
2614,3,4,7,-2,28.66513,7.4971127,684.50484,0,0
2615,3,4,7,-1,24.877902,11.661896,683.10308,0,0
2616,3,4,7,0,20.964956,12.957027,682.41369,0,0
2617,3,4,7,1,16.964061,11.388717,682.42295,0,0
2618,3,4,7,2,12.912475,6.9550932,683.14028,0,0
2619,3,5,1,-6,81.4421,308.87329,761.3837,0,19
2620,3,5,1,-5,72.466549,348.46269,766.34855,0,0
2621,3,5,2,-9,82.357032,177.93742,762.76909,0,19
2622,3,5,2,-8,79.128556,210.22167,759.76713,0,19
2623,3,5,2,-7,74.786471,241.69934,758.45411,0,3
2624,3,5,2,-6,68.994853,272.59011,758.72198,0,0
2625,3,5,2,-5,61.310444,303.0077,760.47907,0,0
2626,3,5,2,-4,51.191737,332.88053,763.61478,0,0
2627,3,5,2,-3,38.117552,361.74014,767.92101,0,0
2628,3,5,3,-9,72.56453,140.552,767.93035,0,0
2629,3,5,3,-8,69.264597,170.03103,763.33532,0,0
2630,3,5,3,-7,65.131668,197.69764,760.24645,0,0
2631,3,5,3,-6,60.034992,223.52513,758.44575,0,0
2632,3,5,3,-5,53.85609,247.30519,757.70918,0,0
2633,3,5,3,-4,46.528432,268.6035,757.78045,0,0
2634,3,5,3,-3,38.101428,286.71686,758.34748,0,8
2635,3,5,3,-2,28.815173,300.67808,759.0362,0,8
2636,3,5,3,-1,19.134435,309.39232,759.44959,0,0
2637,3,5,3,0,9.6669728,311.96413,759.27227,0,0
2638,3,5,3,1,0.96185636,308.09647,758.40107,0,0
2639,3,5,3,2,-6.6753362,298.24932,756.9962,0,27
2640,3,5,4,-7,57.345407,143.98667,766.60008,0,0
2641,3,5,4,-6,52.98802,166.43199,762.99461,0,0
2642,3,5,4,-5,47.966608,186.24159,760.41977,0,0
2643,3,5,4,-4,42.298887,203.16405,758.65171,0,0
2644,3,5,4,-3,36.055643,216.85152,757.47322,0,0
2645,3,5,4,-2,29.370323,226.90516,756.68087,0,0
2646,3,5,4,-1,22.433781,232.94806,756.10314,0,0
2647,3,5,4,0,15.468877,234.71435,755.62558,0,0
2648,3,5,4,1,8.6902679,232.12391,755.21269,0,0
2649,3,5,4,2,2.2656637,225.30739,754.91504,0,0
2650,3,5,4,3,-3.7049488,214.56812,754.85699,0,19
2651,3,5,4,4,-9.1874353,200.30116,755.21223,0,19
2652,3,5,5,-4,38.200084,134.39017,766.93366,0,0
2653,3,5,5,-3,33.242441,146.01206,764.58013,0,0
2654,3,5,5,-2,27.994775,154.36621,762.88915,0,0
2655,3,5,5,-1,22.553564,159.31752,761.75212,0,0
2656,3,5,5,0,17.026614,160.7742,761.10144,0,0
2657,3,5,5,1,11.520817,158.71056,760.91526,0,0
2658,3,5,5,2,6.1299843,153.17416,761.21868,0,0
2659,3,5,5,3,0.92607285,144.27505,762.0809,0,0
2660,3,5,5,4,-4.0443615,132.16065,763.60924,0,19
2661,3,5,5,5,-8.7588072,116.98333,765.94279,0,19
2662,3,-5,-3,-2,80.106348,646.68829,6.5751289,1,19
2663,3,-5,-2,-5,47.417371,648.02165,7.9099376,1,0
2664,3,-5,-2,-4,57.105232,618.55433,10.475875,1,0
2665,3,-5,-2,-3,69.689188,590.83597,11.602841,1,0
2666,3,-5,-1,-6,27.442704,643.63207,9.0416895,1,0
2667,3,-5,-1,-5,35.702131,605.95397,11.935766,1,0
2668,3,-5,-1,-4,49.143783,564.45403,12.537134,1,0
2669,3,-5,-1,-3,78.073018,501.55052,8.3701072,1,1
2670,3,-5,0,-7,6.5067852,669.32809,6.0901413,1,0
2671,3,-5,0,-6,10.139647,630.54878,10.602526,1,0
2672,3,-5,0,-5,16.664864,589.00507,12.844838,1,0
2673,3,-5,0,-4,30.638521,536.87528,11.835955,1,0
2674,3,-5,1,-6,-10.039416,644.02946,9.2887552,1,19
2675,3,-5,1,-5,-8.5277443,606.46635,12.197455,1,19
2676,3,-5,1,-4,-4.6177279,565.21631,12.834577,1,19
2677,3,-5,1,-3,9.4600393,504.22187,8.9514381,1,0
2678,3,-4,-4,-6,48.810892,791.11474,86.756564,1,0
2679,3,-4,-4,-5,53.318392,769.91649,91.20299,1,0
2680,3,-4,-4,-4,58.489789,752.12477,94.567297,1,0
2681,3,-4,-4,-3,64.293471,737.8816,96.978092,1,0
2682,3,-4,-4,-2,70.642888,727.39084,98.537516,1,0
2683,3,-4,-4,-1,77.392915,720.86707,99.321487,1,19
2684,3,-4,-3,-8,32.518613,788.44136,88.232485,1,0
2685,3,-4,-3,-7,35.883878,759.438,94.259677,1,0
2686,3,-4,-3,-6,40.102055,733.29018,98.99439,1,0
2687,3,-4,-3,-5,45.298906,710.01699,102.60972,1,0
2688,3,-4,-3,-4,51.574831,689.81899,105.25435,1,0
2689,3,-4,-3,-3,58.959305,673.079,107.0617,1,0
2690,3,-4,-3,-2,67.349872,660.33407,108.15374,1,0
2691,3,-4,-3,-1,76.462912,652.18648,108.63661,1,19
2692,3,-4,-2,-9,19.344708,780.75992,90.477089,1,0
2693,3,-4,-2,-8,21.62047,747.54341,97.123404,1,0
2694,3,-4,-2,-7,24.767005,716.61854,102.34771,1,0
2695,3,-4,-2,-6,29.037349,687.77807,106.3273,1,0
2696,3,-4,-2,-5,34.761817,660.99332,109.20873,1,0
2697,3,-4,-2,-4,42.3417,636.47274,111.12456,1,0
2698,3,-4,-2,-3,52.176625,614.77341,112.21281,1,0
2699,3,-4,-2,-2,64.434193,596.96037,112.6398,1,0
2700,3,-4,-2,-1,78.607331,584.69296,112.6146,1,19
2701,3,-4,-1,-10,6.6237347,792.92836,88.146041,1,0
2702,3,-4,-1,-9,7.3979864,756.29889,95.847523,1,0
2703,3,-4,-1,-8,8.7906986,721.75841,101.94796,1,0
2704,3,-4,-1,-7,11.034052,688.81699,106.63971,1,0
2705,3,-4,-1,-6,14.495158,657.05511,110.06298,1,0
2706,3,-4,-1,-5,19.783289,626.09119,112.31573,1,0
2707,3,-4,-1,-4,27.9685,595.54049,113.45838,1,0
2708,3,-4,-1,-3,41.049056,564.92752,113.51066,1,0
2709,3,-4,-1,-2,62.96909,533.3499,112.41937,1,0
2710,3,-4,0,-10,-5.0760466,784.99637,90.111485,1,19
2711,3,-4,0,-9,-5.4836351,748.02302,97.61356,1,19
2712,3,-4,0,-8,-5.5211018,712.9058,103.52415,1,19
2713,3,-4,0,-7,-5.0313907,679.07537,108.02116,1,19
2714,3,-4,0,-6,-3.7420008,645.96146,111.22438,1,19
2715,3,-4,0,-5,-1.1323096,612.87462,113.19579,1,1
2716,3,-4,0,-4,3.9547013,578.69247,113.9148,1,0
2717,3,-4,0,-3,14.951721,540.45808,113.13415,1,0
2718,3,-3,-5,-1,73.914915,789.97335,172.94912,1,1
2719,3,-3,-5,0,79.419339,788.04181,172.96832,1,19
2720,3,-3,-4,-6,43.188392,785.14059,175.34518,1,0
2721,3,-3,-4,-5,47.392137,765.22842,178.15491,1,0
2722,3,-3,-4,-4,52.265877,748.52604,180.27157,1,0
2723,3,-3,-4,-3,57.796618,735.17747,181.77388,1,0
2724,3,-3,-4,-2,63.920533,725.3756,182.72457,1,0
2725,3,-3,-4,-1,70.515888,719.31676,183.17014,1,0
2726,3,-3,-4,0,77.409902,717.15026,183.13933,1,19
2727,3,-3,-3,-8,26.858132,782.4694,176.47179,1,0
2728,3,-3,-3,-7,29.787653,755.18515,180.30731,1,0
2729,3,-3,-3,-6,33.516055,730.599,183.32039,1,0
2730,3,-3,-3,-5,38.17397,708.76174,185.61727,1,0
2731,3,-3,-3,-4,43.878293,689.88125,187.29014,1,0
2732,3,-3,-3,-3,50.693549,674.31814,188.42202,1,0
2733,3,-3,-3,-2,58.575934,662.55376,189.0882,1,0
2734,3,-3,-3,-1,67.319304,655.10771,189.35303,1,0
2735,3,-3,-3,0,76.546332,652.40066,189.26189,1,19
2736,3,-3,-2,-9,13.569058,775.13906,178.02198,1,0
2737,3,-3,-2,-8,15.304524,743.86834,182.26359,1,0
2738,3,-3,-2,-7,17.79605,714.78577,185.60251,1,0
2739,3,-3,-2,-6,21.267448,687.75976,188.14834,1,0
2740,3,-3,-2,-5,26.01567,662.8287,189.9941,1,0
2741,3,-3,-2,-4,32.413356,640.25274,191.22608,1,0
2742,3,-3,-2,-3,40.864073,620.5971,191.9344,1,0
2743,3,-3,-2,-2,51.638306,604.82133,192.22323,1,0
2744,3,-3,-2,-1,64.529191,594.26055,192.21246,1,0
2745,3,-3,-2,0,78.514683,590.27146,192.014,1,19
2746,3,-3,-1,-10,1.0012026,786.52681,176.61217,1,0
2747,3,-3,-1,-9,1.2234102,752.03562,181.52819,1,0
2748,3,-3,-1,-8,1.9226576,719.5231,185.43157,1,0
2749,3,-3,-1,-7,3.2742169,688.61545,188.44038,1,0
2750,3,-3,-1,-6,5.5528466,659.03064,190.6447,1,0
2751,3,-3,-1,-5,9.2079662,630.58309,192.11434,1,0
2752,3,-3,-1,-4,15.008527,603.22182,192.90695,1,0
2753,3,-3,-1,-3,24.315984,577.14948,193.08053,1,0
2754,3,-3,-1,-2,39.470546,553.17598,192.72269,1,0
2755,3,-3,-1,-1,63.280479,533.76624,192.03192,1,0
2756,3,-3,0,-10,-10.82174,779.0255,177.90685,1,19
2757,3,-3,0,-4,-10.941619,588.49343,193.31787,1,19
2758,3,-3,0,-3,-6.7845806,557.91426,193.14029,1,19
2759,3,-3,0,-2,4.0204153,525.01242,192.10722,1,0
2760,3,-2,-5,-2,64.875468,789.6011,248.16552,1,0
2761,3,-2,-5,-1,70.110407,784.39296,248.44904,1,0
2762,3,-2,-5,0,75.592146,782.58588,248.37256,1,19
2763,3,-2,-5,1,81.219523,784.19724,247.93955,1,19
2764,3,-2,-4,-6,39.350923,779.44573,250.3655,1,0
2765,3,-2,-4,-5,43.352672,760.28498,251.97284,1,0
2766,3,-2,-4,-4,48.029637,744.21078,253.16607,1,0
2767,3,-2,-4,-3,53.380998,731.37289,253.99069,1,0
2768,3,-2,-4,-2,59.357523,721.96336,254.48306,1,0
2769,3,-2,-4,-1,65.85226,716.17345,254.67011,1,0
2770,3,-2,-4,0,72.703993,714.14623,254.56828,1,0
2771,3,-2,-4,1,79.717105,715.93767,254.18229,1,19
2772,3,-2,-3,-8,22.989286,776.74197,251.24971,1,0
2773,3,-2,-3,-7,25.628196,750.4487,253.47358,1,0
2774,3,-2,-3,-6,29.032663,726.73796,255.2082,1,0
2775,3,-2,-3,-5,33.337601,705.68004,256.5149,1,0
2776,3,-2,-3,-4,38.671786,687.49104,257.44738,1,0
2777,3,-2,-3,-3,45.123117,672.52734,258.05438,1,0
2778,3,-2,-3,-2,52.684927,661.25304,258.38022,1,0
2779,3,-2,-3,-1,61.198143,654.16018,258.46268,1,0
2780,3,-2,-3,0,70.328709,651.64049,258.3281,1,0
2781,3,-2,-3,1,79.622391,653.85225,257.98571,1,19
2782,3,-2,-2,-9,9.6165903,769.59284,252.2996,1,0
2783,3,-2,-2,-8,10.990977,739.42857,254.76805,1,0
2784,3,-2,-2,-7,13.049128,711.35229,256.70008,1,0
2785,3,-2,-2,-6,15.998804,685.26801,258.15874,1,0
2786,3,-2,-2,-5,20.120634,661.24228,259.19834,1,0
2787,3,-2,-2,-4,25.777697,639.55362,259.87005,1,0
2788,3,-2,-2,-3,33.388679,620.76682,260.22787,1,0
2789,3,-2,-2,-2,43.299214,605.8026,260.33397,1,0
2790,3,-2,-2,-1,55.477044,595.89598,260.25845,1,0
2791,3,-2,-2,0,69.143798,592.25688,260.06484,1,0
2792,3,-2,-2,1,82.848762,595.43888,259.78103,1,19
2793,3,-2,-1,-10,-2.854568,780.51323,251.56968,1,19
2794,3,-2,-1,-9,-3.003868,747.24795,254.43897,1,19
2795,3,-2,-1,-8,-2.7668778,715.85027,256.70822,1,19
2796,3,-2,-1,-7,-2.0021036,685.99817,258.44468,1,19
2797,3,-2,-1,-6,-0.48700014,657.46202,259.70046,1,1
2798,3,-2,-1,-5,2.1440145,630.11811,260.51718,1,0
2799,3,-2,-1,-4,6.5205813,604.00038,260.93125,1,0
2800,3,-2,-1,-3,13.77142,579.43998,260.98263,1,0
2801,3,-2,-1,-2,25.898837,557.42694,260.73361,1,0
2802,3,-2,-1,-1,45.668744,540.45447,260.31095,1,0
2803,3,-2,-1,0,72.683788,533.32616,259.94731,1,0
2804,3,-2,0,-1,-2.8115981,502.26453,259.43015,1,19
2805,3,-1,-5,-2,62.709057,785.69583,316.26856,1,0
2806,3,-1,-5,-1,67.913191,780.64008,316.27983,1,0
2807,3,-1,-5,0,73.380876,778.91775,316.12088,1,1
2808,3,-1,-5,1,79.011908,780.54565,315.79235,1,19
2809,3,-1,-4,-6,37.13355,775.52875,317.84133,1,0
2810,3,-1,-4,-5,41.019896,756.77537,318.47556,1,0
2811,3,-1,-4,-4,45.584661,741.04214,318.91826,1,0
2812,3,-1,-4,-3,50.833844,728.48365,319.18944,1,0
2813,3,-1,-4,-2,56.726323,719.29333,319.30505,1,0
2814,3,-1,-4,-1,63.163306,713.66137,319.27679,1,0
2815,3,-1,-4,0,69.989936,711.72835,319.11153,1,0
2816,3,-1,-4,1,77.013348,713.5476,318.81069,1,19
2817,3,-1,-3,-8,20.748489,772.7613,318.54386,1,0
2818,3,-1,-3,-7,23.220751,746.99312,319.464,1,0
2819,3,-1,-3,-6,26.440191,723.73962,320.15978,1,0
2820,3,-1,-3,-5,30.544406,703.08257,320.65817,1,0
2821,3,-1,-3,-4,35.66912,685.24465,320.98296,1,0
2822,3,-1,-3,-3,41.915504,670.58376,321.15592,1,0
2823,3,-1,-3,-2,49.297533,659.56029,321.19698,1,0
2824,3,-1,-3,-1,57.68185,652.6579,321.12312,1,0
2825,3,-1,-3,0,66.757714,650.25773,320.94604,1,0
2826,3,-1,-3,1,76.081598,652.50952,320.66941,1,19
2827,3,-1,-2,-9,7.3208737,765.67742,319.19877,1,0
2828,3,-1,-2,-8,8.4869564,736.08986,320.23157,1,0
2829,3,-1,-2,-7,10.296176,708.52434,321.0191,1,0
2830,3,-1,-2,-6,12.947794,682.90194,321.58885,1,0
2831,3,-1,-2,-5,16.714258,659.3024,321.96469,1,0
2832,3,-1,-2,-4,21.954963,638.01343,322.16942,1,0
2833,3,-1,-2,-3,29.099404,619.60289,322.22751,1,0
2834,3,-1,-2,-2,38.536956,604.98344,322.16747,1,0
2835,3,-1,-2,-1,50.330275,595.36402,322.02164,1,0
2836,3,-1,-2,0,63.827372,591.91192,321.81915,1,0
2837,3,-1,-2,1,77.647898,595.14478,321.57236,1,19
2838,3,-1,-1,-10,-5.1014578,776.33182,319.02314,1,19
2839,3,-1,-1,-9,-5.4670155,743.70637,320.23818,1,19
2840,3,-1,-1,-8,-5.4981714,712.87329,321.18006,1,19
2841,3,-1,-1,-7,-5.0722461,683.53332,321.8778,1,19
2842,3,-1,-1,-6,-3.9953058,655.47705,322.35387,1,19
2843,3,-1,-1,-5,-1.9465744,628.60114,322.62629,1,3
2844,3,-1,-1,-4,1.6321814,602.96308,322.71114,1,0
2845,3,-1,-1,-3,7.7595427,578.92463,322.6267,1,0
2846,3,-1,-1,-2,18.308292,557.51228,322.40249,1,0
2847,3,-1,-1,-1,36.140494,541.2139,322.09857,1,0
2848,3,-1,-1,0,61.977641,534.59288,321.82131,1,0
2849,3,0,-5,-3,57.216744,792.57911,381.12179,1,0
2850,3,0,-5,-2,62.056721,784.33238,380.8828,1,0
2851,3,0,-5,-1,67.249745,779.35544,380.64485,1,0
2852,3,0,-5,0,72.710676,777.69091,380.40598,1,0
2853,3,0,-5,1,78.339648,779.35479,380.16434,1,19
2854,3,0,-4,-6,36.466749,774.02576,381.92313,1,0
2855,3,0,-4,-5,40.319172,755.42593,381.6817,1,0
2856,3,0,-4,-4,44.85078,739.82778,381.44716,1,0
2857,3,0,-4,-3,50.06935,727.3878,381.21707,1,0
2858,3,0,-4,-2,55.935862,718.29992,380.98934,1,0
2859,3,0,-4,-1,62.353663,712.75353,380.76214,1,0
2860,3,0,-4,0,69.169636,710.88746,380.53383,1,0
2861,3,0,-4,1,76.191811,712.75284,380.3029,1,19
2862,3,0,-4,2,83.219932,718.29859,380.06788,1,19
2863,3,0,-3,-8,20.067956,771.16382,382.47804,1,0
2864,3,0,-3,-7,22.490969,745.57836,382.22669,1,0
2865,3,0,-3,-6,25.656099,722.48752,381.98707,1,0
2866,3,0,-3,-5,29.701753,701.9779,381.75609,1,0
2867,3,0,-3,-4,34.765594,684.27561,381.53103,1,0
2868,3,0,-3,-3,40.952346,669.74048,381.30955,1,32
2869,3,0,-3,-2,48.281375,658.83279,381.08959,1,0
2870,3,0,-3,-1,56.625974,652.03354,380.86942,1,0
2871,3,0,-3,0,65.681541,649.71893,380.64762,1,0
2872,3,0,-3,1,75.007738,652.03283,380.42302,1,19
2873,3,0,-2,-9,6.6141651,764.05388,382.78838,1,0
2874,3,0,-2,-8,7.7169941,734.65812,382.53132,1,0
2875,3,0,-2,-7,9.4512283,707.26269,382.28885,1,0
2876,3,0,-2,-6,12.013896,681.79485,382.05753,1,0
2877,3,0,-2,-5,15.675449,658.33986,381.83432,1,0
2878,3,0,-2,-4,20.794716,637.19055,381.61653,1,0
2879,3,0,-2,-3,27.804717,618.91935,381.40165,1,0
2880,3,0,-2,-2,37.107015,604.44148,381.18739,1,0
2881,3,0,-2,-1,48.789172,594.96263,380.97176,1,0
2882,3,0,-2,0,62.231629,591.63683,380.75329,1,0
2883,3,0,-2,1,76.073208,594.96188,380.53122,1,19
2884,3,0,-1,-10,-5.8041115,774.58986,383.11637,1,19
2885,3,0,-1,-9,-6.2379081,742.17195,382.84643,1,19
2886,3,0,-1,-8,-6.353271,711.51946,382.59482,1,19
2887,3,0,-1,-7,-6.0331435,682.33998,382.35767,1,19
2888,3,0,-1,-6,-5.0920169,654.43005,382.13165,1,19
2889,3,0,-1,-5,-3.2220395,627.69202,381.91389,1,19
2890,3,0,-1,-4,0.11506005,602.19013,381.70174,1,1
2891,3,0,-1,-3,5.9087082,578.29588,381.49265,1,0
2892,3,0,-1,-2,16.001973,557.05239,381.28394,1,0
2893,3,0,-1,-1,33.295902,540.97089,381.0726,1,0
2894,3,0,-1,0,58.806486,534.59953,380.85551,1,0
2895,3,1,-5,-2,62.898527,785.68299,445.4838,1,0
2896,3,1,-5,-1,68.099101,780.72163,444.98987,1,0
2897,3,1,-5,0,73.559666,779.09393,444.66428,1,1
2898,3,1,-5,1,79.180146,780.81466,444.50261,1,19
2899,3,1,-4,-6,37.333778,775.10673,446.02159,1,0
2900,3,1,-4,-5,41.232391,756.43566,444.89795,1,0
2901,3,1,-4,-4,45.808264,740.79305,443.97968,1,0
2902,3,1,-4,-3,51.065932,728.33387,443.24185,1,0
2903,3,1,-4,-2,56.962562,719.25069,442.66423,1,0
2904,3,1,-4,-1,63.397786,713.73133,442.23143,1,0
2905,3,1,-4,0,70.215821,711.91268,441.93331,1,0
2906,3,1,-4,1,77.223948,713.84361,441.76549,1,19
2907,3,1,-3,-8,20.932892,772.11461,446.44483,1,0
2908,3,1,-3,-7,23.422934,746.40816,445.01541,1,0
2909,3,1,-3,-6,26.662964,723.22399,443.83416,1,0
2910,3,1,-3,-5,30.790197,702.64722,442.86767,1,0
2911,3,1,-3,-4,35.939069,684.90394,442.08657,1,0
2912,3,1,-3,-3,42.20803,670.35475,441.4642,1,0
2913,3,1,-3,-2,49.606647,659.46059,440.97647,1,0
2914,3,1,-3,-1,57.996201,652.70175,440.60292,1,0
2915,3,1,-3,0,67.061834,650.45144,440.32914,1,0
2916,3,1,-3,1,76.359757,652.84851,440.14933,1,19
2917,3,1,-2,-9,7.4828542,764.89168,446.41966,1,0
2918,3,1,-2,-8,8.6666535,735.34751,444.86629,1,0
2919,3,1,-2,-7,10.498694,707.82883,443.58792,1,0
2920,3,1,-2,-6,13.179845,682.26045,442.54991,1,0
2921,3,1,-2,-5,16.984382,658.72745,441.7221,1,0
2922,3,1,-2,-4,22.273032,637.52505,441.07599,1,0
2923,3,1,-2,-3,29.474004,619.23092,440.58182,1,0
2924,3,1,-2,-2,38.968286,604.76754,440.20615,1,0
2925,3,1,-2,-1,50.798489,595.34609,439.91256,1,0
2926,3,1,-2,0,64.287408,592.11722,439.66933,1,0
2927,3,1,-2,1,78.048198,595.56348,439.46332,1,19
2928,3,1,-1,-10,-4.9750859,775.43809,447.26039,1,19
2929,3,1,-1,-9,-5.3295668,742.84274,445.49874,1,19
2930,3,1,-1,-8,-5.3458005,712.03733,444.04774,1,19
2931,3,1,-1,-7,-4.8992286,682.72424,442.8704,1,19
2932,3,1,-1,-6,-3.7927399,654.69649,441.93745,1,19
2933,3,1,-1,-5,-1.6999396,627.85478,441.22484,1,3
2934,3,1,-1,-4,1.9477136,602.2643,440.71095,1,0
2935,3,1,-1,-3,8.1875672,578.30287,440.37193,1,0
2936,3,1,-1,-2,18.919731,557.03204,440.17202,1,0
2937,3,1,-1,-1,36.993451,541.00536,440.04346,1,0
2938,3,1,-1,0,62.902017,534.81303,439.87296,1,0
2939,3,2,-5,-2,65.254971,789.57211,513.54461,1,0
2940,3,2,-5,-1,70.481185,784.56023,512.75702,1,0
2941,3,2,-5,0,75.947021,782.94988,512.32728,1,19
2942,3,2,-5,1,81.551702,784.7542,512.24802,1,19
2943,3,2,-4,-6,39.75933,778.56622,513.55047,1,0
2944,3,2,-4,-5,43.784948,759.57684,511.43287,1,0
2945,3,2,-4,-4,48.482956,743.69109,509.74356,1,0
2946,3,2,-4,-3,53.849506,731.05962,508.43172,1,0
2947,3,2,-4,-2,59.83194,721.87271,507.4565,1,0
2948,3,2,-4,-1,66.320283,716.31677,506.78718,1,0
2949,3,2,-4,0,73.151749,714.52715,506.40414,1,1
2950,3,2,-4,1,80.131379,716.55062,506.29974,1,19
2951,3,2,-3,-8,23.370264,775.39551,513.84279,1,0
2952,3,2,-3,-7,26.045535,749.23103,511.08882,1,0
2953,3,2,-3,-6,29.49175,725.6646,508.84895,1,0
2954,3,2,-3,-5,33.842776,704.77354,507.05475,1,0
2955,3,2,-3,-4,39.224388,686.78113,505.64629,1,0
2956,3,2,-3,-3,45.718524,672.04942,504.56947,1,0
2957,3,2,-3,-2,53.309288,661.04376,503.77545,1,0
2958,3,2,-3,-1,61.826949,654.2493,503.22305,1,0
2959,3,2,-3,0,70.930078,652.04118,502.88359,1,0
2960,3,2,-3,1,80.165371,654.55495,502.74637,1,19
2961,3,2,-2,-9,9.9558827,767.95752,513.45153,1,0
2962,3,2,-2,-8,11.36792,737.88403,510.4421,1,0
2963,3,2,-2,-7,13.474369,709.90528,508.00057,1,0
2964,3,2,-2,-6,16.486167,683.9331,506.05597,1,0
2965,3,2,-2,-5,20.687323,660.04515,504.54689,1,0
2966,3,2,-2,-4,26.442755,638.53571,503.41555,1,0
2967,3,2,-2,-3,34.166649,619.99018,502.60159,1,0
2968,3,2,-2,-2,44.18449,605.35024,502.03691,1,0
2969,3,2,-2,-1,56.420739,595.85611,501.64687,1,0
2970,3,2,-2,0,70.048735,592.68293,501.36645,1,0
2971,3,2,-2,1,83.614303,596.31012,501.1696,1,19
2972,3,2,-1,-10,-2.5854901,778.65314,514.87559,1,19
2973,3,2,-1,-9,-2.7096737,745.45127,511.43834,1,19
2974,3,2,-1,-8,-2.4388374,714.11145,508.64138,1,19
2975,3,2,-1,-7,-1.6272329,684.31506,506.40874,1,3
2976,3,2,-1,-6,-0.045161509,655.83736,504.68086,1,1
2977,3,2,-1,-5,2.6854765,628.56285,503.40946,1,0
2978,3,2,-1,-4,7.2168256,602.54112,502.55167,1,0
2979,3,2,-1,-3,14.716721,578.13629,502.06051,1,0
2980,3,2,-1,-2,27.235651,556.41213,501.86445,1,0
2981,3,2,-1,-1,47.46567,540.00606,501.82333,1,0
2982,3,2,-1,0,74.470922,533.79136,501.69439,1,1
2983,3,2,0,-1,0.36643405,500.07106,502.98322,1,1
2984,3,3,-5,-1,74.468307,790.23715,588.13672,1,1
2985,3,3,-5,0,79.944457,788.62264,587.57032,1,19
2986,3,3,-4,-6,43.822157,783.71772,588.6714,1,0
2987,3,3,-4,-5,48.059948,764.08183,585.31226,1,0
2988,3,3,-4,-4,52.962139,747.68307,582.66095,1,0
2989,3,3,-4,-3,58.51093,734.66706,580.63267,1,0
2990,3,3,-4,-2,64.637331,725.22405,579.15977,1,0
2991,3,3,-4,-1,71.215424,719.54254,578.19181,1,0
2992,3,3,-4,0,78.070822,717.75931,577.69696,1,19
2993,3,3,-3,-8,27.461986,780.29417,588.8174,1,0
2994,3,3,-3,-7,30.448215,753.21742,584.41282,1,0
2995,3,3,-3,-6,34.240806,728.86304,580.85761,1,0
2996,3,3,-3,-5,38.96806,707.29347,578.037,1,0
2997,3,3,-3,-4,44.741225,688.7287,575.85131,1,0
2998,3,3,-3,-3,51.61447,673.53915,574.2111,1,0
2999,3,3,-3,-2,59.528984,662.20878,573.03596,1,0
3000,3,3,-3,-1,68.26279,655.24621,572.25813,1,0
3001,3,3,-3,0,77.429843,653.04472,571.8308,1,19
3002,3,3,-2,-9,14.118804,772.49846,587.98058,1,0
3003,3,3,-2,-8,15.916712,741.37344,583.16004,1,0
3004,3,3,-2,-7,18.487885,712.4459,579.27716,1,0
3005,3,3,-2,-6,22.060832,685.5969,576.21288,1,0
3006,3,3,-2,-5,26.936899,660.88292,573.86548,1,0
3007,3,3,-2,-4,33.489315,638.59031,572.1402,1,0
3008,3,3,-2,-3,42.109647,619.31976,570.9383,1,0
3009,3,3,-2,-2,53.028621,604.06869,570.14731,1,0
3010,3,3,-2,-1,65.964955,594.18514,569.6416,1,0
3011,3,3,-2,0,79.829831,590.96778,569.31004,1,19
3012,3,3,-1,-10,1.4482824,783.52385,590.13928,1,0
3013,3,3,-1,-9,1.716114,749.13467,584.6156,1,0
3014,3,3,-1,-8,2.4769293,716.71301,580.1503,1,0
3015,3,3,-1,-7,3.9137969,685.88997,576.61522,1,0
3016,3,3,-1,-6,6.314541,656.39037,573.91166,1,0
3017,3,3,-1,-5,10.151281,628.03995,571.962,1,0
3018,3,3,-1,-4,16.23309,600.80965,570.7007,1,0
3019,3,3,-1,-3,25.987848,574.95094,570.06019,1,0
3020,3,3,-1,-2,41.817666,551.39581,569.93756,1,0
3021,3,3,-1,-1,66.274434,532.90849,570.1045,1,0
3022,3,3,0,-10,-10.46996,775.87054,589.00595,1,19
3023,3,3,0,-4,-10.057729,585.46448,570.50589,1,19
3024,3,3,0,-3,-5.4204257,554.73896,570.2518,1,19
3025,3,3,0,-2,6.9361361,521.28758,570.89108,1,0
3026,3,4,-4,-6,49.700323,788.96934,677.43603,1,0
3027,3,4,-4,-5,54.24966,768.18386,672.37345,1,0
3028,3,4,-4,-4,59.452548,750.84639,668.40848,1,0
3029,3,4,-4,-3,65.270378,737.10217,665.40506,1,0
3030,3,4,-4,-2,71.60962,727.15156,663.25526,1,0
3031,3,4,-4,-1,78.320304,721.19722,661.87907,1,19
3032,3,4,-3,-8,33.391779,785.16663,677.39907,1,0
3033,3,4,-3,-7,36.83755,756.46939,670.73728,1,0
3034,3,4,-3,-6,41.145088,730.66244,665.39854,1,0
3035,3,4,-3,-5,46.435421,707.78383,661.19851,1,0
3036,3,4,-3,-4,52.798878,688.05457,657.9785,1,0
3037,3,4,-3,-3,60.247822,671.87532,655.59641,1,0
3038,3,4,-3,-2,68.656925,659.79,653.92366,1,0
3039,3,4,-3,-1,77.721513,652.38505,652.85081,1,19
3040,3,4,-2,-9,20.163517,776.7853,675.96309,1,0
3041,3,4,-2,-8,22.535699,743.77778,668.6749,1,0
3042,3,4,-2,-7,25.804693,713.07046,662.85039,1,0
3043,3,4,-2,-6,30.22999,684.47465,658.30001,1,0
3044,3,4,-2,-5,36.146825,657.98932,654.86554,1,0
3045,3,4,-2,-4,43.953092,633.86549,652.40219,1,0
3046,3,4,-2,-3,54.020583,612.72399,650.75814,1,0
3047,3,4,-2,-2,66.439078,595.71042,649.7519,1,0
3048,3,4,-2,-1,80.572447,584.5335,649.16324,1,19
3049,3,4,-1,-10,7.3110917,788.41211,679.13701,1,0
3050,3,4,-1,-9,8.1635187,751.92573,670.76209,1,0
3051,3,4,-1,-8,9.6623426,717.5031,664.04467,1,0
3052,3,4,-1,-7,12.053871,684.65814,658.78016,1,0
3053,3,4,-1,-6,15.729364,652.97485,654.81832,1,0
3054,3,4,-1,-5,21.341388,622.07515,652.05274,1,0
3055,3,4,-1,-4,30.041127,591.5779,650.41564,1,0
3056,3,4,-1,-3,43.981086,561.00891,649.88106,1,0
3057,3,4,-1,-2,67.37215,529.43408,650.5004,1,0
3058,3,4,0,-10,-4.5070478,780.25041,677.35635,1,19
3059,3,4,0,-9,-4.8589883,743.37939,669.18719,1,19
3060,3,4,0,-8,-4.8183405,708.32401,662.668,1,19
3061,3,4,0,-7,-4.2141919,674.50903,657.6099,1,19
3062,3,4,0,-6,-2.7464859,641.34807,653.88545,1,19
3063,3,4,0,-5,0.16823116,608.10906,651.42967,1,1
3064,3,4,0,-4,5.8661382,573.5333,650.27196,1,0
3065,3,4,0,-3,18.60575,533.93045,650.7364,1,0
3066,3,5,-3,-5,56.924095,700.39674,765.74806,1,0
3067,3,5,-3,-4,64.215307,678.16975,761.1032,1,0
3068,3,5,-3,-3,72.594418,659.71222,757.74487,1,0
3069,3,5,-3,-2,81.824074,645.75994,755.45054,1,19
3070,3,5,-2,-7,36.083956,706.04239,768.01415,1,0
3071,3,5,-2,-6,41.859779,673.7305,761.42485,1,0
3072,3,5,-2,-5,49.511271,643.0567,756.63498,1,0
3073,3,5,-2,-4,59.565699,614.0013,753.45358,1,0
3074,3,5,-2,-3,72.520384,586.92532,751.68954,1,1
3075,3,5,-1,-7,23.66654,673.7432,762.0375,1,0
3076,3,5,-1,-6,29.498092,636.84896,756.5397,1,0
3077,3,5,-1,-5,38.453742,598.71089,753.15977,1,0
3078,3,5,-1,-4,53.320906,555.74452,752.25018,1,0
3079,3,5,0,-8,5.6275992,700.47833,767.62032,1,0
3080,3,5,0,-7,7.970224,661.97758,760.34822,1,0
3081,3,5,0,-6,12.056351,622.70483,755.32731,1,0
3082,3,5,0,-5,19.523648,579.86429,752.73259,1,0
3083,3,5,0,-4,37.188705,521.18242,754.21434,1,0
3084,3,5,1,-7,-9.4577393,673.39523,762.282,1,19
3085,3,5,1,-6,-8.8248061,636.42587,756.79192,1,19
3086,3,5,1,-5,-6.8910376,598.15544,753.42939,1,19
3087,3,5,1,-4,-1.8994601,554.87131,752.56623,1,1
3088,3,-4,1,-1,9.2411257,454.5352,105.38601,1,0
3089,3,-3,1,0,18.10014,425.68969,184.08117,1,0
3090,3,3,1,0,14.90882,426.66345,577.86725,1,0
3091,3,4,1,-2,43.254165,423.09879,662.33359,1,0
3092,3,4,1,-1,-2.8668415,467.53357,655.61004,1,5
3093,3,5,0,-4,73.994531,431.21833,767.81075,1,1
3094,4,-1,1,3,-0.65104605,350.19622,259.9221,0,0
3095,4,-1,1,4,-4.1167411,375.79847,240.64339,0,1
3096,4,1,-1,-1,13.823908,351.77175,468.23954,0,0
3097,4,1,-1,0,-4.8438368,377.06455,452.6574,0,3
3098,4,-6,0,1,19.319796,9.0270407,120.42371,0,0
3099,4,-6,0,2,22.345027,18.457096,98.295471,0,0
3100,4,-6,0,3,25.317877,25.826245,74.536648,0,1
3101,4,-6,0,4,28.206805,31.099113,48.804675,0,19
3102,4,-6,0,5,30.975526,34.240148,20.680559,0,19
3103,4,-6,1,-1,2.8092725,5.5534354,112.19175,0,0
3104,4,-6,1,0,5.3015932,23.155136,91.518801,0,0
3105,4,-6,1,1,7.7781012,39.258965,69.413539,0,0
3106,4,-6,1,2,10.22409,53.938507,45.581933,0,0
3107,4,-6,1,3,12.619313,67.261624,19.673854,0,0
3108,4,-6,2,-1,-9.7712277,19.70916,56.216369,0,27
3109,4,-6,2,0,-8.3084303,42.592967,33.858588,0,19
3110,4,-6,2,1,-7.0057163,64.995296,9.5398252,0,19
3111,4,-5,-1,-2,22.212992,14.554742,272.43967,0,0
3112,4,-5,-1,-1,26.255434,25.862716,255.20398,0,19
3113,4,-5,-1,0,30.324694,34.879368,237.56288,0,19
3114,4,-5,-1,1,34.383394,41.547407,219.35121,0,19
3115,4,-5,0,-3,9.603714,21.375223,248.95097,0,0
3116,4,-5,0,-2,13.259768,37.846094,231.98546,0,0
3117,4,-5,0,-1,17.02055,52.332136,214.58711,0,0
3118,4,-5,0,0,20.876079,64.789632,196.59422,0,0
3119,4,-5,0,1,24.806678,75.139085,177.83707,0,1
3120,4,-5,0,2,28.780852,83.276098,158.13139,0,19
3121,4,-5,0,3,32.754066,89.085071,137.2699,0,19
3122,4,-5,1,-4,-3.8791086,11.435671,222.84424,0,1
3123,4,-5,1,-3,-0.99533559,32.86117,206.05297,0,0
3124,4,-5,1,-2,1.9657951,52.671685,188.77038,0,0
3125,4,-5,1,-1,5.0122728,70.931564,170.82511,0,0
3126,4,-5,1,0,8.1504113,87.658069,152.03744,0,0
3127,4,-5,1,1,11.383332,102.82401,132.21346,0,0
3128,4,-5,1,2,14.708731,116.36107,111.13834,0,0
3129,4,-5,1,3,18.115826,128.16585,88.567802,0,0
3130,4,-5,1,4,21.581631,138.11144,64.216497,0,0
3131,4,-5,1,5,25.067105,146.06699,37.741535,0,9
3132,4,-5,1,6,28.514326,151.92708,8.7184583,0,19
3133,4,-5,2,-3,-13.215356,35.159618,158.77706,0,19
3134,4,-5,2,-2,-11.334918,58.675536,140.81649,0,19
3135,4,-5,2,-1,-9.5179915,81.272244,121.88852,0,19
3136,4,-5,2,0,-7.7863858,103.17336,101.76494,0,19
3137,4,-5,2,1,-6.1729081,124.62388,80.181762,0,19
3138,4,-5,2,2,-4.7283532,145.92617,56.822866,0,3
3139,4,-5,2,3,-3.5351568,167.50579,31.294721,0,1
3140,4,-4,-2,-5,19.08133,10.072801,401.54839,0,0
3141,4,-4,-2,-4,23.832437,24.782852,384.34369,0,1
3142,4,-4,-2,-3,28.695057,37.105962,367.51554,0,19
3143,4,-4,-2,-2,33.634417,47.017363,350.89731,0,19
3144,4,-4,-1,-6,7.5368008,12.396708,379.0148,0,0
3145,4,-4,-1,-5,11.88722,31.717442,362.16752,0,0
3146,4,-4,-1,-4,16.431031,48.872127,345.68242,0,0
3147,4,-4,-1,-3,21.169128,63.859163,329.39111,0,0
3148,4,-4,-1,-2,26.090011,76.622183,313.14158,0,19
3149,4,-4,-1,-1,31.165268,87.061648,296.79269,0,19
3150,4,-4,0,-6,-0.96696207,22.138506,339.61243,0,0
3151,4,-4,0,-5,2.8429808,43.836952,323.34353,0,0
3152,4,-4,0,-4,6.8551336,63.659414,307.25201,0,0
3153,4,-4,0,-3,11.094545,81.631143,291.17838,0,0
3154,4,-4,0,-2,15.582689,97.708986,274.97554,0,0
3155,4,-4,0,-1,20.332548,111.78365,258.50449,0,0
3156,4,-4,0,0,25.341396,123.68497,241.63043,0,1
3157,4,-4,0,1,30.581683,133.19428,224.2188,0,19
3158,4,-4,1,-6,-10.748387,22.099301,299.49745,0,19
3159,4,-4,1,-5,-7.7471357,46.190518,283.53662,0,19
3160,4,-4,1,-4,-4.6177578,68.714363,267.56799,0,3
3161,4,-4,1,-3,-1.332123,89.778005,251.43113,0,0
3162,4,-4,1,-2,2.1431868,109.42649,234.9724,0,0
3163,4,-4,1,-1,5.8472355,127.63846,218.04087,0,0
3164,4,-4,1,0,9.8240117,144.31748,200.4852,0,0
3165,4,-4,1,1,14.119294,159.28058,182.15119,0,0
3166,4,-4,1,2,18.772885,172.24835,162.87949,0,0
3167,4,-4,1,3,23.803452,182.84638,142.50243,0,1
3168,4,-4,1,4,29.184789,190.63443,120.8374,0,19
3169,4,-4,1,5,34.819,195.17937,97.673035,0,19
3170,4,-4,2,-2,-13.441409,110.9082,191.57332,0,19
3171,4,-4,2,-1,-11.562732,133.40663,173.83202,0,19
3172,4,-4,2,0,-9.7557116,155.41773,155.15828,0,19
3173,4,-4,2,1,-8.0571679,177.1535,135.32709,0,19
3174,4,-4,2,2,-6.5319428,198.8857,114.07416,0,19
3175,4,-4,2,3,-5.3039717,221.03135,91.073534,0,19
3176,4,-4,2,4,-4.645529,244.38913,65.889554,0,1
3177,4,-4,2,5,-5.3434587,271.0737,37.820721,0,1
3178,4,-3,-3,-7,15.707683,11.221396,515.59934,0,0
3179,4,-3,-3,-6,21.095803,27.508013,495.55173,0,0
3180,4,-3,-3,-5,26.658879,41.25117,476.61688,0,19
3181,4,-3,-3,-4,32.361157,52.460574,458.54861,0,19
3182,4,-3,-2,-8,4.7963685,13.865727,491.07028,0,0
3183,4,-3,-2,-7,9.7521699,34.765287,471.55643,0,0
3184,4,-3,-2,-6,14.977874,53.314932,453.13266,0,0
3185,4,-3,-2,-5,20.483138,69.549759,435.55003,0,0
3186,4,-3,-2,-4,26.261485,83.435788,418.59959,0,19
3187,4,-3,-2,-3,32.283061,94.884365,402.10279,0,19
3188,4,-3,-1,-8,-2.3765384,25.320807,449.20463,0,0
3189,4,-3,-1,-7,2.0926883,48.34158,431.06208,0,0
3190,4,-3,-1,-6,6.8594132,69.302984,413.76384,0,0
3191,4,-3,-1,-5,11.965619,88.255544,397.09178,0,0
3192,4,-3,-1,-4,17.448721,105.16569,380.85994,0,0
3193,4,-3,-1,-3,23.333121,119.91902,364.90705,0,8
3194,4,-3,-1,-2,29.617387,132.32686,349.09112,0,19
3195,4,-3,0,-8,-10.746076,26.845408,409.46929,0,19
3196,4,-3,0,-7,-7.0088158,51.902326,392.28831,0,19
3197,4,-3,0,-6,-3.025758,75.177574,375.74842,0,1
3198,4,-3,0,-5,1.2590286,96.784669,359.64998,0,0
3199,4,-3,0,-4,5.9118978,116.75456,343.81914,0,0
3200,4,-3,0,-3,11.008826,135.02906,328.10167,0,0
3201,4,-3,0,-2,16.630493,151.44896,312.35885,0,0
3202,4,-3,0,-1,22.849134,165.74104,296.46504,0,0
3203,4,-3,0,0,29.701863,177.51405,280.30619,0,19
3204,4,-3,1,-5,-11.000294,94.662749,321.86351,0,19
3205,4,-3,1,-4,-7.6850728,117.34052,306.17852,0,19
3206,4,-3,1,-3,-4.1045464,138.84786,290.43708,0,1
3207,4,-3,1,-2,-0.17190742,159.18667,274.49143,0,0
3208,4,-3,1,-1,4.2325543,178.26118,258.20035,0,0
3209,4,-3,1,0,9.2724083,195.83647,241.42905,0,0
3210,4,-3,1,1,15.160852,211.47445,224.05222,0,0
3211,4,-3,1,2,22.139253,224.4568,205.96074,0,0
3212,4,-3,1,3,30.378761,233.75757,187.06862,0,19
3213,4,-2,-5,-6,28.987874,10.65719,634.24324,0,19
3214,4,-2,-4,-9,7.6371352,7.6634584,651.10739,0,0
3215,4,-2,-4,-8,13.571095,25.470529,624.13551,0,0
3216,4,-2,-4,-7,19.748321,40.509217,599.56622,0,0
3217,4,-2,-4,-6,26.140311,52.850367,576.92895,0,19
3218,4,-2,-4,-5,32.693666,62.513647,555.84907,0,19
3219,4,-2,-3,-10,-2.5025791,9.5572771,620.11784,0,0
3220,4,-2,-3,-9,2.8862837,32.326775,594.23045,0,0
3221,4,-2,-3,-8,8.6088214,52.467554,570.65639,0,0
3222,4,-2,-3,-7,14.691056,70.088347,548.93217,0,0
3223,4,-2,-3,-6,21.141872,85.207416,528.68842,0,0
3224,4,-2,-3,-5,27.942819,97.772119,509.62596,0,19
3225,4,-2,-2,-10,-8.2813584,21.865962,568.6638,0,19
3226,4,-2,-2,-9,-3.3953514,46.723104,545.6141,0,1
3227,4,-2,-2,-8,1.8540867,69.266529,524.41161,0,0
3228,4,-2,-2,-7,7.5295437,89.614984,504.67827,0,0
3229,4,-2,-2,-6,13.69192,107.78327,486.10791,0,0
3230,4,-2,-2,-5,20.389939,123.68851,468.44841,0,0
3231,4,-2,-2,-4,27.642533,137.15777,451.48928,0,19
3232,4,-2,-1,-9,-10.961834,51.073018,502.20124,0,19
3233,4,-2,-1,-8,-6.4642756,75.824202,482.67551,0,19
3234,4,-2,-1,-7,-1.5714842,98.723464,464.33887,0,0
3235,4,-2,-1,-6,3.812615,119.847,446.92602,0,0
3236,4,-2,-1,-5,9.8010342,139.16628,430.21482,0,0
3237,4,-2,-1,-4,16.517588,156.53543,414.01644,0,32
3238,4,-2,-1,-3,24.077351,171.67478,398.16889,0,9
3239,4,-2,-1,-2,32.543374,184.16233,382.53322,0,27
3240,4,-2,0,-7,-12.057321,97.125673,426.15977,0,19
3241,4,-2,0,-6,-7.9074859,120.68698,409.52219,0,19
3242,4,-2,0,-5,-3.3012916,142.91724,393.4104,0,9
3243,4,-2,0,-4,1.9158037,163.81511,377.6468,0,8
3244,4,-2,0,-3,7.955505,183.25652,362.0745,0,8
3245,4,-2,0,-2,15.098453,200.9422,346.55463,0,0
3246,4,-2,0,-1,23.679839,216.31924,330.96714,0,0
3247,4,-2,0,0,33.988375,228.50158,315.21528,0,19
3248,4,-2,1,-3,-11.093263,180.46727,325.6869,0,19
3249,4,-2,1,-2,-7.2480271,202.27875,310.02784,0,19
3250,4,-2,1,-1,-2.6653941,223.26612,294.10869,0,0
3251,4,-2,1,0,3.1602485,243.13166,277.79425,0,0
3252,4,-2,1,1,11.212045,261.07892,260.97255,0,0
3253,4,-2,1,2,23.299189,275.1673,243.59871,0,0
3254,4,-1,-6,-6,30.128414,24.430439,747.66557,0,19
3255,4,-1,-5,-9,6.7688358,44.647935,763.32964,0,0
3256,4,-1,-5,-8,13.891801,56.543351,729.81165,0,0
3257,4,-1,-5,-7,21.268301,65.75285,699.79602,0,0
3258,4,-1,-5,-6,28.822316,72.293028,672.59915,0,19
3259,4,-1,-4,-11,-9.7231902,32.932418,756.73664,0,19
3260,4,-1,-4,-10,-3.6245134,53.908236,721.42843,0,1
3261,4,-1,-4,-9,2.8992337,72.140115,690.15884,0,0
3262,4,-1,-4,-8,9.8854799,87.705838,662.09429,0,0
3263,4,-1,-4,-7,17.343543,100.59568,636.59636,0,0
3264,4,-1,-4,-6,25.238744,110.74123,613.16759,0,1
3265,4,-1,-4,-5,33.477623,118.04718,591.41514,0,19
3266,4,-1,-3,-10,-8.794573,68.315803,657.94398,0,19
3267,4,-1,-3,-9,-2.8303578,89.850273,631.08223,0,1
3268,4,-1,-3,-8,3.7013974,109.01234,606.69276,0,0
3269,4,-1,-3,-7,10.888479,125.76912,584.28405,0,0
3270,4,-1,-3,-6,18.794388,139.98102,563.46408,0,32
3271,4,-1,-3,-5,27.425908,151.42152,543.91616,0,19
3272,4,-1,-2,-9,-10.173088,97.508693,580.98689,0,19
3273,4,-1,-2,-8,-4.5042779,119.89182,559.13867,0,3
3274,4,-1,-2,-7,1.861909,140.33908,538.88063,0,32
3275,4,-1,-2,-6,9.1019352,158.74954,519.8876,0,0
3276,4,-1,-2,-5,17.402197,174.87195,501.89045,0,0
3277,4,-1,-2,-4,26.909459,188.29137,484.6641,0,19
3278,4,-1,-1,-7,-9.1594912,143.26037,497.85474,0,19
3279,4,-1,-1,-6,-3.4249949,165.23472,480.11219,0,1
3280,4,-1,-1,-5,3.3241361,185.70999,463.16226,0,0
3281,4,-1,-1,-4,11.481602,204.42241,446.80275,0,0
3282,4,-1,-1,-3,21.551915,220.83037,430.85878,0,0
3283,4,-1,-1,-2,34.024202,234.00084,415.18132,0,19
3284,4,-1,0,-5,-13.027893,181.99599,426.27006,0,19
3285,4,-1,0,-4,-7.988362,204.4771,410.40954,0,19
3286,4,-1,0,-3,-1.683769,226.04287,394.81675,0,8
3287,4,-1,0,-2,6.7853179,246.37314,379.34014,0,8
3288,4,-1,0,-1,19.146983,264.56792,363.8481,0,0
3289,4,0,-5,-7,16.038812,134.74301,746.74473,0,8
3290,4,0,-5,-6,25.893105,135.84017,717.36381,0,3
3291,4,0,-4,-9,-7.2370516,140.5465,736.41612,0,27
3292,4,0,-4,-8,1.0821793,153.43856,706.34682,0,8
3293,4,0,-4,-7,10.390982,163.5074,679.11815,0,0
3294,4,0,-4,-6,20.678847,170.4616,654.17017,0,0
3295,4,0,-4,-5,31.758416,174.05526,631.07108,0,19
3296,4,0,-3,-8,-7.011212,166.26112,647.20983,0,19
3297,4,0,-3,-7,1.3435137,182.489,623.61732,0,0
3298,4,0,-3,-6,11.214029,195.89102,601.76185,0,0
3299,4,0,-3,-5,22.801737,205.86733,581.28138,0,0
3300,4,0,-2,-7,-10.517778,188.96174,575.79911,0,19
3301,4,0,-2,-6,-2.6290723,208.43801,556.093,0,0
3302,4,0,-2,-5,7.4167676,225.60667,537.49194,0,0
3303,4,0,-2,-4,20.504447,239.50139,519.72685,0,0
3304,4,0,-1,-5,-12.608029,227.46366,497.32813,0,19
3305,4,0,-1,-4,-4.4316911,248.77633,480.64627,0,1
3306,4,0,-1,-3,8.0523226,268.23018,464.45619,0,0
3307,4,0,-1,-2,29.338851,283.61934,448.55523,0,19
3308,4,1,-5,-5,30.834944,201.42189,742.53106,0,19
3309,4,1,-4,-7,-10.733708,247.89457,731.93252,0,19
3310,4,1,-4,-6,4.693281,246.56328,703.88405,0,0
3311,4,1,-4,-5,22.632342,240.25616,677.93441,0,0
3312,4,1,-3,-6,-13.922861,265.41896,646.74464,0,19
3313,4,1,-3,-5,2.7671831,272.54013,624.59567,0,0
3314,4,1,-3,-4,26.48163,271.02155,603.37553,0,19
3315,4,1,-2,-3,17.957734,306.77701,540.75382,0,0
3316,4,-3,1,10,-12.083101,496.10051,21.346223,1,19
3317,4,-2,-2,15,-13.863297,766.71149,107.90911,1,19
3318,4,-2,-1,14,-11.777155,694.19766,88.888712,1,19
3319,4,-2,-1,15,-8.0103011,724.12049,57.775579,1,19
3320,4,-2,-1,16,-4.3380849,756.85688,21.894407,1,1
3321,4,-2,0,12,-10.722708,599.87829,90.192961,1,19
3322,4,-2,0,13,-6.8168595,625.7312,63.179281,1,19
3323,4,-2,0,14,-3.0902538,653.08362,32.697979,1,1
3324,4,-2,1,8,-11.794693,459.19066,123.3155,1,19
3325,4,-2,1,9,-7.3991755,482.70725,102.71712,1,19
3326,4,-2,1,10,-3.5529943,506.65939,80.411785,1,1
3327,4,-2,1,11,-0.039692516,531.07795,55.928232,1,0
3328,4,-2,1,12,3.2709617,556.08479,28.684919,1,0
3329,4,-2,2,9,24.793586,422.26234,32.870465,1,1
3330,4,-2,2,10,23.875186,449.45262,8.1652264,1,1
3331,4,-1,-2,14,-12.151158,734.18041,181.29617,1,19
3332,4,-1,-2,15,-8.8844061,765.39247,155.93029,1,19
3333,4,-1,-1,12,-12.862372,642.5804,183.97729,1,19
3334,4,-1,-1,13,-9.4958466,669.4837,161.89644,1,19
3335,4,-1,-1,14,-6.2386322,698.01662,137.52055,1,19
3336,4,-1,-1,15,-3.0563099,728.6033,110.21291,1,1
3337,4,-1,-1,16,0.080334413,761.80942,79.123165,1,0
3338,4,-1,0,9,-13.711804,534.12339,198.79062,1,19
3339,4,-1,0,10,-10.216887,558.64482,180.12192,1,19
3340,4,-1,0,11,-6.9487727,583.75695,160.09941,1,19
3341,4,-1,0,12,-3.8346528,609.66514,138.35948,1,1
3342,4,-1,0,13,-0.82253125,636.62749,114.44883,1,0
3343,4,-1,0,14,2.126789,664.96949,87.786935,1,0
3344,4,-1,0,15,5.0446097,695.10898,57.610021,1,0
3345,4,-1,0,16,7.9575499,727.59624,22.884143,1,0
3346,4,-1,1,6,-2.5813549,426.26837,204.52031,1,0
3347,4,-1,1,7,-0.99291379,451.7662,187.74403,1,0
3348,4,-1,1,8,0.79413326,476.95432,170.14162,1,0
3349,4,-1,1,9,2.709658,502.03569,151.46403,1,0
3350,4,-1,1,10,4.7213417,527.21234,131.41788,1,0
3351,4,-1,1,11,6.8139512,552.69744,109.6484,1,0
3352,4,-1,1,12,8.9812166,578.72685,85.715341,1,0
3353,4,-1,1,13,11.222289,605.57296,59.058239,1,0
3354,4,-1,1,14,13.540145,633.56348,28.944862,1,0
3355,4,-1,2,7,32.834485,423.41681,136.42013,1,19
3356,4,-1,2,8,28.827131,448.25585,117.31102,1,19
3357,4,-1,2,9,26.771616,473.03823,96.785929,1,19
3358,4,-1,2,10,25.919147,497.86286,74.463264,1,3
3359,4,-1,2,11,25.867725,522.88417,49.880895,1,3
3360,4,-1,2,12,26.386769,548.29498,22.456277,1,19
3361,4,0,-3,13,-13.091085,747.49214,280.1671,1,19
3362,4,0,-3,14,-10.251279,777.68772,260.07806,1,19
3363,4,0,-2,12,-11.753991,683.82765,261.71553,1,19
3364,4,0,-2,13,-8.915495,711.52571,242.36724,1,19
3365,4,0,-2,14,-6.1216667,741.02608,221.36833,1,19
3366,4,0,-2,15,-3.3542417,772.78494,198.24498,1,1
3367,4,0,-1,9,-13.752487,576.94342,276.35202,1,19
3368,4,0,-1,10,-10.912843,601.57983,259.50548,1,19
3369,4,0,-1,11,-8.1697026,626.93548,241.77146,1,19
3370,4,0,-1,12,-5.4918233,653.24141,222.87692,1,19
3371,4,0,-1,13,-2.8550527,680.77741,202.48994,1,1
3372,4,0,-1,14,-0.23979124,709.8893,180.19612,1,0
3373,4,0,-1,15,2.3706962,741.01476,155.46409,1,0
3374,4,0,-1,16,4.9914827,774.72238,127.59376,1,0
3375,4,0,0,4,-13.408742,427.21161,316.68007,1,19
3376,4,0,0,5,-11.39412,452.28911,301.28281,1,19
3377,4,0,0,6,-9.3669241,476.99112,285.81643,1,19
3378,4,0,0,7,-7.3243225,501.49253,270.10959,1,19
3379,4,0,0,8,-5.2632964,525.96737,253.98175,1,19
3380,4,0,0,9,-3.1805902,550.59471,237.23586,1,1
3381,4,0,0,10,-1.0726564,575.56529,219.64965,1,0
3382,4,0,0,11,1.0644133,601.08931,200.96453,1,0
3383,4,0,0,12,3.2349718,627.40636,180.87083,1,0
3384,4,0,0,13,5.4439229,654.79852,158.98757,1,0
3385,4,0,0,14,7.6968571,683.60864,134.83352,1,0
3386,4,0,0,15,10.000228,714.26669,107.78464,1,0
3387,4,0,0,16,12.361589,747.3293,77.009226,1,0
3388,4,0,0,17,14.789909,783.54147,41.365526,1,0
3389,4,0,1,5,14.726975,434.8307,261.53681,1,0
3390,4,0,1,6,12.35697,458.42792,245.65782,1,0
3391,4,0,1,7,11.344963,482.26137,229.39363,1,0
3392,4,0,1,8,11.17629,506.28568,212.53615,1,0
3393,4,0,1,9,11.569061,530.56464,194.85901,1,0
3394,4,0,1,10,12.358805,555.22291,176.10473,1,0
3395,4,0,1,11,13.444778,580.42965,155.97,1,0
3396,4,0,1,12,14.763165,606.39682,134.08638,1,0
3397,4,0,1,13,16.272868,633.38647,109.99382,1,0
3398,4,0,1,14,17.947596,661.72608,83.102298,1,0
3399,4,0,1,15,19.771329,691.83388,52.634445,1,0
3400,4,0,1,16,21.735707,724.25924,17.536333,1,0
3401,4,0,2,7,34.898146,474.94203,185.78624,1,19
3402,4,0,2,8,31.980752,496.26372,167.49497,1,19
3403,4,0,2,9,30.201575,518.53149,148.17331,1,19
3404,4,0,2,10,29.26099,541.61925,127.49011,1,19
3405,4,0,2,11,28.954024,565.53476,105.05772,1,19
3406,4,0,2,12,29.140238,590.38264,80.403086,1,19
3407,4,0,2,13,29.722949,616.35107,52.928601,1,19
3408,4,0,2,14,30.635657,643.71534,21.855135,1,19
3409,4,1,-4,11,-13.878068,739.94728,386.75731,1,19
3410,4,1,-4,12,-11.50791,767.80783,370.32577,1,19
3411,4,1,-3,10,-13.318361,676.50965,366.02083,1,19
3412,4,1,-3,11,-10.965696,702.3318,349.91543,1,19
3413,4,1,-3,12,-8.6195628,729.51553,333.14795,1,19
3414,4,1,-3,13,-6.2716748,758.38349,315.46434,1,19
3415,4,1,-3,14,-3.9142774,789.34037,296.55437,1,1
3416,4,1,-2,8,-12.977907,596.29952,361.5893,1,19
3417,4,1,-2,9,-10.784849,620.40872,346.067,1,19
3418,4,1,-2,10,-8.5943682,645.20001,330.17302,1,19
3419,4,1,-2,11,-6.3991995,670.88743,313.70998,1,19
3420,4,1,-2,12,-4.1928363,697.72316,296.45007,1,1
3421,4,1,-2,13,-1.9691492,726.01135,278.12216,1,0
3422,4,1,-2,14,0.27790233,756.12758,258.39395,1,0
3423,4,1,-2,15,2.5545118,788.54694,236.84631,1,0
3424,4,1,-1,2,-11.144458,426.46362,419.77394,1,19
3425,4,1,-1,3,-11.194271,451.13343,403.41977,1,19
3426,4,1,-1,4,-10.554632,475.31864,387.57377,1,19
3427,4,1,-1,5,-9.5180339,499.19624,372.06521,1,19
3428,4,1,-1,6,-8.2291724,522.93106,356.73191,1,19
3429,4,1,-1,7,-6.7670991,546.68442,341.41435,1,19
3430,4,1,-1,8,-5.1780083,570.62054,325.94993,1,19
3431,4,1,-1,9,-3.4900987,594.91271,310.16699,1,1
3432,4,1,-1,10,-1.7209716,619.74986,293.87786,1,0
3433,4,1,-1,11,0.11841734,645.34451,276.87048,1,0
3434,4,1,-1,12,2.0215331,671.94286,258.89756,1,0
3435,4,1,-1,13,3.9849658,699.8382,239.66209,1,0
3436,4,1,-1,14,6.0076671,729.3895,218.79712,1,0
3437,4,1,-1,15,8.0905141,761.04814,195.83665,1,0
3438,4,1,0,3,10.618923,436.33679,366.87366,1,0
3439,4,1,0,4,7.4707301,458.99638,351.29301,1,0
3440,4,1,0,5,5.8818971,481.96131,335.89561,1,0
3441,4,1,0,6,5.2620035,505.11159,320.53223,1,0
3442,4,1,0,7,5.282438,528.45665,305.04586,1,0
3443,4,1,0,8,5.7492512,552.07343,289.26979,1,0
3444,4,1,0,9,6.5422038,576.08154,273.02281,1,0
3445,4,1,0,10,7.5838049,600.63452,256.10228,1,0
3446,4,1,0,11,8.8226738,625.91974,238.27492,1,0
3447,4,1,0,12,10.224146,652.1639,219.26443,1,0
3448,4,1,0,13,11.764748,679.64375,198.73443,1,0
3449,4,1,0,14,13.428848,708.70305,176.26438,1,0
3450,4,1,0,15,15.206585,739.77816,151.31439,1,0
3451,4,1,0,16,17.092604,773.43722,123.17228,1,0
3452,4,1,1,4,30.211391,459.05809,314.45809,1,19
3453,4,1,1,5,25.628866,478.21943,298.88794,1,3
3454,4,1,1,6,22.627061,498.67299,283.20651,1,0
3455,4,1,1,7,20.760055,520.05025,267.25361,1,0
3456,4,1,1,8,19.719487,542.18309,250.85102,1,0
3457,4,1,1,9,19.294632,565.03115,233.79906,1,0
3458,4,1,1,10,19.340611,588.64159,215.86937,1,0
3459,4,1,1,11,19.756653,613.12935,196.79408,1,0
3460,4,1,1,12,20.471877,638.67085,176.25066,1,0
3461,4,1,1,13,21.436086,665.50765,153.84055,1,0
3462,4,1,1,14,22.613799,693.95934,129.0582,1,0
3463,4,1,1,15,23.980357,724.44767,101.24534,1,1
3464,4,1,1,16,25.519408,757.53629,69.520641,1,3
3465,4,1,2,9,34.130165,562.76932,191.61093,1,19
3466,4,1,2,10,33.12149,584.56125,172.07737,1,19
3467,4,1,2,11,32.633854,607.55598,151.08794,1,19
3468,4,1,2,12,32.576767,631.85225,128.24433,1,19
3469,4,1,2,13,32.881874,657.63654,103.04623,1,19
3470,4,1,2,14,33.498201,685.1925,74.848311,1,19
3471,4,1,2,15,34.388509,714.92425,42.794722,1,19
3472,4,2,-6,8,-13.591331,765.08922,556.96425,1,19
3473,4,2,-6,9,-11.957722,791.70683,541.05224,1,19
3474,4,2,-5,8,-13.009514,717.05745,509.36924,1,19
3475,4,2,-5,9,-11.322906,742.47997,493.77701,1,19
3476,4,2,-5,10,-9.5720547,769.22789,478.31971,1,19
3477,4,2,-4,7,-12.676299,653.01304,483.47254,1,19
3478,4,2,-4,8,-11.089833,676.98759,467.90407,1,19
3479,4,2,-4,9,-9.4262572,701.79688,452.50042,1,19
3480,4,2,-4,10,-7.6951549,727.67638,437.09474,1,19
3481,4,2,-4,11,-5.9030538,754.89815,421.50887,1,19
3482,4,2,-4,12,-4.054157,783.78653,405.54468,1,1
3483,4,2,-3,-1,-8.1189843,425.22544,591.74752,1,19
3484,4,2,-3,0,-11.388407,453.35773,568.87674,1,19
3485,4,2,-3,1,-12.78548,479.06245,548.03656,1,19
3486,4,2,-3,2,-13.173255,503.43654,528.71803,1,19
3487,4,2,-3,3,-12.945538,527.04698,510.58504,1,19
3488,4,2,-3,4,-12.31103,550.25161,493.38234,1,19
3489,4,2,-3,5,-11.391333,573.3124,476.89936,1,19
3490,4,2,-3,6,-10.262068,596.44512,460.95202,1,19
3491,4,2,-3,7,-8.9724894,619.84545,445.3715,1,19
3492,4,2,-3,8,-7.5557445,643.70499,429.99612,1,19
3493,4,2,-3,9,-6.0346218,668.22324,414.66442,1,19
3494,4,2,-3,10,-4.4249487,693.61832,399.20847,1,1
3495,4,2,-3,11,-2.7376842,720.13834,383.44654,1,0
3496,4,2,-3,12,-0.98024633,748.07487,367.17427,1,0
3497,4,2,-3,13,0.84262944,777.78052,350.15339,1,0
3498,4,2,-2,0,4.1817444,425.94811,528.19089,1,0
3499,4,2,-2,1,-0.61488194,451.70667,508.56488,1,0
3500,4,2,-2,2,-3.1040847,476.238,490.21175,1,1
3501,4,2,-2,3,-4.291292,500.04231,472.84709,1,1
3502,4,2,-2,4,-4.6685458,523.42978,456.24762,1,3
3503,4,2,-2,5,-4.5054815,546.63035,440.22292,1,3
3504,4,2,-2,6,-3.9619923,569.83757,424.60144,1,1
3505,4,2,-2,7,-3.1385282,593.23026,409.22161,1,1
3506,4,2,-2,8,-2.10097,616.98569,393.92499,1,0
3507,4,2,-2,9,-0.89391836,641.28943,378.54996,1,0
3508,4,2,-2,10,0.45176142,666.34441,362.92529,1,0
3509,4,2,-2,11,1.9144464,692.38076,346.86269,1,0
3510,4,2,-2,12,3.4789766,719.66767,330.14771,1,0
3511,4,2,-2,13,5.134887,748.5289,312.52776,1,0
3512,4,2,-2,14,6.875264,779.36402,293.69581,1,0
3513,4,2,-1,1,18.156308,439.27991,470.04259,1,0
3514,4,2,-1,2,12.322676,461.25657,452.76889,1,0
3515,4,2,-1,3,8.7744788,483.48015,436.18299,1,0
3516,4,2,-1,4,6.6775807,505.83243,420.14259,1,0
3517,4,2,-1,5,5.5479145,528.31186,404.50039,1,0
3518,4,2,-1,6,5.0919411,550.97727,389.10857,1,0
3519,4,2,-1,7,5.1239295,573.92394,373.81803,1,0
3520,4,2,-1,8,5.5219257,597.27397,358.47537,1,0
3521,4,2,-1,9,6.2033505,621.17396,342.91852,1,0
3522,4,2,-1,10,7.1109076,645.79708,326.97096,1,0
3523,4,2,-1,11,8.2041306,671.34846,310.43434,1,0
3524,4,2,-1,12,9.454143,698.0741,293.07889,1,0
3525,4,2,-1,13,10.840319,726.27402,274.63031,1,0
3526,4,2,-1,14,12.348113,756.3213,254.75165,1,0
3527,4,2,-1,15,13.967637,788.69009,233.01716,1,0
3528,4,2,0,2,31.252395,462.64136,415.83494,1,19
3529,4,2,0,3,25.38035,480.67934,399.95597,1,1
3530,4,2,0,4,21.324143,500.04881,384.37241,1,0
3531,4,2,0,5,18.595722,520.35219,368.98683,1,0
3532,4,2,0,6,16.84264,541.38424,353.67983,1,0
3533,4,2,0,7,15.817195,563.06428,338.31675,1,0
3534,4,2,0,8,15.34562,585.39536,322.74895,1,0
3535,4,2,0,9,15.304989,608.44154,306.81162,1,0
3536,4,2,0,10,15.607322,632.31706,290.31892,1,0
3537,4,2,0,11,16.188938,657.18353,273.05651,1,0
3538,4,2,0,12,17.003353,683.2535,254.77096,1,0
3539,4,2,0,13,18.016517,710.80003,235.15485,1,0
3540,4,2,0,14,19.203594,740.1735,213.82547,1,0
3541,4,2,0,15,20.546785,771.8281,190.29375,1,0
3542,4,2,1,5,33.475242,523.95037,333.26269,1,19
3543,4,2,1,6,30.525157,542.17891,317.7837,1,19
3544,4,2,1,7,28.431568,561.62667,302.08353,1,19
3545,4,2,1,8,27.026777,582.16053,286.01142,1,19
3546,4,2,1,9,26.178285,603.73879,269.3926,1,19
3547,4,2,1,10,25.783486,626.39535,252.02335,1,3
3548,4,2,1,11,25.763655,650.23152,233.66263,1,3
3549,4,2,1,12,26.058677,675.41511,214.01954,1,19
3550,4,2,1,13,26.622835,702.18686,192.735,1,19
3551,4,2,1,14,27.421633,730.87553,169.35518,1,19
3552,4,2,1,15,28.429439,761.92404,143.29183,1,19
3553,4,3,-7,4,-6.4366264,727.66923,750.98742,1,19
3554,4,3,-7,5,-6.1964513,754.79802,727.62367,1,19
3555,4,3,-7,6,-5.7021564,782.24696,706.37179,1,19
3556,4,3,-6,1,-5.1660393,596.96714,753.69025,1,19
3557,4,3,-6,2,-6.2282037,625.02342,725.54363,1,19
3558,4,3,-6,3,-6.7076084,651.47538,700.45513,1,19
3559,4,3,-6,4,-6.7594951,677.13334,677.744,1,19
3560,4,3,-6,5,-6.4841652,702.56315,656.92517,1,19
3561,4,3,-6,6,-5.9500196,728.20412,637.63133,1,19
3562,4,3,-6,7,-5.2055242,754.43316,619.57008,1,19
3563,4,3,-6,8,-4.2859669,781.60507,602.49779,1,1
3564,4,3,-5,-1,2.9494018,494.55688,748.08067,1,0
3565,4,3,-5,0,-1.0455186,528.71896,715.78679,1,0
3566,4,3,-5,1,-3.3929402,558.17926,687.90667,1,1
3567,4,3,-5,2,-4.7326663,585.08379,663.13389,1,3
3568,4,3,-5,3,-5.3929062,610.55895,640.70266,1,19
3569,4,3,-5,4,-5.5653996,635.29818,620.09943,1,19
3570,4,3,-5,5,-5.3717333,659.78353,600.94836,1,19
3571,4,3,-5,6,-4.8934593,684.38776,582.95598,1,3
3572,4,3,-5,7,-4.1875134,709.42896,565.88048,1,1
3573,4,3,-5,8,-3.2948118,735.20428,549.51265,1,1
3574,4,3,-5,9,-2.2453617,762.01409,533.66249,1,0
3575,4,3,-5,10,-1.0614527,790.18272,518.14886,1,0
3576,4,3,-4,-2,20.332031,421.87519,721.39195,1,0
3577,4,3,-4,-1,9.9634732,464.26456,687.20769,1,0
3578,4,3,-4,0,4.3619578,497.03487,658.83411,1,0
3579,4,3,-4,1,1.0371781,525.51333,633.93852,1,0
3580,4,3,-4,2,-0.94962906,551.68533,611.50199,1,0
3581,4,3,-4,3,-2.0621463,576.5587,590.92646,1,0
3582,4,3,-4,4,-2.5635245,600.74354,571.80381,1,0
3583,4,3,-4,5,-2.6166341,624.66067,553.82777,1,0
3584,4,3,-4,6,-2.3284545,648.63449,536.75216,1,0
3585,4,3,-4,7,-1.772331,672.94139,520.36763,1,0
3586,4,3,-4,8,-1.000161,697.83893,504.4869,1,0
3587,4,3,-4,9,-0.049518388,723.58628,488.93413,1,0
3588,4,3,-4,10,1.0519639,750.46138,473.53607,1,0
3589,4,3,-4,11,2.2837904,778.77791,458.11371,1,0
3590,4,3,-3,-1,21.818872,443.54623,634.52715,1,0
3591,4,3,-3,0,13.695459,473.75034,609.40667,1,0
3592,4,3,-3,1,8.7354125,500.64818,586.9067,1,0
3593,4,3,-3,2,5.6207492,525.75955,566.3117,1,0
3594,4,3,-3,3,3.6941385,549.86014,547.18008,1,0
3595,4,3,-3,4,2.58382,573.4259,529.19555,1,0
3596,4,3,-3,5,2.0618131,596.79197,512.10977,1,0
3597,4,3,-3,6,1.9800702,620.22316,495.71452,1,0
3598,4,3,-3,7,2.2382727,643.95067,479.82559,1,0
3599,4,3,-3,8,2.7662084,668.1944,464.27203,1,0
3600,4,3,-3,9,3.5135156,693.17878,448.88778,1,0
3601,4,3,-3,10,4.4434179,719.14638,433.50415,1,0
3602,4,3,-3,11,5.5287459,746.37162,417.94217,1,0
3603,4,3,-3,12,6.7493328,775.17672,402.00376,1,0
3604,4,3,-2,0,26.758033,463.08324,564.1374,1,19
3605,4,3,-2,1,19.845396,486.50071,543.86401,1,0
3606,4,3,-2,2,15.220952,509.33439,524.91227,1,0
3607,4,3,-2,3,12.132239,531.84598,507.02653,1,0
3608,4,3,-2,4,10.11689,554.23567,489.99287,1,0
3609,4,3,-2,5,8.878749,576.67494,473.62404,1,0
3610,4,3,-2,6,8.221047,599.32385,457.74987,1,0
3611,4,3,-2,7,8.0088903,622.3419,442.2101,1,0
3612,4,3,-2,8,8.1473396,645.89632,426.84825,1,0
3613,4,3,-2,9,8.5681183,670.16982,411.50587,1,0
3614,4,3,-2,10,9.2212823,695.36877,396.0164,1,0
3615,4,3,-2,11,10.069845,721.73306,380.19814,1,0
3616,4,3,-2,12,11.086222,749.54876,363.84553,1,0
3617,4,3,-2,13,12.249834,779.16517,346.71781,1,0
3618,4,3,-1,1,33.295917,485.68063,503.24779,1,19
3619,4,3,-1,2,27.317677,504.56653,485.78577,1,19
3620,4,3,-1,3,23.000632,524.2168,469.00021,1,0
3621,4,3,-1,4,19.932485,544.46891,452.77368,1,0
3622,4,3,-1,5,17.809317,565.25887,436.979,1,0
3623,4,3,-1,6,16.410658,586.58909,421.48364,1,0
3624,4,3,-1,7,15.57653,608.5101,406.15042,1,0
3625,4,3,-1,8,15.189994,631.11114,390.83589,1,0
3626,4,3,-1,9,15.164724,654.51675,375.3871,1,0
3627,4,3,-1,10,15.436368,678.88776,359.6367,1,0
3628,4,3,-1,11,15.956551,704.42615,343.39648,1,0
3629,4,3,-1,12,16.68871,731.38406,326.44843,1,0
3630,4,3,-1,13,17.605185,760.07786,308.53254,1,0
3631,4,3,-1,14,18.685161,790.9092,289.32968,1,0
3632,4,3,0,4,31.393755,545.0247,416.69374,1,19
3633,4,3,0,5,28.429635,563.35087,401.28686,1,19
3634,4,3,0,6,26.265704,582.69208,385.98906,1,19
3635,4,3,0,7,24.751454,602.98117,370.68004,1,1
3636,4,3,0,8,23.767218,624.21658,355.22464,1,1
3637,4,3,0,9,23.219143,646.45282,339.47078,1,0
3638,4,3,0,10,23.034053,669.79624,323.2453,1,0
3639,4,3,0,11,23.15502,694.40581,306.34726,1,0
3640,4,3,0,12,23.53782,720.49893,288.53831,1,0
3641,4,3,0,13,24.148198,748.36311,269.52878,1,1
3642,4,3,0,14,24.959805,778.37538,248.95783,1,1
3643,4,3,1,8,33.544771,625.50622,319.17382,1,19
3644,4,3,1,9,32.479217,646.2368,302.83763,1,19
3645,4,3,1,10,31.823854,668.29959,285.83525,1,19
3646,4,3,1,11,31.521458,691.81305,267.94309,1,19
3647,4,3,1,12,31.525488,716.96315,248.88997,1,19
3648,4,3,1,13,31.798536,744.01469,228.3402,1,19
3649,4,3,1,14,32.310935,773.33077,205.86883,1,19
3650,4,4,-6,3,7.1639205,665.45006,763.97063,1,0
3651,4,4,-6,4,5.9678143,694.44039,737.97614,1,0
3652,4,4,-6,5,5.2818798,722.6383,714.67302,1,0
3653,4,4,-6,6,4.9925003,750.7185,693.5085,1,0
3654,4,4,-6,7,5.0209864,779.21921,674.07254,1,0
3655,4,4,-5,1,14.19339,571.25042,746.85764,1,0
3656,4,4,-5,2,11.048712,601.76052,718.30601,1,0
3657,4,4,-5,3,8.9384576,629.88443,693.04561,1,0
3658,4,4,-5,4,7.5640588,656.71739,670.27815,1,0
3659,4,4,-5,5,6.7396663,682.97108,649.46177,1,0
3660,4,4,-5,6,6.3416457,709.16517,630.1992,1,0
3661,4,4,-5,7,6.2838377,735.72164,612.18115,1,0
3662,4,4,-5,8,6.5041402,763.0189,595.15408,1,0
3663,4,4,-5,9,6.956673,791.42799,578.89965,1,0
3664,4,4,-4,-1,32.27284,481.63254,743.57035,1,19
3665,4,4,-4,0,24.119577,517.87803,710.91954,1,1
3666,4,4,-4,1,18.736413,548.51237,682.95661,1,0
3667,4,4,-4,2,15.051354,576.17482,658.19749,1,0
3668,4,4,-4,3,12.513947,602.17248,635.81673,1,0
3669,4,4,-4,4,10.800429,627.28097,615.27626,1,0
3670,4,4,-4,5,9.7040861,652.02473,596.18889,1,0
3671,4,4,-4,6,9.0853935,676.79982,578.25554,1,0
3672,4,4,-4,7,8.8463281,701.93731,561.23149,1,0
3673,4,4,-4,8,8.9159318,727.74087,544.90592,1,0
3674,4,4,-4,9,9.2416701,754.51287,529.08798,1,0
3675,4,4,-4,10,9.7840014,782.57586,513.59604,1,0
3676,4,4,-3,0,31.618269,507.87425,653.1764,1,19
3677,4,4,-3,1,25.464069,534.07696,629.083,1,1
3678,4,4,-3,2,21.086168,558.71274,607.16882,1,0
3679,4,4,-3,3,17.963428,582.48079,586.95141,1,0
3680,4,4,-3,4,15.763495,605.83722,568.08045,1,0
3681,4,4,-3,5,14.263471,629.11625,550.28197,1,0
3682,4,4,-3,6,13.308193,652.58951,533.32915,1,0
3683,4,4,-3,7,12.786476,676.4994,517.02467,1,0
3684,4,4,-3,8,12.616797,701.08071,501.18886,1,0
3685,4,4,-3,9,12.738285,726.57713,485.65053,1,0
3686,4,4,-3,10,13.10485,753.25597,470.23898,1,0
3687,4,4,-3,11,13.681247,781.42394,454.77604,1,0
3688,4,4,-2,1,33.964827,529.35736,581.49691,1,19
3689,4,4,-2,2,28.932322,550.38592,561.84966,1,19
3690,4,4,-2,3,25.177868,571.45916,543.35341,1,1
3691,4,4,-2,4,22.409028,592.71625,525.79811,1,0
3692,4,4,-2,5,20.410743,614.29084,508.99763,1,0
3693,4,4,-2,6,19.023799,636.31955,492.78209,1,0
3694,4,4,-2,7,18.129185,658.94869,476.99158,1,0
3695,4,4,-2,8,17.637022,682.34067,461.47048,1,0
3696,4,4,-2,9,17.478759,706.68098,446.06198,1,0
3697,4,4,-2,10,17.601667,732.18669,430.60214,1,0
3698,4,4,-2,11,17.964926,759.11723,414.91305,1,0
3699,4,4,-2,12,18.536819,787.789,398.79422,1,0
3700,4,4,-1,3,33.774451,569.63749,503.18385,1,19
3701,4,4,-1,4,30.476427,588.33853,486.65535,1,19
3702,4,4,-1,5,27.969802,607.82926,470.61025,1,19
3703,4,4,-1,6,26.114012,628.11914,454.92038,1,19
3704,4,4,-1,7,24.795904,649.25861,439.45353,1,1
3705,4,4,-1,8,23.925288,671.3361,424.07138,1,1
3706,4,4,-1,9,23.430564,694.4783,408.62613,1,0
3707,4,4,-1,10,23.254956,718.8536,392.95586,1,0
3708,4,4,-1,11,23.353456,744.67909,376.87815,1,0
3709,4,4,-1,12,23.690413,772.23196,360.18137,1,0
3710,4,4,0,6,34.302817,628.10466,418.5856,1,19
3711,4,4,0,7,32.576498,647.50471,403.22913,1,19
3712,4,4,0,8,31.321614,668.07883,387.77919,1,19
3713,4,4,0,9,30.471805,689.9017,372.09002,1,19
3714,4,4,0,10,29.971818,713.09837,355.99514,1,19
3715,4,4,0,11,29.776146,737.8495,339.30069,1,19
3716,4,4,0,12,29.84762,764.40125,321.77581,1,19
3717,4,4,0,13,30.156148,793.0812,303.13883,1,19
3718,4,5,-6,6,15.939887,784.53079,763.24744,1,0
3719,4,5,-5,3,22.360603,659.10356,756.58445,1,0
3720,4,5,-5,4,20.041999,688.0769,730.88338,1,0
3721,4,5,-5,5,18.391774,716.21635,707.81329,1,0
3722,4,5,-5,6,17.264263,744.19737,686.83061,1,8
3723,4,5,-5,7,16.557057,772.55545,667.53188,1,8
3724,4,5,-4,1,33.480134,581.58029,740.80313,1,19
3725,4,5,-4,2,28.898003,610.29039,713.09649,1,19
3726,4,5,-4,3,25.497341,637.16293,688.39997,1,1
3727,4,5,-4,4,22.978714,663.07975,666.02516,1,0
3728,4,5,-4,5,21.141926,688.64071,645.4877,1,0
3729,4,5,-4,6,19.846489,714.30091,626.42324,1,0
3730,4,5,-4,7,18.990358,740.44258,608.54252,1,0
3731,4,5,-4,8,18.497489,767.41869,591.60451,1,0
3732,4,5,-3,2,33.722529,599.72137,653.92019,1,19
3733,4,5,-3,3,30.06858,623.14588,632.28779,1,19
3734,4,5,-3,4,27.284965,646.32789,612.25504,1,19
3735,4,5,-3,5,25.194662,669.60309,593.5133,1,1
3736,4,5,-3,6,23.66598,693.2535,575.81012,1,0
3737,4,5,-3,7,22.599199,717.53818,558.92964,1,0
3738,4,5,-3,8,21.91772,742.71468,542.67922,1,0
3739,4,5,-3,9,21.562019,769.05663,526.87919,1,0
3740,4,5,-2,4,32.817127,637.62913,565.54436,1,19
3741,4,5,-2,5,30.449018,658.66319,548.11826,1,19
3742,4,5,-2,6,28.65195,680.37752,531.39851,1,19
3743,4,5,-2,7,27.334058,702.92807,515.2183,1,19
3744,4,5,-2,8,26.421699,726.49169,499.41749,1,19
3745,4,5,-2,9,25.855762,751.2748,483.83666,1,3
3746,4,5,-2,10,25.588725,777.52396,468.31084,1,3
3747,4,5,-1,6,34.659067,675.38142,490.94509,1,19
3748,4,5,-1,7,33.082314,696.20138,475.20906,1,19
3749,4,5,-1,8,31.922047,718.20557,459.63731,1,19
3750,4,5,-1,9,31.123369,741.54556,444.08161,1,19
3751,4,5,-1,10,30.640541,766.41992,428.3804,1,19
3752,4,5,-1,11,30.435694,793.08492,412.35208,1,19
3753,4,6,-5,6,27.7748,791.38645,758.89106,1,19
3754,4,6,-4,4,34.052413,708.59686,728.74922,1,19
3755,4,6,-4,5,31.72297,735.3804,706.14318,1,19
3756,4,6,-4,6,29.949642,762.38658,685.4766,1,19
3757,4,6,-4,7,28.637378,790.06954,666.39138,1,27
3758,4,6,-3,6,33.192675,743.12365,626.35466,1,19
3759,4,6,-3,7,31.759628,768.29126,608.6466,1,19
3760,4,6,-2,8,34.637121,779.73146,543.15883,1,19
3761,5,-5,-2,-7,-31.163099,238.43731,6.1908094,0,3
3762,5,-5,-1,-8,-46.928051,232.86626,6.7624088,0,0
3763,5,-5,-1,-7,-46.840516,268.07002,6.1675898,0,0
3764,5,-5,0,-9,-60.456299,205.88102,6.4399493,0,0
3765,5,-5,0,-8,-61.685951,241.75197,7.3716444,0,0
3766,5,-5,0,-7,-63.926792,278.50349,6.1845152,0,0
3767,5,-5,1,-9,-73.090325,197.14343,6.4415542,0,0
3768,5,-5,1,-8,-75.623785,231.85643,7.8569739,0,0
3769,5,-5,1,-7,-79.38904,266.85076,7.3296247,0,0
3770,5,-5,2,-8,-87.526048,205.09138,7.4398188,0,0
3771,5,-5,2,-7,-91.739441,236.36572,8.3961276,0,19
3772,5,-5,2,-6,-97.345841,266.99222,7.81297,0,19
3773,5,-4,-3,-13,-30.627669,13.365714,80.310745,0,19
3774,5,-4,-3,-12,-27.698139,49.099531,88.292188,0,19
3775,5,-4,-3,-11,-24.636274,82.135423,94.607501,0,19
3776,5,-4,-2,-13,-37.513232,43.502572,87.610081,0,0
3777,5,-4,-2,-12,-35.075081,79.34645,94.599013,0,0
3778,5,-4,-2,-11,-32.563869,112.98764,99.997303,0,1
3779,5,-4,-2,-10,-29.950466,144.85973,104.012,0,19
3780,5,-4,-2,-9,-27.196068,175.29177,106.80121,0,19
3781,5,-4,-2,-8,-24.247243,204.52123,108.4889,0,19
3782,5,-4,-1,-14,-47.341276,22.949351,83.538794,0,0
3783,5,-4,-1,-13,-45.521968,61.509721,91.742256,0,0
3784,5,-4,-1,-12,-43.740309,97.63339,98.136205,0,0
3785,5,-4,-1,-11,-41.996018,131.89587,102.9648,0,0
3786,5,-4,-1,-10,-40.290268,164.76798,106.40496,0,0
3787,5,-4,-1,-9,-38.626281,196.64885,108.58199,0,0
3788,5,-4,-1,-8,-37.010425,227.89063,109.57976,0,0
3789,5,-4,-1,-7,-35.454316,258.81913,109.44677,0,0
3790,5,-4,-1,-6,-33.979122,289.7541,108.1988,0,0
3791,5,-4,-1,-5,-32.625285,321.03561,105.81744,0,1
3792,5,-4,-1,-4,-31.477737,353.07242,102.241,0,3
3793,5,-4,0,-14,-55.502615,28.834891,85.337695,0,0
3794,5,-4,0,-13,-54.321752,67.403129,93.320516,0,0
3795,5,-4,0,-12,-53.28604,103.6492,99.51144,0,0
3796,5,-4,0,-11,-52.425319,138.15647,104.14342,0,0
3797,5,-4,0,-10,-51.783366,171.41527,107.38186,0,0
3798,5,-4,0,-9,-51.425797,203.86013,109.33842,0,0
3799,5,-4,0,-8,-51.454363,235.90362,110.07835,0,0
3800,5,-4,0,-7,-52.034692,267.97592,109.62147,0,0
3801,5,-4,0,-6,-53.455357,300.58778,107.93377,0,0
3802,5,-4,0,-5,-56.271138,334.46694,104.89789,0,0
3803,5,-4,0,-4,-61.728155,370.96377,100.21334,0,0
3804,5,-4,1,-14,-64.039571,22.609662,84.366634,0,0
3805,5,-4,1,-13,-63.48259,61.140917,92.551308,0,0
3806,5,-4,1,-12,-63.167476,97.229911,98.933309,0,0
3807,5,-4,1,-11,-63.147218,131.45028,103.7564,0,0
3808,5,-4,1,-10,-63.496235,164.27031,107.19751,0,0
3809,5,-4,1,-9,-64.321101,196.08547,109.38242,0,0
3810,5,-4,1,-8,-65.778435,227.24241,110.39606,0,0
3811,5,-4,1,-7,-68.106013,258.05814,110.28897,0,0
3812,5,-4,1,-6,-71.679386,288.83757,109.08058,0,0
3813,5,-4,1,-5,-77.120275,319.89323,106.75946,0,0
3814,5,-4,1,-4,-85.514476,351.57653,103.2786,0,0
3815,5,-4,2,-13,-72.591621,42.794062,89.244536,0,0
3816,5,-4,2,-12,-72.871316,78.576984,96.204071,0,0
3817,5,-4,2,-11,-73.514444,112.14593,101.58524,0,0
3818,5,-4,2,-10,-74.599984,143.93123,105.59448,0,0
3819,5,-4,2,-9,-76.233245,174.25773,108.38988,0,0
3820,5,-4,2,-8,-78.55538,203.35738,110.09598,0,0
3821,5,-4,2,-7,-81.755879,231.36757,110.81661,0,0
3822,5,-4,2,-6,-86.087103,258.31193,110.64843,0,0
3823,5,-4,2,-5,-91.875387,284.055,109.69846,0,19
3824,5,-4,2,-4,-99.510412,308.21604,108.11032,0,19
3825,5,-4,3,-13,-81.353482,12.365777,82.811821,0,0
3826,5,-4,3,-12,-82.05654,48.024042,90.736408,0,0
3827,5,-4,3,-11,-83.138097,80.973492,97.012779,0,0
3828,5,-4,3,-10,-84.662693,111.63607,101.88808,0,0
3829,5,-4,3,-9,-86.709337,140.30122,105.55767,0,0
3830,5,-4,3,-8,-89.37306,167.1406,108.1826,0,1
3831,5,-4,3,-7,-92.764705,192.20996,109.90389,0,19
3832,5,-4,3,-6,-97.006585,215.43982,110.85526,0,19
3833,5,-4,4,-11,-91.906825,38.315838,89.071469,0,19
3834,5,-4,4,-10,-93.63076,68.294494,95.087299,0,19
3835,5,-4,4,-9,-95.808085,95.737972,99.833099,0,19
3836,5,-4,4,-8,-98.492921,120.83584,103.50191,0,19
3837,5,-3,-3,-13,-26.305076,26.88715,171.87896,0,19
3838,5,-3,-3,-12,-23.146886,60.353953,176.85472,0,19
3839,5,-3,-2,-14,-35.629787,19.023089,171.01471,0,0
3840,5,-3,-2,-13,-33.005803,55.152065,176.53055,0,1
3841,5,-3,-2,-12,-30.288805,88.865701,180.8942,0,19
3842,5,-3,-2,-11,-27.447508,120.6232,184.26541,0,19
3843,5,-3,-2,-10,-24.441474,150.77496,186.76666,0,19
3844,5,-3,-1,-14,-42.971997,35.940306,174.09129,0,0
3845,5,-3,-1,-13,-40.88817,72.122559,179.20666,0,0
3846,5,-3,-1,-12,-38.789885,106.17564,183.19902,0,0
3847,5,-3,-1,-11,-36.663784,138.57157,186.21033,0,0
3848,5,-3,-1,-10,-34.49268,169.69485,188.34568,0,0
3849,5,-3,-1,-9,-32.253339,199.86465,189.682,0,1
3850,5,-3,-1,-8,-29.912729,229.34881,190.27449,0,19
3851,5,-3,-1,-7,-27.421331,258.37059,190.1615,0,19
3852,5,-3,-1,-6,-24.70042,287.10609,189.36939,0,19
3853,5,-3,0,-14,-51.10307,41.495548,175.30717,0,0
3854,5,-3,0,-13,-49.647876,77.719893,180.28498,0,0
3855,5,-3,0,-12,-48.282142,111.9151,184.14893,0,0
3856,5,-3,0,-11,-47.020788,144.56151,187.03451,0,0
3857,5,-3,0,-10,-45.886147,176.06121,189.04006,0,0
3858,5,-3,0,-9,-44.911947,206.76347,190.23452,0,0
3859,5,-3,0,-8,-44.150381,236.98514,190.66242,0,0
3860,5,-3,0,-7,-43.685431,267.02952,190.34648,0,0
3861,5,-3,0,-6,-43.65997,297.20836,189.28786,0,0
3862,5,-3,0,-5,-44.336931,327.87607,187.4628,0,0
3863,5,-3,0,-4,-46.258643,359.50431,184.81102,0,0
3864,5,-3,1,-14,-59.684872,35.710853,174.79498,0,0
3865,5,-3,1,-13,-58.86537,71.873735,179.89488,0,0
3866,5,-3,1,-12,-58.236236,105.90383,183.87638,0,0
3867,5,-3,1,-11,-57.837643,138.27201,186.88109,0,0
3868,5,-3,1,-10,-57.726067,169.36128,189.01394,0,0
3869,5,-3,1,-9,-57.982319,199.48866,190.35197,0,0
3870,5,-3,1,-8,-58.724845,228.91891,190.95069,0,0
3871,5,-3,1,-7,-60.132586,257.8706,190.84914,0,0
3872,5,-3,1,-6,-62.485866,286.51243,190.07487,0,0
3873,5,-3,1,-5,-66.242483,314.94214,188.65058,0,0
3874,5,-3,1,-4,-72.182863,343.12649,186.60673,0,0
3875,5,-3,1,-3,-81.676982,370.73872,184.01163,0,0
3876,5,-3,2,-14,-68.372283,18.579606,172.43925,0,0
3877,5,-3,2,-13,-68.115299,54.673767,177.92069,0,0
3878,5,-3,2,-12,-68.120524,88.346902,182.25914,0,0
3879,5,-3,2,-11,-68.439226,120.05663,185.61341,0,0
3880,5,-3,2,-10,-69.139587,150.15139,188.10535,0,0
3881,5,-3,2,-9,-70.312871,178.8885,189.83061,0,0
3882,5,-3,2,-8,-72.082041,206.44039,190.86709,0,0
3883,5,-3,2,-7,-74.613401,232.88848,191.28284,0,0
3884,5,-3,2,-6,-78.131006,258.2016,191.1447,0,0
3885,5,-3,2,-5,-82.930407,282.1925,190.52948,0,0
3886,5,-3,2,-4,-89.378765,304.44366,189.53975,0,1
3887,5,-3,2,-3,-97.865707,324.1996,188.32527,0,19
3888,5,-3,3,-13,-77.073367,26.21152,174.00391,0,0
3889,5,-3,3,-12,-77.552808,59.628038,178.9337,0,0
3890,5,-3,3,-11,-78.376491,90.653494,182.84458,0,0
3891,5,-3,3,-10,-79.60444,119.6246,185.88127,0,0
3892,5,-3,3,-9,-81.310801,146.76698,188.16053,0,0
3893,5,-3,3,-8,-83.585893,172.20409,189.78086,0,0
3894,5,-3,3,-7,-86.537094,195.95617,190.8306,0,0
3895,5,-3,3,-6,-90.286552,217.93076,191.39538,0,1
3896,5,-3,3,-5,-94.962145,237.90709,191.56514,0,19
3897,5,-3,4,-12,-86.352152,19.820272,173.30218,0,0
3898,5,-3,4,-11,-87.478719,50.55136,177.97648,0,0
3899,5,-3,4,-10,-88.985922,78.741828,181.72142,0,1
3900,5,-3,4,-9,-90.923751,104.63794,184.67633,0,3
3901,5,-3,4,-8,-93.347162,128.37807,186.95714,0,19
3902,5,-3,4,-7,-96.313506,150.00297,188.66434,0,19
3903,5,-3,4,-6,-99.877599,169.46171,189.8891,0,19
3904,5,-3,5,-10,-97.386662,27.492768,174.81953,0,19
3905,5,-3,5,-9,-99.367615,52.872762,178.58729,0,19
3906,5,-2,-3,-13,-23.315993,36.601085,248.20746,0,19
3907,5,-2,-2,-14,-32.676333,29.110823,247.82357,0,1
3908,5,-2,-2,-13,-29.888385,63.768432,251.05364,0,19
3909,5,-2,-2,-12,-26.97892,96.228498,253.60661,0,19
3910,5,-2,-2,-11,-23.911034,126.89283,255.57207,0,19
3911,5,-2,-1,-15,-42.185344,8.1298303,245.98087,0,0
3912,5,-2,-1,-14,-39.950478,45.361882,249.74231,0,0
3913,5,-2,-1,-13,-37.683434,80.139404,252.73527,0,0
3914,5,-2,-1,-12,-35.36704,112.98274,255.06608,0,0
3915,5,-2,-1,-11,-32.979421,144.30899,256.81423,0,1
3916,5,-2,-1,-10,-30.491609,174.45859,258.03912,0,19
3917,5,-2,-1,-9,-27.863705,203.71259,258.7848,0,19
3918,5,-2,-1,-8,-25.038471,232.30266,259.08354,0,19
3919,5,-2,0,-15,-49.755346,13.526425,246.89745,0,0
3920,5,-2,0,-14,-48.060936,50.732283,250.56676,0,0
3921,5,-2,0,-13,-46.41584,85.574644,253.47648,0,0
3922,5,-2,0,-12,-44.822892,118.57584,255.72896,0,0
3923,5,-2,0,-11,-43.287288,150.162,257.39997,0,0
3924,5,-2,0,-10,-41.817577,180.69094,258.5449,0,0
3925,5,-2,0,-9,-40.427366,210.47249,259.20304,0,0
3926,5,-2,0,-8,-39.138341,239.78406,259.40039,0,0
3927,5,-2,0,-7,-37.98591,268.88341,259.15138,0,0
3928,5,-2,0,-6,-37.030558,298.02031,258.45987,0,0
3929,5,-2,0,-5,-36.38296,327.44926,257.31911,0,0
3930,5,-2,0,-4,-36.267211,357.44802,255.71062,0,0
3931,5,-2,1,-15,-57.809055,7.9970001,246.63312,0,0
3932,5,-2,1,-14,-56.674555,45.218682,250.37672,0,0
3933,5,-2,1,-13,-55.673187,79.98412,253.35583,0,0
3934,5,-2,1,-12,-54.827667,112.81313,255.67629,0,0
3935,5,-2,1,-11,-54.169803,144.12213,257.41728,0,0
3936,5,-2,1,-10,-53.744519,174.25064,258.63798,0,0
3937,5,-2,1,-9,-53.616338,203.47846,259.38235,0,0
3938,5,-2,1,-8,-53.880135,232.03544,259.68271,0,0
3939,5,-2,1,-7,-54.679693,260.10344,259.56287,0,0
3940,5,-2,1,-6,-56.241092,287.8074,259.04141,0,0
3941,5,-2,1,-5,-58.93543,315.18624,258.13669,0,0
3942,5,-2,1,-4,-63.40061,342.1196,256.87616,0,0
3943,5,-2,1,-3,-70.774903,368.1466,255.31784,0,0
3944,5,-2,2,-14,-65.440211,28.834031,249.10731,0,0
3945,5,-2,2,-13,-65.021606,63.469926,252.30716,0,0
3946,5,-2,2,-12,-64.83729,95.904733,254.83698,0,0
3947,5,-2,2,-11,-64.933109,126.53932,256.78553,0,0
3948,5,-2,2,-10,-65.370295,155.67881,258.22167,0,0
3949,5,-2,2,-9,-66.23124,183.54622,259.20012,0,0
3950,5,-2,2,-8,-67.62771,210.28571,259.76622,0,0
3951,5,-2,2,-7,-69.712248,235.95461,259.9605,0,0
3952,5,-2,2,-6,-72.693095,260.50112,259.82382,0,0
3953,5,-2,2,-5,-76.850585,283.72181,259.40409,0,0
3954,5,-2,2,-4,-82.545356,305.19199,258.76568,0,0
3955,5,-2,2,-3,-90.188828,324.16939,258.00171,0,1
3956,5,-2,3,-13,-74.117027,36.179389,250.12275,0,0
3957,5,-2,3,-12,-74.441525,68.271724,252.9976,0,0
3958,5,-2,3,-11,-75.087417,98.1699,255.27486,0,0
3959,5,-2,3,-10,-76.111847,126.16411,257.03614,0,0
3960,5,-2,3,-9,-77.585946,152.44534,258.34812,0,0
3961,5,-2,3,-8,-79.59728,177.11121,259.26793,0,0
3962,5,-2,3,-7,-82.25149,200.16321,259.84762,0,0
3963,5,-2,3,-6,-85.671421,221.4966,260.13848,0,0
3964,5,-2,3,-5,-89.990436,240.88531,260.19509,0,1
3965,5,-2,3,-4,-95.334661,257.9675,260.07879,0,19
3966,5,-2,4,-12,-83.429456,30.087553,249.81108,0,0
3967,5,-2,4,-11,-84.421499,59.57663,252.53403,0,0
3968,5,-2,4,-10,-85.779299,86.716217,254.71331,0,0
3969,5,-2,4,-9,-87.552787,111.71246,256.42791,0,0
3970,5,-2,4,-8,-89.797642,134.67474,257.74447,0,1
3971,5,-2,4,-7,-92.573204,155.62341,258.72153,0,19
3972,5,-2,4,-6,-95.938179,174.49411,259.41296,0,19
3973,5,-2,4,-5,-99.943198,191.14211,259.87024,0,19
3974,5,-2,5,-11,-92.935572,10.525973,248.08128,0,19
3975,5,-2,5,-10,-94.441976,37.46978,250.78473,0,19
3976,5,-2,5,-9,-96.309465,61.839476,252.97598,0,19
3977,5,-2,5,-8,-98.56939,83.801977,254.73234,0,19
3978,5,-1,-3,-14,-24.787252,8.5683578,314.65705,0,19
3979,5,-1,-2,-14,-30.924134,35.156004,316.31288,0,19
3980,5,-1,-2,-13,-28.038049,69.02838,317.78643,0,19
3981,5,-1,-2,-12,-25.013714,100.82277,318.94559,0,19
3982,5,-1,-1,-15,-40.485856,14.726368,315.63694,0,0
3983,5,-1,-1,-14,-38.158282,51.066301,317.35177,0,0
3984,5,-1,-1,-13,-35.781685,85.096865,318.71158,0,0
3985,5,-1,-1,-12,-33.335214,117.30217,319.76378,0,0
3986,5,-1,-1,-11,-30.792014,148.0721,320.54394,0,19
3987,5,-1,-1,-10,-28.116262,177.72585,321.07868,0,19
3988,5,-1,-1,-9,-25.258426,206.52709,321.3878,0,19
3989,5,-1,-1,-8,-22.147383,234.69235,321.48585,0,19
3990,5,-1,0,-15,-48.047568,20.021174,316.21588,0,0
3991,5,-1,0,-14,-46.25752,56.352933,317.88411,0,0
3992,5,-1,0,-13,-44.498964,90.462402,319.2019,0,0
3993,5,-1,0,-12,-42.770607,122.83663,320.21473,0,0
3994,5,-1,0,-11,-41.071946,153.87512,320.95638,0,0
3995,5,-1,0,-10,-39.403502,183.91474,321.45152,0,0
3996,5,-1,0,-9,-37.767223,213.24791,321.71765,0,0
3997,5,-1,0,-8,-36.167243,242.13643,321.76626,0,0
3998,5,-1,0,-7,-34.611303,270.82248,321.60368,0,0
3999,5,-1,0,-6,-33.113632,299.53784,321.23156,0,1
4000,5,-1,0,-5,-31.701309,328.5123,320.64702,0,1
4001,5,-1,0,-4,-30.430201,357.98213,319.8426,0,19
4002,5,-1,1,-15,-56.118036,14.662761,316.25205,0,0
4003,5,-1,1,-14,-54.89162,50.997671,317.95036,0,0
4004,5,-1,1,-13,-53.781676,85.02238,319.29707,0,0
4005,5,-1,1,-12,-52.8073,117.22074,320.33916,0,0
4006,5,-1,1,-11,-51.995407,147.98233,321.11185,0,0
4007,5,-1,1,-10,-51.3842,177.62589,321.64153,0,0
4008,5,-1,1,-9,-51.028778,206.4145,321.94785,0,0
4009,5,-1,1,-8,-51.010473,234.56381,322.04526,0,0
4010,5,-1,1,-7,-51.453074,262.24274,321.9445,0,0
4011,5,-1,1,-6,-52.552244,289.56332,321.65413,0,0
4012,5,-1,1,-5,-54.631526,316.55022,321.18299,0,0
4013,5,-1,1,-4,-58.253513,343.0658,320.54484,0,0
4014,5,-1,1,-3,-64.442717,368.62792,319.76888,0,0
4015,5,-1,2,-14,-63.705785,35.023384,317.52396,0,0
4016,5,-1,2,-13,-63.190754,68.885236,318.96923,0,0
4017,5,-1,2,-12,-62.893663,100.66739,320.10616,0,0
4018,5,-1,2,-11,-62.8572,130.74234,320.97426,0,0
4019,5,-1,2,-10,-63.138574,159.39391,321.60433,0,0
4020,5,-1,2,-9,-63.815085,186.82879,322.021,0,0
4021,5,-1,2,-8,-64.992123,213.17837,322.24484,0,0
4022,5,-1,2,-7,-66.814519,238.49002,322.29447,0,0
4023,5,-1,2,-6,-69.481867,262.7043,322.18896,0,0
4024,5,-1,2,-5,-73.266652,285.61269,321.95107,0,0
4025,5,-1,2,-4,-78.527389,306.78897,321.61167,0,0
4026,5,-1,2,-3,-85.690485,325.49514,321.21563,0,0
4027,5,-1,2,-2,-95.138196,340.59866,320.82715,0,19
4028,5,-1,3,-14,-72.401804,8.3796918,316.51166,0,0
4029,5,-1,3,-13,-72.370197,42.229183,318.1255,0,0
4030,5,-1,3,-12,-72.602574,73.620095,319.41899,0,0
4031,5,-1,3,-11,-73.143054,102.92571,320.43797,0,0
4032,5,-1,3,-10,-74.047142,130.41271,321.21896,0,0
4033,5,-1,3,-9,-75.384282,156.25469,321.79201,0,0
4034,5,-1,3,-8,-77.240543,180.53632,322.18312,0,0
4035,5,-1,3,-7,-79.720734,203.24974,322.41626,0,0
4036,5,-1,3,-6,-82.94836,224.28387,322.51531,0,0
4037,5,-1,3,-5,-87.060324,243.4091,322.50601,0,0
4038,5,-1,3,-4,-92.191116,260.26301,322.41752,0,19
4039,5,-1,3,-3,-98.440024,274.34948,322.2833,0,19
4040,5,-1,4,-12,-81.705136,36.308404,318.12114,0,0
4041,5,-1,4,-11,-82.617481,65.139417,319.34293,0,0
4042,5,-1,4,-10,-83.88704,91.725552,320.31598,0,0
4043,5,-1,4,-9,-85.563763,116.25231,321.07576,0,0
4044,5,-1,4,-8,-87.703821,138.81397,321.65243,0,0
4045,5,-1,4,-7,-90.367806,159.41997,322.07277,0,1
4046,5,-1,4,-6,-93.616806,177.9983,322.36166,0,19
4047,5,-1,4,-5,-97.505363,194.39932,322.54312,0,19
4048,5,-1,5,-11,-91.264085,17.245282,317.47322,0,19
4049,5,-1,5,-10,-92.707765,43.547883,318.68389,0,19
4050,5,-1,5,-9,-94.508521,67.383007,319.66151,0,19
4051,5,-1,5,-8,-96.698653,88.897988,320.44073,0,19
4052,5,-1,5,-7,-99.309011,108.16051,321.05096,0,19
4053,5,0,-3,-14,-24.201048,10.794656,380.82891,0,19
4054,5,0,-2,-14,-30.317739,37.199448,381.11336,0,19
4055,5,0,-2,-13,-27.397016,70.819547,381.05514,0,19
4056,5,0,-2,-12,-24.332259,102.39968,380.99931,0,19
4057,5,0,-1,-15,-39.899841,16.96894,381.46485,0,0
4058,5,0,-1,-14,-37.539522,53.024457,381.39568,0,0
4059,5,0,-1,-13,-35.124341,86.816924,381.33105,0,0
4060,5,0,-1,-12,-32.632161,118.81927,381.26991,0,1
4061,5,0,-1,-11,-30.034395,149.41299,381.21143,0,19
4062,5,0,-1,-10,-27.292841,178.9108,381.1549,0,19
4063,5,0,-1,-9,-24.354629,207.57115,381.09971,0,19
4064,5,0,0,-15,-47.460786,22.253221,381.76023,0,0
4065,5,0,0,-14,-45.63712,58.30804,381.68343,0,0
4066,5,0,0,-13,-43.838789,92.186007,381.61266,0,0
4067,5,0,0,-12,-42.063062,124.36339,381.54667,0,0
4068,5,0,0,-11,-40.30746,155.23163,381.48448,0,0
4069,5,0,0,-10,-38.569719,185.12139,381.42524,0,0
4070,5,0,0,-9,-36.847748,214.32019,381.36823,0,0
4071,5,0,0,-8,-35.139611,243.08577,381.31284,0,0
4072,5,0,0,-7,-33.443494,271.65674,381.25851,0,8
4073,5,0,0,-6,-31.757689,300.26149,381.20469,0,9
4074,5,0,0,-5,-30.080575,329.12625,381.15089,0,27
4075,5,0,0,-4,-28.410601,358.48272,381.09658,0,27
4076,5,0,1,-15,-55.539719,16.970072,382.06846,0,0
4077,5,0,1,-14,-54.281218,53.025555,381.98315,0,0
4078,5,0,1,-13,-53.133491,86.817994,381.90563,0,0
4079,5,0,1,-12,-52.114391,118.82031,381.83443,0,0
4080,5,0,1,-11,-51.249159,149.41402,381.76838,0,0
4081,5,0,1,-10,-50.573708,178.91181,381.70651,0,0
4082,5,0,1,-9,-50.139931,207.57215,381.64806,0,0
4083,5,0,1,-8,-50.02458,235.60712,381.59235,0,0
4084,5,0,1,-7,-50.344711,263.18295,381.53882,0,0
4085,5,0,1,-6,-51.285831,290.4097,381.487,0,32
4086,5,0,1,-5,-53.155793,317.31088,381.43649,0,8
4087,5,0,1,-4,-56.492876,343.74868,381.38702,0,8
4088,5,0,1,-3,-62.286538,369.24221,381.33853,0,8
4089,5,0,2,-14,-63.115485,37.20164,382.30188,0,0
4090,5,0,2,-13,-62.567229,70.821675,382.21595,0,0
4091,5,0,2,-12,-62.23142,102.40175,382.13814,0,0
4092,5,0,2,-11,-62.149698,132.30579,382.06707,0,0
4093,5,0,2,-10,-62.377953,160.81131,382.0016,0,0
4094,5,0,2,-9,-62.991829,188.1203,381.94085,0,0
4095,5,0,2,-8,-64.094682,214.36069,381.88408,0,0
4096,5,0,2,-7,-65.828947,239.57736,381.83069,0,0
4097,5,0,2,-6,-68.391659,263.70921,381.78023,0,32
4098,5,0,2,-5,-72.053287,286.54674,381.73231,0,32
4099,5,0,2,-4,-77.172685,307.66334,381.68674,0,8
4100,5,0,2,-3,-84.182917,326.32088,381.64343,0,8
4101,5,0,2,-2,-93.48559,341.3863,381.60256,0,27
4102,5,0,3,-14,-71.838403,10.797951,382.64871,0,0
4103,5,0,3,-13,-71.779448,44.384384,382.55149,0,0
4104,5,0,3,-12,-71.980612,75.55779,382.46458,0,0
4105,5,0,3,-11,-72.485556,104.68167,382.38627,0,0
4106,5,0,3,-10,-73.349289,132.01556,382.31518,0,0
4107,5,0,3,-9,-74.640777,157.72777,382.25022,0,0
4108,5,0,3,-8,-76.445715,181.89907,382.19051,0,0
4109,5,0,3,-7,-78.868814,204.51871,382.13533,0,0
4110,5,0,3,-6,-82.034059,225.47351,382.0841,0,0
4111,5,0,3,-5,-86.079869,244.53235,382.03637,0,0
4112,5,0,3,-4,-91.143923,261.33166,381.99177,0,19
4113,5,0,3,-3,-97.330955,275.37437,381.95006,0,27
4114,5,0,4,-13,-80.551948,7.4179688,382.92392,0,0
4115,5,0,4,-12,-81.126464,38.53633,382.82411,0,0
4116,5,0,4,-11,-82.012378,67.163885,382.73523,0,0
4117,5,0,4,-10,-83.252885,93.580628,382.65555,0,0
4118,5,0,4,-9,-84.898009,117.96563,382.58366,0,0
4119,5,0,4,-8,-87.004173,140.40839,382.51845,0,0
4120,5,0,4,-7,-89.632496,160.91475,382.45901,0,1
4121,5,0,4,-6,-92.844981,179.41002,382.40459,0,19
4122,5,0,4,-5,-96.697592,195.74248,382.35458,0,19
4123,5,0,5,-11,-90.707927,19.645843,383.1286,0,3
4124,5,0,5,-10,-92.131352,45.749778,383.03621,0,19
4125,5,0,5,-9,-93.910781,69.420404,382.95379,0,19
4126,5,0,5,-8,-96.078877,90.79885,382.87989,0,19
4127,5,0,5,-7,-98.667009,109.94815,382.81332,0,19
4128,5,1,-3,-14,-24.703595,8.6163421,446.98002,0,19
4129,5,1,-2,-14,-30.840611,35.260652,445.90482,0,19
4130,5,1,-2,-13,-27.948139,69.115459,444.31366,0,19
4131,5,1,-2,-12,-24.916581,100.89158,443.0416,0,19
4132,5,1,-1,-15,-40.411426,14.90897,447.29654,0,0
4133,5,1,-1,-14,-38.077876,51.236406,445.44178,0,0
4134,5,1,-1,-13,-35.694438,85.254949,443.95126,0,0
4135,5,1,-1,-12,-33.240048,117.44828,442.77543,0,1
4136,5,1,-1,-11,-30.687578,148.20582,441.877,0,19
4137,5,1,-1,-10,-28.00083,177.84619,441.22786,0,19
4138,5,1,-1,-9,-25.129759,206.63235,440.80696,0,19
4139,5,1,-1,-8,-22.002518,234.77981,440.5986,0,19
4140,5,1,0,-15,-47.979471,20.268484,447.31976,0,0
4141,5,1,0,-14,-46.183796,56.593037,445.49598,0,0
4142,5,1,0,-13,-44.418785,90.696646,444.03502,0,0
4143,5,1,0,-12,-42.682931,123.06621,442.88884,0,0
4144,5,1,0,-11,-40.975446,154.1011,442.02163,0,0
4145,5,1,0,-10,-39.296448,184.13811,441.40697,0,0
4146,5,1,0,-9,-37.647306,213.46959,441.02592,0,0
4147,5,1,0,-8,-36.031287,242.35731,440.86572,0,0
4148,5,1,0,-7,-34.454773,271.04342,440.91886,0,0
4149,5,1,0,-6,-32.929733,299.7597,441.18265,0,1
4150,5,1,0,-5,-31.479189,328.73596,441.65892,0,3
4151,5,1,0,-4,-30.15093,358.20851,442.35409,0,19
4152,5,1,1,-15,-56.058996,14.974916,447.91169,0,0
4153,5,1,1,-14,-54.827923,51.30731,446.04038,0,0
4154,5,1,1,-13,-53.712736,85.331653,444.53675,0,0
4155,5,1,1,-12,-52.732408,117.53188,443.35078,0,0
4156,5,1,1,-11,-51.913693,148.29773,442.44486,0,0
4157,5,1,1,-10,-51.294599,177.94827,441.79065,0,0
4158,5,1,1,-9,-50.929972,206.74706,441.36692,0,0
4159,5,1,1,-8,-50.900841,234.91046,441.1579,0,0
4160,5,1,1,-7,-51.330644,262.60851,441.15176,0,0
4161,5,1,1,-6,-52.41474,289.95492,441.33906,0,0
4162,5,1,1,-5,-54.476727,316.97692,441.71031,0,0
4163,5,1,1,-4,-58.080745,343.54077,442.25141,0,0
4164,5,1,1,-3,-64.258207,369.16957,442.93329,0,0
4165,5,1,2,-14,-63.654438,35.397805,447.11592,0,0
4166,5,1,2,-13,-63.135843,69.26301,445.49645,0,0
4167,5,1,2,-12,-62.834932,101.05127,444.20212,0,0
4168,5,1,2,-11,-62.794401,131.13531,443.19057,0,0
4169,5,1,2,-10,-63.071505,159.79932,442.42871,0,0
4170,5,1,2,-9,-63.74366,187.25044,441.89008,0,0
4171,5,1,2,-8,-64.916506,213.62067,441.55265,0,0
4172,5,1,2,-7,-66.735373,238.95805,441.39661,0,0
4173,5,1,2,-6,-69.400814,263.20386,441.40195,0,0
4174,5,1,2,-5,-73.187107,286.14995,441.54522,0,32
4175,5,1,2,-4,-78.455938,307.36952,441.79503,0,0
4176,5,1,2,-3,-85.638746,326.12146,442.10623,0,0
4177,5,1,2,-2,-95.123844,341.26522,442.41448,0,19
4178,5,1,3,-14,-72.363738,8.8118108,448.83467,0,0
4179,5,1,3,-13,-72.330239,42.666225,447.02324,0,0
4180,5,1,3,-12,-72.560846,74.064766,445.55353,0,0
4181,5,1,3,-11,-73.099782,103.38085,444.37613,0,0
4182,5,1,3,-10,-74.002716,130.88132,443.45169,0,0
4183,5,1,3,-9,-75.339343,156.7399,442.74791,0,0
4184,5,1,3,-8,-77.196111,181.04136,442.23697,0,0
4185,5,1,3,-7,-79.678383,203.77773,441.89344,0,0
4186,5,1,3,-6,-82.910452,224.83753,441.6922,0,0
4187,5,1,3,-5,-87.030262,243.99016,441.60653,0,0
4188,5,1,3,-4,-92.173525,260.87126,441.60639,0,19
4189,5,1,3,-3,-98.440611,274.98149,441.65768,0,19
4190,5,1,4,-12,-81.679295,36.802683,447.58306,0,0
4191,5,1,4,-11,-82.591881,65.643017,446.18087,0,0
4192,5,1,4,-10,-83.8623,92.240731,445.04642,0,0
4193,5,1,4,-9,-85.540717,116.78119,444.14137,0,0
4194,5,1,4,-8,-87.683577,139.35843,443.43322,0,0
4195,5,1,4,-7,-90.351805,159.98141,442.89327,0,1
4196,5,1,4,-6,-93.606868,178.57741,442.49508,0,19
4197,5,1,4,-5,-97.503678,194.99568,442.2133,0,19
4198,5,1,5,-11,-91.253338,17.787778,448.85131,0,19
4199,5,1,5,-10,-92.698903,44.098826,447.4527,0,19
4200,5,1,5,-9,-94.502295,67.943697,446.30776,0,19
4201,5,1,5,-8,-96.695966,89.469367,445.37876,0,19
4202,5,1,5,-7,-99.310914,108.74303,444.63382,0,19
4203,5,2,-3,-13,-23.136638,36.655028,513.25732,0,19
4204,5,2,-2,-14,-32.508983,29.327252,514.36437,0,1
4205,5,2,-2,-13,-29.708093,63.948082,511.01296,0,19
4206,5,2,-2,-12,-26.783951,96.370024,508.34319,0,19
4207,5,2,-2,-11,-23.699324,126.9935,506.26398,0,19
4208,5,2,-1,-15,-42.037058,8.5079556,516.96398,0,0
4209,5,2,-1,-14,-39.790236,45.713649,513.05752,0,0
4210,5,2,-1,-13,-37.509493,80.465916,509.92928,0,0
4211,5,2,-1,-12,-35.17723,113.28418,507.47057,0,0
4212,5,2,-1,-11,-32.77101,144.58458,505.59995,0,1
4213,5,2,-1,-10,-30.261093,174.70632,504.25639,0,19
4214,5,2,-1,-9,-27.606509,203.92898,503.39438,0,19
4215,5,2,-1,-8,-24.748494,232.4821,502.98028,0,19
4216,5,2,0,-15,-49.620522,14.038455,516.68636,0,0
4217,5,2,0,-14,-47.914992,51.228928,512.85521,0,0
4218,5,2,0,-13,-46.257155,86.058796,509.7971,0,0
4219,5,2,0,-12,-44.649435,119.05006,507.40687,0,0
4220,5,2,0,-11,-43.096469,150.62858,505.60652,0,0
4221,5,2,0,-10,-41.606031,181.15199,504.33878,0,0
4222,5,2,0,-9,-40.190614,210.92999,503.56279,0,0
4223,5,2,0,-8,-38.870244,240.23992,503.25122,0,0
4224,5,2,0,-7,-37.677738,269.33953,503.38839,0,0
4225,5,2,0,-6,-36.669309,298.47863,503.9693,0,32
4226,5,2,0,-5,-35.948038,327.91185,504.9996,0,0
4227,5,2,0,-4,-35.723119,357.91731,506.49668,0,0
4228,5,2,1,-15,-57.693082,8.6433708,517.61633,0,0
4229,5,2,1,-14,-56.549523,45.859372,513.69198,0,0
4230,5,2,1,-13,-55.538001,80.623678,510.54985,0,0
4231,5,2,1,-12,-54.681009,113.45625,508.08076,0,0
4232,5,2,1,-11,-54.010082,144.77388,506.20294,0,0
4233,5,2,1,-10,-53.569813,174.91672,504.85515,0,0
4234,5,2,1,-9,-53.424334,204.16559,503.99179,0,0
4235,5,2,1,-8,-53.668087,232.75187,503.57926,0,0
4236,5,2,1,-7,-54.444482,260.85977,503.59278,0,0
4237,5,2,1,-6,-55.979603,288.61783,504.01311,0,32
4238,5,2,1,-5,-58.645902,316.07055,504.8217,0,0
4239,5,2,1,-4,-63.087066,343.10617,505.99144,0,0
4240,5,2,1,-3,-70.461294,369.276,507.46551,0,0
4241,5,2,2,-14,-65.340547,29.60906,515.64822,0,0
4242,5,2,2,-13,-64.915233,64.25149,512.26651,0,0
4243,5,2,2,-12,-64.723816,96.698603,509.57351,0,0
4244,5,2,2,-11,-64.812204,127.35177,507.47732,0,0
4245,5,2,2,-10,-65.241784,156.51686,505.90663,0,0
4246,5,2,2,-9,-66.095278,184.41786,504.8048,0,0
4247,5,2,2,-8,-67.485091,211.20016,504.12498,0,0
4248,5,2,2,-7,-69.564981,236.92258,503.8255,0,0
4249,5,2,2,-6,-72.545433,261.53481,503.8646,0,0
4250,5,2,2,-5,-76.71082,284.83435,504.19368,0,0
4251,5,2,2,-4,-82.428674,306.3954,504.74774,0,0
4252,5,2,2,-3,-90.120806,325.46932,505.4328,0,1
4253,5,2,3,-13,-74.041002,37.083991,515.17265,0,0
4254,5,2,3,-12,-74.362493,69.191753,512.11371,0,0
4255,5,2,3,-11,-75.005967,99.111309,509.67219,0,0
4256,5,2,3,-10,-76.028937,127.13317,507.76335,0,0
4257,5,2,3,-9,-77.503088,153.44864,506.31804,0,0
4258,5,2,3,-8,-79.516801,178.1555,505.27714,0,0
4259,5,2,3,-7,-82.176903,201.25508,504.58697,0,0
4260,5,2,3,-6,-85.607881,222.64181,504.19483,0,0
4261,5,2,3,-5,-89.94522,242.08755,504.04488,0,1
4262,5,2,3,-4,-95.317429,259.22645,504.07454,0,19
4263,5,2,4,-12,-83.382303,31.110746,516.07275,0,0
4264,5,2,4,-11,-84.375381,60.618776,513.16069,0,0
4265,5,2,4,-10,-85.735565,87.782047,510.81342,0,0
4266,5,2,4,-9,-87.513235,112.80643,508.94866,0,0
4267,5,2,4,-8,-89.764632,135.8008,507.49717,0,1
4268,5,2,4,-7,-92.549769,156.78455,506.39818,0,19
4269,5,2,4,-6,-95.928098,175.69179,505.59599,0,19
4270,5,2,4,-5,-99.950958,192.37552,505.03746,0,19
4271,5,2,5,-11,-92.918944,11.649245,518.45957,0,19
4272,5,2,5,-10,-94.429595,38.610216,515.55782,0,19
4273,5,2,5,-9,-96.302902,62.999807,513.19107,0,19
4274,5,2,5,-8,-98.570508,84.984201,511.2785,0,19
4275,5,3,-3,-13,-26.032645,26.971143,589.44766,0,19
4276,5,3,-3,-12,-22.855458,60.361531,584.36431,0,19
4277,5,3,-2,-14,-35.377951,19.367102,591.11286,0,0
4278,5,3,-2,-13,-32.734107,55.436149,585.46891,0,1
4279,5,3,-2,-12,-29.994483,89.087968,580.98127,0,19
4280,5,3,-2,-11,-27.127222,120.77944,577.48837,0,19
4281,5,3,-2,-10,-24.091185,150.8583,574.86612,0,19
4282,5,3,-1,-14,-42.733149,36.500133,588.71818,0,0
4283,5,3,-1,-13,-40.628731,72.641063,583.45889,0,0
4284,5,3,-1,-12,-38.506559,106.65338,579.33054,0,0
4285,5,3,-1,-11,-36.352393,139.00745,576.18883,0,0
4286,5,3,-1,-10,-34.14783,170.08582,573.92668,0,0
4287,5,3,-1,-9,-31.867914,200.20513,572.46527,0,1
4288,5,3,-1,-8,-29.477105,229.62975,571.74757,0,19
4289,5,3,-1,-7,-26.922098,258.57777,571.73317,0,19
4290,5,3,-1,-6,-24.118227,287.21715,572.3933,0,19
4291,5,3,0,-14,-50.888155,42.286852,588.19333,0,0
4292,5,3,0,-13,-49.414302,78.490392,583.05711,0,0
4293,5,3,0,-12,-48.026992,112.66916,579.04702,0,0
4294,5,3,0,-11,-46.74036,145.30308,576.02492,0,0
4295,5,3,0,-10,-45.57565,176.79395,573.89036,0,0
4296,5,3,0,-9,-44.565038,207.49088,572.5726,0,0
4297,5,3,0,-8,-43.758431,237.71068,572.02558,0,0
4298,5,3,0,-7,-43.236293,267.75685,572.22521,0,0
4299,5,3,0,-6,-43.1358,297.94158,573.1691,0,8
4300,5,3,0,-5,-43.71005,328.62043,574.87983,0,0
4301,5,3,0,-4,-45.483021,360.2679,577.41666,0,0
4302,5,3,1,-14,-59.503613,36.732606,589.42206,0,0
4303,5,3,1,-13,-58.669755,72.89288,584.14724,0,0
4304,5,3,1,-12,-58.024563,106.92819,580.00797,0,0
4305,5,3,1,-11,-57.607917,139.31004,576.85959,0,0
4306,5,3,1,-10,-57.475974,170.4225,574.5949,0,0
4307,5,3,1,-9,-57.709248,200.58434,573.13513,0,0
4308,5,3,1,-8,-58.426039,230.06306,572.42359,0,0
4309,5,3,1,-7,-59.805627,259.08146,572.42055,0,0
4310,5,3,1,-6,-62.130071,287.81494,573.09844,0,32
4311,5,3,1,-5,-65.862793,316.37222,574.43549,0,0
4312,5,3,1,-4,-71.800983,344.73846,576.40372,0,0
4313,5,3,1,-3,-81.364209,372.6179,578.93993,0,0
4314,5,3,2,-14,-68.230857,19.816562,592.53778,0,0
4315,5,3,2,-13,-67.964914,55.920329,586.85929,0,0
4316,5,3,2,-12,-67.960918,89.612601,582.34633,0,0
4317,5,3,2,-11,-68.270348,121.35185,578.83635,0,0
4318,5,3,2,-10,-68.96179,151.48776,576.20468,0,0
4319,5,3,2,-9,-70.127259,180.27933,574.35358,0,0
4320,5,3,2,-8,-71.891072,207.90117,573.2036,0,0
4321,5,3,2,-7,-74.421951,234.43739,572.68562,0,0
4322,5,3,2,-6,-77.948221,259.85973,572.73209,0,0
4323,5,3,2,-5,-82.772795,283.98315,573.26569,0,32
4324,5,3,2,-4,-89.274797,306.38935,574.18308,0,1
4325,5,3,2,-3,-97.860575,326.31339,575.33264,0,19
4326,5,3,3,-13,-76.969688,27.655421,591.57294,0,0
4327,5,3,3,-12,-77.446028,61.09592,586.44341,0,0
4328,5,3,3,-11,-78.267865,92.155164,582.35677,0,0
4329,5,3,3,-10,-79.49588,121.17042,579.16455,0,0
4330,5,3,3,-9,-81.205182,148.36788,576.74707,0,0
4331,5,3,3,-8,-83.487491,173.87136,575.00348,0,0
4332,5,3,3,-7,-86.452157,197.70095,573.84351,0,0
4333,5,3,3,-6,-90.223989,219.76298,573.17979,0,1
4334,5,3,3,-5,-94.934163,239.83348,572.92061,0,19
4335,5,3,4,-12,-86.293485,21.453899,592.9271,0,0
4336,5,3,4,-11,-87.423066,52.21467,588.04624,0,0
4337,5,3,4,-10,-88.935608,80.442615,584.1202,0,1
4338,5,3,4,-9,-90.881816,106.38361,581.00558,0,3
4339,5,3,4,-8,-93.317533,130.1752,578.58318,0,19
4340,5,3,4,-7,-96.30114,151.85666,576.74973,0,19
4341,5,3,4,-6,-99.888547,171.37464,575.41162,0,19
4342,5,3,5,-10,-97.382321,29.31366,591.91929,0,19
4343,5,3,5,-9,-99.373438,54.725012,587.95965,0,19
4344,5,4,-3,-13,-30.257341,13.48054,680.76199,0,19
4345,5,4,-3,-12,-27.300655,49.098593,672.66571,0,19
4346,5,4,-3,-11,-24.208453,82.012341,666.232,0,19
4347,5,4,-2,-13,-37.148349,43.911333,674.26394,0,0
4348,5,4,-2,-12,-34.678756,79.661715,667.13904,0,0
4349,5,4,-2,-11,-32.131142,113.20332,661.60546,0,1
4350,5,4,-2,-10,-29.475175,144.96543,657.45388,0,19
4351,5,4,-2,-9,-26.670497,175.27178,654.52387,0,19
4352,5,4,-2,-8,-23.661657,204.35304,652.68891,0,19
4353,5,4,-1,-14,-47.025968,23.767305,679.28224,0,0
4354,5,4,-1,-13,-45.179119,62.264714,670.9201,0,0
4355,5,4,-1,-12,-43.365439,98.326808,664.37629,0,0
4356,5,4,-1,-11,-41.583395,132.52645,659.4036,0,0
4357,5,4,-1,-10,-39.832408,165.33136,655.8224,0,0
4358,5,4,-1,-9,-38.113161,197.13663,653.50469,0,0
4359,5,4,-1,-8,-36.428191,228.28868,652.36367,0,0
4360,5,4,-1,-7,-34.783052,259.10451,652.34721,0,0
4361,5,4,-1,-6,-33.188685,289.8892,653.43444,0,1
4362,5,4,-1,-5,-31.666769,320.95585,655.63551,0,1
4363,5,4,-1,-4,-30.26344,352.65727,658.99629,0,19
4364,5,4,0,-14,-55.224404,29.99502,678.2979,0,0
4365,5,4,0,-13,-54.019603,68.531252,670.13904,0,0
4366,5,4,0,-12,-52.956352,104.75257,663.78743,0,0
4367,5,4,0,-11,-52.063553,139.24175,659.00678,0,0
4368,5,4,0,-10,-51.383705,172.48882,655.62901,0,0
4369,5,4,0,-9,-50.980641,204.92835,653.54032,0,0
4370,5,4,0,-8,-50.953566,236.97346,652.6737,0,0
4371,5,4,0,-7,-51.464363,269.05567,653.00788,0,0
4372,5,4,0,-6,-52.796007,301.68882,654.57584,0,0
4373,5,4,0,-5,-55.495089,335.60839,657.49474,0,0
4374,5,4,0,-4,-60.798994,372.18872,662.06792,0,0
4375,5,4,1,-14,-63.811,24.110956,680.11064,0,0
4376,5,4,1,-13,-63.2367,62.63749,671.72962,0,0
4377,5,4,1,-12,-62.902594,98.734325,665.17377,0,0
4378,5,4,1,-11,-62.861529,132.9762,660.1955,0,0
4379,5,4,1,-10,-63.187899,165.83341,656.61519,0,0
4380,5,4,1,-9,-63.988553,197.70471,654.3053,0,0
4381,5,4,1,-8,-65.421093,228.9421,653.18011,0,0
4382,5,4,1,-7,-67.725957,259.87144,653.18953,0,0
4383,5,4,1,-6,-71.285499,290.81287,654.31636,0,32
4384,5,4,1,-5,-76.739078,322.10742,656.57778,0,0
4385,5,4,1,-4,-85.221155,354.16631,660.03451,0,0
4386,5,4,2,-14,-72.44405,6.0543438,684.9366,0,0
4387,5,4,2,-13,-72.410232,44.627584,675.89927,0,0
4388,5,4,2,-12,-72.680624,80.438953,668.74478,0,0
4389,5,4,2,-11,-73.315334,114.05293,663.1939,0,0
4390,5,4,2,-10,-74.394265,145.90205,659.0367,0,0
4391,5,4,2,-9,-76.024311,176.31429,656.11271,0,0
4392,5,4,2,-8,-78.349338,205.52585,654.296,0,0
4393,5,4,2,-7,-81.563492,233.67974,653.48215,0,0
4394,5,4,2,-6,-85.927089,260.80658,653.57472,0,0
4395,5,4,2,-5,-91.779774,286.7785,654.4674,0,19
4396,5,4,2,-4,-99.532085,311.2197,656.01703,0,19
4397,5,4,3,-13,-81.236838,14.49173,683.26431,0,0
4398,5,4,3,-12,-81.9387,50.185201,675.11082,0,0
4399,5,4,3,-11,-83.021519,83.185339,668.63785,0,0
4400,5,4,3,-10,-84.550947,113.91517,663.59317,0,0
4401,5,4,3,-9,-86.607588,142.66531,659.77764,0,0
4402,5,4,3,-8,-89.288729,169.6084,657.02726,0,1
4403,5,4,3,-7,-92.708318,194.80055,655.19862,0,19
4404,5,4,3,-6,-96.99271,218.17113,654.15574,0,19
4405,5,4,4,-12,-90.532963,7.8903195,685.29486,0,3
4406,5,4,4,-11,-91.860812,40.766248,677.53295,0,19
4407,5,4,4,-10,-93.595543,70.801007,671.31186,0,19
4408,5,4,4,-9,-95.788462,98.312481,666.38926,0,19
4409,5,4,4,-8,-98.494969,123.48917,662.56755,0,19
4410,5,5,-3,-9,-24.802447,137.03628,762.77907,0,19
4411,5,5,-2,-10,-36.901987,141.18115,762.73571,0,0
4412,5,5,-2,-9,-34.759918,174.43429,758.19867,0,0
4413,5,5,-2,-8,-32.564762,206.54664,755.45355,0,1
4414,5,5,-2,-7,-30.285364,237.80762,754.35831,0,19
4415,5,5,-2,-6,-27.873701,268.42286,754.80552,0,19
4416,5,5,-2,-5,-25.25056,298.48637,756.7013,0,19
4417,5,5,-2,-4,-22.275192,327.90049,759.93013,0,19
4418,5,5,-1,-11,-48.791579,127.65912,765.67092,0,0
4419,5,5,-1,-10,-47.698791,163.62188,760.09249,0,0
4420,5,5,-1,-9,-46.809376,198.68085,756.5801,0,0
4421,5,5,-1,-8,-46.197333,233.4036,755.02713,0,0
4422,5,5,-1,-7,-45.989179,268.42594,755.42485,0,0
4423,5,5,-1,-6,-46.421021,304.59969,757.89823,0,0
4424,5,5,-1,-5,-48.000378,343.38232,762.83043,0,0
4425,5,5,0,-11,-59.405645,135.10762,764.93723,0,0
4426,5,5,0,-10,-59.432858,171.59819,759.69968,0,0
4427,5,5,0,-9,-59.93532,207.44866,756.57841,0,0
4428,5,5,0,-8,-61.105894,243.34321,755.51254,0,0
4429,5,5,0,-7,-63.277221,280.14642,756.57573,0,8
4430,5,5,0,-6,-67.088718,319.223,760.07163,0,0
4431,5,5,0,-5,-74.026834,363.51863,766.89757,0,0
4432,5,5,1,-11,-70.103338,128.33299,766.69159,0,0
4433,5,5,1,-10,-71.096079,164.38087,761.12289,0,0
4434,5,5,1,-9,-72.738607,199.55073,757.63435,0,0
4435,5,5,1,-8,-75.262781,234.4231,756.12331,0,0
4436,5,5,1,-7,-79.03582,269.65736,756.58899,0,0
4437,5,5,1,-6,-84.679057,306.15429,759.17338,0,0
4438,5,5,1,-5,-93.358083,345.49676,764.3039,0,19
4439,5,5,2,-10,-81.893887,142.58876,764.78125,0,0
4440,5,5,2,-9,-84.203956,176.01592,760.27104,0,0
4441,5,5,2,-8,-87.367585,208.34932,757.5781,0,0
4442,5,5,2,-7,-91.63082,239.89714,756.56589,0,19
4443,5,5,2,-6,-97.328509,270.89405,757.13631,0,27
4444,5,5,3,-9,-94.061606,139.1215,765.84445,0,19
4445,5,5,3,-8,-97.324436,168.72119,761.59099,0,19
4446,5,-5,-3,-1,-76.250804,634.57221,5.8881613,1,0
4447,5,-5,-3,0,-66.594951,631.26079,6.1632065,1,0
4448,5,-5,-3,1,-57.683253,634.38543,5.7777879,1,0
4449,5,-5,-2,-3,-96.03273,586.8244,9.7616645,1,19
4450,5,-5,-2,-2,-79.874906,561.58611,9.8858719,1,0
4451,5,-5,-2,-1,-61.650007,541.79115,9.2418513,1,0
4452,5,-5,-2,0,-45.050212,533.47305,8.7435192,1,0
4453,5,-5,-2,1,-33.87479,541.32769,9.091785,1,1
4454,5,-5,-2,2,-27.31118,560.88231,9.6189356,1,19
4455,5,-5,-2,3,-23.026714,586.01826,9.3976753,1,19
4456,5,-4,-5,0,-81.713051,792.67898,82.396694,1,0
4457,5,-4,-4,-2,-96.027433,725.88653,96.930223,1,19
4458,5,-4,-4,-1,-89.257239,719.57622,97.974054,1,1
4459,5,-4,-4,0,-82.29198,717.42442,98.287634,1,0
4460,5,-4,-4,1,-75.341671,719.4931,97.887696,1,0
4461,5,-4,-4,2,-68.595025,725.72368,96.757209,1,0
4462,5,-4,-4,3,-62.191334,735.95585,94.846597,1,0
4463,5,-4,-4,4,-56.21004,749.97616,92.076586,1,0
4464,5,-4,-4,5,-50.676895,767.57719,88.340556,1,0
4465,5,-4,-4,6,-45.578865,788.61057,83.504317,1,0
4466,5,-4,-3,-2,-99.169805,658.69184,106.82151,1,19
4467,5,-4,-3,-1,-90.008824,650.80262,107.55815,1,1
4468,5,-4,-3,0,-80.610946,648.06966,107.7652,1,0
4469,5,-4,-3,1,-71.489915,650.69097,107.47162,1,0
4470,5,-4,-3,2,-63.052169,658.47766,106.64892,1,0
4471,5,-4,-3,3,-55.505559,670.93716,105.2192,1,0
4472,5,-4,-3,4,-48.874258,687.46079,103.07259,1,0
4473,5,-4,-3,5,-43.070873,707.49598,100.08183,1,0
4474,5,-4,-3,6,-37.965044,730.64298,96.107331,1,0
4475,5,-4,-3,7,-33.424824,756.68668,90.993681,1,0
4476,5,-4,-3,8,-29.334485,785.59663,84.560299,1,19
4477,5,-4,-2,-1,-87.438754,583.00562,111.75013,1,0
4478,5,-4,-2,0,-72.823461,578.65127,111.76041,1,0
4479,5,-4,-2,1,-59.843574,582.82295,111.65732,1,0
4480,5,-4,-2,2,-49.459817,594.63961,111.34112,1,0
4481,5,-4,-2,3,-41.48113,612.19707,110.59012,1,0
4482,5,-4,-2,4,-35.283194,633.76247,109.18437,1,0
4483,5,-4,-2,5,-30.299742,658.21159,106.9476,1,19
4484,5,-4,-2,6,-26.132274,684.95224,103.73387,1,19
4485,5,-4,-2,7,-22.519731,713.75685,99.40381,1,19
4486,5,-4,-1,-1,-56.834204,487.46471,108.30941,1,4
4487,5,-3,-5,-1,-92.957123,789.12304,171.46679,1,19
4488,5,-3,-5,0,-87.448289,787.3235,171.7235,1,0
4489,5,-3,-5,1,-81.830651,789.07742,171.38765,1,0
4490,5,-3,-4,-1,-96.292567,718.46347,181.98565,1,19
4491,5,-3,-4,0,-89.389152,716.45467,182.18209,1,1
4492,5,-3,-4,1,-82.398164,718.40848,181.90968,1,0
4493,5,-3,-4,2,-75.514418,724.27205,181.15778,1,0
4494,5,-3,-4,3,-68.89517,733.90064,179.89554,1,0
4495,5,-3,-4,4,-62.64401,747.09897,178.07369,1,0
4496,5,-3,-4,5,-56.810961,763.67225,175.62604,1,0
4497,5,-3,-4,6,-51.403342,783.4727,172.46963,1,0
4498,5,-3,-3,-1,-99.38108,654.21266,188.42026,1,19
4499,5,-3,-3,0,-90.133065,651.70977,188.55232,1,1
4500,5,-3,-3,1,-80.900887,654.14043,188.34535,1,0
4501,5,-3,-3,2,-72.119374,661.34769,187.78235,1,0
4502,5,-3,-3,3,-64.070451,672.91883,186.81652,1,0
4503,5,-3,-3,4,-56.86125,688.33189,185.38086,1,0
4504,5,-3,-3,5,-50.469475,707.09716,183.39647,1,0
4505,5,-3,-3,6,-44.80478,728.84416,180.77606,1,0
4506,5,-3,-3,7,-39.754734,753.35602,177.42254,1,0
4507,5,-3,-3,8,-35.210002,780.5747,173.2241,1,0
4508,5,-3,-2,0,-87.905764,589.558,191.52746,1,0
4509,5,-3,-2,1,-74.447942,593.13774,191.42271,1,0
4510,5,-3,-2,2,-62.802978,603.3955,191.13701,1,0
4511,5,-3,-2,3,-53.295713,618.97621,190.55686,1,0
4512,5,-3,-2,4,-45.647394,638.51437,189.55772,1,0
4513,5,-3,-2,5,-39.418403,661.01915,188.03014,1,0
4514,5,-3,-2,6,-34.221534,685.90333,185.87889,1,0
4515,5,-3,-2,7,-29.76748,712.89325,183.01277,1,19
4516,5,-3,-2,8,-25.851354,741.94242,179.33352,1,19
4517,5,-3,-2,9,-22.329487,773.17747,174.72571,1,19
4518,5,-3,-1,0,-72.387927,524.05224,191.17929,1,0
4519,5,-3,-1,1,-49.886679,532.09737,191.41547,1,0
4520,5,-3,-1,2,-37.603229,551.26842,191.81766,1,0
4521,5,-3,-1,3,-30.473662,575.20685,191.90139,1,19
4522,5,-3,-1,4,-25.63847,601.29127,191.45345,1,19
4523,5,-2,-5,-1,-96.867765,783.86518,247.08019,1,19
4524,5,-2,-5,0,-91.381896,782.14003,247.22333,1,19
4525,5,-2,-5,1,-85.75378,783.83681,247.00705,1,0
4526,5,-2,-5,2,-80.087006,788.94036,246.42558,1,0
4527,5,-2,-4,0,-94.227671,713.71531,253.6872,1,19
4528,5,-2,-4,1,-87.212756,715.61056,253.50928,1,0
4529,5,-2,-4,2,-80.241458,721.2792,253.0391,1,0
4530,5,-2,-4,3,-73.482251,730.58102,252.25823,1,0
4531,5,-2,-4,4,-67.054086,743.32547,251.13727,1,0
4532,5,-2,-4,5,-61.022697,759.31945,249.63692,1,0
4533,5,-2,-4,6,-55.408819,778.41096,247.70813,1,0
4534,5,-2,-3,0,-96.53062,651.21559,257.68099,1,19
4535,5,-2,-3,1,-87.233887,653.56468,257.5426,1,0
4536,5,-2,-3,2,-78.240195,660.50944,257.18572,1,0
4537,5,-2,-3,3,-69.875146,671.66316,256.5825,1,0
4538,5,-2,-3,4,-62.296481,686.53268,255.69292,1,0
4539,5,-2,-3,5,-55.523234,704.6491,254.46982,1,0
4540,5,-2,-3,6,-49.491756,725.65018,252.86109,1,0
4541,5,-2,-3,7,-44.103602,749.31441,250.80906,1,0
4542,5,-2,-3,8,-39.254851,775.56706,248.24785,1,0
4543,5,-2,-2,0,-97.565603,591.82841,259.63151,1,19
4544,5,-2,-2,1,-83.860833,595.219,259.55263,1,0
4545,5,-2,-2,2,-71.519432,604.9374,259.35744,1,0
4546,5,-2,-2,3,-61.125967,619.77666,258.98113,1,0
4547,5,-2,-2,4,-52.600095,638.48585,258.35074,1,0
4548,5,-2,-2,5,-45.591774,660.12632,257.40065,1,0
4549,5,-2,-2,6,-39.734481,684.12008,256.07321,1,0
4550,5,-2,-2,7,-34.730468,710.18017,254.31337,1,0
4551,5,-2,-2,8,-30.358021,738.23487,252.06254,1,19
4552,5,-2,-2,9,-26.456505,768.37692,249.25277,1,19
4553,5,-2,-1,0,-93.534151,532.87384,259.7177,1,19
4554,5,-2,-1,1,-68.546386,539.55125,259.79954,1,0
4555,5,-2,-1,2,-51.988392,556.32901,259.95362,1,0
4556,5,-2,-1,3,-41.598069,578.28215,259.93986,1,0
4557,5,-2,-1,4,-34.554521,602.82864,259.62476,1,0
4558,5,-2,-1,5,-29.326494,628.94551,258.94165,1,19
4559,5,-2,-1,6,-25.14765,656.29026,257.84702,1,19
4560,5,-1,-5,-1,-99.161492,780.38501,314.97162,1,19
4561,5,-1,-5,0,-93.691321,778.7021,315.02283,1,19
4562,5,-1,-5,1,-88.059457,780.37122,314.90167,1,0
4563,5,-1,-5,2,-82.370008,785.3766,314.60527,1,0
4564,5,-1,-4,0,-97.062019,711.52016,318.27116,1,19
4565,5,-1,-4,1,-90.036904,713.3895,318.16906,1,1
4566,5,-1,-4,2,-83.018376,718.96303,317.92648,1,0
4567,5,-1,-4,3,-76.181077,728.10155,317.53459,1,0
4568,5,-1,-4,4,-69.652619,740.61523,316.97939,1,0
4569,5,-1,-4,5,-63.507744,756.31013,316.24225,1,0
4570,5,-1,-4,6,-57.774995,775.0306,315.29994,1,0
4571,5,-1,-3,1,-90.932986,652.371,320.24926,1,3
4572,5,-1,-3,2,-81.823893,659.20204,320.0612,1,0
4573,5,-1,-3,3,-73.282297,670.16746,319.75458,1,0
4574,5,-1,-3,4,-65.494352,684.7831,319.31039,1,0
4575,5,-1,-3,5,-58.502855,702.58629,318.7062,1,0
4576,5,-1,-3,6,-52.259904,723.2163,317.91731,1,0
4577,5,-1,-3,7,-46.675602,746.4479,316.91644,1,0
4578,5,-1,-3,8,-41.649582,772.19715,315.67254,1,0
4579,5,-1,-2,1,-89.295514,595.03981,321.35872,1,1
4580,5,-1,-2,2,-76.580409,604.56849,321.24735,1,0
4581,5,-1,-2,3,-65.698172,619.12747,321.04858,1,0
4582,5,-1,-2,4,-56.679077,637.50038,320.72797,1,0
4583,5,-1,-2,5,-49.226597,658.76608,320.2544,1,0
4584,5,-1,-2,6,-42.989025,682.35037,319.60042,1,0
4585,5,-1,-2,7,-37.665908,707.96146,318.73991,1,0
4586,5,-1,-2,8,-33.027141,735.51711,317.64518,1,1
4587,5,-1,-2,9,-28.903038,765.09466,316.28432,1,19
4588,5,-1,-1,1,-78.72769,540.7905,321.63333,1,0
4589,5,-1,-1,2,-60.120665,556.99159,321.68203,1,0
4590,5,-1,-1,3,-48.021707,578.37187,321.65203,1,0
4591,5,-1,-1,4,-39.762367,602.40187,321.47999,1,0
4592,5,-1,-1,5,-33.674774,628.03875,321.13339,1,0
4593,5,-1,-1,6,-28.871438,654.91487,320.59096,1,19
4594,5,-1,-1,7,-24.871073,682.9705,319.83345,1,19
4595,5,0,-5,-1,-99.916974,779.35212,379.35682,1,19
4596,5,0,-5,0,-94.455813,777.68765,379.32513,1,19
4597,5,0,-5,1,-88.826627,779.3518,379.28789,1,1
4598,5,0,-5,2,-83.133489,784.32856,379.2448,1,0
4599,5,0,-5,3,-77.473552,792.57531,379.19541,1,0
4600,5,0,-4,0,-97.996892,710.88485,379.70724,1,19
4601,5,0,-4,1,-90.974451,712.75054,379.67211,1,3
4602,5,0,-4,2,-83.946107,718.29681,379.63235,1,0
4603,5,0,-4,3,-77.088119,727.38481,379.58766,1,0
4604,5,0,-4,4,-70.530707,739.82512,379.53762,1,0
4605,5,0,-4,5,-64.351519,755.42379,379.48172,1,0
4606,5,0,-4,6,-58.581742,774.02431,379.41928,1,0
4607,5,0,-3,1,-92.158476,652.0312,380.01094,1,19
4608,5,0,-3,2,-83.021125,658.83041,379.97313,1,0
4609,5,0,-3,3,-74.429177,669.73837,379.93125,1,0
4610,5,0,-3,4,-66.577777,684.274,379.88508,1,0
4611,5,0,-3,5,-59.517758,701.97696,379.83429,1,0
4612,5,0,-3,6,-53.206871,722.48739,379.77841,1,0
4613,5,0,-3,7,-47.558517,745.57913,379.71681,1,0
4614,5,0,-3,8,-42.4739,771.1656,379.64869,1,0
4615,5,0,-2,1,-91.092884,594.96097,380.32299,1,19
4616,5,0,-2,2,-78.274542,604.43999,380.28564,1,0
4617,5,0,-2,3,-67.243805,618.91836,380.24468,1,0
4618,5,0,-2,4,-58.068244,637.19026,380.20023,1,0
4619,5,0,-2,5,-50.471242,658.34039,380.1522,1,0
4620,5,0,-2,6,-44.107872,681.79628,380.10035,1,0
4621,5,0,-2,7,-38.677976,707.26506,380.04421,1,0
4622,5,0,-2,8,-33.949348,734.6615,379.98314,1,0
4623,5,0,-2,9,-29.749662,764.05834,379.91632,1,19
4624,5,0,-1,1,-82.085689,540.97008,380.62205,1,0
4625,5,0,-1,2,-62.860977,557.05216,380.58244,1,0
4626,5,0,-1,3,-50.212993,578.29644,380.53974,1,0
4627,5,0,-1,4,-41.551155,602.19151,380.49472,1,0
4628,5,0,-1,5,-35.17441,627.69426,380.44748,1,0
4629,5,0,-1,6,-30.158992,654.43315,380.39777,1,19
4630,5,0,-1,7,-25.998676,682.34399,380.34518,1,19
4631,5,0,-1,8,-22.401827,711.52442,380.28912,1,19
4632,5,1,-5,-1,-99.159568,780.96906,443.68521,1,19
4633,5,1,-5,0,-93.700988,779.30207,443.56972,1,19
4634,5,1,-5,1,-88.080881,780.98216,443.61533,1,0
4635,5,1,-5,2,-82.402733,785.99351,443.82425,1,0
4636,5,1,-4,0,-97.065119,712.11451,441.09604,1,19
4637,5,1,-4,1,-90.058097,713.99602,441.12689,1,1
4638,5,1,-4,2,-83.05658,719.57357,441.28893,1,0
4639,5,1,-4,3,-76.234028,728.70884,441.59032,1,0
4640,5,1,-4,4,-69.71741,741.21361,442.04418,1,0
4641,5,1,-4,5,-63.58136,756.89571,442.66804,1,0
4642,5,1,-4,6,-57.854691,775.60119,443.48364,1,0
4643,5,1,-3,1,-90.957704,652.98247,439.73194,1,3
4644,5,1,-3,2,-81.876856,659.81267,439.8436,1,0
4645,5,1,-3,3,-73.357223,670.76557,440.06578,1,0
4646,5,1,-3,4,-65.584265,685.36122,440.4169,1,0
4647,5,1,-3,5,-58.601661,703.1408,440.91861,1,0
4648,5,1,-3,6,-52.362996,723.74639,441.59458,1,0
4649,5,1,-3,7,-46.77981,746.95447,442.47075,1,0
4650,5,1,-3,8,-41.752875,772.682,443.57644,1,0
4651,5,1,-2,1,-89.33969,595.66491,439.25226,1,1
4652,5,1,-2,2,-76.677568,605.17772,439.28861,1,0
4653,5,1,-2,3,-65.825704,619.70304,439.40541,1,0
4654,5,1,-2,4,-56.819126,638.03663,439.63703,1,0
4655,5,1,-2,5,-49.368418,659.26426,440.01426,1,0
4656,5,1,-2,6,-43.127124,682.81453,440.5639,1,0
4657,5,1,-2,7,-37.797859,708.39629,441.31113,1,0
4658,5,1,-2,8,-33.15214,735.927,442.2823,1,1
4659,5,1,-2,9,-29.021075,765.48344,443.50763,1,19
4660,5,1,-1,1,-78.902208,541.42376,439.58057,1,0
4661,5,1,-1,2,-60.37837,557.55052,439.45376,1,0
4662,5,1,-1,3,-48.2755,578.85601,439.39937,1,0
4663,5,1,-1,4,-39.990831,602.82806,439.48186,1,0
4664,5,1,-1,5,-33.876977,628.42167,439.73397,1,0
4665,5,1,-1,6,-29.050944,655.26505,440.17656,1,19
4666,5,1,-1,7,-25.031782,683.29533,440.82806,1,19
4667,5,2,-5,-1,-96.873688,785.0771,511.39572,1,19
4668,5,2,-5,0,-91.411361,783.38501,511.18547,1,19
4669,5,2,-5,1,-85.806866,785.10464,511.32275,1,0
4670,5,2,-5,2,-80.162543,790.22067,511.81264,1,0
4671,5,2,-4,0,-94.248903,714.94807,505.52964,1,19
4672,5,2,-4,1,-87.270297,716.86862,505.63316,1,0
4673,5,2,-4,2,-80.332542,722.5456,506.01951,1,0
4674,5,2,-4,3,-73.601879,731.84071,506.70634,1,0
4675,5,2,-4,4,-67.196153,744.56672,507.72193,1,0
4676,5,2,-4,5,-61.181059,760.53427,509.10418,1,0
4677,5,2,-4,6,-55.57801,779.59482,510.90038,1,0
4678,5,2,-3,0,-96.542582,652.45616,502.24252,1,19
4679,5,2,-3,1,-87.309075,654.83385,502.30915,1,0
4680,5,2,-3,2,-78.370128,661.77663,502.58719,1,0
4681,5,2,-3,3,-70.046156,672.9041,503.1038,1,0
4682,5,2,-3,4,-62.494257,687.73187,503.89802,1,0
4683,5,2,-3,5,-55.735755,705.79912,505.01582,1,0
4684,5,2,-3,6,-49.710216,726.74945,506.50794,1,0
4685,5,2,-3,7,-44.322132,750.36494,508.43039,1,0
4686,5,2,-3,8,-39.469824,776.57267,510.84703,1,0
4687,5,2,-2,0,-97.572709,593.10011,500.93881,1,19
4688,5,2,-2,1,-84.004264,596.52094,500.94677,1,0
4689,5,2,-2,2,-71.759965,606.205,501.06598,1,0
4690,5,2,-2,3,-61.416491,620.97284,501.36027,1,0
4691,5,2,-2,4,-52.906415,639.59916,501.9015,1,0
4692,5,2,-2,5,-45.894744,661.1598,502.75433,1,0
4693,5,2,-2,6,-40.025123,685.0825,503.97548,1,0
4694,5,2,-2,7,-35.005398,711.08151,505.61885,1,0
4695,5,2,-2,8,-30.616633,739.08445,507.74156,1,19
4696,5,2,-2,9,-26.699466,769.18279,510.40966,1,19
4697,5,2,-1,0,-93.633265,534.22474,501.47054,1,19
4698,5,2,-1,1,-69.081546,540.89286,501.31727,1,0
4699,5,2,-1,2,-52.60712,557.50232,501.08923,1,0
4700,5,2,-1,3,-42.161073,579.29236,501.02217,1,0
4701,5,2,-1,4,-35.043441,603.71487,501.24943,1,0
4702,5,2,-1,5,-29.750969,629.7402,501.83809,1,19
4703,5,2,-1,6,-25.520183,657.01618,502.83151,1,19
4704,5,3,-5,-1,-92.991999,791.07022,586.66705,1,19
4705,5,3,-5,0,-87.51944,789.32395,586.3379,1,0
4706,5,3,-5,1,-81.937514,791.11469,586.58821,1,0
4707,5,3,-4,-1,-96.308427,720.37856,577.01853,1,19
4708,5,3,-4,0,-89.461138,718.43779,576.75077,1,1
4709,5,3,-4,1,-82.524935,720.43224,576.94283,1,0
4710,5,3,-4,2,-75.690214,726.30881,577.60474,1,0
4711,5,3,-4,3,-69.111217,735.92599,578.76625,1,0
4712,5,3,-4,4,-62.890378,749.094,580.47508,1,0
4713,5,3,-4,5,-57.078141,765.62426,582.79546,1,0
4714,5,3,-4,6,-51.683198,785.37466,585.80796,1,0
4715,5,3,-3,-1,-99.369035,656.12248,571.33563,1,19
4716,5,3,-3,0,-90.220465,653.71672,571.13147,1,1
4717,5,3,-3,1,-81.083125,656.19304,571.26098,1,0
4718,5,3,-3,2,-72.378906,663.39509,571.74072,1,0
4719,5,3,-3,3,-64.38379,674.92105,572.61612,1,0
4720,5,3,-3,4,-57.206004,690.26395,573.95238,1,0
4721,5,3,-3,5,-50.828102,708.94761,575.82638,1,0
4722,5,3,-3,6,-45.16522,730.61117,578.32331,1,0
4723,5,3,-3,7,-40.109473,755.0435,581.53798,1,0
4724,5,3,-3,8,-35.554778,782.18943,585.57958,1,0
4725,5,3,-2,0,-88.074701,591.65622,568.83351,1,0
4726,5,3,-2,1,-74.816388,595.28168,568.86196,1,0
4727,5,3,-2,2,-63.291316,605.47244,569.0708,1,0
4728,5,3,-2,3,-53.828409,620.92488,569.56994,1,0
4729,5,3,-2,4,-46.177937,640.31898,570.48055,1,0
4730,5,3,-2,5,-39.924899,662.68795,571.90985,1,0
4731,5,3,-2,6,-34.696207,687.45314,573.95152,1,0
4732,5,3,-2,7,-30.209325,714.342,576.69533,1,19
4733,5,3,-2,8,-26.262232,743.30637,580.23778,1,19
4734,5,3,-2,9,-22.712259,774.47039,584.69207,1,19
4735,5,3,-1,0,-73.344111,526.5988,569.80216,1,0
4736,5,3,-1,1,-51.300478,534.53004,569.49863,1,0
4737,5,3,-1,2,-38.841427,553.28441,569.04074,1,0
4738,5,3,-1,3,-31.475831,576.88873,568.88813,1,3
4739,5,3,-1,4,-26.460295,602.74224,569.25379,1,19
4740,5,3,-1,5,-22.621412,629.95908,570.23398,1,19
4741,5,4,-4,-2,-96.052329,728.627,661.66586,1,19
4742,5,4,-4,-1,-89.359702,722.45739,660.54957,1,1
4743,5,4,-4,0,-82.473544,720.40932,660.15438,1,0
4744,5,4,-4,1,-75.596908,722.53838,660.46373,1,0
4745,5,4,-4,2,-68.91271,728.78577,661.49386,1,0
4746,5,4,-4,3,-62.557014,738.99672,663.29266,1,0
4747,5,4,-4,4,-56.608838,752.96693,665.93689,1,0
4748,5,4,-4,5,-51.095556,770.49913,669.53007,1,0
4749,5,4,-4,6,-46.006743,791.45401,674.20276,1,0
4750,5,4,-3,-2,-99.156246,661.40024,652.60779,1,19
4751,5,4,-3,-1,-90.135076,653.7325,651.7892,1,1
4752,5,4,-3,0,-80.881717,651.15335,651.49678,1,0
4753,5,4,-3,1,-71.886746,653.84105,651.70323,1,0
4754,5,4,-3,2,-63.540413,661.60877,652.43626,1,0
4755,5,4,-3,3,-56.047231,673.98452,653.77092,1,0
4756,5,4,-3,4,-49.437761,690.38655,655.81319,1,0
4757,5,4,-3,5,-43.634305,710.2853,658.68649,1,0
4758,5,4,-3,6,-38.515177,733.29643,662.52687,1,0
4759,5,4,-3,7,-33.954676,759.21335,667.4863,1,0
4760,5,4,-3,8,-29.84106,788.00944,673.74164,1,19
4761,5,4,-2,-1,-87.702662,586.16642,648.31616,1,0
4762,5,4,-2,0,-73.452146,582.1235,648.20478,1,0
4763,5,4,-2,1,-60.71969,586.34222,648.22424,1,0
4764,5,4,-2,2,-50.419928,597.98271,648.47,1,0
4765,5,4,-2,3,-42.417249,615.26782,649.15041,1,0
4766,5,4,-2,4,-36.150894,636.5565,650.4755,1,0
4767,5,4,-2,5,-31.089613,660.76166,652.61687,1,3
4768,5,4,-2,6,-26.848873,687.29848,655.71835,1,19
4769,5,4,-2,7,-23.171741,715.93596,659.9178,1,19
4770,5,4,-1,-1,-62.934361,497.65696,651.71697,1,0
4771,5,5,-4,-2,-86.558579,724.78035,767.13858,1,0
4772,5,5,-4,-1,-79.662894,717.93378,765.47913,1,0
4773,5,5,-4,0,-72.713707,715.66931,764.90049,1,0
4774,5,5,-4,1,-65.923884,718.05876,765.37464,1,0
4775,5,5,-4,2,-59.464331,725.02466,766.92956,1,0
4776,5,5,-3,-3,-95.47437,662.62999,755.78972,1,19
4777,5,5,-3,-2,-86.329489,648.39023,753.79571,1,0
4778,5,5,-3,-1,-76.745122,639.39657,752.67555,1,0
4779,5,5,-3,0,-67.301305,636.36447,752.28402,1,0
4780,5,5,-3,1,-58.543082,639.57555,752.56676,1,0
4781,5,5,-3,2,-50.798184,648.72992,753.58021,1,0
4782,5,5,-3,3,-44.132501,663.10234,755.47026,1,0
4783,5,5,-3,4,-38.435453,681.85706,758.43065,1,0
4784,5,5,-3,5,-33.52958,704.2945,762.67368,1,0
4785,5,5,-3,6,-29.239374,729.95608,768.42416,1,19
4786,5,5,-2,-3,-96.104683,590.89246,749.86959,1,19
4787,5,5,-2,-2,-80.621687,567.10019,749.48401,1,0
4788,5,5,-2,-1,-63.448406,549.23236,749.78309,1,0
4789,5,5,-2,0,-47.777378,542.32866,749.99807,1,0
4790,5,5,-2,1,-36.621871,549.64219,749.6414,1,0
4791,5,5,-2,2,-29.579677,567.75073,749.2257,1,19
4792,5,5,-2,3,-24.845998,591.65849,749.51252,1,19
4793,5,5,-1,-3,-82.944949,491.68457,755.12792,1,5
4794,5,-4,-1,-2,-31.142856,420.69452,99.516277,1,1
4795,5,-4,-1,-1,-39.838631,465.54479,105.94214,1,5
4796,5,-3,0,-2,-62.493504,428.07068,184.33443,1,0
4797,5,-2,0,-1,-56.055626,451.54847,256.78641,1,0
4798,5,-1,0,-1,-31.476825,447.80638,320.22754,1,3
4799,5,0,0,-1,-23.428798,447.78448,381.00629,1,27
4800,5,1,0,-1,-30.362908,448.04142,441.76928,1,19
4801,5,2,0,-1,-54.104373,452.08043,505.15393,1,0
4802,5,3,0,-2,-61.106422,428.98499,577.59577,1,0
4803,5,4,-1,-1,-31.094358,455.85395,656.26286,1,1
4804,5,5,-1,-3,-70.125914,462.14191,759.551,1,4
4805,5,5,0,-4,-89.714113,423.09092,768.04936,1,1
4806,6,-7,2,6,-66.171282,55.795961,8.2661169,0,0
4807,6,-7,2,7,-68.842134,29.386153,16.247905,0,0
4808,6,-7,3,3,-50.066945,66.618212,6.9098762,0,0
4809,6,-7,3,4,-53.26595,48.962528,17.515058,0,0
4810,6,-7,3,5,-56.375659,29.09055,26.934243,0,0
4811,6,-7,3,6,-59.400981,6.9496403,35.179938,0,0
4812,6,-7,4,1,-38.628019,28.340584,7.8530883,0,0
4813,6,-7,4,2,-41.900739,17.610086,19.810961,0,0
4814,6,-6,-1,6,-94.931114,183.42062,12.273202,0,19
4815,6,-6,-1,7,-95.237919,150.46269,23.427808,0,19
4816,6,-6,-1,8,-95.83994,117.43601,32.751625,0,19
4817,6,-6,-1,9,-96.665331,83.790178,40.403492,0,19
4818,6,-6,-1,10,-97.666546,49.004835,46.470825,0,19
4819,6,-6,-1,11,-98.811082,12.537517,50.981662,0,19
4820,6,-6,0,3,-76.465767,250.94176,10.752561,0,0
4821,6,-6,0,4,-77.932186,221.93161,25.423592,0,0
4822,6,-6,0,5,-79.488763,193.10669,38.263632,0,0
4823,6,-6,0,6,-81.111219,164.12595,49.477083,0,0
4824,6,-6,0,7,-82.78487,134.67574,59.213562,0,0
4825,6,-6,0,8,-84.500671,104.44296,67.579752,0,0
4826,6,-6,0,9,-86.253116,73.094339,74.645736,0,0
4827,6,-6,0,10,-88.03905,40.256473,80.447718,0,1
4828,6,-6,1,0,-50.038441,266.77722,6.1928219,0,0
4829,6,-6,1,1,-54.009538,248.78651,21.732406,0,0
4830,6,-6,1,2,-57.607036,228.90831,36.075793,0,0
4831,6,-6,1,3,-60.906043,207.52244,49.20592,0,0
4832,6,-6,1,4,-63.969031,184.85286,61.141519,0,0
4833,6,-6,1,5,-66.846009,161.00184,71.919896,0,0
4834,6,-6,1,6,-69.576444,135.97654,81.584494,0,0
4835,6,-6,1,7,-72.191475,109.70615,90.176459,0,0
4836,6,-6,1,8,-74.715857,82.050607,97.72889,0,0
4837,6,-6,1,9,-77.169523,52.801838,104.26257,0,0
4838,6,-6,1,10,-79.568803,21.677907,109.78223,0,0
4839,6,-6,2,-2,-28.397273,218.4552,17.403949,0,19
4840,6,-6,2,-1,-33.198468,212.39162,31.762453,0,19
4841,6,-6,2,0,-37.79846,203.26399,45.324725,0,0
4842,6,-6,2,1,-42.163204,191.40302,58.078457,0,0
4843,6,-6,2,2,-46.282958,177.12449,70.006732,0,0
4844,6,-6,2,3,-50.165056,160.69772,81.097304,0,0
4845,6,-6,2,4,-53.827079,142.32757,91.345828,0,0
4846,6,-6,2,5,-57.291618,122.14707,100.75518,0,0
4847,6,-6,2,6,-60.582782,100.21595,109.33277,0,0
4848,6,-6,2,7,-63.72414,76.521103,117.08712,0,0
4849,6,-6,2,8,-66.737671,50.976133,124.02428,0,0
4850,6,-6,2,9,-69.643348,23.417877,130.14428,0,0
4851,6,-6,3,-1,-26.816301,148.92674,63.641763,0,19
4852,6,-6,3,0,-31.02807,143.00051,75.749906,0,19
4853,6,-6,3,1,-35.161683,134.45524,87.1079,0,1
4854,6,-6,3,2,-39.186086,123.45101,97.74333,0,0
4855,6,-6,3,3,-43.08221,110.13393,107.67368,0,0
4856,6,-6,3,4,-46.841185,94.621383,116.91097,0,0
4857,6,-6,3,5,-50.462065,76.99008,125.46427,0,0
4858,6,-6,3,6,-53.949582,57.266787,133.34055,0,0
4859,6,-6,3,7,-57.312201,35.420427,140.5443,0,0
4860,6,-6,3,8,-60.560625,11.354063,147.07633,0,0
4861,6,-6,4,0,-27.414499,81.507439,99.969677,0,19
4862,6,-6,4,1,-31.190206,74.98307,110.6279,0,19
4863,6,-6,4,2,-34.941164,66.007766,120.59173,0,1
4864,6,-6,4,3,-38.643786,54.65025,129.90019,0,0
4865,6,-6,4,4,-42.280988,40.957569,138.58201,0,0
4866,6,-6,4,5,-45.841703,24.945435,146.65839,0,0
4867,6,-6,4,6,-49.32006,6.588363,154.14454,0,0
4868,6,-6,5,0,-25.79759,15.317999,119.30021,0,19
4869,6,-6,5,1,-29.221091,10.105796,129.70505,0,19
4870,6,-5,-1,1,-97.740382,377.21589,29.766578,0,19
4871,6,-5,-1,2,-93.376573,336.04746,50.309342,0,19
4872,6,-5,-1,3,-91.489038,300.80614,67.21131,0,19
4873,6,-5,-1,4,-90.78083,268.36839,81.694563,0,19
4874,6,-5,-1,5,-90.750991,237.4084,94.319156,0,19
4875,6,-5,-1,6,-91.155555,207.17137,105.41232,0,19
4876,6,-5,-1,7,-91.859336,177.13556,115.18918,0,19
4877,6,-5,-1,8,-92.780931,146.8825,123.79929,0,19
4878,6,-5,-1,9,-93.868444,116.03414,131.34806,0,19
4879,6,-5,-1,10,-95.08745,84.214915,137.90749,0,19
4880,6,-5,-1,11,-96.414505,51.023016,143.52144,0,19
4881,6,-5,-1,12,-97.83342,16.002778,148.20756,0,19
4882,6,-5,0,-1,-57.397234,374.92582,40.545727,0,0
4883,6,-5,0,0,-61.492806,351.0372,58.047595,0,0
4884,6,-5,0,1,-64.79034,325.76106,74.20996,0,0
4885,6,-5,0,2,-67.630736,299.91775,88.950619,0,0
4886,6,-5,0,3,-70.192285,273.80784,102.32733,0,0
4887,6,-5,0,4,-72.574399,247.49555,114.44192,0,0
4888,6,-5,0,5,-74.836324,220.92908,125.40304,0,0
4889,6,-5,0,6,-77.0156,193.99218,135.3119,0,0
4890,6,-5,0,7,-79.137365,166.52588,144.25713,0,0
4891,6,-5,0,8,-81.219337,138.33561,152.3132,0,0
4892,6,-5,0,9,-83.274615,109.19056,159.5402,0,0
4893,6,-5,0,10,-85.313342,78.817409,165.98375,0,0
4894,6,-5,0,11,-87.343738,46.889243,171.67481,0,0
4895,6,-5,0,12,-89.372767,13.008655,176.6288,0,1
4896,6,-5,1,-2,-26.309476,307.70816,72.571367,0,19
4897,6,-5,1,-1,-33.2621,300.45596,85.637215,0,19
4898,6,-5,1,0,-39.511325,288.9938,98.43488,0,0
4899,6,-5,1,1,-45.050461,274.17621,110.77826,0,0
4900,6,-5,1,2,-49.953434,256.77155,122.52338,0,0
4901,6,-5,1,3,-54.322562,237.37277,133.58232,0,0
4902,6,-5,1,4,-58.258767,216.38842,143.91549,0,0
4903,6,-5,1,5,-61.849509,194.06878,153.51743,0,0
4904,6,-5,1,6,-65.166279,170.53823,162.40351,0,0
4905,6,-5,1,7,-68.266045,145.82212,170.60004,0,0
4906,6,-5,1,8,-71.193858,119.86497,178.13742,0,0
4907,6,-5,1,9,-73.98543,92.540206,185.04557,0,0
4908,6,-5,1,10,-76.669319,63.652477,191.35096,0,0
4909,6,-5,1,11,-79.268665,32.932745,197.07428,0,0
4910,6,-5,2,0,-28.466284,232.34592,130.64714,0,19
4911,6,-5,2,1,-33.857654,222.51552,141.22196,0,19
4912,6,-5,2,2,-38.923022,209.96607,151.35747,0,0
4913,6,-5,2,3,-43.65124,195.0433,161.01718,0,0
4914,6,-5,2,4,-48.055717,178.03912,170.1765,0,0
4915,6,-5,2,5,-52.163751,159.17305,178.82409,0,0
4916,6,-5,2,6,-56.008671,138.58634,186.96017,0,0
4917,6,-5,2,7,-59.624874,116.34271,194.59369,0,0
4918,6,-5,2,8,-63.045096,92.430924,201.73923,0,0
4919,6,-5,2,9,-66.299167,66.765976,208.41432,0,0
4920,6,-5,2,10,-69.413635,39.186829,214.63727,0,0
4921,6,-5,2,11,-72.411871,9.4491587,220.42533,0,0
4922,6,-5,3,1,-27.651548,169.71185,167.00587,0,19
4923,6,-5,3,2,-32.354345,160.11424,176.26496,0,19
4924,6,-5,3,3,-36.892203,148.11916,185.12252,0,0
4925,6,-5,3,4,-41.244627,133.8921,193.57961,0,0
4926,6,-5,3,5,-45.40492,117.56625,201.63964,0,0
4927,6,-5,3,6,-49.376507,99.229905,209.30978,0,0
4928,6,-5,3,7,-53.16955,78.91771,216.60117,0,0
4929,6,-5,3,8,-56.798216,56.603922,223.52845,0,0
4930,6,-5,3,9,-60.278687,32.195691,230.10909,0,0
4931,6,-5,3,10,-63.62782,5.5244392,236.36259,0,0
4932,6,-5,4,2,-28.691237,106.53253,198.06876,0,19
4933,6,-5,4,3,-32.880083,96.430394,206.52317,0,19
4934,6,-5,4,4,-36.983024,84.041886,214.62867,0,0
4935,6,-5,4,5,-40.981992,69.424627,222.40397,0,0
4936,6,-5,4,6,-44.866815,52.604373,229.86791,0,0
4937,6,-5,4,7,-48.633816,33.564671,237.04055,0,0
4938,6,-5,4,8,-52.284344,12.23659,243.94402,0,0
4939,6,-5,5,2,-26.970079,47.660546,217.49934,0,19
4940,6,-5,5,3,-30.794248,38.724322,225.84801,0,19
4941,6,-5,5,4,-34.595784,27.43433,233.88121,0,1
4942,6,-5,5,5,-38.35529,13.788429,241.63149,0,0
4943,6,-4,-1,2,-89.600491,349.43233,132.74656,0,3
4944,6,-4,-1,3,-88.398822,317.73974,146.38165,0,1
4945,6,-4,-1,4,-88.172425,287.73731,158.50028,0,1
4946,6,-4,-1,5,-88.505948,258.66366,169.39498,0,1
4947,6,-4,-1,6,-89.195351,230.03915,179.25989,0,1
4948,6,-4,-1,7,-90.127979,201.50206,188.23707,0,19
4949,6,-4,-1,8,-91.236581,172.74144,196.43605,0,19
4950,6,-4,-1,9,-92.478768,143.46224,203.94374,0,19
4951,6,-4,-1,10,-93.826797,113.36271,210.83003,0,19
4952,6,-4,-1,11,-95.262068,82.115568,217.15118,0,19
4953,6,-4,-1,12,-96.771987,49.348927,222.95195,0,19
4954,6,-4,-1,13,-98.348089,14.623721,228.26679,0,19
4955,6,-4,0,0,-51.652336,370.09668,138.23707,0,0
4956,6,-4,0,1,-57.480085,347.92612,151.35831,0,0
4957,6,-4,0,2,-61.990832,323.94729,163.72096,0,0
4958,6,-4,0,3,-65.702049,299.07277,175.22331,0,0
4959,6,-4,0,4,-68.908112,273.69237,185.87489,0,0
4960,6,-4,0,5,-71.781326,247.93521,195.72932,0,0
4961,6,-4,0,6,-74.42722,221.79388,204.8546,0,0
4962,6,-4,0,7,-76.913523,195.18216,213.32054,0,0
4963,6,-4,0,8,-79.285679,167.96117,221.19353,0,0
4964,6,-4,0,9,-81.57547,139.94943,228.53468,0,0
4965,6,-4,0,10,-83.806001,110.92383,235.39944,0,0
4966,6,-4,0,11,-85.994722,80.614336,241.83792,0,0
4967,6,-4,0,12,-88.155306,48.693056,247.89544,0,1
4968,6,-4,0,13,-90.298882,14.757048,253.61324,0,19
4969,6,-4,1,0,-29.510835,314.74076,171.67506,0,19
4970,6,-4,1,1,-36.885109,301.82035,182.19251,0,0
4971,6,-4,1,2,-43.294433,285.66432,192.42721,0,0
4972,6,-4,1,3,-48.861659,267.09983,202.26099,0,0
4973,6,-4,1,4,-53.739856,246.72672,211.63071,0,0
4974,6,-4,1,5,-58.071241,224.93424,220.51591,0,0
4975,6,-4,1,6,-61.973881,201.94443,228.92449,0,0
4976,6,-4,1,7,-65.541188,177.85316,236.88156,0,0
4977,6,-4,1,8,-68.84573,152.6602,244.42189,0,0
4978,6,-4,1,9,-71.943736,126.28787,251.58538,0,0
4979,6,-4,1,10,-74.879043,98.590207,258.41451,0,0
4980,6,-4,1,11,-77.686213,69.354081,264.95323,0,0
4981,6,-4,1,12,-80.392908,38.293013,271.24675,0,0
4982,6,-4,2,1,-26.134598,252.72857,209.16076,0,19
4983,6,-4,2,2,-32.279,241.30164,218.21254,0,19
4984,6,-4,2,3,-37.965664,227.22548,227.00154,0,0
4985,6,-4,2,4,-43.197071,210.89317,235.49534,0,0
4986,6,-4,2,5,-48.005835,192.61892,243.67845,0,0
4987,6,-4,2,6,-52.438646,172.62555,251.55127,0,0
4988,6,-4,2,7,-56.545874,151.04563,259.12725,0,0
4989,6,-4,2,8,-60.375862,127.92763,266.42991,0,0
4990,6,-4,2,9,-63.972343,103.242,273.4905,0,0
4991,6,-4,2,10,-67.373659,76.884138,280.34648,0,0
4992,6,-4,2,11,-70.612915,48.672798,287.04087,0,0
4993,6,-4,2,12,-73.718532,18.342451,293.62249,0,0
4994,6,-4,3,2,-26.171963,193.2267,241.39379,0,19
4995,6,-4,3,3,-31.421774,182.12364,249.60227,0,19
4996,6,-4,3,4,-36.429525,168.68433,257.59246,0,0
4997,6,-4,3,5,-41.179253,153.10033,265.36741,0,0
4998,6,-4,3,6,-45.672232,135.51973,272.9375,0,0
4999,6,-4,3,7,-49.921166,116.03587,280.32085,0,0
5000,6,-4,3,8,-53.945405,94.680668,287.54332,0,0
5001,6,-4,3,9,-57.767477,71.419926,294.63821,0,0
5002,6,-4,3,10,-61.410797,46.148216,301.64641,0,0
5003,6,-4,3,11,-64.898288,18.681076,308.61695,0,0
5004,6,-4,4,3,-27.798697,132.41953,270.54928,0,19
5005,6,-4,4,4,-32.407417,120.9249,278.33105,0,19
5006,6,-4,4,5,-36.880696,107.20743,285.96041,0,0
5007,6,-4,4,6,-41.202329,91.337118,293.46075,0,0
5008,6,-4,4,7,-45.365925,73.346822,300.86066,0,0
5009,6,-4,4,8,-49.372623,53.221872,308.19513,0,0
5010,6,-4,4,9,-53.228931,30.890212,315.50666,0,0
5011,6,-4,4,10,-56.944922,6.2115252,322.84669,0,0
5012,6,-4,5,3,-26.139826,77.404633,290.46952,0,19
5013,6,-4,5,4,-30.333747,67.114339,298.28903,0,19
5014,6,-4,5,5,-34.471628,54.534883,306.01066,0,3
5015,6,-4,5,6,-38.5335,39.669927,313.67134,0,0
5016,6,-4,5,7,-42.506088,22.489941,321.31288,0,0
5017,6,-4,6,3,-25.849287,15.238703,310.10071,0,19
5018,6,-4,6,4,-29.665693,5.534962,318.19485,0,19
5019,6,-3,-1,2,-89.524198,366.04833,201.20005,0,3
5020,6,-3,-1,3,-88.251511,335.84721,212.84079,0,1
5021,6,-3,-1,4,-88.036717,306.88656,223.4435,0,1
5022,6,-3,-1,5,-88.407731,278.64458,233.19555,0,1
5023,6,-3,-1,6,-89.140632,250.76678,242.23467,0,1
5024,6,-3,-1,7,-90.115354,222.96733,250.67088,0,19
5025,6,-3,-1,8,-91.26196,194.98812,258.59651,0,19
5026,6,-3,-1,9,-92.537271,166.57658,266.09178,0,19
5027,6,-3,-1,10,-93.913527,137.47022,273.22859,0,19
5028,6,-3,-1,11,-95.37241,107.38281,280.07345,0,19
5029,6,-3,-1,12,-96.901699,75.989685,286.68998,0,19
5030,6,-3,-1,13,-98.493298,42.909884,293.1414,0,19
5031,6,-3,0,1,-51.965984,373.69344,216.60911,0,0
5032,6,-3,0,2,-58.369875,349.83656,227.5203,0,0
5033,6,-3,0,3,-63.219206,324.80705,237.82421,0,0
5034,6,-3,0,4,-67.153117,299.24601,247.50481,0,0
5035,6,-3,0,5,-70.517331,273.38137,256.6045,0,0
5036,6,-3,0,6,-73.50909,247.2478,265.18594,0,0
5037,6,-3,0,7,-76.247565,220.78066,273.31722,0,0
5038,6,-3,0,8,-78.80867,193.85656,281.06643,0,0
5039,6,-3,0,9,-81.243117,166.30982,288.50012,0,0
5040,6,-3,0,10,-83.586265,137.93699,295.68352,0,0
5041,6,-3,0,11,-85.863772,108.49412,302.68167,0,0
5042,6,-3,0,12,-88.094975,77.688589,309.56117,0,1
5043,6,-3,0,13,-90.295004,45.165497,316.39254,0,19
5044,6,-3,0,14,-92.476159,10.487198,323.2533,0,19
5045,6,-3,1,1,-29.282136,330.39826,243.88417,0,19
5046,6,-3,1,2,-37.605539,314.77963,253.15199,0,0
5047,6,-3,1,3,-44.613817,296.27824,262.18504,0,0
5048,6,-3,1,4,-50.55394,275.75961,270.91136,0,0
5049,6,-3,1,5,-55.666883,253.78004,279.3096,0,0
5050,6,-3,1,6,-60.149818,230.65932,287.39151,0,0
5051,6,-3,1,7,-64.153655,206.5504,295.18886,0,0
5052,6,-3,1,8,-67.791297,181.48896,302.74527,0,0
5053,6,-3,1,9,-71.147032,155.42416,310.11184,0,0
5054,6,-3,1,10,-74.284298,128.2352,317.34533,0,0
5055,6,-3,1,11,-77.251499,99.737568,324.50794,0,0
5056,6,-3,1,12,-80.086193,69.681013,331.66847,0,0
5057,6,-3,1,13,-82.818085,37.739981,338.90452,0,0
5058,6,-3,2,2,-26.320252,271.25475,276.95789,0,19
5059,6,-3,2,3,-33.145259,257.62586,285.18959,0,19
5060,6,-3,2,4,-39.332484,241.49848,293.25557,0,0
5061,6,-3,2,5,-44.923264,223.30939,301.14299,0,0
5062,6,-3,2,6,-49.987139,203.37811,308.85805,0,0
5063,6,-3,2,7,-54.600775,181.90954,316.4227,0,0
5064,6,-3,2,8,-58.836988,159.00649,323.87144,0,0
5065,6,-3,2,9,-62.760228,134.68274,331.24904,0,0
5066,6,-3,2,10,-66.425557,108.87234,338.60957,0,0
5067,6,-3,2,11,-69.879242,81.433381,346.01657,0,0
5068,6,-3,2,12,-73.159943,52.145448,353.54458,0,0
5069,6,-3,2,13,-76.300029,20.699877,361.28192,0,0
5070,6,-3,3,3,-26.701149,213.1208,306.84224,0,19
5071,6,-3,3,4,-32.452282,200.16353,314.56408,0,19
5072,6,-3,3,5,-37.859586,184.95161,322.19355,0,0
5073,6,-3,3,6,-42.92166,167.70098,329.74748,0,0
5074,6,-3,3,7,-47.655919,148.56655,337.25317,0,0
5075,6,-3,3,8,-52.090238,127.63485,344.74831,0,0
5076,6,-3,3,9,-56.257006,104.92116,352.28104,0,0
5077,6,-3,3,10,-60.189376,80.367529,359.91049,0,0
5078,6,-3,3,11,-63.919151,53.838928,367.70827,0,0
5079,6,-3,3,12,-67.475764,25.115317,375.76112,0,0
5080,6,-3,4,4,-28.599538,153.33834,335.23346,0,19
5081,6,-3,4,5,-33.594733,140.21635,342.84287,0,19
5082,6,-3,4,6,-38.391472,124.92195,350.45365,0,0
5083,6,-3,4,7,-42.98006,107.53482,358.10388,0,0
5084,6,-3,4,8,-47.361977,88.088136,365.84109,0,0
5085,6,-3,4,9,-51.546436,66.558807,373.72382,0,0
5086,6,-3,4,10,-55.547526,42.858293,381.82359,0,0
5087,6,-3,4,11,-59.382053,16.821825,390.22788,0,0
5088,6,-3,5,4,-26.804075,100.98398,355.89883,0,19
5089,6,-3,5,5,-31.352446,89.177899,363.71238,0,19
5090,6,-3,5,6,-35.801181,75.108949,371.60462,0,1
5091,6,-3,5,7,-40.132142,58.785042,379.62737,0,0
5092,6,-3,5,8,-44.335446,40.175048,387.84292,0,0
5093,6,-3,5,9,-48.408013,19.196647,396.32666,0,0
5094,6,-3,6,4,-26.439791,41.774845,377.41846,0,19
5095,6,-3,6,5,-30.576104,30.60471,385.67629,0,19
5096,6,-3,6,6,-34.675864,17.046109,394.10649,0,1
5097,6,-2,-1,3,-91.710091,352.18963,272.36166,0,19
5098,6,-2,-1,4,-90.83737,323.8158,281.81888,0,19
5099,6,-2,-1,5,-90.794253,296.00831,290.70027,0,19
5100,6,-2,-1,6,-91.245098,268.51067,299.11055,0,19
5101,6,-2,-1,7,-92.016161,241.09259,307.14132,0,19
5102,6,-2,-1,8,-93.008932,213.53217,314.87556,0,19
5103,6,-2,-1,9,-94.163802,185.60438,322.39103,0,19
5104,6,-2,-1,10,-95.442971,157.07106,329.7631,0,19
5105,6,-2,-1,11,-96.821679,127.6707,337.0676,0,19
5106,6,-2,-1,12,-98.283397,97.10651,344.38378,0,19
5107,6,-2,0,2,-57.691841,376.10552,285.5574,0,0
5108,6,-2,0,3,-63.505308,349.84082,294.96338,0,0
5109,6,-2,0,4,-67.901419,323.30544,303.88817,0,0
5110,6,-2,0,5,-71.500736,296.72088,312.38823,0,0
5111,6,-2,0,6,-74.615353,270.09034,320.53456,0,0
5112,6,-2,0,7,-77.417237,243.32197,328.40095,0,0
5113,6,-2,0,8,-80.00858,216.2742,336.06098,0,0
5114,6,-2,0,9,-82.454037,188.77194,343.58807,0,0
5115,6,-2,0,10,-84.796764,160.61023,351.05695,0,0
5116,6,-2,0,11,-87.06696,131.55115,358.54576,0,0
5117,6,-2,0,12,-89.2867,101.31597,366.139,0,1
5118,6,-2,0,13,-91.472807,69.572689,373.93116,0,19
5119,6,-2,0,14,-93.638647,35.91782,382.03173,0,19
5120,6,-2,1,2,-33.136175,343.84951,309.13596,0,19
5121,6,-2,1,3,-41.959933,324.77876,317.59158,0,0
5122,6,-2,1,4,-49.10237,303.48055,325.83475,0,0
5123,6,-2,1,5,-55.007887,280.73391,333.85749,0,0
5124,6,-2,1,6,-60.018827,256.96054,341.68584,0,0
5125,6,-2,1,7,-64.379976,232.35544,349.36484,0,0
5126,6,-2,1,8,-68.263325,206.97018,356.95061,0,0
5127,6,-2,1,9,-71.79043,180.76041,364.50701,0,0
5128,6,-2,1,10,-75.048568,153.61059,372.10489,0,0
5129,6,-2,1,11,-78.101685,125.34452,379.82321,0,0
5130,6,-2,1,12,-80.997677,95.726004,387.75143,0,0
5131,6,-2,1,13,-83.773262,64.45169,395.99331,0,0
5132,6,-2,1,14,-86.457285,31.135982,404.67248,0,0
5133,6,-2,2,3,-29.385716,286.58904,339.44732,0,19
5134,6,-2,2,4,-36.703613,270.3229,347.23305,0,0
5135,6,-2,2,5,-43.171686,251.82468,354.92922,0,0
5136,6,-2,2,6,-48.902932,231.54043,362.55532,0,0
5137,6,-2,2,7,-54.020212,209.75897,370.14745,0,0
5138,6,-2,2,8,-58.636176,186.63698,377.75485,0,0
5139,6,-2,2,9,-62.846653,162.22374,385.43787,0,0
5140,6,-2,2,10,-66.730373,136.47936,393.26776,0,0
5141,6,-2,2,11,-70.351106,109.2848,401.32785,0,0
5142,6,-2,2,12,-73.760372,80.444117,409.71633,0,0
5143,6,-2,2,13,-76.999988,49.678671,418.55075,0,0
5144,6,-2,2,14,-80.104229,16.61266,427.97464,0,0
5145,6,-2,3,4,-29.47645,229.13088,368.11503,0,19
5146,6,-2,3,5,-35.625607,214.0393,375.71081,0,1
5147,6,-2,3,6,-41.309455,196.81182,383.32727,0,0
5148,6,-2,3,7,-46.554928,177.67584,391.00519,0,0
5149,6,-2,3,8,-51.404641,156.77649,398.7974,0,0
5150,6,-2,3,9,-55.906797,134.17605,406.76903,0,0
5151,6,-2,3,10,-60.109255,109.85586,414.99853,0,0
5152,6,-2,3,11,-64.056532,83.716547,423.58008,0,0
5153,6,-2,3,12,-67.788609,55.57433,432.62742,0,0
5154,6,-2,3,13,-71.340757,25.151034,442.27979,0,0
5155,6,-2,4,4,-25.682978,182.41341,388.93796,0,19
5156,6,-2,4,5,-31.258882,169.70517,396.6509,0,19
5157,6,-2,4,6,-36.575126,154.74164,404.46572,0,0
5158,6,-2,4,7,-41.61841,137.65282,412.43304,0,0
5159,6,-2,4,8,-46.391954,118.51998,420.61559,0,0
5160,6,-2,4,9,-50.909928,97.365051,429.0899,0,0
5161,6,-2,4,10,-55.192922,74.14231,437.94885,0,0
5162,6,-2,4,11,-59.264658,48.729656,447.30551,0,0
5163,6,-2,4,12,-63.149809,20.917044,457.29886,0,0
5164,6,-2,5,5,-29.103862,119.37694,418.47993,0,19
5165,6,-2,5,6,-33.972827,105.87454,426.71486,0,19
5166,6,-2,5,7,-38.688033,90.108183,435.20579,0,0
5167,6,-2,5,8,-43.236899,72.084589,444.03082,0,0
5168,6,-2,5,9,-47.61625,51.761679,453.28499,0,0
5169,6,-2,5,10,-51.83,29.035405,463.0845,0,0
5170,6,-2,6,5,-28.496319,62.151865,442.23605,0,19
5171,6,-2,6,6,-32.935961,49.359279,451.15733,0,19
5172,6,-2,6,7,-37.300834,34.149726,460.46839,0,0
5173,6,-2,6,8,-41.574272,16.45411,470.27079,0,0
5174,6,-1,-1,4,-97.200424,336.76391,336.88136,0,19
5175,6,-1,-1,5,-96.117141,309.57553,345.045,0,19
5176,6,-1,-1,6,-95.845938,282.51225,352.95088,0,19
5177,6,-1,-1,7,-96.089362,255.44369,360.67654,0,19
5178,6,-1,-1,8,-96.681042,228.20465,368.29877,0,19
5179,6,-1,-1,9,-97.52144,200.60603,375.89497,0,19
5180,6,-1,-1,10,-98.547887,172.43538,383.54534,0,19
5181,6,-1,0,3,-68.158711,372.89533,349.8425,0,0
5182,6,-1,0,4,-72.227768,344.93205,358.06592,0,0
5183,6,-1,0,5,-75.484112,317.32644,366.01522,0,8
5184,6,-1,0,6,-78.293142,289.96245,373.7715,0,8
5185,6,-1,0,7,-80.833272,262.6781,381.41393,0,32
5186,6,-1,0,8,-83.202155,235.28991,389.0209,0,0
5187,6,-1,0,9,-85.458091,207.59795,396.67215,0,0
5188,6,-1,0,10,-87.638416,179.38359,404.4514,0,0
5189,6,-1,0,11,-89.768523,150.40328,412.44958,0,3
5190,6,-1,0,12,-91.866648,120.37934,420.76871,0,19
5191,6,-1,0,13,-93.94658,88.986994,429.52699,0,19
5192,6,-1,0,14,-96.01929,55.836622,438.86549,0,19
5193,6,-1,0,15,-98.093957,20.448773,448.95748,0,19
5194,6,-1,1,2,-30.627468,372.8164,363.50268,0,19
5195,6,-1,1,3,-41.780754,352.55708,371.48095,0,8
5196,6,-1,1,4,-50.191847,329.87516,379.29767,0,8
5197,6,-1,1,5,-56.769548,305.85345,386.9803,0,8
5198,6,-1,1,6,-62.128747,281.00692,394.581,0,0
5199,6,-1,1,7,-66.661418,255.54424,402.16373,0,0
5200,6,-1,1,8,-70.61848,229.50551,409.79962,0,0
5201,6,-1,1,9,-74.16457,202.83025,417.56624,0,0
5202,6,-1,1,10,-77.411071,175.38937,425.54901,0,0
5203,6,-1,1,11,-80.435748,146.99808,433.84386,0,0
5204,6,-1,1,12,-83.294593,117.41735,442.56122,0,0
5205,6,-1,1,13,-86.029155,86.347297,451.83157,0,0
5206,6,-1,1,14,-88.671196,53.412794,461.81302,0,1
5207,6,-1,1,15,-91.245749,18.140191,472.70216,0,19
5208,6,-1,2,3,-27.120244,314.48016,392.60247,0,27
5209,6,-1,2,4,-35.788849,297.81025,400.20935,0,1
5210,6,-1,2,5,-43.219657,278.66836,407.78346,0,32
5211,6,-1,2,6,-49.615448,257.67804,415.37016,0,0
5212,6,-1,2,7,-55.183697,235.23182,423.02854,0,0
5213,6,-1,2,8,-60.102599,211.5422,430.82833,0,0
5214,6,-1,2,9,-64.514763,186.68714,438.8493,0,0
5215,6,-1,2,10,-68.531157,160.64163,447.18245,0,0
5216,6,-1,2,11,-72.237497,133.29588,455.93295,0,0
5217,6,-1,2,12,-75.700233,104.46233,465.22461,0,0
5218,6,-1,2,13,-78.971402,73.872996,475.2063,0,0
5219,6,-1,2,14,-82.092341,41.167453,486.0612,0,0
5220,6,-1,2,15,-85.096463,5.8697809,498.0199,0,0
5221,6,-1,3,4,-27.809315,256.27408,420.96867,0,19
5222,6,-1,3,5,-34.797445,241.1359,428.64035,0,1
5223,6,-1,3,6,-41.150986,223.70001,436.40696,0,0
5224,6,-1,3,7,-46.916875,204.28697,444.33034,0,0
5225,6,-1,3,8,-52.164101,183.11132,452.48484,0,0
5226,6,-1,3,9,-56.966669,160.28494,460.95779,0,0
5227,6,-1,3,10,-61.394697,135.82458,469.85133,0,0
5228,6,-1,3,11,-65.510701,109.65758,479.28611,0,0
5229,6,-1,3,12,-69.368713,81.622636,489.40682,0,0
5230,6,-1,3,13,-73.014774,51.463526,500.39034,0,0
5231,6,-1,3,14,-76.487963,18.813906,512.45742,0,0
5232,6,-1,4,5,-30.105365,196.67042,450.15177,0,19
5233,6,-1,4,6,-35.989318,181.88312,458.29667,0,1
5234,6,-1,4,7,-41.513629,164.87846,466.6944,0,0
5235,6,-1,4,8,-46.686408,145.79184,475.42848,0,0
5236,6,-1,4,9,-51.530923,124.69195,484.5989,0,0
5237,6,-1,4,10,-56.078396,101.57278,494.32526,0,0
5238,6,-1,4,11,-60.36307,76.346644,504.75178,0,0
5239,6,-1,4,12,-64.419182,48.83506,516.05475,0,0
5240,6,-1,4,13,-68.279315,18.754157,528.4534,0,0
5241,6,-1,5,5,-27.904405,146.37958,473.21902,0,19
5242,6,-1,5,6,-33.232223,133.31729,481.96127,0,19
5243,6,-1,5,7,-38.358892,117.91857,491.07744,0,0
5244,6,-1,5,8,-43.269342,100.22749,500.66658,0,0
5245,6,-1,5,9,-47.961535,80.239256,510.84909,0,0
5246,6,-1,5,10,-52.44287,57.886095,521.77179,0,0
5247,6,-1,5,11,-56.727011,33.022475,533.61533,0,0
5248,6,-1,6,5,-27.379838,89.639383,499.09649,0,19
5249,6,-1,6,6,-32.189591,77.477118,508.71827,0,19
5250,6,-1,6,7,-36.899087,62.860465,518.87741,0,0
5251,6,-1,6,8,-41.487689,45.747014,529.69907,0,0
5252,6,-1,6,9,-45.94375,26.046519,541.33744,0,0
5253,6,-1,7,5,-28.035775,24.271472,529.62895,0,19
5254,6,-1,7,6,-32.398926,12.208309,540.54332,0,19
5255,6,0,0,4,-81.778391,362.88854,412.29828,0,0
5256,6,0,0,5,-83.51513,334.44451,419.71349,0,0
5257,6,0,0,6,-85.259905,306.44977,427.1184,0,0
5258,6,0,0,7,-87.014472,278.68466,434.5917,0,0
5259,6,0,0,8,-88.780674,250.93336,442.21389,0,1
5260,6,0,0,9,-90.560461,222.97649,450.07024,0,19
5261,6,0,0,10,-92.355913,194.58338,458.25413,0,19
5262,6,0,0,11,-94.169265,165.50314,466.871,0,19
5263,6,0,0,12,-96.002939,135.45397,476.04333,0,19
5264,6,0,0,13,-97.859582,104.10944,485.91728,0,19
5265,6,0,1,4,-55.371732,354.97536,433.69805,0,0
5266,6,0,1,5,-62.104903,329.22228,441.01912,0,0
5267,6,0,1,6,-67.337338,302.97235,448.39097,0,0
5268,6,0,1,7,-71.646621,276.39203,455.89836,0,0
5269,6,0,1,8,-75.357826,249.47156,463.62709,0,0
5270,6,0,1,9,-78.665065,222.10904,471.66828,0,0
5271,6,0,1,10,-81.690724,194.14402,480.1225,0,0
5272,6,0,1,11,-84.515783,165.36887,489.10448,0,0
5273,6,0,1,12,-87.196198,135.52842,498.7489,0,0
5274,6,0,1,13,-89.772206,104.31172,509.21791,0,3
5275,6,0,1,14,-92.27387,71.336599,520.71152,0,19
5276,6,0,1,15,-94.72452,36.125382,533.48203,0,19
5277,6,0,2,3,-27.230809,341.90502,447.11253,0,19
5278,6,0,2,4,-37.490403,324.61576,454.62291,0,0
5279,6,0,2,5,-45.890125,304.50738,462.12515,0,0
5280,6,0,2,6,-52.833018,282.47106,469.71405,0,32
5281,6,0,2,7,-58.68513,259.03411,477.48599,0,0
5282,6,0,2,8,-63.729946,234.46751,485.53973,0,0
5283,6,0,2,9,-68.175394,208.86941,493.97992,0,0
5284,6,0,2,10,-72.171979,182.21752,502.92181,0,0
5285,6,0,2,11,-75.829219,154.3978,512.49698,0,0
5286,6,0,2,12,-79.227928,125.21642,522.86045,0,0
5287,6,0,2,13,-82.428859,94.399458,534.19989,0,0
5288,6,0,2,14,-85.478666,61.581672,546.7483,0,0
5289,6,0,2,15,-88.414032,26.283649,560.8018,0,1
5290,6,0,3,4,-27.989372,282.45515,475.58377,0,19
5291,6,0,3,5,-35.91703,267.17146,483.46401,0,1
5292,6,0,3,6,-42.961676,249.33845,491.49459,0,0
5293,6,0,3,7,-49.213879,229.40688,499.77207,0,0
5294,6,0,3,8,-54.791237,207.68165,508.4036,0,0
5295,6,0,3,9,-59.810229,184.33243,517.50801,0,0
5296,6,0,3,10,-64.37426,159.41097,527.21943,0,0
5297,6,0,3,11,-68.570524,132.8649,537.69323,0,0
5298,6,0,3,12,-72.470837,104.54432,549.11433,0,0
5299,6,0,3,13,-76.133889,74.199311,561.70862,0,0
5300,6,0,3,14,-79.607731,41.466915,575.75907,0,0
5301,6,0,3,15,-82.932046,5.8448299,591.62884,0,0
5302,6,0,4,5,-30.510548,222.19766,505.92959,0,19
5303,6,0,4,6,-37.010108,207.50478,514.58785,0,0
5304,6,0,4,7,-43.029767,190.43098,523.5955,0,0
5305,6,0,4,8,-48.589474,171.17943,533.06688,0,0
5306,6,0,4,9,-53.729366,149.87374,543.13562,0,0
5307,6,0,4,10,-58.498262,126.54981,553.95863,0,0
5308,6,0,4,11,-62.946455,101.15079,565.72283,0,0
5309,6,0,4,12,-67.121813,73.520302,578.65535,0,0
5310,6,0,4,13,-71.06802,43.390087,593.03841,0,0
5311,6,0,4,14,-74.824108,10.357888,609.23087,0,0
5312,6,0,5,5,-28.034324,171.4242,530.69716,0,19
5313,6,0,5,6,-33.865909,158.76632,540.19689,0,19
5314,6,0,5,7,-39.430987,143.6295,550.19399,0,0
5315,6,0,5,8,-44.713225,126.09894,560.81761,0,0
5316,6,0,5,9,-49.714391,106.20898,572.22432,0,0
5317,6,0,5,10,-54.448614,83.926534,584.60427,0,0
5318,6,0,5,11,-58.937546,59.135269,598.19084,0,0
5319,6,0,5,12,-63.206745,31.617349,613.2749,0,0
5320,6,0,6,5,-27.448295,114.5007,559.33051,0,19
5321,6,0,6,6,-32.666116,102.93801,569.97983,0,19
5322,6,0,6,7,-37.748653,88.8158,581.33471,0,0
5323,6,0,6,8,-42.670988,72.114988,593.55427,0,0
5324,6,0,6,9,-47.420452,52.770336,606.83585,0,0
5325,6,0,6,10,-51.99443,30.650849,621.42549,0,0
5326,6,0,6,11,-56.397994,5.5369179,637.63328,0,0
5327,6,0,7,5,-28.149175,49.354954,594.12913,0,19
5328,6,0,7,6,-32.848048,38.025341,606.41716,0,19
5329,6,0,7,7,-37.491393,23.96819,619.71616,0,0
5330,6,0,7,8,-42.05551,7.0634066,634.24131,0,0
5331,6,1,0,4,-98.401578,375.7819,468.44306,0,19
5332,6,1,0,5,-96.731165,347.39752,475.42583,0,19
5333,6,1,0,6,-96.284144,319.28765,482.58996,0,19
5334,6,1,0,7,-96.515762,291.33851,490.01914,0,19
5335,6,1,0,8,-97.165264,263.37992,497.80022,0,19
5336,6,1,0,9,-98.09339,235.21327,506.02837,0,19
5337,6,1,1,5,-72.938513,351.26385,498.30728,0,0
5338,6,1,1,6,-76.93426,323.34073,505.44176,0,0
5339,6,1,1,7,-80.244984,295.45284,512.91653,0,32
5340,6,1,1,8,-83.152056,267.48782,520.82667,0,0
5341,6,1,1,9,-85.80595,239.27509,529.27513,0,0
5342,6,1,1,10,-88.294675,210.60669,538.37917,0,1
5343,6,1,1,11,-90.673564,181.24031,548.2768,0,19
5344,6,1,1,12,-92.979634,150.89358,559.13455,0,19
5345,6,1,1,13,-95.239077,119.23213,571.15772,0,19
5346,6,1,1,14,-97.471452,85.851013,584.60451,0,19
5347,6,1,2,3,-31.652633,370.39478,505.63942,0,19
5348,6,1,2,4,-43.616753,352.21877,513.13329,0,0
5349,6,1,2,5,-52.686573,330.69674,520.59529,0,0
5350,6,1,2,6,-59.748895,307.16953,528.22042,0,0
5351,6,1,2,7,-65.461241,282.34681,536.1671,0,32
5352,6,1,2,8,-70.258051,256.55517,544.57511,0,0
5353,6,1,2,9,-74.421014,229.89645,553.58126,0,0
5354,6,1,2,10,-78.135458,202.333,563.33155,0,0
5355,6,1,2,11,-81.526571,173.72939,573.99186,0,0
5356,6,1,2,12,-84.681508,143.86898,585.75909,0,0
5357,6,1,2,13,-87.662882,112.4544,598.87465,0,0
5358,6,1,2,14,-90.517132,79.095264,613.64236,0,19
5359,6,1,2,15,-93.279865,43.282745,630.45376,0,19
5360,6,1,3,4,-30.997808,309.26763,534.72909,0,19
5361,6,1,3,5,-39.938184,293.77876,543.00718,0,32
5362,6,1,3,6,-47.612644,275.34246,551.46413,0,0
5363,6,1,3,7,-54.212441,254.61354,560.25829,0,0
5364,6,1,3,8,-59.947744,232.02846,569.55075,0,0
5365,6,1,3,9,-65.004736,207.83213,579.50854,0,0
5366,6,1,3,10,-69.534647,182.11414,590.31239,0,0
5367,6,1,3,11,-73.655975,154.83682,602.1673,0,0
5368,6,1,3,12,-77.460549,125.85057,615.31571,0,0
5369,6,1,3,13,-81.019698,94.895858,630.05462,0,0
5370,6,1,3,14,-84.389424,61.591592,646.75901,0,0
5371,6,1,3,15,-87.614429,25.407436,665.91523,0,0
5372,6,1,4,4,-25.298866,259.56836,557.84632,0,19
5373,6,1,4,5,-33.101913,247.97447,566.99978,0,19
5374,6,1,4,6,-40.255078,233.35781,576.45844,0,0
5375,6,1,4,7,-46.753439,216.09282,586.36379,0,0
5376,6,1,4,8,-52.644693,196.4789,596.87958,0,0
5377,6,1,4,9,-58.001087,174.71419,608.19203,0,0
5378,6,1,4,10,-62.901087,150.88652,620.515,0,0
5379,6,1,4,11,-67.419515,124.97127,634.09982,0,0
5380,6,1,4,12,-71.62334,96.827922,649.25036,0,0
5381,6,1,4,13,-75.570626,66.189844,666.34471,0,0
5382,6,1,4,14,-79.311052,32.64247,685.86681,0,0
5383,6,1,5,5,-29.942503,196.24039,594.21638,0,19
5384,6,1,5,6,-36.3318,184.0574,604.8775,0,0
5385,6,1,5,7,-42.359027,169.15895,616.17806,0,0
5386,6,1,5,8,-48.010354,151.68169,628.29355,0,0
5387,6,1,5,9,-53.297166,131.70807,641.43657,0,0
5388,6,1,5,10,-58.24654,109.24458,655.86458,0,0
5389,6,1,5,11,-62.893741,84.203149,671.89314,0,0
5390,6,1,5,12,-67.277056,56.381273,689.91634,0,0
5391,6,1,5,13,-71.434657,25.435505,710.43779,0,0
5392,6,1,6,5,-29.048865,138.55091,626.69852,0,19
5393,6,1,6,6,-34.726185,127.6878,638.9143,0,1
5394,6,1,6,7,-40.217033,114.07925,652.05173,0,0
5395,6,1,6,8,-45.492406,97.728443,666.32248,0,0
5396,6,1,6,9,-50.540343,78.593758,681.99178,0,0
5397,6,1,6,10,-55.362325,56.564667,699.3929,0,0
5398,6,1,6,11,-59.969549,31.434688,718.94904,0,0
5399,6,1,7,5,-29.639964,72.856015,667.44436,0,19
5400,6,1,7,6,-34.721403,62.352711,681.83824,0,1
5401,6,1,7,7,-39.720033,48.976413,697.57417,0,0
5402,6,1,7,8,-44.607449,32.610968,714.94062,0,0
5403,6,1,7,9,-49.365727,13.080566,734.30725,0,0
5404,6,2,1,5,-92.403867,373.66585,561.79639,0,19
5405,6,2,1,6,-92.78924,343.62076,568.67009,0,19
5406,6,2,1,7,-93.689466,314.14701,576.19011,0,19
5407,6,2,1,8,-94.876634,284.92081,584.4416,0,19
5408,6,2,1,9,-96.245154,255.65799,593.53457,0,19
5409,6,2,1,10,-97.740103,226.08036,603.60623,0,19
5410,6,2,2,5,-66.721289,360.8524,586.97898,0,0
5411,6,2,2,6,-72.552281,334.78062,594.58614,0,0
5412,6,2,2,7,-77.083055,307.76945,602.74094,0,0
5413,6,2,2,8,-80.849954,280.13116,611.63219,0,8
5414,6,2,2,9,-84.14163,251.90699,621.43228,0,0
5415,6,2,2,10,-87.124629,222.9961,632.32423,0,0
5416,6,2,2,11,-89.901401,193.20635,644.5199,0,3
5417,6,2,2,12,-92.538704,162.27009,658.27691,0,19
5418,6,2,2,13,-95.082415,129.84075,673.91862,0,19
5419,6,2,2,14,-97.565727,95.475488,691.86092,0,19
5420,6,2,3,3,-26.8274,351.45446,593.36435,0,19
5421,6,2,3,4,-38.902929,340.61905,602.48166,0,0
5422,6,2,3,5,-48.77384,324.76074,611.44207,0,0
5423,6,2,3,6,-56.75045,305.26978,620.54348,0,0
5424,6,2,3,7,-63.281006,283.19462,630.07382,0,8
5425,6,2,3,8,-68.757804,259.1967,640.29465,0,0
5426,6,2,3,9,-73.475732,233.62923,651.45346,0,0
5427,6,2,3,10,-77.645431,206.62242,663.80385,0,0
5428,6,2,3,11,-81.415959,178.14218,677.62705,0,0
5429,6,2,3,12,-84.893841,148.02128,693.25515,0,0
5430,6,2,3,13,-88.156713,115.96782,711.09887,0,1
5431,6,2,3,14,-91.262611,81.553746,731.68458,0,19
5432,6,2,3,15,-94.256237,44.182163,755.70746,0,19
5433,6,2,4,4,-30.273802,288.3458,627.41204,0,27
5434,6,2,4,5,-39.04722,277.49855,637.84149,0,8
5435,6,2,4,6,-46.851597,262.98563,648.58459,0,0
5436,6,2,4,7,-53.728424,245.36827,659.86474,0,0
5437,6,2,4,8,-59.793343,225.11242,671.93522,0,0
5438,6,2,4,9,-65.183136,202.53998,685.07454,0,0
5439,6,2,4,10,-70.027602,177.8186,699.59339,0,0
5440,6,2,4,11,-74.43876,150.96628,715.85082,0,0
5441,6,2,4,12,-78.509132,121.85517,734.27914,0,0
5442,6,2,4,13,-82.313828,90.205427,755.41943,0,0
5443,6,2,5,4,-26.942409,232.21719,656.80418,0,19
5444,6,2,5,5,-34.418471,224.09604,668.73083,0,3
5445,6,2,5,6,-41.434873,212.63789,681.2695,0,0
5446,6,2,5,7,-47.936974,198.06844,694.62164,0,0
5447,6,2,5,8,-53.92425,180.60202,709.04104,0,0
5448,6,2,5,9,-59.431318,160.39541,724.83664,0,0
5449,6,2,5,10,-64.511129,137.51452,742.38247,0,0
5450,6,2,5,11,-69.223089,111.90958,762.13755,0,0
5451,6,2,6,4,-26.349973,171.70699,693.19738,0,19
5452,6,2,6,5,-32.772726,164.97541,706.95759,0,19
5453,6,2,6,6,-38.988666,155.15785,721.72043,0,0
5454,6,2,6,7,-44.936964,142.29059,737.71751,0,0
5455,6,2,6,8,-50.586119,126.40132,755.24943,0,0
5456,6,2,7,4,-27.374063,104.27957,740.38123,0,19
5457,6,2,7,5,-32.991414,98.008904,756.70273,0,19
5458,6,3,2,6,-96.333141,374.86702,676.09448,0,19
5459,6,3,2,7,-96.686382,342.51812,683.96093,0,19
5460,6,3,2,8,-97.612007,311.07376,693.25506,0,19
5461,6,3,2,9,-98.851125,279.9439,704.07001,0,27
5462,6,3,3,5,-67.786703,372.69698,697.68485,0,0
5463,6,3,3,6,-74.468692,349.82924,707.35823,0,0
5464,6,3,3,7,-79.483246,324.24733,717.61284,0,0
5465,6,3,3,8,-83.535554,297.04412,728.93375,0,8
5466,6,3,3,9,-87.009804,268.66323,741.70044,0,0
5467,6,3,3,10,-90.123022,239.20207,756.27275,0,19
5468,6,3,4,3,-29.75012,333.33273,701.62126,0,19
5469,6,3,4,4,-41.248073,329.90988,714.60434,0,0
5470,6,3,4,5,-51.154046,320.51813,727.40027,0,0
5471,6,3,4,6,-59.416672,306.02573,740.30529,0,0
5472,6,3,4,7,-66.271065,287.48214,753.7465,0,8
5473,6,3,4,8,-72.030531,265.78222,768.19475,0,0
5474,6,3,5,3,-25.590208,270.34211,733.93484,0,19
5475,6,3,5,4,-34.669252,268.95454,748.62771,0,1
5476,6,3,5,5,-43.168409,263.17553,763.83714,0,0
5477,6,-5,0,-4,-84.932826,542.07788,13.491169,1,0
5478,6,-5,1,-6,-94.750704,658.6718,18.793375,1,19
5479,6,-5,2,-8,-93.9585,764.55144,7.6678258,1,19
5480,6,-4,-1,-8,-40.759367,607.89986,16.222962,1,0
5481,6,-4,-1,-7,-38.621143,573.23946,31.984589,1,0
5482,6,-4,-1,-6,-32.601126,534.09133,45.053425,1,19
5483,6,-4,0,-10,-60.240736,710.76242,12.987774,1,0
5484,6,-4,0,-9,-63.355188,679.71403,33.364095,1,0
5485,6,-4,0,-8,-66.828556,650.7331,51.184687,1,0
5486,6,-4,0,-7,-70.871989,623.73282,66.911292,1,0
5487,6,-4,0,-6,-75.857327,598.92886,80.933093,1,0
5488,6,-4,0,-5,-82.467074,577.05378,93.612918,1,0
5489,6,-4,0,-4,-91.928813,559.7558,105.34044,1,19
5490,6,-4,1,-11,-70.769883,785.94502,19.977928,1,0
5491,6,-4,1,-10,-74.878393,754.05005,42.648203,1,0
5492,6,-4,1,-9,-79.422266,725.23622,62.423136,1,0
5493,6,-4,1,-8,-84.542817,699.28966,79.857084,1,0
5494,6,-4,1,-7,-90.423282,676.20774,95.389849,1,19
5495,6,-4,1,-6,-97.289755,656.2079,109.38186,1,19
5496,6,-4,2,-9,-90.255512,777.32633,86.140314,1,19
5497,6,-4,2,-8,-95.700815,752.89485,103.42769,1,19
5498,6,-3,-2,-11,-28.906558,732.05667,15.567825,1,19
5499,6,-3,-2,-10,-28.130813,697.73369,37.182314,1,19
5500,6,-3,-2,-9,-26.559294,665.19175,55.941603,1,19
5501,6,-3,-1,-12,-43.642701,773.98215,30.377487,1,0
5502,6,-3,-1,-11,-44.942368,737.53336,53.070092,1,0
5503,6,-3,-1,-10,-46.047686,703.39957,72.719442,1,0
5504,6,-3,-1,-9,-46.889147,670.99419,89.880581,1,0
5505,6,-3,-1,-8,-47.34562,639.8102,104.97491,1,0
5506,6,-3,-1,-7,-47.188694,609.35579,118.32358,1,0
5507,6,-3,-1,-6,-45.931101,579.04196,130.16446,1,0
5508,6,-3,-1,-5,-42.291469,547.8359,140.64088,1,0
5509,6,-3,-1,-4,-30.877972,512.02003,149.61864,1,19
5510,6,-3,0,-12,-56.950421,792.10905,63.206836,1,0
5511,6,-3,0,-11,-59.61556,756.32855,84.375282,1,0
5512,6,-3,0,-10,-62.425248,723.15826,102.81753,1,0
5513,6,-3,0,-9,-65.449392,692.11292,119.04074,1,0
5514,6,-3,0,-8,-68.795627,662.85174,133.43846,1,0
5515,6,-3,0,-7,-72.639452,635.17568,146.32436,1,0
5516,6,-3,0,-6,-77.285502,609.06476,157.95833,1,0
5517,6,-3,0,-5,-83.298288,584.79315,168.57074,1,0
5518,6,-3,0,-4,-91.779304,563.21578,178.39323,1,19
5519,6,-3,1,-11,-71.767917,786.78406,110.85016,1,0
5520,6,-3,1,-10,-75.673784,754.6855,128.59783,1,0
5521,6,-3,1,-9,-79.985342,725.23412,144.29807,1,0
5522,6,-3,1,-8,-84.840009,698.18323,158.32807,1,0
5523,6,-3,1,-7,-90.425274,673.46132,170.99084,1,19
5524,6,-3,1,-6,-96.992918,651.19386,182.53777,1,19
5525,6,-3,2,-9,-90.262687,767.98771,166.32994,1,19
5526,6,-3,2,-8,-95.536632,742.51969,180.20545,1,19
5527,6,-2,-2,-11,-32.332432,758.48206,102.02654,1,19
5528,6,-2,-2,-10,-31.997243,725.34271,119.63656,1,19
5529,6,-2,-2,-9,-31.098855,694.28533,135.17508,1,19
5530,6,-2,-2,-8,-29.427457,664.96223,149.00783,1,19
5531,6,-2,-2,-7,-26.653715,637.15594,161.42655,1,19
5532,6,-2,-1,-12,-45.216546,791.21124,115.6006,1,0
5533,6,-2,-1,-11,-46.519174,755.42009,133.8753,1,0
5534,6,-2,-1,-10,-47.659489,721.9619,149.9339,1,0
5535,6,-2,-1,-9,-48.586785,690.31942,164.17865,1,0
5536,6,-2,-1,-8,-49.217761,660.0702,176.92207,1,0
5537,6,-2,-1,-7,-49.407907,630.85535,188.41083,1,0
5538,6,-2,-1,-6,-48.885749,602.35219,198.84206,1,0
5539,6,-2,-1,-5,-47.078278,574.23971,208.37427,1,0
5540,6,-2,-1,-4,-42.536229,546.11922,217.13212,1,0
5541,6,-2,-1,-3,-30.19593,517.14584,225.19248,1,19
5542,6,-2,0,-11,-59.768878,765.82884,161.36654,1,0
5543,6,-2,0,-10,-62.343711,732.72324,176.41807,1,0
5544,6,-2,0,-9,-65.075335,701.56756,189.84843,1,0
5545,6,-2,0,-8,-68.040957,671.99047,201.94339,1,0
5546,6,-2,0,-7,-71.364922,643.71609,212.93168,1,0
5547,6,-2,0,-6,-75.261981,616.56813,223.00105,1,0
5548,6,-2,0,-5,-80.135522,590.51044,232.31134,1,0
5549,6,-2,0,-4,-86.824098,565.77838,241.00859,1,0
5550,6,-2,0,-3,-97.270942,543.28678,249.24886,1,19
5551,6,-2,1,-11,-71.071749,788.62875,185.62587,1,0
5552,6,-2,1,-10,-74.675604,756.21795,200.05343,1,0
5553,6,-2,1,-9,-78.631687,726.14213,212.9955,1,0
5554,6,-2,1,-8,-83.065286,698.1117,224.72435,1,0
5555,6,-2,1,-7,-88.15488,671.97655,235.46014,1,1
5556,6,-2,1,-6,-94.157752,647.74565,245.38601,1,19
5557,6,-2,2,-10,-84.117207,790.97601,221.54783,1,0
5558,6,-2,2,-9,-88.633498,761.89109,234.22563,1,1
5559,6,-2,2,-8,-93.617525,735.33868,245.76479,1,19
5560,6,-1,-2,-11,-33.368241,780.7384,174.28993,1,19
5561,6,-1,-2,-10,-33.159869,748.14843,189.05523,1,19
5562,6,-1,-2,-9,-32.484615,717.7882,202.2695,1,19
5563,6,-1,-2,-8,-31.193734,689.35259,214.2138,1,19
5564,6,-1,-2,-7,-29.06885,662.67036,225.1151,1,19
5565,6,-1,-2,-6,-25.785189,637.72622,235.16226,1,19
5566,6,-1,-1,-11,-46.170123,772.05256,202.65318,1,0
5567,6,-1,-1,-10,-47.16289,738.91524,216.14056,1,0
5568,6,-1,-1,-9,-47.934323,707.67089,228.28264,1,0
5569,6,-1,-1,-8,-48.406114,677.93593,239.32077,1,0
5570,6,-1,-1,-7,-48.450501,649.40545,249.44921,1,0
5571,6,-1,-1,-6,-47.846771,621.84477,258.82765,1,0
5572,6,-1,-1,-5,-46.183359,595.09953,267.5908,1,0
5573,6,-1,-1,-4,-42.61063,569.14865,275.85687,1,0
5574,6,-1,-1,-3,-35.127855,544.29843,283.73872,1,1
5575,6,-1,0,-11,-58.321706,776.5203,227.88033,1,0
5576,6,-1,0,-10,-60.551887,743.33182,240.49151,1,0
5577,6,-1,0,-9,-62.857113,712.01935,251.91295,1,0
5578,6,-1,0,-8,-65.277424,682.19352,262.36263,1,0
5579,6,-1,0,-7,-67.875677,653.53682,272.01687,1,0
5580,6,-1,0,-6,-70.758117,625.78987,281.02125,1,0
5581,6,-1,0,-5,-74.121484,598.74876,289.49868,1,0
5582,6,-1,0,-4,-78.376689,572.28366,297.55606,1,0
5583,6,-1,0,-3,-84.541303,546.4245,305.29079,1,0
5584,6,-1,0,-2,-95.870897,521.76257,312.8032,1,19
5585,6,-1,1,-10,-72.166907,760.68554,262.99401,1,0
5586,6,-1,1,-9,-75.648472,729.98159,273.9406,1,0
5587,6,-1,1,-8,-79.505088,701.08529,284.01909,1,0
5588,6,-1,1,-7,-83.885632,673.77025,293.39634,1,0
5589,6,-1,1,-6,-89.015563,647.92562,302.21149,1,1
5590,6,-1,1,-5,-95.246306,623.59139,310.58382,1,19
5591,6,-1,2,-10,-81.372124,789.90801,284.35156,1,0
5592,6,-1,2,-9,-85.498406,759.97609,294.98837,1,0
5593,6,-1,2,-8,-90.048166,732.30621,304.83149,1,19
5594,6,-1,2,-7,-95.141321,706.7304,314.04102,1,19
5595,6,-1,3,-8,-97.156117,774.00157,325.39542,1,19
5596,6,0,-2,-10,-32.502313,770.89539,251.08335,1,19
5597,6,0,-2,-9,-31.843001,740.81274,262.51867,1,19
5598,6,0,-2,-8,-30.643651,712.81059,273.01021,1,19
5599,6,0,-2,-7,-28.740763,686.72109,282.73799,1,19
5600,6,0,-2,-6,-25.90621,662.51694,291.85166,1,19
5601,6,0,-1,-11,-44.382042,790.40515,264.61673,1,0
5602,6,0,-1,-10,-45.128479,757.29997,276.12583,1,0
5603,6,0,-1,-9,-45.622986,726.2121,286.64783,1,0
5604,6,0,-1,-8,-45.784232,696.77845,296.37373,1,0
5605,6,0,-1,-7,-45.486671,668.72548,305.45956,1,0
5606,6,0,-1,-6,-44.528542,641.86736,314.03569,1,0
5607,6,0,-1,-5,-42.569389,616.12606,322.21393,1,0
5608,6,0,-1,-4,-39.001865,591.59536,330.09309,1,0
5609,6,0,-1,-3,-32.684534,568.70971,337.76378,1,19
5610,6,0,0,-11,-55.588301,790.2289,288.55116,1,0
5611,6,0,0,-10,-57.401653,756.78746,299.27116,1,0
5612,6,0,0,-9,-59.197105,725.25107,309.14218,1,0
5613,6,0,0,-8,-60.976893,695.2217,318.33525,1,0
5614,6,0,0,-7,-62.743095,666.36794,326.99101,1,0
5615,6,0,0,-6,-64.497662,638.4068,335.22786,1,0
5616,6,0,0,-5,-66.242437,611.09013,343.14798,1,0
5617,6,0,0,-4,-67.979176,584.19404,350.84204,1,0
5618,6,0,0,-3,-69.709565,557.5104,358.39281,1,0
5619,6,0,0,-2,-71.435238,530.83957,365.87836,1,0
5620,6,0,0,-1,-73.157788,503.98379,373.37469,1,0
5621,6,0,1,-10,-68.36652,769.11166,321.36063,1,0
5622,6,0,1,-9,-71.274935,737.74842,330.75921,1,0
5623,6,0,1,-8,-74.425287,708.07654,339.57602,1,0
5624,6,0,1,-7,-77.917812,679.80749,347.94139,1,0
5625,6,0,1,-6,-81.907899,652.73293,355.96561,1,0
5626,6,0,1,-5,-86.649021,626.73543,363.74421,1,0
5627,6,0,1,-4,-92.578783,601.83008,371.36165,1,19
5628,6,0,2,-9,-80.986429,762.73792,352.16535,1,0
5629,6,0,2,-8,-84.953593,733.92518,360.69819,1,0
5630,6,0,2,-7,-89.372315,706.96877,368.84847,1,1
5631,6,0,2,-6,-94.391089,681.75673,376.71847,1,19
5632,6,0,3,-8,-92.412787,771.16425,382.39028,1,19
5633,6,0,3,-7,-97.083776,745.42631,390.36403,1,19
5634,6,1,-2,-9,-29.755885,765.73445,319.4917,1,19
5635,6,1,-2,-8,-28.508948,737.80741,328.78704,1,19
5636,6,1,-2,-7,-26.633987,711.95183,337.5527,1,19
5637,6,1,-1,-10,-41.913535,778.69532,333.29316,1,0
5638,6,1,-1,-9,-42.07553,747.48986,342.4634,1,0
5639,6,1,-1,-8,-41.86588,718.12627,351.09918,1,0
5640,6,1,-1,-7,-41.161592,690.34369,359.32561,1,0
5641,6,1,-1,-6,-39.777694,663.97904,367.24846,1,0
5642,6,1,-1,-5,-37.42823,638.98497,374.95887,1,0
5643,6,1,-1,-4,-33.660382,615.48007,382.53636,1,19
5644,6,1,-1,-3,-27.752344,593.85775,390.04956,1,19
5645,6,1,0,-10,-53.156375,774.0723,355.90898,1,0
5646,6,1,0,-9,-54.403267,742.15947,364.47843,1,0
5647,6,1,0,-8,-55.509413,711.86985,372.62854,1,0
5648,6,1,0,-7,-56.427406,682.86978,380.4719,1,0
5649,6,1,0,-6,-57.080168,654.88172,388.10579,1,0
5650,6,1,0,-5,-57.335216,627.67457,395.61671,1,0
5651,6,1,0,-4,-56.94669,601.06265,403.08392,1,0
5652,6,1,0,-3,-55.406856,574.92281,410.58187,1,0
5653,6,1,0,-2,-51.492845,549.26781,418.18099,1,0
5654,6,1,0,-1,-41.507034,524.5752,425.94205,1,0
5655,6,1,1,-10,-63.469016,782.08159,378.19354,1,0
5656,6,1,1,-9,-65.73854,749.95083,386.28432,1,0
5657,6,1,1,-8,-68.100946,719.5116,394.05388,1,0
5658,6,1,1,-7,-70.598536,690.42868,401.60461,1,0
5659,6,1,1,-6,-73.296387,662.42789,409.02599,1,0
5660,6,1,1,-5,-76.301078,635.28842,416.39857,1,0
5661,6,1,1,-4,-79.800996,608.84624,423.79692,1,0
5662,6,1,1,-3,-84.163021,583.02108,431.29126,1,0
5663,6,1,1,-2,-90.19928,557.91092,438.94662,1,19
5664,6,1,2,-9,-75.245703,770.44247,408.6076,1,0
5665,6,1,2,-8,-78.501793,740.41981,416.04381,1,0
5666,6,1,2,-7,-82.067951,712.10842,423.33707,1,0
5667,6,1,2,-6,-86.057555,685.31126,430.56701,1,0
5668,6,1,2,-5,-90.636867,659.93429,437.80386,1,19
5669,6,1,2,-4,-96.05533,636.01627,445.10955,1,19
5670,6,1,3,-8,-86.277674,773.45924,439.41108,1,0
5671,6,1,3,-7,-90.324476,746.09065,446.44702,1,19
5672,6,1,3,-6,-94.789953,720.74365,453.48244,1,19
5673,6,1,4,-7,-95.718742,791.20553,472.01854,1,19
5674,6,2,-2,-8,-25.216053,765.74479,384.35973,1,19
5675,6,2,-1,-9,-37.578596,772.45821,398.48721,1,0
5676,6,2,-1,-8,-36.988557,742.83054,406.12666,1,0
5677,6,2,-1,-7,-35.878238,715.00905,413.57619,1,1
5678,6,2,-1,-6,-34.082641,688.82712,420.91888,1,3
5679,6,2,-1,-5,-31.365577,664.23275,428.22687,1,19
5680,6,2,-1,-4,-27.388323,641.32092,435.56259,1,19
5681,6,2,0,-9,-48.718335,763.28794,420.57454,1,0
5682,6,2,0,-8,-49.165879,732.52416,427.76459,1,0
5683,6,2,0,-7,-49.284511,703.23682,434.87356,1,0
5684,6,2,0,-6,-48.950213,675.15285,441.97878,1,0
5685,6,2,0,-5,-47.964096,648.06211,449.15146,1,0
5686,6,2,0,-4,-45.989864,621.8246,456.45863,1,0
5687,6,2,0,-3,-42.421014,596.40383,463.9636,1,0
5688,6,2,0,-2,-36.079997,571.96557,471.72309,1,1
5689,6,2,1,-9,-59.250598,766.88011,443.16156,1,0
5690,6,2,1,-8,-60.797029,735.53161,449.96394,1,0
5691,6,2,1,-7,-62.27522,705.60355,456.78434,1,0
5692,6,2,1,-6,-63.663881,676.77615,463.69401,1,0
5693,6,2,1,-5,-64.926944,648.76847,470.76162,1,0
5694,6,2,1,-4,-65.999722,621.32266,478.05606,1,0
5695,6,2,1,-3,-66.75564,594.18554,485.64925,1,0
5696,6,2,1,-2,-66.911729,567.07565,493.61989,1,0
5697,6,2,1,-1,-65.680012,539.58418,502.06115,1,0
5698,6,2,1,0,-59.638223,510.60154,511.11558,1,0
5699,6,2,2,-9,-68.437843,783.24266,467.05988,1,0
5700,6,2,2,-8,-70.892182,751.8286,473.47542,1,0
5701,6,2,2,-7,-73.480978,722.07713,480.00099,1,0
5702,6,2,2,-6,-76.258952,693.70507,486.69716,1,0
5703,6,2,2,-5,-79.30889,666.50211,493.62226,1,0
5704,6,2,2,-4,-82.762426,640.33785,500.83324,1,0
5705,6,2,2,-3,-86.840967,615.19241,508.38486,1,0
5706,6,2,2,-2,-91.94063,591.23724,516.32548,1,19
5707,6,2,2,-1,-98.812617,569.03561,524.6841,1,19
5708,6,2,3,-8,-78.861432,780.83559,499.2742,1,0
5709,6,2,3,-7,-82.11856,751.60063,505.45764,1,0
5710,6,2,3,-6,-85.664264,724.21732,511.89368,1,0
5711,6,2,3,-5,-89.591683,698.55037,518.62635,1,3
5712,6,2,3,-4,-94.029083,674.58247,525.69689,1,19
5713,6,2,4,-7,-88.153779,793.26952,534.50599,1,1
5714,6,2,4,-6,-91.952396,766.65702,540.61937,1,19
5715,6,2,4,-5,-96.0807,742.27526,547.11986,1,19
5716,6,3,-1,-8,-31.373672,771.57334,464.2304,1,19
5717,6,3,-1,-7,-29.887025,743.25536,470.89479,1,19
5718,6,3,-1,-6,-27.723888,716.80506,477.66537,1,19
5719,6,3,0,-9,-42.322449,789.13286,480.31353,1,0
5720,6,3,0,-8,-42.155806,757.47828,486.50574,1,0
5721,6,3,0,-7,-41.557107,727.54056,492.86462,1,0
5722,6,3,0,-6,-40.382193,699.03023,499.44578,1,0
5723,6,3,0,-5,-38.414368,671.73258,506.30392,1,0
5724,6,3,0,-4,-35.317376,645.51365,513.49329,1,1
5725,6,3,0,-3,-30.552632,620.34849,521.06676,1,19
5726,6,3,1,-9,-51.987577,788.80213,504.3621,1,0
5727,6,3,1,-8,-52.734553,756.18427,510.15016,1,0
5728,6,3,1,-7,-53.234276,725.13752,516.2244,1,0
5729,6,3,1,-6,-53.398686,695.29473,522.63633,1,0
5730,6,3,1,-5,-53.08708,666.32512,529.44239,1,0
5731,6,3,1,-4,-52.060993,637.90835,536.70656,1,0
5732,6,3,1,-3,-49.882452,609.69594,544.50444,1,0
5733,6,3,1,-2,-45.649282,581.22775,552.93148,1,0
5734,6,3,1,-1,-37.138889,551.66505,562.12687,1,0
5735,6,3,2,-8,-62.321793,768.08757,536.03525,1,0
5736,6,3,2,-7,-63.872597,736.60006,541.7768,1,0
5737,6,3,2,-6,-65.354826,706.43876,547.96654,1,0
5738,6,3,2,-5,-66.745381,677.27263,554.65327,1,0
5739,6,3,2,-4,-68.004777,648.79538,561.89534,1,0
5740,6,3,2,-3,-69.061052,620.69938,569.76356,1,0
5741,6,3,2,-2,-69.769477,592.62994,578.34653,1,0
5742,6,3,2,-1,-69.789619,564.06722,587.76366,1,0
5743,6,3,2,0,-68.057875,533.84769,598.21336,1,0
5744,6,3,2,1,-56.835004,494.81187,610.4822,1,0
5745,6,3,3,-8,-70.292529,793.16144,565.36666,1,0
5746,6,3,3,-7,-72.625117,761.6306,570.66937,1,0
5747,6,3,3,-6,-75.060258,731.82413,576.53692,1,0
5748,6,3,3,-5,-77.638546,703.47379,583.00043,1,0
5749,6,3,3,-4,-80.419975,676.39258,590.09881,1,0
5750,6,3,3,-3,-83.49717,650.48678,597.87682,1,0
5751,6,3,3,-2,-87.019927,625.7938,606.38104,1,0
5752,6,3,3,-1,-91.241783,602.5704,615.65058,1,19
5753,6,3,3,0,-96.605878,581.48204,625.69587,1,19
5754,6,3,4,-6,-82.108975,770.35664,610.051,1,0
5755,6,3,4,-5,-85.262167,742.92511,616.18811,1,0
5756,6,3,4,-4,-88.68513,717.37993,623.06748,1,1
5757,6,3,4,-3,-92.460389,693.70959,630.71289,1,19
5758,6,3,4,-2,-96.696777,672.04621,639.14965,1,19
5759,6,3,5,-4,-93.55088,770.16364,663.4478,1,19
5760,6,3,5,-3,-97.34545,747.8553,670.98424,1,19
5761,6,4,0,-8,-34.605604,787.14849,552.42266,1,1
5762,6,4,0,-7,-33.37742,755.93231,557.90716,1,19
5763,6,4,0,-6,-31.499102,726.39011,563.89608,1,19
5764,6,4,0,-5,-28.761664,698.26517,570.42469,1,19
5765,6,4,1,-8,-44.062329,781.57207,578.39595,1,0
5766,6,4,1,-7,-43.658886,748.81461,583.59377,1,0
5767,6,4,1,-6,-42.729135,717.41189,589.4463,1,0
5768,6,4,1,-5,-41.069553,686.9591,595.99558,1,0
5769,6,4,1,-4,-38.351155,657.04839,603.30229,1,0
5770,6,4,1,-3,-34.005998,627.20693,611.45219,1,3
5771,6,4,1,-2,-26.960156,596.75847,620.5723,1,19
5772,6,4,2,-8,-52.943853,789.0968,607.88837,1,0
5773,6,4,2,-7,-53.448433,755.23952,612.70528,1,0
5774,6,4,2,-6,-53.631766,722.70507,618.33752,1,0
5775,6,4,2,-5,-53.365613,691.01021,624.82538,1,0
5776,6,4,2,-4,-52.43433,659.62917,632.23776,1,0
5777,6,4,2,-3,-50.441871,627.87915,640.6851,1,0
5778,6,4,2,-2,-46.554354,594.62391,650.35627,1,0
5779,6,4,2,-1,-38.516858,557.12174,661.66163,1,0
5780,6,4,3,-7,-61.988881,775.58217,646.72288,1,0
5781,6,4,3,-6,-63.170422,742.58126,651.97114,1,0
5782,6,4,3,-5,-64.1819,710.72911,658.23622,1,0
5783,6,4,3,-4,-64.952309,679.56591,665.56981,1,0
5784,6,4,3,-3,-65.357511,648.57453,674.06017,1,0
5785,6,4,3,-2,-65.157621,617.05225,683.84983,1,0
5786,6,4,3,-1,-63.807098,583.7499,695.18808,1,0
5787,6,4,3,0,-59.593585,545.26866,708.66078,1,0
5788,6,4,4,-6,-70.672314,776.71936,692.61965,1,0
5789,6,4,4,-5,-72.55446,745.11347,698.46687,1,0
5790,6,4,4,-4,-74.43842,714.86037,705.5504,1,0
5791,6,4,4,-3,-76.328102,685.65085,713.9185,1,0
5792,6,4,4,-2,-78.228462,657.21535,723.64907,1,0
5793,6,4,4,-1,-80.146484,629.31498,734.85128,1,0
5794,6,4,4,0,-82.09347,601.73848,747.66853,1,0
5795,6,4,4,1,-84.091258,574.31256,762.28135,1,0
5796,6,4,5,-4,-80.746931,763.91186,755.8656,1,0
5797,6,4,5,-3,-83.271667,735.99599,764.06716,1,0
5798,6,5,1,-7,-33.608542,776.42841,664.48828,1,19
5799,6,5,1,-6,-31.70722,742.43532,669.619,1,19
5800,6,5,1,-5,-28.895153,709.42742,675.88679,1,19
5801,6,5,2,-7,-42.300296,777.29658,699.13033,1,0
5802,6,5,2,-6,-41.21478,741.19531,704.05905,1,0
5803,6,5,2,-5,-39.34452,705.67737,710.3875,1,0
5804,6,5,2,-4,-36.306021,669.84194,718.22113,1,0
5805,6,5,2,-3,-31.372988,632.29606,727.78207,1,19
5806,6,5,3,-7,-50.268328,792.28351,741.14953,1,0
5807,6,5,3,-6,-50.077542,754.56486,745.63617,1,0
5808,6,5,3,-5,-49.333724,717.46666,751.81529,1,0
5809,6,5,3,-4,-47.760476,679.97472,759.80148,1,0
5810,6,-2,0,0,-34.540745,421.00589,269.05979,1,1
5811,6,-1,0,0,-26.598331,449.01548,326.87945,1,19
5812,6,-1,0,1,-52.264804,427.01433,334.19555,1,0
5813,6,0,0,1,-76.599778,448.89705,388.70937,1,8
5814,6,1,1,2,-44.635442,429.82658,473.85292,1,0
5815,6,2,1,3,-97.195168,435.01805,541.80401,1,19
