                                                                                            "fixed_sf1 "  PLATON-GENERAL   Page    1
====================================================================================================================================
PLATON(V- 60124)-Run for: fixed_sf1        P 6/m m m    R = 0.09                                          TIME: Sep 22  0:01:20 2026
====================================================================================================================================
                                                                                                              (C) 1980-2024 A.L.Spek
                                                       ============
====================================================== Crystal Data ================================================================
                                                       ============
                        Input Cell  (Lattice Type: P)   -   Temp = 293K             Reduced Cell     (Acta Cryst.(1976),A32,297-298)
---------------------------------------------------------------------------------   ------------------------------------------------
a =      39.19000  Angstrom                alpha =            90 Degree             a  =   16.610     alpha  =  120.00  V  = 22092.8
b =      39.19000                           beta =            90                    b  =   39.190     beta   =   90.00
c =      16.61000                          gamma =           120                    c  =   39.190     gamma  =   90.00

V      =22092.801 Cubic-Angstrom          d(100) =     33.9395   Angstrom                        Niggli Values
                                          d(010) =     33.9395                             275.892  1535.856  1535.856
Lambda(sync) =   0.68883 Angstrom         d(001) =     16.6100                            -767.928     0.000     0.000

                                                ==========================
=============================================== Orthogonalization Matrices =========================================================
                                                ==========================

(See e.g. J.D.Dunitz, Xray Analysis and Structure Determination of Organic Molecules, Cornell Univ. Press, 1979, P236)

(XO)   (  39.19000 -19.59500         0 ) (X)   ,   (X)   (   0.02552   0.01473         0 ) (XO)      Orthogonal Axes AO, BO and CO
(YO) = (         0  33.93953         0 )*(Y)   ,   (Y) = (         0   0.02946         0 )*(YO)             are defined as:
(ZO)   (         0         0  16.61000 ) (Z)   ,   (Z)   (         0         0   0.06020 ) (ZO)     AO // A, CO // C*, BO // CO X AO

                                                  ====================
================================================= Space Group Symmetry =============================================================
                                                  ====================

(See e.g. G. Burns & A.M. Glazer, Space Groups for Solid State Scientists, Academic Press, 1990 or Int. Tables A)

Space Group  H-M:  P6/mmm                                     Laue:6/mmm
Space Group Hall: -P 6 2                           [Schoenflies: D6h^1 ]
Lattice Type: hP,  Centric,    Hexagonal, Multiplicity:  24(12), No: 191

Non-Sohnke - No Absolute Structure

  Nr            ***** Symmetry Operation(s) *****

   1               X ,              Y ,              Z
   2           X - Y ,              X ,              Z
   3             - Y ,          X - Y ,              Z
   4             - X ,            - Y ,              Z
   5         - X + Y ,            - X ,              Z
   6               Y ,        - X + Y ,              Z
   7             - Y ,            - X ,            - Z
   8           X - Y ,            - Y ,            - Z
                                                                                            "fixed_sf1 "  PLATON-GENERAL   Page    2
====================================================================================================================================
   9               X ,          X - Y ,            - Z
  10               Y ,              X ,            - Z
  11         - X + Y ,              Y ,            - Z
  12             - X ,        - X + Y ,            - Z
  13             - X ,            - Y ,            - Z
  14         - X + Y ,            - X ,            - Z
  15               Y ,        - X + Y ,            - Z
  16               X ,              Y ,            - Z
  17           X - Y ,              X ,            - Z
  18             - Y ,          X - Y ,            - Z
  19               Y ,              X ,              Z
  20         - X + Y ,              Y ,              Z
  21             - X ,        - X + Y ,              Z
  22             - Y ,            - X ,              Z
  23           X - Y ,            - Y ,              Z
  24               X ,          X - Y ,              Z
                                                                                            "fixed_sf1 "  PLATON-GEOMETRY  Page    3
====================================================================================================================================
(1:19-Rule Rounded) Coordinates of Unique Residue(s) Identified.  Standard Deviations in the Last Digit are in Parentheses.
------------------------------------------------------------------------------------------------------------------------------------
          Site    = Site Symmetry; SSN = Site Symmetry Number; SSOF = SHELX Site Occupation Factor (= S.O.F / SSN).
*******   Move    = Transformation on Input Data: N.IJK (N = SymOp, IJK = Translation) i.e. 1.555 = nomove
SYMBOLS:  Type    = D/A = Potential Donor or Acceptor atom, D-H = H on Donor atom, MET = Metal.
*******   El Type = AK = Alkali Metal, AE = Alkaline Earth, HL = Halogen, AN = Actinide, LN = Lanthanide, TR = Transition Element.
          ARU     = Asymmetric Residue Unit encoded as sklm.nn, with s = symmetry op, klm = translation, nn = residue #.
          RESIDUE = collection of ARU's constituting an isolated unit (= molecule, ion).
          FLAGS   : d = determined, c = calculated, R = riding G = group
------------------------------------------------------------------------------------------------------------------------------------
Atom Types  :      C      H      O     Zr
Cov.Rad(Ang):   0.68   0.35   0.68   1.56
Atom Volume :  13.87   5.08  11.39  27.00
Atom Number :      6      1      8     40
Atom Weight : 12.010  1.008  16.00  91.22
Scat.Fact.f0:  5.999  1.000  7.999 39.968
Scat.Fact.f':  0.003  0.000  0.010 -8.583
Scat.Fact.f":  0.002  0.000  0.006  3.736
Mu/Rho(sync):   0.53   0.40   1.11  96.91
Elem. Type  :     --     --     --     TR
------------------------------------------------------------------------------------------------------------------------------------
Sources - Cov. Radii : Manual Cambridge Crystallographic Data Base
        - Atom Volume: D.W.M. Hofmann (2002). Acta Cryst. B58, 489-493
        - Atomic Wt. : SHELXL                                                                                                 NOMOVE
        - Scat. Fact.: SHELXL (International Tables)
        - mu/rho     : International Tables C, Table 4.2.4.2, 193-199 - [Multiply by Atom Weight and 1.66054 for Barns/atom values]
------------------------------------------------------------------------------------------------------------------------------------
Flags Label         Fractional Coordinates (x,y,z)          Orthogonal Coordinates (XO,YO,ZO)   Site SSN*SSOF =    S.O.F   Move Type
------------------------------------------------------------------------------------------------------------------------------------
dSTP  Zr1                  1     0.45505(5)    0.39376(11) 30.2733(10) 15.4442(17)  6.5404(18)     1  2   1/2          1    -    Met
dSTP  Zr2         1.07222(7)     0.53611(4)            1/2   31.515(3) 18.1953(14)      8.3050   ..m  4   1/4          1    -    Met
dDU   O1         1.10530(19)      0.5869(2)      0.5824(4)   31.816(8)   19.919(7)    9.674(7)        1     1          1    -    D/A
dDU   O2           1.0586(2)      0.5932(2)      0.6493(4)   29.863(9)   20.133(7)   10.785(7)        1     1          1    -    D/A
dSTP  O3           1.0359(3)      0.4729(3)            1/2  31.330(13)  16.050(10)      8.3050   ..m  2   1/2          1    -    D/A
dSTP  O4                   1      0.4627(3)      0.2612(6)   30.123(6)  15.704(10)   4.339(10)     1  2   1/2          1    -    D/A
dSTP  O5           1.0360(3)    0.51800(15)      0.3932(7)  30.451(12)   17.581(5)   6.531(12)     1  2   1/2          1    -    D/A
dSTP  O6                   1      0.4001(3)      0.4099(9)   31.350(6)  13.579(10)   6.808(15)     1  2   1/2          1    -    D/A
dDU   C1           1.0933(4)      0.6016(3)      0.6344(6)  31.058(17)  20.418(10)  10.537(10)        1     1          1    -     -
dDU   C2           1.1257(4)      0.6328(3)      0.6846(6)  31.716(17)  21.477(10)  11.371(10)        1     1          1    -     -
dDU   C3           1.1645(3)      0.6419(3)      0.6758(6)  33.059(13)  21.786(10)  11.225(10)        1     1          1    -     -
dDU   C4           1.1145(3)      0.6523(3)      0.7408(6)  30.895(13)  22.139(10)  12.305(10)        1     1          1    -     -
dDU   C5           1.1848(4)      0.6898(3)      0.7788(7)  32.916(17)  23.411(10)  12.936(12)        1     1          1    -     -
dDU   C6           1.1940(4)      0.6698(3)      0.7211(6)  33.668(17)  22.733(10)  11.977(10)        1     1          1    -     -
dDU   C7           1.1448(4)      0.6810(4)      0.7888(7)  31.521(18)  23.113(14)  13.102(12)        1     1          1    -     -
dDU   C8           1.2166(3)      0.7213(3)      0.8302(7)  33.545(13)  24.481(10)  13.790(12)        1     1          1    -     -
dDU   C9           1.2166(3)      0.7214(3)      0.9142(7)  33.543(13)  24.484(10)  15.185(12)        1     1          1    -     -
dSDT  C10        1.24765(11)    0.75235(11)      0.9571(6)   34.153(5)   25.534(4)  15.897(10)    m+  2   1/2          1    -     -
dDU   C11          1.1848(3)      0.6894(3)      0.9593(5)  32.924(13)  23.398(10)   15.934(8)        1     1          1    -     -
                                                                                            "fixed_sf1 "  PLATON-GEOMETRY  Page    4
====================================================================================================================================
dSDT  C12        1.24779(18)    0.75221(18)     0.7888(10)   34.161(8)   25.530(6)  13.102(17)    m+  2   1/2          1    -     -

cRU   H3             1.17044        0.62835        0.63741     33.5571     21.3259     10.5875        1     1          1    -     -
cRU   H4             1.08852        0.64653        0.74579     29.9905     21.9429     12.3876        1     1          1    -     -
cRU   H6             1.21988        0.67545        0.71394     34.5717     22.9244     11.8585        1     1          1    -     -
cRU   H7             1.13883        0.69443        0.82743     31.0233     23.5687     13.7436        1     1          1    -     -
cRU   H11            1.16416        0.66871        0.93171     32.5202     22.6957     15.4757        1     1          1    -     -
cRUP  H12            1.24800        0.75199        0.73281     34.1740     25.5224     12.1719    m+  2   1/2          1    -     -

dSTP  Zr1_a                1     0.54495(5)    0.60624(11) 28.5117(10) 18.4953(17) 10.0696(18)     1  2   1/2          1    -    Met
dDU   O1_a       1.10530(19)      0.5184(3)      0.4176(4)   33.159(9)  17.594(10)    6.936(7)        1     1          1       0 D/A
dDU   O2_a         1.0586(2)      0.4654(3)      0.3507(4)  32.367(10)  15.795(10)    5.825(7)        1     1          1       0 D/A
dSTP  O3_a         1.0359(3)      0.5630(4)            1/2  29.565(14)  19.108(14)      8.3050   ..m  2   1/2          1       0 D/A
dSTP  O4_a                 1      0.5373(3)      0.7388(6)   28.662(6)  18.236(10)  12.271(10)     1  2   1/2          1       0 D/A
dSTP  O5_a         1.0360(3)      0.5180(3)      0.6068(7)  30.451(13)  17.581(10)  10.079(12)     1  2   1/2          1       0 D/A
dSTP  O6_a                 1      0.5999(3)      0.5901(9)   27.435(6)  20.360(10)   9.802(15)     1  2   1/2          1       0 D/A
dDU   C1_a         1.0933(4)      0.4917(5)      0.3656(6)  33.212(18)  16.688(17)   6.073(10)        1     1          1       0  -
dDU   C2_a         1.1257(4)      0.4929(5)      0.3154(6)  34.458(18)  16.729(17)   5.239(10)        1     1          1       0  -
dDU   C3_a         1.1645(3)      0.5226(4)      0.3242(6)  35.396(14)  17.737(14)   5.385(10)        1     1          1       0  -
dDU   C4_a         1.1145(3)      0.4622(4)      0.2592(6)  34.620(14)  15.687(14)   4.305(10)        1     1          1       0  -
dDU   C5_a         1.1848(4)      0.4950(5)      0.2212(7)  36.733(18)  16.800(17)   3.674(12)        1     1          1       0  -
dDU   C6_a         1.1940(4)      0.5242(5)      0.2789(6)  36.521(18)  17.791(17)   4.633(10)        1     1          1       0  -
dDU   C7_a         1.1448(4)      0.4638(6)      0.2112(7)    35.78(2)    15.74(2)   3.508(12)        1     1          1       0  -
dDU   C8_a         1.2166(3)      0.4953(4)      0.1698(7)  37.973(14)  16.810(14)   2.820(12)        1     1          1       0  -
dDU   C9_a         1.2166(3)      0.4952(4)      0.0858(7)  37.975(14)  16.807(14)   1.425(12)        1     1          1       0  -
dSDT  C10_a      1.24765(11)    0.49530(16)      0.0429(6)   39.190(5)   16.810(5)   0.713(10)     1  2   1/2          1       0  -
dDU   C11_a        1.1848(3)      0.4954(4)      0.0407(5)  36.725(14)  16.814(14)    0.676(8)        1     1          1       0  -
dSDT  C12_a      1.24779(18)      0.4956(3)     0.2112(10)   39.190(9)  16.820(10)   3.508(17)     1  2   1/2          1       0  -

cRU   H3_a           1.17044        0.54209        0.36259     35.2473     18.3983      6.0225        1     1          1       0  -
cRU   H4_a           1.08852        0.44200        0.25421     33.9983     15.0011      4.2224        1     1          1       0  -
cRU   H6_a           1.21988        0.54443        0.28606     37.1390     18.4778      4.7515        1     1          1       0  -
cRU   H7_a           1.13883        0.44440        0.17257     35.9228     15.0826      2.8664        1     1          1       0  -
cRU   H11_a          1.16416        0.49545        0.06829     35.9151     16.8155      1.1343        1     1          1       0  -
cRUP  H12_a          1.24800        0.49601        0.26719     39.1900     16.8343      4.4381     1  2   1/2          1       0  -

dSTP  Zr2_b       0.92778(7)     0.46389(4)            1/2   27.270(3) 15.7442(14)      8.3050   ..m  4   1/4          1       0 Met
dDU   O1_b       0.89470(19)      0.4131(2)      0.4176(4)   26.969(8)   14.020(7)    6.936(7)        1     1          1       0 D/A
dDU   O2_b         0.9414(2)      0.4068(2)      0.3507(4)   28.922(9)   13.807(7)    5.825(7)        1     1          1       0 D/A
dSTP  O3_b         0.9641(3)      0.5271(3)            1/2  27.455(13)  17.890(10)      8.3050   ..m  2   1/2          1       0 D/A
dSTP  O5_b         0.9640(3)    0.48200(15)      0.6068(7)  28.334(12)   16.359(5)  10.079(12)     1  2   1/2          1       0 D/A
dDU   C1_b         0.9067(4)      0.3984(3)      0.3656(6)  27.727(17)  13.522(10)   6.073(10)        1     1          1       0  -
dDU   C2_b         0.8743(4)      0.3672(3)      0.3154(6)  27.069(17)  12.463(10)   5.239(10)        1     1          1       0  -
dDU   C3_b         0.8355(3)      0.3581(3)      0.3242(6)  25.726(13)  12.154(10)   5.385(10)        1     1          1       0  -
dDU   C4_b         0.8855(3)      0.3477(3)      0.2592(6)  27.890(13)  11.801(10)   4.305(10)        1     1          1       0  -
dDU   C5_b         0.8152(4)      0.3102(3)      0.2212(7)  25.869(17)  10.528(10)   3.674(12)        1     1          1       0  -
dDU   C6_b         0.8060(4)      0.3302(3)      0.2789(6)  25.117(17)  11.207(10)   4.633(10)        1     1          1       0  -
dDU   C7_b         0.8552(4)      0.3190(4)      0.2112(7)  27.264(18)  10.827(14)   3.508(12)        1     1          1       0  -
                                                                                            "fixed_sf1 "  PLATON-GEOMETRY  Page    5
====================================================================================================================================
dDU   C8_b         0.7834(3)      0.2787(3)      0.1698(7)  25.240(13)   9.459(10)   2.820(12)        1     1          1       0  -
dDU   C9_b         0.7834(3)      0.2786(3)      0.0858(7)  25.242(13)   9.456(10)   1.425(12)        1     1          1       0  -
dSDT  C10_b      0.75235(11)    0.24765(11)      0.0429(6)   24.632(5)    8.405(4)   0.713(10)    m+  2   1/2          1       0  -
dDU   C11_b        0.8152(3)      0.3106(3)      0.0407(5)  25.861(13)  10.542(10)    0.676(8)        1     1          1       0  -
dSDT  C12_b      0.75221(18)    0.24779(18)     0.2112(10)   24.624(8)    8.410(6)   3.508(17)    m+  2   1/2          1       0  -

cRU   H3_b           0.82956        0.37165        0.36259     25.2279     12.6137      6.0225        1     1          1       0  -
cRU   H4_b           0.91148        0.35347        0.25421     28.7945     11.9967      4.2224        1     1          1       0  -
cRU   H6_b           0.78012        0.32455        0.28606     24.2133     11.0151      4.7515        1     1          1       0  -
cRU   H7_b           0.86117        0.30557        0.17257     27.7617     10.3708      2.8664        1     1          1       0  -
cRU   H11_b          0.83584        0.33129        0.06829     26.2648     11.2439      1.1343        1     1          1       0  -
cRUP  H12_b          0.75200        0.24801        0.26719     24.6110      8.4172      4.4381    m+  2   1/2          1       0  -

dSTP  Zr1_c       1.54495(5)              1    1.60624(11)   40.952(2)  33.9395(1) 26.6796(18)     1  2   1/2          1       0 Met
dSTP  Zr2_c       1.46389(4)     0.92778(7)            3/2   39.190(2)   31.488(2)     24.9150   ..m  4   1/4          1       0 Met
dDU   O1_c         1.4131(2)    0.89470(19)      1.4176(4)   37.848(9)   30.366(6)   23.546(7)        1     1          1       0 D/A
dDU   O2_c         1.4068(2)      0.9414(2)      1.3507(4)   36.686(9)   31.951(7)   22.435(7)        1     1          1       0 D/A
dSTP  O3_c         1.5271(3)      0.9641(3)            3/2  40.956(13)  32.721(10)     24.9150   ..m  2   1/2          1       0 D/A
dSTP  O4_c         1.5373(3)              1      1.7388(6)  40.652(12)  33.9395(1)  28.881(10)     1  2   1/2          1       0 D/A
dSTP  O5_c       1.48200(15)      0.9640(3)      1.6068(7)   39.190(8)  32.718(10)  26.689(12)     1  2   1/2          1       0 D/A
dSTP  O6_c         1.5999(3)              1      1.5901(9)  43.105(12)  33.9395(1)  26.412(15)     1  2   1/2          1       0 D/A
dDU   C1_c         1.3984(3)      0.9067(4)      1.3656(6)  37.037(14)  30.773(14)  22.683(10)        1     1          1       0  -
dDU   C2_c         1.3672(3)      0.8743(4)      1.3154(6)  36.449(14)  29.673(14)  21.849(10)        1     1          1       0  -
dDU   C3_c         1.3581(3)      0.8355(3)      1.3242(6)  36.852(13)  28.356(10)  21.995(10)        1     1          1       0  -
dDU   C4_c         1.3477(3)      0.8855(3)      1.2592(6)  35.465(13)  30.053(10)  20.915(10)        1     1          1       0  -
dDU   C5_c         1.3102(3)      0.8152(4)      1.2212(7)  35.373(14)  27.668(14)  20.284(12)        1     1          1       0  -
dDU   C6_c         1.3302(3)      0.8060(4)      1.2789(6)  36.337(14)  27.355(14)  21.243(10)        1     1          1       0  -
dDU   C7_c         1.3190(4)      0.8552(4)      1.2112(7)  34.934(18)  29.025(14)  20.118(12)        1     1          1       0  -
dDU   C8_c         1.2787(3)      0.7834(3)      1.1698(7)  34.762(13)  26.588(10)  19.430(12)        1     1          1       0  -
dDU   C9_c         1.2786(3)      0.7834(3)      1.0858(7)  34.758(13)  26.588(10)  18.035(12)        1     1          1       0  -
dSDT  C10_c      1.24765(11)    0.75235(11)      1.0429(6)   34.153(5)   25.534(4)  17.323(10)    m+  2   1/2          1       0  -
dDU   C11_c        1.3106(3)      0.8152(3)      1.0407(5)  35.389(13)  27.668(10)   17.286(8)        1     1          1       0  -
dSDT  C12_c      1.24779(18)    0.75221(18)     1.2112(10)   34.161(8)   25.530(6)  20.118(17)    m+  2   1/2          1       0  -

cRU   H3_c           1.37165        0.82956        1.36259     37.4998     28.1548     22.6325        1     1          1       0  -
cRU   H4_c           1.35347        0.91148        1.25421     35.1822     30.9351     20.8324        1     1          1       0  -
cRU   H6_c           1.32455        0.78012        1.28606     36.6227     26.4769     21.3615        1     1          1       0  -
cRU   H7_c           1.30557        0.86117        1.17257     34.2905     29.2277     19.4764        1     1          1       0  -
cRU   H11_c          1.33129        0.83584        1.06829     35.7951     28.3679     17.7443        1     1          1       0  -
cRUP  H12_c          1.24801        0.75200        1.26719     34.1740     25.5224     21.0481    m+  2   1/2          1       0  -

dSTP  Zr1_d                1     0.45505(5)    1.60624(11) 30.2733(10) 15.4442(17) 26.6796(18)     1  2   1/2          1       0 Met
dSTP  Zr2_d       1.07222(7)     0.53611(4)            3/2   31.515(3) 18.1953(14)     24.9150   ..m  4   1/4          1       0 Met
dDU   O1_d       1.10530(19)      0.5869(2)      1.4176(4)   31.816(8)   19.919(7)   23.546(7)        1     1          1       0 D/A
dDU   O2_d         1.0586(2)      0.5932(2)      1.3507(4)   29.863(9)   20.133(7)   22.435(7)        1     1          1       0 D/A
dSTP  O3_d         1.0359(3)      0.4729(3)            3/2  31.330(13)  16.050(10)     24.9150   ..m  2   1/2          1       0 D/A
dSTP  O4_d                 1      0.4627(3)      1.7388(6)   30.123(6)  15.704(10)  28.881(10)     1  2   1/2          1       0 D/A
dSTP  O5_d         1.0360(3)    0.51800(15)      1.6068(7)  30.451(12)   17.581(5)  26.689(12)     1  2   1/2          1       0 D/A
                                                                                            "fixed_sf1 "  PLATON-GEOMETRY  Page    6
====================================================================================================================================
dSTP  O6_d                 1      0.4001(3)      1.5901(9)   31.350(6)  13.579(10)  26.412(15)     1  2   1/2          1       0 D/A
dDU   C1_d         1.0933(4)      0.6016(3)      1.3656(6)  31.058(17)  20.418(10)  22.683(10)        1     1          1       0  -
dDU   C2_d         1.1257(4)      0.6328(3)      1.3154(6)  31.716(17)  21.477(10)  21.849(10)        1     1          1       0  -
dDU   C3_d         1.1645(3)      0.6419(3)      1.3242(6)  33.059(13)  21.786(10)  21.995(10)        1     1          1       0  -
dDU   C4_d         1.1145(3)      0.6523(3)      1.2592(6)  30.895(13)  22.139(10)  20.915(10)        1     1          1       0  -
dDU   C5_d         1.1848(4)      0.6898(3)      1.2212(7)  32.916(17)  23.411(10)  20.284(12)        1     1          1       0  -
dDU   C6_d         1.1940(4)      0.6698(3)      1.2789(6)  33.668(17)  22.733(10)  21.243(10)        1     1          1       0  -
dDU   C7_d         1.1448(4)      0.6810(4)      1.2112(7)  31.521(18)  23.113(14)  20.118(12)        1     1          1       0  -
dDU   C8_d         1.2166(3)      0.7213(3)      1.1698(7)  33.545(13)  24.481(10)  19.430(12)        1     1          1       0  -
dDU   C9_d         1.2166(3)      0.7214(3)      1.0858(7)  33.543(13)  24.484(10)  18.035(12)        1     1          1       0  -
dDU   C11_d        1.1848(3)      0.6894(3)      1.0407(5)  32.924(13)  23.398(10)   17.286(8)        1     1          1       0  -

cRU   H3_d           1.17044        0.62835        1.36259     33.5571     21.3259     22.6325        1     1          1       0  -
cRU   H4_d           1.08852        0.64653        1.25421     29.9905     21.9429     20.8324        1     1          1       0  -
cRU   H6_d           1.21988        0.67545        1.28606     34.5717     22.9244     21.3615        1     1          1       0  -
cRU   H7_d           1.13883        0.69443        1.17257     31.0233     23.5687     19.4764        1     1          1       0  -
cRU   H11_d          1.16416        0.66871        1.06829     32.5202     22.6957     17.7443        1     1          1       0  -

dSTP  Zr1_e       1.54495(5)              1    0.39376(11)   40.952(2)  33.9395(1)  6.5404(18)     1  2   1/2          1       0 Met
dSTP  Zr2_e       1.46389(4)     0.92778(7)            1/2   39.190(2)   31.488(2)      8.3050   ..m  4   1/4          1       0 Met
dDU   O1_e         1.4131(2)    0.89470(19)      0.5824(4)   37.848(9)   30.366(6)    9.674(7)        1     1          1       0 D/A
dDU   O2_e         1.4068(2)      0.9414(2)      0.6493(4)   36.686(9)   31.951(7)   10.785(7)        1     1          1       0 D/A
dSTP  O3_e         1.5271(3)      0.9641(3)            1/2  40.956(13)  32.721(10)      8.3050   ..m  2   1/2          1       0 D/A
dSTP  O4_e         1.5373(3)              1      0.2612(6)  40.652(12)  33.9395(1)   4.339(10)     1  2   1/2          1       0 D/A
dSTP  O5_e       1.48200(15)      0.9640(3)      0.3932(7)   39.190(8)  32.718(10)   6.531(12)     1  2   1/2          1       0 D/A
dSTP  O6_e         1.5999(3)              1      0.4099(9)  43.105(12)  33.9395(1)   6.808(15)     1  2   1/2          1       0 D/A
dDU   C1_e         1.3984(3)      0.9067(4)      0.6344(6)  37.037(14)  30.773(14)  10.537(10)        1     1          1       0  -
dDU   C2_e         1.3672(3)      0.8743(4)      0.6846(6)  36.449(14)  29.673(14)  11.371(10)        1     1          1       0  -
dDU   C3_e         1.3581(3)      0.8355(3)      0.6758(6)  36.852(13)  28.356(10)  11.225(10)        1     1          1       0  -
dDU   C4_e         1.3477(3)      0.8855(3)      0.7408(6)  35.465(13)  30.053(10)  12.305(10)        1     1          1       0  -
dDU   C5_e         1.3102(3)      0.8152(4)      0.7788(7)  35.373(14)  27.668(14)  12.936(12)        1     1          1       0  -
dDU   C6_e         1.3302(3)      0.8060(4)      0.7211(6)  36.337(14)  27.355(14)  11.977(10)        1     1          1       0  -
dDU   C7_e         1.3190(4)      0.8552(4)      0.7888(7)  34.934(18)  29.025(14)  13.102(12)        1     1          1       0  -
dDU   C8_e         1.2787(3)      0.7834(3)      0.8302(7)  34.762(13)  26.588(10)  13.790(12)        1     1          1       0  -
dDU   C9_e         1.2786(3)      0.7834(3)      0.9142(7)  34.758(13)  26.588(10)  15.185(12)        1     1          1       0  -
dDU   C11_e        1.3106(3)      0.8152(3)      0.9593(5)  35.389(13)  27.668(10)   15.934(8)        1     1          1       0  -

cRU   H3_e           1.37165        0.82956        0.63741     37.4998     28.1548     10.5875        1     1          1       0  -
cRU   H4_e           1.35347        0.91148        0.74579     35.1822     30.9351     12.3876        1     1          1       0  -
cRU   H6_e           1.32455        0.78012        0.71394     36.6227     26.4769     11.8585        1     1          1       0  -
cRU   H7_e           1.30557        0.86117        0.82743     34.2905     29.2277     13.7436        1     1          1       0  -
cRU   H11_e          1.33129        0.83584        0.93171     35.7951     28.3679     15.4757        1     1          1       0  -

dSTP  Zr1_f                1     0.45505(5)    0.60624(11) 30.2733(10) 15.4442(17) 10.0696(18)     1  2   1/2          1       0 Met
dDU   O1_f       1.10530(19)      0.5869(2)      0.4176(4)   31.816(8)   19.919(7)    6.936(7)        1     1          1       0 D/A
dDU   O2_f         1.0586(2)      0.5932(2)      0.3507(4)   29.863(9)   20.133(7)    5.825(7)        1     1          1       0 D/A
dSTP  O4_f                 1      0.4627(3)      0.7388(6)   30.123(6)  15.704(10)  12.271(10)     1  2   1/2          1       0 D/A
dSTP  O6_f                 1      0.4001(3)      0.5901(9)   31.350(6)  13.579(10)   9.802(15)     1  2   1/2          1       0 D/A
                                                                                            "fixed_sf1 "  PLATON-GEOMETRY  Page    7
====================================================================================================================================
dDU   C1_f         1.0933(4)      0.6016(3)      0.3656(6)  31.058(17)  20.418(10)   6.073(10)        1     1          1       0  -
dDU   C2_f         1.1257(4)      0.6328(3)      0.3154(6)  31.716(17)  21.477(10)   5.239(10)        1     1          1       0  -
dDU   C3_f         1.1645(3)      0.6419(3)      0.3242(6)  33.059(13)  21.786(10)   5.385(10)        1     1          1       0  -
dDU   C4_f         1.1145(3)      0.6523(3)      0.2592(6)  30.895(13)  22.139(10)   4.305(10)        1     1          1       0  -
dDU   C5_f         1.1848(4)      0.6898(3)      0.2212(7)  32.916(17)  23.411(10)   3.674(12)        1     1          1       0  -
dDU   C6_f         1.1940(4)      0.6698(3)      0.2789(6)  33.668(17)  22.733(10)   4.633(10)        1     1          1       0  -
dDU   C7_f         1.1448(4)      0.6810(4)      0.2112(7)  31.521(18)  23.113(14)   3.508(12)        1     1          1       0  -
dDU   C8_f         1.2166(3)      0.7213(3)      0.1698(7)  33.545(13)  24.481(10)   2.820(12)        1     1          1       0  -
dDU   C9_f         1.2166(3)      0.7214(3)      0.0858(7)  33.543(13)  24.484(10)   1.425(12)        1     1          1       0  -
dSDT  C10_f      1.24765(11)    0.75235(11)      0.0429(6)   34.153(5)   25.534(4)   0.713(10)    m+  2   1/2          1       0  -
dDU   C11_f        1.1848(3)      0.6894(3)      0.0407(5)  32.924(13)  23.398(10)    0.676(8)        1     1          1       0  -
dSDT  C12_f      1.24779(18)    0.75221(18)     0.2112(10)   34.161(8)   25.530(6)   3.508(17)    m+  2   1/2          1       0  -

cRU   H3_f           1.17044        0.62835        0.36259     33.5571     21.3259      6.0225        1     1          1       0  -
cRU   H4_f           1.08852        0.64653        0.25421     29.9905     21.9429      4.2224        1     1          1       0  -
cRU   H6_f           1.21988        0.67545        0.28606     34.5717     22.9244      4.7515        1     1          1       0  -
cRU   H7_f           1.13883        0.69443        0.17257     31.0233     23.5687      2.8664        1     1          1       0  -
cRU   H11_f          1.16416        0.66871        0.06829     32.5202     22.6957      1.1343        1     1          1       0  -
cRUP  H12_f          1.24800        0.75199        0.26719     34.1740     25.5224      4.4381    m+  2   1/2          1       0  -

dSTP  Zr1_g                1     0.54495(5)    0.39376(11) 28.5117(10) 18.4953(17)  6.5404(18)     1  2   1/2          1       0 Met
dDU   O1_g       1.10530(19)      0.5184(3)      0.5824(4)   33.159(9)  17.594(10)    9.674(7)        1     1          1       0 D/A
dDU   O2_g         1.0586(2)      0.4654(3)      0.6493(4)  32.367(10)  15.795(10)   10.785(7)        1     1          1       0 D/A
dSTP  O4_g                 1      0.5373(3)      0.2612(6)   28.662(6)  18.236(10)   4.339(10)     1  2   1/2          1       0 D/A
dSTP  O6_g                 1      0.5999(3)      0.4099(9)   27.435(6)  20.360(10)   6.808(15)     1  2   1/2          1       0 D/A
dDU   C1_g         1.0933(4)      0.4917(5)      0.6344(6)  33.212(18)  16.688(17)  10.537(10)        1     1          1       0  -
dDU   C2_g         1.1257(4)      0.4929(5)      0.6846(6)  34.458(18)  16.729(17)  11.371(10)        1     1          1       0  -
dDU   C3_g         1.1645(3)      0.5226(4)      0.6758(6)  35.396(14)  17.737(14)  11.225(10)        1     1          1       0  -
dDU   C4_g         1.1145(3)      0.4622(4)      0.7408(6)  34.620(14)  15.687(14)  12.305(10)        1     1          1       0  -
dDU   C5_g         1.1848(4)      0.4950(5)      0.7788(7)  36.733(18)  16.800(17)  12.936(12)        1     1          1       0  -
dDU   C6_g         1.1940(4)      0.5242(5)      0.7211(6)  36.521(18)  17.791(17)  11.977(10)        1     1          1       0  -
dDU   C7_g         1.1448(4)      0.4638(6)      0.7888(7)    35.78(2)    15.74(2)  13.102(12)        1     1          1       0  -
dDU   C8_g         1.2166(3)      0.4953(4)      0.8302(7)  37.973(14)  16.810(14)  13.790(12)        1     1          1       0  -
dDU   C9_g         1.2166(3)      0.4952(4)      0.9142(7)  37.975(14)  16.807(14)  15.185(12)        1     1          1       0  -
dSDT  C10_g      1.24765(11)    0.49530(16)      0.9571(6)   39.190(5)   16.810(5)  15.897(10)     1  2   1/2          1       0  -
dDU   C11_g        1.1848(3)      0.4954(4)      0.9593(5)  36.725(14)  16.814(14)   15.934(8)        1     1          1       0  -
dSDT  C12_g      1.24779(18)      0.4956(3)     0.7888(10)   39.190(9)  16.820(10)  13.102(17)     1  2   1/2          1       0  -

cRU   H3_g           1.17044        0.54209        0.63741     35.2473     18.3983     10.5875        1     1          1       0  -
cRU   H4_g           1.08852        0.44200        0.74579     33.9983     15.0011     12.3876        1     1          1       0  -
cRU   H6_g           1.21988        0.54443        0.71394     37.1390     18.4778     11.8585        1     1          1       0  -
cRU   H7_g           1.13883        0.44440        0.82743     35.9228     15.0826     13.7436        1     1          1       0  -
cRU   H11_g          1.16416        0.49545        0.93171     35.9151     16.8155     15.4757        1     1          1       0  -
cRUP  H12_g          1.24800        0.49601        0.73281     39.1900     16.8343     12.1719     1  2   1/2          1       0  -

dDU   O1_h       0.89470(19)      0.4816(3)      0.4176(4)   25.626(9)  16.345(10)    6.936(7)        1     1          1       0 D/A
dDU   O2_h         0.9414(2)      0.5346(3)      0.3507(4)  26.418(10)  18.144(10)    5.825(7)        1     1          1       0 D/A
dSTP  O3_h         0.9641(3)      0.4370(4)            1/2  29.220(14)  14.832(14)      8.3050   ..m  2   1/2          1       0 D/A
                                                                                            "fixed_sf1 "  PLATON-GEOMETRY  Page    8
====================================================================================================================================
dDU   C1_h         0.9067(4)      0.5083(5)      0.3656(6)  25.573(18)  17.251(17)   6.073(10)        1     1          1       0  -
dDU   C2_h         0.8743(4)      0.5071(5)      0.3154(6)  24.327(18)  17.211(17)   5.239(10)        1     1          1       0  -
dDU   C3_h         0.8355(3)      0.4774(4)      0.3242(6)  23.389(14)  16.203(14)   5.385(10)        1     1          1       0  -
dDU   C4_h         0.8855(3)      0.5378(4)      0.2592(6)  24.165(14)  18.253(14)   4.305(10)        1     1          1       0  -
dDU   C5_h         0.8152(4)      0.5050(5)      0.2212(7)  22.052(18)  17.139(17)   3.674(12)        1     1          1       0  -
dDU   C6_h         0.8060(4)      0.4758(5)      0.2789(6)  22.264(18)  16.148(17)   4.633(10)        1     1          1       0  -
dDU   C7_h         0.8552(4)      0.5362(6)      0.2112(7)    23.01(2)    18.20(2)   3.508(12)        1     1          1       0  -
dDU   C8_h         0.7834(3)      0.5047(4)      0.1698(7)  20.812(14)  17.129(14)   2.820(12)        1     1          1       0  -
dDU   C9_h         0.7834(3)      0.5048(4)      0.0858(7)  20.810(14)  17.133(14)   1.425(12)        1     1          1       0  -
dSDT  C10_h      0.75235(11)    0.50470(16)      0.0429(6)   19.595(5)   17.129(5)   0.713(10)     1  2   1/2          1       0  -
dDU   C11_h        0.8152(3)      0.5046(4)      0.0407(5)  22.060(14)  17.126(14)    0.676(8)        1     1          1       0  -
dSDT  C12_h      0.75221(18)      0.5044(3)     0.2112(10)   19.595(9)  17.119(10)   3.508(17)     1  2   1/2          1       0  -

cRU   H3_h           0.82956        0.45791        0.36259     23.5377     15.5412      6.0225        1     1          1       0  -
cRU   H4_h           0.91148        0.55800        0.25421     24.7867     18.9384      4.2224        1     1          1       0  -
cRU   H6_h           0.78012        0.45557        0.28606     21.6460     15.4618      4.7515        1     1          1       0  -
cRU   H7_h           0.86117        0.55560        0.17257     22.8622     18.8569      2.8664        1     1          1       0  -
cRU   H11_h          0.83584        0.50455        0.06829     22.8699     17.1240      1.1343        1     1          1       0  -
cRUP  H12_h          0.75200        0.50399        0.26719     19.5950     17.1052      4.4381     1  2   1/2          1       0  -

dDU   O1_i       0.89470(19)      0.4131(2)      0.5824(4)   26.969(8)   14.020(7)    9.674(7)        1     1          1       0 D/A
dDU   O2_i         0.9414(2)      0.4068(2)      0.6493(4)   28.922(9)   13.807(7)   10.785(7)        1     1          1       0 D/A
dSTP  O5_i         0.9640(3)    0.48200(15)      0.3932(7)  28.334(12)   16.359(5)   6.531(12)     1  2   1/2          1       0 D/A
dDU   C1_i         0.9067(4)      0.3984(3)      0.6344(6)  27.727(17)  13.522(10)  10.537(10)        1     1          1       0  -
dDU   C2_i         0.8743(4)      0.3672(3)      0.6846(6)  27.069(17)  12.463(10)  11.371(10)        1     1          1       0  -
dDU   C3_i         0.8355(3)      0.3581(3)      0.6758(6)  25.726(13)  12.154(10)  11.225(10)        1     1          1       0  -
dDU   C4_i         0.8855(3)      0.3477(3)      0.7408(6)  27.890(13)  11.801(10)  12.305(10)        1     1          1       0  -
dDU   C5_i         0.8152(4)      0.3102(3)      0.7788(7)  25.869(17)  10.528(10)  12.936(12)        1     1          1       0  -
dDU   C6_i         0.8060(4)      0.3302(3)      0.7211(6)  25.117(17)  11.207(10)  11.977(10)        1     1          1       0  -
dDU   C7_i         0.8552(4)      0.3190(4)      0.7888(7)  27.264(18)  10.827(14)  13.102(12)        1     1          1       0  -
dDU   C8_i         0.7834(3)      0.2787(3)      0.8302(7)  25.240(13)   9.459(10)  13.790(12)        1     1          1       0  -
dDU   C9_i         0.7834(3)      0.2786(3)      0.9142(7)  25.242(13)   9.456(10)  15.185(12)        1     1          1       0  -
dSDT  C10_i      0.75235(11)    0.24765(11)      0.9571(6)   24.632(5)    8.405(4)  15.897(10)    m+  2   1/2          1       0  -
dDU   C11_i        0.8152(3)      0.3106(3)      0.9593(5)  25.861(13)  10.542(10)   15.934(8)        1     1          1       0  -
dSDT  C12_i      0.75221(18)    0.24779(18)     0.7888(10)   24.624(8)    8.410(6)  13.102(17)    m+  2   1/2          1       0  -

cRU   H3_i           0.82956        0.37165        0.63741     25.2279     12.6137     10.5875        1     1          1       0  -
cRU   H4_i           0.91148        0.35347        0.74579     28.7945     11.9967     12.3876        1     1          1       0  -
cRU   H6_i           0.78012        0.32455        0.71394     24.2133     11.0151     11.8585        1     1          1       0  -
cRU   H7_i           0.86117        0.30557        0.82743     27.7617     10.3708     13.7436        1     1          1       0  -
cRU   H11_i          0.83584        0.33129        0.93171     26.2648     11.2439     15.4757        1     1          1       0  -
cRUP  H12_i          0.75200        0.24801        0.73281     24.6110      8.4172     12.1719    m+  2   1/2          1       0  -

dDU   O1_j       0.89470(19)      0.4816(3)      0.5824(4)   25.626(9)  16.345(10)    9.674(7)        1     1          1       0 D/A
dDU   O2_j         0.9414(2)      0.5346(3)      0.6493(4)  26.418(10)  18.144(10)   10.785(7)        1     1          1       0 D/A
dDU   C1_j         0.9067(4)      0.5083(5)      0.6344(6)  25.573(18)  17.251(17)  10.537(10)        1     1          1       0  -
dDU   C2_j         0.8743(4)      0.5071(5)      0.6846(6)  24.327(18)  17.211(17)  11.371(10)        1     1          1       0  -
dDU   C3_j         0.8355(3)      0.4774(4)      0.6758(6)  23.389(14)  16.203(14)  11.225(10)        1     1          1       0  -
                                                                                            "fixed_sf1 "  PLATON-GEOMETRY  Page    9
====================================================================================================================================
dDU   C4_j         0.8855(3)      0.5378(4)      0.7408(6)  24.165(14)  18.253(14)  12.305(10)        1     1          1       0  -
dDU   C5_j         0.8152(4)      0.5050(5)      0.7788(7)  22.052(18)  17.139(17)  12.936(12)        1     1          1       0  -
dDU   C6_j         0.8060(4)      0.4758(5)      0.7211(6)  22.264(18)  16.148(17)  11.977(10)        1     1          1       0  -
dDU   C7_j         0.8552(4)      0.5362(6)      0.7888(7)    23.01(2)    18.20(2)  13.102(12)        1     1          1       0  -
dDU   C8_j         0.7834(3)      0.5047(4)      0.8302(7)  20.812(14)  17.129(14)  13.790(12)        1     1          1       0  -
dDU   C9_j         0.7834(3)      0.5048(4)      0.9142(7)  20.810(14)  17.133(14)  15.185(12)        1     1          1       0  -
dSDT  C10_j      0.75235(11)    0.50470(16)      0.9571(6)   19.595(5)   17.129(5)  15.897(10)     1  2   1/2          1       0  -
dDU   C11_j        0.8152(3)      0.5046(4)      0.9593(5)  22.060(14)  17.126(14)   15.934(8)        1     1          1       0  -
dSDT  C12_j      0.75221(18)      0.5044(3)     0.7888(10)   19.595(9)  17.119(10)  13.102(17)     1  2   1/2          1       0  -

cRU   H3_j           0.82956        0.45791        0.63741     23.5377     15.5412     10.5875        1     1          1       0  -
cRU   H4_j           0.91148        0.55800        0.74579     24.7867     18.9384     12.3876        1     1          1       0  -
cRU   H6_j           0.78012        0.45557        0.71394     21.6460     15.4618     11.8585        1     1          1       0  -
cRU   H7_j           0.86117        0.55560        0.82743     22.8622     18.8569     13.7436        1     1          1       0  -
cRU   H11_j          0.83584        0.50455        0.93171     22.8699     17.1240     15.4757        1     1          1       0  -
cRUP  H12_j          0.75200        0.50399        0.73281     19.5950     17.1052     12.1719     1  2   1/2          1       0  -
                                                                                            "fixed_sf1 "  PLATON-GEOMETRY  Page   10
====================================================================================================================================

                                          Asymmetric Residue Unit (= ARU) Code List
                                          =========================================

     ARU-Code    CIF-sym-Code  Symmetry-Code                        sym TX TY TZ Ires      x(cen)     y(cen)     z(cen)
------------------------------------------------------------------------------------------------------------------------------------
a =[  9556.01] = [  12_556] = x,x-y,1-z                         = [   9  0  0  1  1 ]       1.134      0.507      0.317
b =[ 13766.01] = [  13_766] = 2-x,1-y,1-z                       = [  13  2  1  1  1 ]       0.866      0.373      0.317
c =[  7777.01] = [  10_777] = 2-y,2-x,2-z                       = [   7  2  2  2  1 ]       1.373      0.866      1.317
d =[ 16557.01] = [  16_557] = x,y,2-z                           = [  16  0  0  2  1 ]       1.134      0.627      1.317
e =[ 22775.01] = [  19_775] = 2-y,2-x,z                         = [  22  2  2  0  1 ]       1.373      0.866      0.683
f =[ 16556.01] = [  16_556] = x,y,1-z                           = [  16  0  0  1  1 ]       1.134      0.627      0.317
g =[ 24555.01] = [  21_555] = x,x-y,z                           = [  24  0  0  0  1 ]       1.134      0.507      0.683
h =[ 12766.01] = [   9_766] = 2-x,1-x+y,1-z                     = [  12  2  1  1  1 ]       0.866      0.493      0.317
i =[  4765.01] = [   4_765] = 2-x,1-y,z                         = [   4  2  1  0  1 ]       0.866      0.373      0.683
j =[ 21765.01] = [  24_765] = 2-x,1-x+y,z                       = [  21  2  1  0  1 ]       0.866      0.493      0.683

Note: Symmetry Operations Refer to the Coordinates listed in the Fractional Coordinate Table given above

                                                                 SYM         -  Number of the Symmetry Operator.
X(J) = X(sym) + TX , Y(J) = Y(sym) + TY , Z(J) = Z(sym) + TZ,    Ires        -  Residue Number.
                                                                 TX, TY, TZ  -  Unit Cell Translations.
                                                                                            "fixed_sf1 "  PLATON-GEOMETRY  Page   11
====================================================================================================================================

   Ordered Structure                                  Unit Cell Contents (Based on Contents of Atom List, that may be Incomplete)
====================================================================================================================================
Resd Site  X(cen) Y(cen) Z(cen)  Mol.Wt S.O.F   Z      C     H    O   Zr
====================================================================================================================================
  1     1  1.106  0.600  0.739  3240.83     1   2    132    66   48    9
                              ------------------------------------------------------------------------------------------------------
        Unit Cell Weight =      6481.66              264   132   96   18

 Calculated Analysis (%) =                          48.9   2.1 23.7 25.3

          Moiety_Formula = C132 H66 O48 Zr9

             Sum_Formula = C132 H66 O48 Zr9

          Formula_Weight =     3240.83 [Note: Based on SHELXL2019 Atomic Weights]

               Formula_Z =           2

            SpaceGroup_Z =          24  ===>  Z' =  2 / 24 =   0.083

      Calculated Density =      0.4872 g cm-3 [= Mg m-3]                              ** WARNING **
                                                                           Please Check the Derived Crystal Data.
                  F(000) =      3204.0 [    3051.15]                       They may be Incorrect for Disordered,
                                                                           Incomplete or Polymeric Structures.
                mu(sync) =       12.22 cm-1 =   1.222 mm-1


        Predicted Volume =      5911.7[    5908.9] Ang**3, 298[293]K - (D.W.M. Hofmann (2002). Acta Cryst. B58, 489-493)

Note on F000: The first number is a pure electron count, the second number between [] is calculated from f,f' & f"
                                                                                            "fixed_sf1 "  PLATON-VOIDS     Page   12
====================================================================================================================================
Search for and Analysis of Solvent Accessible Voids in 'P1' Structure - Grid = 0.20 Ang., Probe Radius =  1.20 Ang., NStep = 6
van der Waals (or ion) Radii used in the Analysis
================================================================================
    C    H    O   Zr
--------------------------------------------------------------------------------
 1.70 1.20 1.52 2.36

Grid: X-Axis Step =  0.005102 = Points 196, Angstrom Step = 0.19995
Grid: Y-Axis Step =  0.005102 = Points 196, Angstrom Step = 0.19995
Grid: Z-Axis Step =  0.011905 = Points  84, Angstrom Step = 0.19774

:: Total Potential Solvent Area Vol  17518.9 Ang^3
                  per Unit Cell Vol  22092.8 Ang^3 [79.3%]

Note: Expected volumes for solvent molecules are:
      A hydrogen bonded H2O-molecule      40 Ang^3
      Small molecules (e.g. Toluene) 100-300 Ang^3

      The maximum number of molecules of a given type
      in a void can be estimated by deviding the void
      volume by twice the molecular volume of that
      molecule as calculated with the MOLVOL routine.

      Values below for gridpoints and volumes in []
      refer to areas where atom centers may reside.

Void #GridPoint VolPerc.  Vol(A^3)  X(av) Y(av) Z(av) Eigenvector(frac) Sig(Ang)
--------------------------------------------------------------------------------
 12558860[999999] 79 17519[9999.9] -0.018-0.014-0.019 1  0.104 1.000-0.012  9.78
                                                      2  1.000 0.418-0.011  9.73
                                                      3 -0.003-0.003-1.000  4.76

       x     y     z              Shortest Contacts within 4.5 Ang. (Excl. H)
================================================================================
  1 -0.018-0.014-0.019       none

:: Note: use CALC VOID (not CALC SOLV) for Packing Index.

     Report the Distance from VOID-CG to Boundary in EigenVector-Directions

 Nr MinEV1 MaxEV1 MinEV2 MaxEV2 MinEV3 MaxEV3 MaxDist (Ang)
================================================================================
  1 -23.64  22.73 -24.43  23.71  -8.88   8.43  25.15
                                                                                            "fixed_sf1 "  PLATON-SQUEEZE   Page   13
====================================================================================================================================
SQUEEZE - Procedure (A.L.Spek (2015). Acta Cryst. C71, 9-18)
====================================================================================================================================
                                                                                            "fixed_sf1 "  PLATON-ADP-Anal  Page   14
====================================================================================================================================
(An)isotropic, Equivalent and Main Axes Displacement Parameters - Unusual Values Marked with a # - [Optional Coordinate Split-up]
------------------------------------------------------------------------------------------------------------------------------------
------------------------------------------------------------------------------------------------------------------------------------
Atom  Label    U11 or Uiso      U22          U33          U23          U13          U12        Ueq(sUeq)     U1     U2     U3 U3/U1
------------------------------------------------------------------------------------------------------------------------------------
   1 Zr1        0.0775(14)   0.1011(13)   0.0919(16)  -0.0122(10)      0.00000    0.0388(7)    0.0928(8) 0.0775 0.0839 0.1169  1.51
               [   1.0006       0.4562       0.3907] & [  0.9994       0.4539       0.3968]
   2 Zr2        0.0697(18)   0.0946(16)   0.0776(18)      0.00000      0.00000    0.0349(9)   0.0834(10) 0.0697 0.0776 0.1028  1.48
               [   1.0731       0.5378       0.5000] & [  1.0714       0.5344       0.5000]
   3 O1           0.079(5)     0.108(5)     0.097(5)    -0.001(4)     0.004(4)     0.036(4)     0.099(3) 0.0779 0.0972 0.1233  1.58
               [   1.1061       0.5889       0.5809] & [  1.1045       0.5849       0.5839]
   4 O2           0.093(5)     0.122(6)     0.127(6)    -0.026(5)    -0.003(5)     0.051(5)     0.115(3) 0.0920 0.0985 0.1552  1.69
               [   1.0579       0.5921       0.6543] & [  1.0593       0.5943       0.6443]
   5 O3           0.111(8)     0.121(9)     0.108(8)      0.00000      0.00000     0.016(7)     0.132(5) 0.0877 0.1080 0.2003  2.28
               [   1.0367       0.4695       0.5000] & [  1.0351       0.4763       0.5000]
   6 O4           0.094(7)     0.212(9)     0.083(7)    -0.038(7)      0.00000     0.047(4)     0.143(4) 0.0722 0.0940 0.2621  3.63
               [   1.0031       0.4689       0.2539] & [  0.9969       0.4565       0.2685]
   7 O5           0.099(8)     0.123(7)    0.164(10)    -0.017(4)    -0.034(7)     0.050(4)     0.131(5) 0.0845 0.1303 0.1785  2.11
               [   1.0351       0.5176       0.4009] & [  1.0369       0.5184       0.3855]
   8 O6           0.101(8)     0.114(7)    0.262(14)    -0.016(8)      0.00000     0.050(4)     0.161(6) 0.1010 0.1167 0.2643  2.62
               [   0.9998       0.3998       0.4217] & [  1.0002       0.4004       0.3981]
   9 C1           0.093(7)     0.110(7)     0.099(7)    -0.010(6)     0.005(6)     0.045(6)     0.103(4) 0.0882 0.0954 0.1260  1.43
               [   1.0936       0.6026       0.6316] & [  1.0930       0.6006       0.6372]
  10 C2           0.102(7)     0.119(8)     0.107(7)    -0.031(6)    -0.003(7)     0.027(7)     0.122(4) 0.0774 0.1071 0.1811  2.34
               [   1.1255       0.6303       0.6914] & [  1.1259       0.6353       0.6778]
  11 C3           0.094(7)     0.131(9)     0.115(8)    -0.045(7)    -0.017(7)     0.034(7)     0.123(5) 0.0695 0.1142 0.1860  2.68
               [   1.1658       0.6447       0.6676] & [  1.1632       0.6391       0.6840]
  12 C4           0.120(8)     0.117(9)     0.114(8)    -0.042(7)    -0.004(7)     0.013(7)     0.138(5) 0.0676 0.1206 0.2245  3.32
               [   1.1152       0.6489       0.7500] & [  1.1138       0.6557       0.7316]
  13 C5           0.116(8)     0.126(8)     0.094(7)    -0.008(6)    -0.004(7)     0.002(7)     0.138(4) 0.0788 0.0969 0.2383  3.03
               [   1.1860       0.6852       0.7799] & [  1.1836       0.6944       0.7777]
  14 C6           0.112(8)     0.138(9)     0.112(9)    -0.032(7)    -0.013(7)     0.021(7)     0.139(5) 0.0777 0.1246 0.2150  2.77
               [   1.1938       0.6657       0.7271] & [  1.1942       0.6739       0.7151]
  15 C7           0.138(9)     0.136(9)     0.109(8)    -0.025(7)     0.011(8)     0.006(8)     0.155(5) 0.0895 0.1068 0.2700  3.02
               [   1.1462       0.6771       0.7960] & [  1.1434       0.6849       0.7816]
  16 C8           0.125(8)     0.114(8)     0.095(7)    -0.010(6)    -0.001(7)     0.001(7)     0.137(4) 0.0774 0.0971 0.2378  3.07
               [   1.2186       0.7173       0.8324] & [  1.2146       0.7253       0.8280]
  17 C9           0.134(8)     0.125(8)     0.088(7)    -0.001(6)     0.002(7)    -0.010(7)     0.149(4) 0.0795 0.0880 0.2792  3.51
               [   1.2188       0.7165       0.9149] & [  1.2144       0.7263       0.9135]
  18 C10          0.120(7)     0.120(7)     0.079(9)    -0.002(6)     0.002(6)    -0.024(9)     0.144(4) 0.0640 0.0789 0.2881  4.50
               [   1.2498       0.7464       0.9580] & [  1.2455       0.7583       0.9562]
  19 C11         0.152(10)     0.140(9)     0.091(7)     0.008(7)    -0.004(7)    -0.017(8)     0.168(5) 0.0846 0.0916 0.3268  3.86
               [   1.1873       0.6839       0.9569] & [  1.1823       0.6949       0.9617]
  20 C12          0.133(8)     0.133(8)    0.100(11)    -0.009(7)     0.009(7)   -0.011(11)     0.156(5) 0.0813 0.0983 0.2897  3.56
               [   1.2497       0.7471       0.7928] & [  1.2459       0.7573       0.7848]
  21 H3            0.14800                                                                       0.14800
                                                                                            "fixed_sf1 "  PLATON-ADP-Anal  Page   15
====================================================================================================================================
  22 H4            0.16500                                                                       0.16500
  23 H6            0.16700                                                                       0.16700
  24 H7            0.18700                                                                       0.18700
  25 H11           0.20100                                                                       0.20100
  26 H12           0.18800                                                                       0.18800

U(i,j)-Average     0.1082       0.1252       0.1107      -0.0159      -0.0025       0.0205       0.1315 0.0867 0.1121 0.1957   2.26


                                                 =====================
                                      The Displacement Factor has the Form of Exp(-T)

                                                      where

                             T = 8*(pi**2)*Uiso*sin(theta/lambda)**2, for Isotropic Atoms,

  T = 2*(pi**2)*(U11*(h*as)**2+U22*(k*bs)**2+U33*(l*cs)**2+2*U23*k*l*bs*cs+2*U13*h*l*as*cs+2*U12*h*k*as*bs),for Anisotr. Atoms

                                      Ueq = 1/3 Sum(i,j) (Uij*as(i)*as(j)*a(i).a(j))

                                   U1, U2, U3 are the three Main Axes Components of Uij

Reference U(eq): R.X. Fischer & E. Tillmanns, Acta Cryst. (1988). C44, 775-776

Ueq [or U(iso)] Averages per Element
------------------------------------------------------------------------------------------------------------------------------------
          Non-H    C      H      O     Zr
------------------------------------------------------------------------------------------------------------------------------------
Average  0.1315 0.1393 0.1760 0.1302 0.0881
Minimum  0.0834 0.1030 0.1480 0.0990 0.0834
Maximum  0.1680 0.1680 0.2010 0.1610 0.0928
Ratio    2.0144 1.6311 1.3581 1.6263 1.1127
Number       20     12      6      6      2

:: Reflection Data are READ from File : squeeze_consistent1.fcf - ( OBS-Data)

:: # Accepted Reflns     Hmax Kmax Lmax
::              3345      35   35   15

:: A,  B,  C  (Angstrom) =   39.190  39.190  16.610
:: NX, NY, NZ (SOLV-MAP) =      196     196      84 - SAV-GridPoints = 2558860
:: NX, NY, NZ (FFT-MAP)  =      128     128      64 - SAV-GridPoints =  831915
:: Resolution (FFT-MAP)  =     0.31    0.31    0.26 Angstrom

:: R1   =   0.1808 for  1837 Refl. with I > 2 s(I) and
:: wR2  =   0.4997 for  3345 reflections
:: S    =   1.7269

                                                                                            "fixed_sf1 "  PLATON-ADP-Anal  Page   16
====================================================================================================================================

Missing Reflections Below sin(theta)/lambda= 0.25
===============================================
   N    H    K    L     Theta
=============================
   1    0    1    0      0.58
   2   -1    2    0      1.01
   3    0    2    0      1.16
   4    0    0    1      1.19

:: Number of Removed Systematic Absences    =       0
:: Number of Non-Syst.Absence   Reflections =    3345
:: Number of Missing            Reflections =       0
:: Number of Missing Low Order  Reflections =       4

:: Fo-Scale =  0.982961E+00 - SinT/L-Min = 0.20 for Fo/Fc-Scaling


:: Cycle =  1, R(F) = 0.21, Nref(Hemi) = 35848, R(F > 4SIGF) = 0.12 Nref = 17787

:: F000 Input for FFT:      0.00
                                                                                            "fixed_sf1 "  PLATON-ADP-Anal  Page   17
====================================================================================================================================
===============================================================================
Unique Density Maxima in Enhanced Difference Map (CutOff level =     0.50 eA-3)
===============================================================================
   #   x     y     z  (e/A^3)     Shortest Contacts within 3.2 Ang. (Excl. H)
===============================================================================
   1 0.142 0.571 0.860  1.65 void
   2 0.810 0.408 0.094  1.24 void
   3 0.462 0.203 0.500  1.17 void
   4 0.409 0.070 0.007  1.02 void
   5 0.603 0.391 0.503  0.85 void
   6 1.000 1.002 0.172  0.81 void
   7 0.410 0.086 0.493  0.75 void
   8 0.531 0.063 0.784  0.75      O4   2.69; O5   3.08;
   9 0.533 0.469 0.216  0.75      O4   2.71; O5   3.09;
  10 0.618 0.234 0.499  0.71 void
  11 1.001 0.381 0.200  0.71 void
  12 1.000 0.501 0.219  0.70      O4   1.59; O5   3.14;
  13 0.542 0.274 0.445  0.68 void
  14 1.000 0.499 0.156  0.66      O4   2.25;
  15 0.407 0.953-0.007  0.64 void
  16 0.935 0.969 0.498  0.63 void
  17 0.439 0.297 0.494  0.63 void
  18 0.310 0.660 0.812  0.62 void
  19 0.621 0.385 0.102  0.61 void
  20 0.093 0.047 0.501  0.60 void
  21 0.548 0.273 0.506  0.59 void
  22 1.001 0.391 0.496  0.58      O6   1.49; O3   2.80; Zr1  3.06;
  23 1.000 1.000 0.500  0.57 void
  24 0.944 0.584 0.080  0.57 void
  25 0.331 0.664 0.750  0.55 void
  26 0.474 0.045 0.865  0.52      O4   2.64;
  27 0.592 1.004 0.126  0.52 void O4   3.06;
  28 0.648 1.002 0.250  0.51 void
  29 0.069 0.604 0.961  0.50 void

                                                                                            "fixed_sf1 "  PLATON-ADP-Anal  Page   18
====================================================================================================================================
===============================================================================
Unique Density Minima in Enhanced Difference Map (CutOff level =    -0.50 eA-3)
===============================================================================
   #   x     y     z  (e/A^3)     Shortest Contacts within 3.2 Ang. (Excl. H)
===============================================================================
   1 0.995 0.508 0.493 -1.05      O3   1.71; O5   2.00; Zr1  2.14; Zr2  2.31;
   2 0.507 0.490 0.532 -1.04      O5   1.40; O3   1.91; Zr2  1.94; Zr1  2.19;
   3 0.500 0.505 0.422 -0.81      O5   1.16; Zr1  1.74; O3   2.36; Zr2  2.63; O4   3.00;
   4 0.539 0.075 0.427 -0.67      Zr2  1.22; O5   1.45; O1   1.66; C1   2.42; O3   2.50; O2   2.82; Zr1  3.13;
   5 0.506 0.454 0.411 -0.61      O5   0.98; Zr2  1.81; O3   1.87; O1   1.90; O2   2.01; Zr1  2.04; C1   2.11; O4   3.12;
   6 0.540 0.541 0.456 -0.60      Zr1  1.04; O3   1.42; O5   2.25; O6   2.44; O2   2.79; Zr2  3.00;
   7 0.569 0.203-0.008 -0.59      C11  2.66;
   8 0.182 0.570-0.011 -0.59 void C11  3.03;
   9 0.624 0.164 0.066 -0.56      C11  2.30;
  10 0.419 0.922 0.504 -0.54      O3   1.44; O1   1.63; Zr2  1.67; C1   2.28; O2   2.65; O5   2.77; Zr1  3.15;
  11 0.633 0.180 0.060 -0.53      C11  2.14; C9   3.04;
  12 0.604 0.492 0.499 -0.52      O1   1.47; Zr2  2.30; C1   2.32; O3   2.56; O2   3.11;
  13 0.512 0.023 0.368 -0.51      O5   0.61; Zr1  1.95; O4   2.41; Zr2  2.76; O2   2.77; O3   2.83; C1   3.19; O1   3.19;

Void  X(av) Y(av) Z(av) Volume Ang^3 El-Count (e-) Vol/Electron Vol/Atom
================================================================================
   1 -0.018-0.014-0.019        17528      512              34.3      274

:: Total (Fo-Fc)map Electron Count in Voids/Cell =      512

:: Total (Fo-Fc)map Electron Count Outside Voids =     -512

VOID-Fo-Fc-Map:    Rho(min) =     -0.59, Rho(max) =      1.65, RhoCutOff =  0.00
PeaksCloseToAtoms: Rho(min) =     -1.05, Rho(max) =      0.70, RhoCutOff =  0.50

:: Fo-Scale =  0.984458E+00 - SinT/L-Min = 0.20 for Fo/Fc-Scaling

:: Missing Reflections Below sin(theta)/lambda = 0.25
    H    K    L     ASOLV     BSOLV
    0    1    0   -116.07      0.00
   -1    2    0     43.35      0.00
    0    2    0     54.18      0.00
    0    0    1     43.29      0.00

:: Cycle =  2, R(F) = 0.13, Nref(Hemi) = 35848, R(F > 4SIGF) = 0.07 Nref = 17787

:: F000 Input for FFT:    511.70
                                                                                            "fixed_sf1 "  PLATON-ADP-Anal  Page   19
====================================================================================================================================
===============================================================================
Unique Density Maxima in Enhanced Difference Map (CutOff level =     0.50 eA-3)
===============================================================================
   #   x     y     z  (e/A^3)     Shortest Contacts within 3.2 Ang. (Excl. H)
===============================================================================
   1 0.572 0.430 0.857  1.74 void
   2 0.595 0.404 0.903  1.31 void
   3 0.258 0.461 0.501  1.19 void
   4 0.924 0.336 0.003  1.09 void
   5 0.603 0.391 0.503  0.99 void
   6 0.767 0.383 0.499  0.84 void
   7 0.323 0.406 0.500  0.83 void
   8 1.000 0.998 0.828  0.80 void
   9 0.531 0.063 0.786  0.79      O4   2.70; O5   3.11;
  10 0.618 0.620 0.798  0.79 void
  11 0.346 0.652 0.184  0.73 void
  12 1.000 1.000 0.500  0.71 void
  13 0.540 0.266 0.553  0.70 void
  14 0.706 0.563 0.498  0.70 void
  15 0.032 0.063 0.504  0.69 void
  16 0.620 0.245 0.104  0.68 void
  17 0.596 0.547-0.007  0.67 void
  18 1.000 0.502 0.844  0.67      O4   2.22;
  19 0.500 0.999 0.781  0.65      O4   1.60; O5   3.13;
  20 0.720 0.273 0.500  0.62 void
  21 0.334 0.665 0.754  0.62 void
  22 0.587 0.589 0.127  0.60 void O4   2.99;
  23 0.587 0.948 0.918  0.59 void
  24 0.579 0.938 0.942  0.59 void
  25 1.001 0.391 0.496  0.58      O6   1.48; O3   2.80; Zr1  3.06;
  26 0.476 0.430 0.854  0.58      O4   2.51;
  27 0.953 0.906 0.505  0.56 void
  28 1.001 0.651 0.245  0.55 void
  29 0.298 0.618 0.776  0.55 void
  30 0.702 0.382 0.224  0.55 void
  31 0.378 0.704 0.764  0.55 void
  32 0.313 0.623 0.758  0.55 void
  33 0.032 0.970 0.437  0.53 void
  34 0.600 0.294 0.879  0.53 void
  35 0.402 0.930 0.976  0.52 void
  36 0.280 0.636 0.890  0.50 void
  37 0.928 0.930 0.497  0.50 void
  38 0.954 0.563 0.911  0.50 void

                                                                                            "fixed_sf1 "  PLATON-ADP-Anal  Page   20
====================================================================================================================================
===============================================================================
Unique Density Minima in Enhanced Difference Map (CutOff level =    -0.50 eA-3)
===============================================================================
   #   x     y     z  (e/A^3)     Shortest Contacts within 3.2 Ang. (Excl. H)
===============================================================================
   1 0.492 0.484 0.508 -0.97      O3   1.63; O5   1.96; Zr1  2.09; Zr2  2.26;
   2 0.493 0.505 0.530 -0.91      O5   1.52; O3   1.97; Zr2  2.11; Zr1  2.17;
   3 0.500 1.000 0.422 -0.74      O5   1.30; Zr1  1.82; O3   2.50; Zr2  2.77; O4   3.04;
   4 0.535 0.458 0.446 -0.63      Zr2  0.93; O1   1.61; O5   1.65; O3   2.33; C1   2.48; O2   2.91; Zr1  3.20;
   5 0.582 0.078 0.497 -0.57      O3   1.44; O1   1.64; Zr2  1.68; C1   2.30; O2   2.66; O5   2.79; Zr1  3.16;
   6 0.455 0.509 0.403 -0.56      O5   0.95; Zr2  1.87; O1   1.88; O2   1.99; O3   2.02; C1   2.06; Zr1  2.11; O4   3.07;
   7 0.545 0.544 0.543 -0.55      Zr1  1.05; O3   1.37; O6   2.31; O5   2.35; O2   2.73; Zr2  3.05;
   8 0.603 0.492 0.499 -0.53      O1   1.47; Zr2  2.29; C1   2.32; O3   2.55; O2   3.11;
   9 0.826 0.437-0.003 -0.51 void C11  2.93;
  10 0.624 0.164 0.065 -0.51      C11  2.31;

Void  X(av) Y(av) Z(av) Volume Ang^3 El-Count (e-) Vol/Electron Vol/Atom
================================================================================
   1 -0.018-0.014-0.019        17528      864              20.3      162

:: Total (Fo-Fc)map Electron Count in  Unit Cell =      512

:: Total (Fo-Fc)map Electron Count in Voids/Cell =      864

:: Total (Fo-Fc)map Electron Count Outside Voids =     -353

VOID-Fo-Fc-Map:    Rho(min) =     -0.51, Rho(max) =      1.74, RhoCutOff =  0.00
PeaksCloseToAtoms: Rho(min) =     -0.97, Rho(max) =      0.65, RhoCutOff =  0.50

:: Fo-Scale =  0.985897E+00 - SinT/L-Min = 0.20 for Fo/Fc-Scaling

:: Missing Reflections Below sin(theta)/lambda = 0.25
    H    K    L     ASOLV     BSOLV
    0    1    0   -164.52      0.00
   -1    2    0     61.27      0.00
    0    2    0     62.84      0.00
    0    0    1     72.61      0.00

:: Cycle =  3, R(F) = 0.12, Nref(Hemi) = 35848, R(F > 4SIGF) = 0.07 Nref = 17787

:: F000 Input for FFT:    864.33
                                                                                            "fixed_sf1 "  PLATON-ADP-Anal  Page   21
====================================================================================================================================
===============================================================================
Unique Density Maxima in Enhanced Difference Map (CutOff level =     0.50 eA-3)
===============================================================================
   #   x     y     z  (e/A^3)     Shortest Contacts within 3.2 Ang. (Excl. H)
===============================================================================
   1 0.572 0.429 0.138  1.77 void
   2 0.595 0.408 0.091  1.34 void
   3 0.258 0.461 0.501  1.21 void
   4 0.663 0.070 0.010  1.12 void
   5 0.608 0.398 0.497  1.00 void
   6 0.233 0.617 0.501  0.88 void
   7 0.323 0.406 0.500  0.84 void
   8 1.000 0.998 0.828  0.81 void
   9 0.469 0.937 0.214  0.81      O4   2.70; O5   3.11;
  10 0.618 0.615 0.204  0.80 void
  11 0.654 0.348 0.817  0.76 void
  12 0.269 0.540 0.548  0.72 void
  13 0.706 0.562 0.497  0.72 void
  14 0.761 0.380 0.885  0.71 void
  15 1.000 1.000 0.500  0.71 void
  16 0.968 0.937 0.496  0.70 void
  17 0.404 0.453 0.007  0.70 void
  18 0.500 0.502 0.844  0.69      O4   2.25;
  19 0.500 0.999 0.781  0.67      O4   1.60; O5   3.13;
  20 0.334 0.665 0.754  0.66 void
  21 0.280 0.727 0.499  0.65 void
  22 0.587 0.589 0.127  0.62 void O4   2.99;
  23 0.413 0.052 0.082  0.61 void
  24 0.587 0.948 0.918  0.61 void
  25 0.580 0.938 0.942  0.61 void
  26 0.524 0.570 0.146  0.60      O4   2.51;
  27 0.999 0.609 0.504  0.59      O6   1.48; O3   2.80; Zr1  3.06;
  28 0.298 0.618 0.776  0.58 void
  29 0.378 0.704 0.764  0.58 void
  30 0.047 0.094 0.495  0.57 void
  31 0.354 1.002 0.249  0.57 void
  32 0.400 0.706 0.120  0.55 void
  33 0.472 0.071 0.971  0.55 void
  34 0.032 0.970 0.437  0.54 void
  35 0.720 0.364 0.110  0.53 void
  36 0.046 0.437 0.089  0.52 void
  37 0.788 0.611 0.293  0.51 void
  38 0.365 0.632 0.957  0.51 void
  39 0.928 0.930 0.497  0.51 void

                                                                                            "fixed_sf1 "  PLATON-ADP-Anal  Page   22
====================================================================================================================================
===============================================================================
Unique Density Minima in Enhanced Difference Map (CutOff level =    -0.50 eA-3)
===============================================================================
   #   x     y     z  (e/A^3)     Shortest Contacts within 3.2 Ang. (Excl. H)
===============================================================================
   1 0.509 0.516 0.492 -0.95      O3   1.63; O5   1.97; Zr1  2.09; Zr2  2.27;
   2 0.493 0.505 0.530 -0.89      O5   1.52; O3   1.97; Zr2  2.11; Zr1  2.18;
   3 0.500 1.000 0.422 -0.72      O5   1.31; Zr1  1.82; O3   2.50; Zr2  2.77; O4   3.04;
   4 0.535 0.464 0.570 -0.62      Zr2  1.17; O5   1.33; O1   1.77; O3   2.42; C1   2.50; O2   2.84; Zr1  3.03;
   5 0.582 0.078 0.497 -0.55      O3   1.44; O1   1.65; Zr2  1.68; C1   2.30; O2   2.66; O5   2.80; Zr1  3.16;
   6 0.545 0.493 0.410 -0.54      O5   0.97; Zr2  1.80; O1   1.89; O3   1.90; O2   2.02; Zr1  2.07; C1   2.11; O4   3.13;
   7 0.455 0.456 0.457 -0.53      Zr1  1.05; O3   1.37; O6   2.31; O5   2.35; O2   2.73; Zr2  3.05;
   8 0.397 0.508 0.501 -0.50      O1   1.47; Zr2  2.29; C1   2.32; O3   2.55; O2   3.11;

Void  X(av) Y(av) Z(av) Volume Ang^3 El-Count (e-) Vol/Electron Vol/Atom
================================================================================
   1 -0.018-0.014-0.019        17528     1123              15.6      125

:: Total (Fo-Fc)map Electron Count in  Unit Cell =      864

:: Total (Fo-Fc)map Electron Count in Voids/Cell =     1123

:: Total (Fo-Fc)map Electron Count Outside Voids =     -258

VOID-Fo-Fc-Map:    Rho(min) =     -0.49, Rho(max) =      1.77, RhoCutOff =  0.00
PeaksCloseToAtoms: Rho(min) =     -0.95, Rho(max) =      0.67, RhoCutOff =  0.50

:: Fo-Scale =  0.986215E+00 - SinT/L-Min = 0.20 for Fo/Fc-Scaling

:: Missing Reflections Below sin(theta)/lambda = 0.25
    H    K    L     ASOLV     BSOLV
    0    1    0   -182.38      0.00
   -1    2    0     70.72      0.00
    0    2    0     62.21      0.00
    0    0    1     93.02      0.00

:: Cycle =  4, R(F) = 0.12, Nref(Hemi) = 35848, R(F > 4SIGF) = 0.07 Nref = 17787

:: F000 Input for FFT:   1122.68
                                                                                            "fixed_sf1 "  PLATON-ADP-Anal  Page   23
====================================================================================================================================
===============================================================================
Unique Density Maxima in Enhanced Difference Map (CutOff level =     0.50 eA-3)
===============================================================================
   #   x     y     z  (e/A^3)     Shortest Contacts within 3.2 Ang. (Excl. H)
===============================================================================
   1 0.428 0.571 0.862  1.78 void
   2 0.595 0.408 0.091  1.35 void
   3 0.258 0.461 0.502  1.22 void
   4 0.663 0.070 0.010  1.15 void
   5 0.606 0.398 0.491  1.02 void
   6 0.767 0.383 0.499  0.89 void
   7 0.323 0.406 0.500  0.86 void
   8 0.531 0.063 0.786  0.82      O4   2.69; O5   3.11;
   9 1.000 0.998 0.828  0.82 void
  10 0.618 0.615 0.204  0.81 void
  11 0.654 0.348 0.817  0.78 void
  12 0.269 0.539 0.547  0.74 void
  13 1.000 1.000 0.500  0.74 void
  14 0.760 0.380 0.885  0.74 void
  15 0.294 0.438 0.503  0.72 void
  16 0.596 0.547-0.007  0.71 void
  17 0.032 0.063 0.504  0.70 void
  18 0.666 0.335 0.246  0.70 void
  19 1.000 0.502 0.844  0.70      O4   2.22;
  20 0.500 0.998 0.781  0.69      O4   1.60; O5   3.12;
  21 0.720 0.273 0.500  0.67 void
  22 0.587 0.589 0.127  0.64 void O4   2.99;
  23 0.413 0.051 0.082  0.62 void
  24 0.587 0.949 0.918  0.62 void
  25 0.579 0.939 0.942  0.62 void
  26 0.524 0.570 0.146  0.62      O4   2.51;
  27 0.298 0.618 0.777  0.60 void
  28 1.001 0.391 0.496  0.59      O6   1.48; O3   2.80; Zr1  3.06;
  29 0.047 0.094 0.495  0.58 void
  30 0.354 1.002 0.248  0.58 void
  31 0.400 0.700 0.870  0.57 void
  32 0.472 0.071 0.971  0.56 void
  33 0.968 0.030 0.563  0.55 void
  34 0.720 0.363 0.110  0.55 void
  35 0.046 0.437 0.089  0.54 void
  36 0.635 0.368 0.043  0.53 void
  37 0.789 0.611 0.294  0.52 void
  38 0.457 0.999 0.199  0.51      O4   1.05;
  39 0.649 0.388 0.089  0.51 void
  40 0.928 0.930 0.497  0.51 void
  41 0.646 0.289-0.003  0.50 void

                                                                                            "fixed_sf1 "  PLATON-ADP-Anal  Page   24
====================================================================================================================================
===============================================================================
Unique Density Minima in Enhanced Difference Map (CutOff level =    -0.50 eA-3)
===============================================================================
   #   x     y     z  (e/A^3)     Shortest Contacts within 3.2 Ang. (Excl. H)
===============================================================================
   1 0.491 0.484 0.508 -0.93      O3   1.63; O5   1.96; Zr1  2.09; Zr2  2.27;
   2 0.493 0.505 0.530 -0.86      O5   1.52; O3   1.97; Zr2  2.10; Zr1  2.18;
   3 0.493 0.495 0.408 -0.71      O5   1.21; Zr1  1.54; O3   2.45; O4   2.72; Zr2  2.85; O2   3.12;
   4 0.465 0.536 0.429 -0.61      Zr2  1.17; O5   1.33; O1   1.77; O3   2.42; C1   2.50; O2   2.84; Zr1  3.03;
   5 0.582 0.078 0.497 -0.54      O3   1.44; O1   1.65; Zr2  1.68; C1   2.30; O2   2.66; O5   2.80; Zr1  3.16;
   6 0.545 0.493 0.410 -0.52      O5   0.97; Zr2  1.80; O3   1.90; O1   1.90; O2   2.03; Zr1  2.07; C1   2.11; O4   3.13;
   7 0.455 0.456 0.457 -0.52      Zr1  1.05; O3   1.37; O6   2.31; O5   2.34; O2   2.72; Zr2  3.05;

Void  X(av) Y(av) Z(av) Volume Ang^3 El-Count (e-) Vol/Electron Vol/Atom
================================================================================
   1 -0.018-0.014-0.019        17528     1321              13.3      106

:: Total (Fo-Fc)map Electron Count in  Unit Cell =     1123

:: Total (Fo-Fc)map Electron Count in Voids/Cell =     1321

:: Total (Fo-Fc)map Electron Count Outside Voids =     -198

VOID-Fo-Fc-Map:    Rho(min) =     -0.46, Rho(max) =      1.78, RhoCutOff =  0.00
PeaksCloseToAtoms: Rho(min) =     -0.93, Rho(max) =      0.69, RhoCutOff =  0.50

:: Fo-Scale =  0.986392E+00 - SinT/L-Min = 0.20 for Fo/Fc-Scaling

:: Missing Reflections Below sin(theta)/lambda = 0.25
    H    K    L     ASOLV     BSOLV
    0    1    0   -187.29      0.00
   -1    2    0     76.14      0.00
    0    2    0     58.81      0.00
    0    0    1    105.48      0.00

:: Cycle =  5, R(F) = 0.11, Nref(Hemi) = 35848, R(F > 4SIGF) = 0.06 Nref = 17787

:: F000 Input for FFT:   1320.69
                                                                                            "fixed_sf1 "  PLATON-ADP-Anal  Page   25
====================================================================================================================================
===============================================================================
Unique Density Maxima in Enhanced Difference Map (CutOff level =     0.50 eA-3)
===============================================================================
   #   x     y     z  (e/A^3)     Shortest Contacts within 3.2 Ang. (Excl. H)
===============================================================================
   1 0.428 0.570 0.143  1.79 void
   2 0.405 0.596 0.097  1.36 void
   3 0.462 0.258 0.501  1.23 void
   4 0.663 0.070 0.010  1.16 void
   5 0.606 0.398 0.491  1.02 void
   6 0.618 0.234 0.497  0.90 void
   7 0.406 0.320 0.506  0.87 void
   8 0.531 0.062 0.223  0.83      O4   2.65; O5   2.96;
   9 1.000 1.002 0.172  0.83 void
  10 0.382 0.380 0.202  0.82 void
  11 0.346 0.660 0.808  0.79 void
  12 0.461 0.734 0.447  0.75 void
  13 0.760 0.386 0.104  0.75 void
  14 1.000 1.000 0.500  0.75 void
  15 0.293 0.438 0.503  0.73 void
  16 0.404 0.453 0.007  0.72 void
  17 0.334 0.663 0.255  0.72 void
  18 0.064 0.031 0.502  0.71 void
  19 1.000 0.498 0.156  0.71      O4   2.22;
  20 0.500 0.998 0.781  0.70      O4   1.59; O5   3.12;
  21 0.274 0.719 0.503  0.68 void
  22 0.587 0.589 0.127  0.65 void O4   2.99;
  23 0.943 0.589 0.924  0.63 void
  24 0.587 0.949 0.918  0.63 void
  25 0.524 0.570 0.146  0.63      O4   2.51;
  26 0.298 0.618 0.777  0.61 void
  27 0.388 1.000 0.502  0.59      O6   1.53; O3   2.88; Zr1  3.13;
  28 0.047 0.094 0.495  0.59 void
  29 0.999 0.354 0.254  0.59 void O6   3.14;
  30 0.299 0.599 0.871  0.58 void
  31 0.598 0.070 0.025  0.57 void
  32 0.280 0.645 0.109  0.56 void
  33 0.032 0.970 0.437  0.55 void
  34 0.954 0.563 0.911  0.55 void
  35 0.634 0.368 0.044  0.54 void
  36 0.608 0.791 0.296  0.53 void
  37 0.649 0.388 0.089  0.52 void
  38 0.457 0.999 0.199  0.52      O4   1.05;
  39 0.287 0.641 0.010  0.52 void
  40 0.072 0.070 0.503  0.51 void
  41 0.375 0.189 0.264  0.50 void

                                                                                            "fixed_sf1 "  PLATON-ADP-Anal  Page   26
====================================================================================================================================
===============================================================================
Unique Density Minima in Enhanced Difference Map (CutOff level =    -0.50 eA-3)
===============================================================================
   #   x     y     z  (e/A^3)     Shortest Contacts within 3.2 Ang. (Excl. H)
===============================================================================
   1 0.489 0.492 0.499 -0.92      O3   1.77; O5   2.10; Zr1  2.23; Zr2  2.36;
   2 0.493 0.505 0.530 -0.86      O5   1.52; O3   1.97; Zr2  2.11; Zr1  2.18;
   3 0.493 0.495 0.408 -0.71      O5   1.21; Zr1  1.54; O3   2.45; O4   2.72; Zr2  2.85; O2   3.12;
   4 0.535 0.458 0.446 -0.60      Zr2  0.93; O1   1.60; O5   1.65; O3   2.33; C1   2.47; O2   2.91; Zr1  3.20;
   5 0.079 0.586 0.495 -0.53      O3   1.46; O1   1.63; Zr2  1.84; C1   2.22; O2   2.58; O5   2.88; Zr1  3.16;
   6 0.455 0.456 0.457 -0.52      Zr1  1.04; O3   1.37; O6   2.31; O5   2.35; O2   2.73; Zr2  3.05;
   7 0.494 0.547 0.403 -0.51      O5   1.02; O1   1.86; O2   1.91; Zr2  1.92; O3   1.96; C1   2.00; Zr1  2.05; O4   3.04;

Void  X(av) Y(av) Z(av) Volume Ang^3 El-Count (e-) Vol/Electron Vol/Atom
================================================================================
   1 -0.018-0.014-0.019        17528     1477              11.9       95

:: Total (Fo-Fc)map Electron Count in  Unit Cell =     1321

:: Total (Fo-Fc)map Electron Count in Voids/Cell =     1477

:: Total (Fo-Fc)map Electron Count Outside Voids =     -157

VOID-Fo-Fc-Map:    Rho(min) =     -0.45, Rho(max) =      1.79, RhoCutOff =  0.00
PeaksCloseToAtoms: Rho(min) =     -0.92, Rho(max) =      0.70, RhoCutOff =  0.50

:: Fo-Scale =  0.986533E+00 - SinT/L-Min = 0.20 for Fo/Fc-Scaling

:: Missing Reflections Below sin(theta)/lambda = 0.25
    H    K    L     ASOLV     BSOLV
    0    1    0   -186.19      0.00
   -1    2    0     78.90      0.00
    0    2    0     54.64      0.00
    0    0    1    113.26      0.00

:: Cycle =  6, R(F) = 0.11, Nref(Hemi) = 35848, R(F > 4SIGF) = 0.06 Nref = 17787

:: F000 Input for FFT:   1477.25
                                                                                            "fixed_sf1 "  PLATON-ADP-Anal  Page   27
====================================================================================================================================
===============================================================================
Unique Density Maxima in Enhanced Difference Map (CutOff level =     0.50 eA-3)
===============================================================================
   #   x     y     z  (e/A^3)     Shortest Contacts within 3.2 Ang. (Excl. H)
===============================================================================
   1 0.572 0.429 0.138  1.80 void
   2 0.595 0.408 0.091  1.37 void
   3 0.258 0.461 0.502  1.23 void
   4 0.663 0.070 0.010  1.17 void
   5 0.606 0.398 0.491  1.03 void
   6 0.767 0.383 0.499  0.91 void
   7 0.406 0.320 0.506  0.88 void
   8 1.000 1.002 0.172  0.84 void
   9 0.935 0.469 0.219  0.83      O4   2.71; O5   3.06;
  10 0.618 0.615 0.205  0.83 void
  11 0.346 0.652 0.183  0.80 void
  12 0.240 0.620 0.115  0.76 void
  13 1.000 1.000 0.500  0.76 void
  14 0.731 0.460 0.453  0.76 void
  15 0.293 0.438 0.503  0.73 void
  16 0.666 0.335 0.245  0.73 void
  17 0.404 0.453 0.007  0.73 void
  18 0.064 0.031 0.502  0.72 void
  19 1.000 0.498 0.156  0.71      O4   2.22;
  20 0.500 0.998 0.781  0.71      O4   1.59; O5   3.12;
  21 0.720 0.273 0.500  0.69 void
  22 0.587 0.589 0.127  0.66 void O4   2.99;
  23 0.587 0.949 0.917  0.64 void
  24 0.580 0.939 0.942  0.64 void
  25 0.524 0.570 0.146  0.63      O4   2.51;
  26 0.378 0.696 0.234  0.62 void
  27 0.953 0.906 0.504  0.60 void
  28 1.001 0.391 0.496  0.60      O6   1.48; O3   2.80; Zr1  3.06;
  29 0.354 1.002 0.249  0.59 void
  30 0.400 0.700 0.870  0.59 void
  31 0.527 0.929 0.029  0.58 void
  32 0.280 0.637 0.890  0.57 void
  33 0.968 0.030 0.563  0.56 void
  34 0.954 0.563 0.912  0.55 void
  35 0.366 0.632 0.956  0.55 void
  36 0.789 0.611 0.294  0.54 void
  37 0.649 0.388 0.089  0.53 void
  38 0.713 0.359-0.010  0.53 void
  39 0.543 0.999 0.207  0.52      O4   0.94; Zr1  3.11; O2   3.19;
  40 0.928 0.930 0.497  0.52 void
  41 0.813 0.627 0.266  0.51 void
  42 0.408 0.727 0.498  0.50 void
  43 0.572 0.570 0.004  0.50 void
                                                                                            "fixed_sf1 "  PLATON-ADP-Anal  Page   28
====================================================================================================================================

                                                                                            "fixed_sf1 "  PLATON-ADP-Anal  Page   29
====================================================================================================================================
===============================================================================
Unique Density Minima in Enhanced Difference Map (CutOff level =    -0.50 eA-3)
===============================================================================
   #   x     y     z  (e/A^3)     Shortest Contacts within 3.2 Ang. (Excl. H)
===============================================================================
   1 0.492 0.484 0.509 -0.92      O3   1.63; O5   1.96; Zr1  2.08; Zr2  2.26;
   2 0.493 0.505 0.529 -0.85      O5   1.53; O3   1.97; Zr2  2.11; Zr1  2.18;
   3 0.493 0.495 0.408 -0.70      O5   1.21; Zr1  1.54; O3   2.45; O4   2.72; Zr2  2.85; O2   3.12;
   4 0.465 0.536 0.429 -0.59      Zr2  1.17; O5   1.33; O1   1.78; O3   2.42; C1   2.50; O2   2.84; Zr1  3.03;
   5 0.583 0.078 0.502 -0.53      O3   1.43; O1   1.67; Zr2  1.74; C1   2.30; O2   2.66; O5   2.85; Zr1  3.17;
   6 0.545 0.544 0.543 -0.51      Zr1  1.04; O3   1.37; O6   2.31; O5   2.35; O2   2.73; Zr2  3.05;
   7 0.545 0.493 0.410 -0.51      O5   0.97; Zr2  1.80; O3   1.89; O1   1.90; O2   2.03; Zr1  2.07; C1   2.11; O4   3.13;

Void  X(av) Y(av) Z(av) Volume Ang^3 El-Count (e-) Vol/Electron Vol/Atom
================================================================================
   1 -0.018-0.014-0.019        17528     1603              10.9       87

:: Total (Fo-Fc)map Electron Count in  Unit Cell =     1477

:: Total (Fo-Fc)map Electron Count in Voids/Cell =     1603

:: Total (Fo-Fc)map Electron Count Outside Voids =     -126

VOID-Fo-Fc-Map:    Rho(min) =     -0.45, Rho(max) =      1.80, RhoCutOff =  0.00
PeaksCloseToAtoms: Rho(min) =     -0.92, Rho(max) =      0.71, RhoCutOff =  0.50

:: Fo-Scale =  0.986640E+00 - SinT/L-Min = 0.20 for Fo/Fc-Scaling

:: Missing Reflections Below sin(theta)/lambda = 0.25
    H    K    L     ASOLV     BSOLV
    0    1    0   -181.97      0.00
   -1    2    0     80.05      0.00
    0    2    0     50.39      0.00
    0    0    1    118.02      0.00

:: Cycle =  7, R(F) = 0.11, Nref(Hemi) = 35848, R(F > 4SIGF) = 0.06 Nref = 17787

:: F000 Input for FFT:   1603.14
                                                                                            "fixed_sf1 "  PLATON-ADP-Anal  Page   30
====================================================================================================================================
===============================================================================
Unique Density Maxima in Enhanced Difference Map (CutOff level =     0.50 eA-3)
===============================================================================
   #   x     y     z  (e/A^3)     Shortest Contacts within 3.2 Ang. (Excl. H)
===============================================================================
   1 0.572 0.429 0.138  1.81 void
   2 0.405 0.592 0.909  1.37 void
   3 0.258 0.461 0.502  1.24 void
   4 0.663 0.070 0.010  1.17 void
   5 0.394 0.602 0.509  1.03 void
   6 0.767 0.383 0.499  0.91 void
   7 0.323 0.406 0.500  0.88 void
   8 1.000 1.002 0.172  0.84 void
   9 0.935 0.469 0.219  0.84      O4   2.71; O5   3.06;
  10 0.618 0.615 0.205  0.83 void
  11 0.346 0.653 0.183  0.81 void
  12 1.000 1.000 0.500  0.77 void
  13 0.240 0.620 0.115  0.76 void
  14 0.731 0.460 0.453  0.76 void
  15 0.293 0.438 0.503  0.74 void
  16 0.334 0.665 0.755  0.73 void
  17 0.404 0.453 0.007  0.73 void
  18 0.064 0.031 0.502  0.72 void
  19 1.000 0.498 0.156  0.72      O4   2.22;
  20 0.500 0.998 0.781  0.71      O4   1.59; O5   3.12;
  21 0.721 0.273 0.500  0.69 void
  22 0.413 0.411 0.873  0.67 void O4   2.99;
  23 0.413 0.051 0.083  0.64 void
  24 0.587 0.949 0.917  0.64 void
  25 0.580 0.939 0.942  0.64 void
  26 0.524 0.570 0.146  0.64      O4   2.51;
  27 0.305 0.626 0.228  0.62 void
  28 0.953 0.906 0.504  0.60 void
  29 1.001 0.391 0.495  0.60      O6   1.47; O3   2.80; Zr1  3.05;
  30 0.600 0.300 0.130  0.60 void
  31 0.354 1.002 0.249  0.60 void
  32 0.527 0.929 0.029  0.58 void
  33 0.720 0.363 0.110  0.57 void
  34 0.032 0.970 0.437  0.56 void
  35 0.046 0.437 0.088  0.56 void
  36 0.634 0.368 0.044  0.55 void
  37 0.789 0.611 0.294  0.55 void
  38 0.646 0.289-0.004  0.53 void
  39 0.649 0.388 0.089  0.53 void
  40 0.351 0.612 0.911  0.53 void
  41 0.457 0.999 0.199  0.53      O4   1.05;
  42 0.072 0.070 0.503  0.52 void
  43 0.813 0.627 0.266  0.52 void
                                                                                            "fixed_sf1 "  PLATON-ADP-Anal  Page   31
====================================================================================================================================
  44 0.428 0.430-0.004  0.51 void
  45 0.592 0.273 0.502  0.51 void

                                                                                            "fixed_sf1 "  PLATON-ADP-Anal  Page   32
====================================================================================================================================
===============================================================================
Unique Density Minima in Enhanced Difference Map (CutOff level =    -0.50 eA-3)
===============================================================================
   #   x     y     z  (e/A^3)     Shortest Contacts within 3.2 Ang. (Excl. H)
===============================================================================
   1 0.492 0.484 0.509 -0.92      O3   1.63; O5   1.95; Zr1  2.08; Zr2  2.26;
   2 0.493 0.495 0.408 -0.70      O5   1.21; Zr1  1.54; O3   2.45; O4   2.72; Zr2  2.85; O2   3.12;
   3 0.465 0.536 0.429 -0.59      Zr2  1.17; O5   1.33; O1   1.78; O3   2.42; C1   2.50; O2   2.84; Zr1  3.03;
   4 0.583 0.078 0.502 -0.52      O3   1.43; O1   1.67; Zr2  1.74; C1   2.30; O2   2.66; O5   2.84; Zr1  3.17;
   5 0.455 0.456 0.457 -0.51      Zr1  1.04; O3   1.37; O6   2.31; O5   2.35; O2   2.73; Zr2  3.05;
   6 0.545 0.493 0.410 -0.50      O5   0.97; Zr2  1.79; O3   1.89; O1   1.89; O2   2.03; Zr1  2.07; C1   2.11; O4   3.13;

Void  X(av) Y(av) Z(av) Volume Ang^3 El-Count (e-) Vol/Electron Vol/Atom
================================================================================
   1 -0.018-0.014-0.019        17528     1706              10.3       82

:: Total (Fo-Fc)map Electron Count in  Unit Cell =     1603

:: Total (Fo-Fc)map Electron Count in Voids/Cell =     1706

:: Total (Fo-Fc)map Electron Count Outside Voids =     -103

VOID-Fo-Fc-Map:    Rho(min) =     -0.44, Rho(max) =      1.81, RhoCutOff =  0.00
PeaksCloseToAtoms: Rho(min) =     -0.92, Rho(max) =      0.71, RhoCutOff =  0.50

:: Fo-Scale =  0.986728E+00 - SinT/L-Min = 0.20 for Fo/Fc-Scaling

:: Missing Reflections Below sin(theta)/lambda = 0.25
    H    K    L     ASOLV     BSOLV
    0    1    0   -176.19      0.00
   -1    2    0     80.33      0.00
    0    2    0     46.40      0.00
    0    0    1    120.82      0.00

:: Cycle =  8, R(F) = 0.11, Nref(Hemi) = 35848, R(F > 4SIGF) = 0.06 Nref = 17787

:: F000 Input for FFT:   1705.98
                                                                                            "fixed_sf1 "  PLATON-ADP-Anal  Page   33
====================================================================================================================================
===============================================================================
Unique Density Maxima in Enhanced Difference Map (CutOff level =     0.50 eA-3)
===============================================================================
   #   x     y     z  (e/A^3)     Shortest Contacts within 3.2 Ang. (Excl. H)
===============================================================================
   1 0.572 0.429 0.138  1.81 void
   2 0.595 0.408 0.091  1.37 void
   3 0.258 0.461 0.502  1.24 void
   4 0.663 0.070 0.010  1.18 void
   5 0.606 0.398 0.491  1.04 void
   6 0.767 0.383 0.499  0.92 void
   7 0.677 0.594 0.500  0.89 void
   8 1.000 1.002 0.172  0.85 void
   9 0.935 0.469 0.219  0.84      O4   2.71; O5   3.06;
  10 0.618 0.615 0.205  0.83 void
  11 0.654 0.347 0.817  0.81 void
  12 1.000 1.000 0.500  0.77 void
  13 0.760 0.380 0.885  0.77 void
  14 0.731 0.460 0.453  0.76 void
  15 0.664 0.327 0.255  0.74 void
  16 0.293 0.438 0.503  0.74 void
  17 0.404 0.453 0.007  0.74 void
  18 0.064 0.031 0.502  0.72 void
  19 0.500 1.002 0.219  0.72      O4   1.59; O5   3.12;
  20 1.000 0.502 0.844  0.72      O4   2.22;
  21 0.721 0.273 0.500  0.70 void
  22 0.587 0.589 0.127  0.67 void O4   2.99;
  23 0.413 0.051 0.083  0.65 void
  24 0.524 0.570 0.146  0.64      O4   2.52;
  25 0.305 0.626 0.228  0.63 void
  26 0.047 0.094 0.496  0.61 void
  27 0.400 0.700 0.870  0.60 void
  28 0.354 1.002 0.249  0.60 void
  29 1.001 0.391 0.495  0.60      O6   1.47; O3   2.80; Zr1  3.05;
  30 0.527 0.929 0.029  0.59 void
  31 0.720 0.363 0.110  0.58 void
  32 0.968 0.030 0.563  0.57 void
  33 0.046 0.437 0.088  0.56 void
  34 0.634 0.369 0.044  0.56 void
  35 0.789 0.611 0.294  0.55 void
  36 0.646 0.289-0.004  0.54 void
  37 0.649 0.388 0.089  0.54 void
  38 0.351 0.612 0.911  0.54 void
  39 0.457 0.999 0.200  0.53      O4   1.05;
  40 0.072 0.070 0.503  0.53 void
  41 0.813 0.627 0.266  0.52 void
  42 0.592 0.273 0.502  0.51 void
  43 0.572 0.570 0.004  0.51 void
                                                                                            "fixed_sf1 "  PLATON-ADP-Anal  Page   34
====================================================================================================================================

                                                                                            "fixed_sf1 "  PLATON-ADP-Anal  Page   35
====================================================================================================================================
===============================================================================
Unique Density Minima in Enhanced Difference Map (CutOff level =    -0.50 eA-3)
===============================================================================
   #   x     y     z  (e/A^3)     Shortest Contacts within 3.2 Ang. (Excl. H)
===============================================================================
   1 0.492 0.484 0.509 -0.91      O3   1.63; O5   1.95; Zr1  2.08; Zr2  2.26;
   2 0.493 0.495 0.408 -0.69      O5   1.21; Zr1  1.54; O3   2.45; O4   2.72; Zr2  2.85; O2   3.12;
   3 0.535 0.464 0.571 -0.59      Zr2  1.17; O5   1.33; O1   1.78; O3   2.42; C1   2.51; O2   2.84; Zr1  3.03;
   4 0.583 0.078 0.502 -0.52      O3   1.43; O1   1.67; Zr2  1.74; C1   2.30; O2   2.65; O5   2.85; Zr1  3.17;
   5 0.455 0.456 0.457 -0.50      Zr1  1.04; O3   1.37; O6   2.31; O5   2.35; O2   2.73; Zr2  3.05;
   6 0.545 0.493 0.410 -0.50      O5   0.97; Zr2  1.79; O3   1.89; O1   1.89; O2   2.03; Zr1  2.07; C1   2.11; O4   3.14;

Void  X(av) Y(av) Z(av) Volume Ang^3 El-Count (e-) Vol/Electron Vol/Atom
================================================================================
   1 -0.018-0.014-0.019        17528     1791               9.8       78

:: Total (Fo-Fc)map Electron Count in  Unit Cell =     1706

:: Total (Fo-Fc)map Electron Count in Voids/Cell =     1791

:: Total (Fo-Fc)map Electron Count Outside Voids =      -85

VOID-Fo-Fc-Map:    Rho(min) =     -0.44, Rho(max) =      1.81, RhoCutOff =  0.00
PeaksCloseToAtoms: Rho(min) =     -0.91, Rho(max) =      0.72, RhoCutOff =  0.50

:: Fo-Scale =  0.986801E+00 - SinT/L-Min = 0.20 for Fo/Fc-Scaling

:: Missing Reflections Below sin(theta)/lambda = 0.25
    H    K    L     ASOLV     BSOLV
    0    1    0   -169.78      0.00
   -1    2    0     80.03      0.00
    0    2    0     42.70      0.00
    0    0    1    122.38      0.00

:: Cycle =  9, R(F) = 0.11, Nref(Hemi) = 35848, R(F > 4SIGF) = 0.06 Nref = 17787

:: F000 Input for FFT:   1790.89
                                                                                            "fixed_sf1 "  PLATON-ADP-Anal  Page   36
====================================================================================================================================
===============================================================================
Unique Density Maxima in Enhanced Difference Map (CutOff level =     0.50 eA-3)
===============================================================================
   #   x     y     z  (e/A^3)     Shortest Contacts within 3.2 Ang. (Excl. H)
===============================================================================
   1 0.571 0.429 0.138  1.81 void
   2 0.595 0.408 0.091  1.38 void
   3 0.258 0.461 0.502  1.24 void
   4 0.337 0.930-0.010  1.18 void
   5 0.606 0.398 0.491  1.04 void
   6 0.767 0.383 0.498  0.92 void
   7 0.323 0.406 0.500  0.89 void
   8 1.000 0.998 0.828  0.86 void
   9 0.935 0.469 0.219  0.84      O4   2.71; O5   3.06;
  10 0.618 0.615 0.205  0.84 void
  11 0.654 0.347 0.817  0.82 void
  12 1.000 1.000 0.500  0.78 void
  13 0.760 0.380 0.885  0.77 void
  14 0.731 0.460 0.453  0.77 void
  15 0.666 0.335 0.245  0.75 void
  16 0.293 0.438 0.503  0.74 void
  17 0.404 0.453 0.007  0.74 void
  18 0.064 0.031 0.502  0.73 void
  19 0.500 0.501 0.219  0.72      O4   1.61; O5   3.13;
  20 1.000 0.502 0.844  0.72      O4   2.22;
  21 0.721 0.273 0.500  0.70 void
  22 0.587 0.589 0.127  0.67 void O4   2.99;
  23 0.413 0.051 0.083  0.65 void
  24 0.524 0.570 0.146  0.65      O4   2.52;
  25 0.305 0.625 0.228  0.63 void
  26 0.047 0.094 0.496  0.61 void
  27 0.600 0.300 0.130  0.61 void
  28 0.354 1.002 0.249  0.61 void
  29 0.999 0.609 0.505  0.60      O6   1.47; O3   2.80; Zr1  3.05;
  30 0.527 0.929 0.029  0.59 void
  31 0.720 0.363 0.110  0.58 void
  32 0.032 0.970 0.437  0.57 void
  33 0.046 0.437 0.088  0.57 void
  34 0.634 0.369 0.044  0.56 void
  35 0.789 0.611 0.294  0.56 void
  36 0.354 0.711 0.004  0.55 void
  37 0.649 0.388 0.089  0.54 void
  38 0.351 0.612 0.911  0.54 void
  39 0.457 0.999 0.200  0.53      O4   1.05;
  40 0.072 0.070 0.503  0.53 void
  41 0.813 0.627 0.266  0.52 void
  42 0.592 0.273 0.502  0.52 void
  43 0.428 0.430-0.004  0.52 void
                                                                                            "fixed_sf1 "  PLATON-ADP-Anal  Page   37
====================================================================================================================================

                                                                                            "fixed_sf1 "  PLATON-ADP-Anal  Page   38
====================================================================================================================================
===============================================================================
Unique Density Minima in Enhanced Difference Map (CutOff level =    -0.50 eA-3)
===============================================================================
   #   x     y     z  (e/A^3)     Shortest Contacts within 3.2 Ang. (Excl. H)
===============================================================================
   1 0.492 0.484 0.509 -0.91      O3   1.63; O5   1.95; Zr1  2.08; Zr2  2.25;
   2 0.493 0.495 0.408 -0.69      O5   1.21; Zr1  1.54; O3   2.45; O4   2.72; Zr2  2.85; O2   3.12;
   3 0.465 0.536 0.429 -0.58      Zr2  1.17; O5   1.32; O1   1.78; O3   2.42; C1   2.51; O2   2.84; Zr1  3.03;
   4 0.583 0.078 0.502 -0.51      O3   1.43; O1   1.67; Zr2  1.75; C1   2.30; O2   2.65; O5   2.85; Zr1  3.17;
   5 0.455 0.456 0.457 -0.50      Zr1  1.04; O3   1.37; O6   2.31; O5   2.35; O2   2.73; Zr2  3.05;

Void  X(av) Y(av) Z(av) Volume Ang^3 El-Count (e-) Vol/Electron Vol/Atom
================================================================================
   1 -0.018-0.014-0.019        17528     1862               9.4       75

:: Total (Fo-Fc)map Electron Count in  Unit Cell =     1791

:: Total (Fo-Fc)map Electron Count in Voids/Cell =     1862

:: Total (Fo-Fc)map Electron Count Outside Voids =      -71

VOID-Fo-Fc-Map:    Rho(min) =     -0.43, Rho(max) =      1.81, RhoCutOff =  0.00
PeaksCloseToAtoms: Rho(min) =     -0.91, Rho(max) =      0.72, RhoCutOff =  0.50

:: Fo-Scale =  0.986847E+00 - SinT/L-Min = 0.20 for Fo/Fc-Scaling

:: Missing Reflections Below sin(theta)/lambda = 0.25
    H    K    L     ASOLV     BSOLV
    0    1    0   -163.24      0.00
   -1    2    0     79.41      0.00
    0    2    0     39.35      0.00
    0    0    1    123.10      0.00

:: Cycle = 10, R(F) = 0.11, Nref(Hemi) = 35848, R(F > 4SIGF) = 0.06 Nref = 17787

:: F000 Input for FFT:   1861.70
                                                                                            "fixed_sf1 "  PLATON-ADP-Anal  Page   39
====================================================================================================================================
===============================================================================
Unique Density Maxima in Enhanced Difference Map (CutOff level =     0.50 eA-3)
===============================================================================
   #   x     y     z  (e/A^3)     Shortest Contacts within 3.2 Ang. (Excl. H)
===============================================================================
   1 0.571 0.429 0.138  1.82 void
   2 0.405 0.592 0.909  1.38 void
   3 0.258 0.461 0.502  1.25 void
   4 0.663 0.070 0.010  1.19 void
   5 0.606 0.398 0.491  1.04 void
   6 0.767 0.383 0.498  0.92 void
   7 0.323 0.406 0.500  0.89 void
   8 1.000 1.002 0.172  0.86 void
   9 0.935 0.469 0.219  0.84      O4   2.71; O5   3.06;
  10 0.382 0.380 0.202  0.84 void
  11 0.346 0.653 0.183  0.82 void
  12 1.000 1.000 0.500  0.78 void
  13 0.240 0.614 0.896  0.77 void
  14 0.731 0.460 0.453  0.77 void
  15 0.664 0.327 0.255  0.75 void
  16 0.293 0.438 0.503  0.75 void
  17 0.404 0.453 0.007  0.74 void
  18 0.064 0.031 0.502  0.73 void
  19 0.500 0.501 0.219  0.73      O4   1.61; O5   3.13;
  20 1.000 0.498 0.156  0.72      O4   2.22;
  21 0.721 0.273 0.500  0.71 void
  22 0.413 0.411 0.873  0.68 void O4   2.99;
  23 0.587 0.942 0.073  0.66 void
  24 0.573 0.523 0.860  0.65      O4   2.65;
  25 0.378 0.696 0.233  0.64 void
  26 0.047 0.094 0.496  0.62 void
  27 0.354 1.002 0.249  0.61 void
  28 0.599 0.300 0.130  0.61 void
  29 1.001 0.391 0.495  0.60      O6   1.47; O3   2.80; Zr1  3.05;
  30 0.527 0.929 0.029  0.59 void
  31 0.720 0.356 0.891  0.59 void
  32 0.280 0.637 0.890  0.59 void
  33 0.032 0.970 0.437  0.58 void
  34 0.954 0.562 0.099  0.57 void
  35 0.211 0.392 0.300  0.56 void
  36 0.366 0.631 0.956  0.56 void
  37 0.354 0.711 0.004  0.55 void
  38 0.351 0.612 0.911  0.54 void
  39 0.380 0.643 0.907  0.54 void
  40 0.543 0.999 0.207  0.53      O4   0.94; Zr1  3.11; O2   3.19;
  41 0.928 0.930 0.497  0.53 void
  42 0.187 0.377 0.265  0.53 void
  43 0.592 0.273 0.502  0.52 void
                                                                                            "fixed_sf1 "  PLATON-ADP-Anal  Page   40
====================================================================================================================================
  44 0.428 0.430-0.004  0.52 void

                                                                                            "fixed_sf1 "  PLATON-ADP-Anal  Page   41
====================================================================================================================================
===============================================================================
Unique Density Minima in Enhanced Difference Map (CutOff level =    -0.50 eA-3)
===============================================================================
   #   x     y     z  (e/A^3)     Shortest Contacts within 3.2 Ang. (Excl. H)
===============================================================================
   1 0.492 0.484 0.509 -0.91      O3   1.63; O5   1.94; Zr1  2.08; Zr2  2.25;
   2 0.507 0.510 0.405 -0.69      O5   1.18; Zr1  1.44; O3   2.40; O4   2.64; Zr2  2.85; O2   3.00;
   3 0.465 0.536 0.429 -0.58      Zr2  1.17; O5   1.32; O1   1.78; O3   2.42; C1   2.51; O2   2.84; Zr1  3.03;
   4 0.417 0.922 0.498 -0.51      O3   1.43; O1   1.67; Zr2  1.75; C1   2.30; O2   2.65; O5   2.85; Zr1  3.17;

Void  X(av) Y(av) Z(av) Volume Ang^3 El-Count (e-) Vol/Electron Vol/Atom
================================================================================
   1 -0.018-0.014-0.019        17528     1921               9.1       73

:: Total (Fo-Fc)map Electron Count in  Unit Cell =     1862

:: Total (Fo-Fc)map Electron Count in Voids/Cell =     1921

:: Total (Fo-Fc)map Electron Count Outside Voids =      -60

VOID-Fo-Fc-Map:    Rho(min) =     -0.43, Rho(max) =      1.82, RhoCutOff =  0.00
PeaksCloseToAtoms: Rho(min) =     -0.91, Rho(max) =      0.73, RhoCutOff =  0.50

:: Fo-Scale =  0.986888E+00 - SinT/L-Min = 0.20 for Fo/Fc-Scaling

:: Missing Reflections Below sin(theta)/lambda = 0.25
    H    K    L     ASOLV     BSOLV
    0    1    0   -156.86      0.00
   -1    2    0     78.62      0.00
    0    2    0     36.34      0.00
    0    0    1    123.24      0.00

:: Cycle = 11, R(F) = 0.11, Nref(Hemi) = 35848, R(F > 4SIGF) = 0.06 Nref = 17787

:: F000 Input for FFT:   1921.39
                                                                                            "fixed_sf1 "  PLATON-ADP-Anal  Page   42
====================================================================================================================================
===============================================================================
Unique Density Maxima in Enhanced Difference Map (CutOff level =     0.50 eA-3)
===============================================================================
   #   x     y     z  (e/A^3)     Shortest Contacts within 3.2 Ang. (Excl. H)
===============================================================================
   1 0.571 0.429 0.138  1.82 void
   2 0.595 0.408 0.091  1.38 void
   3 0.258 0.461 0.502  1.25 void
   4 0.663 0.070 0.010  1.19 void
   5 0.606 0.398 0.491  1.04 void
   6 0.767 0.383 0.498  0.92 void
   7 0.323 0.406 0.500  0.89 void
   8 1.000 1.002 0.172  0.87 void
   9 0.382 0.380 0.202  0.84 void
  10 0.935 0.469 0.219  0.84      O4   2.71; O5   3.06;
  11 0.654 0.347 0.817  0.83 void
  12 1.000 1.000 0.500  0.78 void
  13 0.760 0.380 0.885  0.78 void
  14 0.731 0.460 0.453  0.77 void
  15 0.664 0.327 0.255  0.75 void
  16 0.293 0.438 0.503  0.75 void
  17 0.404 0.453 0.007  0.74 void
  18 0.064 0.031 0.502  0.73 void
  19 0.500 0.499 0.781  0.73      O4   1.61; O5   3.13;
  20 1.000 0.498 0.156  0.72      O4   2.22;
  21 0.721 0.273 0.500  0.71 void
  22 0.587 0.589 0.127  0.68 void O4   2.99;
  23 0.587 0.942 0.073  0.66 void
  24 0.524 0.570 0.146  0.65      O4   2.52;
  25 0.305 0.625 0.228  0.64 void
  26 0.047 0.094 0.496  0.62 void
  27 0.354 1.002 0.249  0.61 void
  28 0.599 0.300 0.130  0.61 void
  29 1.001 0.391 0.495  0.61      O6   1.47; O3   2.80; Zr1  3.05;
  30 0.527 0.929 0.029  0.60 void
  31 0.280 0.637 0.890  0.59 void
  32 0.032 0.970 0.436  0.58 void
  33 0.954 0.562 0.099  0.57 void
  34 0.789 0.611 0.294  0.56 void
  35 0.634 0.369 0.044  0.56 void
  36 0.646 0.289-0.004  0.55 void
  37 0.351 0.612 0.911  0.54 void
  38 0.649 0.388 0.089  0.54 void
  39 0.072 0.070 0.503  0.54 void
  40 0.457 0.999 0.200  0.54      O4   1.05;
  41 0.813 0.627 0.266  0.53 void
  42 0.592 0.273 0.502  0.52 void
  43 0.428 0.430-0.004  0.52 void
                                                                                            "fixed_sf1 "  PLATON-ADP-Anal  Page   43
====================================================================================================================================

                                                                                            "fixed_sf1 "  PLATON-ADP-Anal  Page   44
====================================================================================================================================
===============================================================================
Unique Density Minima in Enhanced Difference Map (CutOff level =    -0.50 eA-3)
===============================================================================
   #   x     y     z  (e/A^3)     Shortest Contacts within 3.2 Ang. (Excl. H)
===============================================================================
   1 0.492 0.484 0.509 -0.91      O3   1.63; O5   1.94; Zr1  2.08; Zr2  2.25;
   2 0.493 0.495 0.408 -0.69      O5   1.21; Zr1  1.54; O3   2.45; O4   2.72; Zr2  2.85; O2   3.12;
   3 0.535 0.464 0.571 -0.58      Zr2  1.17; O5   1.32; O1   1.78; O3   2.42; C1   2.51; O2   2.84; Zr1  3.03;
   4 0.417 0.922 0.498 -0.51      O3   1.43; O1   1.67; Zr2  1.75; C1   2.30; O2   2.65; O5   2.85; Zr1  3.17;

Void  X(av) Y(av) Z(av) Volume Ang^3 El-Count (e-) Vol/Electron Vol/Atom
================================================================================
   1 -0.018-0.014-0.019        17528     1972               8.9       71

:: Total (Fo-Fc)map Electron Count in  Unit Cell =     1921

:: Total (Fo-Fc)map Electron Count in Voids/Cell =     1972

:: Total (Fo-Fc)map Electron Count Outside Voids =      -51

VOID-Fo-Fc-Map:    Rho(min) =     -0.43, Rho(max) =      1.82, RhoCutOff =  0.00
PeaksCloseToAtoms: Rho(min) =     -0.91, Rho(max) =      0.73, RhoCutOff =  0.50

:: Fo-Scale =  0.986922E+00 - SinT/L-Min = 0.20 for Fo/Fc-Scaling

:: Missing Reflections Below sin(theta)/lambda = 0.25
    H    K    L     ASOLV     BSOLV
    0    1    0   -150.76      0.00
   -1    2    0     77.75      0.00
    0    2    0     33.64      0.00
    0    0    1    123.01      0.00

:: Cycle = 12, R(F) = 0.11, Nref(Hemi) = 35848, R(F > 4SIGF) = 0.06 Nref = 17787

:: F000 Input for FFT:   1971.95
                                                                                            "fixed_sf1 "  PLATON-ADP-Anal  Page   45
====================================================================================================================================
===============================================================================
Unique Density Maxima in Enhanced Difference Map (CutOff level =     0.50 eA-3)
===============================================================================
   #   x     y     z  (e/A^3)     Shortest Contacts within 3.2 Ang. (Excl. H)
===============================================================================
   1 0.571 0.429 0.138  1.82 void
   2 0.595 0.408 0.091  1.38 void
   3 0.258 0.461 0.502  1.25 void
   4 0.663 0.070 0.010  1.19 void
   5 0.394 0.602 0.509  1.04 void
   6 0.767 0.383 0.498  0.92 void
   7 0.323 0.406 0.500  0.90 void
   8 1.000 1.002 0.172  0.87 void
   9 0.618 0.615 0.205  0.84 void
  10 0.935 0.469 0.219  0.84      O4   2.71; O5   3.06;
  11 0.346 0.653 0.184  0.83 void
  12 1.000 1.000 0.500  0.79 void
  13 0.240 0.620 0.115  0.78 void
  14 0.731 0.460 0.453  0.77 void
  15 0.664 0.327 0.255  0.76 void
  16 0.707 0.562 0.497  0.75 void
  17 0.404 0.453 0.007  0.75 void
  18 0.064 0.031 0.502  0.74 void
  19 0.500 0.499 0.781  0.73      O4   1.61; O5   3.13;
  20 1.000 0.498 0.156  0.72      O4   2.22;
  21 0.279 0.727 0.500  0.71 void
  22 0.413 0.411 0.873  0.68 void O4   2.99;
  23 0.587 0.942 0.073  0.66 void
  24 0.524 0.570 0.146  0.65      O4   2.52;
  25 0.695 0.375 0.772  0.64 void
  26 0.047 0.094 0.496  0.63 void
  27 0.354 1.002 0.249  0.61 void
  28 0.402 0.704 0.855  0.61 void
  29 1.001 0.391 0.495  0.61      O6   1.47; O3   2.80; Zr1  3.05;
  30 0.473 0.071 0.971  0.60 void
  31 0.360 0.722 0.112  0.59 void
  32 0.032 0.970 0.436  0.58 void
  33 0.954 0.562 0.100  0.57 void
  34 0.789 0.611 0.294  0.57 void
  35 0.366 0.631 0.956  0.56 void
  36 0.646 0.289-0.004  0.55 void
  37 0.649 0.388 0.089  0.55 void
  38 0.351 0.612 0.911  0.55 void
  39 0.072 0.070 0.503  0.54 void
  40 0.457 0.999 0.200  0.54      O4   1.05;
  41 0.813 0.627 0.266  0.53 void
  42 0.408 0.727 0.498  0.52 void
  43 0.572 0.570 0.004  0.52 void
                                                                                            "fixed_sf1 "  PLATON-ADP-Anal  Page   46
====================================================================================================================================

                                                                                            "fixed_sf1 "  PLATON-ADP-Anal  Page   47
====================================================================================================================================
===============================================================================
Unique Density Minima in Enhanced Difference Map (CutOff level =    -0.50 eA-3)
===============================================================================
   #   x     y     z  (e/A^3)     Shortest Contacts within 3.2 Ang. (Excl. H)
===============================================================================
   1 0.492 0.484 0.510 -0.91      O3   1.63; O5   1.94; Zr1  2.08; Zr2  2.25;
   2 0.493 0.495 0.408 -0.69      O5   1.21; Zr1  1.54; O3   2.45; O4   2.73; Zr2  2.85; O2   3.12;
   3 0.465 0.536 0.429 -0.58      Zr2  1.17; O5   1.32; O1   1.78; O3   2.42; C1   2.51; O2   2.84; Zr1  3.03;
   4 0.417 0.922 0.498 -0.51      O3   1.43; O1   1.67; Zr2  1.75; C1   2.30; O2   2.65; O5   2.85; Zr1  3.17;

Void  X(av) Y(av) Z(av) Volume Ang^3 El-Count (e-) Vol/Electron Vol/Atom
================================================================================
   1 -0.018-0.014-0.019        17528     2015               8.7       70

:: Total (Fo-Fc)map Electron Count in  Unit Cell =     1972

:: Total (Fo-Fc)map Electron Count in Voids/Cell =     2015

:: Total (Fo-Fc)map Electron Count Outside Voids =      -43

VOID-Fo-Fc-Map:    Rho(min) =     -0.43, Rho(max) =      1.82, RhoCutOff =  0.00
PeaksCloseToAtoms: Rho(min) =     -0.91, Rho(max) =      0.73, RhoCutOff =  0.50

:: Fo-Scale =  0.986950E+00 - SinT/L-Min = 0.20 for Fo/Fc-Scaling

:: Missing Reflections Below sin(theta)/lambda = 0.25
    H    K    L     ASOLV     BSOLV
    0    1    0   -145.05      0.00
   -1    2    0     76.85      0.00
    0    2    0     31.21      0.00
    0    0    1    122.52      0.00

:: Cycle = 13, R(F) = 0.11, Nref(Hemi) = 35848, R(F > 4SIGF) = 0.06 Nref = 17787

:: F000 Input for FFT:   2015.14
                                                                                            "fixed_sf1 "  PLATON-ADP-Anal  Page   48
====================================================================================================================================
===============================================================================
Unique Density Maxima in Enhanced Difference Map (CutOff level =     0.50 eA-3)
===============================================================================
   #   x     y     z  (e/A^3)     Shortest Contacts within 3.2 Ang. (Excl. H)
===============================================================================
   1 0.571 0.429 0.138  1.82 void
   2 0.595 0.408 0.091  1.38 void
   3 0.258 0.461 0.502  1.25 void
   4 0.663 0.070 0.010  1.19 void
   5 0.394 0.602 0.509  1.05 void
   6 0.767 0.383 0.498  0.92 void
   7 0.323 0.406 0.500  0.90 void
   8 1.000 0.998 0.828  0.87 void
   9 0.382 0.385 0.795  0.84 void
  10 0.065 0.531 0.781  0.84      O4   2.71; O5   3.06;
  11 0.346 0.653 0.184  0.83 void
  12 1.000 1.000 0.500  0.79 void
  13 0.240 0.620 0.115  0.78 void
  14 0.269 0.540 0.547  0.78 void
  15 0.664 0.327 0.255  0.76 void
  16 0.293 0.438 0.503  0.75 void
  17 0.404 0.453 0.007  0.75 void
  18 0.936 0.969 0.498  0.74 void
  19 0.500 0.499 0.781  0.73      O4   1.61; O5   3.13;
  20 1.000 0.498 0.156  0.72      O4   2.22;
  21 0.721 0.273 0.500  0.72 void
  22 0.587 0.589 0.127  0.68 void O4   2.99;
  23 0.587 0.942 0.073  0.66 void
  24 0.524 0.570 0.146  0.65      O4   2.52;
  25 0.695 0.375 0.772  0.64 void
  26 0.047 0.094 0.496  0.63 void
  27 0.354 1.002 0.249  0.62 void
  28 0.598 0.296 0.145  0.61 void
  29 1.001 0.391 0.495  0.61      O6   1.47; O3   2.80; Zr1  3.05;
  30 0.527 0.929 0.029  0.60 void
  31 0.360 0.722 0.112  0.59 void
  32 0.032 0.970 0.436  0.59 void
  33 0.954 0.562 0.100  0.57 void
  34 0.789 0.611 0.294  0.57 void
  35 0.366 0.631 0.956  0.56 void
  36 0.354 0.711 0.004  0.55 void
  37 0.649 0.388 0.089  0.55 void
  38 0.351 0.612 0.911  0.55 void
  39 0.072 0.070 0.503  0.54 void
  40 0.457 0.999 0.200  0.54      O4   1.05;
  41 0.813 0.627 0.266  0.54 void
  42 0.428 0.430-0.004  0.52 void
  43 0.592 0.273 0.502  0.52 void
                                                                                            "fixed_sf1 "  PLATON-ADP-Anal  Page   49
====================================================================================================================================
  44 0.291 0.289 0.504  0.50 void

                                                                                            "fixed_sf1 "  PLATON-ADP-Anal  Page   50
====================================================================================================================================
===============================================================================
Unique Density Minima in Enhanced Difference Map (CutOff level =    -0.50 eA-3)
===============================================================================
   #   x     y     z  (e/A^3)     Shortest Contacts within 3.2 Ang. (Excl. H)
===============================================================================
   1 0.492 0.484 0.510 -0.91      O3   1.63; O5   1.94; Zr1  2.08; Zr2  2.25;
   2 0.493 0.495 0.408 -0.69      O5   1.21; Zr1  1.54; O3   2.45; O4   2.73; Zr2  2.85; O2   3.12;
   3 0.465 0.536 0.429 -0.58      Zr2  1.17; O5   1.32; O1   1.79; O3   2.42; C1   2.51; O2   2.84; Zr1  3.03;
   4 0.583 0.078 0.502 -0.51      O3   1.43; O1   1.67; Zr2  1.75; C1   2.30; O2   2.65; O5   2.85; Zr1  3.17;

Void  X(av) Y(av) Z(av) Volume Ang^3 El-Count (e-) Vol/Electron Vol/Atom
================================================================================
   1 -0.018-0.014-0.019        17528     2052               8.5       68

:: Total (Fo-Fc)map Electron Count in  Unit Cell =     2015

:: Total (Fo-Fc)map Electron Count in Voids/Cell =     2052

:: Total (Fo-Fc)map Electron Count Outside Voids =      -37

VOID-Fo-Fc-Map:    Rho(min) =     -0.43, Rho(max) =      1.82, RhoCutOff =  0.00
PeaksCloseToAtoms: Rho(min) =     -0.91, Rho(max) =      0.73, RhoCutOff =  0.50

:: Fo-Scale =  0.986963E+00 - SinT/L-Min = 0.20 for Fo/Fc-Scaling

:: Missing Reflections Below sin(theta)/lambda = 0.25
    H    K    L     ASOLV     BSOLV
    0    1    0   -139.74      0.00
   -1    2    0     75.96      0.00
    0    2    0     29.01      0.00
    0    0    1    121.88      0.00

:: Cycle = 14, R(F) = 0.11, Nref(Hemi) = 35848, R(F > 4SIGF) = 0.06 Nref = 17787

:: F000 Input for FFT:   2052.17
                                                                                            "fixed_sf1 "  PLATON-ADP-Anal  Page   51
====================================================================================================================================
===============================================================================
Unique Density Maxima in Enhanced Difference Map (CutOff level =     0.50 eA-3)
===============================================================================
   #   x     y     z  (e/A^3)     Shortest Contacts within 3.2 Ang. (Excl. H)
===============================================================================
   1 0.571 0.429 0.138  1.82 void
   2 0.595 0.408 0.091  1.39 void
   3 0.258 0.461 0.502  1.25 void
   4 0.663 0.070 0.010  1.20 void
   5 0.608 0.398 0.498  1.05 void
   6 0.233 0.617 0.502  0.93 void
   7 0.323 0.406 0.500  0.90 void
   8 1.000 1.002 0.172  0.88 void
   9 0.618 0.615 0.205  0.85 void
  10 0.935 0.469 0.219  0.84      O4   2.71; O5   3.06;
  11 0.346 0.653 0.184  0.83 void
  12 1.000 1.000 0.500  0.79 void
  13 0.240 0.620 0.115  0.78 void
  14 0.731 0.460 0.453  0.78 void
  15 0.664 0.327 0.255  0.76 void
  16 0.293 0.438 0.503  0.75 void
  17 0.404 0.453 0.007  0.75 void
  18 0.936 0.969 0.498  0.74 void
  19 0.500 0.499 0.781  0.73      O4   1.61; O5   3.13;
  20 1.000 0.502 0.844  0.73      O4   2.22;
  21 0.721 0.273 0.500  0.72 void
  22 0.413 0.411 0.873  0.69 void O4   2.99;
  23 0.587 0.942 0.073  0.66 void
  24 0.524 0.570 0.146  0.65      O4   2.52;
  25 0.305 0.625 0.228  0.64 void
  26 0.047 0.094 0.496  0.63 void
  27 0.646 0.998 0.751  0.62 void
  28 0.598 0.296 0.145  0.61 void
  29 1.001 0.391 0.495  0.61      O6   1.47; O3   2.80; Zr1  3.05;
  30 0.473 0.071 0.971  0.60 void
  31 0.360 0.722 0.112  0.59 void
  32 0.032 0.970 0.436  0.59 void
  33 0.954 0.562 0.100  0.57 void
  34 0.789 0.611 0.294  0.57 void
  35 0.634 0.369 0.044  0.56 void
  36 0.354 0.711 0.004  0.56 void
  37 0.649 0.388 0.088  0.55 void
  38 0.351 0.612 0.912  0.55 void
  39 0.072 0.070 0.503  0.55 void
  40 0.543 1.001 0.800  0.54      O4   1.05;
  41 0.813 0.627 0.266  0.54 void
  42 0.428 0.430-0.004  0.52 void
  43 0.592 0.273 0.502  0.52 void
                                                                                            "fixed_sf1 "  PLATON-ADP-Anal  Page   52
====================================================================================================================================
  44 0.291 0.289 0.504  0.50 void
  45 1.000 0.993 0.406  0.50 void

                                                                                            "fixed_sf1 "  PLATON-ADP-Anal  Page   53
====================================================================================================================================
===============================================================================
Unique Density Minima in Enhanced Difference Map (CutOff level =    -0.50 eA-3)
===============================================================================
   #   x     y     z  (e/A^3)     Shortest Contacts within 3.2 Ang. (Excl. H)
===============================================================================
   1 0.508 0.516 0.490 -0.90      O3   1.63; O5   1.94; Zr1  2.08; Zr2  2.25;
   2 0.493 0.495 0.408 -0.69      O5   1.21; Zr1  1.54; O3   2.45; O4   2.73; Zr2  2.85; O2   3.12;
   3 0.465 0.536 0.429 -0.58      Zr2  1.18; O5   1.32; O1   1.79; O3   2.42; C1   2.51; O2   2.84; Zr1  3.02;
   4 0.417 0.922 0.498 -0.51      O3   1.43; O1   1.67; Zr2  1.75; C1   2.30; O2   2.65; O5   2.85; Zr1  3.17;

Void  X(av) Y(av) Z(av) Volume Ang^3 El-Count (e-) Vol/Electron Vol/Atom
================================================================================
   1 -0.018-0.014-0.019        17528     2084               8.4       67

:: Total (Fo-Fc)map Electron Count in  Unit Cell =     2052

:: Total (Fo-Fc)map Electron Count in Voids/Cell =     2084

:: Total (Fo-Fc)map Electron Count Outside Voids =      -32

VOID-Fo-Fc-Map:    Rho(min) =     -0.43, Rho(max) =      1.82, RhoCutOff =  0.00
PeaksCloseToAtoms: Rho(min) =     -0.90, Rho(max) =      0.73, RhoCutOff =  0.50

:: Fo-Scale =  0.986987E+00 - SinT/L-Min = 0.20 for Fo/Fc-Scaling

:: Missing Reflections Below sin(theta)/lambda = 0.25
    H    K    L     ASOLV     BSOLV
    0    1    0   -134.85      0.00
   -1    2    0     75.11      0.00
    0    2    0     27.05      0.00
    0    0    1    121.13      0.00

:: Cycle = 15, R(F) = 0.11, Nref(Hemi) = 35848, R(F > 4SIGF) = 0.06 Nref = 17787


:: Reflection Data are READ from File : squeeze_consistent1.fcf - ( OBS-Data)

:: Reflection Data are READ from File : squeeze_consistent1.fcf - ( OBS-Data)
                                                                                            "fixed_sf1 "  PLATON-ADP-Anal  Page   54
====================================================================================================================================
SQUEEZE Statistics on the Difference Map Phasing
================================================================================

<FcMod>  = Average contribution to Fc from discrete model
<FcSolv> = Average contribution to Fc from solvent region
<FcTot>  = Average Fc-total ( = model + solvent contrib.)
<DelMS>  = Average Phase difference between model and solvent contrib.
<DelMT>  = Average Phase difference between model  and combined contrib.
Fo       = Observed Fobs scaled on Fc-total
N        = Number of reflections in Sin(Theta)/Lambda range
R(Mod)   = SUM(ABS(ABS(FcMod) - Fo)) / SUM(Fo)
R(Tot)   = SUM(ABS(ABS(FcTot) - Fo)) / SUM(Fo)

SinT/L <FcMod> <FcSolv>  <FcTot>    <Fo>  <DelMS> <DelMT>    N  R(Mod) R(Tot)
================================================================================
0.05   241.59    95.80   189.48   199.61  130.83   20.91    24.  0.604  0.267
0.10   109.34    41.43   102.57   115.14   91.09    5.94    69.  0.398  0.165
0.15    81.94    20.44    88.01    95.55   78.33    6.75   137.  0.270  0.115
0.20    66.85     9.99    64.82    65.56  107.86    6.96   232.  0.172  0.079
0.25    58.05     7.70    59.10    59.35   83.99    8.54   346.  0.154  0.073
0.30    43.60     4.51    43.50    42.83   96.23    6.48   484.  0.133  0.087
0.35    28.95     3.70    29.30    28.38   88.42    7.45   643.  0.173  0.122
0.40    16.12     3.79    16.40    15.96   90.18   12.69   824.  0.369  0.227
0.45    16.67     3.69    17.03    17.63   87.74   10.14   586.  0.348  0.211

Comments on and Analysis of the SQUEEZE run
================================================================================

==============================================================
HOW TO PROCEED with L.S. refinement after running SQUEEZE:
==============================================================
SHELXL201n: Continue refinement in the presence of the three
files name_sq.ins, name_sq.hkl & name_sq.fab
Additional info on name_sq.sqf , name_sq.sqz & name_sq.lis
==============================================================
Citation: Spek, A.L. (2015). Acta Cryst. C71, 9-18.
==============================================================

                                                                                            "fixed_sf1 "  PLATON-SUMMARY   Page   55
====================================================================================================================================
        Table  0 - Crystal Data and Details of the Structure Determination
                   for: fixed_sf1        P 6/m m m    R = 0.09

                                   Crystal Data

        Formula                                           C132 H66 O48 Zr9
        Formula Weight                                             3240.83
        Crystal System                                           hexagonal
        Space group                                  P6/mmm       (No.191)
        a, b, c [Angstrom]              39.19000     39.19000     16.61000
        V [Ang**3]                                               22092.801
        Z                                                                2
        D(calc) [g/cm**3]                                            0.487
        Mu(sync) [ /mm ]                                             1.222
        F(000)                                                        3204
        Crystal Size [mm]                             0.00 x  0.00 x  0.00
                               Data Collection

        Temperature (K)                                                293
        Radiation [Angstrom]                             sync      0.68883
        Theta Min-Max [Deg]                                     1.3,  18.2
        Dataset                                -35: 35 ; -35: 35 ; -15: 15
        Tot., Uniq. Data, R(int)                    118863,   3345,  0.431
        Observed Data [I > 2.0 sigma(I)]                              1837
                                  Refinement

        Nref, Npar                                              3345,  155
        R, wR2, S                                     0.0889, 0.3191, 1.03
        w = ^2^(FO^2^)+(0.2000P)^2^] WHERE P=(FO^2^+2FC^2^)/3'
        Max. and Av. Shift/Error                                0.00, 0.00
        Min. and Max. Resd. Dens. [e/Ang^3]                    -0.58, 0.56
                                                                                            "fixed_sf1 "  PLATON-SUMMARY   Page   56
====================================================================================================================================


                                                          ===========
********************************************************* N O T I C E **************************************************
                                                          ===========

- PLATON Reference : Spek, A.L. (2003). J. Appl. Cryst. 36, 7-13.
                     Spek, A.L. (2009). Acta Cryst. D65, 148-155.
                     Spek, A.L. (2015). Acta Cryst. C71, 9-18.

- Output Values (Esd) may have  been set to 99, 999 or 9999 to Avoid Format Overflow

- Derived Parameter SU's (= Esd's) may be Incorrect in Cases where Covariances in the Atom Parameters should have been taken
  into Account (e.g. Those Involving Atoms That were Refined with Constraints)

- ROUNDING, in particular of the Input Coordinate Data, may give deviating values for derived geometry parameters.
  However, differences should be within the associated esd-range.

- PLATON is NOT a Finished Program. The Implementation of Additional Options is Planned. Some of the More Advanced
  Features are Experimental and may Contain Loose Ends.

- The Communication of Glitches Encountered will be Appreciated: E-mail: a.l.spek@uu.nl

- Recent versions of PLATON may be obtained from http://www.platonsoft.nl/xraysoft

- More INFO can be found on http://http://www.platonsoft.nl/


                                                                                            "fixed_sf1 "  PLATON-SUMMARY   Page   57
====================================================================================================================================
Page - Index
================================================================================

Page   1 --- GENERAL
Page   3 --- GEOMETRY
Page  12 --- VOIDS
Page  13 --- SQUEEZE
Page  14 --- ADP-Anal
Page  55 --- SUMMARY



================================================================================
Summary and Remarks : N = NOTE, W = WARNING, E = ERROR
================================================================================
W: No Cell estimated standard deviation (CESD) given.
W: NOMOVE option used.
:: >>> WARNING: 'CONNECTED INPUT SET' is assumed to be TRUE
:: >>> The Network Analysis may be INCORRECT when this  assumption is FALSE
W: Low density (check!) of ......................................   0.487 gcm-3
N: Total Potential Solvent Accessible Void Vol  (SOLV-Map Value) ... 17519 Ang^3
N: Electron Count Voids / Cell =   2084
================================================================================


:: Input Xtal Data from File squeeze_consistent1.cif - Data Type CIF14

:: Input Refl Data from File squeeze_consistent1.fcf - Data Type LIST4

:: NORMAL END of PLATON :    57 Pages on FILE squeeze_consistent1_sq.lis

:: Files for Final Refinement with SHELXL201n

:: SQUEEZE  ins on :squeeze_consistent1_sq.ins
:: SQUEEZE  hkl on :squeeze_consistent1_sq.hkl
:: SQUEEZE  fab on :squeeze_consistent1_sq.fab

:: Additional INFO on the SQUEEZE Job

:: SQUEEZE  sqf on :squeeze_consistent1_sq.sqf
:: SQUEEZE  xyz on :squeeze_consistent1_sq.sqz
:: SQUEEZE  lis on :squeeze_consistent1_sq.lis
:: SQUEEZE  ps  on :squeeze_consistent1_sq.ps

