DIALS (2018) Acta Cryst. D74, 85-97. https://doi.org/10.1107/S2059798317017235
DIALS 3.30
The following parameters have been modified:
integration {
  mp {
    nproc = 1
  }
}
input {
  experiments = refined.expt
  reflections = refined.refl
}


================================================================================

Experiments

Models for experiment 0

Beam:
    probe: x-ray
    wavelength: 0.71073
    sample to source direction : {-0,-0.00439344,0.99999}
    divergence: 0
    sigma divergence: 0
    polarization normal: {0,0.99999,0.00439344}
    polarization fraction: 0.5
    flux: 0
    transmission: 1
    sample to source distance: 0

Detector:
Panel:
  name: Panel0
  type: SENSOR_PAD
  identifier: 
  pixel_size:{0.1,0.1}
  image_size: {385,775}
  trusted_range: {0,2.09546e+06}
  thickness: 0
  material: 
  mu: 0
  gain: 1
  pedestal: 0
  fast_axis: {0.98448,-0.00199816,-0.175488}
  slow_axis: {0.00291922,0.999983,0.00499056}
  origin: {-32.4172,-37.8759,-43.2115}
  distance: -48.0233
  pixel to millimeter strategy: SimplePxMmStrategy

Panel:
  name: Panel1
  type: SENSOR_PAD
  identifier: 
  pixel_size:{0.1,0.1}
  image_size: {385,775}
  trusted_range: {0,2.09546e+06}
  thickness: 0
  material: 
  mu: 0
  gain: 1
  pedestal: 0
  fast_axis: {0.883814,-0.00491478,0.467814}
  slow_axis: {0.00291922,0.999983,0.00499056}
  origin: {8.28766,-37.9632,-49.5293}
  distance: -47.5362
  pixel to millimeter strategy: SimplePxMmStrategy

Goniometer:
    Rotation axis:   {0,-1,0}
    Fixed rotation:  {0.539928,-0.641753,0.544639,0.224324,0.733371,0.641753,-0.811269,-0.224324,0.539928}
    Setting rotation:{1,0,0,0,1,0,0,0,1}
    Axis #0 (PHI):  {0,-1,0}
    Axis #1 (KAPPA=CHI):  {0,-0.64379,0.765202}
    Axis #2 (OMEGA):  {0,-1,0}
    Angles: -90,57,-7
    scan axis: #2 (OMEGA)

Scan:
    number of images:   92
    image range:   {1,92}
    epoch:    0
    exposure time:    2
    oscillation:   {-7,0.5}

Crystal:
    Unit cell: 5.7928(13), 5.967(2), 12.297(3), 90.086(13), 89.919(7), 89.968(10)
    Space group: P 1
    U matrix:  {{-0.264796,  0.369185, -0.890834},
                { 0.963954,  0.126245, -0.234212},
                { 0.025996, -0.920741, -0.389307}}
    B matrix:  {{ 0.172629,  0.000000,  0.000000},
                {-0.000097,  0.167588,  0.000000},
                {-0.000245,  0.000253,  0.081322}}
    A = UB:    {{-0.045529,  0.061646, -0.072445},
                { 0.166452,  0.021098, -0.019047},
                { 0.004672, -0.154403, -0.031659}}
    A sampled at 93 scan points

================================================================================

Experiments

Models for experiment 1

Beam:
    probe: x-ray
    wavelength: 0.71073
    sample to source direction : {-0,-0.00285433,0.999996}
    divergence: 0
    sigma divergence: 0
    polarization normal: {0,0.999996,0.00285433}
    polarization fraction: 0.5
    flux: 0
    transmission: 1
    sample to source distance: 0

Detector:
Panel:
  name: Panel0
  type: SENSOR_PAD
  identifier: 
  pixel_size:{0.1,0.1}
  image_size: {385,775}
  trusted_range: {0,2.09546e+06}
  thickness: 0
  material: 
  mu: 0
  gain: 1
  pedestal: 0
  fast_axis: {0.98448,0.000301781,-0.175499}
  slow_axis: {0.000226339,0.999996,0.00298922}
  origin: {-32.3084,-38.0237,-43.1111}
  distance: -47.9985
  pixel to millimeter strategy: SimplePxMmStrategy

Panel:
  name: Panel1
  type: SENSOR_PAD
  identifier: 
  pixel_size:{0.1,0.1}
  image_size: {385,775}
  trusted_range: {0,2.09546e+06}
  thickness: 0
  material: 
  mu: 0
  gain: 1
  pedestal: 0
  fast_axis: {0.883828,-0.00159843,0.467808}
  slow_axis: {0.000226339,0.999996,0.00298922}
  origin: {8.39655,-38.014,-49.4293}
  distance: -47.5185
  pixel to millimeter strategy: SimplePxMmStrategy

Goniometer:
    Rotation axis:   {0,-1,0}
    Fixed rotation:  {0.739911,-0.641753,0.201707,0.515147,0.733371,0.443612,-0.432615,-0.224324,0.873225}
    Setting rotation:{1,0,0,0,1,0,0,0,1}
    Axis #0 (PHI):  {0,-1,0}
    Axis #1 (KAPPA=CHI):  {0,-0.64379,0.765202}
    Axis #2 (OMEGA):  {0,-1,0}
    Angles: -60,57,-7
    scan axis: #2 (OMEGA)

Scan:
    number of images:   92
    image range:   {1,92}
    epoch:    0
    exposure time:    2
    oscillation:   {-7,0.5}

Crystal:
    Unit cell: 5.7890(14), 5.966(2), 12.279(3), 90.017(12), 89.926(6), 90.026(11)
    Space group: P 1
    U matrix:  {{-0.263567,  0.367738, -0.891797},
                { 0.964204,  0.128258, -0.232078},
                { 0.029036, -0.921042, -0.388379}}
    B matrix:  {{ 0.172741,  0.000000,  0.000000},
                { 0.000079,  0.167612,  0.000000},
                {-0.000224,  0.000048,  0.081443}}
    A = UB:    {{-0.045300,  0.061594, -0.072631},
                { 0.166620,  0.021486, -0.018901},
                { 0.005030, -0.154397, -0.031631}}
    A sampled at 93 scan points

================================================================================

Experiments

Models for experiment 2

Beam:
    probe: x-ray
    wavelength: 0.71073
    sample to source direction : {-0,-0.00104012,0.999999}
    divergence: 0
    sigma divergence: 0
    polarization normal: {0,0.999999,0.00104012}
    polarization fraction: 0.5
    flux: 0
    transmission: 1
    sample to source distance: 0

Detector:
Panel:
  name: Panel0
  type: SENSOR_PAD
  identifier: 
  pixel_size:{0.1,0.1}
  image_size: {385,775}
  trusted_range: {0,2.09546e+06}
  thickness: 0
  material: 
  mu: 0
  gain: 1
  pedestal: 0
  fast_axis: {0.892401,0.0014279,-0.45124}
  slow_axis: {-0.000748099,0.999998,0.0016849}
  origin: {-43.3041,-38.1561,-31.9494}
  distance: -48.0078
  pixel to millimeter strategy: SimplePxMmStrategy

Panel:
  name: Panel1
  type: SENSOR_PAD
  identifier: 
  pixel_size:{0.1,0.1}
  image_size: {385,775}
  trusted_range: {0,2.09546e+06}
  thickness: 0
  material: 
  mu: 0
  gain: 1
  pedestal: 0
  fast_axis: {0.981034,0.000407319,0.193835}
  slow_axis: {-0.000748099,0.999998,0.0016849}
  origin: {-6.13653,-38.0984,-49.7083}
  distance: -47.5075
  pixel to millimeter strategy: SimplePxMmStrategy

Goniometer:
    Rotation axis:   {0,-1,0}
    Fixed rotation:  {-0.943392,-0.261715,0.203756,-0.262193,0.964688,0.0251371,-0.203139,-0.0297092,-0.978699}
    Setting rotation:{1,0,0,0,1,0,0,0,1}
    Axis #0 (PHI):  {0,-1,0}
    Axis #1 (KAPPA=CHI):  {0,-0.64379,0.765202}
    Axis #2 (OMEGA):  {0,-1,0}
    Angles: 179,20,-1
    scan axis: #2 (OMEGA)

Scan:
    number of images:   150
    image range:   {1,150}
    epoch:    0
    exposure time:    2
    oscillation:   {-1,0.5}

Crystal:
    Unit cell: 5.7870(9), 5.9735(12), 12.313(3), 89.992(7), 90.015(9), 90.001(5)
    Space group: P 1
    U matrix:  {{-0.256158,  0.368061, -0.893820},
                { 0.966183,  0.125747, -0.225116},
                { 0.029539, -0.921259, -0.387826}}
    B matrix:  {{ 0.172800,  0.000000,  0.000000},
                { 0.000002,  0.167406,  0.000000},
                { 0.000044, -0.000022,  0.081218}}
    A = UB:    {{-0.044303,  0.061636, -0.072594},
                { 0.166947,  0.021056, -0.018283},
                { 0.005085, -0.154216, -0.031498}}
    A sampled at 151 scan points

================================================================================

Experiments

Models for experiment 3

Beam:
    probe: x-ray
    wavelength: 0.71073
    sample to source direction : {-0,-0.0021637,0.999998}
    divergence: 0
    sigma divergence: 0
    polarization normal: {0,0.999998,0.0021637}
    polarization fraction: 0.5
    flux: 0
    transmission: 1
    sample to source distance: 0

Detector:
Panel:
  name: Panel0
  type: SENSOR_PAD
  identifier: 
  pixel_size:{0.1,0.1}
  image_size: {385,775}
  trusted_range: {0,2.09546e+06}
  thickness: 0
  material: 
  mu: 0
  gain: 1
  pedestal: 0
  fast_axis: {0.984509,-0.00609936,-0.175228}
  slow_axis: {0.00669473,0.999974,0.00280673}
  origin: {-32.563,-37.8345,-43.184}
  distance: -48.072
  pixel to millimeter strategy: SimplePxMmStrategy

Panel:
  name: Panel1
  type: SENSOR_PAD
  identifier: 
  pixel_size:{0.1,0.1}
  image_size: {385,775}
  trusted_range: {0,2.09546e+06}
  thickness: 0
  material: 
  mu: 0
  gain: 1
  pedestal: 0
  fast_axis: {0.883671,-0.00722983,0.468052}
  slow_axis: {0.00669473,0.999974,0.00280673}
  origin: {8.14285,-38.0893,-49.491}
  distance: -47.5713
  pixel to millimeter strategy: SimplePxMmStrategy

Goniometer:
    Rotation axis:   {0,-1,0}
    Fixed rotation:  {0.472457,0.755781,0.453408,-0.87126,0.322868,0.369679,0.133005,-0.569694,0.811023}
    Setting rotation:{1,0,0,0,1,0,0,0,1}
    Axis #0 (PHI):  {0,-1,0}
    Axis #1 (KAPPA=CHI):  {0,-0.64379,0.765202}
    Axis #2 (OMEGA):  {0,-1,0}
    Angles: 60,-99,-4
    scan axis: #2 (OMEGA)

Scan:
    number of images:   58
    image range:   {1,58}
    epoch:    0
    exposure time:    2
    oscillation:   {-4,0.5}

Crystal:
    Unit cell: 5.798(3), 5.972(3), 12.302(5), 89.933(17), 90.048(14), 89.90(2)
    Space group: P 1
    U matrix:  {{-0.261849,  0.369925, -0.891398},
                { 0.964760,  0.125176, -0.231452},
                { 0.025961, -0.920590, -0.389666}}
    B matrix:  {{ 0.172469,  0.000000,  0.000000},
                {-0.000302,  0.167461,  0.000000},
                { 0.000146, -0.000196,  0.081289}}
    A = UB:    {{-0.045403,  0.062123, -0.072461},
                { 0.166320,  0.021008, -0.018814},
                { 0.004699, -0.154087, -0.031675}}
    A sampled at 59 scan points

================================================================================

Experiments

Models for experiment 4

Beam:
    probe: x-ray
    wavelength: 0.71073
    sample to source direction : {-0,-0.00033647,1}
    divergence: 0
    sigma divergence: 0
    polarization normal: {0,1,0.00033647}
    polarization fraction: 0.5
    flux: 0
    transmission: 1
    sample to source distance: 0

Detector:
Panel:
  name: Panel0
  type: SENSOR_PAD
  identifier: 
  pixel_size:{0.1,0.1}
  image_size: {385,775}
  trusted_range: {0,2.09546e+06}
  thickness: 0
  material: 
  mu: 0
  gain: 1
  pedestal: 0
  fast_axis: {0.892641,-4.55827e-05,-0.450768}
  slow_axis: {0.000518562,0.999999,0.000925769}
  origin: {-43.358,-38.1174,-31.9433}
  distance: -48.0179
  pixel to millimeter strategy: SimplePxMmStrategy

Panel:
  name: Panel1
  type: SENSOR_PAD
  identifier: 
  pixel_size:{0.1,0.1}
  image_size: {385,775}
  trusted_range: {0,2.09546e+06}
  thickness: 0
  material: 
  mu: 0
  gain: 1
  pedestal: 0
  fast_axis: {0.980931,-0.000688601,0.194354}
  slow_axis: {0.000518562,0.999999,0.000925769}
  origin: {-6.18097,-38.1203,-49.6825}
  distance: -47.503
  pixel to millimeter strategy: SimplePxMmStrategy

Goniometer:
    Rotation axis:   {0,-1,0}
    Fixed rotation:  {0.964938,0.261715,0.0200044,-0.262172,0.964688,0.0253535,-0.0126626,-0.0297092,0.999478}
    Setting rotation:{1,0,0,0,1,0,0,0,1}
    Axis #0 (PHI):  {0,-1,0}
    Axis #1 (KAPPA=CHI):  {0,-0.64379,0.765202}
    Axis #2 (OMEGA):  {0,-1,0}
    Angles: 12,-20,-90
    scan axis: #2 (OMEGA)

Scan:
    number of images:   116
    image range:   {1,116}
    epoch:    0
    exposure time:    2
    oscillation:   {-90,0.5}

Crystal:
    Unit cell: 5.7846(10), 5.9702(16), 12.302(3), 89.962(9), 89.998(7), 90.008(9)
    Space group: P 1
    U matrix:  {{-0.262547,  0.368024, -0.891979},
                { 0.964424,  0.129705, -0.230355},
                { 0.030918, -0.920725, -0.388985}}
    B matrix:  {{ 0.172872,  0.000000,  0.000000},
                { 0.000024,  0.167498,  0.000000},
                {-0.000005, -0.000112,  0.081286}}
    A = UB:    {{-0.045373,  0.061743, -0.072505},
                { 0.166727,  0.021751, -0.018725},
                { 0.005324, -0.154176, -0.031619}}
    A sampled at 117 scan points

================================================================================

Experiments

Models for experiment 5

Beam:
    probe: x-ray
    wavelength: 0.71073
    sample to source direction : {-0,0.000819028,1}
    divergence: 0
    sigma divergence: 0
    polarization normal: {0,1,-0.000819028}
    polarization fraction: 0.5
    flux: 0
    transmission: 1
    sample to source distance: 0

Detector:
Panel:
  name: Panel0
  type: SENSOR_PAD
  identifier: 
  pixel_size:{0.1,0.1}
  image_size: {385,775}
  trusted_range: {0,2.09546e+06}
  thickness: 0
  material: 
  mu: 0
  gain: 1
  pedestal: 0
  fast_axis: {0.892627,-0.00021417,-0.450796}
  slow_axis: {0.000210418,1,-5.84409e-05}
  origin: {-43.3455,-38.1672,-31.8302}
  distance: -47.9509
  pixel to millimeter strategy: SimplePxMmStrategy

Panel:
  name: Panel1
  type: SENSOR_PAD
  identifier: 
  pixel_size:{0.1,0.1}
  image_size: {385,775}
  trusted_range: {0,2.09546e+06}
  thickness: 0
  material: 
  mu: 0
  gain: 1
  pedestal: 0
  fast_axis: {0.980937,-0.00019505,0.194324}
  slow_axis: {0.000210418,1,-5.84409e-05}
  origin: {-6.16906,-38.176,-49.5706}
  distance: -47.4306
  pixel to millimeter strategy: SimplePxMmStrategy

Goniometer:
    Rotation axis:   {0,-1,0}
    Fixed rotation:  {-0.654276,0.249125,0.714044,0.147806,0.968099,-0.202329,-0.741671,-0.0268392,-0.670226}
    Setting rotation:{1,0,0,0,1,0,0,0,1}
    Axis #0 (PHI):  {0,-1,0}
    Axis #1 (KAPPA=CHI):  {0,-0.64379,0.765202}
    Axis #2 (OMEGA):  {0,-1,0}
    Angles: -120,-19,-89
    scan axis: #2 (OMEGA)

Scan:
    number of images:   108
    image range:   {1,108}
    epoch:    0
    exposure time:    2
    oscillation:   {-89,0.5}

Crystal:
    Unit cell: 5.7840(14), 5.965(2), 12.297(3), 89.987(11), 89.921(7), 90.089(11)
    Space group: P 1
    U matrix:  {{-0.256076,  0.368839, -0.893523},
                { 0.966272,  0.123738, -0.225847},
                { 0.027261, -0.921220, -0.388085}}
    B matrix:  {{ 0.172891,  0.000000,  0.000000},
                { 0.000268,  0.167631,  0.000000},
                {-0.000240, -0.000038,  0.081321}}
    A = UB:    {{-0.043960,  0.061863, -0.072662},
                { 0.167147,  0.020751, -0.018366},
                { 0.004559, -0.154411, -0.031559}}
    A sampled at 109 scan points

================================================================================

Initialising
Processing reference reflections
 read 2714 strong spots
 removing 673 reflections marked as bad for refinement
 using 2041 indexed reflections
 found 673 junk reflections
 masked neighbouring pixels in 0 shoeboxes

================================================================================

Predicting reflections
Prediction type: scan varying crystal prediction
Predicted 663 reflections
Prediction type: scan varying crystal prediction
Predicted 669 reflections
Prediction type: scan varying crystal prediction
Predicted 1104 reflections
Prediction type: scan varying crystal prediction
Predicted 433 reflections
Prediction type: scan varying crystal prediction
Predicted 862 reflections
Prediction type: scan varying crystal prediction
Predicted 771 reflections
Matching reference spots with predicted reflections
 2041 observed reflections input
 4502 reflections predicted
 2040 reflections matched
 2040 reflections accepted

********************************************************************************
Warning: 1 reference spots were not matched to predictions
********************************************************************************

Using 301 / 301 reflections for sigma calculation
Calculating E.S.D Beam Divergence.
Calculating E.S.D Reflecting Range (mosaicity).
 sigma b: 0.153935 degrees
 sigma m: 0.197405 degrees
Using 289 / 289 reflections for sigma calculation
Calculating E.S.D Beam Divergence.
Calculating E.S.D Reflecting Range (mosaicity).
 sigma b: 0.158883 degrees
 sigma m: 0.160406 degrees
Using 484 / 484 reflections for sigma calculation
Calculating E.S.D Beam Divergence.
Calculating E.S.D Reflecting Range (mosaicity).
 sigma b: 0.159845 degrees
 sigma m: 0.214677 degrees
Using 201 / 201 reflections for sigma calculation
Calculating E.S.D Beam Divergence.
Calculating E.S.D Reflecting Range (mosaicity).
 sigma b: 0.161974 degrees
 sigma m: 0.162236 degrees
Using 414 / 414 reflections for sigma calculation
Calculating E.S.D Beam Divergence.
Calculating E.S.D Reflecting Range (mosaicity).
 sigma b: 0.157220 degrees
 sigma m: 0.241580 degrees
Using 351 / 351 reflections for sigma calculation
Calculating E.S.D Beam Divergence.
Calculating E.S.D Reflecting Range (mosaicity).
 sigma b: 0.159111 degrees
 sigma m: 0.225353 degrees
================================================================================

Processing reflections

 Processing the following experiments:

 Experiments: 6
 Beams:       6
 Detectors:   6
 Goniometers: 6
 Scans:       6
 Crystals:    6
 Imagesets:   6

================================================================================

Modelling reflection profiles

Memory situation report:
  Available system memory                           : 15298.3 MB
  Maximum memory for processing                     : 12238.6 MB
  Current memory usage                              : 233.8 MB
  Memory required for shoeboxes                     :   1.1 MB
  Memory required per process                       : 234.9 MB

Processing reflections in the following blocks of images:

 block_size: auto 

+-----+---------+--------------+------------+--------------+------------+-----------------+
|   # |   Group |   Frame From |   Frame To |   Angle From |   Angle To |   # Reflections |
|-----+---------+--------------+------------+--------------+------------+-----------------|
|   0 |       0 |            1 |         92 |           -7 |         39 |             301 |
|   1 |       1 |            1 |         92 |           -7 |         39 |             289 |
|   2 |       2 |            1 |        150 |           -1 |         74 |             484 |
|   3 |       3 |            1 |         58 |           -4 |         25 |             201 |
|   4 |       4 |            1 |        116 |          -90 |        -32 |             414 |
|   5 |       5 |            1 |        108 |          -89 |        -35 |             351 |
+-----+---------+--------------+------------+--------------+------------+-----------------+

 Using multiprocessing with 1 parallel job(s)


 Frames: 1 -> 92

 Number of reflections
  Partial:     3
  Full:        298
  In ice ring: 0
  Total:       301


 Frames: 1 -> 92

 Number of reflections
  Partial:     5
  Full:        284
  In ice ring: 0
  Total:       289


 Frames: 1 -> 150

 Number of reflections
  Partial:     10
  Full:        474
  In ice ring: 0
  Total:       484


 Frames: 1 -> 58

 Number of reflections
  Partial:     8
  Full:        193
  In ice ring: 0
  Total:       201


 Frames: 1 -> 116

 Number of reflections
  Partial:     10
  Full:        404
  In ice ring: 0
  Total:       414


 Frames: 1 -> 108

 Number of reflections
  Partial:     9
  Full:        342
  In ice ring: 0
  Total:       351


 Summary of profile model
+------+-----------+-----------+----------+----------+----------+-----------------+
|   ID |   Profile | Created   |   X (px) |   Y (px) |   Z (im) |   # reflections |
|------+-----------+-----------+----------+----------+----------+-----------------|
|    0 |         0 | True      |        0 |        0 |     4.6  |            1792 |
|    0 |         1 | True      |        0 |        0 |    13.8  |            3040 |
|    0 |         2 | True      |        0 |        0 |    23    |            3008 |
|    0 |         3 | True      |        0 |        0 |    32.2  |            3040 |
|    0 |         4 | True      |        0 |        0 |    41.4  |            2720 |
|    0 |         5 | True      |        0 |        0 |    50.6  |            2688 |
|    0 |         6 | True      |        0 |        0 |    59.8  |            2816 |
|    0 |         7 | True      |        0 |        0 |    69    |            2912 |
|    0 |         8 | True      |        0 |        0 |    78.2  |            2592 |
|    0 |         9 | True      |        0 |        0 |    87.4  |            1600 |
|    1 |         0 | True      |        0 |        0 |     4.6  |            2016 |
|    1 |         1 | True      |        0 |        0 |    13.8  |            3040 |
|    1 |         2 | True      |        0 |        0 |    23    |            2752 |
|    1 |         3 | True      |        0 |        0 |    32.2  |            2656 |
|    1 |         4 | True      |        0 |        0 |    41.4  |            2752 |
|    1 |         5 | True      |        0 |        0 |    50.6  |            2400 |
|    1 |         6 | True      |        0 |        0 |    59.8  |            2784 |
|    1 |         7 | True      |        0 |        0 |    69    |            2560 |
|    1 |         8 | True      |        0 |        0 |    78.2  |            2816 |
|    1 |         9 | True      |        0 |        0 |    87.4  |            1632 |
|    2 |         0 | True      |        0 |        0 |     4.69 |            1632 |
|    2 |         1 | True      |        0 |        0 |    14.06 |            2592 |
|    2 |         2 | True      |        0 |        0 |    23.44 |            3104 |
|    2 |         3 | True      |        0 |        0 |    32.81 |            3040 |
|    2 |         4 | True      |        0 |        0 |    42.19 |            3136 |
|    2 |         5 | True      |        0 |        0 |    51.56 |            2912 |
|    2 |         6 | True      |        0 |        0 |    60.94 |            2912 |
|    2 |         7 | True      |        0 |        0 |    70.31 |            2688 |
|    2 |         8 | True      |        0 |        0 |    79.69 |            2848 |
|    2 |         9 | True      |        0 |        0 |    89.06 |            2528 |
|    2 |        10 | True      |        0 |        0 |    98.44 |            2720 |
|    2 |        11 | True      |        0 |        0 |   107.81 |            2528 |
|    2 |        12 | True      |        0 |        0 |   117.19 |            2816 |
|    2 |        13 | True      |        0 |        0 |   126.56 |            2784 |
|    2 |        14 | True      |        0 |        0 |   135.94 |            2528 |
|    2 |        15 | True      |        0 |        0 |   145.31 |            1632 |
|    3 |         0 | True      |        0 |        0 |     4.83 |            1824 |
|    3 |         1 | True      |        0 |        0 |    14.5  |            2944 |
|    3 |         2 | True      |        0 |        0 |    24.17 |            3200 |
|    3 |         3 | True      |        0 |        0 |    33.83 |            3328 |
|    3 |         4 | True      |        0 |        0 |    43.5  |            3136 |
|    3 |         5 | True      |        0 |        0 |    53.17 |            1952 |
|    4 |         0 | True      |        0 |        0 |     4.83 |            1952 |
|    4 |         1 | True      |        0 |        0 |    14.5  |            2880 |
|    4 |         2 | True      |        0 |        0 |    24.17 |            3008 |
|    4 |         3 | True      |        0 |        0 |    33.83 |            3104 |
|    4 |         4 | True      |        0 |        0 |    43.5  |            3424 |
|    4 |         5 | True      |        0 |        0 |    53.17 |            2944 |
|    4 |         6 | True      |        0 |        0 |    62.83 |            3072 |
|    4 |         7 | True      |        0 |        0 |    72.5  |            2944 |
|    4 |         8 | True      |        0 |        0 |    82.17 |            3392 |
|    4 |         9 | True      |        0 |        0 |    91.83 |            3232 |
|    4 |        10 | True      |        0 |        0 |   101.5  |            3104 |
|    4 |        11 | True      |        0 |        0 |   111.17 |            1984 |
|    5 |         0 | True      |        0 |        0 |     4.91 |            1632 |
|    5 |         1 | True      |        0 |        0 |    14.73 |            2560 |
|    5 |         2 | True      |        0 |        0 |    24.55 |            2624 |
|    5 |         3 | True      |        0 |        0 |    34.36 |            3104 |
|    5 |         4 | True      |        0 |        0 |    44.18 |            3136 |
|    5 |         5 | True      |        0 |        0 |    54    |            3040 |
|    5 |         6 | True      |        0 |        0 |    63.82 |            2688 |
|    5 |         7 | True      |        0 |        0 |    73.64 |            3040 |
|    5 |         8 | True      |        0 |        0 |    83.45 |            3168 |
|    5 |         9 | True      |        0 |        0 |    93.27 |            3104 |
|    5 |        10 | True      |        0 |        0 |   103.09 |            1792 |
+------+-----------+-----------+----------+----------+----------+-----------------+


Timing information for reference profile formation
+-------------------+--------------+
| Read time         | 2.51 seconds |
| Extract time      | 0.01 seconds |
| Pre-process time  | 0.00 seconds |
| Process time      | 1.31 seconds |
| Post-process time | 0.00 seconds |
| Total time        | 3.88 seconds |
+-------------------+--------------+

================================================================================

Integrating reflections

Memory situation report:
  Available system memory                           : 15298.3 MB
  Maximum memory for processing                     : 12238.6 MB
  Current memory usage                              : 238.7 MB
  Memory required for shoeboxes                     :   3.1 MB
  Memory required per process                       : 241.8 MB

Processing reflections in the following blocks of images:

 block_size: auto 

+-----+---------+--------------+------------+--------------+------------+-----------------+
|   # |   Group |   Frame From |   Frame To |   Angle From |   Angle To |   # Reflections |
|-----+---------+--------------+------------+--------------+------------+-----------------|
|   0 |       0 |            1 |         92 |           -7 |         39 |             663 |
|   1 |       1 |            1 |         92 |           -7 |         39 |             669 |
|   2 |       2 |            1 |        150 |           -1 |         74 |            1104 |
|   3 |       3 |            1 |         58 |           -4 |         25 |             433 |
|   4 |       4 |            1 |        116 |          -90 |        -32 |             858 |
|   5 |       5 |            1 |        108 |          -89 |        -35 |             771 |
+-----+---------+--------------+------------+--------------+------------+-----------------+

 Using multiprocessing with 1 parallel job(s)


 Frames: 0 -> 92

 Number of reflections
  Partial:     54
  Full:        609
  In ice ring: 0
  Integrate:   663
  Total:       663


 Frames: 0 -> 92

 Number of reflections
  Partial:     40
  Full:        629
  In ice ring: 0
  Integrate:   669
  Total:       669


 Frames: 0 -> 150

 Number of reflections
  Partial:     55
  Full:        1049
  In ice ring: 0
  Integrate:   1104
  Total:       1104


 Frames: 0 -> 58

 Number of reflections
  Partial:     52
  Full:        381
  In ice ring: 0
  Integrate:   433
  Total:       433


 Frames: 0 -> 116

 Number of reflections
  Partial:     59
  Full:        799
  In ice ring: 0
  Integrate:   858
  Total:       858


 Frames: 0 -> 108

 Number of reflections
  Partial:     43
  Full:        728
  In ice ring: 0
  Integrate:   771
  Total:       771


 Summary vs image number
+------+---------+----------+----------+----------+---------+---------+---------+-------+----------+----------+----------+-----------+
|   ID |   Image |   # full |   # part |   # over |   # ice |   # sum |   # prf |   Ibg |   I/sigI |   I/sigI |   CC prf |   RMSD XY |
|      |         |          |          |          |         |         |         |       |    (sum) |    (prf) |          |           |
|------+---------+----------+----------+----------+---------+---------+---------+-------+----------+----------+----------+-----------|
|    0 |       1 |        0 |       22 |        0 |       0 |      22 |       6 |  0.05 |     9.81 |    24.42 |     0.69 |      1.14 |
|    0 |       2 |        2 |        2 |        0 |       0 |       4 |       4 |  0.06 |    27.53 |    30.69 |     0.89 |      0.26 |
|    0 |       3 |        2 |        0 |        0 |       0 |       2 |       2 |  0.04 |    16.29 |    16.15 |     0.92 |      0.13 |
|    0 |       4 |        9 |        0 |        0 |       0 |       8 |       8 |  0.05 |    13.54 |    13.58 |     0.89 |      0.22 |
|    0 |       5 |        4 |        0 |        0 |       0 |       4 |       4 |  0.04 |     9.8  |     9.98 |     0.7  |      0.46 |
|    0 |       6 |        6 |        0 |        0 |       0 |       6 |       6 |  0.04 |    11.29 |    11.29 |     0.74 |      0.5  |
|    0 |       7 |        9 |        0 |        0 |       0 |       9 |       9 |  0.07 |    10.71 |    10.56 |     0.77 |      0.47 |
|    0 |       8 |       13 |        0 |        0 |       0 |      13 |      13 |  0.05 |    13.09 |    13.15 |     0.83 |      0.46 |
|    0 |       9 |        5 |        1 |        0 |       0 |       6 |       6 |  0.07 |    21.98 |    21.54 |     0.74 |      0.38 |
|    0 |      10 |        8 |        0 |        0 |       0 |       7 |       8 |  0.04 |    12.35 |    12.07 |     0.81 |      0.35 |
|    0 |      11 |        4 |        0 |        0 |       0 |       4 |       4 |  0.07 |    11.04 |    11.01 |     0.76 |      0.23 |
|    0 |      12 |        4 |        0 |        0 |       0 |       4 |       4 |  0.04 |    15.79 |    15.68 |     0.88 |      0.21 |
|    0 |      13 |        5 |        0 |        0 |       0 |       5 |       5 |  0.05 |     8.53 |     8.33 |     0.65 |      0.54 |
|    0 |      14 |        9 |        0 |        0 |       0 |       9 |       9 |  0.06 |    20.04 |    19.98 |     0.77 |      0.34 |
|    0 |      15 |        4 |        0 |        0 |       0 |       3 |       4 |  0.03 |     7.11 |     5.52 |     0.56 |      0.69 |
|    0 |      16 |       10 |        0 |        0 |       0 |      10 |      10 |  0.04 |    15.35 |    15.1  |     0.79 |      0.4  |
|    0 |      17 |        6 |        0 |        0 |       0 |       6 |       6 |  0.05 |    12.54 |    12.55 |     0.67 |      0.48 |
|    0 |      18 |        4 |        0 |        0 |       0 |       4 |       4 |  0.04 |    10.82 |    10.86 |     0.74 |      0.23 |
|    0 |      19 |        5 |        0 |        0 |       0 |       5 |       5 |  0.08 |    26.6  |    26.6  |     0.95 |      0.28 |
|    0 |      20 |       10 |        0 |        0 |       0 |      10 |      10 |  0.05 |    11.82 |    11.87 |     0.8  |      0.52 |
|    0 |      21 |        9 |        0 |        0 |       0 |       7 |       7 |  0.04 |     9.97 |    10.24 |     0.7  |      0.59 |
|    0 |      22 |        5 |        0 |        0 |       0 |       5 |       5 |  0.05 |    22.39 |    22.13 |     0.7  |      0.58 |
|    0 |      23 |        8 |        0 |        0 |       0 |       7 |       8 |  0.04 |     7.47 |     7.96 |     0.69 |      0.38 |
|    0 |      24 |        9 |        0 |        0 |       0 |       9 |       9 |  0.06 |    18.42 |    18.47 |     0.92 |      0.21 |
|    0 |      25 |        7 |        0 |        0 |       0 |       7 |       7 |  0.03 |    10.85 |    10.7  |     0.76 |      0.31 |
|    0 |      26 |        9 |        0 |        0 |       0 |       9 |       9 |  0.07 |    17.99 |    17.82 |     0.81 |      0.26 |
|    0 |      27 |        8 |        0 |        0 |       0 |       8 |       8 |  0.05 |    16.17 |    16.15 |     0.84 |      0.29 |
|    0 |      28 |        7 |        0 |        0 |       0 |       7 |       7 |  0.04 |    10.91 |    11    |     0.7  |      0.33 |
|    0 |      29 |        7 |        0 |        0 |       0 |       7 |       7 |  0.06 |    18.45 |    18.45 |     0.92 |      0.35 |
|    0 |      30 |       11 |        0 |        0 |       0 |      11 |      11 |  0.06 |    19.44 |    19.45 |     0.86 |      0.26 |
|    0 |      31 |        7 |        0 |        0 |       0 |       7 |       7 |  0.04 |     9.71 |     9.72 |     0.86 |      0.3  |
|    0 |      32 |        8 |        0 |        0 |       0 |       8 |       8 |  0.05 |    12.65 |    12.64 |     0.86 |      0.36 |
|    0 |      33 |       12 |        0 |        0 |       0 |      11 |      12 |  0.05 |    12.03 |    11.52 |     0.74 |      0.31 |
|    0 |      34 |        9 |        0 |        0 |       0 |       9 |       9 |  0.05 |    10.07 |    10.21 |     0.71 |      0.34 |
|    0 |      35 |        7 |        0 |        0 |       0 |       7 |       7 |  0.06 |    38.6  |    38.52 |     0.86 |      0.44 |
|    0 |      36 |        4 |        0 |        0 |       0 |       3 |       3 |  0.03 |    13.32 |    13.28 |     0.68 |      0.36 |
|    0 |      37 |        5 |        0 |        0 |       0 |       5 |       5 |  0.09 |    26.16 |    26.18 |     0.77 |      0.62 |
|    0 |      38 |        4 |        0 |        0 |       0 |       4 |       4 |  0.05 |    11.1  |    11.23 |     0.89 |      0.23 |
|    0 |      39 |       10 |        0 |        0 |       0 |      10 |      10 |  0.05 |    13.56 |    13.57 |     0.82 |      0.38 |
|    0 |      40 |        8 |        0 |        0 |       0 |       8 |       8 |  0.03 |     7.16 |     7.17 |     0.85 |      0.47 |
|    0 |      41 |        6 |        0 |        0 |       0 |       6 |       6 |  0.05 |    14.75 |    14.9  |     0.94 |      0.18 |
|    0 |      42 |        5 |        0 |        0 |       0 |       5 |       5 |  0.03 |    12.73 |    12.56 |     0.47 |      0.88 |
|    0 |      43 |        4 |        0 |        0 |       0 |       4 |       4 |  0.04 |    11.17 |    11.37 |     0.86 |      0.35 |
|    0 |      44 |        3 |        0 |        0 |       0 |       3 |       3 |  0.06 |    11.5  |    11.35 |     0.79 |      0.39 |
|    0 |      45 |       12 |        0 |        0 |       0 |      12 |      12 |  0.04 |     8.55 |     8.67 |     0.66 |      0.48 |
|    0 |      46 |        8 |        0 |        0 |       0 |       7 |       8 |  0.04 |    11.04 |    10.98 |     0.84 |      0.51 |
|    0 |      47 |        6 |        0 |        0 |       0 |       5 |       6 |  0.07 |    23.53 |    21.08 |     0.9  |      0.22 |
|    0 |      48 |       10 |        0 |        0 |       0 |       8 |       9 |  0.05 |    10.23 |    10.19 |     0.79 |      0.35 |
|    0 |      49 |        4 |        0 |        0 |       0 |       4 |       4 |  0.03 |     7.5  |     7.87 |     0.63 |      0.65 |
|    0 |      50 |        8 |        0 |        0 |       0 |       8 |       8 |  0.05 |    13.11 |    13.2  |     0.7  |      0.59 |
|    0 |      51 |        6 |        0 |        0 |       0 |       6 |       6 |  0.05 |    12.47 |    12.26 |     0.65 |      0.47 |
|    0 |      52 |        7 |        0 |        0 |       0 |       7 |       7 |  0.05 |    19.47 |    19.81 |     0.67 |      1.08 |
|    0 |      53 |        4 |        0 |        0 |       0 |       4 |       4 |  0.05 |    11.49 |    11.48 |     0.89 |      0.17 |
|    0 |      54 |        8 |        0 |        0 |       0 |       8 |       8 |  0.05 |    13.82 |    13.59 |     0.82 |      0.41 |
|    0 |      55 |        9 |        0 |        0 |       0 |       9 |       9 |  0.04 |    11.15 |    11.15 |     0.79 |      0.39 |
|    0 |      56 |       11 |        0 |        0 |       0 |      10 |      11 |  0.04 |    10.47 |     9.72 |     0.84 |      0.25 |
|    0 |      57 |        5 |        0 |        0 |       0 |       5 |       5 |  0.04 |     9.89 |     9.66 |     0.73 |      0.43 |
|    0 |      58 |        4 |        0 |        0 |       0 |       4 |       4 |  0.05 |     8.1  |     8.02 |     0.76 |      0.46 |
|    0 |      59 |        7 |        0 |        0 |       0 |       6 |       7 |  0.07 |    18.57 |    32.18 |     0.82 |      0.5  |
|    0 |      60 |        8 |        0 |        0 |       0 |       8 |       8 |  0.03 |     8.42 |     8.42 |     0.78 |      0.23 |
|    0 |      61 |        7 |        0 |        0 |       0 |       7 |       7 |  0.04 |     7.73 |     7.9  |     0.78 |      0.4  |
|    0 |      62 |        9 |        0 |        0 |       0 |       9 |       9 |  0.1  |    36.22 |    36.31 |     0.88 |      0.31 |
|    0 |      63 |        8 |        0 |        0 |       0 |       8 |       8 |  0.06 |    12.21 |    12.29 |     0.84 |      0.35 |
|    0 |      64 |        1 |        0 |        0 |       0 |       1 |       1 |  0.04 |     1.85 |     1.35 |     0.42 |      0.45 |
|    0 |      65 |        2 |        0 |        0 |       0 |       2 |       2 |  0.04 |     2.47 |     3.22 |     0.45 |      0.99 |
|    0 |      66 |        8 |        0 |        0 |       0 |       8 |       8 |  0.04 |    11.51 |    11.54 |     0.88 |      0.27 |
|    0 |      67 |        4 |        0 |        0 |       0 |       4 |       4 |  0.05 |    10.84 |    11.01 |     0.77 |      0.42 |
|    0 |      68 |       11 |        0 |        0 |       0 |      11 |      11 |  0.04 |    10.29 |    10.21 |     0.66 |      0.44 |
|    0 |      69 |        9 |        0 |        0 |       0 |       9 |       9 |  0.05 |    18.1  |    17.99 |     0.79 |      0.45 |
|    0 |      70 |        6 |        0 |        0 |       0 |       6 |       6 |  0.06 |    12.7  |    12.67 |     0.85 |      0.35 |
|    0 |      71 |        6 |        0 |        0 |       0 |       6 |       6 |  0.04 |    10.08 |    10.03 |     0.84 |      0.38 |
|    0 |      72 |        7 |        0 |        0 |       0 |       7 |       7 |  0.05 |    11.54 |    11.58 |     0.85 |      0.36 |
|    0 |      73 |        8 |        0 |        0 |       0 |       8 |       8 |  0.05 |    12.48 |    12.44 |     0.84 |      0.32 |
|    0 |      74 |        5 |        0 |        0 |       0 |       5 |       5 |  0.06 |    15.14 |    15.28 |     0.95 |      0.17 |
|    0 |      75 |       10 |        0 |        0 |       0 |       9 |      10 |  0.05 |    13.73 |    13.61 |     0.78 |      0.43 |
|    0 |      76 |        9 |        0 |        0 |       0 |       9 |       9 |  0.05 |     9.15 |     9.07 |     0.66 |      0.64 |
|    0 |      77 |        9 |        0 |        0 |       0 |       9 |       9 |  0.06 |    15.52 |    15.58 |     0.85 |      0.31 |
|    0 |      78 |        6 |        0 |        0 |       0 |       5 |       5 |  0.05 |    21.09 |    21.07 |     0.9  |      0.25 |
|    0 |      79 |        5 |        0 |        0 |       0 |       5 |       5 |  0.04 |     9.19 |     9.2  |     0.69 |      0.7  |
|    0 |      80 |        4 |        0 |        0 |       0 |       4 |       4 |  0.04 |    10.71 |    10.72 |     0.9  |      0.44 |
|    0 |      81 |        7 |        0 |        0 |       0 |       7 |       7 |  0.06 |    15.14 |    15.25 |     0.85 |      0.27 |
|    0 |      82 |        6 |        0 |        0 |       0 |       6 |       6 |  0.04 |     8.93 |     8.95 |     0.8  |      0.52 |
|    0 |      83 |        6 |        0 |        0 |       0 |       6 |       6 |  0.08 |    25.04 |    25.09 |     0.94 |      0.15 |
|    0 |      84 |       10 |        0 |        0 |       0 |       8 |       8 |  0.04 |     9.32 |     9.22 |     0.82 |      0.3  |
|    0 |      85 |        8 |        0 |        0 |       0 |       7 |       7 |  0.04 |     8.5  |     8.77 |     0.64 |      0.45 |
|    0 |      86 |        5 |        0 |        0 |       0 |       5 |       5 |  0.07 |     9.18 |     9.38 |     0.77 |      0.31 |
|    0 |      87 |        4 |        1 |        0 |       0 |       5 |       5 |  0.07 |    42.51 |    43.25 |     0.46 |      0.9  |
|    0 |      88 |        6 |        0 |        0 |       0 |       6 |       6 |  0.05 |    18.12 |    18.01 |     0.91 |      0.24 |
|    0 |      89 |        4 |        0 |        0 |       0 |       4 |       4 |  0.04 |     4.06 |     3.99 |     0.66 |      0.92 |
|    0 |      90 |        7 |        2 |        0 |       0 |       8 |       9 |  0.07 |    33.69 |    31.14 |     0.78 |      0.49 |
|    0 |      91 |        4 |        2 |        0 |       0 |       6 |       6 |  0.05 |    17.14 |    17.6  |     0.84 |      0.41 |
|    0 |      92 |        0 |        5 |        0 |       0 |       5 |       5 |  0.04 |    11.4  |    14.21 |     0.77 |      0.56 |
|    1 |       1 |        0 |       18 |        0 |       0 |      15 |       4 |  0.04 |     4.44 |    15.58 |     0.9  |      1.39 |
|    1 |       2 |        4 |        2 |        0 |       0 |       5 |       5 |  0.05 |     8.43 |     8.05 |     0.71 |      0.48 |
|    1 |       3 |       13 |        0 |        0 |       0 |      13 |      13 |  0.05 |    12.59 |    12.57 |     0.8  |      0.28 |
|    1 |       4 |       12 |        0 |        0 |       0 |      12 |      12 |  0.07 |    22.75 |    22.77 |     0.79 |      0.38 |
|    1 |       5 |        9 |        0 |        0 |       0 |       9 |       9 |  0.06 |    10.29 |    10.32 |     0.85 |      0.23 |
|    1 |       6 |        7 |        1 |        0 |       0 |       7 |       8 |  0.07 |    21.95 |    23.93 |     0.78 |      0.59 |
|    1 |       7 |        7 |        0 |        0 |       0 |       7 |       7 |  0.03 |    11.29 |    11.26 |     0.7  |      0.7  |
|    1 |       8 |        6 |        0 |        0 |       0 |       6 |       6 |  0.07 |    19.9  |    20.06 |     0.89 |      0.35 |
|    1 |       9 |        6 |        0 |        0 |       0 |       6 |       6 |  0.05 |    12.1  |    12.19 |     0.88 |      0.31 |
|    1 |      10 |        5 |        0 |        0 |       0 |       5 |       5 |  0.04 |     9.53 |     9.47 |     0.79 |      0.32 |
|    1 |      11 |        5 |        0 |        0 |       0 |       5 |       5 |  0.09 |    54.38 |    54.37 |     0.87 |      0.35 |
|    1 |      12 |        6 |        0 |        0 |       0 |       6 |       6 |  0.08 |    13.41 |    13.24 |     0.86 |      0.26 |
|    1 |      13 |        4 |        0 |        0 |       0 |       4 |       4 |  0.05 |    22.39 |    22.3  |     0.88 |      0.42 |
|    1 |      14 |        6 |        0 |        0 |       0 |       6 |       6 |  0.04 |     8.31 |     8.18 |     0.8  |      0.43 |
|    1 |      15 |        8 |        0 |        0 |       0 |       8 |       8 |  0.04 |     7.47 |     7.67 |     0.85 |      0.35 |
|    1 |      16 |        8 |        0 |        0 |       0 |       8 |       8 |  0.03 |     7.88 |     7.81 |     0.61 |      0.93 |
|    1 |      17 |        9 |        0 |        0 |       0 |       9 |       9 |  0.06 |     7.67 |     7.73 |     0.74 |      0.6  |
|    1 |      18 |        6 |        0 |        0 |       0 |       6 |       6 |  0.05 |    17.53 |    17.41 |     0.78 |      0.39 |
|    1 |      19 |        7 |        0 |        0 |       0 |       7 |       7 |  0.04 |     9.41 |     9.3  |     0.83 |      0.33 |
|    1 |      20 |       11 |        0 |        0 |       0 |      10 |      11 |  0.05 |    11.92 |    10.95 |     0.76 |      0.31 |
|    1 |      21 |        9 |        0 |        0 |       0 |       9 |       9 |  0.06 |    28.19 |    27.89 |     0.71 |      0.88 |
|    1 |      22 |        2 |        0 |        0 |       0 |       2 |       2 |  0.17 |    35.25 |    35.31 |     0.83 |      0.59 |
|    1 |      23 |        6 |        0 |        0 |       0 |       6 |       6 |  0.04 |     9.77 |    10    |     0.84 |      0.2  |
|    1 |      24 |        8 |        0 |        0 |       0 |       8 |       8 |  0.05 |    17.04 |    16.91 |     0.82 |      0.37 |
|    1 |      25 |        9 |        0 |        0 |       0 |       7 |       9 |  0.04 |     7.58 |     9.48 |     0.66 |      0.49 |
|    1 |      26 |        5 |        0 |        0 |       0 |       5 |       5 |  0.06 |    15.22 |    15.25 |     0.88 |      0.38 |
|    1 |      27 |        7 |        0 |        0 |       0 |       7 |       7 |  0.06 |    17.25 |    17.23 |     0.91 |      0.19 |
|    1 |      28 |        8 |        0 |        0 |       0 |       8 |       8 |  0.05 |     8.19 |     8.23 |     0.82 |      0.43 |
|    1 |      29 |        9 |        0 |        0 |       0 |       9 |       9 |  0.04 |     9.3  |     9.13 |     0.79 |      0.37 |
|    1 |      30 |        5 |        0 |        0 |       0 |       5 |       5 |  0.06 |    14.13 |    14.19 |     0.77 |      0.58 |
|    1 |      31 |        8 |        0 |        0 |       0 |       8 |       8 |  0.05 |    10.72 |    10.65 |     0.79 |      0.37 |
|    1 |      32 |       10 |        0 |        0 |       0 |      10 |      10 |  0.05 |    16.25 |    16.31 |     0.78 |      0.36 |
|    1 |      33 |        8 |        0 |        0 |       0 |       7 |       7 |  0.05 |    16.69 |    16.65 |     0.81 |      0.42 |
|    1 |      34 |        4 |        0 |        0 |       0 |       4 |       4 |  0.04 |    14.58 |    14.01 |     0.61 |      0.73 |
|    1 |      35 |        9 |        0 |        0 |       0 |       8 |       9 |  0.07 |    27.26 |    25.35 |     0.76 |      0.58 |
|    1 |      36 |        5 |        0 |        0 |       0 |       5 |       5 |  0.04 |     7.82 |     7.74 |     0.7  |      0.49 |
|    1 |      37 |        7 |        0 |        0 |       0 |       7 |       7 |  0.04 |    12.45 |    12.58 |     0.87 |      0.35 |
|    1 |      38 |        7 |        0 |        0 |       0 |       7 |       7 |  0.06 |    15.55 |    15.55 |     0.71 |      0.75 |
|    1 |      39 |       10 |        0 |        0 |       0 |       9 |      10 |  0.05 |     8.55 |     8.33 |     0.76 |      0.41 |
|    1 |      40 |        4 |        0 |        0 |       0 |       3 |       4 |  0.06 |    22.85 |    17.54 |     0.81 |      0.15 |
|    1 |      41 |        4 |        0 |        0 |       0 |       4 |       4 |  0.04 |     3.03 |     2.67 |     0.6  |      0.33 |
|    1 |      42 |        7 |        0 |        0 |       0 |       7 |       7 |  0.06 |    16.68 |    16.58 |     0.77 |      0.55 |
|    1 |      43 |        7 |        0 |        0 |       0 |       7 |       7 |  0.05 |    13.74 |    13.7  |     0.88 |      0.24 |
|    1 |      44 |        5 |        0 |        0 |       0 |       5 |       5 |  0.05 |     7.17 |     6.76 |     0.62 |      0.55 |
|    1 |      45 |       11 |        0 |        0 |       0 |      11 |      11 |  0.08 |    21.6  |    21.53 |     0.86 |      0.33 |
|    1 |      46 |        9 |        0 |        0 |       0 |       9 |       9 |  0.05 |    20.4  |    20.1  |     0.7  |      0.54 |
|    1 |      47 |        5 |        0 |        0 |       0 |       5 |       5 |  0.06 |    15.11 |    15.35 |     0.77 |      0.21 |
|    1 |      48 |       11 |        0 |        0 |       0 |      11 |      11 |  0.06 |    23.85 |    23.96 |     0.79 |      0.56 |
|    1 |      49 |        9 |        0 |        0 |       0 |       9 |       9 |  0.04 |     8.23 |     8.18 |     0.8  |      0.23 |
|    1 |      50 |       12 |        0 |        0 |       0 |      11 |      12 |  0.09 |    21.82 |    20.03 |     0.77 |      0.45 |
|    1 |      51 |        7 |        0 |        0 |       0 |       7 |       7 |  0.03 |     8.45 |     8.32 |     0.75 |      0.27 |
|    1 |      52 |        5 |        0 |        0 |       0 |       5 |       5 |  0.04 |    10.5  |    10.53 |     0.87 |      0.34 |
|    1 |      53 |        3 |        0 |        0 |       0 |       3 |       3 |  0.03 |     9.24 |     9.16 |     0.81 |      0.2  |
|    1 |      54 |        7 |        0 |        0 |       0 |       7 |       7 |  0.05 |     9.22 |     9.34 |     0.7  |      0.62 |
|    1 |      55 |       10 |        0 |        0 |       0 |      10 |      10 |  0.06 |    20.2  |    20.25 |     0.92 |      0.32 |
|    1 |      56 |       10 |        0 |        0 |       0 |      10 |      10 |  0.04 |    10.54 |    10.52 |     0.81 |      0.35 |
|    1 |      57 |        5 |        0 |        0 |       0 |       4 |       5 |  0.04 |    10.47 |    12.3  |     0.86 |      0.25 |
|    1 |      58 |        3 |        0 |        0 |       0 |       3 |       3 |  0.04 |     8.22 |     8.08 |     0.73 |      0.48 |
|    1 |      59 |        5 |        0 |        0 |       0 |       5 |       5 |  0.05 |     7.51 |     7.52 |     0.77 |      0.61 |
|    1 |      60 |        6 |        0 |        0 |       0 |       6 |       6 |  0.05 |    16.58 |    15.63 |     0.75 |      0.38 |
|    1 |      61 |        6 |        0 |        0 |       0 |       5 |       5 |  0.03 |     5.23 |     5.32 |     0.66 |      0.42 |
|    1 |      62 |        5 |        0 |        0 |       0 |       4 |       5 |  0.06 |    14.82 |    11.95 |     0.59 |      0.8  |
|    1 |      63 |       10 |        0 |        0 |       0 |      10 |      10 |  0.04 |     9.95 |     9.96 |     0.83 |      0.33 |
|    1 |      64 |        4 |        0 |        0 |       0 |       4 |       4 |  0.07 |    34.96 |    35.01 |     0.9  |      0.38 |
|    1 |      65 |        8 |        0 |        0 |       0 |       8 |       8 |  0.04 |     9.65 |     9.65 |     0.78 |      0.39 |
|    1 |      66 |        6 |        0 |        0 |       0 |       6 |       6 |  0.06 |    48.67 |    48.8  |     0.7  |      0.53 |
|    1 |      67 |        5 |        0 |        0 |       0 |       5 |       5 |  0.05 |    15.74 |    15.82 |     0.79 |      0.4  |
|    1 |      68 |        8 |        0 |        0 |       0 |       7 |       7 |  0.04 |     8.5  |     8.77 |     0.74 |      0.56 |
|    1 |      69 |        6 |        0 |        0 |       0 |       6 |       6 |  0.06 |    17.92 |    17.78 |     0.8  |      0.27 |
|    1 |      70 |        9 |        0 |        0 |       0 |       9 |       9 |  0.05 |    14.85 |    15.05 |     0.87 |      0.33 |
|    1 |      71 |        5 |        0 |        0 |       0 |       5 |       5 |  0.08 |    22.13 |    22.22 |     0.94 |      0.17 |
|    1 |      72 |        7 |        0 |        0 |       0 |       7 |       7 |  0.06 |    20.67 |    20.63 |     0.93 |      0.2  |
|    1 |      73 |        7 |        0 |        0 |       0 |       7 |       7 |  0.06 |    16.67 |    16.84 |     0.81 |      0.35 |
|    1 |      74 |       10 |        0 |        0 |       0 |       9 |       9 |  0.04 |    11.39 |    11.39 |     0.76 |      0.63 |
|    1 |      75 |        9 |        0 |        0 |       0 |       9 |       9 |  0.07 |    21.83 |    21.68 |     0.83 |      0.31 |
|    1 |      76 |        6 |        0 |        0 |       0 |       6 |       6 |  0.06 |     6.76 |     6.76 |     0.78 |      0.32 |
|    1 |      77 |       13 |        0 |        0 |       0 |      13 |      13 |  0.05 |    17.14 |    17.18 |     0.81 |      0.32 |
|    1 |      78 |        8 |        0 |        0 |       0 |       8 |       8 |  0.05 |    16.71 |    16.72 |     0.84 |      0.23 |
|    1 |      79 |        5 |        0 |        0 |       0 |       5 |       5 |  0.04 |     4.95 |     4.66 |     0.54 |      0.82 |
|    1 |      80 |        9 |        0 |        0 |       0 |       9 |       9 |  0.06 |    15.14 |    15.2  |     0.92 |      0.18 |
|    1 |      81 |        2 |        0 |        0 |       0 |       2 |       2 |  0.03 |     2.07 |     2.11 |     0.55 |      0.91 |
|    1 |      82 |        6 |        0 |        0 |       0 |       6 |       6 |  0.04 |    12.89 |    12.63 |     0.64 |      0.44 |
|    1 |      83 |       11 |        0 |        0 |       0 |      11 |      11 |  0.04 |     8.79 |     8.65 |     0.74 |      0.52 |
|    1 |      84 |        4 |        0 |        0 |       0 |       4 |       4 |  0.05 |    12.04 |    12.02 |     0.92 |      0.19 |
|    1 |      85 |        8 |        0 |        0 |       0 |       6 |       7 |  0.05 |    10.4  |    10.67 |     0.69 |      0.37 |
|    1 |      86 |        9 |        0 |        0 |       0 |       9 |       9 |  0.06 |    27.88 |    27.88 |     0.89 |      0.34 |
|    1 |      87 |        8 |        0 |        0 |       0 |       8 |       8 |  0.08 |    33.89 |    33.9  |     0.86 |      0.34 |
|    1 |      88 |        3 |        0 |        0 |       0 |       3 |       3 |  0.04 |    18.41 |    18.33 |     0.84 |      0.12 |
|    1 |      89 |        4 |        0 |        0 |       0 |       4 |       4 |  0.03 |     8.59 |     8.27 |     0.76 |      0.46 |
|    1 |      90 |        6 |        0 |        0 |       0 |       6 |       6 |  0.08 |    34.66 |    34.86 |     0.9  |      0.32 |
|    1 |      91 |        2 |        2 |        0 |       0 |       4 |       4 |  0.06 |    13.41 |    13.61 |     0.8  |      0.42 |
|    1 |      92 |        0 |        3 |        0 |       0 |       3 |       3 |  0.04 |    13.27 |    15.65 |     0.87 |      0.33 |
|    2 |       1 |        0 |       17 |        0 |       0 |      17 |       8 |  0.05 |     5.42 |    10.7  |     0.73 |      0.83 |
|    2 |       2 |        1 |        4 |        0 |       0 |       5 |       5 |  0.05 |    17.69 |    17.69 |     0.9  |      0.28 |
|    2 |       3 |        7 |        1 |        0 |       0 |       8 |       8 |  0.07 |    19.15 |    19.24 |     0.76 |      0.47 |
|    2 |       4 |        8 |        1 |        0 |       0 |       9 |       9 |  0.05 |    21.55 |    22.11 |     0.7  |      0.3  |
|    2 |       5 |        6 |        0 |        0 |       0 |       6 |       6 |  0.04 |     7.96 |     7.99 |     0.87 |      0.45 |
|    2 |       6 |        7 |        0 |        0 |       0 |       7 |       7 |  0.07 |    14.53 |    14.64 |     0.81 |      0.39 |
|    2 |       7 |        8 |        0 |        0 |       0 |       7 |       8 |  0.05 |     5.51 |     6.4  |     0.73 |      0.4  |
|    2 |       8 |        3 |        0 |        0 |       0 |       3 |       3 |  0.05 |    18.69 |    18.89 |     0.93 |      0.19 |
|    2 |       9 |        4 |        0 |        0 |       0 |       4 |       4 |  0.04 |     7.83 |     7.49 |     0.63 |      0.45 |
|    2 |      10 |        5 |        0 |        0 |       0 |       5 |       5 |  0.03 |     3.86 |     3.75 |     0.55 |      0.47 |
|    2 |      11 |        5 |        0 |        0 |       0 |       5 |       5 |  0.04 |    21.59 |    21.73 |     0.89 |      0.45 |
|    2 |      12 |        6 |        0 |        0 |       0 |       6 |       6 |  0.04 |    13.73 |    13.81 |     0.73 |      0.64 |
|    2 |      13 |        4 |        0 |        0 |       0 |       4 |       4 |  0.05 |     5.77 |     6.19 |     0.48 |      0.64 |
|    2 |      14 |        8 |        0 |        0 |       0 |       6 |       8 |  0.06 |    12.49 |    14.04 |     0.82 |      0.43 |
|    2 |      15 |        9 |        0 |        0 |       0 |       9 |       9 |  0.04 |    17.65 |    17.72 |     0.8  |      0.43 |
|    2 |      16 |        8 |        0 |        0 |       0 |       4 |       7 |  0.05 |    28.32 |    17.53 |     0.77 |      0.22 |
|    2 |      17 |       12 |        0 |        0 |       0 |      12 |      12 |  0.06 |    22.49 |    22.54 |     0.84 |      0.52 |
|    2 |      18 |        4 |        0 |        0 |       0 |       3 |       4 |  0.07 |    31.05 |    24.1  |     0.69 |      0.66 |
|    2 |      19 |        9 |        0 |        0 |       0 |       8 |       9 |  0.05 |    16.01 |    14.94 |     0.7  |      0.59 |
|    2 |      20 |        7 |        0 |        0 |       0 |       6 |       6 |  0.04 |    19.04 |    18.25 |     0.64 |      0.54 |
|    2 |      21 |       12 |        0 |        0 |       0 |      10 |      11 |  0.05 |    13.29 |    12.47 |     0.78 |      0.46 |
|    2 |      22 |       12 |        0 |        0 |       0 |      12 |      12 |  0.04 |    12.17 |    12.1  |     0.84 |      0.4  |
|    2 |      23 |       10 |        0 |        0 |       0 |      10 |      10 |  0.04 |    14.13 |    13.62 |     0.76 |      0.57 |
|    2 |      24 |        5 |        0 |        0 |       0 |       5 |       5 |  0.04 |    13.11 |    13.17 |     0.75 |      0.14 |
|    2 |      25 |        4 |        0 |        0 |       0 |       3 |       4 |  0.04 |    16.06 |    15.59 |     0.88 |      0.19 |
|    2 |      26 |        2 |        0 |        0 |       0 |       2 |       2 |  0.03 |     6.09 |     5.87 |     0.57 |      0.62 |
|    2 |      27 |        6 |        0 |        0 |       0 |       5 |       5 |  0.06 |    25.21 |    25.28 |     0.7  |      0.32 |
|    2 |      28 |        7 |        0 |        0 |       0 |       7 |       7 |  0.04 |     9.96 |     9.99 |     0.74 |      0.38 |
|    2 |      29 |        9 |        0 |        0 |       0 |       9 |       9 |  0.05 |     9.15 |     9.1  |     0.75 |      0.47 |
|    2 |      30 |        7 |        0 |        0 |       0 |       7 |       7 |  0.05 |    14.86 |    14.82 |     0.8  |      0.5  |
|    2 |      31 |        6 |        0 |        0 |       0 |       6 |       6 |  0.04 |     9.28 |     9.24 |     0.78 |      0.34 |
|    2 |      32 |       13 |        0 |        0 |       0 |      13 |      13 |  0.05 |    15.26 |    15.15 |     0.7  |      0.45 |
|    2 |      33 |        6 |        0 |        0 |       0 |       6 |       6 |  0.04 |     8.97 |     9.1  |     0.7  |      0.71 |
|    2 |      34 |        7 |        0 |        0 |       0 |       7 |       7 |  0.06 |    24.78 |    24.86 |     0.92 |      0.26 |
|    2 |      35 |        6 |        0 |        0 |       0 |       6 |       6 |  0.12 |    46.78 |    46.9  |     0.83 |      0.2  |
|    2 |      36 |        9 |        0 |        0 |       0 |       9 |       9 |  0.05 |    22.61 |    22.62 |     0.81 |      0.3  |
|    2 |      37 |        3 |        0 |        0 |       0 |       3 |       3 |  0.06 |    17.46 |    17.62 |     0.87 |      0.32 |
|    2 |      38 |       11 |        0 |        0 |       0 |      11 |      11 |  0.04 |    11.21 |    11.14 |     0.7  |      0.55 |
|    2 |      39 |        6 |        0 |        0 |       0 |       4 |       4 |  0.07 |    12.56 |    12.73 |     0.63 |      0.69 |
|    2 |      40 |        9 |        0 |        0 |       0 |       9 |       9 |  0.05 |    14.04 |    14.16 |     0.84 |      0.33 |
|    2 |      41 |        4 |        0 |        0 |       0 |       4 |       4 |  0.03 |     7.34 |     7.22 |     0.78 |      0.23 |
|    2 |      42 |       10 |        0 |        0 |       0 |       9 |      10 |  0.05 |    14.76 |    14.46 |     0.87 |      0.29 |
|    2 |      43 |       11 |        0 |        0 |       0 |      11 |      11 |  0.06 |    15.23 |    15.27 |     0.82 |      0.34 |
|    2 |      44 |        8 |        0 |        0 |       0 |       7 |       8 |  0.05 |     5.65 |     6.18 |     0.7  |      0.73 |
|    2 |      45 |        4 |        0 |        0 |       0 |       4 |       4 |  0.05 |    14.9  |    15    |     0.92 |      0.18 |
|    2 |      46 |        6 |        0 |        0 |       0 |       6 |       6 |  0.04 |     8.12 |     8.45 |     0.53 |      0.45 |
|    2 |      47 |       10 |        0 |        0 |       0 |       9 |      10 |  0.05 |    15.05 |    14.79 |     0.84 |      0.2  |
|    2 |      48 |        4 |        0 |        0 |       0 |       4 |       4 |  0.04 |    11.18 |    11.22 |     0.89 |      0.24 |
|    2 |      49 |        4 |        0 |        0 |       0 |       4 |       4 |  0.05 |    11.76 |    12.21 |     0.76 |      0.46 |
|    2 |      50 |        8 |        0 |        0 |       0 |       7 |       7 |  0.03 |     5.43 |     5.24 |     0.6  |      0.48 |
|    2 |      51 |        8 |        0 |        0 |       0 |       8 |       8 |  0.04 |     6.89 |     7.21 |     0.63 |      1.01 |
|    2 |      52 |        5 |        0 |        0 |       0 |       5 |       5 |  0.03 |     5.08 |     5.3  |     0.53 |      0.84 |
|    2 |      53 |        7 |        0 |        0 |       0 |       7 |       7 |  0.04 |    10.06 |     9.9  |     0.73 |      0.28 |
|    2 |      54 |       11 |        0 |        0 |       0 |      11 |      11 |  0.05 |    16.69 |    16.87 |     0.81 |      0.29 |
|    2 |      55 |       10 |        0 |        0 |       0 |      10 |      10 |  0.06 |    14.3  |    14.45 |     0.88 |      0.3  |
|    2 |      56 |        8 |        0 |        0 |       0 |       8 |       8 |  0.05 |     9.25 |     9.48 |     0.75 |      0.47 |
|    2 |      57 |        5 |        0 |        0 |       0 |       5 |       5 |  0.07 |    28.95 |    29.05 |     0.88 |      0.37 |
|    2 |      58 |        6 |        0 |        0 |       0 |       6 |       6 |  0.07 |    24.74 |    24.95 |     0.87 |      0.39 |
|    2 |      59 |        3 |        0 |        0 |       0 |       3 |       3 |  0.03 |     9.13 |     9.3  |     0.55 |      0.49 |
|    2 |      60 |        5 |        0 |        0 |       0 |       5 |       5 |  0.02 |     5.98 |     5.89 |     0.73 |      0.37 |
|    2 |      61 |       12 |        0 |        0 |       0 |      11 |      11 |  0.07 |    22    |    22.12 |     0.86 |      0.31 |
|    2 |      62 |        7 |        0 |        0 |       0 |       7 |       7 |  0.05 |    19.23 |    19.27 |     0.92 |      0.27 |
|    2 |      63 |        6 |        0 |        0 |       0 |       6 |       6 |  0.04 |    16.79 |    16.76 |     0.91 |      0.27 |
|    2 |      64 |        9 |        0 |        0 |       0 |       8 |       9 |  0.04 |     9.21 |     9.34 |     0.69 |      0.4  |
|    2 |      65 |        5 |        0 |        0 |       0 |       5 |       5 |  0.05 |    26.04 |    25.95 |     0.82 |      0.32 |
|    2 |      66 |        3 |        0 |        0 |       0 |       3 |       3 |  0.05 |     9.31 |     9.48 |     0.76 |      0.39 |
|    2 |      67 |        9 |        0 |        0 |       0 |       8 |       8 |  0.04 |    11.86 |    11.75 |     0.69 |      0.69 |
|    2 |      68 |        8 |        0 |        0 |       0 |       7 |       7 |  0.04 |     6.63 |     6.65 |     0.66 |      0.64 |
|    2 |      69 |       13 |        0 |        0 |       0 |      12 |      13 |  0.07 |    14.5  |    14.27 |     0.8  |      0.4  |
|    2 |      70 |        8 |        0 |        0 |       0 |       7 |       8 |  0.05 |    12.74 |    13.72 |     0.87 |      0.3  |
|    2 |      71 |       10 |        0 |        0 |       0 |       8 |       9 |  0.05 |    11.42 |    12.38 |     0.76 |      0.35 |
|    2 |      72 |        7 |        0 |        0 |       0 |       7 |       7 |  0.06 |    19.24 |    19.32 |     0.72 |      0.33 |
|    2 |      73 |        1 |        0 |        0 |       0 |       1 |       1 |  0.07 |    22.18 |    22.21 |     0.97 |      0.15 |
|    2 |      74 |        8 |        0 |        0 |       0 |       8 |       8 |  0.04 |     9.72 |     9.47 |     0.73 |      0.36 |
|    2 |      75 |        8 |        0 |        0 |       0 |       6 |       8 |  0.07 |    16.28 |    37.96 |     0.87 |      0.27 |
|    2 |      76 |        6 |        0 |        0 |       0 |       6 |       6 |  0.03 |     8.43 |     8.43 |     0.76 |      0.49 |
|    2 |      77 |       10 |        0 |        0 |       0 |      10 |      10 |  0.07 |    19.01 |    19.15 |     0.8  |      0.25 |
|    2 |      78 |        7 |        0 |        0 |       0 |       6 |       7 |  0.03 |    15.02 |    14.47 |     0.6  |      0.82 |
|    2 |      79 |        8 |        0 |        0 |       0 |       7 |       8 |  0.06 |     9.57 |    32.53 |     0.79 |      0.47 |
|    2 |      80 |        5 |        0 |        0 |       0 |       5 |       5 |  0.09 |    24.24 |    24.34 |     0.91 |      0.23 |
|    2 |      81 |        5 |        0 |        0 |       0 |       4 |       4 |  0.05 |     9.83 |     9.94 |     0.91 |      0.21 |
|    2 |      82 |        8 |        0 |        0 |       0 |       8 |       8 |  0.04 |    12.16 |    12.18 |     0.67 |      0.66 |
|    2 |      83 |        8 |        0 |        0 |       0 |       6 |       8 |  0.04 |    11.17 |     9.58 |     0.79 |      0.36 |
|    2 |      84 |       10 |        0 |        0 |       0 |      10 |      10 |  0.05 |    11.09 |    11.2  |     0.74 |      0.43 |
|    2 |      85 |        8 |        0 |        0 |       0 |       8 |       8 |  0.04 |     8.37 |     8.57 |     0.76 |      0.47 |
|    2 |      86 |        9 |        0 |        0 |       0 |       9 |       9 |  0.05 |    16.85 |    16.79 |     0.79 |      0.35 |
|    2 |      87 |        7 |        0 |        0 |       0 |       7 |       7 |  0.04 |    14.04 |    14.38 |     0.67 |      0.67 |
|    2 |      88 |        7 |        0 |        0 |       0 |       6 |       7 |  0.04 |    11.41 |    11.07 |     0.81 |      0.29 |
|    2 |      89 |        7 |        0 |        0 |       0 |       7 |       7 |  0.05 |    18.75 |    18.97 |     0.71 |      0.36 |
|    2 |      90 |        6 |        0 |        0 |       0 |       6 |       6 |  0.04 |     6.2  |     6.56 |     0.67 |      0.61 |
|    2 |      91 |        8 |        0 |        0 |       0 |       8 |       8 |  0.06 |    30.09 |    30.27 |     0.87 |      0.34 |
|    2 |      92 |        8 |        0 |        0 |       0 |       8 |       8 |  0.04 |    10.56 |    10.68 |     0.79 |      0.39 |
|    2 |      93 |        7 |        0 |        0 |       0 |       7 |       7 |  0.04 |    10.96 |    11.1  |     0.65 |      0.62 |
|    2 |      94 |        9 |        0 |        0 |       0 |       8 |       9 |  0.05 |     9.67 |     9.16 |     0.72 |      0.35 |
|    2 |      95 |        9 |        0 |        0 |       0 |       8 |       9 |  0.04 |    14.8  |    13.63 |     0.78 |      0.38 |
|    2 |      96 |        5 |        0 |        0 |       0 |       5 |       5 |  0.06 |     5.46 |     5.34 |     0.78 |      0.39 |
|    2 |      97 |        5 |        0 |        0 |       0 |       4 |       5 |  0.05 |     8.88 |    17.93 |     0.81 |      0.49 |
|    2 |      98 |       10 |        0 |        0 |       0 |       8 |      10 |  0.06 |    12.36 |    13.97 |     0.87 |      0.28 |
|    2 |      99 |        9 |        0 |        0 |       0 |       9 |       9 |  0.05 |    13.34 |    13.35 |     0.82 |      0.3  |
|    2 |     100 |        9 |        0 |        0 |       0 |       8 |       8 |  0.05 |     4.68 |     4.73 |     0.48 |      0.44 |
|    2 |     101 |        4 |        0 |        0 |       0 |       4 |       4 |  0.05 |    12.8  |    12.79 |     0.77 |      0.53 |
|    2 |     102 |        5 |        0 |        0 |       0 |       5 |       5 |  0.05 |    12.99 |    13.07 |     0.84 |      0.35 |
|    2 |     103 |        4 |        0 |        0 |       0 |       4 |       4 |  0.07 |    13.47 |    13.56 |     0.76 |      0.43 |
|    2 |     104 |       10 |        0 |        0 |       0 |       9 |       9 |  0.05 |    11.29 |    11.36 |     0.8  |      0.38 |
|    2 |     105 |        8 |        0 |        0 |       0 |       8 |       8 |  0.04 |     7.45 |     7.56 |     0.62 |      0.57 |
|    2 |     106 |        6 |        0 |        0 |       0 |       5 |       6 |  0.04 |    18.6  |    15.36 |     0.7  |      0.35 |
|    2 |     107 |        8 |        0 |        0 |       0 |       8 |       8 |  0.04 |    12.56 |    12.52 |     0.85 |      0.26 |
|    2 |     108 |        9 |        0 |        0 |       0 |       9 |       9 |  0.05 |    15.12 |    15.19 |     0.77 |      0.3  |
|    2 |     109 |        7 |        0 |        0 |       0 |       5 |       6 |  0.06 |    27.19 |    26.84 |     0.94 |      0.22 |
|    2 |     110 |        6 |        0 |        0 |       0 |       6 |       6 |  0.04 |    13.97 |    14    |     0.88 |      0.28 |
|    2 |     111 |        8 |        0 |        0 |       0 |       7 |       8 |  0.04 |    15.9  |    14.39 |     0.8  |      0.39 |
|    2 |     112 |        4 |        0 |        0 |       0 |       4 |       4 |  0.04 |     7.03 |     7.15 |     0.81 |      0.53 |
|    2 |     113 |        7 |        0 |        0 |       0 |       7 |       7 |  0.05 |    17.97 |    17.91 |     0.82 |      0.54 |
|    2 |     114 |        4 |        0 |        0 |       0 |       4 |       4 |  0.04 |     6.18 |     6.24 |     0.79 |      0.33 |
|    2 |     115 |        2 |        0 |        0 |       0 |       2 |       2 |  0.08 |    27.22 |    27.2  |     0.93 |      0.28 |
|    2 |     116 |        5 |        0 |        0 |       0 |       5 |       5 |  0.06 |    12.63 |    12.99 |     0.93 |      0.28 |
|    2 |     117 |       12 |        0 |        0 |       0 |      12 |      12 |  0.04 |     8.78 |     8.84 |     0.71 |      0.32 |
|    2 |     118 |       10 |        0 |        0 |       0 |      10 |      10 |  0.06 |    21.43 |    21.43 |     0.89 |      0.28 |
|    2 |     119 |        8 |        0 |        0 |       0 |       7 |       7 |  0.04 |    14.94 |    14.9  |     0.79 |      0.44 |
|    2 |     120 |        6 |        0 |        0 |       0 |       6 |       6 |  0.08 |     8.89 |     9.23 |     0.77 |      0.29 |
|    2 |     121 |        8 |        0 |        0 |       0 |       8 |       8 |  0.04 |    14.47 |    14.6  |     0.84 |      0.38 |
|    2 |     122 |        9 |        0 |        0 |       0 |       8 |       8 |  0.05 |    12.73 |    12.9  |     0.84 |      0.29 |
|    2 |     123 |        7 |        0 |        0 |       0 |       6 |       6 |  0.05 |    13.31 |    13.34 |     0.86 |      0.44 |
|    2 |     124 |        4 |        0 |        0 |       0 |       3 |       3 |  0.03 |     4.32 |     3.93 |     0.61 |      0.66 |
|    2 |     125 |       10 |        0 |        0 |       0 |      10 |      10 |  0.04 |    10.17 |    10.27 |     0.81 |      0.33 |
|    2 |     126 |        5 |        0 |        0 |       0 |       5 |       5 |  0.07 |    14.89 |    15.1  |     0.73 |      0.26 |
|    2 |     127 |        7 |        0 |        0 |       0 |       7 |       7 |  0.07 |    12.17 |    12.32 |     0.8  |      0.36 |
|    2 |     128 |       12 |        0 |        0 |       0 |      10 |      11 |  0.05 |    10.22 |     9.29 |     0.72 |      0.49 |
|    2 |     129 |        8 |        0 |        0 |       0 |       7 |       8 |  0.05 |    20.73 |    18.56 |     0.87 |      0.24 |
|    2 |     130 |        3 |        0 |        0 |       0 |       3 |       3 |  0.06 |     3.25 |     3.26 |     0.59 |      0.84 |
|    2 |     131 |        4 |        0 |        0 |       0 |       4 |       4 |  0.06 |    13.76 |    13.7  |     0.81 |      0.22 |
|    2 |     132 |       10 |        0 |        0 |       0 |      10 |      10 |  0.04 |     9.29 |     9.3  |     0.74 |      0.44 |
|    2 |     133 |       10 |        0 |        0 |       0 |      10 |      10 |  0.04 |    10.36 |    10.31 |     0.69 |      0.37 |
|    2 |     134 |        9 |        0 |        0 |       0 |       9 |       9 |  0.05 |    11.95 |    12.02 |     0.79 |      0.35 |
|    2 |     135 |        5 |        0 |        0 |       0 |       5 |       5 |  0.05 |    21.94 |    21.96 |     0.84 |      0.39 |
|    2 |     136 |        6 |        0 |        0 |       0 |       6 |       6 |  0.06 |    24.09 |    24.45 |     0.84 |      0.32 |
|    2 |     137 |        7 |        0 |        0 |       0 |       7 |       7 |  0.07 |    26.2  |    26.32 |     0.94 |      0.22 |
|    2 |     138 |        6 |        0 |        0 |       0 |       6 |       6 |  0.04 |    10.78 |    10.75 |     0.82 |      0.37 |
|    2 |     139 |        6 |        0 |        0 |       0 |       6 |       6 |  0.04 |     9.16 |     9.47 |     0.72 |      0.39 |
|    2 |     140 |        8 |        0 |        0 |       0 |       7 |       8 |  0.05 |    20.01 |    18.22 |     0.82 |      0.46 |
|    2 |     141 |        6 |        0 |        0 |       0 |       4 |       5 |  0.05 |    13.54 |    12.16 |     0.74 |      0.7  |
|    2 |     142 |        9 |        0 |        0 |       0 |       9 |       9 |  0.05 |    11.34 |    11.5  |     0.76 |      0.34 |
|    2 |     143 |        8 |        0 |        0 |       0 |       7 |       8 |  0.06 |     5.49 |     7.12 |     0.67 |      0.37 |
|    2 |     144 |        9 |        0 |        0 |       0 |       8 |       9 |  0.04 |     8.19 |     8.98 |     0.73 |      0.58 |
|    2 |     145 |        8 |        0 |        0 |       0 |       7 |       8 |  0.04 |     7.26 |     6.68 |     0.71 |      0.43 |
|    2 |     146 |        6 |        0 |        0 |       0 |       5 |       5 |  0.05 |    17.75 |    17.57 |     0.81 |      0.42 |
|    2 |     147 |        2 |        1 |        0 |       0 |       3 |       3 |  0.08 |    19.6  |    19.97 |     0.87 |      0.44 |
|    2 |     148 |        8 |        3 |        0 |       0 |      10 |      11 |  0.05 |    27.99 |    25.89 |     0.64 |      0.42 |
|    2 |     149 |        4 |        1 |        0 |       0 |       5 |       5 |  0.04 |     5.12 |     5.21 |     0.83 |      0.32 |
|    2 |     150 |        0 |        9 |        0 |       0 |       7 |       8 |  0.03 |     7.34 |    14.13 |     0.69 |      0.29 |
|    3 |       1 |        0 |       27 |        0 |       0 |      27 |       7 |  0.06 |     6.08 |    13.25 |     0.85 |      1.32 |
|    3 |       2 |       11 |        1 |        0 |       0 |      12 |      12 |  0.06 |    15.65 |    15.82 |     0.78 |      0.26 |
|    3 |       3 |        9 |        1 |        0 |       0 |       9 |      10 |  0.07 |    28.02 |    27.8  |     0.92 |      0.31 |
|    3 |       4 |        5 |        0 |        0 |       0 |       5 |       5 |  0.06 |    11.5  |    11.79 |     0.77 |      0.45 |
|    3 |       5 |        6 |        0 |        0 |       0 |       6 |       6 |  0.07 |    26.67 |    26.7  |     0.92 |      0.3  |
|    3 |       6 |        3 |        0 |        0 |       0 |       3 |       3 |  0.04 |     5.28 |     5.2  |     0.77 |      0.29 |
|    3 |       7 |       11 |        0 |        0 |       0 |      11 |      11 |  0.07 |    34.11 |    34.09 |     0.87 |      0.42 |
|    3 |       8 |        3 |        0 |        0 |       0 |       3 |       3 |  0.05 |    12.26 |    12.11 |     0.67 |      0.93 |
|    3 |       9 |        5 |        0 |        0 |       0 |       5 |       5 |  0.04 |     7.54 |     7.52 |     0.74 |      0.57 |
|    3 |      10 |        3 |        0 |        0 |       0 |       3 |       3 |  0.04 |    12.74 |    12.12 |     0.5  |      0.93 |
|    3 |      11 |        5 |        0 |        0 |       0 |       5 |       5 |  0.05 |    15.63 |    15.47 |     0.72 |      0.54 |
|    3 |      12 |        5 |        0 |        0 |       0 |       5 |       5 |  0.05 |    12.41 |    11.97 |     0.64 |      0.52 |
|    3 |      13 |        9 |        0 |        0 |       0 |       9 |       9 |  0.05 |     8.44 |     8.43 |     0.75 |      0.54 |
|    3 |      14 |        9 |        0 |        0 |       0 |       9 |       9 |  0.04 |     8.34 |     8.4  |     0.7  |      0.59 |
|    3 |      15 |        7 |        0 |        0 |       0 |       6 |       6 |  0.09 |    48.87 |    48.79 |     0.89 |      0.32 |
|    3 |      16 |        5 |        0 |        0 |       0 |       5 |       5 |  0.05 |    15.71 |    15.65 |     0.89 |      0.29 |
|    3 |      17 |        4 |        0 |        0 |       0 |       4 |       4 |  0.07 |    11.9  |    12.38 |     0.79 |      0.37 |
|    3 |      18 |        3 |        0 |        0 |       0 |       3 |       3 |  0.04 |    17.26 |    17.19 |     0.92 |      0.24 |
|    3 |      19 |       13 |        0 |        0 |       0 |      13 |      13 |  0.05 |    11.82 |    11.86 |     0.74 |      0.41 |
|    3 |      20 |        8 |        0 |        0 |       0 |       8 |       8 |  0.07 |    14.01 |    14.23 |     0.83 |      0.34 |
|    3 |      21 |        6 |        0 |        0 |       0 |       5 |       6 |  0.04 |     5.04 |     8.51 |     0.72 |      0.42 |
|    3 |      22 |       12 |        0 |        0 |       0 |      12 |      12 |  0.05 |    12.46 |    12.51 |     0.7  |      0.46 |
|    3 |      23 |        4 |        0 |        0 |       0 |       4 |       4 |  0.07 |    17.1  |    17.04 |     0.89 |      0.31 |
|    3 |      24 |        8 |        0 |        0 |       0 |       8 |       8 |  0.04 |     9.6  |     9.44 |     0.73 |      0.58 |
|    3 |      25 |        8 |        0 |        0 |       0 |       8 |       8 |  0.07 |    15.12 |    15.11 |     0.85 |      0.39 |
|    3 |      26 |        8 |        0 |        0 |       0 |       8 |       8 |  0.06 |    17.11 |    17.13 |     0.87 |      0.29 |
|    3 |      27 |        8 |        0 |        0 |       0 |       8 |       8 |  0.05 |     7.83 |     7.79 |     0.7  |      0.58 |
|    3 |      28 |        7 |        0 |        0 |       0 |       7 |       7 |  0.05 |    12.78 |    12.88 |     0.9  |      0.32 |
|    3 |      29 |        8 |        0 |        0 |       0 |       7 |       8 |  0.04 |    11.51 |    10.95 |     0.73 |      0.6  |
|    3 |      30 |        4 |        0 |        0 |       0 |       4 |       4 |  0.09 |    29.03 |    29.06 |     0.92 |      0.2  |
|    3 |      31 |       11 |        0 |        0 |       0 |      11 |      11 |  0.06 |    18.05 |    18.15 |     0.9  |      0.33 |
|    3 |      32 |        4 |        0 |        0 |       0 |       4 |       4 |  0.05 |     6.73 |     6.62 |     0.79 |      0.66 |
|    3 |      33 |        7 |        0 |        0 |       0 |       7 |       7 |  0.07 |    20.16 |    20.16 |     0.87 |      0.39 |
|    3 |      34 |        5 |        0 |        0 |       0 |       5 |       5 |  0.04 |     8.41 |     8.46 |     0.83 |      0.31 |
|    3 |      35 |        5 |        0 |        0 |       0 |       5 |       5 |  0.04 |    10.01 |    10.01 |     0.84 |      0.42 |
|    3 |      36 |        8 |        0 |        0 |       0 |       8 |       8 |  0.06 |    20.41 |    20.31 |     0.72 |      0.44 |
|    3 |      37 |        3 |        0 |        0 |       0 |       3 |       3 |  0.05 |    22.22 |    22.23 |     0.94 |      0.33 |
|    3 |      38 |        6 |        0 |        0 |       0 |       6 |       6 |  0.05 |    18.31 |    18.47 |     0.77 |      0.55 |
|    3 |      39 |       11 |        0 |        0 |       0 |      10 |      10 |  0.07 |    19.26 |    19.31 |     0.92 |      0.3  |
|    3 |      40 |        9 |        0 |        0 |       0 |       9 |       9 |  0.04 |     7.35 |     7.36 |     0.7  |      0.48 |
|    3 |      41 |        5 |        0 |        0 |       0 |       4 |       4 |  0.05 |    13.11 |    13.12 |     0.91 |      0.19 |
|    3 |      42 |        5 |        0 |        0 |       0 |       5 |       5 |  0.06 |    10.25 |    10.45 |     0.76 |      0.41 |
|    3 |      43 |        8 |        0 |        0 |       0 |       8 |       8 |  0.05 |    16.31 |    16.31 |     0.81 |      0.43 |
|    3 |      44 |        7 |        0 |        0 |       0 |       7 |       7 |  0.07 |    26.54 |    26.68 |     0.89 |      0.39 |
|    3 |      45 |        9 |        0 |        0 |       0 |       7 |       8 |  0.04 |    10.95 |    10.15 |     0.75 |      0.61 |
|    3 |      46 |        7 |        0 |        0 |       0 |       7 |       7 |  0.05 |    12.67 |    12.71 |     0.76 |      0.72 |
|    3 |      47 |        7 |        0 |        0 |       0 |       7 |       7 |  0.07 |    25.62 |    25.65 |     0.89 |      0.28 |
|    3 |      48 |        7 |        0 |        0 |       0 |       7 |       7 |  0.05 |    14.92 |    14.88 |     0.88 |      0.31 |
|    3 |      49 |        6 |        0 |        0 |       0 |       6 |       6 |  0.06 |    10.19 |    10.21 |     0.82 |      0.41 |
|    3 |      50 |        6 |        0 |        0 |       0 |       6 |       6 |  0.05 |    15.27 |    15.39 |     0.75 |      0.37 |
|    3 |      51 |       10 |        0 |        0 |       0 |       9 |      10 |  0.05 |    15.83 |    15.01 |     0.86 |      0.27 |
|    3 |      52 |        5 |        0 |        0 |       0 |       5 |       5 |  0.06 |    28.6  |    28.49 |     0.72 |      0.37 |
|    3 |      53 |        5 |        0 |        0 |       0 |       5 |       5 |  0.05 |    16.55 |    16.63 |     0.82 |      0.35 |
|    3 |      54 |        9 |        0 |        0 |       0 |       8 |       8 |  0.05 |    14.6  |    14.51 |     0.85 |      0.36 |
|    3 |      55 |        8 |        0 |        0 |       0 |       8 |       8 |  0.06 |    18.61 |    18.71 |     0.81 |      0.5  |
|    3 |      56 |        8 |        0 |        0 |       0 |       8 |       8 |  0.06 |    14.65 |    14.69 |     0.87 |      0.37 |
|    3 |      57 |        3 |        2 |        0 |       0 |       5 |       5 |  0.04 |     7.22 |     7.3  |     0.62 |      0.37 |
|    3 |      58 |        0 |        5 |        0 |       0 |       5 |       5 |  0.05 |     9.41 |    10.1  |     0.78 |      0.38 |
|    4 |       1 |        0 |       26 |        0 |       0 |      25 |       6 |  0.05 |     7.1  |    18.99 |     0.95 |      1.06 |
|    4 |       2 |        0 |       10 |        0 |       0 |      10 |      10 |  0.06 |    12.39 |    12.76 |     0.87 |      0.34 |
|    4 |       3 |        3 |        0 |        0 |       0 |       3 |       3 |  0.03 |     4.3  |     4.21 |     0.71 |      0.56 |
|    4 |       4 |        2 |        0 |        0 |       0 |       2 |       2 |  0.04 |    14.62 |    14.62 |     0.95 |      0.22 |
|    4 |       5 |        8 |        0 |        0 |       0 |       8 |       8 |  0.04 |    13.25 |    13.31 |     0.77 |      0.4  |
|    4 |       6 |       14 |        0 |        0 |       0 |      12 |      13 |  0.04 |    14.05 |    13.61 |     0.83 |      0.32 |
|    4 |       7 |        4 |        0 |        0 |       0 |       4 |       4 |  0.04 |    13.87 |    13.9  |     0.89 |      0.2  |
|    4 |       8 |        8 |        0 |        0 |       0 |       8 |       8 |  0.03 |    12.23 |    12.24 |     0.79 |      0.3  |
|    4 |       9 |       12 |        0 |        0 |       0 |      11 |      12 |  0.06 |    21.95 |    20.94 |     0.83 |      0.33 |
|    4 |      10 |        2 |        0 |        0 |       0 |       1 |       2 |  0.03 |    24.59 |    26.42 |     0.89 |      0.37 |
|    4 |      11 |        4 |        0 |        0 |       0 |       4 |       4 |  0.03 |    11.71 |    11.55 |     0.77 |      0.35 |
|    4 |      12 |        5 |        0 |        0 |       0 |       4 |       5 |  0.02 |     2.93 |     3.34 |     0.54 |      0.45 |
|    4 |      13 |        7 |        0 |        0 |       0 |       7 |       7 |  0.06 |    16.14 |    16.3  |     0.9  |      0.35 |
|    4 |      14 |        9 |        0 |        0 |       0 |       9 |       9 |  0.05 |     5.93 |     5.79 |     0.75 |      0.45 |
|    4 |      15 |        8 |        0 |        0 |       0 |       7 |       7 |  0.05 |    14.36 |    14.5  |     0.83 |      0.34 |
|    4 |      16 |       13 |        0 |        0 |       0 |      12 |      12 |  0.06 |    15.48 |    15.68 |     0.89 |      0.24 |
|    4 |      17 |       14 |        0 |        0 |       0 |      13 |      14 |  0.04 |    11.43 |    10.62 |     0.75 |      0.43 |
|    4 |      18 |        9 |        0 |        0 |       0 |       9 |       9 |  0.03 |    11.33 |    11.37 |     0.83 |      0.5  |
|    4 |      19 |        4 |        1 |        0 |       0 |       4 |       4 |  0.04 |    11.23 |    11.37 |     0.82 |      0.34 |
|    4 |      20 |        6 |        0 |        0 |       0 |       5 |       5 |  0.04 |     8.32 |     8.6  |     0.66 |      0.4  |
|    4 |      21 |        7 |        0 |        0 |       0 |       7 |       7 |  0.04 |    14.94 |    14.84 |     0.85 |      0.27 |
|    4 |      22 |        3 |        0 |        0 |       0 |       3 |       3 |  0.03 |    10.81 |    10.84 |     0.79 |      0.11 |
|    4 |      23 |        5 |        0 |        0 |       0 |       5 |       5 |  0.12 |    27.31 |    27.52 |     0.93 |      0.29 |
|    4 |      24 |        8 |        0 |        0 |       0 |       8 |       8 |  0.06 |    28.39 |    28.41 |     0.92 |      0.28 |
|    4 |      25 |        3 |        0 |        0 |       0 |       3 |       3 |  0.04 |     9.34 |     9.3  |     0.87 |      0.1  |
|    4 |      26 |        9 |        0 |        0 |       0 |       9 |       9 |  0.04 |     7.7  |     7.62 |     0.69 |      0.49 |
|    4 |      27 |        9 |        0 |        0 |       0 |       9 |       9 |  0.06 |    17.44 |    17.55 |     0.77 |      0.34 |
|    4 |      28 |       12 |        0 |        0 |       0 |       8 |      11 |  0.04 |    12.85 |    11.66 |     0.88 |      0.25 |
|    4 |      29 |        3 |        0 |        0 |       0 |       3 |       3 |  0.03 |    10.67 |    10.34 |     0.79 |      0.21 |
|    4 |      30 |        6 |        0 |        0 |       0 |       6 |       6 |  0.04 |    14.5  |    14.57 |     0.88 |      0.34 |
|    4 |      31 |        6 |        0 |        0 |       0 |       5 |       5 |  0.04 |    14.58 |    14.68 |     0.88 |      0.33 |
|    4 |      32 |       12 |        0 |        0 |       0 |      10 |      12 |  0.04 |    12.86 |    12.54 |     0.82 |      0.29 |
|    4 |      33 |        4 |        0 |        0 |       0 |       3 |       4 |  0.03 |     8.97 |     7.28 |     0.76 |      0.25 |
|    4 |      34 |       12 |        0 |        0 |       0 |      12 |      12 |  0.06 |    16.43 |    16.62 |     0.85 |      0.3  |
|    4 |      35 |       12 |        0 |        0 |       0 |      10 |      11 |  0.03 |    11.25 |    10.59 |     0.72 |      0.39 |
|    4 |      36 |       13 |        1 |        0 |       0 |      13 |      13 |  0.04 |     8.71 |     8.7  |     0.74 |      0.52 |
|    4 |      37 |        9 |        0 |        0 |       0 |       9 |       9 |  0.05 |    25.53 |    25.51 |     0.76 |      0.33 |
|    4 |      38 |        4 |        0 |        0 |       0 |       3 |       4 |  0.03 |     7.13 |     5.64 |     0.49 |      0.55 |
|    4 |      39 |        2 |        0 |        0 |       0 |       2 |       2 |  0.08 |    20.97 |    21.13 |     0.91 |      0.38 |
|    4 |      40 |        5 |        0 |        0 |       0 |       5 |       5 |  0.05 |    22.51 |    22.55 |     0.9  |      0.33 |
|    4 |      41 |        5 |        0 |        0 |       0 |       5 |       5 |  0.06 |    14.2  |    14.41 |     0.93 |      0.22 |
|    4 |      42 |        5 |        0 |        0 |       0 |       5 |       5 |  0.07 |    16.75 |    16.83 |     0.89 |      0.23 |
|    4 |      43 |        5 |        0 |        0 |       0 |       5 |       5 |  0.06 |    18.39 |    18.45 |     0.91 |      0.21 |
|    4 |      44 |        8 |        0 |        0 |       0 |       8 |       8 |  0.03 |     5.49 |     5.62 |     0.72 |      0.56 |
|    4 |      45 |        5 |        0 |        0 |       0 |       4 |       5 |  0.03 |    11.16 |     9.35 |     0.79 |      0.24 |
|    4 |      46 |        6 |        0 |        0 |       0 |       6 |       6 |  0.07 |    21.43 |    21.43 |     0.84 |      0.19 |
|    4 |      47 |        3 |        0 |        0 |       0 |       3 |       3 |  0.08 |    22.33 |    22.51 |     0.97 |      0.08 |
|    4 |      48 |        4 |        0 |        0 |       0 |       3 |       4 |  0.05 |    12.68 |    13.2  |     0.92 |      0.25 |
|    4 |      49 |        8 |        0 |        0 |       0 |       8 |       8 |  0.07 |    22.39 |    22.51 |     0.9  |      0.19 |
|    4 |      50 |        5 |        0 |        0 |       0 |       5 |       5 |  0.03 |     4.17 |     4.04 |     0.63 |      0.58 |
|    4 |      51 |        8 |        0 |        0 |       0 |       8 |       8 |  0.04 |     6.46 |     6.7  |     0.83 |      0.31 |
|    4 |      52 |       11 |        0 |        0 |       0 |      10 |      10 |  0.06 |    23.35 |    23.58 |     0.71 |      0.52 |
|    4 |      53 |        9 |        0 |        0 |       0 |       8 |       8 |  0.04 |    10.58 |    10.66 |     0.87 |      0.28 |
|    4 |      54 |       16 |        0 |        0 |       0 |      16 |      16 |  0.04 |    16.88 |    16.91 |     0.75 |      0.55 |
|    4 |      55 |       16 |        0 |        0 |       0 |      16 |      16 |  0.07 |    28.31 |    28.47 |     0.86 |      0.32 |
|    4 |      56 |        9 |        0 |        0 |       0 |       9 |       9 |  0.04 |    17.21 |    16.84 |     0.68 |      0.23 |
|    4 |      57 |        2 |        0 |        0 |       0 |       2 |       2 |  0.04 |    27.67 |    27.78 |     0.86 |      0.35 |
|    4 |      58 |        7 |        0 |        0 |       0 |       7 |       7 |  0.06 |    22.57 |    22.59 |     0.89 |      0.33 |
|    4 |      59 |        3 |        0 |        0 |       0 |       3 |       3 |  0.03 |    24.55 |    24.39 |     0.85 |      0.37 |
|    4 |      60 |        4 |        0 |        0 |       0 |       4 |       4 |  0.11 |    18.13 |    18.73 |     0.82 |      0.47 |
|    4 |      61 |        7 |        0 |        0 |       0 |       5 |       6 |  0.04 |    12.26 |    10.96 |     0.75 |      0.32 |
|    4 |      62 |        3 |        0 |        0 |       0 |       3 |       3 |  0.02 |     6.42 |     5.74 |     0.6  |      0.42 |
|    4 |      63 |        8 |        0 |        0 |       0 |       8 |       8 |  0.05 |     9.81 |    10    |     0.88 |      0.25 |
|    4 |      64 |        7 |        0 |        0 |       0 |       7 |       7 |  0.07 |    16.67 |    16.73 |     0.87 |      0.4  |
|    4 |      65 |       10 |        0 |        0 |       0 |       9 |      10 |  0.04 |     6.12 |     6.65 |     0.81 |      0.38 |
|    4 |      66 |        3 |        0 |        0 |       0 |       3 |       3 |  0.04 |     9.47 |     9.59 |     0.9  |      0.2  |
|    4 |      67 |        7 |        0 |        0 |       0 |       7 |       7 |  0.06 |    12.92 |    12.91 |     0.86 |      0.27 |
|    4 |      68 |        7 |        0 |        0 |       0 |       7 |       7 |  0.04 |    24.55 |    24.61 |     0.67 |      0.41 |
|    4 |      69 |       10 |        0 |        0 |       0 |      10 |      10 |  0.04 |    11.52 |    11.61 |     0.78 |      0.47 |
|    4 |      70 |        3 |        1 |        0 |       0 |       3 |       3 |  0.03 |    10.43 |    10.51 |     0.88 |      0.27 |
|    4 |      71 |        6 |        0 |        0 |       0 |       6 |       6 |  0.06 |    15.15 |    15.19 |     0.84 |      0.39 |
|    4 |      72 |        8 |        0 |        0 |       0 |       8 |       8 |  0.06 |    26.84 |    27.16 |     0.76 |      0.42 |
|    4 |      73 |        9 |        0 |        0 |       0 |       9 |       9 |  0.05 |    12.39 |    12.59 |     0.88 |      0.35 |
|    4 |      74 |        8 |        0 |        0 |       0 |       6 |       8 |  0.04 |    13.11 |    13.33 |     0.8  |      0.76 |
|    4 |      75 |       10 |        0 |        0 |       0 |       8 |      10 |  0.05 |    17.56 |    16.52 |     0.79 |      0.4  |
|    4 |      76 |        9 |        0 |        0 |       0 |       7 |       9 |  0.04 |     7.51 |     8.95 |     0.81 |      0.36 |
|    4 |      77 |        7 |        0 |        0 |       0 |       7 |       7 |  0.05 |    15.94 |    16.05 |     0.79 |      0.35 |
|    4 |      78 |       16 |        0 |        0 |       0 |      16 |      16 |  0.05 |    15.67 |    15.73 |     0.82 |      0.29 |
|    4 |      79 |        7 |        0 |        0 |       0 |       7 |       7 |  0.04 |    14.24 |    14.28 |     0.88 |      0.16 |
|    4 |      80 |        8 |        0 |        0 |       0 |       7 |       7 |  0.07 |    17.04 |    17.17 |     0.76 |      0.25 |
|    4 |      81 |        6 |        0 |        0 |       0 |       5 |       6 |  0.05 |    26.43 |    23.65 |     0.89 |      0.34 |
|    4 |      82 |        6 |        0 |        0 |       0 |       6 |       6 |  0.06 |    25.99 |    26.11 |     0.92 |      0.23 |
|    4 |      83 |        2 |        0 |        0 |       0 |       2 |       2 |  0.03 |     6.76 |     6.84 |     0.7  |      0.23 |
|    4 |      84 |        8 |        0 |        0 |       0 |       7 |       7 |  0.06 |    29.35 |    29.47 |     0.83 |      0.45 |
|    4 |      85 |        7 |        0 |        0 |       0 |       4 |       6 |  0.03 |     9.4  |    12.66 |     0.74 |      0.64 |
|    4 |      86 |        6 |        0 |        0 |       0 |       6 |       6 |  0.03 |    11.93 |    11.61 |     0.68 |      0.41 |
|    4 |      87 |        6 |        0 |        0 |       0 |       6 |       6 |  0.04 |    16.76 |    16.84 |     0.89 |      0.2  |
|    4 |      88 |        8 |        0 |        0 |       0 |       8 |       8 |  0.04 |    15.36 |    15.5  |     0.82 |      0.5  |
|    4 |      89 |       10 |        0 |        0 |       0 |      10 |      10 |  0.04 |    13.61 |    13.55 |     0.8  |      0.4  |
|    4 |      90 |        2 |        0 |        0 |       0 |       2 |       2 |  0.03 |     2.85 |     2.74 |     0.53 |      0.42 |
|    4 |      91 |        6 |        0 |        0 |       0 |       6 |       6 |  0.04 |    14.2  |    13.81 |     0.75 |      0.42 |
|    4 |      92 |        8 |        0 |        0 |       0 |       8 |       8 |  0.05 |    17.05 |    16.98 |     0.8  |      0.34 |
|    4 |      93 |        7 |        0 |        0 |       0 |       7 |       7 |  0.04 |    14.77 |    14.7  |     0.82 |      0.44 |
|    4 |      94 |        8 |        0 |        0 |       0 |       7 |       7 |  0.04 |     7.91 |     7.91 |     0.79 |      0.44 |
|    4 |      95 |        6 |        0 |        0 |       0 |       6 |       6 |  0.04 |    12.38 |    12.34 |     0.9  |      0.27 |
|    4 |      96 |        6 |        0 |        0 |       0 |       6 |       6 |  0.05 |    14.59 |    14.67 |     0.77 |      0.36 |
|    4 |      97 |        7 |        1 |        0 |       0 |       7 |       7 |  0.08 |    23.63 |    23.78 |     0.89 |      0.25 |
|    4 |      98 |        2 |        0 |        0 |       0 |       2 |       2 |  0.05 |    17.21 |    17.38 |     0.92 |      0.19 |
|    4 |      99 |        4 |        0 |        0 |       0 |       4 |       4 |  0.05 |    17.52 |    17.49 |     0.78 |      0.34 |
|    4 |     100 |        9 |        0 |        0 |       0 |       9 |       9 |  0.05 |    12.24 |    12.24 |     0.79 |      0.33 |
|    4 |     101 |       11 |        0 |        0 |       0 |      10 |      11 |  0.05 |    18.05 |    16.57 |     0.77 |      0.53 |
|    4 |     102 |        7 |        0 |        0 |       0 |       6 |       7 |  0.05 |    16.05 |    14.79 |     0.91 |      0.19 |
|    4 |     103 |        8 |        0 |        0 |       0 |       8 |       8 |  0.05 |    13.76 |    13.64 |     0.75 |      0.41 |
|    4 |     104 |        4 |        0 |        0 |       0 |       4 |       4 |  0.03 |     5.24 |     5.14 |     0.64 |      0.52 |
|    4 |     105 |       11 |        0 |        0 |       0 |      10 |      10 |  0.05 |     7.42 |     7.4  |     0.77 |      0.39 |
|    4 |     106 |        5 |        0 |        0 |       0 |       5 |       5 |  0.05 |    16.53 |    16.76 |     0.76 |      0.54 |
|    4 |     107 |        4 |        0 |        0 |       0 |       4 |       4 |  0.04 |     4.06 |     4.21 |     0.49 |      0.87 |
|    4 |     108 |        8 |        0 |        0 |       0 |       8 |       8 |  0.06 |    16.95 |    17.1  |     0.84 |      0.34 |
|    4 |     109 |        8 |        0 |        0 |       0 |       7 |       7 |  0.05 |    18.74 |    18.75 |     0.87 |      0.33 |
|    4 |     110 |       11 |        0 |        0 |       0 |      11 |      11 |  0.06 |    16.49 |    16.75 |     0.85 |      0.26 |
|    4 |     111 |        8 |        0 |        0 |       0 |       8 |       8 |  0.05 |    18.57 |    18.52 |     0.83 |      0.28 |
|    4 |     112 |        4 |        0 |        0 |       0 |       4 |       4 |  0.05 |    13.71 |    13.83 |     0.92 |      0.28 |
|    4 |     113 |        4 |        0 |        0 |       0 |       4 |       4 |  0.08 |    23.91 |    24.08 |     0.8  |      0.21 |
|    4 |     114 |       11 |        2 |        0 |       0 |      11 |      12 |  0.04 |     7.99 |     8.46 |     0.62 |      0.61 |
|    4 |     115 |        3 |        6 |        0 |       0 |       9 |       9 |  0.04 |     8.7  |     8.52 |     0.76 |      0.57 |
|    4 |     116 |        0 |        3 |        0 |       0 |       3 |       3 |  0.03 |     5.64 |     6.03 |     0.79 |      0.28 |
|    5 |       1 |        0 |       19 |        0 |       0 |      19 |       6 |  0.05 |     4.98 |    11.53 |     0.89 |      0.8  |
|    5 |       2 |        7 |        6 |        0 |       0 |      12 |      12 |  0.04 |    12.47 |    12.64 |     0.82 |      0.31 |
|    5 |       3 |        3 |        1 |        0 |       0 |       3 |       3 |  0.04 |     8.16 |     8.13 |     0.69 |      0.3  |
|    5 |       4 |        6 |        0 |        0 |       0 |       6 |       6 |  0.04 |     5.14 |     5.02 |     0.66 |      0.63 |
|    5 |       5 |        4 |        0 |        0 |       0 |       4 |       4 |  0.1  |    25.47 |    25.73 |     0.92 |      0.26 |
|    5 |       6 |        6 |        0 |        0 |       0 |       6 |       6 |  0.04 |     7.17 |     7.23 |     0.8  |      0.45 |
|    5 |       7 |        5 |        0 |        0 |       0 |       4 |       4 |  0.06 |    23.01 |    23.05 |     0.93 |      0.2  |
|    5 |       8 |        8 |        0 |        0 |       0 |       6 |       8 |  0.04 |     7.56 |     9.12 |     0.74 |      0.41 |
|    5 |       9 |        8 |        0 |        0 |       0 |       8 |       8 |  0.06 |    18.79 |    19.02 |     0.77 |      0.47 |
|    5 |      10 |        6 |        0 |        0 |       0 |       6 |       6 |  0.06 |    30.04 |    29.49 |     0.73 |      0.36 |
|    5 |      11 |        7 |        0 |        0 |       0 |       7 |       7 |  0.05 |    13.57 |    13.41 |     0.8  |      0.36 |
|    5 |      12 |        9 |        0 |        0 |       0 |       9 |       9 |  0.04 |    11.92 |    12.06 |     0.84 |      0.39 |
|    5 |      13 |        4 |        0 |        0 |       0 |       4 |       4 |  0.04 |    10.5  |    10.49 |     0.81 |      0.17 |
|    5 |      14 |        8 |        0 |        0 |       0 |       8 |       8 |  0.04 |     6.45 |     6.32 |     0.68 |      0.48 |
|    5 |      15 |        7 |        0 |        0 |       0 |       6 |       6 |  0.08 |    38.48 |    38.77 |     0.79 |      0.33 |
|    5 |      16 |        7 |        0 |        0 |       0 |       7 |       7 |  0.04 |    10.75 |    10.71 |     0.84 |      0.29 |
|    5 |      17 |        4 |        0 |        0 |       0 |       4 |       4 |  0.03 |     3.65 |     3.89 |     0.45 |      1.23 |
|    5 |      18 |        9 |        0 |        0 |       0 |       9 |       9 |  0.05 |    13.47 |    13.69 |     0.78 |      0.4  |
|    5 |      19 |        7 |        0 |        0 |       0 |       7 |       7 |  0.05 |    15.11 |    15.12 |     0.69 |      0.55 |
|    5 |      20 |        7 |        0 |        0 |       0 |       7 |       7 |  0.03 |     4.81 |     4.87 |     0.65 |      0.55 |
|    5 |      21 |        7 |        0 |        0 |       0 |       7 |       7 |  0.04 |     7.2  |     7.02 |     0.73 |      0.44 |
|    5 |      22 |        8 |        0 |        0 |       0 |       7 |       8 |  0.06 |    15.26 |    13.66 |     0.67 |      0.47 |
|    5 |      23 |        4 |        0 |        0 |       0 |       4 |       4 |  0.05 |    14.88 |    14.88 |     0.9  |      0.18 |
|    5 |      24 |        9 |        0 |        0 |       0 |       9 |       9 |  0.04 |    11.68 |    11.69 |     0.72 |      0.48 |
|    5 |      25 |        6 |        0 |        0 |       0 |       6 |       6 |  0.04 |     3.82 |     4.01 |     0.58 |      0.88 |
|    5 |      26 |        7 |        0 |        0 |       0 |       7 |       7 |  0.05 |    14.5  |    14.3  |     0.75 |      0.29 |
|    5 |      27 |        6 |        0 |        0 |       0 |       6 |       6 |  0.04 |    10.54 |    10.54 |     0.79 |      0.36 |
|    5 |      28 |        6 |        0 |        0 |       0 |       6 |       6 |  0.05 |    13.51 |    13.92 |     0.74 |      0.87 |
|    5 |      29 |        9 |        0 |        0 |       0 |       9 |       9 |  0.03 |     7.35 |     7.18 |     0.62 |      0.56 |
|    5 |      30 |        8 |        0 |        0 |       0 |       8 |       8 |  0.06 |    14.59 |    14.67 |     0.84 |      0.25 |
|    5 |      31 |        5 |        0 |        0 |       0 |       5 |       5 |  0.04 |    11.38 |    11.24 |     0.78 |      0.42 |
|    5 |      32 |        5 |        0 |        0 |       0 |       5 |       5 |  0.07 |     8.39 |     8.52 |     0.79 |      0.42 |
|    5 |      33 |        5 |        0 |        0 |       0 |       5 |       5 |  0.06 |    29.67 |    29.75 |     0.91 |      0.34 |
|    5 |      34 |        9 |        0 |        0 |       0 |       8 |       9 |  0.04 |    10.26 |    10.68 |     0.79 |      0.49 |
|    5 |      35 |        8 |        0 |        0 |       0 |       7 |       7 |  0.05 |    10.63 |    10.72 |     0.72 |      0.59 |
|    5 |      36 |        9 |        0 |        0 |       0 |       9 |       9 |  0.06 |    10.48 |    10.36 |     0.73 |      0.33 |
|    5 |      37 |        9 |        0 |        0 |       0 |       9 |       9 |  0.05 |    18.16 |    18.21 |     0.87 |      0.28 |
|    5 |      38 |        5 |        0 |        0 |       0 |       5 |       5 |  0.04 |     7.16 |     7.3  |     0.77 |      0.43 |
|    5 |      39 |        7 |        0 |        0 |       0 |       7 |       7 |  0.06 |    13.7  |    13.33 |     0.67 |      0.45 |
|    5 |      40 |        4 |        0 |        0 |       0 |       4 |       4 |  0.04 |    16.08 |    15.9  |     0.71 |      0.29 |
|    5 |      41 |        8 |        0 |        0 |       0 |       8 |       8 |  0.04 |    11.55 |    11.83 |     0.85 |      0.34 |
|    5 |      42 |        9 |        0 |        0 |       0 |       9 |       9 |  0.06 |    18.87 |    19.09 |     0.88 |      0.43 |
|    5 |      43 |       10 |        0 |        0 |       0 |      10 |      10 |  0.09 |    39.54 |    39.66 |     0.92 |      0.33 |
|    5 |      44 |        8 |        0 |        0 |       0 |       7 |       7 |  0.05 |    17.08 |    16.99 |     0.83 |      0.46 |
|    5 |      45 |        9 |        0 |        0 |       0 |       9 |       9 |  0.06 |    20.2  |    20.19 |     0.72 |      0.36 |
|    5 |      46 |        6 |        0 |        0 |       0 |       6 |       6 |  0.06 |    15.98 |    15.85 |     0.63 |      0.44 |
|    5 |      47 |        5 |        0 |        0 |       0 |       5 |       5 |  0.06 |    13.75 |    13.99 |     0.9  |      0.33 |
|    5 |      48 |       10 |        0 |        0 |       0 |      10 |      10 |  0.04 |    12.8  |    12.82 |     0.78 |      0.36 |
|    5 |      49 |        7 |        0 |        0 |       0 |       7 |       7 |  0.05 |    13.6  |    13.55 |     0.79 |      0.39 |
|    5 |      50 |        8 |        0 |        0 |       0 |       7 |       8 |  0.04 |     9.56 |     8.8  |     0.75 |      0.47 |
|    5 |      51 |        9 |        0 |        0 |       0 |       9 |       9 |  0.05 |    13.09 |    13.05 |     0.81 |      0.27 |
|    5 |      52 |        8 |        0 |        0 |       0 |       8 |       8 |  0.04 |     8.95 |     9.2  |     0.67 |      0.58 |
|    5 |      53 |        7 |        0 |        0 |       0 |       7 |       7 |  0.05 |     7.77 |     7.9  |     0.7  |      0.47 |
|    5 |      54 |        7 |        0 |        0 |       0 |       7 |       7 |  0.05 |    15.95 |    16.08 |     0.83 |      0.41 |
|    5 |      55 |        4 |        0 |        0 |       0 |       4 |       4 |  0.04 |     7.2  |     7.3  |     0.68 |      0.34 |
|    5 |      56 |        3 |        0 |        0 |       0 |       3 |       3 |  0.04 |     4.05 |     4.32 |     0.72 |      0.52 |
|    5 |      57 |        6 |        0 |        0 |       0 |       6 |       6 |  0.04 |     5.62 |     5.43 |     0.65 |      0.74 |
|    5 |      58 |       10 |        0 |        0 |       0 |      10 |      10 |  0.05 |    10.69 |    10.82 |     0.75 |      0.4  |
|    5 |      59 |       10 |        0 |        0 |       0 |      10 |      10 |  0.06 |    34.88 |    34.97 |     0.81 |      0.3  |
|    5 |      60 |        6 |        0 |        0 |       0 |       6 |       6 |  0.03 |     4.5  |     4.37 |     0.55 |      0.57 |
|    5 |      61 |        6 |        0 |        0 |       0 |       5 |       5 |  0.05 |    13.74 |    13.81 |     0.87 |      0.22 |
|    5 |      62 |        6 |        0 |        0 |       0 |       6 |       6 |  0.04 |    12.06 |    11.92 |     0.75 |      0.36 |
|    5 |      63 |        5 |        0 |        0 |       0 |       5 |       5 |  0.06 |    20.41 |    20.21 |     0.76 |      0.5  |
|    5 |      64 |        5 |        0 |        0 |       0 |       5 |       5 |  0.06 |    12.19 |    11.65 |     0.65 |      0.3  |
|    5 |      65 |        9 |        0 |        0 |       0 |       9 |       9 |  0.05 |    15.68 |    15.85 |     0.8  |      0.52 |
|    5 |      66 |        7 |        0 |        0 |       0 |       7 |       7 |  0.04 |    13.84 |    13.62 |     0.65 |      0.67 |
|    5 |      67 |        6 |        0 |        0 |       0 |       5 |       6 |  0.04 |     5.86 |     5.22 |     0.65 |      0.5  |
|    5 |      68 |        5 |        0 |        0 |       0 |       5 |       5 |  0.09 |    38.24 |    38.29 |     0.76 |      0.53 |
|    5 |      69 |        3 |        0 |        0 |       0 |       3 |       3 |  0.06 |    10.84 |    10.89 |     0.92 |      0.25 |
|    5 |      70 |        7 |        0 |        0 |       0 |       7 |       7 |  0.04 |    10.58 |    10.65 |     0.77 |      0.41 |
|    5 |      71 |        7 |        0 |        0 |       0 |       7 |       7 |  0.04 |    11.18 |    11.19 |     0.83 |      0.31 |
|    5 |      72 |       10 |        0 |        0 |       0 |      10 |      10 |  0.04 |     9.59 |     9.53 |     0.78 |      0.35 |
|    5 |      73 |        5 |        0 |        0 |       0 |       5 |       5 |  0.05 |    19.86 |    19.68 |     0.78 |      0.66 |
|    5 |      74 |       10 |        0 |        0 |       0 |      10 |      10 |  0.06 |    18.26 |    18.39 |     0.8  |      0.31 |
|    5 |      75 |        6 |        0 |        0 |       0 |       6 |       6 |  0.04 |    12.28 |    12.03 |     0.63 |      0.59 |
|    5 |      76 |        3 |        0 |        0 |       0 |       3 |       3 |  0.11 |    20.72 |    20.8  |     0.87 |      0.37 |
|    5 |      77 |        4 |        0 |        0 |       0 |       4 |       4 |  0.04 |     6.05 |     6.23 |     0.56 |      0.5  |
|    5 |      78 |        8 |        0 |        0 |       0 |       5 |       8 |  0.02 |     7.88 |     5.82 |     0.47 |      0.83 |
|    5 |      79 |        7 |        0 |        0 |       0 |       7 |       7 |  0.05 |    14.01 |    14.04 |     0.84 |      0.3  |
|    5 |      80 |       11 |        0 |        0 |       0 |      11 |      11 |  0.05 |    14.93 |    14.96 |     0.8  |      0.42 |
|    5 |      81 |        9 |        0 |        0 |       0 |       9 |       9 |  0.05 |    17.13 |    17.17 |     0.88 |      0.24 |
|    5 |      82 |        7 |        0 |        0 |       0 |       6 |       7 |  0.04 |    14.16 |    13.07 |     0.75 |      0.43 |
|    5 |      83 |       10 |        0 |        0 |       0 |      10 |      10 |  0.05 |    15.83 |    15.9  |     0.9  |      0.34 |
|    5 |      84 |        6 |        0 |        0 |       0 |       6 |       6 |  0.04 |    11.92 |    11.7  |     0.76 |      0.62 |
|    5 |      85 |        7 |        0 |        0 |       0 |       7 |       7 |  0.04 |    10.05 |    10.12 |     0.81 |      0.2  |
|    5 |      86 |        8 |        0 |        0 |       0 |       7 |       8 |  0.06 |    18.47 |    17.17 |     0.82 |      0.41 |
|    5 |      87 |       11 |        0 |        0 |       0 |      11 |      11 |  0.05 |    17.43 |    17.44 |     0.78 |      0.46 |
|    5 |      88 |        8 |        0 |        0 |       0 |       7 |       8 |  0.04 |     8.98 |     7.94 |     0.74 |      0.41 |
|    5 |      89 |        9 |        0 |        0 |       0 |       8 |       9 |  0.06 |    13.64 |    13.81 |     0.75 |      0.39 |
|    5 |      90 |        3 |        0 |        0 |       0 |       3 |       3 |  0.04 |     8.09 |     8.18 |     0.83 |      0.42 |
|    5 |      91 |        4 |        0 |        0 |       0 |       4 |       4 |  0.04 |    13.94 |    13.9  |     0.85 |      0.43 |
|    5 |      92 |        9 |        0 |        0 |       0 |       9 |       9 |  0.04 |     6.84 |     6.95 |     0.68 |      0.66 |
|    5 |      93 |        8 |        0 |        0 |       0 |       8 |       8 |  0.07 |    26.97 |    27.02 |     0.81 |      0.41 |
|    5 |      94 |       11 |        0 |        0 |       0 |      11 |      11 |  0.05 |    10.72 |    10.66 |     0.78 |      0.36 |
|    5 |      95 |        9 |        0 |        0 |       0 |       9 |       9 |  0.05 |    11.31 |    11.18 |     0.72 |      0.56 |
|    5 |      96 |       11 |        0 |        0 |       0 |      11 |      11 |  0.07 |    24.76 |    24.79 |     0.87 |      0.28 |
|    5 |      97 |        3 |        0 |        0 |       0 |       3 |       3 |  0.04 |    13.27 |    13.12 |     0.84 |      0.35 |
|    5 |      98 |        4 |        0 |        0 |       0 |       4 |       4 |  0.04 |    12.71 |    12.71 |     0.9  |      0.15 |
|    5 |      99 |        4 |        0 |        0 |       0 |       4 |       4 |  0.05 |    10.27 |    10.35 |     0.64 |      0.77 |
|    5 |     100 |        8 |        0 |        0 |       0 |       8 |       8 |  0.05 |    20.52 |    20.28 |     0.72 |      0.45 |
|    5 |     101 |        5 |        0 |        0 |       0 |       4 |       4 |  0.03 |     7.01 |     6.8  |     0.57 |      0.6  |
|    5 |     102 |        8 |        0 |        0 |       0 |       8 |       8 |  0.04 |    13.65 |    13.68 |     0.76 |      0.36 |
|    5 |     103 |        7 |        0 |        0 |       0 |       7 |       7 |  0.04 |    14.3  |    14.14 |     0.8  |      0.32 |
|    5 |     104 |        3 |        0 |        0 |       0 |       3 |       3 |  0.08 |    19.65 |    19.75 |     0.82 |      0.44 |
|    5 |     105 |       10 |        0 |        0 |       0 |      10 |      10 |  0.05 |    15.23 |    15.38 |     0.85 |      0.31 |
|    5 |     106 |        3 |        1 |        0 |       0 |       4 |       4 |  0.06 |    18.54 |    18.79 |     0.88 |      0.28 |
|    5 |     107 |        5 |        1 |        0 |       0 |       6 |       6 |  0.06 |    13.04 |    13.26 |     0.79 |      0.3  |
|    5 |     108 |        0 |        3 |        0 |       0 |       3 |       3 |  0.1  |    48.41 |    59.79 |     0.72 |      0.29 |
+------+---------+----------+----------+----------+---------+---------+---------+-------+----------+----------+----------+-----------+

 Summary vs resolution
+------+---------+----------+----------+----------+---------+---------+---------+-------+----------+----------+----------+-----------+
|   ID |   d min |   # full |   # part |   # over |   # ice |   # sum |   # prf |   Ibg |   I/sigI |   I/sigI |   CC prf |   RMSD XY |
|      |         |          |          |          |         |         |         |       |    (sum) |    (prf) |          |           |
|------+---------+----------+----------+----------+---------+---------+---------+-------+----------+----------+----------+-----------|
|    0 |    0.71 |        5 |        0 |        0 |       0 |       4 |       4 |  0.02 |     3.18 |     3.35 |     0.47 |      0.94 |
|    0 |    0.73 |        2 |        0 |        0 |       0 |       1 |       2 |  0.02 |    -0.43 |     1.26 |     0.37 |      1.36 |
|    0 |    0.74 |        6 |        0 |        0 |       0 |       5 |       6 |  0.02 |     5.6  |     4.48 |     0.58 |      0.64 |
|    0 |    0.75 |       10 |        0 |        0 |       0 |       9 |      10 |  0.02 |     3.63 |     3.82 |     0.49 |      0.6  |
|    0 |    0.77 |       12 |        2 |        0 |       0 |      12 |      11 |  0.02 |     3.93 |     4.21 |     0.62 |      0.79 |
|    0 |    0.79 |       20 |        3 |        0 |       0 |      22 |      19 |  0.03 |     4.16 |     4.38 |     0.66 |      0.66 |
|    0 |    0.8  |       26 |        2 |        0 |       0 |      28 |      26 |  0.03 |     5.82 |     6.25 |     0.68 |      0.8  |
|    0 |    0.82 |       17 |        2 |        0 |       0 |      18 |      18 |  0.03 |     4.6  |     4.62 |     0.61 |      0.7  |
|    0 |    0.85 |       31 |        0 |        0 |       0 |      28 |      29 |  0.03 |     4.87 |     5.05 |     0.69 |      0.47 |
|    0 |    0.87 |       22 |        3 |        0 |       0 |      24 |      24 |  0.03 |     6.58 |     6.59 |     0.76 |      0.4  |
|    0 |    0.9  |       30 |        7 |        0 |       0 |      33 |      31 |  0.03 |     4.23 |     5.65 |     0.71 |      0.67 |
|    0 |    0.93 |       30 |        1 |        0 |       0 |      31 |      30 |  0.03 |     5.08 |     5.3  |     0.67 |      0.47 |
|    0 |    0.97 |       39 |        5 |        0 |       0 |      41 |      41 |  0.04 |     8.28 |     8.52 |     0.76 |      0.46 |
|    0 |    1.01 |       38 |        4 |        0 |       0 |      42 |      40 |  0.04 |    12.25 |    12.77 |     0.84 |      0.33 |
|    0 |    1.07 |       52 |        5 |        0 |       0 |      56 |      52 |  0.04 |    13.72 |    14.84 |     0.88 |      0.38 |
|    0 |    1.13 |       55 |        4 |        0 |       0 |      59 |      55 |  0.05 |    12.31 |    12.97 |     0.87 |      0.34 |
|    0 |    1.22 |       52 |        2 |        0 |       0 |      54 |      53 |  0.05 |    14.63 |    14.87 |     0.84 |      0.34 |
|    0 |    1.34 |       57 |        7 |        0 |       0 |      64 |      60 |  0.06 |    16.86 |    17.99 |     0.9  |      0.3  |
|    0 |    1.53 |       57 |        1 |        0 |       0 |      57 |      58 |  0.07 |    23.04 |    22.9  |     0.86 |      0.35 |
|    0 |    1.92 |       48 |        6 |        0 |       0 |      53 |      50 |  0.14 |    43.89 |    47.6  |     0.82 |      0.53 |
|    1 |    0.71 |        6 |        1 |        0 |       0 |       7 |       6 |  0.02 |     1.52 |     1.71 |     0.35 |      1.67 |
|    1 |    0.72 |        5 |        0 |        0 |       0 |       4 |       4 |  0.02 |     3.14 |     2.5  |     0.45 |      0.64 |
|    1 |    0.74 |        4 |        0 |        0 |       0 |       3 |       4 |  0.02 |     4.35 |     3.81 |     0.5  |      0.49 |
|    1 |    0.75 |        8 |        0 |        0 |       0 |       8 |       8 |  0.02 |     4.56 |     4.43 |     0.52 |      1.26 |
|    1 |    0.77 |       12 |        1 |        0 |       0 |      10 |      11 |  0.02 |     4.05 |     4.37 |     0.63 |      0.7  |
|    1 |    0.78 |       19 |        1 |        0 |       0 |      19 |      19 |  0.03 |     5.3  |     5.35 |     0.7  |      0.51 |
|    1 |    0.8  |       28 |        3 |        0 |       0 |      30 |      29 |  0.03 |     7.57 |     7.75 |     0.72 |      0.43 |
|    1 |    0.82 |       21 |        2 |        0 |       0 |      23 |      22 |  0.03 |     6.09 |     6.26 |     0.67 |      0.65 |
|    1 |    0.84 |       17 |        3 |        0 |       0 |      18 |      15 |  0.03 |     5.22 |     6.28 |     0.74 |      0.77 |
|    1 |    0.87 |       24 |        0 |        0 |       0 |      24 |      24 |  0.03 |     7.32 |     7.25 |     0.78 |      0.38 |
|    1 |    0.9  |       35 |        1 |        0 |       0 |      34 |      36 |  0.03 |     6.63 |     6.83 |     0.77 |      0.39 |
|    1 |    0.93 |       37 |        3 |        0 |       0 |      40 |      38 |  0.03 |     5.68 |     5.98 |     0.69 |      0.49 |
|    1 |    0.97 |       29 |        2 |        0 |       0 |      30 |      29 |  0.04 |     9.6  |    10.14 |     0.8  |      0.39 |
|    1 |    1.01 |       37 |        4 |        0 |       0 |      39 |      36 |  0.04 |     8.44 |     9.03 |     0.79 |      0.56 |
|    1 |    1.06 |       52 |        4 |        0 |       0 |      53 |      53 |  0.04 |    13.98 |    14.68 |     0.89 |      0.32 |
|    1 |    1.13 |       67 |        4 |        0 |       0 |      71 |      67 |  0.05 |    16.09 |    16.78 |     0.88 |      0.34 |
|    1 |    1.22 |       54 |        2 |        0 |       0 |      55 |      56 |  0.05 |    12.85 |    13.24 |     0.8  |      0.35 |
|    1 |    1.34 |       61 |        2 |        0 |       0 |      63 |      62 |  0.06 |    18.95 |    19.53 |     0.91 |      0.28 |
|    1 |    1.53 |       56 |        3 |        0 |       0 |      59 |      58 |  0.08 |    21.03 |    21.33 |     0.86 |      0.41 |
|    1 |    1.93 |       57 |        4 |        0 |       0 |      59 |      58 |  0.14 |    47.29 |    46.9  |     0.75 |      0.6  |
|    2 |    0.72 |       14 |        0 |        0 |       0 |      10 |      10 |  0.02 |     3.37 |     3.18 |     0.5  |      0.75 |
|    2 |    0.74 |        4 |        0 |        0 |       0 |       4 |       4 |  0.02 |     6.18 |     5.46 |     0.56 |      0.69 |
|    2 |    0.75 |        8 |        1 |        0 |       0 |       5 |       7 |  0.02 |     4.26 |     4.06 |     0.65 |      0.93 |
|    2 |    0.76 |       26 |        0 |        0 |       0 |      20 |      26 |  0.03 |     4.43 |     4.12 |     0.62 |      0.53 |
|    2 |    0.78 |       19 |        3 |        0 |       0 |      20 |      19 |  0.02 |     3.23 |     3.86 |     0.56 |      0.67 |
|    2 |    0.8  |       40 |        1 |        0 |       0 |      37 |      38 |  0.03 |     4.65 |     4.39 |     0.64 |      0.49 |
|    2 |    0.81 |       47 |        2 |        0 |       0 |      43 |      43 |  0.03 |     3.83 |     3.83 |     0.55 |      0.61 |
|    2 |    0.83 |       38 |        2 |        0 |       0 |      38 |      38 |  0.03 |     4.81 |     5.2  |     0.66 |      0.75 |
|    2 |    0.86 |       35 |        2 |        0 |       0 |      37 |      35 |  0.03 |     7.01 |     7.34 |     0.75 |      0.45 |
|    2 |    0.88 |       35 |        3 |        0 |       0 |      36 |      35 |  0.03 |     5.12 |     5.22 |     0.66 |      0.55 |
|    2 |    0.91 |       64 |        3 |        0 |       0 |      64 |      65 |  0.03 |     7.47 |     7.72 |     0.75 |      0.44 |
|    2 |    0.94 |       52 |        5 |        0 |       0 |      52 |      55 |  0.03 |     7.54 |     7.82 |     0.72 |      0.55 |
|    2 |    0.98 |       82 |        3 |        0 |       0 |      78 |      84 |  0.03 |    10.27 |    10.56 |     0.81 |      0.33 |
|    2 |    1.03 |       50 |        6 |        0 |       0 |      52 |      50 |  0.04 |    13.82 |    14.45 |     0.85 |      0.37 |
|    2 |    1.08 |       75 |        5 |        0 |       0 |      71 |      77 |  0.05 |    16.18 |    16.39 |     0.85 |      0.28 |
|    2 |    1.15 |       97 |        5 |        0 |       0 |     102 |     100 |  0.05 |    11.78 |    12.12 |     0.84 |      0.35 |
|    2 |    1.23 |       97 |        2 |        0 |       0 |      98 |      97 |  0.05 |    14.22 |    14.5  |     0.85 |      0.33 |
|    2 |    1.36 |       87 |        3 |        0 |       0 |      89 |      89 |  0.06 |    17.67 |    18.01 |     0.87 |      0.34 |
|    2 |    1.55 |       95 |        2 |        0 |       0 |      96 |      96 |  0.07 |    22.93 |    23.7  |     0.8  |      0.41 |
|    2 |    1.94 |       84 |        7 |        0 |       0 |      86 |      86 |  0.13 |    37    |    41.38 |     0.77 |      0.44 |
|    3 |    0.71 |        2 |        0 |        0 |       0 |       1 |       1 |  0.02 |     5.59 |     4.74 |     0.61 |      0.46 |
|    3 |    0.72 |        1 |        0 |        0 |       0 |       1 |       1 |  0.01 |     0.04 |     0.34 |     0.26 |      1.62 |
|    3 |    0.73 |        1 |        1 |        0 |       0 |       2 |       1 |  0.02 |     0.72 |     1.37 |     0.36 |      1.62 |
|    3 |    0.75 |        9 |        1 |        0 |       0 |       8 |       9 |  0.02 |     3.68 |     4.27 |     0.61 |      1.03 |
|    3 |    0.76 |        5 |        1 |        0 |       0 |       5 |       5 |  0.02 |     3.87 |     5.17 |     0.7  |      0.76 |
|    3 |    0.78 |       11 |        1 |        0 |       0 |      12 |      12 |  0.03 |     6.07 |     6.01 |     0.71 |      0.85 |
|    3 |    0.8  |       18 |        3 |        0 |       0 |      21 |      19 |  0.03 |     5.48 |     5.79 |     0.71 |      0.71 |
|    3 |    0.82 |        9 |        0 |        0 |       0 |       9 |       9 |  0.03 |     4.67 |     4.76 |     0.67 |      0.89 |
|    3 |    0.84 |       17 |        1 |        0 |       0 |      18 |      17 |  0.04 |     5.45 |     5.67 |     0.71 |      0.57 |
|    3 |    0.86 |       16 |        2 |        0 |       0 |      18 |      16 |  0.04 |     6.94 |     7.36 |     0.78 |      0.8  |
|    3 |    0.89 |       16 |        2 |        0 |       0 |      18 |      16 |  0.04 |     7.34 |     8.21 |     0.8  |      0.63 |
|    3 |    0.92 |       24 |        4 |        0 |       0 |      27 |      24 |  0.03 |     5.36 |     5.82 |     0.7  |      0.76 |
|    3 |    0.96 |       18 |        2 |        0 |       0 |      20 |      18 |  0.04 |     7.13 |     7.9  |     0.71 |      0.58 |
|    3 |    1    |       23 |        8 |        0 |       0 |      29 |      28 |  0.04 |    11.31 |    12.72 |     0.86 |      0.46 |
|    3 |    1.06 |       32 |        6 |        0 |       0 |      36 |      35 |  0.05 |    14.27 |    15.3  |     0.86 |      0.4  |
|    3 |    1.12 |       41 |        5 |        0 |       0 |      46 |      42 |  0.05 |    13.78 |    14.51 |     0.87 |      0.37 |
|    3 |    1.21 |       24 |        3 |        0 |       0 |      27 |      25 |  0.06 |    14.67 |    15.61 |     0.85 |      0.27 |
|    3 |    1.33 |       42 |        3 |        0 |       0 |      45 |      43 |  0.06 |    16.74 |    17.64 |     0.88 |      0.37 |
|    3 |    1.52 |       34 |        4 |        0 |       0 |      38 |      34 |  0.08 |    22.65 |    25.18 |     0.9  |      0.4  |
|    3 |    1.89 |       38 |        5 |        0 |       0 |      42 |      37 |  0.13 |    43.56 |    47.93 |     0.81 |      0.54 |
|    4 |    0.73 |        6 |        2 |        0 |       0 |       6 |       6 |  0.02 |     3.3  |     3.74 |     0.55 |      1.42 |
|    4 |    0.74 |        6 |        0 |        0 |       0 |       6 |       6 |  0.02 |     7.09 |     7.07 |     0.78 |      0.38 |
|    4 |    0.75 |        8 |        0 |        0 |       0 |       4 |       6 |  0.02 |     0.58 |     2.64 |     0.43 |      1.22 |
|    4 |    0.77 |       20 |        0 |        0 |       0 |      14 |      17 |  0.02 |     4.02 |     3.91 |     0.61 |      0.53 |
|    4 |    0.78 |       23 |        0 |        0 |       0 |      21 |      21 |  0.03 |     6.11 |     6.04 |     0.7  |      0.49 |
|    4 |    0.8  |       29 |        4 |        0 |       0 |      32 |      31 |  0.03 |     5.27 |     5.39 |     0.7  |      0.51 |
|    4 |    0.82 |       22 |        0 |        0 |       0 |      20 |      21 |  0.03 |     6.63 |     6.28 |     0.73 |      0.49 |
|    4 |    0.84 |       33 |        2 |        0 |       0 |      32 |      34 |  0.03 |     5.46 |     5.34 |     0.69 |      0.46 |
|    4 |    0.86 |       29 |        1 |        0 |       0 |      27 |      29 |  0.03 |     9.54 |     9.61 |     0.83 |      0.29 |
|    4 |    0.89 |       35 |        2 |        0 |       0 |      36 |      35 |  0.03 |     7.6  |     8.35 |     0.78 |      0.53 |
|    4 |    0.92 |       38 |        3 |        0 |       0 |      35 |      38 |  0.03 |     7.6  |     7.48 |     0.76 |      0.38 |
|    4 |    0.95 |       48 |        0 |        0 |       0 |      47 |      47 |  0.03 |     8.38 |     8.42 |     0.78 |      0.43 |
|    4 |    0.99 |       62 |        3 |        0 |       0 |      56 |      65 |  0.03 |     9.25 |     9.8  |     0.79 |      0.28 |
|    4 |    1.03 |       43 |        4 |        0 |       0 |      44 |      45 |  0.04 |    14.51 |    14.56 |     0.84 |      0.27 |
|    4 |    1.09 |       65 |       10 |        0 |       0 |      69 |      66 |  0.05 |    11.75 |    12.92 |     0.88 |      0.31 |
|    4 |    1.15 |       62 |        7 |        0 |       0 |      69 |      67 |  0.04 |    12.53 |    12.77 |     0.87 |      0.29 |
|    4 |    1.24 |       75 |        1 |        0 |       0 |      75 |      74 |  0.05 |    15.27 |    15.57 |     0.86 |      0.32 |
|    4 |    1.36 |       60 |       13 |        0 |       0 |      71 |      64 |  0.06 |    17.09 |    17.62 |     0.87 |      0.31 |
|    4 |    1.56 |       74 |        5 |        0 |       0 |      79 |      74 |  0.07 |    21.72 |    22.99 |     0.8  |      0.47 |
|    4 |    1.95 |       61 |        6 |        0 |       0 |      67 |      63 |  0.13 |    45.45 |    47.98 |     0.86 |      0.48 |
|    5 |    0.71 |        6 |        0 |        0 |       0 |       3 |       5 |  0.02 |     3.98 |     2.97 |     0.44 |      0.93 |
|    5 |    0.72 |        3 |        1 |        0 |       0 |       4 |       3 |  0.02 |     4.26 |     5.09 |     0.49 |      1.63 |
|    5 |    0.73 |        8 |        0 |        0 |       0 |       7 |       7 |  0.02 |     3.18 |     2.58 |     0.42 |      0.75 |
|    5 |    0.75 |       12 |        0 |        0 |       0 |      10 |      11 |  0.02 |     2.45 |     2.53 |     0.42 |      1.1  |
|    5 |    0.76 |       12 |        1 |        0 |       0 |      12 |      12 |  0.02 |     4.22 |     3.95 |     0.54 |      0.62 |
|    5 |    0.78 |       21 |        2 |        0 |       0 |      19 |      21 |  0.02 |     3.28 |     3.74 |     0.57 |      0.68 |
|    5 |    0.8  |       24 |        3 |        0 |       0 |      27 |      24 |  0.03 |     4.22 |     4.38 |     0.58 |      0.75 |
|    5 |    0.82 |       24 |        1 |        0 |       0 |      25 |      25 |  0.03 |     4.3  |     4.03 |     0.6  |      0.57 |
|    5 |    0.84 |       32 |        2 |        0 |       0 |      33 |      33 |  0.03 |     5.54 |     5.4  |     0.65 |      0.53 |
|    5 |    0.86 |       28 |        2 |        0 |       0 |      30 |      29 |  0.03 |     8.28 |     8.41 |     0.78 |      0.44 |
|    5 |    0.89 |       37 |        0 |        0 |       0 |      36 |      36 |  0.03 |     6.95 |     6.82 |     0.73 |      0.47 |
|    5 |    0.92 |       44 |        2 |        0 |       0 |      43 |      44 |  0.03 |     6.6  |     6.83 |     0.71 |      0.56 |
|    5 |    0.96 |       38 |        3 |        0 |       0 |      39 |      38 |  0.04 |     8.08 |     9.15 |     0.75 |      0.38 |
|    5 |    1    |       52 |        3 |        0 |       0 |      55 |      53 |  0.04 |    10.2  |    10.56 |     0.82 |      0.37 |
|    5 |    1.06 |       61 |        2 |        0 |       0 |      63 |      62 |  0.04 |    13.68 |    13.9  |     0.84 |      0.27 |
|    5 |    1.12 |       67 |        3 |        0 |       0 |      68 |      68 |  0.04 |    13.83 |    13.96 |     0.86 |      0.31 |
|    5 |    1.21 |       62 |        3 |        0 |       0 |      65 |      65 |  0.05 |    13.84 |    14.02 |     0.84 |      0.34 |
|    5 |    1.33 |       69 |        7 |        0 |       0 |      76 |      71 |  0.06 |    16.35 |    17.43 |     0.86 |      0.34 |
|    5 |    1.52 |       63 |        6 |        0 |       0 |      68 |      65 |  0.07 |    20.06 |    21.07 |     0.84 |      0.44 |
|    5 |    1.92 |       65 |        2 |        0 |       0 |      67 |      66 |  0.13 |    43.95 |    44.72 |     0.8  |      0.53 |
+------+---------+----------+----------+----------+---------+---------+---------+-------+----------+----------+----------+-----------+

 Summary for experiment 0
+---------------------------------------+-----------+-------+--------+
| Item                                  |   Overall |   Low |   High |
|---------------------------------------+-----------+-------+--------|
| dmin                                  |      0.71 |  1.92 |   0.71 |
| dmax                                  |      5.79 |  5.79 |   0.73 |
| number fully recorded                 |    609    | 48    |   5    |
| number partially recorded             |     54    |  6    |   0    |
| number with invalid background pixels |     54    |  3    |   4    |
| number with invalid foreground pixels |     22    |  1    |   1    |
| number with overloaded pixels         |      0    |  0    |   0    |
| number in powder rings                |      0    |  0    |   0    |
| number processed with summation       |    641    | 53    |   4    |
| number processed with profile fitting |    619    | 50    |   4    |
| number failed in background modelling |      0    |  0    |   0    |
| number failed in summation            |     22    |  1    |   1    |
| number failed in profile fitting      |     44    |  4    |   1    |
| ibg                                   |      0.05 |  0.14 |   0.02 |
| i/sigi (summation)                    |     13.89 | 43.89 |   3.18 |
| i/sigi (profile fitting)              |     14.57 | 47.6  |   3.35 |
| cc prf                                |      0.79 |  0.82 |   0.47 |
| cc_pearson sum/prf                    |      1    |  1    |   0.99 |
| cc_spearman sum/prf                   |      1    |  1    |   1    |
+---------------------------------------+-----------+-------+--------+

 Summary for experiment 1
+---------------------------------------+-----------+-------+--------+
| Item                                  |   Overall |   Low |   High |
|---------------------------------------+-----------+-------+--------|
| dmin                                  |      0.71 |  1.93 |   0.71 |
| dmax                                  |     12.28 | 12.28 |   0.72 |
| number fully recorded                 |    629    | 57    |   6    |
| number partially recorded             |     40    |  4    |   1    |
| number with invalid background pixels |     56    |  4    |   5    |
| number with invalid foreground pixels |     20    |  2    |   0    |
| number with overloaded pixels         |      0    |  0    |   0    |
| number in powder rings                |      0    |  0    |   0    |
| number processed with summation       |    649    | 59    |   7    |
| number processed with profile fitting |    635    | 58    |   6    |
| number failed in background modelling |      0    |  0    |   0    |
| number failed in summation            |     20    |  2    |   0    |
| number failed in profile fitting      |     34    |  3    |   1    |
| ibg                                   |      0.05 |  0.14 |   0.02 |
| i/sigi (summation)                    |     15    | 47.29 |   1.52 |
| i/sigi (profile fitting)              |     15.36 | 46.9  |   1.71 |
| cc prf                                |      0.79 |  0.75 |   0.35 |
| cc_pearson sum/prf                    |      1    |  1    |   0.95 |
| cc_spearman sum/prf                   |      1    |  1    |   0.94 |
+---------------------------------------+-----------+-------+--------+

 Summary for experiment 2
+---------------------------------------+-----------+-------+--------+
| Item                                  |   Overall |   Low |   High |
|---------------------------------------+-----------+-------+--------|
| dmin                                  |      0.72 |  1.94 |   0.72 |
| dmax                                  |      5.97 |  5.97 |   0.74 |
| number fully recorded                 |   1049    | 84    |  14    |
| number partially recorded             |     55    |  7    |   0    |
| number with invalid background pixels |    163    |  5    |  14    |
| number with invalid foreground pixels |     66    |  5    |   4    |
| number with overloaded pixels         |      0    |  0    |   0    |
| number in powder rings                |      0    |  0    |   0    |
| number processed with summation       |   1038    | 86    |  10    |
| number processed with profile fitting |   1054    | 86    |  10    |
| number failed in background modelling |      0    |  0    |   0    |
| number failed in summation            |     66    |  5    |   4    |
| number failed in profile fitting      |     50    |  5    |   4    |
| ibg                                   |      0.05 |  0.13 |   0.02 |
| i/sigi (summation)                    |     13.76 | 37    |   3.37 |
| i/sigi (profile fitting)              |     14.32 | 41.38 |   3.18 |
| cc prf                                |      0.77 |  0.77 |   0.5  |
| cc_pearson sum/prf                    |      1    |  1    |   0.99 |
| cc_spearman sum/prf                   |      1    |  1    |   0.92 |
+---------------------------------------+-----------+-------+--------+

 Summary for experiment 3
+---------------------------------------+-----------+-------+--------+
| Item                                  |   Overall |   Low |   High |
|---------------------------------------+-----------+-------+--------|
| dmin                                  |      0.71 |  1.89 |   0.71 |
| dmax                                  |      5.25 |  5.25 |   0.72 |
| number fully recorded                 |    381    | 38    |   2    |
| number partially recorded             |     52    |  5    |   0    |
| number with invalid background pixels |     35    |  4    |   2    |
| number with invalid foreground pixels |     10    |  1    |   1    |
| number with overloaded pixels         |      0    |  0    |   0    |
| number in powder rings                |      0    |  0    |   0    |
| number processed with summation       |    423    | 42    |   1    |
| number processed with profile fitting |    392    | 37    |   1    |
| number failed in background modelling |      0    |  0    |   0    |
| number failed in summation            |     10    |  1    |   1    |
| number failed in profile fitting      |     41    |  6    |   1    |
| ibg                                   |      0.05 |  0.13 |   0.02 |
| i/sigi (summation)                    |     14.76 | 43.56 |   5.59 |
| i/sigi (profile fitting)              |     15.82 | 47.93 |   4.74 |
| cc prf                                |      0.8  |  0.81 |   0.61 |
| cc_pearson sum/prf                    |      1    |  1    |   0    |
| cc_spearman sum/prf                   |      1    |  1    |   0    |
+---------------------------------------+-----------+-------+--------+

 Summary for experiment 4
+---------------------------------------+-----------+-------+--------+
| Item                                  |   Overall |   Low |   High |
|---------------------------------------+-----------+-------+--------|
| dmin                                  |      0.73 |  1.95 |   0.73 |
| dmax                                  |      5.37 |  5.37 |   0.74 |
| number fully recorded                 |    799    | 61    |   6    |
| number partially recorded             |     63    |  6    |   2    |
| number with invalid background pixels |    122    |  2    |   7    |
| number with invalid foreground pixels |     48    |  0    |   2    |
| number with overloaded pixels         |      0    |  0    |   0    |
| number in powder rings                |      0    |  0    |   0    |
| number processed with summation       |    810    | 67    |   6    |
| number processed with profile fitting |    809    | 63    |   6    |
| number failed in background modelling |      0    |  0    |   0    |
| number failed in summation            |     48    |  0    |   2    |
| number failed in profile fitting      |     49    |  4    |   2    |
| ibg                                   |      0.05 |  0.13 |   0.02 |
| i/sigi (summation)                    |     14.65 | 45.45 |   3.3  |
| i/sigi (profile fitting)              |     14.85 | 47.98 |   3.74 |
| cc prf                                |      0.81 |  0.86 |   0.55 |
| cc_pearson sum/prf                    |      1    |  1    |   0.99 |
| cc_spearman sum/prf                   |      1    |  1    |   0.8  |
+---------------------------------------+-----------+-------+--------+

 Summary for experiment 5
+---------------------------------------+-----------+-------+--------+
| Item                                  |   Overall |   Low |   High |
|---------------------------------------+-----------+-------+--------|
| dmin                                  |      0.71 |  1.92 |   0.71 |
| dmax                                  |     12.3  | 12.3  |   0.72 |
| number fully recorded                 |    728    | 65    |   6    |
| number partially recorded             |     43    |  2    |   0    |
| number with invalid background pixels |     78    |  5    |   5    |
| number with invalid foreground pixels |     21    |  0    |   3    |
| number with overloaded pixels         |      0    |  0    |   0    |
| number in powder rings                |      0    |  0    |   0    |
| number processed with summation       |    750    | 67    |   3    |
| number processed with profile fitting |    738    | 66    |   5    |
| number failed in background modelling |      0    |  0    |   0    |
| number failed in summation            |     21    |  0    |   3    |
| number failed in profile fitting      |     33    |  1    |   1    |
| ibg                                   |      0.05 |  0.13 |   0.02 |
| i/sigi (summation)                    |     14.01 | 43.95 |   3.98 |
| i/sigi (profile fitting)              |     14.31 | 44.72 |   2.97 |
| cc prf                                |      0.77 |  0.8  |   0.44 |
| cc_pearson sum/prf                    |      1    |  1    |   1    |
| cc_spearman sum/prf                   |      1    |  1    |   0.5  |
+---------------------------------------+-----------+-------+--------+

Timing information for integration
+-------------------+--------------+
| Read time         | 2.54 seconds |
| Extract time      | 0.04 seconds |
| Pre-process time  | 0.00 seconds |
| Process time      | 2.58 seconds |
| Post-process time | 0.00 seconds |
| Total time        | 5.16 seconds |
+-------------------+--------------+

Removing 80 unintegrated reflections of 4502 total
Saving 4422 reflections to integrated.refl
Saving the experiments to integrated.expt
