h,k,l,Iobs,sigma_I,Icalc,Fc_real_e,Fc_imag_e,d_A,in_final_refinement,cv_work_flag
0,0,2,502.29,41.85428159,191.2904778,-276.9126425,53.89650507,8.30500000,1,0
0,0,3,52.895,4.599941576,255.765922,-326.1444723,6.317715348,5.53666667,1,1
0,0,4,9.8875,1.837363941,10.68112671,-61.44422948,-25.85412762,4.15250000,1,1
0,0,5,57.84,5.121585448,148.7246349,-246.9295553,-30.03221464,3.32200000,1,1
0,0,6,9.2975,1.642667419,31.82857174,-114.8199361,-7.648534014,2.76833333,1,1
0,0,7,203.1025,17.23120026,179.9874132,272.2284836,27.83009444,2.37285714,1,1
0,0,8,138.9833333,13.86328084,51.38882283,133.9604844,58.60589454,2.07625000,1,1
0,0,9,221.5925,18.88567811,179.9535765,264.1272896,71.45319261,1.84555556,1,1
0,0,10,82.865,10.70226612,77.07998984,167.5570072,63.19329796,1.66100000,1,1
0,0,11,72.2125,8.479388122,59.08286095,151.4618096,40.50245047,1.51000000,1,1
0,0,12,16.1075,2.849559176,19.49680274,88.7959959,15.06048482,1.38416667,1,1
0,0,13,7.955,2.419434335,8.080110404,57.91499811,-2.746350816,1.27769231,1,1
0,0,14,0.2175,2.242668611,0.1918074086,3.508286991,-8.21537788,1.18642857,1,1
0,0,15,1.165,2.398928146,0.397864325,12.4897548,-3.087957915,1.10733333,1,1
0,0,16,-6.75,3.652701055,0.2108965035,-6.38063519,6.85783699,1.03812500,1,1
0,0,17,11.875,4.461255429,7.224328658,52.59933167,15.45820329,0.97705882,0,1
0,0,18,-0.1575,2.825732206,3.008162948,29.8421134,18.99945763,0.92277778,0,1
0,0,19,5.1375,2.745052367,0.7201089086,2.537627209,17.1218618,0.87421053,0,1
0,0,20,-1.455,2.686512609,0.566311276,9.662991323,11.92633924,0.83050000,0,1
0,0,21,-7.38,4.159140536,1.049126157,19.93552356,6.249686504,0.79095238,0,1
0,0,22,1.463333333,4.196352914,0.3503070812,11.87445182,2.177360789,0.75500000,0,1
0,0,23,-0.85,6.22,0.09209178095,-6.176598288,0.4049168219,0.72217391,0,1
1,0,1,70.47,3.581373069,139.7217765,-239.1124545,-30.91567782,14.91915567,1,1
1,0,2,32.85521739,1.20258496,15.42198614,78.03602216,-18.07261208,8.06699323,1,1
1,0,3,6.07375,0.4260081996,28.86854066,109.5386646,-3.448573148,5.46443310,1,1
1,0,4,1.38375,0.5087836491,0.7503994578,16.45123608,6.446453764,4.12176421,1,1
1,0,5,1.447826087,0.5828992403,9.112780647,61.08354174,7.754202588,3.30620025,1,1
1,0,6,1.140833333,0.5188746504,1.940994844,28.40215866,0.9265868792,2.75917001,1,1
1,0,7,16.46,0.8793168316,16.84205436,-83.12175663,-9.89069792,2.36707905,1,1
1,0,8,8.404444444,0.9026581017,4.615978922,-39.37761666,-19.23169802,2.07237582,1,1
1,0,9,14.60095238,1.026893362,19.2894289,-86.56846124,-23.04716392,1.84283299,1,1
1,0,10,8.564375,1.028433844,8.446756977,-55.66711597,-20.38144052,1.65901442,1,1
1,0,11,4.908,1.169000833,6.545614372,-50.46060919,-13.3040213,1.50850774,1,1
1,0,12,1.485416667,1.007439893,2.322181712,-30.60810694,-5.410716722,1.38301697,1,1
1,0,13,-0.1716666667,0.8868927891,0.9732878137,-20.12258984,0.113562736,1.27678788,1,1
1,0,14,-0.2115,1.017196392,0.02105009655,-2.318526743,1.839081548,1.18570433,1,1
1,0,15,-0.3525,1.00933344,0.06753927102,-5.291435332,0.3163659853,1.10674443,1,1
1,0,16,2.365625,1.283691272,0.01927189144,0.9397337859,-2.671118546,1.03763971,1,1
1,0,17,2.823333333,1.304842915,0.7768180273,-17.19945108,-5.231647025,0.97665420,0,1
1,0,18,2.275,1.151147978,0.3170662477,-9.646329424,-6.233951584,0.92243689,0,1
1,0,19,-0.42875,1.55982386,0.07645241867,-0.8254834618,-5.579087988,0.87392066,0,1
1,0,20,-1.505833333,1.175555668,0.05734094095,-2.913163018,-3.920445435,0.83025147,0,0
1,0,21,-0.7989473684,1.372801693,0.1075997419,-6.342254496,-2.131230018,0.79073768,0,1
1,0,22,0.6031578947,1.527724305,0.04119608405,-4.052106743,-0.8484428673,0.75481326,0,1
1,0,23,-1.406923077,1.704449798,0.006586644539,1.631586549,-0.2797602372,0.72201048,0,1
2,-1,1,214.399375,8.985196071,310.4220024,-358.2991308,-27.77141703,12.67039850,1,1
2,-1,2,10.92636364,0.5103964591,28.48774446,-108.0975307,-12.92699556,7.64655789,1,1
2,-1,3,43.2975,1.563756772,4.062758575,40.92376285,3.94157111,5.32806116,1,1
2,-1,4,37.21666667,1.403956525,31.47357911,113.4075946,15.26900036,4.06228609,1,1
2,-1,5,56.62636364,2.162784735,21.83478614,93.86192214,16.55877243,3.27526548,1,1
2,-1,6,3.576666667,0.6760179299,3.306333695,36.14469248,8.315333602,2.74111308,1,1
2,-1,7,0.8745833333,0.6045632569,1.351325411,-23.2490192,-4.657818469,2.35564838,1,1
2,-1,8,35.06777778,1.715068926,39.73630272,-127.5775759,-16.00161815,2.06469207,1,1
2,-1,9,10.002,0.9230033857,10.37029473,-62.24511391,-20.97748694,1.83742382,1,1
2,-1,10,4.916470588,1.113030092,4.933848583,-41.39055676,-18.42619856,1.65506452,1,1
2,-1,11,-1.216666667,0.8988147202,1.824766417,-25.38738221,-10.70820943,1.50553644,1,1
2,-1,12,0.363,0.9057735644,1.099752529,-21.2984896,-1.980118681,1.38072615,1,1
2,-1,13,-0.8880952381,1.030117566,0.07909115626,-4.062119217,4.050267491,1.27498476,1,1
2,-1,14,0.01782608696,0.9901721223,0.2059487759,7.297572132,5.694681493,1.18425981,1,1
2,-1,15,1.30625,0.9942180065,0.2578297216,9.724685616,3.5636012,1.10556943,1,0
2,-1,16,0.4595238095,1.104033216,0.2822191228,-10.83208881,-0.2858391162,1.03667116,1,1
2,-1,17,0.0475,1.18186484,0.07018418005,-3.984529435,-3.650109812,0.97584646,0,1
2,-1,18,-0.397826087,1.131901056,0.1214602959,-4.853705606,-5.193697085,0.92175625,0,1
2,-1,19,-0.13875,1.431558428,0.2154502057,-8.174196545,-4.776974923,0.87334181,0,1
2,-1,20,-0.2541666667,1.221121621,0.1684664721,-7.759816784,-3.142431399,0.82975507,0,1
2,-1,21,2.279,1.655701298,0.02211856283,-2.740187826,-1.301417657,0.79030880,0,1
2,-1,22,0.9831818182,1.436846202,0.001588471711,0.8129389104,-0.002454479362,0.75444019,0,1
2,-1,23,2.155,1.98403923,0.002710509852,-0.9370775229,0.4995795822,0.72168395,0,0
2,0,1,1031.7925,43.09671924,2054.574093,920.9159259,81.90918397,11.87019674,1,1
2,0,2,70.79818182,2.577617461,97.56013966,196.4666711,44.61226784,7.45957784,1,0
2,0,3,65.01375,2.306573938,92.97322534,-196.6626201,2.204179779,5.26359560,1,1
2,0,4,198.0870833,6.818840513,119.0581662,-220.9951696,-26.35694427,4.03349661,1,1
2,0,5,98.45916667,3.457939435,56.79895521,-150.7984108,-29.84560309,3.26012020,1,1
2,0,6,9.802173913,0.7897084959,8.203094038,-57.62585893,-9.597737007,2.73221655,1,0
2,0,7,21.13166667,1.015786761,21.65652674,92.26683981,22.29169603,2.34999479,1,1
2,0,8,230.0615789,8.976325912,179.3263169,268.5494243,49.8901023,2.06088210,1,1
2,0,9,112.036,4.42396827,109.9772972,204.9028776,61.40288445,1.83473704,1,1
2,0,10,51.6365,2.293033308,53.00256439,138.3096871,54.05443369,1.65310013,1,1
2,0,11,23.13421053,1.452808914,27.66077182,101.7852814,33.88040747,1.50405736,1,1
2,0,12,8.550952381,1.060839205,15.11345829,78.47910801,11.35377485,1.37958501,1,1
2,0,13,1.38,0.9294190845,2.642459965,32.88200277,-4.261000197,1.27408606,1,1
2,0,14,-0.9854545455,1.017157561,0.2817160608,-6.278104331,-8.819975147,1.18353953,1,1
2,0,15,1.653913043,1.020811049,0.2222712592,-8.768815979,-3.947494147,1.10498333,1,1
2,0,16,3.53,1.149516412,1.712757356,26.19314152,5.148150473,1.03618791,1,1
2,0,17,2.265714286,1.189814578,1.77143148,23.85768137,12.95400444,0.97544334,0,0
2,0,18,-0.09409090909,1.178478235,1.414881854,18.07852217,16.18090054,0.92141650,0,1
2,0,19,1.835,1.539729531,1.197272217,16.92380487,14.55004934,0.87305281,0,1
2,0,20,-0.56375,1.278552569,0.9231650046,16.87112733,9.97212301,0.82950721,0,1
2,0,21,-2.257272727,1.256259698,0.3233720067,10.46918867,4.993334724,0.79009463,0,1
2,0,22,-1.980454545,1.425594959,0.02639693496,2.971283932,1.467577707,0.75425387,0,1
2,0,23,-1.895,1.612791317,0.0125929358,2.28893323,-0.003537403142,0.72152085,0,1
3,-1,0,17.8675,0.8134837794,4.109195889,29.58953978,-28.88026136,12.82793868,1,1
3,-1,1,83.82578947,2.307685926,300.8841491,-352.9529966,-24.60741446,10.15264339,1,1
3,-1,2,4.289761905,0.302143809,55.35804543,-151.1305237,-13.82035583,6.97149739,1,1
3,-1,3,3.983541667,0.3028394716,10.02555444,64.56501146,-1.562366211,5.08339031,1,1
3,-1,4,68.74833333,1.7329486,23.18413633,97.98459971,6.682961558,3.95066725,1,1
3,-1,5,0.315,0.3428261576,0.198601334,4.862810451,7.679854455,3.21591468,1,1
3,-1,6,0.250625,0.4338027061,0.03830689478,3.545916136,1.83408571,2.70603786,1,1
3,-1,7,1.273958333,0.424145756,0.8292970545,17.06346999,-7.339133202,2.33327519,1,1
3,-1,8,28.1415,0.987051892,27.59848448,-106.0673919,-15.22890541,2.04957753,1,1
3,-1,9,7.269444444,0.8059365,9.989172416,-61.77302041,-18.44014866,1.82674685,1,1
3,-1,10,3.24,0.6357067059,5.039334403,-42.82736088,-16.19898112,1.64724864,1,1
3,-1,11,0.7675,0.6146988084,1.897747166,-26.15148042,-10.27853453,1.49964614,1,1
3,-1,12,0.9256521739,0.6456803065,1.810729603,-27.19383053,-3.720290325,1.37617846,1,1
3,-1,13,1.130869565,0.6405743081,0.1986658715,-9.055793975,0.8040745825,1.27140133,1,1
3,-1,14,0.7463829787,0.852875065,0.024699757,2.405883344,2.1184748,1.18138654,1,1
3,-1,15,0.2675609756,0.7840308434,0.09340962461,6.192601813,0.7171395147,1.10323061,1,1
3,-1,16,0.230952381,0.7769872481,0.6002975534,-15.69137393,-1.879248166,1.03474218,1,1
3,-1,17,1.650263158,0.9232552255,0.0635605255,-3.133647158,-4.077289989,0.97423697,0,1
3,-1,18,-0.5397560976,0.8877824173,0.0972970808,-4.010788757,-4.938981323,0.92039948,0,1
3,-1,19,0.6983333333,0.9048743758,0.2028992052,-8.065297436,-4.400701647,0.87218753,0,1
3,-1,20,-0.03021276596,0.8889252046,0.1191391547,-6.356318593,-3.027286295,0.82876495,0,1
3,-1,21,0.96375,1.144392779,0.01184296267,-1.580779715,-1.558313439,0.78945314,0,1
3,-1,22,-0.7073170732,0.9432052319,0.0008847379095,0.3039682491,-0.5250657843,0.75369572,0,1
3,-1,23,0.64,1.16954318,0.01957672891,-2.852393646,-0.09300784646,0.72103222,0,1
3,-1,24,1.8,3.54908752,0.003808040878,1.252509729,-0.1246423117,0.69107829,0,1
3,0,0,253.083,13.40997901,1130.25004,-685.2973476,-24.54407098,11.31317852,1,1
3,0,1,40.50055556,1.669828482,20.31738267,-89.10171293,-22.66781887,9.35035373,1,1
3,0,2,2.714545455,0.4687321609,3.010414723,30.51266371,-17.92889611,6.69474624,1,1
3,0,3,0.6358333333,0.4238385309,0.6642391205,10.9287079,-12.52663967,4.97305189,1,1
3,0,4,8.20625,0.5646891045,5.06812403,-45.06314855,-8.824978846,3.89820094,1,1
3,0,5,0.36625,0.4891747756,0.2396294316,5.739424062,-8.170412217,3.18742415,1,1
3,0,6,2.0075,0.5298144002,1.315689573,-21.00420129,-10.30580336,2.68899774,1,1
3,0,7,19.69318182,1.019452636,19.93493933,-90.04190085,-13.64872574,2.32232503,1,0
3,0,8,0.6433333333,0.9548932459,0.674209201,-4.203723121,-16.21203479,2.04214369,1,1
3,0,9,6.878947368,1.09626983,8.393280851,-56.70782174,-16.61942833,1.82147770,1,1
3,0,10,5.442272727,0.8173403501,6.583730684,-50.2356008,-14.68034658,1.64338199,1,1
3,0,11,6.1355,0.9548759082,6.999306995,-52.76837567,-11.29270273,1.49672680,1,1
3,0,12,-0.05347826087,0.8484584041,2.339036913,-30.19663012,-7.829950002,1.37392140,1,1
3,0,13,1.506521739,0.9253624437,1.317397843,-22.77730552,-5.412127607,1.26962090,1,1
3,0,14,0.1465217391,1.220673469,0.4285694097,-12.59058835,-4.447610669,1.17995772,1,1
3,0,15,0.2557894737,1.135517327,0.7661361572,-17.24641595,-4.616085606,1.10206675,1,1
3,0,16,0.6695,1.371055965,0.08046130205,-2.534252412,-5.201258144,1.03378172,1,1
3,0,17,-0.5071428571,1.401350054,0.6761128447,-15.83545787,-5.525543906,0.97343521,0,1
3,0,18,-1.130952381,1.154825526,0.2100995786,-7.737055593,-5.248699623,0.91972334,0,1
3,0,19,-0.2875,1.145889317,0.04891123348,0.8873851242,-4.422874774,0.87161211,0,1
3,0,20,-1.137727273,1.227167672,0.03057224796,-1.229788398,-3.347693397,0.82827121,0,1
3,0,21,0.3176190476,1.270258781,0.08550103949,-5.479459513,-2.355377363,0.78902635,0,1
3,0,22,-3.603,1.322597539,0.06406737678,-4.891844227,-1.650688089,0.75332431,0,1
3,0,23,-0.4564285714,1.680415401,0.004409959684,0.4876507295,-1.26370028,0.72070701,0,1
4,-2,0,399.136,21.11623754,16.28537146,-44.25211979,69.40603067,9.79750000,1,1
4,-2,1,430.9015789,16.56902452,634.3587649,510.4646857,57.85836447,8.43881915,1,1
4,-2,2,112.6695238,4.174842265,273.8276377,336.3020023,28.73290585,6.33519925,1,1
4,-2,3,3.45,0.5375973117,1.285186909,22.72431713,-4.277965058,4.82023768,1,0
4,-2,4,149.5670833,5.170375467,76.98467749,-177.0234833,-26.30162915,3.82327895,1,0
4,-2,5,55.49043478,2.080758368,26.43186994,-100.8932574,-28.59016745,3.14607341,1,1
4,-2,6,5.9025,0.6172050871,6.197060498,-49.26543355,-12.29524407,2.66403058,1,1
4,-2,7,1.347,0.6262078329,1.534522963,21.66700822,12.99889783,2.30618507,1,1
4,-2,8,156.1635,6.02634095,139.0911103,238.0327152,34.76472366,2.03114305,1,1
4,-2,9,81.28625,3.705618306,73.62264642,169.4423999,43.81331156,1.81365876,1,1
4,-2,10,24.87647059,1.57756023,27.68687184,100.3384526,38.09434643,1.63763274,1,1
4,-2,11,4.654,0.958404211,5.564030443,42.54642651,22.46527495,1.49237958,1,1
4,-2,12,1.479130435,0.8705366313,4.019542086,40.56275548,5.193574236,1.37055654,1,1
4,-2,13,-0.06304347826,0.9617275782,0.1030758778,0.807508172,-6.498625473,1.26696424,1,1
4,-2,14,1.462727273,1.104649007,1.02063325,-18.29812845,-9.476700115,1.17782419,1,1
4,-2,15,-0.08,1.109858367,0.6449307101,-15.55295156,-5.140611677,1.10032785,1,1
4,-2,16,1.373684211,1.164322113,0.9917852035,20.17709945,2.347748365,1.03234603,1,1
4,-2,17,0.1244444444,1.22726573,0.4381559913,10.35555319,8.663435978,0.97223627,0,0
4,-2,18,2.529545455,1.1555528,0.8519801619,15.06861289,11.2871158,0.91871191,0,1
4,-2,19,0.40375,1.172700172,1.359465319,21.53999824,10.08103221,0.87075110,0,1
4,-2,20,0.1442857143,1.606453291,0.6995399566,15.73000481,6.603562883,0.82753226,0,1
4,-2,21,1.5205,1.358760363,0.05831419852,4.003808206,2.868945793,0.78838746,0,1
4,-2,22,2.296111111,1.457204537,0.01067467695,-2.084479727,0.3099840825,0.75276822,0,1
4,-2,23,0.6991666667,1.774305224,0.006065802994,1.453922578,-0.6401219266,0.72022003,0,1
4,-1,0,142.8704545,5.115462199,58.62320199,-154.4200734,-23.33088951,9.41313352,1,0
4,-1,1,49.57846154,1.377201042,3.811243239,36.03617227,-16.94234168,8.18946577,1,1
4,-1,2,37.1575,1.055304755,2.644465157,-33.1589859,-0.8355431765,6.22763512,1,1
4,-1,3,2.449791667,0.2946764351,5.368961087,-43.94756039,17.38796407,4.77234672,1,1
4,-1,4,1.370625,0.3656052989,12.26357285,65.07998783,29.44135223,3.79924879,1,1
4,-1,5,74.88354167,1.893492293,44.33500042,132.368227,30.39748774,3.13264338,1,1
4,-1,6,14.71958333,0.5666736749,16.93049593,81.30710143,20.8087304,2.65586147,1,1
4,-1,7,5.671904762,0.5189544611,4.165699766,-41.20425612,5.943718758,2.30087940,1,0
4,-1,8,7.177727273,0.5387668618,10.47517904,-65.62096619,-7.213497688,2.02751548,1,1
4,-1,9,15.63176471,0.8164895531,14.3698095,-76.14308436,-13.44313765,1.81107474,1,1
4,-1,10,1.39975,0.5812154291,1.155819165,-18.70713634,-11.44184524,1.63572969,1,1
4,-1,11,0.7992682927,0.5942877,0.5063158299,14.01651573,-3.76662328,1.49093890,1,1
4,-1,12,0.4364285714,0.6282928225,0.4805991599,13.20946214,5.045887678,1.36944040,1,1
4,-1,13,0.3704761905,0.6696324338,1.451533339,22.00640106,10.93716074,1.26608238,1,1
4,-1,14,1.521276596,0.698030632,1.970172333,25.96963979,12.05230836,1.17711558,1,1
4,-1,15,-0.3934210526,0.7863408895,0.8156229931,16.04248043,9.053987042,1.09975005,1,1
4,-1,16,0.883,0.7965241679,0.4640943534,13.24691957,4.195623008,1.03186880,1,0
4,-1,17,1.000789474,1.103670611,0.04223384579,-4.190582212,-0.1009982833,0.97183761,0,1
4,-1,18,0.6055555556,0.974704387,0.1823126196,-8.383359789,-2.359985288,0.91837551,0,1
4,-1,19,0.524375,0.8038566436,0.1686067301,-8.019382613,-2.416089354,0.87046467,0,1
4,-1,20,0.09333333333,0.980577745,0.06437522779,-5.062177967,-1.075799796,0.82728638,0,1
4,-1,21,-0.9229268293,0.9349035013,0.004323596489,-1.222038651,0.5526591996,0.78817484,0,1
4,-1,22,0.6307692308,0.977267723,0.02439831435,2.729561123,1.643256679,0.75258313,0,1
4,-1,23,0.09821428571,1.15172702,0.0721160103,5.134387055,1.908290942,0.72005792,0,1
4,0,0,639.08,30.81391883,1071.24305,665.1192868,57.45988089,8.48488389,1,1
4,0,1,87.78095238,3.258017357,7.870398523,-32.10486027,47.3678986,7.55609593,1,1
4,0,2,45.4245,1.80512188,49.39873571,141.6723858,21.93243208,5.93509837,1,1
4,0,3,69.45958333,2.466736485,31.53610613,114.3400594,-6.840303754,4.63680870,1,1
4,0,4,1.6675,0.4718817604,4.504868313,-34.67067858,-25.92627888,3.72978892,1,1
4,0,5,76.50375,2.73669791,46.79375146,-136.7524726,-27.6959756,3.09336230,1,1
4,0,6,16.01958333,1.01721335,16.61175527,-82.07713381,-13.21293503,2.63179780,1,1
4,0,7,36.9695,1.640192748,32.23242829,115.4456983,9.079153851,2.28517945,1,1
4,0,8,11.85916667,0.8767119726,18.91541853,84.11125364,28.19507252,2.01674831,1,1
4,0,9,91.020625,4.106148734,88.81488675,188.8019135,36.12237662,1.80338845,1,1
4,0,10,17.989,1.208827531,21.48603214,89.27410725,31.13341922,1.63006010,1,1
4,0,11,3.206363636,0.8899906477,3.268618206,32.4344782,17.5469898,1.48664177,1,1
4,0,12,-0.4594736842,0.9215222863,0.6474726171,16.20063255,2.630065252,1.36610827,1,1
4,0,13,1.06047619,0.9678231529,0.3340981338,-9.244074388,-7.317577694,1.26344782,1,1
4,0,14,0.8783333333,0.9704870627,1.530764123,-23.33363166,-9.612927617,1.17499740,1,1
4,0,15,-0.86,1.179987893,0.07577190854,-0.8586077675,-5.548631867,1.09802207,1,1
4,0,16,1.659,1.345690568,0.4910905084,-14.24422657,1.190695089,1.03044105,1,1
4,0,17,3.073636364,1.130572151,1.310371587,22.33129504,6.818122541,0.97064455,0,1
4,0,18,2.570909091,1.30985755,1.375223893,22.0962705,9.160231448,0.91736852,0,1
4,0,19,2.841666667,1.188816522,0.6164917366,13.79263554,8.139502625,0.86960706,0,1
4,0,20,0.4254545455,1.55550311,0.2353630062,8.448553193,5.15204313,0.82655006,0,1
4,0,21,-0.1622727273,1.288014165,0.09766923175,6.06239608,1.970316794,0.78753802,0,1
4,0,22,-0.5585,1.399080234,0.002359866644,0.9774127511,-0.162711423,0.75202868,0,1
4,0,23,-0.5938461538,1.691570469,0.1229592436,-7.096990608,-0.8884264286,0.71957225,0,1
5,-2,0,12.11458333,0.5711772673,66.10146449,165.2429541,-13.99818653,7.78626346,1,1
5,-2,1,33.40046512,0.9162944751,69.93177728,-169.9983676,-13.97571385,7.05008866,1,1
5,-2,2,20.68139535,0.6337511834,47.1663055,-139.3893793,-13.9250141,5.68025763,1,1
5,-2,3,15.31822222,0.5414112021,11.13736183,-66.6424044,-13.87204099,4.51219942,1,1
5,-2,4,4.362916667,0.3634113305,0.6099194983,-7.95512938,-13.80108213,3.66400456,1,1
5,-2,5,1.699791667,0.3614800666,3.358907991,-34.81117572,-13.62493615,3.05552277,1,1
5,-2,6,3.585,0.4311349034,3.610848621,-36.43806413,-13.21147074,2.60837659,1,1
5,-2,7,-0.10575,0.4362861751,0.4101705556,-3.925692988,-12.45946785,2.26979657,1,1
5,-2,8,8.506818182,0.6480959079,9.449277621,-61.65959537,-11.37624313,2.00615087,1,1
5,-2,9,1.587777778,0.5505950064,1.599762521,-23.73865744,-10.10194656,1.79579919,1,1
5,-2,10,1.909189189,0.7755913542,3.21283704,-35.47155197,-8.857412341,1.62444906,1,1
5,-2,11,2.529772727,0.5938274364,2.271941023,-29.72767756,-7.84186623,1.48238158,1,1
5,-2,12,1.027560976,0.6356546322,1.713672057,-25.72919861,-7.139538634,1.36280035,1,1
5,-2,13,0.1509090909,0.6590342844,0.6982898809,-15.67745098,-6.688612475,1.26082964,1,0
5,-2,14,1.340638298,0.8105903677,0.5450393124,-13.66484695,-6.327150464,1.17289061,1,1
5,-2,15,-0.295,0.7994005748,0.2982419475,-9.457511322,-5.885367237,1.09630222,1,1
5,-2,16,1.946216216,0.8339854327,0.8452715454,-17.99704936,-5.2704085,1.02901922,1,1
5,-2,17,-0.4694871795,0.8344534878,0.07191897787,-3.10941267,-4.500342569,0.96945588,0,1
5,-2,18,0.5719565217,0.9829393767,0.04323319031,-2.112133665,-3.6777498,0.91636483,0,1
5,-2,19,0.640625,0.8061411425,0.07270181833,-4.65614889,-2.927030024,0.86875197,0,0
5,-2,20,-0.5218604651,0.8837938464,0.0518256182,-4.014241185,-2.334021527,0.82581570,0,1
5,-2,21,1.455116279,0.9808944193,0.01324474377,-1.354449919,-1.917257078,0.78690273,0,1
5,-2,22,0.932,1.251264087,0.009764189021,-1.175396375,-1.63731038,0.75147545,0,1
5,-2,23,-1.041666667,1.229223516,0.04010204387,-3.826191552,-1.429864551,0.71908756,0,1
5,-1,0,3.596666667,0.3454701909,3.79704922,35.32069077,-18.226138,7.40621385,1,1
5,-1,1,9.30025,0.4008282271,0.5056711115,-0.3472743418,-14.50039078,6.76425272,1,1
5,-1,2,28.23923077,0.8543148402,54.32796622,-150.2556636,-5.110157113,5.52753710,1,1
5,-1,3,13.085,0.4810330232,3.226490093,-36.22169726,5.509417839,4.43449940,1,1
5,-1,4,21.16583333,0.651940413,9.000956519,59.89625629,12.53959105,3.62203409,1,1
5,-1,5,0.3708333333,0.3779086761,1.791434118,23.92807056,13.14399591,3.03105448,1,1
5,-1,6,7.12893617,0.4495092641,4.326421434,41.72293689,7.693016163,2.59310543,1,1
5,-1,7,1.728421053,0.5675537744,1.435031128,24.42407842,-0.7084519331,2.25971223,1,1
5,-1,8,1.568181818,0.46895859,1.359817175,-22.4008793,-7.996607328,1.99917802,1,1
5,-1,9,9.963235294,0.7828881491,13.71133738,-74.69580541,-11.18346417,1.79079260,1,1
5,-1,10,2.626486486,0.6193894706,2.896150866,-33.36089915,-9.590592514,1.62074040,1,1
5,-1,11,0.07720930233,0.5770289057,0.06646650337,-2.194355763,-4.778897204,1.47956172,1,1
5,-1,12,-0.3935714286,0.6273353196,0.05816423898,-4.884870859,0.5804971034,1.36060837,1,1
5,-1,13,1.03673913,0.6658252701,0.3130560738,10.63188731,4.148298817,1.25909320,1,1
5,-1,14,-0.2804347826,0.772888175,0.6266346556,15.38355191,4.904542726,1.17149236,1,1
5,-1,15,1.022045455,0.728369911,0.1297995126,6.567324299,3.29737599,1.09516013,1,1
5,-1,16,-1.808536585,0.7834767387,0.06093373137,4.989882549,0.6724922186,1.02807459,1,1
5,-1,17,0.05744186047,0.7810505538,0.03566440015,-3.518793051,-1.5671919,0.96866586,0,1
5,-1,18,-0.04727272727,0.9101198353,0.1678266014,-7.941157235,-2.600276604,0.91569754,0,1
5,-1,19,0.355,0.834756142,0.1605054027,-7.818674216,-2.376089662,0.86818332,0,1
5,-1,21,-1.142619048,0.9375765743,0.0004129128703,0.2757599211,-0.3094297929,0.78648006,0,1
5,-1,22,0.3902564103,0.9888974728,0.003126599256,1.062229735,0.4152998251,0.75110731,0,0
5,-1,23,0.3917391304,1.294836627,0.009335591622,1.86569411,0.6349894541,0.71876497,0,1
5,0,0,165.3841667,8.036092714,404.9051239,-410.4344936,-1.50815554,6.78790711,1,1
5,0,1,16.12045455,0.7308495849,14.82500551,78.38206163,-4.911382267,6.28346666,1,1
5,0,2,53.13052632,2.159501071,19.67585474,89.46169143,-13.51467883,5.25574946,1,1
5,0,3,30.30318182,1.241617181,18.64850753,-84.94486604,-23.3020998,4.29042830,1,1
5,0,4,189.3640909,6.833852945,72.23574413,-170.7735674,-29.82797471,3.54224598,1,1
5,0,5,1.98625,0.6073483626,10.98516217,-60.41932992,-30.32863747,2.98383113,1,1
5,0,6,14.05125,0.8657130998,10.35231318,-60.72372544,-24.8929146,2.56335088,1,1
5,0,7,26.6315,1.303261965,25.62648022,-101.9818658,-16.16996415,2.23994033,1,0
5,0,8,1.133043478,0.8884677121,0.4115996161,10.44234847,-7.886781118,1.98544771,1,1
5,0,9,-0.2172222222,0.8019049465,0.3113690963,-10.97101432,-3.029917015,1.78090376,1,1
5,0,10,-0.6571428571,0.7819025869,0.5151955868,-14.40425076,-2.61956151,1.61339865,1,1
5,0,11,0.1227272727,0.8042331186,2.172365325,-29.5399114,-5.58527921,1.47396995,1,1
5,0,12,1.246842105,0.9161667402,1.023880966,-18.25599072,-9.628050097,1.35625596,1,0
5,0,13,0.4847619048,1.272582792,2.432048258,-29.25730165,-12.48406154,1.25564174,1,1
5,0,14,0.9790909091,1.33391052,2.553959598,-29.92965196,-12.91425678,1.16871081,1,1
5,0,15,2.01047619,1.265259333,2.181848002,-28.04465096,-11.01110719,1.09288662,1,1
5,0,16,-0.7945,1.117655918,0.2831465207,-7.513611813,-7.83245356,1.02619311,1,1
5,0,17,1.575909091,1.124819086,0.4686367454,-13.15056275,-4.694323082,0.96709158,0,1
5,0,18,-1.797619048,1.133942513,0.02958162761,-2.423173782,-2.536832035,0.91436731,0,1
5,0,19,0.07181818182,1.302561352,0.0481153667,4.164739611,-1.634962143,0.86704935,0,1
5,0,20,1.822727273,1.29189233,0.007465400315,0.5063876172,-1.688050348,0.82435284,0,1
5,0,21,1.853478261,1.261431809,0.06747370288,-4.849724548,-2.133604418,0.78563676,0,0
5,0,22,-1.717777778,1.457149784,0.06703679551,-4.666476597,-2.472714916,0.75037265,0,1
5,0,23,1.226666667,1.765596571,0.01744939377,-1.107044731,-2.456457777,0.71812111,0,1
6,-3,0,33.55,1.747116275,94.7422599,-198.1809383,-11.88941731,6.53166667,1,1
6,-3,1,27.83909091,1.114604959,0.376291886,-11.72181497,-4.376460635,6.07857234,1,1
6,-3,2,91.83409091,3.353386225,214.928278,298.6780319,14.53500608,5.13407384,1,0
6,-3,3,229.79625,7.910333146,116.629187,217.3456675,35.83084828,4.22346617,1,1
6,-3,4,2.314583333,0.5054012089,6.581501469,16.41747678,49.68568371,3.50427970,1,1
6,-3,5,16.48958333,0.8557472959,18.13996346,70.85771826,50.26156256,2.96103238,1,1
6,-3,6,20.965,0.9844801752,23.63085003,91.49005752,38.22389471,2.54885263,1,1
6,-3,7,0.11,0.6676950402,1.728513385,18.04457456,19.83765768,2.23024704,1,1
6,-3,8,4.517619048,0.7357558934,6.888053597,-53.42401569,3.408039662,1.97868779,1,1
6,-3,9,2.248181818,0.8205318823,1.324269393,-22.9661094,-4.849068464,1.77602039,1,1
6,-3,10,0.5894736842,0.8487233184,0.5938003522,15.35361105,-3.36367196,1.60976499,1,1
6,-3,11,0.7954166667,0.7904462084,1.748356529,26.53041453,4.850987435,1.47119773,1,1
6,-3,12,3.864285714,1.03006185,5.661936149,46.34083729,14.42729931,1.35409536,1,1
6,-3,13,4.178695652,0.9651071226,4.99971662,40.71140715,20.55938659,1.25392662,1,1
6,-3,14,3.6545,1.47198496,6.948075721,49.4721522,21.05274916,1.16732744,1,1
6,-3,15,3.537391304,1.087595204,6.036934015,47.25204076,16.69972434,1.09175516,1,1
6,-3,16,-1.928,1.285564713,0.7750111147,14.79095254,10.18170978,1.02525624,1,1
6,-3,17,0.3304545455,1.12816548,0.08317910111,-3.925743554,4.381185433,0.96630732,0,1
6,-3,18,1.826086957,1.137458448,0.06023957641,-4.893231433,1.057667285,0.91370436,0,0
6,-3,19,0.7622727273,1.188881689,0.0006063363706,-0.2863651201,0.4126235899,0.86648403,0,1
6,-3,20,-0.12625,1.185436877,0.005612164606,-0.3374596762,1.490313367,0.82386695,0,1
6,-3,21,-0.9336363636,1.257436721,0.0236334185,0.9966889197,2.973075268,0.78521613,0,1
6,-3,22,0.9452941176,1.567930004,0.1027533589,5.265837021,3.875690981,0.75000613,0,0
6,-3,23,1.195555556,2.295463589,0.09792901595,5.090385751,3.851084175,0.71779982,0,1
6,-2,0,18.09608696,0.7667860651,13.26988033,-68.85147126,27.93460448,6.41396934,1,1
6,-2,1,44.44,1.163939882,3.773266798,33.15847065,21.68788993,5.98336610,1,1
6,-2,2,7.9975,0.3929977236,0.4823700536,-12.83651853,5.992615116,5.07632169,1,1
6,-2,3,1.417608696,0.3925726106,3.381243651,35.6628028,-11.61524755,4.19113981,1,1
6,-2,4,7.135416667,0.4456354494,5.541720089,42.14546367,-23.00792838,3.48574869,1,1
6,-2,5,9.8875,0.4709189635,6.071495295,-44.42193342,-23.50972199,2.94982725,1,1
6,-2,6,8.690416667,0.471111367,12.293267,-70.14524473,-13.93545062,2.54169515,1,1
6,-2,7,-0.2081818182,0.4721132681,0.3246515041,-11.61788792,0.3071025203,2.22544735,1,1
6,-2,8,22.9247619,0.8535524671,21.35923279,93.45865768,12.32400454,1.97533363,1,1
6,-2,9,14.32026316,0.8886980013,15.51601123,78.47988126,17.21240738,1.77359371,1,1
6,-2,10,7.082564103,0.6657812167,5.724976461,46.72795568,14.08353401,1.60795734,1,1
6,-2,11,0.9595454545,0.5755724198,0.5059648029,13.29316374,5.81342575,1.46981747,1,1
6,-2,12,0.51425,0.6449192294,0.4593177347,-13.49700051,-2.987945655,1.35301893,1,1
6,-2,13,1.646595745,0.6447963172,1.563520666,-24.06164585,-8.457667407,1.25307169,1,1
6,-2,14,1.344545455,0.7052859506,2.375622829,-30.09467526,-9.092661657,1.16663759,1,1
6,-2,15,1.652222222,0.7688278425,1.580808927,-24.9615152,-5.883059771,1.09119075,1,1
6,-2,16,-0.01047619048,0.7763111212,0.007602972658,1.277627894,-1.237273472,1.02478877,1,1
6,-2,17,0.735952381,0.8077582989,0.30324142,10.95396952,2.484476835,0.96591590,0,1
6,-2,18,1.166444444,0.8366054037,0.4214514425,12.61746186,4.017762719,0.91337343,0,1
6,-2,19,0.4456818182,0.8527789103,0.2134323729,8.77534617,3.433768915,0.86620178,0,1
6,-2,20,0.1306666667,0.8706483465,0.06799380258,5.043017845,1.690104108,0.82362432,0,1
6,-2,21,-1.380454545,0.8951507813,0.000586352028,0.4866482806,-0.08439356828,0.78500606,0,1
6,-2,22,1.727435897,0.9883683659,0.0271581455,-3.159466467,-1.147511222,0.74982307,0,1
6,-2,23,-0.7185,1.427218449,0.0139691423,-2.008438641,-1.333403872,0.71763934,0,1
6,-1,0,17.12208333,0.7436669767,66.23370689,-165.5204386,-12.61690485,6.09572054,1,1
6,-1,1,2.821304348,0.3012475844,1.649288621,25.45776725,-6.170928109,5.72252752,1,1
6,-1,2,92.73547619,2.460686732,65.21351686,164.4099099,10.05676251,4.91409895,1,1
6,-1,3,64.36886364,1.710319116,35.47364549,118.133672,28.33845464,4.09844009,1,1
6,-1,4,8.7525,0.4409815876,6.966593518,35.74902291,40.25448656,3.43187126,1,1
6,-1,5,24.35617021,0.7566033135,29.86499338,103.7297902,40.80822811,2.91696001,1,1
6,-1,6,21.65534884,0.7493178798,19.98979245,85.91577726,30.57993144,2.52057917,1,1
6,-1,7,-0.08357142857,0.4653463762,0.7176315797,8.671320941,14.94574241,2.21123209,1,1
6,-1,8,1.130714286,0.5885885786,0.5232858823,-14.71965707,1.020864971,1.96537255,1,1
6,-1,9,1.017777778,0.7083841563,0.4919506068,-13.04164908,-5.881239186,1.76637295,1,1
6,-1,10,1.235952381,0.564704235,0.1782805193,-7.382555092,-4.435154689,1.60257072,1,0
6,-1,11,-0.19075,0.696907674,0.01833428695,-0.12562909,2.75900445,1.46569989,1,1
6,-1,12,2.779555556,0.6829205668,3.220309214,34.88160874,11.0935515,1.34980496,1,0
6,-1,13,2.793617021,0.6678149271,4.127430839,38.03210934,16.45465221,1.25051735,1,1
6,-1,14,3.569512195,0.7460488028,5.296205852,43.7643844,16.97464481,1.16457538,1,1
6,-1,15,2.212857143,0.896695915,3.234414194,34.16943434,13.34584492,1.08950275,1,1
6,-1,16,0.5194871795,0.7888156803,0.6588684402,14.56500289,7.872712622,1.02339017,1,1
6,-1,17,-0.2822222222,0.7691926824,0.06673562768,-4.316025713,3.022738091,0.96474450,0,1
6,-1,18,1.446097561,0.8440750916,0.08979845544,-6.105207399,0.294346856,0.91238278,0,1
6,-1,19,0.02777777778,0.83099405,5.442741952e-05,-0.001502276448,-0.1504725834,0.86535670,0,1
6,-1,21,-0.3086363636,0.8923571546,0.01377233212,0.9368257739,2.202786245,0.78437688,0,1
6,-1,22,0.5347222222,1.147486521,0.04966808506,3.388306634,3.030434966,0.74927469,0,1
6,-1,23,0.42,1.461853318,0.08431432172,5.074764151,3.053738678,0.71715855,0,1
6,0,0,335.0208333,16.24064451,500.7749193,456.2830304,12.27567537,5.65658926,1,1
6,0,1,32.29904762,1.323828623,17.46391538,-84.85074304,8.131783086,5.35460105,1,1
6,0,2,551.3873684,21.24663724,155.8547706,-254.6322294,-2.241464193,4.67517687,1,1
6,0,3,68.64380952,2.62798212,33.39614459,-117.067934,-13.76217453,3.95673225,1,1
6,0,4,85.21,3.092865716,37.6420398,123.3709181,-20.9856767,3.34737312,1,1
6,0,5,6.212083333,0.6074113459,3.097277711,-29.22407032,-20.84611683,2.86454102,1,1
6,0,6,12.21409091,0.7759694017,13.42863599,-73.42164763,-14.0063692,2.48652595,1,1
6,0,7,0.6909090909,0.6227289317,0.09611224755,4.730756553,-4.196064997,2.18813355,1,1
6,0,8,1.063157895,0.946565059,1.731297958,-26.54801353,3.937107917,1.94910047,1,1
6,0,9,2.2715,0.8133553878,1.61823631,24.93280234,7.184321535,1.75453187,1,1
6,0,10,1.608571429,1.05127616,2.603812653,32.51661149,5.096389414,1.59371208,1,1
6,0,11,3.055263158,0.9094002773,3.593031921,38.66257495,-0.261200922,1.45891350,1,1
6,0,12,3.830454545,0.9013951537,2.553447502,-32.08358557,-5.743916453,1.34449887,1,1
6,0,13,1.706818182,0.9361095198,2.015395849,-27.58128674,-8.818614799,1.24629462,1,1
6,0,14,3.197142857,1.225919119,3.231350526,-35.64021911,-8.611734874,1.16116251,1,0
6,0,15,0.14,1.21710355,1.507927176,-24.33561354,-5.928191971,1.08670673,1,1
6,0,16,-1.918571429,1.092612588,0.2242408416,-9.339193189,-2.464497752,1.02107184,1,1
6,0,17,1.683181818,1.12655439,0.8572604653,18.88433493,0.2020287207,0.96280159,0,1
6,0,18,1.215454545,1.146494207,0.3361815593,11.75525816,1.296363695,0.91073885,0,1
6,0,19,1.939565217,1.206781477,0.04750046581,-4.340886177,0.9586646956,0.86395370,0,1
6,0,20,1.941428571,1.27658123,0.02479614041,-3.210229977,-0.1036024727,0.82169100,0,1
6,0,21,-0.9345454545,1.28044793,0.006561917493,1.216788073,-1.11780127,0.78333160,0,1
6,0,23,1.624,1.929461324,0.04916829029,-4.258146962,-1.524600037,0.71635936,0,1
7,-3,0,23.13583333,0.9340906526,9.217230849,61.62928026,-6.050993841,5.57962528,1,1
7,-3,1,23.51833333,0.6728676453,29.76799772,111.0839518,-6.721752504,5.28917916,1,1
7,-3,2,72.65934783,1.863765587,46.51370441,-138.8554997,-8.422818141,4.63144229,1,0
7,-3,3,184.6836957,4.609541088,83.34442404,-185.92346,-10.36807871,3.93011467,1,1
7,-3,4,8.422708333,0.4639046372,6.844878099,-52.07411387,-11.66464325,3.33121034,1,1
7,-3,5,1.889375,0.4340242793,1.482392945,21.89588403,-11.71803822,2.85439231,1,1
7,-3,6,1.09025,0.4387967942,1.532947358,22.97759152,-10.47880507,2.47987944,1,1
7,-3,7,-0.7946511628,0.4502177227,0.2624651289,-6.184839199,-8.422889403,2.18360011,1,1
7,-3,8,0.275,0.5640152793,0.3319595668,9.923459192,-6.29563914,1.94589429,1,1
7,-3,9,2.807380952,0.5435353429,3.257508141,-36.50476174,-4.761545002,1.75219210,1,1
7,-3,10,2.922,0.6303647906,2.471180124,-31.79684442,-4.133133637,1.59195791,1,1
7,-3,11,1.472195122,0.6071958445,0.5985853701,-15.18542906,-4.294320464,1.45756750,1,1
7,-3,12,0.2121428571,0.6321888603,0.3045444199,-10.16948567,-4.82553015,1.34344514,1,1
7,-3,13,-0.5723913043,0.6488883908,0.08668588933,-2.932017963,-5.241040029,1.24545520,1,0
7,-3,14,0.4,0.7544120738,0.1547470268,-6.101742343,-5.210610859,1.16048354,1,1
7,-3,15,0.6407142857,0.7486330703,0.3754385647,-11.59360631,-4.667721766,1.08615011,1,1
7,-3,16,-0.4752380952,0.7622642009,0.03870726023,1.350857868,-3.778775556,1.02061007,1,1
7,-3,17,-0.1675555556,0.8465286905,0.07651417421,-4.888051899,-2.817851566,0.96241442,0,1
7,-3,18,0.4040909091,1.034466767,0.09845600712,-6.071200147,-2.025501724,0.91041113,0,1
7,-3,19,2.486744186,0.8564744986,0.04880387184,-4.242403514,-1.518755667,0.86367392,0,1
7,-3,20,0.2593181818,0.9432052208,0.008582540033,-1.391108681,-1.278882096,0.82145029,0,1
7,-3,21,-1.771627907,0.9102683859,0.004843097566,-0.7572900826,-1.200607432,0.78312304,0,1
7,-3,22,0.2102702703,1.075999325,0.005340364784,-0.9324284057,-1.16293133,0.74818154,0,1
7,-3,23,0.1147058824,1.510922517,0.003967399829,0.6901988975,-1.083624613,0.71619984,0,1
7,-2,0,98.18869565,3.49876319,118.6087937,221.8783867,10.79702994,5.43467517,1,1
7,-2,1,19.50325581,0.6275534319,5.012328171,-45.34365933,5.413555198,5.16522145,1,0
7,-2,2,22.75046512,0.7225252049,0.9684431306,-18.32492842,-8.192246973,4.54753334,1,1
7,-2,3,27.03404762,0.8413997017,21.11196244,-90.68152496,-23.67249929,3.87845231,1,1
7,-2,4,83.84382979,2.130557197,37.1746186,-119.6147965,-34.0384234,3.29957493,1,1
7,-2,5,30.46895833,0.8808327174,30.22036368,-106.5230791,-35.0123479,2.83441436,1,1
7,-2,6,15.86317073,0.6429528336,13.95584445,-71.31209033,-26.84855545,2.46674478,1,1
7,-2,7,2.857954545,0.4690026454,1.282362352,-18.51677528,-13.80758722,2.17461711,1,1
7,-2,8,4.057631579,0.5440079028,4.578230441,-43.60819075,-1.753720532,1.93952910,1,1
7,-2,9,1.06195122,0.6457606802,0.8735060534,18.46721004,4.730747308,1.74754051,1,1
7,-2,10,0.08547619048,0.5688381094,0.2039783468,8.182534662,4.232055726,1.58846689,1,1
7,-2,11,-0.08825,0.7866943895,0.004629067181,-0.01558866125,-1.387680511,1.45488664,1,1
7,-2,12,0.6245238095,0.6569924261,0.6604899811,-14.27339374,-8.429933472,1.34134510,1,1
7,-2,13,1.892888889,0.6777108528,1.944531056,-25.10020341,-13.37879634,1.24378143,1,1
7,-2,14,0.4155,0.7361539836,2.72687821,-30.43894329,-14.4213296,1.15912914,1,1
7,-2,15,0.6802272727,0.7578184786,1.212005193,-19.07337667,-11.85137083,1.08503943,1,1
7,-2,16,1.426428571,0.8034114126,1.188697839,-20.96465207,-7.418567466,1.01968839,1,1
7,-2,17,0.6775,0.7756331058,0.02758792595,-1.15939543,-3.183334824,0.96164147,0,1
7,-2,18,0.7917073171,0.8309282525,0.02096468305,2.903690951,-0.5392867516,0.90975674,0,1
7,-2,19,-0.5373809524,0.8592976223,0.0001395866992,-0.149805749,0.1887659514,0.86311517,0,0
7,-2,20,-0.4279069767,0.9352812428,0.007059883988,-1.653992868,-0.4489286734,0.82096950,0,1
7,-2,21,-0.3456521739,0.8829184507,0.008011832345,-0.9686607183,-1.547572007,0.78270643,0,1
7,-2,22,0.4691891892,1.125719548,0.01908020717,-1.548759346,-2.353628917,0.74781822,0,1
7,-2,23,-0.3111764706,1.493074902,0.07648109425,-5.04144978,-2.530486154,0.71588113,0,1
7,-1,0,2.592083333,0.4942121454,1.12865182,-17.62486119,-12.60691091,5.17573065,1,1
7,-1,1,3.686666667,0.3296319233,5.638301953,-47.59042686,-8.996585366,4.94139112,1,1
7,-1,2,33.97341463,1.022217295,0.5007447158,14.43339606,0.09699641265,4.39254769,1,1
7,-1,3,8.355952381,0.5256060116,3.735725275,38.0381318,10.36003437,3.78095925,1,1
7,-1,4,0.3215217391,0.3634586275,0.8410206789,-7.580957282,17.10062941,3.23891719,1,1
7,-1,5,14.86583333,0.5679624049,5.325476764,43.67711944,17.54842335,2.79568544,1,1
7,-1,6,15.694,0.6443516606,16.4091875,81.74204497,12.04982672,2.44108965,1,1
7,-1,7,22.84130435,0.7909836904,14.22054052,76.83291546,3.617697476,2.15697878,1,1
7,-1,8,-0.8797142857,0.5393517651,0.4501074633,13.14988554,-3.787540765,1.92698391,1,1
7,-1,9,1.422439024,0.7267506014,1.364779142,-22.70364373,-7.235612281,1.73834740,1,1
7,-1,10,2.595681818,0.7277117687,3.594922073,-38.20001139,-6.033941185,1.58155320,1,1
7,-1,11,2.203846154,0.6222098536,2.043492508,-29.10993447,-1.672284082,1.44956899,1,1
7,-1,12,1.412142857,0.6231503242,0.3139763771,10.95320864,3.264279265,1.33717438,1,1
7,-1,13,0.3430952381,0.7091731365,0.863444613,17.80594408,6.494625496,1.24045403,1,1
7,-1,14,-0.007272727273,0.7183562959,1.387077878,22.97766243,7.008126039,1.15643453,1,1
7,-1,15,1.447,0.9159581784,1.238862744,22.09444169,5.220946653,1.08282824,1,1
7,-1,16,-0.8465116279,0.769336843,0.05066966702,3.894609359,2.431641221,1.01785250,1,1
7,-1,17,0.1425,0.8731518764,0.06803309063,-5.32022191,0.008081151143,0.96010114,0,1
7,-1,18,0.03404761905,0.8262028269,0.09700308617,-6.231164947,-1.237025213,0.90845220,0,0
7,-1,19,0.9151162791,1.033374702,0.008445995985,-1.407616331,-1.237954189,0.86200092,0,1
7,-1,20,-1.631395349,0.940864661,0.002232236395,0.8412026998,-0.4702007928,0.82001046,0,1
7,-1,21,-1.055813953,0.9128851973,0.00304864701,1.038745561,0.435180391,0.78187520,0,1
7,-1,22,-0.330625,1.074777321,0.0103721724,1.809862582,1.019650817,0.74709316,0,1
7,-1,23,2.2425,1.855074909,0.004671915795,0.8104858189,1.134389658,0.71524498,0,1
7,0,0,39.66583333,2.092500498,60.5145535,-155.7576698,30.27086192,4.84850508,1,1
7,0,1,77.06,2.733180287,30.134754,109.9161815,21.35056081,4.65426938,1,1
7,0,2,75.78136364,2.818359269,12.24452956,71.36418149,-1.195313147,4.18717557,1,1
7,0,3,21.64714286,1.049944249,7.696015457,49.80257655,-26.86246525,3.64759123,1,1
7,0,4,74.44045455,2.800003099,34.81897378,-111.9823704,-44.11585103,3.15389323,1,1
7,0,5,117.4666667,4.129700962,103.9535665,-202.8256024,-45.94709457,2.74045798,1,1
7,0,6,49.44263158,2.108731222,51.48776625,-142.6224861,-32.86416947,2.40406494,1,1
7,0,7,32.40541667,1.391450894,13.39781549,-73.69384186,-11.9712855,2.13130795,1,1
7,0,8,8.257222222,0.8586069323,4.926305127,44.71939535,7.052676368,1.90861434,1,1
7,0,9,1.720909091,0.7657399328,3.267244612,32.85084297,16.73746895,1.72482578,1,1
7,0,10,4.666666667,0.9581200177,6.811583266,51.10629611,14.90206651,1.57134986,1,1
7,0,11,2.071904762,0.8777358267,0.8636350866,18.34761622,4.761935471,1.44170072,1,1
7,0,12,-0.5104347826,1.00095221,0.4952082388,-12.23059376,-7.512754677,1.33099062,1,1
7,0,13,1.186818182,1.095462184,2.696969238,-29.34481403,-16.15371253,1.23551262,1,1
7,0,14,1.750454545,1.002214284,3.347377211,-32.53759847,-18.27468749,1.15242760,1,1
7,0,15,0.7559090909,1.224186214,3.587543197,-35.81954347,-14.4754854,1.07953666,1,1
7,0,16,0.9871428571,1.1008152,0.4284123568,-10.90026548,-7.708633269,1.01511716,1,0
7,0,17,0.7747826087,1.073357628,0.04167214982,-3.933895783,-1.364534025,0.95780446,0,1
7,0,18,-0.8016666667,1.091083814,0.04432741137,3.610333749,2.325443532,0.90650586,0,1
7,0,19,-0.9763636364,1.156348092,0.1492922189,7.324125864,2.910233668,0.86033761,0,1
7,0,20,0.133,1.30451284,0.04880055054,4.296486112,1.357730324,0.81857818,0,1
7,0,21,-0.5785714286,1.382065274,0.004104969446,-1.013717858,-0.8247594037,0.78063330,0,1
7,0,22,1.474375,1.538352279,0.07885796864,-5.191659837,-2.41973777,0.74600951,0,1
7,0,23,-1.26,2.52888535,0.03554496175,-2.507333248,-2.915747455,0.71429392,0,1
8,-4,0,3.641666667,0.6775630352,29.34373542,-110.4056981,-4.34694489,4.89875000,1,1
8,-4,1,242.6786364,8.741878214,137.0366584,-238.7065017,-5.711495983,4.69866005,1,1
8,-4,2,35.3925,1.370806484,3.713380556,-38.24729837,-9.059665662,4.21940957,1,1
8,-4,3,43.93347826,1.689979922,23.89564583,98.91172063,-12.57518352,3.66884123,1,1
8,-4,4,2.900416667,0.648632195,0.6757616727,8.620844145,-14.38152649,3.16759962,1,1
8,-4,5,1.1575,0.6396311352,6.180564216,-48.86519038,-13.54938906,2.74943553,1,1
8,-4,6,11.222,0.9769788556,17.99204059,-85.87545086,-10.53115753,2.41011884,1,1
8,-4,7,3.775454545,0.7822624329,1.687791343,-25.6076415,-6.81511767,2.13552282,1,1
8,-4,8,1.203529412,0.7936665385,0.06159245446,-3.030721605,-4.054621884,1.91163947,1,1
8,-4,9,1.790454545,0.9963647078,3.391817716,37.42844288,-3.203190591,1.72705748,1,1
8,-4,10,-0.364,1.061511683,0.4426902477,-12.92859964,-4.126786986,1.57303671,1,1
8,-4,11,2.319047619,0.8748454998,4.080375798,-40.78621012,-5.839946115,1.44300321,1,1
8,-4,12,-0.8433333333,1.015388111,0.3342874421,-9.3812821,-7.14633903,1.33201529,1,1
8,-4,13,2.608095238,1.004382799,2.256213375,-29.76142446,-7.276254803,1.23633209,1,1
8,-4,14,-0.04904761905,1.176137323,2.513443701,-31.74036772,-6.185039659,1.15309253,1,1
8,-4,15,1.000555556,1.409244101,0.2596425549,-9.405458348,-4.422707008,1.08008317,1,1
8,-4,16,0.246,1.092780284,0.1087553142,-6.146300356,-2.733147547,1.01557152,1,1
8,-4,17,-2.625454545,1.390958237,0.01289809793,1.62512742,-1.650802801,0.95818610,0,1
8,-4,18,-1.595652174,1.111771352,0.01154216654,-1.762862531,-1.301682086,0.90682938,0,1
8,-4,19,1.6145,1.286481636,0.005606192288,0.4568990143,-1.457282232,0.86061416,0,1
8,-4,20,-0.01157894737,1.474656916,0.007683458145,0.3865937392,-1.745625832,0.81881637,0,1
8,-4,21,-2.139473684,1.319549155,0.0168778753,-1.87858453,-1.868923653,0.78083987,0,1
8,-4,22,1.525882353,1.522607829,0.03566509655,-3.447860459,-1.717714463,0.74618979,0,1
8,-4,23,-2.108571429,2.294948757,0.05625285828,-4.643319446,-1.357683454,0.71445217,0,1
8,-3,0,17.04541667,0.8258767803,0.684192476,-16.68269516,-2.518438721,4.84850508,1,1
8,-3,1,0.828125,0.3766648218,2.5745497,-32.3757694,4.789369368,4.65426938,1,1
8,-3,2,78.71155556,2.045636404,79.7260413,180.64754,23.15353778,4.18717557,1,1
8,-3,3,387.3015556,9.701596315,187.8363822,276.1078857,43.7358104,3.64759123,1,1
8,-3,4,168.2095652,4.221471094,107.9971735,204.1853006,56.92140129,3.15389323,1,1
8,-3,5,10.53,0.5843333132,19.3420974,69.24219513,57.03245675,2.74045798,1,1
8,-3,6,15.5935,0.6455544613,18.09272016,74.30888712,44.78364507,2.40406494,1,1
8,-3,7,19.85023256,0.7815304638,11.63394701,64.38148246,26.36797446,2.13130795,1,1
8,-3,8,-0.07823529412,0.5258295473,0.4349659219,-9.065491667,9.938926162,1.90861434,1,0
8,-3,9,-0.3627906977,0.5097777859,0.0071809561,-0.7588240075,1.552992895,1.72482578,1,1
8,-3,10,2.311363636,0.5590114966,3.08957928,35.75207926,2.681941083,1.57134986,1,1
8,-3,11,5.319047619,0.661774696,5.431321723,46.4042133,10.31131308,1.44170072,1,1
8,-3,12,1.704666667,0.6247480785,2.30364817,24.31712877,19.15981543,1.33099062,1,1
8,-3,13,5.491521739,0.7666362922,7.486534966,50.12012916,24.55011231,1.23551262,1,1
8,-3,14,9.683953488,0.8177169143,10.73928623,62.229978,24.40196843,1.15242760,1,1
8,-3,15,5.521219512,0.8717854678,4.866425235,40.51921668,19.56642317,1.07953666,1,1
8,-3,16,0.9379545455,0.7461168759,0.5703658094,8.692805079,12.71742808,1.01511716,1,1
8,-3,17,0.667826087,0.7664052354,0.2400679485,7.430878142,6.682897362,0.95780446,0,1
8,-3,18,-0.2559090909,0.8958368782,0.2146243305,8.907279135,3.15495733,0.90650586,0,1
8,-3,19,0.104,0.8944501104,0.05541686871,4.222538052,2.286062764,0.86033761,0,1
8,-3,20,0.0695,0.9073525018,0.02884488,1.536070308,3.105037167,0.81857818,0,1
8,-3,21,-0.4002222222,1.009341544,0.08656190895,4.176867558,4.308993608,0.78063330,0,1
8,-3,22,0.1275,1.02548878,0.1365661761,5.691363522,4.942272206,0.74600951,0,1
8,-3,23,0.9738461538,2.16026338,0.1080280415,4.795457583,4.684881209,0.71429392,0,0
8,-2,0,136.5775,4.731309023,95.04871575,-198.6271158,-9.581796743,4.70656676,1,1
8,-2,1,15.60604167,0.5690550475,5.732120541,47.74189837,-10.27283656,4.52828506,1,1
8,-2,2,37.09622222,1.052351793,30.86395561,-112.688606,-11.91940258,4.09473289,1,1
8,-2,3,40.58209302,1.161201658,24.78573378,-100.6469558,-13.49706022,3.58599039,1,1
8,-2,4,2.204782609,0.4105677393,1.636551643,-22.02604552,-13.99044065,3.11381756,1,1
8,-2,5,1.474583333,0.427369693,0.5735307174,-8.376664865,-12.9786774,2.71404397,1,1
8,-2,6,12.03578947,0.6171281664,10.00727718,-63.60610183,-10.85086812,2.38617336,1,1
8,-2,7,28.13953488,0.934278932,21.6405677,-94.50109441,-8.543589374,2.11881154,1,1
8,-2,8,0.7017948718,0.4931668518,0.1204329552,1.13936283,-6.986227876,1.89962439,1,1
8,-2,9,1.462857143,0.537716681,1.982988517,-27.95462275,-6.599356318,1.71818223,1,1
8,-2,10,-0.01173913043,0.5486342555,0.3475021689,-9.68325223,-7.128194896,1.56632169,1,1
8,-2,11,0.6476315789,0.6341573465,0.3147218173,-8.309186529,-7.867391842,1.43781434,1,1
8,-2,12,0.5427272727,0.6061030004,0.6588508328,-14.43926797,-8.10056346,1.32793074,1,1
8,-2,13,1.953636364,0.8192206818,2.148687631,-28.94829301,-7.479776379,1.23306396,1,1
8,-2,14,1.465853659,0.7298812988,2.774435929,-33.41426172,-6.146322578,1.15043970,1,1
8,-2,15,2.884473684,0.794348415,1.218300611,-22.04451754,-4.572429479,1.07790208,1,1
8,-2,16,-0.4036170213,0.7598840182,0.3342393818,11.33221199,-3.261838667,1.01375774,1,1
8,-2,17,-0.2688636364,0.8500612598,0.01959677329,-1.384790573,-2.497097196,0.95666229,0,1
8,-2,18,0.9841463415,0.8963883479,0.1473759624,-7.498408472,-2.255859289,0.90553737,0,1
8,-2,19,-2.301025641,0.9272064027,0.07572896887,-5.120347833,-2.299716534,0.85950955,0,1
8,-2,20,-0.3386046512,0.8866147845,0.02031068847,-1.715872634,-2.346474223,0.81786485,0,1
8,-2,21,1.018095238,1.041173076,0.04200042534,-3.544542177,-2.215916803,0.78001457,0,1
8,-2,22,0.03303030303,1.077157518,0.03879455757,-3.548855683,-1.88305726,0.74546945,0,1
8,-2,23,-0.3081818182,1.874250925,0.005526264465,0.4756042403,-1.439783056,0.71381981,0,1
8,-1,0,20.11652174,0.9472759672,12.25191505,-70.83581618,-8.923845407,4.49540131,1,1
8,-1,1,9.296458333,0.4867570252,0.4276778845,13.0234838,-2.884806862,4.33928683,1,1
8,-1,2,15.08,0.6145337186,13.26753977,73.26970883,12.30622656,3.95339613,1,1
8,-1,3,0.1697619048,0.40894713,5.823532467,39.4909162,29.38229131,3.48991245,1,1
8,-1,4,62.23318182,1.679118564,42.62464991,126.8810068,40.43491241,3.05029079,1,0
8,-1,5,80.11978261,2.084067917,87.71026938,186.6220354,40.7876699,2.67166855,1,1
8,-1,6,40.2515,1.22883072,36.81884099,119.8178299,31.01583394,2.35722168,1,1
8,-1,7,5.235416667,0.5366125329,3.266736712,33.11698965,16.19797635,2.09846391,1,1
8,-1,8,0.24075,0.5831908677,0.318069052,11.09792765,3.027711558,1.88491937,1,1
8,-1,9,-0.1613636364,0.5123897785,0.1133300014,5.895876347,-3.519804162,1.70727821,1,1
8,-1,10,0.8566666667,0.5658089247,0.2561332502,-10.07831906,-2.233929354,1.55804762,1,1
8,-1,11,0.1255,0.6208370861,0.06224323708,2.541092977,4.40894924,1.43140629,1,1
8,-1,12,1.40952381,0.6364896734,1.085217582,17.49039918,12.06587229,1.32287749,1,1
8,-1,13,2.699761905,0.7821127829,4.640965415,40.5678032,16.88501558,1.22901502,1,1
8,-1,14,3.419761905,0.7776353035,5.30527662,43.74112285,17.14490968,1.14714926,1,1
8,-1,15,0.6723809524,0.7483729138,1.867298465,24.36707198,13.53240457,1.07519422,1,1
8,-1,16,-0.3392857143,0.7752633595,0.288954734,7.238422932,8.235496509,1.01150412,1,1
8,-1,17,1.23255814,0.8404163719,0.0478289164,2.669340902,3.574017371,0.95476771,0,1
8,-1,18,-0.4456818182,0.9052117946,0.1289553294,7.264180304,0.9396292802,0.90393010,0,1
8,-1,19,0.8854761905,0.8727957659,0.03774818072,3.935937368,0.4618857982,0.85813476,0,1
8,-1,20,0.746,0.9394447897,0.00441528169,-0.1463124158,1.347422911,0.81668009,0,1
8,-1,21,-0.7905,0.9936628659,0.01971592649,1.344744378,2.528710143,0.77898660,0,0
8,-1,22,-0.3706451613,1.093007288,0.06663293298,4.164749821,3.22135947,0.74457195,0,1
8,-1,23,0.4211111111,2.137547054,0.0736222499,4.542350396,3.161838242,0.71303172,0,1
8,0,0,26.00636364,1.75167207,57.42742598,153.1109744,-21.19958393,4.24244195,1,1
8,0,1,5.109166667,0.639962045,2.45390883,-24.82601201,-20.11481049,4.11048276,1,1
8,0,2,63.15909091,2.423798416,17.59513859,-83.79587619,-17.28063612,3.77804797,1,1
8,0,3,52.71578947,2.219304376,38.52560272,-125.8517416,-13.77400147,3.36751479,1,1
8,0,4,54.64318182,2.119927002,46.49703582,-138.660968,-10.86253814,2.96754919,1,1
8,0,5,18.26434783,0.9264849114,11.81459996,-69.46758144,-9.46890938,2.61554452,1,1
8,0,6,18.78619048,1.013608426,11.60166952,-68.77974386,-9.806289167,2.31840435,1,1
8,0,7,14.571,1.237161628,14.68359383,-77.33327492,-11.34020428,2.07093750,1,1
8,0,8,31.82894737,1.569272199,26.12664269,-103.4353526,-13.07618485,1.86489446,1,1
8,0,9,4.426086957,0.9845688326,4.677250183,-41.8245746,-14.02324723,1.69235556,1,1
8,0,10,-0.8675,0.8100564795,1.253024366,-18.33089797,-13.61222571,1.54668115,1,1
8,0,11,0.7752173913,0.7924990981,0.6225966235,-10.85102303,-11.88627381,1.42257727,1,1
8,0,12,-0.8208333333,0.8185388829,0.2227517278,-2.062780243,-9.403173822,1.31589890,1,1
8,0,13,0.2657142857,0.9670954948,2.635252673,-32.37858374,-6.928996031,1.22341292,1,1
8,0,14,2.770454545,1.008627965,2.898307636,-34.35002338,-5.089426722,1.14258973,1,1
8,0,15,-0.222,1.119888998,0.05251950928,-2.167880142,-4.141349343,1.07143726,1,1
8,0,16,-0.2828571429,1.118819024,0.1213070377,5.907497328,-3.945967632,1.00837415,1,1
8,0,17,-1.111428571,1.119628421,0.06470640537,-3.157482054,-4.117169274,0.95213411,0,1
8,0,18,2.10375,1.10957066,0.7788087986,-17.49342449,-4.242593319,0.90169422,0,1
8,0,19,1.0935,1.2804138,0.509246933,-13.97735089,-4.062425017,0.85622109,0,1
8,0,20,-1.7965,1.348081536,0.1198775961,-6.113053869,-3.53624739,0.81503005,0,1
8,0,21,-0.4209090909,1.33278261,0.0423227455,-3.128277667,-2.796791921,0.77755426,0,1
8,0,22,3.433333333,1.615472136,0.01294565924,-1.102857413,-2.041979968,0.74332089,0,1
8,0,23,-3.158,4.706021037,0.01217521726,-1.73703968,-1.431129375,0.71193277,0,1
9,-4,0,7.3425,0.6484832732,11.87319446,68.98343522,13.45617809,4.34551224,1,1
9,-4,1,88.84770833,2.230974277,53.04063445,148.3262654,8.161446187,4.20402085,1,1
9,-4,2,10.85479167,0.5361909252,1.503630559,-24.46388048,-5.205431051,3.85029195,1,1
9,-4,3,173.9030435,4.361254144,85.26866306,-187.2444647,-20.37426,3.41837296,1,1
9,-4,4,78.18446809,2.00480717,48.99367283,-139.4819505,-30.4689611,3.00217687,1,1
9,-4,5,7.953333333,0.4618935589,4.248260558,-28.03467161,-31.32929472,2.63916111,1,1
9,-4,6,1.206136364,0.4334873243,1.94852814,-16.37800999,-23.29025887,2.33480406,1,0
9,-4,7,6.914090909,0.5902910127,3.698313674,-37.76107733,-10.61912954,2.08260123,1,1
9,-4,8,0.2739534884,0.4881531624,0.06970571043,5.309596517,0.899386673,1.87339810,1,1
9,-4,9,0.6420454545,0.5315896798,0.1581085249,4.383796753,6.823678304,1.69870291,1,1
9,-4,10,-0.6041025641,0.6659446547,0.2342430859,7.925469015,5.885796728,1.55152195,1,1
9,-4,11,-0.274047619,0.6134862369,0.1506335655,7.916371411,0.03746805569,1.42634109,1,1
9,-4,12,-1.551666667,0.6239409622,0.1447319542,-3.295674681,-7.025206955,1.31887618,1,1
9,-4,13,0.6748780488,0.7002782654,0.9826438595,-16.36634839,-11.87293959,1.22580443,1,1
9,-4,14,0.8252272727,0.7958646081,1.859011798,-24.68094721,-12.81730817,1.14453715,1,1
9,-4,15,0.7912195122,0.8722236927,1.190496977,-19.75177731,-10.25512531,1.07304256,1,1
9,-4,16,0.7578571429,0.8358224291,0.1157580643,-3.529618676,-5.975144739,1.00971201,1,1
9,-4,17,0.6362790698,0.7988814178,0.03972074269,-3.535663626,-2.006165173,0.95326012,0,1
9,-4,18,0.1876086957,0.838665387,0.001079790621,-0.5811347131,0.3339519768,0.90265042,0,1
9,-4,19,-0.6923684211,0.9229754619,0.002520780918,-0.6409176038,0.798738315,0.85703966,0,1
9,-4,21,0.4544736842,0.9638940241,0.009564207351,-1.595326233,-1.197528604,0.77816715,0,1
9,-4,22,-0.0990625,1.080432585,0.01307490312,-1.155012507,-2.026251229,0.74385628,0,1
9,-4,23,5.046666667,2.829078177,0.01333340179,-0.8279759497,-2.204937831,0.71240313,0,1
9,-3,0,9.27,0.7081094009,0.14273626,-0.0736034698,-7.705795761,4.27597956,1,1
9,-3,1,1.0525,0.4356101024,0.3024490499,8.119644324,-7.739753734,4.14096499,1,1
9,-3,2,8.724347826,0.5094475223,3.899871246,-39.51463099,-7.817661354,3.80167558,1,1
9,-3,3,20.89232558,0.7214243993,11.37978669,-68.35545481,-7.876232114,3.38421446,1,1
9,-3,4,17.96913043,0.7014016213,17.64178673,-85.31336754,-7.836217014,2.97895827,1,0
9,-3,5,1.544166667,0.4391006518,0.1548429081,2.48113714,-7.633189017,2.62334614,1,1
9,-3,6,6.542272727,0.4851001537,7.971127541,57.13021922,-7.244703382,2.32383246,1,1
9,-3,7,5.6625,0.5354669691,5.650839124,48.02167815,-6.702367679,2.07480361,1,1
9,-3,8,1.41047619,0.5346204655,1.019797326,19.67965524,-6.082165509,1.86771613,1,1
9,-3,9,0.4363414634,0.6586855681,0.6793124769,-15.89470126,-5.475675699,1.69446344,1,1
9,-3,10,2.191363636,0.5688158281,3.281104312,-36.61339581,-4.954417828,1.54828971,1,1
9,-3,11,3.86325,0.6630559931,3.332090213,-36.95474384,-4.54382497,1.42382857,1,1
9,-3,12,0.5010416667,0.5764396606,0.1114270796,-5.343997297,-4.219048595,1.31688908,1,1
9,-3,13,-0.4451162791,0.6624018851,0.04047859283,-1.202191032,-3.923729406,1.22420854,1,1
9,-3,14,0.184,0.6789348015,0.05404777335,3.085109669,-3.601166982,1.14323776,1,1
9,-3,15,0.4939473684,0.7830705637,0.0298728593,1.431496717,-3.221687537,1.07197156,1,0
9,-3,16,-0.6376595745,0.7263233033,0.03161269279,-2.312831675,-2.793405106,1.00881951,1,1
9,-3,17,2.031777778,0.9743895934,0.1204525203,-6.676441916,-2.353463592,0.95250900,0,1
9,-3,18,-0.4976086957,0.82405567,0.1005186185,-6.166771775,-1.947098731,0.90201262,0,1
9,-3,19,-1.540465116,0.8536797396,0.007712219452,-0.7917629676,-1.606779905,0.85649368,0,1
9,-3,20,0.6122727273,0.86968489,0.004356769926,0.1152159775,-1.341393893,0.81526516,0,1
9,-3,21,-0.884047619,0.9133903106,0.003312604954,-0.2867425897,-1.138407388,0.77775840,0,1
9,-3,22,1.454516129,1.09691242,0.00474204458,-1.011189664,-0.9748842761,0.74349922,0,1
9,-3,23,1.53,2.087193165,0.00227216017,-0.5065339181,-0.8299061658,0.71208946,0,1
9,-2,0,406.1075,13.89826855,187.4986703,276.2796179,40.9567461,4.14637420,1,1
9,-2,1,1.295208333,0.4006275459,2.345471556,4.881819476,30.85432754,4.02292269,1,1
9,-2,2,1.331521739,0.4212301949,0.1066518038,3.995546393,5.329874072,3.70972371,1,1
9,-2,3,0.9638636364,0.4214832382,1.99066558,16.31404681,-23.70776913,3.31886109,1,1
9,-2,4,10.75363636,0.5762021252,10.09587217,-48.30299798,-43.21061695,2.93409271,1,1
9,-2,5,71.76809524,1.967514705,73.47386042,-168.8669374,-45.30329952,2.59255080,1,1
9,-2,6,50.30414634,1.468477239,54.83727191,-147.9029859,-30.65092118,2.30234543,1,1
9,-2,7,4.666486486,0.5421851333,1.762049232,-26.05394476,-7.367748414,2.05946757,1,1
9,-2,8,1.304772727,0.5951337626,0.7255509369,10.82785029,13.58747549,1.85650558,1,1
9,-2,9,15.8495122,0.7699298855,15.67973907,77.16810003,23.84452173,1.68607884,1,1
9,-2,10,7.603023256,0.7692701619,10.17106754,61.54175659,21.07685657,1.54188538,1,1
9,-2,11,2.366046512,0.6362580199,2.830202627,33.09788115,9.056593496,1.41884310,1,1
9,-2,12,0.4404444444,0.595619897,0.08827663729,-3.158050253,-5.172404783,1.31294170,1,1
9,-2,13,2.316842105,0.7976886155,1.794178089,-22.75781349,-15.11756361,1.22103537,1,1
9,-2,14,3.86047619,0.7581011912,3.616013938,-34.55482363,-17.61785017,1.14065221,1,1
9,-2,15,2.360243902,0.8660687383,2.014432925,-25.62631463,-13.46798884,1.06983915,1,1
9,-2,16,1.332826087,0.7841252034,0.79792436,-17.1762815,-6.078469029,1.00704161,1,1
9,-2,17,0.5865853659,0.9340212439,0.1193356711,7.009588144,0.7174134759,0.95101208,0,1
9,-2,18,0.8345238095,0.9475777054,0.2160348672,8.367581741,4.456882307,0.90074106,0,1
9,-2,19,0.007619047619,0.8743082137,0.09545093147,4.185352217,4.711126044,0.85540485,0,1
9,-2,20,0.6627272727,0.8831328356,0.03670230534,2.884855622,2.635795569,0.81432595,0,1
9,-2,23,2.71,2.643419728,0.08366671295,-5.285724213,-2.621113554,0.71146335,0,1
9,-1,0,5.153636364,0.8123773422,7.748717081,-54.39404157,-16.28198877,3.97232218,1,1
9,-1,1,76.58844444,2.010745688,37.18350851,-123.761744,-12.3710604,3.86337746,1,1
9,-1,2,3.506086957,0.4350652885,0.1753282832,8.164618415,-2.506683042,3.58350636,1,1
9,-1,3,19.32333333,0.698470876,5.635037472,47.63713325,8.667908767,3.22756275,1,1
9,-1,4,2.801818182,0.421841937,5.764686657,46.25430397,16.09062971,2.87044002,1,1
9,-1,5,13.54105263,0.6441502601,4.184020144,38.21189768,16.75086542,2.54832591,1,1
9,-1,6,35.26577778,1.054346231,33.52384273,117.5873436,10.98377994,2.27120394,1,1
9,-1,7,47.54736842,1.478878393,37.10016993,124.2228803,2.003949134,2.03708808,1,1
9,-1,8,0.18225,0.50448247,0.1557747364,5.447829258,-5.927094984,1.84006193,1,1
9,-1,9,5.070434783,0.569163275,5.110672386,-45.0957555,-9.625096114,1.67373210,1,1
9,-1,10,2.895238095,0.6488756682,3.528611825,-37.4063144,-8.296319223,1.53242617,1,1
9,-1,11,0.8653333333,0.5896906911,0.4586644612,-13.3624896,-3.502702181,1.41146213,1,1
9,-1,12,0.8465853659,0.6384966635,0.4801097155,-13.99292503,1.986275571,1.30708661,1,1
9,-1,13,-0.002619047619,0.7097918966,0.4819882482,12.96597647,5.693175729,1.21632154,1,1
9,-1,14,1.79744186,0.7416854808,1.638399129,25.2902058,6.484846859,1.13680657,1,1
9,-1,15,1.2615,0.751489313,0.7892544257,17.48357578,4.763394501,1.06666426,1,1
9,-1,16,0.4988888889,0.7897849869,0.1081216726,-6.431992476,1.900776933,1.00439228,1,1
9,-1,17,-0.3909302326,0.8240471402,0.01309922256,-2.248362569,-0.6282767466,0.94877986,0,1
9,-1,18,0.6217777778,0.8107676594,0.01918627633,2.067970383,-1.925059123,0.89884376,0,1
9,-1,19,-0.347,0.8873540725,0.01134966942,1.074459234,-1.888785443,0.85377936,0,1
9,-1,20,-0.9325,0.9426982172,0.002733859737,-0.3425326282,-1.009990121,0.81292319,0,1
9,-1,21,-0.06414634146,1.154199225,0.003204361123,1.154019221,0.03739020607,0.77572423,0,1
9,-1,22,-0.21,1.228898488,0.005462057257,1.306941119,0.7512432797,0.74172160,0,1
9,-1,23,-0.1028571429,2.319604118,0.002782231937,-0.4918022446,0.9569034482,0.71052728,0,1
9,0,0,27.345,1.673206959,37.38952178,107.9277214,62.50864056,3.77105951,1,1
9,0,1,126.81125,4.457686187,92.6347426,189.9275076,49.67657789,3.67747247,1,1
9,0,2,28.0225,1.176831463,5.701810002,-45.54782864,17.25122572,3.43365963,1,1
9,0,3,1.619047619,0.6114856634,2.09170354,21.99481044,-19.658868,3.11678458,1,1
9,0,4,13.44380952,0.8465697089,8.982277387,41.89192297,-44.52076247,2.79167625,1,1
9,0,5,39.006875,1.877724479,29.00427047,-99.10132039,-47.39208479,2.49273319,1,1
9,0,6,109.2022727,4.073382887,107.7019172,-209.6605159,-29.17723561,2.23158208,1,1
9,0,7,29.771,1.624040591,27.13951334,-106.2601313,-0.2074651544,2.00835303,1,1
9,0,8,53.18722222,2.422272617,40.7815495,127.7101596,25.63346397,1.81880172,1,1
9,0,9,58.85391304,2.365601471,49.05798941,137.7711692,37.80787779,1.65768396,1,1
9,0,10,14.19227273,1.066261911,19.0083523,82.38631032,33.47873362,1.52008052,1,1
9,0,11,2.435652174,0.8289862167,2.129169394,24.05296149,17.52955509,1.40179767,1,1
9,0,12,1.4045,0.9996745457,0.3404198321,11.85311646,-1.064704483,1.29940031,1,1
9,0,13,-0.1795454545,0.9124416657,0.8248721139,-12.01609165,-14.09955501,1.21012053,1,1
9,0,14,3.136875,1.160783679,4.10494485,-37.37036791,-17.64362036,1.13173904,1,1
9,0,15,4.165238095,1.478106675,4.647476019,-42.07248901,-12.78533459,1.06247472,1,1
9,0,16,-1.192857143,1.190618515,0.0370794522,0.5223337561,-3.892799475,1.00089216,1,1
9,0,17,0.24875,1.117062062,0.2920263403,10.1978208,4.183365478,0.94582788,0,1
9,0,18,0.75125,1.160695586,0.5505526081,12.60860548,8.371243751,0.89633258,0,1
9,0,19,2.06,1.282419323,0.4209960443,10.39718484,8.188518929,0.85162638,0,1
9,0,20,-1.2425,1.373365992,0.2639146333,9.1295569,5.1431072,0.81106408,0,1
9,0,21,0.5813636364,1.271943184,0.0161424049,2.161480928,1.429673695,0.77410834,0,1
9,0,22,-0.3984615385,2.313525129,0.0297385378,-3.28728453,-1.251531089,0.74030864,0,1
9,0,23,1.21,4.508117678,0.02015375055,-1.822452016,-2.250230119,0.70928491,0,1
10,-5,0,9.447272727,1.306980622,0.3940900286,-11.79639178,4.980393844,3.91900000,1,1
10,-5,1,0.72125,0.6468029012,0.7518843645,13.76331202,11.10805855,3.81427003,1,1
10,-5,2,13.80166667,0.8112491859,12.22703011,66.23224605,26.46288341,3.54421261,1,1
10,-5,3,347.335,11.94271913,155.7479238,250.803581,43.53971832,3.19876429,1,1
10,-5,4,167.6395833,5.820475711,153.4770303,246.8077639,54.2151008,2.85012561,1,1
10,-5,5,37.3705,1.602728143,27.70462102,92.92736768,53.76684015,2.53407970,1,1
10,-5,6,19.20636364,1.203644995,21.3678422,83.94531753,42.93212491,2.26110092,1,1
10,-5,7,25.2375,1.435328251,13.07799287,68.61768788,27.06744014,2.02978883,1,1
10,-5,8,-0.1045454545,0.6612013234,1.133842736,17.3243089,13.09953855,1.83467705,1,1
10,-5,9,-0.21,0.7840142569,0.09116489959,1.076647899,6.063788337,1.66967641,1,1
10,-5,10,5.713636364,0.944715662,6.215667141,50.36329779,7.038139432,1.52931158,1,1
10,-5,11,6.124583333,0.9075137199,7.356885476,53.69878114,13.31301036,1.40902729,1,1
10,-5,12,1.805714286,0.9069513609,2.472013786,24.78353776,20.35301467,1.30515226,1,1
10,-5,13,3.072631579,1.03053102,4.67821774,36.84902529,24.25898568,1.21476235,1,1
10,-5,14,3.55375,0.9712946865,4.374003267,35.65490078,23.42029449,1.13553331,1,1
10,-5,15,2.588181818,1.249635728,2.271667209,24.38619273,18.71975867,1.06561223,1,1
10,-5,16,0.08681818182,1.077714524,1.975482171,25.7903206,12.519937,1.00351381,1,1
10,-5,17,2.560952381,1.151044089,0.8458909625,17.31633644,7.216175511,0.94803927,0,1
10,-5,18,-1.531818182,1.149080301,0.1473614691,6.631627787,4.162993369,0.89821399,0,1
10,-5,19,-0.234,1.243005933,0.08996477356,5.096663136,3.384289904,0.85323958,0,1
10,-5,20,-0.8180952381,1.303283147,0.1668466437,7.320069837,3.978980736,0.81245722,0,1
10,-5,21,-0.6347058824,1.439246847,0.1244968376,5.344738667,4.819756639,0.77531931,0,1
10,-5,22,-0.5485714286,1.952348785,0.1035945843,4.104841159,5.123503372,0.74136760,0,1
10,-5,23,-0.6766666667,3.704521262,0.127332635,5.58349131,4.66912514,0.71021607,0,1
10,-4,0,28.91333333,1.231740032,25.60264978,-100.0529721,-25.3230516,3.89313173,1,1
10,-4,1,221.621875,5.421515018,86.28628478,-188.1401007,-22.41158131,3.79040829,1,1
10,-4,2,5.302916667,0.4310398038,6.552799182,-50.01941466,-14.9772302,3.52504433,1,1
10,-4,3,-0.06739130435,0.4032708581,0.1343963002,4.053812505,-6.283431507,3.18465116,1,1
10,-4,4,0.732173913,0.396760333,0.7629847285,17.81672263,0.01918804281,2.84012882,1,1
10,-4,5,1.66775,0.4268760235,2.309395171,-30.95603731,1.59249612,2.52704561,1,1
10,-4,6,9.708636364,0.5331478618,11.62150853,-69.51591993,-1.614705022,2.25609971,1,1
10,-4,7,3.668055556,0.5235916589,2.849761988,-33.59539496,-7.548419298,2.02616850,1,1
10,-4,8,1.276976744,0.5438596668,2.662183212,-30.5502687,-13.20110104,1.83200228,1,1
10,-4,9,2.754347826,0.5810379395,1.887147797,-22.94929802,-16.0769433,1.66765959,1,1
10,-4,10,6.83097561,0.7673970738,7.65544439,-54.34209167,-15.2297851,1.52776139,1,0
10,-4,11,3.098409091,0.6195814286,4.893454001,-43.64727184,-11.43733707,1.40781458,1,1
10,-4,12,1.339318182,0.6189412114,1.27633814,-22.08975575,-6.561766473,1.30418829,1,1
10,-4,13,-0.1458974359,0.6903612714,0.1760392205,-8.173836441,-2.535475006,1.21398501,1,1
10,-4,14,-0.701627907,0.7086717746,0.01894234294,2.75954706,-0.5155258415,1.13489828,1,1
10,-4,15,-1.48475,0.7538783058,0.0169062666,2.591229552,-0.5650636427,1.06508738,1,1
10,-4,16,0.08953488372,0.7622725481,0.5434326147,-14.91663535,-1.893780932,1.00307543,1,1
10,-4,17,-0.4642222222,0.7822046715,0.2388523015,-9.364908,-3.416401823,0.94766963,0,1
10,-4,18,0.7380851064,0.9906705248,0.1056237709,-5.04954242,-4.294922819,0.89789960,0,0
10,-4,19,-0.6202439024,0.8647614891,0.102650174,-4.987853722,-4.222369692,0.85297008,0,1
10,-4,20,0.3113333333,0.8930142239,0.1126648393,-5.947307119,-3.391633813,0.81222453,0,1
10,-4,21,1.17,0.9546854592,0.02534278243,-2.33568357,-2.25573046,0.77511709,0,1
10,-4,23,0.6314285714,2.91464727,0.02004864251,-2.820593459,-0.6207977154,0.71006062,0,1
10,-3,0,31.64826087,1.36558926,2.353287926,-31.28396386,-0.6222987399,3.81849608,1,1
10,-3,1,7.729166667,0.5741752359,0.9887023006,19.58132728,5.283584046,3.72142343,1,1
10,-3,2,11.47608696,0.5707375073,11.9889876,67.70531514,20.09847063,3.46935328,1,1
10,-3,3,48.55860465,1.371195272,35.08587105,115.1341495,36.62551675,3.14340686,1,1
10,-3,4,98.69878049,2.693474775,65.45164159,158.1627821,47.06763107,2.81075801,1,1
10,-3,5,70.55666667,2.100524773,81.51503207,178.0907867,46.87848507,2.50628968,1,1
10,-3,6,45.66636364,1.31470751,44.61148896,131.1890068,36.74004556,2.24129287,1,1
10,-3,7,9.617777778,0.615325807,6.043736199,45.1734834,21.76746567,2.01542266,1,1
10,-3,8,0.9561363636,0.4815023622,0.3117184965,-7.469737202,8.596042389,1.82404762,1,1
10,-3,9,0.3288636364,0.5175720096,0.01064618122,-0.4039261927,2.065462172,1.66165269,1,1
10,-3,10,1.453023256,0.6220125531,1.968513285,28.43490504,3.232068126,1.52313894,1,1
10,-3,11,2.330512821,0.6501539291,3.642461841,37.74694368,9.518205762,1.40419517,1,1
10,-3,12,2.514545455,0.6294482203,3.128974875,32.04495131,16.58057341,1.30130917,1,1
10,-3,13,3.719189189,0.7423086015,3.432691787,31.63944447,20.66639233,1.21166189,1,1
10,-3,14,2.449285714,0.7300457772,2.37274804,24.06212728,20.20356315,1.13299957,1,1
10,-3,15,-0.5133333333,0.7728607961,1.789706736,22.09731875,16.00959164,1.06351747,1,1
10,-3,16,0.04386363636,0.7469880292,1.324062615,21.07435167,10.33156903,1.00176375,1,1
10,-3,17,0.3647727273,0.7723326867,0.4824509487,13.0714825,5.464214958,0.94656329,0,1
10,-3,18,-0.4014583333,0.7827735977,0.1865510741,8.380223575,2.717626263,0.89695840,0,1
10,-3,19,1.007272727,0.8609987234,0.05348589072,4.208410317,2.131154488,0.85216309,0,1
10,-3,20,-1.165238095,0.9921693543,0.05903168712,4.051662864,2.853745905,0.81152767,0,1
10,-3,21,-0.84375,0.9611404034,0.04768426374,2.308427063,3.8091946,0.77451137,0,1
10,-3,23,0.29,2.667631373,0.09667500571,4.971471002,3.937718605,0.70959489,0,1
10,-2,0,183.5795833,6.36914148,56.68182215,-150.5767736,-30.14669725,3.70310692,1,1
10,-2,1,18.43229167,0.673408779,5.847841919,41.39798823,-26.81738057,3.61437143,1,1
10,-2,2,2.332391304,0.4318964119,1.975125868,-22.03518078,-18.33554005,3.38212636,1,1
10,-2,3,15.90022727,0.6168306172,12.7219848,-72.25760262,-8.470944159,3.07808973,1,0
10,-2,4,47.60886364,1.343754896,36.42915567,-123.1023144,-1.409923457,2.76376855,1,1
10,-2,5,15.39485714,0.6964978867,12.65653023,-72.56471277,0.2201044571,2.47280470,1,1
10,-2,6,20.64043478,0.749596797,15.74020824,-80.84593273,-3.545410426,2.21724970,1,1
10,-2,7,29.90138889,1.057794519,25.98912326,-103.4757419,-10.26719797,1.99788670,1,1
10,-2,8,6.062888889,0.5372724439,4.464800757,-39.82464295,-16.47895014,1.81101704,1,0
10,-2,9,5.049767442,0.7207785019,7.957523882,-54.17283808,-19.39050167,1.65178384,1,1
10,-2,10,4.837826087,0.5758788385,5.206486123,-42.89944364,-18.04910524,1.51552724,1,1
10,-2,11,2.291777778,0.6165004107,4.388855979,-40.55155965,-13.47340156,1.39822435,1,1
10,-2,12,0.3154545455,0.6507697065,0.4237480218,-10.70424345,-7.856043116,1.29655271,1,1
10,-2,13,0.2405128205,0.6903564621,0.4536738622,-13.31753964,-3.375185217,1.20781948,1,1
10,-2,14,0.308,0.767554241,0.004520585383,0.5630483157,-1.250497298,1.12985612,1,1
10,-2,15,-0.1513953488,0.8036989914,0.02248845685,2.700388095,-1.43670245,1.06091632,1,0
10,-2,16,0.8397826087,0.7260151618,0.03085347881,2.023688005,-2.956538876,0.99958901,0,1
10,-2,17,0.8536363636,0.9380663668,0.7342942991,-16.87131718,-4.56706914,0.94472796,0,1
10,-2,18,0.9211627907,0.8373984283,0.8629336457,-18.17161816,-5.367635689,0.89539630,0,1
10,-2,19,-0.1575609756,0.8638282735,0.3226185083,-10.40952757,-5.085818493,0.85082320,0,1
10,-2,20,1.024878049,1.080198555,0.1489881543,-6.780387318,-4.001515076,0.81037020,0,1
10,-2,22,-0.0716,1.209793172,0.01557898711,-2.046840854,-1.513935945,0.73978086,0,1
10,-2,23,0.5557142857,3.184090554,0.004282260544,1.045897064,-0.8292842541,0.70882070,0,1
10,-1,0,111.2730435,4.013272898,69.11942084,-169.0255147,-13.68079377,3.55783005,1,1
10,-1,1,2.439791667,0.4686344174,0.3894795748,-9.575331352,-8.387732418,3.47891726,1,1
10,-1,2,15.74208333,0.6518221159,3.944175006,40.20758109,4.92997693,3.27036932,1,1
10,-1,3,1.483636364,0.4984773953,1.968391545,20.55104634,19.91466631,2.99312796,1,1
10,-1,4,13.2752381,0.6065873743,10.74846749,59.93533433,29.65808059,2.70177388,1,1
10,-1,5,61.40636364,1.928908087,62.55483743,158.4928378,30.09397057,2.42810305,1,1
10,-1,6,80.73195652,2.133895071,73.71961807,173.7738023,21.75645595,2.18485307,1,1
10,-1,7,7.948888889,0.640818026,6.84011044,52.56286871,9.107058227,1.97408793,1,1
10,-1,8,2.265,0.5603715073,1.591657583,-25.65474307,-2.008810673,1.79323464,1,0
10,-1,9,5.264473684,0.6650155024,4.757106113,-43.88798134,-7.281157645,1.63825826,1,1
10,-1,10,0.0211627907,0.5539925884,0.1108112776,-3.673355759,-5.710423302,1.50506005,1,1
10,-1,11,-1.746888889,0.5747264298,0.6672850334,16.65486095,0.4860057668,1.38999173,1,1
10,-1,12,0.91,0.7829655837,0.5640974726,13.3646167,7.48845429,1.28998045,1,1
10,-1,13,0.8919047619,0.6780336633,1.117934153,17.95720169,11.94360962,1.20250102,1,1
10,-1,14,0.08916666667,0.7652041707,1.011729973,16.35589056,12.38588027,1.12549891,1,1
10,-1,15,-0.9144444444,0.7337612082,0.5024586034,10.93646542,9.457225201,1.05730655,1,1
10,-1,16,-1.094222222,0.7422317032,0.4257610868,12.29629762,5.0928216,0.99656803,0,1
10,-1,17,-1.304545455,0.7892383632,0.05164285873,4.444708061,1.315417377,0.94217635,0,1
10,-1,18,-0.9511904762,0.825077197,0.02170769856,2.926164976,-0.6847902993,0.89322300,0,1
10,-1,19,-0.72925,0.9783606374,0.02340815377,3.009308148,-0.8263834217,0.84895792,0,1
10,-1,20,-0.3142222222,0.9510125645,0.002769850649,1.059125281,0.1750317813,0.80875804,0,1
10,-1,21,-0.7963157895,1.184078374,0.004928430279,-0.3773074346,1.381335522,0.77210261,0,1
10,-1,22,-0.5230434783,1.260790627,0.02094647193,2.057541468,2.116883984,0.73855375,0,0
10,-1,23,1.326666667,3.375694167,0.05210511007,4.120398038,2.16803828,0.70774107,0,1
10,0,0,84.08333333,4.243236366,50.54461634,140.9081381,-34.25975751,3.39395356,1,1
10,0,1,41.27958333,1.600351687,16.95317335,-78.34735882,-30.24854038,3.32524630,1,0
10,0,2,14.60666667,0.7915980233,2.947184483,28.69717713,-20.06572606,3.14173333,1,1
10,0,3,13.13545455,0.9552089428,8.245886285,-57.97679573,-8.327714565,2.89356967,1,1
10,0,4,64.07894737,2.684413357,48.91586608,-142.6575891,-0.1151132053,2.62787473,1,1
10,0,5,51.688,2.160392846,51.52825796,-146.4101369,1.464708492,2.37403935,1,1
10,0,6,50.7165,2.281897557,38.49920513,-126.5141327,-3.402296806,2.14521415,1,1
10,0,7,12.27722222,1.183808467,11.56608939,-68.38737261,-11.62672814,1.94470343,1,1
10,0,8,24.91458333,1.21875933,21.63425713,-92.95664943,-18.97065118,1.77112299,1,1
10,0,9,5.026363636,0.8559368795,4.610994926,-37.78616281,-22.14920396,1.62134675,1,1
10,0,10,3.314545455,1.104313214,7.678926004,-52.79059086,-20.19733165,1.49191557,1,1
10,0,11,3.21875,0.8110824172,3.996836631,-38.09993218,-14.53475222,1.37961754,1,1
10,0,12,0.09285714286,0.8834691206,1.048084242,-19.32851167,-7.903090165,1.28167544,1,1
10,0,13,-1.352727273,1.054529948,0.3044843866,-10.87892481,-2.885861812,1.19576511,1,1
10,0,14,1.316666667,1.177726846,0.5598325528,15.24052514,-0.8012003026,1.11997017,1,1
10,0,15,0.1347619048,1.21190319,1.004021179,20.38893601,-1.417487077,1.05271912,1,1
10,0,16,-0.01238095238,1.224738632,0.8900089114,-18.93236905,-3.442259489,0.99272385,0,1
10,0,17,1.647916667,1.288820377,0.8644445684,-18.18853694,-5.36888774,0.93892589,0,1
10,0,18,0.06428571429,1.502648229,0.6817733248,-15.66174774,-6.193386283,0.89045188,0,1
10,0,19,1.7895,1.474362927,0.5882299563,-14.56742677,-5.702648791,0.84657763,0,1
10,0,20,-1.315,1.303174873,0.4186953843,-12.47037355,-4.322719071,0.80669932,0,1
10,0,21,-1.88,1.749378601,0.02744577499,-1.992916847,-2.728911799,0.77031072,0,1
10,0,22,-1.147272727,2.600676517,0.005977237365,0.5666925596,-1.471617885,0.73698497,0,1
11,-5,0,9.160833333,0.7467518785,16.50289739,82.79770356,3.238526644,3.55783005,1,1
11,-5,1,13.03875,0.5709403793,3.711130242,39.29369918,-0.04844983127,3.47891726,1,1
11,-5,2,-0.1952083333,0.3982010734,1.211840685,-20.85809115,-8.313860644,3.27036932,1,1
11,-5,3,18.856875,0.655733791,13.00350302,-71.4175886,-17.59461049,2.99312796,1,1
11,-5,4,20.92416667,0.6943414646,31.78250268,-112.5482472,-23.57632364,2.70177388,1,1
11,-5,5,8.35027027,0.5204992827,7.021521785,-48.57249759,-23.70614764,2.42810305,1,1
11,-5,6,0.5197727273,0.5859515931,1.858738212,-20.94151245,-18.29676956,2.18485307,1,1
11,-5,7,1.386285714,0.5788182812,0.6399925415,-12.79925181,-10.121504,1.97408793,1,1
11,-5,8,0.1153488372,0.5578760891,0.02701786725,-1.781804144,-2.840039136,1.79323464,1,0
11,-5,9,0.7620930233,0.5171444664,0.2662660286,10.49293621,0.8227616791,1.63825826,1,1
11,-5,10,0.3702380952,0.7013076792,0.04447828199,-4.297145577,0.1987618135,1.50506005,1,0
11,-5,11,0.8072340426,0.5996862965,0.7882645209,-17.79492063,-3.360699948,1.38999173,1,1
11,-5,12,-0.725952381,0.6298229071,0.1464793467,-2.2428174,-7.477417228,1.28998045,1,1
11,-5,13,-0.4902564103,0.7814607491,0.5857346281,-11.9557825,-10.03749082,1.20250102,1,1
11,-5,14,0.4556756757,0.7476663475,0.6840698128,-13.51779211,-10.09322122,1.12549891,1,1
11,-5,15,0.7787234043,0.7105797959,0.3836679011,-9.762044385,-8.020324017,1.05730655,1,1
11,-5,16,0.5455555556,0.749047461,0.2195528673,-8.130963819,-5.023076525,0.99656803,0,1
11,-5,17,-0.8282222222,0.8032054022,0.05613975866,-4.205147598,-2.381889793,0.94217635,0,1
11,-5,18,0.1027906977,0.8171677068,0.009733177717,-1.815703836,-0.8675594521,0.89322300,0,1
11,-5,19,0.7351219512,0.9177865155,0.00454852826,-1.259191628,-0.5539213265,0.84895792,0,1
11,-5,20,-0.1776595745,0.8813793334,0.007911367186,-1.512036304,-1.002612035,0.80875804,0,1
11,-5,21,-0.1667567568,1.111323444,0.0123589983,-1.585567031,-1.621072642,0.77210261,0,1
11,-5,23,2.99,2.646086166,0.01782466336,-1.943204727,-1.907830514,0.70774107,0,1
11,-4,0,41.50916667,1.641077887,12.4288799,62.5962976,35.39317355,3.51936589,1,1
11,-4,1,90.3087234,2.302089796,44.5471782,133.4808001,26.76763523,3.44293066,1,1
11,-4,2,45.36729167,1.218351662,6.467468529,51.63072104,5.002651432,3.24042042,1,1
11,-4,3,14.88434783,0.5811039539,8.43797319,-55.88700746,-19.67787756,2.97011708,1,1
11,-4,4,21.65456522,0.7306296647,26.79535075,-99.21714745,-36.11134273,2.68481369,1,1
11,-4,5,33.32,1.159459042,34.32651851,-113.4252548,-37.63093947,2.41576999,1,1
11,-4,6,17.77738095,0.749038335,15.98013072,-77.63344011,-24.92994774,2.17585467,1,1
11,-4,7,1.919166667,0.4945627199,3.099068387,-35.54888872,-5.062448571,1.96744300,1,1
11,-4,8,1.191627907,0.4926967985,2.467490611,29.47184712,12.56969899,1.78824941,1,1
11,-4,9,4.822444444,0.5624695547,4.951563646,40.29178957,20.89605079,1.63445443,1,1
11,-4,10,7.835681818,0.6439284135,8.035520942,54.91467686,18.0974167,1.50210904,1,1
11,-4,11,2.733571429,0.6656715995,3.886669627,39.49376928,7.567801006,1.38766614,1,1
11,-4,12,0.5952272727,0.7249256351,0.05062741917,-0.09386394128,-4.588515407,1.28812095,1,1
11,-4,13,1.247894737,0.8008208056,1.498657906,-21.40215362,-12.86300639,1.20099431,1,1
11,-4,14,3.024054054,0.7683298461,2.519821995,-28.85403446,-14.69026928,1.12426323,1,1
11,-4,15,0.8358974359,0.8297592222,1.269624318,-20.23051375,-10.90628946,1.05628194,1,1
11,-4,16,-1.200232558,0.7503718566,0.05418200916,-1.432752837,-4.526518833,0.99570991,0,1
11,-4,17,0.4844680851,0.7805546552,0.02258512628,2.834805277,1.166322284,0.94145111,0,1
11,-4,18,-0.2034782609,0.8030493338,0.0624605192,2.973241044,4.140799893,0.89260496,0,1
11,-4,19,2.411282051,0.9170397663,0.06656851184,3.256528944,4.134067616,0.84842723,0,1
11,-4,20,-1.341627907,0.8845222499,0.02389352984,2.244469746,2.214303261,0.80829918,0,1
11,-4,21,-0.006388888889,1.002303096,0.0005908487067,0.4814791409,-0.1183109498,0.77170333,0,1
11,-4,22,0.06,1.25601829,0.01486402554,-1.78800217,-1.728337812,0.73820427,0,1
11,-4,23,1.965,2.646860719,0.01649641731,-1.414173171,-2.205304063,0.70743351,0,1
11,-3,0,1.6425,0.6133498922,2.554789285,-26.86613024,-18.46938893,3.44603773,1,0
11,-3,1,28.75,0.8577036778,8.869492526,-58.35664763,-16.87037648,3.37418552,1,1
11,-3,2,31.88386364,0.9544389822,13.07456785,-72.63465667,-12.79902711,3.18291092,1,1
11,-3,3,1.161136364,0.4665463066,3.818754639,-39.03473311,-8.066185284,2.92564388,1,1
11,-3,4,0.4545454545,0.465508821,1.060966743,20.4847123,-4.667596735,2.65182997,1,1
11,-3,5,0.8478125,0.4873436248,0.3774172793,11.9310747,-3.830407881,2.39165736,1,0
11,-3,6,3.456666667,0.5346158722,2.282429829,30.32137165,-5.496172788,2.15818645,1,1
11,-3,7,2.269268293,0.5020883692,4.024812522,40.0342471,-8.471253932,1.95435199,1,1
11,-3,8,1.26452381,0.5048253554,0.5079720414,9.376603364,-11.10938936,1.77840241,1,1
11,-3,9,1.806666667,0.5881213488,2.274620568,-28.27053753,-12.12935274,1.62692560,1,1
11,-3,10,4.77173913,0.5824236403,5.239075508,-45.33683453,-11.14731132,1.49625872,1,1
11,-3,11,2.454651163,0.6068323806,2.732804842,-32.57606785,-8.704571517,1.38304975,1,0
11,-3,12,2.650851064,0.6547719822,1.506237112,-24.33795319,-5.858876843,1.28442593,1,1
11,-3,13,0.0395,0.6823780569,0.06284620693,3.617198056,-3.614239578,1.19799782,1,1
11,-3,14,1.083421053,0.7776950366,0.2267594443,9.387464751,-2.493518835,1.12180402,1,1
11,-3,15,-1.284047619,0.8023258191,0.06968759817,-4.806932305,-2.426227084,1.05424162,1,1
11,-3,16,0.1361363636,0.7395970675,0.2591926591,-9.961839594,-2.932159454,0.99400030,0,1
11,-3,17,-0.07711111111,0.7723011311,0.09864218235,-5.402876189,-3.442167138,0.94000564,0,1
11,-3,18,-0.7486363636,0.8210470978,0.03152753012,-0.6052878331,-3.570783888,0.89137272,0,1
11,-3,19,0.9405263158,0.9196298409,0.02811967305,-1.131861946,-3.22768301,0.84736883,0,1
11,-3,20,-0.67975,0.9180344152,0.0209781752,-1.468281052,-2.563594241,0.80738381,0,1
11,-3,21,-1.230769231,0.9793295088,0.0113166831,-1.17179006,-1.82624132,0.77090663,0,1
11,-3,23,2.925,3.43843351,0.005036820068,-1.180246675,-0.8381894411,0.70681960,0,1
11,-2,0,360.4775,12.39795834,251.4454658,316.4874511,66.69572293,3.34416181,1,1
11,-2,1,24.95744681,0.7837402344,28.62744711,94.7957587,54.07467122,3.27837656,1,1
11,-2,2,2.329583333,0.4061571725,1.66993515,14.20995119,22.20012251,3.10211362,1,1
11,-2,3,2.852954545,0.4295848948,0.6852233887,-9.38313724,-14.03711128,2.86252774,1,1
11,-2,4,0.2679487179,0.4830555551,3.543636138,-1.150418164,-38.37953358,2.60455718,1,1
11,-2,5,19.90804878,0.7593678685,18.59922842,-77.76578547,-41.11688708,2.35680504,1,1
11,-2,6,58.35230769,1.743810242,46.72129377,-137.4677968,-23.25435499,2.13247299,1,1
11,-2,7,0.464047619,0.4704411858,1.837238482,-27.20111029,4.94706619,1.93519638,1,1
11,-2,8,19.10119048,0.9014934829,18.26424203,81.91262238,29.81725471,1.76393224,1,1
11,-2,9,64.44181818,1.843776681,53.46171345,143.3671807,41.08928717,1.61582491,1,1
11,-2,10,18.91891304,0.9291398666,18.87861757,80.91898345,36.14515693,1.48761001,1,1
11,-2,11,4.433333333,0.7496963021,4.907466434,40.54162163,19.95253711,1.37621076,1,1
11,-2,12,1.931136364,0.6284708584,0.8231475889,18.45168326,1.414855108,1.27894255,1,1
11,-2,13,0.3383333333,0.7268610154,1.01196154,-17.0319296,-11.44267899,1.19354484,1,1
11,-2,14,5.384736842,0.796929004,4.37571748,-39.98624875,-14.88607552,1.11814528,1,0
11,-2,15,1.235111111,0.7328035705,1.452979928,-22.40148268,-10.13304459,1.05120319,1,1
11,-2,16,-0.5831914894,0.7243733184,0.01534968897,-1.980879384,-1.569164763,0.99145231,0,1
11,-2,17,0.5077272727,0.7799539084,0.8018829841,17.23888553,6.036573815,0.93784985,0,1
11,-2,18,2.382820513,1.001698958,0.7738872411,15.07053836,9.739136649,0.88953389,0,1
11,-2,19,0.2335714286,0.8661405716,0.4097035322,9.297613253,9.165669073,0.84578864,0,1
11,-2,20,-0.65,0.8810065384,0.2033347872,7.076751896,5.875032085,0.80601657,0,1
11,-2,21,0.7302564103,0.9638819988,0.05316216413,4.233354487,2.048551148,0.76971619,0,1
11,-2,22,0.245,1.528054779,0.001146938025,-0.1770880566,-0.6676957681,0.73646426,0,1
11,-1,0,32.38652174,1.415675736,31.29472821,-111.1353839,-25.86389997,3.22139816,1,1
11,-1,1,69.375,1.782564841,33.88953223,-116.792339,-21.42707698,3.16247058,1,1
11,-1,2,10.04166667,0.4810970175,5.815205258,-48.11500168,-10.21438321,3.00337387,1,1
11,-1,3,5.543777778,0.4834762891,4.642244176,43.87304255,2.557062283,2.78439597,1,1
11,-1,4,3.3046875,0.5084679424,9.024400818,60.24432148,11.18831861,2.54528843,1,1
11,-1,5,6.8515,0.5455346178,6.020816839,48.52211319,12.26927912,2.31262045,1,1
11,-1,6,33.23210526,1.154968804,23.70014348,99.1091924,6.139538106,2.09957588,1,1
11,-1,7,8.901282051,0.5916384831,12.66044885,72.48597804,-3.619295006,1.91051037,1,1
11,-1,8,1.806521739,0.5189949612,2.866533145,-32.2973604,-12.22649841,1.74517694,1,0
11,-1,9,10.5455814,0.8201590278,10.52856153,-64.2000232,-16.08453582,1.60137140,1,1
11,-1,10,3.566511628,0.6139952207,2.517986201,-29.05297182,-14.26605662,1.47630830,1,1
11,-1,11,0.1954347826,0.5761376233,0.4763462035,-11.22482872,-8.496156271,1.36724795,1,1
11,-1,12,0.05477272727,0.6129552196,0.5707388538,-15.29425104,-1.881203229,1.27173943,1,1
11,-1,13,0.10725,0.6956043685,0.120843428,6.526810329,2.770748934,1.18768405,1,1
11,-1,14,-0.6325,0.7198178589,0.2303714085,8.870181252,4.143036903,1.11332218,1,1
11,-1,15,-1.283953488,0.7277296017,0.0522233547,3.838159474,2.644956884,1.04719252,1,1
11,-1,16,-0.8090697674,0.7621353538,0.0003496827878,-0.3211367116,-0.2058032659,0.98808528,0,1
11,-1,17,0.6542222222,0.7995285536,0.02940116905,-2.159793227,-2.750909356,0.93499842,0,1
11,-1,18,0.4873170732,0.8452723619,0.05832313413,-2.929196022,-3.960411392,0.88709972,0,1
11,-1,19,-0.1582222222,0.9531010677,0.03950318146,-1.666166711,-3.695806977,0.84369540,0,1
11,-1,20,-0.3485,0.9781626254,0.01758811391,1.055303086,-2.490739261,0.80420434,0,1
11,-1,21,-0.2682352941,1.039875433,0.008187437948,-1.483110529,-1.098510671,0.76813748,0,1
11,-1,22,0.1870588235,1.444001433,0.001757643189,-0.8503137897,-0.09069234344,0.73508108,0,1
11,0,0,133.7008333,6.633599607,93.28887448,178.5117234,83.34226661,3.08541232,1,1
11,0,1,271.5543478,9.540052658,166.0813147,253.5407439,69.38580557,3.03351976,1,1
11,0,2,0.63125,0.6396184077,7.32490589,43.38212197,34.13915476,2.89226413,1,1
11,0,3,1.258636364,0.7160501613,4.38381877,-42.29177558,-5.938985804,2.69517292,1,1
11,0,4,1.423571429,0.915427365,3.746085046,-21.813778,-32.90439185,2.47659646,1,1
11,0,5,6.2685,0.7746988124,4.530243819,-24.1403286,-36.08364972,2.26073319,1,1
11,0,6,28.275625,1.820458268,16.57636604,-81.35658269,-16.66194739,2.06051867,1,1
11,0,7,-0.509,0.7347337147,1.152594323,-16.86146734,13.97218709,1.88094168,1,1
11,0,8,79.69173913,3.035285183,69.91362989,165.615346,40.72803178,1.72255306,1,1
11,0,9,79.95210526,3.398760529,61.69105166,151.4124907,52.34988624,1.58383840,1,1
11,0,10,24.88545455,1.485945226,24.38209312,89.5602393,46.0761458,1.46253686,1,1
11,0,11,6.495833333,0.8581781818,6.436354399,43.8288741,27.51077595,1.35628688,1,1
11,0,12,2.511428571,1.000694113,2.69557818,32.84404414,6.538391232,1.26290439,1,1
11,0,13,0.9255,1.013719636,0.8222931443,-16.67144546,-8.010858189,1.18047804,1,1
11,0,14,4.957272727,1.048035648,4.832580711,-43.17453228,-12.1049888,1.10738018,1,1
11,0,15,1.552,1.21042111,1.499918665,-23.92452111,-7.186858504,1.04224315,1,1
11,0,16,-1.367619048,1.114284799,0.5706687418,15.29768884,1.845152281,0.98392434,0,0
11,0,17,0.0852173913,1.165579445,1.355570405,21.66213709,9.732938497,0.93147043,0,1
11,0,18,2.017727273,1.502984179,1.256228237,18.60715134,13.28237114,0.88408493,0,1
11,0,19,-1.23,1.291047268,1.000211892,16.38331354,12.15401924,0.84110057,0,1
11,0,20,0.024,1.303598865,0.4485656555,10.98535084,8.120687184,0.80195615,0,1
11,0,21,-1.661176471,1.676621446,0.1028725491,5.459933508,3.60398872,0.76617768,0,1
11,0,22,-0.7257142857,2.368140147,0.0006374096694,0.324064943,0.4002162065,0.73336302,0,1
11,0,23,8.21,6.89,0.002709271846,-0.5988311358,-0.8766870866,0.70316936,0,1
12,-6,0,76.0225,3.874559652,64.09571012,-160.901473,-27.88216351,3.26583333,1,1
12,-6,1,29.56375,1.233661837,22.82465315,-94.83936023,-22.39594454,3.20447994,1,1
12,-6,2,4.039166667,0.571533178,3.884866114,-39.29297877,-8.505345432,3.03928617,1,0
12,-6,3,8.937916667,0.8036422926,7.444892523,-55.16214632,7.385651341,2.81293972,1,1
12,-6,4,8.955,0.7470701069,13.00402421,71.25878409,18.23306901,2.56703692,1,0
12,-6,5,7.483181818,0.6979923985,6.946010091,50.00318815,19.73661243,2.32889686,1,1
12,-6,6,13.38333333,0.9844613743,16.93412103,83.04961616,12.17035184,2.11173308,1,1
12,-6,7,3.531,0.750375406,4.906185099,45.17928523,-0.1609799149,1.91965650,1,1
12,-6,8,3.622916667,0.6898300163,3.988715715,-39.12107735,-11.35898301,1.75213985,1,1
12,-6,9,19.20047619,1.208377203,19.95258106,-89.53965492,-16.84700497,1.60674589,1,1
12,-6,10,9.221904762,0.9558182021,9.322522829,-60.3788324,-15.2638629,1.48051619,1,1
12,-6,11,0.235,0.7884450851,0.177167552,-0.7559619756,-8.552087102,1.37058844,1,1
12,-6,12,0.2715,0.9335360197,1.538086445,-25.29185889,-0.4848015794,1.27442632,1,1
12,-6,13,1.296956522,1.095884582,1.876670726,27.41915135,5.38234072,1.18987171,1,1
12,-6,14,1.458125,1.230292045,1.047851545,19.58373655,7.240901051,1.11512352,1,1
12,-6,15,0.7113636364,1.068675252,0.07121598832,0.4975546589,5.42046995,1.04869114,1,1
12,-6,16,-0.6447826087,1.286353407,0.06921520669,-5.085865809,1.711902134,0.98934390,0,1
12,-6,17,-0.3052173913,1.069959895,0.08747779804,-5.757601235,-1.801312742,0.93606466,0,1
12,-6,18,-0.7614285714,1.160975233,0.03903977677,-1.524987642,-3.730511521,0.88801019,0,1
12,-6,19,0.9647619048,1.449587892,0.07814934114,-4.271174134,-3.777659769,0.84447854,0,1
12,-6,20,-2.204545455,1.495353949,0.02282422286,-1.765561186,-2.525608294,0.80488249,0,1
12,-6,21,1.590555556,1.432460436,0.03053787995,-3.448478576,-0.9017357999,0.76872836,0,1
12,-6,22,0.574,1.910946362,0.0008004737517,-0.4692586235,0.3359009347,0.73559886,0,1
12,-5,0,4.28375,0.5924450572,2.184895861,-29.39716397,6.694903005,3.25081793,1,1
12,-5,1,0.4770833333,0.4192242031,0.7060864825,13.82432499,10.13172156,3.19029136,1,1
12,-5,2,1.215625,0.3936048963,6.056878238,46.59137516,18.68629454,3.02717265,1,1
12,-5,3,27.60369565,0.8562308875,22.15083533,91.81525883,28.0303817,2.80332782,1,1
12,-5,4,17.9474359,0.7104342552,25.84644881,98.12186898,33.54674875,2.55972560,1,1
12,-5,5,44.6215,1.345747004,49.82952967,140.2273473,32.67441227,2.32343327,1,1
12,-5,6,6.295263158,0.5201515334,7.255189425,48.37284768,26.04904635,2.10765725,1,1
12,-5,7,-0.7381818182,0.5542958576,0.739564973,4.656992333,16.91167419,1.91659321,1,1
12,-5,8,4.333863636,0.5173998286,3.13084581,34.88609351,9.248415633,1.74980963,1,1
12,-5,9,3.934545455,0.552374336,5.386138799,46.98494773,5.76981344,1.60494838,1,1
12,-5,10,1.632222222,0.5587307486,1.880898003,27.13483589,6.799916996,1.47910956,1,1
12,-5,11,0.1608695652,0.6395911153,0.3757931576,6.758559236,10.51992098,1.36947223,1,0
12,-5,12,2.249534884,0.6893824538,2.786080834,30.93075213,14.22756283,1.27352880,1,1
12,-5,13,0.2182926829,0.7888041197,0.6028705462,1.160277122,15.79477848,1.18914115,1,1
12,-5,14,0.04388888889,0.7637543316,0.8780205046,12.39287883,14.55034659,1.11452210,1,1
12,-5,15,1.011395349,0.7438745351,1.579469999,23.02690703,11.26464079,1.04819088,1,1
12,-5,16,1.865909091,0.7651395176,1.039306676,19.41587548,7.444603032,0.98892382,0,1
12,-5,17,0.6531111111,0.8311753162,0.1963483072,7.865556532,4.452274686,0.93570884,0,1
12,-5,18,0.64175,0.8742516864,0.05840125813,3.967776327,2.924773811,0.88770639,0,1
12,-5,19,-0.8707317073,1.008295192,0.1042999678,6.009620202,2.697766494,0.84421725,0,1
12,-5,20,-0.2048780488,0.908817799,0.05080000095,3.370430129,3.126545476,0.80465625,0,1
12,-5,21,0.7744117647,1.163739301,0.08964470049,4.982826662,3.53095836,0.76853124,0,1
12,-5,22,2.1155,1.490215363,0.06667014171,3.924959502,3.511761854,0.73542615,0,1
12,-5,23,1.102,3.346120739,0.04333723388,2.975467791,3.029328382,0.70498739,0,1
12,-4,0,6.12625,0.7677604389,4.84425671,-33.93430662,-29.39203236,3.20698467,1,1
12,-4,1,42.04787234,1.164133396,25.14579011,-99.39876249,-24.11775276,3.14883038,1,1
12,-4,2,33.52404255,0.9707356747,11.59612283,-68.61906605,-10.76719905,2.99168305,1,1
12,-4,3,-0.1062222222,0.4204297091,0.1530674854,6.59146959,4.498387378,2.77507276,1,1
12,-4,4,1.575588235,0.4790392815,1.19588773,16.58740044,14.91312323,2.53816085,1,1
12,-4,5,1.5645,0.4725953607,1.824974304,-22.1679542,16.36622198,2.30727035,1,1
12,-4,6,3.506944444,0.5677729844,3.208352964,35.36947553,9.155292238,2.09556990,1,1
12,-4,7,2.600227273,0.4730278765,2.022058168,28.89186558,-2.554852752,1.90749058,1,1
12,-4,8,8.796136364,0.5906013185,7.784169664,-55.38148982,-13.09409682,1.74287435,1,1
12,-4,9,11.8905,0.7293088766,13.59883895,-73.00861993,-18.09613841,1.59959185,1,1
12,-4,10,7.564772727,0.8287119383,6.626201665,-49.90878411,-16.30678603,1.47491362,1,1
12,-4,11,1.48097561,0.6256776457,1.692537973,-24.72181401,-9.643850655,1.36613987,1,1
12,-4,12,1.157391304,0.6094949721,0.6707127675,-16.6119897,-1.757408521,1.27084758,1,1
12,-4,13,-0.39475,0.8722980986,1.214469019,22.12887259,3.948005565,1.18695750,1,1
12,-4,14,0.07534883721,0.8202772368,0.8520979538,17.92128431,5.773963368,1.11272367,1,1
12,-4,15,0.6752272727,0.8448797711,0.08122798542,4.139487916,4.081560503,1.04669441,1,0
12,-4,16,0.95225,0.7830805754,0.06803383388,-5.284106405,0.619156855,0.98766681,0,1
12,-4,17,0.2127083333,0.7571591184,0.1060241042,-6.10681033,-2.611065858,0.93464381,0,1
12,-4,18,0.867804878,0.8520005502,0.2332214173,-8.863550078,-4.297450657,0.88679686,0,1
12,-4,19,-0.8447368421,0.9026415528,0.1878005559,-7.786060726,-4.184583457,0.84343483,0,0
12,-4,20,-0.6756410256,1.035794713,0.03168842042,-2.241793944,-2.856250769,0.80397867,0,1
12,-4,21,-0.475,1.03843445,0.02331052216,-2.868922301,-1.211408592,0.76794082,0,1
12,-4,22,-0.578,1.562485301,0.0008896876082,-0.6077155468,0.0288424303,0.73490873,0,1
12,-3,0,43.61,1.683656786,20.76977335,-92.81031735,-5.234990982,3.13771117,1,1
12,-3,1,0.5183333333,0.4283576517,3.804114663,-39.75801262,-1.408288865,3.08318159,1,1
12,-3,2,22.46645833,0.7207114541,23.66144845,98.88113553,8.16995157,2.93521007,1,1
12,-3,3,24.37906977,0.8204611282,19.00896147,86.92058522,18.7988042,2.72982192,1,1
12,-3,4,7.53,0.5781049624,1.798209586,10.08185901,25.42621103,2.50339987,1,1
12,-3,5,23.07447368,0.8695160959,20.68040676,89.27451626,25.18015811,2.28106586,1,1
12,-3,6,24.89212121,0.9899278804,16.69088548,81.22226817,18.63068514,2.07587837,1,1
12,-3,7,2.296222222,0.4788046236,1.24726427,20.83748524,9.204197909,1.89260356,1,1
12,-3,8,1.484146341,0.5265611897,1.256624603,-22.83260022,1.218497829,1.73149657,1,1
12,-3,9,-0.1244680851,0.5121058256,0.08410389894,-5.45141378,-2.296321745,1.59078224,1,1
12,-3,10,0.2817391304,0.5611720227,0.7964562674,18.18374735,-0.8443765631,1.46799905,1,1
12,-3,11,-0.5790697674,0.5809143592,0.6265121616,15.70928319,3.725005692,1.36063959,1,1
12,-3,12,1.977209302,0.6365351212,2.149527441,28.66640303,8.516892574,1.26641626,1,1
12,-3,13,-0.2726315789,0.7531257467,0.3467914266,-4.46275966,11.15188826,1.18334467,1,1
12,-3,14,-0.03769230769,0.7295727497,0.5841373658,11.28088564,10.75960239,1.10974554,1,1
12,-3,15,0.986744186,0.8668216099,1.557915372,24.15904835,8.031392638,1.04421446,1,1
12,-3,16,1.282444444,0.8686263483,0.1661814575,6.979916291,4.518819683,0.98558240,0,1
12,-3,17,0.5639130435,0.8349604682,0.01011606662,1.143848645,1.703041135,0.93287682,0,1
12,-3,18,-0.004634146341,0.8367241938,0.007609214905,1.745231899,0.346325503,0.88528716,0,1
12,-3,19,0.8281395349,0.8627379474,0.0312207863,3.585804687,0.3622933241,0.84213562,0,0
12,-3,20,-1.078809524,0.9035970572,0.006185874883,-1.150162483,1.118359743,0.80285316,0,1
12,-3,22,1.216,1.51130066,0.04053976672,3.444594291,2.236322202,0.73404880,0,1
12,-3,23,10.91,6.43,0.01554257526,1.497722916,2.05505149,0.70377381,0,1
12,-2,0,23.28791667,1.053001579,20.1084329,-85.87819663,-31.47932813,3.04786027,1,1
12,-2,1,0.7320833333,0.3986266271,1.7390603,2.671619317,-26.76545861,2.99780908,1,1
12,-2,2,1.365833333,0.4046204589,3.438092131,-34.78496345,-14.84612147,2.86126376,1,1
12,-2,3,8.329111111,0.5009990513,4.73551472,-44.36921834,-1.248853662,2.67003496,1,1
12,-2,4,3.26875,0.6581996385,2.766735595,-32.97424991,7.986571494,2.45704947,1,1
12,-2,5,18.02818182,0.8107705385,16.02330666,-81.1230927,9.244473096,2.24583553,1,1
12,-2,6,7.749375,0.6079959556,6.575903618,-52.22595386,2.884700255,2.04922004,1,1
12,-2,7,4.662954545,0.5838318037,4.704514676,-43.63620991,-7.291840882,1.87233537,1,1
12,-2,8,4.429230769,0.601802778,3.904347731,-36.90060614,-16.20893511,1.71593563,1,1
12,-2,9,13.17479167,0.7032847192,12.6392927,-69.68963257,-20.04668331,1.57868979,1,1
12,-2,10,7.104883721,0.7677686509,7.088183874,-51.29524413,-17.8269828,1.45848000,1,1
12,-2,11,1.428888889,0.6131116383,2.191442241,-27.96037781,-11.39981741,1.35304962,1,1
12,-2,12,1.946428571,0.6836757439,1.794640377,-27.01690688,-4.091195364,1.26028958,1,1
12,-2,13,1.36,0.7420431192,0.6824016566,16.81427848,1.090792895,1.17834169,1,1
12,-2,14,0.4471428571,0.7778021751,1.175232762,21.94231588,2.735777064,1.10561604,1,1
12,-2,15,1.092439024,0.9086675303,0.01076100933,1.679413538,1.28710302,1.04077196,1,1
12,-2,16,-0.06069767442,0.7583533013,0.1152416215,-6.732549973,-1.618168738,0.98268628,0,1
12,-2,17,1.406136364,0.9009039515,0.5282124998,-14.21975833,-4.19030274,0.93041979,0,1
12,-2,18,-0.9119512195,0.8399259903,0.426475049,-12.21261571,-5.318347947,0.88318647,0,1
12,-2,19,0.1853333333,0.9823793832,0.3416247276,-10.88749297,-4.85734013,0.84032678,0,1
12,-2,20,-0.723902439,0.9490655788,0.1128903054,-5.954677531,-3.392530241,0.80128536,0,1
12,-2,21,0.1519444444,1.127156122,0.04166890845,-3.778990753,-1.747961518,0.76559266,0,1
12,-2,23,4.37,6.76,0.007258951807,1.737737782,-0.01783055074,0.70271705,0,1
12,-1,0,52.61083333,1.974332781,32.99414342,-115.1381446,-21.68537991,2.94293097,1,1
12,-1,1,4.7025,0.4241326935,5.70316358,-45.54651804,-17.27099668,2.89779839,1,1
12,-1,2,2.377291667,0.468782161,0.3035762894,-9.405624621,-6.151066543,2.77392107,1,1
12,-1,3,7.930930233,0.5620771884,5.676276868,48.17186481,6.407650991,2.59864191,1,1
12,-1,4,2.034333333,0.5861312244,3.115645597,32.86980817,14.69096494,2.40107359,1,1
12,-1,5,24.544,0.8996531276,16.90530714,82.44841076,15.35017572,2.20284976,1,1
12,-1,6,7.493,0.6169229197,5.125248875,45.32109804,8.850547279,2.01640772,1,0
12,-1,7,2.355238095,0.5129864541,1.165411786,-21.99201407,-1.102293797,1.84720840,1,1
12,-1,8,3.477954545,0.5773888313,3.774325733,-38.42553623,-9.683360771,1.69653177,1,1
12,-1,9,2.069090909,0.5537807607,1.881940952,-24.581929,-13.36790449,1.56354008,1,1
12,-1,10,0.04704545455,0.6374384338,0.4104124382,-6.409510736,-11.38719503,1.44650903,1,1
12,-1,11,0.05826086957,0.6276723586,0.3257722019,-10.19145013,-5.627631526,1.34347519,1,1
12,-1,12,0.3505,0.6463217562,0.3492849682,12.03291951,0.7260226782,1.25254153,1,1
12,-1,13,-0.1662790698,0.6876280155,0.06896783066,2.144799965,4.908518463,1.17200156,1,1
12,-1,14,0.9195454545,0.7250296308,0.7535346134,16.75014099,5.739083292,1.10037381,1,1
12,-1,15,-0.103902439,0.7641162131,0.1692241445,7.489971017,3.78222046,1.03639552,1,1
12,-1,16,-0.2106521739,0.7427818058,0.001394506656,0.3886017993,0.6551077382,0.97899993,0,1
12,-1,17,-1.639534884,0.7760382881,0.08444299306,-5.587825985,-1.97693827,0.92728909,0,1
12,-1,18,0.5188636364,0.8653505819,0.04501165114,-2.961762499,-3.155128338,0.88050744,0,1
12,-1,19,-1.695238095,0.9448769646,0.02222723206,-1.083830373,-2.841274406,0.83801816,0,1
12,-1,20,0.8230952381,0.9886665246,0.02711836037,-2.927784231,-1.646370995,0.79928305,0,1
12,-1,21,-2.902647059,1.113209081,0.000586774681,-0.3494739028,-0.3492744727,0.76384561,0,1
12,-1,23,3.55,4.515597967,0.007070073401,1.543966736,0.7467498465,0.70136533,0,1
12,0,0,1.981666667,0.8375847613,3.0282656,-20.1849346,-29.1969715,2.82829463,1,1
12,0,1,46.3626087,1.813666977,23.19165209,-94.94213823,-25.19446443,2.78816327,1,1
12,0,2,3.45,0.744805441,0.5581962058,-2.054692299,-15.10009848,2.67730052,1,1
12,0,3,20.20210526,1.080576818,8.067028215,-57.8175293,-3.657864816,2.51869864,1,1
12,0,4,2.387777778,0.7336165278,1.04853478,-20.50156469,3.990424382,2.33758843,1,1
12,0,5,21.5215,1.19886978,21.66417356,-94.81469838,4.841883246,2.15351838,1,1
12,0,6,6.258461538,0.9331159228,4.854643785,-44.93670934,-0.6651141093,1.97836612,1,1
12,0,7,1.9715,0.8781752238,1.055691599,-18.84164002,-9.176480901,1.81782917,1,0
12,0,8,15.56625,0.9808709459,15.41673062,-78.40211478,-16.3450888,1.67368656,1,1
12,0,9,14.01421053,1.11452908,10.82645343,-64.36274756,-19.01915951,1.54560290,1,1
12,0,10,7.713333333,0.8670896404,6.911024612,-51.00294903,-16.55283518,1.43227051,1,1
12,0,11,-0.5779166667,0.7661742078,0.515731516,-10.00087178,-10.70280696,1.33204458,1,1
12,0,12,1.743,0.9168940779,3.683057222,-38.89829203,-4.386385758,1.24326297,1,1
12,0,13,-0.4188888889,0.9765860793,0.9346283406,19.71887184,-0.1163248587,1.16438974,1,1
12,0,14,0.5854545455,0.9933140124,0.2142398356,9.381915902,1.055018564,1.09406678,1,1
12,0,15,-0.2590909091,1.047573347,0.002939830249,-1.056175293,-0.3280173692,1.03112077,1,1
12,0,16,0.9317391304,1.042542787,0.4772616555,-13.81675218,-2.767612623,0.97455024,0,1
12,0,17,1.581818182,1.136151253,0.2868450983,-9.843584127,-4.737543401,0.92350526,0,1
12,0,18,-1.144285714,1.204166708,0.2820396983,-9.405337836,-5.374088155,0.87726593,0,1
12,0,19,-1.6225,1.258163741,0.3708177281,-11.51097014,-4.666307338,0.83522218,0,1
12,0,20,-1.024545455,1.383048382,0.08987902852,-5.21203072,-3.198195625,0.79685604,0,1
12,0,21,-0.4433333333,1.539574833,0.07146549121,-5.181359513,-1.698932943,0.76172648,0,1
12,0,22,0.5471428571,2.347829653,0.001145018493,-0.1528658046,-0.6730611063,0.72945675,0,1
13,-6,0,7.619166667,0.6470438923,16.65010558,81.73996165,15.67710655,3.01164678,1,1
13,-6,1,1.351666667,0.392811105,2.639071206,31.41729189,10.5321471,2.96333058,1,1
13,-6,2,1.883125,0.5120968537,0.5631720704,15.11726632,-2.402743643,2.83123930,1,1
13,-6,3,0.69875,0.3991307286,2.448255496,27.05541531,-16.92893778,2.64558751,1,1
13,-6,4,8.268055556,0.6372851421,10.47851304,-60.54987541,-26.32955446,2.43795813,1,1
13,-6,5,39.51577778,1.158580102,42.31183403,-129.9674113,-26.68517443,2.23122856,1,1
13,-6,6,23.60675676,0.8771291324,21.14623809,-91.93862282,-18.57622238,2.03810527,1,1
13,-6,7,0.7406818182,0.4979570736,1.854274697,-27.0284022,-6.397434753,1.86384613,1,1
13,-6,8,0.1165217391,0.4689390451,0.08346061054,4.181511193,4.15190715,1.70939389,1,1
13,-6,9,1.040434783,0.5623825229,1.750170372,25.46576735,8.924365961,1.57359106,1,0
13,-6,10,3.367777778,0.6166773045,2.545147427,31.77096123,7.035755647,1.45445672,1,1
13,-6,11,0.262826087,0.5787476621,0.1840563434,8.719930408,0.733848162,1.34983544,1,0
13,-6,12,0.5715,0.8071687262,0.1599752895,-5.284515091,-6.215369491,1.25769095,1,1
13,-6,13,0.06090909091,0.6677120711,0.8209599909,-15.16587652,-10.56184076,1.17621689,1,1
13,-6,14,0.98875,0.8221857351,0.8790203713,-15.6827257,-10.94368018,1.10386032,1,1
13,-6,15,-0.65,0.8014362108,0.4928410286,-11.83148263,-8.065981605,1.03930700,1,1
13,-6,16,0.05159090909,0.7608508884,0.1186834279,-5.865637325,-3.869359674,0.98145287,0,1
13,-6,17,-0.4684782609,0.7720294922,0.002836539295,1.033742788,-0.3339218607,0.92937271,0,1
13,-6,18,0.4415,0.995326293,0.009624301845,-1.416153321,1.413737009,0.88229075,0,1
13,-6,19,0.2793023256,0.8575356796,0.005250450731,-0.6078738117,1.347187125,0.83955512,0,1
13,-6,20,0.2084210526,0.9477060436,0.0001094607768,-0.04152527045,0.2093233376,0.80061625,0,1
13,-6,21,-0.009428571429,1.038799076,0.002742729288,-0.07957433001,-1.065254291,0.76500898,0,1
13,-6,22,-0.381875,1.502425903,0.02006337452,-2.239681481,-1.825128298,0.73233795,0,1
13,-5,0,5.33375,0.7697328759,2.551894334,29.40031882,-14.04720987,2.98820949,1,1
13,-5,1,-0.1608333333,0.4627275972,1.11356121,-16.14137829,-14.23894199,2.94099503,1,1
13,-5,2,2.429791667,0.3969760917,3.054851857,-32.49751976,-14.65834296,2.81174026,1,1
13,-5,3,5.757708333,0.4482302908,8.61152358,-57.96307461,-14.93530113,2.62965742,1,1
13,-5,4,0.7003030303,0.5189247122,1.692025034,-22.07744468,-14.71546716,2.42547507,1,1
13,-5,5,1.75675,0.5263894176,1.006749925,-15.04138891,-13.87839622,2.22164744,1,1
13,-5,6,3.764193548,0.6838024261,6.01901965,-48.42697049,-12.60997608,2.03079511,1,1
13,-5,7,5.011395349,0.510935631,3.73599972,-37.77389399,-11.29056675,1.85825037,1,1
13,-5,8,0.9518181818,0.6054702428,0.7594513129,-14.50468273,-10.2752174,1.70507407,1,1
13,-5,9,-0.3247619048,0.5316679462,0.4724365566,-10.11965602,-9.702959564,1.57021923,1,1
13,-5,10,1.61173913,0.5635564224,2.57530462,-31.34086253,-9.444200314,1.45179295,1,1
13,-5,11,1.222553191,0.5663354201,1.18937787,-20.25166064,-9.203528933,1.34770533,1,1
13,-5,12,0.7518918919,0.7573738448,0.3014913999,-7.049783953,-8.702558965,1.25596742,1,0
13,-5,13,-0.4807142857,0.6806768923,0.1966510667,-4.527872342,-7.83032969,1.17480673,1,1
13,-5,14,1.475238095,0.7404426461,0.3297360798,-9.619180796,-6.682544776,1.10269447,1,1
13,-5,15,1.909069767,0.7416442785,0.3498211865,-10.74487951,-5.485336461,1.03833378,1,1
13,-5,16,-0.6897727273,0.749662424,0.3806831394,-11.7666189,-4.46407801,0.98063318,0,1
13,-5,17,0.9393478261,0.7647567784,0.0786312789,-4.330105201,-3.736888887,0.92867661,0,1
13,-5,18,-0.5921428571,0.8659421524,0.02621336847,0.3538785428,-3.283399243,0.88169511,0,1
13,-5,19,0.6670731707,1.017007581,0.04197838769,-2.921412568,-2.988351799,0.83904186,0,1
13,-5,20,0.4213157895,0.9333139879,0.06496481954,-4.430430771,-2.720215221,0.80017111,0,1
13,-5,21,-1.129032258,1.076177525,0.03471266424,-2.949396304,-2.396474802,0.76462060,0,1
13,-5,22,0.6666666667,1.620853273,0.01529651636,-1.528713196,-2.006757323,0.73199721,0,1
13,-5,23,4.37,4.310757861,0.01685814983,-2.114561841,-1.5944833,0.70196513,0,1
13,-4,0,51.87391304,1.987357204,39.53525261,117.8866734,50.50916749,2.94293097,1,1
13,-4,1,45.95680851,1.261826929,54.3225168,144.6835486,40.83236097,2.89779839,1,1
13,-4,2,7.916875,0.5011792084,2.624870466,28.67040396,16.4338718,2.77392107,1,1
13,-4,3,2.205454545,0.4361663853,1.745613395,-24.51715431,-11.18762045,2.59864191,1,1
13,-4,4,5.435666667,0.5564075245,4.72637179,-33.07982048,-29.53148792,2.40107359,1,1
13,-4,5,8.115,0.5975112195,15.05927331,-72.7335352,-31.22768103,2.20284976,1,1
13,-4,6,33.719375,1.248086504,17.40518599,-83.33584948,-17.21849623,2.01640772,1,1
13,-4,7,1.417317073,0.5273058566,1.863804295,-27.48808094,4.453295944,1.84720840,1,1
13,-4,8,9.056,0.6067860281,12.78430103,69.12841464,23.24019529,1.69653177,1,1
13,-4,9,19.9275,0.9144734807,20.87689927,87.75906201,31.36999163,1.56354008,1,1
13,-4,10,16.96478261,0.9349809856,13.62776679,70.26728214,27.06054606,1.44650903,1,1
13,-4,11,2.04255814,0.7244167542,3.880730053,37.52981666,14.3551787,1.34347519,1,1
13,-4,12,-0.5664102564,0.6464821612,0.0003834922899,-0.3446591124,0.2018914114,1.25254153,1,1
13,-4,13,0.6734090909,0.6749452074,0.829045316,-16.07870048,-9.294920152,1.17200156,1,1
13,-4,14,0.924047619,0.7213679057,1.629635578,-23.38345145,-11.45495156,1.10037381,1,1
13,-4,15,0.6423913043,0.7196565685,0.8427614055,-17.18949232,-7.426170876,1.03639552,1,1
13,-4,16,-1.322325581,0.7988375301,0.106146823,6.607287302,-0.7110614501,0.97899993,0,1
13,-4,17,-0.2864583333,0.7418399552,0.2692241938,9.316085739,5.021944185,0.92728909,0,1
13,-4,18,0.05652173913,1.007481876,0.3284538531,8.871103985,7.612824309,0.88050744,0,1
13,-4,19,0.4843181818,0.8400475931,0.1996298212,5.934906173,6.916059254,0.83801816,0,1
13,-4,20,0.6253846154,0.9437023344,0.1265560099,5.891181349,4.236387156,0.79928305,0,1
13,-4,21,-0.2412903226,1.105881514,0.01323442909,1.964290078,1.283620818,0.76384561,0,1
13,-4,22,2.098125,1.560751271,0.003427152444,-0.9585432902,-0.7120704767,0.73131716,0,1
13,-4,23,1.476666667,3.77709618,0.005884124745,-0.7635906263,-1.365646357,0.70136533,0,1
13,-3,0,21.34,0.9959289529,32.16288488,-111.5619804,-30.57992215,2.87871384,1,1
13,-3,1,10.15638298,0.5881922025,5.389046408,-38.8758814,-27.03241761,2.83642997,1,1
13,-3,2,8.946041667,0.4847399611,10.70660595,-64.26184653,-18.02345253,2.71994880,1,1
13,-3,3,4.693,0.47690801,8.227039593,-58.00548199,-7.627755902,2.55410990,1,1
13,-3,4,-0.3268571429,0.4709458134,0.8192362074,18.45885822,-0.3311684777,2.36581405,1,1
13,-3,5,8.28,0.5588889002,12.96171684,73.42619366,1.118674396,2.17552697,1,1
13,-3,6,7.5015625,0.6263097215,4.12579344,41.31288951,-3.124235745,1.99538871,1,1
13,-3,7,3.299047619,0.5616063746,1.1185941,-18.92918007,-10.34754138,1.83100842,1,1
13,-3,8,1.580243902,0.5652860799,2.633502596,-28.50599687,-16.8244971,1.68395568,1,1
13,-3,9,5.840652174,0.5883766583,6.463285947,-47.98392653,-19.6611426,1.55367926,1,0
13,-3,10,7.281521739,0.6887751481,5.846048062,-45.91673834,-17.99644812,1.43869022,1,1
13,-3,11,2.389772727,0.6017709745,2.5072458,-29.53916232,-13.06005137,1.33720401,1,1
13,-3,12,0.0007317073171,0.6725533246,0.2547436735,-7.316104586,-7.24288911,1.24745486,1,1
13,-3,13,-0.05902439024,0.7696683483,0.01935079183,-0.431148419,-2.804444869,1.16783122,1,1
13,-3,14,-0.8333333333,0.72276348,0.153759659,-7.946652803,-0.9064463205,1.09692013,1,1
13,-3,15,0.8268888889,0.7272139878,0.1603049815,-8.051982595,-1.363693749,1.03350838,1,1
13,-3,16,-0.62,0.7452713743,0.02532252874,1.063420011,-3.066667424,0.97656529,0,1
13,-3,17,-0.2730434783,0.8043858563,0.09854977756,-4.333603779,-4.713917634,0.92521943,0,1
13,-3,18,-1.513333333,0.8018328387,0.1564884252,-5.966563392,-5.431974457,0.87873490,0,1
13,-3,19,-1.271333333,0.8879850986,0.07770530608,-2.659204342,-5.025687567,0.83648961,0,1
13,-3,20,0.31475,0.9258964237,0.04545191219,-2.02137154,-3.850207453,0.79795648,0,1
13,-3,21,0.2221428571,1.145954174,0.04997989523,-3.827660137,-2.478488019,0.76268754,0,1
13,-3,22,0.116,2.039164426,0.01700891588,-2.273210278,-1.381661775,0.73030063,0,1
13,-3,23,0.07,6.75,0.001690324604,0.3462198183,-0.7637950771,0.70046850,0,0
13,-2,0,222.3504167,7.703424867,227.7485277,298.0184349,77.06261265,2.79928571,1,1
13,-2,1,70.84893617,1.84417294,55.12279696,136.8837923,64.77955621,2.76035974,1,1
13,-2,2,9.259375,0.4948013157,18.21379582,80.22580766,33.78725021,2.65265480,1,1
13,-2,3,-0.6226315789,0.452179908,0.07812138061,-5.5325647,-1.375767719,2.49814604,1,1
13,-2,4,5.04925,0.5446591957,7.316088289,-49.22885477,-24.90666043,2.32113039,1,1
13,-2,5,13.20675,0.6712024192,12.27767454,-65.97169797,-27.49181771,2.14062958,1,1
13,-2,6,3.948387097,0.6396193587,1.646985535,-24.05425635,-10.32534894,1.96835934,1,1
13,-2,7,16.27357143,0.8724342054,12.15078287,69.17604055,16.43008656,1.81005693,1,1
13,-2,8,33.335,1.158028092,31.72494485,107.8981152,39.45885315,1.66761454,1,1
13,-2,9,50.9323913,1.49451728,46.53662324,130.2443039,48.96682781,1.54081712,1,1
13,-2,10,25.14204545,1.033310101,21.54459514,84.48076816,42.73781312,1.42845969,1,1
13,-2,11,5.574375,0.6692015133,7.969332284,51.42038831,25.91417436,1.32897744,1,1
13,-2,12,-0.8304761905,0.7356922481,0.6170463147,14.26502988,7.295748759,1.24076804,1,1
13,-2,13,1.096097561,0.7478891334,0.924731683,-18.85654966,-5.400047987,1.16233940,1,1
13,-2,14,2.88425,0.7762947735,2.107460364,-28.27475884,-8.794108097,1.09236541,1,1
13,-2,15,1.178571429,0.8276187502,0.1434371447,-6.386170325,-4.34662328,1.02969612,1,1
13,-2,16,2.436666667,0.8599052097,0.1494683078,7.059602575,3.513908372,0.97334718,0,1
13,-2,17,0.7736956522,0.8302496778,1.430865825,22.18315219,10.15934625,0.92248132,0,0
13,-2,18,1.176590909,0.9358079201,1.314554101,19.52337547,12.87444979,0.87638808,0,1
13,-2,19,2.355813953,0.9341018173,0.7760382571,13.81502649,11.48964193,0.83446449,0,1
13,-2,20,0.5430769231,0.9418939961,0.3673813173,9.702663934,7.661949417,0.79619795,0,1
13,-2,22,0.649,1.938401661,0.006380851488,1.467881566,0.7071386002,0.72895183,0,1
13,-2,23,3.38,5.85,0.01768904246,-2.683880025,-0.3952537104,0.69927806,0,1
13,-1,0,24.07833333,1.088719942,18.0745547,-80.09642066,-33.23238357,2.70866982,1,1
13,-1,1,25.09765957,0.8095059772,27.34727663,-102.838045,-28.32020353,2.67335632,1,1
13,-1,2,4.585454545,0.6042783908,3.813701874,-36.52428995,-15.89489856,2.57516591,1,1
13,-1,3,1.3435,0.4366835954,1.242723076,22.6741866,-1.705863713,2.43310486,1,1
13,-1,4,0.3153658537,0.4856853465,0.8658330157,17.22859993,7.962463965,2.26868113,1,1
13,-1,5,10.05472222,0.7483344985,12.41737528,71.26648533,9.342100368,2.09928145,1,1
13,-1,6,4.906111111,0.6852248244,3.152215059,36.10621273,2.793686377,1.93606838,1,1
13,-1,7,0.9851219512,0.5244213264,0.3319058649,-8.835491755,-7.747377464,1.78485179,1,1
13,-1,8,6.614285714,0.6648785086,6.108735738,-47.45454918,-17.01689331,1.64784178,1,1
13,-1,9,5.242093023,0.6038180755,5.834104801,-44.54566835,-21.04598543,1.52517986,1,1
13,-1,10,4.505555556,0.6047926693,3.507381231,-33.25114539,-18.80398143,1.41597325,1,1
13,-1,11,2.350909091,0.5883080429,2.021017005,-26.31224363,-12.18605079,1.31890460,1,1
13,-1,12,-0.7353658537,0.6985158568,0.2811431665,9.77964689,-4.618085368,1.23255879,1,1
13,-1,13,0.62,0.6595927848,0.2539691721,-10.24855984,0.7934877015,1.15558235,1,1
13,-1,14,0.3269767442,0.71724128,0.01795061415,0.8979426088,2.58107771,1.08675101,1,1
13,-1,15,0.5142222222,0.8095927701,0.3210881085,11.49744655,1.181448895,1.02498960,1,1
13,-1,16,1.022954545,0.8272878189,0.0108951112,-1.227618474,-1.739485357,0.96936892,0,1
13,-1,17,-0.5595238095,0.9293707331,0.1513400739,-6.635000562,-4.352131318,0.91909262,0,0
13,-1,18,0.1863414634,0.9734251669,0.2137401785,-7.649951443,-5.513961665,0.87348083,0,1
13,-1,19,1.002222222,0.8566496808,0.1019821893,-4.096321282,-5.064516843,0.83195365,0,1
13,-1,20,-0.4754545455,0.8823563845,0.08683143185,-4.822266591,-3.587691051,0.79401606,0,1
13,-1,21,-0.7693103448,1.245672997,0.01122126522,-1.002297918,-1.914144732,0.75924465,0,1
13,-1,22,0.065,1.962820929,0.001102938014,0.01187236187,-0.6772967456,0.72727628,0,1
13,0,0,182.3516667,9.015516023,142.2736011,228.5218597,83.48639727,2.61073351,1,1
13,0,1,189.9269565,6.746995705,157.5260748,245.8650431,71.33242393,2.57906984,1,1
13,0,2,15.815,0.9358586966,17.64601505,75.41195342,40.67644809,2.49057269,1,0
13,0,3,0.2685714286,0.9158457672,0.4762272858,12.77098324,5.918949506,2.36137823,1,1
13,0,4,0.295,0.749520373,4.388707575,-39.0628327,-17.32036081,2.21020075,1,1
13,0,5,32.87083333,2.329441167,18.78721594,-86.1424511,-19.89485306,2.05269032,1,1
13,0,6,0.8152631579,0.7711095722,0.08680866538,5.156408846,-3.086706674,1.89933976,1,1
13,0,7,38.33285714,1.756448695,27.1524107,103.7733874,22.97190667,1.75595183,1,1
13,0,8,87.20736842,3.654393895,65.63661364,158.9745238,45.10969966,1.62501790,1,1
13,0,9,48.26952381,2.129887683,40.40438921,117.992839,53.73763695,1.50702906,1,1
13,0,10,31.855,1.5106532,25.92669936,92.70495981,46.82375242,1.40141311,1,1
13,0,11,8.881304348,1.0303072,7.971440371,49.39920592,29.60061284,1.30711429,1,1
13,0,12,0.3340909091,0.8814280667,0.2832879563,0.6891364478,10.83446472,1.22291952,1,1
13,0,13,-0.3725,1.012051038,0.06584857631,-4.881935439,-1.887505393,1.14762736,1,1
13,0,14,1.58,1.063109943,0.2695667171,-9.142514065,-5.34474682,1.08012664,1,1
13,0,15,-0.6063636364,0.9896301171,0.269398752,-10.52845155,-1.11072453,1.01942607,1,1
13,0,16,0.1945454545,1.175026338,0.6569277291,15.25924603,6.361359975,0.96465880,0,1
13,0,17,3.075294118,1.268281948,1.526733351,21.88261136,12.5036427,0.91507506,0,1
13,0,18,2.2015,1.340539812,1.5918019,21.11950912,14.70467748,0.87003003,0,1
13,0,19,1.211,1.576184417,1.105640222,17.14252892,12.88913406,0.82897036,0,1
13,0,20,0.5023809524,1.488551374,0.7282814023,15.04123371,8.761228039,0.79142132,0,1
13,0,21,2.668571429,1.722065224,0.1798152892,7.402537533,4.473666079,0.75697513,0,1
13,0,22,0.5233333333,3.381467466,0.005732797245,0.213446701,1.52955617,0.72528080,0,1
14,-7,0,53.42454545,2.972990675,17.07318878,83.5056248,11.40286259,2.79928571,1,1
14,-7,1,1.79875,0.6742041235,3.216249067,34.87123842,11.04993397,2.76035974,1,0
14,-7,2,1.270416667,0.6970791752,2.562574091,-31.07166457,10.03482796,2.65265480,1,1
14,-7,3,2.835,0.6733476853,11.66094608,-69.129848,8.517177085,2.49814604,1,1
14,-7,4,0.2147619048,0.6495618618,2.171864812,29.27669875,6.816772188,2.32113039,1,1
14,-7,5,1.8255,0.6821959029,0.1206339245,-4.600909663,5.387092921,2.14062958,1,1
14,-7,6,0.6977777778,0.7426504088,0.06438880645,-2.23050436,4.670491474,1.96835934,1,0
14,-7,7,1.294583333,0.6317679393,1.061506171,20.43965453,4.88414233,1.81005693,1,1
14,-7,8,5.32,1.028069473,4.774025226,44.17942015,5.864137626,1.66761454,1,1
14,-7,9,4.614090909,1.029435953,4.670414793,43.50719683,7.087065505,1.54081712,1,1
14,-7,10,0.2259090909,0.8399202856,0.3792982429,9.775533386,7.889491779,1.42845969,1,1
14,-7,11,0.8673913043,0.8927433,0.2522474034,6.664278218,7.780338305,1.32897744,1,1
14,-7,12,2.206666667,0.9803161496,2.911737171,-34.15915634,6.675754531,1.24076804,1,1
14,-7,13,0.1216666667,1.052948242,0.1941985896,7.518200358,4.926663531,1.16233940,1,1
14,-7,14,0.84,0.9668921253,0.1128655298,6.096265133,3.129327336,1.09236541,1,1
14,-7,15,0.6555555556,1.142130076,0.009799296217,0.8511190954,1.830995461,1.02969612,1,0
14,-7,16,-0.3956521739,1.17453949,0.004163004175,0.253403691,1.291426962,0.97334718,0,1
14,-7,17,0.9275,1.045468479,0.02812296777,3.114629689,1.414037388,0.92248132,0,0
14,-7,18,-0.545,1.095822481,0.1132998811,6.610119237,1.855847919,0.87638808,0,1
14,-7,19,0.7819047619,1.255843484,0.01205060851,-0.1889652926,2.231117973,0.83446449,0,1
14,-7,20,0.1076470588,1.506385069,0.03316757152,2.924084119,2.291055218,0.79619795,0,1
14,-7,21,1.712857143,1.634756582,0.01141120568,0.868851314,1.998167246,0.76115159,0,1
14,-7,22,-0.05,2.445290826,0.03010182996,3.212251228,1.4849773,0.72895183,0,1
14,-7,23,1.36,6.63,0.006267187195,1.30810454,0.9467282307,0.69927806,0,1
14,-6,0,40.18541667,1.577099461,52.87428223,-147.0883484,-19.05512982,2.78981264,1,1
14,-6,1,3.984893617,0.5164720457,3.467435251,-35.77856737,-12.74767349,2.75127511,1,1
14,-6,2,0.68,0.4718375502,0.02606243544,0.9395061229,3.156021851,2.64458958,1,1
14,-6,3,4.05525,0.5692755166,2.514859556,24.47472626,21.14905417,2.49140617,1,1
14,-6,4,3.812926829,0.5292837134,3.937284974,23.38530363,33.03354749,2.31572115,1,0
14,-6,5,138.5773171,3.749172147,105.8508779,207.0959847,33.91136232,2.13638446,1,1
14,-6,6,100.9588889,2.978166654,84.03757687,185.4005965,24.29056637,1.96505733,1,1
14,-6,7,8.465454545,0.5650999888,6.795755996,52.34309528,9.356313831,1.80748825,1,1
14,-6,8,1.721590909,0.5090680291,2.780063028,-33.77636517,-3.973468193,1.66560517,1,1
14,-6,9,8.240652174,0.6159465754,9.251962111,-61.14953376,-10.4865152,1.53923171,1,1
14,-6,10,1.612391304,0.5555640112,2.467385963,-30.79975932,-8.82713956,1.42719616,1,1
14,-6,11,0.4623913043,0.5805800584,0.4429085555,-13.49416177,-1.475629872,1.32795975,1,1
14,-6,12,6.395675676,0.7470900939,5.64927518,47.95972121,7.086450097,1.23993972,1,1
14,-6,13,0.7994444444,0.7940405955,0.7789527567,12.65155481,12.80693376,1.16165835,1,1
14,-6,14,1.137391304,0.6871886303,1.232660835,17.96010538,13.79409218,1.09180005,1,1
14,-6,15,1.155,0.7526994504,1.176592141,19.38750294,10.66020614,1.02922255,1,0
14,-6,16,0.3486956522,0.7637127472,0.5242783973,13.65509026,5.626891713,0.97294714,0,1
14,-6,17,1.167391304,0.7746971785,0.00964287969,-1.661954083,1.117935779,0.92214076,0,1
14,-6,18,-0.2446666667,0.8033468879,0.02565734282,-2.969729408,-1.362099911,0.87609605,0,1
14,-6,19,-0.1390909091,1.059487332,0.03967267349,3.728628561,-1.613364833,0.83421238,0,1
14,-6,20,0.5205263158,0.9446707938,0.0006450940189,0.3014089331,-0.421355894,0.79597896,0,1
14,-6,21,0.2844444444,1.166809456,0.006219612777,1.168636648,1.105408123,0.76096025,0,1
14,-6,22,1.505,1.773641695,0.01631410975,1.507531462,2.124794698,0.72878375,0,1
14,-6,23,3.02,6.55,0.03519492418,3.035888749,2.329388625,0.69912969,0,1
14,-5,0,2.41625,0.6776447951,0.2530885648,-9.066206607,4.806259154,2.76196023,1,0
14,-5,1,2.368723404,0.5293297402,0.0944297533,3.725359681,5.040706396,2.72455013,1,1
14,-5,2,8.993333333,0.4969616312,8.797094316,60.24469366,5.528462576,2.62082827,1,1
14,-5,3,0.06552631579,0.5016149875,0.08120972028,-0.6301856699,5.778387599,2.47150924,1,1
14,-5,4,0.7060526316,0.5187722868,0.07082282452,0.7048279182,5.382257788,2.29971754,1,1
14,-5,5,29.39380952,1.006119542,21.16375371,-93.73554625,4.326783984,2.12379907,1,1
14,-5,6,0.492,0.5082235606,0.4005890547,-12.54621089,3.042311849,1.95525015,1,1
14,-5,7,2.01,0.5294672499,3.015783998,35.35633927,2.151997987,1.79984734,1,1
14,-5,8,1.047446809,0.49830137,0.719105125,17.17048647,2.086738736,1.65962036,1,1
14,-5,9,-0.3127272727,0.6721516808,0.08237285805,5.132222905,2.81622139,1.53450470,1,1
14,-5,10,0.7529166667,0.5733330724,0.5969534608,15.2785117,3.863492816,1.42342559,1,1
14,-5,11,2.4775,0.5925575346,1.540530095,24.89818606,4.583683881,1.32492068,1,1
14,-5,12,3.228421053,0.7040716073,3.315482411,-36.86338695,4.525543899,1.23746470,1,1
14,-5,13,-0.401025641,0.6756313433,0.1630062125,7.377798509,3.658689262,1.15962238,1,1
14,-5,14,-0.1371794872,0.7904714209,0.3147501843,11.19946255,2.349952272,1.09010923,1,1
14,-5,15,0.5525531915,0.7323293888,0.08305071299,5.768303608,1.131152734,1.02780574,1,1
14,-5,16,0.08930232558,0.7665983031,0.04225835251,-4.172568435,0.4135800834,0.97175000,0,1
14,-5,17,1.256,0.7778384738,0.004328653012,-1.305571264,0.3104803865,0.92112135,0,1
14,-5,18,0.4407317073,0.8611472917,0.001389059645,0.4074232501,0.6418080716,0.87522170,0,1
14,-5,19,-0.814,0.8976382255,0.00346220975,-0.5176240439,1.082820562,0.83345743,0,1
14,-5,20,0.61825,0.9535258382,0.01327053171,1.923549252,1.349480085,0.79532304,0,1
14,-5,21,0.2151724138,1.125720964,0.006309724551,0.9415585282,1.318558616,0.76038709,0,1
14,-5,22,1.064285714,1.628265479,0.009222574099,1.660444201,1.03919719,0.72828022,0,1
14,-5,23,4.805,7.605,0.002256357156,0.7096175211,0.6596886107,0.69868512,0,0
14,-4,0,10.74375,0.9472763803,3.174146803,-29.98358408,-20.5322322,2.71733759,1,1
14,-4,1,15.28625,0.6066783281,26.26497557,-103.4036659,-15.33275476,2.68168844,1,1
14,-4,2,7.915,0.5168860556,6.234443472,-50.88037391,-2.235289589,2.58261073,1,0
14,-4,3,11.90117647,0.6968263638,11.53557361,68.130705,12.55088188,2.43938138,1,1
14,-4,4,0.99125,0.5670059905,3.316229053,29.72495996,22.27391382,2.27376667,1,1
14,-4,5,26.38128205,0.9637551202,25.45796822,100.3238788,22.95167672,2.10330879,1,1
14,-4,6,12.36236842,0.6727882611,11.14685607,66.40617324,15.09350103,1.93922615,1,1
14,-4,7,2.384864865,0.6253199327,1.706444953,26.46987394,3.050187901,1.78732503,1,1
14,-4,8,1.468333333,0.545109883,2.676948953,-32.52670984,-7.466213646,1.64978747,1,1
14,-4,9,3.310652174,0.6158956717,3.747892517,-37.54378304,-12.23749394,1.52672220,1,1
14,-4,10,4.196956522,0.6027421132,3.559701565,-37.08440197,-10.28314791,1.41720718,1,1
14,-4,11,2.84255814,0.6260056444,2.973513828,-34.96908515,-3.778705231,1.31990159,1,1
14,-4,12,3.866829268,0.6806395058,3.276042246,36.75040424,3.519765623,1.23337239,1,1
14,-4,13,0.4692307692,0.7888727146,0.2308849539,5.204406406,8.304979362,1.15625276,1,1
14,-4,14,0.7317948718,0.9319092088,0.8688256033,16.68165312,9.121019031,1.08730856,1,1
14,-4,15,0.4317391304,0.7106155975,0.6575717157,15.17118859,6.588964596,1.02545735,1,1
14,-4,16,0.3154761905,0.7892623029,0.01657485408,0.2681489722,2.612275085,0.96976455,0,1
14,-4,17,1.514888889,0.788470562,0.01718598546,-2.548218608,-0.8103857528,0.91942981,0,1
14,-4,18,0.7642857143,0.8280974972,0.06451634614,-4.539111758,-2.49763228,0.87377026,0,1
14,-4,19,0.4676086957,0.8339770796,0.01629361258,-1.088937026,-2.364971888,0.83220372,0,0
14,-4,20,-0.411025641,0.9379293713,0.02846123208,-3.253309841,-1.121217232,0.79423345,0,1
14,-4,21,0.2648148148,1.162981481,0.01184434426,2.199518099,0.2998336457,0.75943470,0,1
14,-4,23,1.14,5.73,0.005039174669,0.1972938755,1.434433163,0.69794605,0,1
14,-3,0,1.487916667,0.5767380134,0.9405762826,16.57858942,-10.79223899,2.65834959,1,1
14,-3,1,2.306666667,0.4350071669,0.8942408662,-17.04295567,-9.032280664,2.62494392,1,1
14,-3,2,2.990714286,0.4378445241,2.952447078,34.73865453,-4.645072114,2.53181000,1,1
14,-3,3,0.0059375,0.5051605755,1.73662671,26.87903902,0.1791732461,2.39643686,1,1
14,-3,4,5.681666667,0.521272264,1.834357493,27.4474185,3.132804091,2.23886832,1,1
14,-3,5,24.61777778,0.9465199417,25.98417028,-103.9310366,2.987221066,2.07559380,1,1
14,-3,6,12.68714286,0.6786166743,10.73591773,-66.83265196,0.1463296742,1.91744029,1,1
14,-3,7,0.6142105263,0.5469568924,0.6392492425,-15.88243674,-3.701978856,1.77022491,1,1
14,-3,8,2.564883721,0.5752717469,1.748716167,-26.16035567,-6.571178798,1.63631047,1,0
14,-3,9,-0.1372916667,0.5203496114,0.4014262229,-10.72871062,-7.204591387,1.51602297,1,1
14,-3,10,0.08666666667,0.6012425835,0.1612530172,5.981867827,-5.595155685,1.40863675,1,1
14,-3,11,0.4576086957,0.5652374996,0.8890798096,19.02889888,-2.792527101,1.31296974,1,0
14,-3,12,1.466341463,0.6364729833,2.129834426,-29.76681796,-0.2085422673,1.22771077,1,1
14,-3,13,1.508108108,0.7138222612,1.193272025,22.25245638,1.132710207,1.15158425,1,1
14,-3,14,0.894047619,0.7093575229,0.9211273695,19.55052582,1.003676665,1.08342364,1,1
14,-3,15,-0.4376744186,0.7574253204,0.002935902771,1.100803285,-0.09848738492,1.02219648,1,1
14,-3,16,0.845952381,0.8670808931,0.383488162,-12.55755313,-1.362419794,0.96700525,0,1
14,-3,17,0.4554761905,0.9620475287,0.1397644066,-7.323373954,-2.125199995,0.91707724,0,1
14,-3,18,-1.206388889,0.8851547434,0.02575810662,-2.475236223,-2.142367111,0.87175031,0,0
14,-3,19,-0.3331578947,0.9027812136,0.08851254036,-5.858546617,-1.581970436,0.83045799,0,1
14,-3,20,-0.5928947368,1.014557967,0.003353310058,-0.8474270575,-0.8227971986,0.79271551,0,1
14,-3,22,5.73,2.061749742,0.0007635349678,0.5583815866,0.0766479054,0.72627649,0,1
14,-2,0,71.5125,2.631023677,93.99271385,-196.7281256,-20.08089263,2.58786533,1,1
14,-2,1,10.56934783,0.5403821695,6.992386855,-51.28682508,-16.69757735,2.55701670,1,1
14,-2,2,3.217380952,0.4660840971,5.362051925,-46.51410476,-8.20322469,2.47069556,1,1
14,-2,3,1.097317073,0.4485906147,0.08166032535,-5.679423713,1.310921621,2.34441623,1,1
14,-2,4,0.533902439,0.4748794268,0.1474587062,2.415435586,7.45084739,2.19627385,1,1
14,-2,5,11.845,0.7377562431,7.380763697,54.8732395,7.723816555,2.04151929,1,1
14,-2,6,1.67225,0.5830807315,0.6327532828,16.00984393,2.634146991,1.89047963,1,1
14,-2,7,5.919473684,0.610292378,4.373594603,-42.38221286,-4.833234325,1.74894356,1,1
14,-2,8,1.54047619,0.618149138,2.633247919,-31.24190809,-10.9312754,1.61945859,1,1
14,-2,9,6.116170213,0.5993251334,6.398232297,-49.91575478,-13.05258264,1.50259172,1,1
14,-2,10,3.655,0.7204971707,2.798207204,-32.36167391,-10.8121297,1.39784272,1,1
14,-2,11,1.091041667,0.5645111808,1.904575251,-27.53010323,-5.872172191,1.30421578,1,0
14,-2,12,-0.1607142857,0.6279756827,0.2258060088,9.659818408,-0.7958435247,1.22054483,1,1
14,-2,13,0.008461538462,0.6701014574,0.01384173338,0.5961661756,2.324514941,1.14566415,1,1
14,-2,14,-0.1006818182,0.8091045998,0.02217588171,-1.319399652,2.735936591,1.07848939,1,1
14,-2,15,1.380222222,0.7113057767,0.07065191706,-5.316359597,1.063342245,1.01804928,1,1
14,-2,16,-0.04720930233,0.8012979729,0.01719109046,2.328119384,-1.316103029,0.96349195,0,1
14,-2,17,0.2485365854,0.8111689482,0.1474137643,-7.192578621,-3.097994641,0.91407888,0,1
14,-2,18,0.16325,0.8845251796,0.1612554895,-7.346088476,-3.622778291,0.86917370,0,1
14,-2,19,-0.9141463415,0.8774985064,0.03486526789,-2.36425201,-2.985939123,0.82822954,0,1
14,-2,20,-1.564102564,1.053348988,0.02510907023,-2.708167633,-1.764179961,0.79077660,0,1
14,-2,21,-0.7877777778,1.419946764,0.01810744139,-2.677631126,-0.6031598624,0.75641093,0,1
14,-2,22,0.9022222222,2.056860247,0.002550958682,-1.025949456,0.09349487335,0.72478449,0,1
14,-1,0,1.523181818,0.604580826,2.573462854,-20.07937873,-25.8359222,2.50888266,1,0
14,-1,1,0.3111904762,0.511336774,1.191507831,-1.455011009,-22.21719618,2.48074312,1,1
14,-1,2,0.3881578947,0.4874934956,1.648588176,-22.68428249,-13.08855142,2.40168581,1,1
14,-1,3,2.08047619,0.4976922296,2.503926411,-32.16009012,-2.733978964,2.28521141,1,1
14,-1,4,3.414,0.5116693879,5.870616821,49.24210494,4.201882259,2.14737322,1,1
14,-1,5,0.8517857143,0.804541845,0.1535528055,-6.234010402,5.002198485,2.00206646,1,1
14,-1,6,9.867222222,0.679803042,6.536719842,-52.14946633,0.05196414314,1.85902239,1,1
14,-1,7,8.24575,0.6362708248,10.47081229,-65.5593231,-7.635715078,1.72394649,1,1
14,-1,8,4.7705,0.6088205232,2.86611396,-31.49924792,-14.15025559,1.59955209,1,0
14,-1,9,1.323902439,0.5930952169,1.987115677,-23.44094905,-16.6508687,1.48665057,1,1
14,-1,10,0.7682978723,0.6151849161,1.89540975,-24.02251483,-14.54285086,1.38498099,1,1
14,-1,11,0.2751219512,0.6616290983,0.2121208883,-0.4266124702,-9.384552975,1.29375059,1,1
14,-1,12,-0.07833333333,0.6625630307,0.3129659637,-10.76803873,-3.775879106,1.21195453,1,1
14,-1,13,1.150681818,0.7249726537,1.340612717,23.61680862,0.03942292859,1.13855097,1,1
14,-1,14,0.5693181818,0.6803984081,0.3510580184,12.0338812,1.114285817,1.07254922,1,1
14,-1,15,1.131428571,0.8159870057,0.02601260377,-3.288746555,-0.08099112661,1.01304838,1,0
14,-1,16,1.550454545,0.761201611,0.1396875666,-7.290106223,-2.229498477,0.95924948,0,1
14,-1,17,1.047,0.8849824133,0.1652611455,-7.271099886,-3.9858723,0.91045384,0,1
14,-1,18,0.598372093,0.8334692624,0.1339458781,-5.89093487,-4.58523694,0.86605532,0,1
14,-1,19,-1.476842105,0.9388111869,0.1931195343,-8.016621737,-4.010011289,0.82553008,0,1
14,-1,20,0.2451351351,1.161213551,0.07097008226,-4.678585491,-2.763618087,0.78842603,0,1
14,-1,21,0.03923076923,1.192279218,0.0361490562,-3.585531471,-1.477700165,0.75435291,0,0
14,-1,22,-1.632857143,3.226126023,0.0008384736202,0.006211433721,-0.5905964499,0.72297337,0,1
14,0,0,49.799,2.939093908,59.96618657,-157.2829512,-14.51567215,2.42425254,1,1
14,0,1,72.422,2.895471464,58.50900418,-155.4766994,-13.01437556,2.39883739,1,1
14,0,2,5.392,0.8029500214,2.483595154,-30.77163881,-9.294813875,2.32713469,1,1
14,0,3,3.101,0.6759497023,2.84786539,34.01610359,-5.267335497,2.22070784,1,1
14,0,4,15.32733333,1.141446228,12.73282802,-72.72549211,-2.903807134,2.09358778,1,1
14,0,5,11.845,1.129016903,8.395653843,59.01591051,-3.176794303,1.95826389,1,0
14,0,6,2.775,0.8402663452,2.311968784,30.50375219,-5.603938856,1.82379562,1,1
14,0,7,6.7275,1.339599287,3.252288592,-35.76093748,-8.61706005,1.69574239,1,1
14,0,8,16.62578947,1.481514026,15.87077663,-80.57906727,-10.48670656,1.57694662,1,1
14,0,9,4.252105263,0.9186023045,3.189725646,-34.96025087,-10.23964026,1.46844957,1,1
14,0,10,1.28125,0.8211363884,0.5784894469,-13.25091864,-8.06788641,1.37022899,1,1
14,0,11,1.951111111,1.137755757,2.415357739,-31.29183092,-5.071370924,1.28170153,1,1
14,0,12,2.585454545,1.041762311,1.848732363,27.61463084,-2.566709991,1.20203247,1,1
14,0,13,1.557619048,0.964161544,3.688725769,-39.14997352,-1.39837304,1.13031291,1,1
14,0,14,2.809565217,0.964147272,0.9055098507,-19.34228464,-1.615196927,1.06565398,1,1
14,0,15,-0.9814285714,1.048884841,0.01724327318,-0.5906806338,-2.61248422,1.00723218,1,1
14,0,16,-0.9579166667,1.135055859,0.08658299292,-4.823900341,-3.571051089,0.95430717,0,1
14,0,17,-0.312,1.241371186,0.1393769344,-6.538945041,-3.902470111,0.90622481,0,1
14,0,18,1.8365,1.201496567,0.09569644268,-5.268650059,-3.472081803,0.86241289,0,1
14,0,19,-0.9655555556,1.329869111,0.01700583328,0.7821706154,-2.542321943,0.82237360,0,1
14,0,20,-1.415,1.38538068,0.07902272071,-5.523585046,-1.538510725,0.78567493,0,1
14,0,21,-0.2428571429,2.507203635,0.002576151906,-0.6533371926,-0.8030850549,0.75194223,0,1
14,0,22,5.195,4.069401062,0.003640824227,-1.140278807,-0.4631532361,0.72085036,0,1
15,-7,0,14.14916667,0.8303700438,1.67248914,-25.28613764,-7.512787102,2.61073351,1,1
15,-7,1,0.1615909091,0.4259765155,2.545236911,-31.41576825,-8.48425419,2.57906984,1,1
15,-7,2,-0.09547619048,0.4904586967,1.315838299,20.72702371,-10.85534059,2.49057269,1,1
15,-7,3,0.4297058824,0.5567950825,1.41926036,20.33468828,-13.30325578,2.36137823,1,1
15,-7,4,0.8418181818,0.4963089206,0.5631214919,-5.00655409,-14.46438009,2.21020075,1,1
15,-7,5,20.46447368,0.7953187134,17.0986268,-83.22811681,-13.67035406,2.05269032,1,1
15,-7,6,21.07785714,0.796355538,20.25760531,-91.11084746,-11.26448689,1.89933976,1,1
15,-7,7,4.412325581,0.683175346,5.020122441,-44.93252655,-8.346546969,1.75595183,1,1
15,-7,8,1.46,0.5017961594,0.7769193594,-16.90036038,-6.132799181,1.62501790,1,1
15,-7,9,-0.06770833333,0.5022991842,0.2889452863,-9.586611767,-5.320818869,1.50702906,1,1
15,-7,10,0.5559090909,0.5512724293,0.2974615686,-9.48962551,-5.805549317,1.40141311,1,0
15,-7,11,0.3586956522,0.5720742942,0.1141464467,0.705433712,-6.855101786,1.30711429,1,1
15,-7,12,-0.4334883721,0.6223980126,0.3174891804,-8.63450799,-7.585186517,1.22291952,1,1
15,-7,13,-0.1287096774,0.7787903184,0.2717241234,-7.604145349,-7.431448958,1.14762736,1,0
15,-7,14,0.2197826087,0.6881312534,0.3234871884,-9.695393381,-6.370602098,1.08012664,1,1
15,-7,15,-0.6237209302,0.7310284139,0.2102919777,-8.014522798,-4.822690947,1.01942607,1,1
15,-7,16,-0.901627907,0.7424018947,0.1730099059,-7.794180839,-3.351216129,0.96465880,0,1
15,-7,17,-1.32,0.7816487338,0.04087471951,-3.381438353,-2.360423037,0.91507506,0,1
15,-7,18,1.013636364,0.8534107722,0.02984226318,-2.938115997,-1.945044591,0.87003003,0,1
15,-7,19,-0.2265116279,0.8501496067,0.03274282722,-3.145892867,-1.930245393,0.82897036,0,1
15,-7,20,0.8880555556,0.9702139178,0.03255670058,-3.06921356,-2.031004746,0.79142132,0,1
15,-7,22,0.1,2.06949745,0.02262923621,-2.481260411,-1.805028288,0.72528080,0,1
15,-7,23,5.66,6.58,0.01569001218,-2.109342565,-1.441674337,0.69603540,0,1
15,-6,0,25.07181818,1.22111255,27.08642419,103.8934455,21.80190453,2.59542115,1,1
15,-6,1,2.447857143,0.5643704453,3.489764836,34.27137227,16.65449541,2.56430477,1,1
15,-6,2,3.11902439,0.5189233466,4.178607991,-41.52755564,3.735109223,2.47726830,1,1
15,-6,3,0.2094444444,0.5536479233,0.7792627889,14.46912171,-10.71694433,2.35002955,1,1
15,-6,4,0.3125581395,0.4681427091,0.9924194089,3.666956399,-19.98610901,2.20088685,1,1
15,-6,5,7.822333333,0.6950856531,9.500391465,-59.52414832,-20.23526709,2.04522268,1,1
15,-6,6,27.6885,0.9958446164,23.43608848,-97.98964357,-12.18593204,1.89341921,1,1
15,-6,7,4.579047619,0.5514064166,4.6969913,-44.20445818,-0.3543634973,1.75127032,1,1
15,-6,8,1.861363636,0.5939681471,2.139004514,28.26385783,9.543398287,1.62130535,1,1
15,-6,9,8.555681818,0.6381797947,8.234236673,56.95690515,13.48049948,1.50406647,1,1
15,-6,10,2.85893617,0.5594965563,2.763778284,32.14929968,10.78325727,1.39902981,1,1
15,-6,11,-0.3464583333,0.550953049,0.07096794963,-3.786759671,3.896961772,1.30517981,1,1
15,-6,12,0.3372093023,0.6340220748,0.03604640081,-1.983785836,-3.325886078,1.22133485,1,1
15,-6,13,-0.2555555556,0.7006121111,0.346334109,-9.211899021,-7.696199529,1.14631743,1,1
15,-6,14,0.48225,0.7361737086,0.6778069993,-14.75510319,-8.017801172,1.07903431,1,0
15,-6,15,0.4345,0.760899057,0.4397961046,-12.49832508,-5.17366754,1.01850759,1,1
15,-6,16,0.4120454545,0.8777804859,0.009764467595,1.614322998,-1.206821891,0.96388043,0,1
15,-6,17,0.2257142857,0.8006554854,0.09186437245,5.878770142,1.913053447,0.91441058,0,1
15,-6,18,-1.261707317,0.857401342,0.02767025576,1.240062292,3.158214175,0.86945886,0,1
15,-6,20,0.1286486486,1.014868826,0.008923123844,1.546030924,1.149873623,0.79099133,0,1
15,-6,21,-0.244,1.228608514,0.0004916011211,0.3231351953,-0.3164045336,0.75659886,0,1
15,-6,22,0.3791666667,1.793252012,0.009690002575,-1.640363477,-1.15787939,0.72494982,0,1
15,-5,0,5.434545455,0.6486698087,14.66564528,-73.10632887,-27.51423116,2.56558774,1,1
15,-5,1,12.1975,0.6546825175,4.642796206,-36.37152973,-24.67233114,2.53551977,1,1
15,-5,2,0.6565,0.4359188571,1.900153682,-22.06449441,-17.42720589,2.45128687,1,1
15,-5,3,1.046052632,0.5203311042,2.660718656,-32.03528763,-8.984375979,2.32781458,1,0
15,-5,4,0.4681818182,0.4788294255,0.1079872106,-6.040725663,-2.904680941,2.18260693,1,1
15,-5,5,2.222666667,0.5617706135,1.205134337,22.34628744,-1.426022543,2.03052868,1,1
15,-5,6,0.71,0.6388586685,0.1714049313,7.129456002,-4.525817052,1.88174234,1,1
15,-5,7,2.5525,0.5178172561,3.436980445,-36.4294714,-10.14061671,1.74201853,1,1
15,-5,8,6.655609756,0.6168513532,7.395099839,-53.30646054,-15.33347643,1.61395595,1,1
15,-5,9,5.005681818,0.6327159149,6.597366487,-49.29700589,-17.73714976,1.49819334,1,1
15,-5,10,2.383125,0.5846958623,3.000194768,-31.22054657,-16.53763807,1.39429948,1,1
15,-5,11,1.327317073,0.5998584009,0.6295875313,-10.17191568,-12.58844189,1.30133648,1,1
15,-5,12,0.7130232558,0.6294029982,0.235004724,-6.155859862,-7.738082922,1.21818392,1,1
15,-5,13,-0.2864285714,0.6719949486,0.09286900995,-4.89745309,-3.827876631,1.14371098,1,0
15,-5,14,0.004473684211,0.7972905485,0.2238921205,-9.463351729,-1.89582937,1.07685956,1,0
15,-5,15,1.383953488,0.8506884802,0.1000127542,-6.159191978,-1.916809713,1.01667806,1,1
15,-5,16,1.010222222,0.7471831877,0.04422588255,-2.985702509,-3.079859959,0.96232934,0,1
15,-5,17,-0.7494871795,0.8357451489,0.09513120292,-4.549206256,-4.345524452,0.91308594,0,1
15,-5,18,0.1185365854,0.8756532447,0.09196809223,-3.702536735,-4.955207937,0.86831990,0,1
15,-5,19,0.7935714286,0.9421417653,0.09551249302,-4.231685963,-4.672293663,0.82749070,0,1
15,-5,20,1.342105263,1.027268205,0.07337109492,-4.08351696,-3.721634809,0.79013345,0,0
15,-5,21,0.2703846154,1.174850173,0.06492286182,-4.531277606,-2.545261209,0.75584798,0,1
15,-5,22,-0.953,1.886089075,0.01112368281,-1.499692728,-1.542359951,0.72428920,0,1
15,-4,0,50.75272727,2.031858653,40.73540439,119.9482849,50.59812095,2.52270581,1,1
15,-4,1,53.17809524,1.522076004,46.46614634,132.4544827,42.28258955,2.49410388,1,1
15,-4,2,0.72325,0.5382315996,3.410351855,31.03065234,21.35318283,2.41380333,1,1
15,-4,3,1.375,0.4617254429,4.568975062,-43.54163449,-2.241706384,2.29564258,1,1
15,-4,4,6.306363636,0.6442879685,5.050323979,-42.25990884,-17.75562142,2.15602147,1,1
15,-4,5,0.1593103448,0.5936258153,1.154615972,-10.96694566,-18.97625602,2.00906968,1,1
15,-4,6,0.8163157895,0.5540292628,0.8356392045,-17.31066854,-6.928510582,1.86462515,1,1
15,-4,7,0.0915,0.5467472052,0.6433020111,11.84425126,11.28522443,1.72841173,1,1
15,-4,8,21.47702703,1.058280581,20.43102996,88.2864618,26.56554742,1.60311688,1,1
15,-4,9,18.72604651,0.9299540433,20.03519638,85.35432066,32.4065273,1.48951124,1,1
15,-4,10,7.803617021,0.6336151233,8.065346671,50.93458106,27.59013453,1.38729308,1,1
15,-4,11,0.6593023256,0.5929882799,1.526617522,19.56097965,15.89055211,1.29563462,1,1
15,-4,12,0.8341860465,0.6299669482,0.1886689894,8.175337636,3.414475399,1.21350291,1,1
15,-4,13,-0.05871794872,0.6910698335,0.5171241545,-13.90167307,-4.678717702,1.13983443,1,1
15,-4,14,0.3304651163,0.7063273869,1.042516913,-19.83986013,-6.333552563,1.07362195,1,1
15,-4,15,0.339047619,0.725931765,0.1076668438,-6.075471525,-2.80764967,1.01395216,1,1
15,-4,16,0.9288636364,0.7843077916,0.2728239043,10.29874626,2.728157594,0.96001667,0,1
15,-4,17,0.5956410256,0.8239245575,0.5347658914,13.10154803,7.129944533,0.91110973,0,1
15,-4,18,-0.4351219512,0.8531858273,0.4918770178,11.36658334,8.685836281,0.86661981,0,1
15,-4,22,-0.76125,2.143653059,0.00112241186,0.6696256893,0.1362911108,0.72330166,0,0
15,-3,0,36.80363636,1.559602951,36.39966234,-118.0025452,-34.91842588,2.46873795,1,1
15,-3,1,21.0985,0.7835370923,14.48030711,-71.65105041,-29.84269079,2.44191342,1,1
15,-3,2,1.373,0.4553712085,3.039241064,-31.24121527,-16.98374179,2.36639968,1,1
15,-3,3,-0.1321428571,0.5040028547,0.01721957031,-1.461709618,-2.242213402,2.25475091,1,1
15,-3,4,0.06095238095,0.5196247205,0.1936895884,4.252793517,7.905525289,2.12203982,1,1
15,-3,5,9.193,0.7448400507,9.770839863,63.04211292,9.528954133,1.98148820,1,1
15,-3,6,13.28666667,0.7297468118,11.01793265,67.64203999,2.917207482,1.84251237,1,1
15,-3,7,0.2833333333,0.605380767,0.1877676381,3.868976447,-7.946748159,1.71075561,1,1
15,-3,8,8.13952381,0.6470311582,7.701297872,-53.78197528,-17.6517854,1.58899875,1,1
15,-3,9,10.4372093,0.7531996955,10.4662714,-62.19715123,-22.04436791,1.47816647,1,1
15,-3,10,4.080487805,0.6222310705,3.35814275,-31.6097871,-19.94893042,1.37811345,1,1
15,-3,11,0.9892857143,0.5933441297,0.9362917259,-14.6607389,-13.21371319,1.28814743,1,1
15,-3,12,-0.2528571429,0.6237510423,0.1759657139,-6.694976949,-5.327939305,1.20734470,1,1
15,-3,13,0.9802380952,0.7034582311,0.682082797,-16.83924482,0.4657941335,1.13472648,1,1
15,-3,14,0.4381818182,0.6968991606,0.03152264367,2.564331653,2.55715489,1.06935021,1,1
15,-3,15,-0.8697826087,0.7015448117,0.1704919607,8.321983329,1.294959252,1.01035149,1,1
15,-3,16,-0.9944186047,0.7777521278,0.03429079917,3.39289022,-1.659762373,0.95695889,0,1
15,-3,17,-0.4446153846,0.838293718,0.1152948674,-5.338222609,-4.412621816,0.90849464,0,1
15,-3,18,0.3535897436,1.027018042,0.1988226628,-7.064171782,-5.728581823,0.86436848,0,1
15,-3,19,-0.746,0.8794482645,0.1253806768,-4.826892082,-5.372626473,0.82406873,0,1
15,-3,20,0.3263888889,1.077658555,0.09502359099,-4.932398569,-3.899427301,0.78715271,0,1
15,-3,21,-0.5160869565,1.537878619,0.01549258825,-1.340141621,-2.156301035,0.75323741,0,1
15,-2,0,206.991,7.863085956,200.6384018,281.1248374,66.65903939,2.40590989,1,0
15,-2,1,77.1305,2.173111062,57.1741825,143.2311895,57.20016183,2.38106141,1,1
15,-2,2,10.48977273,0.6363972233,13.48554445,67.05392885,33.38208842,2.31089494,1,1
15,-2,3,1.041463415,0.4630675208,0.3145291388,9.419595422,6.490723717,2.20658264,1,1
15,-2,4,2.824594595,0.5255387858,4.259135146,-40.55237124,-11.29145803,2.08173954,1,1
15,-2,5,13.82944444,0.7275728613,8.738114219,-58.89041639,-12.93705905,1.94855756,1,1
15,-2,6,0.60575,0.5865182892,0.02170452137,2.982397255,0.3679184409,1.81594692,1,1
15,-2,7,24.56540541,1.012646504,23.60257686,96.93911825,20.55580692,1.68942805,1,1
15,-2,8,39.56409091,1.270199428,34.11308794,113.1361076,37.32024207,1.57186471,1,1
15,-2,9,39.49860465,1.300546771,34.60386054,111.8915199,43.32494166,1.46434345,1,1
15,-2,10,13.52409091,0.8599445209,12.46296723,61.62721733,37.24568641,1.36689112,1,1
15,-2,11,3.234761905,0.5993114908,2.646187004,23.51239185,23.41154146,1.27896847,1,1
15,-2,12,0.7722222222,0.6164325081,0.2728099031,6.050689355,8.768714365,1.19977717,1,1
15,-2,13,-0.6269767442,0.6680353896,0.004859623535,1.144326172,-0.8440021533,1.12843708,1,1
15,-2,14,1.003255814,0.7704435392,0.05689146818,-3.725480743,-3.128930091,1.06408157,1,1
15,-2,15,0.08234042553,0.7084951814,0.001234814057,-0.5542057652,0.4545263155,1.00590415,1,1
15,-2,16,0.3323684211,1.007549697,0.1864724523,6.159978457,6.295680652,0.95317745,0,1
15,-2,17,0.8219047619,0.8314525374,1.123341414,18.70509834,10.8388128,0.90525722,0,1
15,-2,18,1.377555556,0.8700455785,1.116019027,17.78268317,12.16923595,0.86157883,0,0
15,-2,19,0.8670731707,0.8914391909,0.7008295596,13.55371947,10.38620793,0.82165031,0,1
15,-2,20,0.2213513514,1.223405696,0.4082671667,11.03567422,6.933354435,0.78504414,0,1
15,-2,22,2.995,3.095556762,0.005115663323,0.7102194255,1.274336871,0.72036309,0,1
15,-1,0,42.42105263,1.893503765,19.89020372,-85.12475754,-32.07795587,2.33649399,1,1
15,-1,1,15.03025,0.7010586763,19.46382026,-85.848891,-26.9776354,2.31371485,1,1
15,-1,2,-0.0880952381,0.4483400981,0.6240122277,7.825459809,-14.08472007,2.24917782,1,1
15,-1,3,0.08189189189,0.6007791285,0.001942686483,0.6583477338,0.6122280937,2.15266256,1,1
15,-1,4,7.682571429,0.6811611864,7.418599889,54.54080939,10.57220054,2.03628164,1,1
15,-1,5,0.4421621622,0.5798867466,0.3692741845,3.527109824,11.88251533,1.91112726,1,1
15,-1,6,2.583589744,0.6398002268,2.248441584,30.18433165,4.935481558,1.78553586,1,1
15,-1,7,1.169166667,0.6486165222,1.101929506,20.50760177,-6.155527571,1.66485816,1,1
15,-1,8,3.724,0.6741458087,4.607198538,-40.79091213,-15.90293544,1.55201754,1,1
15,-1,9,9.797380952,0.6984382481,8.209087629,-54.84585659,-20.18122375,1.44825680,1,1
15,-1,10,3.470888889,0.5817508694,3.139510243,-31.37742506,-17.93417695,1.35377947,1,1
15,-1,11,-0.2713157895,0.5945094465,0.5387039187,9.986940177,-11.1528513,1.26820849,1,1
15,-1,12,2.584210526,0.6674963558,2.096321872,-29.33453422,-3.413109053,1.19088127,1,1
15,-1,13,0.6604545455,0.664958055,0.08008751416,5.393837699,2.055851129,1.12102608,1,1
15,-1,14,-0.9260869565,0.7086699441,0.2563065303,9.624231134,3.742889635,1.05786082,1,1
15,-1,15,0.3236842105,0.7818328491,0.4437385607,13.42037842,2.123357683,1.00064407,1,1
15,-1,16,-0.9897777778,0.9694727031,0.003170880836,-0.458713306,-1.053001039,0.94869834,0,1
15,-1,17,1.5625,0.870355494,0.1067910151,-5.422163055,-3.876856272,0.90141762,0,1
15,-1,18,1.424047619,0.8239294229,0.1749298445,-6.790002794,-5.164740784,0.85826665,0,1
15,-1,19,-1.9015,0.9018691701,0.2260279074,-8.447991029,-4.761221056,0.81877610,0,1
15,-1,20,1.557941176,1.091811507,0.05384675606,-3.407513082,-3.285046066,0.78253609,0,1
15,-1,22,-0.4066666667,3.556482344,0.004463222969,1.307178495,-0.384949264,0.71842382,0,0
15,0,0,314.6272727,16.06154812,196.6431052,279.1368978,62.40970205,2.26263570,1,1
15,0,1,160.0659091,5.881441536,140.897135,235.9876118,54.12387759,2.24193042,1,1
15,0,2,12.24173913,0.819571791,3.401441475,17.53323809,33.28270189,2.18306675,1,1
15,0,3,0.3214285714,0.7441378155,0.4927742758,-10.42521839,9.814840294,2.09448889,1,1
15,0,4,-0.453125,0.8987406554,1.097922513,-20.62469304,-5.604212452,1.98683323,1,1
15,0,5,1.4295,1.092104071,1.014203827,-19.35085209,-6.891947743,1.87007075,1,1
15,0,6,0.6935,0.7732417151,1.26020025,-22.39284425,4.781268258,1.75191649,1,1
15,0,7,8.521111111,1.0087659,6.649063028,47.66615451,22.23166823,1.63750477,1,1
15,0,8,63.26529412,2.974942528,52.32920902,142.988225,36.40978885,1.52978619,1,1
15,0,9,41.502,1.998006944,34.27206651,112.1521307,40.99537935,1.43014277,1,1
15,0,10,12.11863636,1.081443899,8.976824906,50.08390466,35.01950196,1.33894925,1,1
15,0,11,-0.9805263158,0.8783125662,1.240130695,-3.422389343,22.45523131,1.25599198,1,0
15,0,12,1.64,1.028406023,2.000865516,27.25490886,9.466784866,1.18074866,1,1
15,0,13,2.464347826,0.9381357454,1.3781178,23.91906434,1.112369934,1.11256174,1,1
15,0,14,-0.2816666667,0.9183812563,0.03954380158,3.986419047,-0.7486412336,1.05073935,1,1
15,0,15,-2.005,0.9927285215,0.1736673715,-8.142291949,2.440598614,0.99461038,0,1
15,0,16,-0.2052173913,1.05786281,0.3749820514,10.04592417,7.422183725,0.94355168,0,1
15,0,17,-0.1127272727,1.153359141,0.9218213706,16.14052322,11.090657,0.89699925,0,1
15,0,18,1.7625,1.600967806,0.8734241519,14.92416467,11.8597239,0.85445029,0,1
15,0,19,-0.7963636364,1.209007003,0.7558199931,14.69128533,9.930823556,0.81546069,0,1
15,0,20,1.756470588,1.470557411,0.4542280697,12.03182234,6.649403255,0.77964019,0,1
15,0,22,-8.95,6.19,0.005906927127,-0.3318939812,1.532120694,0.71618102,0,1
16,-8,0,3.873,0.9252680693,0.2321798311,-7.954682606,-5.772372132,2.44937500,1,1
16,-8,1,1.246,0.6395359646,0.6525641624,16.47218568,0.403916954,2.42317006,1,1
16,-8,2,3.0635,0.7380950855,2.325466289,26.71668462,15.92850781,2.34933002,1,1
16,-8,3,9.8755,0.8636173845,9.331388692,52.63619958,33.34228554,2.23997043,1,1
16,-8,4,134.3090476,5.097881157,93.45501402,192.0891133,44.5338399,2.10970479,1,1
16,-8,5,107.7547059,4.57532297,95.14484756,193.867871,44.71896341,1.97143420,1,1
16,-8,6,107.1556522,3.938160861,80.21519945,179.3937058,34.51130451,1.83442062,1,1
16,-8,7,15.0645,1.057021996,16.5430534,80.72235962,19.14562973,1.70427271,1,1
16,-8,8,2.373043478,0.9128140122,0.07811903185,1.490692785,5.50262363,1.58379981,1,1
16,-8,9,2.755833333,0.7429649218,1.137410143,-21.71345169,-1.319017299,1.47397852,1,1
16,-8,10,-0.9213043478,0.9759716562,0.05262880623,4.678238862,-0.1001613331,1.37471776,1,1
16,-8,11,4.185,0.8923747811,3.720975673,38.79011855,6.589384496,1.28537302,1,0
16,-8,12,-0.3709090909,0.878271217,0.6482426593,8.121590797,14.27367764,1.20505942,1,1
16,-8,13,5.698823529,1.119102149,5.857171103,45.56123821,19.00053324,1.13282863,1,1
16,-8,14,2.175238095,1.283075104,4.402150879,38.33495787,19.02429556,1.06776141,1,1
16,-8,15,2.04375,1.002247907,2.488809196,28.42531755,15.08170807,1.00901110,1,1
16,-8,16,1.65,1.867718062,0.8655793429,16.45837197,9.446795262,0.95581974,0,1
16,-8,17,-0.1057142857,1.263903547,0.2036172495,8.021026981,4.51409599,0.90751977,0,1
16,-8,18,-0.5142857143,1.173858398,0.06456940363,4.893753035,1.707324835,0.86352874,0,1
16,-8,19,-0.215,1.369451773,0.03169825459,3.447322715,1.141869561,0.82334096,0,1
16,-8,20,1.095882353,1.425752518,0.109209999,6.442353382,1.983016842,0.78651835,0,1
16,-8,21,0.814,1.896739044,0.04836717478,3.222015867,3.121143137,0.75268151,0,1
16,-8,22,-2.171666667,2.477155627,0.08913056153,4.799413419,3.748060081,0.72150160,0,1
16,-7,0,15.6235,1.025715482,11.1486377,66.37294602,15.26325305,2.44302123,1,1
16,-7,1,7.863,0.5540201792,8.688381638,59.07537652,11.17396693,2.41701753,1,1
16,-7,2,0.38525,0.521139037,0.6128028129,-15.94967896,0.7491869202,2.34372170,1,1
16,-7,3,13.24166667,0.6259651052,17.35098901,-84.19854673,-11.37527004,2.23510783,1,1
16,-7,4,149.8162791,3.949110579,113.7944671,-216.6658996,-19.98764172,2.10564066,1,1
16,-7,5,13.53806452,0.7780415749,17.68819312,-82.99370955,-21.70549002,1.96811672,1,1
16,-7,6,0.5938636364,0.4680282184,0.7497559002,-6.603205306,-16.38077731,1.83174697,1,1
16,-7,7,1.64575,0.6879613965,0.6717725634,15.23345848,-6.886897103,1.70212807,1,1
16,-7,8,1.232391304,0.6210795638,0.6426122685,16.16265256,2.474727627,1.58207814,1,1
16,-7,9,0.7976086957,0.524253182,1.095494378,19.77441668,8.046576424,1.47259043,1,1
16,-7,10,0.7295454545,0.5588123382,0.6556420707,14.26441236,8.324850656,1.37359144,1,1
16,-7,11,1.216585366,0.6342688906,2.195588352,-29.92021141,4.271356024,1.28445219,1,1
16,-7,12,0.48,0.6273252646,0.1212591178,6.934610735,-1.536366611,1.20430054,1,1
16,-7,13,1.341428571,0.6792223278,2.459508649,-31.35691979,-6.325332528,1.13219812,1,1
16,-7,14,0.5556410256,0.8214631621,1.018140814,-18.80896422,-8.355552011,1.06723338,1,1
16,-7,15,-0.3390909091,0.726508654,0.5279655338,-12.82377714,-7.430219029,1.00856549,1,1
16,-7,16,-1.146222222,0.7402245572,0.1953636085,-7.747992682,-4.609626869,0.95544092,0,1
16,-7,17,-0.4295121951,0.8136844051,0.03415025641,-3.482060178,-1.443364121,0.90719551,0,1
16,-7,18,-0.3393023256,0.8136022166,0.001662890512,0.1768065883,0.8127586948,0.86324937,0,0
16,-7,19,-0.23625,0.9740363211,0.03200806887,3.260868092,1.638150166,0.82309880,0,1
16,-7,20,-0.4148484848,1.042576038,0.01288120382,-1.952650901,1.243509055,0.78630724,0,0
16,-7,21,-2.427083333,1.239206876,0.0004605931107,0.3574483158,0.2527017164,0.75249649,0,1
16,-7,22,2.644,2.906228254,0.001393574629,-0.3173812781,-0.6921407849,0.72133863,0,1
16,-6,0,2.4045,0.8136572649,2.372039684,-30.72560649,-6.543113291,2.42425254,1,1
16,-6,1,2.1585,0.4648459284,3.175621103,-36.32761479,-1.227050281,2.39883739,1,1
16,-6,2,0.8402325581,0.4892701967,2.807252375,31.9526886,12.12307619,2.32713469,1,1
16,-6,3,10.68047619,0.5870583688,8.937783806,54.64491152,27.06388397,2.22070784,1,1
16,-6,4,146.2540541,4.155166893,99.8524784,200.5066235,36.60897777,2.09358778,1,1
16,-6,5,52.35121212,1.740328595,52.48153378,143.142063,36.67463661,1.95826389,1,1
16,-6,6,36.60459459,1.266155411,31.49589113,111.0308829,27.85409717,1.82379562,1,1
16,-6,7,10.90931818,0.6467273382,12.1064019,69.42847549,14.7137569,1.69574239,1,0
16,-6,8,0.1411627907,0.5340313735,0.5560826367,14.87170919,3.191811467,1.57694662,1,1
16,-6,9,1.360434783,0.5426090092,0.7834561502,-17.89788651,-2.370372177,1.46844957,1,1
16,-6,10,0.21,0.671010736,0.6115610169,-15.91872763,-1.0153854,1.37022899,1,1
16,-6,11,2.905384615,0.7448898193,3.666183669,38.73963411,4.953594173,1.28170153,1,1
16,-6,12,1.041860465,0.7472170039,0.3256171813,0.0005640491194,11.63921804,1.20203247,1,0
16,-6,13,3.018684211,0.7312592069,4.15296279,38.50378541,15.66134956,1.13031291,1,1
16,-6,14,1.912093023,0.8713937588,3.462264381,34.60379256,15.58958911,1.06565398,1,1
16,-6,15,1.293684211,0.8398478678,1.795958118,24.49097777,12.14048534,1.00723218,1,1
16,-6,16,-1.039583333,0.7249927218,0.2482937243,7.047604742,7.323430025,0.95430717,0,1
16,-6,17,0.3490243902,0.8114388921,0.07319780619,4.49492224,3.201445699,0.90622481,0,1
16,-6,18,1.60097561,1.014432666,0.1173318131,6.920554989,0.959808113,0.86241289,0,1
16,-6,19,0.23675,1.021793069,0.008525302856,1.770426949,0.6422600381,0.82237360,0,1
16,-6,20,0.7788235294,1.001827741,0.04780309678,4.2041497,1.487737946,0.78567493,0,1
16,-6,21,-0.5533333333,1.409623106,0.04565082018,3.550454026,2.52726556,0.75194223,0,1
16,-6,23,4.11,6.84,0.02926864356,1.878345892,2.940899388,0.69211675,0,1
16,-5,0,0.4,0.6392098638,1.188997875,21.95882712,3.533627027,2.39391026,1,1
16,-5,1,12.36452381,0.6722607517,9.821227792,63.91251993,1.123570238,2.36942797,1,1
16,-5,2,5.603809524,0.6213476747,3.951680952,40.23401439,-5.030024516,2.30025543,1,1
16,-5,3,1.763181818,0.4509014731,1.002103571,-16.3663505,-12.20912532,2.19731422,1,1
16,-5,4,82.02,2.695143884,81.58003023,-183.4138631,-17.32967571,2.07395156,1,1
16,-5,5,64.8896875,2.121839562,44.87753403,-135.4055482,-18.34150179,1.94216630,1,1
16,-5,6,19.2952381,0.803547407,13.58601421,-73.65579392,-15.07372425,1.81077040,1,1
16,-5,7,2.291395349,0.5303480086,2.521430159,-31.06743798,-9.15656492,1.68525747,1,1
16,-5,8,-0.9079487179,0.5594455201,0.2786595412,-10.30243257,-3.129662765,1.56850393,1,1
16,-5,9,0.3393023256,0.5728885091,0.2213238577,9.565279231,0.7655816814,1.46162509,1,1
16,-5,10,1.705416667,0.5892564252,0.7547067204,17.6553811,1.509790658,1.36467937,1,1
16,-5,11,0.7768421053,0.6181740828,1.179297961,-22.1459135,-0.4466798179,1.27715611,1,1
16,-5,12,-0.7886363636,0.6357906511,0.2045691866,8.482176905,-3.628038043,1.19828067,1,1
16,-5,13,0.481,0.6981490914,0.6549757706,-15.23586946,-6.353555661,1.12719170,1,1
16,-5,14,0.4052173913,0.8046182963,0.2177252295,-5.868784263,-7.492720609,1.06303715,1,1
16,-5,15,0.90825,0.7569015375,0.405576225,-11.05290822,-6.824307749,1.00502171,1,1
16,-5,16,-0.2342553191,0.7099644531,0.2149406689,-8.076217156,-4.919319548,0.95242652,0,1
16,-5,17,0.2143243243,0.9517574656,0.2908865197,-10.66276196,-2.706914542,0.90461388,0,1
16,-5,18,0.08795454545,0.8521012816,0.1523481903,-7.899125626,-0.9937381822,0.86102414,0,1
16,-5,19,-0.6726315789,1.153686384,0.0004151237196,0.3821092608,-0.1634094746,0.82116917,0,1
16,-5,20,-0.5784848485,1.013560128,0.003943041892,-1.272935604,-0.1418371288,0.78462446,0,1
16,-5,22,5.78,2.147865722,0.01668919016,-2.421850657,-1.038312738,0.72003879,0,1
16,-4,0,25.5605,1.274760468,7.657271655,-55.9788146,-7.220929408,2.35328338,1,1
16,-4,1,20.93666667,0.7827573146,23.32211835,-98.41564125,-4.172774016,2.33001454,1,1
16,-4,2,3.584888889,0.5089524419,1.921250876,-28.06184515,3.443783909,2.26414253,1,1
16,-4,3,1.416976744,0.5008589007,3.032541984,33.48137643,11.86049452,2.16577128,1,1
16,-4,4,87.20030303,2.712648484,81.51581113,183.3670733,17.05172178,2.04736644,1,1
16,-4,5,11.25142857,0.7499033151,10.66640765,64.46982531,16.77340413,1.92028230,1,1
16,-4,6,0.7795,0.5296993841,1.877187052,25.44399351,11.55843681,1.79299519,1,1
16,-4,7,1.16195122,0.5682075174,1.214119348,22.07748268,4.20868507,1.67090001,1,0
16,-4,8,0.2054545455,0.6726962452,0.007958626482,-0.07224473455,-1.818220935,1.55690878,1,1
16,-4,9,-0.1666666667,0.5725194449,0.5290045126,-14.23819377,-4.166955134,1.45222871,1,1
16,-4,10,2.595609756,0.6083599626,1.139559891,-21.62339757,-2.55672845,1.35702198,1,1
16,-4,11,1.795121951,0.6156774102,1.22760218,22.5546541,1.423135418,1.27087301,1,1
16,-4,12,0.08266666667,0.6323453893,0.8875410954,-18.44029666,5.404857539,1.19308668,1,1
16,-4,13,1.979756098,0.689005698,2.325469933,30.18372507,7.512845984,1.12286513,1,0
16,-4,14,0.46625,0.7567230032,0.4296114662,11.30355532,7.139141057,1.05940577,1,1
16,-4,15,0.6639130435,0.8383440935,0.09175386353,3.713424872,4.938037152,1.00195135,1,1
16,-4,16,1.210238095,0.7702929987,0.0175340082,-1.543744642,2.216255567,0.94981220,0,1
16,-4,17,0.09857142857,0.796911591,0.02826243325,3.42515168,0.1636450833,0.90237294,0,1
16,-4,18,1.038723404,0.7939969714,0.02273745111,3.004536589,-0.6576948338,0.85909111,0,1
16,-4,19,0.5847619048,0.8636906321,0.004236854068,-1.270323985,-0.3860037317,0.81949183,0,1
16,-4,20,0.1881081081,0.9744245178,0.03295659335,3.679342115,0.4169737863,0.78316085,0,1
16,-4,21,-0.5215,1.525347463,0.003560784024,0.3848357675,1.154706796,0.74973738,0,1
16,-4,22,1.858333333,2.691823938,0.01096719786,1.545049495,1.475015179,0.71890717,0,1
16,-3,0,14.67263158,1.056378244,10.29836026,64.26354468,-12.44098113,2.30396580,1,1
16,-3,1,4.143902439,0.5008494272,6.134064482,49.03974595,-12.13054454,2.28211605,1,1
16,-3,2,3.182391304,0.4615283438,1.124417904,18.39720847,-11.37326495,2.22011753,1,1
16,-3,3,-0.475,0.4403651753,0.3865181756,-6.993026517,-10.5785883,2.12714372,1,1
16,-3,4,52.19625,1.747648169,41.25485031,-130.6189159,-10.12781218,2.01464166,1,1
16,-3,5,12.67243243,0.7120604061,13.13903793,-73.23774686,-10.13229169,1.89320326,1,1
16,-3,6,22.72513514,1.061103569,19.80714347,-90.18402434,-10.36844018,1.77089229,1,1
16,-3,7,12.7265,0.7250556013,15.82673382,-80.47322244,-10.42563067,1.65296850,1,1
16,-3,8,5.582954545,0.6035620638,4.353738937,-41.37679122,-9.965561629,1.54237180,1,1
16,-3,9,0.4535,0.6065863447,0.2748258721,-5.886752015,-8.926705877,1.44040977,1,1
16,-3,10,-0.1611363636,0.5801781306,0.1377716687,-0.5259071797,-7.552657421,1.34736358,1,1
16,-3,11,1.9685,0.6095902825,1.305922349,-22.45825003,-6.240949889,1.26292936,1,1
16,-3,12,3.62875,0.6915164669,3.389150013,37.17202991,-5.317807249,1.18650688,1,1
16,-3,13,0.9548780488,0.7775414758,0.08772036699,-3.56532689,-4.876890745,1.11737492,1,1
16,-3,14,-1.039069767,0.7720062611,0.1475341677,-6.218694482,-4.765363597,1.05479108,1,0
16,-3,15,0.8114583333,0.8119443539,0.1495157979,-6.330842196,-4.703800128,0.99804479,0,1
16,-3,16,0.04113636364,0.7599327463,0.2832993077,-9.901560653,-4.452454844,0.94648234,0,1
16,-3,17,-1.281521739,0.7608752484,0.2970282527,-10.40031403,-3.925631707,0.89951605,0,1
16,-3,18,-0.6492307692,0.8476035367,0.1994607529,-8.527799429,-3.203323862,0.85662482,0,1
16,-3,19,-0.8623255814,0.8616657243,0.04332621619,-3.463261704,-2.455905848,0.81735027,0,1
16,-3,20,1.01027027,1.00599692,0.1131067102,-6.608183424,-1.841030122,0.78129104,0,1
16,-3,22,0.784,2.7646526,0.005924622019,-1.001434691,-1.209147578,0.71746004,0,1
16,-2,0,50.70095238,2.101400947,60.7096135,-158.8574939,-4.714569198,2.24770065,1,1
16,-2,1,29.58738095,1.017534999,17.72569883,-85.75659262,-4.527141193,2.22739902,1,0
16,-2,2,10.02644444,0.6344961538,8.976975314,-60.97256241,-4.1439395,2.16964342,1,1
16,-2,3,-0.1608108108,0.4859551904,0.06090277758,-3.102646918,-3.963821082,2.08262542,1,1
16,-2,4,7.771818182,0.6243541291,8.030529834,57.64250331,-4.289931612,1.97669807,1,1
16,-2,5,3.029473684,0.5706050878,3.718595401,39.00573636,-5.065127406,1.86161213,1,1
16,-2,6,-0.1719444444,0.5884920702,0.1170518122,3.800555183,-5.852742973,1.74495623,1,1
16,-2,7,2.84375,0.5897276303,3.207823119,-36.02151123,-6.086827142,1.63181677,1,1
16,-2,8,2.075384615,0.6067121816,1.923642023,-27.76395738,-5.429944365,1.52514540,1,1
16,-2,9,0.6536585366,0.5880400299,1.667834951,-26.03585456,-4.003579902,1.42634886,1,1
16,-2,10,-0.6964102564,0.6154812424,0.0162118287,-1.122240171,-2.342098867,1.33583428,1,1
16,-2,11,-0.119047619,0.6169643058,0.1043727827,6.496918226,-1.101738096,1.25341978,1,1
16,-2,12,0.4702439024,0.7778980816,0.602691259,-15.81917492,-0.7073778747,1.17861084,1,1
16,-2,13,0.8466666667,0.6596629143,0.5076534539,-14.48766358,-1.146420458,1.11077277,1,1
16,-2,14,-0.5755555556,0.6878393602,0.3790583196,-12.39537424,-2.014947142,1.04923195,1,1
16,-2,15,0.1002222222,0.708527738,0.2673180718,-10.17711029,-2.764556105,0.99333159,0,1
16,-2,16,0.04463414634,0.7819193046,0.04215676641,-2.931551223,-2.990839157,0.94245969,0,1
16,-2,17,-0.3797560976,0.8677878722,0.03178661909,-2.538449809,-2.604023075,0.89606088,0,1
16,-2,18,1.032564103,0.8743652965,0.007920120546,-0.09729451317,-1.812639028,0.85363911,0,1
16,-2,19,0.3125,0.9172122444,0.002406673739,-0.267722578,-0.9641624199,0.81475547,0,1
16,-2,20,0.9615151515,1.199518537,0.0003154584673,0.07971973974,-0.353397337,0.77902381,0,1
16,-2,21,1.7275,1.730895361,0.001444297385,-0.7684600531,-0.1017931105,0.74610533,0,1
16,-1,0,19.422,1.116005235,11.95825755,-66.6910089,-22.96698652,2.18623767,1,1
16,-1,1,0.8218181818,0.4897090296,1.08213436,7.36149872,-19.90037475,2.16754272,1,1
16,-1,2,1.295555556,0.5090335025,1.258875092,19.38835888,-12.15895614,2.11421021,1,1
16,-1,3,-0.148,0.480398766,0.1728334412,7.785313243,-3.360860746,2.03345115,1,1
16,-1,4,8.944634146,0.7587118494,7.369438829,-55.31211141,2.566794011,1.93450495,1,1
16,-1,5,-0.064,0.5548828474,0.03421222022,-1.794635797,3.318599879,1.82624072,1,1
16,-1,6,0.5172222222,0.6305760293,0.4202403486,-13.1987375,-0.7951224936,1.71572583,1,1
16,-1,7,5.632222222,0.6774642392,4.798396525,-44.08973339,-7.241839657,1.60783620,1,0
16,-1,8,4.844324324,0.7373280367,4.159388195,-39.60626448,-12.72149489,1.50551243,1,0
16,-1,9,2.552368421,0.7161075472,2.82400739,-30.90510478,-14.82526978,1.41025064,1,1
16,-1,10,0.2690243902,0.6341030543,0.9354293291,-14.80964489,-13.03284711,1.32258295,1,1
16,-1,11,0.8792307692,0.6271899175,0.5999544591,-13.22552072,-8.642548716,1.24245342,1,0
16,-1,12,0.9669230769,0.6616352046,1.270490283,22.66768327,-3.841516884,1.16947933,1,1
16,-1,13,0.8090909091,0.7642484334,0.0122001129,-2.189843472,-0.5295105392,1.10311909,1,1
16,-1,14,-0.153125,0.803738117,0.01949403501,2.807477593,0.4779802906,1.04277404,1,1
16,-1,15,0.6626086957,0.6948110404,0.002040915203,-0.8092639243,-0.4406863341,0.98784660,0,1
16,-1,16,-0.9243589744,0.8200752734,0.01160306844,0.2118264915,-2.18689918,0.93777112,0,1
16,-1,17,1.765897436,0.8363472913,0.1572952731,-7.23055192,-3.627813278,0.89202838,0,1
16,-1,18,-0.6268421053,0.8870953098,0.18265541,-7.687122166,-4.111085128,0.85015047,0,1
16,-1,19,-0.3585,0.9109361943,0.07504901234,-4.264746456,-3.610499027,0.81172052,0,1
16,-1,20,0.3990322581,1.062016028,0.1159642438,-6.464554539,-2.540841829,0.77636963,0,1
16,-1,21,-0.6914285714,1.895738673,0.02224830649,-2.685224288,-1.430338059,0.74377262,0,1
16,0,0,5.147,1.070308834,3.428633673,-37.72393849,1.835844646,2.12122097,1,1
16,0,1,33.81363636,1.494381627,35.65657257,-121.7971727,-0.4325340395,2.10413202,1,1
16,0,2,16.87470588,1.392583855,7.925111019,-57.07932378,-6.257277946,2.05524138,1,1
16,0,3,6.853157895,0.8047461361,6.78065446,-51.46122482,-13.14532823,1.98082146,1,1
16,0,4,4.1755,0.9233815072,8.411879263,56.28357511,-18.21755725,1.88902398,1,1
16,0,5,11.4,0.9938800264,9.402134272,-59.43522089,-19.4721692,1.78783010,1,1
16,0,6,2.915,0.8760031287,3.246020829,-32.78904878,-16.59424543,1.68375740,1,1
16,0,7,-0.6494117647,0.920565119,0.5308226744,-10.03188417,-10.96391417,1.58143793,1,1
16,0,8,5.272666667,1.19882461,5.231540065,-46.39381279,-4.916316349,1.48377459,1,1
16,0,9,0.387,0.963063123,1.168360435,-22.03772368,-0.6551643107,1.39233629,1,1
16,0,10,-0.9452631579,1.004614607,0.05476107006,4.728383608,0.652270861,1.30777226,1,1
16,0,11,2.25875,1.089780296,3.626384763,38.83449109,-0.7883607914,1.23015068,1,1
16,0,12,8.424761905,1.277196263,10.19059171,-65.00776933,-3.706015009,1.15920217,1,0
16,0,13,1.06,0.9529546268,1.036677784,-19.73036268,-6.48208194,1.09448150,1,1
16,0,14,0.08791666667,0.9282794718,0.9431739262,-18.16988975,-7.890367096,1.03546875,1,1
16,0,15,-0.6276190476,1.018008816,0.4811778351,-11.98156627,-7.52553633,0.98162928,0,1
16,0,16,3.367272727,1.071840735,0.7059327958,-16.12984048,-5.790340993,0.93244723,0,1
16,0,17,-0.3161904762,1.235457979,0.03204386319,-0.8946386659,-3.539959093,0.88744246,0,1
16,0,18,-0.39,1.366741975,0.02990428744,3.134313073,-1.617903123,0.84617778,0,1
16,0,19,0.151,1.327342398,0.05938213966,-4.943803532,-0.5142453777,0.80826045,0,1
16,0,20,-1.145,1.437517119,0.003975686676,1.258428689,-0.265370981,0.77334058,0,1
16,0,21,0.35,4.094566318,0.0008239507537,-0.1149798475,-0.5740907745,0.74110802,0,1
17,-8,0,7.239583333,0.7898271869,4.053025196,-40.70684911,-5.403078816,2.30396580,1,1
17,-8,1,3.968085106,0.4597892032,5.037480706,-45.38137635,-6.029037045,2.28211605,1,1
17,-8,2,1.153023256,0.4827124972,1.663266718,-25.2084788,-7.518402814,2.22011753,1,1
17,-8,3,0.5674468085,0.4528362907,0.2846911167,6.204101231,-8.941668781,2.12714372,1,0
17,-8,4,1.43825,0.471360796,1.382149761,22.06581268,-9.388098521,2.01464166,1,1
17,-8,5,2.6825,0.5335752526,2.173968612,-28.84784476,-8.501211743,1.89320326,1,1
17,-8,6,13.92761905,0.6734433213,12.76118211,-72.55878777,-6.66694794,1.77089229,1,1
17,-8,7,6.217173913,0.5687382988,5.345287774,-46.91736589,-4.758253211,1.65296850,1,1
17,-8,8,1.143913043,0.5933546225,0.2016879145,-8.416961443,-3.614693121,1.54237180,1,1
17,-8,9,-0.1080851064,0.5254575708,0.03330689092,1.012578719,-3.582157091,1.44040977,1,0
17,-8,10,0.5832608696,0.5492349895,0.5012797889,-13.76314446,-4.373876911,1.34736358,1,1
17,-8,11,-0.3836842105,0.6214210549,0.2171699904,-7.891690964,-5.298462051,1.26292936,1,1
17,-8,12,-0.70325,0.6835794167,0.1849254964,-6.682444011,-5.681748699,1.18650688,1,1
17,-8,13,-0.4613953488,0.7516983047,0.1675794943,-6.51672909,-5.220426314,1.11737492,1,1
17,-8,14,0.2233333333,0.8364301702,0.2371469481,-9.055211935,-4.082515936,1.05479108,1,1
17,-8,15,-0.6385106383,0.845571255,0.1238917993,-6.635211201,-2.741994652,0.99804479,0,0
17,-8,16,-0.665,0.9460627654,0.01067820076,-1.266321986,-1.684945267,0.94648234,0,1
17,-8,17,-0.7702439024,0.8604477343,0.01518126482,-2.224801607,-1.168908453,0.89951605,0,1
17,-8,18,-0.8229545455,0.7968760999,0.02511236746,-3.02060384,-1.150576856,0.85662482,0,1
17,-8,19,0.4845,0.9809809291,0.04532727241,-4.117215791,-1.380839855,0.81735027,0,1
17,-8,20,-0.2461764706,0.9946650947,0.01424738774,-1.854578793,-1.577368627,0.78129104,0,1
17,-8,21,2.652222222,1.618612848,0.01462229169,-1.904922867,-1.566780158,0.74809641,0,1
17,-8,22,-0.1744444444,2.078925114,0.01445456833,-2.058241504,-1.333188898,0.71746004,0,1
17,-7,0,36.59409091,1.743057305,35.41671617,-119.3990704,-21.88171145,2.29342128,1,1
17,-7,1,6.874782609,0.5888960227,8.911230425,-57.71327803,-19.40748073,2.27186737,1,1
17,-7,2,1.045227273,0.4801530861,0.9134689719,14.4448887,-13.09157666,2.21067824,1,1
17,-7,3,1.939333333,0.4557435926,2.028157303,28.48140387,-5.710894613,2.11883702,1,1
17,-7,4,0.1705128205,0.497749449,0.1733207316,8.483739319,-0.3679526392,2.00758022,1,1
17,-7,5,-0.6754761905,0.4791528096,0.580817698,-15.51550597,0.9567484916,1.88733974,1,1
17,-7,6,1.902790698,0.5674090953,1.183284684,-22.11718854,-1.769077482,1.76609059,1,1
17,-7,7,3.731904762,0.5541506442,3.968336683,-40.06117098,-6.790373625,1.64906153,1,1
17,-7,8,6.474444444,0.7270230955,5.011624755,-44.17754348,-11.55015241,1.53919629,1,1
17,-7,9,4.1025,0.6041072404,3.932035917,-37.96927096,-13.93694031,1.43782230,1,1
17,-7,10,0.7414893617,0.5400659719,1.194657764,-17.99378797,-13.16263544,1.34524513,1,1
17,-7,11,-0.2625,0.5990663569,0.4455267466,-9.343529782,-9.902404851,1.26118424,1,1
17,-7,12,-1.018421053,0.7617682251,0.1931867204,-6.883257932,-5.744138518,1.18505943,1,1
17,-7,13,-0.02704545455,0.6828861289,0.01361739769,0.5116672907,-2.324574513,1.11616577,1,1
17,-7,14,-0.1895454545,0.6816746819,0.001414055956,-0.4587724081,-0.6146859139,1.05377375,1,1
17,-7,15,0.1352380952,0.9782248398,0.003198066224,-0.9487786054,-0.6560172153,0.99718285,0,1
17,-7,16,-0.2986956522,0.7347453211,0.03401492386,-3.318969313,-1.770926689,0.94574712,0,0
17,-7,17,-0.7041860465,0.8612748562,0.1255554779,-6.557560407,-3.038935503,0.89888487,0,1
17,-7,18,0.6790909091,0.8090099232,0.1399410704,-6.642426814,-3.75498964,0.85607963,0,1
17,-7,19,-0.562972973,1.060141349,0.05358702077,-2.975722611,-3.66601779,0.81687664,0,1
17,-7,20,0.32,1.051428772,0.03931181454,-2.776317093,-2.940671159,0.78087735,0,1
17,-7,21,0.5772222222,1.454096066,0.03785628412,-3.448378908,-1.964332008,0.74773321,0,1
17,-7,22,1.68125,2.873713027,0.01273621043,-2.019192898,-1.105303838,0.71713964,0,0
17,-6,0,8.520869565,0.7615871489,9.139167987,59.43941484,16.40917465,2.27275941,1,1
17,-6,1,-0.8452272727,0.449074634,0.4447143887,4.293919966,12.9067209,2.25177752,1,1
17,-6,2,5.264285714,0.6329824637,6.591036635,-52.19997503,4.162976724,2.19215531,1,1
17,-6,3,3.814047619,0.4890592107,3.077676929,-35.36065663,-5.484161627,2.10251143,1,1
17,-6,4,-0.5020689655,0.5753817944,0.3145029964,-0.3498776645,-11.43350259,1.99367726,1,1
17,-6,5,-0.04575,0.5906159201,0.301075854,0.5360459164,-11.17916613,1.87577430,1,1
17,-6,6,0.6122727273,0.5335983064,1.236744801,-22.02395685,-5.430175197,1.75660320,1,1
17,-6,7,-0.2679487179,0.6201102574,0.09334692724,-5.69549939,2.529388872,1.64132999,1,1
17,-6,8,2.759268293,0.5838708551,2.016392129,27.61182541,8.746252909,1.53290369,1,1
17,-6,9,1.014565217,0.5954632595,2.055513136,27.24404508,10.62769726,1.43268892,1,1
17,-6,10,0.257173913,0.6494563065,0.2368492618,5.859331642,8.013000772,1.34103804,1,1
17,-6,11,0.5594736842,0.7469632163,0.04527169573,-3.263169237,2.861256491,1.25771560,1,1
17,-6,12,0.2246153846,0.6523647875,0.01511888386,1.420873575,-2.066701275,1.18218035,1,1
17,-6,13,1.36,0.699040998,0.5835678469,-14.86184497,-4.681457326,1.11375920,1,1
17,-6,14,0.8633333333,0.7358364357,0.9904146426,-19.81368112,-4.413059066,1.05174791,1,1
17,-6,15,-0.6495121951,0.9389384867,0.07870574339,-5.309801007,-2.133340913,0.99546566,0,1
17,-6,16,0.1842553191,0.8213208122,0.09042914643,6.103976408,0.6033782307,0.94428180,0,1
17,-6,17,-2.124285714,0.7997733522,0.2135951073,9.100061907,2.460497406,0.89762647,0,1
17,-6,18,-0.4034146341,0.9142288907,0.02923879058,1.970203962,2.878011235,0.85499237,0,1
17,-6,19,-1.725945946,0.9475861905,0.01142276724,-0.5644102263,2.105665257,0.81593186,0,1
17,-6,20,-1.065862069,1.212578931,0.003089392671,-0.7587390058,0.8424021976,0.78005192,0,1
17,-6,22,-0.6542857143,2.902523415,0.001366457187,-0.184435389,-0.7310890871,0.71650013,0,1
17,-5,0,6.276818182,0.7213627771,11.92578439,-64.26397688,-28.84101453,2.24278764,1,1
17,-5,1,17.48022727,0.7145147593,16.67857635,-79.75967829,-24.02981154,2.22261765,1,0
17,-5,2,1.870238095,0.5159079688,3.858440263,-38.27470325,-11.84617364,2.16522370,1,1
17,-5,3,4.190465116,0.4829410081,5.25338607,46.70359866,2.102100145,2.07871550,1,1
17,-5,4,1.735,0.5748142629,1.832163035,25.02841654,11.65506827,1.97335399,1,1
17,-5,5,8.819761905,0.5893402572,6.786785946,51.5060787,13.06645113,1.85881800,1,1
17,-5,6,5.017560976,0.5736325073,5.873521434,48.99071139,6.599951621,1.74265451,1,1
17,-5,7,0.32525,0.5600744928,0.1189438412,5.813487065,-3.960979335,1.62993390,1,1
17,-5,8,7.631904762,0.7392309497,7.017101189,-52.32842053,-13.45979926,1.52360783,1,1
17,-5,9,6.522857143,0.7955712406,5.777511219,-45.63462563,-17.92165,1.42509092,1,1
17,-5,10,1.135952381,0.6090392884,1.297268006,-16.65204822,-16.19972667,1.33480077,1,0
17,-5,11,1.716590909,0.6076583954,1.422667596,-22.16382199,-10.03288193,1.25256588,1,1
17,-5,12,-0.1485,0.6480143228,0.04952521753,-3.619456384,-2.739389365,1.17790081,1,1
17,-5,13,-0.2073170732,0.6699136919,0.05244978469,-3.894081892,2.580231839,1.11017836,1,1
17,-5,14,-0.016,0.8006491937,0.5158391376,13.98188923,4.372534977,1.04873093,1,1
17,-5,15,0.9068888889,0.885080994,0.2062219293,8.778434331,2.955789422,0.99290642,0,1
17,-5,16,0.8911111111,0.7983209161,0.01628661461,-2.601597313,-0.08749758996,0.94209653,0,1
17,-5,17,0.34925,0.845757693,0.04627337014,-3.258160569,-2.938740122,0.89574875,0,1
17,-5,18,-0.4027906977,0.8119440819,0.06714617955,-2.925494201,-4.401967202,0.85336922,0,1
17,-5,19,1.200241108e-17,0.9962522866,0.08710221724,-4.274585866,-4.238673936,0.81452080,0,1
17,-5,20,1.102903226,1.066403361,0.0731418254,-4.646204261,-2.973730981,0.77881868,0,1
17,-5,21,4.675333333,2.120479925,0.007271633304,-1.002439832,-1.42142217,0.74592512,0,1
17,-5,22,1.891666667,3.285212745,0.0002237712376,0.1911128704,-0.2378545206,0.71554407,0,1
17,-4,0,11.86318182,1.063774092,12.90054323,64.64343474,34.47365254,2.20460974,1,0
17,-4,1,18.68380952,0.7474535379,21.31555922,89.51770127,29.23718133,2.18544365,1,1
17,-4,2,-0.194047619,0.5461639065,2.289402589,26.3201895,16.11651641,2.13081200,1,1
17,-4,3,4.595833333,0.6637319184,6.477451758,-51.89109075,1.491995253,2.04820915,1,1
17,-4,4,3.73137931,0.6178664722,1.501218753,-23.73274831,-7.831423775,1.94719859,1,0
17,-4,5,-0.1484615385,0.5091245015,0.3363151179,-8.641338211,-8.077715867,1.83690876,1,1
17,-4,6,1.24097561,0.5650405559,0.4810216186,14.14557951,-0.1709227102,1.72456288,1,1
17,-4,7,3.56625,0.6087584767,4.554552483,42.0786051,11.14853053,1.61510194,1,1
17,-4,8,15.91119048,0.8100154285,13.3449045,71.75796364,20.07175394,1.51147241,1,1
17,-4,9,5.77,0.6772851113,6.12886974,45.11007566,22.69287598,1.41514577,1,1
17,-4,10,1.041707317,0.6113753621,1.481907913,16.41840125,18.62730422,1.32661820,1,1
17,-4,11,1.339230769,0.6656329263,0.9340192542,16.60117708,10.6299083,1.24579698,1,1
17,-4,12,-0.579,0.6597359417,0.06072809142,-4.224153342,2.724361705,1.17226639,1,0
17,-4,13,-0.8689130435,0.641044531,0.07865807168,-5.380199654,-1.943900278,1.10545720,1,1
17,-4,14,0.3024390244,0.7717723331,0.2191073697,-9.242959903,-2.392951226,1.04474838,1,1
17,-4,15,-0.4886666667,0.9406706505,0.01128195971,-2.153352557,0.2384860069,0.98952460,0,1
17,-4,16,1.75547619,0.9667431106,0.3090124586,10.70264497,3.743858401,0.93920630,0,1
17,-4,17,-0.6202325581,0.8787333258,0.3138665122,9.632216403,6.148414181,0.89326335,0,1
17,-4,18,-1.60744186,0.8435745736,0.2660318753,8.230528705,6.552833435,0.85121934,0,1
17,-4,19,0.3046341463,0.9247500715,0.1367440061,5.434239549,5.230745558,0.81265074,0,1
17,-4,20,-0.6429032258,1.050264027,0.07855002239,4.773942033,3.144808533,0.77718341,0,1
17,-4,22,-2.178,3.222141214,0.0001432203456,0.07707114149,0.2316163775,0.71427524,0,1
17,-3,0,43.10375,1.713335867,40.07229386,-126.0969249,-27.7748558,2.15952093,1,0
17,-3,1,10.77190476,0.6404256205,17.19393882,-81.64158183,-22.09308063,2.14149742,1,1
17,-3,2,0.4421621622,0.549764915,0.4384224491,-11.06641207,-7.741962747,2.09001942,1,1
17,-3,3,4.625789474,0.5180388653,3.909250124,39.40651575,8.5761555,2.01190034,1,1
17,-3,4,29.5434375,1.146618031,17.64950045,83.43481574,19.53503908,1.91592153,1,1
17,-3,5,7.556410256,0.6202970593,9.118816479,57.99601649,20.7436732,1.81058152,1,1
17,-3,6,11.50404762,0.7174986441,12.25024523,70.26484751,12.62950336,1.70272133,1,1
17,-3,7,4.106590909,0.5931322902,3.356389752,37.36800238,-0.2038062374,1.59711914,1,1
17,-3,8,0.3780952381,0.5585101253,0.8453917003,-14.74023601,-11.59510343,1.49670321,1,1
17,-3,9,4.00775,0.6408649916,3.521948854,-34.3509941,-16.89077792,1.40300228,1,1
17,-3,10,2.670697674,0.6284968088,1.617359316,-21.2557787,-14.86896472,1.31659852,1,1
17,-3,11,0.6213157895,0.6767263022,0.6393701184,-14.36053595,-7.731865319,1.23748818,1,1
17,-3,12,-0.4186486486,0.6771654357,2.374601027,-31.42721072,0.5208511307,1.16533576,1,1
17,-3,13,0.8804347826,0.6489320513,0.422229292,11.68421435,6.256637796,1.09963958,1,1
17,-3,14,1.755652174,0.6708545252,1.468131332,23.46501137,7.758990008,1.03983341,1,1
17,-3,15,0.1213333333,0.7134041156,0.5831698639,14.55624686,5.544418571,0.98534553,0,1
17,-3,16,1.251395349,0.8576503856,0.05087324557,4.322645737,1.574894522,0.93563064,0,1
17,-3,17,0.2172972973,0.8601715773,0.01983217763,-2.069444771,-1.99210353,0.89018549,0,1
17,-3,18,0.09714285714,0.9226302684,0.07260367748,-3.965087348,-3.805847942,0.84855469,0,1
17,-3,19,0.001315789474,1.032241424,0.08200681531,-4.541435769,-3.673402479,0.81033117,0,1
17,-3,21,0.7483333333,1.833994991,0.002709036842,-0.8636708257,-0.6173766349,0.74270334,0,1
17,-3,22,1.8625,2.939858628,0.003650583684,1.092645191,0.5700294186,0.71269867,0,1
17,-2,0,172.3928571,6.462234262,144.7747627,242.1673744,39.84692443,2.10890013,1,1
17,-2,1,44.67263158,1.409911885,41.19593802,126.2802769,34.5348415,2.09210488,1,1
17,-2,2,2.464444444,0.536330188,2.416179784,23.5513434,21.22672177,2.04402887,1,1
17,-2,3,4.000526316,0.6184945872,2.851085987,-33.84216459,6.394367497,1.97077756,1,1
17,-2,4,1.802105263,0.5424634497,1.362692204,-23.61106407,-3.075535268,1.88030677,1,0
17,-2,5,0.60125,0.6173287355,0.3980420017,-12.41416766,-3.389958949,1.78043478,1,1
17,-2,6,-0.5784615385,0.5604868974,0.1857643936,-7.571210027,4.46801118,1.67757551,1,1
17,-2,7,6.038108108,0.838326468,5.561238276,45.47992867,15.66210105,1.57631262,1,1
17,-2,8,15.64717949,0.841085985,15.15073796,75.57926112,24.31386237,1.47953894,1,1
17,-2,9,12.33472222,0.8502993391,11.76596195,64.74461409,26.51988805,1.38883465,1,1
17,-2,10,1.164722222,0.6561508009,1.633805096,14.03700627,21.97040916,1.30486939,1,1
17,-2,11,1.294047619,0.6943359748,0.7219680839,10.83755705,13.52473885,1.22773370,1,1
17,-2,12,1.164210526,0.7639064118,1.780856493,26.70206575,5.28356942,1.15717907,1,1
17,-2,13,-1.180217391,0.6773051524,0.4998308957,14.41484774,0.405344634,1.09277821,1,1
17,-2,14,0.2018181818,0.7150258554,0.01529309528,-2.516247943,-0.1763858126,1.03402603,1,1
17,-2,15,-0.3493617021,0.6803426626,0.01299453374,-0.00080770212,2.325147308,0.98039985,0,0
17,-2,16,-0.3525,0.7832869844,0.1399308993,5.132017983,5.646232457,0.93139329,0,1
17,-2,17,-1.159142857,0.8411156343,0.4708686779,11.62236602,7.798920581,0.88653373,0,1
17,-2,18,0.6667567568,1.047246644,0.3733400993,9.628449505,7.913231821,0.84538991,0,1
17,-2,19,-1.086315789,0.9281842325,0.240157774,7.751079434,6.311672217,0.80757373,0,1
17,-2,20,-1.735357143,1.172331765,0.1332364436,6.281094078,3.99752573,0.77273901,0,1
17,-2,21,-0.08181818182,1.842136964,0.04199376394,3.6808561,1.980553824,0.74057853,0,1
17,-1,0,50.8445,2.166039069,43.4010505,-132.4565717,-22.62843814,2.05411414,1,1
17,-1,1,11.8555,0.6288062102,19.00396013,-87.13289441,-17.73023143,2.03858463,1,1
17,-1,2,1.174705882,0.5390930163,1.665632666,25.77046734,-5.372256353,1.99402769,1,1
17,-1,3,22.84536585,0.8565134838,19.81294753,90.37949455,8.638548109,1.92584654,1,0
17,-1,4,1.917777778,0.5462374105,1.211348985,13.45383403,17.97136684,1.84116466,1,1
17,-1,5,10.42783784,0.7850643262,11.12184067,65.35621187,18.86138005,1.74709738,1,1
17,-1,6,9.310833333,0.7486212062,8.118196347,56.92065834,11.72917593,1.64960100,1,1
17,-1,7,0.7127027027,0.6125284388,0.924354804,19.60142875,0.5976418253,1.55303651,1,1
17,-1,8,0.8897368421,0.6237845245,0.7844301149,-15.54664816,-9.201084169,1.46024133,1,1
17,-1,9,0.5943589744,0.7787232011,0.6612520685,-9.371957289,-13.68491967,1.37283602,1,1
17,-1,10,0.2943333333,0.796663543,0.5125992998,-8.511450376,-11.86674272,1.29157373,1,0
17,-1,11,4.622647059,0.8925371224,3.674241014,-38.67858497,-5.711097046,1.21663988,1,1
17,-1,12,0.6902631579,0.7886172322,0.1554413775,7.935260095,1.304704374,1.14787600,1,1
17,-1,13,2.272272727,0.8314481409,0.09473814806,-1.598455495,6.071266083,1.08493333,1,1
17,-1,14,1.115333333,0.7700252259,0.8031754033,16.81605235,7.167808973,1.02737218,1,1
17,-1,15,2.059111111,0.721077212,0.9396002136,19.10188063,5.102363896,0.97472295,0,1
17,-1,16,0.6505,0.7752215006,0.06943574959,5.130602049,1.601661114,0.92652173,0,1
17,-1,17,-0.2335,0.878456072,0.04760729215,-4.197519185,-1.479056475,0.88232962,0,1
17,-1,18,0.3523684211,0.8882164113,0.08577134628,-5.159700676,-3.010353434,0.84174204,0,1
17,-1,19,-0.9066666667,0.9548352825,0.01977967679,-0.04491497159,-2.868312756,0.80439202,0,0
17,-1,20,0.1372413793,1.315751007,0.02583450344,-2.818690678,-1.674305401,0.76995013,0,1
17,-1,21,1.13125,2.240083704,0.0007988609261,-0.5037274164,-0.280393965,0.73812250,0,1
17,0,0,137.151,7.55288243,109.9437211,211.8200485,29.56013095,1.99644327,1,1
17,0,1,64.48555556,2.791555056,81.60499683,182.4487838,25.76414841,1.98217646,1,1
17,0,2,0.651875,0.8893823787,0.7714268934,7.450873739,16.29210773,1.94114393,1,1
17,0,3,19.164,1.110685487,16.25251198,-82.02216091,5.843055423,1.87807748,1,1
17,0,4,1.444444444,0.8387047367,0.4108812967,-13.05908236,-0.6367673887,1.79929104,1,1
17,0,5,1.680666667,1.0259163,0.00400789544,-1.181134356,-0.5219065523,1.71119849,1,1
17,0,6,-0.7544444444,0.8814401445,0.2088529061,-7.661247078,5.310131667,1.61928223,1,1
17,0,7,1.572777778,0.9800569563,1.074771307,16.49127342,13.23597817,1.52765749,1,1
17,0,8,7.696,0.9947464501,9.409944651,59.61267573,19.00760942,1.43908534,1,1
17,0,9,2.059,1.094462353,1.620656274,16.61169789,19.95789106,1.35521188,1,1
17,0,10,1.674666667,1.077205644,0.6426667822,-2.826780146,16.10551485,1.27686526,1,1
17,0,11,1.713125,1.174297208,3.865807837,38.90674926,9.727016148,1.20432218,1,1
17,0,12,3.216,1.063976034,4.159038093,41.41824591,3.856924433,1.13751382,1,1
17,0,13,0.4577272727,0.9427368063,1.062747918,21.01641173,0.679253049,1.07617137,1,1
17,0,14,0.7116666667,1.090741117,0.1332605748,-7.41659791,0.6606586746,1.01992284,1,1
17,0,15,-1.729166667,1.10639821,0.1020727252,-5.922653221,2.718276053,0.96835428,0,1
17,0,16,0.7531578947,1.125482353,0.3141084308,10.22608932,5.109827395,0.92104676,0,0
17,0,17,-2.968571429,1.169781479,0.2871360258,8.840843304,6.42658498,0.87759739,0,1
17,0,18,-0.11,1.710146924,0.1788430136,6.033241346,6.164960552,0.83763031,0,1
17,0,19,0.5463157895,1.341309362,0.09587658463,4.215313519,4.703201525,0.80080143,0,1
17,0,20,2.121538462,1.648991264,0.05643198893,3.910534943,2.861112145,0.76679953,0,1
17,0,21,-2.17,3.006422292,0.0116390116,1.712001235,1.382535435,0.73534530,0,1
18,-9,0,30.98583333,1.959798018,36.15990761,119.8393085,26.12830873,2.17722222,1,1
18,-9,1,5.762727273,0.6919942137,8.098128728,55.02030996,18.49192726,2.15875566,1,1
18,-9,2,11.8,0.8794233906,7.298597866,-55.09811962,-0.861560817,2.10605352,1,1
18,-9,3,89.70428571,3.50068487,80.11113076,-181.104345,-23.04453877,2.02619078,1,1
18,-9,4,58.57,2.710587315,39.87375617,-122.9972696,-38.22235145,1.92825053,1,1
18,-9,5,50.18842105,2.213583788,46.22077612,-132.690849,-40.28723014,1.82097593,1,1
18,-9,6,19.38272727,1.13456321,12.40959465,-65.54438853,-29.44287362,1.71135795,1,1
18,-9,7,0.43375,0.8626362133,0.3254930663,1.448066484,-11.54655199,1.60423992,1,1
18,-9,8,4.926086957,0.7844243431,4.038828045,40.66287063,5.183157689,1.50255877,1,1
18,-9,9,1.790416667,0.8476355604,2.249495989,27.09995402,14.19450694,1.40782206,1,1
18,-9,10,0.2634782609,0.8697309131,0.4635100787,3.967552745,13.30787628,1.32057908,1,1
18,-9,11,0.5391304348,0.8906681138,0.4062945565,12.01291931,4.972583261,1.24079171,1,1
18,-9,12,3.710588235,0.9968318326,3.777968923,-39.23960643,-5.662007472,1.16809323,1,1
18,-9,13,2.007272727,0.9443567709,2.099329218,-26.26037865,-13.5575778,1.10195558,1,1
18,-9,14,1.688181818,1.423883422,3.988460877,-37.47137576,-15.97733276,1.04179106,1,1
18,-9,15,2.708181818,1.060709649,2.326912011,-28.1980526,-13.15180264,0.98701079,0,1
18,-9,16,1.128695652,1.033375733,0.8282033291,-17.00258475,-7.448621172,0.93705600,0,1
18,-9,17,-0.7571428571,1.141560574,0.009045844819,0.7463534311,-1.790652107,0.89141281,0,1
18,-9,18,2.388095238,1.362099678,0.07442627866,5.281073362,1.753551957,0.84961754,0,1
18,-9,19,-0.485,1.686683378,0.02333150437,1.710716161,2.603921218,0.81125661,0,1
18,-9,20,0.9046153846,1.600435037,0.01113981462,1.584564318,1.457333173,0.77596370,0,1
18,-9,21,0,2.74948047,0.0006775712519,0.3242715112,-0.4204142141,0.74341568,0,1
18,-9,22,5.1575,3.886657465,0.01218085299,-1.171992285,-1.922034583,0.71332804,0,1
18,-8,0,12.26086957,0.97177274,5.523540111,47.85913466,2.746710303,2.17275612,1,1
18,-8,1,8.092954545,0.555932314,7.811377828,56.4744752,7.779348121,2.15440201,1,1
18,-8,2,23.59025,0.8731247763,24.28264459,98.42088906,20.39610775,2.10201043,1,1
18,-8,3,105.6689744,2.978955125,69.39399046,166.3865331,34.44624291,2.02258964,1,1
18,-8,4,24.49611111,0.982310063,21.83006308,84.91254872,43.26831905,1.92514598,1,1
18,-8,5,56.08942857,1.807455783,50.83021643,138.9250324,42.9824643,1.81836055,1,1
18,-8,6,71.77375,2.101840562,47.59155282,136.4991437,34.17909998,1.70918648,1,1
18,-8,7,17.77880952,0.8092374844,16.91690073,81.16166916,21.23617781,1.60245080,1,1
18,-8,8,2.775111111,0.5827407919,0.668223864,13.47028693,9.826625089,1.50108844,1,1
18,-8,9,0.674047619,0.648748913,0.3755960323,11.81458528,4.084167229,1.40661246,1,1
18,-8,10,1.968,0.582117972,3.001563589,34.99576668,4.907321737,1.31958056,1,1
18,-8,11,0.3208510638,0.6311251446,0.5535690562,11.33458584,10.09142191,1.23996335,1,1
18,-8,12,7.586969697,0.7947631627,7.228375269,52.4748563,15.92855201,1.16740203,1,1
18,-8,13,1.920638298,0.6946924731,3.188951775,30.94025031,19.22103845,1.10137521,1,1
18,-8,14,6.17825,0.8208404767,5.423625173,43.69368316,18.63690238,1.04130061,1,0
18,-8,15,2.314651163,0.7497671173,3.217213704,33.42132314,14.88357489,0.98659369,0,1
18,-8,16,1.266046512,0.9457774749,1.004930119,17.89973474,9.884110333,0.93669905,0,1
18,-8,17,1.452826087,0.758378684,0.2717223489,9.040610301,5.596077841,0.89110551,0,1
18,-8,18,-0.760952381,0.8000063421,0.09050307699,5.276533041,3.132339506,0.84935146,0,1
18,-8,19,0.1771794872,0.9573172245,0.1262066004,6.793695271,2.520580943,0.81102495,0,1
18,-8,22,-2.053333333,2.574000885,0.09582554237,4.864172675,4.025861518,0.71317054,0,0
18,-7,0,29.94136364,1.362950888,41.14832206,129.3450569,19.73346063,2.15952093,1,1
18,-7,1,12.87413043,0.6150284213,15.61578214,79.51979136,13.1708276,2.14149742,1,1
18,-7,2,6.26275,0.6088037859,6.642176007,-52.45465125,-3.457399262,2.09001942,1,1
18,-7,3,89.09378378,2.610765584,64.62156549,-162.4164637,-22.50268572,2.01190034,1,1
18,-7,4,35.32947368,1.17752587,32.03728706,-109.8577264,-35.49975645,1.91592153,1,1
18,-7,5,63.73717949,1.923953527,46.93224343,-134.6956819,-37.18868112,1.81058152,1,1
18,-7,6,29.9097619,1.054138077,23.5414973,-94.99865469,-27.74126175,1.70272133,1,1
18,-7,7,3.985909091,0.6845266044,2.711892409,-31.29645511,-12.19840752,1.59711914,1,1
18,-7,8,0.9148780488,0.6114035355,1.177517721,22.00744156,2.360691471,1.49670321,1,1
18,-7,9,2.705,0.6022587868,2.570594673,31.04322015,10.28598641,1.40300228,1,1
18,-7,10,0.6740909091,0.577229687,0.4419623817,9.48681943,9.688988161,1.31659852,1,1
18,-7,11,0.8082222222,0.6538257489,0.2719835122,10.29723868,2.66912963,1.23748818,1,1
18,-7,12,3.916486486,0.7068765337,3.8601674,-39.56980409,-6.343020526,1.16533576,1,1
18,-7,13,0.3154761905,0.7028506914,1.126297656,-17.30425708,-13.00589034,1.09963958,1,1
18,-7,14,3.127045455,0.8148151569,2.468404728,-28.34205575,-14.9564466,1.03983341,1,1
18,-7,15,3.585555556,0.7730765349,2.391378015,-29.00773937,-12.38837753,0.98534553,0,1
18,-7,16,1.325,0.8018885521,0.6136654997,-14.19256121,-7.340549205,0.93563064,0,0
18,-7,17,0.5253658537,1.022694975,0.04349979806,-3.556127435,-2.334915565,0.89018549,0,1
18,-7,18,1.153571429,0.8331791694,0.01208849299,2.079332526,0.8400792723,0.84855469,0,1
18,-7,19,-0.11,0.9151620658,0.00916990884,-0.9975296238,1.679294279,0.81033117,0,1
18,-7,20,0.1881481481,1.148770859,0.02509772716,3.135545094,0.78111497,0.77515375,0,1
18,-7,21,3.121333333,1.959231109,0.004008008103,-1.042364523,-0.7622256165,0.74270334,0,1
18,-7,22,0.24,2.448745143,0.02058933161,-2.143440641,-1.992925105,0.71269867,0,1
18,-6,0,8.956818182,0.8100340398,13.20505831,-74.08054775,2.443520552,2.13798978,1,1
18,-6,1,0.2717777778,0.5543656206,0.1084120384,3.85022446,5.502731775,2.12049568,1,0
18,-6,2,25.67166667,1.001641866,25.88965111,102.9500616,13.13561753,2.07048250,1,1
18,-6,3,47.04175,1.436404735,38.78834613,125.1965654,21.52944691,1.99445537,1,1
18,-6,4,12.56323529,0.7194528871,14.17361154,72.03585625,26.60254649,1.90083779,1,1
18,-6,5,28.60697674,1.018403824,21.81671493,91.63736616,26.06392253,1.79783541,1,0
18,-6,6,13.37878049,0.7248569983,12.47390198,69.08295662,20.42668657,1.69210723,1,1
18,-6,7,5.22675,0.653075602,3.713812305,37.26443691,12.50898652,1.58835011,1,1
18,-6,8,1.260697674,0.5541960982,0.9928430284,19.47377457,5.817170404,1.48947914,1,1
18,-6,9,0.3368181818,0.6328503402,0.265695729,10.14167469,2.77269025,1.39704660,1,1
18,-6,10,-0.5272093023,0.6489420921,0.3159390764,10.84499126,3.719009859,1.31167307,1,1
18,-6,11,0.6241025641,0.6560848552,0.3343156047,9.411517404,7.107297124,1.23339564,1,1
18,-6,12,4.99225,0.6953397516,3.580554947,37.1182551,10.57861445,1.16191623,1,1
18,-6,13,1.97027027,0.7308064629,1.949362279,25.71503898,12.23761329,1.09676500,1,1
18,-6,14,1.795777778,0.7266749714,1.801996554,24.87576786,11.44149513,1.03740180,1,1
18,-6,15,1.28372093,0.9465991481,1.013187549,18.54389253,8.812244491,0.98327575,0,1
18,-6,16,-0.0702173913,0.8229839363,0.2701329933,8.975989816,5.640840826,0.93385806,0,1
18,-6,17,1.59744186,0.798374193,0.02939397816,1.573563144,3.122997978,0.88865845,0,1
18,-6,18,0.5079545455,0.850836088,0.05480797495,4.405040059,1.84342221,0.84723172,0,1
18,-6,19,-2.110606061,0.994379014,0.1301272218,7.16071633,1.692016626,0.80917881,0,1
18,-6,20,-0.3892857143,1.25196839,0.03014316279,2.829886092,2.129003653,0.77414486,0,1
18,-6,21,0.2873333333,1.577062811,0.02230860525,1.641459105,2.566514259,0.74181578,0,1
18,-6,22,3.494,3.03704725,0.03151225892,2.470293024,2.64729481,0.71191428,0,1
18,-5,0,41.1,1.746536537,35.78541949,121.9317616,4.581483229,2.10890013,1,0
18,-5,1,19.39525,0.7767726501,18.42866696,87.55824948,0.8411312054,2.09210488,1,1
18,-5,2,-0.6579411765,0.5746141508,0.5789259109,-12.89948315,-8.629169086,2.04402887,1,1
18,-5,3,42.78514286,1.429793743,36.37558191,-121.472561,-19.44982063,1.97077756,1,1
18,-5,4,21.88714286,0.9560755369,24.77808393,-97.9409023,-26.76522605,1.88030677,1,1
18,-5,5,50.33942857,1.661468173,41.66521523,-128.7473837,-27.54478567,1.78043478,1,1
18,-5,6,26.61513514,1.151307627,28.05020945,-105.7923866,-21.86595627,1.67757551,1,1
18,-5,7,12.20073171,0.7191470756,10.62537417,-65.28161159,-12.60733413,1.57631262,1,1
18,-5,8,1.054883721,0.5499324901,0.4732597115,-13.49644175,-3.839712454,1.47953894,1,1
18,-5,9,1.055116279,0.5776817545,0.03132371826,3.418398711,1.160442281,1.38883465,1,1
18,-5,10,0.4733333333,0.7258225045,0.1122091537,6.714948502,1.262348135,1.30486939,1,1
18,-5,11,1.178571429,0.8000650069,1.097991858,21.24169652,-2.367348729,1.22773370,1,1
18,-5,12,1.682162162,0.7432178975,0.9847318538,-18.91777063,-7.197965553,1.15717907,1,1
18,-5,13,1.036956522,0.6392319869,0.6377942001,-12.2640255,-10.7212294,1.09277821,1,1
18,-5,14,1.889285714,0.7470794388,1.598790181,-23.06053201,-11.5490479,1.03402603,1,1
18,-5,15,1.401304348,0.7633203346,1.019637315,-18.13412227,-9.765685096,0.98039985,0,1
18,-5,16,0.4894871795,0.8789870373,0.4346789237,-11.75354731,-6.534532415,0.93139329,0,1
18,-5,17,0.7385294118,0.8915477774,0.1349683882,-6.718668383,-3.318496169,0.88653373,0,1
18,-5,18,1.599090909,0.8198436025,0.04285283899,-4.056617104,-1.171565885,0.84538991,0,1
18,-5,19,0.3808108108,1.165568684,0.02700623142,-3.327026523,-0.4082913008,0.80757373,0,1
18,-5,21,2.016153846,1.719366885,0.01304642064,-1.859969539,-1.403000802,0.74057853,0,1
18,-5,22,1.13,2.709185117,0.01695341207,-1.786984923,-1.96470533,0.71082048,0,1
18,-4,0,8.231363636,0.758017341,8.433889714,-59.09906992,4.022125364,2.07318710,1,1
18,-4,1,9.081428571,0.5939622238,6.629013824,-52.37521792,3.847666217,2.05722435,1,1
18,-4,2,0.04314285714,0.5016263346,0.4705400435,13.5934847,3.314061128,2.01146134,1,1
18,-4,3,19.81902439,0.7982881745,19.24744974,89.45311939,2.438125443,1.94153846,1,1
18,-4,4,0.8647368421,0.6039807182,0.4419160321,-13.49116225,1.35848892,1.85486185,1,0
18,-4,5,4.180909091,0.5339357125,4.259877178,42.09703694,0.3742152888,1.75878757,1,1
18,-4,6,0.615952381,0.5306193703,0.3957389246,12.83060546,-0.144084439,1.65943055,1,1
18,-4,7,-0.386744186,0.6207566669,0.3063672999,-11.28979288,0.05618623399,1.56123058,1,1
18,-4,8,0.2343902439,0.6724017789,0.8302957692,-18.56246968,0.9354752336,1.46704636,1,1
18,-4,9,0.06146341463,0.5799135302,0.3083961001,11.12534717,2.129155359,1.37848616,1,1
18,-4,10,1.016842105,0.6325702746,0.6980203387,16.75713619,3.099395309,1.29627540,1,0
18,-4,11,0.2136585366,0.6664655368,0.8993628961,-19.04304002,3.396771044,1.22056736,1,1
18,-4,12,4.322058824,0.7833867009,3.670126564,38.96952574,2.883371591,1.15117271,1,1
18,-4,13,-0.3190697674,0.6790507325,0.2289409093,-9.593905568,1.790724485,1.08771564,1,1
18,-4,14,0.2413636364,0.7638500311,0.01671353418,-2.571075061,0.5857944903,1.02973378,1,1
18,-4,15,-0.7560465116,0.8184764321,0.0003129011937,-0.2386649462,-0.2705919757,0.97673908,0,1
18,-4,16,0.91525,0.7648537442,0.003841386307,-1.145096457,-0.5356711963,0.92825279,0,1
18,-4,17,0.4255555556,0.8541376689,0.0008342693403,-0.528025051,-0.2613103988,0.88382422,0,1
18,-4,18,-1.871388889,0.8957724786,0.0003604209473,0.2638757823,0.2834094225,0.84303942,0,1
18,-4,19,0.6735135135,0.9330285208,0.07716233165,5.612280733,0.7780144228,0.80552402,0,1
18,-4,20,-0.4258333333,1.251853831,0.00415229767,-0.8465597816,1.005424874,0.77094269,0,1
18,-4,21,0.1858333333,2.43576211,0.005199987152,1.145679867,0.9224132717,0.73899684,0,1
18,-4,22,1.21,3.177667187,0.001125934687,-0.2631799836,0.6318035938,0.70942155,0,1
18,-3,0,6.264,0.8957744077,9.901409609,63.39120691,-10.04921604,2.03190685,1,1
18,-3,1,0.8638095238,0.5225195763,2.04153459,27.28240894,-10.24892187,2.01687193,1,1
18,-3,2,0.176,0.5564591237,0.2867293412,1.909447811,-10.75389766,1.97369381,1,1
18,-3,3,8.110227273,0.5565929043,8.563976407,-58.60788637,-11.31879541,1.90750917,1,1
18,-3,4,5.942105263,0.639961454,2.484606354,-29.96858426,-11.64439702,1.82512179,1,1
18,-3,5,24.45651163,0.9200574911,21.19892842,-93.20679851,-11.49785482,1.73337216,1,1
18,-3,6,10.44190476,0.6557237703,9.772765923,-62.84190179,-10.80766745,1.63803298,1,1
18,-3,7,4.713684211,0.6947562608,3.040118586,-34.21799068,-9.693050063,1.54337187,1,0
18,-3,8,3.567894737,0.6423945099,3.60266822,-37.78999324,-8.413588596,1.45219896,1,0
18,-3,9,0.9483783784,0.660637661,2.369539933,-30.54706897,-7.260288848,1.36614670,1,0
18,-3,10,0.3186111111,0.6449533431,0.1338128065,-3.773335358,-6.436931563,1.28599869,1,1
18,-3,11,1.878809524,0.7003448796,2.996819128,34.79916741,-5.985777345,1.21197659,1,1
18,-3,12,-0.5923076923,0.780470589,0.9630226903,-19.16088449,-5.789755669,1.14395709,1,1
18,-3,13,0.9364102564,0.7480399478,0.1161854431,-4.05854598,-5.645048803,1.08162258,1,1
18,-3,14,0.09416666667,0.6569027177,0.3186704602,-10.18866328,-5.363990003,1.02455959,1,1
18,-3,15,0.2522222222,0.6992788525,0.2171800665,-8.171241065,-4.856696198,0.97232000,0,1
18,-3,16,0.63575,0.9219858645,0.252796694,-9.375715702,-4.155809546,0.92445720,0,1
18,-3,17,-0.7248837209,0.7790912875,0.07214063891,-4.310543936,-3.381266381,0.88054608,0,1
18,-3,18,1.859210526,0.9003962655,0.03282136598,-2.552674147,-2.671894378,0.84019306,0,1
18,-3,19,0.71,0.9311975133,0.1215509951,-6.787242919,-2.122266724,0.80303990,0,1
18,-3,20,-1.1312,1.309214309,0.02640464097,-2.812737191,-1.753290641,0.76876411,0,1
18,-2,0,1.595263158,0.7215253925,4.331471775,-41.46089584,9.114891398,1.98616109,1,1
18,-2,1,0.9234210526,0.5584743845,0.4195098176,-11.96865428,5.593413299,1.97211204,1,1
18,-2,2,3.348,0.5671249128,2.518024591,-32.18875854,-3.390477555,1.93168873,1,1
18,-2,3,2.411590909,0.5318434913,3.546955202,-35.82952191,-13.85417985,1.86951025,1,1
18,-2,4,4.549459459,0.6691763511,4.873439029,-39.67195524,-21.30037224,1.79175318,1,0
18,-2,5,5.151219512,0.6865403897,5.870487188,-43.8593638,-22.77593002,1.70471057,1,1
18,-2,6,5.34775,0.6177294108,5.691157556,-45.17064166,-18.09394149,1.61378138,1,1
18,-2,7,4.279166667,0.741729572,4.10151814,-40.157757,-9.683523353,1.52303598,1,1
18,-2,8,0.15475,0.7327716078,0.3333222896,-11.70945163,-1.251323665,1.43522001,1,1
18,-2,9,-0.4622222222,0.7284568503,0.05553880301,2.676957993,3.992560159,1.35198230,1,1
18,-2,10,1.101935484,0.740366574,0.5602434746,14.53922626,4.658045756,1.27416296,1,1
18,-2,11,-1.004615385,0.6844538367,0.01160426992,-1.616063571,1.488703091,1.20205399,1,1
18,-2,12,0.7247368421,0.8548771248,0.6248806895,-15.77639127,-3.329257937,1.13560197,1,1
18,-2,13,1.016511628,0.811738689,0.9993783856,-19.00967394,-7.376900891,1.07455201,1,1
18,-2,14,0.7902222222,0.7373485456,1.057943555,-18.91248223,-9.081306671,1.01854404,1,1
18,-2,15,-0.04866666667,0.7177393179,0.8588319874,-17.03336026,-8.196181037,0.96717399,0,1
18,-2,16,2.592608696,0.9041615773,0.2216766811,-7.806652558,-5.593178731,0.92003096,0,1
18,-2,17,-0.4617073171,0.8620500878,0.04303510636,-3.326182948,-2.615539595,0.87671855,0,1
18,-2,18,-0.8327906977,0.8312179352,0.0004972959831,-0.2316274142,-0.3914667841,0.83686605,0,1
18,-2,19,0.4210810811,1.04803024,0.001236260852,0.4292497135,0.5745300836,0.80013353,0,1
18,-2,21,-0.28125,3.31879735,0.001070318878,-0.5916172956,-0.3086904306,0.73482805,0,1
18,-1,0,8.9945,0.872552057,12.93534385,-71.60908058,-15.93187298,1.93703161,1,1
18,-1,1,1.862058824,0.6364145584,3.729787488,-37.14634166,-13.11139571,1.92399278,1,1
18,-1,2,0.1683783784,0.5143187144,0.1810870072,-6.27909436,-5.992771984,1.88640149,1,1
18,-1,3,2.102564103,0.5234577548,2.238020584,30.4426398,2.088763307,1.82836601,1,1
18,-1,4,7.014871795,0.6220370384,6.270367742,50.52201657,7.502061303,1.75543524,1,1
18,-1,5,1.507142857,0.6183081513,0.1628127983,1.48214143,8.095721447,1.67334277,1,1
18,-1,6,-0.3602564103,0.5877297394,0.136361523,6.30350685,4.12290308,1.58709403,1,1
18,-1,7,-0.5817142857,0.714930153,0.03478637779,-3.170351416,-2.102752976,1.50054157,1,0
18,-1,8,2.096,0.8609757217,0.8787762421,-17.57558033,-7.530566278,1.41634994,1,1
18,-1,9,0.2444736842,0.6591527446,0.9641479447,-17.41139836,-9.898087132,1.33617372,1,1
18,-1,10,-0.2703225806,0.745683032,0.1806652569,0.2863520265,-8.665037648,1.26090416,1,1
18,-1,11,-0.09470588235,0.7384943051,0.06150875114,0.9159655601,-4.975079378,1.19090220,1,1
18,-1,12,0.2063888889,0.7577714646,1.34571995,-23.64750608,-0.8218873789,1.12618525,1,1
18,-1,13,0.2565853659,0.8144028644,0.1645201688,8.020968049,2.02777303,1.06656347,1,1
18,-1,14,-1.072682927,0.8804500668,0.3640646033,11.98897521,2.780598387,1.01173297,1,1
18,-1,15,-0.673255814,0.7723023439,0.007912875612,0.5096161308,1.741379812,0.96133661,0,0
18,-1,16,-0.5002380952,0.7590681198,0.003911971373,-1.271697639,-0.1016917141,0.91500193,0,1
18,-1,17,-0.1604761905,0.9108249475,0.008913686281,-0.9042719213,-1.700231398,0.87236358,0,1
18,-1,18,0.4379487179,0.8796075645,0.01936117276,-1.472348302,-2.426377835,0.83307588,0,1
18,-1,19,0.2282352941,0.9965481842,0.04261897799,-3.576331044,-2.222896425,0.79681893,0,1
18,-1,20,0.2963157895,1.678356062,0.00537969342,-0.3747615042,-1.448360559,0.76330092,0,1
18,0,0,1.161666667,1.042442378,4.610992571,40.7438297,16.07235818,1.88552975,1,1
18,0,1,-0.1247058824,0.7743149668,0.332240157,5.797194739,10.22836183,1.87349719,1,1
18,0,2,2.233181818,0.6891063503,0.1557711801,-6.599304328,-4.610531572,1.83873624,1,1
18,0,3,9.176111111,0.8960680571,7.242427914,-50.42315477,-21.69519092,1.78486702,1,1
18,0,4,54.27473684,2.431869372,57.56697337,-151.0883184,-33.50777327,1.71682981,1,1
18,0,5,14.59055556,1.171305856,16.32757487,-74.48143368,-35.29195027,1.63980377,1,1
18,0,6,16.76833333,1.507461887,17.89597664,-81.93750248,-27.05137892,1.55839229,1,1
18,0,7,5.788,1.162178671,6.923779353,-52.04041052,-13.1300945,1.47621455,1,1
18,0,8,-1.8645,0.8458717397,0.003034555304,1.103308878,0.2126524138,1.39583813,1,1
18,0,9,4.7185,0.9504840872,4.33168128,41.72076945,7.845488491,1.31891075,1,1
18,0,10,0.2528571429,1.256348463,0.238646235,6.09593452,7.882077942,1.24636659,1,1
18,0,11,4.4475,1.105585076,4.176866137,-41.63914212,1.9864722,1.17863113,1,0
18,0,12,-0.4955555556,1.105811109,0.2962196555,9.342526583,-5.996490683,1.11579104,1,1
18,0,13,4.552,1.292192669,3.094261741,-33.75987141,-12.15002784,1.05772167,1,1
18,0,14,2.448421053,1.14104899,2.287456764,-27.38470784,-14.20431984,1.00417651,1,1
18,0,15,0.3286363636,1.104990117,0.9856048822,-16.2044802,-12.14375536,0.95484701,0,1
18,0,16,-0.289,1.233781287,0.5199041032,-12.55117918,-7.666250607,0.90940086,0,1
18,0,17,0.5009090909,1.077009557,0.1390983142,-6.984389252,-3.014873703,0.86750555,0,1
18,0,18,-0.4177777778,1.388035136,0.01001897863,-2.037832391,0.124839918,0.82884198,0,1
18,0,19,0.6052941176,1.469673613,0.03786492457,3.790719483,1.176417419,0.79311172,0,1
18,0,20,-0.07555555556,1.984186247,0.009783410113,-1.933145058,0.5773118257,0.76004026,0,1
19,-9,0,44.780625,2.190922323,30.35631682,-110.688822,-19.43137126,2.06167996,1,1
19,-9,1,5.971315789,0.5628244217,9.163758033,-59.37348004,-16.95067797,2.04597954,1,1
19,-9,2,-0.7717647059,0.529270978,1.223092752,-19.89784209,-10.62720526,2.00094660,1,1
19,-9,3,0.477,0.4712871338,0.02565359419,0.08841761243,-3.265766625,1.93207753,1,1
19,-9,4,1.581621622,0.512488308,0.5765586751,15.3575325,2.005129264,1.84660704,1,1
19,-9,5,-0.2293617021,0.4761065118,0.7530196965,17.40861662,3.198458851,1.75174542,1,1
19,-9,6,-0.3041304348,0.5064437511,0.2015215173,-9.151571783,0.3012498081,1.65351182,1,1
19,-9,7,3.605238095,0.5650957618,3.531649061,-38.01793471,-4.895052293,1.55629863,1,1
19,-9,8,4.797727273,0.6006309527,3.476798177,-36.74897754,-9.798832129,1.46295196,1,0
19,-9,9,3.058095238,0.617739805,2.650956017,-30.85492648,-12.28374864,1.37508773,1,1
19,-9,10,1.252631579,0.6540908238,1.730487055,-24.20770933,-11.57355942,1.29344825,1,1
19,-9,11,1.022826087,0.6231675595,0.711083347,-15.02373073,-8.37437631,1.21820632,1,1
19,-9,12,-0.08452380952,0.7004200003,0.1294604233,-5.942555296,-4.306668902,1.14919129,1,1
19,-9,13,0.5436585366,0.7502209232,0.01868004653,2.592870465,-1.024091068,1.08604369,1,1
19,-9,14,0.08409090909,0.6969039783,0.007754078765,1.722451734,0.5091224238,1.02831487,1,1
19,-9,15,-0.8095454545,0.7041389957,0.0005028281111,-0.3638374132,0.2771668324,0.97552790,0,1
19,-9,16,0.31075,0.7817397665,0.00505091879,-1.038755105,-1.011136631,0.92721299,0,0
19,-9,17,-0.44,0.7770676971,0.1424210916,-7.309584689,-2.413203935,0.88292655,0,1
19,-9,18,-0.2523684211,0.8779531093,0.1285646809,-6.567063082,-3.219064121,0.84226027,0,1
19,-9,19,0.735,1.119373731,0.05960189292,-3.826491915,-3.186695552,0.80484425,0,1
19,-9,20,0.5030434783,1.218859596,0.02492069558,-2.024997448,-2.503500723,0.77034670,0,1
19,-9,21,2.377333333,1.560511597,0.03094654629,-3.225820068,-1.57138169,0.73847186,0,1
19,-9,22,1.902,2.813121398,0.00702663988,-1.528405105,-0.7664046911,0.70895707,0,1
19,-8,0,3.385,0.8765992854,10.19405775,-64.24581688,-10.66122249,2.05411414,1,1
19,-8,1,16.49194444,0.8766216555,16.4871135,-82.20417066,-10.09233812,2.03858463,1,1
19,-8,2,4.041315789,0.6063565808,7.288342232,-54.39667548,-8.560371726,1.99402769,1,1
19,-8,3,-0.6855,0.5317134796,0.3250043992,-9.6152133,-6.539428495,1.92584654,1,0
19,-8,4,1.161860465,0.4877279251,0.3434584757,11.00806606,-4.660113675,1.84116466,1,1
19,-8,5,-0.875,0.498005215,0.03386462503,-1.351422331,-3.50183741,1.74709738,1,1
19,-8,6,-0.07909090909,0.5163470308,0.5194613676,-14.3070359,-3.380535921,1.64960100,1,1
19,-8,7,-0.2975,0.6964966034,0.2801163071,-9.938168309,-4.215898091,1.55303651,1,1
19,-8,8,1.493255814,0.5626768095,0.6108839507,-14.94507924,-5.549757949,1.46024133,1,1
19,-8,9,1.51195122,0.6549851255,1.651775601,-25.3366685,-6.728015465,1.37283602,1,1
19,-8,10,1.844117647,0.6524433714,1.676260683,-25.41456469,-7.17633332,1.29157373,1,1
19,-8,11,1.12952381,0.6319588558,0.5231418782,-13.17265731,-6.643166159,1.21663988,1,1
19,-8,12,0.715,0.6685163611,0.2927571133,-9.684604508,-5.292311938,1.14787600,1,1
19,-8,13,1.472727273,0.6637784328,0.5955179974,-15.32270453,-3.602361011,1.08493333,1,0
19,-8,14,2.595348837,0.7087599528,0.2899173167,-10.77402591,-2.130495863,1.02737218,1,0
19,-8,15,0.7997826087,0.7530231174,0.00768969631,-1.264837027,-1.26469242,0.97472295,0,1
19,-8,16,-0.4524390244,0.7583273572,0.004290759638,-0.7805864803,-1.084358702,0.92652173,0,1
19,-8,17,0.02162162162,0.8393865373,0.00507442164,-0.4493927979,-1.381750271,0.88232962,0,1
19,-8,18,-0.1343902439,0.9624624192,0.02761240337,-2.866300078,-1.80895714,0.84174204,0,1
19,-8,19,-0.5466666667,0.975751741,0.05684973059,-4.406216888,-2.058469893,0.80439202,0,1
19,-8,20,-0.24,1.24863686,0.04468441529,-3.827287025,-1.985598428,0.76995013,0,1
19,-8,21,1.313076923,1.760694205,0.01187288281,-1.512660518,-1.628346266,0.73812250,0,1
19,-7,0,26.9805,1.429958681,16.02749482,-78.8360698,-21.28457223,2.03922906,1,1
19,-7,1,9.814444444,0.6659661134,7.980436986,-55.03052688,-17.08396717,2.02403223,1,1
19,-7,2,0.2944444444,0.5061807032,0.1035759232,1.144800005,-6.463874755,1.98040250,1,0
19,-7,3,3.595365854,0.5543042329,2.46941658,31.55265877,5.640755216,1.91356330,1,1
19,-7,4,1.794090909,0.4787686513,2.68071347,30.40165106,13.82161423,1.83042273,1,1
19,-7,5,5.525,0.6170389382,5.158687351,43.89550564,14.8131904,1.73791123,1,1
19,-7,6,1.837631579,0.57831287,2.842125795,33.21747852,8.891080782,1.64186191,1,1
19,-7,7,1.221904762,0.5675128858,0.01083684264,-2.04322816,-0.5777826345,1.54657334,1,1
19,-7,8,2.662439024,0.5948209955,3.171982114,-35.18359403,-9.044444524,1.45486497,1,1
19,-7,9,5.168636364,0.7810522116,3.739664776,-37.22835874,-13.03526364,1.36836559,1,1
19,-7,10,3.003888889,0.6834701695,1.5299144,-22.40873878,-11.59144714,1.28784901,1,1
19,-7,11,0.118974359,0.6456005787,0.360650743,-10.50768587,-6.295670908,1.21352506,1,1
19,-7,12,0.2395121951,0.6691963803,0.1194697014,7.04950229,-0.09637484675,1.14525893,1,1
19,-7,13,1.000222222,0.7947595716,0.2121651274,8.359631611,4.287982922,1.08272279,1,1
19,-7,14,0.7995238095,0.7864705965,0.6150542678,15.0089395,5.533713179,1.02549455,1,1
19,-7,15,-0.3204347826,0.7032724614,0.2695093647,9.813913578,3.976822988,0.97311901,0,1
19,-7,16,2.442432432,0.8109011211,0.003290825691,-0.5091128655,1.053534826,0.92514384,0,0
19,-7,17,-0.8,0.822583675,0.05700350996,-4.592248239,-1.620888899,0.88113939,0,1
19,-7,18,-2.148571429,0.8252961401,0.08765000239,-5.235729167,-3.008900865,0.84070843,0,1
19,-7,19,0.2933333333,1.011973549,0.04277172043,-3.031894187,-2.933015107,0.80348985,0,1
19,-7,20,-0.05333333333,1.126378016,0.03148117597,-3.087896657,-1.887453249,0.76915884,0,1
19,-7,21,2.764166667,1.775000391,0.0008889501399,-0.02843413133,-0.6074823058,0.73742525,0,1
19,-7,22,-0.265,4.248753739,0.0005222803141,0.3305300591,0.3286974107,0.70803084,0,1
19,-6,0,0.429,0.865624478,1.481713754,-24.79275714,1.333707752,2.01749598,1,1
19,-6,1,5.225405405,0.5486805343,6.170779872,-50.66730372,0.3825979272,2.00277639,1,1
19,-6,2,6.177777778,0.573892183,7.99229454,-57.63269776,-1.904270724,1.96047847,1,1
19,-6,3,0.2265,0.4952875427,0.2972807024,-10.30933646,-4.171298172,1.89557132,1,1
19,-6,4,-0.1125,0.5168271592,0.254026723,8.93251924,-5.088874663,1.81465663,1,1
19,-6,5,-0.00875,0.5484745965,0.1138553162,-5.503695446,-4.132586393,1.72439970,1,1
19,-6,6,-0.1097368421,0.6257896845,0.04166660514,3.726904383,-1.856169717,1.63045482,1,1
19,-6,7,0.745,0.539734592,0.624321116,16.10944613,0.4810588497,1.53702812,1,1
19,-6,8,-0.2161904762,0.5701595532,0.1457813177,7.606508955,1.671109899,1.44691063,1,1
19,-6,9,0.3840909091,0.5694812414,0.003610765149,-0.04191999057,1.224942228,1.36174109,1,1
19,-6,10,-0.1565625,0.8712863138,0.1015798247,-6.48677133,-0.4284563053,1.28232185,1,1
19,-6,11,1.104047619,0.6481885626,0.749297183,-17.50887508,-2.276100159,1.20889735,1,1
19,-6,12,0.7544736842,0.7292493751,0.9177343633,-19.25357001,-3.334490294,1.14136667,1,0
19,-6,13,0.3060465116,0.6853382627,0.4196899908,-12.83029582,-3.161238204,1.07943217,1,1
19,-6,14,-0.5635714286,0.7086913061,0.1986034226,-8.867801242,-1.997513456,1.02269731,1,1
19,-6,15,0.7356818182,0.720384532,0.02353501384,-3.084758212,-0.5252536163,0.97072787,0,1
19,-6,16,-1.256829268,0.8045841555,0.05824487021,4.890748953,0.5595186266,0.92308848,0,1
19,-6,17,0.6902380952,0.8596555159,0.06390032566,5.078113005,0.8934084369,0.87936304,0,1
19,-6,18,1.23075,0.9279435761,0.00400095536,-1.168529721,0.5469147304,0.83916514,0,1
19,-6,19,-0.6523684211,0.932726657,0.01428958769,-2.435496231,-0.1160580593,0.80214226,0,1
19,-6,20,-0.8051851852,1.322902723,0.001693716139,-0.4799420931,-0.6887072678,0.76797647,0,1
19,-6,21,1.8575,2.067493771,0.002461960939,-0.4097727921,-0.9254041129,0.73638307,0,1
19,-5,0,15.50777778,1.077362033,8.265055815,-55.89757144,-17.72276974,1.98957081,1,1
19,-5,1,8.430540541,0.6101478703,6.082733906,-48.72686906,-12.50532669,1.97544979,1,1
19,-5,2,1.34825,0.5271729011,0.01185781807,-2.126551791,0.6412201444,1.93482509,1,1
19,-5,3,1.616585366,0.4812023905,3.199838518,33.03496044,15.49090609,1.87235295,1,1
19,-5,4,29.09225,1.065761284,28.0728839,105.0785044,25.2604552,1.79425526,1,1
19,-5,5,12.43116279,0.7761862788,16.52346257,78.7550354,25.92582135,1.70686501,1,1
19,-5,6,8.29475,0.7198130978,9.296099202,59.54046537,17.9590779,1.61560876,1,1
19,-5,7,3.576666667,0.7457788037,3.687349915,38.75082479,5.698862614,1.52457182,1,1
19,-5,8,0.6629545455,0.5577498236,0.1297450454,5.272437442,-5.116754781,1.43650499,1,1
19,-5,9,1.408571429,0.5885672388,1.393750311,-21.80843666,-10.21053005,1.35305626,1,1
19,-5,10,3.772857143,0.6769901576,2.371447695,-30.22916126,-8.533858525,1.27506182,1,1
19,-5,11,0.6077272727,0.7225116124,0.04110084784,-3.491225826,-2.216110116,1.20280863,1,1
19,-5,12,-0.06891891892,1.012874169,0.1305990963,-5.425414586,4.989987598,1.13623818,1,0
19,-5,13,2.17,0.7222315192,2.134213987,28.16178592,9.738729386,1.07509099,1,1
19,-5,14,1.592727273,0.7959046446,1.710057259,24.51272481,10.51603903,1.01900302,1,1
19,-5,15,-0.1527906977,0.7262394154,0.6099321661,13.83562779,7.895228004,0.96756694,0,1
19,-5,16,0.4167391304,0.7230729556,0.06867914286,3.795387486,3.76412634,0.92036919,0,1
19,-5,17,-0.292,0.8126149534,0.004587961002,1.374381569,0.1409733703,0.87701120,0,1
19,-5,18,-0.7345,0.8504369465,0.007714261756,0.371041749,-1.752657403,0.83712057,0,1
19,-5,19,-0.4770588235,0.9871006266,0.03403575066,-3.308143205,-1.793486009,0.80035598,0,1
19,-5,20,-0.5936,1.242299062,0.001079000939,0.0002102509323,-0.6700096195,0.76640842,0,1
19,-5,21,0.194,1.857764517,0.001743379698,0.5112993062,0.681100145,0.73500035,0,1
19,-4,0,0.755,0.7284322206,2.291733795,29.34590403,9.606366603,1.95624231,1,1
19,-4,1,4.306578947,0.5471880396,1.275670033,21.61093041,7.981466799,1.94281438,1,1
19,-4,2,0.8324444444,0.5243322984,1.78157596,-26.93001933,3.998726126,1.90413119,1,1
19,-4,3,0.1393023256,0.4672671778,0.4492044712,-13.66950422,-0.1841844671,1.84449534,1,1
19,-4,4,0.4229545455,0.4998906413,0.327600875,-11.42892961,-2.382492495,1.76969562,1,1
19,-4,5,0.3369047619,0.6407818149,0.1427244775,7.538486732,-1.597191771,1.68568083,1,1
19,-4,6,0.719,0.5641584994,0.02715213999,3.006085187,1.503317547,1.59760921,1,0
19,-4,7,0.996,0.578548183,0.1961187583,7.476997077,5.068406205,1.50941914,1,1
19,-4,8,0.8712195122,0.6485888242,1.711051398,25.70011077,7.1678914,1.42380826,1,1
19,-4,9,-0.2988095238,0.6204493522,0.7985429055,16.89851125,6.831551232,1.34243034,1,1
19,-4,10,0.3491176471,0.6523416697,0.07987138268,3.666109968,4.448564518,1.26615784,1,1
19,-4,11,1.402571429,0.7488023314,0.601528161,-15.75915228,1.382713563,1.19532556,1,1
19,-4,12,0.09461538462,0.7139632827,0.002220705731,-0.3935256461,-0.8769555625,1.12992375,1,1
19,-4,13,-0.587,0.7216316581,0.009456587581,-1.302744684,-1.495734659,1.06973745,1,1
19,-4,14,-0.0543902439,0.8192156457,0.006665244953,-1.555762394,-0.593839321,1.01444096,1,0
19,-4,15,-0.1206818182,0.7290228043,0.002482148691,-0.1529642746,1.004632996,0.96365886,0,1
19,-4,16,0.01731707317,0.7551060375,0.06691315984,4.733254402,2.331348891,0.91700363,0,1
19,-4,17,1.028604651,0.8728204039,0.04238776677,3.14578929,2.781946751,0.87409777,0,1
19,-4,18,2.103658537,0.9800915684,0.01597940833,1.124590786,2.320225923,0.83458576,0,1
19,-4,19,0.9541176471,1.00973692,0.01096304777,1.657003945,1.347389707,0.79813982,0,1
19,-4,20,-1.457727273,1.241635818,0.005850686896,1.51062781,0.3900674135,0.76446179,0,1
19,-4,22,1.315,4.268984071,0.003552256321,-1.179553596,-0.2941968006,0.70436191,0,1
19,-3,0,49.1465,2.12210385,42.20849109,-131.8573743,-13.20091194,1.91837597,1,1
19,-3,1,4.024594595,0.6194864427,4.886473766,-44.38352679,-7.943266108,1.90570782,1,1
19,-3,2,1.530869565,0.4713451571,3.188728678,36.03774118,5.285432813,1.86915801,1,1
19,-3,3,10.22666667,0.7194588314,14.11528944,73.93108489,20.16903899,1.81265254,1,1
19,-3,4,14.20046512,0.7932800512,15.03147767,73.23435611,29.84124756,1.74151414,1,1
19,-3,5,39.66170732,1.298871504,38.68492336,123.2040624,30.25603307,1.66127172,1,1
19,-3,6,15.40025641,0.8006789115,18.13677824,84.0499793,21.93893103,1.57678377,1,1
19,-3,7,2.556578947,0.6178460373,2.926599284,33.62511602,9.324620179,1.49181881,1,1
19,-3,8,-0.2563157895,0.6911918316,1.352789108,23.65792208,-1.767442589,1.40900761,1,1
19,-3,9,0.05388888889,0.6696925543,0.1693292909,4.573377587,-7.037955705,1.33000376,1,0
19,-3,10,0.01941176471,0.7325092933,0.9651380618,-19.2742107,-5.481391862,1.25571534,1,1
19,-3,11,2.466470588,0.7035872615,1.45394963,-24.5849894,0.6976780904,1.18652758,1,1
19,-3,12,1.349772727,0.7664624188,0.9256986526,18.05652802,7.68726753,1.12248362,1,1
19,-3,13,1.332,0.71968474,0.8436251588,14.27637177,12.13141498,1.06341757,1,1
19,-3,14,3.090930233,0.9043233684,1.753765395,23.91652239,12.55568644,1.00904654,1,1
19,-3,15,1.106904762,0.7751748029,1.184028956,20.01318212,9.595929137,0.95903108,0,1
19,-3,16,0.1325581395,0.762736704,0.4504487449,12.6676018,5.190260883,0.91301328,0,1
19,-3,17,-1.398372093,0.7693456302,0.005446181972,0.6178971146,1.372610607,0.87063968,0,1
19,-3,18,-0.06880952381,0.8276235342,0.001335912167,-0.3574494521,-0.654239599,0.83157416,0,1
19,-3,19,0.6548648649,0.9666879946,0.02335444071,3.012040165,-0.8025659392,0.79550457,0,1
19,-3,20,-1.251904762,1.275053509,0.000208993185,-0.208357977,0.2086564662,0.76214531,0,1
19,-2,0,40.476,1.834906741,43.89597309,134.851257,8.822593198,1.87686061,1,1
19,-2,1,7.207105263,0.5963593378,6.653636534,52.07152376,7.534491071,1.86499221,1,1
19,-2,2,0.2452380952,0.4913468699,0.1660610969,-7.052103355,4.399627895,1.83069392,1,1
19,-2,3,3.1615,0.5302379183,2.218769167,-30.36009381,1.171536869,1.77750825,1,1
19,-2,4,0.53775,0.5836956187,0.6657503023,-16.63782278,-0.4061164117,1.71027788,1,1
19,-2,5,0.318,0.5361088975,0.3800036406,-12.56726267,0.4031371689,1.63409186,1,1
19,-2,6,-0.2026829268,0.6068885083,0.04042080546,2.836894504,2.961233384,1.55348710,1,1
19,-2,7,0.6746153846,0.5959179572,0.858580679,18.01940392,5.701690292,1.47204313,1,1
19,-2,8,1.403428571,0.8672770043,0.1243580558,-1.311503229,7.072376212,1.39231007,1,1
19,-2,9,-0.9080555556,0.6544942563,0.2688020568,-8.428476877,6.387059297,1.31593324,1,0
19,-2,10,0.742972973,0.699481883,0.05826242741,-2.716350725,4.106242777,1.24385296,1,1
19,-2,11,2.328709677,0.9404613078,1.280259561,23.03334527,1.452783954,1.17650477,1,1
19,-2,12,0.8527777778,0.7914826965,1.126048597,21.64194769,-0.33612055,1.11398647,1,1
19,-2,13,1.80975,0.7316160622,0.08596169981,5.944562927,-0.6527680327,1.05618406,1,0
19,-2,14,0.5590909091,0.7114461178,0.03364031328,-3.730740775,0.2783110836,1.00286052,1,1
19,-2,15,0.75225,0.964360389,0.009732357189,1.120311038,1.671526734,0.95371537,0,1
19,-2,16,0.365,0.7820227493,0.0296633032,2.260389768,2.689220476,0.90842307,0,1
19,-2,17,-0.6092105263,0.8138255648,0.0644404288,4.310451968,2.868818808,0.86665665,0,0
19,-2,18,0.9533333333,0.8414622234,0.01575400076,1.200064044,2.261463988,0.82810150,0,0
19,-2,19,0.3845714286,1.191548625,0.004432882666,-0.4589242701,1.278149888,0.79246286,0,1
19,-2,21,2.515,2.990022993,0.0005763163295,0.4821227397,-0.08562234017,0.72887309,0,0
19,-1,0,14.53045455,0.9795460873,18.55566346,-87.17722454,-10.96003338,1.83256267,1,1
19,-1,1,11.359,0.6590757259,10.95988264,-67.202849,-6.601616867,1.82151007,1,1
19,-1,2,1.570208333,0.5105894148,1.367485662,23.44930805,4.366407029,1.78951484,1,1
19,-1,3,10.20714286,0.6148834301,10.02704577,62.38909077,16.7123758,1.73974251,1,1
19,-1,4,27.71533333,0.9470160284,30.05147144,109.0427617,24.74752992,1.67655811,1,1
19,-1,5,13.37342105,0.7996092819,12.04533036,66.18578987,25.11653959,1.60460510,1,0
19,-1,6,10.04131579,0.7972170809,11.68534354,67.29517986,18.24794238,1.52808634,1,0
19,-1,7,4.578648649,0.8502065782,5.446933537,46.95974873,7.807138107,1.45037763,1,1
19,-1,8,-0.44525,0.6087934789,0.007771280093,1.139169988,-1.391220285,1.37393530,1,1
19,-1,9,0.01566666667,0.7325550415,0.5515851238,-14.00029509,-5.785841736,1.30038683,1,1
19,-1,10,-0.7563888889,0.6909454246,0.1008702503,-4.624806694,-4.536267769,1.23069910,1,1
19,-1,11,-0.228,0.9422813353,0.7074071762,17.14691435,0.5445543793,1.16535537,1,1
19,-1,12,-1.065,0.7730982494,0.7418645521,-16.3951135,6.312628855,1.10450780,1,1
19,-1,13,0.7353846154,0.8428233868,0.5550129651,11.4451449,9.995950252,1.04809524,1,1
19,-1,14,1.057027027,0.9737717963,1.162216148,19.38990117,10.37139998,0.99592820,0,1
19,-1,15,0.8055882353,0.9920994674,0.960487041,18.33918359,7.954883166,0.94774717,0,1
19,-1,16,0.1671875,0.9002401481,0.1381927698,6.219684733,4.337041767,0.90326095,0,1
19,-1,17,-1.477073171,0.837449955,0.03027368931,3.343277804,1.190676395,0.86217087,0,0
19,-1,18,0.38475,0.8670934206,0.01878938614,2.752290642,-0.4920631882,0.82418553,0,1
19,-1,19,-0.1526666667,1.053948027,0.003908913661,-1.106512746,-0.6339664712,0.78902898,0,1
19,0,0,7.6425,1.54952729,12.22931329,71.32578145,-0.7598805593,1.78629135,1,1
19,0,1,7.096666667,0.8984227802,9.159344393,61.72461032,-0.8785348192,1.77605039,1,1
19,0,2,1.100416667,0.7734869473,0.6464670376,-16.36508714,-1.069249705,1.74635305,1,1
19,0,3,1.249090909,0.7724545992,1.348215072,-23.66366123,-0.9743011128,1.70000466,1,1
19,0,4,3.605454545,0.7353180006,1.580317972,-25.63899977,-0.3536449233,1.64090808,1,1
19,0,5,0.162,0.9570298351,0.001466717684,0.4049583307,0.6680039624,1.57326750,1,1
19,0,6,1.631,0.8383424121,0.01409776674,1.808416278,1.610880437,1.50094798,1,1
19,0,7,0.7327777778,0.9353024765,0.6090525968,-15.80248269,1.916982518,1.42711145,1,1
19,0,8,0.264,1.058266805,0.7585464741,-17.71628375,1.312535657,1.35410866,1,1
19,0,9,0.3053333333,1.271015292,0.8835418516,-19.17271592,0.01117226251,1.28353900,1,1
19,0,10,1.095882353,1.200208946,0.08935326115,5.938721054,-1.380785591,1.21638844,1,1
19,0,11,2.942222222,1.121804847,0.2032178287,8.928342661,-2.198284956,1.15318343,1,1
19,0,12,-0.1285,1.130286707,1.455788276,24.52228296,-2.081119113,1.09412819,1,1
19,0,13,0.5205,1.08024156,0.1990871759,9.028149298,-1.149670498,1.03921376,1,1
19,0,14,-0.5126315789,1.17358567,0.03578275926,-3.857217833,0.09543735912,0.98829860,0,1
19,0,15,0.7011111111,1.365262763,0.02388919474,-2.966622357,1.066832492,0.94116506,0,1
19,0,16,-0.4552941176,1.908138937,0.05648883269,4.64367404,1.392187925,0.89755744,0,1
19,0,17,0.4155,1.192910202,0.004987745649,0.9753498275,1.060103439,0.85720670,0,1
19,0,18,-1.290555556,1.873254215,0.02836730384,-3.416668854,0.3583972276,0.81984578,0,1
19,0,19,-2.594375,1.42424706,0.004723210836,-1.363787228,-0.3242724161,0.78521872,0,1
19,0,20,1.148333333,3.141191299,0.002916377084,-0.8479537297,-0.7030779086,0.75308559,0,1
20,-10,0,32.53,2.526630308,15.13977877,79.31617895,2.78798428,1.95950000,1,1
20,-10,1,8.46,0.9870915222,18.94557715,88.48818173,7.214855703,1.94600534,1,1
20,-10,2,17.5252381,1.074054539,31.96817179,113.8628224,18.31544119,1.90713502,1,1
20,-10,3,38.0395,1.742882885,29.24687236,105.9550755,30.68446965,1.84722528,1,1
20,-10,4,27.13625,1.378014195,30.01286331,104.9150306,38.46476007,1.77210630,1,1
20,-10,5,17.57454545,1.391428573,16.25617423,72.80875463,38.23852885,1.68776383,1,1
20,-10,6,23.84708333,1.302248958,21.86539649,90.36580232,30.51246342,1.59938215,1,1
20,-10,7,16.07863636,1.115923568,14.58965739,75.52679245,19.12217241,1.51091411,1,0
20,-10,8,3.5825,0.9963628263,1.505475717,23.33414209,9.047841821,1.42506280,1,0
20,-10,9,-0.1255555556,1.032125234,0.2232418506,8.800548821,3.927975795,1.34348168,1,1
20,-10,10,2.272777778,0.8927890133,1.722728408,26.37916007,4.568636158,1.26703985,1,1
20,-10,11,5.390526316,0.9845566518,4.981067823,44.61366473,9.053685966,1.19606758,1,1
20,-10,12,1.805652174,1.088461733,1.456714712,20.15106617,14.1419019,1.13055046,1,1
20,-10,13,4.237222222,1.225518913,3.764525092,35.72440289,17.0287651,1.07026921,1,1
20,-10,14,5.287391304,1.028228421,4.539632993,40.19051414,16.53523917,1.01489441,1,1
20,-10,15,3.92,1.060513578,2.608736904,30.15627731,13.26464689,0.96404754,0,1
20,-10,16,0.75,1.072783588,1.105623372,19.51931096,8.887382306,0.91733852,0,1
20,-10,17,2.071904762,1.140749545,0.3789071757,11.46795501,5.111598567,0.87438780,0,1
20,-10,18,0.375,1.146638728,0.07235043025,4.648007062,2.914972444,0.83483820,0,1
20,-10,19,-0.4694444444,1.37620071,0.01384110155,-0.5664886549,2.331868682,0.79836061,0,1
20,-10,20,-0.6409090909,2.140094074,0.03318496335,2.514610453,2.735538704,0.76465579,0,1
20,-10,21,-1.048571429,3.564449085,0.07480759454,4.475112169,3.33117036,0.73345406,0,1
20,-9,0,41.563,1.89072896,39.04866854,122.3789306,35.62864345,1.95624231,1,1
20,-9,1,11.662,0.7235494951,7.496587049,49.26764197,26.29861089,1.94281438,1,1
20,-9,2,2.415121951,0.5929264054,4.185036867,-41.63908449,2.711136715,1.90413119,1,1
20,-9,3,17.2525641,0.8749082634,18.63807466,-84.67895059,-24.16097893,1.84449534,1,1
20,-9,4,45.26,1.397773578,41.45807263,-124.3463049,-42.2660603,1.76969562,1,1
20,-9,5,37.11204545,1.180730684,35.64441394,-113.4414465,-44.27999605,1.68568083,1,1
20,-9,6,24.46555556,0.907673243,25.53080446,-98.37367252,-30.73408257,1.59760921,1,1
20,-9,7,2.962380952,0.5776889704,1.896928005,-26.5923293,-9.058444378,1.50941914,1,1
20,-9,8,6.001904762,0.7490430781,5.038090656,44.53403052,10.62038136,1.42380826,1,1
20,-9,9,12.82309524,0.8370011377,10.79752305,63.81682212,20.48581407,1.34243034,1,0
20,-9,10,5.639444444,0.6860692182,2.893740728,29.50273191,18.26239692,1.26615784,1,1
20,-9,11,0.1890322581,0.8743321082,0.3650909889,-9.90408487,7.335078702,1.19532556,1,1
20,-9,12,-0.2027906977,0.6389107314,0.1554484574,-5.563012605,-5.807447167,1.12992375,1,1
20,-9,13,2.271333333,0.7041064686,3.257308646,-33.57473822,-15.09714858,1.06973745,1,1
20,-9,14,6.198604651,0.7799058339,4.673709419,-40.47584279,-17.49798666,1.01444096,1,1
20,-9,15,3.415111111,0.8059710639,2.695898007,-30.5836742,-13.64748075,0.96365886,0,1
20,-9,16,0.394047619,0.8552490152,0.6208665268,-14.62407625,-6.666693435,0.91700363,0,1
20,-9,17,0.843255814,0.8004816325,0.002324663648,0.9733655878,-0.1404424984,0.87409777,0,1
20,-9,18,-0.46475,0.8596043785,0.143897849,6.863300259,3.572546522,0.83458576,0,1
20,-9,19,0.733125,1.02665986,0.1928743651,8.014954303,4.000615045,0.79813982,0,1
20,-8,0,0.0445,0.7178023753,0.2425897485,9.494469173,3.28379422,1.94656587,1,0
20,-8,1,10.88097561,0.6804883294,14.26906346,76.76521537,6.608635994,1.93333487,1,1
20,-8,2,26.2065,0.9633184183,30.46174327,111.5823647,14.92754316,1.89520414,1,1
20,-8,3,17.30052632,0.820181948,17.0704454,80.74140442,24.14329912,1.83637755,1,1
20,-8,4,21.81,0.9288601535,23.65627402,94.61367006,29.8383598,1.76252216,1,1
20,-8,5,10.19545455,0.7030869306,10.92118558,60.62114949,29.47508737,1.67947781,1,1
20,-8,6,11.51095238,0.6935633776,11.90610963,66.33976093,23.50560312,1.59232558,1,1
20,-8,7,4.197560976,0.6586159528,4.561148615,40.93997382,14.88494445,1.50496072,1,1
20,-8,8,0.7175,0.7015260609,1.466318592,23.5702167,7.382370097,1.42006441,1,1
20,-8,9,-0.1915909091,0.5824076062,0.355426123,11.58687485,3.69020173,1.33929107,1,1
20,-8,10,-0.09558823529,0.6487966636,1.174687897,21.68049804,4.321923007,1.26352281,1,1
20,-8,11,4.763714286,0.7570457937,3.547405503,37.62853168,7.744281046,1.19310773,1,1
20,-8,12,2.179,0.7367489048,0.6333890781,11.47994094,11.4773389,1.12804986,1,1
20,-8,13,4.93952381,0.7455082806,4.091685961,39.0089138,13.4398693,1.06814692,1,1
20,-8,14,2.3975,0.7530412704,2.837225871,31.87379351,12.82477662,1.01308425,1,1
20,-8,15,2.929090909,0.7444864834,1.339430146,21.30195993,10.17298896,0.96249563,0,1
20,-8,16,0.2617391304,0.7957171167,0.6295745431,14.68981656,6.792688983,0.91600114,0,1
20,-8,17,1.21452381,0.8504178246,0.1412879145,6.561303203,3.966286575,0.87322938,0,1
20,-8,18,0.02911764706,1.016407936,0.04115002952,3.381996602,2.383770666,0.83382979,0,1
20,-7,0,63.51368421,2.723214401,61.1841502,157.8484812,23.22102756,1.93075272,1,1
20,-7,1,16.95179487,0.8243403998,12.08642857,69.06341526,16.08548169,1.91783944,1,1
20,-7,2,4.650487805,0.5443266966,6.949084492,-53.73421096,-1.940710645,1.88060075,1,1
20,-7,3,21.96325,0.8656430413,21.38278274,-91.61263368,-22.43490521,1.82308287,1,0
20,-7,4,38.82674419,1.226360218,44.64070729,-131.3980387,-36.15381048,1.75075785,1,1
20,-7,5,21.55560976,1.072127418,22.06024315,-88.16029062,-37.49422339,1.66928990,1,1
20,-7,6,16.34452381,0.955392617,18.70690221,-84.02278905,-26.89021853,1.58363484,1,0
20,-7,7,5.344418605,0.5947907995,4.663492002,-42.88186283,-10.06818363,1.49761700,1,1
20,-7,8,-0.2972727273,0.5567782453,0.2997184696,9.887023128,5.190678298,1.41388976,1,1
20,-7,9,7.021363636,0.6660004627,4.397128777,40.78031703,12.89841616,1.33410753,1,1
20,-7,10,2.641388889,0.6954020366,2.305723494,28.82361003,11.33508764,1.25916741,1,1
20,-7,11,0.6823684211,0.6574879269,0.1841014685,-8.174341114,3.126442209,1.18943862,1,1
20,-7,12,-0.1560526316,0.7167229787,0.1264592066,2.697059769,-6.733393491,1.12494731,1,1
20,-7,13,2.74625,0.9012044425,3.183702679,-33.76006255,-13.5949154,1.06551174,1,0
20,-7,14,4.793095238,0.7709306153,3.620614981,-35.73075087,-15.15427875,1.01083511,1,1
20,-7,15,3.298333333,0.7051255798,1.810690677,-24.71676533,-11.93357848,0.96056626,0,1
20,-7,16,0.1461538462,0.7888421429,0.4835053506,-12.68052504,-6.353287595,0.91433760,0,1
20,-7,17,1.218222222,0.9156842277,0.004398109635,-0.6736851609,-1.173013121,0.87178781,0,1
20,-7,18,-0.3688571429,0.9153849642,0.05076765636,4.22626101,1.805643081,0.83257440,0,1
20,-7,19,1.051875,1.024805955,0.06503779819,4.695257295,2.239019652,0.79638008,0,1
20,-7,20,-0.9640909091,1.243090241,0.003355034717,0.7166964184,0.9392505671,0.76291513,0,1
20,-7,22,5.45,4.440689699,0.02617881447,-2.519405268,-2.13170394,0.70315155,0,1
20,-6,0,3.9515,0.7675760549,3.667877875,-38.64366087,5.71574026,1.90924804,1,1
20,-6,1,0.7097560976,0.5030788018,2.26882407,30.10540136,6.131695969,1.89675869,1,1
20,-6,2,13.40795455,0.7238911897,14.73840509,77.98276943,7.10825311,1.86071172,1,1
20,-6,3,5.663170732,0.6038175745,7.384590306,54.84815566,8.000101083,1.80494623,1,1
20,-6,4,1.948809524,0.5263303152,1.047405282,19.20306732,8.185959017,1.73467664,1,1
20,-6,5,0.03578947368,0.5548815726,0.5443201882,13.07855942,7.443988891,1.65533334,1,1
20,-6,6,1.466590909,0.600367747,0.9902934005,19.36796754,6.073585509,1.57170343,1,1
20,-6,7,-0.1547619048,0.559838007,0.1162342937,5.125122958,4.700192566,1.48751409,1,1
20,-6,8,-0.4353488372,0.6191034446,0.03660124135,-0.1554431926,3.899179464,1.40537901,1,1
20,-6,9,0.1347619048,0.6449100486,0.06544849076,3.493444102,3.876256565,1.32695066,1,1
20,-6,10,1.141025641,0.6461056657,0.8634034267,18.43797218,4.388148969,1.25314484,1,1
20,-6,11,2.61,0.7153145733,1.61872404,25.47939024,4.925718164,1.18435828,1,1
20,-6,12,0.80175,0.7090015449,0.4979634892,13.48830074,5.024037999,1.12064643,1,1
20,-6,13,0.68675,0.8957992698,0.4018692782,12.11957169,4.506848305,1.06185502,1,1
20,-6,14,1.543170732,0.7430837959,0.4978948894,13.95098106,3.537909208,1.00771133,1,1
20,-6,16,0.5341463415,0.7775539752,0.02272959999,2.572917657,1.684230068,0.91202381,0,1
20,-6,17,1.183255814,0.7815102006,0.004970724725,-0.6055605781,1.304354822,0.86978155,0,1
20,-6,19,-1.084666667,1.079114232,0.01727332037,2.280495468,1.409190837,0.79484983,0,1
20,-5,0,12.35777778,1.00844505,12.63316617,72.2812088,5.602886901,1.88262670,1,1
20,-5,1,4.600243902,0.542394552,4.70699605,44.20483468,2.062695709,1.87064928,1,1
20,-5,2,-0.215,0.5473825378,0.1808495112,-5.306532795,-6.861650145,1.83604370,1,1
20,-5,3,7.695714286,0.6070978872,11.91716983,-68.34377115,-16.94720458,1.78240395,1,1
20,-5,4,30.577,1.12556346,26.232772,-101.7766817,-23.5694806,1.71463748,1,1
20,-5,5,11.115,0.7258582369,14.81629615,-74.77244989,-23.94423761,1.63789315,1,1
20,-5,6,8.861428571,0.6788439455,7.555002364,-52.98505162,-18.32498798,1.55675207,1,1
20,-5,7,2.794651163,0.5666186366,2.913184064,-33.45975242,-9.61564357,1.47482014,1,1
20,-5,8,0.5333333333,0.5755349478,0.4558126881,-13.66166496,-1.731327691,1.39465913,1,1
20,-5,9,-0.03428571429,0.576070629,0.08417130313,5.435774945,2.339102322,1.31791600,1,1
20,-5,10,1.62475,0.7279148291,0.4101807619,12.94324695,1.768052402,1.24552702,1,1
20,-5,11,0.5997058824,0.7222872273,0.1027361879,6.19487765,-2.089585393,1.17792106,1,1
20,-5,12,0.2587179487,0.7233737343,0.1485123606,-4.097178645,-6.708274791,1.11518854,1,1
20,-5,13,1.275121951,0.7535007827,2.282356982,-29.2270768,-9.764280234,1.05720839,1,1
20,-5,14,2.424761905,0.7469490477,1.723930348,-24.7887614,-10.13656214,1.00373727,1,1
20,-5,15,-0.4282926829,0.9239957569,0.5216685372,-12.28420835,-8.132392411,0.95446934,0,1
20,-5,16,0.08625,0.8019907652,0.1898340777,-7.345201543,-5.002752358,0.90907458,0,1
20,-5,17,0.43875,0.8705412542,0.04360120519,-3.678585597,-2.146641788,0.86722231,0,1
20,-5,18,0.588974359,0.8647387143,0.0008744868687,-0.391998142,-0.4584357499,0.82859493,0,1
20,-5,19,-0.9358333333,0.9625208832,0.005167603288,1.463751365,-0.08594996784,0.79289526,0,1
20,-5,21,3.31875,2.226025797,0.004660212409,-0.3516729745,-1.347287698,0.72920948,0,0
20,-4,0,8.0775,0.8651462304,5.430832371,46.10716144,11.5585579,1.85155346,1,1
20,-4,1,1.682432432,0.548507038,0.951318167,18.08247701,8.295491678,1.84015582,1,1
20,-4,2,-0.599047619,0.4995234691,0.0006393597409,0.5155951004,-0.01281050754,1.80718572,1,1
20,-4,3,3.305609756,0.5289826137,2.644902616,-31.73899815,-9.645438195,1.75596634,1,1
20,-4,4,0.2451219512,0.5216485332,1.012857743,-12.30568186,-16.43059898,1.69106318,1,1
20,-4,5,17.78410256,0.8825406306,17.05191218,-82.35119039,-17.68174394,1.61730774,1,1
20,-4,6,3.021025641,0.7031407078,4.15899393,-39.40719991,-13.31920348,1.53904487,1,1
20,-4,7,0.9485365854,0.568719352,0.1454125428,-5.311471331,-5.682115111,1.45973789,1,1
20,-4,8,0.7116666667,0.6142358705,0.4604781555,-13.72766462,1.769421777,1.38188427,1,1
20,-4,9,-1.009459459,0.7031305956,0.1827619156,-6.205573206,6.126013422,1.30712027,1,1
20,-4,10,0.2943902439,0.6242541296,0.6606662914,15.36311649,6.232299086,1.23640235,1,1
20,-4,11,2.327419355,0.7722289994,2.71298148,33.46979021,2.914703244,1.17019409,1,1
20,-4,12,1.939756098,0.6958967868,1.285749273,-23.06407012,-1.725749718,1.10862485,1,1
20,-4,13,1.185681818,0.701834684,0.0770548963,1.470582694,-5.467695133,1.05161116,1,1
20,-4,14,0.9841025641,0.7588769428,0.2735443678,-8.09194788,-6.951772663,0.99894335,0,1
20,-4,15,1.095121951,0.7830624835,0.4783957286,-12.7347426,-6.071282954,0.95034444,0,1
20,-4,16,0.04617647059,1.05379841,0.1833242701,-7.901903897,-3.719013154,0.90550852,0,1
20,-4,17,1.271142857,0.8909061198,0.00399739184,0.5744752374,-1.154587826,0.86412481,0,1
20,-4,18,-0.7420512821,0.959926559,0.001396386668,0.4342271633,0.6264235368,0.82589192,0,1
20,-4,19,0.1366666667,1.111191575,0.02901816981,-3.24723276,1.236261928,0.79052580,0,1
20,-4,20,-0.4113333333,1.492033661,0.009245835722,1.755021392,0.875547565,0.75776362,0,1
20,-4,21,-2.77,2.531409884,0.0004128375501,-0.4093778344,0.06456611277,0.72736507,0,1
20,-3,0,1.0055,0.8229681438,0.269466562,-7.324367486,-7.646165962,1.81674169,1,1
20,-3,1,3.071578947,0.5421516332,2.266437982,-29.78914514,-7.452985861,1.80597121,1,1
20,-3,2,0.9185365854,0.5479964128,0.3781703759,-10.44506432,-6.945251722,1.77477396,1,1
20,-3,3,1.779473684,0.6622010528,0.517964986,13.25727116,-6.304085856,1.72618856,1,1
20,-3,4,2.9295,0.5930253756,2.09072784,-28.92998716,-5.735214467,1.66441785,1,1
20,-3,5,0.083,0.5586195439,0.2420486874,-8.472408884,-5.377864941,1.59395209,1,1
20,-3,6,0.8336111111,0.6314908227,1.288852099,-22.55293624,-5.252192384,1.51887732,1,1
20,-3,7,0.8169230769,0.7597492443,1.28053273,-22.4726214,-5.266926388,1.44249626,1,1
20,-3,8,0.5264864865,0.7151347776,0.5475067588,-14.14026678,-5.276390723,1.36722997,1,1
20,-3,9,-0.7126666667,0.742492948,0.2802441972,9.488974388,-5.153014567,1.29469739,1,1
20,-3,10,0.1483783784,0.6807559284,0.1045629945,4.481680205,-4.839158241,1.22587290,1,1
20,-3,11,1.364848485,1.021421425,1.646113851,-25.80427384,-4.358540044,1.16125533,1,1
20,-3,12,-0.01210526316,0.745523204,0.03501379581,-0.4446628235,-3.790724111,1.10101518,1,1
20,-3,13,0.4320512821,0.8426022589,0.3230922564,-11.1354041,-3.22857398,1.04510949,1,1
20,-3,14,-1.392093023,0.7993882322,0.09124665728,-5.517930645,-2.74137848,0.99336540,0,1
20,-3,15,-0.3184615385,0.7875293217,0.02386760009,-2.090916235,-2.35755482,0.94553781,0,1
20,-3,16,-0.3277777778,0.9007778923,0.09455087705,-5.921193438,-2.068063569,0.90134771,0,1
20,-3,17,1.241875,0.9348157928,0.03070608945,-3.062775729,-1.842422183,0.86050658,0,1
20,-3,18,-1.161891892,1.05231932,0.008874871877,-0.9901903917,-1.646775323,0.82273130,0,1
20,-3,19,-0.2743333333,1.518150848,0.008248367194,1.144607099,-1.456559794,0.78775274,0,0
20,-3,20,0.9085714286,1.828483085,0.007303423012,-1.203182252,-1.261310834,0.75532020,0,1
20,-3,21,-1.4275,2.911103743,0.003462555998,-0.557265719,-1.06303057,0.72520325,0,1
20,-2,0,8.706842105,0.9588775884,9.556737913,59.75098547,20.14578519,1.77891503,1,1
20,-2,1,15.18925,0.790772617,13.7309397,74.3286148,13.70932846,1.76879970,1,1
20,-2,2,-0.2356521739,0.4783918969,0.324397975,-11.32225112,-2.602072578,1.73945863,1,1
20,-2,3,18.70512821,0.8820582964,18.14907777,-84.24631149,-21.29300057,1.69364276,1,0
20,-2,4,30.36604651,1.143378895,35.92263844,-117.4096892,-34.06462418,1.63518466,1,1
20,-2,5,31.01658537,1.110114201,28.55492439,-102.9644222,-35.75557261,1.56822096,1,1
20,-2,6,19.86911765,1.117541098,19.84320389,-86.90223507,-26.52672412,1.49656398,1,1
20,-2,7,5.195555556,0.7038477253,5.067764407,-44.50155368,-11.31502142,1.42334155,1,1
20,-2,8,1.110294118,0.7828705902,1.38697746,23.84151647,2.937195115,1.35088694,1,1
20,-2,9,2.121428571,0.8895844572,2.126169475,27.75758108,10.68170632,1.28079419,1,1
20,-2,10,-0.9615789474,0.8515604058,0.3080242937,5.197852548,10.05655473,1.21405152,1,1
20,-2,11,2.259714286,0.7988641607,0.4700751898,-13.63330054,3.115372186,1.15119162,1,1
20,-2,12,1.075526316,0.7760765658,0.1945313499,-6.883231646,-5.792660488,1.09242654,1,1
20,-2,13,0.9037837838,0.7883661943,0.9342517346,-15.32948985,-12.39747934,1.03775535,1,1
20,-2,14,2.49425,0.8009046838,1.767536517,-22.99873287,-14.36777639,0.98704397,0,1
20,-2,15,0.5359375,0.9145615091,1.524153787,-22.20016395,-11.88567486,0.94008131,0,0
20,-2,16,0.3864705882,0.9335971949,0.2914040605,-8.537842995,-6.952872522,0.89661732,0,1
20,-2,17,0.2886111111,0.8939084833,0.07125480803,-5.042887366,-2.052923009,0.85638764,0,0
20,-2,18,0.8852631579,1.15516348,0.008432997985,-1.552432739,1.048074019,0.81912913,0,1
20,-2,19,-0.7656666667,1.089851586,0.01192651502,1.244995272,1.84714742,0.78458903,0,0
20,-2,20,-0.3135714286,1.594392167,0.002434410357,0.3814570455,0.9312973499,0.75253003,0,1
20,-2,21,-0.7625,3.277888993,0.004869098662,-1.280282951,-0.6218035608,0.72273264,0,1
20,-1,0,11.272,1.137750458,15.13177227,-78.63331191,-10.59718337,1.73877508,1,1
20,-1,1,6.14744186,0.5494703187,5.369347323,-46.62207136,-7.763537383,1.72932557,1,1
20,-1,2,0.7147826087,0.4810366964,0.002901310418,-0.9119552702,-0.6127097581,1.70187541,1,1
20,-1,3,1.75097561,0.5295011851,3.895356696,39.55289366,7.497482177,1.65889360,1,1
20,-1,4,6.956222222,0.6013560676,6.5253557,50.48230223,12.89878697,1.60384596,1,1
20,-1,5,6.486,0.6451388901,8.533607607,58.05960655,13.3957745,1.54051336,1,1
20,-1,6,1.37925,0.6922308222,2.251831479,29.1907176,9.206802387,1.47242681,1,0
20,-1,7,0.8918918919,0.6447357769,0.07855254238,5.071319453,2.638770677,1.40252893,1,1
20,-1,8,0.1821052632,0.6360183341,0.03447623118,-1.984165234,-3.225949715,1.33305502,1,1
20,-1,9,1.214230769,0.7729243056,0.1421365234,-4.731826669,-6.061765813,1.26556610,1,1
20,-1,10,1.182777778,0.7416153228,0.2177246232,-7.933529193,-5.257599559,1.20105872,1,1
20,-1,11,0.7244117647,0.7995284028,0.1979286548,-8.871652819,-1.908140817,1.14009640,1,1
20,-1,12,0.80325,0.7214557332,0.05031336391,4.114698138,2.000470494,1.08293158,1,1
20,-1,13,-0.2139473684,0.8663964989,0.05993871997,1.773048682,4.668351154,1.02960545,1,1
20,-1,14,-0.73,1.040929301,0.2399265508,8.501290122,5.248647976,0.98002353,0,1
20,-1,16,-0.1116129032,0.9331988221,0.02202597886,2.361420728,1.894067128,0.89134521,0,1
20,-1,17,0.3783333333,0.9005829302,2.012587675e-05,0.09131320698,-0.005930296153,0.85179026,0,1
20,-1,18,0.2187179487,0.9092890851,0.005604673422,1.122216272,-1.035580481,0.81510332,0,1
20,-1,19,-0.1116129032,1.040775245,0.007785044198,1.424104806,-1.100388174,0.78104916,0,1
20,-1,20,0.2790909091,2.190003925,0.001000566,-0.3576307911,-0.5370108829,0.74940491,0,1
20,0,0,42.4275,2.496060368,40.54637414,126.9233525,27.56044961,1.69697678,1,0
20,0,1,18.44952381,1.196569994,15.23985744,77.2049121,19.49019948,1.68818909,1,1
20,0,2,-0.5704545455,0.7015204506,0.137265538,-7.499930413,-0.9271909822,1.66262315,1,1
20,0,3,18.47391304,1.324365422,22.56429036,-93.81270541,-24.22676723,1.62247852,1,1
20,0,4,34.63416667,1.526842637,35.06638386,-113.976098,-39.98302624,1.57086666,1,0
20,0,5,72.08571429,2.944455607,66.10783701,-160.4866445,-41.80755056,1.51121919,1,1
20,0,6,27.327,1.61618363,26.11319278,-99.80016253,-30.06976182,1.44678483,1,1
20,0,7,-0.4338888889,0.9119670776,0.5318976555,-9.880382147,-11.1207645,1.38031462,1,1
20,0,8,2.817368421,1.072785859,3.224830133,36.08524356,6.287258199,1.31393737,1,1
20,0,9,3.36625,1.077363318,3.067819423,32.27809249,15.3125976,1.24917290,1,1
20,0,10,1.732666667,1.087338151,0.527807748,5.263836238,13.85221271,1.18701967,1,1
20,0,11,-0.7938888889,1.07466044,0.05490770214,0.7970415136,4.712621265,1.12806764,1,1
20,0,12,1.4695,1.102092382,2.520852503,-31.71780511,-6.539793001,1.07260707,1,1
20,0,13,0.09,1.560730096,0.8400226544,-11.6662195,-14.60775612,1.02072011,1,1
20,0,14,3.1015,1.450242316,1.681594683,-20.46772839,-16.75383946,0.97235171,0,1
20,0,15,0.024375,1.314938806,1.814190072,-23.97412967,-13.4173692,0.92736174,0,1
20,0,16,-0.121875,1.377295726,0.5584340563,-13.41312246,-7.240292603,0.88556150,0,1
20,0,17,-1.253333333,1.252200677,0.01098044969,-1.665196597,-1.339955734,0.84673862,0,1
20,0,18,-0.6744444444,1.511013429,0.01437215272,1.121182776,2.173110975,0.81067338,0,1
20,0,19,-2.01,1.546531174,0.02002407817,-0.6587607985,2.810151527,0.77714898,0,1
21,-10,0,27.73041667,1.301216578,20.71071717,-90.26808651,-21.63937763,1.86548559,1,1
21,-10,1,12.26277778,0.7847390236,14.09632975,-74.21939858,-18.87294989,1.85383034,1,1
21,-10,2,4.387380952,0.658838599,5.495636796,-46.3280442,-11.83826315,1.82013317,1,1
21,-10,3,1.212926829,0.6483435031,0.6147304984,-15.5589725,-3.6978262,1.76783668,1,1
21,-10,4,0.340212766,0.4738288796,0.1038459809,6.246935796,2.04460099,1.70165752,1,1
21,-10,5,0.234375,0.4920910069,0.6504826661,16.13546021,3.205772588,1.62656802,1,1
21,-10,6,0.5925,0.571670998,0.117330947,6.985065156,-0.1543287488,1.54701833,1,1
21,-10,7,0.5269565217,0.542800385,0.7933321858,-17.16173122,-5.961280267,1.46653584,1,1
21,-10,8,3.195909091,0.6535323048,3.013730248,-33.55994754,-11.29501177,1.38764734,1,1
21,-10,9,3.485128205,0.7112652306,4.676250697,-41.8850845,-13.8264373,1.31199442,1,1
21,-10,10,2.744,0.7021556369,2.891310765,-32.23950272,-12.7878779,1.24052499,1,1
21,-10,11,1.61,0.7818381979,1.264853345,-21.07022506,-9.070915754,1.17368744,1,1
21,-10,12,-0.8585714286,0.8639896499,0.3051869482,-10.3133854,-4.539337205,1.11159394,1,1
21,-10,13,0.1227272727,0.6849322403,0.03236927931,-3.525210702,-1.01978722,1.05414431,1,1
21,-10,14,-0.8978571429,0.7163206524,0.0005778159024,-0.002092346835,0.4902989223,1.00111387,1,1
21,-10,15,1.017234043,0.6991934175,0.0003982400676,0.4013132293,0.06806964614,0.95221275,0,1
21,-10,16,1.600208333,0.8213472483,0.04966695132,-4.314544283,-1.431221112,0.90712425,0,1
21,-10,17,0.2039534884,0.7985712005,0.09584358763,-5.584809119,-2.947058112,0.86552864,0,1
21,-10,18,-0.10575,0.8670814552,0.1017213003,-5.331241373,-3.72806957,0.82711728,0,1
21,-10,19,-0.4129032258,1.032613094,0.07133441201,-4.118434833,-3.56606495,0.79160019,0,1
21,-10,20,-1.371875,1.672262743,0.05414491865,-3.889096664,-2.720597224,0.75870973,0,1
21,-10,21,3.026,1.956440646,0.02193116286,-2.523927662,-1.659560056,0.72820170,0,1
21,-9,0,2.135652174,0.7226311931,3.816976032,-35.91380098,-17.26941378,1.85987509,1,1
21,-9,1,1.506,0.5316251617,2.72270564,-30.68611545,-13.82499033,1.84832404,1,1
21,-9,2,1.305952381,0.5018746603,1.734823247,-26.37038285,-5.134922379,1.81492088,1,1
21,-9,3,-0.2295238095,0.5084778985,0.125322817,-5.467200627,4.71695319,1.76305972,1,1
21,-9,4,0.5990909091,0.5114950841,0.4287986052,7.155160056,11.27843942,1.69739594,1,1
21,-9,5,4.716808511,0.5275818405,5.946606886,48.29441731,11.90400168,1.62284485,1,1
21,-9,6,4.485813953,0.5917850535,4.251886413,41.48985111,6.896977074,1.54381410,1,1
21,-9,7,0.1445238095,0.5753857032,0.02381354014,-3.016460677,-0.8991490665,1.46380528,1,1
21,-9,8,3.00125,0.6135515764,4.345112578,-41.81150279,-7.717548253,1.38533347,1,1
21,-9,9,3.954390244,0.6745046103,3.805972586,-38.31366466,-10.74797307,1.31003822,1,0
21,-9,10,1.068095238,0.6600957448,1.016209032,-18.33658971,-9.303663482,1.23887099,1,1
21,-9,11,-0.5072727273,0.6957547381,0.2378508232,-8.716426627,-4.793803303,1.17228635,1,1
21,-9,12,-0.4385714286,0.7669280797,0.1792816398,8.631393985,0.2970956916,1.11040345,1,1
21,-9,13,0.3031707317,0.7052098131,0.1747938597,7.659354388,3.749186564,1.05312886,1,1
21,-9,14,1.602272727,0.704343881,0.3879498841,11.86071855,4.552797049,1.00024397,1,1
21,-9,15,-0.1442857143,0.7469871078,0.1182114817,6.298750034,3.083349266,0.95146410,0,1
21,-9,16,-0.4842553191,0.7121849331,0.001150943428,0.3563771633,0.5931606562,0.90647692,0,0
21,-9,17,-0.1937777778,0.7568798851,0.07341797432,-5.297850762,-1.574152999,0.86496629,0,0
21,-9,18,-0.14775,0.8928466782,0.09643510554,-5.774597236,-2.602953944,0.82662648,0,1
21,-9,19,1.063225806,1.30972897,0.04715016804,-3.71564507,-2.410512993,0.79116991,0,1
21,-9,20,-1.456111111,1.469249984,0.01446819453,-1.972753116,-1.45865177,0.75833086,0,1
21,-9,21,-1.939166667,2.396580727,0.0004736885979,-0.2338194199,-0.377364872,0.72786670,0,1
21,-8,0,45.1555,2.023449468,41.20473119,-129.3863037,-20.05508365,1.84880431,1,1
21,-8,1,34.75022727,1.111214993,27.09354382,-104.6377114,-17.97449622,1.83745705,1,1
21,-8,2,3.961904762,0.5583636327,3.764954343,-37.50824449,-12.63020133,1.80462923,1,1
21,-8,3,0.8018604651,0.4980346447,0.1189738184,3.151893982,-6.289994068,1.75362083,1,1
21,-8,4,-0.4609302326,0.5405591435,0.8582503388,18.83406134,-1.53260783,1.68896796,1,1
21,-8,5,-0.08906976744,0.5186964149,0.4228855208,-13.26396007,-0.08225147356,1.61547459,1,1
21,-8,6,-0.08333333333,0.642983994,0.8062692842,-18.1942719,-2.10065841,1.53746492,1,1
21,-8,7,0.7390243902,0.5902598264,0.1756104831,-5.834959989,-6.246207132,1.45838961,1,1
21,-8,8,0.4881818182,0.5638770564,0.6650191103,-12.97084791,-10.41321148,1.38074025,1,1
21,-8,9,2.323421053,0.6308091934,2.229173686,-27.66074219,-12.74048212,1.30615194,1,1
21,-8,10,2.638947368,0.6882289917,3.742865523,-37.46635495,-12.38840968,1.23558274,1,1
21,-8,11,2.891612903,0.766311693,1.839821621,-25.8908928,-9.752447741,1.16949915,1,1
21,-8,12,1.183414634,0.7021327245,1.894891673,-27.4084903,-6.093836709,1.10803388,1,1
21,-8,13,0.6385365854,0.8008788283,0.3613166126,-11.92511438,-2.848791554,1.05110672,1,1
21,-8,14,1.785365854,0.773109898,0.0309889191,-3.452106844,-0.9877969714,0.99851094,0,1
21,-8,15,0.410952381,0.7520617919,0.007980829407,-1.679222278,-0.7075285363,0.94997209,0,1
21,-8,16,-0.09738095238,0.9046294061,0.01166663126,-1.587625711,-1.52751042,0.90518641,0,1
21,-8,17,-0.275,0.7798750519,0.0511402249,-3.768954062,-2.659251701,0.86384486,0,1
21,-8,19,-0.168,1.095687408,0.09406307999,-5.198241597,-3.480338695,0.79031145,0,1
21,-8,20,0.661875,1.484332403,0.0411368196,-2.93433413,-2.91623917,0.75757482,0,1
21,-8,21,-1.101818182,1.973902834,0.02140035406,-2.178675297,-2.038843798,0.72719809,0,1
21,-7,0,0.1916666667,0.9945903515,0.2556263597,-5.462954067,-8.746896536,1.83256267,1,1
21,-7,1,-0.4736363636,0.5078801954,0.07556424574,-2.908625527,-4.793539754,1.82151007,1,1
21,-7,2,0.9504651163,0.5073132551,0.7246380726,16.58885117,5.127577998,1.78951484,1,1
21,-7,3,2.432173913,0.487163129,1.526112766,19.28889878,16.21326474,1.73974251,1,1
21,-7,4,10.92166667,0.5993352075,11.46347408,65.02108248,23.2718669,1.67655811,1,1
21,-7,5,10.42268293,0.7911966103,9.471921587,58.29125252,23.29968664,1.60460510,1,1
21,-7,6,8.032954545,0.6891278598,8.148478824,55.75016591,16.7944273,1.52808634,1,1
21,-7,7,2.73547619,0.6216531483,2.474641445,31.26735311,7.205192836,1.45037763,1,1
21,-7,8,-0.055,0.5731719263,0.007215956369,-1.389680063,-1.034868018,1.37393530,1,1
21,-7,9,1.948235294,0.7510057986,1.764085815,-26.67436312,-4.734703431,1.30038683,1,1
21,-7,10,2.04375,0.7467222124,1.00702457,-20.20659414,-3.265130946,1.23069910,1,1
21,-7,11,0.4178125,0.7260011945,0.4299381145,13.28222777,1.567170639,1.16535537,1,1
21,-7,12,1.191818182,0.6820704458,0.6127365772,14.44571638,6.800533897,1.10450780,1,1
21,-7,13,2.565526316,0.7637810976,2.184693148,28.47133709,9.915321576,1.04809524,1,1
21,-7,14,0.9784210526,0.7924575192,1.101716649,18.98418931,9.897689021,0.99592820,0,1
21,-7,15,-0.51125,0.7771949562,0.6477299282,14.67438608,7.358477051,0.94774717,0,1
21,-7,16,0.4426315789,0.8333429128,0.1039367679,5.323865281,3.859900254,0.90326095,0,1
21,-7,17,-0.70925,0.8536598049,0.00261403453,-0.3949776636,0.9651676611,0.86217087,0,1
21,-7,19,-1.141111111,1.132646306,0.006116644187,-1.535234555,-0.4334213036,0.78902898,0,1
21,-7,20,-0.583125,1.767211721,0.003621719384,1.149775799,0.4298997744,0.75644499,0,1
21,-7,21,-0.22,2.033745006,0.01042064932,1.563933513,1.374616639,0.72619862,0,1
21,-7,22,2.305,4.366148188,0.0226241026,2.418657911,1.887521773,0.69807624,0,1
21,-6,0,24.20823529,1.440675783,16.43760428,-81.26850668,-15.30401011,1.81155839,1,1
21,-6,1,16.94414634,0.7714635689,16.60965775,-81.98425722,-13.74577952,1.80087930,1,1
21,-6,2,8.358536585,0.6119774586,7.684304287,-55.70360157,-9.701807491,1.76994070,1,1
21,-6,3,0.03644444444,0.480574656,0.2931916621,9.952848533,-4.787664159,1.72174048,1,0
21,-6,4,0.8622916667,0.5543441623,0.9136887212,19.47622137,-0.901340922,1.66042932,1,1
21,-6,5,-0.2011904762,0.5505670398,0.1716242678,8.429880694,0.5835479154,1.59044796,1,1
21,-6,6,0.2322727273,0.6129703496,0.6206669941,-16.05687432,-0.6341768447,1.51584445,1,1
21,-6,7,0.4339534884,0.5705908147,0.743727854,-17.19089483,-3.727919269,1.43989755,1,1
21,-6,8,0.2471428571,0.6491972427,0.2601153024,-7.528362359,-7.179375213,1.36501658,1,1
21,-6,9,-0.1758823529,0.6354945898,0.2467381269,-3.577898644,-9.479071829,1.29281744,1,1
21,-6,10,2.178095238,0.7794052229,1.207549895,-20.17890447,-9.757402208,1.22427675,1,1
21,-6,11,4.608947368,0.7668113755,4.097010688,-40.48961444,-8.070433151,1.15989824,1,1
21,-6,12,1.895227273,0.7212758464,0.9527403185,-19.20469153,-5.250015133,1.09985831,1,1
21,-6,13,0.03390243902,0.8119975278,0.1554080535,-7.661995921,-2.439377074,1.04411990,1,1
21,-6,14,0.4240909091,0.7101920355,0.0125448683,-2.213245708,-0.5663682878,0.99251552,0,1
21,-6,15,-0.4976315789,0.7875612802,0.01142037866,-2.179768624,-0.0002558877411,0.94480479,0,1
21,-6,16,-1.94,0.9020303704,0.0009973765967,0.3878804105,-0.5142978931,0.90071267,0,1
21,-6,17,-0.7275,0.8402571779,0.006231554964,-0.550614992,-1.513086366,0.85995395,0,1
21,-6,18,0.8159459459,0.9024994511,0.05737446132,-4.273298829,-2.368390651,0.82224826,0,1
21,-6,19,1.619259259,1.151159671,0.04446797274,-3.357050885,-2.689030794,0.78732870,0,1
21,-6,22,2.97,6.63,0.01233005205,-2.012125584,-1.039811047,0.69689794,0,1
21,-5,0,-1.561,0.7381420132,0.05673730452,-4.683993254,-1.290534178,1.78629135,1,0
21,-5,1,-0.00725,0.5952819831,0.2433830361,9.639449224,2.887786587,1.77605039,1,1
21,-5,2,3.835789474,0.5729844235,3.386890692,35.08530768,13.34616379,1.74635305,1,1
21,-5,3,13.7145,0.7172727428,14.09207955,72.39204404,24.9465639,1.70000466,1,1
21,-5,4,13.65175,0.7808223712,14.08713253,69.47715564,32.15284982,1.64090808,1,1
21,-5,5,28.27307692,1.178549232,30.44443372,107.9602213,31.79378453,1.57326750,1,1
21,-5,6,13.7435,0.7639835337,13.89126529,71.98112145,24.45627685,1.50094798,1,1
21,-5,7,4.314761905,0.663480794,3.52329664,35.6855827,13.87043985,1.42711145,1,1
21,-5,8,0.428372093,0.735258592,1.066261664,20.5123961,4.780630652,1.35410866,1,1
21,-5,9,0.3329411765,0.737664756,0.04682810356,4.378262392,0.5598359393,1.28353900,1,1
21,-5,10,0.9126190476,0.62038386,0.1386130689,-7.372856516,1.819411881,1.21638844,1,1
21,-5,11,-0.7802564103,0.6738152727,0.1349995512,-3.588061324,6.579643061,1.15318343,1,1
21,-5,12,6.483157895,0.7942246084,4.74701666,42.88142729,11.66857705,1.09412819,1,1
21,-5,13,1.561363636,0.7077606987,2.18928491,26.50423958,14.43489874,1.03921376,1,1
21,-5,14,2.849761905,0.759338722,1.661347022,22.33778197,13.86429231,0.98829860,0,1
21,-5,15,2.182058824,0.8887924452,1.139490348,18.97828384,10.67258133,0.94116506,0,1
21,-5,16,0.5225714286,0.8482347803,0.3978554555,11.06843108,6.558628072,0.89755744,0,1
21,-5,17,0.102,0.9026561259,0.05507783852,3.576718275,3.181500453,0.85720670,0,1
21,-5,18,0.2443243243,0.9199915573,0.01326801484,1.866552739,1.426909937,0.81984578,0,1
21,-5,19,0.6939285714,1.10814127,0.04092464839,3.936269964,1.237850429,0.78521872,0,1
21,-5,20,-1.642857143,2.28115438,0.01282665712,1.269281084,1.930127446,0.75308559,0,1
21,-4,0,8.335454545,0.9718689825,6.153799325,-49.11194288,-12.17679935,1.75732254,1,1
21,-4,1,2.1325,0.6057180951,3.133551837,-34.43914511,-10.84637384,1.74756910,1,1
21,-4,2,2.252439024,0.519474406,2.130349612,-28.84204461,-7.3795491,1.71925521,1,1
21,-4,3,1.187368421,0.5719745297,0.4211899718,-12.86249652,-3.12892324,1.67497724,1,0
21,-4,4,0.3642857143,0.5703677872,0.9348685857,19.71959841,0.2912550585,1.61836719,1,1
21,-4,5,-1.1875,0.6304257566,0.007140170295,0.4202776213,1.671525889,1.55336782,1,1
21,-4,6,-0.5793181818,0.5259243142,0.1265443618,-7.223462938,0.6853691351,1.48363894,1,1
21,-4,7,0.3526190476,0.5659193251,0.07671851437,-5.274858978,-2.023416978,1.41220863,1,1
21,-4,8,0.89675,0.6076216442,0.1855957226,-7.10594421,-5.169306276,1.34135802,1,0
21,-4,9,0.3544827586,0.7359722633,1.237454692,-21.446977,-7.407023816,1.27266423,1,1
21,-4,10,0.9547222222,0.7354879048,1.100042273,-19.8829487,-7.895278788,1.20712077,1,1
21,-4,11,-0.05028571429,0.7577792474,0.1276055625,-3.102178855,-6.592885657,1.14527754,1,1
21,-4,12,1.391081081,0.9062346433,0.4650958689,-13.26814481,-4.178174144,1.08736883,1,1
21,-4,13,0.189047619,0.7131283083,0.03737122044,-3.573477822,-1.666842907,1.03341669,1,1
21,-4,14,0.6323076923,0.9137952668,0.005039197143,1.446559041,0.06324288102,0.98330855,0,1
21,-4,15,-0.03416666667,0.858987811,0.001648292748,-0.5568697061,0.6129111433,0.93685241,0,1
21,-4,16,-2.206111111,0.8508840667,6.404693915e-05,-0.09167806793,0.1350612453,0.89381459,0,1
21,-4,17,-2.15,0.8871896107,0.006375906538,-1.391696449,-0.846076215,0.85394449,0,1
21,-4,18,0.1791666667,1.191010267,0.01153590473,-1.332150438,-1.739204005,0.81699041,0,1
21,-4,19,-0.4085714286,1.090146791,0.04665703187,-3.845550415,-2.150154958,0.78270900,0,1
21,-4,20,2.262857143,1.62985914,0.02552813648,-2.576485376,-1.995639341,0.75087069,0,1
21,-3,0,0.3126315789,0.7631644283,1.793496623,-27.31204397,0.4770095272,1.72524355,1,1
21,-3,1,-0.1709090909,0.5243610648,0.1058271343,4.834367539,4.545078601,1.71601178,1,1
21,-3,2,5.881363636,0.5799173039,4.892979225,42.64659417,14.72981655,1.68918100,1,1
21,-3,3,13.24536585,0.8113470505,11.36241313,63.63639117,26.03237927,1.64713037,1,1
21,-3,4,31.79658537,1.194117064,26.90454054,100.5013227,33.06029973,1.59320796,1,0
21,-3,5,24.17513514,1.097167567,22.13529307,90.21733045,32.71255201,1.53107922,1,1
21,-3,6,21.95702703,1.135452898,21.81535993,91.78211002,25.53850965,1.46418256,1,0
21,-3,7,8.558108108,0.8812983391,6.229380421,48.60243582,15.14944701,1.39539838,1,1
21,-3,8,0.8660526316,0.7235264654,0.09513572989,1.286788756,6.158321074,1.32692797,1,1
21,-3,9,-0.518,0.7469722589,0.3957579846,-12.69558131,1.864226842,1.26031975,1,1
21,-3,10,0.6794285714,0.7764239229,0.5236160638,14.47290788,2.895302647,1.19657165,1,1
21,-3,11,3.319736842,0.945382541,2.995518116,34.52648731,7.361520025,1.13625636,1,1
21,-3,12,1.031351351,0.8019249703,0.5846998115,9.71672354,12.20027502,1.07963906,1,1
21,-3,13,1.382631579,0.8280915766,1.56299659,20.74249568,14.83326575,1.02677452,1,1
21,-3,14,1.039736842,0.8170954318,1.552967983,21.04609522,14.253646,0.97758127,0,1
21,-3,15,2.06,0.8959929472,1.192831938,19.299025,11.12741592,0.93189515,0,1
21,-3,16,0.3089473684,0.8702186404,0.5799107819,13.82483639,7.081163326,0.88950654,0,1
21,-3,17,-0.06775,0.8388561781,0.1710587626,7.572637433,3.717970332,0.85018525,0,1
21,-3,18,-0.5874285714,0.960923238,0.03828181945,3.50610885,1.906347268,0.81369655,0,1
21,-3,19,-0.5084,1.156869016,0.01048513076,1.330928651,1.60963196,0.77981119,0,1
21,-3,21,0.7166666667,3.441480625,0.03780403037,2.75241928,2.855234758,0.71899293,0,1
21,-2,0,-0.129,0.9836596277,0.5635205236,-7.436676358,-13.38453343,1.69064869,1,1
21,-2,1,4.142444444,0.5248496808,2.667797477,-31.10138396,-11.94268351,1.68195844,1,1
21,-2,2,1.837727273,0.5273818279,0.7529200523,-15.67892069,-8.210972009,1.65667032,1,1
21,-2,3,0.8775555556,0.541351298,0.1402778343,6.680088829,-3.70652173,1.61694514,1,1
21,-2,4,0.08066666667,0.5142750512,0.003282574924,1.151358863,-0.2001789661,1.56584312,1,1
21,-2,5,0.1885365854,0.5562815271,0.1333745017,-7.375179266,1.047150398,1.50674484,1,1
21,-2,6,-0.07972222222,0.7511527106,0.3361490357,-11.82415197,-0.2062818084,1.44285730,1,1
21,-2,7,0.4475,0.6938029974,0.2891419463,-10.50647741,-3.148013716,1.37690268,1,1
21,-2,8,0.43225,0.6615343943,1.21281866,-21.5495294,-6.34073413,1.31099334,1,1
21,-2,9,1.141351351,0.6927226326,0.4938861667,-11.622089,-8.390823098,1.24664228,1,1
21,-2,10,-1.07625,0.7405939471,0.389406513,-9.443217174,-8.534417264,1.18484767,1,1
21,-2,11,-0.4736111111,0.7648714892,0.3933456316,-10.78262087,-6.883644847,1.12620295,1,1
21,-2,12,0.4851351351,0.7701331315,0.05964171652,-2.583702727,-4.25888689,1.07100373,1,1
21,-2,13,-0.6202564103,0.7470121066,0.01532476736,1.834681316,-1.734859402,1.01933808,1,1
21,-2,14,0.8558333333,0.9478745961,0.02065506648,2.927795451,-0.1464606319,0.97115677,0,1
21,-2,15,0.009705882353,0.8786717327,0.0001402058774,0.1091138037,0.215467238,0.92632493,0,1
21,-2,16,0.9067741935,0.9528626021,0.01210799224,-2.210914413,-0.3864284725,0.88465853,0,1
21,-2,17,-0.6481578947,0.8783942476,0.01081092011,-1.619102952,-1.369793698,0.84594918,0,1
21,-2,18,0.6186111111,0.9410929094,0.04236482703,-3.603751329,-2.153752626,0.80998049,0,1
21,-2,19,-0.746,1.269041108,0.04759157528,-3.7451733,-2.402896875,0.77653849,0,1
21,-2,20,0.89,2.094692765,0.02272803762,-2.24418169,-2.102268945,0.74541784,0,1
21,-2,21,1.81,5.77,0.01073709919,-1.51623999,-1.472458017,0.71642536,0,1
21,-1,0,1.964761905,0.7355153067,1.657555335,-25.9633997,-3.939475609,1.65411175,1,1
21,-1,1,1.296904762,0.507772022,1.62994318,-26.03919657,-0.2998923517,1.64597015,1,1
21,-1,2,0.5448717949,0.5274491104,1.820619263,26.06379797,8.839567722,1.62224826,1,1
21,-1,3,5.94,0.6312949375,7.92954896,54.18055122,19.06612137,1.58489338,1,0
21,-1,4,9.493478261,0.5996019474,9.299821665,56.69252438,25.59495824,1.53668163,1,1
21,-1,5,21.75625,0.9396797992,22.92003653,94.22810313,25.62871317,1.48070860,1,1
21,-1,6,13.1527027,0.8340919751,14.24719363,74.46072837,19.57226241,1.41994549,1,1
21,-1,7,2.909459459,0.6588366022,1.496547798,22.61218813,10.55083699,1.35694917,1,1
21,-1,8,0.24,0.6945581468,0.853570175,-18.66038665,2.629365817,1.29373535,1,1
21,-1,9,-0.1257142857,0.7133945702,0.2938095784,-10.98870777,-1.219140901,1.23177496,1,1
21,-1,10,0.8811111111,1.16750987,0.2890048168,10.96019469,-0.3363605556,1.17206141,1,1
21,-1,11,1.61025,0.7383311473,0.6632731114,16.19318938,3.705681104,1.11520573,1,1
21,-1,12,1.69,0.7938195813,1.476875565,23.37695882,8.244056971,1.06153236,1,1
21,-1,13,1.058684211,0.7812276811,0.3066464995,2.697575812,10.96821884,1.01116218,1,1
21,-1,14,0.8823684211,0.9974961138,0.4935645289,9.30364318,10.89895742,0.96407844,0,1
21,-1,15,2.346486486,1.051468672,1.163502463,20.28357312,8.523264133,0.92017628,0,0
21,-1,16,-0.6170588235,0.9119917649,0.2809600193,9.472803478,5.211334048,0.87929814,0,1
21,-1,17,-0.2294594595,1.019735801,0.04495354628,3.616830184,2.370914826,0.84125846,0,1
21,-1,18,-0.03578947368,0.9107783345,0.009629458475,1.829515963,0.8118862549,0.80586017,0,1
21,-1,19,-0.7263157895,1.643993001,0.01039526393,2.00108247,0.5661858543,0.77290550,0,1
21,-1,20,1.914285714,2.278922499,0.003514732088,-0.4632122051,1.117014381,0.74220260,0,1
21,0,0,6.184,1.454218538,7.574224579,-53.36201956,-17.42736509,1.61616836,1,1
21,0,1,2.6675,0.7750136161,2.154895399,-25.5598606,-15.59573531,1.60857175,1,1
21,0,2,0.9988888889,0.8066647536,0.9696059995,-16.86594966,-10.90593692,1.58640893,1,1
21,0,3,-0.1185714286,0.7588802169,0.1861968871,6.960917489,-5.386270477,1.55142313,1,1
21,0,4,0.1072727273,0.8893098111,0.6747501714,16.70238911,-1.325377734,1.50611624,1,1
21,0,5,0.6944444444,1.079108571,0.2288381001,-9.754910578,-0.2206004949,1.45330493,1,1
21,0,6,2.907647059,0.9829536733,2.123272943,-29.64355051,-2.153365333,1.39572519,1,1
21,0,7,2.191666667,0.9455865643,1.566100547,-24.84209731,-5.868431359,1.33576482,1,1
21,0,8,0.1425,1.318522546,0.2458145907,-3.558769136,-9.46599657,1.27533685,1,1
21,0,9,-0.3447368421,0.9513400667,0.3292261516,-2.97060092,-11.32026594,1.21586374,1,1
21,0,10,0.55875,1.112309675,0.8224924453,-15.04419234,-10.76411342,1.15832877,1,1
21,0,11,1.9485,1.023652895,1.22438738,-21.00989898,-8.245264071,1.10335655,1,1
21,0,12,-0.277,1.050161535,0.5224242628,-13.88567585,-4.953786736,1.05129774,1,1
21,0,13,0.7044444444,1.149021457,0.08147149516,5.399901276,-2.176435976,1.00230460,1,1
21,0,14,1.811578947,1.168531052,0.1035764813,6.524378098,-0.7245457367,0.95639232,0,1
21,0,15,-0.9005263158,1.239332841,0.04764295891,-4.398837784,-0.686906468,0.91348599,0,1
21,0,16,0.1710526316,1.358256298,0.01907505756,-2.348007672,-1.556580257,0.87345494,0,1
21,0,17,1.784210526,1.251939437,0.05459380979,-3.998850883,-2.592811724,0.83613696,0,1
21,0,18,2.037058824,1.365451004,0.05573279776,-3.599969266,-3.198057621,0.80135498,0,1
21,0,19,-0.5033333333,1.896563494,0.05230591517,-3.455171073,-3.134231451,0.76892805,0,1
21,0,20,-1.2175,2.906808817,0.02301395263,-1.793601011,-2.521474786,0.73867845,0,1
22,-11,0,17.06818182,1.900096561,21.19424636,81.33314514,46.93271256,1.78136364,1,1
22,-11,1,18.6795,1.320725573,25.39941406,95.92225944,36.96240119,1.77120672,1,1
22,-11,2,2.652272727,0.7374250074,3.693274225,37.38188476,11.79673378,1.74174769,1,1
22,-11,3,3.409090909,0.8152552276,4.231156278,-38.46145987,-16.76506707,1.69575545,1,1
22,-11,4,27.71695652,1.513340602,24.09458345,-93.48687008,-35.84181694,1.63708580,1,1
22,-11,5,44.14,1.927026303,39.62450777,-122.7229515,-37.74460346,1.56989774,1,1
22,-11,6,16.12333333,1.015383411,16.25281155,-78.86534138,-23.28430247,1.49802104,1,1
22,-11,7,1.145,0.7884051272,0.2894615478,-10.95667177,-0.616741738,1.42459486,1,1
22,-11,8,6.078181818,0.9010144923,6.376018856,47.7128535,19.39572916,1.35195829,1,1
22,-11,9,11.054375,1.403366479,12.54218035,66.33578046,28.59502619,1.28170717,1,1
22,-11,10,6.774375,1.204943917,8.38258844,53.54694144,24.90499914,1.21482900,1,1
22,-11,11,1.331,0.9854350562,2.43197855,29.34059613,12.2858418,1.15185441,1,1
22,-11,12,-0.5173333333,1.217472792,0.1558456766,-7.754904042,-2.168012033,1.09299287,1,1
22,-11,13,1.1885,1.139591172,1.129093574,-18.00635414,-12.06337162,1.03824080,1,1
22,-11,14,3.460909091,1.010898667,2.755174952,-30.62610542,-14.43323944,0.98746164,0,1
22,-11,15,2.31047619,1.388308576,2.326561975,-29.36877086,-10.26789904,0.94044214,0,1
22,-11,16,-0.6280952381,1.033994193,0.06166946293,-4.012701461,-3.091196863,0.89693037,0,1
22,-11,17,1.226190476,1.168469181,0.09041350106,5.189719399,3.26847008,0.85666040,0,1
22,-11,18,-2.06625,1.38434904,0.2883886903,8.853574263,6.449565289,0.81936780,0,1
22,-11,19,1.012,2.359093894,0.2692234853,8.605740472,6.160382541,0.78479876,0,0
22,-11,20,0.6128571429,2.62841498,0.1703428027,7.578652133,3.665283267,0.75271508,0,1
22,-11,21,9.1,3.167715068,0.001349558976,-0.1694566696,0.7299052591,0.72289656,0,1
22,-10,0,3.843181818,0.8935229623,1.393160059,23.61395368,-4.690250925,1.77891503,1,1
22,-10,1,1.502926829,0.5650253873,0.4954767672,14.31942077,-1.046334206,1.76879970,1,1
22,-10,2,6.615909091,0.561781589,6.98314931,53.28673786,8.113436376,1.73945863,1,1
22,-10,3,14.71790698,0.7342098274,13.53592076,72.75508785,18.39155249,1.69364276,1,1
22,-10,4,24.19047619,1.055930597,20.6848176,89.33228795,25.01113853,1.63518466,1,1
22,-10,5,16.31630435,0.7396636184,14.5662214,73.66855547,25.16241967,1.56822096,1,1
22,-10,6,3.797619048,0.611950558,3.998809774,35.97772164,19.21687582,1.49656398,1,1
22,-10,7,1.654285714,0.5923875076,1.682065496,24.38355527,10.25949094,1.42334155,1,1
22,-10,8,1.735121951,0.6779820418,1.478253882,24.68992113,2.329788683,1.35088694,1,1
22,-10,9,0.9848484848,0.6484755026,0.9501946191,19.81880971,-1.593264523,1.28079419,1,1
22,-10,10,-0.66725,0.6406814268,0.0450830174,4.25385914,-0.8131702908,1.21405152,1,1
22,-10,11,-0.6047619048,0.6618558135,0.1722157326,7.855876599,3.151935204,1.15119162,1,1
22,-10,12,1.967777778,0.7532795581,0.7255760492,15.58334742,7.683200048,1.09242654,1,1
22,-10,13,2.249302326,0.7623304158,1.077088081,18.39065082,10.48337073,1.03775535,1,1
22,-10,14,1.015897436,0.7762865718,1.422612967,21.92172085,10.55031525,0.98704397,0,1
22,-10,15,3.165833333,0.8051355227,1.695726611,25.22312471,8.324214063,0.94008131,0,1
22,-10,16,1.05425,0.7897664212,0.4065488033,11.95210554,5.127354663,0.89661732,0,1
22,-10,17,0.8736585366,0.9065490554,0.0593860639,4.385637855,2.33954161,0.85638764,0,1
22,-10,18,-0.1617142857,0.9488083611,0.006190623018,1.407023348,0.7719216205,0.81912913,0,1
22,-10,19,-0.8575,1.168808822,0.0006655893319,-0.2123694362,0.4814710056,0.78458903,0,1
22,-10,20,0.6206666667,1.519510301,0.002378031362,-0.1385650134,0.984970949,0.75253003,0,1
22,-9,0,25.98,1.616718414,35.82290755,115.4326078,39.73983209,1.77162934,1,1
22,-9,1,17.681,0.8253576381,21.05292804,88.34503185,30.88884221,1.76163709,1,1
22,-9,2,-0.06837209302,0.5598109088,0.3250493577,7.873385396,8.558326882,1.73264523,1,1
22,-9,3,7.14826087,0.6020255908,6.528789642,-49.35106404,-16.75537813,1.68735176,1,1
22,-9,4,29.4265,1.176202851,25.86334842,-98.13885136,-33.60182099,1.62952072,1,1
22,-9,5,34.116,1.225982275,31.75806143,-109.4369641,-35.16153055,1.56322267,1,1
22,-9,6,9.553333333,0.6827800372,9.62157955,-59.25300127,-22.18314235,1.49221817,1,1
22,-9,7,-0.4427906977,0.5720708542,0.01157847224,-1.020153683,-1.943309504,1.41960137,1,0
22,-9,8,1.731363636,0.6673018144,3.56506412,35.0807581,15.89237163,1.34768811,1,1
22,-9,9,7.661388889,0.7095647249,6.222957029,44.82029349,24.08674706,1.27806692,1,1
22,-9,10,6.280697674,0.7080121593,6.267535265,46.62405383,20.82724772,1.21172802,1,1
22,-9,11,1.80075,0.7281414158,1.742920902,25.13283968,9.668188972,1.14921009,1,1
22,-9,12,-1.1215,0.8592717213,0.04156595312,-2.808283869,-3.067058565,1.09073280,1,1
22,-9,13,1.844722222,0.7815453886,1.482849424,-21.90762549,-11.70418808,1.03630306,1,1
22,-9,14,4.323409091,0.924313181,2.780415722,-31.15866033,-13.6350987,0.98579410,0,1
22,-9,15,2.316571429,1.057590169,1.898798138,-26.3521993,-9.774816794,0.93900130,0,1
22,-9,16,-1.669142857,0.8515257854,0.1364904509,-6.784537885,-3.279666737,0.89568015,0,1
22,-9,17,1.544634146,0.8776578517,0.1393438378,7.211455618,2.442992718,0.85557093,0,1
22,-9,18,0.8558333333,0.9248193017,0.2586149364,8.912115494,5.30750845,0.81841436,0,1
22,-9,19,-0.4254166667,1.217115071,0.1895786477,7.287420994,5.076095129,0.78396085,0,1
22,-9,20,-2.54625,1.442587194,0.06453277132,4.300235647,2.890762797,0.75197569,0,1
22,-9,21,-1.641111111,1.98528009,0.0002657493461,-0.05080763239,0.3286065557,0.72224154,0,1
22,-8,0,-0.1488888889,0.7715024623,0.5627997455,15.22878308,-1.494717431,1.75968295,1,1
22,-8,1,0.8468292683,0.5525550893,0.2587813759,10.37558896,0.1088508668,1.74989037,1,1
22,-8,2,0.2625,0.5213339863,1.333779699,23.19340263,4.120489729,1.72146533,1,1
22,-8,3,3.755227273,0.6265356178,4.967159263,44.64500312,8.566529031,1.67702076,1,1
22,-8,4,4.895,0.5318243627,3.578334569,36.88349154,11.32944041,1.62021021,1,1
22,-8,5,7.766444444,0.673793209,9.22217522,60.91932844,11.21049578,1.55499736,1,1
22,-8,6,0.9940909091,0.5449660218,0.8238744456,16.47082515,8.454629138,1.48505854,1,1
22,-8,7,0.1285714286,0.5627830102,0.5479500739,-14.41326924,4.497727482,1.41343273,1,1
22,-8,8,0.4159090909,0.6374895695,0.00314251839,-0.09874428557,1.139156968,1.34240685,1,1
22,-8,9,1.0134375,0.6836274456,1.177194814,22.12760881,-0.3673316326,1.27355993,1,1
22,-8,10,-0.311,0.6575511387,0.5496788428,15.1215259,0.1748793556,1.20788499,1,1
22,-8,11,-0.1697435897,0.6910124285,0.08859200765,-5.734027038,1.994791926,1.14593017,1,1
22,-8,12,1.076136364,0.7193986225,0.9427877392,19.41727495,3.900198528,1.08792733,1,1
22,-8,13,0.36675,0.7694601327,0.1976704377,7.616292409,4.92258927,1.03389608,1,1
22,-8,14,1.07195122,0.7455477208,0.4935290758,13.53029459,4.718201709,0.98372150,0,1
22,-8,15,0.4094285714,0.8238409793,0.4738833486,13.57763355,3.578359954,0.93720953,0,1
22,-8,16,0.3985294118,0.8463248454,0.04111468882,3.542464514,2.134597256,0.89412470,0,1
22,-8,17,-0.9158536585,0.8147606153,0.002885502822,0.4918748279,0.9790598271,0.85421492,0,1
22,-8,18,-0.1994594595,0.9840276939,0.001251761929,0.5953302833,0.4078861757,0.81722722,0,1
22,-8,19,0.8111111111,1.294330981,0.005546112541,1.471281037,0.3778418234,0.78291722,0,0
22,-8,20,0.1416666667,1.684236556,0.009914119565,-1.929328819,0.6343580063,0.75105452,0,1
22,-8,21,3.3675,2.073153169,0.008386343047,1.638788667,0.8963636039,0.72142526,0,1
22,-8,22,5.93,6.15,0.01864245598,2.60268842,0.9910163417,0.69383307,0,1
22,-7,0,13.857,1.238329329,14.98178138,75.81837659,22.0151959,1.74335684,1,1
22,-7,1,9.416410256,0.7627058238,11.78296208,68.13468227,16.12164404,1.73383284,1,1
22,-7,2,0.9071428571,0.5036344101,0.02294322433,-2.813126253,1.277393522,1.70617090,1,0
22,-7,3,13.35227273,0.705770976,11.5122661,-67.45493252,-15.47425945,1.66287104,1,0
22,-7,4,22.89355556,0.9063931269,19.95268968,-87.18068939,-26.47156903,1.60743959,1,1
22,-7,5,19.83272727,0.9335246788,19.25719705,-85.27881707,-27.19161092,1.54369704,1,1
22,-7,6,2.588409091,0.561615926,2.705750745,-28.18146794,-18.20766062,1.47520600,1,1
22,-7,7,0.1787804878,0.6114818262,0.2861552799,9.958926135,-4.457943547,1.40493018,1,1
22,-7,8,1.32952381,0.6859709966,0.7833406013,16.39120678,7.565267511,1.33511631,1,0
22,-7,9,1.609090909,0.7513662258,1.060222091,16.44888454,13.05887768,1.26732949,1,1
22,-7,10,2.474186047,0.7798770548,1.729315948,24.50970523,10.89713656,1.20256566,1,1
22,-7,11,1.239,0.6758211209,0.9690671718,19.76325886,3.548117909,1.14138509,1,1
22,-7,12,-0.734047619,0.6932190186,0.6949480359,-16.33792863,-4.711871844,1.08403580,1,0
22,-7,13,1.50725,0.7517758452,1.262546642,-20.56940132,-10.10821122,1.03055430,1,1
22,-7,14,0.90125,0.8070411443,1.637672312,-23.68459087,-10.97203332,0.98084170,0,1
22,-7,15,1.670555556,0.8498801918,1.272314775,-21.56939968,-8.006321537,0.93471820,0,1
22,-7,16,-0.4529411765,0.8638738494,0.06455508433,-3.923695046,-3.385622036,0.89196063,0,0
22,-7,17,-0.05594594595,0.8887626102,0.05210690418,4.617361691,0.5989886626,0.85232729,0,0
22,-7,18,-0.5278947368,1.008136258,0.1025507149,5.997571379,2.587440565,0.81557386,0,1
22,-7,19,1.365555556,1.122785643,0.03413961696,2.84035569,2.477094293,0.78146313,0,1
22,-7,20,0.64,1.760413856,0.01940515653,2.62823482,1.079722128,0.74977055,0,1
22,-7,21,2.01625,2.097147989,0.002527626674,-0.8783239597,-0.5292952246,0.72028710,0,1
22,-6,0,3.702727273,0.7427687203,3.626833825,38.41364359,5.772176995,1.72301886,1,1
22,-6,1,0.561,0.537136496,0.1939956249,8.03507913,4.018508568,1.71382257,1,1
22,-6,2,0.2111904762,0.5154160281,0.01507930198,2.46567083,-0.4406079837,1.68709276,1,1
22,-6,3,0.9611111111,0.5299729574,0.6054840852,-14.85382752,-5.592175603,1.64519406,1,1
22,-6,4,0.4377777778,0.4968210051,0.2157756396,-2.326147462,-9.184846853,1.59145546,1,1
22,-6,5,1.942142857,0.5749005139,2.481679343,-30.60794454,-9.779774428,1.52952365,1,0
22,-6,6,0.924,0.5796312405,1.713435369,-25.66634491,-7.355605968,1.46282194,1,1
22,-6,7,0.1695238095,0.5690501849,0.3872784923,-12.28381962,-3.198914177,1.39422050,1,1
22,-6,8,-0.5961363636,0.6956981387,0.3716133963,-12.4078276,0.8085208342,1.32591499,1,1
22,-6,9,0.3745714286,0.6467640014,0.02609482862,-1.112153237,3.101570228,1.25945169,1,0
22,-6,10,0.8038888889,0.8861800739,0.4607469857,13.49787451,3.082021832,1.19582868,1,1
22,-6,11,1.3265,0.7003056613,1.089046739,21.25029787,1.23177904,1.13562012,1,1
22,-6,12,0.951,0.7188717834,0.1890771723,-8.775751615,-1.284832198,1.07909322,1,1
22,-6,13,0.8405,0.747641844,0.0378872889,-2.268652087,-3.258225655,1.02630497,1,1
22,-6,14,0.2271428571,0.7377875319,0.04121581025,-1.182157088,-3.968644096,0.97717599,0,1
22,-6,15,0.6551219512,0.7831607431,0.02782050227,-0.2862692575,-3.390078242,0.93154406,0,1
22,-6,16,-0.5718918919,0.9106731034,0.1107100024,-6.473342642,-2.038670355,0.88920121,0,1
22,-6,17,-0.1313513514,0.8771666902,0.01232953983,-2.179454461,-0.6161343357,0.84991863,0,1
22,-6,18,0.8006451613,1.01414045,0.001297100539,0.651902087,0.3386382274,0.81346280,0,1
22,-6,19,-0.6432,1.163761831,0.01379570536,-2.31068704,0.6327396752,0.77960543,0,1
22,-6,21,1.488333333,3.114544821,0.00225141183,0.9657975505,-0.06263946457,0.71883164,0,1
22,-5,0,0.250952381,0.9310142715,0.8219675902,-18.27646525,2.818920996,1.69910199,1,1
22,-5,1,-0.01720930233,0.4966587658,0.5411251463,14.98891206,0.6818513168,1.69028141,1,1
22,-5,2,-0.8318181818,0.5023788309,0.06456011907,2.254728676,-4.666488258,1.66462173,1,1
22,-5,3,2.346888889,0.5088860747,2.926477678,-33.24500133,-10.59793668,1.62433564,1,1
22,-5,4,10.90804348,0.7330282382,8.483048552,-57.66495974,-14.28573638,1.57255195,1,1
22,-5,5,2.986904762,0.5837635925,3.373086918,-34.69819027,-14.12060564,1.51271952,1,1
22,-5,6,0.4740909091,0.557851352,0.5556704286,-11.07179636,-10.4210951,1.44810116,1,1
22,-5,7,1.076136364,0.6826509247,0.1522748982,-6.101471671,-5.111286712,1.38145758,1,1
22,-5,8,0.7972727273,0.6077714954,0.274923048,10.67676593,-0.6221140234,1.31492312,1,1
22,-5,9,1.333333333,0.7274504248,0.5541777664,15.12550747,1.334880803,1.25001987,1,1
22,-5,10,0.8671875,0.708452732,0.04517248603,4.308912938,0.4765036915,1.18774633,1,1
22,-5,11,1.608157895,0.7326186838,0.6653520982,-16.49831692,-2.149871035,1.12869127,1,1
22,-5,12,1.071707317,0.839193203,0.6859389421,-16.16817886,-4.896064992,1.07314313,1,1
22,-5,13,1.055,0.7136818082,0.3923669513,-11.05811909,-6.400023931,1.02118203,1,1
22,-5,14,0.8379069767,0.7978739439,0.3992045775,-11.32078683,-6.158477888,0.97275101,0,1
22,-5,15,1.737837838,0.8270990076,0.3245541631,-10.68545865,-4.566191712,0.92770812,0,1
22,-5,16,-0.02317073171,0.7936919282,0.01960721762,-1.344571574,-2.519843633,0.88586310,0,1
22,-5,17,-0.0865,0.8613609945,0.003758587562,-0.8859970431,-0.8824685619,0.84700226,0,0
22,-5,18,-1.0334375,0.980320818,0.0006575309514,-0.5127185107,-0.1033546642,0.81090473,0,1
22,-5,19,-2.164230769,1.128087938,0.01221321274,2.250082849,-0.1355475558,0.77735280,0,1
22,-5,20,3.346363636,2.002514452,0.008233641658,1.748393368,-0.6071951827,0.74613803,0,1
22,-5,21,5.4325,2.940104165,0.007739703279,-1.425309702,-1.090209624,0.71706467,0,1
22,-4,0,21.3355,1.295070507,22.12035353,94.43710304,16.87293158,1.67208090,1,1
22,-4,1,2.281304348,0.5064488098,3.125400104,34.13816303,11.61433933,1.66367243,1,1
22,-4,2,1.375454545,0.5177168178,0.7044290331,-17.03617144,-1.686129388,1.63918828,1,1
22,-4,3,5.690681818,0.7289205722,6.698017117,-50.02670763,-16.85244745,1.60067863,1,1
22,-4,4,21.71195652,0.830755572,21.35963952,-90.29451076,-27.08269422,1.55105681,1,1
22,-4,5,12.20648649,0.9429964872,12.23490484,-65.53161549,-28.21131384,1.49355655,1,1
22,-4,6,10.8127907,0.705148628,11.16322355,-64.99809271,-20.48538919,1.43126387,1,0
22,-4,7,4.394146341,0.824993568,2.570517984,-31.6942442,-8.057667928,1.36681670,1,1
22,-4,8,0.715,0.8315630929,0.08084483997,4.732395295,3.352540137,1.30227859,1,1
22,-4,9,1.613611111,0.705389088,1.727314754,25.15115557,9.276854117,1.23914174,1,1
22,-4,10,1.160357143,0.9762564123,0.3333688744,8.308538391,8.346534591,1.17840252,1,1
22,-4,11,1.320571429,0.7755381015,0.2433077442,-9.769772319,2.403854556,1.12066387,1,1
22,-4,12,-0.8656410256,0.7344147486,0.2954957704,9.943842271,-4.905052047,1.06623650,1,1
22,-4,13,1.612162162,0.8123051994,1.088131876,-18.7197045,-10.11357892,1.01522544,1,1
22,-4,14,0.8876315789,0.9196103939,1.186770321,-19.05226927,-11.43507242,0.96759819,0,1
22,-4,15,0.6033333333,0.9098767468,0.4448786063,-10.0531836,-9.16640685,0.92323525,0,1
22,-4,16,-0.4645,0.8359440771,0.2712812703,-9.347939928,-5.047893854,0.88196612,0,1
22,-4,17,-1.062162162,0.8649109363,0.04678296996,-4.264966481,-1.128663443,0.84359404,0,1
22,-4,18,-1.105714286,0.9465442041,0.005276039159,-0.8590682402,1.207092132,0.80791245,0,1
22,-4,19,-2.296666667,1.291428777,0.01282548714,1.623121979,1.643610265,0.77471561,0,1
22,-4,20,4.8375,2.121506319,0.006847934699,-1.516269595,0.7416032875,0.74380501,0,1
22,-4,21,0.02333333333,3.353353214,0.001099117775,0.3415120722,-0.5836539623,0.71499314,0,1
22,-3,0,5.998,0.8531099763,6.553245682,-51.39207434,-9.235785107,1.64244924,1,1
22,-3,1,2.103777778,0.5095807524,2.524524476,-31.3849246,-8.080981798,1.63447782,1,1
22,-3,2,-0.06175,0.5207950653,0.2372316014,-8.508243306,-5.129211925,1.61124239,1,1
22,-3,3,0.14875,0.5209778062,0.008775078596,0.930959289,-1.668574926,1.57462567,1,1
22,-3,4,0.8254166667,0.4886661622,0.4968543443,14.35204091,0.8559686034,1.52731729,1,1
22,-3,5,-0.07048780488,0.5922354253,0.01382606435,1.86297902,1.510487991,1.47232525,1,1
22,-3,6,-0.06975,0.5829729303,0.0315204564,3.612171794,0.257182588,1.41254739,1,1
22,-3,7,-0.1405555556,0.6803946036,0.1497502697,7.605441532,-2.111896894,1.35048832,1,1
22,-3,8,0.4123333333,0.7229510511,0.09281104556,4.36733296,-4.420404201,1.28813240,1,1
22,-3,9,0.1842105263,0.6804238332,0.2958068158,-9.530504513,-5.677889336,1.22693615,1,1
22,-3,10,2.072666667,0.8249926413,0.9920584922,-19.5609049,-5.487436977,1.16789044,1,1
22,-3,11,-0.6784210526,0.7463103674,0.261290461,-9.577185947,-4.121419229,1.11161096,1,1
22,-3,12,-1.309189189,0.7706497406,0.1914056801,-8.626756431,-2.283078551,1.05843064,1,1
22,-3,13,0.55875,0.7759355963,0.03543653185,3.771471544,-0.7205511199,1.00848028,1,1
22,-3,14,-0.1335897436,1.00767048,0.003937927645,1.276080878,0.09986320241,0.96175318,0,1
22,-3,15,0.8827272727,0.9118393491,0.03739680092,-3.94251082,0.1239358057,0.91815378,0,1
22,-3,16,-0.8735483871,0.9377997474,0.01368437453,-2.356975208,-0.3714610726,0.87753288,0,1
22,-3,17,-0.01648648649,0.9222481358,0.006104922121,-1.254705902,-0.982667472,0.83971214,0,1
22,-3,19,-0.585,1.420044384,0.004962538713,0.03673874415,-1.43641555,0.77170579,0,1
22,-2,0,37.64368421,1.831582804,32.82558871,113.29237,28.66636748,1.61069908,1,1
22,-2,1,14.22644444,0.8019704367,15.14113575,76.55978094,20.92829684,1.60317897,1,1
22,-2,2,1.325384615,0.6485254578,0.6901956047,-16.88925809,1.380356551,1.58123529,1,1
22,-2,3,15.406875,0.7439191524,16.1127473,-79.1775936,-20.84553792,1.54658325,1,1
22,-2,4,25.91361702,1.01449205,26.04786861,-97.77535452,-35.73605003,1.50168693,1,1
22,-2,5,32.21170732,1.218893586,32.92096122,-110.9506602,-37.23643346,1.44932420,1,1
22,-2,6,16.91073171,0.9877325222,14.79653226,-74.08171418,-25.84420113,1.39219799,1,1
22,-2,7,-0.13875,0.6459699711,0.567194324,-13.2410794,-7.787950494,1.33267197,1,1
22,-2,8,2.911428571,0.7686423326,2.679081358,32.28655564,8.496864158,1.27264421,1,1
22,-2,9,4.29225,0.7388224768,2.880214183,30.40635232,16.54546517,1.21352984,1,1
22,-2,10,1.133870968,0.8794602056,1.131363524,16.10346109,14.53879865,1.15631023,1,1
22,-2,11,-1.151578947,0.8181560406,0.07893618879,2.002965136,5.369277093,1.10161155,1,1
22,-2,12,1.041842105,0.7922569679,0.6901281688,-16.01961294,-5.522351677,1.04978794,1,1
22,-2,13,2.259736842,0.7999080626,1.081797159,-16.68860367,-13.09835086,1.00099594,1,1
22,-2,14,0.3436363636,0.8672476332,1.608026574,-21.15009144,-14.88909101,0.95525518,0,1
22,-2,15,1.137352941,0.8979866874,1.131174287,-18.39605673,-11.49802119,0.91249498,0,1
22,-2,16,0.1486842105,0.9400090925,0.2778150987,-9.190909207,-5.577702733,0.87258847,0,1
22,-2,17,0.2166666667,0.8693637293,0.002631274646,-1.038478257,-0.1276383289,0.83537678,0,1
22,-2,18,0.1761111111,0.9305140538,0.03626804282,2.570462102,2.912363658,0.80068570,0,1
22,-2,19,1.1025,1.309132728,0.03130387156,1.678386819,3.194814017,0.76833672,0,1
22,-2,20,2.015,2.902680873,0.01106506875,1.402155018,1.62404671,0.73815415,0,1
22,-1,0,6.149,1.081015823,9.733668577,-62.72625787,-10.72663112,1.57730398,1,1
22,-1,1,0.7772916667,0.5817180579,0.882638683,-17.52541563,-7.750948893,1.57023996,1,1
22,-1,2,-1.306486486,0.5669037946,0.02268389592,3.062909205,-0.236872213,1.54960410,1,1
22,-1,3,0.8070454545,0.5722002876,0.7628171611,15.76387531,8.298583789,1.51694807,1,1
22,-1,4,4.429777778,0.6471735353,3.271890982,34.13368292,14.00519687,1.47451402,1,1
22,-1,5,5.468536585,0.7937533991,5.673065241,46.34789978,14.56442772,1.42485057,1,0
22,-1,6,3.554857143,0.7013874879,3.304181204,35.65154267,10.18113645,1.37046342,1,1
22,-1,7,-0.8727027027,0.7545443555,0.06562916107,4.086909122,3.256049364,1.31357055,1,1
22,-1,8,0.8423333333,0.8295007061,0.2389036074,-9.514585886,-2.977801915,1.25597804,1,1
22,-1,9,3.042058824,0.7548181453,1.407243831,-23.42590348,-6.05836539,1.19905420,1,1
22,-1,10,0.5675,0.7385576221,0.6054324886,-14.9566902,-5.308914358,1.14376660,1,1
22,-1,11,1.14575,0.712857235,0.01470082814,1.644519391,-1.847095521,1.09074888,1,1
22,-1,12,0.7626315789,0.779340006,0.3760096136,12.30280778,2.253405511,1.04037459,1,1
22,-1,13,0.1313157895,0.7865436857,0.4440258061,12.60296494,5.089202943,0.99282512,0,1
22,-1,14,-0.04151515152,0.9636501512,0.1507586007,5.455543486,5.74102828,0.94814631,0,1
22,-1,15,-0.2280645161,0.9393003906,0.05958242523,2.231439311,4.450803083,0.90629261,0,1
22,-1,16,-0.2213157895,0.8940257833,0.06338236551,4.629073427,2.222969816,0.86716006,0,1
22,-1,17,-0.79,0.8927584552,0.0001426530564,-0.1645712921,0.1796284476,0.83060995,0,1
22,-1,18,-0.0421875,0.9692990883,0.009596719955,-1.750915561,-0.9627886336,0.79648550,0,1
22,-1,19,-0.3852941176,1.40944454,0.003090050371,0.3336754304,-1.083633094,0.76462300,0,1
22,0,0,52.464,3.254710279,53.1644162,144.3576607,35.77226274,1.54270616,1,1
22,0,1,7.689130435,0.9609787733,9.504434841,56.63314616,27.33055525,1.53609494,1,1
22,0,2,-0.8795454545,0.7277907855,0.1925073845,-6.6159676,6.026666202,1.51675988,1,1
22,0,3,9.209166667,0.8425323518,7.334298956,-52.17675858,-18.13792152,1.48609623,1,1
22,0,4,27.77521739,1.51417138,25.03937269,-96.15241753,-34.23767154,1.44613207,1,1
22,0,5,36.81823529,2.284365698,25.67805741,-96.98397273,-35.73983997,1.39919217,1,1
22,0,6,8.278333333,1.456587526,7.210357782,-49.56035224,-23.31533216,1.34758646,1,1
22,0,7,0.8573333333,1.340642158,0.4461538837,13.0622953,-3.872535255,1.29338520,1,1
22,0,8,3.657777778,1.001493837,1.80954455,23.96288084,13.36533895,1.23829823,1,1
22,0,9,4.060666667,1.42838019,4.778011956,39.08702146,21.44930507,1.18364226,1,1
22,0,10,2.8825,1.052621489,3.649401725,34.24922894,18.5824008,1.13036659,1,1
22,0,11,0.74,1.017121551,0.380871506,9.636241059,8.099539492,1.07910879,1,1
22,0,12,-0.1405555556,1.21697296,0.4436868009,-12.98995873,-3.981788865,1.03025933,1,1
22,0,13,4.483,1.158255693,2.331005748,-28.64534122,-12.21669711,0.98402294,0,1
22,0,14,2.366153846,1.941979409,1.502850744,-20.67850129,-14.05891556,0.94047084,0,1
22,0,15,0.2066666667,1.356712202,0.532036868,-10.70777472,-10.32931913,0.89958237,0,1
22,0,16,1.616470588,1.715205557,0.2199356559,-8.68055473,-4.018842776,0.86127653,0,1
22,0,17,0.7336842105,1.251517417,0.03411847626,3.408845205,1.6045546,0.82543513,0,1
22,0,18,1.018666667,1.544095317,0.1365311041,6.037856409,4.510806112,0.79191920,0,1
22,0,19,-0.875,2.937037907,0.06685737685,2.856857334,4.433288038,0.76058036,0,1
23,-11,0,1.324375,0.969732338,1.422670138,-17.3011981,-17.10448266,1.70337646,1,1
23,-11,1,3.532,0.5748146473,3.597356306,-35.92999509,-14.34215881,1.69448950,1,1
23,-11,2,4.496190476,0.5887202357,4.932352277,-44.69366056,-7.386281692,1.66864062,1,0
23,-11,3,1.789761905,0.6665026937,1.096046448,-21.3492222,0.4640525351,1.62806909,1,1
23,-11,4,-0.2726666667,0.6126463874,0.1323144152,-4.822986116,5.638045266,1.57593887,1,1
23,-11,5,1.940227273,0.5728430902,1.778645309,26.51914552,6.060642693,1.51573363,1,1
23,-11,6,2.012173913,0.5406771729,2.129422099,29.69348825,2.057219072,1.45074462,1,1
23,-11,7,-0.08142857143,0.6509459365,0.04188909406,1.132044032,-4.01823643,1.38375205,1,1
23,-11,8,3.3205,0.7299936731,3.304893347,-35.93935241,-9.12947241,1.31690132,1,1
23,-11,9,2.332285714,0.9113933451,4.032699231,-39.43170734,-11.08714418,1.25171899,1,1
23,-11,10,2.642580645,0.9433616358,1.417016766,-22.36148674,-9.460794703,1.18920366,1,1
23,-11,11,0.7652777778,0.758291055,0.5741292556,-14.44374955,-5.499245316,1.12994163,1,1
23,-11,12,-0.7397142857,0.9213603831,0.007737476763,1.283236049,-1.253971165,1.07421764,1,1
23,-11,13,0.2551351351,0.7900268601,0.01354046279,1.821974121,1.521135104,1.02210777,1,1
23,-11,14,-0.3316216216,0.7982159161,0.09523098201,5.930875184,2.108338795,0.97355108,0,1
23,-11,15,-0.2557894737,0.7943551715,0.005587097512,1.219348506,0.9152448566,0.92840204,0,1
23,-11,16,-1.261,0.7998629179,0.04370610302,-4.148869569,-0.9851834729,0.88646723,0,1
23,-11,17,-2.189756098,0.8328386287,0.04875898865,-3.739004184,-2.511131346,0.84753027,0,1
23,-11,18,-0.2013888889,0.942769798,0.06660945028,-4.283866594,-3.059577594,0.81136804,0,1
23,-11,19,-1.159090909,1.210989282,0.04935419812,-3.685183247,-2.636852532,0.77776092,0,1
23,-11,21,0.4416666667,4.244295322,0.001301925928,-0.2661513731,-0.6861655819,0.71738497,0,1
23,-10,0,33.145625,1.826338657,27.95377518,-104.9083405,-24.98535957,1.69910199,1,1
23,-10,1,10.88282609,0.6121428784,13.38268043,-71.35016933,-21.83919583,1.69028141,1,1
23,-10,2,2.076190476,0.5267067603,2.690447166,-30.45140831,-13.85852789,1.66462173,1,1
23,-10,3,0.7215555556,0.5156227926,0.4662001966,-13.1174807,-4.678884064,1.62433564,1,1
23,-10,4,1.096666667,0.4994337071,0.1715200934,8.274512239,1.7007418,1.57255195,1,1
23,-10,5,0.4815555556,0.5722940683,0.01937859519,-0.0004444645478,2.839430795,1.51271952,1,0
23,-10,6,0.8311363636,0.7254460038,0.5871337672,-15.59012504,-1.105469704,1.44810116,1,1
23,-10,7,2.202325581,0.6124561446,1.767365494,-26.00395351,-7.68751978,1.38145758,1,1
23,-10,8,2.176744186,0.6195063516,1.66981246,-22.6029805,-13.55811123,1.31492312,1,1
23,-10,9,2.719761905,0.636890476,3.118452593,-32.20761384,-16.12718782,1.25001987,1,1
23,-10,10,3.800588235,0.8745419928,4.293928795,-39.64920632,-14.64267729,1.18774633,1,1
23,-10,11,1.319459459,0.7985039452,2.066234491,-27.47361488,-10.23948205,1.12869127,1,1
23,-10,12,2.266578947,0.7537849095,0.7618980502,-17.05944361,-5.095022102,1.07314313,1,1
23,-10,13,0.24975,0.7270410064,0.01630804264,-2.282866541,-1.254352336,1.02118203,1,0
23,-10,14,-0.4130952381,0.8603863276,0.002513034613,-0.9919688544,0.2480589671,0.97275101,0,1
23,-10,15,-1.060540541,0.9566842408,0.005531259314,-1.466441586,-0.3883320719,0.92770812,0,1
23,-10,16,-0.6453846154,0.8095037481,0.04241643172,-3.625163746,-2.122576666,0.88586310,0,1
23,-10,17,1.103333333,0.9123843046,0.1437558955,-6.763982508,-3.749328028,0.84700226,0,1
23,-10,19,-1.454736842,1.731440155,0.09018066058,-4.526385679,-4.126868628,0.77735280,0,1
23,-10,20,2.244285714,2.189380894,0.0472282531,-3.200132661,-3.067283655,0.74613803,0,1
23,-10,21,3.928333333,3.617065493,0.02426395709,-2.590365564,-1.839810865,0.71706467,0,1
23,-9,0,0.73,0.7351421724,0.689422221,16.28140653,-4.663310207,1.69064869,1,1
23,-9,1,0.50675,0.5253298369,0.2240311224,9.381128406,-2.28067003,1.68195844,1,1
23,-9,2,0.700952381,0.5082699139,0.03519113208,-1.129329006,3.65591441,1.65667032,1,1
23,-9,3,-0.3491304348,0.5281219873,0.2508325701,-1.017364339,10.16477269,1.61694514,1,1
23,-9,4,0.7716666667,0.5264868622,2.041588055,25.5187406,14.07786772,1.56584312,1,1
23,-9,5,2.130909091,0.6907429908,2.845180175,31.57615537,13.66269989,1.50674484,1,1
23,-9,6,4.534285714,0.6200291669,5.324683878,46.11868601,9.400789807,1.44285730,1,1
23,-9,7,1.328604651,0.6096192357,1.817934474,27.27032886,3.559732169,1.37690268,1,1
23,-9,8,0.07568181818,0.5845097327,0.477955078,-14.05750608,-1.112357019,1.31099334,1,1
23,-9,9,2.030487805,0.6342483501,1.676011438,-26.25838039,-2.79170562,1.24664228,1,1
23,-9,10,-0.3003333333,0.7599165839,0.1657124198,-8.195105988,-1.33568701,1.18484767,1,1
23,-9,11,-0.1571052632,0.7320102204,0.3928048236,12.63974314,1.913471227,1.12620295,1,1
23,-9,12,0.2558536585,0.7955752617,0.1252400036,5.175834191,5.031522275,1.07100373,1,1
23,-9,13,2.106153846,0.904718745,1.021015601,19.54507709,6.540518844,1.01933808,1,1
23,-9,14,-0.4860465116,0.7316246914,0.76628548,16.81069783,6.017447391,0.97115677,0,1
23,-9,15,-0.2556097561,0.7776599304,0.1812560551,7.675976856,4.060794609,0.92632493,0,1
23,-9,16,0.5152631579,0.8431107084,0.01116338106,1.228386969,1.770743971,0.88465853,0,1
23,-9,17,0.2363636364,1.013327647,0.01857619476,-2.777684484,0.1140248384,0.84594918,0,1
23,-9,18,-0.3461764706,0.9620709173,0.01253376362,-2.231546371,-0.4845723323,0.80998049,0,0
23,-9,19,-0.242173913,1.202967739,0.006590137833,-1.64569906,-0.1829437874,0.77653849,0,1
23,-9,21,5.63,3.498413926,0.00587870212,1.079223145,1.131848915,0.71642536,0,1
23,-8,0,36.69208333,1.59715149,36.81632924,-120.8510346,-26.68851333,1.67820203,1,1
23,-8,1,16.63694444,0.8687619196,20.0038719,-88.18941516,-23.34818469,1.66970134,1,1
23,-8,2,2.615777778,0.5923467699,2.06129866,-25.24406295,-14.84352604,1.64495399,1,1
23,-8,3,0.1570212766,0.4792766071,0.1797869652,7.07719478,-4.971195037,1.60604614,1,1
23,-8,4,-0.1057777778,0.5117596851,0.09153778883,5.821004594,2.049327672,1.55593894,1,1
23,-8,5,0.5073913043,0.5149584747,0.04924803168,2.788896061,3.565312832,1.49791409,1,1
23,-8,6,1.0525,0.5735538045,1.138522894,-21.76057331,-0.3926764681,1.43509724,1,1
23,-8,7,2.701395349,0.5869851748,2.397924265,-30.71487718,-7.364828299,1.37015403,1,1
23,-8,8,2.084,0.6213068887,1.875910526,-24.26463407,-13.84524138,1.30516417,1,1
23,-8,9,2.74525,0.6529266326,2.481354395,-27.26373317,-17.00129163,1.24162686,1,1
23,-8,10,4.688125,0.8170254168,3.771625784,-36.30194503,-15.85354208,1.18053920,1,1
23,-8,11,4.552272727,0.6942036416,2.826942081,-32.33718521,-11.4211007,1.12250114,1,1
23,-8,12,-0.21775,0.721460901,0.451922221,-12.36729792,-5.921985968,1.06781849,1,1
23,-8,13,0.05707317073,0.716434509,0.258648593,-10.25403781,-1.569764235,1.01659078,1,1
23,-8,14,-1.245581395,0.7136067638,0.08153574431,-5.811253119,0.3897115264,0.96878003,0,1
23,-8,15,-0.1757894737,0.9791863571,0.003110803498,1.137642324,-0.002037632194,0.92426171,0,1
23,-8,16,0.2618421053,0.8404521603,0.007975090701,-0.5104655633,-1.74854838,0.88286086,0,1
23,-8,18,-0.2291176471,0.9570138552,0.1677081563,-7.00066883,-4.556838165,0.80860004,0,1
23,-8,20,1.895,1.927972518,0.06042809988,-3.671837131,-3.414442892,0.74434145,0,1
23,-8,21,-0.3428571429,2.20159775,0.03047955785,-2.852738181,-2.131373313,0.71546960,0,1
23,-7,0,1.552608696,0.9234987213,2.768759009,33.24018292,6.857007569,1.66202621,1,1
23,-7,1,1.446153846,0.578852536,3.441970033,36.74353102,9.051370881,1.65376777,1,1
23,-7,2,5.826829268,0.5808400243,5.447969137,45.35660008,14.46993752,1.62971204,1,1
23,-7,3,8.083913043,0.627496404,10.49072932,62.88245685,20.25862761,1.59185116,1,1
23,-7,4,5.239772727,0.5690442092,6.074160464,44.48138728,23.42072186,1.54302107,1,1
23,-7,5,6.198333333,0.6251406644,8.168893637,53.82912209,22.38421058,1.48637772,1,1
23,-7,6,4.524390244,0.6149588283,4.18044059,37.75084222,17.72357958,1.42494262,1,1
23,-7,7,2.289047619,0.5788036963,1.709598379,23.96848046,11.69537448,1.36130828,1,1
23,-7,8,0.5907692308,0.6093181216,0.7397855887,16.11444287,6.936052096,1.29751153,1,1
23,-7,9,-0.9665116279,0.6096482686,0.2929362281,9.788693786,5.104519952,1.23503282,1,1
23,-7,10,0.5896551724,0.8417977892,0.1930248321,6.471786043,6.198628854,1.17486701,1,1
23,-7,11,-0.09744186047,0.6545558607,0.3642024451,8.59002662,8.816804701,1.11762171,1,1
23,-7,12,4.95625,0.7541431396,3.189458524,34.69946765,11.086261,1.06361539,1,1
23,-7,13,1.972790698,0.7338788022,1.900330447,25.58430364,11.66474896,1.01296204,1,1
23,-7,14,2.325365854,0.7777182951,1.699404363,24.52002633,10.28576586,0.96563803,0,1
23,-7,15,0.2729268293,0.8412883735,0.6455287904,14.4886632,7.658175865,0.92153206,0,1
23,-7,16,1.306666667,0.7984423967,0.1060228086,4.474059601,4.90846707,0.88048092,0,1
23,-7,17,-2.357272727,0.936607745,0.02116677211,-0.3125720263,2.951038497,0.84229409,0,1
23,-7,18,0.5266666667,1.167960349,0.01756197484,1.677945449,2.119214644,0.80677037,0,1
23,-7,20,2.537272727,1.737567645,0.03099085391,2.498505164,2.578965187,0.74291350,0,1
23,-7,21,0.9016666667,2.356554099,0.03944923997,2.886688545,2.842479177,0.71420117,0,1
23,-6,0,12.6915,1.002146322,18.81353292,-85.00638707,-24.51918155,1.64244924,1,1
23,-6,1,9.148780488,0.6348697094,13.43443145,-71.66879479,-21.28172327,1.63447782,1,0
23,-6,2,3.22952381,0.5510680724,4.029694499,-38.81688923,-13.03009272,1.61124239,1,1
23,-6,3,0.4011363636,0.5181683112,0.4952958716,-13.93971358,-3.427790977,1.57462567,1,1
23,-6,4,1.000681818,0.527768282,0.9955254788,20.05919253,3.436885576,1.52731729,1,0
23,-6,5,1.369545455,0.6172660991,0.776263743,17.27174496,4.964621518,1.47232525,1,1
23,-6,6,-0.01795454545,0.5460897343,0.0191350898,2.583019776,1.135370896,1.41254739,1,1
23,-6,7,0.649047619,0.582070012,0.6971845659,-16.04568805,-5.709294217,1.35048832,1,0
23,-6,8,2.7,0.6457171939,2.118863458,-27.07914697,-12.17630176,1.28813240,1,1
23,-6,9,4.56952381,0.6602973803,3.852650002,-36.9234419,-15.47692373,1.22693615,1,1
23,-6,10,3.441212121,0.7443049887,3.047273246,-32.48026833,-14.58886338,1.16789044,1,1
23,-6,11,0.5765116279,0.7459416877,0.5819135843,-11.54213032,-10.43462786,1.11161096,1,0
23,-6,12,-0.4566666667,0.6959920488,0.2864624739,-9.631097514,-5.140353843,1.05843064,1,1
23,-6,13,0.5211904762,0.7530331391,0.2343219025,-9.834362336,-0.8796424965,1.00848028,1,1
23,-6,14,0.6135714286,0.7360813925,0.1574189519,-8.020628829,1.078368856,0.96175318,0,1
23,-6,15,-1.782926829,0.7626466175,0.003086541496,0.8806124294,0.7132053516,0.91815378,0,1
23,-6,16,0.3991666667,0.8519414556,0.01055209632,1.819383798,-1.039225383,0.87753288,0,1
23,-6,17,0.4245,0.84098967,0.02425004333,-1.218294826,-2.933405315,0.83971214,0,1
23,-6,18,0.7252941176,1.15055371,0.09678988246,-4.901015236,-4.031004254,0.80450065,0,1
23,-6,19,-2.50047619,1.401198038,0.1131369844,-5.564440437,-4.013362445,0.77170579,0,1
23,-6,20,0.4544444444,1.99148403,0.08108066146,-4.891718641,-3.131180558,0.74114006,0,1
23,-6,21,0.1275,3.455086528,0.02480122029,-2.575680747,-1.919450997,0.71262508,0,1
23,-5,0,5.400952381,0.8311960347,6.698868085,51.53537368,11.45145238,1.61984565,1,1
23,-5,1,4.674318182,0.5817455142,4.691066421,41.98881003,13.73442801,1.61219731,1,1
23,-5,2,7.080888889,0.5763523442,7.934180026,54.09055178,19.36977165,1.58988637,1,1
23,-5,3,16.53,0.8375994569,17.79665223,82.2193918,25.38069349,1.55467507,1,1
23,-5,4,24.28681818,0.9768058991,19.73898028,85.97894001,28.63434512,1.50909098,1,1
23,-5,5,5.189756098,0.638714743,5.968333813,41.57299675,27.47328374,1.45597704,1,1
23,-5,6,7.847045455,0.6575829098,6.170169817,45.40965977,22.47289561,1.39809161,1,1
23,-5,7,5.194545455,0.6756579641,4.198752458,38.62466392,15.96888411,1.33783872,1,1
23,-5,8,0.5109375,0.7183300469,0.3036700722,3.405023828,10.71196643,1.27714146,1,1
23,-5,9,-0.1815384615,0.7140086167,0.2505601375,5.719620879,8.457554421,1.21742718,1,1
23,-5,10,2.429411765,0.7561593679,2.504541487,30.92745698,9.246315028,1.15968036,1,1
23,-5,11,4.119714286,0.8187883532,3.666341158,37.27454506,11.66066718,1.10452450,1,1
23,-5,12,0.48975,0.7366629093,1.001363539,15.06205588,13.77485954,1.05230791,1,1
23,-5,13,3.946923077,0.824927666,2.882969594,31.59276981,14.18950141,1.00317990,1,1
23,-5,14,3.987027027,0.9249066883,2.253339492,27.90445821,12.60284957,0.95715267,0,1
23,-5,15,-1.57,1.025976063,0.5988622675,12.43701426,9.719790235,0.91414846,0,1
23,-5,16,-1.587941176,1.045444986,0.2040434734,6.338089363,6.687293025,0.87403402,0,1
23,-5,17,0.9754054054,0.9018551613,0.1675728821,7.065318813,4.449621113,0.83664491,0,1
23,-5,18,0.4182857143,0.9409691921,0.1082076901,5.804709156,3.365207111,0.80180210,0,1
23,-5,19,0.9888235294,1.492228861,0.03876293641,2.416823007,3.207193793,0.76932304,0,1
23,-5,20,-0.27875,2.11919575,0.08382942968,4.799009134,3.441849144,0.73902861,0,1
23,-5,21,2.435,4.479475416,0.05484027987,3.175717968,3.568030136,0.71074748,0,1
23,-4,0,14.97857143,1.165899262,18.00248582,-83.73928546,-21.85351453,1.59461848,1,0
23,-4,1,9.022790698,0.6834425534,7.816895639,-53.77280724,-18.99119443,1.58732035,1,1
23,-4,2,1.728444444,0.5070496603,1.918011299,-25.71057519,-11.70236362,1.56601288,1,1
23,-4,3,0.01708333333,0.4992623067,0.2207757881,-9.019753705,-3.239861656,1.53233095,1,1
23,-4,4,0.3091489362,0.5484961215,0.2102576442,8.931866859,2.77459795,1.48862986,1,1
23,-4,5,1.584878049,0.5723151892,1.564440074,25.18815804,4.053905402,1.43757546,1,1
23,-4,6,0.7804761905,0.5499893835,0.07954915135,5.720543802,0.6094296143,1.38177469,1,1
23,-4,7,0.97275,0.6854599791,0.6893253679,-16.03236239,-5.454697206,1.32352074,1,1
23,-4,8,2.173076923,0.8054655201,0.6780587944,-12.58836488,-11.11917414,1.26466751,1,1
23,-4,9,2.371842105,0.7150675055,1.579673393,-21.52327357,-13.92709212,1.20660797,1,1
23,-4,10,3.160769231,0.7709452621,1.93499936,-25.21459419,-13.01042,1.15031732,1,1
23,-4,11,2.494473684,0.7837982164,1.237622055,-20.72870413,-9.23186223,1.09642580,1,1
23,-4,12,0.6556410256,0.7493055738,0.1229804791,-5.554316486,-4.507214272,1.04529726,1,1
23,-4,13,-1.843888889,0.8290009552,0.09284617523,-6.167722677,-0.7664091491,0.99710050,0,1
23,-4,14,-0.3531428571,0.8441241808,0.07277563456,-5.429992318,0.8905737201,0.95186796,0,1
23,-4,15,0.59,0.9041093309,0.01490733958,2.442589695,0.4856742956,0.90954120,0,1
23,-4,16,0.7614285714,0.9731649089,0.01861372785,2.549497704,-1.115441468,0.87000444,0,1
23,-4,17,-1.122121212,0.9483834296,0.03124403013,-2.281325736,-2.791858713,0.83310861,0,1
23,-4,18,-0.3993548387,1.038313452,0.094540879,-5.050326211,-3.718529841,0.79868787,0,1
23,-4,19,-1.870714286,1.495058186,0.07412524778,-4.197228182,-3.636304927,0.76657086,0,1
23,-4,20,0.6916666667,2.384928371,0.05091218644,-3.657080402,-2.794194519,0.73658791,0,1
23,-3,0,-0.01045454545,0.7193267628,0.7113324638,15.81819587,6.762468989,1.56718214,1,1
23,-3,1,1.975454545,0.5223651747,2.097461123,28.02221509,9.348457209,1.56025265,1,1
23,-3,2,5.077560976,0.5800544088,6.246718344,48.4759048,15.77981377,1.54000300,1,1
23,-3,3,11.67958333,0.6278889136,11.89916233,66.56822199,22.78724839,1.50793778,1,1
23,-3,4,9.468085106,0.6523069882,9.584929432,57.13954303,26.88558142,1.46623486,1,1
23,-3,5,12.56357143,0.7298579134,13.19543669,69.32715066,26.14653895,1.41737595,1,1
23,-3,6,6.018333333,0.6282551513,7.280536179,50.8482201,21.05918116,1.36380855,1,1
23,-3,7,0.3027777778,0.6414106632,0.8336311717,12.18949374,14.07992594,1.30770709,1,1
23,-3,8,-1.724375,0.7063138107,0.5183405058,-12.16670557,8.223396248,1.25084955,1,1
23,-3,9,0.7919444444,0.7152954567,0.243772798,8.414070945,5.533883026,1.19458947,1,1
23,-3,10,2.907368421,0.7421256996,2.509857602,31.70461671,6.247476195,1.13988948,1,1
23,-3,11,1.684324324,0.8581484136,1.64199499,24.54573711,8.980566682,1.08738477,1,1
23,-3,12,2.096315789,0.8119171437,1.451511811,21.61754817,11.6865661,1.03745416,1,1
23,-3,13,1.137105263,0.7997515196,0.880267973,14.26196551,12.76038476,0.99028614,0,1
23,-3,14,0.96125,0.9748026837,1.360339845,20.71144011,11.70464972,0.94593416,0,1
23,-3,15,0.04272727273,0.9162909291,0.7704314826,15.41001957,9.114025179,0.90436009,0,1
23,-3,16,-0.7991176471,1.160613226,0.3076387119,9.504083313,6.137095817,0.86546676,0,1
23,-3,17,0.5078947368,0.8769001529,0.08334324847,4.492796518,3.806483992,0.82912151,0,1
23,-3,18,-1.271935484,0.9976326296,0.03942541584,3.105204058,2.600087398,0.79517279,0,1
23,-3,19,0.3793333333,1.509215985,0.03181572554,2.746600464,2.385992265,0.76346139,0,1
23,-2,0,9.398636364,0.9074852975,8.677558589,-56.63030194,-20.08142612,1.53794716,1,1
23,-2,1,8.022272727,0.6155373616,7.72267265,-53.83946553,-17.72826031,1.53139668,1,1
23,-2,2,0.7811904762,0.5759083319,0.9558512129,-16.1095585,-11.75411557,1.51223628,1,1
23,-2,3,-0.2108888889,0.5694492131,0.1432072016,5.989900476,-4.868442357,1.48184072,1,1
23,-2,4,0.2665217391,0.5194946286,0.4334559043,13.42883854,-0.05875954425,1.44220983,1,1
23,-2,5,-0.1468181818,0.5941087425,0.0236790526,-3.024024306,0.8407307469,1.39563868,1,0
23,-2,6,-0.01675,0.6043231751,0.4661195581,-13.7715109,-2.06692868,1.34441096,1,1
23,-2,7,-0.07129032258,0.8558812024,0.2086283105,-6.194631879,-6.958828862,1.29057688,1,1
23,-2,8,-0.43,0.6900160306,0.3170304064,-1.941580245,-11.31941599,1.23583300,1,1
23,-2,9,0.7403448276,0.9067555005,0.5735239516,-8.045812595,-13.18623017,1.18148871,1,1
23,-2,10,1.545277778,0.9018222721,1.760836374,-24.2735702,-11.97417808,1.12849050,1,1
23,-2,11,2.80027027,0.9020172993,1.243552514,-21.08544316,-8.530995228,1.07747616,1,1
23,-2,12,0.6595,0.7458120993,0.4611269681,-13.09538786,-4.512247934,1.02883825,1,1
23,-2,13,-0.7662857143,0.9031976887,0.04753993931,-4.19001093,-1.490825931,0.98278450,0,1
23,-2,14,-0.9659375,0.8730520169,0.0008046337196,-0.5081949834,-0.2765893822,0.93938949,0,1
23,-2,15,-0.7713793103,1.083288044,0.003399067564,0.9395487946,-0.7289808583,0.89863587,0,1
23,-2,16,-0.5942105263,0.8536870092,0.01675256925,-1.668272237,-2.046140328,0.86044576,0,1
23,-2,17,0.4878947368,0.8953816175,0.04118206757,-2.518249301,-3.285119987,0.82470374,0,1
23,-2,18,-0.1125806452,1.007182375,0.0707267853,-3.858539882,-3.812767319,0.79127326,0,1
23,-2,19,-2.145384615,2.044389639,0.06327886904,-3.756870585,-3.494678785,0.76000806,0,1
23,-1,0,0.1904347826,0.9626360544,0.5589753731,-14.66069784,-4.197956911,1.50730769,1,1
23,-1,1,-1.115348837,0.5852375831,0.01830903634,-2.447822296,-1.274970133,1.50113941,1,1
23,-1,2,0.5555319149,0.5087041384,0.7562958118,16.67081635,6.061102639,1.48307923,1,1
23,-1,3,3.354583333,0.5262826181,3.027041503,32.49693702,14.25954189,1.45437530,1,1
23,-1,4,5.803043478,0.5796718103,6.509246647,48.25684012,19.47862508,1.41685266,1,1
23,-1,5,6.300714286,0.6280448611,6.563304094,48.48587909,19.48715762,1.37262115,1,1
23,-1,6,1.838684211,0.6453766965,2.174729485,26.27901443,14.63552892,1.32379960,1,1
23,-1,7,0.1853333333,0.7329498998,0.1379002816,-1.344213151,7.45424793,1.27231090,1,1
23,-1,8,0.01447368421,0.6853432931,0.312655093,-11.34095729,1.208831124,1.21976605,1,1
23,-1,9,0.8621428571,0.8565637263,0.01913400799,-2.223645442,-1.736666089,1.16742601,1,1
23,-1,10,-0.059,0.722968879,0.02078080085,2.801839035,-0.8918778481,1.11621747,1,1
23,-1,11,0.8344736842,0.9014519422,0.1050199836,6.140528465,2.446824093,1.06677809,1,1
23,-1,12,-0.4536842105,0.8127061219,0.3030871428,9.409457482,6.128621138,1.01951230,1,1
23,-1,13,0.3507692308,0.7903560313,0.8995755067,17.46904815,8.31241476,0.97464604,0,1
23,-1,14,0.6797142857,1.028513448,0.7773173854,15.98257017,8.243570488,0.93227458,0,1
23,-1,15,-0.4611428571,0.9352560222,0.2738355193,8.583387054,6.344553762,0.89240138,0,1
23,-1,16,-0.8286842105,0.914274516,0.07740915921,4.275879037,3.731293515,0.85496809,0,1
23,-1,17,0.8138888889,0.9075736715,0.006049560907,0.4238127289,1.528814009,0.81987697,0,1
23,-1,18,-2.458333333,0.9985729818,0.0006498783587,-0.3682478994,0.3671132244,0.78700703,0,1
23,-1,19,-0.118,1.808360706,0.0002783880036,-0.2320462887,0.2489507058,0.75622545,0,1
23,0,0,7.421666667,1.130162119,7.260820645,-51.95482461,-17.93109728,1.47563198,1,1
23,0,1,1.758095238,0.8022927746,2.424470564,-27.41361808,-16.03690663,1.46984298,1,1
23,0,2,0.3018181818,0.8852939044,0.5159900941,-9.379868095,-11.25580596,1.45287641,1,0
23,0,3,-0.01545454545,0.7158490595,0.1434446797,-5.076054211,-5.823496709,1.42585926,1,1
23,0,4,0.6570833333,0.7301467688,0.04490411296,-3.742025443,-2.163186721,1.39044798,1,1
23,0,5,-0.3961111111,1.055550886,0.1318748723,-7.212420365,-1.687267714,1.34857193,1,1
23,0,6,0.910625,1.264621639,0.1309069353,-6.082799011,-4.178843226,1.30218687,1,1
23,0,7,0.4635,0.9006923726,0.2309701154,-5.611578966,-8.037670109,1.25308750,1,1
23,0,8,0.411,1.239723208,0.3023054626,0.7040047728,-11.1927231,1.20279639,1,0
23,0,9,1.409375,1.054711528,1.28637343,-19.68795457,-12.14799016,1.15252245,1,1
23,0,10,2.7975,1.058142582,1.311119187,-20.80415643,-10.61469,1.10316899,1,0
23,0,11,1.917368421,1.115529623,0.3349927492,-9.145012766,-7.465975913,1.05537052,1,1
23,0,12,0.2645,1.594092792,0.09892230541,-4.90262571,-4.137679382,1.00954103,1,1
23,0,13,1.572,1.290426409,0.2473201294,-9.971011192,-1.864198609,0.96592314,0,1
23,0,14,-0.3994444444,1.188200995,0.2136608724,-9.357115754,-1.156252645,0.92463189,0,1
23,0,15,-0.7235,1.15559357,0.008029265106,0.5931915901,-1.728773917,0.88569108,0,0
23,0,16,0.3031578947,1.245150593,0.01911256208,-0.08702784617,-2.818530086,0.84906184,0,1
23,0,17,0.3205263158,1.249682176,0.04889316525,-2.650503409,-3.649190061,0.81466419,0,1
23,0,18,-2.16,1.525047676,0.05363868361,-2.827450833,-3.784392599,0.78239296,0,1
23,0,19,4.266,3.021651204,0.03273856792,-1.787844644,-3.228672897,0.75212912,0,1
24,-12,0,18.74375,1.896358352,23.02305282,-96.57856703,-15.84948453,1.63291667,1,1
24,-12,1,5.87375,0.8031858694,6.74395303,-51.58091633,-12.04976924,1.62508257,1,1
24,-12,2,1.452727273,0.7204113839,0.479599321,13.90999024,-2.459078303,1.60223997,1,1
24,-12,3,7.434166667,0.8061259595,8.438901281,58.6512847,8.425520636,1.56622002,1,1
24,-12,4,10.48227273,0.9350813152,10.1445827,63.04230054,15.69302851,1.51964309,1,1
24,-12,5,4.566363636,0.9450966064,4.438244451,39.71542179,16.40715205,1.46544684,1,1
24,-12,6,5.476818182,0.8781706651,5.011094196,44.34864221,10.86455552,1.40646986,1,1
24,-12,7,3.089,0.9684191948,3.149448874,36.13398247,2.15586053,1.34517420,1,1
24,-12,8,0.7864285714,1.039593965,0.1815044492,6.648765836,-5.595348921,1.28351846,1,1
24,-12,9,2.45125,1.075567437,1.11704602,-19.4563493,-9.283957764,1.22294708,1,1
24,-12,10,0.5352941176,1.054303424,0.6640783388,-14.51350676,-8.102134728,1.16444843,1,1
24,-12,11,0.92625,1.154470974,0.04289742709,-2.331806373,-3.522774282,1.10864173,1,1
24,-12,12,-0.4515789474,1.049333122,0.1410774505,-7.448250676,1.793914237,1.05586654,1,1
24,-12,13,2.640625,1.336228046,0.165556196,6.265358476,5.442803415,1.00626160,1,1
24,-12,14,0.2985,1.094849647,0.4420468332,12.01092218,6.296754592,0.95982825,0,1
24,-12,17,2.189473684,1.266373344,0.0006612522101,-0.1911911024,-0.4884225949,0.83843003,0,1
24,-12,18,-0.98125,1.399450366,0.02114585113,-2.364551917,-1.790675752,0.80337295,0,1
24,-12,19,1.634444444,2.518115538,0.007981737155,-0.1869052696,-1.812685348,0.77071029,0,1
24,-12,20,-0.1642857143,2.300451154,0.01128970994,1.91977367,-1.005731728,0.74025810,0,1
24,-12,21,0.055,4.322557114,0.000778122834,-0.5688953885,-0.00959912873,0.71184094,0,1
24,-11,0,73.74235294,3.336122887,61.81564995,152.763225,48.80049709,1.63102999,1,1
24,-11,1,32.70268293,1.138608583,39.35851592,121.4680525,40.25451002,1.62322289,1,1
24,-11,2,9.164651163,0.6619660429,9.169583414,58.85859841,18.72497341,1.60045753,1,1
24,-11,3,0.4802222222,0.5258202293,0.6499317889,-15.46099364,-5.599869652,1.56455498,1,1
24,-11,4,9.186304348,0.6257712821,7.94274021,-53.24197362,-21.67555103,1.51812208,1,0
24,-11,5,11.46195652,0.6644518542,12.94990896,-69.68842759,-23.0492472,1.46408270,1,0
24,-11,6,10.5655814,0.7201997925,11.65878767,-68.82551509,-10.6596748,1.40526374,1,1
24,-11,7,0.7525581395,0.6334277274,1.160302107,-20.34890144,8.286138311,1.34411888,1,1
24,-11,8,8.212571429,0.7317828941,7.452357264,50.03350519,24.43694453,1.28260161,1,1
24,-11,9,21.08515152,1.244239387,17.96652861,80.71022436,30.99586895,1.22215392,1,1
24,-11,10,11.208,0.9026872354,11.1502393,62.7268681,26.53942749,1.16376368,1,1
24,-11,11,5.9821875,0.8731463625,3.438457893,34.8049518,14.80434086,1.10805074,1,0
24,-11,12,0.9952777778,0.8677891528,0.3534624457,11.95561304,2.029678902,1.05535595,1,1
24,-11,13,-1.157105263,0.9192224827,0.2545372873,-8.059163443,-6.399128661,1.00581962,1,1
24,-11,14,0.3713157895,0.8266346082,0.8537018171,-16.95962729,-8.21884456,0.95944465,0,1
24,-11,15,-0.1243243243,0.8747642789,0.2315561835,-8.676979327,-4.587790284,0.91614455,0,0
24,-11,16,-1.007692308,0.8085481018,0.004032502826,-0.1476496069,1.286818631,0.87577821,0,1
24,-11,17,0.3805263158,0.9090874348,0.2577946152,8.347943903,6.129110095,0.83817431,0,1
24,-11,18,-0.7566666667,0.9959519997,0.4414568148,10.88256825,8.076856082,0.80314797,0,1
24,-11,19,-0.5733333333,1.374063198,0.2442142141,7.161398651,7.093551261,0.77051165,0,1
24,-11,20,1.336428571,1.55853411,0.07255914305,3.262861791,4.420588291,0.74008208,0,1
24,-11,21,-1.22,5.71048451,0.01320146532,1.69677973,1.616583448,0.71168442,0,1
24,-10,0,11.401,1.070696994,11.1553811,-66.76648085,-13.54169296,1.62540896,1,1
24,-10,1,3.556842105,0.7535004236,4.754452503,-43.17086349,-10.693114,1.61768192,1,1
24,-10,2,0.6671428571,0.5298985378,0.1155993321,-5.986513814,-3.500882073,1.59514568,1,1
24,-10,3,2.979772727,0.6545256734,3.783801881,39.40080026,4.669984225,1.55959155,1,1
24,-10,4,2.487391304,0.5309610718,2.368792891,29.70809069,10.14661329,1.51358632,1,1
24,-10,5,4.959375,0.5899596096,6.198346357,49.63400312,10.73576638,1.46001299,1,1
24,-10,6,2.878863636,0.5757587968,4.839379651,44.37347202,6.66293009,1.40166391,1,1
24,-10,7,1.176818182,0.6760989623,0.6266029369,16.14426718,0.2401029953,1.34096777,1,0
24,-10,8,0.8179411765,0.7054051287,0.5327251101,-13.85248053,-5.454025673,1.27986280,1,1
24,-10,9,1.256190476,0.6263213244,0.6439517291,-14.21912324,-8.10736855,1.21978368,1,1
24,-10,10,0.5921212121,0.7559638837,0.2014008021,-5.745403305,-7.126158534,1.16171663,1,1
24,-10,11,-0.4492307692,0.8120035188,0.2879755122,-10.33092295,-3.61701534,1.10628340,1,1
24,-10,12,1.385526316,0.7427031466,0.04246064716,4.180629717,0.433445123,1.05382862,1,0
24,-10,13,-0.1885365854,0.7395068034,0.0332997853,-1.840614363,3.235173503,1.00449716,1,1
24,-10,14,1.096341463,0.9521138713,0.1556800787,7.009694131,3.953998596,0.95829661,0,1
24,-10,15,-0.04545454545,0.7694757732,0.09083253836,5.443891898,2.855602122,0.91514488,0,1
24,-10,16,-0.2168292683,0.7913376201,0.0869426679,5.945488086,0.907321761,0.87490481,0,1
24,-10,17,-0.2185,0.852675715,0.002246805453,0.4810125925,-0.8386888798,0.83740856,0,1
24,-10,18,1.129705882,1.068356517,0.02017016468,-2.322366548,-1.731562754,0.80247419,0,1
24,-10,19,0.8358823529,1.381772469,0.006897163883,-0.1766440711,-1.684733613,0.76991666,0,1
24,-10,20,1.663636364,2.058592755,0.002714811266,-0.2439419897,-1.034396409,0.73955478,0,1
24,-10,21,-0.0775,4.828577042,0.0001541705463,-0.001640970668,-0.2532571629,0.71121549,0,1
24,-9,0,40.658,1.948168317,41.55047652,126.7529001,34.93665548,1.61616836,1,1
24,-9,1,19.27619048,0.8251156725,17.58030132,80.70860699,28.28987517,1.60857175,1,1
24,-9,2,1.854,0.576530605,1.616695004,23.21265359,11.56678734,1.58640893,1,1
24,-9,3,2.135454545,0.5446346584,2.406906836,-30.80011661,-7.261841783,1.55142313,1,1
24,-9,4,4.10173913,0.5477730737,4.329292908,-37.65531362,-19.57697573,1.50611624,1,1
24,-9,5,13.73604651,0.7478036707,11.19634246,-65.13629846,-20.38246318,1.45330493,1,1
24,-9,6,5.276904762,0.7002076586,5.978435437,-48.75899577,-10.48133772,1.39572519,1,1
24,-9,7,0.297804878,0.5843159792,0.1707836435,7.167341736,4.436540498,1.33576482,1,1
24,-9,8,7.6715625,0.7640014674,7.276054084,52.31000989,17.05370078,1.27533685,1,1
24,-9,9,9.72275,0.7875091361,8.032450897,53.41361584,22.10987545,1.21586374,1,1
24,-9,10,3.459473684,0.7575515463,3.438819588,32.94491804,18.58321917,1.15832877,1,1
24,-9,11,2.015,0.7205655162,1.514110125,23.24019043,9.477947036,1.10335655,1,1
24,-9,12,0.3304878049,0.8563614856,0.004940148859,-1.402698168,-0.2962465707,1.05129774,1,1
24,-9,13,0.1819512195,0.7192401305,0.3199922739,-9.489703181,-6.563285439,1.00230460,1,1
24,-9,14,1.563809524,0.7676083914,0.6951692319,-15.19642628,-7.634808708,0.95639232,0,1
24,-9,15,0.385952381,0.8422054353,0.211898118,-8.239248866,-4.502657928,0.91348599,0,1
24,-9,16,-0.2020930233,0.7807432218,0.01244722859,-2.259098464,0.2740095215,0.87345494,0,1
24,-9,17,-1.175142857,0.9006569484,0.2174596753,8.566118053,4.134565254,0.83613696,0,1
24,-9,18,1.200645161,1.301918182,0.317409804,9.997795408,5.66576081,0.80135498,0,1
24,-9,19,0.5847058824,1.57341543,0.09934241142,4.166588003,4.895963331,0.76892805,0,1
24,-9,20,0.7258333333,1.839778255,0.02127873763,0.8928156943,2.838272769,0.73867845,0,1
24,-9,21,-2.232,2.761007787,0.007389901409,1.59686911,0.7242516821,0.71043598,0,1
24,-8,0,1.655555556,0.9003968705,1.770480108,-26.40456319,-6.276816128,1.60349233,1,1
24,-8,1,1.638181818,0.6134022261,1.09884617,-20.53710588,-5.949514704,1.59607225,1,1
24,-8,2,1.173414634,0.5770969832,1.553124292,-24.89979959,-5.115619197,1.57441519,1,1
24,-8,3,0.5184090909,0.5625930924,0.5444965302,-14.47012616,-4.141316477,1.54019999,1,1
24,-8,4,-0.8204347826,0.5127711602,0.1335402575,6.621893267,-3.421883193,1.49584152,1,1
24,-8,5,0.7304545455,0.617912666,0.1420868932,6.99675587,-3.18746722,1.44406709,1,1
24,-8,6,0.62225,0.6035653139,0.7921647609,17.83154038,-3.407689467,1.38753638,1,1
24,-8,7,-0.8647619048,0.6650062864,0.04385823433,-1.877010159,-3.837164514,1.32858139,1,1
24,-8,8,1.988235294,0.723637015,1.524590384,-24.83881294,-4.163119259,1.26908042,1,1
24,-8,9,0.6817948718,0.6569756679,0.8862742715,-18.74510744,-4.165443198,1.21043878,1,1
24,-8,10,-0.3441463415,0.6579580566,0.04276043427,1.819947867,-3.805003836,1.15363517,1,1
24,-8,11,0.03318181818,0.7984127206,0.06904134763,4.293790454,-3.207439835,1.09929771,1,1
24,-8,12,0.59975,0.8424279995,0.3359752621,-11.54003772,-2.570671846,1.04778495,1,1
24,-8,13,-0.09880952381,0.827516554,0.01229110874,-0.9354316738,-2.058791342,0.99925900,0,1
24,-8,14,-1.19974359,0.858938356,0.03240468754,-3.234141022,-1.738430253,0.95374529,0,1
24,-8,15,-0.4967567568,0.90341154,0.09152133646,-5.965379883,-1.578365078,0.91117864,0,1
24,-8,16,1.045853659,0.9135297381,0.00537717308,-0.04012924291,-1.495170747,0.87143717,0,1
24,-8,17,1.78969697,1.133353622,0.005447994553,0.5307676607,-1.408863559,0.83436642,0,1
24,-8,18,-0.02344827586,1.047253755,0.01910558313,-2.513037314,-1.278055395,0.79979592,0,1
24,-8,19,0.9441176471,1.402632843,0.01535585896,-2.273628761,-1.10423749,0.76755038,0,1
24,-8,20,0.765,2.133156373,0.003663978602,0.8299835858,-0.9140608221,0.73745681,0,1
24,-8,21,-1.2375,2.805167107,0.002709980057,-0.7647810369,-0.7366027357,0.70934897,0,1
24,-7,0,7.014736842,1.124854342,7.15763606,52.76104981,13.93449829,1.58762451,1,1
24,-7,1,3.184888889,0.5273360022,2.252091358,28.78111674,10.4220269,1.58042156,1,1
24,-7,2,-0.4127906977,0.5219219026,0.08171159977,-5.599903007,1.62381895,1.55938704,1,1
24,-7,3,2.636,0.591773776,2.123757809,-28.58157394,-8.1653185,1.52612183,1,1
24,-7,4,3.6425,0.5257996968,4.360203819,-40.10428764,-14.34179433,1.48293503,1,1
24,-7,5,3.739772727,0.5792169746,2.559174728,-29.32429124,-14.31145576,1.43244472,1,1
24,-7,6,1.344545455,0.583086982,1.317396971,-21.76065722,-8.635404264,1.37721666,1,1
24,-7,7,-0.7602272727,0.5576834187,0.07653932932,5.622993766,-0.4751269063,1.31951360,1,1
24,-7,8,4.397777778,0.6806958472,3.181260751,35.8440289,6.225205859,1.26117013,1,1
24,-7,9,4.126904762,0.6814975898,3.829479938,38.94656082,8.74078608,1.20356936,1,1
24,-7,10,0.981,0.785749177,0.4027422372,11.07821275,6.695677117,1.14768355,1,1
24,-7,11,1.3,0.6940773923,0.6385751223,-16.19281867,1.862418724,1.09414442,1,0
24,-7,12,0.6512195122,0.7565680853,0.3134279308,-11.00212375,-3.058331778,1.04331982,1,1
24,-7,13,0.3111904762,0.8314863063,0.2763628939,-8.963333566,-5.885409815,0.99538373,0,1
24,-7,14,1.075405405,0.7865458787,0.2576116316,-8.532253429,-5.863333525,0.95037405,0,0
24,-7,15,-0.3244117647,0.9109287137,0.07840856366,-4.361730018,-3.687384072,0.90823758,0,1
24,-7,16,0.08476190476,0.7990083139,0.005374281637,-1.24353331,-0.8304022239,0.86886333,0,0
24,-7,17,-1.969189189,0.9107048864,0.02585788275,2.997145115,1.332352699,0.83210644,0,0
24,-7,18,-0.43,1.023289521,0.04592045973,3.821306509,2.121931609,0.79780473,0,1
24,-7,20,1.84875,3.056033516,0.001349724653,0.4802137765,0.5752746371,0.73589500,0,1
24,-7,21,1.34,5.628510756,0.0005604036713,0.1772443078,-0.4491520844,0.70795869,0,1
24,-6,0,0.2185,0.9760719546,0.09480695523,-1.980014571,5.960159478,1.56885559,1,1
24,-6,1,-0.7806976744,0.5400075258,0.1107063072,6.054203277,3.066826878,1.56190397,1,1
24,-6,2,0.8231111111,0.5150786762,0.4682545435,-13.30379671,-4.221841979,1.54159080,1,1
24,-6,3,2.150869565,0.5257227899,3.053199573,-33.39741163,-12.44513081,1.50942835,1,1
24,-6,4,9.662444444,0.6473357745,8.153908464,-55.45045578,-17.82244977,1.46760504,1,1
24,-6,5,1.15952381,0.5752084311,2.632508693,-27.70957954,-18.09478525,1.41861355,1,1
24,-6,6,2.545909091,0.5673968214,2.269478376,-27.60319224,-13.50069944,1.36491096,1,1
24,-6,7,1.800243902,0.6352000345,1.122231795,-20.62441199,-6.44457489,1.30867888,1,1
24,-6,8,0.9830555556,0.6969299821,0.008084811762,-1.828842031,-0.1377760925,1.25169994,1,0
24,-6,9,-0.5708108108,0.6753465685,0.06003584083,4.000346836,2.995803058,1.19533013,1,1
24,-6,10,0.06461538462,0.693390369,0.02462322331,-2.200728314,2.324040355,1.14053293,1,1
24,-6,11,1.229736842,0.738017249,0.176266294,-8.505515671,-0.9954454284,1.08794329,1,1
24,-6,12,-0.3313888889,0.9139672073,0.09866132949,4.168141205,-4.865608974,1.03793919,1,1
24,-6,13,1.153076923,0.8579004244,0.5572729339,-13.31516753,-7.386266021,0.99070795,0,1
24,-6,14,1.113125,0.8946632681,0.564203529,-13.26266205,-7.670452827,0.94630178,0,1
24,-6,15,0.9378125,0.893219576,0.3463166769,-10.38900708,-6.012640868,0.90468132,0,1
24,-6,16,1.101333333,0.9685372132,0.07138566197,-4.20110203,-3.471366981,0.86574828,0,1
24,-6,17,-0.9505405405,0.8775279043,0.04842489955,-4.324140792,-1.203637505,0.82936903,0,1
24,-6,18,-1.137419355,1.157677966,0.009820007978,-2.020029371,0.07103841674,0.79539112,0,1
24,-6,19,-0.096875,1.407877114,0.006218790577,1.587526007,0.2589552816,0.76365462,0,1
24,-6,21,17.515,12.525,0.003264479652,-0.6906202943,-0.9387299993,0.70627051,0,1
24,-5,0,-0.2136363636,0.7253520092,0.05838675095,-0.5916867871,-4.892997234,1.54750962,1,1
24,-5,1,0.098,0.5563539963,0.4397392212,-12.52740186,-5.100539406,1.54083672,1,1
24,-5,2,1.355681818,0.5113162099,0.8548812561,-18.02188505,-5.55704261,1.52132431,1,1
24,-5,3,1.054583333,0.4958289566,1.408698046,-23.48519033,-5.876018977,1.49038862,1,1
24,-5,4,-0.2186666667,0.5335459425,0.2876229915,-9.329579203,-5.711659688,1.45008648,1,1
24,-5,5,1.122857143,0.624059086,0.7125040433,-16.47652054,-4.99579906,1.40277294,1,1
24,-5,6,-0.6457142857,0.5857190766,0.0821441415,-4.267566825,-3.995438885,1.35078457,1,1
24,-5,7,0.9977777778,0.6348193458,0.2857775826,10.43738996,-3.15550665,1.29621193,1,1
24,-5,8,0.7485294118,0.7978748659,0.2224342726,9.193949613,-2.830892991,1.24077827,1,1
24,-5,9,-1.589310345,0.8831792842,0.06521247339,-4.201918061,-3.078182487,1.18580762,1,1
24,-5,10,-0.4529411765,0.7631810023,0.411125501,-12.56412266,-3.631738795,1.13225208,1,0
24,-5,11,-0.9439473684,0.782085382,0.1859457389,-7.7983904,-4.06778812,1.08074887,1,1
24,-5,12,-0.003243243243,0.7671205874,0.6630846057,-16.10896336,-4.046520402,1.03168632,1,1
24,-5,13,-0.05,0.7766799534,0.1234410199,-6.261222644,-3.486274346,0.98526607,0,1
24,-5,14,-1.725517241,0.9747603705,0.01658036617,0.495238076,-2.579325012,0.94155593,0,1
24,-5,15,0.3696551724,1.033567699,0.007911983317,0.7305926898,-1.660715309,0.90053185,0,1
24,-5,16,1.258947368,1.037258381,0.03621424007,-3.744497414,-1.022493153,0.86210970,0,1
24,-5,17,-0.9597058824,1.044147469,0.00864724463,-1.728463012,-0.7810623651,0.82616847,0,1
24,-5,18,-0.1903333333,1.022524708,0.002764289903,0.6443059553,-0.8572857166,0.79256672,0,1
24,-5,20,-0.035,2.378813897,0.01164703442,-1.853101782,-1.188151547,0.73177819,0,1
24,-5,21,3.18,5.52,0.003321830032,-0.2468690925,-1.149385223,0.70429087,0,1
24,-4,0,6.979090909,1.135808332,6.669820233,48.32973366,20.95667277,1.52393013,1,1
24,-4,1,4.836097561,0.5801638776,3.968828937,37.67450037,15.22640521,1.51755639,1,1
24,-4,2,-0.1288636364,0.5055977969,0.2030365208,-9.157355251,0.7843289944,1.49890454,1,1
24,-4,3,5.75125,0.5632647964,7.013768687,-51.7357706,-15.5387696,1.46929024,1,1
24,-4,4,11.09545455,0.8068197987,11.20629824,-63.0139341,-26.29768708,1.43063188,1,1
24,-4,5,9.855,0.6660350874,11.25028232,-62.83113336,-27.07161372,1.38513850,1,1
24,-4,6,2.967954545,0.6009874344,4.530578188,-39.33603615,-18.37391126,1.33501748,1,1
24,-4,7,0.0690625,0.7330027394,0.3005526312,-10.01866284,-4.966871374,1.28226041,1,1
24,-4,8,0.2811428571,0.7138036087,0.7209981246,15.91020228,6.843472859,1.22852474,1,1
24,-4,9,2.692666667,0.7802905344,1.406966791,20.80431992,12.35077959,1.17509792,1,1
24,-4,10,-0.8791666667,0.7683826939,0.484480287,9.666949474,10.39786919,1.12291777,1,1
24,-4,11,-1.09525,0.7242284688,0.04350190239,2.648939392,3.32894407,1.07262237,1,1
24,-4,12,0.3189189189,0.8425436769,0.1713660302,-7.003503831,-4.716663264,1.02461002,1,1
24,-4,13,-0.2734210526,0.8188082688,0.4865545774,-10.07896291,-10.04206656,0.97909705,0,1
24,-4,14,2.223142857,0.9591430674,1.159049394,-19.02331145,-10.96951752,0.93616769,0,1
24,-4,15,1.799722222,0.8851233174,0.8956016464,-17.50755607,-8.12994822,0.89581423,0,1
24,-4,16,1.437297297,0.9347396619,0.08543870701,-4.742174089,-3.613603586,0.85796782,0,1
24,-4,17,-0.4022857143,0.9782591368,0.001026773037,0.5582624099,0.3398924231,0.82252117,0,1
24,-4,18,-0.03206896552,1.460697028,0.01793593923,1.354612276,2.372168467,0.78934489,0,1
24,-4,19,-0.4993333333,1.477784528,0.03167765293,2.770975002,2.345426682,0.75829888,0,1
24,-4,20,1.53,2.339063203,0.01872122443,2.594895626,1.027320939,0.72924000,0,1
24,-3,0,-0.3913043478,0.7343604396,0.8599660479,-11.60648694,-14.9356629,1.49846710,1,1
24,-3,1,2.134390244,0.5572221006,2.708617093,-31.065322,-12.72212008,1.49240628,1,1
24,-3,2,0.8815217391,0.5592062151,0.9542350577,-18.62144332,-7.088481038,1.47465577,1,1
24,-3,3,-0.5815909091,0.5664512451,0.001396750454,-0.5211688725,-0.5563218803,1.44642894,1,1
24,-3,4,0.8486666667,0.5386324247,0.05734652095,2.699511247,4.070794975,1.40950255,1,1
24,-3,5,-0.3148837209,0.5450019227,0.06229781526,0.806683833,5.026724091,1.36593496,1,1
24,-3,6,0.378,0.6164448982,0.2477086615,9.882475322,2.32263406,1.31779871,1,1
24,-3,7,0.605,0.7459617088,0.164610394,7.913657358,-2.420610851,1.26698058,1,1
24,-3,8,0.6795,0.6740705175,1.039885377,-19.62722228,-6.885582524,1.21506686,1,1
24,-3,9,3.971935484,0.8082947325,2.920813312,-33.62587473,-9.191860122,1.16330415,1,1
24,-3,10,1.154444444,0.8648761215,1.17698404,-20.35805411,-8.673404488,1.11261294,1,1
24,-3,11,0.1086842105,0.792538207,0.1138856012,-3.415350672,-5.976362903,1.06363030,1,0
24,-3,12,-1.008421053,0.8518530154,0.04066191074,3.236248041,-2.538480421,1.01676360,1,1
24,-3,13,0.05487179487,0.8031357128,0.0226502468,3.063593199,0.1947264866,0.97224366,0,1
24,-3,14,0.3194594595,0.8784947324,0.02985512186,3.235290203,1.397845186,0.93017143,0,1
24,-3,15,0.5141935484,0.9994320725,0.04396789956,4.139218713,1.076797456,0.89055618,0,1
24,-3,16,0.4186486486,0.9164960662,0.05008139615,-4.562482338,-0.1409569063,0.85334508,0,1
24,-3,18,0.4175,1.174465082,0.01956205554,-1.799885225,-2.213392953,0.78574056,0,1
24,-3,19,-2.062,2.290372022,0.02742049571,-2.506167219,-2.26435106,0.75510164,0,1
24,-3,20,-2.67,4.07482515,0.02979172295,-3.050725371,-1.757205671,0.72639507,0,0
24,-2,0,14.46,1.007229632,15.4070857,72.5932859,33.76767166,1.47146548,1,1
24,-2,1,9.46275,0.7783792322,9.990076967,58.77903099,26.48295647,1.46572519,1,1
24,-2,2,-0.03541666667,0.593832214,0.1812790101,3.05967587,8.127644643,1.44889919,1,1
24,-2,3,5.433043478,0.669639738,4.954747189,-43.61565473,-12.61239091,1.42209925,1,1
24,-2,4,11.82533333,0.7908966016,11.06548853,-62.54839485,-26.29523461,1.38696054,1,1
24,-2,5,7.465121951,0.6564382559,6.04750244,-42.04200199,-27.35878576,1.34538947,1,1
24,-2,6,1.595151515,0.6915511661,1.732175847,-21.15296695,-16.52921873,1.29932095,1,1
24,-2,7,0.5102941176,0.7866750678,0.000399252491,-0.3969111044,0.09256659024,1.25053307,1,1
24,-2,8,0.4291428571,0.7342125589,2.058204977,25.4127194,14.50860299,1.20053680,1,1
24,-2,9,6.9115625,0.8562915706,4.504128211,37.94981866,20.82621516,1.15053405,1,1
24,-2,10,3.99027027,0.8215807738,3.42425342,33.33651348,17.70085724,1.10142488,1,0
24,-2,11,1.52225,0.9122046756,0.5313601087,12.39204911,8.216254,1.05384313,1,1
24,-2,12,-0.3328205128,0.8320866206,0.03568411588,-3.066191824,-2.333380662,1.00820386,1,1
24,-2,13,1.43972973,0.8375778149,1.137571244,-19.66788965,-9.298114479,0.96475171,0,0
24,-2,14,2.675263158,0.8610336288,1.37624022,-21.43087619,-10.64403089,0.92360420,0,1
24,-2,15,-0.6413888889,0.8675407807,0.5314426592,-12.97313527,-7.266485867,0.88478772,0,1
24,-2,16,-0.5113888889,1.071548513,0.008537650688,-0.2728031461,-1.864839198,0.84826588,0,0
24,-2,17,-0.6921052632,0.9013251248,0.08427993581,5.251420926,2.736205999,0.81396103,0,1
24,-2,20,2.925,11.825,0.03371830595,2.807616367,2.479036624,0.72325451,0,0
24,-1,0,2.536666667,0.8058938222,2.544643263,-28.80000902,-15.14085731,1.44325586,1,1
24,-1,1,3.003846154,0.5989547368,1.571421943,-22.54981884,-12.05354287,1.43783822,1,1
24,-1,2,-0.1019565217,0.5122658071,0.2238802332,-8.665106958,-4.249725953,1.42194419,1,1
24,-1,3,0.8863829787,0.5141951919,0.4797587813,13.34407807,4.640777688,1.39658655,1,0
24,-1,4,0.5004166667,0.5067255568,1.077485029,18.30317429,10.64312259,1.36326173,1,1
24,-1,5,0.8811904762,0.5816230516,0.5427997759,9.83573605,11.36166464,1.32372579,1,1
24,-1,6,1.05625,0.7049655033,0.2169208442,6.418073585,7.004081797,1.27977574,1,0
24,-1,7,-0.5497222222,0.7007171481,0.00593862774,-1.571225861,0.04456017429,1.23307903,1,1
24,-1,8,1.920645161,0.8376750898,1.002886319,-19.46841502,-6.182769978,1.18506835,1,1
24,-1,9,2.76027027,0.8658528305,1.64480384,-24.51099307,-9.139125505,1.13689761,1,1
24,-1,10,-0.2976315789,0.74777977,0.8746722638,-17.25726392,-8.129566699,1.08944340,1,1
24,-1,11,0.8318421053,0.756657616,0.2115623918,-8.331354042,-4.313700603,1.04333389,1,1
24,-1,12,0.0002564102564,0.8737218146,0.009487976757,1.980379438,0.1597575456,0.99899009,0,1
24,-1,13,-1.277894737,0.808608805,0.5298995985,14.47259547,3.317537231,0.95666932,0,1
24,-1,14,-0.06558823529,0.954320898,0.5284117141,14.21844743,4.204616344,0.91650507,0,1
24,-1,15,-0.02763157895,0.9785611141,0.04287720836,2.901845867,3.068898543,0.87854065,0,1
24,-1,16,0.0675,0.8443218803,0.0172500671,-2.505047073,0.949496261,0.84275621,0,1
24,-1,17,0.02142857143,0.9115767905,0.05105021139,-4.50076061,-0.9911299613,0.80908938,0,0
24,-1,18,-2.137619048,1.24796233,0.03813242132,-3.438549459,-2.01026875,0.77745083,0,1
24,-1,19,2.097777778,1.960591999,0.02676429048,-2.68371466,-1.983135037,0.74773545,0,1
24,-1,20,-2.63,5.51,0.007666256565,-1.262104905,-1.263565922,0.71983032,0,1
24,0,0,15.68666667,1.904621705,14.54855643,67.43395833,38.80096996,1.41414732,1,1
24,0,1,9.4555,0.9964498759,10.22446965,57.02797546,31.64884489,1.40904977,1,1
24,0,2,0.34625,0.7460414403,1.146678207,17.05625976,13.64381638,1.39408163,1,1
24,0,3,0.6941666667,0.8167820645,1.357937347,-22.81708109,-6.659117047,1.37016092,1,1
24,0,4,1.746956522,0.7310610669,2.724175741,-27.08308894,-19.99714882,1.33865026,1,1
24,0,5,1.233,0.8155209991,1.283744624,-9.692896293,-20.97959199,1.30115936,1,1
24,0,6,0.001764705882,1.069873287,0.5597453746,-11.13708296,-10.43286354,1.25934932,1,1
24,0,7,0.41,1.03427029,0.07521995444,0.6228291555,5.559403655,1.21477676,1,0
24,0,8,4.330625,1.132602093,4.10049929,36.60255093,19.13754032,1.16879422,1,1
24,0,9,11.0295,1.209614195,9.135175239,56.52029042,24.61911165,1.12250493,1,1
24,0,10,1.992105263,1.243415542,4.70222478,39.00409063,20.85708448,1.07675919,1,1
24,0,11,0.1642105263,1.067254037,0.9392594608,16.39896594,11.03848307,1.03217693,1,1
24,0,12,-0.504,1.18961502,0.009089991169,1.896881065,0.4285878042,0.98918306,0,1
24,0,13,0.7207142857,1.305566184,0.664737033,-15.32421668,-6.459790648,0.94804612,0,1
24,0,14,0.6686666667,1.283736214,1.071303954,-19.6315771,-7.76606869,0.90891459,0,1
24,0,15,0.3722222222,1.264132211,0.2989164941,-10.19751094,-4.513699171,0.87184817,0,1
24,0,16,-1.496315789,1.48468344,0.06897379759,5.326946203,0.5655502154,0.83684328,0,1
24,0,17,1.296875,1.376728459,0.2813862499,9.741260537,4.709265607,0.80385286,0,1
24,0,18,-1.454,2.553251174,0.2309345745,7.450392457,6.369523126,0.77280145,0,1
24,0,19,0.57,4.51,0.1760751216,6.518207531,5.546903883,0.74359629,0,1
25,-12,0,4.281666667,0.7526209989,3.893800427,-36.32245866,-17.33998718,1.56718214,1,1
25,-12,1,2.996486486,0.5968481863,3.91817205,-37.47106652,-15.03512632,1.56025265,1,1
25,-12,2,1.689047619,0.552133514,2.982773037,-33.9942417,-9.239010141,1.54000300,1,1
25,-12,3,1.444166667,0.5514476301,0.8748257397,-18.88343862,-2.71709615,1.50793778,1,1
25,-12,4,0.6157777778,0.5308459124,0.005888777053,0.1676569554,1.556241412,1.46623486,1,1
25,-12,5,-0.3115217391,0.5188229867,0.1580618101,7.886878051,1.886260514,1.41737595,1,1
25,-12,6,-0.4576086957,0.5330941887,0.01187042951,-1.727540706,-1.397939852,1.36380855,1,1
25,-12,7,0.1668292683,0.6186331746,0.6269423273,-14.87691023,-6.285996828,1.30770709,1,0
25,-12,8,1.229655172,0.9113780616,1.528297163,-23.0415872,-10.24332156,1.25084955,1,1
25,-12,9,1.413235294,0.7943659363,1.854546934,-25.28572796,-11.49812687,1.19458947,1,1
25,-12,10,3.3675,0.8138755106,1.912195902,-26.45557597,-9.78069651,1.13988948,1,1
25,-12,11,1.843428571,0.7754589425,0.8201631082,-17.39586611,-6.213581423,1.08738477,1,1
25,-12,12,0.4557142857,0.8331443211,0.07483274436,-4.9679151,-2.540395227,1.03745416,1,1
25,-12,13,-0.1447222222,0.875336986,9.56103249e-05,-0.04330657632,-0.1946862529,0.99028614,0,1
25,-12,14,-0.814137931,1.17520688,0.0002471964477,0.1224343232,0.2964029014,0.94593416,0,1
25,-12,15,-0.8090625,1.04779861,0.02067441119,-2.859165419,-0.6531908546,0.90436009,0,1
25,-12,16,0.2746153846,0.850667101,0.03506392102,-3.184681835,-2.108546956,0.86546676,0,1
25,-12,17,-0.3452941176,0.9453614676,0.06973675888,-4.350699823,-3.175695226,0.82912151,0,1
25,-12,18,-0.0332,1.138070718,0.0758592163,-4.474913494,-3.396468177,0.79517279,0,1
25,-12,19,0.6261538462,1.560717859,0.0527274019,-3.732141642,-2.829856911,0.76346139,0,1
25,-12,20,4.251666667,2.178387934,0.02201608463,-2.380565881,-1.868846646,0.73382793,0,1
25,-12,21,5.223333333,5.17759704,0.003859615795,-0.8288657074,-0.9585173198,0.70611764,0,1
25,-11,0,-0.239047619,0.7525658302,0.0706602989,-2.920245412,-4.568372801,1.56385125,1,1
25,-11,1,-0.2754761905,0.5246024842,0.2532388988,-9.633853733,-3.542264425,1.55696566,1,1
25,-11,2,0.2658695652,0.5174465626,0.3940826276,-12.7630719,-1.029610716,1.53684208,1,1
25,-11,3,1.489111111,0.5865512819,0.8077946285,-18.26256512,1.599257037,1.50496985,1,1
25,-11,4,0.5134782609,0.5410397235,0.02692310298,-1.577188415,2.951897491,1.46350597,1,1
25,-11,5,0.08673913043,0.5286429554,0.192071547,8.615345631,2.384580557,1.41491042,1,1
25,-11,6,1.348888889,0.569396605,2.100945197,29.56328689,0.3158964352,1.36161171,1,0
25,-11,7,2.197954545,0.7968393285,1.205894932,22.30282139,-2.071401038,1.30576998,1,1
25,-11,8,-0.1894444444,0.7551550818,0.1839411239,-8.005200104,-3.527683978,1.24915396,1,1
25,-11,9,2.393333333,0.8618591937,1.494298977,-24.70007268,-3.406172593,1.19311228,1,1
25,-11,10,0.5429032258,0.8153001018,0.4676656948,-13.81400264,-1.934761029,1.13860585,1,1
25,-11,11,-0.3637142857,0.9637631152,0.006657319394,1.664200269,0.0134849307,1.08627029,1,1
25,-11,12,0.2955555556,0.9510167028,0.01012440321,-1.442874748,1.459561471,1.03648613,1,1
25,-11,13,0.0827027027,0.8934735543,0.111700853,6.566762852,1.830356757,0.98944413,0,0
25,-11,14,0.4815625,0.8620259461,0.03946729609,3.87846742,1.173738158,0.94520022,0,1
25,-11,15,-0.1055172414,1.086586668,0.001847228982,0.8765148933,0.01587465077,0.90371866,0,1
25,-11,16,-0.5813888889,0.8762953375,0.02973238485,-3.373361647,-0.9952089936,0.86490452,0,1
25,-11,17,0.6880555556,0.9200764864,0.01568443083,-2.116569235,-1.430231985,0.82862714,0,1
25,-11,18,-1.720666667,1.020662094,0.007988607265,-1.343928005,-1.231859385,0.79473666,0,1
25,-11,19,-2.630625,1.534176073,0.002967178982,-0.9031059671,-0.6472090548,0.76307536,0,1
25,-11,21,7.87,4.820793503,0.0007335923876,0.4226354531,0.3557902627,0.70581219,0,1
25,-10,0,8.2435,0.9833969791,10.83655585,-62.52356362,-24.48057923,1.55725269,1,0
25,-10,1,8.168,0.6985296679,7.433870233,-51.47165715,-21.05927286,1.55045351,1,1
25,-10,2,1.46804878,0.6183545454,2.3800325,-28.91999346,-12.40300668,1.53057818,1,1
25,-10,3,0.08181818182,0.7122599201,0.07419120663,4.955424146,-2.512100978,1.49908617,1,1
25,-10,4,0.3128888889,0.535247168,0.2130183649,8.406108712,4.238226009,1.45809361,1,1
25,-10,5,-0.4853333333,0.6135193723,0.07436527193,1.916148284,5.221845893,1.41001773,1,1
25,-10,6,0.5944186047,0.5688450056,1.384966537,-23.99446846,0.6883833293,1.35724969,1,1
25,-10,7,4.218684211,0.6619862318,3.635929927,-38.32661245,-6.616736847,1.30192145,1,1
25,-10,8,2.513428571,0.7668573808,3.095809529,-33.44556075,-13.01501092,1.24578338,1,1
25,-10,9,1.877575758,0.7897496763,2.231458218,-26.09577701,-15.7288726,1.19017425,1,1
25,-10,10,2.182195122,0.7075746545,1.725303507,-22.82017039,-14.0372256,1.13605153,1,1
25,-10,11,2.5105,0.8638648213,1.530455908,-23.46734218,-9.274824148,1.08405159,1,1
25,-10,12,0.98,0.791432165,0.1486250655,-6.85208327,-3.857935808,1.03455818,1,1
25,-10,13,-0.106744186,0.7725842011,0.004633704072,-1.38834671,0.01796591535,0.98776654,0,1
25,-10,14,-0.3546875,0.8260467436,0.006107573348,0.9022304911,1.314155786,0.94373743,0,1
25,-10,15,0.05911764706,0.8246649209,0.0003232993841,0.1291943963,0.3432432036,0.90243988,0,1
25,-10,16,0.6845,0.8582479133,0.02294944113,-2.576869973,-1.705209998,0.86378334,0,1
25,-10,17,0.3908108108,0.8970928211,0.122420669,-6.206895617,-3.522350461,0.82764104,0,1
25,-10,18,1.254230769,1.126337995,0.1644144596,-7.070869839,-4.290292746,0.79386655,0,1
25,-10,19,-1.674666667,1.751656595,0.08616899858,-4.545403014,-3.897369826,0.76230505,0,1
25,-10,20,-0.07375,2.344400576,0.03802852356,-2.854771859,-2.769811243,0.73280091,0,1
25,-10,21,0.86,5.78,0.01726076411,-2.211852584,-1.512931779,0.70520248,0,1
25,-9,0,-0.4205555556,0.8613018237,0.313172197,6.823480465,9.150619529,1.54750962,1,1
25,-9,1,2.063125,0.5061697896,2.335447407,29.77427951,9.227322029,1.54083672,1,1
25,-9,2,2.874285714,0.5654021505,3.631996134,37.74471174,9.29572638,1.52132431,1,1
25,-9,3,0.8128888889,0.5927101445,1.148356531,19.91692067,9.004679453,1.49038862,1,0
25,-9,4,0.7019565217,0.5233123473,0.1609589564,-1.043664953,8.116460484,1.45008648,1,1
25,-9,5,0.3680952381,0.6368193903,2.035285649,28.30487999,6.753085617,1.40277294,1,1
25,-9,6,0.639047619,0.6003266445,1.846535212,27.18675895,5.396467457,1.35078457,1,1
25,-9,7,1.652894737,0.6764299335,0.4810306161,13.36937847,4.624942905,1.29621193,1,1
25,-9,8,-0.5035714286,0.660316313,0.409593688,12.15765222,4.754039782,1.24077827,1,1
25,-9,9,0.36875,0.6940817056,0.3482325599,10.64489928,5.618410019,1.18580762,1,1
25,-9,10,0.5778571429,0.7291031144,0.1952572749,6.094923419,6.639858389,1.13225208,1,1
25,-9,11,1.00225,0.6846897564,0.1617389061,4.03730728,7.140785071,1.08074887,1,1
25,-9,12,1.023571429,0.7059196973,1.088845763,20.19858103,6.710152642,1.03168632,1,1
25,-9,13,0.05613636364,0.8014171655,0.4025688779,11.75813604,5.40675518,0.98526607,0,1
25,-9,14,0.6536363636,0.9759843339,0.3644406586,11.74572104,3.696180102,0.94155593,0,0
25,-9,15,1.826285714,0.9800856664,0.1105904485,6.422807214,2.181318293,0.90053185,0,1
25,-9,16,-0.8234210526,0.9162203016,0.00425703162,-0.3022797789,1.296049232,0.86210970,0,1
25,-9,17,-0.55,1.035420468,0.02474551857,-3.003418411,1.129038026,0.82616847,0,1
25,-9,18,-0.94,1.262750112,0.01348275413,1.874481708,1.447670759,0.79256672,0,1
25,-9,20,0.3477777778,1.927374598,0.02276920591,2.263724197,2.085321748,0.73177819,0,1
25,-9,21,3.2375,3.131881423,0.01553577587,1.625319494,1.954972699,0.70429087,0,0
25,-8,0,7.873888889,1.049713979,7.896344449,-51.40949113,-25.34361389,1.53479885,1,1
25,-8,1,8.880666667,0.6261400072,8.103932683,-53.98173254,-21.39095932,1.52828834,1,1
25,-8,2,3.224,0.6088446087,2.533462946,-30.40711648,-11.37725066,1.50924294,1,1
25,-8,3,0.2937777778,0.5128929809,0.0242938449,3.177649029,0.0993936318,1.47902394,1,1
25,-8,4,1.930208333,0.5209411972,1.355012998,22.36063507,7.984257501,1.43961267,1,1
25,-8,5,-0.47,0.5238117799,0.2234884797,2.895715202,9.197613586,1.39328468,1,1
25,-8,6,-0.6164285714,0.5667581959,0.07019163438,-3.689505212,3.94847174,1.34230639,1,1
25,-8,7,0.068,0.6451650753,0.4588620402,-13.0071832,-4.660519068,1.28871479,1,1
25,-8,8,4.425128205,0.8278640118,4.50405003,-41.477274,-12.39044749,1.23419767,1,1
25,-8,9,7.724375,0.7800483258,5.69282343,-45.9733697,-15.96621252,1.18005953,1,1
25,-8,10,3.799285714,0.68645409,1.742193352,-22.72412616,-14.43762117,1.12724494,1,1
25,-8,11,1.19775,0.8388992702,0.2098208904,1.409918266,-9.236182146,1.07639185,1,1
25,-8,12,0.1468181818,0.8895778848,0.1643447248,-7.663949774,-3.104621261,1.02789412,1,1
25,-8,13,-0.4376744186,0.7139844702,0.07517541981,-5.4178663,1.386752143,0.98196147,0,1
25,-8,14,-0.62,0.8172983951,0.02413783351,1.170488407,2.944890758,0.93867066,0,0
25,-8,15,-1.138333333,0.9576067639,0.02215827558,2.422350567,1.830589322,0.89800654,0,0
25,-8,16,0.2789473684,1.071139818,0.001047704702,0.1614101816,-0.6401867268,0.85989325,0,1
25,-8,17,0.1021621622,1.003397766,0.04363284262,-3.073962325,-2.950251037,0.82421722,0,1
25,-8,18,0.4471428571,1.066392211,0.1057635252,-5.214965921,-4.099575002,0.79084352,0,1
25,-8,19,-0.09,2.063874872,0.1443073169,-6.701737747,-3.889093383,0.75962724,0,1
25,-8,20,-0.4566666667,1.93534442,0.05504161887,-3.908401217,-2.761193525,0.73042120,0,1
25,-8,21,0.73,4.938444424,0.01194573719,-1.732759401,-1.402679209,0.70308088,0,1
25,-7,0,2.537894737,0.8228480706,2.520209414,27.38431795,17.28061428,1.51934228,1,1
25,-7,1,7.305777778,0.6168328596,6.359625126,48.51598109,17.09063334,1.51302569,1,1
25,-7,2,13.354,0.786780834,13.32535462,72.61395502,16.46695362,1.49453837,1,0
25,-7,3,4.988636364,0.6207628117,6.889990796,51.29847556,15.33011918,1.46517708,1,1
25,-7,4,3.918478261,0.5706240306,3.815354714,37.39444947,13.74824939,1.42683409,1,1
25,-7,5,0.03720930233,0.6345377304,0.5542852204,9.251075868,12.04264024,1.38169075,1,1
25,-7,6,1.081666667,0.5756975952,0.9943612679,17.29407864,10.70578662,1.33192980,1,1
25,-7,7,1.952105263,0.6879849933,0.863555206,16.00741339,10.1508883,1.27952378,1,1
25,-7,8,0.4207894737,0.635538956,0.6688224503,13.00459127,10.44704911,1.22611731,1,1
25,-7,9,3.20375,0.7172706923,0.8812387655,15.51318288,11.22390886,1.17299059,1,1
25,-7,10,2.761190476,0.6862309148,2.072555669,26.87674437,11.82865225,1.12107845,1,1
25,-7,11,3.634736842,0.810519365,3.047926993,33.64822096,11.65641368,1.07101895,1,1
25,-7,12,1.303902439,0.777014367,0.7863304603,14.75368131,10.46316089,1.02321216,1,1
25,-7,13,1.132162162,0.8154575855,1.322811378,21.87258392,8.48169316,0.97787709,0,1
25,-7,14,0.8584615385,0.8302970493,0.6263586958,14.86964898,6.283863169,0.93510109,0,1
25,-7,15,0.708,0.8606101775,0.1666940366,7.019225941,4.481370984,0.89487957,0,1
25,-7,16,0.2694736842,0.8411723862,0.03034386702,0.8914588024,3.439435279,0.85714658,0,1
25,-7,17,-0.7662857143,0.9229356888,0.04335996474,2.84882425,3.150221654,0.82179749,0,1
25,-7,18,0.7329166667,1.225630196,0.09426639826,5.318597157,3.30629505,0.78870523,0,1
25,-7,19,0.5758333333,1.690298503,0.08592132616,4.845896313,3.502060275,0.75773171,0,1
25,-7,20,-1.818571429,2.079086338,0.06505932147,3.904827304,3.438012281,0.72873553,0,1
25,-6,0,5.0275,0.8941173021,4.509548465,-37.11872909,-22.32431398,1.50139666,1,1
25,-6,1,7.7,0.7172550087,6.203444974,-47.27170128,-18.6090961,1.49530037,1,1
25,-6,2,5.293478261,0.5656904793,4.917710753,-44.28623068,-9.204275696,1.47744762,1,1
25,-6,3,0.1952272727,0.5255258582,0.07517173924,-5.372823877,1.551640764,1.44906324,1,1
25,-6,4,1.496170213,0.5384600093,1.199205524,20.48925687,8.894593999,1.41193986,1,1
25,-6,5,3.401666667,0.6072175491,3.710102194,38.01212307,9.932166348,1.36815282,1,1
25,-6,6,0.874047619,0.6706667215,0.802496714,17.60827189,4.880932102,1.31978993,1,1
25,-6,7,0.492,0.6333267526,0.2925062994,-10.52208788,-3.313826619,1.26874990,1,1
25,-6,8,2.171860465,0.7112193961,1.905517502,-26.06640325,-10.64535724,1.21662722,1,1
25,-6,9,3.054482759,0.768210082,1.822229883,-23.69024928,-14.03216668,1.16467325,1,1
25,-6,10,1.976216216,0.7504928987,1.277556261,-19.30711904,-12.59984268,1.11381057,1,1
25,-6,11,1.978421053,0.7818801032,0.8927920377,-17.6569117,-7.724967516,1.06467646,1,1
25,-6,12,0.3976315789,0.910432848,0.01072491531,-0.6407696255,-2.012824276,1.01767736,1,1
25,-6,13,-0.4117948718,0.8818468285,0.02068309155,-2.036913388,2.110943026,0.97304247,0,1
25,-6,14,-1.194722222,0.9752033151,0.03370316687,-1.472133147,3.443088397,0.93087090,0,1
25,-6,15,-0.2788888889,0.8693650123,0.03214313036,2.878210817,2.255857004,0.89116998,0,0
25,-6,16,-0.4322222222,0.9631710286,0.04932103163,4.526084432,-0.1852776285,0.85388506,0,1
25,-6,17,-0.1228125,0.9876238422,0.01465038421,-0.3954828547,-2.436967841,0.81892175,0,1
25,-6,18,0.0808,1.140375728,0.1073224452,-5.65553422,-3.55891813,0.78616204,0,1
25,-6,19,0.9416666667,1.628567025,0.08646094812,-4.956129609,-3.377635794,0.75547569,0,1
25,-6,20,-0.77,2.846142419,0.0374261225,-3.186311896,-2.327738654,0.72672804,0,1
25,-5,0,1.52,0.7675970397,1.735370693,21.92237172,15.53711364,1.48124277,1,1
25,-5,1,3.825652174,0.5706514332,4.223385079,38.81439181,15.82912471,1.47538775,1,1
25,-5,2,11.69651163,0.6943731975,13.61276122,73.43853654,16.44087742,1.45823068,1,1
25,-5,3,10.69065217,0.6499013667,11.33264907,66.58814446,16.76039617,1.43091931,1,0
25,-5,4,2.300222222,0.5695164961,2.624598593,28.77385995,16.24857155,1.39513910,1,1
25,-5,5,1.989318182,0.6815012962,1.515613128,20.27367077,14.81693361,1.35285054,1,1
25,-5,6,0.1184615385,0.589430017,0.8594311418,13.8147603,12.91179377,1.30603776,1,1
25,-5,7,0.3391428571,0.643868094,0.3962324689,6.183530099,11.25231038,1.25651788,1,1
25,-5,8,1.156097561,0.690931845,0.3364069041,5.644751195,10.39697989,1.20582913,1,1
25,-5,9,0.785,0.8431850876,1.179486271,19.55022505,10.41671992,1.15518975,1,1
25,-5,10,3.755384615,0.7668968868,2.414204193,29.76948855,10.87175745,1.10550742,1,1
25,-5,11,2.161282051,0.9094720614,1.845622436,25.39490574,11.08876592,1.05741741,1,1
25,-5,12,1.628157895,0.7842206817,1.708330824,24.48255163,10.55211568,1.01133224,1,1
25,-5,13,0.48275,0.7830306907,0.6672651101,13.90982954,9.172183383,0.96749171,0,1
25,-5,14,0.1996551724,1.067861853,0.5130804727,12.66073543,7.291799382,0.92600749,0,1
25,-5,15,0.04161290323,1.03561608,0.3151520873,10.06479281,5.460530434,0.88689988,0,1
25,-5,16,0.657027027,0.9311940464,0.0636899277,3.06738706,4.133885815,0.85012660,0,1
25,-5,17,-0.7391666667,0.9183981963,0.04941757949,2.917410258,3.471117072,0.81560457,0,1
25,-5,18,0.7078571429,1.094020506,0.08222400892,4.815138301,3.320140069,0.78322585,0,1
25,-5,19,-2.067,1.748504504,0.08860266702,5.057293413,3.359535535,0.75286896,0,1
25,-5,20,0.2266666667,2.366800466,0.04278937278,2.641348678,3.290225115,0.72440682,0,1
25,-4,0,4.87047619,0.8444429526,3.886641999,-35.92718114,-18.06254649,1.45917460,1,1
25,-4,1,4.871860465,0.5751420698,3.991473115,-37.7950439,-15.23702881,1.45357641,1,0
25,-4,2,3.39,0.5690466552,3.756728459,-38.69472607,-8.104703986,1.43716070,1,1
25,-4,3,-0.02717391304,0.5274955541,0.06083431633,-5.030882753,-0.005587886146,1.41099522,1,1
25,-4,4,2.175434783,0.541823001,1.960316969,28.03900244,5.421659825,1.37665357,1,1
25,-4,5,0.4818181818,0.5794938625,1.607657951,25.15171241,6.020747328,1.33597561,1,1
25,-4,6,-0.5392105263,0.6801170702,0.05055302934,4.10152399,2.051788372,1.29083542,1,1
25,-4,7,-0.4124324324,0.6539205402,0.04140372514,-0.1698428339,-4.14692245,1.24296250,1,1
25,-4,8,0.1991176471,0.7306594523,0.2187681767,0.9933670487,-9.488446959,1.19383366,1,1
25,-4,9,1.766470588,0.8137540789,0.4066062945,-5.718325494,-11.68192044,1.14463005,1,1
25,-4,10,1.12275,0.8084863974,1.135496871,-19.19881351,-10.18937407,1.09624176,1,1
25,-4,11,0.10925,0.7646617643,1.192838385,-21.39772825,-6.197714012,1.04930043,1,1
25,-4,12,1.831666667,0.8348521873,0.4062674852,-12.87970718,-1.771636109,1.00422400,1,1
25,-4,13,0.5540540541,0.9171652583,0.00544841448,-0.8304113146,1.255867268,0.96126283,0,1
25,-4,14,0.3024324324,0.9196566638,0.03603105632,3.275597986,2.064218565,0.92054157,0,0
25,-4,15,-0.05333333333,1.264058869,0.004504136007,0.9505981596,0.9850311451,0.88209413,0,1
25,-4,16,0.3822222222,1.03043419,0.02701881311,3.222299987,-0.926188217,0.84589139,0,1
25,-4,17,-0.7561111111,0.9742888557,0.0173990902,-0.8641786708,-2.547940251,0.81186243,0,1
25,-4,18,0.4708695652,1.192259059,0.06470161822,-4.076681218,-3.209276293,0.77991015,0,1
25,-4,19,-0.146,1.770205387,0.06395179886,-4.294443203,-2.857373456,0.74992263,0,1
25,-4,20,2.43,7.55,0.009687192292,-0.6644941154,-1.894401063,0.72178103,0,1
25,-3,0,0.5682608696,0.7885591634,1.20055766,-21.81077396,4.8760782,1.43548940,1,1
25,-3,1,1.373953488,0.5375414759,0.916106411,18.5266779,6.15659712,1.43015843,1,1
25,-3,2,5.774583333,0.593319559,4.797571111,43.69562792,9.311150501,1.41451497,1,1
25,-3,3,4.387333333,0.5698936873,3.504581617,36.02496111,12.65961292,1.38954580,1,1
25,-3,4,2.184444444,0.5452975176,2.730332786,30.449971,14.44785596,1.35671073,1,1
25,-3,5,1.738333333,0.5821472879,1.353870549,19.32818485,13.77288383,1.31772590,1,1
25,-3,6,0.5403225806,0.743030627,0.4545077783,8.254360809,10.99823675,1.27435144,1,1
25,-3,7,-0.7260606061,0.7082526773,0.1512711788,-2.689043563,7.4635555,1.22822489,1,1
25,-3,8,1.596129032,0.7960931049,0.3048064226,10.23073033,4.705883751,1.18075748,1,1
25,-3,9,0.5030555556,0.8209617685,0.2564699886,9.657987818,3.664195004,1.13308969,1,1
25,-3,10,0.6648648649,0.7674252633,0.1662596177,7.121045095,4.296765952,1.08609132,1,1
25,-3,11,0.1331578947,0.8066486793,0.2740894969,8.99233947,5.759461148,1.04038854,1,1
25,-3,12,0.9337837838,0.7881018518,0.3003738792,8.743863165,6.965192344,0.99640364,0,1
25,-3,13,-1.493030303,0.8707337817,0.6566007486,14.89349988,7.166527259,0.95439713,0,1
25,-3,14,-0.29575,0.8139474415,0.4876139324,12.79698299,6.253523795,0.91450662,0,1
25,-3,16,-0.286,0.9450183013,0.04641315789,3.14236294,3.071728657,0.84120163,0,1
25,-3,17,0.2951428571,0.9472743714,0.00933094199,-0.1400121137,1.965321417,0.80771347,0,1
25,-3,18,-0.731,1.433000331,0.007700688995,0.9643943734,1.507904694,0.77622987,0,1
25,-2,0,-0.005909090909,0.7743957922,0.500552786,-5.234155848,-13.44827465,1.41047896,1,0
25,-2,1,0.5762790698,0.5475688438,1.522662318,-22.22435403,-11.81414898,1.40542084,1,1
25,-2,2,2.744042553,0.5284827998,1.113839223,-20.09430704,-7.721790756,1.39056684,1,1
25,-2,3,0.07936170213,0.5165467571,0.08424946735,-5.002478656,-3.166508497,1.36682354,1,1
25,-2,4,-0.03086956522,0.5499373549,0.008884910246,1.903273613,-0.2721616171,1.33553737,1,1
25,-2,5,0.01923076923,0.7000791728,0.0001971482874,0.1986651688,-0.2062879247,1.29830021,1,1
25,-2,6,-0.582972973,0.6433453246,0.01726107013,0.3627324539,-2.655147248,1.25675649,1,1
25,-2,7,-0.2641666667,0.6747476094,0.1210121994,3.616488899,-6.104713529,1.21244910,1,1
25,-2,8,0.04875,0.8800191015,0.2909026711,-6.716217464,-8.713266995,1.16672056,1,1
25,-2,9,0.1013513514,0.7432722844,0.5199513208,-11.4287474,-9.257800743,1.12066764,1,1
25,-2,10,0.006666666667,0.7391464061,0.3829431628,-10.03917973,-7.650912009,1.07513718,1,1
25,-2,11,0.04564102564,0.8238969475,0.127346688,-5.457683438,-4.816185521,1.03074791,1,1
25,-2,12,-1.101111111,0.8219969661,0.07104607104,-5.022984605,-2.080381586,0.98792506,0,1
25,-2,13,-0.1932258065,1.018296109,0.1769165956,-8.566391109,-0.4713878869,0.94693846,0,1
25,-2,14,-1.840666667,0.9158153016,0.07269324952,-5.491537486,-0.2944117419,0.90793836,0,1
25,-2,15,0.08194444444,0.8762402586,0.003275521469,0.2250482733,-1.145477006,0.87098647,0,0
25,-2,16,-0.7034210526,0.8582609002,0.01348232567,0.6958920514,-2.263843699,0.83608117,0,1
25,-2,17,0.47125,0.9674894016,0.02135015148,-0.2169138243,-2.972468998,0.80317730,0,1
25,-2,20,-2.91,3.846823365,0.008263508635,-1.09435974,-1.496785931,0.71565747,0,1
25,-1,0,2.110416667,0.738370602,1.577712624,-23.9952272,-8.979337616,1.38442253,1,1
25,-1,1,2.578372093,0.7627288198,1.597892685,-24.91456297,-6.637755457,1.37963864,1,1
25,-1,2,-0.1097916667,0.5107066778,0.04633510625,4.32598828,-0.7505426025,1.36557915,1,1
25,-1,3,0.481875,0.517300896,0.8940871614,18.37376776,5.863884542,1.34307253,1,1
25,-1,4,-0.04181818182,0.6138208477,0.6441108466,12.83796545,10.15705339,1.31335425,1,1
25,-1,5,0.1883783784,0.751064961,0.2580366232,-0.1956206076,10.35937145,1.27789354,1,1
25,-1,6,0.3144736842,0.6677000359,0.2919811698,8.713942264,6.748667495,1.23821938,1,1
25,-1,7,0.12,0.8454486784,0.2812172167,10.73470515,1.32857795,1.19577885,1,1
25,-1,8,0.602,0.7237347016,0.1382879594,-6.819991322,-3.319899241,1.15184366,1,1
25,-1,9,0.8444736842,0.741130659,0.775362691,-17.14987793,-5.33548962,1.10746432,1,1
25,-1,10,1.003421053,0.8470827923,0.4419536247,-12.84543511,-4.343660683,1.06346228,1,1
25,-1,11,-0.14,0.803758242,0.08185572906,-5.669568626,-1.382627041,1.02044667,1,1
25,-1,12,0.3086842105,0.8569095926,0.02376175685,-2.550377042,1.838895545,0.97884409,0,1
25,-1,13,0.2556666667,0.9273117349,0.2221767658,8.803773637,3.863819351,0.93893254,0,1
25,-1,14,-0.9765625,0.9661917688,0.437375723,12.85192213,4.098301573,0.90087424,0,1
25,-1,15,-0.8852631579,0.8612326089,0.178573321,8.124482961,2.878769196,0.86474443,0,1
25,-1,16,0.54775,0.8473365993,0.03755821085,-3.800862018,1.08598037,0.83055526,0,1
25,-1,17,0.646875,0.951347061,0.02989389145,-3.504289743,-0.3964305185,0.79827472,0,1
25,-1,18,-1.018333333,1.62191866,0.007396044905,-1.383920605,-1.07789201,0.76784118,0,1
25,-1,19,3.07,3.308232156,0.01002306303,-1.801385403,-0.9617982028,0.73917425,0,1
25,0,0,-0.1581818182,1.339741371,0.9010659808,17.66321804,-7.930618823,1.35758142,1,0
25,0,1,-0.8115789474,0.8970217986,0.4643569171,11.79084006,-7.359990455,1.35306953,1,0
25,0,2,0.9529166667,0.7322110257,0.5106744462,-13.29254979,-5.9809418,1.33979905,1,0
25,0,3,-0.47125,0.9101057656,0.919929135,-19.01779028,-4.588633811,1.31852363,1,1
25,0,4,-0.295,0.8186913338,0.3636402581,-11.64581958,-3.957978476,1.29037174,1,1
25,0,5,0.118,1.048434823,0.06326715248,2.668796876,-4.381723979,1.25669333,1,1
25,0,6,1.449,0.9252552351,0.2746259047,-9.159962914,-5.509247779,1.21890385,1,1
25,0,7,0.98875,1.175479645,1.068580084,-20.03466331,-6.57188375,1.17835484,1,1
25,0,8,0.61,1.10236277,0.822082553,-17.1817099,-6.84194212,1.13624604,1,1
25,0,9,0.08444444444,1.19032901,0.1313862067,-4.261750069,-6.041527898,1.09357979,1,1
25,0,10,-0.5616666667,1.101239621,0.09270570719,4.313606245,-4.467946524,1.05114989,1,1
25,0,11,1.0015,1.076248926,0.0622282335,4.25577286,-2.788932076,1.00955378,1,1
25,0,12,0.3477777778,1.477424352,0.02581966978,2.827981069,-1.656703749,0.96921763,0,1
25,0,13,-0.3036842105,1.193745692,0.1415759471,-7.550398562,-1.376025065,0.93042626,0,1
25,0,14,-0.5758823529,1.405572957,0.2173367301,-9.337077801,-1.800232135,0.89335288,0,1
25,0,15,-0.2965,1.156759915,0.08065031269,-5.236265909,-2.477030043,0.85808566,0,1
25,0,16,-1.571578947,1.228798143,0.02577963291,1.472489913,-2.925279569,0.82465020,0,1
25,0,17,0.2276923077,1.75885385,0.02055329126,-0.539203037,-2.874083146,0.79302752,0,1
25,0,18,-3.1,2.748369971,0.02068176968,-1.757998475,-2.34818824,0.76316809,0,1
25,0,19,-0.12,6.88,0.01287423964,-1.68250283,-1.589165543,0.73500247,0,1
26,-13,0,95.50833333,4.988488067,81.40928208,178.1042896,46.35499902,1.50730769,1,1
26,-13,1,37.75875,2.05665526,43.65535322,128.7681727,39.76617492,1.50113941,1,0
26,-13,2,10.683,0.9773293969,11.2269039,64.28348225,23.20627129,1.48307923,1,1
26,-13,3,1.761666667,0.7305736942,1.131736533,21.2058907,4.600381896,1.45437530,1,1
26,-13,4,3.133478261,0.9512019874,2.016308784,-27.96569449,-7.536252286,1.41685266,1,1
26,-13,5,1.4425,0.7917208029,3.960116935,-39.71919834,-8.364932272,1.37262115,1,1
26,-13,6,4.218333333,0.790392873,4.251634575,-42.04211922,1.153895048,1.32379960,1,1
26,-13,7,-2.070555556,0.9883307616,0.6565368819,-6.352903234,15.25744083,1.27231090,1,1
26,-13,8,4.066666667,1.04060064,5.52668875,39.82805916,26.70349915,1.21976605,1,1
26,-13,9,16.16125,1.547725179,15.72989743,74.94799299,30.44902889,1.16742601,1,1
26,-13,10,15.39647059,1.462119217,12.15952321,66.30283245,25.74573975,1.11621747,1,1
26,-13,11,6.1625,1.147516775,3.527671155,34.89838564,15.80419528,1.06677809,1,1
26,-13,12,3.46,1.238100419,1.667041335,25.73765923,5.580062053,1.01951230,1,1
26,-13,13,-0.5955555556,1.362833751,0.007598299847,1.547355182,-0.8757434103,0.97464604,0,1
26,-13,14,1.837368421,1.289787562,0.06928831323,-4.94312213,-2.095852847,0.93227458,0,1
26,-13,15,-0.5911764706,1.755774691,0.001597037622,0.3681866719,0.7272400398,0.89240138,0,1
26,-13,16,-0.4205,1.223647583,0.2449866124,8.800803395,4.946848715,0.85496809,0,1
26,-13,17,0.5022222222,1.293083572,0.5017258802,11.99567009,8.052604404,0.81987697,0,1
26,-13,18,1.254166667,1.690111821,0.2944284041,6.747043412,8.773418233,0.78700703,0,1
26,-13,19,3.98,2.146273348,0.1964631623,5.346874815,7.290297939,0.75622545,0,1
26,-13,20,-0.79,3.160300619,0.1009216372,4.450542368,4.709629935,0.72739536,0,1
26,-12,0,25.14130435,1.320522824,32.83205317,-114.5607376,-23.13976271,1.50582339,1,1
26,-12,1,8.908611111,0.7388257686,12.20332771,-68.53891782,-19.48204542,1.49967324,1,1
26,-12,2,1.496511628,0.6447645774,0.8834964059,-16.21651814,-10.2273551,1.48166529,1,1
26,-12,3,0.7065217391,0.5533461861,0.3174010484,11.48619986,0.3468840448,1.45304181,1,1
26,-12,4,1.184888889,0.5597806769,1.369922413,22.64574431,7.557752364,1.41561965,1,1
26,-12,5,1.885957447,0.597087958,3.121422518,34.99950641,8.584098681,1.37149997,1,1
26,-12,6,3.753181818,0.5924980821,3.545327863,38.23006844,3.671207003,1.32279375,1,1
26,-12,7,-0.03441176471,0.8158697983,0.3555586811,11.38873065,-4.269100842,1.27141784,1,0
26,-12,8,1.4005,0.655817953,0.9893600923,-16.8384026,-11.31753096,1.21897907,1,1
26,-12,9,5.298076923,0.9717796552,3.229301274,-33.66585873,-14.49636405,1.16673599,1,0
26,-12,10,1.8096875,0.8799482761,1.640532702,-22.66091316,-13.00070867,1.11561428,1,1
26,-12,11,0.07971428571,0.7842531349,0.7913537881,-16.18309393,-8.206476067,1.06625152,1,0
26,-12,12,0.7458333333,0.831927135,0.4528141468,-13.46763144,-2.648388284,1.01905263,1,1
26,-12,13,-0.293,0.7725048948,0.02432218765,-2.880036214,1.350746353,0.97424440,0,1
26,-12,14,0.43,0.8631718178,0.1258809914,6.726701406,2.669015541,0.93192306,0,1
26,-12,15,0.7870588235,0.9062036768,0.06072008204,4.765036617,1.598972149,0.89209305,0,1
26,-12,16,0.3017948718,0.8390073892,0.02369836154,-3.074279831,-0.6390524992,0.85469694,0,1
26,-12,17,-1.502941176,0.9710299797,0.07582958428,-4.934932198,-2.682342782,0.81963785,0,1
26,-12,18,0.5485,1.359206091,0.03317929935,-0.6251064525,-3.662420398,0.78679553,0,1
26,-12,20,0.40625,2.639478396,0.02983068336,-2.561655895,-2.418434499,0.72722836,0,1
26,-12,21,-0.2,4.121674417,0.01416219573,-2.096591256,-1.223280704,0.70023195,0,1
26,-11,0,47.71863636,2.070944309,51.17878942,140.5122895,39.35702476,1.50139666,1,1
26,-11,1,25.57707317,0.99732778,27.60173093,101.7675908,33.56961882,1.49530037,1,1
26,-11,2,7.455434783,0.7156352339,6.774749352,49.56018287,19.0365122,1.47744762,1,1
26,-11,3,1.629534884,0.6159537305,0.3561804004,11.85962406,2.745248266,1.44906324,1,1
26,-11,4,0.2368181818,0.532818019,0.3303337833,-8.743156686,-7.80966879,1.41193986,1,1
26,-11,5,3.077272727,0.6528142333,4.079510499,-40.33359668,-8.394098041,1.36815282,1,1
26,-11,6,3.778095238,0.6240003343,4.715933755,-44.29480694,0.1033841407,1.31978993,1,1
26,-11,7,0.7451515152,0.6921079901,0.4061491282,3.306985676,12.57140229,1.26874990,1,1
26,-11,8,6.90875,0.7216613645,7.973176897,52.96490155,22.62563818,1.21662722,1,1
26,-11,9,16.971,1.006841155,12.71207038,67.97213482,25.85695415,1.16467325,1,1
26,-11,10,6.725555556,0.8223504498,5.665238207,43.44770805,21.66311694,1.11381057,1,1
26,-11,11,2.779714286,0.8108268926,2.402186977,28.85116708,12.92393184,1.06467646,1,1
26,-11,12,2.256923077,0.7720267136,0.4987515694,13.8314209,4.024287176,1.01767736,1,1
26,-11,13,0.046,0.9534010945,0.01334382593,1.825756445,-1.489377495,0.97304247,0,1
26,-11,14,0.9495,0.8659129575,0.07038570992,-4.862367056,-2.375080747,0.93087090,0,1
26,-11,15,2.246857143,0.9606881962,0.001761078954,-0.8142627071,0.2639399914,0.89116998,0,1
26,-11,16,-0.004324324324,0.9007145596,0.2311789718,8.924607703,4.065984536,0.85388506,0,1
26,-11,17,0.7242424242,0.9985534073,0.3787858632,10.53798855,6.822225277,0.81892175,0,1
26,-11,19,0.544,1.825329664,0.1216434327,3.631230263,6.117459232,0.75547569,0,1
26,-11,20,0.02625,2.088310471,0.07505504781,4.048850724,3.851374351,0.72672804,0,1
26,-11,21,-0.1,5.44,0.027138861,2.874370083,1.740397589,0.69978528,0,1
26,-10,0,10.9052381,1.146861477,12.36514706,-69.40629734,-18.08931646,1.49410474,1,1
26,-10,1,4.930465116,0.6688079637,6.506135144,-49.53651674,-15.90529589,1.48809649,1,1
26,-10,2,1.045227273,0.5508459872,2.221964194,-28.58420936,-10.36243432,1.47049752,1,1
26,-10,3,2.024893617,0.5197347584,1.297082516,-22.88735429,-3.976643765,1.44250430,1,1
26,-10,4,-0.02956521739,0.5233615625,0.03010995431,3.505807534,0.486219249,1.40587013,1,0
26,-10,5,0.907173913,0.5762899551,0.530697525,14.79873902,1.338420586,1.36262829,1,1
26,-10,6,1.971904762,0.6111458607,3.134906261,36.09062243,-1.314920387,1.31482871,1,1
26,-10,7,-0.6114705882,0.6707863973,0.3704821901,10.98017795,-5.794217047,1.26434042,1,1
26,-10,8,2.79025,0.7686286062,2.448267966,-30.37246207,-9.803222334,1.21273753,1,1
26,-10,9,6.479411765,0.7608836604,4.445334833,-41.4202794,-11.56804815,1.16125953,1,1
26,-10,10,0.880952381,0.7589092829,0.9629641419,-16.99689473,-10.57080772,1.11082372,1,1
26,-10,11,-0.3038461538,0.6977900684,0.1416880111,-1.242715094,-7.576559001,1.06206682,1,1
26,-10,12,0.2873809524,0.7201432348,0.8130966625,-17.93989167,-4.055253303,1.01539756,1,1
26,-10,13,0.4705263158,0.7976343889,0.07611276555,-5.453749183,-1.386706385,0.97104911,0,1
26,-10,14,-1.764047619,0.7435445156,0.02543919771,-3.241851563,-0.2724870446,0.92912518,0,1
26,-10,15,0.6535897436,0.9249550076,0.019152761,-2.760386297,-0.5904894097,0.88963787,0,1
26,-10,16,-0.5388888889,0.8906109188,0.02768247878,-2.960490246,-1.659112442,0.85253703,0,1
26,-10,17,-0.3851428571,0.9210243632,0.02321006225,-1.562464569,-2.686100254,0.81773240,0,1
26,-10,18,-1.4356,1.133248499,0.02414933655,-0.4025967846,-3.14406207,0.78510961,0,1
26,-10,19,-1.624615385,1.569011485,0.03948095822,-2.81202719,-2.918622609,0.75454161,0,1
26,-10,20,0.725,2.118735619,0.02244067631,-2.091806261,-2.227257845,0.72589647,0,1
26,-10,21,4.3,5.79,0.01428121837,-1.983682874,-1.416556248,0.69904272,0,1
26,-9,0,10.902,0.9954923405,13.57696618,71.96662746,21.66640913,1.48407227,1,1
26,-9,1,4.953095238,0.6422771344,4.837679488,41.09092714,18.00633275,1.47818377,1,1
26,-9,2,0.6184090909,0.5794898193,0.771803232,15.5814422,8.850057997,1.46093010,1,1
26,-9,3,-0.0880952381,0.5476398029,0.1826659698,8.618531699,-1.310790931,1.43346962,1,0
26,-9,4,0.8314583333,0.5127358028,0.4433385072,-11.18954548,-7.696936831,1.39750253,1,1
26,-9,5,0.3453488372,0.6890581587,1.169455832,-20.67818802,-7.678462062,1.35500518,1,1
26,-9,6,1.542439024,0.6075491769,2.058999748,-29.20360988,-1.945687177,1.30797607,1,1
26,-9,7,-0.3076923077,0.6383503662,0.2404489623,7.903532707,6.129580473,1.25824367,1,1
26,-9,8,7.2235,0.78435557,6.615034796,50.96282481,12.44759292,1.20735412,1,1
26,-9,9,9.409166667,0.9614283665,7.728968198,54.87825078,14.28201961,1.15653036,1,1
26,-9,10,2.071351351,0.8321710058,0.932465279,16.05375724,11.41158998,1.10668222,1,1
26,-9,11,0.04,0.673312821,0.2637419153,-8.703565271,5.828932488,1.05844534,1,1
26,-9,12,1.246190476,0.7026528933,0.07339412191,5.511533555,0.3978122078,1.01223142,1,1
26,-9,13,-0.06954545455,0.8796422583,0.02576658876,-1.889598901,-2.673850435,0.96827886,0,1
26,-9,14,0.7275609756,0.7788653239,0.08905960946,-5.437720443,-2.735690164,0.92669760,0,1
26,-9,15,0.1492857143,0.821414985,0.001802476868,0.5777636071,-0.6450586671,0.88750614,0,1
26,-9,16,0.2829411765,0.9462988725,0.123006997,6.868637135,1.99956712,0.85066048,0,1
26,-9,17,0.2232258065,1.112103634,0.1422897425,6.694979456,3.791593926,0.81607599,0,1
26,-9,19,-2.552727273,2.353911287,0.03841651296,2.409115579,3.190479565,0.75323970,0,1
26,-9,20,-1.38625,2.07153174,0.02285611629,2.547822823,1.737173429,0.72473706,0,1
26,-8,0,2.079545455,0.7683344388,2.207607687,-29.31213822,-7.698225113,1.47146548,1,0
26,-8,1,0.3923809524,0.5804942835,1.34820661,-22.30448359,-7.963957365,1.46572519,1,1
26,-8,2,2.810425532,0.5538955439,3.089587003,-34.8076072,-8.592885067,1.44889919,1,0
26,-8,3,2.097674419,0.5693853964,3.036681305,-34.33899444,-9.177663238,1.42209925,1,1
26,-8,4,1.141956522,0.6008292675,1.853893644,-26.16687352,-9.30579885,1.38696054,1,1
26,-8,5,-0.5726666667,0.5409876199,0.1959283464,-2.056645626,-8.791201033,1.34538947,1,1
26,-8,6,0.7695,0.6070879366,0.1699745541,-3.216374978,-7.769941673,1.29932095,1,1
26,-8,7,-0.2571052632,0.7018301525,0.4801511943,-12.49177932,-6.612106163,1.25053307,1,1
26,-8,8,-0.1832432432,0.6551508561,0.2635593789,-8.777009462,-5.711100063,1.20053680,1,1
26,-8,9,1.304761905,0.6566845365,0.5720439442,-14.49625001,-5.27776018,1.15053405,1,1
26,-8,10,0.9646341463,0.6797044818,0.6675163168,-15.81534292,-5.252784721,1.10142488,1,1
26,-8,11,0.3084090909,0.8139994665,0.7670739631,-17.03734113,-5.372735447,1.05384313,1,1
26,-8,12,-0.255,0.787653119,0.1436617139,-5.595287402,-5.335025319,1.00820386,1,1
26,-8,13,-0.1681395349,0.7232050008,0.2956147453,-9.919171318,-4.959745354,0.96475171,0,1
26,-8,14,0.1647368421,0.8355518561,0.2304347731,-8.814747564,-4.262799331,0.92360420,0,1
26,-8,15,0.5887804878,0.7865362057,0.1443136418,-6.954703389,-3.416587238,0.88478772,0,1
26,-8,16,-0.4933333333,0.9659698638,0.1003727148,-5.89876619,-2.638962392,0.84826588,0,1
26,-8,17,0.075,1.000856372,0.04310887207,-3.68812968,-2.081569045,0.81396103,0,1
26,-8,18,-0.5246153846,1.152334384,0.007568431284,-0.003557947941,-1.774484504,0.78177004,0,0
26,-8,19,-0.5125,1.653970811,0.007520902787,0.6571148611,-1.642325784,0.75157568,0,1
26,-8,20,-0.2933333333,2.749925656,0.01698064882,-2.147206899,-1.566593883,0.72325451,0,1
26,-7,0,0.289,0.7932220685,0.7343478334,17.44005611,1.168836865,1.45648488,1,1
26,-7,1,-1.173255814,0.633251442,0.002118904683,0.9077326398,0.2399606871,1.45091747,1,1
26,-7,2,0.8981395349,0.5538371971,0.2210718658,-9.374831585,-2.021973008,1.43459067,1,1
26,-7,3,1.144255319,0.6232124665,0.3643060851,-11.51742578,-4.349324632,1.40856279,1,1
26,-7,4,0.3170212766,0.5797862309,0.4117515362,-11.89349477,-5.463693422,1.37439418,1,1
26,-7,5,1.534390244,0.601245584,0.3722725153,-11.48564269,-4.79188133,1.33391034,1,1
26,-7,6,0.5344736842,0.7252248092,0.04046934806,-3.047483276,-2.747710897,1.28897221,1,1
26,-7,7,-0.3351351351,0.6263943686,0.3574670899,12.18722595,-0.4403581309,1.24129874,1,1
26,-7,8,0.5176315789,0.6613913128,0.3537918845,12.09244626,0.9828958976,1.19235926,1,0
26,-7,9,-0.66225,0.6523854785,0.2612050616,10.3808545,0.954419683,1.14333035,1,1
26,-7,10,-0.4614285714,0.686810245,0.009448398359,-1.962906671,-0.2792063674,1.09509986,1,1
26,-7,11,0.8008108108,0.9008636479,0.158396644,-7.894398793,-1.89171821,1.04829890,1,1
26,-7,12,0.39925,0.7616009454,0.2461512775,-9.668190409,-2.98933101,1.00334596,1,0
26,-7,13,0.1878378378,0.945005691,0.1160153818,-6.227535694,-3.079840499,0.96049265,0,1
26,-7,14,-0.785,0.8073146383,0.01386349567,-0.8342713653,-2.252072201,0.91986512,0,1
26,-7,15,0.4197142857,0.9052103149,0.003940495862,0.7723404829,-1.021231481,0.88149889,0,1
26,-7,16,-0.1567567568,0.9765182261,0.02218664689,3.038168081,0.01334105092,0.84536643,0,1
26,-7,17,-0.09942857143,1.055521532,0.006994285077,1.637106171,0.4793961258,0.81139828,0,1
26,-7,18,0.1522727273,1.251050456,0.005574239304,-1.480371273,0.3572607277,0.77949865,0,1
26,-7,20,-2.388333333,2.22363816,0.001028225691,0.3324281103,-0.5632758636,0.72145481,0,1
26,-6,0,-0.6971428571,0.9073092461,0.1249405798,-1.51453203,7.048907359,1.43935692,1,1
26,-6,1,0.8041860465,0.6972240665,0.08093050697,4.034782067,4.170283635,1.43398290,1,1
26,-6,2,0.8972727273,0.5619962498,0.7569201455,-17.48286824,-3.0433784,1.41821498,1,1
26,-6,3,2.110638298,0.6915587512,2.660318318,-31.37159416,-11.07407723,1.39305283,1,0
26,-6,4,0.1006521739,0.6816624607,2.056285002,-24.39668284,-16.13409243,1.35997440,1,1
26,-6,5,5.606818182,0.6371680849,4.757196308,-41.48856952,-16.05946101,1.32071562,1,1
26,-6,6,0.6523529412,0.6776646112,2.243830013,-28.40227855,-11.26254001,1.27705495,1,1
26,-6,7,-0.6628571429,0.7170541476,0.07815433748,-3.738367049,-4.305848619,1.23064478,1,1
26,-6,8,1.05625,0.7368363009,0.4447956211,13.51344221,1.562648134,1.18290702,1,1
26,-6,9,0.5907894737,0.8065193451,0.0440362617,1.390695099,4.048090066,1.13498886,1,1
26,-6,10,-0.6621052632,0.733270243,0.06722658414,-4.511252929,2.760050816,1.08776349,1,1
26,-6,11,-1.300285714,0.7940869227,0.02912393874,-3.359390492,-0.911791814,1.04185810,1,1
26,-6,12,-0.1787179487,0.7768687888,0.5251725595,-13.99173167,-4.767269348,0.99769435,0,1
26,-6,13,-0.6681818182,0.9378856232,0.1679480306,-4.600852878,-6.978974813,0.95553120,0,1
26,-6,14,0.5864102564,0.8667869599,0.3218311707,-9.318536623,-6.860110876,0.91550421,0,1
26,-6,15,1.523030303,1.155142281,0.4087838723,-12.07643215,-4.922628199,0.87765897,0,1
26,-6,16,-0.1088235294,0.9319007532,0.1295331979,-6.953533967,-2.353721172,0.84197784,0,0
26,-6,18,-1.814736842,1.302152809,0.0209713478,2.887175622,0.6238918977,0.77683963,0,1
26,-6,19,0.343,2.653219868,0.004649599539,1.304298864,0.4829565876,0.74719163,0,1
26,-6,20,-0.282,2.47226374,0.001391528041,0.7230365476,-0.2369734582,0.71934511,0,1
26,-5,0,2.38,0.7556467866,0.645655105,-8.064374717,-14.26840677,1.42032536,1,1
26,-5,1,0.8353333333,0.5351154485,0.8670173609,-14.07571475,-12.75117576,1.41516095,1,1
26,-5,2,-0.197173913,0.537962668,0.7046979634,-14.65676842,-8.852411896,1.39999931,1,1
26,-5,3,0.5972093023,0.592165099,1.115009144,-21.12023079,-4.222537041,1.37577795,1,1
26,-5,4,1.816888889,0.5536751247,0.9544147744,-19.91310475,-0.7400974063,1.34388714,1,1
26,-5,5,0.4472727273,0.5985228791,0.0453277671,4.329698516,0.3348150979,1.30596689,1,1
26,-5,6,0.6141666667,0.7181274564,0.3054900732,11.21754794,-1.124380991,1.26370661,1,1
26,-5,7,-0.03868421053,0.6870285836,0.1592314162,-7.000958264,-4.151387272,1.21868616,1,1
26,-5,8,2.761333333,0.8039984798,2.03953818,-28.22067222,-7.220339333,1.17227502,1,1
26,-5,9,2.719230769,0.7243806214,1.834511992,-26.12835263,-8.974893379,1.12558726,1,1
26,-5,10,0.61025,0.715689484,0.5194095712,-11.78139025,-8.791848126,1.07947893,1,1
26,-5,11,0.5852631579,0.7583945264,0.1380629271,-3.046175045,-6.939827566,1.03457190,1,1
26,-5,12,1.154736842,0.8415492163,0.04501065506,-0.2784883206,-4.318437422,0.99129045,0,1
26,-5,13,0.3811764706,1.039614436,0.09630083017,-6.017242988,-1.9642466,0.94990089,0,1
26,-5,14,-0.9351851852,0.9954337448,0.004709205168,-1.269695151,-0.5891650349,0.91054864,0,1
26,-5,15,0.1039473684,0.8714057689,0.02568833041,3.249968622,-0.3538433446,0.87329005,0,1
26,-5,16,-0.2874193548,0.9909045784,0.002094613474,0.08579427865,-0.9295659108,0.83811811,0,1
26,-5,17,0.3758333333,0.9398573243,0.02678951889,-2.838823184,-1.756908659,0.80498258,0,1
26,-5,18,0.16,1.473300647,0.06777168732,-4.767053074,-2.339075872,0.77380509,0,1
26,-5,19,3.143333333,2.246827393,0.0454741609,-3.607088752,-2.430680466,0.74449026,0,1
26,-4,0,4.5355,0.9202532475,5.80483044,43.66473667,22.54908847,1.39964286,1,0
26,-4,1,2.095681818,0.5444656756,2.100198377,23.65323288,17.72855285,1.39470001,1,1
26,-4,2,-0.4097826087,0.5217544835,0.07624618417,0.3571894407,5.620877031,1.38017987,1,1
26,-4,3,0.6763636364,0.5600253969,0.6792329908,-14.81245997,-7.948742801,1.35695586,1,1
26,-4,4,2.425227273,0.5655155623,2.46883373,-27.35378597,-16.7007873,1.32632740,1,1
26,-4,5,4.446111111,0.6636954623,2.891962479,-30.21772667,-17.0316028,1.28983452,1,1
26,-4,6,0.9215384615,0.6214344184,0.6568788352,-13.46407914,-9.592169781,1.24907302,1,1
26,-4,7,0.4145945946,0.6885748867,0.1085384688,6.570633849,1.40842357,1.20554559,1,1
26,-4,8,0.06125,0.7645772806,0.8276555165,15.22011765,10.61555224,1.16056520,1,1
26,-4,9,1.61525,0.7942462148,1.520171343,20.73364846,14.23290174,1.11520944,1,1
26,-4,10,2.679189189,0.9132000279,1.403610635,21.20037525,11.59781278,1.07031479,1,1
26,-4,11,1.356388889,0.9293899819,0.3429446106,10.85450406,4.985993238,1.02649619,1,1
26,-4,12,0.4776315789,0.8415813904,0.01739108242,-1.823026924,-1.977889163,0.98417967,0,1
26,-4,13,0.8131034483,0.9727547222,0.3551711376,-10.41639729,-6.266246071,0.94363863,0,1
26,-4,14,0.61875,1.072423746,0.5403423081,-13.40491213,-6.716773094,0.90502846,0,1
26,-4,15,-0.4621621622,0.8690072672,0.2487734209,-9.294308876,-4.137240363,0.86841661,0,1
26,-4,16,0.8072972973,1.032448593,0.01929537469,-2.796660742,-0.4543486028,0.83380727,0,1
26,-4,17,-1.357096774,1.005890559,0.07541864192,5.036770133,2.451223106,0.80116081,0,1
26,-4,19,4.298333333,4.117646105,0.0550677687,3.724971353,3.005870535,0.74146383,0,1
26,-3,0,1.389,0.9753385107,2.223254179,-22.23995438,-20.7450763,1.37756325,1,1
26,-3,1,0.9511627907,0.5486025809,2.384768914,-25.99042219,-17.79519914,1.37284988,1,1
26,-3,2,0.1941304348,0.5292074182,0.7000506497,-13.60270472,-10.30625973,1.35899484,1,1
26,-3,3,0.07739130435,0.6138167152,0.206099116,-9.106986168,-1.676098887,1.33680696,1,1
26,-3,4,0.09325581395,0.7143887971,0.2041990843,-8.1290688,4.344450062,1.30749367,1,1
26,-3,5,-0.8634210526,0.6034760803,0.1513496837,5.776078779,5.441065292,1.27249305,1,1
26,-3,6,-0.769,0.6195398494,0.008759367695,0.8372539421,1.71560394,1.23330452,1,1
26,-3,7,-0.3307142857,0.8898706773,0.7436279345,-16.98195816,-4.582114486,1.19135048,1,1
26,-3,8,3.069333333,1.017500084,3.417992871,-36.26820343,-10.32745022,1.14788410,1,1
26,-3,9,3.74972973,0.7823482193,2.33410363,-28.29254191,-13.06231957,1.10394367,1,1
26,-3,10,1.881025641,0.9574981313,1.360656453,-20.53644268,-12.01452545,1.06034366,1,1
26,-3,11,1.301842105,0.8141682659,0.4770722113,-11.47615431,-8.171987855,1.01769042,1,1
26,-3,12,0.05184210526,0.7753284087,0.03299312178,1.13849318,-3.525685222,0.97641060,0,1
26,-3,13,1.14516129,0.899475459,0.06022417896,5.005584615,0.009516660411,0.93678412,0,1
26,-3,14,-0.1282142857,1.296916883,0.111338522,6.656245862,1.419938464,0.89897610,0,1
26,-3,15,-1.268823529,1.098008631,0.0125887403,2.134132704,0.8264138983,0.86306521,0,1
26,-3,16,0.09447368421,0.881336966,0.02136421137,-2.857296141,-0.8510768805,0.82906711,0,1
26,-3,17,-1.0448,1.155891621,0.1017995462,-6.006891976,-2.504084653,0.79695316,0,1
26,-3,18,-1.218,1.584053931,0.1230412483,-6.312778014,-3.367421654,0.76666487,0,1
26,-3,19,-0.2433333333,3.091357487,0.06860111957,-4.242071134,-3.247458171,0.73812465,0,1
26,-3,20,-2.66,4.289318128,0.03050095046,-2.606084033,-2.428599108,0.71124380,0,1
26,-2,0,8.837894737,0.9889840614,7.977154147,47.0108141,33.29922478,1.35433491,1,1
26,-2,1,5.490697674,0.6035752055,7.971192718,50.44946206,27.77096629,1.34985520,1,1
26,-2,2,0.9206382979,0.5316937838,1.088538985,16.12861214,13.88340956,1.33667816,1,1
26,-2,3,0.1312765957,0.6626997887,0.007853546789,-0.6285916329,-1.694786521,1.31554874,1,1
26,-2,4,-0.9906818182,0.5437972742,0.4029174701,5.346472584,-11.79182028,1.28758296,1,1
26,-2,5,-1.135641026,0.6187483333,0.3683510279,1.194407209,-12.32168783,1.25411683,1,1
26,-2,6,0.40275,0.781108022,0.2934981005,-10.27054715,-4.07728775,1.21655243,1,1
26,-2,7,-0.70625,0.7849096863,0.1630565305,1.514038912,8.096081688,1.17622997,1,1
26,-2,8,8.090294118,1.050367603,4.815615674,40.94311528,18.08795412,1.13434057,1,1
26,-2,9,6.231081081,0.8241564295,6.31333187,46.46710387,21.62032261,1.09188070,1,1
26,-2,10,3.921538462,0.8577358969,3.32137044,32.51065209,18.0249003,1.04964073,1,1
26,-2,11,0.5066666667,0.8130591144,0.9291440903,16.94105714,9.978292753,1.00821656,1,1
26,-2,12,0.95975,0.8171089975,0.07817652194,5.459169099,1.649976668,0.96803419,0,1
26,-2,13,-0.1741666667,0.8419253361,0.09719443911,-5.288994112,-3.530410838,0.92937916,0,1
26,-2,14,0.647027027,1.003875438,0.4407533459,-12.8405709,-4.300344183,0.89242589,0,1
26,-2,15,0.2928947368,0.9892824611,0.1355360059,-7.326701424,-1.645758913,0.85726408,0,1
26,-2,16,0.4640540541,0.9639934659,0.07811302975,5.257523486,2.203856039,0.82392089,0,1
26,-2,18,-0.9409090909,2.137310312,0.285848833,9.108644305,5.996546812,0.76258993,0,1
26,-1,0,6.532105263,0.995608656,7.010672712,-50.48663763,-19.17953796,1.33019528,1,1
26,-1,1,2.774782609,0.5664127827,3.13614078,-32.31752769,-16.13545977,1.32595012,1,1
26,-1,2,-0.5257446809,0.5710296091,0.2797333755,-6.722924315,-8.437058606,1.31345442,1,1
26,-1,3,0.2084090909,0.5636848286,0.01881092094,-2.775792475,0.3480884107,1.29339099,1,1
26,-1,4,0.1568292683,0.5844137608,0.2649523511,-8.38517519,6.318301606,1.26678649,1,1
26,-1,5,-0.3127027027,0.6082600411,0.1230658307,-0.592031404,7.130948119,1.23487638,1,1
26,-1,6,0.1415625,0.7939296037,0.3257101854,11.24628311,3.005196661,1.19896587,1,1
26,-1,8,2.738823529,0.8607789621,1.421716397,-22.40327435,-9.465267138,1.12004357,1,1
26,-1,9,2.580540541,0.8751118286,2.764145356,-31.69353867,-12.06351659,1.07911216,1,1
26,-1,10,1.830526316,0.8401477337,1.731885358,-24.59147853,-10.76110634,1.03828241,1,1
26,-1,11,0.5260526316,0.7900600963,0.5566405051,-13.6500899,-6.727743962,0.99813803,0,1
26,-1,12,-0.2931578947,0.8855640169,0.04996413766,-4.051230023,-2.091617659,0.95910288,0,1
26,-1,13,-0.5658333333,0.8734552237,0.06088372243,4.88520008,1.210449436,0.92146707,0,1
26,-1,14,-0.4147368421,0.8559843113,0.2102063684,9.075218406,2.257369542,0.88541360,0,1
26,-1,15,0.4851282051,0.8377407707,0.04440127577,4.092011839,1.314673885,0.85104277,0,1
26,-1,16,0.6064864865,1.028603912,0.02778651347,-3.349973505,-0.5814784763,0.81839306,0,1
26,-1,17,1.376666667,1.078294009,0.1210161515,-6.716957253,-2.287061156,0.78745819,0,1
26,-1,18,-0.2381818182,1.68849975,0.1035702483,-5.795286776,-3.082942436,0.75820061,0,1
26,-1,19,1.0325,4.984170568,0.03730961897,-2.706629103,-2.862977285,0.73056181,0,1
26,0,0,11.986,1.640365271,10.95889627,57.90845025,34.72758664,1.30536675,1,1
26,0,1,4.387916667,0.8963037988,7.048484805,45.18966166,29.83925714,1.30135419,1,1
26,0,2,1.767368421,0.9969053995,2.416648987,26.39271594,17.57439182,1.28953492,1,0
26,0,3,2.455454545,0.8132624839,2.583449994,32.55719854,3.854899379,1.27053215,1,1
26,0,4,3.066363636,0.814561815,2.93237278,34.57089859,-4.985175354,1.24528635,1,1
26,0,5,-0.4726086957,0.7840989434,0.07135665211,-0.7300057102,-5.399506389,1.21493529,1,1
26,0,6,1.104285714,1.096674651,0.6508372818,-16.3561031,1.804295274,1.18068912,1,1
26,0,7,0.502,0.9812413057,0.9806568325,16.05619731,12.25544327,1.14372300,1,1
26,0,8,9.981111111,1.652452107,8.332931847,55.17869682,20.5471643,1.10510038,1,1
26,0,9,11.20473684,1.504196541,8.221658999,53.77486588,22.99660478,1.06572897,1,0
26,0,10,1.2535,1.072907731,3.286475172,31.61619581,19.17648798,1.02634516,1,1
26,0,11,2.411666667,1.171791522,0.9874450178,16.62043028,11.60098485,0.98751873,0,1
26,0,12,0.5370588235,1.458824256,0.1787378035,7.631713401,4.014961785,0.94966988,0,1
26,0,13,2.083,1.159275744,0.01520283999,2.441337806,-0.6040986052,0.91309206,0,1
26,0,14,-0.2576470588,1.453428636,0.09177159462,-6.046905293,-1.271238963,0.87797592,0,1
26,0,15,0.53,1.188770163,0.02328223467,-2.944881619,1.007039886,0.84443174,0,1
26,0,16,-0.628125,1.363099352,0.1484376585,6.649898928,4.187551592,0.81250895,0,1
26,0,17,2.517,1.810587198,0.4129618255,11.43823298,6.401368966,0.78221224,0,1
26,0,18,-3.674,2.535630888,0.3512119458,10.01958111,6.762245528,0.75351453,0,1
26,0,19,4.26,5.64,0.1668452777,6.270508258,5.485970106,0.72636696,0,1
27,-13,0,2.751428571,0.8093436774,1.584700287,-25.16583864,-5.097762276,1.45114975,1,0
27,-13,1,1.604772727,0.5617199366,1.367661907,-23.35388719,-4.858480936,1.44564307,1,1
27,-13,2,0.1986363636,0.5385211806,0.8321676418,-18.09917567,-4.317292898,1.42949171,1,1
27,-13,3,0.5502380952,0.6829989965,0.7545639888,-17.28814265,-3.879779693,1.40373543,1,1
27,-13,4,-0.2839130435,0.5426052989,0.03820142558,-0.859963495,-3.892810616,1.36990856,1,1
27,-13,5,0.06770833333,0.5298451195,0.1343640917,-6.051522407,-4.390966145,1.32980838,1,1
27,-13,6,0.07613636364,0.586961414,0.07155837048,2.065426221,-5.050298607,1.28526989,1,1
27,-13,7,0.284,0.6328755903,0.1742352522,6.597608194,-5.381567599,1.23799117,1,1
27,-13,8,0.5623529412,0.7408907366,0.06992057666,-1.931977727,-5.035629817,1.18942678,1,1
27,-13,9,1.175483871,0.806982277,0.5642948637,-14.78454989,-4.023572438,1.14074418,1,1
27,-13,10,0.4615384615,0.7112088403,0.5982551524,-15.54109842,-2.715753746,1.09282672,1,1
27,-13,11,1.793888889,0.8767057096,0.02614700384,-2.867779201,-1.629163095,1.04630441,1,1
27,-13,12,0.2017647059,0.9296462508,0.1667881171,-8.251521265,-1.141821892,1.00159679,1,1
27,-13,13,-0.039,0.9139193422,0.01045406186,-1.626288225,-1.305582884,0.95895782,0,1
27,-13,14,0.1456756757,0.83482493,0.04764350748,-4.047822925,-1.853907264,0.91851667,0,1
27,-13,15,0.297027027,0.9001497093,0.04689252866,-3.722553102,-2.37739353,0.88031201,0,1
27,-13,16,0.6202777778,0.8916952661,0.03443004391,-2.798201301,-2.548434174,0.84431944,0,1
27,-13,17,-0.03088235294,0.9635652331,0.0257872109,-2.364005867,-2.267182425,0.81047235,0,1
27,-13,18,-0.4011111111,1.310183052,0.01217526843,-1.513204719,-1.666034485,0.77867758,0,1
27,-13,20,-2.96,2.733946598,0.0007205206677,0.2416077991,-0.4913193311,0.72080370,0,1
27,-12,0,3.995,0.8805834228,4.006006229,-38.1114033,-14.63556484,1.44850408,1,1
27,-12,1,3.557619048,0.6040469621,2.598218025,-30.39934152,-12.52420162,1.44302735,1,1
27,-12,2,0.06093023256,0.562959133,0.6642944966,-14.97532122,-7.219151692,1.42696253,1,0
27,-12,3,0.09586956522,0.5321970903,0.02410096861,2.903667179,-1.26325142,1.40134028,1,1
27,-12,4,-0.01651162791,0.5769279282,0.01641616855,0.06199423125,2.612665571,1.36768216,1,1
27,-12,5,0.2563043478,0.6693481838,0.1355636973,6.944354687,2.859464111,1.32777154,1,0
27,-12,6,0.3628571429,0.6948996145,0.1840349802,-8.747728465,-0.2099479042,1.28343065,1,1
27,-12,7,2.5053125,0.7316280406,1.764009164,-26.67236888,-4.742563931,1.23634728,1,1
27,-12,8,2.202,0.7222079524,2.037627542,-27.87384249,-8.413895327,1.18796863,1,1
27,-12,9,0.6045454545,0.7788082771,0.9102856709,-16.92271551,-9.609448077,1.13945765,1,1
27,-12,10,0.7511764706,0.8279868166,0.4485143373,-11.0025992,-8.095983803,1.09169545,1,1
27,-12,11,1.059444444,0.7881011325,0.4023396534,-11.96985645,-4.910594009,1.04531142,1,1
27,-12,12,-1.378648649,0.9312696105,0.01325139982,1.673681305,-1.646805814,1.00072562,1,0
27,-12,13,0.2294736842,0.80455249,0.001685659818,-0.7370023896,0.3976654363,0.95819316,0,1
27,-12,14,0.54125,0.7945199022,0.001386336734,0.03189270616,0.7587893695,0.91784466,0,1
27,-12,15,-0.5037837838,0.9889667881,0.0009875312618,-0.6173249354,-0.1725321932,0.87972037,0,1
27,-12,16,-0.632,1.016895242,0.01657964774,-2.126594155,-1.541258146,0.84379739,0,0
27,-12,17,0.4471428571,1.036232881,0.06229979163,-4.411629255,-2.541071325,0.81001057,0,1
27,-12,18,0.03277777778,1.566085375,0.07021407603,-4.64214651,-2.768156483,0.77826802,0,1
27,-12,20,-1.34875,2.004176888,0.01455147971,-1.981918605,-1.458104546,0.72047880,0,1
27,-12,21,5.87,5.38,0.00361899966,-1.020621291,-0.6811746151,0.69420041,0,1
27,-11,0,0.859047619,0.7875022946,0.3442020073,9.257972602,7.582444448,1.44325586,1,1
27,-11,1,0.2267567568,0.6142544804,0.1114225827,3.022557842,6.100897586,1.43783822,1,1
27,-11,2,1.167727273,0.554288083,0.1104503413,-6.392047378,2.256998317,1.42194419,1,1
27,-11,3,-0.05804347826,0.5990029251,0.2855927941,-10.6315801,-2.406024862,1.39658655,1,1
27,-11,4,0.1132608696,0.5386960908,0.7576201351,-16.68686321,-6.062396997,1.36326173,1,1
27,-11,5,0.4458695652,0.5887622796,0.2475404804,6.97847387,-7.36809874,1.32372579,1,1
27,-11,6,0.9232432432,0.641714001,0.3301022177,10.0717667,-5.991401286,1.27977574,1,0
27,-11,7,1.289722222,0.6632437591,0.2975116197,10.79642396,-2.686158669,1.23307903,1,1
27,-11,8,0.1643243243,0.6659460008,0.3500673882,12.01797534,1.100932144,1.18506835,1,1
27,-11,9,0.781,0.6713268339,0.2090888968,8.478330449,3.886939757,1.13689761,1,1
27,-11,10,-0.9165,0.6588559687,0.05469135307,-0.2382870671,4.764166526,1.08944340,1,1
27,-11,11,-0.9034210526,0.7565356509,0.1374125722,-6.593071522,3.701515915,1.04333389,1,1
27,-11,12,0.9255,0.7823732756,0.09515166438,6.12578238,1.436023486,0.99899009,0,1
27,-11,13,0.04027777778,0.8562551703,0.01966137077,-2.698546148,-0.9475565861,0.95666932,0,1
27,-11,14,0.09921052632,0.9941187926,0.03059501384,-2.525157314,-2.520413211,0.91650507,0,1
27,-11,15,-0.1056756757,0.8500528493,0.04219286807,-3.060696279,-2.861165784,0.87854065,0,1
27,-11,16,-1.963243243,0.8672388027,0.04609960269,-3.828966896,-2.125681357,0.84275621,0,1
27,-11,17,-2.093529412,1.055382341,0.005061858675,-1.171176962,-0.8569162526,0.80908938,0,1
27,-11,18,-0.6935294118,1.537678,0.008087092665,1.804648592,0.3283867273,0.77745083,0,1
27,-11,19,1.079230769,1.7043626,0.0286405363,3.300636223,1.01071863,0.74773545,0,1
27,-11,20,-1.7425,3.260853169,0.004724024401,0.8855226222,1.086856186,0.71983032,0,1
27,-11,21,2.38,5.46,0.002887138452,0.8239600866,0.7226819929,0.69362028,0,1
27,-10,0,4.397619048,0.8414243943,4.161298629,-37.46150891,-18.10863868,1.43548940,1,1
27,-10,1,1.706585366,0.5726975213,2.169953294,-26.23169962,-14.65251277,1.43015843,1,1
27,-10,2,0.5765909091,0.6352133319,0.1136736083,-3.477231058,-5.933144135,1.41451497,1,1
27,-10,3,0.7963043478,0.5804479662,0.8030448217,17.84595369,3.952810566,1.38954580,1,1
27,-10,4,1.414130435,0.5819795119,1.678468044,24.23127857,10.54340357,1.35671073,1,1
27,-10,5,-0.05355555556,0.6381625419,0.311494162,-2.072255085,11.1938083,1.31772590,1,1
27,-10,6,0.4702631579,0.6350986902,0.2632691054,-8.418953807,6.217154414,1.27435144,1,1
27,-10,7,2.353714286,0.6913353538,0.8315061791,-18.53625166,-1.533412557,1.22822489,1,0
27,-10,8,3.549736842,0.6891366191,2.844737662,-33.38851068,-8.291333161,1.18075748,1,1
27,-10,9,2.405813953,0.6679141429,2.796749072,-32.19951418,-11.25898419,1.13308969,1,1
27,-10,10,-0.8083333333,0.6762193572,0.4323950539,-9.192264551,-9.767193461,1.08609132,1,0
27,-10,11,-1.117380952,0.6691812271,0.1372037126,5.447250542,-5.235492211,1.04038854,1,1
27,-10,12,0.01904761905,0.7100246033,0.01923352242,-2.825153521,-0.1432418142,0.99640364,0,1
27,-10,13,-1.697647059,0.8195142314,0.1232736049,6.351432675,3.308575015,0.95439713,0,1
27,-10,14,-1.798974359,0.791969889,0.282188879,10.01650687,4.131931676,0.91450662,0,0
27,-10,15,-0.2305,0.8120933213,0.05564824641,3.973423439,2.713683892,0.87677994,0,1
27,-10,16,1.233333333,0.8970546799,0.02022781141,-2.885367392,0.3005571498,0.84120163,0,1
27,-10,17,-0.8738709677,0.9803720439,0.05655863754,-4.511234052,-1.783172761,0.80771347,0,1
27,-10,18,-1.541666667,1.35406521,0.0598403875,-4.167229281,-2.744174469,0.77622987,0,1
27,-10,19,2.7325,1.904980762,0.05269383248,-3.950326577,-2.513548272,0.74664901,0,1
27,-9,0,3.922173913,0.9120259246,3.567783257,34.27385107,17.59720094,1.42532652,1,1
27,-9,1,2.51925,0.6418687049,3.42473723,34.56525077,15.16865862,1.42010757,1,1
27,-9,2,1.46326087,0.5393023919,1.292719935,21.4113466,8.909763663,1.40478810,1,1
27,-9,3,-0.6619148936,0.5300687964,0.03190947315,-3.351253425,1.429991924,1.38032166,1,1
27,-9,4,-0.3322727273,0.5599262697,0.04689220326,-1.163888188,-4.260825096,1.34812118,1,1
27,-9,5,-0.155,0.6185434213,0.1386949498,4.559694538,-6.075567848,1.30985151,1,1
27,-9,6,0.5515384615,0.6321445815,0.2397696844,9.280081383,-3.692568937,1.26722519,1,1
27,-9,7,-0.7637837838,0.6582566567,0.03438369454,3.49548096,1.444567996,1.22184100,1,1
27,-9,8,0.462,0.6825429044,0.1575504721,4.219778893,6.909526078,1.17508216,1,1
27,-9,9,1.457209302,0.6659185274,0.9662882402,17.12282481,10.432078,1.12807149,1,1
27,-9,10,0.7015,0.6987338102,1.628045329,23.66163802,10.83821886,1.08166962,1,1
27,-9,11,2.256190476,0.7889105053,1.198784139,20.69713643,8.389080888,1.03649993,1,1
27,-9,12,0.414047619,0.8218258234,0.1101128709,5.103427024,4.446002794,0.99298609,0,1
27,-9,13,0.3159459459,0.9222359449,0.04648203286,4.339418609,0.7127853883,0.95139257,0,1
27,-9,14,1.503888889,0.9180613872,0.02504486179,-2.83920764,-1.535802474,0.91186225,0,1
27,-9,15,-1.098809524,0.9974898346,0.06741860342,-4.946586036,-1.892210015,0.87444871,0,1
27,-9,16,0.5458974359,0.8663785765,0.002475024565,-0.635778533,-0.790890148,0.83914218,0,1
27,-9,17,-0.7296774194,1.219481336,0.02378620364,3.022646769,0.8716291391,0.80588980,0,1
27,-9,18,0.2777777778,1.298507579,0.05651287676,4.309261588,2.223097791,0.77461082,0,1
27,-9,20,-2.6625,2.817112884,0.03626054361,2.98625838,2.483601895,0.71757436,0,1
27,-8,0,4.273333333,0.786910604,3.911373786,-36.91809081,-16.2592139,1.41292135,1,1
27,-8,1,0.955,0.5824989807,1.70110506,-23.51034901,-12.44988862,1.40783700,1,1
27,-8,2,-0.6509302326,0.5704580532,0.04451634769,3.231470145,-2.842253351,1.39290708,1,1
27,-8,3,1.365652174,0.5531088029,1.457341134,23.27427925,8.039116997,1.36904574,1,1
27,-8,4,1.206666667,0.548618917,1.549607953,20.29386882,15.25993161,1.33761021,1,1
27,-8,5,0.3335897436,0.6466606307,1.307578924,17.07879973,15.88478076,1.30020421,1,1
27,-8,6,0.90325,0.6981403308,0.7085189817,13.77893119,10.24289156,1.25848326,1,1
27,-8,7,-0.724,0.6347910581,0.006032956859,-0.5714328458,1.4776488,1.21399938,1,1
27,-8,8,1.390833333,0.7566997449,0.9145531208,-18.48101386,-6.240782818,1.16810177,1,1
27,-8,9,1.50047619,0.7261656057,1.514013775,-23.10768041,-9.794536817,1.12189150,1,1
27,-8,10,0.06642857143,0.7087038783,0.49777714,-11.67803529,-8.409588385,1.07621771,1,1
27,-8,11,0.3175609756,0.8239022838,0.0592132781,-3.387360722,-3.627833376,1.03169993,1,1
27,-8,12,0.7055263158,0.8794474615,0.0519910518,4.280984528,1.817632546,0.98876319,0,1
27,-8,13,0.1586666667,0.8936100318,0.2510134231,8.625615328,5.480112882,0.94767647,0,1
27,-8,14,0.720625,0.9563730353,0.4167491444,11.59398594,6.242265894,0.90858883,0,1
27,-8,15,1.018648649,0.9002520636,0.2322675807,8.734545878,4.510152048,0.87156066,0,1
27,-8,16,0.7842857143,1.063450566,0.01148213767,1.427235932,1.65531974,0.83658901,0,1
27,-8,17,0.5370967742,1.021557288,0.03286392389,-3.599123439,-0.8480455991,0.80362748,0,1
27,-8,18,-0.1917647059,1.410886246,0.05423008718,-4.25907027,-2.102968495,0.77260119,0,1
27,-8,20,5.328,3.149924444,0.00852847304,-1.540464632,-1.084065125,0.71597589,0,1
27,-7,0,6.175217391,0.9441973544,4.624409306,39.26116032,19.55821085,1.39845420,1,1
27,-7,1,3.015581395,0.752952498,3.603465166,34.65381317,17.27185167,1.39352389,1,1
27,-7,2,3.514222222,0.6154778458,3.381501776,35.74087385,11.3774693,1.37904008,1,1
27,-7,3,0.1031818182,0.5741247381,1.023800828,20.18010359,4.325577886,1.35587259,1,1
27,-7,4,0.3746808511,0.6303195709,0.02352375215,2.942975855,-1.061052464,1.32531579,1,1
27,-7,5,-0.6773684211,0.681321689,0.157600692,7.586230384,-2.831622651,1.28890408,1,1
27,-7,6,0.1539473684,0.6590862397,0.04193142579,-4.11828517,-0.6964817764,1.24822797,1,1
27,-7,7,0.6963888889,0.7181728528,0.182048723,-7.739949811,3.979150158,1.20478579,1,1
27,-7,8,-0.5078947368,0.7491001864,0.2151355436,3.161208527,8.916996447,1.15988726,1,1
27,-7,9,1.238974359,0.7516099495,1.545797436,22.34176974,11.99860839,1.11460789,1,1
27,-7,10,2.3305,0.9376874137,2.276600623,28.27821382,12.14540675,1.06978296,1,1
27,-7,11,3.547894737,0.794314806,1.639678433,24.27904332,9.628502067,1.02602702,1,1
27,-7,12,-0.7154054054,0.7952230003,0.9598709154,19.14040434,5.744075785,0.98376614,0,1
27,-7,13,0.7158064516,0.9023928494,0.01193630547,-0.7590680737,2.095198259,0.94327411,0,1
27,-7,14,-0.6796774194,0.9020847631,0.05167060142,-4.634626426,-0.1324111657,0.90470687,0,1
27,-7,15,-0.001428571429,0.9381391507,0.002483452534,-0.8381687961,-0.5750661292,0.86813247,0,1
27,-7,16,-1.018235294,0.991577496,0.002098052664,0.8693422134,0.342240288,0.83355576,0,1
27,-7,17,0.9728,1.13009635,0.03815476013,3.569355811,1.770253053,0.80093769,0,1
27,-7,20,0.3775,3.526630533,0.02638057585,1.662099058,2.865821545,0.71407174,0,1
27,-6,0,3.327272727,0.9366697898,1.725933263,-24.10305252,-11.70934438,1.38212473,1,1
27,-6,1,0.02609756098,0.6856526069,1.004563062,-18.53954924,-8.615598804,1.37736454,1,1
27,-6,2,0.09377777778,0.5391817761,0.1740126937,-8.467580306,-0.8349808932,1.36337376,1,1
27,-6,3,0.007142857143,0.6631907602,0.5429229469,12.77847197,7.911449032,1.34097423,1,1
27,-6,4,2.627446809,0.551902139,2.33421181,28.04316443,13.59110214,1.31139198,1,1
27,-6,5,2.918947368,0.7121593583,1.842712785,23.97464145,13.8516421,1.27608575,1,1
27,-6,6,0.412195122,0.6422400311,1.249006196,20.92410923,9.045685289,1.23657457,1,1
27,-6,7,1.730277778,0.6725611421,0.5442943405,14.93773571,1.820710071,1.19429724,1,1
27,-6,8,0.954,0.7958424742,0.1759082866,7.342248035,-4.390575707,1.15051926,1,1
27,-6,9,-1.434102564,0.8393358757,0.1612430646,-4.096337825,-7.092558463,1.10628703,1,1
27,-6,10,1.015405405,0.7611718696,0.5601591981,-14.13682404,-5.762085887,1.06241968,1,1
27,-6,11,0.6484615385,0.8181232051,0.446771008,-13.51805036,-1.771765724,1.01952543,1,1
27,-6,12,0.4433333333,0.8524699632,0.0606867912,-4.308204327,2.586080217,0.97803090,0,0
27,-6,13,-0.03137931034,0.9054704271,0.3180401543,10.19120779,5.334631793,0.93821476,0,1
27,-6,14,1.676666667,0.9497024095,0.4938712359,13.17410931,5.649380241,0.90024019,0,1
27,-6,15,0.5073684211,0.8662326493,0.1621985189,7.19209816,3.969333089,0.86418360,0,1
27,-6,16,0.5593939394,0.9544524726,0.02004700572,2.474103923,1.489720129,0.83005832,0,1
27,-6,17,-1.507333333,1.027045763,0.009283289844,-1.88027252,-0.5717005141,0.79783347,0,1
27,-6,18,0.845625,1.378996465,0.02652316885,-2.951121937,-1.525028138,0.76744848,0,1
27,-6,19,1.268333333,2.53234597,0.007775522308,-1.175312041,-1.36147299,0.73882389,0,1
27,-6,20,0.24,4.253260514,0.001174711196,0.4329567441,-0.5488908497,0.71186933,0,1
27,-5,0,-0.2714285714,0.8010944894,0.4819871687,7.379050934,12.0862713,1.36414511,1,1
27,-5,1,1.605714286,0.6853690091,0.9055320261,16.04713607,10.91931711,1.35956767,1,1
27,-5,2,0.8524444444,0.5645515925,1.483024983,23.55486642,7.885009916,1.34610699,1,0
27,-5,3,0.4626666667,0.6355447357,0.906815949,18.96827341,4.181008952,1.32453447,1,1
27,-5,4,-0.4874418605,0.5566700617,0.2647315799,10.42343527,1.221574666,1.29600409,1,1
27,-5,5,-0.3517142857,0.6536577736,0.002427121488,1.003982951,0.04254371451,1.26189433,1,1
27,-5,6,0.7347368421,0.6426593813,0.3068028414,-11.26281989,0.8903219482,1.22364788,1,1
27,-5,7,0.4967647059,0.6962687878,0.08648259163,-5.092646401,3.169479699,1.18263935,1,1
27,-5,8,0.4997058824,0.7691998163,0.446609406,12.3568983,5.754708504,1.14008598,1,1
27,-5,9,1.55725,0.8318940381,0.8724456419,17.51070088,7.50679643,1.09700192,1,1
27,-5,10,-0.3971052632,0.9423249831,0.4110373998,10.53426348,7.748505892,1.05418786,1,1
27,-5,11,1.3905,0.8316330822,0.3009336189,9.113304577,6.492272638,1.01224427,1,1
27,-5,12,1.685263158,0.8998081617,0.2714213949,9.698149696,4.343892711,0.97159760,0,1
27,-5,13,1.317666667,0.9361243388,0.04546218236,3.77266067,2.163641526,0.93253114,0,1
27,-5,14,-0.3503333333,0.9288066418,0.007013092419,-1.571729059,0.6689018828,0.89521554,0,1
27,-5,15,0.4566666667,0.9694935677,0.002456179361,-0.9973561865,0.1648082331,0.85973592,0,1
27,-5,16,0.5135294118,1.034648483,0.003933401233,1.176665749,0.5019258819,0.82611465,0,1
27,-5,17,0.08566666667,1.08308687,0.008426983569,1.404731835,1.238035848,0.79432961,0,1
27,-5,18,-1.036875,1.59965067,0.02234765747,2.392318973,1.890619172,0.76432836,0,1
27,-5,20,2.17,6.26,0.02064977068,2.187623009,1.950779126,0.70937707,0,1
27,-4,0,0.8877272727,0.7979068754,0.3162740865,-9.416680687,-6.55060103,1.34473336,1,1
27,-4,1,0.1193181818,0.6095045641,0.1401332619,-5.835950561,-4.923761017,1.34034794,1,1
27,-4,2,-0.2097826087,0.56830543,0.04542841759,-4.258837041,-0.8732540173,1.32744473,1,0
27,-4,3,-0.7713043478,0.5838128554,0.169847006,7.614302001,3.561797425,1.30674344,1,1
27,-4,4,0.9731707317,0.5734346045,0.495493916,12.93758026,6.226297301,1.27932387,1,1
27,-4,5,0.42225,0.6069121127,0.1174256831,3.645908825,5.96336448,1.24648139,1,1
27,-4,6,0.7671794872,0.6944260389,0.4033569556,12.56819997,3.13926581,1.20957900,1,1
27,-4,7,0.3134482759,0.8851151822,0.7570558661,17.73480527,-0.6678188148,1.16992368,1,1
27,-4,8,0.1026470588,0.7488210947,0.3692333117,11.86599544,-3.57991922,1.12868115,1,1
27,-4,9,-1.003157895,0.7211180573,0.1008694877,-4.766511347,-4.387096367,1.08683054,1,1
27,-4,10,1.688333333,0.8470474865,0.09690556791,-5.567314127,-3.053209688,1.04515193,1,1
27,-4,11,-1.124473684,0.7717228092,0.04444691616,-4.264169023,-0.5556791481,1.00423655,1,1
27,-4,12,-0.277027027,0.8431697723,0.0740115427,-5.263053809,1.758521002,0.96450970,0,1
27,-4,13,-0.4442105263,0.8078209721,0.03581089804,2.560024619,2.88880921,0.92625891,0,1
27,-4,14,0.01939393939,0.928220534,0.1003540124,5.920019727,2.589430531,0.88966216,0,1
27,-4,15,-0.8234210526,0.8640659136,0.05510092766,4.601487665,1.323168978,0.85481345,0,1
27,-4,16,-0.94,0.901275331,0.0006999180712,0.5260790822,-0.1201590857,0.82174451,0,1
27,-4,17,-1.291034483,1.0281681,0.006579909603,-1.259113903,-1.073392101,0.79044242,0,1
27,-4,18,-2.750714286,1.596206858,0.009368200939,-1.5117543,-1.269721228,0.76086331,0,1
27,-3,0,0.06761904762,0.8105735491,0.5923387779,-15.6639016,-1.040080418,1.32410739,1,1
27,-3,1,0.2563043478,0.5807797822,0.4623716353,-13.85726095,-0.5862773362,1.31992007,1,1
27,-3,2,-0.5890909091,0.5772561966,0.02534181838,-3.205517758,0.517679886,1.30759251,1,1
27,-3,3,-0.6747727273,0.5512602485,0.01321919487,-1.664912472,1.651619282,1.28779249,1,1
27,-3,4,0.4602439024,0.7284784919,0.06335502646,-4.641188598,2.194973741,1.26152501,1,1
27,-3,5,0.2835,0.6471643819,0.01220764961,1.246419988,1.877596514,1.23000107,1,1
27,-3,6,-0.3541176471,0.7716483639,0.1886214397,8.811559918,0.9118205631,1.19450212,1,1
27,-3,7,-0.2711428571,0.8737048298,0.2470936646,10.13788615,-0.159202977,1.15626518,1,1
27,-3,8,-1.338157895,0.7194136675,0.006228067374,-1.403691402,-0.7879128588,1.11640197,1,1
27,-3,9,-0.06487179487,0.7258949452,0.1162774708,-6.917979827,-0.7198709871,1.07585425,1,1
27,-3,10,-0.8489473684,0.7502259586,0.09545840511,-6.301257448,-0.09563330269,1.03537951,1,1
27,-3,11,-0.7210526316,0.7751507761,0.0436861381,-4.209153787,0.6770696166,0.99555818,0,1
27,-3,12,0.611025641,0.7973892311,0.02143957476,-2.744460398,1.178034285,0.95681334,0,1
27,-3,13,0.2902777778,0.8529119058,0.007860262902,-1.356678612,1.195678109,0.91943606,0,0
27,-3,14,-0.5678378378,0.9218906131,0.006042484624,1.369714779,0.7986406432,0.88361133,0,1
27,-3,15,-1.716944444,0.870032593,0.00707561788,1.698002188,0.2460974157,0.84944197,0,1
27,-3,16,0.6427027027,0.9026889059,0.0003539245373,-0.3372259042,-0.1831043963,0.81696922,0,1
27,-3,17,-0.2540909091,1.304063854,0.00182388593,-0.8045181798,-0.3340196122,0.78618954,0,1
27,-2,0,1.2025,0.8318638711,1.190059301,22.20912975,-1.36849015,1.30247983,1,1
27,-2,1,-0.2189361702,0.5430155727,0.4907116147,14.21993279,-1.397003946,1.29849375,1,1
27,-2,2,0.86,0.6975311865,0.04270000482,3.920193913,-1.548290264,1.28675155,1,1
27,-2,3,-0.3159090909,0.5866650937,0.01228115022,-1.147581107,-1.947451827,1.26786977,1,1
27,-2,4,-0.9309302326,0.6721933005,0.09703023224,-5.78776203,-2.621212057,1.24277923,1,1
27,-2,5,-0.01558139535,0.6085372438,0.3540689693,-11.65512923,-3.386234372,1.21260672,1,0
27,-2,6,2.317037037,0.8604940963,0.5652945541,-14.83474838,-3.888213893,1.17855162,1,1
27,-2,7,0.2452777778,0.7256664668,0.4107195737,-12.51110249,-3.788157234,1.14177973,1,1
27,-2,8,-1.04575,0.7855339428,0.1074755366,-5.985539173,-2.981271425,1.10334710,1,1
27,-2,9,-0.1447368421,0.8177733827,0.09475530276,6.043989552,-1.700781951,1.06415622,1,1
27,-2,10,0.3786111111,0.9592132319,0.2204234212,9.566754946,-0.4280885018,1.02494019,1,1
27,-2,11,0.1815,0.7692477657,0.08639587892,5.985393106,0.3458929162,0.98626706,0,1
27,-2,12,0.4680645161,0.8827265372,0.006639065709,1.620387031,0.3694535081,0.94855653,0,1
27,-2,13,-1.175714286,0.8964605739,0.001002163468,-0.5937910222,-0.2536874288,0.91210233,0,1
27,-2,14,1.045263158,0.8456278298,0.01280552852,-2.007468371,-1.139186867,0.87709594,0,1
27,-2,15,-0.05447368421,0.9007579152,0.03001471669,-3.021087677,-1.833167133,0.84364873,0,1
27,-2,16,0.2862162162,0.9193752245,0.01384477447,-1.273841985,-2.034053994,0.81181135,0,1
27,-2,17,0.5204761905,1.242290986,0.009356289473,-0.9862241357,-1.708800547,0.78158975,0,1
27,-2,18,-0.5916666667,2.200948028,0.006763020836,-1.299743773,-1.060371189,0.75295802,0,1
27,-1,0,0.8661904762,0.9055060348,2.073379662,-26.26185711,-13.15044034,1.28005383,1,1
27,-1,1,1.923111111,0.5792537131,3.101589813,-34.13105996,-11.20141273,1.27626952,1,1
27,-1,2,2.757,0.702190912,1.526535795,-24.40491773,-6.285503929,1.26511486,1,1
27,-1,3,-0.5059574468,0.5834109453,1.275900113,-23.028787,-0.7119118784,1.24715653,1,1
27,-1,4,1.385909091,0.678330038,0.557451485,-14.92754262,3.015521261,1.22325288,1,1
27,-1,5,-0.5026190476,0.5901551066,0.5690681537,14.99944678,3.431406471,1.19444789,1,1
27,-1,6,0.3282758621,0.9354621456,1.639754054,26.10865818,0.7412328668,1.16185949,1,1
27,-1,7,0.5527027027,0.8420565637,0.2367665223,9.312066807,-3.433793394,1.12658204,1,1
27,-1,8,0.08527777778,0.7865887256,1.29093443,-22.09635357,-6.988416177,1.08961494,1,1
27,-1,9,3,0.7631496812,1.761416158,-25.73724411,-8.391819399,1.05182000,1,1
27,-1,10,1.132368421,0.7753562312,0.9277335045,-18.2317044,-7.320097725,1.01390432,1,1
27,-1,11,0.2948717949,0.8131510054,0.3535863956,-11.22012522,-4.606152232,0.97642214,0,1
27,-1,12,-0.0175862069,1.112897812,0.1164958059,-6.765267452,-1.642757634,0.93978844,0,1
27,-1,13,-0.2596875,1.108714335,0.08260836475,-5.85097298,0.367302915,0.90429866,0,1
27,-1,14,-0.4561538462,0.8424263274,0.006767417215,1.406416675,0.9151732955,0.87015005,0,1
27,-1,15,0.356,0.8431738774,0.02943444824,3.490478388,0.25023056,0.83746206,0,1
27,-1,17,0.9146666667,1.481014367,0.02576386781,-2.670258315,-1.89437289,0.77666273,0,1
27,0,0,2.135,1.413438847,1.354574594,23.42176036,3.871061167,1.25701984,1,1
27,0,1,1.400952381,0.8516298899,2.379464778,31.35821105,2.574295675,1.25343560,1,1
27,0,2,1.447727273,0.8359860808,0.6341101771,16.22324479,-0.7903736852,1.24286410,1,0
27,0,3,0.2063157895,0.8851644291,0.06203716548,1.444591086,-4.870668174,1.22582416,1,1
27,0,4,0.305,1.106330925,0.4609562698,-11.26054309,-8.060937643,1.20310423,1,1
27,0,5,3.457368421,1.135732971,2.860153243,-33.25482566,-9.168914681,1.17566789,1,1
27,0,6,6.198571429,1.516246398,4.161996706,-40.85861439,-7.883622683,1.14455321,1,1
27,0,7,2.706875,1.129786,2.777162518,-33.64393007,-4.848764792,1.11078378,1,1
27,0,8,1.038,1.461234446,0.02112062531,-2.649450492,-1.329489537,1.07530205,1,1
27,0,9,-0.4835,1.042517146,0.4594910366,13.75963827,1.356944483,1.03892819,1,1
27,0,10,1.289444444,1.160924892,0.7611141807,17.63492507,2.380579578,1.00234204,1,1
27,0,11,0.01263157895,1.138817606,0.2970675682,10.99025699,1.675626618,0.96608255,0,1
27,0,12,1.72625,1.229859621,0.02847720433,3.43927422,-0.1385316301,0.93055875,0,1
27,0,13,0.3183333333,1.464903184,0.03211803179,2.981708726,-2.114700753,0.89606666,0,1
27,0,14,-0.006842105263,1.452495544,0.05088263908,-3.078850935,-3.419085253,0.86280845,0,1
27,0,15,-0.2075,1.380840109,0.1401340669,-6.706625162,-3.650103467,0.83091106,0,0
27,0,16,0.8935714286,1.460978146,0.06661226376,-4.38330417,-2.915534794,0.80044305,0,1
27,0,17,0.3325,2.76037022,0.02413834604,-2.687823775,-1.678761828,0.77142888,0,1
27,0,18,0.79,6.16,0.002189088952,-0.8201542267,-0.487961612,0.74386069,0,1
28,-14,0,5.088888889,1.360791799,7.989281761,-52.03096154,-24.83303623,1.39964286,1,1
28,-14,1,12.44208333,0.9745954467,10.92752798,-64.05250797,-21.06227643,1.39470001,1,1
28,-14,2,0.8459090909,0.9674945684,1.237695156,-19.5453927,-11.52885479,1.38017987,1,1
28,-14,3,-0.8014285714,0.7819746503,0.03823561289,3.933980799,-0.656909611,1.35695586,1,1
28,-14,4,2.048636364,0.9390324521,0.2968366428,8.850428438,6.720663243,1.32632740,1,1
28,-14,5,4.2185,0.9031984832,2.010655102,27.87544454,7.712494574,1.28983452,1,1
28,-14,6,0.405,0.9222839498,0.02240975476,1.586311619,2.60903845,1.24907302,1,1
28,-14,7,1.469473684,1.022592587,0.8539292241,-18.0139133,-5.547242792,1.20554559,1,1
28,-14,8,0.7308333333,1.209924527,1.712933827,-23.48333258,-12.69608708,1.16056520,1,1
28,-14,9,-0.83,1.281828053,0.836745177,-9.949071293,-15.78415721,1.11520944,1,1
28,-14,10,4.066842105,1.091397488,2.366166201,-28.06356118,-14.03097026,1.07031479,1,1
28,-14,11,3.408333333,1.595274117,2.569923582,-31.45975444,-8.915586389,1.02649619,1,1
28,-14,12,0.8129411765,1.177554648,0.03160870125,-1.890252035,-3.094768009,0.98417967,0,1
28,-14,13,1.885,1.292220443,0.01430738491,2.211778895,1.029830047,0.94363863,0,1
28,-14,14,2.28125,1.252623809,0.1865931731,8.49657078,2.332260648,0.90502846,0,1
28,-14,15,0.0245,1.190271193,0.04975651253,4.39806041,1.165337878,0.86841661,0,1
28,-14,16,-1.327222222,1.544567711,0.09651165069,-6.228399172,-1.166290041,0.83380727,0,1
28,-14,17,0.8130769231,1.558029023,0.1051432828,-5.768354773,-3.235802713,0.80116081,0,1
28,-14,18,3.946666667,2.351138022,0.07933520137,-3.966405457,-4.156277274,0.77040856,0,1
28,-14,19,0.445,2.40737305,0.05087270379,-2.579445365,-3.809435014,0.74146383,0,1
28,-14,20,2.09,6.5,0.05796814498,-4.129077879,-2.658584612,0.71422984,0,1
28,-13,0,26.616,1.918105663,29.46373664,105.7114627,32.91392785,1.39845420,1,1
28,-13,1,30.24195122,1.119616447,29.52358451,106.9434752,29.09007586,1.39352389,1,1
28,-13,2,5.398444444,0.6183968321,5.285534855,42.63392106,19.52867298,1.37904008,1,1
28,-13,3,1.828333333,0.6919239548,0.6672129582,14.07102879,8.921701471,1.35587259,1,1
28,-13,4,1.159574468,0.6056858222,0.01266855738,0.5542973003,2.227878885,1.32531579,1,0
28,-13,5,-0.85375,0.6121398667,0.3894337085,-12.55180956,2.115187908,1.28890408,1,1
28,-13,6,-0.78325,0.5931282534,0.1683769637,3.124648509,7.764596821,1.24822797,1,1
28,-13,7,1.641351351,0.7354974377,1.560112425,20.14714653,15.59389125,1.20478579,1,1
28,-13,8,3.371304348,0.9100454544,4.39429929,37.04655622,21.34897829,1.15988726,1,1
28,-13,9,4.177714286,1.00789506,3.715820447,32.37892195,22.30591609,1.11460789,1,1
28,-13,10,5.552,0.8512215952,5.330224714,43.34609074,18.40461092,1.06978296,1,1
28,-13,11,4.234,1.016807014,3.28626661,35.02066418,11.86540507,1.02602702,1,1
28,-13,12,0.5875,0.8615837199,0.5680244494,14.26828277,5.72187319,0.98376614,0,1
28,-13,13,0.5875,0.8487909025,0.09151613945,5.760000453,2.212967705,0.94327411,0,1
28,-13,14,-0.8486206897,0.9231078278,0.01420400624,1.53442,1.88548691,0.90470687,0,0
28,-13,15,0.6463157895,0.8727466348,0.04418637013,2.132503179,3.719670428,0.86813247,0,1
28,-13,16,-0.4520588235,0.9877430457,0.3763346815,10.98570568,5.990528299,0.83355576,0,1
28,-13,17,-0.3764285714,1.067048368,0.3766290838,10.1975259,7.259828429,0.80093769,0,1
28,-13,20,-0.4475,3.046072266,0.06699092683,3.9360546,3.518339614,0.71407174,0,1
28,-12,0,5.282272727,0.9415667913,6.205370939,-45.32739986,-22.95953635,1.39490632,1,1
28,-12,1,8.927045455,0.8508772727,9.258598857,-58.84130269,-19.740688,1.39001331,1,1
28,-12,2,0.8568888889,0.6164278671,0.9509307636,-16.16246674,-11.59330188,1.37563756,1,1
28,-12,3,0.4593023256,0.5708534974,0.21551979,-9.192214123,-2.273571707,1.35263830,1,1
28,-12,4,-0.07553191489,0.5377656523,0.0825913583,4.182459616,4.107158673,1.32229479,1,1
28,-12,5,1.099090909,0.5760190395,0.1174796846,4.809151137,5.074337345,1.28612478,1,1
28,-12,6,1.044864865,0.6457135169,0.1371876309,7.507099181,0.8483444751,1.24570309,1,1
28,-12,7,1.102894737,0.7147970604,0.08862923202,-0.8818341192,-6.008004369,1.20251499,1,1
28,-12,8,2.883125,0.7473298824,2.119889653,-27.14367722,-12.04949194,1.15786057,1,1
28,-12,9,2.646052632,0.7218509315,2.045750732,-25.22095497,-14.66382529,1.11280904,1,1
28,-12,10,2.127297297,0.7715454121,2.059145811,-26.14657033,-13.15500502,1.06819223,1,1
28,-12,11,3.131351351,0.7982189359,0.7228436522,-14.97312188,-8.748777102,1.02462335,1,1
28,-12,12,1.412432432,0.9239954699,0.5030472759,-13.98844454,-3.689677227,0.98252867,0,1
28,-12,13,0.2379310345,1.092421879,0.003709769699,1.241983502,-0.03013429209,0.94218307,0,1
28,-12,14,-0.1442857143,1.068753097,0.032100506,3.436533389,1.243178567,0.90374413,0,0
28,-12,15,1.180555556,0.9794390154,0.01442730257,2.417595969,0.3970348578,0.86728173,0,1
28,-12,16,0.9505882353,0.9324540212,0.07461496456,-5.371214481,-1.480958187,0.83280258,0,1
28,-12,17,-0.4021428571,1.046645212,0.05566300026,-3.611919396,-3.179992238,0.80026945,0,1
28,-12,18,-1.635625,1.499212007,0.07180564769,-3.796938969,-3.93161982,0.76961586,0,1
28,-12,19,-0.43,1.606215185,0.07657989144,-4.335700423,-3.614191746,0.74075708,0,1
28,-12,20,1.558333333,3.136592011,0.03221635619,-2.572689779,-2.604749675,0.71359808,0,1
28,-11,0,3.524583333,0.8432045025,5.314601959,41.56274715,21.99207961,1.38905272,1,1
28,-11,1,8.1525,0.724381206,10.08770943,61.85507104,19.25853454,1.38422084,1,1
28,-11,2,1.735555556,0.5652537068,1.91529672,25.33532338,12.4487346,1.37002223,1,1
28,-11,3,0.8804347826,0.5745274855,0.6654971302,15.88045125,4.968703531,1.34729886,1,1
28,-11,4,-0.4851111111,0.5536434651,0.1381857008,7.572359644,0.3883784843,1.31730537,1,1
28,-11,5,0.2914285714,0.589411771,0.001525631209,0.5529623921,0.5735536709,1.28153231,1,1
28,-11,6,-0.4341176471,0.6898534898,0.07191379324,-2.550880988,4.838634057,1.24152878,1,1
28,-11,7,-0.69275,0.6674063833,0.5678677107,11.20714805,10.51942719,1.19875868,1,1
28,-11,8,5.617142857,0.7471453701,4.928489066,42.88586307,14.53533388,1.15450624,1,1
28,-11,9,3.38974359,0.725358557,3.228049526,33.43823349,14.99661203,1.10983023,1,1
28,-11,10,2.12452381,0.7068023471,1.655078204,23.34167532,11.98971172,1.06555671,1,1
28,-11,11,0.5115,0.7523492736,0.4025527847,10.73080302,7.233943293,1.02229666,1,1
28,-11,12,-0.5913157895,0.8199529157,0.2007362712,8.645521927,2.961464245,0.98047655,0,1
28,-11,13,1.1,0.8576286184,0.009888841296,1.889768189,0.7368711313,0.94037306,0,1
28,-11,14,0.5874193548,0.8984642348,0.008079305069,-1.629519611,0.8402501007,0.90214636,0,1
28,-11,15,-0.02555555556,0.8643701768,0.02976750474,2.556074987,2.418905095,0.86586936,0,1
28,-11,18,-0.2028571429,1.614617101,0.08538671748,3.611932151,4.741166747,0.76862841,0,1
28,-11,19,0.4688888889,2.677614737,0.06068272398,3.547718837,3.558150407,0.73987648,0,1
28,-11,20,-0.1966666667,3.304122005,0.03901739134,3.417329419,2.134209412,0.71281072,0,1
28,-10,0,0.6679166667,0.8389324175,1.507156957,-18.44770586,-16.93302244,1.38098012,1,1
28,-10,1,4.60575,0.6561803699,5.265432492,-44.27033541,-15.19191261,1.37623170,1,0
28,-10,2,2.212045455,0.6990058313,1.459777984,-22.17251095,-10.75700117,1.36227506,1,1
28,-10,3,0.8520833333,0.5389097308,1.010710571,-19.72672486,-5.599767434,1.33992876,1,1
28,-10,4,1.352325581,0.5776260606,1.438789074,-24.39209319,-1.904409364,1.31041414,1,1
28,-10,5,0.4010810811,0.6590616662,0.01895173322,-2.610844802,-1.033568125,1.27518472,1,1
28,-10,6,0.1144444444,0.6712607712,0.0271806487,-1.603111348,-2.956079618,1.23575462,1,1
28,-10,7,0.3197435897,0.6626147079,0.1147792641,-2.627556028,-6.391344698,1.19355850,1,1
28,-10,8,2.169189189,0.7227604302,0.9912002283,-17.9292365,-9.535531831,1.14985877,1,1
28,-10,9,-0.404,0.7348201245,0.8616171699,-15.44551195,-10.95023594,1.10569979,1,1
28,-10,10,1.533658537,0.8836293476,1.995904313,-26.96606453,-10.15959413,1.06189954,1,1
28,-10,11,1.103863636,0.6851033357,1.395136832,-22.82595457,-7.708144198,1.01906575,1,1
28,-10,12,-0.445,0.7338211014,0.1259358525,-5.472716217,-4.73754764,0.97762507,0,1
28,-10,13,0.2613513514,0.8148891126,0.2213848737,-9.30026279,-2.368792832,0.93785648,0,1
28,-10,14,0.5029032258,0.8988614296,0.02252291694,-2.807620265,-1.219760302,0.89992367,0,1
28,-10,15,-0.6288571429,0.9001389915,0.00460439667,0.5805003612,-1.25644558,0.86390360,0,1
28,-10,17,-0.2114814815,1.083342703,0.05310853708,-3.825823398,-2.731046701,0.79761312,0,1
28,-10,19,1.196,2.035065492,0.02855626099,-1.890870051,-2.881891697,0.73864889,0,1
28,-10,20,-0.8425,2.640576405,0.03791957238,-3.248666429,-2.285260275,0.71171279,0,1
28,-9,0,0.8279166667,0.7405736328,0.2605460095,-9.018491365,5.202468192,1.37080493,1,1
28,-9,1,0.3161538462,0.5992580883,0.482745199,13.5086209,4.284960041,1.36616035,1,1
28,-9,2,-0.5755555556,0.5462234427,0.01024222004,0.2076989153,2.053797821,1.35250486,1,1
28,-9,3,0.50125,0.5290272946,0.08317583594,5.877810959,-0.2371246911,1.33062827,1,1
28,-9,4,0.3574418605,0.6120098412,0.3836202897,12.56220718,-1.339496212,1.30171086,1,1
28,-9,5,0.28,0.689697222,0.007388190875,-1.596853886,-0.7237937991,1.26716045,1,1
28,-9,6,0.2786111111,0.6945256635,0.0291305258,3.283811701,1.155936854,1.22844774,1,1
28,-9,7,0.008717948718,0.7276048352,0.3930667701,12.38678072,3.178226504,1.18697094,1,1
28,-9,8,0.6016666667,0.8751043022,1.144908473,21.41177073,4.2272341,1.14396511,1,1
28,-9,9,1.345365854,0.6830841195,0.09050002338,4.814827397,3.80388202,1.10045637,1,0
28,-9,10,0.2147619048,0.7668449198,0.06738852337,4.801913846,2.231206157,1.05725232,1,1
28,-9,11,-1.822325581,0.7043706173,0.0371528142,3.912842134,0.3832866134,1.01495639,1,1
28,-9,12,0.1185,0.7305625829,0.06307732395,-5.051874089,-0.8494543967,0.97399518,0,1
28,-9,13,0.4232432432,0.7895202009,0.0136489376,-2.151509101,-1.024490454,0.93465037,0,1
28,-9,14,0.2486842105,0.8129933831,0.001816810141,-0.8168917845,-0.297594638,0.89708991,0,1
28,-9,15,0.2477142857,1.028589643,0.001993189929,0.4898539273,0.7676586568,0.86139574,0,1
28,-9,16,-0.9951428571,0.9259936631,0.08848952619,5.862376377,1.564662012,0.82758693,0,1
28,-9,17,-1.438571429,1.039114677,0.02811581344,2.936402353,1.75356338,0.79563814,0,1
28,-9,18,-1.708571429,1.826281533,0.007370434958,1.096454413,1.365364514,0.76549394,0,0
28,-9,19,-0.324,1.784355346,0.001943534927,0.5712817641,0.6944315046,0.73707951,0,1
28,-9,20,-0.4933333333,3.012793093,0.002962083283,1.106655042,0.0876043687,0.71030860,0,1
28,-8,0,0.04875,0.75695158,0.256954018,8.095589662,-6.431629634,1.35866879,1,1
28,-8,1,0.7645238095,0.5730890062,1.33340497,-22.60319247,-6.622095358,1.35414608,1,1
28,-8,2,1.27744186,0.5774673355,1.509911159,-24.05380263,-7.043120862,1.34084422,1,1
28,-8,3,0.8906818182,0.5975119659,1.459903864,-23.52603341,-7.342441002,1.31951976,1,1
28,-8,4,-0.2734883721,0.5649932874,0.8395804908,-17.24814586,-7.19754964,1.29130536,1,1
28,-8,5,1.632222222,0.637760235,1.497865279,-24.09464306,-6.528975449,1.25755570,1,1
28,-8,6,0.2294444444,0.6526337312,1.085808199,-20.51465569,-5.55823378,1.21969069,1,1
28,-8,7,-0.9057894737,0.6715389878,0.07766552016,-3.23141548,-4.676569739,1.17906569,1,1
28,-8,8,-0.9507894737,0.6704558206,0.04380984895,0.6978334966,-4.211875658,1.13688334,1,1
28,-8,9,0.3780487805,0.6731923821,0.04344485426,-0.2977974348,-4.24102943,1.09414793,1,1
28,-8,10,1.246190476,0.7087927682,0.8626461177,-18.38803864,-4.558467947,1.05165440,1,1
28,-8,11,2.512894737,0.7915568781,0.9679518161,-19.48291951,-4.809090394,1.01000071,1,1
28,-8,12,0.66075,0.8025968579,0.4677747611,-13.13679687,-4.694668631,0.96961308,0,1
28,-8,13,0.4280555556,0.8378129137,0.071577288,-3.568278348,-4.128772417,0.93077609,0,1
28,-8,14,0.1089189189,0.9659179132,0.05989114668,-3.780690074,-3.259416215,0.89366251,0,1
28,-8,15,-0.1897222222,0.8986505303,0.06038477725,-4.419471753,-2.364540853,0.85836004,0,1
28,-8,16,0.2486111111,1.08450458,0.08999976429,-5.879438059,-1.695924264,0.82489373,0,1
28,-8,17,-1.531481481,1.290305702,0.008225100255,-1.250560709,-1.363124963,0.79324409,0,1
28,-8,18,-0.4976923077,1.482536608,0.005575466831,-0.7757170045,-1.310689959,0.76336110,0,1
28,-8,19,0.9,2.431476917,0.00716065469,-1.034937263,-1.381325221,0.73517489,0,1
28,-8,20,7.595,7.255,0.008242610011,-1.195978531,-1.413835899,0.70860359,0,1
28,-7,0,2.927727273,1.095412103,2.705149482,-31.8864874,-10.42668735,1.34473336,1,1
28,-7,1,1.76,0.6567496361,0.241418152,-3.494025319,-9.393220938,1.34034794,1,1
28,-7,2,-0.3682608696,0.5440171676,0.4372767061,-11.69814944,-6.714170267,1.32744473,1,1
28,-7,3,0.881627907,0.5724261178,0.349659244,-11.55220997,-3.467047943,1.30674344,1,1
28,-7,4,-0.20625,0.5911088098,0.07086020675,-5.352361864,-0.9128288205,1.27932387,1,1
28,-7,5,0.07435897436,0.6429185305,0.2712290407,10.62268933,0.04421392508,1.24648139,1,1
28,-7,6,0.44275,0.6249762996,0.3406975222,11.88003969,-0.7811235498,1.20957900,1,1
28,-7,7,-0.1675,0.7695819701,0.2844183816,-10.50460539,-2.825616421,1.16992368,1,1
28,-7,8,0.4834210526,0.6840449192,0.8263645681,-17.83367846,-5.07589901,1.12868115,1,1
28,-7,9,2.348157895,0.8760267583,1.209941556,-21.46263874,-6.537985955,1.08683054,1,1
28,-7,10,-0.02131578947,0.7618311062,0.1331462502,-3.336065577,-6.653232052,1.04515193,1,1
28,-7,11,-1.089428571,0.9001423737,0.07244553256,-0.3435038209,-5.479288819,1.00423655,1,1
28,-7,12,0.09263157895,0.9013504712,0.03824603765,-1.75726474,-3.581074276,0.96450970,0,0
28,-7,13,-1.436666667,0.910277997,0.04240012782,-3.832866754,-1.717408856,0.92625891,0,1
28,-7,14,-2.393448276,0.940843096,0.02961623878,-3.475441564,-0.4929438982,0.88966216,0,1
28,-7,15,0.6332432432,1.16203056,0.001041331177,-0.643804184,-0.136955435,0.85481345,0,1
28,-7,16,-0.1121052632,0.9473981859,0.01951883991,2.807924636,-0.4860810444,0.82174451,0,1
28,-7,17,0.4346153846,1.195805391,0.00597363074,-1.088932088,-1.139967564,0.79044242,0,1
28,-7,18,-0.675,2.07863865,0.02016664224,-2.356412623,-1.684502897,0.76086331,0,1
28,-6,0,2.064583333,0.7695816414,2.489220321,31.40107905,7.042717982,1.32917480,1,1
28,-6,1,-0.5136363636,0.5515419782,0.1302080759,-5.336374972,5.069074839,1.32493937,1,1
28,-6,2,0.2572340426,0.5869712238,0.01018866795,-2.052545064,0.1612544985,1.31247196,1,1
28,-6,3,-0.6658139535,0.5671098438,0.102015335,-3.93164464,-5.194722266,1.29245284,1,1
28,-6,4,1.008947368,0.6342649322,1.058074761,-19.23518488,-8.379401269,1.26590500,1,1
28,-6,5,1.206315789,0.6850302836,1.949971686,-27.33632541,-8.000078919,1.23405980,1,1
28,-6,6,1.066388889,0.6839861944,0.5473342513,-14.39647636,-4.522957123,1.19821843,1,1
28,-6,7,-0.39125,0.6337370314,0.1547950925,8.024172815,0.1198885478,1.15963491,1,1
28,-6,8,-0.3794736842,0.6988321778,0.03787783386,1.556924918,3.651693825,1.11943416,1,1
28,-6,9,0.01684210526,0.7396748839,0.2296885695,8.611068068,4.627124939,1.07856712,1,1
28,-6,10,-0.57675,0.7631963309,0.06918354916,4.425768876,3.032497131,1.03779690,1,1
28,-6,11,0.1865,0.745465794,0.001229623786,-0.7116772005,0.07137490761,0.99770666,0,1
28,-6,12,-1.066578947,0.7872938766,0.08136888096,-5.190227296,-2.629573321,0.95872015,0,0
28,-6,13,-0.9436842105,1.053876096,0.1769911842,-7.650846677,-3.885979994,0.92112763,0,1
28,-6,14,0.9711111111,0.8794658961,0.0823199994,-4.73862807,-3.434272456,0.88511245,0,1
28,-6,15,-0.2041666667,0.9465847026,0.02325187491,-2.495875938,-1.855917389,0.85077534,0,1
28,-6,16,0.4120588235,1.008475207,0.0209859717,-2.952991644,-0.1046361562,0.81815523,0,1
28,-6,17,-1.7476,1.122193851,0.02117965137,2.782439843,1.034270928,0.78724632,0,1
28,-6,18,0.6166666667,1.709682911,0.01480223583,2.134644615,1.265578293,0.75801149,0,1
28,-6,19,7.016666667,2.25457313,0.00161204487,-0.2373181555,0.7838132968,0.73039262,0,1
28,-6,20,1.83,6.32,0.0006125929911,-0.5033112036,0.03929474437,0.70431837,0,1
28,-5,0,4.499130435,0.866432172,4.823509271,-40.18025542,-19.80767374,1.31217825,1,1
28,-5,1,-0.03837209302,0.5724203949,0.9203736367,-9.167220185,-17.28811482,1.30810274,1,1
28,-5,2,0.06022727273,0.5928320506,0.9753673886,-16.95324906,-10.88044398,1.29610034,1,1
28,-5,3,0.3373170732,0.5853412596,1.006154159,-20.1645908,-3.463332859,1.27681017,1,1
28,-5,4,0.7048837209,0.6065172414,0.008164874805,0.502658856,1.773214405,1.25119579,1,1
28,-5,5,1.296923077,0.6418166402,0.8096723836,18.13268468,2.840050132,1.22042121,1,1
28,-5,6,0.3096551724,0.8625188629,0.01181194626,-2.206763492,-0.2109406268,1.18572219,1,1
28,-5,7,2.009459459,0.7572051251,2.899753403,-34.29641639,-5.493969151,1.14829617,1,1
28,-5,8,2.89,0.7899052477,2.537867601,-30.80111817,-10.3517254,1.10922407,1,0
28,-5,9,2.961388889,0.7904780063,1.934859561,-25.39015448,-12.66209624,1.06942599,1,1
28,-5,10,1.409459459,1.040651429,0.8292072426,-14.40780194,-11.72189242,1.02964602,1,0
28,-5,11,-0.8034210526,0.7829476762,0.2877712687,-7.085654867,-8.337822834,0.99045792,0,1
28,-5,12,-0.1809677419,0.8859971484,0.04454618452,-0.9287134294,-4.203654153,0.95228303,0,1
28,-5,13,0.02444444444,1.11259581,0.01267195457,2.074943984,-0.9832144588,0.91541401,0,1
28,-5,14,0.0672972973,0.8672658396,0.0009095984461,0.4579249747,0.4107780344,0.88003955,0,1
28,-5,15,-0.797027027,0.9081530001,0.0102740718,-2.067048199,0.04228285276,0.84626729,0,1
28,-5,16,-1.21,0.9360218906,0.004515419411,0.3870409891,-1.314844818,0.81414370,0,1
28,-5,17,1.225652174,1.275825521,0.06621502648,-4.503307095,-2.696044363,0.78367053,0,1
28,-5,19,-0.485,2.989025761,0.06604430656,-4.093551735,-3.274177305,0.72753423,0,1
28,-4,0,5.265,1.11546627,6.849940675,49.68356026,19.53016478,1.29393266,1,1
28,-4,1,1.572888889,0.5608648965,1.707734219,20.97518759,16.44797164,1.29002430,1,1
28,-4,2,0.02720930233,0.6718038498,0.7891771239,15.86822979,8.748283927,1.27850835,1,1
28,-4,3,0.6227906977,0.5876590035,0.3369824676,11.83828003,0.2345058843,1.25998195,1,1
28,-4,4,-0.05130434783,0.6076048335,0.07332641024,2.206300781,-5.063528655,1.23534778,1,1
28,-4,5,-0.4402631579,0.6455669736,0.178420972,-7.044684147,-4.960199259,1.20570054,1,1
28,-4,6,0.3355172414,0.7323558325,0.1104095212,-6.776909808,-0.09392316069,1.17220812,1,1
28,-4,7,0.3194871795,0.7060063064,0.2544809804,7.85949366,6.641076436,1.13600880,1,0
28,-4,8,0.44475,0.7174884145,0.94174428,15.91035861,11.77575807,1.09813692,1,1
28,-4,9,1.761315789,0.7588142722,2.284198001,27.92749717,13.05312357,1.05947945,1,0
28,-4,10,2.74625,0.7575372516,1.268229085,20.49803495,10.36681821,1.02075964,1,0
28,-4,11,-0.1386842105,0.784532652,0.4450520675,12.45650128,5.47697532,0.98254042,0,1
28,-4,12,0.8323333333,0.95581784,0.06393482944,5.088886554,0.8384504077,0.94523981,0,1
28,-4,13,-0.07225806452,0.9309488407,0.03738839453,-3.556593704,-1.704668717,0.90915234,0,1
28,-4,14,2.187631579,0.8695668677,0.05073413739,-4.281340642,-1.666675122,0.87447178,0,0
28,-4,15,0.718,0.8505144767,0.000925043852,-0.6003958025,0.1561561399,0.84131270,0,1
28,-4,16,-1.495588235,0.9910165284,0.02782834226,2.443642962,2.367794635,0.80972930,0,1
28,-4,17,-0.2226315789,1.332915689,0.1520775996,6.999956883,3.77779393,0.77973115,0,1
28,-4,18,2.32875,1.909651883,0.09819541443,5.064843761,3.898854684,0.75129586,0,1
28,-3,0,9.5285,1.337034282,8.331259082,-54.66183732,-21.86920526,1.27462601,1,1
28,-3,1,1.72195122,0.602180946,2.647807722,-27.39990465,-18.73105339,1.27088950,1,1
28,-3,2,1.148611111,0.6365395209,0.8330625935,-15.17441364,-10.78557781,1.25987410,1,1
28,-3,3,-0.183255814,0.6206388236,0.1164993756,-6.753459532,-1.691084229,1.24213492,1,1
28,-3,4,0.211627907,0.5949385396,0.08270398178,3.71138307,4.54248973,1.21851342,1,1
28,-3,5,0.4607894737,0.6552823396,0.1930542175,7.082052332,5.492155738,1.19003424,1,1
28,-3,6,0.9793939394,0.7313145265,0.004448303436,0.0830023948,1.357867799,1.15779611,1,1
28,-3,7,1.208157895,0.7231754671,0.8461614371,-17.97759447,-5.370970412,1.12287651,1,0
28,-3,8,1.6705,0.9067226097,1.528527561,-22.52908301,-11.33034208,1.08626128,1,1
28,-3,9,1.951714286,0.9122186902,2.904328601,-31.83735639,-13.95399945,1.04880240,1,1
28,-3,10,1.203157895,0.8009646193,1.767222359,-24.04171248,-12.53954023,1.01120061,1,1
28,-3,11,0.996,0.7644156265,0.5549263298,-12.74849658,-8.267415199,0.97400663,0,1
28,-3,12,0.195483871,0.9520829275,0.04875120975,-3.033039386,-3.329169361,0.93763415,0,1
28,-3,13,-0.2093103448,0.9441446689,0.05379545536,4.723998972,0.2552711749,0.90237884,0,1
28,-3,14,0.2397222222,1.019905418,0.04437114883,4.025950437,1.500705577,0.86843920,0,1
28,-3,15,0.9843589744,0.9491380275,0.002316890147,0.7333088641,0.6528312544,0.83593655,0,1
28,-3,17,0.9464705882,1.354810984,0.1196074584,-6.411450641,-2.942003478,0.77544547,0,1
28,-3,18,-0.0775,2.335157344,0.08506618125,-4.637761075,-3.725926825,0.74745990,0,1
28,-3,19,-2.11,8.2,0.04800580864,-2.843959365,-3.447386152,0.72093882,0,1
28,-2,0,9.710526316,1.148045752,9.463805714,57.02970888,26.17214654,1.25444133,1,1
28,-2,1,3.433589744,0.7066416637,4.512721797,36.76377428,22.93294994,1.25087904,1,1
28,-2,2,3.194358974,0.6458546825,2.794779765,30.70181048,14.83755208,1.24037156,1,1
28,-2,3,2.866666667,0.761598483,3.162656033,35.79587707,5.870466832,1.22343254,1,1
28,-2,4,0.8385365854,0.6674787437,1.579838883,25.6364077,0.2421811382,1.20084290,1,1
28,-2,5,-0.01444444444,0.6827965888,0.02729104178,-3.362642148,0.2166540546,1.17355750,1,1
28,-2,6,1.005428571,0.7262246799,0.1948749797,-7.424131378,5.095000703,1.14260571,1,1
28,-2,7,0.9077142857,0.7524827478,1.353534375,20.57109162,11.83052765,1.10900336,1,1
28,-2,8,4.66,0.861279111,4.390458215,39.29612935,16.80602155,1.07368661,1,1
28,-2,9,4.534054054,0.8166861901,4.467811729,39.31060814,17.70555765,1.03747098,1,1
28,-2,10,0.9065,0.8368465342,1.996058666,24.91634268,14.47846933,1.00103323,1,1
28,-2,11,0.9120512821,0.8300778933,0.7476772846,15.16003833,9.013358197,0.96491054,0,1
28,-2,12,0.8515151515,0.9028776723,0.2149117,8.618633074,3.889999989,0.92951120,0,1
28,-2,13,0.8048484848,0.9098149642,0.03835698734,3.864691553,1.011133819,0.89513121,0,1
28,-2,14,-1.61075,0.843786851,0.001779564483,0.1932252936,0.8384765188,0.86197325,0,1
28,-2,15,-0.7108108108,0.9010889624,0.0280639978,2.329554793,2.499812021,0.83016503,0,1
28,-2,16,0.1762068966,1.024264476,0.1332614463,5.91484466,4.522982386,0.79977605,0,1
28,-2,19,-2.165,4.695,0.09368392857,4.554834668,4.269685027,0.71722675,0,1
28,-1,0,9.342222222,1.217679556,9.751383441,-60.86916531,-18.76056865,1.23355340,1,1
28,-1,1,2.02625,0.6303381037,3.243124842,-33.08441253,-15.9595579,1.23016564,1,1
28,-1,2,1.855897436,0.6403727444,1.345517573,-21.93017488,-8.880499666,1.22016742,1,1
28,-1,3,0.8794444444,0.6782009283,0.7158166431,-17.23799588,-0.8145096655,1.20403211,1,1
28,-1,4,1.289,0.6706552288,0.07199242439,-2.889340169,4.647988902,1.18248149,1,1
28,-1,5,1.048684211,0.6829758926,1.189739907,21.59113443,5.367330883,1.15640189,1,1
28,-1,6,0.3873684211,0.707373414,0.9652410383,19.97767916,1.573541512,1.12675401,1,1
28,-1,7,-1.197575758,0.801824273,0.0756554707,-3.401885506,-4.461306369,1.09449204,1,1
28,-1,8,1.57475,0.7424890572,1.11544548,-19.22480071,-9.720212992,1.06050182,1,0
28,-1,9,4.173947368,0.8668182642,2.642630522,-30.93043017,-11.94829182,1.02556138,1,1
28,-1,10,1.365263158,0.8619806443,1.723971189,-24.59988527,-10.58750301,0.99032224,0,1
28,-1,11,0.6625714286,0.847317255,0.5815422788,-14.01112223,-6.755457431,0.95530686,0,1
28,-1,12,0.2721052632,0.9780394618,0.05888106539,-4.310963908,-2.431617243,0.92091698,0,1
28,-1,13,1.0325,1.125667306,0.003032407525,-0.9431715531,0.6099552264,0.88744808,0,1
28,-1,14,0.9366666667,0.9005160714,0.01055890832,1.407710054,1.552846839,0.85510627,0,1
28,-1,15,-0.9833333333,0.8910600621,0.002644798977,0.8002245743,0.6782300445,0.82402525,0,1
28,-1,16,0.3507407407,1.049288282,0.004733452014,-0.9465519318,-1.036034958,0.79428177,0,1
28,-1,17,1.015454545,1.65471153,0.08065197262,-5.208632937,-2.534756801,0.76590908,0,1
28,0,0,13.61333333,1.655613195,14.1819121,72.93941098,24.08642347,1.21212627,1,1
28,0,1,2.709,1.038455052,3.636922826,32.35581081,21.59224459,1.20891154,1,1
28,0,2,2.872631579,1.097799458,3.71723401,36.1957514,15.37544033,1.19941869,1,1
28,0,3,5.975,0.9718428371,4.694123868,43.36070098,8.533248255,1.18408239,1,1
28,0,4,3.229,0.9139930251,1.217066877,22.08665136,4.305160614,1.16356735,1,0
28,0,5,-0.374,0.9697702929,0.1610053208,-6.918773619,4.37218808,1.13869336,1,1
28,0,6,-0.521,1.171097753,0.1958491746,3.999164621,8.092511981,1.11035392,1,1
28,0,7,2.604705882,1.213989267,3.562307211,36.2240855,13.03440431,1.07944228,1,1
28,0,8,1.937,1.18944682,3.420361086,33.96813328,16.4070111,1.04679389,1,1
28,0,9,5.537222222,1.201300735,3.783150116,36.06901173,16.52231955,1.01314868,1,1
28,0,10,2.938,1.456890813,1.776838324,23.60198034,13.49782226,0.97913194,0,1
28,0,11,0.25,1.370414278,0.697028647,14.50200248,8.926768743,0.94525028,0,1
28,0,12,0.8016666667,1.604530402,0.1950554583,7.59379564,4.846247404,0.91189781,0,1
28,0,13,0.859,1.173744968,0.06275462363,4.361266114,2.662349453,0.87936851,0,1
28,0,14,2.635555556,1.638133846,0.07119055858,4.780885954,2.600308578,0.84787120,0,1
28,0,15,0.576,1.203592539,0.1325276475,6.343696279,3.859401671,0.81754493,0,0
28,0,16,-3.220833333,1.627645496,0.1758721359,6.759831925,5.241697557,0.78847331,0,1
28,0,17,1.076666667,2.294599941,0.3290362536,10.14707541,5.825010318,0.76069710,0,1
29,-14,0,3.574285714,0.8970774165,2.895005698,-34.46921243,-4.040545696,1.35111158,1,1
29,-14,1,1.841521739,0.5879022699,1.326463865,-23.16179665,-3.924260519,1.34666367,1,1
29,-14,2,0.9646511628,0.5754964936,0.0813998666,-4.513380231,-3.673609334,1.33357897,1,0
29,-14,3,-0.09604166667,0.5394533708,0.03451708233,-1.432451179,-3.508381789,1.31259389,1,1
29,-14,4,0.3384615385,0.6075103049,0.1083808511,-5.668837561,-3.599387554,1.28481218,1,1
29,-14,5,0.5462790698,0.6028534055,0.06528564838,-3.428399113,-3.925282973,1.25155611,1,1
29,-14,6,0.467,0.6912571417,0.04828215963,-1.388534984,-4.261398972,1.21421457,1,1
29,-14,7,-0.3423333333,0.6967970372,0.1391866345,-6.269491111,-4.312932078,1.17411656,1,1
29,-14,8,0.06909090909,0.7905069293,0.3595592362,-11.59072405,-3.904860374,1.13244465,1,0
29,-14,9,0.5160526316,0.807447248,0.2241451784,-9.144816548,-3.102709896,1.09018950,1,1
29,-14,10,-0.06151515152,0.9204407625,0.02691710604,-2.533949506,-2.185824101,1.04813804,1,1
29,-14,11,0.6892105263,0.9081706231,0.009210612372,-1.267054583,-1.492180221,1.00688463,1,1
29,-14,12,1.295945946,0.7985708107,0.03717655176,-3.734308622,-1.233716824,0.96685507,0,1
29,-14,13,1.291052632,0.9119137794,0.06735977313,-5.107296652,-1.39291673,0.92833557,0,1
29,-14,14,-0.5305882353,0.8776239943,0.07013176618,-5.109135568,-1.753483298,0.89150179,0,1
29,-14,15,-0.4867647059,1.161736416,0.02010034387,-2.05570575,-2.03389312,0.85644486,0,1
29,-14,16,1.037647059,0.9246657958,0.01695592971,-1.703996961,-2.0373571,0.82319351,0,1
29,-14,17,0.3629166667,1.226374485,0.01806170524,-2.122467922,-1.734823302,0.79173180,0,1
29,-14,18,-0.95875,1.438064699,0.01037025206,-1.660208824,-1.248278042,0.76201308,0,1
29,-14,20,4.6625,3.130438268,0.000484484835,-0.153983996,-0.4217302658,0.70752496,0,1
29,-13,0,-0.09,0.8534928236,0.09998680668,-3.745455742,5.250768632,1.34897543,1,1
29,-13,1,-0.006590909091,0.5527045637,0.2195622563,-9.022851556,3.152130462,1.34454852,1,1
29,-13,2,-0.2691304348,0.6171396405,0.841070455,-18.57476706,-2.213860259,1.33152479,1,1
29,-13,3,-1.109761905,0.5830628625,0.6070909827,-13.43046396,-8.497046505,1.31063502,1,1
29,-13,4,0.7869047619,0.6314817198,0.8557188384,-13.65236125,-13.02423001,1.28297490,1,1
29,-13,5,1.399111111,0.5805724119,1.17384266,-17.0928635,-14.00733288,1.24985766,1,1
29,-13,6,1.62902439,0.6241573642,0.9081508191,-15.83048684,-11.27950728,1.21266346,1,0
29,-13,7,1.705588235,0.8535476131,0.09612248826,1.037849612,-6.238120535,1.17271393,1,1
29,-13,8,0.7972222222,0.815958061,0.5281148587,14.78334148,-1.082753705,1.13118597,1,1
29,-13,9,-1.502432432,0.728051925,0.2178304444,9.255264929,2.228752129,1.08906639,1,1
29,-13,10,0.3761538462,0.9166268632,0.03597368203,-2.680817855,2.789244663,1.04713983,1,1
29,-13,11,0.647027027,0.7968261549,0.1705149224,-8.366473932,0.9715930414,1.00599961,1,1
29,-13,12,0.7812820513,0.8875229126,0.1194017364,-6.774577491,-1.944632096,0.96607138,0,1
29,-13,13,-1.656578947,1.004782396,0.270160605,-9.607409715,-4.482928132,0.92764180,0,1
29,-13,14,0.1497368421,0.8591724563,0.1938221672,-6.992438499,-5.634229795,0.89088731,0,1
29,-13,15,0.6144736842,0.8825436612,0.1600489047,-6.302634164,-5.183082817,0.85590002,0,1
29,-13,16,-0.1528571429,0.9313203396,0.07536774532,-4.274468488,-3.617359806,0.82270966,0,1
29,-13,17,0.458,1.445854073,0.0160854723,-1.902010013,-1.75346459,0.79130131,0,1
29,-13,20,2.74,4.476753846,0.0006527545242,0.4212454194,0.3068021281,0.70721768,0,1
29,-12,0,1.491666667,0.9029534872,2.179608208,-28.76903312,-8.89706734,1.34473336,1,0
29,-12,1,0.4406976744,0.6310978846,0.7487542207,-16.29662528,-6.777569365,1.34034794,1,1
29,-12,2,0.5533333333,0.6504743413,0.1591814453,8.006932127,-1.454537952,1.32744473,1,1
29,-12,3,-1.039512195,0.5965850667,0.3598261765,11.37388182,4.509843698,1.30674344,1,1
29,-12,4,1.148863636,0.5899528101,0.6013175788,13.43087315,8.353850148,1.27932387,1,1
29,-12,5,-1.127209302,0.5720864057,0.6587821086,14.2116169,8.491933852,1.24648139,1,1
29,-12,6,-0.5710810811,0.7169418897,0.1456566324,5.786884712,5.206887501,1.20957900,1,1
29,-12,7,0.5613513514,0.7539154215,0.4444416361,-13.59377442,0.3420715161,1.16992368,1,1
29,-12,8,1.569444444,0.756227893,1.664550447,-26.04624197,-3.757812179,1.12868115,1,1
29,-12,9,1.021538462,0.8106923399,0.7850343821,-17.23722674,-5.430251885,1.08683054,1,1
29,-12,10,1.118461538,0.976466442,0.0655900063,-2.844997437,-4.381139472,1.04515193,1,1
29,-12,11,0.1514285714,0.8034866876,0.1591292118,7.978576911,-1.596001793,1.00423655,1,1
29,-12,12,-0.04275,0.8286724004,0.1011781095,6.344997525,1.354862325,0.96450970,0,1
29,-12,13,0.09736842105,0.8631484665,0.08691508524,5.114867346,3.162074914,0.92625891,0,1
29,-12,14,0.3557894737,0.8854731384,0.08115811199,4.766140113,3.324053892,0.88966216,0,1
29,-12,15,0.6878378378,0.8864122895,0.02288382159,2.175700469,2.187927509,0.85481345,0,1
29,-12,16,0.13,1.093384538,0.004635693034,-1.262272549,0.5790724241,0.82174451,0,1
29,-12,17,0.7245833333,1.156649255,0.0115257081,-2.074797641,-0.7003055452,0.79044242,0,1
29,-12,19,0.84625,2.275075303,0.008501892803,-1.57188493,-1.032641113,0.73294290,0,1
29,-11,0,6.01,0.9017850778,3.764101237,36.67019162,14.87724795,1.33844463,1,1
29,-11,1,0.4891304348,0.5517225132,1.005803403,17.15961328,11.13584925,1.33412025,1,1
29,-11,2,0.2975555556,0.5665163635,0.6124731404,-15.88237764,1.602018017,1.32139436,1,1
29,-11,3,0.08928571429,0.5763430042,1.410564249,-22.29551239,-9.474614264,1.30097052,1,1
29,-11,4,3.28525,0.6388282242,1.391532669,-16.69931556,-17.32261685,1.27390529,1,0
29,-11,5,2.531219512,0.6730125389,2.393868223,-25.3054646,-18.85710321,1.24146789,1,0
29,-11,6,1,0.6712964469,0.9224895891,-13.73937347,-13.96519917,1.20499612,1,1
29,-11,7,-0.33275,0.6967318385,0.06766174383,0.2005530993,-5.301896638,1.16577541,1,1
29,-11,8,-0.1851351351,0.8239707951,0.245198699,9.585927407,3.181774018,1.12495493,1,1
29,-11,9,1.188571429,0.673466007,0.7112500678,15.15154543,8.145102706,1.08350244,1,1
29,-11,10,1.187272727,0.7333296998,0.7809779716,16.03207139,8.239821534,1.04219120,1,1
29,-11,11,-0.251025641,0.7449062175,0.1367643424,6.137762191,4.384973741,1.00160924,1,1
29,-11,12,1.716666667,0.7965573135,0.1524834209,-7.898381881,-1.027388403,0.96218132,0,1
29,-11,13,-1.200810811,0.8264780902,0.1571042921,-5.975068724,-5.446192001,0.92419613,0,1
29,-11,14,0.8005128205,0.8248496765,0.40079322,-10.65826562,-7.290362482,0.88783387,0,1
29,-11,15,0.6383333333,0.9526991314,0.4161575924,-11.49188392,-6.40912515,0.85319132,0,0
29,-11,16,-0.2926470588,0.9519139343,0.07356310024,-4.014932302,-3.806031776,0.82030314,0,1
29,-11,17,1.150769231,1.096154251,0.01588048872,2.399406403,-0.9218712906,0.78915932,0,1
29,-11,18,-1.408461538,1.526913001,0.01743936916,2.463240117,1.089958845,0.75971872,0,1
29,-11,19,0.3128571429,2.270422059,0.01127008346,1.252757996,1.766199072,0.73191958,0,1
29,-10,0,1.425909091,0.8298473388,1.458586194,-23.13810307,-8.453736679,1.33019528,1,1
29,-10,1,0.5417021277,0.5498328895,0.1189971505,-4.700572812,-5.235721867,1.32595012,1,1
29,-10,2,1.030909091,0.7025016321,1.59827815,25.62774422,2.859080652,1.31345442,1,1
29,-10,3,1.230526316,0.6089670086,2.112307736,27.12455346,11.96133979,1.29339099,1,1
29,-10,4,2.6975,0.6248546331,1.719843925,19.90558012,17.86897669,1.26678649,1,1
29,-10,5,2.062352941,0.7118684534,2.489823864,26.60423496,18.11334938,1.23487638,1,1
29,-10,6,0.3289189189,0.6602423908,0.923460742,14.64437946,13.02855959,1.19896587,1,1
29,-10,7,0.285952381,0.7060698392,0.1032177919,-3.800665927,5.338369007,1.16031240,1,1
29,-10,8,0.1247368421,0.6805260105,0.2873751532,-10.8448461,-1.39653348,1.12004357,1,1
29,-10,9,0.9511904762,0.6542605007,0.2824023053,-9.834242025,-4.55848088,1.07911216,1,1
29,-10,10,-0.2985365854,0.7459810663,0.1160058068,-5.970256204,-3.552418267,1.03828241,1,1
29,-10,11,-0.6797727273,0.7097679614,0.00352641097,1.183877069,0.2560872913,0.99813803,0,1
29,-10,12,1.67275,0.7422317697,0.5749832705,14.78818131,4.53085008,0.95910288,0,1
29,-10,13,1.57125,0.8158139861,0.6994276132,15.45069062,7.229765787,0.92146707,0,1
29,-10,14,1.981388889,1.02680512,0.5490844645,13.13897663,7.470684928,0.88541360,0,1
29,-10,15,0.8238888889,0.9622171221,0.3098201119,9.841650325,5.660479142,0.85104277,0,1
29,-10,16,0.05741935484,1.111925383,0.02434005924,1.084789672,2.991620139,0.81839306,0,1
29,-10,17,-1.5912,1.100598528,0.02248237874,-2.976796516,0.7016862044,0.78745819,0,1
29,-10,18,-0.02583333333,2.039860534,0.01273795363,-2.249576625,-0.488842297,0.75820061,0,1
29,-9,0,5.099,0.899473735,6.201346601,46.89158107,19.52482538,1.32009494,1,1
29,-9,1,1.789574468,0.5613994188,2.431247941,27.89346882,15.2794935,1.31594545,1,1
29,-9,2,-0.3247619048,0.5889689842,0.1642835977,-6.954146448,4.470929976,1.30372789,1,0
29,-9,3,1.067179487,0.6189200261,0.5633418678,-13.01442142,-8.062282352,1.28410029,1,1
29,-9,4,1.974210526,0.7620733894,1.300501476,-15.97531912,-16.90728547,1.25805357,1,1
29,-9,5,0.8928571429,0.6140354787,1.519363281,-16.91728092,-18.59916898,1.22678276,1,1
29,-9,6,2.051621622,0.6852436078,1.298287261,-19.2173633,-13.07053395,1.19155384,1,1
29,-9,7,0.3442105263,0.6746258838,0.5318448013,-14.48445809,-3.387010293,1.15359044,1,1
29,-9,8,-0.3015,0.6652480307,0.08535936977,0.0361224657,5.959197368,1.11399388,1,0
29,-9,9,2.71627907,0.7768968872,1.281355973,20.17543252,11.22736189,1.07369863,1,1
29,-9,10,3.225952381,0.8520793082,2.344005556,29.23526567,10.9777506,1.03345772,1,1
29,-9,11,1.515238095,0.7542255905,0.770180163,16.74005327,6.340363903,0.99384935,0,1
29,-9,12,0.6564864865,0.8216350906,0.01221712052,2.25340461,0.07098901986,0.95529606,0,1
29,-9,13,0.1823076923,0.8529356673,0.3567727448,-11.12906431,-4.957563974,0.91808949,0,1
29,-9,14,1.200540541,0.8779674645,0.5430346627,-13.29049435,-7.020655984,0.88241591,0,1
29,-9,15,0.4897297297,0.8801245015,0.3548068793,-10.55026682,-6.025570051,0.84837978,0,1
29,-9,16,-0.995625,1.11320854,0.02990354235,-1.567397691,-3.159823324,0.81602411,0,1
29,-9,19,-3.093333333,2.222201736,0.02143482083,1.522317339,2.569124311,0.72887516,0,1
29,-8,0,-0.9345454545,0.8093716316,0.5717396705,-14.72988452,-4.571643821,1.30827295,1,1
29,-8,1,0.01326086957,0.5609065964,0.0268310232,2.986589133,-1.497730989,1.30423361,1,1
29,-8,2,3.884146341,0.6532956765,2.657143011,32.66238105,6.21770861,1.29233643,1,1
29,-8,3,1.977,0.6813274374,1.915186325,24.01122605,14.84131726,1.27321137,1,1
29,-8,4,1.587105263,0.6762623103,1.718976163,17.37183391,20.33201432,1.24780869,1,1
29,-8,5,3.46952381,0.6330755831,2.851764133,27.79790964,20.34056042,1.21727733,1,1
29,-8,6,3.164594595,0.8555707396,3.091572814,32.46813109,15.23331359,1.18283828,1,1
29,-8,7,2.440555556,0.7864727308,1.775687651,26.07457502,7.67349255,1.14567623,1,1
29,-8,8,0.59275,0.690624129,0.2021685338,9.104718354,1.102410639,1.10686204,1,1
29,-8,9,0.2583333333,0.6843239682,0.04082604199,-3.611842709,-1.984959058,1.06730870,1,1
29,-8,10,0.0515,0.801831841,0.2740051349,-10.62338904,-1.068676154,1.02775592,1,1
29,-8,11,1.135135135,0.7758884255,0.01521863908,-0.4080680301,2.482965771,0.98877517,0,1
29,-8,12,2.097058824,0.8552233897,0.3443536552,10.11798305,6.394765978,0.95078716,0,1
29,-8,13,-0.157027027,0.8430753471,0.8600462127,16.78858707,8.715575816,0.91408502,0,1
29,-8,14,2.088378378,0.932872112,0.9563331264,17.9767759,8.643675942,0.87885855,0,1
29,-8,16,-0.7035294118,1.054821954,0.053628872,2.733083998,3.852567372,0.81320835,0,1
29,-8,17,-0.4128571429,1.189319533,0.01873744527,-2.342473896,1.519353899,0.78283623,0,1
29,-8,18,0.135,1.732250848,0.001542383278,-0.7429004571,0.2996660567,0.75407228,0,1
29,-8,20,1.265,4.165228085,0.006835028102,1.511970527,0.7467424725,0.70115500,0,1
29,-7,0,-0.825,0.8620894675,1.731006382,21.49818625,16.06251911,1.29487405,1,1
29,-7,1,0.4148717949,0.6160497193,0.9283272597,15.09667024,12.5823866,1.29095718,1,1
29,-7,2,-0.1164285714,0.5869288124,0.1948700014,-8.197181697,3.725707978,1.27941645,1,1
29,-7,3,0.503,0.6091832134,0.1180583794,-2.536545046,-6.533263844,1.26085111,1,0
29,-7,4,-0.255,0.6032582544,0.4749159769,2.905552616,-13.75296974,1.23616692,1,1
29,-7,5,1.813589744,0.6783992717,1.676708111,-21.67069684,-15.09857301,1.20646207,1,1
29,-7,6,3.982941176,0.8472632391,2.839850963,-32.72021657,-10.53058365,1.17290789,1,1
29,-7,7,0.68325,0.6687604672,0.7513774102,-17.49126937,-2.581143675,1.13664570,1,1
29,-7,8,0.7778571429,0.6603549001,0.3805078765,11.52177372,5.055405619,1.09871219,1,1
29,-7,9,1.849756098,0.8078544671,1.205111566,20.36156797,9.315963642,1.05999605,1,1
29,-7,10,0.7560526316,1.076822055,1.052296917,18.87049704,9.039203582,1.02122162,1,0
29,-7,11,-0.568,0.8180305368,0.3216293245,10.34421731,5.177783032,0.98295241,0,1
29,-7,12,0.6889285714,0.9481233677,0.01583534914,-2.566723416,0.01218906949,0.94560662,0,1
29,-7,13,1.087096774,1.016467126,0.1560450015,-6.938571774,-4.096091157,0.90947870,0,1
29,-7,14,0.9228571429,0.9085004015,0.3222055779,-10.05268927,-5.744167017,0.87476219,0,1
29,-7,15,0.4408823529,0.9232757707,0.2659840578,-9.320095571,-4.878232581,0.84157130,0,1
29,-7,16,-0.3166666667,0.9443546438,0.02364017967,-1.90100854,-2.494302475,0.80995985,0,1
29,-7,17,-1.413333333,1.552935235,0.007799546607,1.800568477,0.05399486886,0.77993701,0,1
29,-7,19,0.835,4.882988327,0.02071885673,1.998312376,2.150982142,0.72454398,0,1
29,-6,0,0.767,0.8459318826,0.09910697887,6.415761495,0.2663952617,1.28005383,1,1
29,-6,1,0.1235,0.6692345944,0.2085027404,9.077999466,2.082413541,1.27626952,1,1
29,-6,2,0.9692682927,0.5979010978,1.355963391,22.81587619,6.601330807,1.26511486,1,1
29,-6,3,0.1833333333,0.6963246809,0.6701509223,12.07208497,11.53593074,1.24715653,1,0
29,-6,4,-0.02760869565,0.5970109269,0.5408564,4.007789873,14.45538708,1.22325288,1,1
29,-6,5,1.43275,0.6389019878,1.555722141,21.22370938,14.02870493,1.19444789,1,1
29,-6,6,5.711764706,0.7517796648,4.175162912,40.30181028,10.62166174,1.16185949,1,1
29,-6,7,3.57725,0.7982882318,3.368808603,36.95862928,5.969561286,1.12658204,1,1
29,-6,8,0.7745,0.7017976916,0.5120004378,14.43156561,2.178332106,1.08961494,1,1
29,-6,9,0.5655,0.914976597,0.02397352004,-3.090522408,0.6501800812,1.05182000,1,1
29,-6,10,0.07974358974,0.7525964262,0.07610375871,-5.421886523,1.50523554,1.01390432,1,1
29,-6,11,-0.5582051282,0.7897766021,0.04161098114,1.84113288,3.731255812,0.97642214,0,1
29,-6,12,0.1307407407,0.932169174,0.2686298219,8.791216204,5.871678559,0.93978844,0,1
29,-6,13,0.002857142857,0.9552586064,0.3574804823,10.11834818,6.807862629,0.90429866,0,1
29,-6,14,-0.1565789474,0.850890197,0.4045302446,11.38457431,6.220470165,0.87015005,0,1
29,-6,15,1.886176471,1.079534462,0.2983850933,10.16494617,4.562399849,0.83746206,0,1
29,-6,16,-0.9605714286,0.9456743194,0.01866074105,0.8175407369,2.663706995,0.80629452,0,1
29,-6,17,-1.796875,1.491269235,0.004786996416,-0.6523884185,1.251397309,0.77666273,0,1
29,-6,18,1.141428571,2.072485445,0.006030245093,1.447584761,0.6429242695,0.74854989,0,1
29,-6,19,0.175,2.897756675,0.02074933226,2.84898938,0.7182723984,0.72191671,0,0
29,-6,20,0.36,5.34,0.008725891006,1.551031024,1.106646283,0.69670893,0,1
29,-5,0,0.1665,0.9366298137,0.1748302038,-6.215031625,5.840429111,1.26397436,1,1
29,-5,1,0.08463414634,0.5933634555,0.2946692645,-10.30375963,4.053172644,1.26033047,1,1
29,-5,2,-0.7063888889,0.6312919709,0.4964229554,-14.36275565,-0.495513156,1.24958505,1,1
29,-5,3,0.01717948718,0.6603934897,0.1278192131,-4.469406601,-5.762199909,1.23227102,1,1
29,-5,4,0.01555555556,0.6581848744,0.3896785713,-8.527983117,-9.455015657,1.20919746,1,1
29,-5,5,2.044,0.6971724233,1.371224926,-21.64533689,-10.09805185,1.18135174,1,0
29,-5,6,1.4795,0.8463674984,0.6706545848,-14.84899161,-7.650485472,1.14979563,1,1
29,-5,7,0.2014285714,0.7728150162,0.02999624092,-0.9376463028,-3.405966111,1.11557382,1,1
29,-5,8,1.299722222,0.8535791579,0.05943961787,4.920275045,0.7214212912,1.07964580,1,1
29,-5,9,-0.06394736842,0.8714160529,0.09870542205,5.596541921,3.12163656,1.04284430,1,1
29,-5,10,-1.176578947,0.9253404492,0.05512692308,3.600286932,3.158039605,1.00585745,1,1
29,-5,11,-0.3105555556,0.8220355456,0.05051723262,-4.397125007,1.297202062,0.96922891,0,1
29,-5,12,0.1007142857,1.068729024,0.2152638009,-9.376212509,-1.282990566,0.93336964,0,1
29,-5,13,-0.08592592593,0.9783296002,0.1440504695,-6.98473396,-3.338407944,0.89857560,0,1
29,-5,14,-0.1627777778,0.933208547,0.1401837793,-6.436023874,-4.111004219,0.86504758,0,1
29,-5,15,-1.902857143,0.9566536188,0.1116310309,-5.81718294,-3.550199108,0.83291036,0,0
29,-5,16,0.5472413793,1.023599533,0.01895467766,-1.782019698,-2.170346623,0.80222991,0,1
29,-5,17,-1.16125,1.528059193,0.001178655675,-0.111337103,-0.6913594128,0.77302801,0,1
29,-5,19,-0.9225,2.655024717,0.001413949973,0.4019769907,0.6532084667,0.71899492,0,1
29,-4,0,1.532272727,0.8618013999,1.064698659,20.52216991,4.669377299,1.24679999,1,1
29,-4,1,0.900952381,0.6053645977,0.9177316288,18.98339118,4.631253091,1.24330223,1,1
29,-4,2,-0.408974359,0.6378825671,0.8721879444,18.52143388,4.452629694,1.23298296,1,1
29,-4,3,-0.09146341463,0.689288035,0.05071385965,2.241993105,4.009078962,1.21634082,1,1
29,-4,4,0.6045454545,0.6909739315,0.1483346655,-7.144877427,3.265673117,1.19413467,1,1
29,-4,5,-0.5360526316,0.6563493428,0.05178071883,3.982417132,2.384001345,1.16729387,1,0
29,-4,6,1.37675,0.8191222935,0.1830880301,8.562901406,1.688069037,1.13682231,1,1
29,-4,7,-0.012,0.786725882,0.2930880883,10.9412134,1.492541434,1.10371303,1,1
29,-4,8,-0.2481578947,0.8567487797,0.1454248697,7.542612082,1.900602903,1.06888362,1,1
29,-4,9,0.5132432432,0.9033057452,0.1375687521,7.063805229,2.708771997,1.03313588,1,1
29,-4,10,0.1484210526,0.7762356337,0.105397847,5.62734726,3.49044538,0.99713735,0,1
29,-4,11,0.21325,0.7705395026,0.1661933517,7.388615123,3.814744793,0.96141994,0,1
29,-4,12,-0.4047368421,0.8175979953,0.2112729519,8.709127541,3.471332676,0.92638963,0,1
29,-4,13,0.7644117647,0.899170706,0.04824017883,3.668907359,2.570837118,0.89234235,0,1
29,-4,14,0.98825,0.8344291462,0.01908719018,2.403964874,1.470402232,0.85948212,0,1
29,-4,15,0.3291666667,0.9677458159,0.01050891025,2.00935999,0.5784910422,0.82793893,0,1
29,-4,16,-1.407666667,1.139829457,0.0009169106277,-0.5976568963,0.1558278115,0.79778500,0,1
29,-4,17,-0.4692307692,1.810663734,0.001371078836,-0.7233399336,0.2172782094,0.76904868,0,1
29,-4,19,-0.625,4.249805878,0.01205941994,2.032011892,0.942437751,0.71578972,0,0
29,-3,0,2.549047619,1.082355875,1.166860197,-21.21934386,-5.933446272,1.22869369,1,1
29,-3,1,0.7483333333,0.6022279591,0.9993297587,-19.56155849,-5.754265242,1.22534570,1,1
29,-3,2,2.306976744,0.615957918,2.395260621,-31.11860243,-5.307425219,1.21546360,1,1
29,-3,3,2.329,0.7031183108,2.338650251,-30.81959605,-4.810012372,1.19951175,1,1
29,-3,4,0.5870454545,0.7320484148,0.6133961696,-15.33521296,-4.475672744,1.17819869,1,1
29,-3,5,0.4358974359,0.6561688258,0.1082340044,5.073419286,-4.392110196,1.15239530,1,1
29,-3,6,1.217894737,0.7094891553,0.4261575287,12.53895454,-4.480549485,1.12304678,1,1
29,-3,7,0.6553125,0.8319892098,0.05849439987,-1.890066459,-4.556747828,1.09109328,1,1
29,-3,8,-0.6152777778,0.8690071406,0.4086061825,-12.25586145,-4.44886672,1.05740909,1,1
29,-3,9,0.1853846154,0.7851580246,0.3554012913,-11.44916051,-4.096297119,1.02276359,1,1
29,-3,10,0.07525,0.9663259117,0.1748506856,-7.744772604,-3.57270891,0.98780237,0,1
29,-3,11,0.9451428571,0.8432765542,0.3103006006,-10.95098979,-3.028998628,0.95304434,0,1
29,-3,12,-0.2433333333,0.8388661697,0.4427442479,-13.32061777,-2.600513074,0.91888960,0,0
29,-3,13,-0.09945945946,0.9081396972,0.2180041836,-9.232232924,-2.337824531,0.88563338,0,1
29,-3,14,0.3005128205,1.00050412,0.05500135583,-4.249274358,-2.196976547,0.85348248,0,1
29,-3,15,-0.1102702703,0.9360399531,0.02997549219,-2.851002918,-2.083971136,0.82257187,0,1
29,-3,16,-1.0128,1.113047546,0.009324261222,0.449454214,-1.917629545,0.79297991,0,1
29,-3,18,1.85,2.575719705,0.02226526918,-2.714664013,-1.376209643,0.73785958,0,1
29,-3,19,-2.72,5.63,0.01686765135,-2.414628349,-1.08962001,0.71231305,0,1
29,-2,0,0.580952381,0.9062654675,2.526997525,31.31311369,8.416268181,1.20981379,1,1
29,-2,1,1.364318182,0.6781794119,1.554301009,24.55505389,6.611238584,1.20661738,1,1
29,-2,2,1.681666667,0.6283260704,1.176466895,22.0362802,1.966090559,1.19717805,1,1
29,-2,3,-0.76,0.6373696174,0.1219633998,6.168931926,-3.561816996,1.18192644,1,0
29,-2,4,0.9948780488,0.6481807677,0.7766170992,-16.23609676,-7.713417845,1.16152134,1,1
29,-2,5,3.298285714,0.7198305923,3.036191995,-34.40384611,-8.920080706,1.13677557,1,1
29,-2,6,2.203947368,0.7894226548,2.854288315,-33.75476822,-6.93743285,1.10857556,1,0
29,-2,7,1.822571429,0.8276585728,0.6153379205,-15.74465796,-2.848509151,1.07780813,1,1
29,-2,8,1.148648649,0.9436923649,0.02813211974,3.064832126,1.520207717,1.04530338,1,1
29,-2,9,0.72025,0.8611791624,0.5903105254,15.02569248,4.452448985,1.01179714,1,1
29,-2,10,0.8552631579,0.7795834885,0.6064453817,15.05996165,5.050358161,0.97791186,0,1
29,-2,11,0.06424242424,0.877770571,0.3738611428,11.97218776,3.494248921,0.94415238,0,1
29,-2,12,-0.7322222222,0.8440121792,0.1187565287,6.983790838,0.7966958458,0.91091195,0,0
29,-2,13,0.6102631579,0.8507888225,0.01662464943,1.950928672,-1.76365513,0.87848433,0,1
29,-2,14,-0.5286842105,0.8502617326,0.04305584437,-2.743242056,-3.223009671,0.84707859,0,1
29,-2,15,0.7985714286,0.9245772559,0.07396084332,-4.483356135,-3.266581708,0.81683429,0,1
29,-2,16,-0.718,1.106475124,0.07596752693,-5.166990984,-2.21542617,0.78783576,0,1
29,-2,18,1.253333333,2.353856174,0.0008823267078,0.3650919911,0.4835239849,0.73370990,0,1
29,-2,19,0.36,5.12,0.005926008267,1.133877478,1.086189629,0.70857749,0,1
29,-1,0,3.01125,1.066070822,4.445928033,-40.87177687,-13.38670749,1.19031148,1,1
29,-1,1,2.634047619,0.6451479027,1.987029933,-26.28259394,-11.65843487,1.18726679,1,1
29,-1,2,2.663589744,0.7224175457,2.951851866,-34.27795401,-7.288693142,1.17827100,1,1
29,-1,3,1.583863636,0.6210415632,1.918749371,-28.16000769,-2.302179129,1.16372197,1,1
29,-1,4,-1.373658537,0.6117600242,0.004437545589,0.8032177329,1.095928776,1.14422994,1,1
29,-1,5,0.8451219512,0.6873491961,1.375741873,23.87090656,1.596976184,1.12055075,1,1
29,-1,6,-0.42375,0.7087817453,0.6303818314,16.18160248,-0.650341227,1.09351278,1,1
29,-1,7,-0.01,0.8499702949,0.2285649221,-8.777426951,-4.24853701,1.06394963,1,1
29,-1,8,1.33972973,0.773368911,0.6565697721,-14.80174311,-7.353296184,1.03264685,1,1
29,-1,9,0.9726315789,0.7757080583,1.057864874,-19.13650856,-8.59729146,1.00030598,1,0
29,-1,10,0.55875,0.7658403065,0.7553459804,-15.98913154,-7.65542835,0.96752538,0,1
29,-1,11,1.520625,0.8931623025,0.5025991544,-13.48483024,-5.221418698,0.93479479,0,1
29,-1,12,-0.4571875,0.8933789112,0.2385813748,-9.643375034,-2.503178686,0.90249970,0,1
29,-1,13,1.16725,0.8254458265,0.04655884461,-4.363896811,-0.5718204614,0.87093159,0,1
29,-1,14,-1.07974359,0.9915324694,0.01033329885,-2.071511115,0.08921273389,0.84030114,0,0
29,-1,15,0.99,0.9146242398,0.002839006436,-1.032014255,-0.3407359411,0.81075208,0,1
29,-1,16,1.337222222,1.415070567,0.004889781347,0.6498828903,-1.269653992,0.78237435,0,1
29,-1,18,4.186666667,4.620051707,0.03307494008,-2.862621064,-2.359250674,0.72929248,0,1
29,0,0,2.895833333,1.23599319,4.279068468,40.64097354,11.34002935,1.17032881,1,1
29,0,1,2.394444444,0.9758714055,1.913320252,26.9225972,8.438072284,1.16743453,1,1
29,0,2,1.08047619,0.8972823671,1.101776741,21.38518099,1.030886337,1.15887884,1,1
29,0,3,-0.755,1.017370331,0.1485952248,1.976788038,-7.610164768,1.14502806,1,1
29,0,4,3.527142857,0.9518569987,2.719318655,-30.67715604,-13.7938754,1.12644558,1,1
29,0,5,7.279090909,1.171068242,6.975370452,-51.71075864,-15.10183325,1.10383193,1,1
29,0,6,7.855,1.542934614,5.449416518,-46.23266858,-11.39046946,1.07795871,1,1
29,0,7,0.7170588235,1.131822794,0.764361015,-17.21238494,-4.662871991,1.04960703,1,1
29,0,8,2.39125,1.188948722,0.02291497626,2.321046437,2.036272206,1.01951798,1,1
29,0,9,-1.166,1.095808606,0.5373703941,13.65983442,6.081051198,0.98835841,0,1
29,0,10,1.6645,1.161827389,0.7518611608,16.50718271,6.349880916,0.95670187,0,1
29,0,11,1.625555556,1.486729143,0.4906998766,13.85867124,3.477133365,0.92502213,0,1
29,0,12,-2.24125,1.404783161,0.130880616,7.343740241,-0.7222906452,0.89369598,0,1
29,0,13,-2.858,1.169985684,0.05030046103,-1.685366734,-4.252857128,0.86301182,0,1
29,0,14,1.4915,1.450220541,0.158646331,-5.662198898,-5.826106314,0.83318124,0,1
29,0,15,-1.675555556,1.232771143,0.1727922144,-6.65617159,-5.252115268,0.80435158,0,1
29,0,16,2.51,3.192292802,0.1950702135,-8.397600591,-3.261639046,0.77661802,0,1
29,0,18,3.99,4.212991811,0.006685205969,1.514779604,0.6977028006,0.72462336,0,1
30,-15,0,22.32666667,1.791250339,21.66002467,93.1671918,18.20491999,1.30633333,1,1
30,-15,1,2.277368421,0.9889831277,2.93970871,30.74183384,16.67305406,1.30231187,1,1
30,-15,2,1.333181818,0.9495064533,1.538259295,21.76079535,12.90166105,1.29046673,1,1
30,-15,3,0.3,0.9604502912,0.2897922421,6.454198074,8.883126565,1.27142334,1,1
30,-15,4,1.302727273,0.8208748609,0.9027122266,18.20984627,6.631017853,1.24612543,1,1
30,-15,5,-0.8885,0.8732357477,0.3514506116,9.817566836,7.059365939,1.21571447,1,1
30,-15,6,2.188125,1.211995331,0.85251119,16.23658052,9.542350977,1.18140420,1,1
30,-15,7,2.474375,1.107994211,3.192536431,34.28131339,12.37054317,1.14437297,1,1
30,-15,8,1.945555556,1.206598477,1.687787179,22.63659332,13.77606773,1.10568666,1,1
30,-15,9,1.704375,1.207789173,1.935653734,25.28033104,12.89278481,1.06625476,1,1
30,-15,10,0.2888235294,1.175780993,0.4692375409,9.636902133,10.1170176,1.02681477,1,1
30,-15,11,0.6977777778,1.147328889,0.5592035638,13.68342261,6.739271953,0.98793701,0,1
30,-15,12,1.084615385,1.359790925,0.1088324117,5.297564165,4.149095507,0.95004187,0,1
30,-15,13,1.110666667,1.484903546,0.1839154998,8.174938299,3.112475861,0.91342268,0,1
30,-15,14,-1.366842105,1.13348151,0.09910957163,5.382971002,3.501094669,0.87826983,0,1
30,-15,15,0.6995,1.263307787,0.124131254,5.573585042,4.53644531,0.84469323,0,1
30,-15,16,0.85375,1.394926073,0.07322401212,1.479324609,5.317525934,0.81274188,0,1
30,-15,17,1.97125,2.561887165,0.2545271434,8.824257388,5.294074449,0.78242007,0,1
30,-15,18,4.533333333,2.456311033,0.195746979,7.850428498,4.450878815,0.75370031,0,1
30,-15,19,1.8225,2.887333329,0.04960387922,3.246293865,3.177895774,0.72653337,0,1
30,-14,0,5.121666667,0.8602796282,5.679128994,-44.97182087,-18.44745215,1.30536675,1,1
30,-14,1,-0.158974359,0.6074164147,0.5780811923,2.969645217,-15.22133341,1.30135419,1,1
30,-14,2,0.4376923077,0.6210227798,0.362562318,-10.02893908,-7.089613293,1.28953492,1,1
30,-14,3,-0.25325,0.6117168973,0.02070657545,-2.040477286,2.109815019,1.27053215,1,1
30,-14,4,0.6737777778,0.650932609,0.1860846012,3.165703477,8.20962164,1.24528635,1,1
30,-14,5,0.4563888889,0.6296208197,0.253071606,5.338323462,8.76307459,1.21493529,1,1
30,-14,6,0.365,0.6723413003,0.04209950016,-0.8169826811,4.104610262,1.18068912,1,1
30,-14,7,1.59125,0.6618459979,1.004972136,-20.21731566,-3.061661164,1.14372300,1,1
30,-14,8,0.79,0.7198865651,0.7862723266,-15.56842402,-9.205913075,1.10510038,1,1
30,-14,9,2.956216216,0.7970064441,2.010183062,-26.42790816,-11.74275357,1.06572897,1,0
30,-14,10,1.409736842,0.7556796944,0.600786408,-12.15927121,-10.10476613,1.02634516,1,1
30,-14,11,0.49925,0.9198172469,0.1516986705,-5.555385127,-5.67901117,0.98751873,0,1
30,-14,12,1.0603125,0.9555070099,0.013633508,2.236890865,-0.8176013423,0.94966988,0,1
30,-14,13,0.7223529412,0.9833999245,0.1693880665,8.036302646,2.427116835,0.91309206,0,1
30,-14,14,1.425,0.8126120307,0.1333352608,6.739849268,3.169842115,0.87797592,0,1
30,-14,15,-0.4557142857,0.920606421,0.008903179132,0.619283102,1.822254512,0.84443174,0,1
30,-14,16,0.1221212121,0.9599673338,0.02410041774,3.139557912,-0.412351992,0.81250895,0,1
30,-14,19,-1.475714286,2.129591318,0.06201857899,-4.285342063,-2.727336146,0.72636696,0,1
30,-14,20,0.65,5.27,0.01434810105,-1.733819307,-1.721431428,0.70070655,0,1
30,-13,0,8.798571429,0.9895236949,10.17478202,63.50327679,14.15983454,1.30247983,1,1
30,-13,1,0.08025641026,0.6190428127,0.7370386455,11.77877896,12.95768505,1.29849375,1,1
30,-13,2,2.0705,0.6843142693,1.058935808,18.44642949,10.01469802,1.28675155,1,1
30,-13,3,-0.1368292683,0.5998912751,0.6212674764,14.50806269,6.927578054,1.26786977,1,1
30,-13,4,0.4638095238,0.6651618573,0.4414696354,12.47775013,5.289327141,1.24277923,1,1
30,-13,5,1.185116279,0.66378169,1.012811514,19.69588977,5.783345199,1.21260672,1,1
30,-13,6,1.092857143,0.7149154367,0.7553952858,15.8972362,7.845782615,1.17855162,1,1
30,-13,7,1.087222222,0.7066073743,1.520760684,23.05236375,10.06446165,1.14177973,1,1
30,-13,8,1.008292683,0.6921738382,0.998638739,17.1405828,11.03082341,1.10334710,1,1
30,-13,9,2.327179487,0.736495915,2.125601518,27.9650318,10.1144875,1.06415622,1,1
30,-13,10,-0.2697222222,0.7770803917,0.3539915977,9.359637382,7.724870137,1.02494019,1,1
30,-13,11,-1.504864865,0.7960527162,0.06647693223,1.719068632,4.970130543,0.98626706,0,1
30,-13,12,-1.043,0.8906503242,0.198037039,8.57313049,2.982239332,0.94855653,0,1
30,-13,13,-0.7476666667,0.9066384187,0.0432799711,3.546305637,2.330264244,0.91210233,0,1
30,-13,15,-0.2190909091,0.9147711933,0.141346489,6.67289031,3.778760835,0.84364873,0,0
30,-13,16,-1.447647059,1.119022289,0.06367153613,2.634521594,4.421483864,0.81181135,0,1
30,-13,17,-0.2945,1.223446464,0.1647603696,7.055303037,4.332484889,0.78158975,0,1
30,-13,18,-0.88,1.539263253,0.09957740687,5.368752959,3.550376439,0.75295802,0,1
30,-13,19,-1.492857143,2.793527992,0.04158815527,3.366772068,2.442824076,0.72586842,0,1
30,-13,20,8.69,5.65,0.01182031222,1.684234474,1.442614263,0.70025897,0,1
30,-12,0,6.979473684,0.986065519,6.61106098,-49.61289548,-17.00174692,1.29771058,1,1
30,-12,1,0.2256818182,0.6101879409,0.4983846632,0.2672834422,-14.39718728,1.29376799,1,0
30,-12,2,0.9508333333,0.6980811995,0.323139562,-8.5651351,-7.815309106,1.28215239,1,1
30,-12,3,0.05921052632,0.6375148687,0.1296863386,-7.338509041,-0.3188046872,1.26346943,1,1
30,-12,4,-0.4186842105,0.6673511012,0.6110082929,-15.22005837,4.749395965,1.23863415,1,1
30,-12,5,-0.4991304348,0.5826039098,0.1549218775,-5.945526111,5.39492263,1.20875535,1,1
30,-12,6,-0.2797222222,0.681334305,0.008972333621,0.6200573758,1.829869749,1.17501478,1,0
30,-12,7,0.251875,0.7572330571,0.1991634246,-8.258548287,-3.828488619,1.13856283,1,1
30,-12,8,-0.1405,0.8600245189,0.3260350299,-7.6710334,-8.763588716,1.10044343,1,1
30,-12,9,1.680238095,0.7639033031,2.000512165,-26.72539913,-10.86536258,1.06155039,1,1
30,-12,10,-0.627804878,0.6992199699,0.7649513595,-15.03209085,-9.60679057,1.02261134,1,1
30,-12,11,0.9313157895,0.9547864873,0.3935463146,-11.28590009,-6.030044069,0.98419148,0,1
30,-12,12,-0.4525,0.8405502987,0.04405772616,-3.790837309,-1.989861482,0.94670961,0,1
30,-12,13,-0.6643333333,0.8901358823,0.004455898961,-1.067323762,0.8453841871,0.91045991,0,1
30,-12,14,-1.3725,0.8444274487,0.05856576815,4.633141509,1.70293692,0.87563516,0,1
30,-12,15,-0.6748571429,0.9564743884,0.01082495081,1.947516804,0.8431161511,0.84234854,0,1
30,-12,16,-1.9425,0.9918452166,0.01331838767,2.209150022,-0.8128374005,0.81065268,0,1
30,-12,17,-1.717647059,1.33432564,0.09918069975,-6.011110216,-2.264991648,0.78055556,0,1
30,-12,19,0.25125,2.22006631,0.03259765197,-2.570986245,-2.636687221,0.72503980,0,1
30,-12,20,2.02,5.69,0.01393216835,-1.580928711,-1.815784472,0.69951491,0,1
30,-11,0,0.608125,0.9449572163,0.7967605024,17.74291299,4.083779336,1.29112078,1,1
30,-11,1,0.2104545455,0.5929160705,1.260187702,-22.58569542,3.765785646,1.28723777,1,1
30,-11,2,0.7438888889,0.6589089724,0.03892358416,2.633857294,3.042492058,1.27579562,1,1
30,-11,3,1.11,0.6395673529,0.6645703714,16.44721943,2.445433776,1.25738521,1,1
30,-11,4,1.770222222,0.5809830749,1.948840078,28.37026295,2.435842676,1.23290010,1,1
30,-11,5,0.8761904762,0.6055560028,0.4485985846,13.31044839,3.07719955,1.20342457,1,1
30,-11,6,-1.118823529,0.7134397065,0.1535925672,6.936194362,3.973742041,1.17011627,1,1
30,-11,7,-0.1333333333,0.7750393033,0.717428502,16.67636275,4.514582944,1.13410452,1,1
30,-11,8,0.4438095238,0.6682868493,0.1069972684,5.135854195,4.258952815,1.09641653,1,1
30,-11,9,0.8797727273,0.6696220178,0.3808885933,12.17191797,3.211106315,1.05793417,1,1
30,-11,10,0.158372093,0.7712865473,0.01195093995,1.294446909,1.815636497,1.01937746,1,0
30,-11,11,0.2847619048,0.7050981341,0.03294185391,3.637130056,0.6903464465,0.98130756,0,1
30,-11,12,1.075625,0.9170225902,0.02444991851,-3.177501969,0.2752223291,0.94414195,0,1
30,-11,13,1.0996875,0.8588519999,0.001785958087,-0.6077944349,0.6112485898,0.90817535,0,1
30,-11,14,0.4497058824,0.87335015,0.008926917609,1.362591377,1.362844115,0.87360228,0,1
30,-11,15,1.121621622,0.894723923,0.04504387087,3.817639266,2.041055418,0.84053832,0,1
30,-11,16,-1.147878788,0.9515284211,0.0124750124,-0.1184076285,2.275114511,0.80903883,0,1
30,-11,17,0.4858823529,1.319401275,0.06320278895,4.731591328,1.976675788,0.77911456,0,1
30,-11,18,1.930769231,1.626139473,0.04169976731,3.94776531,1.328204921,0.75074425,0,1
30,-11,19,0.1683333333,3.082897357,0.002398555455,0.7696915969,0.6367745478,0.72388447,0,1
30,-10,0,4.303157895,0.9478954674,4.278245209,-40.15430398,-12.94505137,1.28279387,1,0
30,-10,1,-0.2581395349,0.5914026191,0.3884412186,5.616935987,-11.4043436,1.27898528,1,1
30,-10,2,1.9025,0.6248566836,0.5845598229,-13.68478674,-7.478622694,1.26775989,1,1
30,-10,3,1.323333333,0.5899799955,1.494517636,-24.76500548,-2.912229024,1.24969028,1,1
30,-10,4,1.336,0.6251311297,1.316168167,-23.39785686,0.3542114145,1.22564344,1,1
30,-10,5,-0.907027027,0.7182082587,0.275429749,-10.64841417,1.09655949,1.19667322,1,1
30,-10,6,-0.8896875,0.9027094615,0.003377467487,0.971453173,-0.67930638,1.16390729,1,1
30,-10,7,-0.4722222222,0.7160102322,0.09223510214,-4.851907023,-3.851356948,1.12844862,1,0
30,-10,8,-0.07142857143,0.6559729061,0.1123778968,0.5827767373,-6.8128285,1.09130347,1,1
30,-10,9,0.01255813953,0.6657293077,1.105377204,-19.7907278,-8.259161018,1.05333860,1,1
30,-10,10,1.27,0.7011487908,0.8825313532,-17.53324949,-7.730324051,1.01526434,1,0
30,-10,11,0.7923255814,0.8423505606,0.5927930248,-14.64060204,-5.681666987,0.97763665,0,1
30,-10,12,0.195,0.961251045,0.2712974333,-10.15481856,-3.122754834,0.94087117,0,1
30,-10,13,-0.822,0.9583736703,0.01862568288,-2.570030128,-1.06961076,0.90526318,0,1
30,-10,14,-0.73875,0.9415913848,0.0001885104944,-0.2603408112,-0.1032061468,0.87100927,0,1
30,-10,15,1.67,0.963338732,0.007036307425,-1.696924988,-0.2187830758,0.83822796,0,1
30,-10,16,-1.916666667,0.9579395166,0.01871627261,2.615773151,-0.9718756442,0.80697798,0,1
30,-10,17,1.046470588,1.344560874,0.04882040248,-4.138868895,-1.783605369,0.77727352,0,1
30,-10,19,0.475,2.81344984,0.01984892226,-1.899371589,-2.156486082,0.72240714,0,1
30,-9,0,0.8938888889,0.9391360718,0.1918786239,-5.287314338,-7.202391768,1.27283203,1,1
30,-9,1,3.916097561,0.6508889268,4.654467813,-43.54346199,-6.35884662,1.26911123,1,1
30,-9,2,1.785853659,0.6173755646,0.2215282211,-8.64707008,-4.170597735,1.25814160,1,1
30,-9,3,0.175,0.5973284618,0.802692286,18.21146171,-1.516168234,1.24047448,1,1
30,-9,4,2.07195122,0.8281917726,1.247761885,22.77721883,0.5686675691,1.21694580,1,1
30,-9,5,0.3154054054,0.6801768987,0.1278266597,7.170330229,1.329663766,1.18857385,1,1
30,-9,6,1.219117647,0.7168408562,0.00116088092,-0.3550883752,0.5974034953,1.15645109,1,1
30,-9,7,-1.661621622,0.7496703493,0.01354568818,2.062662827,-1.17517563,1.12164943,1,1
30,-9,8,0.05904761905,0.7253140462,0.5331694467,-14.55750057,-3.146689353,1.08515025,1,1
30,-9,9,0.7748780488,0.6787605494,0.1092062604,-5.041889075,-4.473708977,1.04780229,1,1
30,-9,10,-0.3030952381,0.7359884745,0.1137238245,-5.053709322,-4.666288618,1.01030417,1,1
30,-9,11,-0.3623809524,0.7447806628,0.04076286692,-1.690762516,-3.755064401,0.97320544,0,1
30,-9,12,-0.5421428571,0.9013736682,0.02009815831,-1.862025452,-2.212374128,0.93691934,0,1
30,-9,13,-0.1815625,1.020455317,0.01258133412,-2.181244537,-0.6903428823,0.90174161,0,1
30,-9,14,-0.07538461538,0.9310146284,0.002443630614,-0.9680596725,0.2819942264,0.86787116,0,1
30,-9,15,2.467272727,0.9441664205,0.009010972457,1.870812707,0.4990288128,0.83542989,0,1
30,-9,16,0.4590322581,1.000066075,0.03821842172,-3.98625578,0.1017237505,0.80448042,0,0
30,-9,17,0.3261111111,1.512862097,0.01021018926,1.984768713,-0.555509894,0.77504098,0,1
30,-9,19,-1.205,2.821787997,0.005877788746,-0.8435995796,-1.316724841,0.72061374,0,1
30,-8,0,0.4566666667,0.9402257084,0.9421674187,-19.00305084,-5.555906103,1.26135291,1,1
30,-8,1,-0.2666666667,0.6014146682,0.4603572637,12.81843846,-5.21698844,1.25773158,1,1
30,-8,2,-0.431627907,0.6014374794,0.3287929087,-10.87751211,-4.297949813,1.24705194,1,1
30,-8,3,1.88627907,0.6041899851,1.432827372,-24.22194914,-3.068848168,1.22984154,1,1
30,-8,4,1.974418605,0.7124572068,1.438067853,-24.38614958,-1.901744826,1.20690167,1,1
30,-8,5,0.7557575758,0.7376453414,0.05222087777,-4.515002113,-1.158011426,1.17921065,1,1
30,-8,6,0.001081081081,0.7288999676,0.01017928496,1.764381778,-1.059243807,1.14782129,1,1
30,-8,7,-0.8984210526,0.6721054177,0.15088387,-7.761574467,-1.591364163,1.11377030,1,1
30,-8,8,0.9862790698,0.6776060413,0.0151741884,-0.3021374078,-2.494365258,1.07801074,1,1
30,-8,9,0.9,0.7472621774,0.2596383975,-9.835630015,-3.358814761,1.04137058,1,1
30,-8,10,1.159210526,0.7926139643,0.1420882501,-6.686128747,-3.796154227,1.00453484,1,1
30,-8,11,-0.8397297297,0.7735425987,0.2499619816,-9.539329214,-3.605083656,0.96804543,0,1
30,-8,12,-1.334857143,0.9921691178,0.07248850582,-4.693118549,-2.851862187,0.93231257,0,0
30,-8,13,0.3530769231,0.973710724,0.06757017039,-4.97810689,-1.825015788,0.89763228,0,1
30,-8,14,1.381621622,0.8679443065,0.03458386919,-3.687083574,-0.8909883337,0.86420586,0,1
30,-8,15,0.9918421053,0.8871466283,0.005764790874,-1.513640122,-0.3275758534,0.83215893,0,1
30,-8,16,1.042857143,1.052465764,0.043813866,4.263931515,-0.2177784585,0.80155844,0,1
30,-8,17,-0.243125,1.419515487,0.004226750114,-1.248290675,-0.4475361422,0.77242717,0,1
30,-8,19,1.09,5.5288727,0.009795472033,-1.730423989,-1.03970663,0.71851139,0,1
30,-7,0,1.72952381,1.025005105,0.905391187,-12.13794476,-15.14443013,1.24848600,1,1
30,-7,1,2.666086957,0.6427985671,4.598733637,-41.69759777,-13.21326713,1.24497406,1,1
30,-7,2,0.222,0.6141489538,0.5849688768,-13.2058311,-8.305383509,1.23461346,1,1
30,-7,3,0.4618181818,0.6276406602,0.3257511534,11.3394767,-2.635033835,1.21790610,1,1
30,-7,4,1.773571429,0.7338735331,0.9379397672,19.70818186,1.346368655,1.19561567,1,1
30,-7,5,0.7561764706,0.702568816,0.1179483791,6.677979595,2.115755342,1.16867712,1,0
30,-7,6,-0.4205405405,0.7178324842,0.3209389714,-11.5520431,-0.2745017137,1.13809992,1,1
30,-7,7,0.7959459459,0.7875414532,0.6532665796,-15.89945646,-4.358390924,1.10488211,1,1
30,-7,8,3.0595,0.725301963,1.803411825,-26.1729077,-8.079564128,1.06994538,1,1
30,-7,9,1.411315789,0.9321168624,0.4697074397,-9.965075856,-9.803911976,1.03409454,1,1
30,-7,10,0.08105263158,0.8045845512,0.5101432901,-11.45317883,-9.003735583,0.99799917,0,1
30,-7,11,1.940512821,0.7834872903,0.2021382534,-6.640046908,-6.325218144,0.96219236,0,0
30,-7,12,-0.6657894737,0.8228545931,0.02933031565,-1.611118473,-3.09952063,0.92708059,0,1
30,-7,13,-1.099333333,1.205823507,0.003805739483,1.092400294,-0.6245161661,0.89295984,0,1
30,-7,14,1.501081081,0.8778028884,0.0008169454925,0.4249807317,0.3990957987,0.86003384,0,0
30,-7,15,-0.2208333333,0.894825402,0.0008123514412,-0.5798868449,0.04130367927,0.82843207,0,1
30,-7,16,-0.9722222222,1.214132865,0.03750568367,-3.80194926,-1.072023133,0.79822617,0,1
30,-7,17,-1.645714286,1.469167993,0.01236179587,-0.6499061561,-2.172713792,0.76944385,0,1
30,-7,19,-1.2025,3.165710492,0.04069376781,-3.207604448,-2.577151899,0.71610832,0,1
30,-6,0,-0.07409090909,0.8504750738,0.1698059346,-7.500968573,3.792410676,1.23436897,1,1
30,-6,1,1.255454545,0.5997108463,1.863824784,27.6704302,3.127659712,1.23097451,1,1
30,-6,2,0.5018421053,0.7732720244,0.08131473392,5.611891858,1.528809145,1.22095671,1,1
30,-6,3,-0.420212766,0.5769490948,0.2471704636,-10.1405348,-0.05989069753,1.20479048,1,1
30,-6,4,0.3545238095,0.6260162713,0.1446119266,-7.723280237,-0.7183382726,1.18319984,1,1
30,-6,5,0.6897142857,0.7664378464,0.03607538125,3.872949199,-0.09615673812,1.15707372,1,1
30,-6,6,0.005897435897,0.8087105678,0.01039380091,-1.536845129,1.400855396,1.12737545,1,1
30,-6,7,0.5932432432,0.7700552858,0.3075609799,-10.93911362,2.880103791,1.09506159,1,0
30,-6,8,1.220789474,0.758083079,0.1645722244,7.497811998,3.500323504,1.06101991,1,1
30,-6,9,0.1252631579,0.8216628472,0.05371146631,3.700511627,2.941530238,1.02602991,1,1
30,-6,10,0.05833333333,0.897216905,0.1016934908,6.320017433,1.538326035,0.99074410,0,1
30,-6,11,-0.9511428571,0.9379465118,0.02020724887,2.899314733,0.03314694835,0.95568552,0,1
30,-6,12,-1.337105263,0.8526459452,0.004302119777,1.01900853,-0.8668892622,0.92125618,0,1
30,-6,13,0.7228205128,0.9026674333,0.01167572901,-2.031199115,-0.8554874091,0.88775161,0,1
30,-6,14,0.4333333333,0.976777388,0.005726826771,-1.538592773,-0.123894566,0.85537781,0,1
30,-6,15,-0.02216216216,0.8867934126,0.00264548209,0.6532906139,0.8208842441,0.82426823,0,1
30,-6,16,-0.7810714286,1.204755166,0.1139833891,6.727825129,1.469213041,0.79449938,0,1
30,-6,17,-0.045,1.760242106,0.007310885233,0.777266166,1.561254136,0.76610418,0,1
30,-6,18,5.495,2.913712123,0.007499944096,-1.333493911,1.158493916,0.73908323,0,1
30,-5,0,-0.5690909091,0.9592569972,1.337784372,-15.3691196,-17.89884487,1.21914411,1,1
30,-5,1,4.862272727,0.6366513554,5.029351767,-43.12213797,-15.26164539,1.21587337,1,1
30,-5,2,0.4855555556,0.7431740253,0.8851832466,-17.1578067,-8.59568054,1.20621688,1,1
30,-5,3,0.07093023256,0.7600436263,0.4104847356,13.03005037,-0.9989518816,1.19062171,1,1
30,-5,4,1.707317073,0.6338406393,1.373608749,23.54364977,4.144827291,1.16977086,1,1
30,-5,5,-0.1054761905,0.7095404446,0.06024769869,1.375245401,4.813985174,1.14450550,1,0
30,-5,6,0.16125,0.7385539568,0.1962838761,-8.954016387,1.220046595,1.11574079,1,1
30,-5,7,0.9861111111,0.8112165348,0.2352951083,-8.815256666,-4.492727542,1.08438967,1,1
30,-5,8,1.4625,0.9035537921,1.541365882,-23.48770336,-9.466009899,1.05130397,1,1
30,-5,9,2.198421053,0.8702913564,1.241700855,-19.57325528,-11.55383474,1.01723603,1,1
30,-5,10,-0.8160526316,0.7802186461,0.9004050523,-16.43823831,-10.2173055,0.98281979,0,1
30,-5,11,-1.408125,0.8552960014,0.2195581305,-6.991227422,-6.516808978,0.94856710,0,1
30,-5,12,-0.8878378378,0.8179504129,0.040458508,-3.365801217,-2.346048104,0.91487469,0,1
30,-5,13,1.498421053,0.972932065,0.02507284846,3.176065396,0.5865505725,0.88203713,0,1
30,-5,14,0.337027027,0.9750827227,0.03152780736,3.302686195,1.486354662,0.85026244,0,1
30,-5,16,0.8,1.347351132,0.07071032849,-5.317597157,-1.068568363,0.79039528,0,1
30,-5,17,0.913,1.739594206,0.0200042478,-1.361762527,-2.543279357,0.76242259,0,1
30,-5,19,0.23,3.834018779,0.04668101921,-3.348795197,-2.864781821,0.71043791,0,1
30,-4,0,0.2736363636,0.9504914531,0.5313287776,9.249778536,11.64037253,1.20295494,1,1
30,-4,1,3.156428571,0.6578519294,3.863135061,38.70897406,10.4332791,1.19981245,1,1
30,-4,2,1.740714286,0.6273997919,1.531112022,24.10894928,7.467934768,1.19053070,1,1
30,-4,3,-0.06307692308,0.6457490083,0.2878193554,10.04973892,4.32995939,1.17552858,1,1
30,-4,4,0.3224390244,0.6833327387,0.08930576357,5.502936604,2.621622438,1.15544747,1,1
30,-4,5,-0.2864864865,0.7666054829,0.1336822331,6.79688432,3.069232284,1.13107981,1,1
30,-4,6,-0.656097561,0.6600554751,0.06599333529,0.8423585603,5.171714276,1.10329132,1,1
30,-4,7,-0.6020588235,0.7782038365,0.1377322319,0.3171725162,7.563214037,1.07294987,1,1
30,-4,8,1.080810811,0.7657390191,1.306236133,21.57514741,8.829836497,1.04086977,1,1
30,-4,9,0.5371794872,0.7595981065,0.7991068108,16.24720096,8.276040459,1.00777474,1,1
30,-4,10,-0.3755,0.8210823025,0.4668316957,12.47425916,6.214164973,0.97427878,0,1
30,-4,11,1.041666667,0.8858673716,0.174214953,7.680858772,3.672283601,0.94088149,0,1
30,-4,12,0.4403125,0.8937681926,0.1303916242,7.152032647,1.759889471,0.90797346,0,1
30,-4,13,0.5460526316,0.8422193179,0.04247230828,4.05997078,1.089508291,0.87584773,0,1
30,-4,14,-0.03875,0.8482423371,0.0160838566,2.064922602,1.558108661,0.84471402,0,1
30,-4,16,1.223636364,1.339845657,0.1594749654,7.442100545,3.311178009,0.78593235,0,1
30,-4,17,0.65375,1.978254044,0.04613858434,2.732440468,3.424835168,0.75841457,0,1
30,-4,19,2.385,4.179294199,0.01598694766,1.691320425,1.94697835,0.70719173,0,1
30,-3,0,2.1,0.8796845086,2.397000353,-26.88280201,-16.57030304,1.18594335,1,1
30,-3,1,5.51675,0.7318076835,6.529334704,-50.26561309,-13.77915561,1.18293197,1,1
30,-3,2,0.3963414634,0.6361358566,0.7755617908,-16.65102325,-6.738844262,1.17403362,1,1
30,-3,3,0.64275,0.6391336421,0.4827986195,14.11830612,1.240717109,1.15963909,1,1
30,-3,4,0.4876744186,0.6100658273,0.965057199,18.93329207,6.560309726,1.14034812,1,1
30,-3,5,2.525294118,0.7285218718,0.3985046543,10.74351311,7.097379145,1.11690422,1,1
30,-3,6,0.7956756757,0.7109704887,0.2313910698,9.300959913,3.124298303,1.09012311,1,1
30,-3,7,-0.6015789474,0.7332220284,0.1340201657,6.821022441,-3.038432378,1.06082674,1,1
30,-3,8,0.46,0.7999122512,1.354499956,-22.22326393,-8.346224322,1.02979083,1,1
30,-3,9,2.2375,0.9032578323,1.537845517,-22.98683208,-10.55549491,0.99770932,0,1
30,-3,10,1.491578947,0.8790447685,0.999561497,-18.22182731,-9.155739295,0.96517514,0,1
30,-3,11,3.105757576,1.068925316,0.2199736015,-7.947227118,-5.325457339,0.93267458,0,1
30,-3,12,-1.115862069,1.119192896,0.01338969425,-2.09461831,-1.087791037,0.90059129,0,1
30,-3,13,0.6818918919,0.85486871,0.01159784505,1.289721513,1.778157401,0.86921615,0,1
30,-3,14,1.45475,1.098984612,0.04626303961,3.61159458,2.490761013,0.83876008,0,1
30,-3,15,1.044411765,0.9470083107,0.01261999991,1.823661315,1.387352565,0.80936768,0,1
30,-3,16,0.3778947368,1.28665406,0.05550985345,-4.779213576,-0.5037003051,0.78113008,0,1
30,-3,18,-0.885,2.56200605,0.0207681099,-0.9660525734,-2.776186322,0.72828436,0,1
30,-3,19,1.64,4.94,0.02084646004,-1.587871426,-2.480268047,0.70368696,0,1
30,-2,0,2.995,1.077779271,3.1574916,33.26838214,14.3830911,1.16824699,1,1
30,-2,1,4.392222222,0.8255725393,4.96444845,43.48655648,13.2042913,1.16536809,1,1
30,-2,2,3.016341463,0.6560675032,2.08724136,27.60833307,10.30370101,1.15685742,1,1
30,-2,3,1.603636364,0.6268714131,0.540460476,13.14430007,7.216872497,1.14307814,1,1
30,-2,4,0.7302380952,0.6610957265,0.1735418027,6.483994467,5.491722246,1.12458891,1,1
30,-2,5,-0.2365789474,0.7335068708,0.3360256056,10.29005582,5.823789212,1.10208468,1,1
30,-2,6,0.11,0.8760074287,0.629851341,14.22804608,7.720699407,1.07633128,1,1
30,-2,7,0.427,0.8032136734,0.9412259721,17.15685859,9.860758241,1.04810449,1,1
30,-2,8,2.582894737,0.7986279352,1.868172445,25.66496717,10.88821589,1.01814082,1,1
30,-2,9,0.3423684211,0.78101548,1.162327067,19.50679657,10.15210521,0.98710355,0,1
30,-2,10,1.307368421,0.9099182966,0.635196963,14.1650713,7.97629418,0.95556363,0,1
30,-2,11,-0.3208571429,0.8311181551,0.2384604211,8.391860466,5.365346337,0.92399314,0,1
30,-2,12,0.71125,0.9715515682,0.1380095638,6.779105887,3.385544403,0.89276793,0,1
30,-2,13,-0.7012820513,0.9209565071,0.07275859223,4.843382759,2.61007494,0.86217602,0,1
30,-2,14,-1.518205128,0.8430878407,0.07889381458,4.929415817,2.919629423,0.83242908,0,1
30,-2,15,-1.439354839,0.9858908404,0.1238045264,6.148783985,3.7014468,0.80367477,0,0
30,-2,16,1.093571429,1.641618274,0.2085195963,8.281729726,4.262216092,0.77600877,0,1
30,-2,18,-0.195,3.733584069,0.04992051778,2.925719886,3.494187237,0.72412840,0,1
30,-1,0,5.435,1.10921784,4.864318995,-42.9200752,-13.47748829,1.14999729,1,1
30,-1,1,4.843636364,0.7830377498,4.689882479,-42.7605579,-11.07866397,1.14725090,1,1
30,-1,2,0.7858139535,0.6620892327,0.5934110907,-14.88630453,-5.028284846,1.13912828,1,1
30,-1,3,-0.1019047619,0.6448982148,0.1818857601,8.504721896,1.82821351,1.12596573,1,1
30,-1,4,2.022888889,0.7398958173,0.9938888113,19.30245415,6.396696313,1.10828182,1,1
30,-1,5,2.645609756,0.7609854049,0.8648630053,17.68831732,6.8516677,1.08672392,1,1
30,-1,6,1.1846875,0.866062184,0.5241894788,14.36525933,3.424285404,1.06200864,1,1
30,-1,7,-0.6448648649,0.7608350105,0.02095166781,2.262874769,-1.89637396,1.03486576,1,1
30,-1,8,1.187105263,0.7976106663,0.7332346187,-16.21142947,-6.499857206,1.00599245,1,1
30,-1,9,0.3492307692,0.8737274444,0.860374834,-16.92216612,-8.461378883,0.97602080,0,1
30,-1,10,-0.9775,0.8759134741,0.6465307968,-14.66721605,-7.338846765,0.94549902,0,1
30,-1,11,-0.4165,0.7923554679,0.2079435024,-8.332259585,-4.133679052,0.91488418,0,1
30,-1,12,-0.7394871795,0.8909630227,0.04178315182,-4.130435609,-0.5684827565,0.88454353,0,1
30,-1,13,1.644871795,1.116693166,0.0113765826,1.158309651,1.841599561,0.85476157,0,1
30,-1,14,-1.92,0.9708791898,0.02681120588,2.291759117,2.429507772,0.82575007,0,1
30,-1,15,0.06115384615,1.067785548,0.006672152589,0.7690151645,1.478016012,0.79765935,0,1
30,-1,16,0.493,1.677897196,0.003536494014,-1.204337253,-0.1446111877,0.77058934,0,1
30,0,0,2.98,1.486492306,1.836863837,25.4880207,10.70414857,1.13131785,1,1
30,0,1,4.999047619,1.007939008,5.989739272,48.89749953,10.05164427,1.12870282,1,1
30,0,2,1.34047619,0.9214813569,0.801598085,16.17959316,8.468862508,1.12096521,1,1
30,0,3,1.045263158,1.194558415,0.1855099528,-5.503406052,6.847846976,1.10841543,1,1
30,0,4,-0.8857142857,0.8992647538,0.09898082076,2.138596871,6.050361804,1.09153338,1,1
30,0,5,1.371363636,0.9219022286,1.407067069,23.33537364,6.3924597,1.07092021,1,1
30,0,6,2.345294118,1.406488409,1.364513642,22.62221394,7.478937122,1.04724444,1,1
30,0,7,-0.209,1.220013352,0.6098790804,13.48857065,8.473228273,1.02119059,1,0
30,0,8,0.356,1.24722627,1.80453713,26.01109804,8.613443569,0.99341661,0,0
30,0,9,-0.4816666667,1.295699839,0.6356200985,14.35161772,7.647066504,0.96452322,0,1
30,0,10,-0.3405555556,1.165944221,0.2731035421,8.855418435,5.933373803,0.93503537,0,1
30,0,11,0.2082352941,1.262360136,0.06963857397,3.382875401,4.186756955,0.90539440,0,1
30,0,12,-2.0395,1.358473306,0.06642040394,4.281120207,3.050555037,0.87595824,0,1
30,0,13,1.7565,1.197827721,0.05030940769,3.643716447,2.766641909,0.84700714,0,0
30,0,14,0.6085,1.615774423,0.07704702405,4.729102234,3.112976128,0.81875239,0,1
30,0,15,0.7641666667,1.595628795,0.130100177,6.41581276,3.600676799,0.79134645,0,1
30,0,16,0.964,2.510760044,0.2598689807,9.687900341,3.776476446,0.76489309,0,1
30,0,17,-0.375,9.345,0.05741801694,3.465946179,3.446113078,0.73945685,0,1
31,-15,0,0.9725,0.8791669352,0.3271817637,-11.12458638,3.516519759,1.26397436,1,1
31,-15,1,-1.134705882,0.6949063769,0.1588441943,-7.942054533,1.734964247,1.26033047,1,1
31,-15,2,0.3341025641,0.6390590373,0.05917230494,-4.10049706,-2.793611435,1.24958505,1,1
31,-15,3,-0.559,0.7337618911,0.2460743234,-6.170249197,-8.019103077,1.23227102,1,1
31,-15,4,0.7504761905,0.7041913635,1.368937608,-20.8312846,-11.6446217,1.20919746,1,1
31,-15,5,0.537804878,0.6328294018,1.032688119,-16.76061693,-12.19534492,1.18135174,1,1
31,-15,6,-0.01837209302,0.6337239802,0.8165566458,-15.71091565,-9.638020058,1.14979563,1,1
31,-15,7,0.2458823529,0.8540089082,0.2340968131,-8.339898554,-5.276447503,1.11557382,1,1
31,-15,8,0.8844117647,0.8994781802,0.0187398512,2.59451354,-1.032046844,1.07964580,1,1
31,-15,9,-0.8813157895,0.7545625303,0.1664056265,8.187216185,1.483818822,1.04284430,1,1
31,-15,10,-0.04243243243,0.8695996288,0.03979643736,3.724691573,1.63822497,1.00585745,1,1
31,-15,11,0.001578947368,0.9407475256,0.1023709914,-6.525442595,-0.09765749614,0.96922891,0,1
31,-15,12,-0.2906060606,0.8629468805,0.07254353597,-4.868825663,-2.544781195,0.93336964,0,1
31,-15,13,-0.351,0.9304113785,0.3424584122,-11.0706852,-4.462962663,0.89857560,0,0
31,-15,14,-1.543030303,0.9970540399,0.187415356,-7.207519622,-5.101458686,0.86504758,0,1
31,-15,15,-0.08878787879,1.084472253,0.08327233936,-3.890755567,-4.416679825,0.83291036,0,1
31,-15,16,-0.06208333333,1.348461681,0.0442576367,-3.138208739,-2.926570333,0.80222991,0,1
31,-15,17,-0.2206666667,1.8176983,0.01347260049,-1.944599371,-1.350459632,0.77302801,0,1
31,-15,18,0.3641666667,1.722776326,0.0001808236102,0.1114647441,-0.2506119866,0.74529413,0,1
31,-15,19,-2.301666667,2.320473252,0.004140688228,1.302513284,0.1617768098,0.71899492,0,1
31,-14,0,0.1195,0.8896725521,1.074633491,-21.04274543,-2.073341384,1.26222491,1,1
31,-14,1,0.7264102564,0.6660688433,0.4907539843,-14.20298641,-1.565539313,1.25859609,1,1
31,-14,2,-0.7997560976,0.6672905251,0.02041927562,-2.898353689,-0.3080311738,1.24789460,1,0
31,-14,3,-0.5695555556,0.5796899129,0.05131563192,4.499557157,1.050522221,1.23064977,1,1
31,-14,4,-0.1004761905,0.6388341363,0.4008892973,12.78331634,1.837064717,1.20766548,1,1
31,-14,5,0.7954054054,0.7656557764,0.0936826421,6.003931624,1.71143183,1.17992305,1,1
31,-14,6,0.7607692308,0.6977833986,0.1055927499,6.577032623,0.820960656,1.14847827,1,0
31,-14,7,1.489210526,0.7181410114,0.01145242625,-2.159209191,-0.3202190356,1.11437050,1,1
31,-14,8,1.17025641,0.7250646104,0.4294326209,-13.31810763,-1.136353555,1.07855493,1,1
31,-14,9,0.8951351351,0.8629217967,0.2398038497,-9.904479537,-1.292468654,1.04186112,1,1
31,-14,10,1.04125,0.766431808,0.03384737556,3.659813214,-0.8293360322,1.00497513,1,0
31,-14,11,-1.5,0.8887358495,0.1853790938,8.781766063,-0.08141225357,0.96843944,0,1
31,-14,12,-0.8740540541,0.817739361,0.02437452438,-3.137676131,0.5439551835,0.93266453,0,0
31,-14,13,0.7396774194,0.9428270784,0.00173478933,-0.3273032517,0.7839789475,0.89794639,0,1
31,-14,14,-0.2713157895,0.8408521103,0.001359485528,-0.4259847679,0.6197936108,0.86448616,0,0
31,-14,15,-0.4761764706,0.9169283101,0.006599064286,-1.640958425,0.2297021527,0.83240918,0,1
31,-14,16,1.472727273,1.211348627,0.0008386537596,-0.5721750806,-0.1467425356,0.80178208,0,1
31,-14,17,-0.425,1.485261435,0.002007519666,0.8475804364,-0.3417980431,0.77262729,0,1
31,-14,18,1.184545455,1.745851517,0.001103559701,0.5964964919,-0.3214380492,0.74493499,0,0
31,-14,19,-0.8216666667,2.35455221,0.001542879073,-0.7844082748,-0.163128067,0.71867246,0,1
31,-14,20,0.18,4.95,0.000382691495,-0.3987195439,0.0154791585,0.69379146,0,1
31,-13,0,2.404761905,0.8998428938,1.374985219,20.98309801,11.47890715,1.25874770,1,0
31,-13,1,0.3331707317,0.6220540326,0.6101226982,13.99870622,7.60754334,1.25514871,1,1
31,-13,2,-0.352195122,0.6933557944,0.01285545413,-0.6907771616,-2.207096326,1.24453417,1,1
31,-13,3,1.661333333,0.7288166415,1.81103373,-23.92131991,-13.46261352,1.22742638,1,1
31,-13,4,4.654390244,0.7245376195,3.913263841,-34.35331926,-21.16467032,1.20461890,1,1
31,-13,5,5.661842105,0.7341894922,5.977942445,-44.66103386,-22.19200434,1.17708116,1,1
31,-13,6,2.894705882,0.7372170738,3.024197956,-31.33761247,-16.61795571,1.14585709,1,1
31,-13,7,-0.07315789474,0.7041022961,0.2151909218,-5.898180841,-7.398686881,1.11197551,1,1
31,-13,8,0.4423255814,0.6682110469,0.393073752,12.72396392,1.27949486,1.07638307,1,1
31,-13,9,0.9307894737,0.7427020743,0.6179773698,14.85112809,6.045691263,1.03990308,1,1
31,-13,10,0.6571052632,0.836192848,0.1919122066,6.847838111,5.740315774,1.00321743,1,1
31,-13,11,0.1440540541,0.9889548021,0.009327321135,1.181305022,1.576421159,0.96686627,0,1
31,-13,12,1.783714286,0.897336028,0.2924191397,-10.34714151,-3.820494797,0.93125909,0,1
31,-13,13,0.008787878788,0.9867574651,0.382676273,-9.882332009,-7.845384634,0.89669193,0,1
31,-13,14,0.9257894737,0.9608514503,0.5429302841,-11.99702255,-9.052893151,0.86336660,0,1
31,-13,15,0.02289473684,0.9232102679,0.3389869821,-9.185835241,-7.526902838,0.83140954,0,1
31,-13,16,0.07458333333,1.153386629,0.1086250686,-5.015853439,-4.475950156,0.80088865,0,1
31,-13,18,1.597,1.841416031,0.003476082595,1.079303102,0.530388123,0.74421828,0,1
31,-13,19,-0.024,3.938718827,0.00507461373,0.9950626683,1.058828552,0.71802884,0,1
31,-12,0,1.034285714,1.071439079,0.07673857693,-4.678000632,-3.169070925,1.25358535,1,1
31,-12,1,-0.7611627907,0.6603456601,0.007898832736,-1.537913021,-0.9597360696,1.25003033,1,0
31,-12,2,-0.1876190476,0.614573207,0.05632719004,1.539825369,4.589507928,1.23954404,1,1
31,-12,3,-0.4646511628,0.6068699006,1.114088457,18.62219776,10.80391925,1.22263844,1,1
31,-12,4,1.150930233,0.7368334733,2.734778153,30.31827339,14.78489252,1.20009196,1,1
31,-12,5,3.319736842,0.7185651784,3.563074307,35.52712329,14.83990307,1.17285656,1,1
31,-12,6,0.4252777778,0.7829642987,1.036587363,17.47756184,11.21614064,1.14195875,1,1
31,-12,7,-0.2533333333,0.7128332337,0.1016405302,-2.930930582,5.804884087,1.10841179,1,1
31,-12,8,-1.031666667,0.7520449023,0.1178445318,-6.921193191,1.060995678,1.07314975,1,1
31,-12,9,-0.2914634146,0.7690916848,0.04466986882,-4.13320565,-1.22526983,1.03698661,1,1
31,-12,10,-0.48675,0.7139887517,0.001414844148,-0.3862653044,-0.662901149,1.00059810,1,1
31,-12,11,0.00925,0.7611399346,0.04267794355,3.811515524,1.796745388,0.96452082,0,1
31,-12,12,1.048947368,0.8094857897,0.5154518797,13.9189216,4.55135073,0.92916280,0,1
31,-12,13,1.733783784,0.8359019483,0.3701343557,10.73975489,6.216929235,0.89482005,0,1
31,-12,14,1.002,0.9088346773,0.2119066007,7.040604646,6.2122915,0.86169538,0,1
31,-12,15,0.8263157895,0.9505202903,0.09927476624,4.235280774,4.83375277,0.82991680,0,1
31,-12,16,-0.4980769231,1.141280929,0.04966113527,3.499489813,2.900833942,0.79955408,0,1
31,-12,17,-0.05076923077,1.559125836,0.007721037314,1.285083225,1.249343825,0.77063302,0,1
31,-12,18,-0.01555555556,2.065020925,0.0003052357653,-0.03075950954,0.3550291021,0.74314707,0,1
31,-12,19,1.4975,4.527209175,0.0001437618038,-0.07933557334,0.2313379454,0.71706665,0,1
31,-11,0,3.328095238,0.9366247963,4.039403232,37.074375,17.49469044,1.24679999,1,1
31,-11,1,1.707804878,0.732553462,1.670929372,23.24006621,12.45315686,1.24330223,1,1
31,-11,2,-0.3122222222,0.6432358137,0.1637358414,8.247393107,-0.3193483072,1.23298296,1,0
31,-11,3,1.191578947,0.6647635637,1.635015595,-21.37521666,-14.94456954,1.21634082,1,1
31,-11,4,8.256666667,0.7950107682,7.34287494,-49.33449498,-24.92135495,1.19413467,1,1
31,-11,5,7.855714286,0.8994321538,7.173177007,-47.92547467,-26.2204735,1.16729387,1,0
31,-11,6,2.849714286,0.7704262147,3.496657893,-33.0748463,-18.99530306,1.13682231,1,1
31,-11,7,0.4545,0.6803321799,0.432339622,-11.3512105,-7.143021336,1.10371303,1,1
31,-11,8,-0.3311363636,0.7575162636,0.1056177401,5.373246366,3.882004001,1.06888362,1,1
31,-11,9,0.1213636364,0.8318536569,1.119842804,19.26051626,9.74358768,1.03313588,1,1
31,-11,10,2.175853659,0.9358915129,1.02344694,18.55918073,9.019799451,0.99713735,0,1
31,-11,11,-1.006136364,0.8487491864,0.1528908953,7.228867161,3.369416942,0.96141994,0,1
31,-11,12,-1.202432432,0.8981625726,0.04562081346,-2.203656813,-3.758218662,0.92638963,0,1
31,-11,13,1.412222222,0.8788312068,0.7039287602,-14.5545022,-9.001805337,0.89234235,0,1
31,-11,15,0.8563636364,0.9678174968,0.3929401933,-9.47230005,-8.588150579,0.82793893,0,0
31,-11,17,-1.858333333,1.949197517,0.002677762549,-0.49089714,-0.9343926849,0.76904868,0,1
31,-11,18,3.083,1.831251758,0.01058310904,1.56633804,1.396293176,0.74172597,0,1
31,-11,19,0.02333333333,3.414942654,0.01781762882,1.956183455,1.893748,0.71578972,0,1
31,-10,0,0.7942857143,0.848952803,0.4853278992,14.20088435,-0.5031147372,1.23847124,1,1
31,-10,1,0.595,0.7096697511,0.7068353481,16.99824809,2.266024445,1.23504292,1,1
31,-10,2,-0.6524444444,0.6548347895,0.4556320556,10.2297455,9.214973733,1.22492627,1,1
31,-10,3,2.424390244,0.7951589079,1.809662829,21.55814156,16.97491341,1.20860395,1,1
31,-10,4,7.026153846,0.9698537402,4.740724725,38.63957901,21.89378228,1.18681134,1,1
31,-10,5,4.986388889,0.7999916818,4.748992879,38.71575755,21.83769241,1.16045055,1,1
31,-10,6,3.159444444,0.743139611,2.62480345,28.26703478,17.1175661,1.13049819,1,1
31,-10,7,1.884473684,0.7778834486,0.9085916934,16.60115099,10.12011895,1.09792276,1,1
31,-10,8,0.3372093023,0.8692348646,0.2674449518,9.781701463,3.948094305,1.06362183,1,1
31,-10,9,-0.3481818182,0.6592355641,0.003471862851,0.8287371626,0.8704285491,1.02838225,1,1
31,-10,10,0.7254761905,0.7093849736,0.01601546935,-2.174451944,1.39101205,0.99286150,0,1
31,-10,11,1.7885,0.7550432521,0.07890070672,3.769308743,4.314922398,0.95758558,0,0
31,-10,12,-0.1679487179,0.8532549553,0.4986202076,12.22342608,7.618155538,0.92295784,0,1
31,-10,13,1.006470588,0.8939339498,1.080506423,18.931371,9.546856831,0.88927398,0,1
31,-10,14,1.285555556,1.027680656,0.836390443,16.13540773,9.360805007,0.85673937,0,1
31,-10,16,-0.4096153846,1.259964771,0.1367522043,5.813325643,4.806278639,0.79559007,0,1
31,-10,17,-0.1607142857,1.617542725,0.02218857256,1.65740252,2.546460549,0.76708192,0,1
31,-10,18,-0.4811111111,1.906808464,0.003865218542,-0.08380374126,1.265338587,0.73996100,0,1
31,-10,19,1.565,4.265597848,0.002980533542,0.5201640041,0.9846143688,0.71420312,0,1
31,-9,0,0.6327272727,0.8939595713,1.54566265,18.22806594,17.62960048,1.22869369,1,0
31,-9,1,2.249090909,0.7195350139,0.9637447413,15.47028978,12.7134301,1.22534570,1,0
31,-9,2,0.0625,0.6114344754,0.1735514405,8.493162414,0.2672067339,1.21546360,1,1
31,-9,3,1.453043478,0.6387967909,0.9111003075,-13.57126619,-13.95992306,1.19951175,1,1
31,-9,4,4.435789474,0.7119242097,4.166796552,-34.28612723,-23.62279212,1.17819869,1,1
31,-9,5,6.126875,0.81517121,6.45957198,-45.517174,-24.81248532,1.15239530,1,1
31,-9,6,4.463684211,0.770623551,4.508499276,-39.51861591,-17.7205398,1.12304678,1,1
31,-9,7,1.113157895,0.7319312424,0.7763938296,-16.87345008,-6.188816135,1.09109328,1,1
31,-9,8,-0.417,0.7504095634,0.194497494,7.817985592,4.449585277,1.05740909,1,1
31,-9,9,1.034761905,0.7320536748,1.281966473,20.82072645,9.992651193,1.02276359,1,1
31,-9,10,0.1392857143,0.7923270533,1.0610652,18.93250202,9.111049721,0.98780237,0,1
31,-9,11,-0.1891428571,0.8681130286,0.2130858764,8.747998101,3.482217748,0.95304434,0,1
31,-9,12,-0.28475,0.8302853223,0.1082415149,-5.726955578,-3.497902189,0.91888960,0,1
31,-9,13,0.7466666667,0.9770025426,0.6073006239,-13.39264705,-8.561622908,0.88563338,0,1
31,-9,14,1.346176471,1.073465743,0.7082992867,-13.96140011,-9.98817683,0.85348248,0,1
31,-9,15,0.2051515152,0.9754925294,0.3603831039,-9.26217283,-8.009228376,0.82257187,0,1
31,-9,16,-0.8192307692,1.180862778,0.1183620332,-5.596611738,-4.233422721,0.79297991,0,1
31,-9,18,0.8371428571,3.223570716,0.01550868615,1.981262663,1.589625562,0.73785958,0,1
31,-9,19,1.22,4.169919064,0.02118740676,2.21275902,1.97954842,0.71231305,0,1
31,-8,0,-0.3109090909,1.032563722,2.247417799,30.35521082,3.686202744,1.21757406,1,1
31,-8,1,1.468809524,0.7262023314,1.994262959,28.22436125,5.752264244,1.21431591,1,1
31,-8,2,0.4815,0.7945101337,0.6695391907,12.63090929,10.9095626,1.20469619,1,1
31,-8,3,0.3588888889,0.6123603302,0.968023841,11.29781653,16.58616323,1.18915916,1,1
31,-8,4,2.432571429,0.7027781024,2.083329804,21.58549995,20.02061733,1.16838373,1,1
31,-8,5,3.308684211,0.8268927743,3.98720924,35.67642275,19.64818786,1.14320623,1,1
31,-8,6,5.464736842,0.8882162617,5.750348269,46.29329628,15.79032313,1.11453693,1,1
31,-8,7,3.199,0.7905185575,3.135549918,34.60920946,10.33113999,1.08328437,1,1
31,-8,8,0.7073809524,0.6937042299,0.4798193854,12.95475953,5.639207104,1.05029669,1,1
31,-8,9,0.03,0.7400692102,0.03505076533,-1.787727412,3.37442232,1.01632346,1,1
31,-8,10,0.06473684211,0.7659404355,0.04133335232,1.641222012,3.808270532,0.98199667,0,1
31,-8,11,0.1164516129,0.8683125597,0.2150268825,7.367542711,5.931287508,0.94782701,0,1
31,-8,12,-1.616666667,0.9125397143,0.4700896678,11.35228802,8.167252143,0.91421064,0,1
31,-8,13,1.631714286,0.9364849787,0.8106661778,15.87864238,9.227259491,0.88144200,0,1
31,-8,14,1.637058824,0.950563892,0.6860117924,14.51186952,8.649705886,0.84972931,0,1
31,-8,16,1.544,1.155810394,0.1052724539,4.754841892,4.603211442,0.78996696,0,1
31,-8,17,-2.254545455,1.618084777,0.03917851635,2.914057067,2.794332986,0.76203813,0,0
31,-8,19,-2.32,4.057144932,0.01720554891,2.153704606,1.587400039,0.71012682,0,0
31,-7,0,0.4819047619,0.8865445545,0.3271455793,-3.654065886,11.07948923,1.20522825,1,1
31,-7,1,-1.299534884,0.6129390403,0.2593031656,-7.205495332,7.480816791,1.20206795,1,1
31,-7,2,0.203902439,0.6389122039,0.07821404718,5.470174744,-1.617946449,1.19273417,1,1
31,-7,3,-0.007826086957,0.6123194537,0.4084905718,-5.135726084,-11.98226912,1.17764964,1,0
31,-7,4,1.065277778,0.7607914098,2.980199223,-29.67846615,-18.94955413,1.15746149,1,1
31,-7,5,4.473846154,0.8184324419,5.640052985,-44.26845904,-19.66772279,1.13296887,1,0
31,-7,6,3.361463415,0.7559334047,2.989790737,-32.23310249,-14.31483704,1.10504433,1,1
31,-7,7,0.56475,0.7053723319,0.177550278,-6.387019875,-5.751076479,1.07456198,1,1
31,-7,8,0.3605555556,0.7365232599,0.1044773599,6.253209072,2.08917649,1.04234137,1,1
31,-7,9,-0.9228947368,0.7595032729,0.4330422553,11.93791776,6.136055755,1.00911020,1,1
31,-7,10,1.926666667,0.8687385439,0.2421403429,8.423455151,5.457717447,0.97548530,0,1
31,-7,11,-0.8643333333,0.8806892503,0.004951634049,0.5217959049,1.33709819,0.94196801,0,1
31,-7,12,0.02967741935,0.9477048091,0.2350990136,-9.171779131,-3.700031651,0.90894980,0,1
31,-7,13,1.542564103,0.8537785917,0.5202294323,-12.79749136,-7.256932105,0.87672396,0,1
31,-7,14,-0.09588235294,0.9172096431,0.4413702322,-10.85990999,-8.10507426,0.84550001,0,1
31,-7,15,-0.7788888889,1.089761935,0.1994605123,-6.41928262,-6.463540626,0.81541856,0,1
31,-7,16,0.9983333333,1.118104485,0.128716818,-6.397435904,-3.553139606,0.78656529,0,1
31,-7,17,-0.7375,1.6042,0.008812068586,-1.737103606,-0.8054117227,0.75898327,0,1
31,-7,18,-0.055,3.464829241,0.008340756513,1.674099488,0.8170194976,0.73268337,0,0
31,-6,0,2.895882353,1.280006049,3.230911179,35.87793854,7.548372942,1.19177829,1,1
31,-6,1,2.602142857,0.6515477387,2.700116252,32.55253806,7.981359784,1.18872235,1,1
31,-6,2,-1.03,0.7640986241,0.2749378396,5.771875528,9.003997083,1.17969369,1,1
31,-6,3,0.5902777778,0.7324743331,0.3106709146,-5.491156755,9.954912101,1.16509255,1,1
31,-6,4,-0.07609756098,0.6535079709,0.3675360882,7.012203401,10.18531057,1.14553271,1,1
31,-6,5,1.854871795,0.7014026694,2.525699071,31.01121202,9.439765488,1.12177422,1,1
31,-6,6,2.9,0.6795927152,2.844223162,33.45849201,7.990876523,1.09464972,1,1
31,-6,7,1.191707317,0.6822171443,0.9730097888,19.05504643,6.459183624,1.06499674,1,1
31,-6,8,0.9591891892,0.7598624977,0.3151710467,10.07380182,5.444616758,1.03360415,1,1
31,-6,9,1.498529412,0.8713179859,0.1752375829,6.772655627,5.199793658,1.00117604,1,1
31,-6,10,-0.1862857143,0.8207716131,0.1814515992,6.70119244,5.530465494,0.96831261,0,1
31,-6,11,1.648125,0.8615526954,0.247922307,8.226508758,5.955786034,0.93550475,0,1
31,-6,12,0.904137931,1.173248041,0.4177387052,11.73571344,6.00592418,0.90313854,0,1
31,-6,13,0.844375,0.9910591167,0.2602710284,8.851373485,5.471530381,0.87150567,0,1
31,-6,14,0.4811764706,0.9177614465,0.1110562465,5.117203972,4.474217071,0.84081672,0,1
31,-6,15,-0.1063888889,0.9831757866,0.03171659357,1.406323095,3.349296224,0.81121512,0,1
31,-6,16,-0.4913043478,1.279474216,0.04528067054,3.59074325,2.438310689,0.78279044,0,0
31,-6,17,-2.579,2.114394818,0.03092477403,3.029787584,1.920022001,0.75559009,0,1
31,-6,18,1.6025,2.68602983,0.03101409426,3.13084954,1.760976911,0.72962945,0,1
31,-5,0,-0.5244444444,0.9553652911,0.3727179097,-12.41425326,0.9765935235,1.17734944,1,1
31,-5,1,1.256315789,0.6546099048,0.7537251023,-17.6969635,-0.6332733754,1.17440289,1,1
31,-5,2,-0.16,0.6874851217,0.1389481015,-5.985124729,-4.689023718,1.16569423,1,1
31,-5,3,1.498108108,0.7117864255,0.6408740944,-13.44746904,-9.26272272,1.15160061,1,1
31,-5,4,2.33452381,0.8004092451,2.51336694,-29.93090929,-12.23986893,1.13270156,1,1
31,-5,5,2.280285714,0.8479169221,2.3438718,-28.68446133,-12.34333003,1.10971670,1,1
31,-5,6,-0.4055,0.6778273656,0.667135131,-13.55546931,-9.685426188,1.08343726,1,1
31,-5,7,0.147027027,0.7558124417,0.0887432729,-2.363067345,-5.597955588,1.05466257,1,1
31,-5,8,-0.2602702703,0.7553911907,0.06162634611,-4.69924606,-1.885847023,1.02414918,1,1
31,-5,9,-1.571351351,0.8623107062,0.002215587203,-0.957953696,0.06409891506,0.99257610,0,1
31,-5,10,-0.5271052632,0.7929143446,0.007648429549,-1.778323199,-0.1402048237,0.96052559,0,1
31,-5,11,-0.565625,0.857299881,0.1365692068,-7.300684548,-1.875883617,0.92847709,0,1
31,-5,12,2.388965517,1.012127976,0.3780712445,-11.89788652,-3.966729536,0.89681052,0,1
31,-5,13,0.7944736842,0.8727529517,0.4043114698,-11.82770218,-5.321392896,0.86581545,0,1
31,-5,14,0.4776470588,0.9277565771,0.1777229226,-6.685813165,-5.407460937,0.83570324,0,1
31,-5,15,-0.3602702703,1.017794714,0.06578407503,-2.881212442,-4.366663448,0.80662003,0,1
31,-5,16,-1.241666667,1.242639067,0.07482930618,-4.830024767,-2.793424181,0.77865924,0,1
31,-5,17,-2.18625,2.559727202,0.01869853383,-2.435513494,-1.359303253,0.75187275,0,1
31,-5,18,-1.7575,5.290876385,0.001659838158,-0.6650541464,-0.4982673294,0.72628059,0,1
31,-4,0,2.225789474,1.027206886,2.285226835,29.00302155,10.4681381,1.16206757,1,1
31,-4,1,3.669,0.6826865588,2.502522363,30.99496866,8.970719481,1.15923399,1,1
31,-4,2,-1.119142857,0.8382102152,0.1138012611,4.598875435,5.118279908,1.15085605,1,1
31,-4,3,-0.8043589744,0.6476840347,0.1431222723,-7.698035942,0.5343659117,1.13728761,1,1
31,-4,4,-0.17,0.7712623482,0.04312471611,-3.072386732,-2.915863822,1.11907350,1,1
31,-4,5,-0.5989189189,0.7871342312,0.058358836,-2.942058681,-3.952744873,1.09689228,1,1
31,-4,6,0.6521621622,0.6989578489,0.1102261165,-6.331267072,-2.402931704,1.07149287,1,1
31,-4,7,1.20825,0.8984669199,0.0614773396,-4.991852421,0.8116332387,1.04363529,1,1
31,-4,8,0.5564102564,0.7620807445,0.3463815766,11.25578596,4.173440047,1.01404259,1,1
31,-4,9,2.57,0.7947826666,0.5975992602,14.46125048,6.284935356,0.98336746,0,1
31,-4,10,0.08606060606,0.8652244304,0.4539285188,12.13502003,6.44949415,0.95217314,0,1
31,-4,11,1.271875,0.9787698457,0.2646249886,9.294890677,4.868357825,0.92092666,0,1
31,-4,12,0.3520588235,0.8721670898,0.1171082268,6.549010261,2.41510985,0.89000103,0,1
31,-4,13,-0.652,0.828891089,0.02188054666,3.013304334,0.1526066741,0.85968314,0,1
31,-4,14,0.3255882353,0.920907246,0.02920890597,-3.29177583,-1.14735821,0.83018477,0,1
31,-4,15,1.046774194,0.9896415647,0.06261372124,-4.944426958,-1.266004368,0.80165453,0,1
31,-4,16,-1.624285714,1.451060836,0.002873228582,0.9691825441,-0.5060410572,0.77418961,0,1
31,-4,17,3.263333333,2.778410417,0.004790937716,1.296968983,0.5577787087,0.74784637,0,1
31,-4,18,2.2375,4.367152724,0.008235715092,1.227152113,1.385830326,0.72264958,0,1
31,-3,0,1.276842105,0.9532203763,1.49356408,-23.78507007,-7.460582674,1.14605668,1,1
31,-3,1,2.516923077,0.6739236676,0.9612141515,-18.68597264,-7.123395119,1.14333836,1,1
31,-3,2,0.2225,0.6355624014,0.6341616552,-14.99088644,-6.254046923,1.13529798,1,1
31,-3,3,-0.702195122,0.7448179113,0.6602756796,-15.73455734,-5.208463638,1.12226625,1,1
31,-3,4,-0.4569767442,0.6136484443,0.4180680459,-12.43900581,-4.382493609,1.10475338,1,0
31,-3,5,-0.31,0.6549491246,0.1552177994,-6.953777867,-4.027724061,1.08339680,1,1
31,-3,6,-1.529210526,0.7107638571,0.1439001248,-6.530025268,-4.15062597,1.05890275,1,1
31,-3,7,-0.1755,0.8508632833,0.2133051035,-8.255131536,-4.53842736,1.03199135,1,1
31,-3,8,0.02277777778,0.8575811879,0.2173973265,-8.159658207,-4.885391116,1.00335137,1,0
31,-3,9,3.221111111,0.8619637765,0.3182952946,-10.39107197,-4.944773585,0.97360826,0,1
31,-3,10,1.548484848,1.011996332,0.2804587119,-9.759903432,-4.629009273,0.94330531,0,1
31,-3,11,-0.8224324324,0.9096057627,0.2660244234,-9.722451728,-4.018962657,0.91289630,0,1
31,-3,12,0.07,0.9198571318,0.2400301653,-9.434214388,-3.295291566,0.88274656,0,1
31,-3,13,-0.03692307692,0.835678436,0.1159271956,-6.423241399,-2.640624704,0.85313973,0,1
31,-3,14,-0.3175675676,0.8926925972,0.02753909189,-2.60224779,-2.16467264,0.82428755,0,1
31,-3,15,0.1272,1.169721836,0.008899184141,-0.4064744521,-1.880755033,0.79634084,0,1
31,-3,16,-0.5575,1.971798181,0.02225240754,-2.502831808,-1.730270384,0.76940037,0,1
31,-3,17,0.704,2.517652081,0.02970666514,-3.11486275,-1.630012035,0.74352689,0,1
31,-3,18,4.1,4.098597321,0.01594175681,-2.083217281,-1.514164392,0.71874992,0,1
31,-2,0,4.544761905,0.9925380325,3.893934798,38.26200468,12.49284035,1.12943702,1,1
31,-2,1,3.327105263,0.7143614819,2.116840806,28.13363445,9.444555234,1.12683498,1,1
31,-2,2,-0.417,0.6687780859,0.08681317842,5.768283992,1.686738775,1.11913546,1,1
31,-2,3,0.0985,0.7514943702,0.488281836,-12.24256122,-7.29841806,1.10664636,1,1
31,-2,4,1.974318182,0.6441674908,2.1845333,-26.89784577,-13.61506616,1.08984379,1,1
31,-2,5,3.374285714,0.7144712187,3.443773864,-34.85156839,-14.76932774,1.06932441,1,1
31,-2,6,2.158611111,0.8214471505,2.456758776,-30.12199261,-10.71390407,1.04575201,1,1
31,-2,7,1.790526316,0.7754299585,0.3828040491,-12.07784278,-3.659155677,1.01980665,1,1
31,-2,8,0.1,0.8282376458,0.1086370361,5.936645811,3.155016809,0.99214241,0,1
31,-2,9,0.09184210526,0.8420920618,0.6543114582,14.92706862,7.028913584,0.96335687,0,0
31,-2,10,1.129736842,0.8890758293,0.6175220127,14.45702411,6.921805633,0.93397264,0,1
31,-2,11,-1.279411765,0.929282872,0.253524469,9.600454165,3.648131697,0.90442946,0,1
31,-2,12,0.06153846154,0.969958229,0.03267353732,3.598678986,-0.8019794575,0.87508431,0,1
31,-2,13,-0.4655263158,0.9308953992,0.08106551051,-3.845335187,-4.352045126,0.84621695,0,1
31,-2,15,0.5576,1.199568572,0.2297826124,-8.435070486,-4.944642602,0.79070191,0,1
31,-2,16,-3.362857143,2.128092947,0.05147718814,-3.696935525,-2.783791287,0.76431101,0,1
31,-2,18,0.71,3.927623327,0.005522090146,1.041346233,1.101379117,0.71459573,0,1
31,-1,0,0.165,0.921787811,1.071681727,-18.51718508,-10.14798844,1.11232335,1,1
31,-1,1,3.414666667,0.660526838,3.375272753,-36.49053244,-8.526802426,1.10983755,1,1
31,-1,2,-0.616097561,0.6606579653,0.2445512996,-9.063840424,-4.426187939,1.10247897,1,1
31,-1,3,-0.75725,0.6739019309,0.3690057955,12.38780312,0.2556290796,1.09053336,1,1
31,-1,4,0.4131707317,0.6638361735,0.3578949689,11.70676951,3.442667016,1.07444356,1,1
31,-1,5,0.3541304348,0.6417905673,0.03766649887,-0.7454933137,3.88782688,1.05476631,1,1
31,-1,6,-1.112777778,0.7564061287,0.01370291087,-1.671243135,1.705278215,1.03212353,1,1
31,-1,7,-0.41075,0.7435614047,0.01121851654,1.178238043,-1.810845856,1.00715552,1,1
31,-1,8,0.26375,0.7902165954,0.564310081,-14.50930056,-4.925299899,0.98048160,0,1
31,-1,9,-0.09114285714,0.8274053864,0.4528802399,-12.18218653,-6.325573973,0.95267113,0,1
31,-1,10,2.078918919,0.8297743627,0.3074875272,-9.790440828,-5.663560137,0.92422548,0,1
31,-1,11,-1.553333333,1.032367982,0.1011466719,-5.427169245,-3.553505319,0.89556970,0,1
31,-1,12,-2.10625,0.829202026,0.03172612089,-3.457552885,-1.11571577,0.86705175,0,1
31,-1,13,-0.3848717949,1.040815098,0.000966196121,-0.07394725763,0.6296926696,0.83894691,0,1
31,-1,14,-0.8448571429,1.040727313,0.01358861517,2.055030969,1.195961109,0.81146538,0,1
31,-1,15,-1.470454545,1.170504942,0.01246956958,2.161388225,0.7185421963,0.78476120,0,1
31,-1,16,-0.825,2.155286137,0.02689263816,-3.334532676,-0.2635131751,0.75894154,0,1
31,-1,18,-1.31,5.11,0.01100064323,-1.444827693,-1.577731104,0.71020155,0,1
31,0,0,1.5375,1.322890044,2.971037408,32.54033549,13.31209201,1.09482373,1,1
31,0,1,4.730909091,1.288117844,3.616104873,37.58943641,9.565384717,1.09245317,1,1
31,0,2,1.471578947,1.322183482,0.001860473247,0.8774922275,0.06362360695,1.08543282,1,1
31,0,3,1.785909091,0.9627507621,2.79625677,-32.33848039,-10.84395245,1.07402712,1,1
31,0,4,6.398181818,0.9711565483,5.007884163,-41.80165804,-18.333753,1.05864675,1,1
31,0,5,5.517826087,0.9748013224,3.787500292,-34.63659593,-19.39269816,1.03980969,1,1
31,0,6,1.373684211,1.196742707,2.255028305,-27.19468343,-14.09405622,1.01809699,1,1
31,0,7,-0.7995,1.243889586,0.7893282164,-17.33098416,-5.294623462,0.99410985,0,1
31,0,8,0.3965,1.200953629,0.1274889997,6.652758892,2.96343697,0.96843305,0,1
31,0,9,2.905,1.789344386,0.6526644081,14.7086344,7.42925508,0.94160765,0,1
31,0,10,3.015882353,1.201924063,0.5335432866,13.15702757,6.990753649,0.91411341,0,1
31,0,11,-0.06611111111,1.207043117,0.1188785964,6.438935724,2.828241703,0.88636016,0,1
31,0,12,1.0395,1.17188534,0.0160118857,-0.5771125378,-2.515672065,0.85868621,0,1
31,0,13,1.1715,1.378735552,0.2417658101,-7.619065475,-6.521908863,0.83136180,0,1
31,0,14,0.698,1.485917449,0.4765047271,-11.72509193,-7.795487379,0.80459553,0,1
31,0,15,1.746,2.50128527,0.3989327856,-11.16888223,-6.421063484,0.77854241,0,1
31,0,16,4.355,3.793761326,0.0452530623,-2.466350946,-3.56993317,0.75331228,0,1
31,0,17,-0.35,4.049200538,0.001698969384,-0.4404260695,-0.7161512248,0.72897790,0,1
32,-16,0,5.068333333,1.275131529,4.415271427,42.16684705,-7.675191499,1.22468750,1,1
32,-16,1,-1.225416667,0.8674164077,0.2921048566,-9.680187871,-5.27472509,1.22137207,1,1
32,-16,2,-1.018333333,0.8292100892,0.09694872729,6.3089322,0.7296620603,1.21158503,1,1
32,-16,3,0.3285714286,0.8866754897,0.4394461478,11.32749883,7.383572183,1.19578343,1,1
32,-16,4,2.505714286,0.9112308837,1.178609742,18.90850345,11.52489373,1.17466501,1,1
32,-16,5,-0.7695454545,0.9759793566,0.4024615182,6.156619594,11.38148203,1.14908811,1,1
32,-16,6,0.8836842105,0.931695354,0.244995445,6.912827973,7.358120465,1.11998522,1,1
32,-16,7,1.52,1.08229028,0.01215248646,1.52900861,1.648670304,1.08828503,1,1
32,-16,8,0.6175,1.525650659,2.209093118,-30.16528529,-3.022860714,1.05485239,1,1
32,-16,9,0.0505,1.071876484,0.4246908194,-12.40105099,-4.785856439,1.02044951,1,1
32,-16,10,-0.2294736842,1.110805652,0.07043312428,4.212157605,-3.400158344,0.98571710,0,1
32,-16,11,-0.480625,1.274813865,0.8186576629,18.45497467,-0.1110344751,0.95117113,0,1
32,-16,12,-2.472352941,1.783207934,0.1753201634,7.917676352,3.201792735,0.91721031,0,1
32,-16,13,1.756,1.148895339,0.2744539598,9.427727195,5.030224127,0.88412960,0,1
32,-16,14,-0.02315789474,1.285106784,0.1240440019,5.285765041,4.865035808,0.85213636,0,1
32,-16,15,1.227058824,1.291942155,0.1248241752,6.452664783,3.208674159,0.82136657,0,1
32,-16,16,0.814,1.756601548,0.00690984426,-1.288851352,1.101666136,0.79189991,0,1
32,-16,17,0.02428571429,3.184516751,0.004735865106,1.315135679,-0.4906639314,0.76377278,0,1
32,-16,18,4.95,3.059365403,0.007814116621,-1.431107999,-1.09679258,0.73698926,0,1
32,-16,19,7.005,4.500280547,0.03802042331,-3.89362147,-0.8111217329,0.71152994,0,1
32,-15,0,2.540869565,0.9189857171,2.084166359,-29.39139631,1.803550416,1.22389096,1,1
32,-15,1,0.08090909091,0.6586874175,0.9008110917,19.23841749,2.158989079,1.22058197,1,1
32,-15,2,0.06333333333,0.6831113461,0.02425764786,0.4792396856,3.140478017,1.21081376,1,1
32,-15,3,-0.2265714286,0.8387804215,0.05086603257,-0.9937506043,4.491660909,1.19504193,1,1
32,-15,4,0.6109756098,0.6573494268,0.2206495256,7.623097394,5.80418088,1.17396208,1,1
32,-15,5,0.7386046512,0.6598464184,1.067345517,20.01068276,6.605780032,1.14843008,1,1
32,-15,6,0.05372093023,0.6383276979,0.7447203526,16.34739425,6.52685779,1.11937590,1,1
32,-15,7,0.61,0.7224490699,0.4212131169,12.04914645,5.482852969,1.08772598,1,1
32,-15,8,1.496486486,0.8264876674,2.252229469,30.37868579,3.76354029,1.05434328,1,0
32,-15,9,-2.016486486,0.7631817026,0.01608543676,1.701552637,1.948585126,1.01998858,1,1
32,-15,10,1.789473684,0.9538614304,0.4208266826,-13.21519714,0.6643774502,0.98530163,0,1
32,-15,11,0.8672222222,0.8666183696,0.4208539948,-13.2289405,0.2988795732,0.95079781,0,1
32,-15,12,-1.478888889,0.8790776893,0.02252337662,2.947206883,0.8274718014,0.91687555,0,1
32,-15,13,1.68525,0.879873606,0.1302193986,7.125556978,1.844875625,0.88382976,0,1
32,-15,14,-0.60725,0.831630552,0.06590395385,4.436430793,2.7815628,0.85186790,0,1
32,-15,16,1.493913043,1.423471754,0.1190450422,6.414474052,2.895274766,0.79168443,0,1
32,-15,17,0.5357142857,1.585905889,0.01077052825,0.2880754363,2.097149698,0.76357945,0,1
32,-15,19,2.773333333,2.465518314,0.01292090265,2.283239212,0.4031073203,0.71137362,0,0
32,-14,0,2.957391304,0.8643690401,3.170164572,35.29701608,-8.547031171,1.22151061,1,1
32,-14,1,1.16673913,0.6670106398,0.722180772,-16.16635456,-6.253692665,1.21822085,1,1
32,-14,2,0.4395454545,0.6212345305,0.002852238924,0.964218194,-0.5068954404,1.20850877,1,1
32,-14,3,1.261025641,0.6517964167,0.4479812069,12.3148514,5.892772818,1.19282568,1,1
32,-14,4,-0.222,0.661524187,0.4690895155,9.818962637,9.937319321,1.17186085,1,0
32,-14,5,-0.26175,0.6439677302,0.3347758034,6.391044483,9.921509262,1.14646275,1,1
32,-14,6,0.6172972973,0.8827059346,0.128196184,3.866111257,6.195850529,1.11755391,1,1
32,-14,7,0.57325,0.7765022155,0.01620693714,2.465364067,0.8153496265,1.08605398,1,0
32,-14,8,0.63225,0.6946998902,1.292664244,-22.90352775,-3.63798,1.05282033,1,1
32,-14,9,0.1125,0.7292470003,0.1760407711,-6.669706624,-5.362452268,1.01860952,1,1
32,-14,10,0.3264102564,0.7549256182,0.04032289137,0.2941134126,-4.085294875,0.98405836,0,1
32,-14,11,1.068529412,0.8506865231,0.07395379039,5.465386587,-0.9474457265,0.94968049,0,1
32,-14,12,0.6643243243,0.8449298122,0.1100171952,6.368630069,2.283123708,0.91587348,0,1
32,-14,13,-0.03828571429,0.8687777011,0.06181525535,2.902255388,4.158706641,0.88293208,0,1
32,-14,14,0.3839393939,0.9567195509,0.1670544708,7.226607231,4.156720278,0.85106403,0,1
32,-14,15,0.9215151515,0.9643296534,0.1799646896,8.216898322,2.712192726,0.82040614,0,1
32,-14,16,0.9308695652,1.295746906,0.02095697245,-2.84580517,0.7876778023,0.79103907,0,1
32,-14,18,-0.429,1.766741068,0.006957287208,-1.117122906,-1.283191684,0.73629522,0,1
32,-14,19,2.2025,2.837981237,0.0145710783,-2.23951571,-1.02312927,0.71090530,0,1
32,-13,0,7.884166667,1.031166835,6.276737946,-51.06300829,-1.993629177,1.21757406,1,1
32,-13,1,-0.07239130435,0.6030818771,0.02274683712,2.724453951,-1.42865611,1.21431591,1,1
32,-13,2,-0.3162222222,0.7277672572,0.009322624815,-1.96826042,0.0676924063,1.20469619,1,1
32,-13,3,-0.3892682927,0.6254584042,0.03146466863,3.037773949,1.965361841,1.18915916,1,1
32,-13,4,-0.4302564103,0.7143707524,0.369871353,11.87618577,3.583201759,1.16838373,1,1
32,-13,5,-0.2165789474,0.6824503168,1.184345106,21.77078086,4.332891427,1.14320623,1,1
32,-13,6,-0.56775,0.6682696873,0.5627456906,14.78422309,3.943890533,1.11453693,1,1
32,-13,7,1.455365854,0.7121709422,0.01724649026,0.7302959859,2.577204616,1.08328437,1,1
32,-13,8,-1.901,0.7948887844,0.4302954756,13.35791246,0.7671058901,1.05029669,1,1
32,-13,9,-0.217804878,0.7371018158,0.03701652133,-3.842240651,-0.7985768643,1.01632346,1,0
32,-13,10,1.401538462,0.9779917274,0.1375033052,-7.39914391,-1.568512214,0.98199667,0,1
32,-13,11,-0.1723529412,0.8363949526,0.1780781984,-8.500233442,-1.354464331,0.94782701,0,1
32,-13,12,-0.3917948718,0.8242384021,0.0004723678458,-0.2165368218,-0.3868308161,0.91421064,0,1
32,-13,13,-0.003421052632,0.8195692149,0.02566589669,3.162533156,0.8225276632,0.88144200,0,1
32,-13,14,-1.659714286,0.8760321958,0.01763438741,2.081310697,1.733448675,0.84972931,0,1
32,-13,15,0.71875,0.948455004,0.01431606109,-1.376195903,2.015492576,0.81921032,0,1
32,-13,16,-2.106086957,1.14654004,0.07465225399,5.320521973,1.658536152,0.78996696,0,0
32,-13,17,-1.118461538,1.546247605,0.002050966473,0.07986445755,0.9202803883,0.76203813,0,1
32,-13,18,-0.29,1.876678179,0.0009606001895,-0.6112124792,0.1614688859,0.73543041,0,1
32,-13,19,0.5066666667,3.228933432,0.002839362947,1.034700741,-0.3327117439,0.71012682,0,1
32,-12,0,3.631666667,0.9433844151,1.319941748,21.14728427,-10.09690641,1.21212627,1,1
32,-12,1,1.801666667,0.6463638954,1.50458738,-23.66892978,-8.109118561,1.20891154,1,1
32,-12,2,0.65075,0.6929142645,0.1895212613,-8.320662429,-3.100959195,1.19941869,1,1
32,-12,3,0.05184210526,0.6666503691,0.02805196837,-2.265676468,2.556871336,1.18408239,1,1
32,-12,4,-0.04405405405,0.6747010268,0.1107902324,2.557294889,6.28919422,1.16356735,1,1
32,-12,5,-0.6681578947,0.7562531972,0.1355145447,-3.611897925,6.582882401,1.13869336,1,1
32,-12,6,0.4897435897,0.7217020001,0.156555759,7.201206697,3.643742748,1.11035392,1,1
32,-12,7,-0.3615,0.6896409833,0.3633950575,12.26608749,-0.855447612,1.07944228,1,1
32,-12,8,0.4085714286,0.6833273187,0.6441355969,-15.67276183,-4.727993684,1.04679389,1,1
32,-12,9,0.243,0.7942175798,0.331341717,-9.863615234,-6.368842571,1.01314868,1,0
32,-12,10,0.9246511628,0.7232903123,0.1886538694,-7.006623746,-5.42178207,0.97913194,0,1
32,-12,11,-1.232352941,0.8486456715,0.03428410149,-2.595425733,-2.743627874,0.94525028,0,1
32,-12,12,-1.145,0.9133040506,0.1652559865,-8.289221254,0.2067273312,0.91189781,0,1
32,-12,13,0.6966666667,0.8957150316,0.01294926361,0.8669553641,2.153105813,0.87936851,0,1
32,-12,14,1.365151515,1.028793803,0.07603406049,5.016641697,2.543009237,0.84787120,0,1
32,-12,16,1.5625,1.321099159,0.03092615375,-3.58300474,0.1695533889,0.78847331,0,1
32,-12,17,-2.104285714,1.630834989,0.003011396658,-0.3551498441,-1.061482491,0.76069710,0,1
32,-12,19,4.29,5.04,0.01853969118,-2.376658197,-1.436955614,0.70904123,0,1
32,-11,0,10.78208333,1.101205857,11.31783106,-68.2427975,-7.186619022,1.20522825,1,1
32,-11,1,1.181086957,0.7154445413,0.4932947557,-12.8893236,-6.252851233,1.20206795,1,1
32,-11,2,1.166923077,0.660160461,0.08896368192,-4.709653596,-3.851240985,1.19273417,1,1
32,-11,3,-0.53,0.6521509603,0.2395516872,9.933324179,-0.9966694306,1.17764964,1,1
32,-11,4,1.953030303,0.7658692928,0.6661936377,16.6089731,1.143913256,1.15746149,1,1
32,-11,5,-0.131,0.6407710687,0.750446289,17.58081592,1.770403959,1.13296887,1,1
32,-11,6,-0.7291891892,0.712977276,0.01415745814,2.298283868,0.779763288,1.10504433,1,1
32,-11,7,-0.4107317073,0.7486060534,0.4515385575,-13.65023909,-1.237468025,1.07456198,1,0
32,-11,8,-1.089545455,0.7561420772,0.03009966243,1.244909731,-3.312553925,1.04234137,1,1
32,-11,9,-0.5785714286,0.6767281983,0.2839536999,-9.867924283,-4.556488173,1.00911020,1,1
32,-11,10,-0.1613953488,0.6940608356,0.1459070315,-6.334710743,-4.536003662,0.97548530,0,1
32,-11,11,0.7702777778,0.877529404,0.1087132,-5.801131747,-3.402418644,0.94196801,0,1
32,-11,12,-1.257096774,0.935243766,0.007315072723,0.0742166671,-1.742954744,0.90894980,0,1
32,-11,13,-0.1959375,0.9295050241,0.000355371503,0.2834719019,-0.259796486,0.87672396,0,1
32,-11,14,0.2070588235,0.9717701225,0.001537486852,-0.5806256178,0.5500341746,0.84550001,0,1
32,-11,15,-1.233055556,0.9073846558,0.01708790051,-2.605331585,0.5670826406,0.81541856,0,1
32,-11,16,0.7156,1.252286187,0.02010617721,2.892164127,0.02146977202,0.78656529,0,1
32,-11,17,0.4845454545,1.658220444,0.005343143303,-1.324951448,-0.6837336169,0.75898327,0,1
32,-11,18,1.742,2.538991926,0.006700148242,-1.175367726,-1.185779834,0.73268337,0,1
32,-10,0,2.037619048,0.9037811727,1.430213801,22.20561167,-10.09673691,1.19695513,1,1
32,-10,1,1.83675,0.6625185846,1.884974833,-26.66284697,-8.563114262,1.19385930,1,1
32,-10,2,1.035833333,0.7061833899,0.7928014754,-17.55269337,-4.663050179,1.18471399,1,1
32,-10,3,0.9318918919,0.8280330394,0.4979775755,-14.39299418,-0.1509761642,1.16992797,1,1
32,-10,4,1.251714286,0.6869163868,0.1971585744,-8.537060646,3.024141621,1.15012772,1,1
32,-10,5,0.55925,0.7868653639,0.03697981755,1.464479746,3.638758975,1.12608815,1,1
32,-10,6,1.446578947,0.7042473045,0.3727861262,12.33569975,1.710646588,1.09865711,1,1
32,-10,7,0.7834883721,0.6638076246,0.3053370569,11.15401316,-1.61924148,1.06868612,1,1
32,-10,8,0.6014285714,0.7828570899,0.9917178178,-19.75487584,-4.726955634,1.03697578,1,1
32,-10,9,0.2180952381,0.7283064088,0.4265017902,-11.73639719,-6.300866117,1.00423926,1,1
32,-10,10,0.7565,0.7404310552,0.3420535104,-10.3755187,-5.887126698,0.97108315,0,1
32,-10,11,-0.126,0.816026672,0.1162448195,-5.719195038,-3.95649881,0.93800240,0,1
32,-10,12,0.24,0.8484786255,0.08491936599,-5.742528959,-1.534157062,0.90538520,0,1
32,-10,13,-1.434444444,0.9910920259,0.04510267446,-4.317083479,0.3571161662,0.87352391,0,1
32,-10,14,-0.5475757576,1.104883703,0.004562244815,-0.7697710841,1.142607358,0.84262873,0,1
32,-10,15,0.7311764706,0.9807019172,0.02667511588,3.222788773,0.8436117793,0.81284206,0,1
32,-10,16,-1.13625,1.164224602,0.01281171107,-2.307469232,-0.07638025782,0.78425197,0,0
32,-10,17,-0.8863636364,2.07128299,0.005024601607,1.019318766,-1.025402153,0.75690425,0,1
32,-9,0,12.18380952,1.150030267,12.01347688,-69.87206472,-10.77225305,1.18739405,1,1
32,-9,1,1.124871795,0.675646626,0.7913056116,-15.52025114,-9.398964815,1.18437163,1,1
32,-9,2,0.772,0.6892907168,0.08427027799,-0.138498058,-5.91954772,1.17544100,1,1
32,-9,3,0.1173684211,0.6858727279,0.461354776,13.71917516,-1.9309521,1.16099527,1,1
32,-9,4,-1.617948718,0.7841784151,0.5584139942,15.22060017,0.811587815,1.14163767,1,1
32,-9,5,0.2794444444,0.768228011,0.1908371088,8.823571357,1.241535931,1.11811577,1,1
32,-9,6,0.8981081081,0.714939147,0.2818592301,-10.81451807,-0.5588553954,1.09124949,1,1
32,-9,7,0.7847727273,0.7665271681,1.100792043,-21.11321294,-3.494460347,1.06186464,1,1
32,-9,8,-0.2987804878,0.8071702449,0.09067348796,-0.9187670984,-6.072900244,1.03074021,1,1
32,-9,9,0.36475,0.8266122543,0.3160027696,-8.967246747,-7.145617872,0.99857262,0,1
32,-9,10,-0.2658974359,0.7511772483,0.329705494,-9.813635506,-6.392564192,0.96595665,0,1
32,-9,11,0.3606451613,0.8611458137,0.1902628423,-7.763827425,-4.345214142,0.93337972,0,1
32,-9,12,0.009285714286,0.9196097775,0.01039823182,0.5560892914,-2.004219785,0.90122609,0,1
32,-9,13,1.053055556,0.955063932,0.003748619978,1.211476901,-0.3031802723,0.86978684,0,1
32,-9,14,0.4778947368,0.977238624,0.0005428487622,0.372336343,0.2953221212,0.83927283,0,1
32,-9,15,-1.113611111,1.054569509,0.01139946253,-2.175622621,-0.09672373463,0.80982836,0,1
32,-9,16,0.6170588235,1.305038546,0.01305263094,2.115980848,-0.9762718648,0.78154418,0,1
32,-9,18,4.4425,2.869591652,0.03199198799,-2.983934236,-2.099105234,0.72861993,0,0
32,-8,0,-0.009,0.9160057314,1.422533092,23.23215762,-7.21835284,1.17664169,1,1
32,-8,1,1.118717949,0.6749679419,1.050096951,-19.96050044,-6.202096203,1.17370044,1,1
32,-8,2,0.6664102564,0.7332400401,0.9313528519,-19.3566037,-3.578628307,1.16500727,1,1
32,-8,3,0.3144117647,0.7428316002,0.228251462,-9.7353137,-0.4319077429,1.15093826,1,1
32,-8,4,0.03204545455,0.6343482763,0.05577833023,4.391747518,1.979608183,1.13207127,1,1
32,-8,5,-1.162857143,0.7451583297,0.06474024199,4.388766996,2.7701223,1.10912398,1,1
32,-8,6,-0.5556410256,0.6955760334,0.009079525745,0.7719082013,1.783717725,1.08288564,1,1
32,-8,7,-0.6207317073,0.7025625908,0.002373377403,-0.9131384754,-0.3919309907,1.05415372,1,1
32,-8,8,-0.8846341463,0.8287727555,0.5728015639,-15.19227885,-2.739686862,1.02368322,1,1
32,-8,9,-0.4323809524,0.7848243262,0.1178941044,-5.538193479,-4.286917822,0.99215190,0,1
32,-8,10,-1.359210526,0.7874954162,0.1334862833,-5.932495411,-4.510188193,0.96014115,0,1
32,-8,11,-1.494333333,0.9077511284,0.05309755931,-3.142003966,-3.49553781,0.92812985,0,1
32,-8,12,1.547407407,0.9898623739,0.03867873648,-3.578883384,-1.812094987,0.89649760,0,1
32,-8,13,-0.3388235294,0.91310305,0.01389527042,-2.396440882,-0.1952658022,0.86553385,0,1
32,-8,14,-0.6691666667,0.8989687593,0.001950660981,-0.434380155,0.7892253217,0.83545001,0,1
32,-8,15,-0.3045714286,1.0054554,0.02425403418,3.032246449,0.9467052688,0.80639232,0,1
32,-8,16,1.506666667,1.618917374,0.002267410685,-0.8580914979,0.4549987208,0.77845439,0,1
32,-8,17,-3.535,2.257423468,0.003779787862,1.218867717,-0.2948275602,0.75168832,0,1
32,-8,18,3.47,3.215361566,0.007194563324,-1.469683648,-0.9128482891,0.72611436,0,1
32,-7,0,8.91,1.257451883,7.667349459,-55.34450299,-11.26713426,1.16480185,1,1
32,-7,1,-1.083947368,0.6710143952,0.4844815118,-10.55964515,-9.489994719,1.16194827,1,1
32,-7,2,0.7297368421,0.7475218886,0.06090783929,0.3718323673,-5.020173508,1.15351177,1,1
32,-7,3,0.9142105263,0.7654480769,0.3825694022,12.61610127,0.008469547235,1.13985029,1,1
32,-7,4,-0.2482926829,0.6445193829,0.4088254342,12.61967993,3.29142096,1.12151475,1,1
32,-7,5,-0.4283783784,0.7992946885,0.1009247301,5.45319467,3.500270868,1.09919093,1,1
32,-7,6,0.6533333333,0.8159196506,0.04640927027,-4.307744966,0.8669934684,1.07363521,1,1
32,-7,7,-0.67075,0.6999348184,0.4223721238,-12.89735424,-3.063341201,1.04561453,1,1
32,-7,8,-0.3774285714,0.8768327594,0.1006155616,-1.412057029,-6.314007859,1.01585791,1,1
32,-7,9,-0.3575,0.8050889453,0.5165320595,-12.61060678,-7.47483591,0.98502270,0,1
32,-7,10,0.08774193548,0.8865381232,0.3152560002,-9.568051823,-6.293890975,0.95367556,0,0
32,-7,11,-1.226470588,0.9064915307,0.1362945656,-6.604319356,-3.617683925,0.92228577,0,1
32,-7,12,-0.05857142857,0.8721345618,0.001883984196,-0.3609170308,-0.8084312475,0.89122758,0,1
32,-7,13,-0.5744444444,0.8647410499,0.02198916553,2.860326678,0.9833684159,0.86078842,0,1
32,-7,14,0.07921052632,0.8972725689,0.01796799591,2.403011751,1.304235098,0.83118000,0,1
32,-7,15,-0.2951724138,1.143828333,0.0004910696724,-0.0373748308,0.4504555458,0.80255053,0,1
32,-7,16,-0.9088888889,1.649132648,0.01195524708,2.064123748,-0.8445790673,0.77499655,0,1
32,-7,18,1.225,3.28509386,0.04005604301,-3.453290881,-2.1771307,0.72330571,0,1
32,-6,0,-1.142083333,0.8496761913,0.8186281945,18.29865692,-2.396938404,1.15198290,1,1
32,-6,1,-0.4578571429,0.6413743923,0.3458296827,-11.85148744,-1.850122201,1.14922229,1,1
32,-6,2,-0.1030555556,0.724695209,0.002920413823,-1.027403673,-0.3993309806,1.14105803,1,1
32,-6,3,0.04681818182,0.6244721325,0.2049768651,9.120343623,1.44876841,1.12782924,1,1
32,-6,4,0.1705714286,0.8062130526,0.3599786501,11.85394905,3.041579455,1.11005876,1,0
32,-6,5,1.195263158,0.7110064654,0.0374228152,-1.019369821,3.811884039,1.08839902,1,1
32,-6,6,-0.2037837838,0.7592951876,0.1196935188,-6.132340932,3.491745048,1.06357186,1,1
32,-6,7,1.031081081,0.8602034454,0.01717355416,1.484948214,2.222588573,1.03631201,1,1
32,-6,8,1.348378378,0.8516552082,0.05945307182,-4.94783212,0.5040932003,1.00732083,1,1
32,-6,9,0.8861111111,0.8162465662,0.01047739256,1.827567619,-1.00948664,0.97723381,0,1
32,-6,10,-0.4903030303,0.8393053777,0.01477553595,-1.72368588,-1.782188173,0.94660163,0,1
32,-6,11,0.7372222222,0.8760195521,0.006398624807,0.2375635731,-1.614211677,0.91588300,0,1
32,-6,12,0.1496774194,0.9420970917,0.001369766518,0.2756120045,-0.702796215,0.88544615,0,1
32,-6,13,-0.4354054054,0.8734010354,0.01620271313,2.551988243,0.4779263777,0.85557596,0,1
32,-6,14,-1.446111111,1.025294017,0.02335873324,2.779942404,1.410745957,0.82648425,0,1
32,-6,15,0.7362962963,1.146593263,0.05447164854,4.422252066,1.762482088,0.79832107,0,1
32,-6,16,-1.919166667,1.835900183,0.005517243603,0.228717708,1.497701495,0.77118590,0,1
32,-6,18,-2.705,3.479009677,0.001892811813,-0.8781590185,0.1277951849,0.72020488,0,1
32,-5,0,4.238333333,1.007108191,4.713290701,-43.25788389,-9.470821581,1.13829549,1,1
32,-5,1,0.4672727273,0.7770718309,0.3782188403,-10.10993684,-7.425983476,1.13563189,1,1
32,-5,2,-0.9248648649,0.7545435569,0.02664500073,-2.409562637,-2.297722122,1.12775189,1,1
32,-5,3,-0.6468888889,0.7650907269,0.1932194966,8.285322207,3.426578377,1.11497539,1,1
32,-5,4,0.73125,0.6633747998,0.6183753312,14.39559947,7.073801958,1.09779645,1,1
32,-5,5,1.605238095,0.6786337482,1.133432657,20.5128672,7.126096913,1.07683321,1,1
32,-5,6,0.3861538462,0.71824417,0.4911346808,13.75474081,3.891173142,1.05277187,1,1
32,-5,7,-0.6028947368,0.8745140417,0.007339600606,-1.54978874,-0.8073158729,1.02631366,1,0
32,-5,8,-1.269166667,0.92191023,0.1148588302,-5.092704906,-4.674483665,0.99813103,0,1
32,-5,9,1.757567568,0.7996137672,0.6459767595,-15.21386113,-6.106866923,0.96883637,0,1
32,-5,10,0.7074193548,1.154197293,0.186740582,-7.35292254,-4.860762656,0.93896331,0,1
32,-5,11,1.127878788,0.8734127148,0.02442499195,-2.519560263,-1.952872654,0.90895910,0,1
32,-5,12,0.5705405405,0.8592126537,0.007342571848,1.405949294,1.038338486,0.87918522,0,1
32,-5,13,-1.296216216,0.8510335314,0.02979303883,2.111396436,2.817312482,0.84992356,0,1
32,-5,14,0.2159459459,1.143101483,0.05304833773,3.685505872,2.913338563,0.82138568,0,1
32,-5,15,-0.04416666667,1.139566347,0.01068709508,1.230286112,1.712515239,0.79372331,0,1
32,-5,16,-0.543,1.679880055,0.01044835233,2.083583359,0.07526633682,0.76703884,0,1
32,-5,17,1.244,2.42337038,0.008441199105,-1.458501244,-1.17672967,0.74139503,0,1
32,-5,18,-1.1775,2.833761855,0.009789629553,-1.200391558,-1.622339802,0.71682362,0,1
32,-4,0,2.355238095,1.036177871,2.720871067,33.60299231,1.68632228,1.12385033,1,1
32,-4,1,-0.0295,0.657065636,0.01761116174,-1.906540064,1.921494362,1.12128662,1,1
32,-4,2,0.9802439024,0.6598850692,0.118332466,6.524359158,2.581543561,1.11369951,1,1
32,-4,3,0.8382608696,0.7719857264,0.3141531361,10.8779647,3.517345919,1.10138952,1,1
32,-4,4,0.14775,0.6709639987,0.2124988736,8.275281534,4.464169259,1.08482171,1,1
32,-4,5,0.5158536585,0.7484211003,0.07475997838,2.294989265,5.082965542,1.06457946,1,1
32,-4,6,0.36825,0.7672915977,0.1710727049,6.737233977,5.077757385,1.04131271,1,1
32,-4,7,0.75,0.7535288448,0.477095434,13.40171394,4.345943888,1.01568836,1,1
32,-4,8,-0.7748571429,0.8118220877,0.0231341094,-0.446134953,3.070145584,0.98834903,0,1
32,-4,9,-0.6127777778,0.8287983083,0.09534668336,6.071488382,1.674974243,0.95988304,0,1
32,-4,10,0.742972973,0.8254836332,0.00253885224,0.797574214,0.6481914276,0.93080607,0,1
32,-4,11,-0.9629411765,0.9862579424,0.00377869445,1.214044351,0.3133739108,0.90155306,0,1
32,-4,12,-0.16475,0.9482435847,0.01880542822,2.713497927,0.678846954,0.87247811,0,1
32,-4,13,0.4007894737,0.8525027518,0.05761959842,4.677378673,1.447229758,0.84385958,0,1
32,-4,14,-0.01135135135,0.9089704721,0.06630457461,4.779771277,2.177032979,0.81590839,0,1
32,-4,15,-0.8768181818,1.304491473,0.07317237191,4.917384229,2.502464995,0.78877771,0,1
32,-4,16,-1.107272727,1.716617759,0.01416142517,0.7983286443,2.29226119,0.76257270,0,1
32,-4,17,-0.09,2.505863125,0.02977220962,3.096124607,1.673496656,0.73735971,0,1
32,-4,18,1.225,7.715,0.003084335914,0.6498341969,0.9278674579,0.71317443,0,0
32,-3,0,6.985454545,1.054302088,6.783406553,-52.60644017,-7.400321725,1.10875630,1,1
32,-3,1,0.6768292683,0.7334497871,0.4922313895,-13.29460615,-5.295644489,1.10629428,1,1
32,-3,2,-1.232368421,0.6849235657,0.008610108447,1.892595664,-0.01655687007,1.09900549,1,1
32,-3,3,1.442857143,0.684055873,0.5056670338,13.26053626,5.876939157,1.08717123,1,1
32,-3,4,2.56725,0.7195767085,1.392254117,22.05747094,9.62851625,1.07122763,1,1
32,-3,5,3.212702703,0.8256391326,2.286083121,29.28729009,9.662715325,1.05172335,1,1
32,-3,6,1.762105263,0.8232788554,1.099228197,20.44329101,6.276960787,1.02927184,1,0
32,-3,7,0.6491891892,0.918537761,0.008989378918,-1.403283128,1.330707526,1.00450530,1,1
32,-3,8,0.07128205128,0.7948030574,0.06033164942,-4.141270291,-2.819673886,0.97803592,0,1
32,-3,9,1.264848485,0.8923824429,0.3583494117,-11.3464531,-4.510818035,0.95042723,0,1
32,-3,10,1.142424242,1.164018154,0.07516547637,-4.391912463,-3.461693912,0.92217622,0,1
32,-3,11,-0.5133333333,0.870637006,0.002547757052,-0.7715839429,-0.681644904,0.89370483,0,1
32,-3,12,1.56675,0.8370172116,0.01885802267,1.689845977,2.233876993,0.86535908,0,1
32,-3,13,-1.571282051,0.8464354232,0.06352279345,3.277436072,3.960650544,0.83741328,0,1
32,-3,14,-0.9705714286,0.9291973714,0.07712910194,4.01069763,4.000435093,0.81007733,0,1
32,-3,15,-0.02,1.437887339,0.02792879133,2.05268838,2.721415829,0.78350552,0,1
32,-3,16,-0.95,1.87883067,0.02439704261,3.031891729,0.9787235992,0.75780559,0,1
32,-3,18,-0.055,8.815,0.002447345871,-0.2376435258,-0.9806791229,0.70927045,0,1
32,-2,0,2.130909091,1.029119724,1.989815876,28.65683338,2.576591949,1.09311884,1,1
32,-2,1,1.134666667,0.644772407,0.5132631239,14.35582587,2.729618017,1.09075931,1,1
32,-2,2,0.4909302326,0.6512238343,0.02508097546,-0.6298666537,3.168293259,1.08377136,1,0
32,-2,3,-0.2686363636,0.6508579843,0.1229725975,-6.052636067,3.8115259,1.07241741,1,0
32,-2,4,0.4776744186,0.6622480847,0.110667293,5.091527058,4.485412465,1.05710511,1,1
32,-2,5,-0.1107142857,0.7699690321,0.6729581916,15.98808196,4.935799746,1.03834877,1,1
32,-2,6,0.8882051282,0.9337385041,0.6976285468,16.31172185,4.916563011,1.01672557,1,1
32,-2,7,0.9813513514,0.7781494596,0.5028993813,13.8042647,4.321000326,0.99283298,0,1
32,-2,8,0.15525,0.7677050215,0.2541598718,9.748012759,3.27386445,0.96725248,0,1
32,-2,9,-0.784516129,0.9213062068,0.08270338677,5.473408358,2.109533273,0.94052238,0,1
32,-2,10,0.4421212121,0.8533551779,0.008323069536,-1.397828766,1.228350975,0.91312036,0,1
32,-2,11,1.704117647,0.8923150366,0.01142250718,-1.983922014,0.9035100014,0.88545475,0,0
32,-2,12,-1.390526316,0.8511564969,0.007430451203,1.331719371,1.148009368,0.85786292,0,1
32,-2,13,-0.64675,0.8924593209,0.04071102364,3.739717933,1.71817554,0.83061456,0,1
32,-2,14,0.07558823529,0.9721506371,0.05390036319,4.167420372,2.248907176,0.80391810,0,1
32,-2,15,-1.103636364,1.603704647,0.06963795562,4.797772455,2.440061882,0.77792863,0,1
32,-2,16,0.8942857143,2.394286709,0.03739091451,3.279957931,2.190474517,0.75275622,0,1
32,-2,17,0.766,2.790617494,0.0200169329,2.391168149,1.61562976,0.72847397,0,1
32,-2,18,1.27,4.68,0.003931778881,0.8490557528,0.9565046953,0.70512532,0,1
32,-1,0,4.035652174,1.000907854,4.406561886,-42.32816979,-6.453993829,1.07703861,1,0
32,-1,1,0.9746511628,0.6618814653,0.8203186051,-17.91206876,-4.521862268,1.07478147,1,1
32,-1,2,0.162,0.6947258452,0.08944502703,6.090943604,0.3369886503,1.06809427,1,1
32,-1,3,1.174390244,0.7054331513,1.392318139,23.35918639,5.797878615,1.05722105,1,1
32,-1,4,0.68,0.7028608926,1.549233494,23.60691933,9.341530527,1.04254169,1,0
32,-1,5,0.5070454545,0.6452472058,0.9541248088,17.51451509,9.497400021,1.02453689,1,0
32,-1,6,0.75775,0.7482223099,0.3115797468,9.360192509,6.482128408,1.00374811,1,0
32,-1,7,0.7172972973,0.7940996421,0.01225014102,-1.150087035,1.942655297,0.98073836,0,1
32,-1,8,-0.09307692308,0.784817554,0.06838251585,-4.950872938,-1.984706587,0.95605848,0,1
32,-1,9,0.11625,0.8047189896,0.2363431376,-9.18164193,-3.74524094,0.93022130,0,1
32,-1,10,-0.6037931034,0.990823961,0.03179080821,-2.044731169,-3.007570601,0.90368480,0,1
32,-1,11,-0.7979411765,0.8758001779,0.003018803451,0.937177272,-0.6145378843,0.87684316,0,1
32,-1,12,-0.2026315789,0.8570085659,0.02145118991,2.199369219,2.021740616,0.85002455,0,1
32,-1,13,1.037692308,0.9512513572,0.06772127921,3.822897997,3.682465181,0.82349354,0,1
32,-1,14,1.442307692,1.121950898,0.09785380982,5.083128309,3.856603931,0.79745664,0,1
32,-1,15,-0.87,1.615565226,0.04576055281,3.339760244,2.807926321,0.77206931,0,1
32,-1,16,3.005,2.200046085,0.006447778075,1.042407061,1.263310446,0.74744367,0,1
32,-1,17,0.5575,2.656082642,0.002928592468,-1.103250074,-0.03557383594,0.72365590,0,1
32,0,0,1.981111111,2.142516981,2.40133645,31.60762576,-0.1482976942,1.06061049,1,1
32,0,1,1.543636364,0.9269796774,0.07059936475,-5.417393576,0.1560730896,1.05845486,1,1
32,0,2,-0.5328571429,0.9503455631,0.1115777147,-6.745356919,0.9599526967,1.05206601,1,1
32,0,3,-1.592105263,1.031398078,0.03948727446,-3.54171927,1.970966084,1.04167027,1,1
32,0,4,-0.3495652174,0.9439538154,0.06554387929,4.400219873,2.811986423,1.02762069,1,0
32,0,5,-0.2140909091,0.9148968013,0.1868826434,8.23307847,3.157214964,1.01036531,1,1
32,0,6,0.5131578947,1.109736686,0.4902836428,13.99268544,2.860910189,0.99041073,0,1
32,0,7,1.8355,1.16168423,0.9628553851,19.91213959,2.024316121,0.96828616,0,1
32,0,8,0.97,1.542322113,0.05170547506,4.537211581,0.962036852,0.94451199,0,1
32,0,9,-0.436,1.100996026,0.02498777673,3.223489737,0.07178594535,0.91957562,0,1
32,0,10,-0.4089473684,1.429691803,0.1352873176,-7.494757504,-0.3379653861,0.89391505,0,0
32,0,11,0.1755555556,1.209640034,0.07218370751,-5.47715294,-0.1801818833,0.86790992,0,1
32,0,12,-0.3994736842,1.260223333,0.001168283938,-0.5814437805,0.3846840376,0.84187870,0,1
32,0,13,-0.2789473684,1.264736964,0.01576099356,2.339989285,1.040063722,0.81608035,0,1
32,0,14,0.463,1.736582276,0.02512898996,2.879245941,1.471303223,0.79071897,0,1
32,0,15,-3.853333333,3.004812806,0.04962202005,4.286488322,1.506987284,0.76595001,0,1
32,0,16,5.1875,3.55946713,0.004684772947,0.7535306789,1.175273512,0.74188730,0,1
32,0,17,0.545,3.986659002,0.009476180995,1.873337675,0.6581212481,0.71860981,0,1
33,-16,0,0.3333333333,0.9662778592,0.1519044728,-7.792166901,1.575191986,1.18739405,1,1
33,-16,1,1.075714286,0.769659196,0.1373007932,-7.522902763,0.7274895654,1.18437163,1,1
33,-16,2,-1.241052632,0.6774985562,0.04891623303,-4.283705055,-1.414646478,1.17544100,1,1
33,-16,3,-0.08578947368,0.6840137205,0.04424246934,-1.894349834,-3.849454039,1.16099527,1,1
33,-16,4,-1.647142857,0.6457278935,0.1008773318,-3.470272546,-5.470531684,1.14163767,1,1
33,-16,5,-0.3317948718,0.6579406739,0.1954525457,-7.070723885,-5.596598617,1.11811577,1,1
33,-16,6,0.06547619048,0.708236527,0.1652538015,-7.11072953,-4.265037122,1.09124949,1,1
33,-16,7,-0.5692105263,0.6997074478,0.07434026303,-5.126309735,-2.156349334,1.06186464,1,1
33,-16,8,0.7155,0.7247315451,0.01494362151,-2.484035751,-0.2162989604,1.03074021,1,1
33,-16,9,0.8452631579,0.7717094831,0.019048853,2.696604489,0.8083959914,0.99857262,0,1
33,-16,10,1.990526316,0.9993193236,0.0441586391,4.231479371,0.683054081,0.96595665,0,1
33,-16,11,-0.4066666667,0.9845258883,0.0005895632023,-0.4039644317,-0.2865267078,0.93337972,0,1
33,-16,12,-0.2196551724,1.106007496,0.09237426963,-6.019399414,-1.48279558,0.90122609,0,1
33,-16,13,-0.5555882353,1.069272679,0.09964073148,-6.009560792,-2.310888612,0.86978684,0,1
33,-16,14,-0.5909677419,1.01816611,0.03496845521,-2.914941095,-2.459993698,0.83927283,0,1
33,-16,15,-0.6465714286,0.9306637087,0.02687269128,-2.693579675,-1.981130257,0.80982836,0,1
33,-16,16,-0.594375,1.740222679,0.01249359172,-1.949329392,-1.182375219,0.78154418,0,1
33,-16,18,-1.4825,2.095802352,0.002376336157,0.9940968514,0.02083750133,0.72861993,0,1
33,-16,19,6.276666667,3.578242896,0.000302047419,0.3348007166,0.1165066325,0.70398966,0,1
33,-15,0,0.919047619,1.023362549,1.298660931,21.84644198,7.939417271,1.18594335,1,0
33,-15,1,0.6457142857,0.7912944703,0.9628077871,19.39621991,4.935383342,1.18293197,1,1
33,-15,2,-0.9795121951,0.648356133,0.02025624479,1.188436842,-2.648608507,1.17403362,1,1
33,-15,3,0.7941025641,0.6763139742,1.49873543,-22.29116997,-11.25367085,1.15963909,1,1
33,-15,4,2.744878049,0.6935753441,3.631924428,-34.97083743,-16.97305188,1.14034812,1,1
33,-15,5,2.750731707,0.7892570132,3.386783447,-33.24075549,-17.43864841,1.11690422,1,1
33,-15,6,3.091219512,0.7205053439,1.922534222,-25.19990827,-12.83843268,1.09012311,1,1
33,-15,7,-0.5897619048,0.6714638204,0.4593580246,-12.63692546,-5.605507968,1.06082674,1,1
33,-15,8,0.2560526316,0.7503882864,0.04851205575,4.390621867,0.9516498022,1.02979083,1,1
33,-15,9,0.5586842105,0.8201065201,0.3538149794,11.35113728,4.284230592,0.99770932,0,1
33,-15,10,2.518461538,0.778939585,0.1413211908,6.737542469,3.660805214,0.96517514,0,1
33,-15,11,-0.1767647059,0.9024495997,0.002173347897,-0.9281206291,0.2068878944,0.93267458,0,1
33,-15,12,-0.6077419355,0.8904868946,0.1025235587,-5.212198577,-3.935403268,0.90059129,0,1
33,-15,13,-0.5494444444,0.866564141,0.2595933169,-7.885428205,-6.769233401,0.86921615,0,1
33,-15,14,0.6144736842,0.8706790024,0.3674819975,-9.975252592,-7.306393058,0.83876008,0,1
33,-15,15,-0.6306451613,0.9714793422,0.2101820987,-7.351276644,-5.779614238,0.80936768,0,1
33,-15,17,0.4691666667,1.612436045,0.003042903203,-0.6624241362,-0.9094937575,0.75409655,0,1
33,-15,18,1.9325,3.180511948,0.0005302108435,0.1589607004,0.441953686,0.72828436,0,1
33,-14,0,0.9277272727,0.8941522602,0.8101164581,-18.2957475,-1.520038453,1.18305784,1,1
33,-14,1,1.459459459,0.8367309966,0.6775971972,-16.78550534,-0.397151335,1.18006833,1,0
33,-14,2,0.2448717949,0.7204575574,0.01416370625,0.003130287362,2.427494432,1.17123397,1,1
33,-14,3,0.51925,0.7511368638,0.8270873854,17.68346138,5.603637761,1.15694092,1,1
33,-14,4,1.789285714,0.6901920648,1.324836834,22.19143807,7.663667751,1.13778209,1,0
33,-14,5,0.2366666667,0.6838530643,0.8587679015,17.24388399,7.741740604,1.11449288,1,1
33,-14,6,1.170810811,0.7438863066,0.4452356212,12.24296164,5.945413329,1.08788076,1,1
33,-14,7,0.502,0.7789573241,0.1029605437,5.702274635,3.212519618,1.05876002,1,1
33,-14,8,0.2143902439,0.7318724773,0.0301943805,-3.458714924,0.7742814711,1.02789994,1,0
33,-14,9,-0.2280487805,0.8174709079,0.04472548824,-4.289261369,-0.458314518,0.99598941,0,1
33,-14,10,-0.8051282051,0.7644464895,0.005459446584,1.48353506,-0.2655167112,0.96361779,0,1
33,-14,11,-0.2419354839,0.9472505112,0.02615486639,3.173015125,0.9019845503,0.93126910,0,0
33,-14,12,-0.2434482759,0.8862809576,0.01858568786,1.620814574,2.259522611,0.89932573,0,1
33,-14,13,0.7302857143,0.879879398,0.02702499592,1.237987362,3.116247974,0.86807813,0,1
33,-14,14,-0.8713513514,0.8817833795,0.02987632846,1.550189072,3.166513951,0.83773741,0,1
33,-14,15,1.037666667,1.248327127,0.03818623045,3.077167522,2.533422564,0.80844868,0,1
33,-14,16,0.31,1.379550991,0.01485896349,1.901189964,1.602333933,0.78030385,0,1
33,-14,17,-0.7427272727,1.664412139,0.008428776633,1.70360215,0.7774895509,0.75335309,0,1
33,-14,18,-0.7757142857,2.214511509,0.00220716207,0.9105784436,0.2985391403,0.72761459,0,0
33,-14,19,4.52,5.47,0.0001698236895,0.1890777193,0.1868258847,0.70308274,0,1
33,-13,0,3.015,1.072763303,5.315823859,44.69822401,14.61816173,1.17876879,1,1
33,-13,1,3.4905,0.8074027646,3.785020278,38.40185677,10.00180577,1.17581160,1,1
33,-13,2,-0.073,0.8127460732,0.1537114464,7.824402938,-1.652148842,1.16707179,1,1
33,-13,3,4.549069767,0.7308293969,2.784580601,-30.61370431,-14.87655589,1.15292875,1,1
33,-13,4,8.455813953,0.7360030113,7.850924343,-52.01606928,-23.67839253,1.13396531,1,1
33,-13,5,9.589,0.7903761367,7.335142252,-49.54276,-24.43898756,1.11090499,1,1
33,-13,6,2.210833333,0.7696963086,3.885046835,-36.21039881,-17.46886626,1.08454303,1,1
33,-13,7,-0.4230952381,0.7573578291,0.5855897386,-14.1839461,-6.515163059,1.05568247,1,1
33,-13,8,-0.1411904762,0.6856355775,0.2239528475,9.051304909,3.353854434,1.02508302,1,1
33,-13,9,0.8030952381,0.7995783941,0.8672851898,17.10632518,8.258528711,0.99342614,0,1
33,-13,10,1.679473684,0.7933297058,0.4358034838,11.43111893,7.116415942,0.96129585,0,1
33,-13,11,-0.1206060606,1.006397899,0.04274404209,3.867214134,1.681695389,0.92917274,0,1
33,-13,12,-0.4951612903,1.021676239,0.06999656984,-2.544475514,-4.758924934,0.89743734,0,0
33,-13,13,0.8236842105,0.9728795683,0.4354336687,-9.854609646,-9.167696814,0.86637946,0,1
33,-13,14,0.9778378378,0.8809502888,0.5714411717,-11.6813875,-10.06431431,0.83621039,0,1
33,-13,15,0.2720588235,1.039612465,0.3728842412,-9.685726805,-7.830920539,0.80707603,0,1
33,-13,16,-0.6607142857,1.542782367,0.08822585959,-4.469534855,-4.09013264,0.77906942,0,1
33,-13,17,0.671,1.953772675,0.004193477167,-1.138263389,-0.6700982185,0.75224201,0,1
33,-13,18,0.3325,3.064047908,0.005912349844,0.9448124304,1.251851828,0.72661340,0,1
33,-12,0,0.5654545455,0.8710022013,0.001774320029,0.2583262491,-0.8194293789,1.17312196,1,1
33,-12,1,0.8976315789,0.729523455,0.0496140443,-4.309778713,1.43787412,1.17020696,1,1
33,-12,2,0.36775,0.8052173212,0.2327243723,6.799751024,7.112467578,1.16159062,1,0
33,-12,3,2.234255319,0.8127771708,2.178342946,26.91841515,13.47915405,1.14764355,1,1
33,-12,4,5.3075,0.7108896275,3.988072485,36.74837968,17.57197105,1.12893551,1,1
33,-12,5,2.67255814,0.6741872899,2.916687821,30.04061946,17.63617126,1.10617458,1,0
33,-12,6,1.43125,0.7671468274,1.588722984,21.63773198,13.88484036,1.08014014,1,1
33,-12,7,1.904,0.7117243585,0.8060784698,16.36529458,8.218396549,1.05162051,1,1
33,-12,8,-0.8476923077,0.7090318055,0.08211549574,4.927727991,3.14344356,1.02136291,1,1
33,-12,9,1.368372093,0.8126627909,0.006957009409,-1.617907108,0.5261230799,0.99003903,0,1
33,-12,10,-1.389767442,0.7031474477,0.00504948253,-1.189777927,0.827792481,0.95822587,0,1
33,-12,11,-0.1378947368,0.9131022853,0.09372454977,5.401020096,3.134104537,0.92639948,0,1
33,-12,12,2.166896552,0.9103013312,0.2427624301,8.183441295,5.833642194,0.89493790,0,1
33,-12,13,0.07583333333,1.045791367,0.2994802615,8.271415961,7.495394603,0.86413000,0,1
33,-12,14,0.1351515152,0.9639538261,0.3202845331,8.794170297,7.477656319,0.83418730,0,1
33,-12,15,0.07333333333,1.09009423,0.2566794847,8.391669173,6.030762973,0.80525666,0,1
33,-12,16,-2.485,1.601326392,0.1029122545,5.208433502,3.960851964,0.77743258,0,1
33,-12,17,0.3081818182,1.733851824,0.02183024399,2.138225787,2.123759429,0.75076820,0,1
33,-12,18,-2.785,2.242454013,0.003626043613,0.6623412636,1.034360347,0.72528489,0,1
33,-11,0,2.928636364,1.093075865,3.764157174,35.38645419,17.71602641,1.16617624,1,1
33,-11,1,4.327368421,0.819963716,3.703438141,37.18763044,12.56491247,1.16331258,1,0
33,-11,2,-0.2288636364,0.6431732251,0.2326444683,9.828632159,-0.4342294978,1.15484655,1,1
33,-11,3,3.23875,0.6385587613,2.418037752,-27.85321261,-15.17270704,1.14113815,1,1
33,-11,4,8.044390244,0.8319841146,7.372369328,-49.43680652,-24.96476479,1.12274139,1,1
33,-11,5,8.065609756,0.8099498666,7.277521664,-48.60605467,-25.79201182,1.10034569,1,0
33,-11,6,3.87025,0.7444534908,4.044488447,-36.84437725,-18.03277623,1.07471120,1,1
33,-11,7,0.60275,0.7528664869,0.7556742317,-16.72272796,-5.894476019,1.04660838,1,1
33,-11,8,0.136097561,0.8147670532,0.4068958803,12.02611622,4.96583538,1.01676923,1,1
33,-11,9,1.764651163,0.8592959433,1.408764272,21.93353982,10.24837294,0.98585346,0,1
33,-11,10,0.4776190476,0.7164076814,0.7385312119,15.16352427,8.79373311,0.95442945,0,1
33,-11,11,-0.57825,0.8041088305,0.04788321727,3.625769514,2.602953719,0.92296758,0,1
33,-11,12,-1.501,1.048153971,0.08965337709,-3.971722908,-4.639531816,0.89184276,0,1
33,-11,13,1.01,1.116992135,0.4149679645,-9.013081675,-9.560842075,0.86134266,0,1
33,-11,14,0.4644117647,1.172964174,0.582736895,-11.45303866,-10.5485862,0.83167895,0,1
33,-11,15,1.075185185,1.14583519,0.4269995132,-10.60835191,-8.069317057,0.80299966,0,1
33,-11,18,-0.09,2.575576829,0.01313807654,1.507118323,1.78735147,0.72363445,0,1
33,-10,0,1.003636364,1.221138413,1.554535912,25.33679664,2.191714684,1.15800201,1,1
33,-10,1,0.3675,0.6298934466,0.3460136307,11.15642725,4.414902997,1.15519800,1,1
33,-10,2,0.03386363636,0.6660066231,0.5835850083,11.95931584,9.988612683,1.14690664,1,1
33,-10,3,2.990731707,0.6908815464,2.30545187,26.39829492,16.19573168,1.13347578,1,1
33,-10,4,3.018222222,0.6604293403,3.567083479,32.8691676,20.09191455,1.11544132,1,1
33,-10,5,3.09,0.7354282504,2.844677442,28.02077323,19.95870898,1.09347118,1,1
33,-10,6,3.542702703,0.8041961693,2.93717951,31.05487743,16.04971671,1.06830328,1,1
33,-10,7,2.540681818,0.6845752966,2.042503336,27.27387698,10.29120563,1.04068739,1,1
33,-10,8,0.5309756098,0.773954354,0.2249418565,8.167233643,5.18480732,1.01133778,1,0
33,-10,9,-0.52325,0.8839597963,0.01799497541,-0.968340736,2.559108355,0.98090017,0,1
33,-10,10,0.1641666667,0.7842145373,0.06341710835,4.292205207,2.821585483,0.94993275,0,1
33,-10,11,1.518857143,0.8419709627,0.2120092558,7.941203138,5.014247832,0.91889922,0,1
33,-10,12,0.386969697,0.9625998064,0.2977271509,8.20974383,7.514518989,0.88817065,0,1
33,-10,13,0.5032352941,0.9400645406,0.5206632339,11.70830605,8.918234081,0.85803318,0,1
33,-10,14,0.4142424242,0.9468702978,0.5377551076,12.21359372,8.634723309,0.82869860,0,1
33,-10,15,1.5048,1.10336141,0.380301198,10.4744736,6.964754903,0.80031614,0,1
33,-10,16,-2.014,1.44995908,0.1054627128,4.624731913,4.742266121,0.77298392,0,1
33,-10,17,3.305,1.980574412,0.04185830735,3.076289039,2.819819993,0.74675945,0,1
33,-9,0,-1.195909091,1.148004038,1.120519584,15.5961128,14.93143744,1.14867924,1,1
33,-9,1,0.589047619,0.6478478451,1.434938167,22.0800923,10.46271279,1.14594226,1,1
33,-9,2,-1.266744186,0.7093413039,0.07902844443,5.677618589,-0.8025182234,1.13784721,1,1
33,-9,3,2.18952381,0.6734283374,1.924300298,-24.84455472,-13.54044306,1.12472851,1,1
33,-9,4,6.490425532,0.7137419444,5.495219485,-42.48451316,-21.93911291,1.10710192,1,1
33,-9,5,4.400263158,0.9351204642,4.595302627,-37.47204044,-22.53217297,1.08561148,1,1
33,-9,6,3.7795,0.7669016878,2.399576,-27.4218961,-15.69621566,1.06097031,1,1
33,-9,7,1.312682927,0.7080095013,0.4766154013,-13.11288061,-5.132817137,1.03390496,1,1
33,-9,8,0.3711627907,0.6882994148,0.2139820269,8.435030917,4.228049617,1.00510978,1,0
33,-9,9,1.273243243,1.021453805,0.8927696957,17.20687187,8.680778725,0.97521463,0,1
33,-9,10,-0.203,1.029269817,0.4188401638,11.01065214,7.281613211,0.94476609,0,1
33,-9,11,0.2134285714,1.04044972,0.01293833656,1.420586192,1.834356828,0.91422011,0,1
33,-9,12,-0.6935135135,0.960015892,0.09498998743,-4.464141098,-4.426234583,0.88394332,0,1
33,-9,13,0.6891666667,0.8890080215,0.3983000102,-9.593397989,-8.583556291,0.85421993,0,1
33,-9,15,1.026923077,1.155246729,0.3925151027,-10.68638889,-7.007498436,0.79721912,0,1
33,-9,16,0.565625,1.653653271,0.06678084716,-4.049920066,-3.373719656,0.77019240,0,1
33,-9,17,0.2885714286,2.026171619,0.0003041918253,-0.3176379967,-0.1601985886,0.74424161,0,1
33,-9,18,3.77,4.323916049,0.01622270768,2.092456775,1.539805471,0.71939548,0,1
33,-8,0,2.96173913,1.177565596,2.401048881,31.10255734,5.619188853,1.13829549,1,1
33,-8,1,1.264883721,0.7839656531,0.8100010673,17.07836001,6.732496183,1.13563189,1,1
33,-8,2,1.063571429,0.6621127628,0.6330549619,13.1613745,9.495133817,1.12775189,1,0
33,-8,3,0.5753488372,0.6624078045,0.9195303099,15.05566976,12.48570327,1.11497539,1,1
33,-8,4,1.322727273,0.6464670356,1.304108541,18.47021023,14.19222175,1.09779645,1,1
33,-8,5,0.2305128205,0.8076602676,1.958687458,24.99851312,13.7831943,1.07683321,1,1
33,-8,6,2.208809524,0.7221384878,2.351674275,29.09747021,11.47778404,1.05277187,1,1
33,-8,7,1.504761905,0.7799005445,1.512684355,23.65830305,8.344425904,1.02631366,1,1
33,-8,8,0.4986842105,0.7601043266,0.1647051275,6.016489446,5.685648407,0.99813103,0,1
33,-8,9,0.8577142857,0.8520363236,0.07498897017,3.469071036,4.377708471,0.96883637,0,1
33,-8,10,1.284642857,1.059403781,0.2016168383,7.968062691,4.515711721,0.93896331,0,1
33,-8,11,-0.0203030303,0.8645169886,0.3260217535,10.26376839,5.504068998,0.90895910,0,1
33,-8,12,-0.02,0.812461095,0.283804092,8.727426924,6.473583997,0.87918522,0,1
33,-8,13,0.3972727273,0.9240064776,0.2487333936,7.607561178,6.753465411,0.84992356,0,1
33,-8,15,-0.09730769231,1.087349867,0.1548560015,6.342999075,4.918681355,0.79372331,0,1
33,-8,17,3.52125,1.986911469,0.04323623117,3.44804679,2.46965396,0.74139503,0,1
33,-8,18,1.14,4.33,0.03211237957,3.145087298,1.86242329,0.71682362,0,1
33,-7,0,0.6382608696,1.025454426,0.2247116724,6.362401575,7.280797457,1.12694378,1,1
33,-7,1,0.5558536585,0.7131292237,0.3349217106,10.94586041,4.419348317,1.12435890,1,1
33,-7,2,-0.3709090909,0.6402295317,0.06051582022,-4.180294741,-2.775326949,1.11670967,1,1
33,-7,3,1.582888889,0.7211381032,1.942856477,-26.27743663,-10.85412488,1.10430071,1,1
33,-7,4,5.510731707,0.7181561426,3.428158736,-34.1760693,-16.07061146,1.08760316,1,1
33,-7,5,2.225263158,0.8478405115,2.25106627,-25.94779208,-16.22519427,1.06720772,1,1
33,-7,6,0.4564102564,0.7837395639,1.11223056,-18.10065307,-11.62343797,1.04377199,1,1
33,-7,7,1.432926829,0.801528893,0.390543262,-11.84428736,-4.711308127,1.01797013,1,1
33,-7,8,-0.61,0.7977009996,0.00951732749,1.495462588,1.312717816,0.99045108,0,1
33,-7,9,0.509,0.901875169,0.1611939348,7.09101787,4.096510038,0.96180830,0,1
33,-7,10,-1.6340625,1.107018833,0.05242821306,3.483272795,3.111158303,0.93256129,0,1
33,-7,11,-0.3543333333,0.9150938021,0.01913362807,-2.793246354,-0.3977749341,0.90314767,0,1
33,-7,12,-0.09805555556,0.8761819065,0.1446838413,-6.457046394,-4.301341549,0.87392312,0,1
33,-7,13,1.111315789,0.9941722198,0.2925726266,-8.737859057,-6.735962774,0.84516679,0,0
33,-7,15,1.659615385,1.100586248,0.2423266007,-8.608015633,-5.169219954,0.78984497,0,1
33,-7,16,-0.078,1.725752589,0.05110081195,-3.766667964,-2.659407682,0.76353696,0,1
33,-7,17,1,3.201944722,0.0009541380734,-0.3511281294,-0.523138033,0.73823135,0,1
33,-7,18,3.075,5.655,0.004139760666,1.184106331,0.5658788568,0.71396299,0,1
33,-6,0,3.7685,1.170233732,1.755048465,25.66676214,8.449641503,1.11472060,1,1
33,-6,1,-0.17675,0.8154169444,0.5387805341,12.75805083,7.835118423,1.11221873,1,1
33,-6,2,0.3208510638,0.6596758539,0.1717273396,5.705558832,6.23641705,1.10481300,1,1
33,-6,3,-0.0185106383,0.623538215,0.1437191773,6.439175709,4.281431982,1.09279219,1,1
33,-6,4,-0.4845238095,0.6928991261,0.2099524379,8.944755133,2.709430835,1.07660368,1,1
33,-6,5,-1.412439024,0.6765472495,0.0793388376,5.364292241,2.057399965,1.05680968,1,1
33,-6,6,-1.750952381,0.8715426675,0.1172832984,6.543585218,2.444712899,1.03403787,1,1
33,-6,7,0.3597619048,0.7902606553,0.2480674345,9.519148173,3.54866612,1.00893404,1,1
33,-6,8,-0.82325,0.7847405571,0.2495423494,9.001999966,4.773346913,0.98212229,0,1
33,-6,9,1.513428571,0.8754280531,0.2989067274,9.68652465,5.525385642,0.95417591,0,1
33,-6,10,-0.6519354839,0.9653351326,0.311565505,9.987743315,5.465368307,0.92559926,0,1
33,-6,11,1.676969697,0.9724958601,0.2387556276,8.829207101,4.62365489,0.89681946,0,1
33,-6,12,0.4946153846,0.8423921434,0.07825972224,4.62536288,3.341494209,0.86818573,0,1
33,-6,13,0.6808108108,0.9031413627,0.01586733601,1.503100829,2.083797865,0.83997403,0,1
33,-6,14,-0.5214705882,1.073288559,0.006514764484,-1.099934011,1.224981752,0.81239471,0,0
33,-6,15,0.7265384615,1.08732034,0.003440955873,0.7780563616,0.9089668576,0.78560168,0,1
33,-5,0,0.375,1.192505655,0.1959017967,-8.924663746,-1.361740797,1.10172395,1,1
33,-5,1,-1.25575,0.6775007841,0.1015958042,6.087903787,-2.281633794,1.09930838,1,1
33,-5,2,0.6241304348,0.84930347,0.08720067062,-3.924796345,-4.56895784,1.09215591,1,1
33,-5,3,-0.3018604651,0.8105189713,1.014387632,-19.29234003,-7.059497729,1.08053922,1,0
33,-5,4,0.3042857143,0.672287023,1.617571621,-24.50555548,-8.512362717,1.06488145,1,1
33,-5,5,1.572926829,0.8530337714,0.9660959142,-18.27537381,-8.243183639,1.04571562,1,1
33,-5,6,1.758571429,0.7138667819,0.726725878,-16.15430764,-6.433428715,1.02363867,1,1
33,-5,7,0.5454054054,0.7850589813,0.5026363194,-13.90502159,-3.971107778,0.99926702,0,1
33,-5,8,0.9760526316,1.033500146,0.01517640922,-1.591099658,-1.944857551,0.97319895,0,1
33,-5,9,-0.0675,1.118635942,0.01386917232,-2.140221063,-1.090712363,0.94598661,0,1
33,-5,10,-0.3311428571,0.8234976178,0.05752100925,-4.661159742,-1.484896478,0.91811826,0,1
33,-5,11,0.9555882353,0.8651861411,0.1241581367,-6.696904049,-2.608993455,0.89000976,0,1
33,-5,12,-0.3105263158,0.9390394859,0.1031022289,-5.404725723,-3.699203375,0.86200328,0,1
33,-5,13,-1.192162162,0.8845564484,0.08638569587,-4.320999785,-4.155634344,0.83437108,0,1
33,-5,15,-0.2615,1.500372809,0.06369826438,-4.290117398,-2.845388628,0.78101214,0,1
33,-5,16,0.9811111111,1.85686647,0.02435059713,-2.656301432,-1.753569682,0.75554892,0,1
33,-5,18,9.6,6.38,0.002482877985,-0.8646823362,-0.5341473603,0.70741917,0,1
33,-4,0,2.1885,1.01869609,2.43540838,30.01682835,10.59384114,1.08805156,1,1
33,-4,1,0.3664444444,0.7113581515,0.3194391095,8.037840001,8.264028624,1.08572462,1,1
33,-4,2,-0.3782222222,0.6322544026,0.01444116339,-0.7113494777,2.345667409,1.07883238,1,1
33,-4,3,-0.921627907,0.6550163796,0.06327835885,-2.504574511,-4.47814143,1.06763136,1,1
33,-4,4,0.2704878049,0.6552371727,0.498136244,-11.05418394,-9.222369855,1.05252028,1,1
33,-4,5,0.5364102564,0.8171522823,1.395337708,-21.91786963,-10.00651054,1.03400270,1,1
33,-4,6,0.5766666667,0.7375870985,0.7230748677,-15.93493398,-6.84905504,1.01264435,1,1
33,-4,7,0.6705555556,0.8145332624,0.02189872252,2.621808585,-1.495651539,0.98903170,0,1
33,-4,8,-0.3128947368,0.8063878954,0.1901737838,8.153956534,3.55441173,0.96373649,0,0
33,-4,9,0.9885294118,0.9715519617,0.4533188627,12.21954092,6.26768388,0.93728895,0,1
33,-4,10,-0.3546875,0.9401096994,0.3955185602,11.37893597,5.92227417,0.91016051,0,1
33,-4,11,-1.454285714,0.8772658332,0.1165787623,6.173503065,3.223332101,0.88275508,0,1
33,-4,12,0.935,0.8526695086,0.003085407945,-1.103564984,-0.2565401383,0.85540715,0,1
33,-4,13,-0.1525714286,1.026010332,0.1162940213,-6.307023116,-2.933428757,0.82838485,0,1
33,-4,14,-0.1266666667,0.9657598578,0.1672332022,-7.369793688,-3.906747606,0.80189604,0,1
33,-4,15,0.4128571429,1.369276213,0.05099032511,-3.313717884,-3.198990945,0.77609596,0,1
33,-4,18,11.48,6.21,0.009768599948,1.580382702,1.251625975,0.70375968,0,1
33,-3,0,0.520952381,1.038690317,0.3512204754,-10.09304974,-6.652357918,1.07379939,1,1
33,-3,1,0.1715909091,0.7358021139,0.1967913041,-6.822037912,-5.944227012,1.07156251,1,1
33,-3,2,0.01568181818,0.6635987303,0.04164062135,0.5178053107,-4.12992125,1.06493484,1,1
33,-3,3,0.4158695652,0.7611319803,0.0107528763,-0.7177418311,-1.989604727,1.05415686,1,1
33,-3,4,0.7818181818,0.6584012065,0.1236880266,-7.162304153,-0.4014759903,1.03960302,1,1
33,-3,5,0.2092105263,0.7184965714,0.3181256721,-11.50438456,0.06105586131,1.02174746,1,1
33,-3,6,0.5626315789,0.8090911857,0.2505627671,-10.19022573,-0.6361472299,1.00112462,1,1
33,-3,7,0.2802857143,0.8020146062,0.1811021364,-8.441030208,-2.023770116,0.97829076,0,1
33,-3,8,2.5025,0.8832870046,0.241349127,-9.428455411,-3.393570918,0.95379062,0,1
33,-3,9,1.887105263,0.8012119888,0.1924910058,-7.933505331,-4.14058108,0.92813199,0,1
33,-3,10,-0.397,0.9352032356,0.1701320484,-7.39537019,-4.011369595,0.90176887,0,1
33,-3,11,-0.8159459459,0.8394555873,0.0563685209,-3.6733495,-3.155684417,0.87509261,0,0
33,-3,12,-0.77375,0.8295321724,0.01049002764,-0.6374836543,-1.989456718,0.84842948,0,1
33,-3,13,0.2018181818,0.9675335241,0.005561400759,1.174849506,-0.9661891946,0.82204296,0,1
33,-3,14,0.895,1.137346879,0.004306158521,1.283655344,-0.3791894459,0.79613913,0,1
33,-3,15,-1.246666667,2.247768703,0.003899129777,-1.243017403,-0.2777069396,0.77087348,0,1
33,-3,16,-0.33,2.976193318,0.009285970801,-1.898617557,-0.5085597268,0.74635850,0,1
33,-3,17,-0.4175,3.697076266,0.01242742658,-2.115423474,-0.833877743,0.72267094,0,1
33,-3,18,1.14,3.57100126,0.01199111575,-1.969837648,-1.052892809,0.69985863,0,1
33,-2,0,2.96,1.056376638,2.615172171,30.71513359,12.02538346,1.05906026,1,1
33,-2,1,1.52255814,0.6917865507,1.059501401,19.17268309,8.556194977,1.05691406,1,1
33,-2,2,0.5036585366,0.7125827942,0.02163204575,-2.991851897,-0.2207407447,1.05055290,1,1
33,-2,3,2.079555556,0.677156947,1.68115403,-24.3858437,-10.23554286,1.04020151,1,0
33,-2,4,2.220681818,0.6914535833,3.560414423,-34.52839138,-17.00243423,1.02621048,1,1
33,-2,5,2.77575,0.8801469784,3.230649666,-32.06776573,-17.76946841,1.00902486,1,1
33,-2,6,2.387631579,0.8450360816,1.406608667,-20.59322868,-12.69375518,0.98914805,0,1
33,-2,7,-1.024054054,0.8438604858,0.1255205802,-5.643278675,-4.513935564,0.96710612,0,1
33,-2,8,-0.1425806452,0.8878292929,0.1436629953,7.13010002,2.988635654,0.94341666,0,1
33,-2,9,0.7472972973,1.049571531,0.5782111917,13.9145418,6.851816967,0.91856468,0,1
33,-2,10,-0.5891666667,0.9165814138,0.3681731165,10.73333114,6.162157333,0.89298631,0,1
33,-2,11,0.6135135135,1.015369,0.02850724481,2.699630577,2.138291635,0.86705983,0,1
33,-2,12,-0.50375,0.8339840376,0.09412705224,-5.598999705,-2.795047543,0.84110276,0,1
33,-2,13,0.5863888889,0.9462368368,0.3807414339,-10.88195893,-6.323648927,0.81537353,0,1
33,-2,15,0.55,2.169213979,0.1985585878,-7.03003955,-5.760889646,0.76536552,0,1
33,-2,16,-0.2966666667,2.940776164,0.0329894053,-2.135532687,-3.027305225,0.74135613,0,1
33,-2,17,1.39,3.87900116,0.0008742635362,0.4267171326,-0.4261988415,0.71812706,0,1
33,-1,0,2.759473684,1.13775003,1.507813364,-24.21678416,-6.392617652,1.04392284,1,1
33,-1,1,0.7291111111,0.6665314122,0.06178683541,-1.532020247,-4.833116723,1.04186718,1,1
33,-1,2,-0.3877777778,0.6641716274,0.02380142569,3.01773756,-0.8920335896,1.03577230,1,1
33,-1,3,-0.22225,0.6950929344,0.236166663,9.237767849,3.594384785,1.02584763,1,1
33,-1,4,-0.3170454545,0.8478563679,0.453779219,12.04370024,6.613762543,1.01242044,1,0
33,-1,5,0.3784444444,0.7899274967,0.3717749837,10.31354995,6.950237882,0.99590735,0,1
33,-1,6,-1.200277778,0.7993331519,0.0571821244,1.291498189,4.703442226,0.97678121,0,1
33,-1,7,2.453235294,0.8883298355,0.2094705917,-9.267858073,1.120712654,0.95553821,0,0
33,-1,8,0.7328125,0.8767263194,0.1092405587,-6.402415834,-2.111411519,0.93266888,0,1
33,-1,9,0.04454545455,0.9431842917,0.2152199735,-8.7080149,-3.702926966,0.90863531,0,1
33,-1,10,0.1563157895,0.8266450484,0.03852250332,-2.278323856,-3.291858882,0.88385543,0,1
33,-1,11,-1.214054054,0.8546791247,0.009542851719,1.363122992,-1.453324242,0.85869406,0,1
33,-1,12,-0.1128947368,0.9774688557,0.03549967979,3.772413117,0.7337323626,0.83345956,0,1
33,-1,14,0.391,1.26700444,0.06068100712,4.253414802,2.674788121,0.78373099,0,1
33,-1,16,3.251666667,3.654078467,0.005235031184,1.140140055,0.9370641122,0.73610651,0,1
33,-1,17,11.31,4.316972319,0.00231567707,-0.976366395,-0.1006702797,0.71335248,0,1
33,0,0,6.312727273,1.528220647,3.882351328,38.31440325,12.13422109,1.02847077,1,1
33,0,1,1.870909091,0.9774268377,0.7963331989,16.14434764,8.40657342,1.02650488,1,1
33,0,2,0.06363636364,0.968940697,0.05800178871,-4.809068353,-1.00210536,1.02067416,1,1
33,0,3,2.38,0.9845366787,2.160172201,-27.61259945,-11.67361008,1.01117325,1,0
33,0,4,4.5,1.192401266,4.616748406,-39.60517732,-18.76712477,0.99830693,0,1
33,0,5,4.697272727,1.015366237,4.085995696,-36.4002294,-19.36443482,0.98246418,0,1
33,0,6,1.837222222,1.247172699,1.523862531,-21.1092949,-13.7256344,0.96408804,0,1
33,0,7,0.23625,1.234498506,0.07059943501,-2.341674815,-4.887647723,0.94364538,0,1
33,0,8,-1.080526316,1.30996283,0.1432224578,7.09118169,3.04993905,0.92159995,0,1
33,0,9,0.7815384615,1.394831754,0.5733626176,13.78964301,6.956320137,0.89839097,0,1
33,0,10,0.95,1.377025513,0.291282375,9.249661735,5.969114713,0.87441803,0,1
33,0,11,-0.03055555556,1.241774169,0.005734723283,-0.2642528107,1.521865086,0.85003216,0,0
33,0,12,-1.657647059,1.442658782,0.2128272016,-8.644867942,-3.716443075,0.82553215,0,1
33,0,13,-0.9292857143,1.785990495,0.5128814226,-12.66040756,-7.286688314,0.80116494,0,1
33,0,14,0.7288888889,1.770569065,0.5069154194,-12.12101547,-7.998787672,0.77712870,0,1
33,0,15,-3.465,2.685996091,0.1648404884,-5.518077519,-6.175101599,0.75357773,0,1
33,0,17,5.29,5.46,0.001036524381,0.532389582,-0.3844503974,0.70836311,0,1
34,-17,0,1.085833333,1.3650638,1.582669135,23.9796635,-9.134402108,1.15264706,1,1
34,-17,1,0.4745454545,1.038224368,1.916980853,-27.17955505,-7.669554505,1.14988168,1,1
34,-17,2,1.414444444,0.9761955317,1.614904441,-25.62459496,-3.905513361,1.14170346,1,1
34,-17,3,-1.130869565,0.8927885839,0.06975988369,-5.358327407,0.5581912553,1.12845247,1,0
34,-17,4,-1.563529412,1.009754158,0.03772001932,0.7713371328,3.885648475,1.11065298,1,1
34,-17,5,-0.4158333333,0.8863137612,0.0721136681,2.598526705,4.821845005,1.08895911,1,1
34,-17,6,-0.06045454545,0.9240695513,0.3638927228,11.87884503,3.207613569,1.06409447,1,1
34,-17,7,0.564,1.021137601,1.176893411,22.12780041,-0.03249281739,1.03679544,1,1
34,-17,8,1.7555,1.19416795,0.1052700987,-5.684733934,-3.388347266,1.00776480,1,1
34,-17,9,1.461666667,1.145381763,0.606759728,-14.91420074,-5.4777697,0.97763915,0,0
34,-17,10,0.3083333333,1.452185923,1.133525295,-20.97510661,-5.625159785,0.94697003,0,1
34,-17,11,-0.9294444444,1.328946822,0.4908965994,-13.70398739,-4.054109042,0.91621667,0,1
34,-17,12,1.732222222,1.219142458,0.006961287827,0.3975064538,-1.654749993,0.88574763,0,1
34,-17,13,-1.2795,1.152611491,0.01390995571,2.351605801,0.5070675857,0.85584794,0,1
34,-17,14,-1.354705882,1.33056262,0.02508873135,2.763325067,1.673940125,0.82672941,0,1
34,-17,15,0.938,2.190074479,0.068285583,5.066626029,1.655045423,0.79854201,0,1
34,-17,16,-4.3425,2.190793847,0.007500029987,-1.583142891,0.7835869344,0.77138506,0,1
34,-17,17,2.5925,2.96894131,0.001901488495,-0.8194802714,-0.3457699321,0.74531756,0,1
34,-17,18,-5.345,3.474800954,0.01733661072,-2.406487012,-1.192321386,0.72036709,0,0
34,-16,0,1.067727273,0.9589965742,2.346469162,-31.07798117,3.224255611,1.15198290,1,1
34,-16,1,2.1225,0.792240789,1.371083195,23.47302732,4.410134013,1.14922229,1,1
34,-16,2,2.059268293,0.7271396006,2.566507776,31.8471248,7.317331658,1.14105803,1,1
34,-16,3,1.379782609,0.6539987361,1.488261631,22.62373623,10.36100158,1.12782924,1,1
34,-16,4,1.144473684,0.6959894509,1.181872242,18.70836518,11.90416301,1.11005876,1,1
34,-16,5,1.407291667,0.634537917,1.640640444,23.6324307,11.13949979,1.08839902,1,1
34,-16,6,-1.234651163,0.7114607864,0.4542828794,10.82680208,8.472453745,1.06357186,1,1
34,-16,7,0.1986046512,0.6874279651,0.2136285434,-7.850065826,5.220684976,1.03631201,1,1
34,-16,8,0.6979487179,0.7838186551,0.1539059295,7.477830515,2.848480581,1.00732083,1,1
34,-16,9,0.8225641026,0.7699450103,0.1118198618,6.456218111,2.199850206,0.97723381,0,1
34,-16,10,-0.3861764706,0.8672953651,0.4126057465,12.71816169,3.148160841,0.94660163,0,0
34,-16,11,-0.6547222222,0.861553367,0.4675906978,13.0959261,4.799529833,0.91588300,0,1
34,-16,12,0.8525,0.9250698279,0.3833208724,11.07762746,6.063406481,0.88544615,0,1
34,-16,13,0.7331578947,0.8412191884,0.2258313491,7.425421794,6.23049857,0.85557596,0,1
34,-16,15,0.1782608696,1.177867983,0.05289831231,2.963378787,3.636820583,0.79832107,0,1
34,-16,18,-0.14875,2.155382331,0.003918239788,0.9846003278,0.8128506789,0.72020488,0,1
34,-15,0,0.509047619,0.9266862426,1.210302913,20.33313053,-9.492326669,1.14999729,1,1
34,-15,1,1.830869565,0.6468313051,2.193976231,-29.10560808,-8.102863453,1.14725090,1,1
34,-15,2,0.5480952381,0.7262305619,1.747357723,-26.57788458,-4.53822395,1.13912828,1,1
34,-15,3,-1.021025641,0.7668382248,0.118781807,-7.022250184,-0.3264628546,1.12596573,1,1
34,-15,4,-0.8117073171,0.6517796531,0.1909924255,8.466683196,2.788676624,1.10828182,1,1
34,-15,5,0.362,0.6445429427,0.04107738758,1.973223971,3.632688873,1.08672392,1,1
34,-15,6,0.8668181818,0.7721747092,0.2330681441,9.623823631,2.085390198,1.06200864,1,1
34,-15,7,-0.4560465116,0.6792506529,0.6437085908,16.33754336,-0.9467898449,1.03486576,1,1
34,-15,8,0.4208108108,0.9307293451,0.4286884529,-12.73472197,-4.022504117,1.00599245,1,1
34,-15,9,1.301025641,0.8989555189,0.7323793845,-16.44571383,-5.851604049,0.97602080,0,1
34,-15,10,0.4267647059,0.974692485,0.7580953605,-16.77312502,-5.836441848,0.94549902,0,1
34,-15,11,0.2826315789,0.8038349909,0.1646653797,-7.112175245,-4.233812638,0.91488418,0,1
34,-15,12,0.6967567568,0.9752932918,0.0494295884,-4.111963628,-1.912246771,0.88454353,0,1
34,-15,13,-0.8421212121,0.9823254103,0.02067849975,2.930481812,0.124348549,0.85476157,0,1
34,-15,14,-0.8812121212,0.9384893005,0.02403938871,2.930049659,1.19007404,0.82575007,0,0
34,-15,15,-0.7570833333,1.470738437,0.01715347165,2.414210376,1.143767543,0.79765935,0,1
34,-15,16,0.05923076923,1.770678365,0.01820901988,-2.732676856,0.329011681,0.77058934,0,1
34,-15,18,-0.35,2.90862403,0.01179448271,-1.713032266,-1.404477088,0.71971892,0,1
34,-14,0,3.494545455,1.057409177,3.684327661,-39.14414395,-0.7629272542,1.14671064,1,0
34,-14,1,1.0625,0.6553523672,0.3404275253,11.88776408,0.5605634256,1.14398767,1,1
34,-14,2,1.546666667,0.7204343527,0.6864679458,16.45725752,3.841903716,1.13593368,1,1
34,-14,3,0.99525,0.7020852629,0.5007662213,12.39856492,7.390322394,1.12288030,1,1
34,-14,4,0.9807142857,0.6593498567,0.7362657687,14.74726519,9.425383469,1.10533912,1,1
34,-14,5,0.7802439024,0.7536349708,1.167075605,20.11198147,9.003563702,1.08394919,1,1
34,-14,6,1.219512195,0.8138793696,0.2931105985,8.963909827,6.449458621,1.05941851,1,1
34,-14,7,-0.3773170732,0.6914212574,0.08599167494,-5.122401478,3.088269515,1.03246876,1,1
34,-14,8,0.4455813953,0.8493141851,0.3620710452,12.26404295,0.4807231579,1.00379011,1,1
34,-14,9,0.2207142857,0.7125297066,0.0618446284,5.058149046,-0.3811508998,0.97400911,0,1
34,-14,10,0.0403030303,0.9677490171,0.02127318337,2.930285963,0.5138341452,0.94366987,0,1
34,-14,11,-0.07135135135,0.9457592373,0.01500660302,0.8736519716,2.340972924,0.91322671,0,0
34,-14,12,-0.5405405405,0.826515917,0.05813749542,2.884689746,3.983262324,0.88304529,0,1
34,-14,13,0.1727027027,1.066163215,0.1150217238,5.142929873,4.62649805,0.85340940,0,1
34,-14,14,-0.04914285714,0.9069894583,0.1319897643,6.178907403,4.090816962,0.82453077,0,1
34,-14,15,1.1872,1.110272399,0.02968307064,2.147975266,2.781311754,0.79656014,0,1
34,-14,16,1.1525,1.610848853,0.03650906081,3.651167103,1.363228012,0.76959815,0,1
34,-14,17,3.245,1.931051268,0.002997717111,-1.047474045,0.3872767858,0.74370538,0,1
34,-14,18,-1.9025,2.82256643,0.0002269236856,0.3005306115,0.06396728827,0.71891115,0,1
34,-13,0,-2.219047619,0.9245695205,0.4201832789,8.799249008,-9.86855434,1.14215631,1,1
34,-13,1,3.178809524,0.716999102,2.861469461,-33.39745669,-8.666597879,1.13946558,1,1
34,-13,2,0.9681818182,0.6372258364,1.252851493,-22.13319876,-5.600365994,1.13150606,1,1
34,-13,3,-0.1048717949,0.7619239154,0.009997864463,-0.2391669889,-2.02542849,1.11860300,1,1
34,-13,4,-0.5161363636,0.7944244939,0.1579517073,8.088471883,0.5400361311,1.10125844,1,1
34,-13,5,-0.07875,0.6588527908,0.09075559447,6.041234538,1.123341268,1.08010004,1,1
34,-13,6,0.2063888889,0.9586050673,0.04184591036,4.162282057,-0.2918722574,1.05582396,1,1
34,-13,7,-0.7053658537,0.8153737058,0.01937199231,-0.1315997696,-2.835895244,1.02914076,1,1
34,-13,8,2.034651163,0.9461917813,1.358923441,-23.19442799,-5.233717531,1.00073099,1,1
34,-13,9,0.4357142857,0.7305497383,0.5661576491,-13.93749319,-6.425989159,0.97121352,0,1
34,-13,10,1.374285714,0.946126849,0.2591936734,-8.464012366,-6.016371315,0.94112680,0,1
34,-13,11,0.982,0.9425896565,0.1004728393,-4.780694835,-4.35272079,0.91092132,0,1
34,-13,12,0.7067567568,0.9018875813,0.0122182165,0.03314843027,-2.254379946,0.88096049,0,1
34,-13,13,0.1397142857,0.8970549842,0.0009754151954,0.2858377294,-0.5693095794,0.85152709,0,1
34,-13,14,-1.206857143,0.9559489782,0.003399355985,-1.172048536,0.2014627884,0.82283278,0,1
34,-13,15,-0.3691666667,1.111966554,0.001410601417,0.76453973,0.04850415449,0.79502884,0,1
34,-13,16,-0.07714285714,1.972558006,0.02533105229,-3.179905455,-0.6534972707,0.76821688,0,1
34,-13,17,2.147,1.85993844,0.004770212549,0.1472675372,-1.40104793,0.74245867,0,1
34,-13,18,2.5225,2.942253601,0.01574749617,-1.807156059,-1.812692434,0.71778483,0,1
34,-12,0,4.7365,1.045494664,4.876067682,-44.60263366,-6.266466197,1.13637970,1,1
34,-12,1,-0.06511111111,0.6501997845,0.07968941423,-3.24648474,-4.755493491,1.13372950,1,1
34,-12,2,0.04066666667,0.7045884536,0.002474910105,-0.3316470408,-0.9590016627,1.12588876,1,1
34,-12,3,0.8232432432,0.6902860376,0.03299879257,-1.687216504,3.298830516,1.11317477,1,0
34,-12,4,0.926,0.7654746596,0.133418481,4.352651153,6.046694839,1.09607765,1,1
34,-12,5,0.5315384615,0.7937518775,0.7145236232,16.10937706,6.145074774,1.07521086,1,1
34,-12,6,0.9787179487,0.8152708482,0.4425587261,13.03061971,3.785140763,1.05125571,1,1
34,-12,7,-0.3285,0.7222005002,0.001433283979,-0.7200450821,0.2790084192,1.02490881,1,1
34,-12,8,0.002790697674,0.7260166298,0.07380556676,4.844972125,-2.689364489,0.99683863,0,1
34,-12,9,-0.6473170732,0.7150913796,0.1215897997,-5.940029193,-3.911889587,0.96765432,0,1
34,-12,10,0.8669444444,0.7683041333,0.1107760927,-6.009207662,-3.158680357,0.93788715,0,1
34,-12,11,-1.005128205,0.881632631,0.08753923407,-5.928405033,-1.128837226,0.90798274,0,1
34,-12,12,0.1921052632,0.8204941589,0.01920762269,-2.62866964,1.039870716,0.87830160,0,1
34,-12,13,1.4853125,0.9998049189,0.01540233437,0.8560801604,2.382265897,0.84912519,0,1
34,-12,14,0.2783333333,1.140805375,0.02868911845,2.370990441,2.512840686,0.82066499,0,1
34,-12,15,-1.478,1.081529214,0.006736322811,-0.1106834408,1.670437826,0.79307295,0,1
34,-11,0,-0.8363157895,1.368539412,0.1947382351,-1.494422231,-8.876179876,1.12943702,1,1
34,-11,1,2.216097561,0.8000345174,2.3029301,-29.93452321,-7.876982241,1.12683498,1,1
34,-11,2,-0.8645454545,0.6412489428,0.3860718462,-11.48587261,-5.357050274,1.11913546,1,1
34,-11,3,-0.7389473684,0.6829135988,0.08291035621,5.313919862,-2.501338439,1.10664636,1,1
34,-11,4,-0.6365909091,0.6462235336,0.2335657371,9.839724324,-0.5947099193,1.08984379,1,1
34,-11,5,0.7821621622,0.8707832875,0.00260058479,0.9659785674,-0.3858052348,1.06932441,1,1
34,-11,6,-0.6963157895,0.7189455864,0.1176439358,-6.771924334,-1.75676147,1.04575201,1,0
34,-11,7,1.36375,0.8585303996,0.1322181659,-6.338263704,-3.851638441,1.01980665,1,1
34,-11,8,0.9866666667,0.7153868893,0.9538072328,-19.12843972,-5.561430952,0.99214241,0,1
34,-11,9,0.6919512195,0.7202879654,0.281319349,-8.945943331,-6.083716261,0.96335687,0,1
34,-11,10,0.41575,0.7497355848,0.1783199166,-6.817222335,-5.264464596,0.93397264,0,1
34,-11,11,0.7152941176,0.816794043,0.03558585489,-1.416900088,-3.577388819,0.90442946,0,0
34,-11,12,-0.7624324324,0.9886081159,0.007898959061,0.189213613,-1.802920006,0.87508431,0,1
34,-11,13,-0.4242424242,0.9680472799,0.001796577442,-0.6087711318,-0.6138849665,0.84621695,0,1
34,-11,14,-0.1371428571,0.9858152427,0.003275642867,-1.131177199,-0.2885358657,0.81803860,0,1
34,-11,15,-0.07583333333,1.321569516,0.002864434502,0.8638211159,-0.667492848,0.79070191,0,1
34,-10,0,5.955909091,1.091499953,5.268885368,-45.71103517,-10.12890032,1.12139382,1,1
34,-10,1,0.89425,0.6795326059,0.4875023367,-11.42153354,-8.507142659,1.11884685,1,1
34,-10,2,1.040243902,0.6767688393,0.4496620769,-12.95373807,-4.3909366,1.11130883,1,1
34,-10,3,1.114285714,0.6491222051,0.08944496848,-6.090330202,0.3478634968,1.09907708,1,1
34,-10,4,-1.049767442,0.6578023625,0.1297995009,6.384057053,3.639539471,1.08261185,1,1
34,-10,5,0.148,0.7615376819,0.4614841863,13.20381402,4.202080302,1.06249078,1,1
34,-10,6,0.2655882353,0.7755929755,0.0817025854,5.44463096,2.085172655,1.03935775,1,1
34,-10,7,0.5136585366,0.7075983734,0.1470024393,-7.680853147,-1.471095936,1.01387395,1,1
34,-10,8,0.1741860465,0.7074594053,0.06020959827,-1.623828021,-4.7342459,0.98667700,0,1
34,-10,9,0.0187804878,0.7898944199,0.4649094811,-12.38253191,-6.33215316,0.95835114,0,1
34,-10,10,0.6502857143,0.8152481177,0.336977852,-10.30913777,-5.824055744,0.92940900,0,0
34,-10,11,0.6617857143,0.9258143823,0.1554784574,-7.114561644,-3.750872673,0.90028344,0,1
34,-10,12,0.1497222222,0.8502516421,0.03892504399,-3.834563929,-1.220937752,0.87132726,0,1
34,-10,13,0.5013888889,0.8937239864,0.00421449965,-1.12969833,0.6907989179,0.84281816,0,1
34,-10,14,0.8427777778,0.9900382076,0.006498738144,0.8475679893,1.40904079,0.81496695,0,1
34,-10,15,0.9669565217,1.160782443,0.008231103632,-1.559267556,0.9965912466,0.78792700,0,1
34,-10,16,0.7581818182,1.696707409,0.004929907273,1.431873186,-0.02832663216,0.76180391,0,1
34,-10,17,0.01,2.093220836,0.008164586598,-1.52491773,-1.035114131,0.73666462,0,1
34,-9,0,1.346363636,0.9708233988,0.1269473858,4.237157591,-5.904432179,1.11232335,1,1
34,-9,1,1.017619048,0.6979414571,1.003533851,-19.80785694,-5.016376582,1.10983755,1,1
34,-9,2,0.60175,0.7976267593,0.02536375758,-1.628240249,-2.81092475,1.10247897,1,1
34,-9,3,1.419302326,0.6633419576,0.1651822673,8.279724335,-0.4116061335,1.09053336,1,1
34,-9,4,1.611315789,0.7021777067,0.07180603305,5.37266101,1.004516769,1.07444356,1,1
34,-9,5,-0.08846153846,0.7905768012,0.04177621736,-4.086298373,0.8264088128,1.05476631,1,1
34,-9,6,-0.3816216216,0.7360045535,0.0215943265,-2.912944702,-0.7063741963,1.03212353,1,1
34,-9,7,0.1194736842,0.7613040096,0.02572718816,1.861112853,-2.690711184,1.00715552,1,1
34,-9,8,0.7869444444,0.7832931432,0.246566117,-9.269454707,-4.081642684,0.98048160,0,1
34,-9,9,2.621666667,0.9423915457,0.08307002671,-4.075210605,-4.237160243,0.95267113,0,1
34,-9,10,-0.6609677419,0.8789161214,0.08477797989,-5.008019235,-3.192365439,0.92422548,0,1
34,-9,11,0.2853125,0.898105868,0.02338329538,-2.706273906,-1.55067225,0.89556970,0,1
34,-9,12,-0.6338888889,0.8389007541,0.001236924253,-0.7101144829,-0.1017524408,0.86705175,0,1
34,-9,13,-0.4371428571,0.9033974689,0.007082940982,1.610892249,0.5931679936,0.83894691,0,1
34,-9,15,-0.7,1.224652272,0.03746868985,3.938032047,-0.2838384684,0.78476120,0,1
34,-9,16,-0.5811111111,1.758099072,0.01334871485,-2.106141869,-1.057275913,0.75894154,0,0
34,-9,17,3.2,2.767149933,0.01283531131,-1.762222716,-1.494870584,0.73407543,0,1
34,-8,0,3.4845,1.140388086,5.652277492,-47.30583682,-10.66581141,1.10230487,1,1
34,-8,1,0.845,0.6704257963,0.7859650075,-15.62323435,-9.105567076,1.09988549,1,1
34,-8,2,-0.1213636364,0.6602488261,0.262081762,-9.100688464,-5.120085293,1.09272182,1,1
34,-8,3,0.6379069767,0.6651401443,0.08146728323,5.803758993,-0.4587336329,1.08108726,1,1
34,-8,4,0.684047619,0.7267149655,0.4029562269,12.61657235,2.910330106,1.06540600,1,1
34,-8,5,0.1053846154,0.7161419574,0.0807786201,4.456139797,3.708147552,1.04621234,1,1
34,-8,6,-0.01166666667,0.7005938179,0.127503097,-7.037163621,1.877592303,1.02410457,1,1
34,-8,7,0.8043902439,0.7716415072,0.326194582,-11.55326379,-1.494562551,0.99970042,0,1
34,-8,8,-0.009736842105,0.8310316376,0.05903942583,-1.310771824,-4.779637489,0.97359929,0,1
34,-8,9,-0.276875,1.027819042,0.4480668381,-11.9555482,-6.593999559,0.94635429,0,1
34,-8,10,0.09129032258,0.882355541,0.3586404806,-10.41924419,-6.375729411,0.91845438,0,1
34,-8,11,0.3244117647,0.9667921295,0.1482929774,-6.433728725,-4.505961043,0.89031594,0,1
34,-8,12,-1.500277778,1.038439495,0.0227354517,-2.349538764,-1.984600302,0.86228144,0,1
34,-8,13,-0.8438888889,0.8905247967,0.0008593807371,0.586617214,0.1158503088,0.83462334,0,1
34,-8,14,-0.4777777778,1.041814436,0.008183734294,1.46233755,1.125331301,0.80755097,0,1
34,-8,15,0.58,1.239420429,0.002981530076,-0.5390524075,0.9746143604,0.78121901,0,1
34,-8,16,-1.38375,2.786251282,0.002496000098,1.015591871,0.08379430451,0.75573620,0,1
34,-8,17,0.5025,5.346708294,0.01943272432,-2.684023616,-0.9385652954,0.73117375,0,1
34,-7,0,2.0905,1.172400254,0.512682159,14.4697069,-1.981521074,1.09142189,1,1
34,-7,1,0.6535714286,0.6721197051,0.138337788,-7.513404322,-1.050475646,1.08907331,1,1
34,-7,2,0.1162222222,0.7616373437,0.030351769,3.329910849,1.240723642,1.08211751,1,1
34,-7,3,-0.24125,0.897059669,0.07270992401,4.097622489,3.668799464,1.07081492,1,1
34,-7,4,0.2932608696,0.6421486467,0.07154644035,2.25144655,4.969660598,1.05557018,1,1
34,-7,5,-0.15125,0.8490155074,0.2850721418,9.908512393,4.519316145,1.03689400,1,1
34,-7,6,-0.3025,0.835106817,0.5365895473,14.70799191,2.630658967,1.01535969,1,1
34,-7,7,0.65475,0.7652616435,0.3125855711,11.39938139,0.3221249714,0.99156102,0,1
34,-7,8,1.191578947,0.8000751783,0.1115481968,-6.692121581,-1.274589,0.96607621,0,1
34,-7,9,0.1324137931,0.9142424399,0.008681673498,-1.154166386,-1.509922751,0.93944086,0,1
34,-7,10,-0.727,1.037193511,0.003751432324,-1.149030738,-0.4904008403,0.91213054,0,1
34,-7,11,0.2409677419,1.129411909,0.003077739069,-0.3446631831,1.077815016,0.88455211,0,1
34,-7,12,1.513513514,0.8908525134,0.02205575487,1.931673439,2.333414671,0.85704198,0,1
34,-7,14,-1.427647059,0.940766133,0.05825766917,4.416515283,2.175362984,0.80324238,0,1
34,-7,15,-0.2444444444,1.318457292,0.07817968663,5.592747711,1.11688851,0.77731630,0,1
34,-7,16,1.244,1.967155419,4.364704576e-05,-0.09977857623,0.09057245952,0.75220138,0,1
34,-7,17,-0.6525,2.928996202,0.0008026922936,-0.3002560536,-0.4937635154,0.72797108,0,1
34,-6,0,0.3165,1.21127516,2.697607495,-32.38870532,-8.561416346,1.07976047,1,1
34,-6,1,1.52744186,0.6908913059,0.5471987997,-13.2335504,-7.247928158,1.07748621,1,1
34,-6,2,0.1014634146,0.8185522288,0.1019959582,-5.231871223,-3.881034765,1.07074871,1,1
34,-6,3,0.3466666667,0.8697568442,0.2045730751,9.225165272,0.08904267873,1.05979505,1,1
34,-6,4,-0.8177272727,0.6920333327,0.3694219028,12.02615405,3.011270564,1.04500971,1,1
34,-6,5,0.78425,0.7141135239,0.05022555473,2.570854741,3.779787863,1.02687895,1,1
34,-6,6,0.10225,0.9881179006,0.04138077853,-3.459590042,2.290742743,1.00595017,1,1
34,-6,7,0.8286486486,0.7777196443,0.08045355709,-5.755314525,-0.5904693319,0.98279213,0,1
34,-6,8,-0.8375675676,0.9543817398,0.0444345321,-2.496557939,-3.500566083,0.95796076,0,1
34,-6,9,-0.384375,0.9985621657,0.2943839003,-9.754011241,-5.228404292,0.93197322,0,0
34,-6,10,-1.5053125,1.005827474,0.2251775827,-8.149783442,-5.221593136,0.90529076,0,1
34,-6,11,-0.6641666667,0.9412618494,0.08156876129,-4.473604958,-3.73137148,0.87831000,0,0
34,-6,12,-0.7437837838,0.8695245252,0.006994128936,-0.6491536681,-1.577489086,0.85136067,0,1
34,-6,13,-0.5360526316,0.9319158091,0.01575502091,2.542422765,0.3014697182,0.82470824,0,1
34,-6,14,0.6314814815,1.293974938,0.01626907944,2.270428904,1.270362775,0.79855957,0,1
34,-6,15,0.3166666667,1.522774788,0.004247905862,-0.5632932146,1.204168055,0.77307010,0,1
34,-6,16,2.765,2.304234628,0.003748117459,1.173433826,0.4271282545,0.74835160,0,0
34,-6,17,2.6425,2.610369945,0.003403957971,-1.064781698,-0.5314504619,0.72447978,0,1
34,-5,0,-0.04772727273,0.9674105061,0.1062946554,6.60141633,0.8029079792,1.06740767,1,1
34,-5,1,-0.6459090909,0.8074640776,0.01314876416,-1.342229965,1.915436287,1.06521042,1,1
34,-5,2,-0.1572727273,0.6484996591,0.1915872874,7.615164504,4.66027902,1.05869920,1,1
34,-5,3,0.6014285714,0.9047875355,0.2333541043,6.28565859,7.58790498,1.04810757,1,1
34,-5,4,0.7047727273,0.6604329597,0.6541220653,13.70284334,9.185656878,1.03379948,1,1
34,-5,5,2.781282051,0.9377005628,1.792272075,25.89138241,8.677680179,1.01623627,1,1
34,-5,6,1.480465116,0.744025815,1.465848181,23.85556449,6.38520432,0.99593878,0,1
34,-5,7,-1.18125,0.8395264376,0.2495119142,9.577529186,3.475502327,0.97345004,0,1
34,-5,8,-0.7278125,0.9831563037,0.04391695683,-4.07671565,1.285231246,0.94930291,0,1
34,-5,9,-0.6452631579,0.8279880787,0.006797367883,1.560818128,0.6259853209,0.92399526,0,1
34,-5,10,-1.05137931,0.9251233167,0.02577379131,2.937351463,1.447419468,0.89797331,0,1
34,-5,11,-0.1525,0.8761156468,0.07306099456,4.631251599,2.991349084,0.87162275,0,1
34,-5,12,0.2115789474,1.088385831,0.09221376785,4.473494913,4.284030736,0.84526609,0,1
34,-5,13,-0.4568421053,0.8621850262,0.09156613875,4.054130945,4.653993502,0.81916466,0,1
34,-5,14,-0.8108,1.237249492,0.08780277113,4.529629638,4.001544494,0.79352358,0,1
34,-5,15,-1.186666667,1.64431543,0.09539542891,5.678356306,2.728563703,0.76849840,0,0
34,-5,16,0.8733333333,2.757857461,0.01981308977,2.486795344,1.434916598,0.74420226,0,1
34,-5,17,0.52,2.761030152,0.006173477198,1.491048952,0.5875519383,0.72071303,0,1
34,-4,0,3.039583333,1.044340246,1.0752576,-20.29415871,-5.958410796,1.05445006,1,1
34,-4,1,-0.4697674419,0.6704705208,0.06049944458,-0.4061468222,-5.000553524,1.05233171,1,1
34,-4,2,0.3336363636,0.7623125417,0.3082795958,-11.03587437,-2.543159097,1.04605244,1,1
34,-4,4,-0.1325,0.8143277701,0.2171600446,9.170539261,2.499911631,1.02201444,1,1
34,-4,5,-0.8460526316,0.8392142687,0.3501571812,11.67503246,3.061822655,1.00503530,1,1
34,-4,6,-0.3022727273,0.6960031259,0.06168666872,4.673159441,1.956018987,0.98538878,0,1
34,-4,7,0.09157894737,0.8248331463,0.01374474947,-2.383667232,-0.1912189168,0.96359172,0,1
34,-4,8,-1.0384375,0.856934888,0.04388766056,3.552520446,-2.374624131,0.94015339,0,1
34,-4,9,0.99525,0.9760853254,0.1907191073,-8.108887012,-3.686960867,0.91555175,0,0
34,-4,10,-1.063055556,0.9448598468,0.1809640096,-7.847690871,-3.701745194,0.89021739,0,1
34,-4,11,0.1186842105,0.9891196979,0.08942612804,-5.52045127,-2.594207063,0.86452446,0,0
34,-4,12,0.3308333333,0.9632210657,0.002768651096,-0.4450865274,-0.976617325,0.83878775,0,1
34,-4,13,0.5291891892,0.8964771162,0.02439164725,3.155536935,0.4365882245,0.81326401,0,1
34,-4,14,-0.8376,1.360608844,0.01597629177,2.305722074,1.153473822,0.78815631,0,1
34,-4,15,-2.051666667,1.554791206,0.005004703104,-0.9665813985,1.071401909,0.76362002,0,1
34,-4,16,0.6683333333,2.265215835,0.006882569729,1.634414755,0.4383458209,0.73976947,0,1
34,-4,17,-2.52,2.904728903,0.00068635049,-0.4181770715,-0.3326869689,0.71668463,0,0
34,-3,0,0.9070833333,1.116660958,0.005912482658,1.301963975,0.8744990532,1.04097252,1,1
34,-3,1,0.6193023256,0.6798292981,0.296289057,-10.87899567,2.217437908,1.03893420,1,1
34,-3,2,0.4290243902,0.6850038103,0.434472557,12.24212959,5.557912689,1.03289035,1,1
34,-3,3,2.533571429,0.7064882733,1.599880968,24.1029983,9.201517998,1.02304750,1,1
34,-3,4,2.414130435,0.6731938308,1.772008612,24.66714,11.34757721,1.00972855,1,1
34,-3,5,1.010714286,0.6954838933,1.472137259,22.16415719,11.01024371,0.99334471,0,1
34,-3,6,0.662,0.7702137285,0.8257368692,16.49131868,8.460502072,0.97436304,0,1
34,-3,7,0.3114285714,0.8690213894,0.2676468695,9.301441316,4.98360597,0.95327404,0,1
34,-3,8,0.0427027027,0.8678650454,0.05121510999,-4.090361865,2.139329268,0.93056307,0,1
34,-3,9,-0.6375,1.00910592,0.02331774643,2.9608595,0.9667174296,0.90668779,0,1
34,-3,10,0.92775,0.8163392754,0.07474611178,5.354979268,1.556259084,0.88206264,0,1
34,-3,11,0.845,0.8626196974,0.1110945477,6.019097882,3.160821193,0.85704978,0,0
34,-3,12,0.4073529412,0.925624824,0.126321998,5.515687956,4.704553189,0.83195577,0,1
34,-3,13,-0.2669444444,0.8968987635,0.1286783377,4.979456549,5.361062409,0.80703237,0,1
34,-3,14,-0.97,1.210838759,0.1451426286,6.035969778,4.894173293,0.78248024,0,1
34,-3,15,-0.8316666667,2.220334684,0.1438217288,6.82661242,3.637811503,0.75845431,0,1
34,-3,16,1.036666667,2.158552756,0.0142854534,1.041297699,2.20433446,0.73506991,0,1
34,-2,0,-0.1671428571,0.9880621107,0.1791302897,-7.273430755,-4.650103714,1.02705707,1,1
34,-2,1,1.37212766,0.6697174123,0.1993973157,-8.168036356,-4.030066526,1.02509926,1,1
34,-2,2,-0.2872093023,0.680774342,0.3048292677,-10.9930268,-2.444596329,1.01929232,1,1
34,-2,3,-0.2779487179,0.7178352016,0.03047419132,-3.511952654,-0.5872164526,1.00982959,1,1
34,-2,4,-0.6213953488,0.6770741224,0.05536081643,4.739342695,0.75579171,0.99701385,0,1
34,-2,5,-1.148913043,0.6627946433,0.06621255062,5.139208172,1.06580453,0.98123161,0,1
34,-2,6,0.1648717949,0.9525374077,0.08567366052,5.962104479,0.312101555,0.96292327,0,1
34,-2,7,0.2223529412,0.8281430117,0.117795687,6.918780613,-1.067136445,0.94255306,0,1
34,-2,8,-0.5376923077,0.7886320433,0.03683353255,3.092778758,-2.399817954,0.92058233,0,1
34,-2,9,0.7739285714,1.075442734,0.1294128716,-6.649161317,-3.103261282,0.89744823,0,1
34,-2,10,0.2855555556,0.8454963751,0.2820034805,-10.42662809,-2.934546263,0.87354869,0,1
34,-2,11,-0.0465,0.8177745334,0.1085209234,-6.396898789,-2.056519474,0.84923348,0,1
34,-2,13,-0.63,0.9931266812,0.01214342526,2.247561845,0.02601896319,0.80049613,0,1
34,-2,14,-1.42,1.502574713,0.004203411525,1.244721708,0.4466275561,0.77651826,0,1
34,-2,16,1.641666667,2.395606279,5.469779597e-05,-0.07900458201,-0.1285107776,0.73012067,0,1
34,-2,17,1.06,4.062339228,0.001956690609,-0.6549601778,-0.6205630423,0.70790070,0,1
34,-1,0,-0.2604166667,1.040360772,0.2553382227,-10.185919,-1.574560993,1.01278210,1,1
34,-1,1,1.309347826,0.792027631,0.06441170214,-5.176157048,-0.07459332835,1.01090464,1,1
34,-1,2,1.073863636,0.7009333727,0.3792906144,12.00849553,3.687545902,1.00533431,1,1
34,-1,3,1.548837209,0.6960139154,1.128597225,20.18378582,7.884288857,0.99625160,0,1
34,-1,4,3.028604651,0.701842973,1.33148157,21.04430068,10.540097,0.98393965,0,0
34,-1,5,0.5727906977,0.8512912689,1.10936874,18.73676518,10.51099123,0.96876084,0,1
34,-1,6,-0.9879411765,0.9715305546,0.4246758132,10.62788023,7.983257866,0.95112934,0,1
34,-1,7,1.970571429,0.9192055341,0.04848008942,1.409865464,4.264056481,0.93148341,0,1
34,-1,8,0.005714285714,0.8498257204,0.04063331345,-3.979249898,1.034822071,0.91026053,0,1
34,-1,9,-1.212941176,0.8606447371,0.001449698272,0.6009484617,-0.4919356146,0.88787724,0,1
34,-1,10,-1.105142857,1.05708974,0.02573296779,3.271239164,-0.07118037826,0.86471475,0,1
34,-1,11,-1.214871795,0.8330647299,0.06375977641,4.887966674,1.623181229,0.84111013,0,1
34,-1,12,-0.2686486486,1.050524977,0.09664889519,5.299786316,3.481745768,0.81735228,0,1
34,-1,13,1.140416667,1.158297287,0.1209813196,5.43492564,4.560181482,0.79368178,0,1
34,-1,14,-0.7957142857,2.297090144,0.1433784647,6.293208438,4.477434468,0.77029342,0,1
34,-1,15,1.0625,1.836583955,0.07578851016,4.423578976,3.458811785,0.74734034,0,1
34,-1,17,0.38,4.34,0.003778489709,0.8401366384,0.9306944397,0.70317495,0,0
34,0,0,-1.598333333,1.647376626,1.11228488,-20.95309242,-4.871187676,0.99822163,0,1
34,0,1,-2.454347826,1.01031397,0.1229256072,-5.593992215,-4.45531526,0.99642385,0,1
34,0,2,1.790454545,0.9780150458,0.2987734088,-10.6168588,-3.403746314,0.99108823,0,1
34,0,3,-0.5726086957,0.9498323402,0.05664998862,-4.325360521,-2.204586193,0.98238288,0,1
34,0,4,0.4109090909,1.041152148,0.01062704579,1.57648996,-1.391405246,0.97057196,0,1
34,0,5,0.4572727273,0.9806974875,0.005875800879,0.8967149036,-1.28082001,0.95599438,0,1
34,0,6,1.806111111,1.173597797,0.0140971904,1.586382334,-1.829878827,0.93903874,0,1
34,0,7,-0.002222222222,1.162282238,0.01935214251,0.9305730888,-2.680558833,0.92011783,0,1
34,0,8,-0.5846666667,1.811815681,0.04425142209,2.671883267,-3.357323674,0.89964552,0,1
34,0,9,0.8726315789,1.396861319,0.2700625626,-10.00319362,-3.506321926,0.87801785,0,1
34,0,10,0.3655555556,1.246226403,0.263091228,-10.0071307,-3.052068523,0.85559925,0,1
34,0,11,0.26,1.317964051,0.07911519058,-5.298026336,-2.201453061,0.83271380,0,1
34,0,12,1.373529412,1.524134986,0.004366410016,-0.3143400729,-1.310653779,0.80964111,0,1
34,0,13,0.4545454545,2.292429979,0.0107730589,1.998492353,-0.6986454703,0.78661565,0,1
34,0,14,1.64,3.089647589,0.001230417366,-0.5049103245,-0.506926567,0.76382874,0,1
34,0,15,-1.1925,2.711046846,0.02293877457,-3.016404648,-0.6669821799,0.74143216,0,1
34,0,16,-0.81,7.15,0.00252952118,-0.3256866715,-0.9727912443,0.71954267,0,1
35,-17,0,0.4016666667,0.8879457996,0.6052743618,15.45679788,3.592876939,1.11956197,1,1
35,-17,1,0.7317777778,0.6492555402,0.1737518524,8.26913687,1.977362645,1.11702744,1,1
35,-17,2,0.3472727273,0.7918555004,0.08018937413,-5.390405797,-2.075069316,1.10952588,1,1
35,-17,3,-0.09765957447,0.6683086618,0.5981581989,-14.32965142,-6.597106328,1.09735227,1,1
35,-17,4,1.535789474,0.7721602985,0.6548123409,-13.52381384,-9.462444331,1.08096329,1,1
35,-17,5,1.316976744,0.7804895626,0.9297053385,-17.25216975,-9.442557218,1.06093231,1,1
35,-17,6,0.7287234043,0.6425683906,0.5753773002,-13.92335635,-6.747072769,1.03789874,1,0
35,-17,7,-0.4044186047,0.8159191532,0.1291812996,-6.775574844,-2.79943172,1.01251951,1,1
35,-17,8,-0.2166666667,0.7391937253,0.001917907173,0.6861334309,0.5719760349,0.98542852,0,1
35,-17,9,-0.1684210526,0.8109457912,0.04848499619,3.994858525,2.052570363,0.95720701,0,1
35,-17,10,0.599375,1.012140611,0.02084501601,2.596640271,1.389216963,0.92836532,0,1
35,-17,11,0.09194444444,0.9528031176,0.001247900667,0.2900427828,-0.6595892693,0.89933474,0,1
35,-17,12,-1.302631579,0.8281157064,0.08160184234,-5.079386281,-2.854798181,0.87046709,0,0
35,-17,13,0.6973529412,0.9052666452,0.07390549885,-3.685289673,-4.143265925,0.84203962,0,1
35,-17,14,-0.7109375,0.9549796653,0.1091463525,-5.344132429,-4.104880225,0.81426301,0,1
35,-17,15,-0.8029166667,1.242201686,0.07543454527,-4.728194981,-3.004719092,0.78729077,0,0
35,-17,16,-0.2858333333,1.865577926,0.01190840775,-1.635105792,-1.510252437,0.76122885,0,1
35,-17,17,3.1475,2.105960663,0.0007479728482,0.4775188265,-0.2883853779,0.73614459,0,1
35,-17,18,2.014,2.458941236,0.0005440438818,0.3743010951,0.2936757077,0.71207482,0,1
35,-16,0,1.786666667,0.9150906082,1.578386637,-25.56436369,-1.772896281,1.11834572,1,1
35,-16,1,1.063043478,0.6441186957,0.5479500094,-15.02166251,-1.523650669,1.11581942,1,1
35,-16,2,0.3125581395,0.6742242245,0.001861440359,0.01569994015,-0.8798843371,1.10834201,1,1
35,-16,3,0.6391111111,0.7253378051,0.08357353828,5.895693915,-0.1055704667,1.09620690,1,1
35,-16,4,1.18047619,0.666464978,0.02196717701,2.982325006,0.4950469553,1.07986842,1,1
35,-16,5,0.4623809524,0.6558835847,0.08812946769,6.013481753,0.7098314411,1.05989713,1,1
35,-16,6,1.263125,0.747832397,0.01901303194,2.76750477,0.5011926008,1.03692947,1,1
35,-16,7,0.4763414634,0.9091506192,0.004710152749,-1.399862586,0.004493652579,1.01161956,1,1
35,-16,8,-0.7872222222,0.7781451018,0.001645767771,-0.6196335649,-0.5484229028,0.98459883,0,1
35,-16,9,-0.1828947368,0.926491102,0.002523005232,0.4139924935,-0.9371733569,0.95644653,0,1
35,-16,10,-1.921333333,1.050602097,0.006337017426,-1.246997146,-1.039943492,0.92767148,0,1
35,-16,11,-0.3509090909,0.8643191347,0.05788033184,-4.830385104,-0.8649865926,0.89870394,0,1
35,-16,12,-0.3236111111,0.9047678079,0.02042556117,-2.86786325,-0.5227932299,0.86989507,0,1
35,-16,13,-0.6436111111,0.927661692,0.03580892157,-3.856394431,-0.1623095504,0.84152180,0,1
35,-16,14,0.6496875,0.973417887,0.0009598335205,-0.6248224018,0.094503403,0.81379473,0,1
35,-16,15,0.4736363636,1.323350488,0.00188534119,0.864505968,0.192395912,0.78686748,0,1
35,-16,18,0.4875,2.706992104,0.0002443113568,0.2972361457,-0.1153047683,0.71176158,0,1
35,-15,0,6.89173913,1.006317662,7.06429883,53.15016138,10.6829995,1.11592506,1,1
35,-15,1,1.689347826,0.6636504524,2.419352949,30.86090649,7.359627919,1.11341508,1,1
35,-15,2,0.1236363636,0.6444544108,0.01359143026,-2.158600255,-0.9975426786,1.10598559,1,1
35,-15,3,1.247727273,0.6660896048,1.405218785,-21.83446658,-10.38702574,1.09392688,1,1
35,-15,4,3.963953488,0.6938491645,3.445830468,-34.09472423,-16.46724873,1.07768863,1,1
35,-15,5,3.572790698,0.732685357,3.464023326,-34.0937687,-16.69743946,1.05783583,1,1
35,-15,6,2.9,0.7902891729,1.817015987,-24.9994664,-11.44495858,1.03499905,1,1
35,-15,7,0.08727272727,0.7191754707,0.1720982875,-7.679359353,-3.553599605,1.00982683,1,1
35,-15,8,0.7073170732,0.7167931675,0.07410658766,4.485119225,3.273435508,0.98294573,0,1
35,-15,9,0.9860526316,0.8576776128,0.3763952544,10.79594024,6.328114576,0.95493099,0,1
35,-15,10,0.9409375,0.8715262519,0.2599954752,9.107470522,5.022329683,0.92628846,0,1
35,-15,11,-0.7213333333,1.171380042,0.02258842069,2.954106172,0.8191800631,0.89744630,0,1
35,-15,12,0.7061764706,0.9716305657,0.03500061934,0.2262607194,-3.809283186,0.86875439,0,1
35,-15,13,1.2125,0.8898611436,0.2007010905,-6.198129901,-6.714452236,0.84048900,0,1
35,-15,15,1.248636364,1.372825206,0.1541190522,-6.192137108,-5.07719386,0.78602293,0,1
35,-15,16,-0.02583333333,1.635184325,0.02594355658,-2.361915074,-2.283647063,0.76008261,0,0
35,-15,17,0.7375,2.054048213,0.001080363013,0.6671062335,0.06670001302,0.73510782,0,1
35,-15,18,1.24,2.7999029,0.004561915169,0.6618210723,1.2082859,0.71113634,0,1
35,-14,0,4.025714286,1.000328744,3.83223553,-39.75422027,-3.739567024,1.11232335,1,1
35,-14,1,1.635833333,0.6341654005,0.6639301385,-16.48942181,-2.079369097,1.10983755,1,1
35,-14,2,1.696136364,0.6988541827,0.3430760786,11.75916908,2.11116697,1.10247897,1,1
35,-14,3,1.154878049,0.761878625,0.7984106188,16.88342844,6.864734646,1.09053336,1,1
35,-14,4,0.7965,0.6867704311,0.9030793218,16.58962607,10.02526478,1.07444356,1,1
35,-14,5,1.976956522,0.7263023199,1.113590128,18.90570538,10.28969859,1.05476631,1,1
35,-14,6,1.384615385,0.7533705501,0.8831895938,17.52629629,7.763732587,1.03212353,1,1
35,-14,7,-0.37925,0.7194464452,0.1898423397,8.042155052,3.782419378,1.00715552,1,1
35,-14,8,0.556744186,0.6994131159,5.935227286e-05,0.03770635557,0.1525498164,0.98048160,0,1
35,-14,9,-0.3371428571,0.7065149529,0.05360051032,-4.389820342,-1.740603666,0.95267113,0,1
35,-14,10,0.7565625,0.8786977114,0.03293625469,-3.383659538,-1.501270085,0.92422548,0,0
35,-14,11,-1.28,0.8632180548,0.0002325188246,0.1605780851,0.2663699881,0.89556970,0,1
35,-14,12,0.5357894737,0.9876647193,0.01572033074,-0.8298176242,2.419042693,0.86705175,0,1
35,-14,13,-1.564444444,0.8840098301,0.03872153811,0.9583694777,3.897618486,0.83894691,0,1
35,-14,14,-0.0484375,1.212074843,0.08074730769,4.014747145,4.180468651,0.81146538,0,1
35,-14,15,1.579545455,1.217034059,0.08655597344,4.953905632,3.386738557,0.78476120,0,0
35,-14,17,1.498571429,2.210821253,0.00168957056,0.1592089987,0.8231584663,0.73407543,0,1
35,-14,18,3.455,6.765,0.000145965372,0.2350384502,0.07406138388,0.71020155,0,1
35,-13,0,11.53782609,1.335585608,10.31603522,63.48173657,16.18653413,1.10757488,1,1
35,-13,1,3.073913043,0.801898802,3.767848931,37.77071444,11.87298615,1.10512071,1,1
35,-13,2,-0.03955555556,0.729315367,0.009516051542,-1.70800289,1.020701569,1.09785494,1,1
35,-13,3,2.386046512,0.6766092329,1.441279629,-21.78151224,-11.18940984,1.08605742,1,1
35,-13,4,3.690714286,0.7072203741,3.31378866,-31.81983159,-19.13592136,1.07016205,1,1
35,-13,5,5.609130435,0.7049720463,5.247758761,-42.44951141,-19.52799835,1.05071487,1,1
35,-13,6,4.284871795,0.7697123279,2.611742092,-30.36099709,-12.83791523,1.02832652,1,1
35,-13,7,0.5278571429,0.7488747684,0.04251421153,-3.189358143,-2.741499467,1.00362653,1,1
35,-13,8,-1.000232558,0.7500689882,0.5561737201,13.98925613,5.974445797,0.97722475,0,0
35,-13,9,0.6002564103,0.7470998057,0.9515000383,17.30954875,9.810522193,0.94968279,0,1
35,-13,10,0.8218918919,0.9241175352,0.5663103591,13.09525216,8.007806089,0.92149615,0,1
35,-13,11,1.0490625,0.8900884897,0.07500709219,5.016688718,2.45747008,0.89308579,0,1
35,-13,12,0.1931428571,0.8828430882,0.06668575205,-3.80058727,-3.646890377,0.86479706,0,1
35,-13,13,0.618,0.9881956054,0.196397068,-5.000938336,-7.529982195,0.83690394,0,1
35,-13,14,-0.02606060606,1.039071641,0.266939013,-6.845329449,-8.012496714,0.80961623,0,1
35,-13,15,0.6405,1.615006351,0.1911634726,-6.873229869,-5.682544865,0.78308830,0,1
35,-12,0,2.2375,0.9501901507,1.313903712,-23.22199936,-2.716947214,1.10172395,1,1
35,-12,1,0.3793333333,0.6495730792,0.0211238203,-2.91547311,-0.5370997479,1.09930838,1,1
35,-12,2,0.6444186047,0.774572815,0.9515572378,19.27121747,4.950838127,1.09215591,1,1
35,-12,3,0.5429545455,0.6637433756,1.361519638,21.03597249,11.13289204,1.08053922,1,1
35,-12,4,1.791162791,0.7303200355,1.403620002,18.82063289,15.15760029,1.06488145,1,1
35,-12,5,2.314090909,0.6898644914,2.023811404,24.63948487,15.32619913,1.04571562,1,1
35,-12,6,4.174651163,0.7788866283,1.59522923,22.88894837,11.82299332,1.02363867,1,1
35,-12,7,1.530263158,0.770031542,0.322429925,9.615493275,6.456596926,0.99926702,0,1
35,-12,8,0.1957142857,0.7191542415,0.008798447146,0.9980328953,1.632323556,0.97319895,0,1
35,-12,9,-0.5426315789,0.8153043297,0.02162585169,-2.878937948,-0.842047225,0.94598661,0,1
35,-12,10,0.2817073171,0.8283483348,0.002301666026,-0.8423818203,-0.4979854279,0.91811826,0,1
35,-12,11,0.4661111111,0.7865618555,0.02494917108,2.667053833,1.807429521,0.89000976,0,1
35,-12,12,1.379354839,0.9391317641,0.1079829432,4.939274456,4.530930403,0.86200328,0,0
35,-12,13,-0.6554285714,0.921249595,0.162008817,5.284813796,6.282809858,0.83437108,0,1
35,-12,14,-0.0002941176471,1.056315316,0.2459142638,7.816647479,6.4196121,0.80732247,0,1
35,-12,15,-0.3064705882,1.312471585,0.2021337422,7.583307019,5.156567201,0.78101214,0,1
35,-12,17,-0.2733333333,2.687869871,0.005982873869,0.3151899122,1.545897802,0.73100414,0,1
35,-11,0,9.4925,1.189056874,8.023201956,55.20543053,17.04034666,1.09482373,1,1
35,-11,1,1.714444444,0.6886164988,2.260844396,27.88958077,12.7586938,1.09245317,1,1
35,-11,2,-0.7573809524,0.7841809282,0.06736151841,-4.904804803,1.992062264,1.08543282,1,1
35,-11,3,1.199318182,0.8177117946,1.229665541,-20.2347123,-10.1070572,1.07402712,1,0
35,-11,4,2.03075,0.700072898,2.750429688,-28.66721719,-17.95809426,1.05864675,1,1
35,-11,5,2.415681818,0.7013546883,3.380183649,-32.72576276,-18.31209772,1.03980969,1,1
35,-11,6,1.569761905,0.8042187318,1.385014123,-20.97765698,-11.66902284,1.01809699,1,1
35,-11,7,0.1926829268,0.8301722584,0.01416418185,1.728018447,-1.704960157,0.99410985,0,1
35,-11,8,1.186744186,0.7099783283,0.6263451047,14.62941916,6.824063132,0.96843305,0,1
35,-11,9,-0.3069230769,0.7526645633,1.0992681,18.64723057,10.47023291,0.94160765,0,1
35,-11,10,1.8425,0.8121785689,0.5137105705,11.8758033,8.525960647,0.91411341,0,1
35,-11,11,1.028709677,1.158242898,0.0342112863,2.399396524,2.911413844,0.88636016,0,1
35,-11,12,-1.0059375,0.8993188069,0.04095468203,-2.625836501,-3.184960428,0.85868621,0,1
35,-11,13,0.6738888889,0.9402649304,0.2002819802,-5.831830418,-7.022540021,0.83136180,0,1
35,-11,16,0.941,2.346005328,0.01962604612,-2.27980286,-1.722735346,0.75331228,0,0
35,-11,17,2.03,3.518429258,0.01703282177,2.42306591,1.102348288,0.72897790,0,0
35,-10,0,-0.4243478261,0.9240704725,0.3615186046,-12.26256763,-0.1934918659,1.08693503,1,1
35,-10,1,-0.3580434783,0.6898474675,0.1546631379,7.879939692,1.501124257,1.08461524,1,0
35,-10,2,2.0875,0.6775736061,1.499020206,24.30079827,5.755957721,1.07774397,1,1
35,-10,3,1.513953488,0.7096865107,1.16392481,19.33112538,10.51440331,1.06657647,1,1
35,-10,4,0.9656410256,0.7022004018,0.9451879192,14.48399517,13.54454067,1.05150951,1,1
35,-10,5,1.962051282,0.8024709798,1.55567126,21.54002106,13.5372348,1.03304429,1,1
35,-10,6,1.18775,0.7287774866,1.085412471,18.37609489,10.67237354,1.01174406,1,1
35,-10,7,-0.1808108108,0.768780222,0.1762792095,5.693768415,6.396958895,0.98819289,0,1
35,-10,8,-0.8156410256,0.7339528941,0.01680022716,0.4788949881,2.6000596,0.96296035,0,1
35,-10,9,-0.3732432432,0.8056811608,0.002683788333,0.8164816698,0.6707714751,0.93657492,0,1
35,-10,10,0.7840740741,1.008594302,0.03908263169,3.923661743,0.93006001,0.90950667,0,1
35,-10,11,0.1275,0.8582708535,0.1093204612,6.194446727,2.666657065,0.88215850,0,1
35,-10,12,-0.5278378378,0.8377170794,0.1606852655,6.718225949,4.660229577,0.85486429,0,0
35,-10,13,-1.053611111,0.9004038911,0.160256429,5.701495575,5.845240159,0.82789179,0,1
35,-10,15,-0.550625,1.498187368,0.142999181,6.175010081,4.622049682,0.77569046,0,1
35,-10,16,1.744285714,2.005713777,0.04959844874,3.373045637,3.042654963,0.75072781,0,1
35,-10,17,6.655,4.372241988,0.00732058416,0.5254431196,1.664212092,0.72663512,0,1
35,-9,0,8.238636364,1.051294362,5.705881888,47.09816746,12.47662586,1.07812488,1,1
35,-9,1,0.1393181818,0.7891191464,1.019009486,18.42460187,9.191726554,1.07586092,1,1
35,-9,2,-0.2065217391,0.6413170227,0.5856836394,-15.58122205,0.9467117532,1.06915367,1,1
35,-9,3,0.007674418605,0.7823038524,1.621279971,-24.61830492,-8.274326039,1.05824840,1,0
35,-9,4,2.779268293,0.7929671348,1.502523524,-20.59573078,-14.17509286,1.04352680,1,1
35,-9,5,1.542820513,0.7301443572,1.284540918,-18.17308793,-14.28865592,1.02547179,1,1
35,-9,6,-0.2697619048,0.7071625779,0.499172162,-11.20644493,-9.060555662,1.00462719,1,0
35,-9,7,-0.9851162791,0.7072380943,0.00596361125,0.7663636714,-1.376160348,0.98155832,0,1
35,-9,8,-0.265,0.7981679989,0.1903142769,7.299450176,5.088941781,0.95681803,0,1
35,-9,9,-1.532121212,0.8556377073,0.4695916299,11.65019102,7.722971833,0.93092088,0,1
35,-9,10,1.751818182,1.016721042,0.2449416755,8.071155004,6.063267577,0.90432615,0,1
35,-9,11,-0.5864516129,1.0485781,0.01127820999,1.38140092,1.668524574,0.87742901,0,1
35,-9,12,0.1531428571,0.880252793,0.04388432271,-3.072849219,-2.969082393,0.85055824,0,1
35,-9,13,0.1475675676,0.9245795575,0.176696191,-6.348618528,-5.762691015,0.82397878,0,1
35,-9,14,1.444444444,1.169886806,0.3179755467,-9.868241044,-5.908464411,0.79789726,0,1
35,-9,15,-1.23,1.479970525,0.1650101207,-7.276045515,-3.963684602,0.77246916,0,1
35,-9,16,4.51,2.080015208,0.005439821921,-0.8171972826,-1.263091151,0.74780645,0,1
35,-9,17,8.3,4.359727629,0.03771884943,3.86097414,0.8863503851,0.72398512,0,0
35,-8,0,1.082916667,1.05627464,0.3912451381,-12.48553751,2.62429657,1.06846503,1,1
35,-8,1,0.5739534884,0.7383584603,0.1560577235,7.453277483,3.061974645,1.06626126,1,1
35,-8,2,2.269130435,0.7383151485,1.019868516,20.17743861,4.14513655,1.05973087,1,1
35,-8,3,-0.32275,0.7015439224,0.560175871,14.31319172,5.309511016,1.04910856,1,1
35,-8,4,-0.415952381,0.8301527265,0.2599547732,8.522774917,5.959462107,1.03475999,1,1
35,-8,5,-0.221025641,0.7247218085,0.2578812638,8.598915836,5.774846678,1.01714861,1,1
35,-8,6,0.6435,0.7288186074,0.1462963841,6.108593852,4.852933006,0.99679749,0,1
35,-8,7,-0.4107317073,0.7116302889,0.0318479966,0.378802105,3.620318823,0.97425183,0,1
35,-8,8,0.1285714286,0.9547703444,0.04699760385,3.588395764,2.583898885,0.95004646,0,1
35,-8,9,-0.5482352941,0.8382633122,0.05640045181,4.378468394,2.07223066,0.92468087,0,1
35,-8,10,0.4353333333,0.9495763968,0.09105578696,5.783561207,2.105640924,0.89860258,0,0
35,-8,11,-1.128709677,0.9200389079,0.1263297065,6.825444733,2.44379738,0.87219819,0,1
35,-8,12,0.1331578947,0.848868605,0.06442479447,4.382978141,2.755560842,0.84579086,0,0
35,-8,13,0.1097297297,0.8684698516,0.03256385955,2.389396451,2.799788422,0.81964228,0,1
35,-8,14,-0.9742307692,1.076160169,0.0313393386,2.584765007,2.521421159,0.79395772,0,1
35,-8,15,0.7983333333,1.580654093,0.01904739286,1.947809048,2.032390778,0.76889273,0,0
35,-8,16,1.25,2.196458007,0.01268312658,1.726927566,1.514751612,0.74456034,0,1
35,-8,17,-1.73,7.13,0.003717871612,0.5503825493,1.115294089,0.72103824,0,1
35,-7,0,1.2005,1.012159202,1.935720976,27.98981827,4.681568782,1.05803055,1,1
35,-7,1,0.07479166667,0.7154228025,0.3184354497,11.11848198,2.977050843,1.05589059,1,1
35,-7,2,1.041304348,0.6556238822,0.3949887842,-12.75549912,-1.276850333,1.04954778,1,1
35,-7,3,0.2495,0.7096929794,0.9589860706,-19.06398974,-5.962016863,1.03922578,1,1
35,-7,4,1.96744186,0.6760991892,0.7754023475,-15.64529105,-8.821968575,1.02527356,1,1
35,-7,5,0.3802777778,0.7645559714,0.7192974399,-15.00317831,-8.611895053,1.00813419,1,1
35,-7,6,0.2202702703,0.7979789116,0.4155168825,-11.86936459,-5.656138381,0.98830894,0,1
35,-7,7,-1.33675,0.7701394635,0.03242330992,-3.328077757,-1.553529556,0.96632182,0,1
35,-7,8,-0.3717241379,1.043456513,0.02042588908,2.337391018,1.74203675,0.94268855,0,1
35,-7,9,0.4051351351,0.8223182058,0.04478728088,3.180071103,2.919018942,0.91789257,0,1
35,-7,10,-0.2754285714,0.8404983944,0.01530029482,1.711195099,1.854028676,0.89236876,0,1
35,-7,11,0.7205263158,0.8979688592,0.007300498732,-1.66485227,-0.5153667007,0.86649448,0,1
35,-7,12,-1.643243243,0.8859315057,0.05321912223,-3.764442017,-2.823211904,0.84058666,0,1
35,-7,13,0.9447222222,0.9235595809,0.07995700893,-4.149867134,-4.005535635,0.81490333,0,1
35,-7,14,-2.271153846,1.080205711,0.1102091859,-5.644308712,-3.740823273,0.78964816,0,1
35,-7,15,0.813,1.689371777,0.05335268064,-4.032001518,-2.437227773,0.76497659,0,1
35,-6,0,0.4928571429,0.964309112,0.09628857494,-3.360319291,5.363639941,1.04689840,1,1
35,-6,1,-0.1546808511,0.7340910199,0.05270192491,1.972918174,4.246641694,1.04482515,1,1
35,-6,2,1.440869565,0.6737487473,0.1249313335,7.069197505,1.41545116,1.03867851,1,1
35,-6,3,0.1812820513,0.7844931127,0.06847910784,5.013965515,-1.830447901,1.02867087,1,1
35,-6,4,0.4236363636,0.686813512,0.0647298933,-3.240698868,-4.053198567,1.01513397,1,1
35,-6,5,-0.7087179487,0.7409082065,0.22996782,-8.755037877,-4.3619114,0.99848993,0,1
35,-6,6,0.9602564103,0.7405640031,0.1547040972,-7.520560607,-2.793748851,0.97921747,0,1
35,-6,7,0.2137837838,0.8642395285,0.0005121911859,-0.4063718414,-0.2189897328,0.95781858,0,1
35,-6,8,0.8605882353,0.9149930541,0.10273424,6.176039156,2.144436095,0.93478905,0,1
35,-6,9,1.526764706,0.9159479977,0.1589299008,7.418718308,3.329355432,0.91059542,0,0
35,-6,10,1.356216216,0.8449999892,0.1145931621,6.207018009,3.024704673,0.88565920,0,1
35,-6,11,-0.8655263158,0.8291343148,0.02848385995,3.039639147,1.615908745,0.86034784,0,1
35,-6,12,-0.8974285714,0.9513106698,0.001157362726,-0.6858323052,-0.1055888833,0.83497153,0,1
35,-6,13,-0.342972973,0.8929916643,0.03586932781,-3.611862632,-1.370292831,0.80978425,0,1
35,-6,14,-0.88,1.422874555,0.02263195806,-2.508468789,-1.767341815,0.78498775,0,1
35,-6,15,0.717,2.410298299,0.01595175829,-2.195404121,-1.347905729,0.76073720,0,1
35,-6,17,-0.66,3.990303873,0.0006283708753,0.3951503746,0.3244791761,0.71429978,0,1
35,-5,0,-0.9975,0.9335917611,0.4574253541,13.56760155,-2.495939658,1.03514613,1,1
35,-5,1,-0.3172093023,0.6756723311,0.01807243914,-0.9236493602,-2.581824861,1.03314178,1,1
35,-5,2,-0.2847826087,0.6612083657,0.01885123016,-0.4930524759,-2.756784197,1.02719789,1,1
35,-5,3,0.546,0.7194057009,0.0644315276,-4.334209461,-2.832144519,1.01751536,1,1
35,-5,4,1.166590909,0.6977157644,0.4311030158,-13.12755212,-2.650589579,1.00440856,1,0
35,-5,5,0.2351219512,0.7266725973,0.6617488893,-16.44527056,-2.206895071,0.98827822,0,1
35,-5,6,0.3429268293,0.8201082055,0.2054159337,-9.092712288,-1.668787951,0.96958010,0,0
35,-5,7,-0.6221875,0.8508630729,0.01275107782,-1.913395102,-1.282162713,0.94879358,0,0
35,-5,8,0.2344444444,0.8270318694,0.1058346271,-6.522207459,-1.221792199,0.92639389,0,1
35,-5,9,0.02857142857,1.028595091,0.0322424695,-3.348770736,-1.483257376,0.90283004,0,0
35,-5,10,0.02078947368,1.080970626,0.03783363971,-3.492109203,-1.882994835,0.87850954,0,1
35,-5,11,1.330277778,1.091424327,0.02629230769,-2.501860057,-2.163210377,0.85378936,0,1
35,-5,12,0.1127027027,0.8788548811,0.01422171325,-1.166367563,-2.134586435,0.82897245,0,1
35,-5,13,0.1591176471,0.9409422962,0.007846019161,-0.3526333958,-1.77198946,0.80430836,0,1
35,-5,14,-0.4538888889,1.305544681,0.006051577991,-1.022356106,-1.213472988,0.77999660,0,1
35,-5,15,0.32375,1.895800045,0.001129028315,-0.1263228836,-0.6736238585,0.75619185,0,1
35,-5,16,2.1875,2.734755474,0.007852517474,-1.777287875,-0.3290111829,0.73300977,0,1
35,-4,0,-0.6579166667,1.045896221,0.1571210268,1.214971831,7.993325928,1.02285067,1,1
35,-4,1,-0.7474418605,0.6892210353,0.3350425173,10.41878258,5.553533127,1.02091677,1,1
35,-4,2,-0.2926190476,0.7057340865,0.000964442902,-0.1991215975,-0.6013337064,1.01518023,1,1
35,-4,3,-0.5135897436,0.9084088718,0.6119419416,-14.04461377,-7.572595518,1.00583052,1,0
35,-4,4,1.23,0.8037831369,1.399885992,-20.8296279,-12.1877871,0.99316453,0,1
35,-4,5,0.2469047619,0.7286631984,1.284998947,-19.42503657,-12.54134473,0.97756155,0,1
35,-4,6,0.71,0.7983613444,0.6262715232,-13.52090034,-8.817164136,0.95945411,0,1
35,-4,7,0.4496774194,0.8850361404,0.07304397922,-4.611723517,-3.020196646,0.93929871,0,1
35,-4,8,2.247837838,0.8258051829,0.2024665974,8.921455401,2.154726652,0.91754957,0,1
35,-4,9,-0.279,0.9626803279,0.2767707933,9.666068446,4.660066804,0.89463772,0,1
35,-4,10,-0.05323529412,1.004346944,0.12624486,6.077961427,3.947394881,0.87095615,0,1
35,-4,11,0.5410810811,0.8633682998,0.002349564867,0.1386910899,0.9789226077,0.84685088,0,1
35,-4,12,-0.7413513514,0.8774471571,0.1006809884,-5.979067291,-2.477614803,0.82261717,0,0
35,-4,13,0.4475862069,1.010089058,0.237512092,-8.7023177,-4.804725014,0.79849971,0,1
35,-4,14,-1.254285714,1.508108188,0.1834577277,-6.99677089,-5.231812832,0.77469552,0,1
35,-4,15,2.438,2.409932779,0.112626613,-5.562234284,-3.989898219,0.75135850,0,1
35,-4,16,-1.274,2.367023447,0.01273793261,-1.193386863,-1.968598698,0.72860491,0,1
35,-4,17,6.75,6.05,0.000209808157,-0.2517230678,-0.154677502,0.70651891,0,1
35,-3,0,1.3855,1.285505527,0.09422015907,-2.149130863,-5.880566438,1.01008733,1,1
35,-3,1,-0.1914893617,0.6559375364,0.06643845726,2.124994982,-4.808927488,1.00822479,1,1
35,-3,2,-1.142888889,0.6857600386,0.0108378462,-0.4312025734,-2.079205605,1.00269840,1,1
35,-3,3,0.3230769231,0.8698572916,0.01086400402,-1.824545296,1.091306053,0.99368630,0,1
35,-3,4,-0.4222222222,0.7470193859,0.02948431981,-1.045899633,3.342588441,0.98146806,0,1
35,-3,5,0.2026190476,0.7520899305,0.04073293974,1.568253303,3.806220838,0.96640161,0,1
35,-3,6,0.08705882353,0.8246385388,0.01464938993,-0.086320094,2.467256395,0.94889630,0,1
35,-3,7,1.225294118,0.8480016199,0.08806568328,-6.052308117,0.09408895228,0.92938561,0,1
35,-3,8,-0.655,0.8671647214,0.1555039756,-7.739001863,-2.191916985,0.90830257,0,1
35,-3,9,1.563235294,0.880141002,0.1747029893,-7.791420458,-3.460934933,0.88605991,0,1
35,-3,10,-0.7254285714,0.9165999781,0.04667788743,-2.853729179,-3.35802486,0.86303571,0,1
35,-3,11,-1.715,0.9636801567,0.01127572465,-0.04185857132,-2.165515321,0.83956463,0,1
35,-3,12,-0.2616216216,0.9192809987,0.01013470639,1.973981874,-0.5655876345,0.81593386,0,1
35,-3,13,-0.3946153846,1.05341576,0.01744419459,2.592265611,0.7332999107,0.79238286,0,1
35,-3,15,0.8542857143,3.164732635,0.006840628376,1.25442421,1.128019974,0.74625561,0,1
35,-2,0,2.449583333,1.017657063,1.386139092,21.8097525,10.05141382,0.99692888,0,0
35,-2,1,1.504130435,0.6951715391,0.5158126884,12.91306959,6.917652662,0.99513806,0,1
35,-2,2,0.3639534884,0.7171009634,0.04241464106,-4.086623194,-0.9725789249,0.98982296,0,1
35,-2,3,0.6090909091,0.7659430078,1.251700128,-20.57747474,-9.86565253,0.98115062,0,1
35,-2,4,2.740769231,0.7404054276,2.665491231,-29.38127993,-15.67496925,0.96938356,0,0
35,-2,5,4.236923077,0.7699829656,2.594609318,-28.70515057,-15.9840088,0.95485866,0,1
35,-2,6,1.793823529,1.164706554,1.087517211,-18.14797749,-11.09535938,0.93796232,0,1
35,-2,7,-0.7130555556,0.8772451305,0.04853781719,-2.623756746,-3.648262077,0.91910510,0,1
35,-2,8,0.0775,1.037200307,0.2078875873,8.843612684,2.877690705,0.89869883,0,1
35,-2,9,0.121025641,0.9759763992,0.4064421945,11.58889786,5.898786744,0.87713774,0,1
35,-2,10,0.6894285714,0.871972149,0.1453379684,6.117119948,4.800830877,0.85478478,0,1
35,-2,13,1.397,1.20791111,0.34369183,-10.15618195,-6.312149557,0.78598260,0,1
35,-2,15,0.76,2.053971762,0.1295050352,-5.41290926,-4.957855824,0.74090197,0,1
35,-2,16,-0.8333333333,2.294552486,0.02570206795,-2.28767974,-2.336608225,0.71905804,0,1
35,-1,0,-1.054583333,0.9606148566,0.0637411705,2.095192761,-4.704185573,0.98344486,0,1
35,-1,1,0.1717021277,0.698752267,0.1369664671,-6.828747868,-3.217516888,0.98172560,0,1
35,-1,2,-0.1402439024,0.8045829466,0.02137861732,2.93370997,0.5364815322,0.97662143,0,1
35,-1,3,0.3545454545,0.7324443174,0.1991609782,7.734457327,4.799801763,0.96828859,0,1
35,-1,4,0.7351162791,0.7163270234,0.3917582814,10.22388582,7.645994294,0.95697298,0,1
35,-1,5,-1.382307692,0.9114807147,0.540396099,12.73703379,7.91183036,0.94299088,0,1
35,-1,6,-0.7519444444,0.8902052393,0.2765909084,9.090865717,5.694771472,0.92670613,0,1
35,-1,7,-0.7031428571,0.8666184423,0.01831296764,1.676797583,2.192571162,0.90850669,0,1
35,-1,8,0.5214285714,1.00419148,0.1586388042,-8.065291793,-0.9756781856,0.88878328,0,1
35,-1,10,-1.335714286,0.881572343,0.01219572133,-0.1718924593,-2.245979015,0.84623947,0,1
35,-1,11,0.02057142857,1.000033104,0.01081486261,2.048048059,-0.5522395785,0.82407773,0,1
35,-1,12,-1.431,0.9869298073,0.02538408138,2.896538767,1.473425615,0.80169646,0,1
35,-1,13,0.4317647059,1.276888384,0.03557219877,2.558053167,2.873325435,0.77932373,0,1
35,-1,14,-0.2914285714,2.011417411,0.0496635293,3.248846529,3.179191526,0.75714705,0,1
35,0,0,0.7641666667,1.583140558,1.462543409,22.30828802,10.52730463,0.96970102,0,1
35,0,1,-0.3720833333,0.9784944501,0.9706433583,18.6550194,7.471382536,0.96805272,0,0
35,0,2,-0.03611111111,1.122272001,0.05447395836,-4.756063836,-0.2085047416,0.96315780,0,1
35,0,3,0.22875,1.067159869,1.064795642,-19.10864582,-8.823975659,0.95516206,0,1
35,0,4,2.1985,1.032272251,1.959920023,-24.66968776,-14.38128684,0.94429533,0,1
35,0,5,3.245,1.062492824,2.277519508,-27.12225124,-14.55795548,0.93085388,0,1
35,0,6,0.6005882353,1.234559726,1.17573694,-19.86766032,-9.717794808,0.91517953,0,0
35,0,7,-0.711,1.25922844,0.05505064892,-4.080903834,-2.499954109,0.89763809,0,1
35,0,8,0.9088888889,1.387787982,0.3573065782,11.62250235,3.684162162,0.87859948,0,1
35,0,9,-0.1273684211,1.261161129,0.3907752787,11.04919878,6.363591995,0.85842105,0,0
35,0,10,0.9588888889,1.24086514,0.1136727971,4.684347934,5.034866642,0.83743511,0,1
35,0,11,0.8823529412,1.2716858,0.01618005587,-2.358785821,1.080629735,0.81594059,0,1
35,0,12,2.653571429,2.280466409,0.1142001338,-6.101227619,-3.20740004,0.79419854,0,1
35,0,13,0.9283333333,2.225189755,0.1843830161,-6.507567431,-5.862012976,0.77243087,0,1
35,0,14,-1.6675,3.804421496,0.177619936,-6.083083113,-6.074041839,0.75082135,0,1
35,0,15,-2.3675,3.477792343,0.1493918034,-6.608352382,-4.299231337,0.72951825,0,1
35,0,16,3.745,4.243229902,0.01718834293,-2.025292605,-1.746228456,0.70863791,0,1
36,-18,0,2.454166667,1.523915639,1.220571582,18.93747613,12.21411843,1.08861111,1,1
36,-18,1,1.312727273,0.9201272145,0.4305424969,5.801599926,12.06094884,1.08628059,1,1
36,-18,2,2.932608696,0.9257998126,2.678616685,31.31461344,11.56806101,1.07937783,1,1
36,-18,3,6.175,1.146237,4.620017813,42.5182611,10.6926487,1.06815998,1,1
36,-18,4,0.5943478261,1.026261073,1.182997849,20.04676378,9.503030553,1.05302676,1,1
36,-18,5,0.712,1.176274807,0.2689746723,6.622836059,8.248854907,1.03448290,1,1
36,-18,6,-0.8954545455,0.9479544456,0.3195293733,8.927676616,7.296244582,1.01309539,1,1
36,-18,7,1.6675,1.062811719,0.7771011425,16.58607866,6.943416394,0.98945191,0,0
36,-18,8,1.6905,1.09362265,0.3338866567,9.308529736,7.229325332,0.96412526,0,1
36,-18,9,0.2466666667,1.242326491,1.147738001,20.3863009,7.868251406,0.93764657,0,1
36,-18,10,0.9963157895,1.155716612,1.262901056,21.33960266,8.369289997,0.91048796,0,1
36,-18,11,0.5075,1.510591082,0.481749883,11.48229364,8.281700177,0.88305383,0,1
36,-18,12,-0.784375,1.295014479,0.3095779812,8.5823698,7.425718589,0.85567897,0,1
36,-18,13,0.1322222222,1.267017617,0.1447141712,4.947722797,5.97726066,0.82863171,0,0
36,-18,14,-2.623333333,2.161393817,0.1239195023,5.701224236,4.364874597,0.80211996,0,1
36,-18,15,-0.5685714286,2.035543351,0.08002059761,4.899755384,3.047058561,0.77629895,0,1
36,-18,16,-1.0775,3.990792267,0.01316546301,0.4397517587,2.298704703,0.75127938,0,1
36,-18,17,-2.66,2.776777584,0.03381402033,3.097063153,2.115739484,0.72713524,0,1
36,-17,0,1.705,0.9882749302,1.907011765,-24.40009358,-14.07260187,1.08805156,1,1
36,-17,1,0.4697826087,0.6382516141,0.4520271337,-6.309065075,-12.17617846,1.08572462,1,1
36,-17,2,1.150638298,0.6552147895,1.112431714,-20.21891656,-7.349629539,1.07883238,1,1
36,-17,3,1.98575,0.8876326111,1.397059908,-24.04502167,-1.754054628,1.06763136,1,1
36,-17,4,0.2073913043,0.6513963481,0.04814336324,-3.893728931,2.20650857,1.05252028,1,1
36,-17,5,0.5927272727,0.6608443369,0.3011582255,10.77897185,3.018134637,1.03400270,1,1
36,-17,6,0.1641304348,0.6497122018,0.07443110185,5.520990347,0.6966725073,1.01264435,1,1
36,-17,7,-0.6934090909,0.6873258607,0.2334599351,-9.26790701,-3.351974928,0.98903170,0,0
36,-17,8,0.3076923077,0.7797378983,0.3863517349,-10.49138482,-7.118324802,0.96373649,0,1
36,-17,9,1.131034483,0.9902282845,1.38347475,-22.24991095,-8.973806363,0.93728895,0,1
36,-17,10,0.7528947368,0.8167605002,1.04739078,-19.13116989,-8.352246707,0.91016051,0,1
36,-17,11,0.6403125,0.8872171644,0.199630851,-6.996478518,-5.839923259,0.88275508,0,1
36,-17,12,0.3894444444,0.9540775437,0.0220657859,-1.336436428,-2.71924573,0.85540715,0,1
36,-17,13,-1.231176471,0.9657114124,0.001742648556,0.8063185272,-0.2736249861,0.82838485,0,1
36,-17,14,1.413703704,1.191104033,0.007963193401,1.647297946,0.774245564,0.80189604,0,1
36,-17,15,-2.098571429,1.580474215,0.000624338177,0.2341346213,0.4526960895,0.77609596,0,1
36,-17,16,-0.606,1.861643957,0.003977348115,1.109998954,-0.6501215862,0.75109539,0,1
36,-17,17,-0.73875,1.984385925,0.03248807146,-3.215215102,-1.78294453,0.72696842,0,1
36,-17,18,0.4466666667,3.373940986,0.05155459253,-3.961072446,-2.399778111,0.70375968,0,1
36,-16,0,1.650454545,1.039563569,0.6695620846,13.88396842,9.26301092,1.08637806,1,1
36,-16,1,0.03863636364,0.7103156841,0.2158003039,1.705272347,9.320658851,1.08406182,1,1
36,-16,2,1.074565217,0.6627999244,1.554327414,23.63899684,9.37379117,1.07720100,1,1
36,-16,3,2.693636364,0.787311781,2.897463266,33.48988766,9.159830703,1.06605019,1,1
36,-16,4,1.018913043,0.6790777511,1.060838215,19.21512054,8.493265971,1.05100521,1,1
36,-16,5,-0.3411904762,0.7120073701,0.1902831528,4.869224011,7.446946343,1.03256609,1,1
36,-16,6,0.2665116279,0.7560655344,0.2818238616,8.765093838,6.358029219,1.01129482,1,1
36,-16,7,-0.3869767442,0.7857179275,0.7909299907,17.23979698,5.643745194,0.98777428,0,1
36,-16,8,0.24575,0.7458532865,0.3215391396,10.15044759,5.544651631,0.96257299,0,1
36,-16,9,1.09,0.9842360945,0.6777251217,15.69697224,5.963992249,0.93621852,0,1
36,-16,10,1.236666667,0.8499197908,0.5985299999,14.37548531,6.508519769,0.90918027,0,0
36,-16,11,2.32625,0.9128120186,0.2789312672,8.431278226,6.705333968,0.88186067,0,1
36,-16,12,0.1048717949,0.977030594,0.1611284433,5.276758887,6.260391135,0.85459324,0,1
36,-16,13,0.2203448276,1.110911231,0.1571389568,6.186455375,5.206212205,0.82764559,0,1
36,-16,14,-0.3617857143,1.238749375,0.08066472938,4.316972181,3.86314738,0.80122540,0,1
36,-16,15,0.6135714286,1.580887776,0.05267552079,3.856751111,2.653461392,0.77548795,0,1
36,-16,17,-3.055,2.218142992,0.02228765284,2.57188887,1.630353928,0.72646864,0,1
36,-15,0,2.377391304,0.9414680047,1.443953262,-21.11879929,-12.43968794,1.08360598,1,1
36,-15,1,0.7443478261,0.658160602,0.3855725744,-6.382296227,-10.93991922,1.08130739,1,1
36,-15,2,0.8158139535,0.8215293946,1.107657025,-20.24749263,-7.132615053,1.07449840,1,1
36,-15,3,2.380227273,0.8462528079,0.9647457484,-19.84539,-2.745565652,1.06343045,1,1
36,-15,4,0.3726666667,0.7422453922,0.009691400057,1.983078482,0.3153698908,1.04849457,1,1
36,-15,5,-0.2990909091,0.6475875846,0.2270578329,9.67954903,0.8789791119,1.03018499,1,1
36,-15,6,-1.469069767,0.7441056539,0.008271371884,-1.568494717,-0.9904984358,1.00905755,1,1
36,-15,7,1.711190476,0.7010629684,0.7732870805,-17.4545077,-4.130662929,0.98568919,0,1
36,-15,8,1.615121951,0.8598046518,0.5701838846,-13.75219652,-6.935361505,0.96064315,0,1
36,-15,9,0.6502941176,0.9057736656,0.9823038144,-18.50033312,-8.14986225,0.93444261,0,1
36,-15,10,1.678181818,0.8585264566,0.540940225,-13.05067946,-7.398326565,0.90755356,0,1
36,-15,11,-2.531212121,1.112609525,0.1019307286,-3.892417574,-5.22080974,0.88037600,0,1
36,-15,12,0.8110810811,1.090657073,0.02190803923,-1.399870496,-2.674900474,0.85324187,0,1
36,-15,14,0.4817857143,1.357647948,3.276885241e-05,0.1159979852,-0.01333357741,0.80011140,0,1
36,-15,15,1.04,2.216712554,0.01141238431,-2.154599722,-0.3252158456,0.77447776,0,1
36,-15,17,1.323333333,3.670074174,0.02334907519,-2.393324929,-1.996562428,0.72563796,0,1
36,-14,0,0.2791304348,0.9210023717,0.04287595238,3.755594278,1.932313841,1.07976047,1,1
36,-14,1,-0.02630434783,0.6410105075,0.314685879,-11.15894405,2.530108869,1.07748621,1,1
36,-14,2,0.6187804878,0.7702118172,0.1827153678,7.756287639,3.982187258,1.07074871,1,1
36,-14,3,0.6558695652,0.7679669236,0.9032289256,18.5995789,5.462557445,1.05979505,1,1
36,-14,4,-0.3165116279,0.6690270051,0.2937078667,9.195922913,6.134385714,1.04500971,1,1
36,-14,5,0.6218181818,0.769690039,0.1710578195,6.295171329,5.615920819,1.02687895,1,1
36,-14,6,1.38627907,0.8688052681,0.2668844297,9.677787751,4.168495412,1.00595017,1,1
36,-14,7,2.0685,0.7934485386,0.5117028792,14.37263817,2.513700666,0.98279213,0,1
36,-14,8,0.3014285714,0.7153022528,0.0447272117,4.076874313,1.409832672,0.95796076,0,1
36,-14,9,-0.7707692308,0.7408783458,0.114935864,6.801712715,1.247074362,0.93197322,0,1
36,-14,10,0.8566666667,0.9036953149,0.02119788053,2.294301305,1.885591023,0.90529076,0,0
36,-14,11,-1.07972973,0.8240770564,0.02175590901,-1.106251715,2.797792716,0.87831000,0,1
36,-14,12,-0.2334285714,1.087360071,0.06038679666,3.685815021,3.39682084,0.85136067,0,1
36,-14,13,0.1725,0.9115318727,0.04464943076,2.716892877,3.345842951,0.82470824,0,1
36,-14,14,-1.731666667,1.185146396,0.02889648114,2.193521217,2.685274821,0.79855957,0,1
36,-14,15,1.1,1.663095416,0.02861905184,2.978299548,1.742568486,0.77307010,0,1
36,-13,0,1.28173913,1.059179833,1.155844079,-20.07485482,-8.825153927,1.07487588,1,1
36,-13,1,-1.235,0.6478122992,0.183780293,-3.622821771,-7.958393839,1.07263228,1,1
36,-13,2,0.11425,0.7358000083,0.4872072907,-13.01134179,-5.779717718,1.06598487,1,1
36,-13,3,0.04795454545,0.6928693426,0.3911208376,-12.31391897,-3.330354998,1.05517529,1,1
36,-13,4,0.8541860465,0.7814846047,0.01685138027,2.007842081,-1.72612355,1.04057982,1,1
36,-13,5,-0.6320454545,0.7618438035,0.08200463807,5.61944516,-1.593566716,1.02267474,1,1
36,-13,6,0.75625,0.8108353312,0.1618173494,-7.71629539,-2.78963849,1.00199683,1,1
36,-13,7,0.934,0.9182547409,1.021180685,-20.10673068,-4.536131467,0.97910459,0,1
36,-13,8,1.287948718,0.7553724737,0.4523976988,-12.4021205,-5.865594846,0.95454478,0,1
36,-13,9,0.2407317073,0.8254554833,0.4988148285,-13.04295482,-6.116431941,0.92882686,0,1
36,-13,10,1.146666667,0.8515027799,0.1926912861,-7.27795959,-5.21531862,0.90240616,0,1
36,-13,11,-0.8705555556,0.8174752233,0.03174143976,0.1930160867,-3.62885819,0.87567496,0,1
36,-13,12,1.041944444,1.065628425,0.01225515748,0.932686492,-2.056402872,0.84896017,0,1
36,-13,13,-1.304857143,0.8791297645,0.006188008201,-1.204047816,-1.060546398,0.82252564,0,1
36,-13,14,-0.5534782609,1.124009247,0.01259670959,-2.132830311,-0.8317648537,0.79657757,0,0
36,-12,0,1.127391304,0.9300767292,0.4987277132,-13.00606045,-6.191571511,1.06899489,1,1
36,-12,1,1.508478261,0.6548910788,1.376671126,-23.41309429,-4.958239611,1.06678785,1,1
36,-12,2,0.1157142857,0.7503581137,0.05926172562,-4.60397346,-1.859831281,1.06024784,1,1
36,-12,3,0.2595454545,0.7303915914,0.1510156712,7.760255164,1.614853909,1.04961013,1,1
36,-12,4,0.5388095238,0.7644990467,0.0986442837,5.112230735,3.860771541,1.03524125,1,1
36,-12,5,0.3693333333,0.6468844231,0.07852997937,4.125014536,3.956799152,1.01760570,1,1
36,-12,6,-0.37,0.7397801616,0.1198218417,6.750396125,2.06964466,0.99722768,0,1
36,-12,7,-0.9997619048,0.8122386643,0.09045757801,6.091827317,-0.7239212935,0.97465348,0,1
36,-12,8,1.532777778,0.8891957853,0.1194208617,-6.352727237,-3.054064149,0.95041890,0,1
36,-12,9,-0.3718918919,0.7609311988,0.08205725894,-4.305456654,-3.950006891,0.92502425,0,1
36,-12,10,-0.1083333333,0.8844575506,0.08242447487,-4.875477291,-3.243764937,0.89891771,0,1
36,-12,11,1.894857143,0.8244531645,0.0990642656,-6.237262732,-1.520442355,0.87248634,0,1
36,-12,12,-1.087647059,0.9871029343,0.01114435457,-2.133760903,0.2891665475,0.84605362,0,1
36,-12,13,-1.325714286,1.053114252,0.00656780552,0.8659885397,1.408036373,0.81988140,0,1
36,-12,14,-0.03347826087,1.237342653,0.009259640194,1.218401156,1.538806528,0.79417505,0,1
36,-12,15,0.5816666667,1.572723001,0.006230601569,1.341133381,0.890826481,0.76909012,0,1
36,-12,16,2.833333333,2.854239731,0.008054290581,-1.830145722,-0.03890855486,0.74473957,0,0
36,-12,17,2.865,4.365,0.002534602221,-0.6839629091,-0.7659655954,0.72120101,0,1
36,-11,0,0.9486363636,1.005400632,0.1631275559,-7.531792842,-3.337738588,1.06216754,1,1
36,-11,1,0.7624444444,0.6817262814,0.0746850743,4.640164242,-3.088887625,1.06000243,1,1
36,-11,2,-0.6565853659,0.7138210996,0.1320387237,-6.975926028,-2.504097735,1.05358568,1,1
36,-11,3,-0.3357777778,0.6725777572,0.1555396227,-7.800845327,-1.964253768,1.04314527,1,1
36,-11,4,-0.7220454545,0.6563710731,0.01297508294,1.439573769,-1.823690108,1.02903673,1,1
36,-11,5,-0.3591891892,0.7499641011,0.01891828321,-1.764323795,-2.181288263,1.01171111,1,1
36,-11,6,0.2871428571,0.8305649453,0.1256947387,-6.66179173,-2.813396026,0.99167826,0,1
36,-11,7,0.4776315789,0.8445562804,0.2410486695,-9.452262359,-3.307843326,0.96947052,0,1
36,-11,8,0.5659459459,0.7815888652,0.03531760936,-1.93134493,-3.311135935,0.94561115,0,1
36,-11,9,0.9108571429,0.8727386983,0.130057972,-6.828737436,-2.734650369,0.92058991,0,1
36,-11,10,-1.470810811,0.8549576652,0.03249476218,-3.206757743,-1.798885147,0.89484668,0,1
36,-11,11,-0.4472972973,0.8828857143,0.006976662468,1.446631397,-0.8999239214,0.86876251,0,1
36,-11,12,-0.7837837838,0.8499230404,0.001968500396,-0.8174150961,-0.3883520147,0.84265679,0,1
36,-11,13,-0.4816666667,0.9063317226,0.00136270595,0.6422462706,-0.393022532,0.81678902,0,1
36,-11,14,-1.326956522,1.291546157,0.002295493352,0.586331245,-0.7818210656,0.79136355,0,0
36,-11,15,-0.7954545455,1.572495516,0.008504561923,-1.393916752,-1.263042543,0.76653585,0,1
36,-11,16,0.9016666667,2.95290074,0.005797404,-0.02483997624,-1.552856678,0.74241960,0,1
36,-10,0,4.33,0.9845678814,2.578820011,-30.60450041,-11.67346132,1.05445006,1,1
36,-10,1,3.272272727,0.6968604328,2.746612706,-32.29801753,-9.977600839,1.05233171,1,1
36,-10,2,0.4669767442,0.7257282236,0.1250290691,-4.445885098,-5.679068889,1.04605244,1,1
36,-10,3,-1.182272727,0.7246170428,0.1948630883,8.973057137,-0.7456924071,1.03583223,1,1
36,-10,4,0.1809302326,0.6650752142,0.0505243586,3.735849298,2.657787852,1.02201444,1,1
36,-10,5,-0.1419512195,0.7188655217,0.02631940141,0.8037789494,3.209983564,1.00503530,1,1
36,-10,6,0.6860465116,0.7180796141,0.003955422591,-0.8078337948,0.9965130761,0.98538878,0,1
36,-10,7,-0.4206976744,0.7050943805,0.0318111982,-2.485403757,-2.656625263,0.96359172,0,1
36,-10,8,2.247714286,0.8602237432,0.4678580562,-12.62707682,-5.933542872,0.94015339,0,1
36,-10,9,-0.7625,0.812282212,0.3928208214,-10.40459795,-7.428019657,0.91555175,0,1
36,-10,10,0.5865625,0.9010464294,0.3554963674,-10.13026277,-6.729060762,0.89021739,0,1
36,-10,11,1.116578947,0.9068937242,0.2000828724,-7.965773112,-4.448588009,0.86452446,0,1
36,-10,12,0.6617647059,0.8945377786,0.01992110048,-2.274648045,-1.764667197,0.83878775,0,1
36,-10,13,-0.02828571429,1.193111284,0.001839015254,-0.8478262274,0.2151831092,0.81326401,0,1
36,-10,14,0.8020833333,1.344812225,0.002090706154,0.06068384528,0.9306692704,0.78815631,0,1
36,-10,15,-1.466363636,1.806443655,0.003404257866,1.084257092,0.4906230596,0.76362002,0,1
36,-9,0,0.4491666667,0.8942793693,0.2680268897,10.20366347,2.719650053,1.04590372,1,1
36,-9,1,-0.06413043478,0.6755512028,0.5843620527,15.37387683,2.600925873,1.04383636,1,1
36,-9,2,0.9130232558,0.6857292789,0.01211417003,0.2467883892,2.231397596,1.03770706,1,1
36,-9,3,0.3997727273,0.685455186,0.09449775645,-6.060391949,1.608405274,1.02772720,1,1
36,-9,4,1.193571429,0.7569122296,0.01597080809,-2.444913362,0.8166843541,1.01422704,1,1
36,-9,5,0.3414634146,0.717944261,0.00244069542,1.00550043,0.06639267134,0.99762684,0,1
36,-9,6,0.4069047619,0.7094555736,0.05078215699,4.582034672,-0.3641706146,0.97840336,0,0
36,-9,7,0.788372093,0.727441117,0.05875580052,4.936994138,-0.2667307515,0.95705664,0,1
36,-9,8,-0.5961538462,0.9083813974,0.1085089917,6.709310175,0.360248946,0.93408072,0,0
36,-9,9,0.497,1.005332466,0.004574443123,0.5353945114,1.271427095,0.90994064,0,1
36,-9,10,-0.2233333333,0.9790407108,0.01140833564,0.6749479527,2.071430941,0.88505672,0,1
36,-9,11,-0.9671794872,0.8283075669,0.01588519589,0.9133191671,2.403082241,0.85979552,0,1
36,-9,12,-0.1508571429,1.048893645,0.01082615633,0.008379710996,2.122286002,0.83446662,0,1
36,-9,14,0.2028,1.093632333,0.06602060356,5.221458167,0.4515705173,0.78456816,0,1
36,-9,15,-0.14,1.918515525,0.003813271422,1.234346703,-0.2507602152,0.76035529,0,1
36,-9,17,-0.05,5.54,0.00422911209,-1.272218505,-0.3754476941,0.71398359,0,1
36,-8,0,4.392857143,1.067560223,2.523415659,-29.64328643,-13.08166699,1.03659355,1,1
36,-8,1,3.057826087,0.7253761918,3.03846749,-33.71762843,-11.2809888,1.03458080,1,1
36,-8,2,0.0587804878,0.6902517021,0.195082301,-6.017832071,-6.704379989,1.02861218,1,1
36,-8,3,-0.4569767442,0.7672033993,0.2085930024,9.207522402,-1.416193747,1.01888998,1,1
36,-8,4,-0.2604761905,0.6851025297,0.1094224051,6.344413573,2.296314394,1.00573067,1,1
36,-8,5,-0.5305,0.7733679217,0.03224880316,2.089794743,3.008273742,0.98953758,0,1
36,-8,6,-0.729047619,0.7084886184,0.01753368312,-2.591550334,0.7607022243,0.97076923,0,1
36,-8,7,0.6171428571,0.7851036588,0.1326552202,-6.756842875,-3.087978964,0.94990777,0,1
36,-8,8,1.72,0.9641625201,0.7238674152,-16.03941362,-6.625603512,0.92743093,0,1
36,-8,9,-1.874193548,0.9106390022,0.4726318513,-11.28288762,-8.326617596,0.90378986,0,1
36,-8,10,0.7022857143,0.8958450389,0.4042519935,-10.44371644,-7.688680202,0.87939379,0,1
36,-8,11,-1.523243243,0.8402598384,0.1884281944,-7.094042282,-5.298034565,0.85460097,0,0
36,-8,12,0.09333333333,0.8852707178,0.01638994122,-1.075941626,-2.379349184,0.82971527,0,1
36,-8,13,-1.289428571,1.071813349,0.003754157888,-1.242715189,-0.1325048608,0.80498677,0,1
36,-8,14,0.2130434783,1.278938609,0.005160562868,-1.234688105,0.7890320709,0.78061529,0,1
36,-8,15,0.516,2.512829835,0.001703225015,0.7174164235,0.4403770076,0.75675557,0,1
36,-8,17,5.61,5.31,0.01521274492,-1.890177224,-1.660245873,0.71100063,0,1
36,-7,0,-0.06166666667,0.9311331469,0.6135469781,14.31702325,7.091261618,1.02658713,1,1
36,-7,1,2.426304348,0.7310577578,1.542364633,24.35200298,6.97660578,1.02463200,1,1
36,-7,2,-0.0356097561,0.8116632313,0.2644272588,8.145973017,6.607326217,1.01883295,1,1
36,-7,3,0.07818181818,0.7928568032,0.09795802116,-2.307250091,5.952439912,1.00938289,1,1
36,-7,4,-0.712,0.6906869366,0.08487874082,3.100392996,5.069609266,0.99658393,0,1
36,-7,5,0.00619047619,0.7268219347,0.3388758791,11.12148993,4.159335696,0.98082178,0,1
36,-7,6,0.7297674419,0.7167364894,0.5564292046,14.80414611,3.512383903,0.96253595,0,1
36,-7,7,0.6352777778,0.9201126989,0.2622326665,9.888924469,3.362998636,0.94218979,0,1
36,-7,8,-0.7055263158,0.9369739357,0.3146367937,10.81372418,3.737168843,0.92024387,0,1
36,-7,9,-1.067352941,0.8632434612,0.09203326675,4.349527984,4.401316373,0.89713465,0,1
36,-7,10,-0.06171428571,0.8812769492,0.1146853764,4.809421939,4.958198951,0.87325949,0,1
36,-7,11,-0.2741025641,0.8894031053,0.1387545988,5.682862066,5.043137353,0.84896775,0,1
36,-7,12,0.6902777778,0.8949596946,0.08030783552,3.616924236,4.508828192,0.82455705,0,1
36,-7,13,0.3672413793,1.001853692,0.1054746895,5.62819723,3.493653107,0.80027357,0,1
36,-7,14,-0.358125,1.354551356,0.09416794071,5.805482623,2.339758838,0.77631509,0,1
36,-7,15,0.7725,2.000116793,0.02327858733,2.771881741,1.414783106,0.75283580,0,1
36,-7,16,-0.1075,2.564773382,0.02271124209,2.926643199,0.9400308838,0.72995178,0,1
36,-7,17,8.185,4.270038056,0.002264848264,0.3301920227,0.9128263801,0.70774677,0,1
36,-6,0,1.979545455,1.136486664,1.647688025,-23.62710711,-11.2814962,1.01595342,1,0
36,-6,1,2.262272727,0.7433020055,1.570903666,-23.62795579,-9.761470417,1.01405831,1,1
36,-6,2,0.8634883721,0.8962090013,0.4215939839,-11.85768502,-5.898929612,1.00843597,1,1
36,-6,3,0.05727272727,0.6860086755,0.008001945057,1.122517804,-1.438444621,0.99926969,0,1
36,-6,4,-0.4519148936,0.6577716955,0.1724612502,8.300908463,1.687174474,0.98684691,0,1
36,-6,5,-0.588372093,0.7640155132,0.2169351475,9.223831274,2.275020396,0.97153524,0,1
36,-6,6,0.1578571429,0.8227389412,0.001374705425,-0.663131645,0.3635873012,0.95375459,0,0
36,-6,7,0.02611111111,0.8274722591,0.194957247,-8.529135817,-2.89220124,0.93394890,0,1
36,-6,8,0.6938888889,0.8333125923,0.4144382301,-11.74680152,-5.868356087,0.91256090,0,1
36,-6,9,0.4161764706,0.9157938818,0.3620979264,-9.888494382,-7.270949516,0.89001165,0,1
36,-6,10,0.7125714286,0.8832489653,0.2956105163,-8.853444615,-6.678607088,0.86668608,0,1
36,-6,11,-0.6925641026,0.829467998,0.1529612694,-6.518320022,-4.598942684,0.84292405,0,0
36,-6,12,0.2314285714,0.9179085811,0.01309572199,-1.051147291,-2.084106257,0.81901649,0,1
36,-6,13,0.7437037037,1.049101516,0.001918112295,-0.8784239674,-0.1624572044,0.79520529,0,1
36,-6,14,-0.04583333333,1.553304944,0.004806112213,-1.275865115,0.6096942799,0.77168594,0,1
36,-6,15,0.9314285714,2.944327418,0.0002068731678,0.05757448714,0.2876694689,0.74861184,0,1
36,-6,16,2.36,2.801863219,0.002013141219,-0.6629696511,-0.630895046,0.72609948,0,1
36,-5,0,0.5652380952,1.176126536,0.769500366,16.08662064,7.833735254,1.00476170,1,1
36,-5,1,0.792826087,0.6819554823,0.8612787703,17.12932831,8.057098033,1.00292842,1,1
36,-5,2,1.894634146,0.7215684549,0.5013021937,11.63866189,8.55019388,0.99748819,0,1
36,-5,3,0.9107317073,0.7515662824,0.5964592997,12.99857362,8.89893178,0.98861462,0,1
36,-5,4,1.795652174,0.6652958536,0.8571273819,16.74718472,8.725557672,0.97658025,0,1
36,-5,5,0.4323255814,0.8369499706,0.6354364402,14.18945838,7.939106869,0.96173440,0,1
36,-5,6,1.2505,0.7482534246,0.5226303572,13.08362334,6.801216198,0.94447700,0,1
36,-5,7,1.176923077,0.928107368,0.3752728855,11.08371453,5.769027294,0.92523216,0,1
36,-5,8,-0.9732352941,0.9445585526,0.2770856575,9.382147591,5.220671036,0.90442426,0,1
36,-5,9,0.602972973,0.8508844279,0.1514246818,5.963481509,5.237973695,0.88245848,0,0
36,-5,10,1.432432432,0.8879102772,0.2316228789,8.079744512,5.575236933,0.85970676,0,1
36,-5,11,-0.14325,0.8627624378,0.270360718,8.866338207,5.819816912,0.83649901,0,1
36,-5,12,1.031944444,0.9736385545,0.1700249204,6.244473101,5.634232152,0.81311902,0,1
36,-5,14,0.03181818182,1.623029002,0.1226679207,5.986663244,3.898106846,0.76674698,0,0
36,-5,15,1.832,3.062742888,0.05394543439,3.779112653,2.856927588,0.74410027,0,1
36,-5,16,1.105,3.179165247,0.03320259979,3.071207757,2.093193301,0.72198060,0,1
36,-5,17,11.17,5.94,0.01779995144,2.108956542,1.719849679,0.70047402,0,0
36,-4,0,0.9534782609,1.259540447,0.4383155668,-10.69483589,-8.244966993,0.99308054,0,1
36,-4,1,1.347446809,0.6840273649,1.381981293,-22.85184735,-7.263571114,0.99131035,0,1
36,-4,2,0.7047727273,0.7558407167,0.3062896319,-10.22741044,-4.778110753,0.98605602,0,1
36,-4,3,-0.56225,0.7259413716,0.008970451974,0.01776239741,-1.931785727,0.97748146,0,1
36,-4,4,0.4588372093,0.7079471996,0.03514802149,3.823966817,0.02088088206,0.96584437,0,1
36,-4,5,0.349047619,0.7443417073,0.04261026219,4.198130028,0.3216991679,0.95147564,0,1
36,-4,6,-0.04594594595,0.7921404897,0.002960180155,0.552705433,-0.962333012,0.93475512,0,1
36,-4,7,1.044864865,0.8711391546,0.02860578542,-1.632298577,-3.039226061,0.91608687,0,1
36,-4,8,-0.4136111111,0.873557762,0.2865249742,-9.788286265,-4.837016838,0.89587659,0,1
36,-4,9,0.2859459459,0.9729892996,0.2028373598,-7.329602219,-5.537725035,0.87451321,0,1
36,-4,10,0.4802631579,0.8534965966,0.2640349759,-9.252019029,-4.924487049,0.85235529,0,1
36,-4,11,-0.5885,0.8874653876,0.109934366,-5.849670021,-3.393965645,0.82972235,0,0
36,-4,12,0.2445945946,1.092853773,0.006910251132,-0.2580905585,-1.675817599,0.80689069,0,1
36,-4,13,-0.9781818182,1.144096869,0.0009577442586,-0.4500467416,-0.4426314838,0.78409256,0,1
36,-4,14,-2.42875,1.90486179,0.002234381118,-0.9639794197,-0.01862115194,0.76151799,0,1
36,-4,15,1.236666667,2.193295972,0.0002344263632,-0.04644547847,-0.3088279964,0.73931822,0,1
36,-4,16,2.1875,2.712381334,0.01273591993,-2.102268895,-0.9376466101,0.71761000,0,1
36,-4,17,0.36,5.18,0.007426749758,-0.941150632,-1.484620326,0.69648036,0,1
36,-3,0,-1.117083333,0.9400615006,0.07797115819,-3.250098784,4.677217932,0.98097699,0,0
36,-3,1,0.06977777778,0.691696144,0.3639240526,11.0558648,5.401539793,0.97927062,0,1
36,-3,2,0.3566666667,0.70687338,0.6743089803,15.13120663,7.182580219,0.97420445,0,1
36,-3,3,2.374883721,0.7384307665,1.105395065,19.43659143,9.06162191,0.96593280,0,1
36,-3,4,1.898837209,0.8137471404,1.209900512,20.06563526,10.03709756,0.95469862,0,1
36,-3,5,2.227105263,0.7921679122,0.757127225,14.93267941,9.592396683,0.94081454,0,1
36,-3,6,-1.105714286,0.8876182166,0.437826807,10.91846482,7.933648292,0.92464036,0,1
36,-3,7,-0.2168571429,0.9273112639,0.1833276846,6.506803691,5.825295732,0.90656000,0,1
36,-3,8,0.4261111111,0.9308547257,0.1813656864,7.632852189,4.14678822,0.88696040,0,1
36,-3,9,-0.09894736842,1.062640153,0.08273791867,4.753772526,3.438654283,0.86621397,0,1
36,-3,10,1.216153846,0.9021136984,0.1451677968,6.843394109,3.682973198,0.84466558,0,1
36,-3,11,-0.0341025641,0.8598308015,0.1703399072,7.174924808,4.403353142,0.82262407,0,1
36,-3,13,-0.62,1.458897006,0.1722450825,6.833982023,4.995837593,0.77809393,0,1
36,-3,14,-3.39125,1.937584503,0.1517093336,6.628815573,4.379122311,0.75601913,0,1
36,-3,16,-0.14,2.689695615,0.03765928905,3.158013003,2.386401557,0.71300295,0,1
36,-2,0,1.25,0.9958113666,0.4724298213,-12.89092743,-5.51144718,0.96851580,0,1
36,-2,1,0.972173913,0.7047439506,0.3921783039,-11.70593124,-5.112239458,0.96687353,0,1
36,-2,2,0.6861363636,0.7743456773,0.2494235075,-9.318199815,-4.116133233,0.96199639,0,1
36,-2,3,-0.61325,0.7488743165,0.05670994739,-3.806524718,-3.017326473,0.95402930,0,1
36,-2,4,0.16,0.9186065953,0.01333749759,-0.3121122568,-2.334862948,0.94320075,0,1
36,-2,5,-0.93,0.7175902339,0.01325719793,0.2093295731,-2.339181888,0.92980533,0,1
36,-2,6,0.835,1.114465457,0.03912129549,-2.779964314,-2.923699264,0.91418300,0,1
36,-2,7,1.085555556,1.105230238,0.0976131365,-5.199739591,-3.684313307,0.89669772,0,1
36,-2,8,-1.486060606,0.959779601,0.1417399722,-6.460911914,-4.150520749,0.87771762,0,1
36,-2,9,-1.0484375,0.9191069141,0.2076035491,-8.373396434,-4.032201458,0.85759851,0,1
36,-2,10,-0.7665789474,0.9028887791,0.1517810753,-7.206315393,-3.349145317,0.83667139,0,1
36,-2,11,-0.4562857143,0.913838864,0.04109349405,-3.376056678,-2.387254409,0.81523412,0,1
36,-2,12,0.2840740741,1.13498061,0.008730119638,1.142967031,-1.525040623,0.79354701,0,1
36,-2,13,0.6478571429,1.432071071,0.003113205796,0.4672433048,-1.037746292,0.77183142,0,1
36,-2,15,0.86,2.270054454,0.02001775903,-2.618404593,-1.213361337,0.72901319,0,1
36,-2,16,7.705,5.135,0.01880199605,-2.369593131,-1.485767358,0.70817497,0,1
36,-1,0,-2.545,1.001623162,0.26314611,-10.44390264,-0.6368032116,0.95575890,0,1
36,-1,1,0.6747916667,0.6963147038,0.0006949796756,-0.09853211873,0.5286153927,0.95418057,0,1
36,-1,2,1.191818182,0.7762521953,0.3437950955,11.45113663,3.450463273,0.94949207,0,0
36,-1,3,0.4181578947,0.7880311869,0.5898703588,14.15774255,6.706037065,0.94182919,0,1
36,-1,4,0.9104651163,0.7332070216,0.5952529878,13.07479126,8.757959608,0.93140627,0,1
36,-1,5,1.67097561,0.7373501118,0.5862929361,12.95927883,8.716727058,0.91850031,0,1
36,-1,6,0.3338235294,1.087090265,0.4675023611,12.21607325,6.728266441,0.90343179,0,1
36,-1,7,-1.733235294,0.9558473502,0.1356956831,6.47605001,3.81002432,0.88654493,0,1
36,-1,8,-0.6721212121,0.9479798854,0.01494940291,2.146634754,1.269481552,0.86818923,0,1
36,-1,9,0.46375,0.9361466307,0.0005776564874,0.4878189295,0.04861871349,0.84870391,0,1
36,-1,10,0.9658333333,0.9580029969,0.0148098438,2.45920198,0.337471376,0.82840598,0,1
36,-1,11,0.3338888889,1.095351526,0.03121451547,3.222437031,1.613239703,0.80758219,0,1
36,-1,12,-0.1145833333,1.175949197,0.0305213769,1.897017126,3.016552993,0.78648446,0,1
36,-1,13,0.3828571429,2.077727369,0.06220041949,3.36250481,3.817294105,0.76532828,0,1
36,-1,14,0.7025,1.99391026,0.08308478068,4.551080536,3.722186544,0.74429339,0,0
36,-1,15,0.7933333333,2.229512901,0.07061498557,4.574957034,2.906678357,0.72352596,0,1
36,-1,16,2.725,3.845208057,0.02617883892,2.754006692,1.818521901,0.70314176,0,1
36,0,0,-0.4391666667,1.445055026,0.04152688993,2.289183741,-3.469393648,0.94276488,0,1
36,0,1,-0.3779166667,1.019080464,0.2647433497,-9.897223,-3.491435384,0.94124995,0,1
36,0,2,-0.6023809524,1.027753092,0.2598049262,-9.76318307,-3.573624789,0.93674860,0,1
36,0,3,-0.33,1.05369208,0.08486591816,-4.61611563,-3.741592779,0.92938776,0,1
36,0,4,2.258181818,1.026970289,0.04705149732,-1.928975248,-3.981782792,0.91936812,0,1
36,0,5,-0.9855,1.411213452,0.05835451801,-2.561505125,-4.209132492,0.90694954,0,1
36,0,6,0.3766666667,1.198450131,0.1887646879,-7.756979982,-4.285307942,0.89243351,0,1
36,0,7,-0.8822222222,1.226238603,0.2407253716,-9.135389688,-4.086225641,0.87614492,0,1
36,0,8,1.211875,1.340700755,0.3232527007,-11.03038152,-3.580272329,0.85841491,0,1
36,0,9,0.81125,1.462597255,0.09195590569,-5.481187518,-2.866073484,0.83956621,0,1
36,0,10,3.217222222,1.25393061,0.03479441465,-3.145515987,-2.140507196,0.81990189,0,1
36,0,11,2.114166667,2.094628939,0.006774892022,-0.4762061406,-1.609934034,0.79969741,0,1
36,0,12,0.8066666667,1.798396748,0.02140575637,2.639347511,-1.392696091,0.77919614,0,0
36,0,13,-2.8525,2.616360784,0.005753880976,-0.4932582978,-1.46648205,0.75860750,0,1
36,0,14,2.5975,3.919613873,0.02873581491,-3.017869606,-1.687558845,0.73810727,0,1
36,0,15,5.63,3.85396549,0.03437961747,-3.288564695,-1.867835603,0.71783946,0,1
37,-18,0,-0.272,1.220744079,0.1154770373,-6.728455554,-1.66479087,1.05906026,1,1
37,-18,1,0.9270833333,0.6452698146,0.1269627493,-7.011855207,-1.912093687,1.05691406,1,1
37,-18,2,-1.025681818,0.6550567763,0.1262275774,-6.801226291,-2.501933662,1.05055290,1,1
37,-18,3,-0.547804878,0.8556444235,0.08451969181,-5.073640849,-3.069554175,1.04020151,1,1
37,-18,4,0.5495652174,0.7721925592,0.05588789162,-3.557443798,-3.255222098,1.02621048,1,0
37,-18,5,0.8691489362,0.6499978758,0.04360403488,-3.105810826,-2.914649095,1.00902486,1,1
37,-18,6,0.7926086957,0.7152033888,0.03377459048,-3.037628816,-2.196488179,0.98914805,0,1
37,-18,7,-0.05926829268,0.7537043794,0.01544986694,-2.08210867,-1.446604027,0.96710612,0,1
37,-18,8,0.2791428571,0.8107594827,0.004984630293,-1.031640651,-1.004762672,0.94341666,0,1
37,-18,9,0.78175,0.8918353941,0.01304302416,-2.094823643,-1.018920388,0.91856468,0,1
37,-18,10,-1.090333333,0.8938672534,0.03436406682,-3.519521313,-1.382015757,0.89298631,0,1
37,-18,11,-0.5867567568,0.902508687,0.04634582718,-3.99836399,-1.815223014,0.86705983,0,1
37,-18,12,0.7224324324,0.8718091146,0.03172148531,-3.009413816,-2.034943121,0.84110276,0,1
37,-18,13,0.4059375,0.9484459946,0.02155471579,-2.313913723,-1.900929979,0.81537353,0,1
37,-18,14,-0.8960869565,1.280487453,0.01840519372,-2.34599379,-1.467549579,0.79007596,0,1
37,-18,17,-1.841666667,2.273198065,0.0004566748211,-0.3436505865,-0.2681446356,0.71812706,0,1
37,-17,0,2.085217391,0.9403341996,1.139479716,21.10290692,5.361170214,1.05803055,1,1
37,-17,1,1.058222222,0.6733266793,0.4893871973,13.797579,3.63784347,1.05589059,1,1
37,-17,2,0.5952173913,0.7574632683,0.003094681933,-0.9191229562,-0.6653870331,1.04954778,1,1
37,-17,3,0.7297560976,0.7051257477,0.419699859,-12.05486762,-5.412410751,1.03922578,1,1
37,-17,4,0.5441860465,0.6980970813,0.6599717244,-14.32668949,-8.326097381,1.02527356,1,1
37,-17,5,1.437045455,0.672995263,0.5903127769,-13.38716492,-8.147422205,1.00813419,1,1
37,-17,6,1.232045455,0.7187793255,0.2898033166,-9.671934932,-5.198547153,0.98830894,0,1
37,-17,7,0.3235714286,0.7525293641,0.02386007498,-2.956926755,-1.087864333,0.96632182,0,0
37,-17,8,0.6725,0.9755006346,0.03507111528,3.112079246,2.214977327,0.94268855,0,1
37,-17,9,0.1294736842,0.9182633237,0.08004714942,4.674448635,3.38419051,0.91789257,0,0
37,-17,10,-0.9425806452,0.9509675851,0.03014773086,2.701854977,2.289714404,0.89236876,0,1
37,-17,11,-0.5647222222,0.9968829584,0.006859543392,1.684478948,-0.1280989115,0.86649448,0,1
37,-17,12,1.424411765,0.9161243022,0.01508671727,-0.2425449103,-2.493576767,0.84058666,0,1
37,-17,13,0.5265714286,0.9227009598,0.05262585985,-2.823658957,-3.731176142,0.81490333,0,1
37,-17,14,0.1970833333,1.120105557,0.06985620002,-4.091095566,-3.510877251,0.78964816,0,1
37,-17,15,-2.219166667,1.583448899,0.03402480215,-3.024415024,-2.238026411,0.76497659,0,1
37,-17,16,1.8625,1.996850645,0.0020517416,-0.6132064524,-0.6910822377,0.74100266,0,1
37,-17,17,2.218333333,2.12158942,0.001156856459,0.5429764729,0.4318343239,0.71780577,0,1
37,-17,18,2.12,4.68,0.001991624276,0.4116703442,0.8118699582,0.69543703,0,1
37,-16,0,2.773333333,0.9413531004,1.740258666,-26.17735457,-6.226717119,1.05598010,1,1
37,-16,1,1.460232558,0.6979264882,1.03581887,-20.11776255,-5.120828135,1.05385253,1,1
37,-16,2,0.5997777778,0.6993120349,0.1118492144,-6.418266926,-2.310877518,1.04754616,1,1
37,-16,3,0.9945454545,0.6755256983,0.03880118453,3.907993434,0.9330732714,1.03728253,1,1
37,-16,4,1.013953488,0.7738124642,0.1390132569,6.897785086,3.202550531,1.02340739,1,1
37,-16,5,1.085,0.6893621139,0.1833536606,7.950099449,3.61653018,1.00635989,1,1
37,-16,6,0.6288095238,0.8148182786,0.1062304746,6.276478193,2.191455724,0.98663710,0,1
37,-16,7,1.7495,0.7428602241,0.005237656912,1.455070775,-0.2487367164,0.96475893,0,1
37,-16,8,0.6487179487,0.8360022454,0.06579535141,-4.575602458,-2.537260027,0.94123738,0,0
37,-16,9,-0.83,0.9928526087,0.1192762781,-5.972338081,-3.735702839,0.91655277,0,1
37,-16,10,0.8093548387,1.136578523,0.1119183405,-5.84530822,-3.520715353,0.89113750,0,1
37,-16,11,-0.7453846154,0.8753646509,0.09647058107,-5.931300688,-2.226156788,0.86536711,0,1
37,-16,12,-0.7258823529,1.007117728,0.05595128547,-4.790252215,-0.5759650144,0.83955730,0,1
37,-16,13,-1.438181818,0.9313202414,0.008477862934,-1.73852271,0.7104302795,0.81396536,0,1
37,-16,14,0.9586363636,1.206298997,0.01035806673,1.672668055,1.229472789,0.78879464,0,1
37,-16,15,-0.2516666667,2.408842245,0.008067591475,1.539224009,0.9936148452,0.76420052,0,1
37,-16,16,0.735,2.329872008,0.0003392169235,0.1939040593,0.3217618951,0.74029723,0,1
37,-15,0,2.765,0.9415739261,2.902533709,32.45309066,12.42503575,1.05292666,1,1
37,-15,1,1.177906977,0.691238454,1.978001043,27.04246196,9.573018036,1.05081745,1,1
37,-15,2,0.4277272727,0.7613358172,0.1911084244,8.579874873,2.428054694,1.04456509,1,1
37,-15,3,-0.4195348837,0.7094745575,0.300445503,-9.719654652,-5.525138877,1.03438799,1,0
37,-15,4,3.533170732,0.7157777414,1.247632244,-20.19267624,-10.55115967,1.02062715,1,1
37,-15,5,1.308723404,0.7047628778,1.209364687,-19.79741986,-10.54572355,1.00371593,1,1
37,-15,6,0.1947619048,0.7677988084,0.3676910161,-10.8338159,-5.966945453,0.98414518,0,1
37,-15,7,0.8502325581,0.8981766006,0.01092256526,2.041348584,0.6141453499,0.96242874,0,1
37,-15,8,1.821081081,0.8329857639,0.4567550739,12.4155614,5.990366847,0.93907313,0,1
37,-15,9,0.9737837838,0.8110716697,0.5502948499,12.87582395,7.947362625,0.91455401,0,1
37,-15,10,-0.4409375,1.010654866,0.2989409265,9.280203853,6.184714309,0.88930012,0,0
37,-15,11,-0.5567567568,0.8220224396,0.05535092193,4.288001445,2.154418098,0.86368427,0,1
37,-15,12,-1.185675676,0.8651744801,0.009075820086,0.190833927,-1.933786929,0.83802032,0,1
37,-15,14,-1.205,1.324994609,0.08264630178,-3.971667473,-4.3139816,0.78751953,0,1
37,-15,15,-2.852,1.761479776,0.02767956488,-2.2233925,-2.563682912,0.76304083,0,1
37,-15,16,-0.4166666667,2.202313809,0.0001832408727,0.09878121848,-0.2578346716,0.73924284,0,1
37,-15,17,6.175,4.309646157,0.009038283354,1.264110924,1.47049518,0.71620575,0,1
37,-14,0,0.322173913,1.075312246,1.23176462,-21.30415483,-7.655226008,1.04889630,1,1
37,-14,1,0.5836363636,0.8332453359,0.8168643271,-17.51875994,-5.739804921,1.04681118,1,1
37,-14,2,0.05977272727,0.7913349767,0.03909048511,-3.930770199,-0.9013579247,1.04062964,1,1
37,-14,3,-0.2721428571,0.7539442962,0.2180856928,8.341007459,4.600114601,1.03056603,1,1
37,-14,4,1.107555556,0.6696829543,0.6428254378,14.09709527,8.289523962,1.01695517,1,1
37,-14,5,0.4102173913,0.7418944603,0.7080891035,14.81027485,8.674830408,1.00022285,1,1
37,-14,6,0.9830952381,0.8864021477,0.417619095,11.79456441,5.885285236,0.98085181,0,1
37,-14,7,-0.357,0.9533308813,0.01074126877,1.526246287,1.462676767,0.95934793,0,1
37,-14,8,0.73175,0.8078279589,0.170171077,-8.029946475,-2.51371907,0.93621055,0,1
37,-14,9,1.752702703,0.7866787171,0.1888306563,-7.660852443,-4.457957858,0.91190924,0,1
37,-14,10,0.1114285714,0.8330384022,0.08027485636,-4.235636855,-3.931581387,0.88686787,0,1
37,-14,11,0.4425714286,0.8634328732,0.04643984966,-4.07321254,-1.652273091,0.86145569,0,1
37,-14,12,-0.4554054054,1.094119869,0.01818294115,-2.544856155,1.043373717,0.83598409,0,1
37,-14,13,0.00125,0.9694035094,0.04351974479,3.090677994,2.924701918,0.81070781,0,0
37,-14,14,1.199565217,1.268182771,0.07089846446,4.240661242,3.393190701,0.78582896,0,1
37,-14,15,-0.483,1.756000538,0.03297474801,2.638080391,2.599905872,0.76150276,0,1
37,-14,16,0.9914285714,2.222160651,0.003679082814,0.3337790959,1.191325097,0.73784398,0,1
37,-14,17,2.22,8.84,8.109997378e-05,0.1501521863,-0.1058090672,0.71493341,0,1
37,-13,0,3.018095238,1.014065816,3.077426355,31.80417354,16.39641307,1.04392284,1,1
37,-13,1,2.675957447,0.7011236956,2.186138054,27.15759833,13.11474883,1.04186718,1,1
37,-13,2,0.1275555556,0.6884078509,0.3600593801,11.22064531,4.888560099,1.03577230,1,1
37,-13,3,0.416,0.8199547205,0.1829300084,-7.599447653,-4.284332948,1.02584763,1,1
37,-13,4,0.8984782609,0.7137451721,0.9973416293,-17.67955135,-10.11792725,1.01242044,1,1
37,-13,5,2.133953488,0.7183000372,1.018394736,-17.8811362,-10.19622458,0.99590735,0,1
37,-13,6,-1.024871795,0.7557588952,0.1597537013,-6.4071514,-5.041144506,0.97678121,0,1
37,-13,7,-0.7995121951,0.8817169331,0.2851836532,10.62427719,2.402907429,0.95553821,0,1
37,-13,8,0.6180555556,0.8133234601,1.234116181,21.02004174,8.462015072,0.93266888,0,1
37,-13,9,0.5626470588,0.8619734755,1.022156547,17.68923024,10.59972847,0.90863531,0,1
37,-13,10,1.122564103,0.7625664304,0.4009389383,9.748272391,8.472297314,0.88385543,0,1
37,-13,11,0.4784848485,0.8911725543,0.08153115526,4.461910268,3.74325866,0.85869406,0,1
37,-13,14,0.6045833333,1.14441799,0.07766747709,-4.015922876,-4.023124178,0.78373099,0,1
37,-13,15,0.605,1.715760181,0.01637122651,-1.498644452,-2.136640253,0.75959318,0,0
37,-13,17,7.46,7.41,0.0256033803,2.340760127,2.274423029,0.71335248,0,1
37,-12,0,0.8256521739,0.9359109469,0.4257006397,-11.48618564,-6.721469893,1.03804706,1,1
37,-12,1,-0.05409090909,0.6733201472,0.2334648491,-8.626447801,-4.766159778,1.03602585,1,1
37,-12,2,-0.3535555556,0.758763092,0.01185297613,2.214566605,0.1645177181,1.03003232,1,1
37,-12,3,0.8135,0.8145185419,0.3947784029,11.45576582,5.745520508,1.02027018,1,1
37,-12,4,1.853958333,0.724255716,0.7313063336,14.6678829,9.439785329,1.00705802,1,1
37,-12,5,1.561395349,0.8354399231,0.8135045376,15.61072385,9.734463912,0.99080175,0,1
37,-12,6,-0.44,0.7280373002,0.2601421983,7.881190674,6.791000788,0.97196275,0,1
37,-12,7,0.31,0.7852355981,0.03571898502,-3.154581055,2.215699238,0.95102590,0,1
37,-12,8,1.242051282,0.7873047327,0.2586516739,-10.20650577,-1.854177171,0.92847146,0,1
37,-12,9,-1.319090909,0.8465780455,0.123395958,-6.065864685,-3.813601407,0.90475275,0,1
37,-12,10,1.228333333,0.8815804261,0.03013925864,-1.403497819,-3.251073887,0.88028071,0,1
37,-12,11,-0.3011111111,1.03879576,0.002824356337,0.5444389809,-0.9373609224,0.85541491,0,1
37,-12,12,-0.6885294118,0.9006908632,0.02705678787,2.866118917,1.744191325,0.83046009,0,1
37,-12,13,-0.4641666667,0.9034213945,0.07890410048,4.499336472,3.54734083,0.80566691,0,1
37,-12,14,0.9515789474,1.289030751,0.09251688749,4.830404617,3.893376262,0.78123546,0,1
37,-11,0,2.49,0.9523296545,2.615945681,29.23141466,15.29298828,1.03131579,1,1
37,-11,1,1.618,0.6811378643,1.459597833,21.30132396,12.38999446,1.02933357,1,1
37,-11,2,-0.7269767442,0.6842698714,0.08191667446,2.804299621,5.120246635,1.02345478,1,1
37,-11,3,-0.07692307692,0.7447808646,0.2766548158,-10.31033557,-2.966113692,1.01387674,1,1
37,-11,4,1.426808511,0.6871725513,0.5153080283,-12.21414296,-8.075025387,1.00090827,1,0
37,-11,5,0.2863414634,0.7886646445,0.3130975901,-8.051225651,-8.089527127,0.98494332,0,1
37,-11,6,-0.01404761905,0.7206315336,0.03065945157,0.6641207761,-3.509224245,0.96643033,0,1
37,-11,7,1.56025641,0.8330218706,0.359029726,11.84104808,3.026895924,0.94584147,0,1
37,-11,8,1.852368421,0.8203596542,1.099310141,19.72575024,8.261794823,0.92364537,0,1
37,-11,9,1.389705882,0.9072697564,0.8697003246,16.19268067,9.981560761,0.90028540,0,1
37,-11,10,0.4394285714,0.9612094048,0.3094940959,8.110101751,7.93660617,0.87616452,0,1
37,-11,11,-2.008857143,0.8657340875,0.05022578313,2.752065903,3.649975162,0.85163630,0,1
37,-11,12,0.8402941176,1.100225182,0.003057001738,-0.9438687584,-0.6172212107,0.82700131,0,1
37,-11,14,1.424117647,1.373246853,0.09084741586,-5.286142008,-3.13899902,0.77835392,0,1
37,-11,15,-0.695,1.715836822,0.01088151987,-1.567292029,-1.439026587,0.75469474,0,1
37,-11,16,6.623333333,3.628296203,0.01737284795,2.57461535,0.7741073188,0.73164593,0,1
37,-10,0,0.9581818182,0.9891866807,0.2136648356,-8.277864251,-4.513440787,1.02378096,1,1
37,-10,1,-0.2423913043,0.6677470019,0.06896577834,-4.25792475,-3.250068206,1.02184179,1,1
37,-10,2,0.2571428571,0.7041028128,0.0638195382,5.152436242,-0.06480642926,1.01608972,1,1
37,-10,3,0.002195121951,0.7148906557,0.3835945917,12.12700602,3.5395385,1.00671509,1,1
37,-10,4,0.3404347826,0.6638589426,0.4842433096,12.89794337,5.925374215,0.99401608,0,1
37,-10,5,-0.6482051282,0.7889204835,0.2295234636,7.618554131,6.119617633,0.97837356,0,1
37,-10,6,0.8273170732,0.8092631415,0.04392774129,-0.6107833882,4.231177179,0.96022180,0,1
37,-10,7,0.4980555556,0.9124599421,0.1584796953,-8.015520533,1.298504425,0.94001898,0,1
37,-10,8,0.09871794872,0.7447555406,0.1862961047,-8.706828432,-1.303341704,0.91822093,0,1
37,-10,9,0.02709677419,0.8904350989,0.03917020112,-3.131428726,-2.547689159,0.89526000,0,1
37,-10,10,-0.1565625,0.8968216448,0.020695914,1.96675932,-2.177679752,0.87153028,0,1
37,-10,11,-1.846060606,0.9043843316,0.03054573183,3.496891646,-0.6929267605,0.84737861,0,1
37,-10,12,-1.267027027,0.8559230746,0.02996153328,3.37990669,1.020576587,0.82310085,0,1
37,-10,13,0.9224137931,0.9956689205,0.04788919444,3.900080868,2.17104321,0.79894207,0,1
37,-10,15,-2.642222222,1.680848184,0.01250274507,1.371376291,1.822369751,0.75172701,0,1
37,-9,0,-1.392857143,1.003427234,0.8657276602,16.36772871,9.606201755,1.01549855,1,1
37,-9,1,1.231914894,0.6894758388,0.6194523124,14.07212339,7.726278155,1.01360598,1,1
37,-9,2,-0.6583333333,0.6918932913,0.02677704484,-1.385641038,3.03652009,1.00799111,1,0
37,-9,3,0.3014634146,0.7158676194,0.2446944095,-9.862869987,-2.127834262,0.99883686,0,1
37,-9,4,0.2241666667,0.6718131108,0.2378776641,-8.422379895,-5.294461936,0.98643001,0,1
37,-9,5,-0.77,0.8275528642,0.1178126888,-4.767795867,-5.126743749,0.97113744,0,1
37,-9,6,-1.336341463,0.7484816278,0.0109502341,0.6740139819,-2.025214849,0.95337822,0,1
37,-9,7,-0.1702702703,0.7907437946,0.1677289776,8.052212341,2.223663002,0.93359549,0,1
37,-9,8,1.045405405,0.9118087159,0.5087975897,13.47646306,5.48339596,0.91223120,0,1
37,-9,9,0.1206451613,0.9041785298,0.2630510996,8.300106933,6.367834551,0.88970579,0,1
37,-9,10,0.2016666667,0.8453106394,0.1018630786,4.377935326,4.818018863,0.86640364,0,1
37,-9,11,0.2168571429,0.863478915,0.01497652245,1.589602114,1.924596646,0.84266420,0,1
37,-9,12,0.6792105263,0.932956144,0.01371821129,-2.252067543,-0.7972357576,0.81877812,0,1
37,-9,13,-0.5126923077,1.058782166,0.0798659189,-5.322021727,-2.214475137,0.79498711,0,1
37,-9,14,-1.300833333,1.654216586,0.05011254102,-4.086485972,-2.037082229,0.77148654,0,1
37,-8,0,-0.6741666667,1.025308705,0.01362830097,-1.766511545,-1.59669136,1.00652754,1,1
37,-8,1,-0.7086363636,0.8235061811,0.0837126581,-5.711816817,-1.484378866,1.00468459,1,1
37,-8,2,0.2131111111,0.6952011167,0.003877234689,0.4307688802,-1.19479799,0.99921589,0,0
37,-8,3,1.604186047,0.7169127746,0.1124087918,6.786041276,-0.8466158659,0.99029654,0,1
37,-8,4,-0.152,0.7654912333,0.048572505,4.458761436,-0.5725327911,0.97820140,0,1
37,-8,5,-0.6804545455,0.6892697732,0.01030867603,-2.019439278,-0.459062106,0.96328262,0,1
37,-8,6,-0.04578947368,0.7580699268,0.1307655036,-7.358005017,-0.5139014975,0.94594323,0,1
37,-8,7,0.2988636364,0.798826188,0.1199263198,-7.03139343,-0.6739813834,0.92661045,0,1
37,-8,8,-0.551875,0.8952657056,0.071404303,-5.384631041,-0.8444827095,0.90571150,0,1
37,-8,9,1.139714286,1.151410351,0.00531053459,1.147549817,-0.9447490275,0.88365407,0,0
37,-8,10,0.07631578947,0.8305846404,0.01863424499,2.621601664,-0.9380239745,0.86081213,0,1
37,-8,11,0.4161764706,0.8896673302,0.003534626235,0.8793579164,-0.8350408312,0.83751715,0,1
37,-8,12,0.7808108108,0.8756630379,0.003605927539,1.020836261,-0.6768466689,0.81405406,0,1
37,-8,13,-1.162,1.193584936,0.003876565786,1.162727794,-0.5107737747,0.79066085,0,1
37,-8,14,1.216666667,1.597550425,0.001934216915,-0.8161738705,-0.3722653212,0.76753084,0,1
37,-8,15,0.105,3.218817329,0.006761771825,-1.654076757,-0.2779053259,0.74481664,0,1
37,-8,16,4.135,4.098499726,0.005018082807,-1.426858686,-0.2276455558,0.72263492,0,1
37,-7,0,-0.28875,0.9155983358,0.05036482648,4.078496454,2.078437004,0.99692888,0,1
37,-7,1,0.326744186,0.693289554,0.01697269407,2.192340653,1.50168132,0.99513806,0,1
37,-7,2,-0.6970731707,0.719968644,0.01690879614,2.650655241,0.09405694071,0.98982296,0,1
37,-7,3,0.1318181818,0.801959629,0.02694944995,-3.057705949,-1.36477762,0.98115062,0,1
37,-7,4,0.05813953488,0.7012216247,0.1955602174,-8.775060096,-2.088101747,0.96938356,0,1
37,-7,5,0.6931707317,0.8427469197,0.1944330345,-8.827579132,-1.722421691,0.95485866,0,1
37,-7,6,0.3956756757,0.7658371244,0.001160247901,-0.4594172096,-0.5212016437,0.93796232,0,1
37,-7,7,-0.05634146341,0.7835405694,0.0789344763,5.669622268,0.8340723593,0.91910510,0,1
37,-7,8,0.742,0.9288143577,0.03711752043,3.571941125,1.638229226,0.89869883,0,1
37,-7,9,0.4271794872,0.8353840251,0.00739839267,0.8347011916,1.543158489,0.87713774,0,1
37,-7,10,-1.408974359,0.8173679716,0.002996032497,-0.8673599116,0.7029730383,0.85478478,0,1
37,-7,11,-1.074444444,0.8887257192,0.001605270494,-0.7285837021,-0.3701763564,0.83196291,0,1
37,-7,12,0.8986486486,1.111632269,0.01929289103,-2.601366887,-1.122319459,0.80895087,0,1
37,-7,13,0.8134615385,1.208869013,0.02686980661,-3.101820474,-1.24810182,0.78598260,0,1
37,-7,14,-2.444,1.675584077,0.002569061646,-0.6518158926,-0.8024844347,0.76324908,0,1
37,-7,15,0.4433333333,3.609864879,0.001139473722,0.680428339,-0.1053072086,0.74090197,0,1
37,-7,16,3.44,4.443112648,0.0006894168096,0.2546189893,0.4711661911,0.71905804,0,1
37,-6,0,-0.5086363636,1.050059222,0.01170068968,-1.108290082,1.907801459,0.98676451,0,1
37,-6,1,0.7365957447,0.8243406401,0.001976793523,0.4117684594,0.8080110002,0.98502782,0,1
37,-6,2,0.08142857143,0.7136327174,0.02925733766,-2.89451442,-1.947859084,0.97987224,0,1
37,-6,3,0.3930232558,0.7419155667,0.1777564125,-6.986850198,-5.013839756,0.97145662,0,1
37,-6,4,0.04045454545,0.7560820309,0.3112154725,-9.020013204,-6.936785984,0.96003089,0,1
37,-6,5,0.9625,0.8685699823,0.2767620197,-8.234226052,-6.880623005,0.94591630,0,1
37,-6,6,1.738809524,0.8297810608,0.2337416575,-8.502180065,-4.995996357,0.92948214,0,1
37,-6,7,-0.03162162162,0.8554994777,0.1132884086,-6.481029393,-2.264803034,0.91112189,0,1
37,-6,8,-1.006111111,0.850943875,9.329790506e-06,-0.02594189776,0.056644775,0.89123137,0,1
37,-6,9,0.7605263158,0.9671632897,0.03925657323,3.897271657,1.069473811,0.87019087,0,1
37,-6,10,-0.523,0.8182910164,0.01284706063,2.230541439,0.6079803396,0.84835176,0,1
37,-6,11,-0.1745714286,1.044466439,0.00482111708,-1.170847498,-0.7968172578,0.82602799,0,1
37,-6,14,-1.355555556,1.791756501,0.06687305218,-4.300688609,-3.053895182,0.75865883,0,1
37,-5,0,1.520869565,0.9960633806,0.1829083864,-7.781731327,-3.942432655,0.97609648,0,1
37,-5,1,0.4252173913,0.6860589899,0.02873514338,0.8252788892,-3.357681816,0.97441541,0,1
37,-5,2,-0.06608695652,0.6857447003,0.009741237057,-0.8014841239,-1.846731185,0.96942383,0,1
37,-5,3,-0.8195454545,0.7008011087,0.03072706016,-3.575319555,-0.03048771235,0.96127234,0,1
37,-5,4,-0.4592682927,0.7107112423,0.04507330254,-4.108714599,1.367839915,0.95019814,0,1
37,-5,5,0.35825,0.7922722829,0.01161664644,-1.210782911,1.83495294,0.93650669,0,1
37,-5,6,1.055227273,0.7388705231,0.0116745974,1.798852172,1.273298322,0.92054993,0,1
37,-5,7,-1.7096875,0.8699869791,2.584909523e-05,-0.1029350635,0.01259997054,0.90270387,0,1
37,-5,8,-0.4826470588,0.8649874492,0.006018371621,-0.7991277527,-1.365762861,0.88334803,0,1
37,-5,10,-0.1930769231,0.8374458432,0.04131230052,-3.328591578,-2.471488164,0.84154395,0,1
37,-5,12,-0.0359375,0.9699222242,0.01486740156,-2.29134208,-0.9670881034,0.79770066,0,1
37,-5,13,0.74,1.404770147,0.0006599684378,-0.5231399765,-0.03001877321,0.77565170,0,1
37,-5,14,0.95875,1.855700676,0.008767760122,1.82754642,0.5548484023,0.75377833,0,1
37,-5,15,-0.4966666667,3.154369104,0.004842911355,1.255723019,0.6618373689,0.73222970,0,1
37,-5,16,-2.365,4.121628926,0.00095527252,0.5016956074,0.3817562876,0.71112236,0,1
37,-4,0,0.5719047619,1.115454983,0.529485401,13.72723026,5.643837119,0.96498607,0,1
37,-4,1,0.1859574468,0.7785816144,0.06993626832,3.971602346,3.650069702,0.96336166,0,1
37,-4,2,0.7934090909,0.8892067125,0.04640837958,-4.181886721,-1.34899861,0.95853721,0,1
37,-4,3,0.5536585366,0.794862525,0.4879216096,-12.4529953,-6.922445301,0.95065505,0,1
37,-4,4,-0.08261904762,0.8327155708,0.9458081478,-16.86127888,-10.44968972,0.93993971,0,1
37,-4,5,0.51875,0.7848060505,0.8460380219,-15.59607037,-10.42844518,0.92668080,0,0
37,-4,6,0.7421621622,0.9485698208,0.4321888273,-11.35243307,-7.136684073,0.91121284,0,1
37,-4,7,-0.3131428571,0.903560815,0.03931181326,-3.295657809,-2.343954468,0.89389423,0,1
37,-4,8,0.6570588235,1.114469293,0.02241394578,2.538324589,1.697680217,0.87508790,0,1
37,-4,9,0.8416216216,0.8497554421,0.1323429583,6.601132793,3.389051569,0.85514501,0,1
37,-4,10,-0.5047368421,0.8521705625,0.04099156331,3.324717175,2.449610221,0.83439268,0,1
37,-4,12,1.57,1.033944454,0.05478150797,-3.78667245,-2.907349939,0.79160201,0,1
37,-4,15,3.518,3.029257995,0.0539264785,-3.533953788,-3.153888364,0.72750431,0,1
37,-4,16,0.945,4.0796354,0.01234818632,-1.799250878,-1.378440178,0.70679157,0,1
37,-3,0,1.63,1.355865278,0.1498149424,-4.625929918,-6.397697126,0.95349317,0,1
37,-3,1,-1.361956522,0.8009927186,0.1795671064,-6.96349071,-5.120331241,0.95192602,0,1
37,-3,2,-0.01162790698,0.7258183498,0.03819244462,-3.515811138,-1.878522629,0.94727052,0,1
37,-3,3,0.2691891892,0.9311507926,0.009350091404,-0.679145666,1.851707278,0.93966086,0,1
37,-3,4,-1.105813953,0.7139610256,0.070016486,3.075121682,4.435497134,0.92930899,0,1
37,-3,5,1.051860465,0.8553035802,0.1566243713,6.44934997,4.854757447,0.91648882,0,1
37,-3,6,0.5175757576,0.881292356,0.1527447357,7.327942564,3.138461367,0.90151748,0,1
37,-3,7,0.388125,1.015344713,0.0255927203,3.253050531,0.2557054745,0.88473576,0,1
37,-3,8,-1.439705882,0.8838448172,0.05401559723,-4.070944514,-2.429059355,0.86648991,0,0
37,-3,9,1.220277778,0.8657579816,0.10026494,-5.204257214,-3.824974869,0.84711625,0,1
37,-3,10,-0.3178378378,0.8831669887,0.06845490264,-3.970021976,-3.56640502,0.82692934,0,1
37,-3,12,-1.001481481,1.149716762,0.0116225321,-2.193015807,-0.1617959103,0.78522050,0,1
37,-3,14,2.778571429,2.506421684,0.02842037722,2.927865463,1.803263535,0.74322186,0,1
37,-3,15,1.103333333,2.254997536,0.03087774763,3.282784105,1.438701051,0.72254153,0,1
37,-2,0,1.436666667,1.425636607,1.140690584,20.01544342,8.600036445,0.94167560,0,1
37,-2,1,1.453043478,0.7193921045,0.4916594718,12.85635877,6.266298669,0.94016591,0,1
37,-2,2,0.2742857143,0.8821345366,0.01794311876,-2.700032766,0.4182914318,0.93568002,0,1
37,-2,3,0.15125,0.8412475616,0.4196965239,-11.72510704,-6.093808408,0.92834415,0,1
37,-2,4,1.36,0.7666784584,0.8417875168,-15.68476462,-10.20831217,0.91835786,0,1
37,-2,5,1.709411765,0.8614117928,1.002888955,-17.70394889,-10.18906857,0.90597962,0,1
37,-2,6,1.493421053,0.8392843321,0.6046596556,-14.51553875,-6.392554648,0.89150938,0,1
37,-2,7,-0.4937142857,0.9275338301,0.03623989778,-3.774556084,-0.9111280183,0.87527043,0,1
37,-2,8,0.3984615385,0.8381945784,0.1413681255,6.75801103,3.625574055,0.85759239,0,1
37,-2,9,0.9015789474,0.8650755735,0.2412378785,8.449506806,5.3825315,0.83879665,0,1
37,-2,10,-1.772,0.8995514982,0.07136634056,3.608671544,4.082780683,0.81918509,0,1
37,-2,11,-0.107,0.9918644621,0.002527130236,-0.5083476122,0.8904956922,0.79903227,0,1
37,-2,12,-1.441333333,1.372746153,0.02046351055,-1.672023739,-2.391250228,0.77858082,0,1
37,-2,13,-1.93375,1.810260686,0.066396163,-3.040219188,-4.287290313,0.75803964,0,0
37,-2,14,1.2975,2.024827539,0.1050506097,-5.048890765,-4.267842764,0.73758418,0,1
37,-1,0,1.689545455,1.06179668,0.573541668,-14.47941805,-5.381968978,0.92958867,0,1
37,-1,1,-0.02073170732,0.7600363184,0.1107168917,-5.473770599,-4.012610554,0.92813627,0,1
37,-1,2,0.2604545455,0.7468552077,0.001356442927,0.5059603205,-0.5552886072,0.92381960,0,1
37,-1,3,-0.8883333333,0.7288383031,0.05628521537,3.472211641,3.370597597,0.91675708,0,1
37,-1,4,-1.504146341,0.7507587675,0.1927756268,6.65447336,5.993439575,0.90713624,0,1
37,-1,5,0.8627906977,0.7274336079,0.3158712781,9.610809547,6.248920101,0.89520040,0,1
37,-1,6,0.4690909091,0.9078876127,0.3605052699,11.49084914,4.236366056,0.88123266,0,0
37,-1,7,-0.2371428571,0.9045956961,0.09622824563,6.236858566,1.066243254,0.86553906,0,1
37,-1,8,-2.453055556,0.9740066832,0.008653732521,0.6830794398,-1.770238553,0.84843275,0,1
37,-1,10,-0.5540540541,1.003703537,0.03967141357,-2.997022205,-2.742799801,0.81119063,0,1
37,-1,11,1.274642857,1.216812394,0.01310091003,-2.059982926,-1.098652957,0.79160816,0,1
37,-1,12,-3.184285714,1.397681389,0.0191374716,-2.697713393,0.8272796497,0.77170748,0,0
37,-1,13,-0.54375,1.762301407,0.01124302717,0.1904474085,2.154375757,0.75169173,0,1
37,-1,14,-0.44375,1.837749983,0.04427661873,3.515924955,2.461572076,0.73173252,0,1
37,0,0,6.632,1.583210662,1.377840458,21.97785721,9.498284645,0.91728475,0,1
37,0,1,0.6819047619,1.056249193,0.5720340295,13.53123971,7.409280918,0.91588918,0,1
37,0,2,-1.101818182,1.154258938,0.02299416806,2.191127302,2.183018451,0.91174038,0,1
37,0,3,-0.9966666667,1.335741942,0.1114927077,-5.772695105,-3.614135256,0.90494927,0,1
37,0,4,-0.9123529412,1.245738185,0.4257462077,-11.16615087,-7.242006023,0.89569170,0,1
37,0,5,1.6185,1.087886023,0.5866324844,-13.87663171,-7.176670422,0.88419627,0,0
37,0,6,0.6141176471,1.255160972,0.3960352001,-12.26440832,-3.788502232,0.87072965,0,1
37,0,7,-0.7194117647,1.28161504,0.01651929232,-2.420753837,1.006339736,0.85558099,0,1
37,0,8,-0.06684210526,1.450215159,0.1451468892,6.071765954,4.849875689,0.83904720,0,1
37,0,9,-1.8405,1.141000219,0.2372957759,7.807678651,6.145394429,0.82142002,0,1
37,0,10,0.791875,1.672984414,0.08687727789,3.721330205,4.721923091,0.80297590,0,1
37,0,11,-1.041428571,1.453629342,0.01562909638,1.908745454,1.690886759,0.78396859,0,1
37,0,12,-0.7583333333,2.197828474,0.01776656291,2.383758499,-1.307434473,0.76462464,0,1
37,0,13,0.2625,3.899624715,0.0213571906,0.03342243325,-2.98067695,0.74514123,0,1
37,0,14,1.03,2.667490628,0.05457723085,-3.766541513,-2.918860817,0.72568595,0,1
38,-19,0,4.113333333,1.390618617,2.519750413,-29.40680823,-13.54876982,1.03131579,1,1
38,-19,1,1.385,1.221149616,1.782726576,-24.65560174,-11.56701183,1.02933357,1,1
38,-19,2,-1.874090909,0.9563532664,0.1576293422,-4.767451402,-6.546167212,1.02345478,1,1
38,-19,3,0.6254545455,1.116170348,0.0199962134,2.773777975,-0.7908730234,1.01387674,1,1
38,-19,4,0.1190909091,1.041852311,0.0270616276,-1.111199919,3.166084224,1.00090827,1,1
38,-19,5,0.9326086957,1.320954592,0.0360265894,0.8208923128,3.783492807,0.98494332,0,1
38,-19,6,1.757272727,0.9920286628,0.003308085492,0.07404815945,1.170824181,0.96643033,0,1
38,-19,7,1.584705882,1.21126146,0.1156717449,-6.200715806,-3.110590521,0.94584147,0,1
38,-19,8,0.4135294118,1.218041709,0.6619418423,-15.07834477,-6.931169161,0.92364537,0,1
38,-19,9,0.31375,1.25128793,0.6350132782,-13.76155525,-8.649490731,0.90028540,0,1
38,-19,10,0.2725,1.366092207,0.4956207507,-12.05850979,-7.796978367,0.87616452,0,1
38,-19,11,-0.2405263158,1.183514298,0.2553104422,-8.95310343,-5.105151246,0.85163630,0,1
38,-19,12,0.06866666667,1.391201399,0.01790128752,-1.895079895,-1.963775234,0.82700131,0,0
38,-19,13,1.477142857,1.430616215,0.003875285541,1.226188589,0.3297797398,0.80250760,0,1
38,-19,14,1.86375,1.990322681,0.008942889407,1.563925439,1.129062244,0.77835392,0,1
38,-19,15,2.9275,4.035400383,0.01344755802,2.293976093,0.5765958889,0.75469474,0,1
38,-19,16,-2.4225,2.705360035,0.00126835238,-0.3203560608,-0.6519690538,0.73164593,0,1
38,-19,17,-5.79,3.694282745,0.02686061543,-2.827170545,-1.78390896,0.70929064,0,1
38,-18,0,2.58,1.07667564,3.203413119,33.24488647,15.08447882,1.03083998,1,1
38,-18,1,4.531627907,0.8415149374,2.856674708,31.56365232,13.86510191,1.02886050,1,0
38,-18,2,0.5323255814,0.7012792915,0.8158451436,15.0045162,10.69078003,1.02298977,1,1
38,-18,3,0.9117391304,0.6801330009,0.2351916205,7.181510176,6.80266175,1.01342466,1,1
38,-18,4,-0.4909756098,0.7070629569,0.2997751226,10.54945363,3.664555335,1.00047330,1,1
38,-18,5,0.4108888889,0.6787470301,0.09870718509,5.96315337,2.346791783,0.98452883,0,1
38,-18,6,-0.1873913043,0.7317430342,0.09619982294,5.512750583,3.103713154,0.96603876,0,1
38,-18,7,0.7613157895,0.7659965808,0.2709399433,9.186048465,5.323506313,0.94547439,0,1
38,-18,8,0.9397142857,0.8970902998,0.8145587861,16.65028751,7.852453605,0.92330352,0,1
38,-18,9,1.94625,0.9155002581,0.9145453533,17.0223975,9.525229412,0.89996883,0,1
38,-18,10,1.412352941,1.247001827,0.9477153063,17.35415481,9.650156247,0.87587271,0,1
38,-18,11,-0.8928947368,0.8830423058,0.6687220415,14.50304004,8.23894922,0.85136831,0,1
38,-18,12,0.6705882353,0.9922969753,0.1375558049,4.726016142,5.907129153,0.82675591,0,1
38,-18,13,0.7896666667,1.120485577,0.04805851242,2.744528616,3.530165148,0.80228335,0,1
38,-18,14,0.4473333333,1.469982766,0.02242028159,2.436273452,1.841851647,0.77814932,0,1
38,-18,15,-1.434444444,2.358107829,0.003335477068,-0.1946139129,1.161823544,0.75450823,0,1
38,-18,16,2.4325,2.000623731,0.008651790139,1.332380869,1.35066471,0.73147598,0,1
38,-18,17,0.6475,5.069985823,0.03811681465,3.461050116,1.969629875,0.70913580,0,1
38,-17,0,1.859545455,1.285821192,2.186621135,-27.54324247,-12.29237819,1.02941650,1,1
38,-17,1,2.150652174,0.6828234569,1.654479691,-23.99900225,-10.60122054,1.02744518,1,1
38,-17,2,0.222195122,0.708502371,0.1281023411,-3.651100981,-6.321850898,1.02159851,1,1
38,-17,3,1.139555556,0.7998620434,0.08798313492,5.878553509,-1.430926654,1.01207201,1,1
38,-17,4,-0.4951282051,0.7231323856,0.0168357773,-1.834119046,1.907995837,0.99917179,0,1
38,-17,5,-0.5747916667,0.672567787,0.01422159071,-0.4294869486,2.394235268,0.98328848,0,1
38,-17,6,-1.498888889,0.7485272558,0.0322691284,-3.661023984,0.1493739357,0.96486691,0,1
38,-17,7,0.1302777778,1.017758468,0.2466052383,-9.517190995,-3.467268284,0.94437571,0,1
38,-17,8,-1.842941176,0.8459540416,0.6471787518,-15.00982515,-6.630280984,0.92228025,0,1
38,-17,9,0.9143333333,0.9305999857,0.4495941063,-11.12286385,-7.958220598,0.89902112,0,1
38,-17,10,1.12,0.8659266071,0.3327938727,-9.390201615,-7.090933431,0.87499903,0,1
38,-17,11,1.099117647,1.023764276,0.2669176691,-9.434996016,-4.693677557,0.85056586,0,1
38,-17,12,-0.172,0.9146155209,0.009695450999,-0.3680303646,-1.974410662,0.82602100,0,0
38,-17,13,-0.9573076923,1.048532082,0.000362225566,0.3867741081,-0.0332854495,0.80161174,0,1
38,-17,14,-2.050625,1.386996953,0.001006665552,0.2204007745,0.6084748619,0.77753646,0,1
38,-17,15,-0.373,1.766357269,0.006678711082,1.663325455,0.1095112531,0.75394952,0,1
38,-17,16,7.055,2.384514276,0.004309316294,-0.9649824127,-0.9282663387,0.73096685,0,1
38,-17,17,3.42,3.951977353,0.02623717799,-2.742888061,-1.841850028,0.70867188,0,1
38,-16,0,1.303,1.448098227,2.054687625,27.73126412,9.263880487,1.02705707,1,1
38,-16,1,0.5208510638,0.6946858433,1.522244381,23.64892895,8.605248823,1.02509926,1,1
38,-16,2,0.5011904762,0.7551554287,0.178432473,5.2015732,6.868738793,1.01929232,1,1
38,-16,3,1.552,0.6808368126,0.06856552012,-2.573987032,4.679843145,1.00982959,1,1
38,-16,4,-0.5765116279,0.6914177204,0.08356662374,5.185013212,2.807688212,0.99701385,0,1
38,-16,5,0.9531914894,0.6657253218,0.07172749385,5.133830347,1.866989662,0.98123161,0,1
38,-16,6,-0.2523809524,0.8190761211,0.1032148216,6.213073525,2.083201076,0.96292327,0,1
38,-16,7,0.7165,0.7529731486,0.2049703988,8.655966102,3.217321595,0.94255306,0,1
38,-16,8,0.6987804878,0.7840694496,0.3654039497,11.40626014,4.682062805,0.92058233,0,1
38,-16,9,-0.1166666667,1.003546164,0.2101635376,7.335920055,5.798427696,0.89744823,0,1
38,-16,10,2.116944444,0.9110253964,0.2269414313,7.580722124,6.078692087,0.87354869,0,1
38,-16,11,0.4608571429,0.9975918375,0.3466038904,10.72041598,5.410683247,0.84923348,0,1
38,-16,12,-1.762285714,0.894157088,0.1049221934,5.206801142,4.06713348,0.82480050,0,0
38,-16,13,0.8062068966,1.003554325,0.03659337854,2.95418924,2.548971896,0.80049613,0,1
38,-16,14,-0.448,1.458016004,0.007214874097,1.087606437,1.348638,0.77651826,0,1
38,-16,15,1.091,2.118166634,0.002426823884,-0.669505292,0.7492867152,0.75302108,0,1
38,-16,16,-0.1116666667,2.263939536,0.003294303576,0.9024840048,0.7457218771,0.73012067,0,1
38,-15,0,1.314285714,1.15072039,1.445946219,-22.99267091,-8.539072789,1.02378096,1,1
38,-15,1,0.386875,0.6635986043,1.020969809,-19.15434748,-7.607913402,1.02184179,1,1
38,-15,2,-0.8082978723,0.6872116042,0.06764375681,-0.6228943999,-5.268287071,1.01608972,1,1
38,-15,3,-0.1662790698,0.6792411778,0.1444798016,7.289513487,-2.64066103,1.00671509,1,1
38,-15,4,0.9402272727,0.679105741,0.002266875327,-0.295877997,-0.924974774,0.99401608,0,1
38,-15,5,0.02,0.6863891105,0.07350832693,-5.472781262,-0.7946297032,0.97837356,0,1
38,-15,6,0.3395238095,0.7313269554,0.2857616449,-10.70006161,-2.097232022,0.96022180,0,1
38,-15,7,-0.08282051282,0.9373474468,0.380923468,-11.93610935,-4.001324029,0.94001898,0,1
38,-15,8,1.733611111,0.8538263227,0.4429945468,-12.42286165,-5.47523242,0.91822093,0,1
38,-15,9,1.329210526,0.9016989166,0.1983150458,-6.978243496,-5.814817181,0.89526000,0,1
38,-15,10,-0.7825,0.8947928793,0.1274050312,-5.347430991,-4.940769845,0.87153028,0,1
38,-15,11,1.821351351,0.9443560148,0.08308525661,-4.836459164,-3.343032676,0.84737861,0,1
38,-15,12,0.93125,1.123279576,0.008638601482,-0.7211617121,-1.753274835,0.82310085,0,1
38,-15,13,-0.09,0.9721827675,0.005079732622,-1.241510912,-0.7563385224,0.79894207,0,1
38,-15,14,0.2584615385,1.519635097,0.008456705457,-1.794121075,-0.5472654751,0.77509946,0,1
38,-15,15,-2.826,1.730854124,0.002287937746,-0.3050286615,-0.926737585,0.75172701,0,1
38,-15,16,5.626666667,2.294358419,0.009095946074,-1.254686552,-1.486635276,0.72894093,0,0
38,-15,17,3.94,4.149472858,0.02079629245,-2.28610899,-1.85091841,0.70682527,0,1
38,-14,0,1.119583333,1.339424422,0.3300171002,11.7111144,0.3895644314,1.01961453,1,0
38,-14,1,0.5534146341,0.7713785261,0.2320668585,9.805819703,0.6294073996,1.01769889,1,1
38,-14,2,0.1610416667,0.6548350818,0.07949530042,-5.62531684,1.19558851,1.01201612,1,1
38,-14,3,0.4880952381,0.7728163375,0.2227935127,-9.471974705,1.724476683,1.00275277,1,1
38,-14,4,-0.4442222222,0.7087272337,0.01028016462,0.8844842646,1.869411289,0.99020125,0,1
38,-14,5,-1.301086957,0.7108998332,0.04229664216,3.912191157,1.513957198,0.97473535,0,1
38,-14,6,0.2194871795,0.864143109,0.04892227236,4.432905762,0.8385778432,0.95678165,0,1
38,-14,7,-1.449428571,0.8187935874,0.01092885591,2.122474953,0.204928804,0.93679072,0,1
38,-14,8,-0.7717948718,0.7614153401,0.004169030974,1.315505068,-0.06285590157,0.91521136,0,1
38,-14,9,-1.400277778,0.7870998886,0.01960361748,-2.852528601,0.1380847834,0.89246993,0,1
38,-14,10,-0.2521212121,1.03235157,0.001421345869,-0.4154509988,0.647104547,0.86895561,0,1
38,-14,11,-0.1010810811,0.8569864557,0.04247653835,4.043019001,1.15158513,0.84501154,0,0
38,-14,13,-1.704230769,1.341075249,0.009495461131,1.579024172,1.207154377,0.79695723,0,1
38,-14,14,-0.4308333333,1.582704261,0.01046173634,1.942070082,0.7621789717,0.77328667,0,1
38,-14,15,2.74875,2.884038239,0.0009835180478,-0.5828510279,0.2635762417,0.75007297,0,1
38,-14,16,-1.055,4.172088805,0.0006556140043,-0.516724674,-0.0758981738,0.72743249,0,1
38,-13,0,-1.145833333,0.9925552437,0.2081131026,-8.919801855,-2.649820457,1.01459064,1,1
38,-13,1,-0.213255814,0.8011468607,0.2515587448,-9.878732007,-2.659024125,1.01270313,1,1
38,-13,2,-0.7965116279,0.8534978439,0.01907430572,0.7294449899,-2.720970292,1.00710317,1,1
38,-13,3,0.7139534884,0.7598553761,0.09373563133,5.530271768,-2.900747133,0.99797287,0,1
38,-13,4,-0.254,0.6849838456,0.05367032934,-3.466555959,-3.211270994,0.98559779,0,1
38,-13,5,0.6229787234,0.668242765,0.2016563437,-8.441728963,-3.554620023,0.97034330,0,1
38,-13,6,-0.1276315789,0.7604368459,0.3082793803,-10.68872547,-3.742891843,0.95262682,0,1
38,-13,7,-0.5454054054,0.819075194,0.1959030261,-8.280479444,-3.596961583,0.93288987,0,1
38,-13,8,0.5441176471,1.006195347,0.09826722722,-5.612709108,-3.062855528,0.91157289,0,1
38,-13,9,-0.5094594595,0.7755960972,0.0145522361,-0.9554617253,-2.267482703,0.88909502,0,1
38,-13,10,0.03470588235,0.8549966627,0.009439399972,-1.327443068,-1.471431264,0.86583958,0,1
38,-13,11,0.1248571429,0.868180128,0.02807086544,-3.285088017,-0.9417747262,0.84214522,0,0
38,-13,13,0.5358333333,1.231578155,0.006657121648,-1.291898313,-1.049123852,0.79455128,0,1
38,-13,15,0.0325,1.905649906,0.00953055459,-1.01267898,-1.71453223,0.74806612,0,1
38,-13,16,3.135,4.309025412,0.01080342212,-1.213454376,-1.738458548,0.72560149,0,1
38,-12,0,-0.5868181818,0.9828551973,0.4667098392,-11.641256,-7.658553973,1.00874799,1,1
38,-12,1,1.203043478,0.7243437723,0.1754906668,-5.509136145,-6.531571907,1.00689284,1,1
38,-12,2,1.070909091,0.6890169965,0.1580289801,-7.218379456,-3.693529937,1.00138820,1,1
38,-12,3,0.81925,0.7184792099,0.1544003831,-7.999895951,-0.4890506765,0.99241107,0,1
38,-12,4,-0.7786363636,0.8129648835,0.00772813331,-0.7493042158,1.629047063,0.98023923,0,1
38,-12,5,0.2019565217,0.6899167096,0.01376773916,1.553596097,1.820532357,0.96522844,0,1
38,-12,6,1.236153846,0.7743980292,0.005263596036,1.462833682,0.2236300013,0.94778566,0,1
38,-12,7,0.2738888889,0.8267028815,0.05422908186,-4.209054244,-2.201272397,0.92834200,0,1
38,-12,8,0.6464864865,0.7979295249,0.1985647176,-8.048258204,-4.223434117,0.90732832,0,1
38,-12,9,-0.1102631579,0.7925255049,0.3386643931,-10.78260525,-4.963370628,0.88515542,0,1
38,-12,10,0.4756756757,0.7977572196,0.1271610485,-5.896741157,-4.258304924,0.86219985,0,1
38,-12,11,-1.14972973,0.9717603826,0.01781477321,-0.731142528,-2.622437365,0.83879507,0,1
38,-12,12,-1.963823529,0.9138671206,0.01876962062,-2.650259915,-0.8860750511,0.81522741,0,1
38,-12,14,-1.016428571,1.44903152,0.008536388733,1.814724591,0.5082287082,0.76851406,0,1
38,-12,15,0.93,2.373154254,0.0009116793795,-0.6127527597,0.0619168269,0.74571502,0,1
38,-12,16,-1.52,4.136885906,0.008448912901,-1.756595884,-0.6553615641,0.72345531,0,1
38,-11,0,2.612857143,0.9969260009,0.3095187412,10.57414017,4.118407593,1.00213028,1,1
38,-11,1,0.5493181818,0.7811722366,0.05098473886,3.175493142,3.335893951,1.00031134,1,1
38,-11,2,-1.498863636,0.6947283047,0.02098846318,2.655198794,1.296944221,0.99491336,0,1
38,-11,3,-0.6518604651,0.6868343919,0.006879004525,1.191120992,-1.201335153,0.98610772,0,1
38,-11,4,-0.02863636364,0.7475679801,0.1510377862,-7.250901055,-3.203583629,0.97416358,0,1
38,-11,5,-0.14,0.7282907522,0.1837279,-7.781776741,-3.985351048,0.95942601,0,1
38,-11,7,0.885,0.820000941,0.01631333219,2.049408727,-1.60841661,0.92317621,0,1
38,-11,8,-0.2103225806,0.9223406974,0.02614553805,3.267433554,0.448996745,0.90250364,0,1
38,-11,9,-1.462571429,0.857366139,0.07630598419,5.252798918,2.038339009,0.88067416,0,1
38,-11,10,2.040625,0.9328293026,0.02419417959,1.770977952,2.632395162,0.85805667,0,1
38,-11,11,1.931891892,0.8811368329,0.0244879408,-2.351632576,2.158219012,0.83497874,0,1
38,-11,13,1.37625,1.118281843,0.005021474775,1.398988746,-0.3633041552,0.78852404,0,1
38,-11,15,2.3375,3.50033183,0.008010675683,-0.8871572314,-1.595541766,0.74302957,0,1
38,-11,16,15.44,8.5,0.01168820737,-1.808527959,-1.261763343,0.72100246,0,1
38,-10,0,0.2495652174,0.9716354385,1.58932355,-22.72693645,-12.02981544,0.99478541,0,1
38,-10,1,1.518,0.6987640588,0.8416193542,-15.58646262,-10.35440479,0.99300609,0,1
38,-10,2,1.301304348,0.6906592902,0.265323097,-8.544686485,-6.113483294,0.98772490,0,1
38,-10,3,-0.8909302326,0.7663422791,0.0616621982,-4.905245366,-1.262068344,0.97910711,0,1
38,-10,4,-0.3045652174,0.7277579697,0.02134486952,2.154305113,2.058979237,0.96741255,0,1
38,-10,5,0.08833333333,0.7309926699,0.04818979714,3.673623692,2.560002464,0.95297476,0,1
38,-10,6,-1.248378378,0.7777125531,0.001916145002,0.8192153106,0.3550898512,0.93617648,0,1
38,-10,7,-0.395952381,0.8188454706,0.1743144077,-7.884023848,-3.219441551,0.91742463,0,1
38,-10,8,-0.08648648649,0.8557743465,0.5275474395,-13.37797141,-6.365009805,0.89712763,0,0
38,-10,9,2.110571429,0.880578335,0.6016598243,-13.81206932,-7.716495087,0.87567676,0,1
38,-10,10,1.276388889,0.9855265415,0.3106272224,-9.02672076,-6.910369874,0.85343250,0,1
38,-10,11,-0.5521621622,0.8559630563,0.06676659718,-2.590398503,-4.589961201,0.83071592,0,1
38,-10,12,-0.1251428571,0.9226813632,0.0306084806,-2.999198245,-1.933730819,0.80780438,0,1
38,-10,14,-0.757,1.628587118,0.001123488436,0.2520523152,0.6355244802,0.76228591,0,1
38,-10,15,1.8925,3.351324054,0.002937838474,-1.09148403,0.1758851622,0.74002085,0,1
38,-9,0,2.460833333,0.9658971434,1.317292741,21.35140051,9.600559408,0.98676451,0,1
38,-9,1,0.2912195122,0.7715783787,0.8134169776,16.32610302,8.477996119,0.98502782,0,1
38,-9,2,0.7402222222,0.6987872033,0.2733800684,9.096248311,5.567465705,0.97987224,0,1
38,-9,3,-0.9382222222,0.6862498555,0.01131199738,0.7414233841,2.038771983,0.97145662,0,1
38,-9,4,0.8660869565,0.6741352369,0.1077067896,-6.65344072,-0.7366116459,0.96003089,0,1
38,-9,5,0.61425,0.7546321538,0.03846074066,-3.587530105,-1.769470597,0.94591630,0,1
38,-9,6,-2.399,0.7636147001,0.01629717493,2.462826501,-0.8454842407,0.92948214,0,1
38,-9,7,-1.47975,0.746623985,0.1683788503,8.244997249,1.439860197,0.91112189,0,1
38,-9,8,1.208888889,0.97787945,0.2899778556,10.23036285,3.997938209,0.89123137,0,1
38,-9,9,0.4581081081,0.8828836896,0.2896223089,9.351661197,5.748246981,0.87019087,0,1
38,-9,10,0.6086486486,1.035117913,0.1474829166,4.956875623,6.065386431,0.84835176,0,1
38,-9,11,0.8127777778,0.9075249449,0.06419146199,1.383459038,4.979214519,0.82602799,0,1
38,-9,12,0.6258064516,0.967839995,0.06381755325,4.139388871,3.068620708,0.80349175,0,1
38,-9,14,-0.1590909091,1.59289694,0.01093458255,2.127064684,-0.1577152879,0.75865883,0,1
38,-8,0,1.957391304,1.095455438,1.965139116,-25.89873725,-12.11782537,0.97812115,0,0
38,-8,1,1.72627907,0.7118417751,0.8374059926,-15.49417422,-10.4081282,0.97642962,0,1
38,-8,2,0.06952380952,0.7196268559,0.4167005485,-11.67900674,-6.080047445,0.97140719,0,1
38,-8,3,1.264222222,0.6957968697,0.04706919777,-4.278966979,-1.12842611,0.96320599,0,1
38,-8,4,0.4984090909,0.8862499649,0.1430971783,7.377372191,2.260363604,0.95206559,0,1
38,-8,5,1.109722222,0.8127446925,0.1901131377,8.452359129,2.76644963,0.93829443,0,1
38,-8,6,0.5197619048,0.7353246387,0.001324731345,0.5463482836,0.5026443985,0.92224767,0,1
38,-8,7,-0.7276470588,0.8342605971,0.2611089352,-9.929845503,-3.167212106,0.90430460,0,1
38,-8,8,0.2408108108,0.9195349375,0.4213150868,-11.58884595,-6.401927868,0.88484781,0,1
38,-8,9,1.07,0.9426828335,0.5473794375,-12.91931415,-7.799089328,0.86424586,0,1
38,-8,10,0.1920512821,1.035931142,0.2539267107,-7.544693233,-6.980153274,0.84284042,0,0
38,-8,11,-0.3445714286,1.101268279,0.06989222217,-2.812219143,-4.601057741,0.82093781,0,1
38,-8,12,-0.06068965517,0.993538219,0.04359451506,-3.825174115,-1.872250665,0.79880461,0,1
38,-8,13,0.02352941176,1.313826789,0.01153039072,-2.188233501,0.09378396355,0.77666650,0,1
38,-8,14,-0.90125,2.020943413,0.001788707476,-0.4093584404,0.7593473846,0.75470957,0,1
38,-7,0,2.719047619,1.056986689,2.613130768,30.85918327,11.61424863,0.96891039,0,1
38,-7,1,1.132826087,0.7116842419,1.083148899,18.35218266,10.66939849,0.96726611,0,1
38,-7,2,0.1195555556,0.7239528806,0.5007972508,11.87174728,8.21071272,0.96238306,0,1
38,-7,3,-0.0256097561,0.7289779176,0.2601284638,9.009040133,5.202147622,0.95440644,0,1
38,-7,4,0.3497674419,0.7902563813,0.03128054192,2.2993774,2.779743928,0.94356518,0,1
38,-7,5,0.4628947368,0.7965705579,0.007646401266,0.1987889057,1.772492569,0.93015445,0,1
38,-7,6,0.3480952381,0.7625572264,0.04091473303,3.374181857,2.374292836,0.91451482,0,1
38,-7,7,1.025625,0.9188588577,0.2996402504,10.38288298,4.106040162,0.89701085,0,0
38,-7,8,1.016,0.905711216,0.3569807157,10.56814419,6.069132275,0.87801128,0,1
38,-7,9,1.553513514,0.8621525459,0.4106846533,10.80327873,7.358835575,0.85787243,0,1
38,-7,10,-1.405897436,0.8489994498,0.2862118719,7.981183035,7.44162164,0.83692573,0,1
38,-7,11,0.6181081081,0.880931798,0.1698298419,5.527726561,6.332542449,0.81546941,0,1
38,-7,12,-2.104,1.082556213,0.1935318777,7.754180593,4.515600888,0.79376401,0,1
38,-7,13,0.8123529412,1.280848686,0.08977123171,5.495242255,2.674169726,0.77203109,0,1
38,-7,14,1.1525,2.577123085,0.02016440927,2.547885232,1.377527599,0.75045417,0,1
38,-7,15,-1.57,3.964404117,0.0122127962,2.079686914,0.8694682321,0.72918143,0,1
38,-6,0,2.529166667,0.9666299382,1.21509994,-20.49734116,-9.2409549,0.95918799,0,1
38,-6,1,0.8027906977,0.73474432,0.8227343076,-16.69281451,-7.977745941,0.95759263,0,1
38,-6,2,-1.331590909,0.7579771638,0.1620686651,-6.669783526,-4.789764484,0.95285391,0,1
38,-6,3,0.7430232558,0.7595181587,0.004498296397,-0.7074595587,-1.170894807,0.94511000,0,1
38,-6,4,-0.6123809524,0.7230402789,0.06195830904,4.919723012,1.25449971,0.93457900,0,1
38,-6,5,0.3307894737,0.8369214213,0.0496121159,4.277901484,1.529846768,0.92154254,0,1
38,-6,6,-0.06891891892,0.9926849404,0.0007349785011,0.5084805949,-0.2173283402,0.90632627,0,1
38,-6,7,0.1467567568,0.9835305234,0.09018346823,-5.378360162,-2.931488028,0.88927963,0,1
38,-6,8,-1.102222222,0.8519929432,0.3055118151,-9.987840396,-5.229694461,0.87075707,0,1
38,-6,9,0.3491428571,0.889502498,0.2909793993,-9.159603397,-6.096079622,0.85110223,0,1
38,-6,10,0.7466666667,0.9731029389,0.1630768625,-6.298390923,-5.30825615,0.83063586,0,1
38,-6,11,-0.7131578947,0.8717423331,0.03741405338,-1.970450753,-3.418077424,0.80964769,0,1
38,-6,12,-1.418518519,1.064765023,0.02905939835,-3.19840579,-1.3638979,0.78839189,0,0
38,-6,13,0.29,1.574952601,0.01090988638,-2.130251145,0.03215007311,0.76708554,0,1
38,-6,14,0.2271428571,2.573964622,0.0004209450854,-0.061524632,0.4139405915,0.74590940,0,0
38,-5,0,3.05826087,1.034799141,1.055812473,18.80031649,9.263562446,0.94900964,0,1
38,-5,1,0.9525,0.7209002779,0.836248444,16.39413635,8.896587468,0.94746445,0,0
38,-5,2,0.783902439,0.7441114261,0.551373907,12.91346016,7.914473966,0.94287379,0,1
38,-5,3,1.911818182,0.7272961644,0.5514531521,13.61719018,6.633359069,0.93536877,0,1
38,-5,4,0.5913953488,0.7527711508,0.298048967,9.706704,5.457259094,0.92515656,0,1
38,-5,5,-0.4605405405,0.9385418492,0.1262733321,5.489364881,4.733102614,0.91250516,0,1
38,-5,6,-1.088285714,0.8063506605,0.09386842672,4.207301164,4.620833857,0.89772507,0,1
38,-5,7,-0.1697435897,0.8882239392,0.1777410421,6.97382086,5.03131122,0.88115039,0,1
38,-5,8,-0.2381081081,0.8367949045,0.277442166,9.12966876,5.663706505,0.86312098,0,1
38,-5,9,0.1725,0.9759908579,0.2867075473,9.037227251,6.13284291,0.84396747,0,1
38,-5,10,-0.4755,0.9371777703,0.2409041292,7.912641579,6.133274751,0.82399958,0,1
38,-5,11,-0.4742424242,0.9737083548,0.16964895,6.293378488,5.565517302,0.80349818,0,1
38,-5,12,-0.5156521739,1.130281595,0.1921716424,7.687890476,4.566003612,0.78271076,0,1
38,-5,13,0.4244444444,1.756800543,0.1127460412,5.92810006,3.430022623,0.76184967,0,1
38,-5,14,0.7016666667,2.215519127,0.03854246717,3.151611926,2.470372972,0.74109262,0,1
38,-5,15,-1.725,9.285,0.01258663633,1.299156466,1.88382575,0.72058467,0,1
38,-4,0,1.319545455,1.041366811,0.8025690582,-17.4776841,-5.332484767,0.93843030,0,1
38,-4,1,0.2019512195,0.8605600289,0.1667949453,-6.816311036,-4.788747762,0.93693614,0,1
38,-4,2,0.1035555556,0.7721715513,0.06101482382,-3.685890432,-3.43498522,0.93249610,0,1
38,-4,3,0.51,0.8892808824,0.03491619104,-3.274280699,-1.950843981,0.92523428,0,1
38,-4,4,-0.1815909091,0.8593422028,0.002647109159,-0.04276609262,-1.048564525,0.91534696,0,1
38,-4,5,0.08378378378,0.8987230975,0.003063790641,0.2622213569,-1.098141478,0.90308846,0,1
38,-4,6,1.957647059,0.8775663215,0.0228421991,-2.383628237,-1.9549166,0.88875413,0,1
38,-4,7,-1.462777778,0.8562282258,0.1500989791,-7.280572304,-3.07265278,0.87266257,0,1
38,-4,8,-0.4502631579,1.011879755,0.1320434667,-6.351834477,-3.819714847,0.85513894,0,1
38,-4,9,-0.03108108108,0.8876605538,0.1690365804,-7.470799924,-3.80972057,0.83650058,0,1
38,-4,10,0.1145,0.8662876846,0.06664967368,-4.279657568,-3.068190654,0.81704593,0,1
38,-4,11,0.5607142857,1.033944609,0.009634681017,-0.3770114533,-1.966296805,0.79704676,0,0
38,-4,12,-1.644375,1.568054785,0.003492960984,-0.6909605163,-0.9878271513,0.77674355,0,1
38,-4,13,-0.8855555556,1.998692705,0.0006082500858,-0.163288232,-0.4758112587,0.75634367,0,1
38,-4,16,6.23,6.52,0.005306445159,-0.8177294621,-1.240579884,0.69615503,0,1
38,-3,0,-0.2171428571,1.053369391,0.1094041308,5.664785439,3.664320729,0.92750361,0,1
38,-3,1,-0.3064285714,0.9675547697,0.06631567656,3.381500035,4.019423152,0.92606095,0,0
38,-3,2,0.4595238095,0.7832742671,0.3221485487,10.49608777,4.884714023,0.92177303,0,1
38,-3,3,0.2344186047,0.8425818113,0.5320822264,13.71258045,5.773671417,0.91475699,0,1
38,-3,4,-0.71825,0.8888179191,0.3090618874,9.503666756,6.185787573,0.90519833,0,1
38,-3,5,-0.3802702703,0.8061613086,0.2357490461,7.9714816,5.876877616,0.89333783,0,1
38,-3,6,1.385128205,0.8122786757,0.2001195994,7.65016507,4.973301825,0.87945575,0,1
38,-3,7,0.9879487179,0.8692346347,0.1618272422,7.232260732,3.875799015,0.86385522,0,1
38,-3,8,1.21025,0.8377239999,0.06114409565,4.03643045,3.024222852,0.84684660,0,1
38,-3,9,-1.290277778,0.9002307893,0.07917310253,5.081636462,2.667685042,0.82873387,0,1
38,-3,10,-1.923888889,0.875583095,0.07489810651,4.848809366,2.765868701,0.80980399,0,1
38,-3,12,0.425,1.662687902,0.05956002867,3.784514128,3.233744628,0.77051333,0,1
38,-3,13,1.8275,2.000664845,0.04601713958,3.083320539,3.104566766,0.75058798,0,1
38,-3,14,1.476666667,2.279693571,0.03526050948,2.744237235,2.671913228,0.73071426,0,1
38,-3,15,-2.07,3.908484361,0.03237142099,3.017968436,2.088021559,0.71103337,0,1
38,-2,0,0.2304545455,1.160876754,0.008266544969,-0.6048389806,-1.753118485,0.91628133,0,0
38,-2,1,-0.0335,0.8362920719,0.02508609988,-2.597781347,-1.92054113,0.91489033,0,1
38,-2,2,-0.1510869565,0.7284186721,0.05644750545,-4.223161186,-2.376891123,0.91075504,0,1
38,-2,3,-1.205853659,0.7446131351,0.0712698069,-4.550588884,-2.990583033,0.90398576,0,1
38,-2,4,0.4407317073,0.7569016574,0.0484379515,-2.724491472,-3.567844341,0.89475742,0,1
38,-2,5,-0.05119047619,0.7843453963,0.07968579379,-4.234721109,-3.901283427,0.88329747,0,1
38,-2,6,-0.06857142857,0.8913991592,0.1986148789,-8.239664127,-3.839356756,0.86987125,0,1
38,-2,7,-1.378709677,0.9534787176,0.2589066446,-9.822249941,-3.352643484,0.85476659,0,1
38,-2,8,1.288484848,0.9167626296,0.1687986884,-7.979059296,-2.561730143,0.83827905,0,1
38,-2,9,0.1639473684,0.9502123398,0.04420553605,-3.936164506,-1.702380911,0.82069924,0,1
38,-2,10,1.034722222,0.8940533565,0.003376791258,-0.5786442438,-1.034440874,0.80230255,0,1
38,-2,11,-1.408888889,1.127000574,0.01185930782,2.09653796,-0.7338488807,0.78334190,0,1
38,-2,12,-0.08642857143,1.44833666,0.00612807565,1.369773175,-0.8205343501,0.76404317,0,1
38,-1,0,-0.6529166667,1.004333752,0.1346878695,-7.034306675,-2.56022321,0.90481303,0,1
38,-1,1,-0.6906818182,0.7289899825,0.05909458901,-4.686791351,-1.618639707,0.90347353,0,1
38,-1,2,0.1030952381,0.7710706833,0.005915929407,1.378748665,0.7485618925,0.89949045,0,1
38,-1,3,-0.4813888889,0.8461104428,0.1195937202,6.176458628,3.407011431,0.89296747,0,0
38,-1,4,1.594047619,0.8372273984,0.1864258019,7.16023186,5.127631082,0.88406919,0,1
38,-1,5,1.540769231,0.8299793816,0.2493334222,8.761670162,5.192981513,0.87301001,0,1
38,-1,6,-1.441052632,0.9071394389,0.2486548546,9.471185995,3.70786222,0.86004065,0,1
38,-1,7,0.325,0.9511239383,0.1005637235,6.298298206,1.473252526,0.84543382,0,1
38,-1,8,-0.2229411765,0.9772955088,0.007292029717,1.676553043,-0.4722100405,0.82947050,0,1
38,-1,9,-1.642972973,0.8628435416,0.00457221942,-0.1348905495,-1.372608291,0.81242794,0,1
38,-1,10,0.86,1.127439859,0.003450051655,-0.5483907191,-1.065196848,0.79456993,0,1
38,-1,11,0.1194736842,1.259565396,0.01134284681,-2.171895133,0.0447896549,0.77613981,0,1
38,-1,12,-0.80875,1.831203498,0.00732298498,-1.189179859,1.277709854,0.75735590,0,1
38,-1,13,1.86125,1.833282575,0.0112845348,0.7087195109,2.0475817,0.73840928,0,1
38,-1,14,-1.721666667,2.166945495,0.02921436768,2.776233211,2.108795972,0.71946333,0,0
38,-1,15,2.54,4.57,0.02309422853,2.662744543,1.586830037,0.70065459,0,1
38,0,0,-2.8625,1.904753673,0.002542318961,-0.03038333817,1.028005797,0.89314567,0,1
38,0,1,1.506842105,1.38705124,0.02306009365,3.072046186,0.3956875671,0.89185725,0,1
38,0,2,0.9605,1.217194677,0.004016713371,0.3604254869,-1.241461615,0.88802520,0,1
38,0,3,-1.1845,1.115998432,0.07351603836,-4.498819885,-3.216612978,0.88174676,0,1
38,0,4,-1.015238095,1.058878477,0.1165531527,-5.099363208,-4.742135604,0.87317653,0,1
38,0,5,-0.6804761905,1.074737008,0.2193139138,-7.986998662,-5.239494952,0.86251624,0,1
38,0,6,-1.599,1.232395805,0.3282475044,-10.75708844,-4.566265205,0.85000233,0,1
38,0,7,-1.606470588,1.589350344,0.2889097457,-10.53204554,-3.045565453,0.83589272,0,1
38,0,8,0.84,1.311622006,0.06817244969,-5.165349658,-1.296907485,0.82045404,0,1
38,0,9,-2.563888889,1.267833892,0.003921673158,-1.27660655,0.04322249602,0.80395030,0,1
38,0,10,-0.5092857143,1.796632523,0.01057202855,2.015478022,0.5799033116,0.78663375,0,1
38,0,11,-2.805,2.114452817,0.04482464531,4.308886315,0.2873461653,0.76873809,0,1
38,0,12,1.5525,3.08242971,0.001451911548,0.5641759641,-0.5345708618,0.75047399,0,1
38,0,13,4.2775,2.558706949,0.01191545026,-1.703600365,-1.433565198,0.73202677,0,1
38,0,14,3.996666667,3.33396494,0.02804531382,-2.758899204,-2.014097187,0.71355573,0,1
39,-19,0,-0.2208695652,0.9766894625,0.002123736234,-0.8127705809,-0.4722010186,1.00476170,1,1
39,-19,1,-0.185,0.8725374007,0.01387671347,-2.258331644,-0.8205335421,1.00292842,1,1
39,-19,2,-0.5351219512,0.7503092957,0.03902384264,-3.673306803,-1.656046899,0.99748819,0,1
39,-19,3,-0.09166666667,0.6683457371,0.0545035159,-4.067035808,-2.476920353,0.98861462,0,1
39,-19,4,0.4306818182,0.7298214614,0.05925000431,-4.107066663,-2.789743869,0.97658025,0,1
39,-19,5,-0.9995454545,0.6909352567,0.01925893668,-1.503579184,-2.398298094,0.96173440,0,1
39,-19,6,0.2469767442,0.7476661758,0.00770366146,-0.9667468625,-1.506807969,0.94447700,0,1
39,-19,7,-0.06575,0.7561923532,0.001818280741,-0.6440498788,-0.5845394302,0.92523216,0,1
39,-19,8,-0.21,0.8511160493,0.00142218249,-0.7644084113,-0.08585848774,0.90442426,0,1
39,-19,9,0.2321875,0.8754966225,0.004612018949,-1.370713258,-0.1998813148,0.88245848,0,1
39,-19,10,0.76525,0.8198229943,0.01451687955,-2.333253506,-0.77175325,0.85970676,0,1
39,-19,11,-0.05571428571,0.899460564,0.01665013302,-2.214071964,-1.423056483,0.83649901,0,1
39,-19,12,1.007272727,1.143255359,0.007788933041,-0.2667592221,-1.780276968,0.81311902,0,1
39,-19,13,-1.530833333,1.115186979,0.01047921598,-1.25354614,-1.669864479,0.78980405,0,1
39,-19,16,-2.802,2.362961701,0.0004107014254,-0.403545491,-0.08956174946,0.72198060,0,1
39,-18,0,2.540454545,1.025114285,0.6175399014,-14.68045687,-6.434948951,1.00388226,1,1
39,-18,1,0.7818181818,0.7075450443,0.4979231311,-13.19851979,-5.740862231,1.00205378,1,1
39,-18,2,-0.3177272727,0.8926818316,0.2513014812,-9.42637343,-3.961843775,0.99662769,0,1
39,-18,3,0.4995121951,0.7090149512,0.0536075881,-4.339953215,-1.862249856,0.98777686,0,1
39,-18,4,0.006444444444,0.7067152038,0.001523131263,-0.734877099,-0.3060176137,0.97577270,0,1
39,-18,5,-0.3675,0.7022241451,0.003234056461,-1.151731677,0.1379388689,0.96096309,0,1
39,-18,6,0.6709302326,0.8718921275,0.000874025497,0.1976421534,-0.5697117762,0.94374643,0,1
39,-18,7,-0.2102439024,0.7924931705,0.009341204519,-0.1324266961,-1.966932766,0.92454532,0,1
39,-18,8,-0.056875,0.8889030503,0.082609472,-4.813553757,-3.346484297,0.90378269,0,1
39,-18,9,-0.2894444444,0.8343193241,0.2412394488,-9.142627652,-4.096196235,0.88186250,0,1
39,-18,10,1.479473684,0.8342922922,0.194607547,-8.083003715,-3.953548507,0.85915567,0,1
39,-18,11,0.4771428571,0.9640136311,0.07329750123,-4.592316776,-3.066868885,0.83599133,0,1
39,-18,12,-0.25875,1.105336647,0.04033389276,-3.648134958,-1.863283478,0.81265271,0,1
39,-18,15,-0.5325,1.954430863,0.0001654587378,0.1978247765,-0.17234743,0.74374285,0,1
39,-18,16,4.406666667,2.217936353,0.001034472281,-0.4655029979,-0.4622704492,0.72165411,0,1
39,-17,0,1.785909091,1.202318226,0.3560431377,10.15854725,6.703273929,1.00213028,1,1
39,-17,1,-1.928478261,0.6780084536,0.3132498783,10.06534309,5.38654906,1.00031134,1,1
39,-17,2,0.7719148936,0.6869852326,0.06959408993,4.946241419,2.118718537,0.99491336,0,1
39,-17,3,0.07348837209,0.7030957197,0.01335332398,-1.873246888,-1.430569688,0.98610772,0,1
39,-17,4,0.03523809524,0.7116212208,0.04446171186,-2.477550514,-3.515652983,0.97416358,0,1
39,-17,5,0.5429787234,0.6638685886,0.02606677101,-0.6233650339,-3.233630391,0.95942601,0,1
39,-17,6,-0.3332432432,0.7930872355,0.004151457452,0.9194338863,-0.9390603819,0.94229038,0,1
39,-17,7,-1.11902439,0.8563878911,0.02621981503,2.595776534,2.042196576,0.92317621,0,1
39,-17,8,-0.7988571429,0.8724095649,0.1498475143,6.694214918,4.186979121,0.90250364,0,1
39,-17,9,-0.2757142857,0.843937806,0.2052036512,8.03082606,4.569440196,0.88067416,0,1
39,-17,10,-0.2902941176,1.025082535,0.08914779365,5.152423619,3.246848276,0.85805667,0,1
39,-17,11,0.5132432432,0.8771651936,0.01312371685,2.069740286,1.084542202,0.83497874,0,1
39,-17,12,-1.24625,0.9530607048,0.001831876109,-0.3383496321,-0.804774753,0.81172249,0,1
39,-17,13,-0.4663636364,1.137105394,0.006657667607,-0.2149844726,-1.650354788,0.78852404,0,1
39,-17,14,0.237,1.674380482,0.006861748075,-1.042569608,-1.329603143,0.76557568,0,1
39,-17,15,-0.4025,2.217909046,0.001671037208,-0.7824083875,-0.2882078642,0.74302957,0,1
39,-17,16,-1.698333333,2.232892991,0.002757489772,0.7079603159,0.8037611551,0.72100246,0,1
39,-17,17,3.74,5.02,0.01093406268,1.586618351,1.425378617,0.69958061,0,1
39,-16,0,1.483913043,1.077232903,0.9921109811,-17.80226276,-9.789905184,0.99951943,0,1
39,-16,1,2.302045455,0.8600737824,1.005270474,-18.6941255,-8.292612097,0.99771464,0,1
39,-16,2,-0.3143181818,0.7066277879,0.4874124002,-13.5097203,-4.502548654,0.99235837,0,1
39,-16,3,-1.489090909,0.7318622037,0.00870140073,-1.895263369,-0.1677824082,0.98361980,0,1
39,-16,4,-1.119069767,0.7181086588,0.07382327705,4.78567461,2.794838645,0.97176475,0,1
39,-16,5,-1.008604651,0.718591552,0.06827750105,4.242656526,3.225891785,0.95713416,0,1
39,-16,6,0.6608108108,0.9462462887,0.01413835937,2.096522289,1.219339112,0.94011888,0,1
39,-16,7,0.68225,0.7575630337,0.02589320951,-2.575003225,-2.035214601,0.92113391,0,1
39,-16,8,-0.8272972973,0.7960954295,0.2296086833,-8.440870174,-4.92739819,0.90059521,0,1
39,-16,9,1.054411765,0.9067844101,0.367074425,-10.67529318,-6.225559485,0.87890062,0,1
39,-16,10,-0.1630555556,0.9191795703,0.2636412066,-8.857620571,-5.588305725,0.85641604,0,1
39,-16,11,-0.6161111111,0.8973350561,0.1570629541,-7.249417446,-3.576478964,0.83346673,0,1
39,-16,12,0.6806060606,1.029059307,0.04287165875,-4.037644226,-1.238534587,0.81033312,0,1
39,-16,13,-2.020869565,1.130475083,0.0008073527293,-0.3590322055,0.4549625625,0.78725024,0,1
39,-16,14,-0.964,1.881282187,0.01120928139,1.899990326,1.026451226,0.76440973,0,1
39,-16,16,-1.2175,3.01714476,0.001471336848,-0.6994171502,-0.3506536378,0.72002828,0,1
39,-16,17,6.08,4.76,0.008075408955,-1.371834568,-1.215649354,0.69869060,0,1
39,-15,0,0.7359090909,1.155519909,0.9709756413,15.72982855,12.51167632,0.99606983,0,1
39,-15,1,1.266666667,0.708369925,0.9681658308,17.04700077,10.59246466,0.99428363,0,1
39,-15,2,-0.2109302326,0.7144682458,0.5195362138,13.50566509,5.809255469,0.98898213,0,1
39,-15,3,-0.5184782609,0.7342098824,0.01328071928,2.284706124,0.5527156961,0.98033168,0,1
39,-15,4,-0.2733333333,0.7297119952,0.05411500781,-3.929723329,-2.659239068,0.96859371,0,0
39,-15,5,-0.1955555556,0.7049300098,0.02302756011,1.839559519,-2.489281378,0.95410376,0,1
39,-15,6,0.5978378378,0.8861924776,0.0981213318,6.359760286,0.6134635867,0.93724675,0,1
39,-15,7,-0.09083333333,0.8867775061,0.3185372649,10.46607461,4.794488009,0.91843180,0,1
39,-15,8,1.334848485,0.8807296729,0.6988030173,15.12385122,7.874174143,0.89806936,0,1
39,-15,9,-0.1914285714,0.8158898985,0.7306623166,15.23525684,8.477932822,0.87655247,0,1
39,-15,10,-0.8058823529,0.9667472261,0.2886219165,8.740517101,6.609316381,0.85424310,0,1
39,-15,11,0.7108571429,1.08871178,0.05605434582,3.390919676,3.438428925,0.83146344,0,1
39,-15,13,-0.258,1.225671373,0.003427903178,-0.7015795746,-0.9664098729,0.78556141,0,1
39,-15,16,1.795,3.941655743,0.02237675268,2.447792581,1.8215508,0.71873550,0,1
39,-14,0,1.331818182,0.9960480796,0.9835916407,-17.23846774,-10.58553748,0.99180764,0,1
39,-14,1,1.133829787,0.7019893481,0.9113513473,-17.39325485,-8.754304506,0.99004422,0,1
39,-14,2,0.6937209302,0.8534423828,0.3146955323,-10.67048048,-4.131385459,0.98480990,0,1
39,-14,3,0.6226086957,0.746496968,0.01354704794,2.093676944,1.119240043,0.97626752,0,1
39,-14,4,-1.374565217,0.6752039179,0.2416919307,8.890299091,4.638674257,0.96467322,0,1
39,-14,5,0.7566666667,0.7062078874,0.1492523736,6.069877409,5.025165714,0.95035593,0,1
39,-14,6,-0.8205128205,0.8125309045,0.01978036381,1.51154763,2.438184779,0.93369335,0,1
39,-14,7,0.6151282051,0.7790292177,0.0538227217,-4.446479324,-1.619103243,0.91508738,0,1
39,-14,8,1.095128205,0.8586262976,0.3795491415,-11.45968644,-5.156074604,0.89494174,0,1
39,-14,9,1.2059375,0.8860494308,0.4711442161,-12.29960096,-6.688572842,0.87364359,0,1
39,-14,10,-0.1445454545,0.9396226567,0.2139416631,-7.398254011,-5.854502076,0.85155005,0,0
39,-14,11,0.4302777778,0.8739257515,0.06125938396,-3.733654409,-3.398011847,0.82897951,0,1
39,-14,12,0.3127272727,0.9213593881,0.006909991865,-1.574055379,-0.630251662,0.80620745,0,1
39,-14,13,-0.6917391304,1.124029428,0.007385311344,1.200821609,1.276968772,0.78346557,0,1
39,-14,14,-0.3077777778,2.136559265,0.02311518183,2.533312939,1.788653443,0.76094357,0,1
39,-14,15,-0.5266666667,2.39006648,0.005224097855,0.983430542,1.098327868,0.73879255,0,1
39,-13,0,1.741904762,1.154563743,1.482288043,20.16826954,14.48928628,0.98676451,0,1
39,-13,1,0.832173913,0.7233889589,1.248798292,19.0575144,12.50469581,0.98502782,0,1
39,-13,2,0.32,0.7100059415,0.4712127872,11.78796664,7.555763466,0.97987224,0,1
39,-13,3,0.1710638298,0.6715963092,0.01594711257,1.481064575,2.107406939,0.97145662,0,1
39,-13,4,0.4272093023,0.791695849,0.004246370743,-0.4649948273,-1.245175121,0.96003089,0,1
39,-13,5,1.536585366,0.7507238466,0.058263179,4.79319287,-1.124902577,0.94591630,0,1
39,-13,6,-0.8867567568,0.8195028939,0.2086628417,9.099304359,2.003943604,0.92948214,0,1
39,-13,7,2.743783784,0.9360927958,0.5657220653,14.01942994,6.230683344,0.91112189,0,1
39,-13,8,1.44925,0.8379229806,1.118671873,19.45981063,9.313087458,0.89123137,0,1
39,-13,9,1.432432432,0.9061273241,1.023575436,18.13837095,9.841388658,0.87019087,0,1
39,-13,10,1.38972973,0.8282388225,0.3557913284,9.315489231,7.826037304,0.84835176,0,1
39,-13,11,-0.4993939394,0.919595771,0.06973408092,2.995870837,4.476301251,0.82602799,0,1
39,-13,12,-0.969,1.000906478,0.005499510006,0.5533045006,1.407798889,0.80349175,0,1
39,-13,13,-2.263333333,1.182611546,0.0002992090986,-0.2807470683,-0.213694946,0.78097257,0,1
39,-13,14,-0.3566666667,3.052388864,0.001759986126,-0.844355443,-0.1389147058,0.75865883,0,1
39,-13,15,1.865,2.843578292,0.004164087899,0.7948799496,1.049101412,0.73670104,0,1
39,-13,16,1.91,4.197100189,0.03966176116,3.27074018,2.409011349,0.71521593,0,1
39,-12,0,0.1277272727,0.9965409182,0.85038728,-16.18433761,-9.58470569,0.98097699,0,0
39,-12,1,0.1574468085,0.6792502791,0.6028284351,-13.68881509,-7.963673228,0.97927062,0,1
39,-12,2,1.71,0.7607031569,0.1014357492,-5.216813638,-3.871264738,0.97420445,0,1
39,-12,3,0.5160416667,0.6771173389,0.09603922532,6.273106856,0.7776688681,0.96593280,0,1
39,-12,4,1.180681818,0.7638097456,0.2528349972,9.487138127,3.896786358,0.95469862,0,1
39,-12,5,-0.4281081081,0.7991980093,0.05687323174,2.37042739,4.24769315,0.94081454,0,1
39,-12,6,0.6130555556,0.8372958107,0.02588800054,-2.622489053,1.973100119,0.92464036,0,1
39,-12,7,0.1255,0.7761262784,0.122908148,-6.970149739,-1.597601885,0.90656000,0,1
39,-12,8,-0.3480555556,0.8213169754,0.3749989761,-11.56987695,-4.706845278,0.88696040,0,1
39,-12,9,0.7061111111,0.8637565866,0.4337636866,-11.99580328,-6.046975446,0.86621397,0,1
39,-12,10,1.766363636,0.8990005674,0.1241597622,-4.852523596,-5.301797971,0.84466558,0,0
39,-12,11,0.63,1.14329355,0.02521665761,0.8346509219,-3.129636063,0.82262407,0,1
39,-12,12,-0.755862069,0.9937423113,0.003286727614,0.9473157847,-0.6855795796,0.80035786,0,1
39,-12,13,-1.212631579,1.370249229,0.003064148712,0.5221847696,1.001072817,0.77809393,0,1
39,-12,14,-0.8683333333,2.172591898,0.01098279476,1.558656623,1.462848681,0.75601913,0,1
39,-12,15,3.94,3.455020502,0.007477323446,1.533193806,0.8719057905,0.73428325,0,1
39,-11,0,-0.09086956522,0.9790847738,0.8124316932,14.11583118,11.77928034,0.97448575,0,1
39,-11,1,0.2502325581,0.7542367222,0.7721807822,14.69624456,10.26071836,0.97281298,0,1
39,-11,2,1.097234043,0.6981056502,0.2574027219,8.066265592,6.482782747,0.96784587,0,1
39,-11,3,-0.7364444444,0.7001547624,0.01514468891,0.8864926811,2.348404281,0.95973378,0,1
39,-11,4,-0.26,0.8050036702,0.0005693289757,0.462022851,-0.1529750076,0.94871206,0,1
39,-11,5,0.1292307692,0.7520434945,0.07980152461,5.762026691,0.008536908805,0.93508384,0,1
39,-11,6,-0.08292682927,0.7921311363,0.1592446391,7.767503747,2.432862456,0.91919847,0,1
39,-11,7,1.080285714,1.074491671,0.3786556574,11.22397416,5.617845943,0.90142939,0,1
39,-11,8,0.8697560976,0.7882084106,0.8121204194,16.6254192,7.840540014,0.88215367,0,1
39,-11,9,0.5854285714,0.8702505386,0.6903619197,14.90904252,8.058664215,0.86173503,0,1
39,-11,10,-1.511388889,0.8738752913,0.2302538402,7.452576051,6.344688074,0.84051107,0,0
39,-11,11,-0.5937142857,0.8728014478,0.03686718583,1.332271491,3.682860385,0.81878493,0,1
39,-11,12,0.1617241379,0.9974847082,0.004761920471,-0.4558712017,1.331673609,0.79682079,0,1
39,-11,13,1.079285714,1.769705527,0.0018491319,-0.8626702592,0.1584994818,0.77484271,0,1
39,-11,14,-0.20875,1.823389701,0.0007664038771,-0.4794876092,0.2982450766,0.75303581,0,0
39,-11,15,2.66,4.197052537,0.008743584229,1.441618948,1.248783094,0.73154901,0,1
39,-10,0,1.318571429,1.172184019,0.3319039913,-9.155629796,-7.366236191,0.96733493,0,1
39,-10,1,0.2138636364,0.7191581154,0.4022982505,-11.24164108,-6.403099037,0.96569864,0,1
39,-10,2,1.679777778,0.7205452824,0.08050569483,-4.218832516,-3.961747489,0.96083917,0,1
39,-10,3,-0.9709090909,0.708985642,0.08276275694,5.752522854,-1.158236229,0.95290056,0,1
39,-10,4,-0.08911111111,0.9356994803,0.07545979375,5.548088781,0.7831857905,0.94210996,0,1
39,-10,5,0.1326315789,0.8240423283,0.02575011125,-3.075428482,1.120243017,0.92876031,0,1
39,-10,6,-0.7231707317,0.8718435359,0.1077926717,-6.696125991,-0.09218282715,0.91318973,0,1
39,-10,7,0.4797222222,0.8347633907,0.1353010222,-7.201973261,-2.103067642,0.89576030,0,1
39,-10,8,1.580263158,0.7978866216,0.2586481001,-9.614929282,-3.893890214,0.87683841,0,1
39,-10,9,0.03864864865,0.8571410597,0.1958819219,-7.716919928,-4.684531883,0.85677833,0,1
39,-10,10,1.005675676,1.054352735,0.05613372209,-2.290329672,-4.255413471,0.83590974,0,1
39,-10,11,-0.6141666667,0.9822034974,0.02119150439,0.3006964322,-2.954014367,0.81452949,0,1
39,-10,12,-1.905357143,1.147481079,0.005047831024,0.2083877285,-1.434119716,0.79289709,0,1
39,-10,13,-2.155,1.774796403,0.0003764269517,-0.2552543219,-0.3024165643,0.77123337,0,1
39,-10,15,-0.09333333333,3.509647022,0.001326846074,0.7415544682,-0.04609372708,0.72850919,0,1
39,-9,0,-1.003636364,0.9946979275,0.1290524239,4.591080151,5.710831585,0.95957128,0,1
39,-9,1,-0.7095652174,0.6951579222,0.1002075362,4.066234501,5.015633594,0.95797401,0,1
39,-9,2,0.58,0.7503885173,0.0856173413,4.968313612,3.307041838,0.95322965,0,1
39,-9,3,-1.747333333,0.7010211247,0.007013057434,0.8218277554,1.497446676,0.94547666,0,1
39,-9,4,-0.2311363636,0.8920709696,0.002899399202,-0.971714275,0.5119100294,0.93493353,0,1
39,-9,5,1.288157895,0.7978810234,0.02413731563,3.0725053,0.7758352988,0.92188244,0,1
39,-9,6,-0.1648571429,1.012143941,0.09654732076,6.010411176,2.010717918,0.90664960,0,1
39,-9,7,-1.065909091,0.7513168192,0.1733307724,7.764919586,3.437938804,0.88958505,0,1
39,-9,8,1.719117647,1.000654542,0.1870173792,7.73285798,4.243883955,0.87104379,0,1
39,-9,9,-0.9975,0.8643794606,0.1653296322,7.254620756,4.019333623,0.85136997,0,1
39,-9,10,0.1194736842,0.8600697324,0.033037256,2.272785443,2.929066601,0.83088474,0,1
39,-9,13,0.2291666667,1.552747118,0.001015078051,-0.6278602367,0.1676593574,0.76728154,0,1
39,-9,14,-0.1083333333,2.347811629,0.0007876389848,-0.3324972183,0.4659816016,0.74608961,0,1
39,-9,15,9.46,5.55,0.004314159457,0.8224039085,1.057608736,0.72517566,0,1
39,-8,0,0.6514285714,1.043484265,0.1806363621,-7.657793782,-4.06337886,0.95124348,0,1
39,-8,1,0.5731707317,0.7466409689,0.08500095331,-4.418918483,-3.979620607,0.94968737,0,1
39,-8,2,2.472857143,0.7468005453,0.05726787001,-3.132317028,-3.743607941,0.94506448,0,1
39,-8,3,-0.5707142857,0.7975382706,0.04314915035,-2.526786186,-3.401079148,0.93750745,0,1
39,-8,4,-0.07952380952,0.7202674138,0.05149301192,-3.50358256,-3.024618794,0.92722580,0,1
39,-8,5,-0.7152380952,0.7623092277,0.0996198926,-5.84446652,-2.699734852,0.91449048,0,1
39,-8,6,0.7617647059,0.8391829009,0.09490512436,-5.765501399,-2.498758711,0.89961528,0,1
39,-8,7,0.6911363636,0.7402780707,0.09883037399,-5.925476116,-2.450839593,0.88293761,0,1
39,-8,8,0.08857142857,0.9724252055,0.0727009528,-4.886428238,-2.523823731,0.86480052,0,1
39,-8,9,-0.1430555556,0.8747089148,0.05588268825,-4.04034826,-2.631596168,0.84553746,0,1
39,-8,10,0.5772222222,0.9455362643,0.02265835708,-1.519333075,-2.668056023,0.82546056,0,1
39,-8,11,0.08393939394,0.9357211192,0.01708284033,-0.766349697,-2.553416979,0.80485263,0,1
39,-8,12,-1.3924,1.090738319,0.01907545649,-1.668331605,-2.27000391,0.78396262,0,1
39,-8,13,1.048,1.678125442,0.01732353547,-1.92707751,-1.869155532,0.76300393,0,1
39,-8,14,1.981666667,3.989829918,0.008876298949,-1.265696226,-1.446012713,0.74215495,0,1
39,-8,15,-0.57,4.16800012,0.006212861522,-1.17639975,-1.095862005,0.72156111,0,0
39,-7,0,-0.03954545455,1.018291796,0.07264098339,-5.408466888,-0.9850904028,0.94240137,0,1
39,-7,1,0.2344736842,0.7562184954,0.006401378187,-1.437075582,-0.7733531496,0.94088818,0,1
39,-7,2,-0.4629268293,0.7440684741,0.03154914198,-3.617182476,-0.2045809822,0.93639200,0,1
39,-7,3,0.0488372093,0.709757536,0.02510480334,-3.186617866,0.5386967807,0.92903949,0,1
39,-7,4,-0.888,0.7941212043,0.005924092096,1.002464324,1.208202844,0.91903100,0,1
39,-7,5,0.8065,0.7956391198,0.07667176404,5.425727741,1.568560408,0.90662589,0,1
39,-7,6,-0.3237837838,0.8105581764,0.04393217933,4.009221025,1.484557127,0.89212515,0,1
39,-7,7,0.2216216216,0.8620623983,0.007057367666,1.403940677,0.9824118446,0.87585313,0,1
39,-7,8,1.926388889,0.9320790171,0.01515015725,2.498080044,0.2504857436,0.85814047,0,1
39,-7,9,-0.6402631579,0.8694781456,0.0005590353799,0.2144198233,-0.4319814905,0.83930946,0,1
39,-7,10,-0.2176315789,1.047338796,0.01508544349,-2.369886195,-0.8123192722,0.81966275,0,1
39,-7,11,-0.8560606061,0.9406083548,0.03559639834,-3.76981892,-0.7734135284,0.79947551,0,1
39,-7,12,0.3205,1.564179199,0.008352163701,-1.825052981,-0.3795490424,0.77899087,0,1
39,-7,13,-2.019,2.013029475,0.001393403712,0.7435649516,0.1637980328,0.75841807,0,1
39,-7,14,0.68,2.582960995,0.001580599166,0.5304011162,0.6134126011,0.73793279,0,1
39,-7,15,3.87,3.834872879,0.002092112669,-0.480191596,0.7998931331,0.71767895,0,1
39,-6,0,0.1438095238,1.183554871,0.02011867362,2.888483445,0.1641241718,0.93309524,0,1
39,-6,1,1.286363636,0.7389423143,0.004371447792,-1.218341276,-0.5782417196,0.93162637,0,1
39,-6,2,0.1470731707,0.7550840572,0.02985871792,-2.567660637,-2.414474858,0.92726105,0,1
39,-6,3,1.384615385,0.7772511901,0.1396364226,-6.232945912,-4.386960138,0.92011991,0,1
39,-6,4,0.0380952381,0.8041530007,0.2676586912,-9.011230125,-5.491428687,0.91039394,0,1
39,-6,5,1.168421053,0.8148237068,0.2517372741,-8.812088295,-5.203953445,0.89833075,0,1
39,-6,6,0.410952381,0.986071807,0.09295739298,-4.981168103,-3.723227353,0.88421827,0,1
39,-6,7,0.07971428571,0.8470438391,0.01813718498,-2.063853323,-1.812841525,0.86836748,0,1
39,-6,8,-0.9221621622,0.8639457954,0.01073956121,-2.082823471,-0.3605371262,0.85109624,0,1
39,-6,9,-0.5312820513,0.9955483356,0.001357139691,-0.7470004299,0.08137276126,0.83271535,0,1
39,-6,10,-0.5915789474,0.8602792177,0.001005055157,0.4408996185,-0.4730282113,0.81351761,0,1
39,-6,11,0.03714285714,1.004887101,0.005656055258,0.01170049446,-1.533961065,0.79377021,0,1
39,-6,13,0.9477777778,1.776078007,0.05736316466,-4.021043033,-2.774323372,0.75354219,0,1
39,-6,14,0.204,2.51380031,0.03890231775,-3.223150205,-2.407574949,0.73343912,0,1
39,-6,15,-2.185,4.625,0.00816720474,-0.9037518601,-1.606598016,0.71354319,0,1
39,-5,0,0.09958333333,0.9670756139,0.1732724385,-6.239929877,-5.757812519,0.92337523,0,1
39,-5,1,1.132272727,0.8358840861,0.3027486053,-10.1309193,-4.829235393,0.92195172,0,1
39,-5,2,0.7083333333,0.8021831359,0.1690050634,-8.015010594,-2.46440967,0.91772037,0,1
39,-5,3,-0.38675,0.7704665909,0.01346747811,-2.350403968,0.2804959525,0.91079577,0,1
39,-5,4,0.9863414634,0.8937971721,0.03082501,2.805692501,2.225461874,0.90135948,0,1
39,-5,5,0.9732432432,1.054029808,0.09080319248,5.560802166,2.618337743,0.88964730,0,1
39,-5,6,0.1116666667,0.7568698969,0.04709271601,4.181720666,1.45117222,0.87593393,0,1
39,-5,7,0.3729411765,0.8930953424,0.01492561501,2.41873974,-0.599520986,0.86051682,0,1
39,-5,8,-0.52,1.017092329,0.02072294323,-1.457819338,-2.548811386,0.84370082,0,0
39,-5,9,-1.61575,0.9651712939,0.0483802027,-2.700938819,-3.582355429,0.82578496,0,1
39,-5,10,-0.3947368421,0.9669635965,0.1037739611,-5.625045653,-3.396100406,0.80705191,0,1
39,-5,11,-0.4833333333,1.034649434,0.1050893783,-6.216641071,-2.252838897,0.78776059,0,1
39,-5,12,0.01642857143,1.480102382,0.02967197274,-3.427945292,-0.7707571984,0.76814157,0,1
39,-5,13,-0.3066666667,1.80642919,0.0004470977775,0.1263771935,0.412361001,0.74839498,0,1
39,-5,14,-0.395,2.730301037,0.008316212047,1.616842788,0.9196400134,0.72869042,0,1
39,-5,15,0.285,5.315,0.002968701033,0.8286585585,0.7405661238,0.70916829,0,1
39,-4,0,-0.1490909091,1.043763568,0.183832105,7.470443718,4.546965674,0.91329074,0,1
39,-4,1,0.08044444444,0.7937293356,0.1300898469,6.593130864,3.264024263,0.91191330,0,1
39,-4,2,-0.3965116279,0.7353860147,2.188578765e-05,0.06410509099,0.07068245611,0.90781806,0,1
39,-4,3,-0.5123809524,0.7544239489,0.09898851018,-5.428409437,-3.422870823,0.90111357,0,1
39,-4,4,1.613863636,0.797409337,0.225134967,-7.952906492,-5.515211086,0.89197204,0,1
39,-4,5,-1.138974359,0.7906283339,0.2634296599,-9.032142883,-5.293296234,0.88061743,0,0
39,-4,6,-0.5052631579,0.8191603109,0.1141424553,-6.181364907,-3.046165539,0.86731122,0,1
39,-4,7,-0.6561764706,0.9680805029,0.009931428484,-2.032629732,-0.01836933329,0.85233724,0,1
39,-4,8,2.125757576,1.013714669,0.02446179256,2.200133065,2.310112708,0.83598722,0,0
39,-4,9,-0.59,0.9597997476,0.03939884901,2.733560202,2.986526803,0.81854823,0,1
39,-4,10,-0.1846666667,0.9635383865,0.0264978017,2.663503504,1.982429499,0.80029262,0,1
39,-4,11,0.49,1.165342986,0.006501413494,1.643339865,0.06568559611,0.78147080,0,1
39,-4,12,0.8754545455,2.229521907,0.007487219585,-0.4469866591,-1.707402448,0.76230668,0,1
39,-3,0,0.3186956522,1.060557866,0.6107446537,-14.06352538,-7.504299237,0.90288994,0,1
39,-3,1,0.7480952381,0.9264951653,0.2990002378,-9.250038551,-6.231720277,0.90155895,0,1
39,-3,2,-0.256,0.7742397077,0.1162251393,-6.268245441,-3.010645441,0.89760103,0,1
39,-3,3,-1.200465116,0.7522337387,0.01119586414,-2.050964638,0.6719577606,0.89111877,0,1
39,-3,4,1.069545455,0.8122108498,0.04245975526,2.744345256,3.183353193,0.88227510,0,1
39,-3,5,0.06384615385,0.8700237805,0.121371833,6.1659099,3.53237853,0.87128228,0,1
39,-3,6,-0.8088235294,1.080497407,0.1168214788,6.736946125,1.793473681,0.85838864,0,1
39,-3,7,0.2859375,0.9899862393,0.03788885924,3.836086578,-1.023674661,0.84386440,0,1
39,-3,8,-1.576764706,0.8807715731,0.03021656916,0.03542494853,-3.545447401,0.82798816,0,0
39,-3,9,-1.49825,0.8272670745,0.114672311,-5.047480863,-4.715058576,0.81103495,0,1
39,-3,10,-0.148,1.081934347,0.1590795538,-6.948041147,-4.23189975,0.79326665,0,1
39,-3,13,3.22125,2.147597859,0.001557661525,0.1087592721,0.797639451,0.73736293,0,1
39,-3,14,1.454,2.425929925,0.01327352193,1.989477559,1.250744313,0.71849536,0,1
39,-2,0,1.26047619,1.109730412,0.538957648,12.83254303,7.71728375,0.89221933,0,1
39,-2,1,1.935365854,0.7792346265,0.3307773264,9.896130018,6.29959205,0.89093491,0,1
39,-2,2,-0.31125,0.8327056755,0.09482299601,5.638676107,2.766941298,0.88711468,0,1
39,-2,3,0.9458139535,0.7747614996,0.00349929194,-0.4681214422,-1.112081469,0.88085540,0,1
39,-2,4,0.4865909091,0.8412060922,0.09702834653,-5.321252652,-3.471660645,0.87231088,0,1
39,-2,5,0.08837837838,0.8784582893,0.1483100996,-7.121305395,-3.315219947,0.86168188,0,1
39,-2,6,-0.8348648649,0.860080538,0.06935012612,-5.283878578,-0.9661261154,0.84920373,0,1
39,-2,7,0.3128205128,0.9243707382,0.01237165388,-0.5171034712,2.20901983,0.83513320,0,1
39,-2,9,0.04375,0.9319039231,0.1224505268,4.928318355,5.163003615,0.80327449,0,1
39,-2,10,0.02785714286,1.031078665,0.08179815094,4.338662387,3.899707623,0.78600065,0,0
39,-2,11,0.085,1.554297393,0.04664026574,4.081501254,1.657044473,0.76814719,0,1
39,-2,12,3.38125,1.858261116,0.02127920085,2.947115787,-0.4094061904,0.74992418,0,1
39,-2,14,-0.48,3.692433705,0.01226437318,-1.856745683,-1.286478325,0.71308308,0,1
39,-1,0,1.556315789,1.165885466,0.239111461,-7.348402494,-6.744042265,0.88132344,0,1
39,-1,1,-0.4861538462,0.8108803586,0.277742351,-9.210025214,-5.543351792,0.88008544,0,1
39,-1,2,0.4302564103,0.9592131199,0.1282374532,-6.859031768,-2.51122143,0.87640250,0,1
39,-1,3,1.065348837,0.8194895738,0.002180601401,-0.1791361871,0.9354883824,0.87036571,0,1
39,-1,4,-0.5455,0.8201202968,0.05980875773,3.783552319,3.250825408,0.86212000,0,1
39,-1,5,1.06974359,1.029050995,0.1299475422,6.459154888,3.513309258,0.85185485,0,1
39,-1,6,-0.4763888889,1.036205467,0.116333163,6.714128764,1.822170275,0.83979286,0,1
39,-1,7,0.3116216216,0.9475383401,0.04772749146,4.375642541,-0.842932998,0.82617753,0,1
39,-1,8,-0.8063157895,0.8532653184,0.02663768454,-0.9846948078,-3.180070962,0.81126143,0,1
39,-1,9,0.06235294118,0.9295633253,0.08164934074,-4.025882011,-4.214507462,0.79529557,0,1
39,-1,10,1.575833333,1.174268492,0.1056668813,-5.500327159,-3.702509644,0.77852076,0,1
39,-1,11,-0.7321428571,1.425880144,0.09135002704,-5.787593395,-2.123554507,0.76116104,0,1
39,-1,12,0.11875,1.868760451,0.01393363938,-2.38492567,-0.3303791734,0.74341939,0,1
39,-1,13,-0.21625,2.15238069,0.003425359087,0.7710841154,0.911335708,0.72547523,0,1
39,-1,14,6.605,2.816476078,0.01230178671,1.886658733,1.248445252,0.70748368,0,0
39,0,0,1.625,1.537894258,0.4396603888,10.57439535,8.432121021,0.87024450,0,1
39,0,1,-0.1422727273,1.084585841,0.4184318096,11.01226014,7.267501937,0.86905254,0,1
39,0,2,1.0585,1.199667119,0.2478826967,9.167165389,4.369603265,0.86550584,0,1
39,0,3,0.9619047619,1.106471573,0.0172272147,2.394534409,1.197289156,0.85968995,0,1
39,0,4,1.694705882,1.257950082,0.008645907193,-1.753730141,-0.7221613114,0.85174121,0,1
39,0,5,-0.991,1.29257269,0.01413076236,-2.350735665,-0.5942009004,0.84183813,0,1
39,0,6,0.3961111111,1.420347269,0.006092411064,-0.9456066393,1.280837687,0.83019090,0,0
39,0,7,0.007368421053,1.221159705,0.03554510164,0.8262799319,3.755745321,0.81703004,0,1
39,0,8,-0.7094117647,1.480582524,0.1052622139,3.666885257,5.508880939,0.80259537,0,1
39,0,9,0.8125,1.980488681,0.1403691904,5.051271706,5.734505429,0.78712608,0,0
39,0,10,-0.196,1.737076855,0.1250351884,5.653974419,4.478039407,0.77085246,0,1
39,0,11,-0.4783333333,2.565825945,0.09622825301,5.818974709,2.484917677,0.75398971,0,1
39,0,13,2.91,2.76975405,0.000567633259,0.4580453787,-0.1623434765,0.71925798,0,1
39,0,14,2.67,5.63,0.0006762215387,-0.5289374622,-0.03954420472,0.70171398,0,0
40,-20,0,3.73,1.611596724,3.018383367,32.00042152,15.22354422,0.97975000,0,1
40,-20,1,5.139583333,1.049018142,2.847210906,31.80291569,13.158358,0.97805002,0,1
40,-20,2,1.723478261,1.025466467,1.012766284,18.95757321,7.871896601,0.97300267,0,1
40,-20,3,-2.4245,1.244379887,0.02015581459,-2.375557457,1.656035157,0.96476133,0,1
40,-20,4,0.455,1.077607535,0.4372043073,-13.17186546,-2.89803756,0.95356751,0,1
40,-20,5,2.3215,1.537029821,0.1398217623,-6.441632017,-4.083812015,0.93973201,0,1
40,-20,6,1.0675,1.218874102,0.008208715755,-0.4778399079,-1.785179006,0.92361264,0,1
40,-20,7,0.386,1.693022881,0.03212945386,2.564436739,2.605947526,0.90559134,0,1
40,-20,8,-1.814615385,1.827986708,0.4072319852,11.00047676,6.958184974,0.88605315,0,1
40,-20,9,2.072352941,1.591446006,0.959011658,17.61146173,9.424882539,0.86536885,0,1
40,-20,10,2.123888889,1.27044648,0.8782120674,16.74822068,9.212645365,0.84388191,0,1
40,-20,11,0.4394444444,1.445192271,0.340671912,9.794715466,6.76745085,0.82190011,0,1
40,-20,12,1.433846154,1.530157589,0.0735533351,4.382019419,3.376300097,0.79969107,0,1
40,-20,13,-0.7825,2.219616078,0.00137936818,-0.5997877551,0.4627460088,0.77748121,0,1
40,-20,14,0.955,2.847579016,0.03669522948,-3.764783609,-1.045595882,0.75545706,0,1
40,-20,15,-0.24,5.109336226,0.003021321981,-0.5029737159,-1.002009637,0.73376825,0,1
40,-20,16,1.45,4.66,0.009625418629,1.999572224,0.07948656718,0.71253140,0,1
40,-19,0,1.672857143,1.017864689,1.180043854,-20.24165943,-9.012577685,0.97934203,0,1
40,-19,1,1.466086957,0.722154608,1.069339814,-19.78414171,-7.313084751,0.97764416,0,1
40,-19,2,-0.401627907,0.7082427083,0.2149620497,-8.96040981,-3.024060143,0.97260306,0,1
40,-19,3,-0.4778571429,0.8135564898,0.2047100153,9.04282872,1.842776422,0.96437179,0,1
40,-19,4,-0.02512820513,0.8799078187,0.7843087387,17.33080053,5.09421967,0.95319136,0,1
40,-19,5,0.6470731707,0.7528119031,0.1832430766,6.840121129,5.426795263,0.93937199,0,1
40,-19,6,0.6493617021,0.7530413453,0.02188379819,-0.4129095657,2.989004898,0.92327083,0,1
40,-19,7,0.1657575758,0.8167690946,0.01169157256,-2.047226962,-0.8204157185,0.90526914,0,1
40,-19,8,-0.306,0.921109295,0.1112426086,-5.391498628,-4.148936305,0.88575135,0,1
40,-19,9,1.176285714,1.059600851,0.2404231571,-8.276014926,-5.615552226,0.86508769,0,1
40,-19,10,0.7784210526,0.8453272654,0.1950979789,-7.57059761,-4.884218303,0.84362118,0,0
40,-19,11,-0.4931428571,1.187864532,0.0583937744,-4.15667601,-2.648864248,0.82165922,0,1
40,-19,12,0.3633333333,1.05852004,0.01659569404,-2.624429156,-0.13010365,0.79946918,0,1
40,-19,13,1.602142857,1.470220378,0.01559689625,1.995089433,1.583865112,0.77727729,0,0
40,-19,16,-0.74,3.775199774,0.002844780427,-1.081406982,0.1188090131,0.71237443,0,1
40,-18,0,0.4004166667,1.065845327,2.836673413,32.0126328,12.46495493,0.97812115,0,1
40,-18,1,3.516666667,0.8745294183,2.247625329,28.63481627,10.73128855,0.97642962,0,1
40,-18,2,0.5697777778,0.7401861279,0.5944284116,14.41317605,6.2904148,0.97140719,0,1
40,-18,3,-0.2615217391,0.6958142814,0.07400068508,-5.446348516,1.060614014,0.96320599,0,1
40,-18,4,0.16575,0.9675661965,0.5643168587,-15.06756282,-2.783837664,0.95206559,0,0
40,-18,5,1.971666667,0.7321739057,0.1213076078,-6.001388734,-3.801678011,0.93829443,0,1
40,-18,6,1.333023256,0.7786296091,0.008829035006,-0.3751196311,-1.879510851,0.92224767,0,1
40,-18,7,1.059142857,0.8017143366,0.0186616107,2.102793359,1.82820396,0.90430460,0,1
40,-18,8,0.9681818182,0.8802198886,0.2317562257,8.111195405,5.53439478,0.88484781,0,1
40,-18,9,1.41,0.9192620809,0.576071001,13.44463219,7.675501207,0.86424586,0,1
40,-18,10,-0.7465789474,0.9097334639,0.5067865165,12.39584192,7.562347127,0.84284042,0,1
40,-18,11,0.5866666667,0.9853153497,0.2281596267,8.008761739,5.54836957,0.82093781,0,1
40,-18,12,0.6693103448,1.169483164,0.1067775347,6.091024417,2.706229824,0.79880461,0,1
40,-18,13,-3.807857143,1.732555813,0.0001790687103,-0.1301484551,0.2399208606,0.77666650,0,1
40,-18,14,-0.45125,2.553030019,0.03151792799,-3.465016142,-1.051921648,0.75470957,0,1
40,-18,15,2.331666667,2.15467515,0.003195686086,-0.5255784983,-1.026312051,0.73308325,0,1
40,-17,0,-0.63375,1.164311673,1.190862793,-21.24362175,-6.645376832,0.97609648,0,1
40,-17,1,1.235365854,0.8519469165,0.7820995763,-17.15961976,-5.562019386,0.97441541,0,1
40,-17,2,-0.6586363636,0.7216444146,0.04686993196,-3.382597873,-2.83866729,0.96942383,0,1
40,-17,3,-0.2427272727,0.7148594759,0.257166688,10.34136472,0.2215573778,0.96127234,0,1
40,-17,4,1.090465116,0.725103935,0.3231512387,11.3815556,2.214869244,0.95019814,0,1
40,-17,5,0.6297674419,0.7248651802,0.01386204266,0.5510277783,2.337434872,0.93650669,0,1
40,-17,6,1,1.059082289,0.04910592616,-4.45937524,0.7377309819,0.92054993,0,1
40,-17,7,-1.849166667,0.8805038578,0.03272466308,-3.304730141,-1.641246723,0.90270387,0,1
40,-17,8,-1.117631579,0.8237260373,0.09325169696,-5.080299021,-3.603812308,0.88334803,0,1
40,-17,9,1.0059375,1.046457336,0.1447066217,-6.45383773,-4.307254747,0.86284825,0,1
40,-17,10,-0.6180555556,0.8810238853,0.08229836007,-4.603032896,-3.61274252,0.84154395,0,1
40,-17,11,0.5105405405,0.9030910338,0.01964680998,-2.004975667,-2.038143623,0.81973967,0,1
40,-17,12,0.4186206897,1.028558789,0.01566151396,-2.52129919,-0.3986788278,0.79770066,0,1
40,-17,13,-1.300625,1.350222927,0.002364118112,-0.7656772185,0.6303315734,0.77565170,0,1
40,-17,15,1.795,2.674907787,0.0003229467159,-0.2281100316,0.2869253849,0.73222970,0,1
40,-17,16,1.823333333,3.947899582,0.005548509745,-1.44777223,-0.46085274,0.71112236,0,1
40,-16,0,1.294166667,0.9995863124,1.494850938,24.31826357,5.526961137,0.97328293,0,1
40,-16,1,-0.02511627907,0.7391260388,1.026341183,20.13145392,4.661402122,0.97161633,0,1
40,-16,2,1.035238095,0.731692312,0.08314178159,5.354162164,2.433858906,0.96666744,0,0
40,-16,3,0.925,0.7308911871,0.2397863529,-9.985714421,-0.2177571707,0.95858470,0,1
40,-16,4,1.125238095,0.8308893713,0.5564473014,-15.05360396,-2.212717656,0.94760207,0,1
40,-16,5,1.778863636,0.7089344597,0.1382194175,-7.045559824,-2.804564649,0.93402094,0,1
40,-16,6,-0.3066666667,0.8213816356,0.01047600174,-0.8968309193,-1.885253918,0.91818877,0,1
40,-16,7,0.1397222222,0.9045034142,3.182575625e-05,-0.114025159,0.01546640053,0.90047707,0,1
40,-16,8,-1.155945946,0.8225240816,0.01465768018,1.42803607,2.014687911,0.88126108,0,1
40,-16,9,-0.196875,0.8918639956,0.05683127181,3.579599371,3.291023279,0.86090294,0,1
40,-16,10,-0.705,0.9685020915,0.0963982505,5.32552997,3.427059914,0.83973891,0,1
40,-16,11,-0.2657142857,1.06154369,0.06754601959,4.657625917,2.531541789,0.81807105,0,1
40,-16,12,-0.9079166667,1.157004656,0.04977628805,4.412355185,1.113686204,0.79616279,0,1
40,-16,13,0.3857142857,1.825564406,0.005777240554,1.537628282,-0.1982202133,0.77423764,0,1
40,-16,14,-1.997142857,2.00642641,0.008652168213,-1.646756374,-0.9422763275,0.75248036,0,1
40,-15,0,1.008181818,1.003820491,0.416283714,-12.98214393,-2.157937048,0.96970102,0,1
40,-15,1,0.4843478261,0.6947679163,0.2714957351,-10.42299773,-2.077392264,0.96805272,0,0
40,-15,2,0.4079069767,0.7124303501,0.01807108113,-1.974389483,-1.902674151,0.96315780,0,0
40,-15,3,-0.07347826087,0.7424254036,0.08805241471,5.783424339,-1.784872229,0.95516206,0,1
40,-15,4,0.07153846154,0.7551798772,0.1109841964,6.539818056,-1.845318027,0.94429533,0,1
40,-15,5,-0.3472093023,0.7244218149,0.06539820604,-4.784450941,-2.077889589,0.93085388,0,1
40,-15,6,0.13625,0.8971235863,0.2025760413,-8.877965576,-2.33719366,0.91517953,0,1
40,-15,7,0.2543589744,0.7778773441,0.07773465547,-5.144796624,-2.423258471,0.89763809,0,1
40,-15,8,-0.03388888889,1.078511708,0.01749575355,-1.5507606,-2.207750476,0.87859948,0,1
40,-15,9,0.522,0.7860558186,0.01097369135,-1.268575429,-1.719379447,0.85842105,0,1
40,-15,10,-0.6466666667,0.9003057842,0.007671490817,-1.380397046,-1.134102866,0.83743511,0,1
40,-15,11,0.1908823529,0.9103723714,0.001537911731,-0.4245986066,-0.6779059619,0.81594059,0,1
40,-15,12,-0.9715384615,1.073826317,0.02535578068,-3.208633746,-0.5038005489,0.79419854,0,1
40,-15,14,2.51625,1.896857187,0.002858583713,-0.6402882551,-0.8827969082,0.75082135,0,1
40,-15,16,4.62,4.533927657,0.01247769579,-1.953025858,-1.173444847,0.70863791,0,1
40,-14,0,0.7695238095,1.034585373,0.1656404387,7.953912239,-2.376795041,0.96537636,0,1
40,-14,1,0.4085416667,0.7078212368,0.1162888078,6.610600084,-2.163640993,0.96374998,0,1
40,-14,2,-0.2223255814,0.7899387277,0.006677699334,-0.2790073941,-1.643282758,0.95891972,0,1
40,-14,3,0.7927272727,0.7319801667,0.1788018101,-8.554309832,-1.101535533,0.95102820,0,1
40,-14,4,-0.5258536585,0.9948488043,0.3986441566,-12.8522146,-0.8212697002,0.94030037,0,1
40,-14,5,-0.3552272727,0.7095390848,0.08840006632,-5.994365295,-0.9197768063,0.92702642,0,1
40,-14,6,-1.333589744,0.8087744587,0.009127694732,-1.460010092,-1.290698335,0.91154143,0,1
40,-14,7,0.05133333333,0.9140496897,0.03208137185,-3.24445715,-1.679521306,0.89420443,0,1
40,-14,8,0.13,0.8098618688,0.08880295614,-5.793504717,-1.838838778,0.87537892,0,1
40,-14,9,-0.3891428571,1.036422691,0.05524369445,-4.495447237,-1.665778021,0.85541658,0,1
40,-14,10,-0.01351351351,0.8242389854,0.005258020555,-0.8006161325,-1.243618477,0.83464495,0,1
40,-14,11,0.423,1.016981464,0.001464933275,0.09796791503,-0.7745194876,0.81335915,0,1
40,-14,12,1.13,1.237970651,0.007928760301,1.758182928,-0.4555368152,0.79181742,0,1
40,-14,15,-0.3466666667,5.242481389,0.001631995851,0.490152757,-0.6623699656,0.72767150,0,1
40,-14,16,0.98,6.81,0.003453474442,-0.9240735904,-0.7634715042,0.70694488,0,1
40,-13,0,0.6354545455,1.076032621,0.03181671141,0.6169459866,3.585604693,0.96033924,0,1
40,-13,1,-0.8229545455,0.8778304013,0.0184943019,-0.8415808791,2.643142687,0.95873815,0,1
40,-13,2,-0.6602325581,0.8028945757,0.001584564312,-0.7822591146,0.2175332628,0.95398248,0,1
40,-13,3,0.9302272727,0.7899566108,0.02037303842,-1.163488013,-2.668781782,0.94621125,0,1
40,-13,4,-1.686097561,0.736521682,0.06627154772,-2.052936623,-4.832949058,0.93564381,0,1
40,-13,5,-0.8990909091,0.8133528744,0.1540370403,-5.864614871,-5.449094534,0.92256336,0,1
40,-13,6,-0.1285714286,0.7822609041,0.1676822871,-7.11072821,-4.381885407,0.90729730,0,1
40,-13,7,0.5867741935,1.113126314,0.0267191067,-2.511293677,-2.193115258,0.89019683,0,1
40,-13,8,1.463611111,0.8064835651,0.01470115475,2.467996762,0.1591658139,0.87161809,0,1
40,-13,9,-0.5061111111,0.8363354258,0.04401231278,3.897507717,1.766503837,0.85190620,0,1
40,-13,10,-0.365,0.8847322609,0.01458723126,1.211770062,2.144891092,0.83138317,0,1
40,-13,11,-0.6361290323,0.9359045773,0.004719787795,0.2551437014,1.377877264,0.81033972,0,1
40,-13,12,0.9084615385,1.197859076,0.002086016182,-0.9315775018,-0.006319705424,0.78903079,0,1
40,-13,13,-2.830909091,1.550860065,0.01427925803,-2.042333802,-1.330295606,0.76767400,0,1
40,-12,0,-0.64,1.050245448,0.184733445,-3.59660772,-7.995113326,0.95462402,0,1
40,-12,1,1.498717949,0.7749890458,0.1856591401,-5.465302095,-6.882806696,0.95305129,0,1
40,-12,2,-0.2985365854,0.7443591561,0.1226902564,-5.868063981,-4.075597079,0.94837934,0,1
40,-12,3,0.8070731707,0.773767568,0.06162301839,-4.984981938,-0.8876390691,0.94074315,0,1
40,-12,4,-0.3760465116,0.7812038258,0.05724465678,-4.71615118,1.254699437,0.93035586,0,1
40,-12,5,-0.323255814,0.7274476967,0.0086101237,-1.135415796,1.514275337,0.91749291,0,1
40,-12,6,-0.1447368421,0.8586829321,7.081322674e-05,-0.1715850326,0.004479372182,0.90247311,0,1
40,-12,7,0.9274285714,0.8762694362,0.06843556824,-4.788802456,-2.353645324,0.88563896,0,1
40,-12,8,0.3855,0.7744587223,0.2689402042,-9.637422842,-4.360195569,0.86733832,0,1
40,-12,9,-0.9643243243,1.091226652,0.2312571784,-8.354467897,-5.139674751,0.84790896,0,1
40,-12,10,-1.091388889,0.9859145422,0.1083438611,-4.979133459,-4.503792907,0.82766667,0,1
40,-12,11,-0.2742424242,0.9298793824,0.04950941375,-3.469493739,-2.925877086,0.80689720,0,0
40,-12,12,1.0104,1.071599776,0.003746972228,-0.3376441646,-1.202042195,0.78585172,0,1
40,-12,13,-0.01363636364,1.699265228,0.002062624017,0.9260852482,-0.02259426495,0.76474520,0,1
40,-12,15,0.75,3.823287198,9.321221618e-06,-0.04841512892,-0.03916660365,0.72303324,0,1
40,-11,0,2.154117647,1.372698625,0.4137414325,9.641744192,8.897854736,0.94826851,0,1
40,-11,1,-0.1976744186,0.7344899225,0.4078354533,10.80827437,7.270426542,0.94672694,0,1
40,-11,2,0.8069230769,0.766458423,0.0725891234,4.53489657,3.104038368,0.94214693,0,1
40,-11,3,1.484090909,0.8059847048,0.08699372723,-5.742474387,-1.793681202,0.93465912,0,1
40,-11,4,0.9646808511,0.7414941569,0.2120206197,-7.704672279,-5.371046601,0.92446989,0,1
40,-11,5,0.1772727273,0.8049756318,0.1839178406,-6.106945568,-6.262851738,0.91184625,0,1
40,-11,6,0.33875,0.8281869437,0.06435462883,-2.798239472,-4.352502353,0.89709765,0,1
40,-11,7,-1.074324324,0.8119212666,0.006760326579,1.514567859,-0.7201973349,0.88055705,0,1
40,-11,8,-0.1062162162,1.041395269,0.1186259849,6.375832879,2.950000297,0.86256331,0,1
40,-11,9,0.4614285714,0.9400982554,0.153625342,6.094906382,5.173699837,0.84344608,0,1
40,-11,10,0.3372972973,0.9892199469,0.1035981718,3.899868101,5.281337814,0.82351430,0,1
40,-11,11,0.2835483871,0.9837602793,0.07149813076,4.111583904,3.583478319,0.80304822,0,1
40,-11,12,-0.1952173913,1.195693999,0.007095766719,1.340518201,1.074787952,0.78229481,0,1
40,-11,13,-0.9575,1.927904784,0.004025653341,-0.6591462581,-1.113723086,0.76146608,0,1
40,-11,14,2.18,6.416356702,0.0197942432,-1.81846901,-2.220014902,0.74073952,0,1
40,-11,15,1.72,6.02,0.0347803072,-3.176722159,-2.092512574,0.72026007,0,1
40,-10,0,1.337222222,1.151329478,0.5062482822,-10.81936778,-9.672814596,0.94131335,0,1
40,-10,1,0.3804651163,0.726306175,0.4151266184,-10.31782773,-8.139642528,0.93980540,0,1
40,-10,2,-0.3125,0.7577546189,0.2670845016,-9.63930903,-4.26648451,0.93532464,0,1
40,-10,3,0.07024390244,0.8025017657,0.00105018966,-0.6457554789,0.1411595109,0.92799706,0,1
40,-10,4,-0.1393478261,0.6930576617,0.07407238836,4.595748035,3.113927751,0.91802185,0,1
40,-10,5,0.4771428571,0.8064962927,0.08388426105,4.774383842,3.479207587,0.90565701,0,1
40,-10,6,0.7285,0.7697808942,0.006099154395,0.8200152083,1.365685793,0.89120197,0,1
40,-10,7,1.743076923,0.8072019268,0.05689854123,-4.44580779,-1.976650218,0.87497951,0,1
40,-10,8,-1.1305,0.9467647983,0.1990813844,-7.675986421,-4.889380836,0.85731874,0,1
40,-10,9,-1.028108108,0.9006731582,0.2634807945,-8.48473051,-6.134265446,0.83854059,0,1
40,-10,10,-0.4719444444,0.9332557637,0.1416952127,-5.450945513,-5.407289182,0.81894658,0,1
40,-10,11,-0.320625,0.9517749147,0.08537372556,-4.945054465,-3.326521771,0.79881092,0,1
40,-10,12,-0.05705882353,1.43479804,0.01152777132,-1.956875736,-0.9832135326,0.77837603,0,0
40,-10,13,0.569,1.663587689,0.001195952914,0.2812618741,0.6468863699,0.75785064,0,0
40,-10,14,-0.34,2.688108071,0.003098939613,0.1973604305,1.118189232,0.73741007,0,1
40,-9,0,1.841818182,1.25566416,1.302141549,20.09948735,11.73712381,0.93380133,0,1
40,-9,1,-0.02558139535,0.7309241652,0.8477298206,15.91129044,9.97620072,0.93232913,0,0
40,-9,2,0.9447727273,0.7362333288,0.2754590389,9.200898702,5.47236841,0.92795396,0,1
40,-9,3,-1.0155,0.7573893484,0.008032956334,-1.818382688,0.1885620186,0.92079693,0,1
40,-9,4,0.4445652174,0.8309232224,0.1295508938,-6.365259654,-3.658205815,0.91104970,0,1
40,-9,5,0.7734210526,0.8550384747,0.1374622822,-5.993388631,-4.611917872,0.89896077,0,1
40,-9,6,0.8187179487,0.8953390464,0.03287457347,-2.64906561,-2.580649719,0.88481904,0,1
40,-9,7,0.8215789474,0.8711977764,0.02647751599,3.079765805,1.237287538,0.86893649,0,1
40,-9,8,0.6124324324,0.8473363929,0.1903413724,7.351318313,5.014847293,0.85163196,0,1
40,-9,9,0.2326315789,0.8987510446,0.3036797333,8.652882868,7.174402382,0.83321708,0,1
40,-9,10,0.3272222222,0.9117836707,0.2262620762,6.672376022,7.043763295,0.81398541,0,1
40,-9,11,-1.541935484,1.033751121,0.1688738799,6.719005255,5.01139701,0.79420475,0,1
40,-9,12,-1.847647059,1.263945188,0.05433621691,4.224606227,2.18151622,0.77411253,0,1
40,-9,13,-2.605555556,1.896599377,0.002392734813,0.9707570395,-0.2304693046,0.75391392,0,1
40,-9,14,1.5375,2.909563971,0.006148870331,-0.7006452341,-1.437811861,0.73378188,0,1
40,-8,0,0.5654545455,1.043050992,0.4455786143,-11.15945173,-7.800473516,0.92577673,0,1
40,-8,1,1.694680851,0.7816054099,0.5079622451,-13.04104241,-6.423889771,0.92434210,0,1
40,-8,2,1.147380952,0.7302700786,0.08248334829,-5.05827314,-2.954768454,0.92007791,0,1
40,-8,3,1.70975,0.7574009011,0.07036742101,5.323489616,0.9677144452,0.91310021,0,1
40,-8,4,-0.4375,0.7815419602,0.1290880631,6.403358677,3.56418848,0.90359286,0,1
40,-8,5,-0.03225,0.7822040575,0.06242629884,3.405769051,3.791158929,0.89179454,0,1
40,-8,6,0.4763414634,0.779692659,0.01727611508,1.992230058,1.794062572,0.87798317,0,1
40,-8,7,-0.6913888889,0.9225434263,0.004206708735,-0.3730786316,-1.269248764,0.86245951,0,1
40,-8,8,0.4124324324,0.8716934393,0.123624651,-6.025369404,-3.8895167,0.84553159,0,1
40,-8,9,-0.62,0.9257174334,0.1391801849,-5.767729756,-4.963719576,0.82750132,0,1
40,-8,10,-0.7364864865,0.97449334,0.07635933677,-3.697625191,-4.25399664,0.80865387,0,1
40,-8,11,1.554814815,1.419628414,0.04856970355,-3.826552549,-2.358956845,0.78925019,0,1
40,-8,12,-0.2922222222,1.352089537,0.01495620424,-2.477805141,-0.2879852755,0.76952243,0,1
40,-8,13,0.3814285714,1.95443243,0.003184910449,-0.3930673474,1.081926104,0.74967189,0,1
40,-7,0,0.9613636364,1.08574496,0.8824089574,15.85147824,10.7634782,0.91728475,0,1
40,-7,1,1.972708333,0.8296093426,1.005715526,18.15858891,9.417460071,0.91588918,0,1
40,-7,2,-0.4086486486,0.7962812557,0.439738651,12.13597598,5.972365486,0.91174038,0,1
40,-7,3,1.338809524,0.883005124,0.01848437661,1.998572961,1.922508359,0.90494927,0,1
40,-7,4,0.9895833333,0.7021914126,0.01572884885,-2.335193182,-1.044404883,0.89569170,0,1
40,-7,5,0.4938888889,0.832768327,0.02896756735,-2.955967666,-1.820457747,0.88419627,0,0
40,-7,6,0.88,0.8004592432,0.01103311024,-2.115775134,-0.337291891,0.87072965,0,1
40,-7,7,-0.7,0.9234360206,0.01883517588,1.279007947,2.4900641,0.85558099,0,1
40,-7,8,-0.3826315789,0.8509340232,0.1851164741,7.018827472,5.268096661,0.83904720,0,1
40,-7,9,-0.5123076923,1.014411569,0.2660206392,8.030754019,6.795847552,0.82142002,0,1
40,-7,10,0.3087878788,0.9408933781,0.2278156327,7.187562822,6.566619619,0.80297590,0,1
40,-7,11,-0.2167857143,1.045958146,0.2072882627,7.897165398,4.886309624,0.78396859,0,1
40,-7,12,0.8961538462,2.4746436,0.08535340161,5.358117437,2.607955639,0.76462464,0,1
40,-7,14,6.67,4.099585345,0.0002934134498,0.09594104724,-0.3359590914,0.72568595,0,1
40,-6,0,0.4508695652,1.006302446,0.2273887961,-8.848131216,-4.039126547,0.90837084,0,1
40,-6,1,0.8335714286,0.9472472387,0.09073435336,-5.196975873,-3.277348756,0.90701551,0,1
40,-6,2,0.9743902439,0.7769287756,0.01272707024,-1.8451974,-1.374874671,0.90298561,0,1
40,-6,3,0.1977777778,0.8818721986,0.0288784557,3.389349361,0.725980518,0.89638685,0,1
40,-6,4,-0.96575,0.7709723568,0.03816394621,3.43220769,2.024319385,0.88738698,0,1
40,-6,6,-0.6763888889,0.8537843072,0.00207236342,0.577188686,0.7273579848,0.86309428,0,1
40,-6,7,0.3913888889,0.8610034879,0.009666784982,-1.740366521,-0.9964646651,0.84833396,0,1
40,-6,8,-0.2457894737,1.072635687,0.03220432948,-2.822764345,-2.330332889,0.83220892,0,1
40,-6,9,-1.105384615,0.8519472224,0.04575339998,-3.425115519,-2.702601802,0.81500049,0,1
40,-6,10,0.9574193548,0.9674291968,0.01642616784,-1.587346466,-2.077102796,0.79697605,0,1
40,-6,11,-2.201428571,1.209674944,0.01279061238,-2.12858846,-0.8891464221,0.77838188,0,1
40,-6,12,-0.2491666667,1.539150875,0.001034509431,-0.6091228911,0.2436632281,0.75943866,0,1
40,-6,13,-0.31,2.034512929,0.005424842627,1.238562472,0.8502597233,0.74033922,0,1
40,-6,14,4.83,4.248649786,0.004586654181,1.126192382,0.7999657557,0.72124813,0,1
40,-5,0,1.2325,1.092596678,0.2847793478,8.899365573,6.267560386,0.89908026,0,1
40,-5,1,0.86525,0.793892625,0.2979013401,9.572189488,5.68450071,0.89776603,0,1
40,-5,2,0.834047619,0.7516133818,0.283047984,10.01271018,4.184056701,0.89385763,0,1
40,-5,3,0.2318181818,0.7986176133,0.04781919982,3.761949812,2.396387301,0.88745556,0,1
40,-5,4,-0.1315384615,0.8739729302,0.003494197825,0.6060978361,1.042299818,0.87871944,0,1
40,-5,5,-0.6371794872,0.8031320226,0.004341407822,1.197502805,0.6100885219,0.86785737,0,1
40,-5,6,0.5731578947,0.8227187043,0.008608760514,1.499879689,1.154119837,0.85511297,0,1
40,-5,7,-1.313947368,0.8361502873,0.02312118225,2.076688424,2.303653016,0.84075162,0,1
40,-5,8,0.1011428571,0.8942840712,0.0511628099,3.047704316,3.463744954,0.82504718,0,0
40,-5,9,-0.6896969697,0.9375729173,0.09190738867,4.630024728,4.098838809,0.80827035,0,1
40,-5,10,0.3113793103,1.123285637,0.1072139575,5.378715904,3.959197527,0.79067923,0,1
40,-5,12,0.28375,1.822228632,0.03766835138,3.392195207,2.040769593,0.75398440,0,1
40,-5,13,-0.4533333333,2.11414548,0.002895653579,0.3135929493,1.051846769,0.73528351,0,1
40,-5,14,-0.4133333333,3.330950815,0.000550530238,0.01729245891,0.4782743125,0.71657110,0,1
40,-4,0,-0.6531818182,1.191354205,0.0677669706,5.308762532,-0.1055885966,0.88945751,0,1
40,-4,1,-0.69,0.8556737468,0.0008286808868,-0.5680735194,-0.1485294834,0.88818497,0,1
40,-4,2,0.3894871795,0.7875594172,0.01660852687,-2.612562587,-0.2905359134,0.88439985,0,1
40,-4,3,0.1369767442,0.7474604924,0.001989809788,0.7260236084,-0.5483977685,0.87819746,0,1
40,-4,4,-0.44375,0.7690162547,0.001965257712,0.1314327572,-0.894629004,0.86972932,0,1
40,-4,5,-1.943142857,0.8814991786,0.02184396273,-2.752476017,-1.22961255,0.85919327,0,1
40,-4,6,-1.415151515,1.029220627,0.05185537005,-4.426346811,-1.407700537,0.84682138,0,1
40,-4,7,0.3681081081,0.8523995692,0.03580853686,-3.630151105,-1.311474475,0.83286701,0,1
40,-4,8,-0.52175,0.8310180503,0.02342030519,-2.979943478,-0.9294285849,0.81759233,0,1
40,-4,9,-2.197878788,1.194006002,0.0003685166131,-0.07926468342,-0.3834535179,0.80125727,0,1
40,-4,10,-1.534827586,0.9919186539,0.002027289539,0.9106960686,0.1186436918,0.78411048,0,1
40,-4,12,2.601,1.972562603,0.004943423553,1.39662213,0.3257809472,0.74828199,0,1
40,-4,13,-0.536,2.781874548,0.005033261913,1.447048061,0.01073823901,0.72999204,0,0
40,-4,14,4.693333333,3.483304625,0.0005338084724,-0.2645446637,-0.3900057195,0.71167078,0,1
40,-3,0,0.549047619,1.175319795,0.02260148761,-3.059525089,0.2062568984,0.87954598,0,1
40,-3,1,0.9033333333,0.8257092264,0.0009471623393,0.455185617,0.4322825461,0.87831544,0,1
40,-3,2,0.2523809524,0.9509303354,0.02033131592,2.7338027,0.9925043664,0.87465459,0,1
40,-3,3,-0.632,0.7910654208,0.01210532092,1.575166266,1.598502221,0.86865360,0,1
40,-3,4,-0.2180434783,0.8447801429,0.03164070383,3.060776015,1.948231628,0.86045600,0,1
40,-3,5,0.08744186047,0.7677230281,0.06615627198,4.896605265,1.883412424,0.85024947,0,1
40,-3,6,-0.3957142857,0.8796341185,0.05168897335,4.401641794,1.459619093,0.83825459,0,1
40,-3,7,0.6320512821,1.005669568,0.01047392696,1.884996787,0.896890154,0.82471275,0,1
40,-3,8,-0.8464864865,0.8827285625,0.002294078158,0.867537329,0.449242369,0.80987443,0,1
40,-3,9,-0.2335714286,1.011001411,0.001496865682,0.7403356932,0.2732517678,0.79398873,0,1
40,-3,11,0.3442857143,1.703500828,0.006964735107,1.593364451,0.5990266039,0.76001511,0,1
40,-3,12,-0.34375,1.931668355,0.002045170221,-0.4547656494,0.8025403586,0.74235163,0,1
40,-3,14,7.22,3.453143495,0.002893237715,0.7875230724,0.7638877307,0.70656320,0,0
40,-2,0,-0.3636363636,1.170337678,0.07930397669,4.903842356,2.991045352,0.86938754,0,1
40,-2,1,0.29,1.007209614,0.05325787125,4.133501833,2.252073064,0.86819909,0,1
40,-2,2,-0.8473809524,0.7877569768,0.002853489585,1.03298937,0.3465732347,0.86466278,0,1
40,-2,3,0.9733333333,0.8738381479,0.01305745699,-1.304544299,-1.931490028,0.85886376,0,1
40,-2,4,-0.7724324324,0.8163474926,0.07459702442,-4.200601387,-3.659325926,0.85093770,0,0
40,-2,5,0.26925,0.8146856372,0.1829433814,-7.655018228,-4.184898223,0.84106230,0,1
40,-2,7,-0.3879411765,1.03682437,0.07770979565,-5.42838591,-1.692157656,0.81632074,0,1
40,-2,8,-0.8113888889,1.05868443,0.00129415696,-0.7155949201,0.1623312328,0.80192298,0,1
40,-2,9,0.8836666667,1.034028222,0.01610922963,2.137867417,1.460029857,0.78649179,0,1
40,-2,11,-0.6121428571,1.454735757,0.01179406285,1.836476308,1.238634541,0.75343215,0,1
40,-2,14,1.7325,2.696603187,0.01551395626,-2.016116689,-1.545890444,0.70126447,0,1
40,-1,0,1.861428571,1.164870172,0.2004629344,-7.767244727,-4.803281046,0.85902231,0,1
40,-1,1,0.2175,0.8470726314,0.1302168555,-6.178828746,-3.999768196,0.85787581,0,0
40,-1,2,-0.2185106383,0.8390226561,0.04371142336,-3.781635632,-1.971078543,0.85446366,0,1
40,-1,3,-0.6890243902,0.7983496511,0.0005196836302,-0.323068776,0.3344223923,0.84886612,0,1
40,-1,4,0.4753488372,0.7820422295,0.03304913224,3.1936281,1.884320948,0.84121120,0,1
40,-1,5,-0.3331707317,0.9411792965,0.05949932362,4.525761579,2.0668521,0.83166681,0,1
40,-1,6,0.3886111111,1.020354059,0.03325325982,3.595267235,0.95336543,0.82043110,0,1
40,-1,7,-0.6,0.9176762406,0.008139748641,1.65730095,-0.7999094947,0.80772194,0,1
40,-1,8,-0.04542857143,0.9261849333,0.01606169005,-1.123879524,-2.327934811,0.79376669,0,1
40,-1,9,1.167307692,1.260905725,0.04755388881,-3.293527401,-2.989520769,0.77879288,0,0
40,-1,10,0.471,1.659957498,0.04962394201,-3.704158378,-2.631540071,0.76302044,0,1
40,-1,11,1.6875,2.079808327,0.01997802363,-2.413248718,-1.577335494,0.74665570,0,1
40,-1,12,0.38625,1.838093017,0.007227290688,-1.689564597,-0.3901916836,0.72988718,0,1
40,-1,13,0.396,2.374781674,0.0004617913945,0.07925185115,0.4310975991,0.71288315,0,1
40,-1,14,0.805,3.725738182,0.004428170452,1.184658666,0.6624967732,0.69579056,0,0
40,0,0,2.17625,2.019705546,0.1759525296,6.98342798,4.943268352,0.84848839,0,1
40,0,1,-0.06375,1.160843461,0.08477203604,4.537018871,3.832028264,0.84738350,0,1
40,0,2,-0.02782608696,1.081778465,0.0078741906,1.516408297,0.9881919964,0.84409454,0,1
40,0,3,-1.057727273,1.49298619,0.01763259555,-1.345009885,-2.35093629,0.83869704,0,1
40,0,4,2.23952381,1.132544744,0.1500810919,-6.292258641,-4.77995476,0.83131158,0,1
40,0,5,0.5945,1.579445685,0.2548959248,-8.792020861,-5.361766643,0.82209655,0,1
40,0,6,3.584,1.308771099,0.1778242715,-7.607838331,-4.012940708,0.81123926,0,1
40,0,7,-2.66,1.584336318,0.04071290753,-3.844132174,-1.470050686,0.79894617,0,1
40,0,8,2.4725,1.393965417,0.006615841932,1.229472856,1.113949901,0.78543333,0,1
40,0,9,0.016,1.697389172,0.07615217287,4.928772849,2.718442232,0.77091767,0,1
40,0,10,-3.98,2.557720106,0.06543635035,4.352896121,2.876936054,0.75560959,0,1
40,0,11,-1.765,2.767322713,0.008188024532,0.4378237365,1.793013373,0.73970724,0,1
40,0,12,-2.0075,2.739896212,0.0005642283601,-0.4634287808,0.1413440743,0.72339242,0,1
40,0,13,5.155,8.225,0.0102516314,-1.600927587,-1.304672656,0.70682811,0,1
41,-20,0,0.07541666667,0.9971849833,0.2215152703,-8.326104922,-4.778733632,0.95575890,0,1
41,-20,1,1.336341463,0.8161358803,0.1527000271,-6.707025428,-4.306494059,0.95418057,0,1
41,-20,2,0.1954545455,0.8225352993,0.06853364466,-4.356224303,-3.088104483,0.94949207,0,1
41,-20,3,-0.03243902439,0.787468759,0.04027203167,-3.755713256,-1.627757641,0.94182919,0,1
41,-20,4,-0.309,0.80506496,0.02366276622,-3.096384994,-0.5071245337,0.93140627,0,1
41,-20,5,-0.921025641,0.8558870354,0.003289881772,-1.162793158,-0.1290383663,0.91850031,0,1
41,-20,6,1.138055556,0.9677059946,0.0007999233044,-0.1631937843,-0.5533279964,0.90343179,0,1
41,-20,7,-1.016153846,0.8000062091,0.009851350917,-1.363933276,-1.496091978,0.88654493,0,1
41,-20,8,-0.1628205128,0.8140077474,0.06314504331,-4.484386496,-2.482228161,0.86818923,0,1
41,-20,9,0.6777777778,0.8692570352,0.1226560458,-6.450633873,-3.069162088,0.84870391,0,1
41,-20,10,0.8442857143,0.8883812842,0.1033663664,-5.814403952,-3.03278181,0.82840598,0,1
41,-20,12,-0.45,1.252017109,0.009264486349,-1.198083138,-1.555326307,0.78648446,0,0
41,-20,13,0.5811111111,1.739172501,0.001754155161,-0.4272116034,-0.7397957228,0.76532828,0,1
41,-20,14,5.83125,2.138321636,0.0003423105901,0.2891951852,-0.2424515431,0.74429339,0,1
41,-20,15,-0.3825,5.440795553,5.098281295e-05,0.04706753552,-0.137825219,0.72352596,0,1
41,-19,0,0.9290909091,1.199995294,0.002714872598,-0.742152062,0.7607361293,0.95500187,0,0
41,-19,1,0.396744186,0.8503008862,0.009593049057,-1.902751306,0.6088328675,0.95342727,0,1
41,-19,2,0.38175,0.9488200423,0.004236942371,-1.300215787,0.2686960226,0.94874982,0,1
41,-19,3,-0.16775,0.7416181632,0.01975214533,2.866660163,0.006372507814,0.94110474,0,1
41,-19,4,1.024444444,0.7125663235,0.05427842167,4.751798372,0.05174558205,0.93070560,0,1
41,-19,5,0.5858139535,0.9115269115,0.0364791629,3.871555159,0.4336284084,0.91782834,0,1
41,-19,6,0.632,0.7813781128,0.02400048548,3.014212575,0.9485801398,0.90279233,0,1
41,-19,7,-0.2069047619,0.7380675878,0.01348603975,1.990469156,1.284068458,0.88594064,0,1
41,-19,8,-0.4181081081,0.8325368485,0.005417151488,0.8834757051,1.213774861,0.86762168,0,0
41,-19,9,-0.9615789474,0.8358917974,0.003019603096,0.843450124,0.7381616537,0.84817370,0,0
41,-19,10,-0.07685714286,0.9428173203,0.004064517585,1.297694558,0.08373177591,0.82791289,0,1
41,-19,11,0.5367647059,0.9228483884,0.0004674116224,-0.08875225394,-0.4319575222,0.80712534,0,1
41,-19,12,-2.1225,1.296182426,0.001217972516,-0.4125825784,-0.5800922159,0.78606246,0,1
41,-19,14,-0.1428571429,2.096462683,0.0002567788691,0.3007486055,0.1279915553,0.74393570,0,1
41,-19,15,1.354,2.4723414,0.0007870301579,0.1281730231,0.5576841669,0.72319737,0,1
41,-18,0,-0.4476190476,1.048361642,0.659380323,-14.15725491,-8.596744331,0.95349317,0,1
41,-18,1,0.3277777778,0.725892384,0.4161761338,-10.77557724,-7.552147403,0.95192602,0,1
41,-18,2,-0.2113513514,0.7932960524,0.1995265607,-7.676537277,-4.90742308,0.94727052,0,1
41,-18,3,0.2653846154,0.7617245305,0.143676898,-7.499447398,-1.879984641,0.93966086,0,1
41,-18,4,0.6129545455,0.7240649071,0.05498600058,-4.778872528,0.1975535474,0.92930899,0,1
41,-18,5,0.6266666667,0.7140838904,0.003483628678,-1.08386174,0.524013345,0.91648882,0,1
41,-18,6,1.03625,0.862357948,0.005090712888,-1.198551726,-0.8254933978,0.90151748,0,1
41,-18,7,0.6086842105,0.7827158133,0.07373862947,-4.647740144,-3.012822411,0.88473576,0,1
41,-18,8,0.1668571429,0.9037858536,0.1822290753,-7.189405445,-4.912020262,0.86648991,0,1
41,-18,9,0.6023076923,0.8994297535,0.2950059259,-9.517386787,-5.670545488,0.84711625,0,1
41,-18,10,-1.493333333,0.8989074497,0.2927813903,-9.805256687,-5.0662779,0.82692934,0,1
41,-18,11,0.569375,1.033561699,0.1302574625,-6.470084313,-3.511548604,0.80621394,0,1
41,-18,12,1.526818182,1.147368792,0.02386199156,-2.61590405,-1.75633369,0.78522050,0,1
41,-18,13,1.04,1.696523504,0.0005986438797,0.1119867257,-0.4863350285,0.76416345,0,1
41,-18,14,1.641666667,2.170034562,0.0008766915337,0.603196802,-0.02994558432,0.74322186,0,1
41,-17,0,1.671,1.091410212,0.3189314757,9.542075489,6.452800776,0.95124348,0,1
41,-17,1,0.3322727273,0.7399804903,0.1435126094,5.110845151,5.795426122,0.94968737,0,1
41,-17,2,1.232105263,0.7702993446,0.0634180138,2.9717235,4.189702415,0.94506448,0,1
41,-17,3,-0.9985714286,0.8243790984,0.1582758924,7.714406428,2.517503819,0.93750745,0,1
41,-17,4,-0.3404545455,0.7561038411,0.3058794789,11.15833507,1.65866904,0.92722580,0,1
41,-17,5,0.6189583333,0.6860222122,0.1776048832,8.362517998,1.989953397,0.91449048,0,1
41,-17,6,-1.41125,0.8338615906,0.1435158351,7.034654632,3.197292344,0.89961528,0,1
41,-17,7,-1.219666667,1.137080501,0.2174075527,8.381059132,4.495461137,0.88293761,0,1
41,-17,8,0.9845714286,0.9110045561,0.2290704896,8.324418325,5.099773425,0.86480052,0,1
41,-17,9,-0.4702857143,0.8756718703,0.1850420172,7.43632705,4.656913581,0.84553746,0,1
41,-17,10,0.989375,0.9540651101,0.1117061658,5.913091047,3.392660442,0.82546056,0,1
41,-17,11,-1.403225806,0.9551971319,0.0391249122,3.545984745,1.92450406,0.80485263,0,0
41,-17,12,0.1804545455,1.13967454,0.005986350175,1.305790494,0.8862856098,0.78396262,0,1
41,-17,13,-1.6,1.701304206,0.00144511927,0.4923100615,0.5990537831,0.76300393,0,1
41,-17,16,-0.25,5.21,0.02471824231,2.491159671,2.019411883,0.70133794,0,1
41,-16,0,-0.0675,1.163923011,1.330877203,-21.14803782,-10.31820179,0.94826851,0,1
41,-16,1,0.639047619,1.003551291,0.714273161,-14.759921,-8.905868957,0.94672694,0,1
41,-16,2,0.9779487179,0.7531272955,0.2059763879,-7.557459915,-5.346049364,0.94214693,0,1
41,-16,3,0.2507692308,0.7663659474,0.0860545734,-5.836657816,-1.317573385,0.93465912,0,1
41,-16,4,0.5670454545,0.7312869331,0.02179202749,-2.685799797,1.3612286,0.92446989,0,1
41,-16,5,0.12325,0.745226466,0.02505105731,2.785711899,1.63161763,0.91184625,0,1
41,-16,6,-1.131052632,0.803392478,0.0003414810557,0.1539852893,-0.3440349007,0.89709765,0,1
41,-16,7,0.4891666667,0.8345458771,0.1246424581,-6.364271496,-3.369409221,0.88055705,0,1
41,-16,8,0.05026315789,0.8188014432,0.3058258058,-9.615130227,-5.898013641,0.86256331,0,1
41,-16,9,-0.1876470588,0.9015640485,0.3670048223,-10.30950663,-6.812091487,0.84344608,0,0
41,-16,10,0.3844736842,0.8446035454,0.3357317494,-10.24659168,-5.889556101,0.82351430,0,1
41,-16,11,-0.8474193548,0.9703082281,0.1479790863,-6.883115648,-3.766785948,0.80304822,0,1
41,-16,12,-0.1295454545,1.137911522,0.0191827414,-2.39766529,-1.494016266,0.78229481,0,1
41,-16,13,1.223333333,2.117701191,1.658846844e-05,-0.0788321786,0.02621138676,0.76146608,0,1
41,-16,14,-0.3566666667,2.136202498,0.003295298527,1.093330226,0.4190721401,0.74073952,0,1
41,-16,15,1.47,2.950415225,0.0007976893798,0.5649390637,-0.1127764337,0.72026007,0,1
41,-16,16,4.98,4.56,0.005639470588,-1.141653124,-1.021225552,0.70014307,0,1
41,-15,0,1.272380952,1.080688661,1.210637078,20.02810177,10.12692599,0.94458876,0,1
41,-15,1,2.445641026,0.8227747395,0.5822541707,12.53954358,9.219749295,0.94306503,0,1
41,-15,2,-0.5665,0.8256534747,0.2186534015,6.494192075,6.985350487,0.93853772,0,1
41,-15,3,0.8692682927,0.7611581629,0.2807761386,9.779169153,4.602538033,0.93113495,0,1
41,-15,4,0.3063829787,0.7158285358,0.341379612,11.4613127,3.266127414,0.92105931,0,1
41,-15,5,-0.07441860465,0.7740546553,0.21849586,8.85891338,3.524735663,0.90857300,0,1
41,-15,6,1.69027027,0.9573375937,0.2735124134,9.413992281,5.016992974,0.89398013,0,1
41,-15,7,0.1794736842,0.8321143054,0.4917876864,12.6189413,6.735586333,0.87760825,0,1
41,-15,8,1.789354839,0.9805710357,0.5464356676,13.00507923,7.629530514,0.85979105,0,1
41,-15,9,1.13,0.8754284171,0.4376519325,11.4292122,7.173283923,0.84085355,0,1
41,-15,10,-0.6171428571,1.116706033,0.2565858267,8.691465652,5.58656177,0.82110074,0,1
41,-15,11,0.77,1.273913928,0.08781381658,4.837210817,3.624346826,0.80080968,0,1
41,-15,12,-1.128421053,1.440855874,0.03293082245,3.040611911,2.110777792,0.78022494,0,1
41,-15,13,0.325,1.9208905,0.009308526015,1.262409911,1.509664474,0.75955678,0,0
41,-15,14,0.21,2.866533912,0.007944364674,0.4651284928,1.757517739,0.73898157,0,1
41,-14,0,4.251818182,1.05931767,1.870305195,-25.876316,-10.41860718,0.94022910,0,1
41,-14,1,0.9797142857,1.045627509,0.799915298,-15.90481415,-8.935191023,0.93872634,0,1
41,-14,2,0.4868181818,0.9117591419,0.1220853098,-4.875088808,-5.198700852,0.93426093,0,1
41,-14,3,-0.232,0.7316494165,0.01162918928,-1.970436078,-0.9775722953,0.92695812,0,1
41,-14,4,-0.8804255319,0.7218908231,0.009295370796,0.7551303267,1.815783752,0.91701602,0,1
41,-14,5,0.1115,0.7660253341,0.04237021015,3.651167296,2.072894357,0.90469124,0,1
41,-14,6,-0.284,0.7946408387,0.001101770528,0.676492106,-0.02728622796,0.89028166,0,1
41,-14,7,-0.1965909091,0.7524337922,0.1180909881,-6.22570808,-3.220515921,0.87410850,0,1
41,-14,8,0.1120512821,0.9801400503,0.307926608,-9.670650165,-5.881313443,0.85649936,0,1
41,-14,9,-0.7963888889,0.8705067171,0.4011538649,-10.95786102,-6.842758019,0.83777384,0,1
41,-14,10,-0.5788888889,1.154753789,0.28203127,-9.095564661,-5.882890471,0.81823228,0,1
41,-14,11,-0.02612903226,1.186801944,0.07983059925,-4.436479378,-3.67841971,0.79814799,0,1
41,-14,12,-1.820555556,1.278679633,0.01291792147,-1.897312072,-1.332157424,0.77776265,0,1
41,-14,13,-0.14625,1.936960812,0.0001236791331,0.06590326147,0.2170549326,0.75728447,0,1
41,-14,14,3.2425,2.716719069,0.003255492892,1.004124042,0.588359086,0.73688846,0,1
41,-14,15,5.68,8.61,0.002403410825,0.9999554652,0.004012369864,0.71671817,0,1
41,-13,0,1.07,1.103629716,1.316481115,21.04852031,10.23108812,0.93521832,0,1
41,-13,1,2.326818182,0.8135794357,0.7499730158,14.96118391,9.390713048,0.93373942,0,1
41,-13,2,-0.0009090909091,0.7317984187,0.2927611736,8.259999938,7.319441264,0.92934447,0,1
41,-13,3,-0.3997777778,0.849382871,0.2796829488,9.502417143,5.105365604,0.92215547,0,0
41,-13,4,0.3432608696,0.7550090414,0.254264011,9.537423685,3.850041202,0.91236548,0,1
41,-13,5,-1.413513514,0.8337879135,0.1153204124,5.614026002,4.057239433,0.90022479,0,1
41,-13,6,1.548,0.8960416657,0.1769847364,6.675873768,5.391319155,0.88602426,0,1
41,-13,7,0.9538095238,0.7800258368,0.4163833427,11.19363904,6.923629727,0.87007789,0,1
41,-13,8,1.146,1.141927914,0.5415335891,12.89072224,7.689708488,0.85270643,0,1
41,-13,9,-0.1291666667,0.8531230752,0.4521366951,11.66549564,7.212864766,0.83422326,0,1
41,-13,10,-0.05090909091,0.9336670006,0.2935563318,9.466259609,5.702856302,0.81492344,0,1
41,-13,11,0.4290322581,1.017537123,0.08842360779,4.680240483,3.857920166,0.79507597,0,1
41,-13,12,-0.8,1.352420217,0.02279339536,1.887292734,2.433352434,0.77491923,0,1
41,-13,13,-2.38,2.666404749,0.0160463028,1.80583973,1.847952042,0.75465904,0,1
41,-13,15,1.83,10.39,0.02643583106,2.090061808,2.574905182,0.71449125,0,1
41,-12,0,1.949047619,1.106969459,1.255578489,-20.82559432,-9.4165684,0.92958867,0,1
41,-12,1,0.7215555556,0.8957864304,0.6430443295,-14.17194432,-8.166478161,0.92813627,0,1
41,-12,2,0.4776744186,0.8074006278,0.0890372709,-3.454977419,-5.0106528,0.92381960,0,0
41,-12,3,0.1082608696,0.7004310717,0.005547058031,0.5281606948,-1.424384773,0.91675708,0,1
41,-12,4,1.075909091,0.7439994145,0.004096185454,0.8512760872,0.9897102899,0.90713624,0,1
41,-12,5,-0.15075,0.785364964,0.008766350534,1.408988901,1.289165038,0.89520040,0,1
41,-12,6,-0.8358333333,0.8474136396,0.004540113399,-1.314642422,-0.4007576991,0.88123266,0,1
41,-12,7,0.998372093,0.7792159183,0.08680366129,-5.181135827,-3.044677306,0.86553906,0,1
41,-12,8,0.6095,0.8027762375,0.2159646729,-7.865861586,-5.289540774,0.84843275,0,1
41,-12,11,0.3177419355,0.9595256047,0.07424744272,-4.265172997,-3.563506115,0.79160816,0,1
41,-12,12,-2.335333333,1.361152126,0.01520905426,-1.968866605,-1.56563569,0.77170748,0,1
41,-12,13,0.398,3.550035774,0.0002217360126,-0.2387730339,-0.1877221225,0.75169173,0,1
41,-12,14,2.265,3.836300301,0.005984606747,1.56154465,0.2268126029,0.73173252,0,1
41,-11,0,0.9631818182,1.270977125,0.5685392513,13.79328913,6.803167039,0.92337523,0,0
41,-11,1,-0.6977272727,0.8328204748,0.2561369143,8.168165542,6.312333285,0.92195172,0,0
41,-11,2,1.04,0.7871316959,0.1757585088,6.854238796,5.113008654,0.91772037,0,1
41,-11,3,0.2980487805,0.7641843427,0.1664591134,7.372453806,3.860233796,0.91079577,0,1
41,-11,4,1.048139535,0.8310045593,0.09795818469,5.523612417,3.200737069,0.90135948,0,1
41,-11,5,-0.9535,0.7819215913,0.04841633583,2.930466008,3.3993739,0.88964730,0,1
41,-11,6,-0.461,0.7985469015,0.0877972087,4.33941066,4.206792591,0.87593393,0,1
41,-11,7,1.25025,0.9209161748,0.1800730095,7.040489056,5.034877081,0.86051682,0,1
41,-11,8,-0.2412195122,0.7808786369,0.18319896,6.925587004,5.315567144,0.84370082,0,1
41,-11,9,0.8797297297,0.9465537687,0.1937089068,7.575056614,4.817690048,0.82578496,0,1
41,-11,10,0.0671875,1.083316409,0.1214754166,6.04467669,3.741807339,0.80705191,0,1
41,-11,11,-1.809642857,1.007018989,0.04398019532,3.42470529,2.563032107,0.78776059,0,1
41,-11,12,-0.4706666667,1.42728538,0.01884781411,2.19194553,1.742674214,0.76814157,0,1
41,-11,13,-0.558,3.234469663,0.008718787873,1.187332172,1.489177734,0.74839498,0,1
41,-11,14,-0.445,4.01414063,0.009873411169,1.11335203,1.693585104,0.72869042,0,1
41,-10,0,0.9560869565,1.234698238,0.6535459762,-14.74258978,-7.386513081,0.91661544,0,0
41,-10,1,-0.695,0.7497200914,0.224228057,-7.052946733,-6.598856116,0.91522292,0,1
41,-10,2,0.4895454545,0.7367312144,0.06767733365,-2.653452214,-4.595215655,0.91108313,0,1
41,-10,3,-0.8129268293,0.7460373603,0.03344562847,-2.957728058,-2.273044407,0.90430658,0,1
41,-10,4,0.8611627907,0.8432844747,0.01928263291,-2.762891581,-0.6235967598,0.89506852,0,1
41,-10,5,0.0505,0.8299541191,0.00195725973,-0.8641512867,-0.2599050938,0.88359677,0,1
41,-10,6,-0.3781395349,0.7662336155,0.008313781728,-1.455018422,-1.158373266,0.87015710,0,1
41,-10,7,-1.144210526,0.9432773013,0.0583558608,-4.102429193,-2.729237662,0.85503780,0,0
41,-10,8,-1.546153846,0.9119205028,0.09229415932,-4.600300319,-4.151597226,0.83853487,0,1
41,-10,9,0.745,0.9097363936,0.1326394801,-5.687347778,-4.778918951,0.82093929,0,1
41,-10,10,-1.677741935,0.9583449139,0.1190125307,-5.485500929,-4.40724933,0.80252681,0,1
41,-10,11,0.6236,1.08196828,0.06687316275,-4.118699935,-3.295232183,0.78355063,0,1
41,-10,12,0.6116666667,1.775867621,0.03493151159,-3.26616025,-1.966030925,0.76423685,0,1
41,-10,14,-0.035,4.126102883,0.004937357459,1.363512232,-0.4415849008,0.72535441,0,1
41,-9,0,-0.32,1.092817803,0.01215848289,1.709902985,1.461063883,0.90934846,0,1
41,-9,1,0.5158139535,0.7693699529,0.00687898629,0.807426103,1.486617256,0.90798875,0,1
41,-9,2,-0.07205128205,0.7768967585,0.01016417314,-1.318352661,1.578195035,0.90394592,0,1
41,-9,3,0.3595348837,0.7475657268,0.0111123338,1.239247049,1.757127642,0.89732624,0,1
41,-9,4,0.5317073171,0.7651327973,0.05816799833,4.493413455,2.002433464,0.88829834,0,0
41,-9,5,-1.576578947,0.8800433421,0.06410412517,4.660988699,2.223822033,0.87708169,0,1
41,-9,6,1.163488372,0.8976445665,0.03261976298,2.885635178,2.290065189,0.86393275,0,1
41,-9,7,-1.8955,0.8007847713,0.015002524,1.347822243,2.1035922,0.84913011,0,1
41,-9,8,-0.05594594595,0.8638531244,0.01430467807,1.775615992,1.672894943,0.83296048,0,1
41,-9,9,0.08710526316,0.8958881023,0.004925434013,0.8796039471,1.129379935,0.81570635,0,1
41,-9,10,0.1746875,0.9528158591,0.003093423213,0.9156433369,0.6697764612,0.79763606,0,1
41,-9,11,-1.378421053,1.215675775,0.001767551767,0.7269526121,0.4548856516,0.77899673,0,1
41,-9,12,-0.5066666667,2.144958265,0.008814221824,1.841533288,0.5252313531,0.76000967,0,1
41,-9,13,5.1,2.371564767,0.003299880122,0.8709607518,0.7837894868,0.74086819,0,1
41,-8,0,0.8241176471,1.461874567,0.05643680919,-2.443168801,-4.184635934,0.90161467,0,1
41,-8,1,0.45725,0.7779303471,0.06149170341,-3.15364514,-3.954470563,0.90028931,0,1
41,-8,2,1.199777778,0.717892079,0.05991600411,-3.708347372,-3.343039497,0.89634801,0,0
41,-8,3,-0.3365853659,0.8632389807,0.07649298173,-5.027786601,-2.558492463,0.88989267,0,1
41,-8,4,-1.117619048,0.7429653081,0.05619795611,-4.462815517,-1.861224254,0.88108509,0,1
41,-8,5,-0.6730769231,0.8141451188,0.01695946848,-2.214381138,-1.46711215,0.87013614,0,1
41,-8,6,0.2791891892,0.8250161917,0.00799191621,-1.082459935,-1.467404915,0.85729257,0,1
41,-8,7,-0.7697297297,0.9625882812,0.01114170348,-1.185483334,-1.797242102,0.84282297,0,1
41,-8,8,-0.5673684211,0.8479142162,0.02832853699,-2.578522259,-2.266532337,0.82700434,0,1
41,-8,9,-0.2523684211,0.968922752,0.03799646698,-2.972132817,-2.640959339,0.81011027,0,1
41,-8,10,0.877,0.9820695834,0.04363358835,-3.264088983,-2.738477483,0.79240136,0,1
41,-8,11,1.223809524,1.245355653,0.03620787896,-2.969477413,-2.499261995,0.77411828,0,1
41,-8,13,0.27,2.354423732,0.01059248889,-1.558157544,-1.406803824,0.73666783,0,1
41,-7,0,-1.77875,1.228203878,0.1007079465,-5.394764369,-3.577087358,0.89345509,0,1
41,-7,1,-1.072926829,0.812821887,0.2207093934,-9.092114853,-3.026298859,0.89216534,0,1
41,-7,2,0.2254347826,0.9190245147,0.08887654815,-5.860747573,-1.621197223,0.88832933,0,1
41,-7,3,0.8885714286,0.7732705815,0.0003509317162,-0.3817737377,0.01588066268,0.88204448,0,1
41,-7,4,0.1752272727,0.7386357692,0.02892053129,3.260177329,1.184688111,0.87346565,0,1
41,-7,5,-1.322727273,0.7442747038,0.03282014927,3.406743207,1.431348799,0.86279489,0,1
41,-7,6,-0.04230769231,0.9264437587,0.009123113827,1.802156385,0.740174413,0.85026903,0,1
41,-7,7,-0.9883783784,0.8815563048,0.000865235175,0.3423714634,-0.4927053282,0.83614636,0,1
41,-7,8,0.2357894737,0.926746986,0.01948461532,-2.301925732,-1.675593776,0.82069387,0,1
41,-7,9,-0.63,0.883346284,0.02952073852,-2.638002504,-2.307140684,0.80417594,0,1
41,-7,10,-0.5752,1.392643783,0.0395578008,-3.415950683,-2.188402557,0.78684512,0,1
41,-7,13,3.326666667,6.373147661,0.0005901490976,-0.4380053154,0.2316892721,0.73219709,0,1
41,-6,0,-1.3445,1.128955712,0.006580720309,1.65295418,-0.07495459956,0.88491093,0,1
41,-6,1,0.6672093023,0.9251931243,0.009320028905,1.93871092,-0.3448931654,0.88365777,0,1
41,-6,2,1.088863636,0.7533562301,0.01848028487,-2.59133184,-0.9867265162,0.87993000,0,1
41,-6,3,-0.2768181818,0.7358926314,0.03170859778,-3.260516175,-1.600386674,0.87382053,0,1
41,-6,4,0.6130232558,0.8345756101,0.01665141558,-1.92084476,-1.799470319,0.86547717,0,1
41,-6,5,-1.667692308,0.8008434902,0.01254109123,-1.769578781,-1.444385375,0.85509307,0,1
41,-6,6,1.628421053,0.8374898602,0.00518590783,-1.280265114,-0.7200640289,0.84289497,0,0
41,-6,7,0.3002857143,1.073253162,0.0002361318891,-0.312973509,-0.01700211831,0.82913067,0,1
41,-6,9,0.318,0.9992930145,5.052285843e-05,0.09562442507,0.1089759214,0.79792874,0,1
41,-6,10,0.03916666667,1.121183186,0.001204159501,-0.5523492081,-0.4426001348,0.78099028,0,1
41,-6,11,-1.52375,1.545504469,0.005783929092,-1.168436001,-1.020358775,0.76346854,0,1
41,-6,12,0.9185714286,1.955666283,0.01202587501,-1.810427062,-1.313643368,0.74556881,0,1
41,-6,13,0.7925,3.596767936,0.004202895305,-0.5690634406,-1.193633249,0.72747232,0,1
41,-5,0,-1.607,1.099016492,0.612661562,-14.48456711,-6.715064326,0.87602308,0,1
41,-5,1,1.913953488,0.7700241966,0.313813301,-9.857605283,-5.778241051,0.87480725,0,1
41,-5,2,-0.07454545455,0.7698393242,0.06177423668,-3.75287957,-3.408336337,0.87118992,0,1
41,-5,3,0.183255814,0.8176880219,0.007520858873,-1.623548853,-0.7022141926,0.86525947,0,1
41,-5,4,-0.2702325581,0.8725976982,0.00316616741,-0.1404326902,1.139099094,0.85715670,0,1
41,-5,5,-2.004324324,0.910274481,0.01266909883,1.824703713,1.393331063,0.84706576,0,1
41,-5,6,0.7225,0.8948406238,0.01172338059,2.204740943,0.1287288994,0.83520325,0,1
41,-5,7,-0.6302857143,1.015299474,0.008662897867,-0.07578299056,-1.896948126,0.82180641,0,1
41,-5,9,-0.7365625,0.986066805,0.1118534344,-5.211480024,-4.401878792,0.79139425,0,0
41,-5,10,-0.6473684211,1.256173012,0.1235406225,-6.011782633,-3.906011596,0.77486001,0,1
41,-5,11,0.7446153846,1.749909381,0.06080642315,-4.335229606,-2.550292522,0.75773870,0,1
41,-5,12,2.09125,2.056841752,0.01199047596,-1.989477449,-1.015163498,0.74022983,0,1
41,-5,13,2.88,2.854797497,0.001943281249,-0.8958824052,0.07672771798,0.72251020,0,0
41,-4,0,-0.5744444444,1.208608398,0.1238322559,6.005027907,3.931848095,0.86683177,0,1
41,-4,1,0.5397674419,0.8273797175,0.07177600233,4.32122148,3.345009874,0.86565375,0,1
41,-4,2,-0.4527906977,0.7689353015,0.01595278296,1.735148752,1.904293629,0.86214833,0,1
41,-4,3,0.9684090909,0.7613767299,0.008231174892,1.810239217,0.3841523764,0.85639942,0,1
41,-4,4,-0.03292682927,0.9203801736,0.003222890518,1.075588414,-0.4289254204,0.84854077,0,1
41,-4,5,0.2868292683,0.8859425489,0.0008103007174,-0.5547587556,-0.1713600789,0.83874763,0,1
41,-4,6,-0.02756756757,0.9475281898,0.002631200322,-0.4941671285,0.9222237036,0.82722646,0,1
41,-4,7,0.1168571429,0.9929547428,0.01732723214,1.554256948,2.189336304,0.81420389,0,1
41,-4,8,-0.620625,1.069761424,0.03600393732,2.52482546,2.93334521,0.79991589,0,1
41,-4,9,0.2057142857,1.038434543,0.03725971202,2.769542941,2.798454644,0.78459808,0,1
41,-4,11,0.9184615385,1.54932988,0.008092180376,1.660195364,0.7813209669,0.75176685,0,1
41,-4,12,2.735,2.627565096,0.0006123066683,0.4997285904,-0.07084107063,0.73465946,0,1
41,-4,13,2.85,2.810162362,0.001418736656,0.6941417389,-0.3292803116,0.71732760,0,1
41,-3,0,-0.3057142857,1.101132688,0.3378174887,-9.09268315,-7.607258817,0.85737615,0,1
41,-3,1,-0.8290697674,0.7932522605,0.2777347115,-8.548830912,-6.516718896,0.85623622,0,1
41,-3,2,-0.2531707317,0.8007739415,0.07694379414,-4.224435867,-3.763804144,0.85284352,0,1
41,-3,3,1.215116279,0.7720008351,0.01111103,-2.053623672,-0.6366460346,0.84727754,0,1
41,-3,4,-0.4276923077,1.037551973,0.00778971756,-1.048593973,1.463326225,0.83966514,0,1
41,-3,5,0.723,0.8334037137,0.01488402352,1.809110582,1.708666823,0.83017269,0,1
41,-3,6,0.1516216216,0.8607337994,0.01625395528,2.59242457,0.2042339434,0.81899662,0,1
41,-3,7,-0.3694444444,0.8990053538,0.01109193944,0.08382852603,-2.146559714,0.80635298,0,1
41,-3,8,0.3620588235,1.004803062,0.07931148281,-3.964618263,-4.156795288,0.79246736,0,1
41,-3,11,-0.5444444444,1.994401965,0.06252686996,-4.290687183,-2.757534125,0.74557395,0,1
41,-3,12,-0.3733333333,2.608820508,0.003786312004,-0.7214524285,-1.027026062,0.72887659,0,1
41,-3,13,0.1025,2.558324647,7.578221723e-05,0.07542489969,0.1607479278,0.71194147,0,1
41,-2,0,-0.7504545455,1.103676519,0.2682457891,8.373610715,6.440881937,0.84769405,0,1
41,-2,1,-0.37625,0.925418179,0.2207937291,7.642766848,5.783445307,0.84659225,0,1
41,-2,2,0.2093478261,0.810418953,0.1002167836,4.939194448,4.159212532,0.84331247,0,1
41,-2,3,1.077560976,0.8104581147,0.04203982836,3.415753969,2.413106872,0.83792986,0,1
41,-2,4,-1.443488372,0.784747206,0.03108880024,3.308829472,1.409250543,0.83056446,0,1
41,-2,5,0.4802564103,0.89973894,0.02323765759,2.689883653,1.559627181,0.82137399,0,1
41,-2,6,-0.2725,0.9173738822,0.02938346637,2.303875818,2.630019044,0.81054493,0,1
41,-2,7,-0.1747222222,0.8919317709,0.05107414391,2.430075468,3.917125845,0.79828290,0,1
41,-2,8,-0.591875,1.036392864,0.08341003508,3.59332252,4.668014615,0.78480312,0,1
41,-2,9,0.5286956522,1.179611852,0.1017073821,4.71259777,4.48400145,0.77032174,0,1
41,-2,10,-0.6892857143,1.720342882,0.08642723079,4.87900082,3.48611063,0.75504843,0,1
41,-2,11,2.935,2.816824453,0.0444289639,3.705196292,2.180818254,0.73918074,0,1
41,-2,12,1.281666667,2.308544154,0.01024231015,1.719788926,1.141747726,0.72289997,0,1
41,-2,13,4.823333333,4.268275738,0.003717349095,1.022001845,0.7085878166,0.70636870,0,1
41,-1,0,-1.195263158,1.479457852,0.2826278084,-8.367702487,-6.896915157,0.83782170,0,1
41,-1,1,0.283902439,0.8117274472,0.1861476806,-6.529272194,-5.900374092,0.83675791,0,1
41,-1,2,-0.6753488372,0.8004681873,0.0457096779,-2.750246731,-3.384290972,0.83359067,0,1
41,-1,3,-0.2848837209,0.8319129227,0.005708659607,-1.449137094,-0.5244624947,0.82839094,0,1
41,-1,4,-0.9944186047,0.7787429373,0.004722821855,0.06622415697,1.400185963,0.82127211,0,1
41,-1,5,0.541025641,0.8488712388,0.01242548109,1.580554157,1.634444159,0.81238340,0,1
41,-1,6,1.144722222,0.8901368843,0.004733501217,1.376599817,0.2726213622,0.80190156,0,1
41,-1,8,0.4971428571,1.06713204,0.07310061702,-4.090117124,-3.699200908,0.77694956,0,0
41,-1,9,0.446,1.58212655,0.1428075733,-6.303053967,-4.436877961,0.76289089,0,1
41,-1,10,2.439230769,1.684781985,0.1048702709,-5.333957296,-3.896107074,0.74804691,0,1
41,-1,11,1.61,2.094814175,0.02253305499,-1.777939125,-2.492728845,0.73260764,0,1
41,-1,12,4.345,2.88827486,0.002138718803,0.06156339214,-0.9412827369,0.71674813,0,1
41,-1,13,3.055,3.850665527,0.000300800308,0.3292406195,0.1294104919,0.70062602,0,0
41,0,0,3.417,2.018965659,0.3629373735,10.42426823,6.506374377,0.82779355,0,1
41,0,1,-0.4068421053,1.190594605,0.243999606,8.086828392,6.009826961,0.82676745,0,0
41,0,2,1.242,1.509734483,0.07583220998,2.943813618,4.783677706,0.82371190,0,1
41,0,3,1.015454545,1.121018851,0.05732953099,3.441430447,3.465287953,0.81869375,0,1
41,0,4,-0.322,1.594182285,0.08912473683,5.457895371,2.700236716,0.81181995,0,0
41,0,5,-1.906666667,1.284660929,0.07974904114,5.042046976,2.785130388,0.80323144,0,1
41,0,6,-0.996875,1.261004374,0.07101323199,4.13570603,3.527128435,0.79309551,0,1
41,0,7,2.454285714,1.501713307,0.08085511504,3.792144185,4.388508627,0.78159742,0,0
41,0,8,1.4725,1.605534482,0.1048432661,4.524329647,4.811440198,0.76893216,0,1
41,0,9,0.282,1.775602715,0.1215855289,5.490226187,4.521334594,0.75529667,0,1
41,0,10,-0.095,2.235872313,0.09326676125,5.055186262,3.639816007,0.74088331,0,1
41,0,11,3.81,2.725635247,0.03397014612,2.74592406,2.567685757,0.72587457,0,1
41,0,12,1.205,3.87093335,0.009249041983,0.9154784912,1.734911153,0.71043922,0,1
42,-21,0,2.626,2.0024131,0.1660060289,-7.044808289,-4.408701934,0.93309524,0,1
42,-21,1,0.5076190476,1.081048559,0.1428148133,-7.148155516,-2.884659461,0.93162637,0,1
42,-21,2,-0.5438888889,1.137224529,0.1130739035,-6.792390262,0.9525048687,0.92726105,0,1
42,-21,3,0.2818181818,1.079131573,0.08341327282,2.617249025,5.277658739,0.92011991,0,1
42,-21,4,-0.05777777778,1.59844237,0.961837416,18.28868222,8.10504414,0.91039394,0,1
42,-21,5,3.283333333,1.195945955,1.236283814,21.12104739,8.261418974,0.89833075,0,1
42,-21,6,-0.1852173913,0.9915482156,0.4796395082,12.83840703,5.892955053,0.88421827,0,1
42,-21,7,0.6614285714,1.377300487,0.02678899996,2.442297295,2.276096028,0.86836748,0,1
42,-21,8,1.964117647,1.269955861,0.005285717721,-1.171284518,-0.9094992866,0.85109624,0,1
42,-21,9,-1.491666667,1.286437867,0.05302745143,-4.025980262,-2.419357023,0.83271535,0,1
42,-21,10,0.3333333333,1.242935221,0.06001671696,-4.597505818,-1.957701365,0.81351761,0,1
42,-21,11,-1.121818182,1.958286272,0.002165364057,-0.9362904036,-0.1557213752,0.79377021,0,1
42,-21,12,0.01875,2.626088507,0.02212993423,2.374605653,1.888993448,0.77371013,0,1
42,-21,13,0.7475,2.764056123,0.06782052812,4.234360303,3.20727045,0.75354219,0,1
42,-21,14,1.69,3.39845921,0.02906844101,0.8568957394,3.370387059,0.73343912,0,1
42,-21,15,-5.96,4.26,0.02662028664,2.129456645,2.557469701,0.71354319,0,1
42,-20,0,1.78952381,1.111708558,1.246218001,19.66880589,11.47261216,0.93274279,0,1
42,-20,1,0.1405,0.8022139198,0.8811012658,16.80720578,9.170365367,0.93127559,0,1
42,-20,2,0.13,0.8564467757,0.3605736975,11.78891843,3.322090062,0.92691517,0,1
42,-20,3,-0.5777777778,0.7398475743,0.0281782388,-0.1258571066,-3.42163339,0.91978196,0,1
42,-20,4,1.464736842,0.8747367608,0.8424172893,-16.87120038,-8.114560376,0.91006659,0,1
42,-20,5,2.404186047,0.7498390309,1.233819692,-20.83321973,-8.905136503,0.89801624,0,1
42,-20,6,0.5206818182,0.7269835007,0.507958089,-13.32173171,-5.819354101,0.88391834,0,1
42,-20,7,-1.9221875,0.8681260124,0.000971914572,-0.2453623918,-0.5866493711,0.86808339,0,1
42,-20,8,0.3254285714,1.031346704,0.2045512284,8.147979389,4.325846222,0.85082876,0,1
42,-20,9,-0.575,0.9945602688,0.5114884119,12.84259373,6.918813279,0.83246482,0,0
42,-20,10,0.3261111111,0.8991604795,0.4099946065,11.33226362,6.492765433,0.81328401,0,1
42,-20,11,0.5177777778,1.150875343,0.08594107653,4.65264314,3.75609719,0.79355321,0,1
42,-20,12,-0.67,1.406125689,0.0003499511351,-0.2725471045,0.2670458615,0.77350916,0,1
42,-20,13,-1.735,1.985228486,0.05483967886,-4.121941045,-2.413581497,0.75335652,0,1
42,-20,14,1.803333333,2.121239156,0.03631813054,-1.873739956,-3.405741449,0.73326792,0,1
42,-20,15,-0.68,3.614280703,0.02986941058,-2.216024363,-2.741578858,0.71338555,0,1
42,-19,0,-0.5938095238,1.121496975,0.2070620011,-8.569844687,-3.564389164,0.93168785,0,1
42,-19,1,0.6885365854,0.7649917085,0.1044775318,-6.157083045,-2.357473648,0.93022561,0,1
42,-19,2,0.01363636364,0.8626898229,0.03805592287,-3.921114431,0.6766370168,0.92587986,0,1
42,-19,3,0.16925,0.768218068,0.05635697178,2.602293438,4.083516205,0.91877034,0,1
42,-19,4,1.022439024,0.7577054501,0.5824951668,14.24121767,6.287441035,0.90908665,0,1
42,-19,5,1.309487179,0.7779164758,0.6964285875,15.78531696,6.369410705,0.89707467,0,1
42,-19,6,1.39,0.9087254451,0.3223823577,10.68545305,4.46616814,0.88302039,0,1
42,-19,7,0.7787878788,0.890659523,0.02426773266,2.740208545,1.608640952,0.86723279,0,1
42,-19,8,0.5446875,0.8932331876,0.008735067309,-1.697578213,-0.8674152387,0.85002784,0,1
42,-19,9,0.5894594595,0.8651791236,0.05863052994,-4.519687307,-1.991322391,0.83171460,0,1
42,-19,10,0.83,0.8914042121,0.03280599297,-3.349914032,-1.557833426,0.81258441,0,1
42,-19,11,0.4711111111,1.022302265,0.001856250029,0.873672017,-0.09476671751,0.79290327,0,1
42,-19,12,-0.08307692308,1.530729416,0.009733464528,1.32270896,1.51657514,0.77290720,0,1
42,-19,13,-1.755,2.067843079,0.03149681677,2.600520108,2.518211265,0.75280036,0,1
42,-19,15,-1.45,3.721306894,0.0136973686,1.422732926,1.916912256,0.71291325,0,1
42,-18,0,2.6325,1.296995896,0.8038166045,16.70215829,7.447266565,0.92993755,0,1
42,-18,1,0.6447619048,0.7962384883,0.5170701659,13.48578618,5.766976934,0.92848352,0,1
42,-18,2,-0.4258695652,0.7199550829,0.1539023377,7.86034697,1.498413153,0.92416202,0,1
42,-18,3,-0.3522727273,0.7321024998,0.04601355319,-2.72490961,-3.423240552,0.91709170,0,1
42,-18,4,1.76725,0.9352151122,0.7749583395,-16.60064604,-6.843689456,0.90746044,0,1
42,-18,5,1.356190476,0.7785573597,0.9623767771,-18.58968076,-7.403769664,0.89551197,0,1
42,-18,6,0.7056410256,0.8160074286,0.4272704319,-12.31300116,-5.114071251,0.88152986,0,1
42,-18,7,-0.3725,0.7809402186,0.01764573641,-2.412441634,-1.233509458,0.86582066,0,1
42,-18,8,-1.508717949,0.8166491163,0.0546013405,4.099374135,2.4314082,0.84869797,0,1
42,-18,9,-0.9511764706,0.8869442799,0.2115043787,8.280729394,4.407364032,0.83046872,0,1
42,-18,10,-0.1464705882,1.085214263,0.1679230107,7.245206682,4.167794062,0.81142243,0,1
42,-18,11,-0.3755555556,1.009421598,0.02573360859,2.403784527,2.219945689,0.79182357,0,1
42,-18,12,1.096153846,1.50087371,0.0004968352968,0.3439206572,-0.2973624345,0.77190705,0,1
42,-18,13,-2.615,2.25765328,0.02277933584,-2.118748629,-2.233412812,0.75187616,0,0
42,-18,15,-0.525,3.875358048,0.02314418156,-1.961841004,-2.404204786,0.71212815,0,1
42,-17,0,-0.09210526316,1.128375515,0.07346858945,-5.420282863,-1.089390753,0.92750361,0,1
42,-17,1,-1.409302326,0.7503088241,0.03403695604,-3.69396736,-0.7179903661,0.92606095,0,1
42,-17,2,0.3704444444,0.7315159636,0.01484023649,-2.476705351,0.2003413056,0.92177303,0,1
42,-17,3,0.7123913043,0.8038892288,0.005536265265,0.9449614062,1.187595623,0.91475699,0,1
42,-17,4,0.4323076923,0.7861490792,0.1191573211,6.820637814,1.747485687,0.90519833,0,1
42,-17,5,-0.83125,0.8542807131,0.1101897982,6.571857647,1.62929448,0.89333783,0,1
42,-17,6,0.3257575758,0.8640171941,0.04685582506,4.313300616,0.9431696787,0.87945575,0,1
42,-17,8,1.35575,0.8681097862,0.003965785602,-1.159145289,-0.5534685433,0.84684660,0,1
42,-17,10,-0.6702857143,0.9024511293,0.0005249703935,-0.3163955774,-0.3439551432,0.80980399,0,1
42,-17,11,0.23,1.060580527,0.002480204591,0.9941868278,0.2084927928,0.79031938,0,1
42,-17,12,-1.273571429,1.430561293,0.001262580139,-0.2883224668,0.6649513486,0.77051333,0,0
42,-17,13,3.78,2.175157082,0.001728695115,0.2043469136,0.8230779306,0.75058798,0,1
42,-17,15,-0.215,4.24924405,0.0002730448153,-0.04918013216,0.3334370135,0.71103337,0,1
42,-17,16,1.81,5.27,0.00301074889,1.11914486,0.01103506547,0.69165915,0,1
42,-16,0,-0.0245,1.174945122,0.1117218441,6.671282439,1.40545512,0.92440215,0,1
42,-16,1,1.497560976,0.7752970684,0.09664819422,6.297699001,0.7409347074,0.92297390,0,1
42,-16,2,1.182325581,0.7357508499,0.05400714809,4.644121626,-0.9494933838,0.91872853,0,1
42,-16,3,0.9751162791,0.8645100118,0.05039568355,-3.540962469,-2.903180398,0.91178125,0,1
42,-16,4,0.9952777778,0.8217462023,0.5364232149,-14.31801286,-4.262710231,0.90231461,0,1
42,-16,5,1.746363636,0.7280457894,0.5504883342,-14.45748333,-4.47315202,0.89056564,0,1
42,-16,6,0.1402702703,0.9075573995,0.2461236148,-9.488743148,-3.515999179,0.87681042,0,1
42,-16,7,1.443947368,0.9040907144,0.03389053958,-3.252946465,-1.87572079,0.86134779,0,1
42,-16,8,0.4833333333,0.8228786006,0.001372624905,-0.7038296281,-0.2751319116,0.84448398,0,1
42,-16,10,-0.001290322581,1.121483056,0.005605508397,1.346833296,0.7198498147,0.80773730,0,1
42,-16,11,0.6984615385,1.067370061,1.047230519e-05,0.05211004819,0.04051534253,0.78839796,0,0
42,-16,12,-1.238181818,1.544602974,0.002289651424,0.3374074098,-0.9158352704,0.76873246,0,1
42,-16,13,0.7516666667,3.625989903,0.007293880291,-0.4989294012,-1.669027202,0.74894143,0,1
42,-16,14,1.6425,2.805104722,0.01325039663,1.346773439,-1.923268684,0.72919480,0,1
42,-16,15,7.05,3.834501271,0.008438017573,-0.8743888138,-1.657117719,0.70963318,0,1
42,-15,0,-0.3915,1.185108095,0.04092813555,3.160396836,2.653269222,0.92065341,0,1
42,-15,1,-0.2395121951,0.7623060992,0.00974905671,0.4061818351,1.972577632,0.91924243,0,1
42,-15,2,-0.9563043478,0.7393195304,0.04841615627,-4.482391583,0.2268588318,0.91504811,0,1
42,-15,3,-0.44075,0.7651692623,0.04934916877,-4.144051694,-1.832569223,0.90818338,0,1
42,-15,4,-0.3784210526,0.923173567,0.02742010986,0.470097804,-3.344698398,0.89882722,0,1
42,-15,5,-0.7634090909,0.7507866398,0.0350316555,-0.8448879718,-3.723024182,0.88721220,0,1
42,-15,6,0.7180555556,0.8367594386,0.02863025697,-1.877039341,-2.896238642,0.87360942,0,1
42,-15,7,0.158974359,0.8328908241,0.01252842719,-1.876343172,-1.300663545,0.85831260,0,0
42,-15,8,0.6639473684,0.9067276241,0.0006590017861,0.3852375194,0.3546356508,0.84162301,0,1
42,-15,9,0.2686842105,0.8655192055,0.01474489827,2.027979467,1.421914318,0.82383641,0,1
42,-15,11,-2.021153846,1.051447087,0.005965264971,1.261555024,0.9435557882,0.78606848,0,1
42,-15,12,-2.297272727,1.880724759,0.007039742005,-1.709173003,-0.0870461723,0.76657251,0,1
42,-15,13,-0.5,3.290053191,0.007774537635,-1.486428753,-1.012465798,0.74694362,0,1
42,-15,14,-0.0375,2.709329945,0.03867330574,-3.728403918,-1.479472646,0.72735050,0,1
42,-14,0,0.04368421053,1.088307792,0.05623966864,-2.946061694,-3.83652875,0.91628133,0,1
42,-14,1,-0.2068181818,0.8659976815,0.04057293927,-2.22397346,-3.454578143,0.91489033,0,1
42,-14,2,-0.005952380952,0.7615754851,0.01598679506,0.6620732159,-2.492565955,0.91075504,0,1
42,-14,3,-0.86,0.8694940127,0.01385716864,-1.947792162,-1.404033931,0.90398576,0,1
42,-14,4,-1.38195122,0.7703587396,0.1237335749,-7.143111067,-0.6743131044,0.89475742,0,1
42,-14,5,0.2288372093,0.7897930823,0.07951053171,-5.72253472,-0.5766755666,0.88329747,0,1
42,-14,6,-0.7505405405,0.8187597294,0.05212094188,-4.535772565,-1.05424094,0.86987125,0,1
42,-14,7,0.4781578947,0.8606139143,0.03191215182,-3.178632201,-1.781344492,0.85476659,0,1
42,-14,8,0.2052777778,0.8599325716,0.04105396113,-3.396216552,-2.354996382,0.83827905,0,1
42,-14,9,-0.5248648649,0.9224872226,0.03738975566,-3.049570531,-2.501187734,0.82069924,0,1
42,-14,10,-1.578387097,0.9694435577,0.04555820262,-3.764653192,-2.18669803,0.80230255,0,1
42,-14,11,-0.6572,1.294812923,0.02015015308,-2.417801528,-1.592986502,0.78334190,0,1
42,-14,12,-2.385,1.562110618,0.003350398985,0.6448040735,-0.9890118389,0.76404317,0,1
42,-14,14,-0.5833333333,4.4904949,0.00663407632,1.597470698,-0.4562472826,0.72518881,0,1
42,-13,0,0.1388235294,1.187592429,0.3013293322,8.982524854,6.684370287,0.91131321,0,1
42,-13,1,1.101,0.7849067232,0.1525030946,6.114767993,5.104680284,0.90994468,0,1
42,-13,2,-0.8780487805,0.8567782264,0.03172949048,-3.467981239,1.083513572,0.90587578,0,1
42,-13,3,0.4615,0.802902072,0.2045625876,-8.504020306,-3.576154114,0.89921393,0,0
42,-13,4,0.02217391304,0.7229926582,0.22380946,-6.79098205,-6.855462584,0.89012950,0,1
42,-13,5,-0.5646511628,0.7532905999,0.2142158956,-5.786029381,-7.459578676,0.87884423,0,1
42,-13,6,0.66425,0.7936451899,0.08697540557,-2.729296998,-5.360654773,0.86561704,0,1
42,-13,7,0.01028571429,0.8501921512,0.01076982925,-1.256895641,-1.703216617,0.85072914,0,1
42,-13,8,0.5842857143,0.8927219528,0.01053703648,1.017296486,1.830024342,0.83446974,0,1
42,-13,9,-0.6508333333,0.8854670683,0.05234200317,2.662070006,3.832755072,0.81712358,0,1
42,-13,10,0.5158064516,1.207619784,0.09287245393,4.950504354,3.75920547,0.79896103,0,1
42,-13,11,-0.7626315789,1.240872827,0.0481589972,3.989042579,2.030726172,0.78023082,0,1
42,-13,12,-2.018333333,1.52375564,0.001359813608,-0.6832944735,-0.3144078573,0.76115558,0,1
42,-13,13,0.3225,2.750070454,0.0294002614,-2.728217444,-2.188300944,0.74192956,0,1
42,-13,14,-1.045,5.405,0.09497600412,-5.559282138,-2.934053979,0.72271835,0,1
42,-12,0,2.387,1.172169177,0.3175901199,-9.664659088,-6.22303325,0.90577920,0,1
42,-12,1,2.098611111,0.8810639449,0.172973043,-6.765748348,-5.117540146,0.90443541,0,1
42,-12,2,0.7505,0.7854838477,0.02873810927,-2.557822841,-2.326776458,0.90043965,0,1
42,-12,3,-0.2666666667,0.76010897,0.00734817087,1.53171619,0.8432171637,0.89389615,0,1
42,-12,4,0.2222916667,0.7033746779,0.04570610084,3.19319836,2.969727005,0.88497035,0,1
42,-12,5,-0.3126190476,0.7984681952,0.06216225524,3.945703559,3.208382499,0.87387774,0,1
42,-12,6,0.1575609756,0.7814625392,0.006681267033,-0.1946969693,1.655838387,0.86087024,0,1
42,-12,7,-0.7661764706,0.8735686041,0.01156956473,-2.049187603,-0.7837662936,0.84622182,0,1
42,-12,8,-1.566470588,0.9867814299,0.02778131272,-1.74800471,-2.915948472,0.83021466,0,1
42,-12,10,0.0215625,1.028782567,0.09805296328,-5.419396788,-3.380027002,0.79522398,0,1
42,-12,11,0.4321052632,1.228196773,0.05014688249,-4.134097091,-1.942318317,0.77674936,0,1
42,-12,12,-1.26125,2.106407264,0.0002668904459,0.09635534578,-0.3189891536,0.75792222,0,1
42,-12,13,3.8825,3.032895687,0.002141785412,0.5044492171,0.797878485,0.73893413,0,1
42,-12,14,-2.255,4.215856971,0.01006523557,1.72803417,1.096124417,0.71994878,0,1
42,-11,0,3.046,1.111683071,0.8158809806,15.79804842,9.479707814,0.89971186,0,1
42,-11,1,0.81,0.8662426198,0.339474303,9.258760156,7.450633747,0.89839486,0,0
42,-11,2,0.2976744186,0.8131197755,0.01376025912,-0.677863354,2.294643357,0.89447828,0,1
42,-11,3,-0.8506666667,0.8246738198,0.164272236,-7.415245517,-3.654965753,0.88806296,0,1
42,-11,4,1.135555556,0.875292595,0.3586067299,-9.399123099,-7.800834454,0.87930907,0,1
42,-11,5,0.8719047619,0.7822501151,0.3927544592,-9.543954875,-8.503907939,0.86842538,0,1
42,-11,6,0.9215,0.8051733897,0.1223846517,-4.191043228,-5.77517773,0.85565631,0,1
42,-11,7,-1.262777778,0.9616600735,0.003435129262,-0.3943785216,-1.128553898,0.84126802,0,1
42,-11,8,0.3557142857,0.8750728483,0.02805577592,1.011892308,3.263209916,0.82553517,0,1
42,-11,9,0.3091666667,1.002694811,0.1163985778,4.093080374,5.62794262,0.80872915,0,1
42,-11,10,-0.131,1.011786783,0.1946013146,7.248773115,5.330871431,0.79110871,0,1
42,-11,11,-1.447272727,1.481565245,0.09922701378,5.69318714,2.978342174,0.77291292,0,1
42,-11,12,-0.7333333333,3.17188132,0.0005450508228,0.4717008641,-0.06529899418,0.75435679,0,1
42,-11,13,4.66,4.04085387,0.0236433705,-1.99450627,-2.420464949,0.73562886,0,1
42,-10,0,-0.7559090909,1.363841604,0.343521124,-10.68043595,-5.371082785,0.89314567,0,1
42,-10,1,0.1645,0.7837119608,0.2168792019,-8.579834714,-4.076510953,0.89185725,0,1
42,-10,2,-0.1965909091,0.7365394712,0.003181954854,0.8120716967,-0.8150925919,0.88802520,0,1
42,-10,3,0.3984782609,0.7236355063,0.1371083864,6.986842862,2.868324248,0.88174676,0,1
42,-10,4,0.06181818182,0.8557668614,0.2151453385,7.840937523,5.294321378,0.87317653,0,1
42,-10,5,-0.4251162791,0.8398418068,0.1947825091,7.147330005,5.473021174,0.86251624,0,1
42,-10,6,-0.2813513514,0.9675334078,0.05650913916,3.322075908,3.531877103,0.85000233,0,1
42,-10,7,0.1771052632,0.8350482229,0.01024543025,1.989145185,0.5530473322,0.83589272,0,1
42,-10,8,-0.1182857143,0.8945911847,0.01007451997,0.1120456396,-2.044235635,0.82045404,0,1
42,-10,9,-0.2976470588,0.9186731631,0.03140481797,-1.654887149,-3.213590778,0.80395030,0,1
42,-10,10,-0.5996428571,1.01054201,0.06939284812,-4.637344899,-2.713960032,0.78663375,0,1
42,-10,12,0.02333333333,2.236289089,0.00129817324,0.05803743129,0.732618679,0.75047399,0,1
42,-10,13,3.45,4.42922115,0.009719039081,0.5720388832,1.927778262,0.73202677,0,0
42,-9,0,1.786842105,1.145079924,0.6502673889,13.32963816,9.636453475,0.88611653,0,1
42,-9,1,0.536097561,0.885437461,0.4820677027,11.86959697,7.724928481,0.88485825,0,1
42,-9,2,0.6563043478,0.7187035758,0.05179060901,3.64645178,2.872387996,0.88111533,0,1
42,-9,3,0.4441463415,0.8270696122,0.05799350591,-4.094183001,-2.713958937,0.87498131,0,1
42,-9,4,0.3311111111,0.7940824845,0.2891183912,-8.770511171,-6.585164528,0.86660498,0,0
42,-9,5,-0.2828205128,1.002663454,0.3868431074,-10.43819863,-7.210280575,0.85618072,0,0
42,-9,6,0.4494871795,1.089065079,0.1315729136,-5.774551325,-4.625452245,0.84393667,0,1
42,-9,7,-0.613,0.8026838185,0.008983929909,-1.912645524,-0.2819683067,0.83012211,0,1
42,-9,8,0.05297297297,0.8761952496,0.0437307243,2.004576562,3.765052661,0.81499523,0,1
42,-9,9,1.165,1.028717786,0.1545950105,5.472119632,5.862967359,0.79881229,0,1
42,-9,10,1.108,1.163002293,0.2249216973,7.992195962,5.449986139,0.78181869,0,1
42,-9,12,-0.08666666667,2.561313031,0.00135974248,0.7169587195,0.2273416822,0.74628944,0,1
42,-9,13,5.28,6.42,0.01016645511,-0.5552386461,-1.98025573,0.72814170,0,1
42,-8,0,-0.3525,1.213369254,0.1490893175,-7.51088714,-2.369480519,0.87866127,0,1
42,-8,1,-0.9728205128,0.7967519534,0.01618218611,-2.169658266,-1.423060244,0.87743444,0,1
42,-8,2,0.02692307692,0.9039825779,0.03040538813,3.4280088,0.9480322004,0.87378455,0,1
42,-8,3,0.375625,0.8052460367,0.1242058179,6.230006158,3.586395332,0.86780133,0,1
42,-8,4,0.2095238095,0.7700517181,0.1872576838,7.097159849,5.247660733,0.85962760,0,1
42,-8,5,0.52775,0.8976800932,0.2060461074,7.64443788,5.223697935,0.84945018,0,1
42,-8,6,0.3546153846,1.016856104,0.07900585228,4.417976102,3.65396718,0.83748862,0,1
42,-8,7,-0.1638888889,1.059024055,0.01908746254,2.455869996,1.382007857,0.82398327,0,0
42,-8,8,-0.3488571429,1.009712229,0.01520925692,2.45936182,-0.5284643515,0.80918359,0,1
42,-8,9,1.045333333,1.130509877,0.004492077848,-0.3109705502,-1.33124145,0.79333772,0,0
42,-8,10,-2.5335,1.546885713,0.01714565602,-2.512481252,-0.9059813684,0.77668391,0,1
42,-8,11,-1.903571429,1.46477309,0.003617694734,-1.192581457,0.2878771207,0.75944409,0,1
42,-8,12,0.4466666667,2.276751463,0.0107850524,1.46247605,1.532393819,0.74181947,0,1
42,-7,0,1.747826087,1.063657776,0.3629731877,10.25697866,6.768128612,0.87081722,0,1
42,-7,1,0.53225,0.8352607828,0.2218201537,7.911528653,5.449300679,0.86962291,0,1
42,-7,2,0.107804878,0.805211797,0.05882344939,4.476848144,2.105001682,0.86606924,0,1
42,-7,3,0.1869767442,0.7474033651,0.01325658544,-1.583427393,-1.734385668,0.86024207,0,1
42,-7,4,0.1951219512,0.8396889757,0.1601970141,-6.892365931,-4.375437915,0.85227814,0,1
42,-7,5,-1.052222222,0.8532837352,0.2097737595,-8.033693516,-4.768132764,0.84235654,0,1
42,-7,6,-0.6661538462,0.8183185403,0.05711956197,-3.87822458,-2.953587932,0.83068808,0,0
42,-7,7,-1.320277778,0.9199038499,0.004099565275,-1.305098471,0.04818269165,0.81750393,0,1
42,-7,8,-0.9718181818,0.9452503665,0.01896363619,-0.02624430332,2.808742967,0.80304457,0,1
42,-7,9,0.1593548387,1.103618675,0.07792806899,3.852272925,4.193038989,0.78754979,0,1
42,-7,11,-1.200909091,1.58566356,0.06343381434,4.652790354,2.177811413,0.75436211,0,1
42,-7,13,1.43,6.04,0.00787788043,-1.194048546,-1.360808859,0.71958123,0,1
42,-6,0,1.494,1.135657079,0.06556711938,5.089792017,1.17170334,0.86262178,0,0
42,-6,1,-1.78,0.7804424874,0.01715191844,2.263808425,1.41814708,0.86146082,0,1
42,-6,2,0.4268292683,0.9104778589,0.01462834603,1.427798833,2.011825182,0.85800589,0,1
42,-6,3,1.926888889,0.9016110621,0.04194590743,3.268018804,2.602198631,0.85233890,0,1
42,-6,4,0.7254545455,0.7497725895,0.06899901438,4.543393244,2.839766196,0.84459050,0,1
42,-6,5,0.86275,1.038965276,0.0588899878,4.226844665,2.575785032,0.83493195,0,1
42,-6,7,-1.732702703,0.8779605243,0.01289503615,1.955061805,1.242034024,0.81071210,0,1
42,-6,8,0.04193548387,0.9536115152,0.01735141788,2.56277496,0.8069417416,0.79660398,0,1
42,-6,9,0.8388461538,1.096153374,0.009739245048,1.856033586,0.7791684245,0.78147208,0,1
42,-6,10,0.213125,1.908419878,0.003121285634,-0.3808802529,1.074023036,0.76553961,0,1
42,-6,11,4.715,1.756044988,0.005466733051,0.4180243029,1.449021248,0.74901573,0,1
42,-6,12,-0.045,2.701781819,0.02632944944,2.867026388,1.653600679,0.73209128,0,1
42,-5,0,-0.8818181818,1.085201261,0.01569669802,1.664396451,1.939153686,0.85411201,0,1
42,-5,1,0.1151219512,0.9122158844,0.0177039265,2.30000881,1.440690596,0.85298504,0,1
42,-5,2,0.9173170732,0.8085804719,0.001682401495,0.817041544,0.1799939656,0.84963068,0,1
42,-5,3,0.6873170732,0.8429744104,0.01509172092,-2.167817525,-1.256742634,0.84412698,0,1
42,-5,4,0.2276923077,0.8137922687,0.03809580513,-3.302967726,-2.222605014,0.83659842,0,1
42,-5,6,0.5337142857,0.9047188311,0.006593653956,-0.5139342544,-1.574524777,0.81615008,0,1
42,-5,7,-1.481818182,0.9215383693,0.006593000376,-1.610610131,-0.3859012556,0.80363582,0,1
42,-5,8,-0.05892857143,1.029577633,0.006886784105,-1.545437173,0.6905331028,0.78988772,0,1
42,-5,9,-1.570833333,1.300663699,0.006497016508,1.102958351,1.219235023,0.77512831,0,1
42,-5,10,0.6277777778,1.337086615,0.03475895569,3.649761173,1.067957274,0.75957307,0,1
42,-5,11,-0.3657142857,2.117743794,0.008312009865,1.810765433,0.4234366571,0.74342448,0,1
42,-5,12,0.065,2.799507397,0.004922635204,-1.388872564,-0.3450662426,0.72686794,0,1
42,-4,0,0.312173913,1.328472027,0.1407867088,6.503120384,4.035223668,0.84532434,0,1
42,-4,1,-0.510952381,0.8635292633,0.1008736916,5.442881464,3.513265622,0.84423175,0,1
42,-4,2,-0.6593023256,0.787865923,0.01982528641,1.890107027,2.162338203,0.84097922,0,1
42,-4,3,0.134,0.8331830223,0.000693465334,0.0750717057,0.5318618398,0.83564088,0,1
42,-4,4,-0.1319047619,0.8177660171,0.001345642526,-0.1356782057,-0.7358255602,0.82833516,0,1
42,-4,5,-0.3356410256,0.8512228875,0.009209541102,-1.561112652,-1.180894034,0.81921768,0,1
42,-4,6,0.334,0.8854540194,0.01891356748,-2.713811387,-0.7100160161,0.80847257,0,1
42,-4,7,0.4838888889,0.9672271181,0.001261393084,0.6107758233,0.389549953,0.79630295,0,1
42,-4,8,0.2351724138,1.010706067,0.04750347258,4.146942126,1.602015219,0.78292156,0,1
42,-4,9,0.69,1.163256455,0.03956312658,3.255491631,2.421118507,0.76854219,0,1
42,-4,10,0.4578571429,1.420456595,0.01878572607,1.122535193,2.560394881,0.75337242,0,1
42,-4,11,-0.27,2.20817295,0.01766885333,1.780546904,2.04467372,0.73760797,0,1
42,-4,12,-2.724,3.076648501,0.009850046026,1.662009771,1.155762008,0.72142865,0,1
42,-4,13,1.11,3.818104896,0.0002595716466,0.1791532732,0.2754951682,0.70499584,0,0
42,-3,0,0.3225,1.168497861,0.09233829226,-5.536280147,-2.786841577,0.83629422,0,1
42,-3,1,0.7223255814,0.8018697053,0.06690480258,-4.628572678,-2.532138001,0.83523623,0,1
42,-3,3,0.5687804878,0.8166941968,0.003747229359,-0.5323511315,-1.129432721,0.82691437,0,1
42,-3,5,-0.8563157895,0.9039911835,0.0007668974896,-0.3460221591,-0.4464667104,0.81099064,0,1
42,-3,7,-1.685294118,0.9103997848,0.005546469212,-0.973660639,-1.166004153,0.78874089,0,1
42,-3,8,-0.1396153846,1.074574775,0.02108510226,-2.5021042,-1.584874041,0.77573095,0,1
42,-3,9,-0.2357142857,1.413558423,0.01528830465,-1.803876103,-1.762570155,0.76173714,0,1
42,-3,10,-0.37,1.826003262,0.007717874216,-0.7210599853,-1.640443658,0.74695911,0,1
42,-3,11,3.613333333,2.160601768,0.01071908088,-1.665919458,-1.297818267,0.73158572,0,1
42,-3,12,1.21,2.848679519,0.0109884285,-1.94478385,-0.8885360981,0.71579107,0,1
42,-2,0,2.676111111,1.458595694,0.2094188564,7.375941709,5.72041518,0.82705588,0,1
42,-2,1,-0.7613953488,0.7828788175,0.1128493805,5.053251161,4.627642168,0.82603252,0,1
42,-2,2,0.325,0.7983336529,0.0103246129,0.9580460046,1.837838763,0.82298508,0,1
42,-2,4,-0.4948717949,0.8600866849,0.08147311221,-4.447351329,-3.757332335,0.81112413,0,1
42,-2,5,-0.7934285714,0.9013895396,0.1105902211,-5.268238504,-4.272724009,0.80255745,0,1
42,-2,6,-0.2254545455,1.045331531,0.065540416,-4.330020364,-2.918678697,0.79244669,0,1
42,-2,7,0.6403448276,1.243544561,0.0004983628493,-0.01414327049,-0.455127822,0.78097640,0,1
42,-2,8,0.3629166667,1.285065481,0.05189203312,4.207779892,1.970788867,0.76834081,0,1
42,-2,9,0.02166666667,1.572209064,0.0878343705,5.014196814,3.376518927,0.75473621,0,1
42,-2,10,1.6875,1.746145593,0.04623457616,2.828264129,3.352101695,0.74035430,0,1
42,-2,11,-1.565,2.328193506,0.01223753916,0.6804925513,2.151347657,0.72537704,0,1
42,-2,12,-2.02,6.06,0.0005948359868,-0.1628155764,0.470074058,0.70997274,0,1
42,-1,0,-0.6536842105,1.222136203,0.2805109686,-9.323753765,-5.456445613,0.81764212,0,1
42,-1,1,0.3495,0.8217874573,0.1560763303,-6.513730536,-4.744058361,0.81665327,0,1
42,-1,2,0.249047619,0.8379219643,0.02385714217,-1.131329401,-2.940363625,0.81370809,0,1
42,-1,3,0.5380952381,0.8148856047,0.002041483764,0.289484417,-0.8749559211,0.80886950,0,1
42,-1,4,0.278974359,0.8388657381,0.0007175589086,-0.03792620003,0.5450673279,0.80223821,0,1
42,-1,5,0.27,0.9339860407,0.001490540548,0.1398767622,0.7749622044,0.79394716,0,1
42,-1,6,-0.7451612903,0.9594499053,8.817901623e-05,0.135452616,-0.1354216626,0.78415440,0,0
42,-1,8,0.7345,1.259335142,0.05646827243,-3.863595483,-2.926768141,0.76077539,0,1
42,-1,11,0.4275,2.657336934,0.01893737536,-1.798353678,-2.155162218,0.71900089,0,1
42,-1,12,0.18,6.16,0.002974423952,-0.4062279485,-1.03560274,0.70399094,0,1
42,0,0,1.811818182,1.662157564,0.2210347383,7.308557973,6.20849223,0.80808418,0,1
42,0,1,-0.961,1.278775916,0.1087516115,4.609232233,4.899034731,0.80712956,0,1
42,0,2,1.155,1.380350158,0.006805171532,-0.6058555196,1.569775974,0.80428587,0,1
42,0,3,-1.460526316,1.249995568,0.04541626346,-3.702617823,-2.277241777,0.79961246,0,1
42,0,4,0.2464705882,1.665064241,0.1279384991,-5.343461272,-4.967453386,0.79320447,0,1
42,0,5,-0.3944444444,1.495668522,0.1489464783,-5.690182442,-5.439692986,0.78518758,0,1
42,0,6,1.478571429,1.491247252,0.07654499126,-4.266764905,-3.693355836,0.77571156,0,1
42,0,7,-0.4035714286,1.495020647,0.002177726515,0.6473729144,-0.6978112316,0.76494301,0,1
42,0,8,-1.647,1.774546421,0.05799667164,4.418033083,2.147139569,0.75305812,0,1
42,0,10,-5.94,3.793721787,0.04718372677,2.693170245,3.518151097,0.72665246,0,1
42,0,11,-0.935,3.540003531,0.01139967785,0.8504192842,2.004885506,0.71247579,0,1
43,-21,0,-0.1265217391,1.042790353,0.1136347002,-6.155704005,-3.063405927,0.91131321,0,1
43,-21,1,0.96,0.7388668334,0.05987384318,-4.238656598,-2.635147568,0.90994468,0,1
43,-21,2,-0.55775,0.782519209,0.0105306386,-1.425404636,-1.532788651,0.90587578,0,1
43,-21,3,-0.553902439,0.8185766855,0.001039573583,0.619711996,-0.2201509085,0.89921393,0,1
43,-21,4,-0.115,0.7340550167,0.008957009509,1.771232585,0.767628854,0.89012950,0,0
43,-21,5,0.3726315789,0.9903887109,0.009177946654,1.641306268,1.060449176,0.87884423,0,1
43,-21,6,0.5343589744,0.825386982,0.002952683742,0.9284605225,0.6053183747,0.86561704,0,1
43,-21,7,0.7835135135,0.8543651503,0.002692589974,-1.00489386,-0.3323054287,0.85072914,0,1
43,-21,8,0.1323076923,0.8285023282,0.02223558947,-2.745174463,-1.309588774,0.83446974,0,1
43,-21,9,0.1744444444,0.868092977,0.03206763307,-3.110674285,-1.91449303,0.81712358,0,1
43,-21,10,-0.3663636364,1.076128796,0.02022305933,-2.156807554,-1.939557599,0.79896103,0,1
43,-21,11,0.2204347826,1.111827716,0.008447709764,-1.194365677,-1.445032162,0.78023082,0,1
43,-21,12,-0.06625,1.8281125,0.002667852403,-0.7915844929,-0.6952270245,0.76115558,0,1
43,-21,14,-1.736666667,4.199374292,0.001363107853,0.6591196481,0.3642464577,0.72271835,0,1
43,-20,0,-0.8813636364,1.111021584,0.1164585691,-3.954296277,-5.728485413,0.91065688,0,1
43,-20,1,0.4554347826,0.7546997168,0.1166548943,-4.794315588,-5.054524937,0.90929130,0,1
43,-20,2,-0.2385,0.8011915735,0.0887429935,-5.068105994,-3.351921753,0.90523112,0,1
43,-20,3,-0.3239534884,0.8347481991,0.06132546405,-4.849212319,-1.413963201,0.89858338,0,1
43,-20,4,0.689,0.7907247072,0.04080583306,-4.118996238,-0.1045579961,0.88951785,0,1
43,-20,5,-0.07153846154,0.7835414554,0.01492367638,-2.490907314,0.06558609859,0.87825554,0,1
43,-20,6,-0.8197560976,0.776223756,0.01512598744,-2.364412702,-0.8382385468,0.86505451,0,1
43,-20,7,0.3751282051,0.8278335675,0.0520978327,-4.073040186,-2.255080021,0.85019513,0,1
43,-20,8,2.562702703,0.952411957,0.1164053583,-6.04601475,-3.446095141,0.83396574,0,1
43,-20,9,-0.03540540541,0.8964306594,0.1403007724,-6.590297439,-3.865153688,0.81665035,0,1
43,-20,10,-0.4206060606,1.053626129,0.1068443954,-5.741314016,-3.389600087,0.79851864,0,0
43,-20,11,-1.438095238,1.305665242,0.04682922615,-3.758629268,-2.314253861,0.77981881,0,1
43,-20,12,1.20875,1.792278142,0.004414242384,-0.722422777,-1.146572613,0.76077303,0,1
43,-20,13,-0.3683333333,3.629987527,0.001445775751,0.698851246,-0.336325279,0.74157526,0,0
43,-20,14,2.525,3.903748199,0.00126352539,0.7202016608,-0.08362401169,0.72239085,0,1
43,-19,0,-0.07380952381,1.093074364,0.03380083025,-3.701210506,0.6030811406,0.90934846,0,1
43,-19,1,-0.8215,0.7813393149,0.01289916455,-2.178597091,0.787621415,0.90798875,0,1
43,-19,2,-0.4169230769,0.7720188362,0.01046932851,1.640066115,1.290695475,0.90394592,0,1
43,-19,3,1.256511628,0.8008990576,0.1151565558,6.636491974,1.966540702,0.89732624,0,1
43,-19,4,1.177804878,0.7706289295,0.2317695651,9.469449559,2.599248226,0.88829834,0,1
43,-19,5,0.7847727273,0.8022794223,0.1777886852,8.075426351,2.95898309,0.87708169,0,1
43,-19,6,0.09421052632,0.8354675722,0.0727725033,4.685599667,2.884751486,0.86393275,0,1
43,-19,7,-0.4694871795,0.8239175984,0.03755040263,3.169225354,2.361920305,0.84913011,0,1
43,-19,8,-1.814,0.8599220658,0.02802936323,3.043372454,1.548986843,0.83296048,0,1
43,-19,9,0.1862162162,0.8926241261,0.01376547038,2.280572079,0.7252902702,0.81570635,0,1
43,-19,10,0.8783870968,0.9601301724,0.00294992172,1.09409611,0.1739363496,0.79763606,0,1
43,-19,11,0.9485,1.200452311,0.001631081111,0.821906713,0.0554299452,0.77899673,0,1
43,-19,12,0.6,2.090179418,0.00110867969,0.5888837018,0.3383439313,0.76000967,0,0
43,-18,0,0.3122727273,1.068198066,0.2670341756,-7.879178284,-7.001198496,0.90739637,0,1
43,-18,1,1.302162162,0.912514193,0.2356177408,-7.780521094,-6.122995347,0.90604538,0,1
43,-18,2,0.46075,0.9329886763,0.1414434321,-6.592933489,-3.921741862,0.90202834,0,1
43,-18,3,1.01047619,0.7551146089,0.08855983303,-5.890310426,-1.465987002,0.89545040,0,1
43,-18,4,0.5595555556,0.7444162847,0.0564203222,-4.843823369,0.1037667281,0.88647843,0,1
43,-18,5,-0.1148837209,0.7878587528,0.00707285936,-1.708417211,0.1547201702,0.87532972,0,0
43,-18,6,-1.334473684,0.817731644,0.004740783835,-0.7989375412,-1.155023015,0.86225825,0,1
43,-18,7,-0.03333333333,0.9983371095,0.05844211863,-3.896500437,-3.021892615,0.84754006,0,1
43,-18,8,0.138,1.02071122,0.2121620218,-8.269574298,-4.459045533,0.83145939,0,1
43,-18,9,0.1684210526,0.853597893,0.2511305149,-9.023656702,-4.801584339,0.81429646,0,1
43,-18,10,0.6593333333,0.9839210108,0.1465186573,-6.712852408,-3.986974515,0.79631767,0,1
43,-18,11,1.274285714,1.280295645,0.0574695434,-4.204962329,-2.495637674,0.77776848,0,1
43,-18,12,-2.283333333,2.594487318,0.006415721514,-1.266145984,-1.032522706,0.75886893,0,1
43,-18,13,0.358,2.882419817,0.0003950702608,0.3750742597,-0.1539035484,0.73981137,0,1
43,-18,14,0.0975,2.703861822,0.001097500099,0.6747002586,-0.03726900098,0.72076005,0,1
43,-18,15,0.67,3.614007471,0.001405114892,-0.5940904259,-0.4812978041,0.70185208,0,1
43,-17,0,-0.7104545455,1.07048369,0.1124040704,5.546638862,3.999993454,0.90481303,0,1
43,-17,1,-1.242972973,0.8321692283,0.09980064122,5.060221131,3.989450945,0.90347353,0,1
43,-17,2,-0.36625,0.8611243908,0.09679715326,4.920708891,4.007317635,0.89949045,0,1
43,-17,3,-0.1418604651,0.8870129959,0.2394137247,9.076205025,4.150829188,0.89296747,0,1
43,-17,4,-0.01065217391,0.7395248308,0.4689194117,13.23865319,4.453047662,0.88406919,0,1
43,-17,5,0.8076595745,0.7535469757,0.2811913438,9.690865975,4.803682583,0.87301001,0,1
43,-17,6,0.2216666667,0.8315571722,0.1378271615,5.7082697,4.97573683,0.86004065,0,1
43,-17,7,0.3402777778,0.8559121281,0.1478158514,6.237251111,4.753392783,0.84543382,0,1
43,-17,8,0.08764705882,0.9807262996,0.201962238,8.20891873,4.079096775,0.82947050,0,1
43,-17,9,-1.054545455,0.9196856871,0.1207131543,6.364089782,3.117765909,0.81242794,0,1
43,-17,10,0.07310344828,1.15911956,0.03907495737,3.386550204,2.188199705,0.79456993,0,1
43,-17,13,1.01,2.524253603,0.01076439521,1.178525676,1.757711558,0.73840928,0,1
43,-17,14,-0.655,2.686500977,0.01277327328,0.8431435812,2.145545443,0.71946333,0,1
43,-16,0,-0.7928571429,1.108427723,0.6359898506,-14.5371103,-7.298822835,0.90161467,0,1
43,-16,1,0.737804878,0.9833635355,0.4433633788,-12.03448625,-6.295256392,0.90028931,0,0
43,-16,2,0.3473809524,0.7589171708,0.1435579218,-6.738046049,-3.784876421,0.89634801,0,1
43,-16,3,0.4461363636,0.8243238126,0.03378703771,-3.613624214,-0.9993236664,0.88989267,0,1
43,-16,4,0.02704545455,0.7513507121,0.007092889106,-1.544245393,0.7525072351,0.88108509,0,1
43,-16,5,0.0502173913,0.707449057,0.01755193394,2.594834845,0.7544708761,0.87013614,0,1
43,-16,6,0.4539534884,0.8460452027,0.02306704563,2.994142037,-0.7950108311,0.85729257,0,1
43,-16,7,-0.2711111111,0.901082046,0.03787982958,-2.645538662,-2.959871364,0.84282297,0,1
43,-16,8,0.9431428571,0.8929887903,0.2287828876,-8.600046343,-4.606861944,0.82700434,0,0
43,-16,10,0.8173333333,1.032492569,0.135206567,-6.309867985,-4.054328647,0.79240136,0,1
43,-16,11,0.9082352941,1.354802939,0.05099323643,-3.946207608,-2.375484379,0.77411828,0,1
43,-16,14,1.8425,3.46600244,0.0007246371316,0.5052297985,0.2149988339,0.71785222,0,1
43,-16,15,5.53,4.65,0.0009470921667,-0.5213555253,-0.349601726,0.69916631,0,1
43,-15,0,0.527,1.098483273,0.4399733208,12.29253152,5.651757636,0.89782104,0,1
43,-15,1,-0.1695555556,0.8184930694,0.4288003363,12.15462205,5.537634364,0.89651232,0,1
43,-15,2,0.1165853659,0.7698834094,0.2950176181,9.73338405,5.291676176,0.89262020,0,1
43,-15,3,-0.4858139535,0.8406514265,0.2934364966,9.787226779,5.127667708,0.88624450,0,1
43,-15,4,0.05717391304,0.730093282,0.2762618147,9.372187399,5.205712935,0.87754374,0,1
43,-15,5,0.2627272727,0.7638528846,0.1431634206,5.422826841,5.491390795,0.86672467,0,1
43,-15,6,0.3393181818,0.8047784351,0.108150972,3.453469731,5.750584043,0.85402939,0,1
43,-15,7,-0.04,0.8635558666,0.1625217487,5.936751489,5.689581793,0.83972165,0,1
43,-15,8,0.6133333333,0.9386052638,0.2553711988,8.930027628,5.147865023,0.82407379,0,1
43,-15,9,-1.101470588,0.9119578543,0.187095154,7.751090893,4.21433166,0.80735508,0,1
43,-15,10,1.184666667,0.9911878396,0.09732339994,5.505917103,3.189951374,0.78982236,0,1
43,-15,12,-0.114,3.287244439,0.03027917895,2.851349226,2.113600785,0.75324127,0,1
43,-14,0,0.71,1.121427358,0.6582219502,-14.90847678,-7.182427475,0.89345509,0,0
43,-14,1,0.252,0.8049429116,0.5401399881,-13.66618898,-6.160991362,0.89216534,0,1
43,-14,2,1.063,0.8723980508,0.1323183734,-6.487387014,-3.600584122,0.88832933,0,1
43,-14,3,-0.1677777778,0.7540419628,0.003996151237,-1.053111946,-0.7439986086,0.88204448,0,1
43,-14,4,0.1317391304,0.7346652852,0.007415768202,1.384336491,1.081159417,0.87346565,0,1
43,-14,5,-0.009534883721,0.769371183,0.05448657847,4.623822022,1.135402078,0.86279489,0,1
43,-14,6,0.05093023256,0.7733630281,0.03903264576,4.009520866,-0.4038305605,0.85026903,0,1
43,-14,7,-0.6943589744,0.9741072798,0.01831076411,-0.8974920356,-2.610097644,0.83614636,0,1
43,-14,9,0.9725,0.9466508604,0.1788201763,-7.148280783,-4.82693694,0.80417594,0,1
43,-14,10,0.439,1.074109773,0.1309252142,-6.213247434,-3.983256923,0.78684512,0,0
43,-14,11,-0.7413333333,1.387379785,0.08146974319,-5.325066196,-2.353454579,0.76893536,0,1
43,-14,13,0.1175,3.700135977,0.0009522784528,0.5874586853,0.2260154242,0.73219709,0,1
43,-14,14,6.735,4.296990226,0.003578341687,1.172984995,0.3359424532,0.71371348,0,1
43,-13,0,-1.13047619,1.484000461,0.4324053349,12.51787315,4.816941432,0.88854259,0,1
43,-13,1,0.263255814,0.7668191977,0.3939369692,11.90100738,4.718212108,0.88727396,0,0
43,-13,2,0.5075,1.013295635,0.3073571691,10.37362915,4.501358507,0.88350043,0,1
43,-13,3,-0.2228571429,0.7750329523,0.1954293605,7.902366577,4.342811158,0.87731681,0,1
43,-13,4,0.3195454545,0.7784331959,0.1070855769,5.039658242,4.376558295,0.86887387,0,1
43,-13,5,-0.6316666667,0.875492489,0.05058487667,0.2749167176,4.579301834,0.85836851,0,1
43,-13,6,-0.6021428571,0.8950604244,0.0547296042,-0.2343638868,4.766030967,0.84603171,0,1
43,-13,7,-0.6978947368,0.8795684767,0.07302967082,2.874522429,4.703270079,0.83211570,0,0
43,-13,8,-0.8728947368,1.043466287,0.1187794627,5.588753079,4.264204421,0.81688157,0,1
43,-13,9,0.07903225806,0.9870823845,0.1252810015,6.302831497,3.520915799,0.80058823,0,1
43,-13,11,1.006666667,1.408557497,0.06304670615,4.666406082,2.110668253,0.76579714,0,1
43,-13,13,-0.4475,5.4702626,0.02335820041,2.430373973,1.952266528,0.72948600,0,1
43,-13,14,0.765,4.060249377,0.02804789574,2.641831232,2.165620981,0.71120187,0,1
43,-12,0,1.352727273,1.062306602,0.4614162908,-12.10710261,-6.737061843,0.88311172,0,1
43,-12,1,-0.6512195122,0.9360760207,0.2769517732,-9.0203816,-5.818686568,0.88186618,0,1
43,-12,2,-0.5656818182,0.7451687368,0.07726297072,-4.457240725,-3.50398016,0.87816094,0,1
43,-12,3,0.1388888889,0.7318645223,0.01189741038,-2.041459401,-0.8844780896,0.87208799,0,1
43,-12,4,0.6308695652,0.7755213192,0.002134835218,-0.3889909391,0.8584133883,0.86379370,0,1
43,-12,5,-0.1709302326,0.7661114967,0.03699324135,3.78331863,1.037956094,0.85346935,0,1
43,-12,6,1.211025641,0.8262157579,0.0437525431,4.259797518,-0.2390636764,0.84133962,0,1
43,-12,7,-0.5151282051,0.8873651175,0.01188233118,0.3500344465,-2.19569129,0.82765015,0,1
43,-12,8,-1.554210526,0.8427652019,0.0665415276,-3.607648419,-3.830031597,0.81265559,0,1
43,-12,9,-0.3432258065,0.9794961435,0.1232023407,-5.631919325,-4.420316875,0.79660889,0,1
43,-12,10,1.447727273,1.168204457,0.1196621184,-5.92871607,-3.82559153,0.77975258,0,1
43,-12,11,-0.1816666667,1.67658556,0.09034299788,-5.616107756,-2.458878867,0.76231217,0,1
43,-12,12,0.222,3.316693233,0.01277141411,-2.078019684,-0.9976557734,0.74449177,0,1
43,-12,13,-1.69,8.67,0.0007612671837,0.5623840127,-0.02110970788,0.72647172,0,1
43,-11,0,1.41047619,1.110572976,0.06482471449,4.805513368,1.96901979,0.87719267,0,1
43,-11,1,0.1104761905,0.7645681128,0.100042751,6.132102667,2.004894559,0.87597197,0,1
43,-11,2,-0.105,0.7707692586,0.04441727976,3.742846828,2.11439928,0.87234023,0,1
43,-11,3,-0.3091111111,0.7422333333,0.04029131883,3.394203427,2.289625389,0.86638643,0,1
43,-11,4,1.828837209,0.765642888,0.04445646796,3.508759682,2.486864741,0.85825224,0,1
43,-11,5,1.306190476,1.095365591,0.01651986594,-0.112644682,2.619220997,0.84812302,0,1
43,-11,6,0.003157894737,0.8289526316,0.0293543043,-2.348987,2.58746426,0.83621666,0,1
43,-11,7,0.2065,0.9186287544,0.01763923654,-1.369282854,2.33747309,0.82277177,0,1
43,-11,8,-0.2932432432,0.8870442241,0.01624492028,1.76743696,1.906511023,0.80803611,0,1
43,-11,9,-1.600333333,0.9881095868,0.01516318263,2.07064285,1.421620325,0.79225625,0,1
43,-11,10,0.9885,1.20741097,0.01815707533,2.542925491,1.042923852,0.77566905,0,1
43,-11,11,-1.86,1.795871466,0.02788358496,3.28981278,0.8820190959,0.75849523,0,1
43,-11,13,0.735,4.895,0.007439805247,1.350052522,1.128118737,0.72316595,0,1
43,-10,0,-2.506818182,1.08108904,0.08824484756,-2.439720842,-5.54631309,0.87081722,0,1
43,-10,1,-1.24275,0.8737175941,0.1152148418,-4.949463148,-4.841215985,0.86962291,0,1
43,-10,2,-0.8546341463,0.8393390327,0.06857988723,-4.38686265,-3.047581756,0.86606924,0,1
43,-10,3,-0.08613636364,0.7471148362,0.03708768616,-3.806491045,-0.9699339819,0.86024207,0,1
43,-10,4,0.2134883721,0.8301898997,0.009033312277,-1.873051237,0.4999433713,0.85227814,0,1
43,-10,5,-0.9148648649,0.9894457014,0.02230067194,2.937620201,0.8052765867,0.84235654,0,1
43,-10,6,0.5780487805,0.8479634296,0.03783236429,3.96714929,-0.04113539858,0.83068808,0,1
43,-10,7,-0.3207894737,0.9143330305,0.009858300784,1.344448104,-1.514581111,0.81750393,0,1
43,-10,8,0.3564864865,0.8893069831,0.0376770224,-2.722664183,-2.874445362,0.80304457,0,0
43,-10,9,0.9856666667,0.9732616983,0.07272737383,-4.220209891,-3.52812811,0.78754979,0,1
43,-10,10,-1.3445,1.212393191,0.08192506892,-4.831646686,-3.277148874,0.77125042,0,1
43,-10,11,-1.017142857,2.07870839,0.06548865612,-4.664455868,-2.342878295,0.75436211,0,1
43,-10,13,1.21,6.13,0.0002115732395,-0.04640295365,-0.2930371173,0.71958123,0,1
43,-9,0,0.6491304348,1.044477058,0.02770498118,-3.027426251,-1.536622562,0.86401828,0,1
43,-9,1,1.456097561,0.7874544263,0.03527871909,-3.611190985,-1.279388128,0.86285169,0,1
43,-9,2,0.4862790698,0.7675270566,0.01075609804,-2.021192469,-0.6243410126,0.85938006,0,1
43,-9,3,0.3246511628,0.9249107795,0.004558885432,1.370629064,0.134452262,0.85368598,0,1
43,-9,4,0.33225,0.7905298856,0.01549933855,2.450678105,0.6652811235,0.84590112,0,1
43,-9,5,0.09085714286,1.016271764,0.004120449347,-1.071093114,0.7530284503,0.83619805,0,1
43,-9,6,-0.4881081081,0.8607262464,0.0155296763,-2.511339561,0.3927055212,0.82478020,0,1
43,-9,7,-0.1947058824,0.9315828283,0.009494608553,-1.975232956,-0.2205427103,0.81187103,0,1
43,-9,8,-0.8564285714,1.306465223,0.01502566339,-2.370567865,-0.7948332959,0.79770338,0,1
43,-9,9,-0.9774074074,1.033490563,0.009341065189,-1.647501514,-1.082608947,0.78250992,0,1
43,-9,11,-0.05888888889,3.000644118,0.005025106486,1.317315728,-0.5961121108,0.74992941,0,1
43,-8,0,-0.6355,1.312674344,0.02546905632,-0.1998819207,-3.249049167,0.85682953,0,1
43,-8,1,-0.3235714286,0.8269254321,0.02395191984,-1.404560267,-2.827063263,0.85569177,0,1
43,-8,2,0.772173913,0.7637648874,0.03656416251,-3.493109118,-1.735086539,0.85230551,0,1
43,-8,3,-0.7604545455,0.9080380399,0.02067389799,-2.902909955,-0.4175948604,0.84675000,0,1
43,-8,4,-1.848571429,0.7984320851,0.0008912625748,0.05594475394,0.6063625261,0.83915167,0,1
43,-8,5,-1.386857143,0.867159708,0.02971513495,3.380762632,0.9660626456,0.82967644,0,1
43,-8,6,-1.270285714,0.9531199088,0.01891360195,2.742997896,0.5872579234,0.81852013,0,1
43,-8,7,0.675,1.152318383,0.002417974493,0.9578308531,-0.2975671851,0.80589821,0,1
43,-8,8,-0.223,1.201816073,0.003894708135,0.009747631971,-1.27290172,0.79203566,0,1
43,-8,9,0.3686363636,1.191942127,0.01769384053,-1.904634985,-1.932304135,0.77715778,0,1
43,-8,10,-1.114705882,2.061516631,0.04564550561,-3.847190899,-2.046877156,0.76148250,0,0
43,-8,12,-2.49,3.536919564,0.002323035018,-0.3195141936,-0.9297299391,0.72854066,0,1
43,-7,0,-0.5168181818,1.48479179,0.3347683844,-10.98177472,-4.321959386,0.84928497,0,1
43,-7,1,-0.826744186,0.7811323962,0.1269326252,-6.184382736,-3.816162063,0.84817697,0,1
43,-7,2,-1.011627907,0.8727659936,0.02645117243,-2.129593216,-2.543562559,0.84487880,0,1
43,-7,3,1.305111111,0.9036431663,0.003672718435,-0.5432057118,-1.110379961,0.83946634,0,1
43,-7,4,-0.7331707317,0.793607116,0.0003286306689,-0.3279227144,-0.1708561869,0.83206071,0,1
43,-7,5,-0.782972973,0.8698930645,0.009117506077,-1.945053788,-0.1002919934,0.82282102,0,1
43,-7,7,-0.2687096774,1.076694338,0.03005665486,-2.978528733,-1.906118372,0.79961109,0,1
43,-7,8,0.5743333333,0.9730063949,0.05032281834,-3.645094078,-2.765835424,0.78606506,0,1
43,-7,9,-1.390588235,1.769560944,0.0580211581,-3.888516098,-3.0031408,0.77151499,0,1
43,-7,10,-1.859285714,1.67640591,0.02518066828,-1.989555774,-2.553029316,0.75617201,0,0
43,-7,11,-0.49625,2.14987619,0.007233582196,-0.4600033851,-1.672690203,0.74023486,0,0
43,-6,0,1.690909091,1.421725966,0.0006712510513,0.5097650466,-0.1393206154,0.84141862,0,0
43,-6,1,-0.2458695652,0.7685904229,0.003493564042,-1.205592248,-0.005210256999,0.84034108,0,1
43,-6,2,-0.7034782609,0.754360669,0.0005539136001,-0.3122408191,0.3646349529,0.83713314,0,1
43,-6,3,0.1344736842,0.8811197855,0.01094800774,1.947251579,0.8735416733,0.83186726,0,1
43,-6,4,-0.3695121951,0.7924008879,0.02440329335,2.876391345,1.370854025,0.82465921,0,1
43,-6,5,0.005882352941,0.8997827496,0.03559241589,3.459138731,1.685943514,0.81566127,0,1
43,-6,6,-0.6090625,0.9423905772,0.02051376239,2.384548261,1.687772985,0.80505369,0,1
43,-6,8,-0.9095833333,1.148233754,0.01120031097,2.016568365,0.7702501478,0.77981547,0,1
43,-6,9,-2.5495,1.304962084,0.0002567904742,0.2849547983,0.1601160614,0.76560348,0,1
43,-6,11,1.7475,3.064097251,0.008262000264,-1.819832237,-0.354364845,0.73500885,0,0
43,-6,12,1.595,4.08045647,0.002395946803,0.9902432432,-0.1274361868,0.71899628,0,1
43,-5,0,0.03,1.321025917,0.1869440269,-6.719412981,-5.711971194,0.83326416,0,0
43,-5,1,-0.004418604651,0.8360770537,0.1187725169,-4.940407847,-5.000708036,0.83221761,0,1
43,-5,2,-0.4435555556,1.007885834,0.03658250061,-2.211333052,-3.214027414,0.82910146,0,1
43,-5,4,-1.0055,0.9205417127,0.009437159137,-1.979328612,0.0924176403,0.81697798,0,1
43,-5,5,-0.1663888889,0.8765463408,0.01112777089,-2.144766901,0.1721286173,0.80822649,0,1
43,-5,6,-1.29125,0.9783102151,0.007585812938,-1.555172634,-0.8587651275,0.79790270,0,1
43,-5,7,1.557333333,1.005724614,0.04169494365,-3.427592852,-2.366131787,0.78619735,0,1
43,-5,9,0.9166666667,1.625027501,0.088513074,-4.663032663,-3.883496791,0.75944526,0,1
43,-5,10,0.5166666667,1.662817221,0.03816698235,-2.271654605,-3.273952829,0.74479768,0,1
43,-5,11,0.2033333333,2.249683311,0.0141864844,-1.228950598,-2.095685134,0.72955466,0,1
43,-5,12,3.02,5.95,0.006615657047,-1.388278044,-0.9083474229,0.71388840,0,1
43,-4,0,-2.668947368,1.193173914,0.0310874848,2.302162489,2.762940492,0.82485463,0,1
43,-4,1,0.2911111111,0.7585928494,0.02282982562,1.528076169,2.676418836,0.82383941,0,1
43,-4,2,-0.134047619,0.8050535186,0.02499657656,2.054459284,2.485738821,0.82081609,0,1
43,-4,3,-0.6351162791,0.7958548982,0.03860164692,3.249080774,2.345953093,0.81585036,0,1
43,-4,5,0.5655882353,1.130975884,0.08880880074,5.502993212,2.58176728,0.80054561,0,1
43,-4,6,-0.6067741935,0.9632770658,0.05157504574,3.68869964,2.801969724,0.79050975,0,1
43,-4,7,0.6496,1.095060838,0.04158915213,3.036677774,2.842806089,0.77912216,0,1
43,-4,8,-1.318181818,1.190354052,0.04483557539,3.460495458,2.584296361,0.76657492,0,1
43,-4,9,0.1194117647,1.355685963,0.02597754112,2.556491865,2.066924083,0.75306227,0,1
43,-4,10,1.045555556,1.791830225,0.006797741234,0.8096448123,1.473988283,0.73877405,0,1
43,-3,0,1.879090909,1.137732595,0.1335236239,-4.617910864,-5.850361867,0.81622219,0,0
43,-3,1,-1.250540541,0.8868283692,0.07587562793,-2.491212671,-5.036023655,0.81523847,0,1
43,-3,2,-0.2914285714,0.8079048938,0.02454540124,-1.133057047,-2.988004841,0.81230853,0,1
43,-3,3,0.7497560976,0.9734989376,0.004787282598,-1.234797514,-0.6833740095,0.80749471,0,1
43,-3,4,-0.1094736842,1.037900958,0.004554551024,-1.1013208,0.8258272387,0.80089690,0,1
43,-3,5,1.023939394,1.05221501,0.007012266367,-1.427298675,0.9382093472,0.79264694,0,1
43,-3,6,-1.584642857,1.034456687,0.004242778402,-1.308026293,-0.2329246911,0.78290163,0,1
43,-3,7,1.159583333,1.163589096,0.0383374574,-3.469187173,-1.978597338,0.77183512,0,1
43,-3,8,-0.7823809524,1.189403517,0.1156242701,-6.044425921,-3.40144286,0.75963120,0,1
43,-3,9,-0.09384615385,1.987534402,0.1127861732,-5.651689849,-3.870726561,0.74647619,0,0
43,-3,10,-0.1466666667,2.180685417,0.03899168618,-2.329403785,-3.285753137,0.73255273,0,1
43,-3,11,-1.0425,3.924163127,0.01068056483,0.5312665283,-2.039939058,0.71803479,0,1
43,-2,0,-0.3435,1.133179046,0.1447216737,6.475161895,4.275863147,0.80739791,0,1
43,-2,1,-0.3107142857,0.8271086025,0.08112894884,4.126103506,4.090056544,0.80644572,0,1
43,-2,2,0.0241025641,0.9117338791,0.03832923597,1.640865372,3.640638324,0.80360923,0,1
43,-2,3,0.6389189189,0.8970418338,0.04771056208,3.117878763,3.182541802,0.79894753,0,1
43,-2,4,0.4430555556,0.9014269809,0.08892344543,5.31590662,2.955890853,0.79255538,0,1
43,-2,5,0.4444117647,1.044706732,0.1008045116,5.719716889,3.037112227,0.78455797,0,1
43,-2,6,-0.5655555556,1.068126188,0.06902296726,4.224121759,3.297492237,0.77510445,0,1
43,-2,8,0.8036842105,1.29587776,0.0822986396,4.754845454,3.410481104,0.75250262,0,0
43,-2,9,-0.5336363636,1.669486485,0.06328519038,4.156180868,3.009260201,0.73970832,0,1
43,-2,10,-1.29,2.433063912,0.02466396771,2.099294572,2.419562458,0.72615334,0,1
43,-2,11,2.47,3.669039384,0.009057829215,0.5461657109,1.862838554,0.71200529,0,1
43,-1,0,0.0625,1.234912713,0.1377062267,-5.439625812,-5.263312329,0.79841156,0,1
43,-1,1,0.8882926829,0.9023438925,0.07131083796,-3.101787489,-4.477435785,0.79749078,0,1
43,-1,2,-0.2991891892,0.9579873938,0.01524489616,-0.3372651345,-2.495759382,0.79474741,0,1
43,-1,3,-0.3931428571,1.018761546,0.0001699206831,0.08862741956,-0.2506787373,0.79023739,0,1
43,-1,4,0.4018181818,1.048690603,0.003780288087,0.1357352064,1.246734082,0.78405042,0,1
43,-1,5,0.9696774194,1.03724174,0.00480950915,0.1641891676,1.404996121,0.77630522,0,1
43,-1,6,-0.2665384615,1.225858185,0.0002443149044,-0.08112440398,0.3083258389,0.76714345,0,1
43,-1,7,0.3985714286,1.317671338,0.02998293234,-3.248610494,-1.385921582,0.75672305,0,1
43,-1,8,-0.4352941176,1.375535127,0.09419576004,-5.586970334,-2.82408153,0.74521150,0,0
43,-1,9,2.803333333,1.944240624,0.07876856493,-4.616280546,-3.385442467,0.73277943,0,1
43,-1,10,-2.44,3.051396766,0.02732370836,-1.65099518,-2.939746056,0.71959508,0,1
43,-1,11,-0.28,5.57,0.008094425007,0.1639064386,-1.827779978,0.70581973,0,1
43,0,0,2.534,1.825290966,0.1156103562,5.78957323,3.818370233,0.78929152,0,1
43,0,1,1.616470588,1.270039914,0.06008076806,3.395020778,3.670168448,0.78840190,0,1
43,0,2,1.096875,1.350162461,0.03736640626,2.146558861,3.307323866,0.78575096,0,1
43,0,3,-3.441764706,1.57520359,0.04734409804,3.339120734,2.923618905,0.78139153,0,1
43,0,4,-0.948,1.572241712,0.05427642642,3.907540233,2.704175398,0.77540845,0,1
43,0,5,1.755454545,2.128449014,0.04977554636,3.652824071,2.71399023,0.76791412,0,1
43,0,6,0.3725,1.849150552,0.03948452282,2.86608905,2.865810783,0.75904288,0,1
43,0,7,1.151428571,2.156163448,0.0757059748,4.753519829,2.983477958,0.74894480,0,1
43,0,8,-1.14,2.344751231,0.1009968537,5.789742227,2.915153492,0.73777940,0,1
43,0,9,-0.21,3.322709738,0.05098410576,3.78595534,2.622636824,0.72570963,0,1
44,-22,0,0.05333333333,1.896518008,0.6010305144,13.41959419,8.364820738,0.89068182,0,0
44,-22,1,-0.3880952381,1.126633357,0.2152771373,7.263051042,6.06737702,0.88940402,0,1
44,-22,2,-1.443181818,1.209554207,0.005109827862,-1.434029446,0.2635864701,0.88560336,0,1
44,-22,3,0.5073913043,1.050818387,0.224668532,-7.304455886,-6.33380938,0.87937579,0,1
44,-22,4,0.2905,1.125939608,0.4440122078,-8.320739148,-10.74682997,0.87087385,0,1
44,-22,5,2.44,1.050924714,1.214361625,-19.50508537,-11.17052883,0.86029665,0,1
44,-22,6,1.081052632,1.183220756,0.7273370431,-15.57424818,-7.749046791,0.84787773,0,1
44,-22,7,0.08705882353,1.334179017,0.04596875585,-3.695351112,-2.33868568,0.83387193,0,1
44,-22,8,1.438,1.177229268,0.0874538732,5.472403608,2.537231663,0.81854290,0,1
44,-22,9,-0.24,1.223801631,0.2086202068,7.900870873,4.936763233,0.80215194,0,1
44,-22,10,1.114166667,1.774977788,0.1315291678,6.013902366,4.30755494,0.78494887,0,1
44,-22,11,-0.165,2.339639217,0.03671865308,3.602048242,1.517188222,0.76716538,0,1
44,-21,0,-1.3525,1.16973431,0.03780267276,-3.864933938,-0.8887622012,0.89037527,0,1
44,-21,1,0.06977272727,0.7775506679,0.000613160617,0.3776535202,0.3353807108,0.88909878,0,1
44,-21,2,-0.3826086957,0.8829054712,0.1069429475,5.731574327,3.412057032,0.88530202,0,1
44,-21,3,0.1425,0.8582192541,0.2788708401,8.302535122,6.862268306,0.87908076,0,1
44,-21,4,-0.9412195122,0.947364135,0.3098797986,6.820078425,9.078021141,0.87058729,0,1
44,-21,5,0.293902439,0.8443302208,0.9600874232,17.78834388,9.111222971,0.86002041,0,1
44,-21,6,0.4144444444,0.869171283,0.7359289589,16.0001161,7.083490724,0.84761327,0,0
44,-21,7,-0.03828571429,0.8639917328,0.2028905427,8.255907495,4.031325482,0.83362036,0,0
44,-21,8,0.01305555556,0.8765753015,0.01030265717,1.598098089,1.316226194,0.81830495,0,1
44,-21,9,1.086764706,0.9085075598,0.001376492513,-0.7548538403,-0.05365158728,0.80192799,0,0
44,-20,0,0.4838095238,1.107224472,0.4461200776,11.79246187,6.822306504,0.88945751,0,1
44,-20,1,-1.034090909,0.8134345865,0.1558631295,6.453738401,4.816153522,0.88818497,0,1
44,-20,2,1.290888889,0.7646127722,0.01065645809,-2.090677892,-0.2502637505,0.88439985,0,1
44,-20,3,0.3318181818,0.7701441115,0.2302217541,-7.728378556,-6.004562614,0.87819746,0,0
44,-20,4,-0.251627907,0.900424591,0.3783594461,-7.780085403,-9.843008834,0.86972932,0,0
44,-20,5,1.322439024,0.8423342118,1.03894494,-18.12282264,-10.18877501,0.85919327,0,0
44,-20,6,-0.4431428571,0.8993870715,0.6182861811,-14.34635548,-7.170561502,0.84682138,0,1
44,-20,7,-0.29225,1.016419967,0.06580593686,-4.641945436,-2.414657923,0.83286701,0,0
44,-20,8,0.7328947368,1.002675646,0.03835432456,3.529775824,1.870242549,0.81759233,0,1
44,-20,9,-0.2570588235,0.9232511076,0.1323615985,6.259512732,3.985834944,0.80125727,0,1
44,-20,10,-0.8604,1.170375079,0.09603261437,5.295553463,3.45123189,0.78411048,0,1
44,-20,11,-0.41,1.777589447,0.02463650019,3.031798669,1.028634676,0.76638263,0,1
44,-20,13,5.475,3.47380555,0.03963080634,-1.387624503,-3.816110146,0.72999204,0,1
44,-20,14,2.76,4.47,0.1002262157,-4.872410144,-4.237715689,0.71167078,0,1
44,-19,0,-0.4336363636,1.049273164,0.011702488,-2.206168324,0.03978472454,0.88793421,0,1
44,-19,1,-0.2748837209,0.7830608634,0.007794820886,1.648437983,0.725016131,0.88666818,0,1
44,-19,2,-0.7955813953,0.8994193588,0.08576312051,5.451669897,2.441436445,0.88290234,0,1
44,-19,3,-0.2145454545,0.7486772426,0.1205890607,5.590470609,4.349380746,0.87673118,0,1
44,-19,4,0.2438636364,0.938159618,0.08293175977,1.943116201,5.543251984,0.86830498,0,1
44,-19,5,0.6676190476,0.8176283519,0.3432318472,10.60797271,5.501891066,0.85781999,0,0
44,-19,6,-0.4841666667,0.907039522,0.2855804362,10.00955756,4.315445161,0.84550649,0,1
44,-19,7,0.1913157895,1.011996757,0.08767932376,5.458347077,2.585534861,0.83161596,0,1
44,-19,8,0.6522222222,0.8917341862,0.01100002719,1.846559027,1.080150896,0.81640876,0,1
44,-19,9,0.9196666667,0.9662058672,0.000995777238,0.5414662222,0.3479977884,0.80014313,0,1
44,-19,10,-0.6673076923,1.150247005,0.0008898975925,0.3544062531,0.4946045312,0.78306626,0,1
44,-19,11,0.06727272727,1.607580442,0.003700181829,-0.2743268129,1.210035913,0.76540756,0,1
44,-19,13,2.116666667,6.13864625,0.01428055844,-0.2677074832,2.422743794,0.72914923,0,1
44,-19,14,-2.24,5.41,0.03277998219,2.859861452,2.336480222,0.71088978,0,1
44,-18,0,-1.200952381,1.097900491,0.1298443249,6.697138894,3.0281036,0.88581467,0,1
44,-18,1,-0.002888888889,0.7680299634,0.02900504945,2.976271178,1.791428305,0.88455767,0,1
44,-18,2,-1.125,0.7611801614,0.02220625456,-2.734050042,-1.328070523,0.88081855,0,1
44,-18,3,0.4813636364,0.8316004839,0.183067022,-7.249264565,-4.859246907,0.87469068,0,1
44,-18,4,0.224,0.8007281661,0.2233839366,-6.423350351,-7.188764696,0.86632261,0,1
44,-18,5,1.087073171,0.7867388014,0.5956544127,-13.92507449,-7.342433822,0.85590842,0,1
44,-18,6,0.8428947368,0.8596133899,0.3503020784,-10.79420128,-5.406167144,0.84367588,0,1
44,-18,8,-1.142972973,0.9101885645,0.0002412497527,-0.04258216293,0.3139387046,0.81476036,0,1
44,-18,9,-0.89875,0.9677541708,0.01637756977,2.007649872,1.668276906,0.79859113,0,1
44,-18,10,-0.8876,1.065509681,0.01565338647,2.150703945,1.373675928,0.78161134,0,1
44,-18,12,0.74,2.38875072,0.03694815352,-3.474861371,-1.815883421,0.74610909,0,1
44,-18,14,2.545,3.949006204,0.04646145659,-3.064905467,-3.152207274,0.70980069,0,1
44,-17,0,1.0055,1.22323804,0.02006005438,2.192780012,1.88085112,0.88311172,0,1
44,-17,1,0.08613636364,0.8055379288,0.02780498,2.957602596,1.6794968,0.88186618,0,1
44,-17,2,-0.0476744186,0.7554353614,0.02325837467,2.887042612,1.158237973,0.87816094,0,0
44,-17,3,1.124883721,0.8823821561,0.003863820714,1.152160336,0.5291973258,0.87208799,0,1
44,-17,4,0.8575,0.9526206274,0.05154897405,-4.630872822,0.04134335856,0.86379370,0,1
44,-17,5,1.368780488,0.8467450011,0.008755472992,1.904386088,-0.1264290212,0.85346935,0,1
44,-17,6,0.9194736842,0.9727023076,0.004487878024,1.365063551,0.06132427593,0.84133962,0,0
44,-17,7,-0.4386842105,0.8400229188,0.002371728928,0.8647444953,0.4888383118,0.82765015,0,1
44,-17,8,0.3383783784,1.000705946,0.01244654481,2.068603254,0.9482632441,0.81265559,0,1
44,-17,9,-0.0521875,0.9660470861,0.03246000552,3.460843125,1.235875206,0.79660889,0,0
44,-17,10,0.7608333333,1.116565527,0.01212985949,1.873611299,1.239414364,0.77975258,0,0
44,-17,11,0.3555555556,1.806432266,0.006619390769,-1.341304279,0.9771730621,0.76231217,0,1
44,-17,13,-0.9075,2.929333329,0.01232229598,-2.255554851,0.1977417894,0.72647172,0,1
44,-16,0,-0.2623809524,1.127315586,0.004385273431,-0.8612602504,-1.040529586,0.87984147,0,1
44,-16,1,-0.4490697674,0.7653506745,0.01635419226,-2.260911544,-1.300906892,0.87860970,0,1
44,-16,2,0.825,0.909209575,0.03186265303,-3.072919331,-1.952809242,0.87494519,0,1
44,-16,3,0.06720930233,0.7645930834,0.06807172519,-4.600863733,-2.674500533,0.86893825,0,1
44,-16,4,1.257857143,0.7934227691,0.03188254286,-1.8886544,-3.114090038,0.86073266,0,0
44,-16,5,0.82625,0.7886632384,0.1501391931,-7.286267919,-3.061855456,0.85051640,0,1
44,-16,6,0.312,0.8264036922,0.06433105374,-4.504986245,-2.54356276,0.83851038,0,1
44,-16,7,-0.108974359,0.8409099748,0.01881856582,-2.149325845,-1.791582661,0.82495634,0,1
44,-16,8,-0.5602631579,0.8520613753,0.01531790452,-2.263823407,-1.117157557,0.81010510,0,0
44,-16,9,1.4934375,0.9595345614,0.01764526116,-2.601673533,-0.7566487417,0.79420609,0,1
44,-16,10,0.3414285714,1.190227593,0.00738543526,-1.574126933,-0.77123131,0.77749868,0,1
44,-16,11,-1.15,1.83227242,0.003708127724,0.6736344218,-1.043534679,0.76020574,0,1
44,-16,12,1.535,2.809136878,0.02025256858,-2.564440839,-1.360008406,0.74252927,0,1
44,-16,13,1.6425,2.787322864,0.009873114302,1.33386362,-1.525931709,0.72464795,0,1
44,-16,14,0.81,5.49,0.009871764941,-1.414165147,-1.451631936,0.70671637,0,1
44,-15,0,1.952380952,1.107219762,0.1338995931,6.095537007,4.307282599,0.87602308,0,1
44,-15,1,-0.72775,0.8302295394,0.08468561813,5.011613828,3.180684509,0.87480725,0,1
44,-15,2,0.06785714286,0.8232988328,0.001180612209,-0.6210160293,0.3248490198,0.87118992,0,1
44,-15,3,-0.8223255814,0.8519240056,0.07454457437,-4.723777439,-2.9495463,0.86525947,0,0
44,-15,4,0.58325,0.9093331163,0.2760269685,-9.375790566,-5.189815842,0.85715670,0,1
44,-15,5,0.2894736842,0.843950521,0.1248038089,-4.666023527,-5.491104063,0.84706576,0,1
44,-15,6,-0.8672972973,0.9024166461,0.09037554463,-4.746799462,-3.881776319,0.83520325,0,1
44,-15,8,-0.523030303,0.9154483263,0.012513229,1.919283834,1.233862145,0.80712164,0,1
44,-15,9,1.5175,0.953200663,0.06063023243,4.337577729,2.531861739,0.79139425,0,1
44,-15,11,-1.74875,1.874729147,0.002461888848,0.05294547439,1.010669727,0.75773870,0,1
44,-15,12,0.24,5.293936783,0.001762650219,0.5540553919,-0.6529658602,0.74022983,0,1
44,-15,13,1.5625,2.961480837,0.05709757118,-4.495025604,-1.884118686,0.72251020,0,0
44,-15,14,1.995,3.959823228,0.02786734016,-2.54668238,-2.260193819,0.70473299,0,1
44,-14,0,-0.1118181818,1.088522769,0.1871372244,-8.11843962,-3.456651954,0.87167842,0,1
44,-14,1,-1.071190476,0.7964450779,0.1042377528,-5.929389932,-2.865297504,0.87048057,0,1
44,-14,2,0.5951162791,0.8198167402,0.01726684623,-2.3043846,-1.368793804,0.86691642,0,1
44,-14,3,-0.1012195122,0.844351331,0.0005352275318,0.3250790589,0.3420560456,0.86107224,0,1
44,-14,4,0.8586363636,0.7922931227,0.06733221103,5.072500203,1.510950272,0.85308545,0,1
44,-14,5,-0.7746341463,0.8879665107,0.01188865309,1.455464036,1.681617968,0.84313596,0,1
44,-14,6,-0.3651428571,0.9312889208,0.01416321667,2.257900511,0.8913027625,0.83143552,0,1
44,-14,9,-0.3127586207,1.122238032,0.05548118739,-4.325343646,-2.091428308,0.78818664,0,1
44,-14,11,-1.5625,2.030100829,0.003293235385,0.0810105046,-1.167720591,0.75492174,0,1
44,-14,13,0.19,4.721253365,0.007662784642,1.758227851,0.3109629904,0.72006692,0,1
44,-13,0,2.183809524,1.10264843,0.3744055451,10.67261148,6.470310302,0.86683177,0,1
44,-13,1,0.2386363636,0.8005395637,0.1228856333,5.397390406,4.689789847,0.86565375,0,1
44,-13,2,2.3305,0.7994842478,0.01778776679,-2.714029984,0.1858830082,0.86214833,0,1
44,-13,3,2.104883721,0.772564265,0.1841253763,-7.217560591,-4.950884704,0.85639942,0,1
44,-13,4,0.8830232558,0.7811600213,0.5273400822,-12.18812285,-8.4170577,0.84854077,0,1
44,-13,5,0.06170731707,0.80353628,0.3663234576,-8.65695708,-8.801371098,0.83874763,0,1
44,-13,6,-0.05371428571,1.034710375,0.2485221109,-8.068003642,-6.188998001,0.82722646,0,1
44,-13,7,-1.022,0.8813050157,0.0446262369,-3.82041885,-1.99271726,0.81420389,0,1
44,-13,8,0.1045454545,0.9259208803,0.01277927305,1.389980709,1.839757091,0.79991589,0,1
44,-13,9,1.384285714,1.207006708,0.09412846911,4.983211365,3.785403867,0.78459808,0,1
44,-13,10,0.9588888889,1.299820975,0.07252885114,4.330345588,3.379847956,0.76847758,0,1
44,-13,11,-0.08875,2.348261087,0.006114625603,0.9781176044,1.259859237,0.75176685,0,1
44,-13,12,-0.13,2.638506917,0.005578210257,0.7673542531,-1.316037187,0.73465946,0,1
44,-13,13,4.94,4.179025006,0.09611954859,-5.48364294,-3.149558175,0.71732760,0,1
44,-12,0,2.226363636,1.235372343,0.2489925996,-9.599515694,-3.3825171,0.86150943,0,1
44,-12,1,-0.08047619048,1.001982237,0.1237209754,-6.785691934,-2.329780438,0.86035296,0,0
44,-12,2,-0.9202564103,0.8784973282,0.007258963552,1.707270721,0.3244720307,0.85691128,0,1
44,-12,3,0.2188372093,0.768519293,0.117388924,6.145457535,3.327525407,0.85126582,0,1
44,-12,4,-0.2845238095,0.9226774025,0.3138482825,10.11680594,5.312743444,0.84354638,0,1
44,-12,5,0.412972973,0.9304267697,0.1903829285,7.023867344,5.465633634,0.83392320,0,1
44,-12,6,-0.8622857143,0.8953494814,0.1658051577,7.34692784,3.87363607,0.82259703,0,1
44,-12,7,-0.2008823529,0.90387569,0.0478162279,4.234209213,1.401846774,0.80978851,0,1
44,-12,8,-0.8153571429,0.9959430461,0.004404559507,-1.092268906,-0.7996521436,0.79572773,0,1
44,-12,9,-2.652142857,0.9978349011,0.03061616857,-3.041053848,-1.868072543,0.78064477,0,1
44,-12,10,-1.025555556,1.323957428,0.01418350362,-1.842614854,-1.582954868,0.76476183,0,1
44,-12,11,2.155714286,2.806530528,0.001297114731,0.640994907,-0.358864339,0.74828718,0,1
44,-12,12,1.0025,3.467113052,0.005984004534,-1.167066022,1.061871934,0.73141097,0,1
44,-12,13,2.255,4.805,0.02485236304,2.508237665,2.012074784,0.71430270,0,1
44,-11,0,-0.9104761905,1.214812052,0.3293527262,9.193764429,7.24570543,0.85573941,0,1
44,-11,1,1.157209302,0.7828103882,0.1714682151,6.591848857,5.280721579,0.85460599,0,1
44,-11,2,0.76,0.7775024077,0.007870734114,-1.781743052,0.3161822093,0.85123255,0,1
44,-11,3,1.17775,0.8345294611,0.1847235769,-6.960989834,-5.328971678,0.84569786,0,1
44,-11,4,1.321136364,0.9000098787,0.5630482205,-12.30007767,-9.1083193,0.83812757,0,1
44,-11,6,-0.2180555556,0.8604872292,0.3486587286,-10.10276444,-6.556818421,0.81756963,0,1
44,-11,7,-0.1602941176,1.075137887,0.06249547015,-4.718596441,-1.932815267,0.80499096,0,1
44,-11,8,0.8059259259,1.051562493,0.02855719506,2.622378971,2.237008372,0.79117438,0,1
44,-11,9,-0.715,1.285958424,0.1269755597,5.867141005,4.290011867,0.77634408,0,1
44,-11,10,0.524,1.601836089,0.07754728992,4.265451672,3.750877691,0.76071700,0,1
44,-11,11,1.07,2.580947113,0.004989725921,0.4775998732,1.359356035,0.74449689,0,1
44,-10,0,0.3821052632,1.225105695,0.1203649542,-6.954294181,-1.309590984,0.84955099,0,1
44,-10,1,-0.07386363636,0.8600953912,0.004645006136,-1.358726301,-0.2939291908,0.84844195,0,1
44,-10,2,1.075681818,0.7750602103,0.09229643607,5.771026717,2.257148735,0.84514070,0,1
44,-10,3,1.378571429,0.8027008688,0.2045837338,7.678898935,5.113760703,0.83972324,0,1
44,-10,6,0.983030303,1.036520575,0.2818535508,9.44996931,5.287895391,0.81216782,0,1
44,-10,7,-2.318214286,1.021953536,0.08847426216,5.389124063,2.78686478,0.79983311,0,1
44,-10,8,-1.585,1.042636834,0.003804564016,1.110634101,0.5910682617,0.78627598,0,1
44,-10,10,-1.730769231,1.495597286,0.0004063391729,-0.3469060908,-0.2207069122,0.75635976,0,1
44,-9,0,1.803809524,1.13572347,0.2863705412,9.184367316,5.898340938,0.84297440,0,1
44,-9,1,1.236046512,0.7861180303,0.0985357393,4.797419213,4.240291207,0.84189089,0,1
44,-9,2,-0.2877272727,0.9706665428,0.006611373834,-1.657502401,0.05757384438,0.83866523,0,1
44,-9,3,0.2,0.8375040479,0.126984181,-5.56133721,-4.680027853,0.83337056,0,1
44,-9,4,0.7425,0.8222540286,0.4160738078,-10.58267947,-7.817436807,0.82612371,0,1
44,-9,5,0.2355263158,0.9811218575,0.404818349,-10.17004087,-8.061818316,0.81707827,0,1
44,-9,8,0.4906896552,1.117107006,0.01669669101,1.864925373,1.862425298,0.78105346,0,1
44,-9,9,0.085,1.325412351,0.0994149271,5.380638397,3.522756412,0.76677491,0,1
44,-9,11,8.39,3.489243789,0.002074189195,0.01399599862,0.9288488218,0.73604520,0,1
44,-9,12,-1.98,4.157357935,0.005709686529,-0.5064204909,-1.45568704,0.71996627,0,1
44,-8,0,-1.451363636,1.074929558,0.01608830433,2.100103026,1.51096846,0.83604045,0,1
44,-8,1,-0.005217391304,0.7666236118,0.02949877471,2.830029616,2.064884934,0.83498342,0,1
44,-8,2,-1.517435897,0.9504707065,0.1170338992,6.069745966,3.442317717,0.83183622,0,1
44,-8,3,0.4265,0.8812861049,0.1621311693,6.559075132,4.942913516,0.82666905,0,1
44,-8,5,0.0872972973,0.8689771323,0.1947613345,6.99584162,5.664598609,0.81075921,0,1
44,-8,6,0.36,1.002906763,0.2056891486,8.037417841,4.579940405,0.80033932,0,1
44,-8,7,0.954,1.000065009,0.1066142345,5.898799556,3.092002889,0.78852798,0,1
44,-8,9,-0.84625,1.694669062,0.004015837536,0.266521037,1.264806555,0.76154536,0,1
44,-8,10,2.845,1.972658374,0.008254547142,1.207969846,1.405372489,0.74677827,0,1
44,-7,0,-0.5659090909,1.116258138,0.07785585094,5.015561344,2.689922135,0.82878019,0,1
44,-7,1,-1.0575,0.7781702354,0.02232590543,2.541024164,1.682788546,0.82775043,0,1
44,-7,3,0.3202702703,0.8531917902,0.1105169905,-5.686269384,-3.694100791,0.81964817,0,1
44,-7,4,0.137,0.8622565952,0.2045335675,-7.383134279,-5.53032496,0.81275051,0,0
44,-7,6,-0.4233333333,0.9821330851,0.1367351176,-6.422255477,-3.955072081,0.79396308,0,1
44,-7,7,0.5943333333,0.9848131238,0.04607778333,-4.108639973,-1.513112175,0.78242777,0,1
44,-7,11,0.9433333333,5.568486728,0.0009327036207,-0.6196303869,-0.06406911716,0.72653953,0,1
44,-6,0,0.981,1.175679803,0.08220591516,4.352320989,3.906233623,0.82122462,0,0
44,-6,1,0.3107142857,0.7946280095,0.1036969048,5.369607438,3.782842004,0.82022273,0,1
44,-6,2,-0.1448780488,0.804116935,0.09583463369,5.290266652,3.447404519,0.81723891,0,1
44,-6,3,0.2297560976,0.9747537205,0.04319764577,2.999984603,2.995372509,0.81233743,0,1
44,-6,4,0.534,0.8524638922,0.04485901819,3.48236961,2.556652431,0.80562119,0,1
44,-6,5,0.3361111111,0.8927430333,0.02778310382,2.544736616,2.254625622,0.79722590,0,1
44,-6,6,-0.06,1.179173439,0.05623896099,4.32769003,2.160795442,0.78731284,0,0
44,-6,7,-0.3764285714,1.036311281,0.06772691653,4.801609085,2.263182377,0.77606089,0,1
44,-6,8,-0.189,1.255944764,0.04796229786,3.724393484,2.466448233,0.76365864,0,0
44,-6,9,3.962666667,2.197186614,0.02427425435,1.784659623,2.629481304,0.75029695,0,1
44,-6,10,0.14375,2.014495905,0.02503603128,1.875324398,2.626646869,0.73616263,0,1
44,-6,11,-1.19,4.28,0.03759653436,3.140524864,2.403945366,0.72143330,0,1
44,-6,12,8.87,6.27,0.01472432781,1.455851386,2.001619232,0.70627370,0,1
44,-5,0,0.4536842105,1.274032418,0.005833704741,-1.110578068,-1.09256578,0.81340439,0,1
44,-5,1,0.1134146341,0.8050853022,0.01695982114,-2.286893545,-1.351357289,0.81243081,0,1
44,-5,2,0.0675,0.9062025408,0.0460616245,-3.898685815,-1.99096886,0.80953092,0,1
44,-5,3,0.4358974359,0.9791951664,0.03839360869,-2.969451825,-2.675037268,0.80476603,0,1
44,-5,4,-1.248611111,0.914565831,0.05891072936,-3.901700429,-3.047334498,0.79823434,0,1
44,-5,5,0.4255882353,0.995819174,0.04576422211,-3.245797339,-2.916294728,0.79006555,0,1
44,-5,6,-2.230333333,0.966947373,0.04555623942,-3.668690141,-2.343961988,0.78041399,0,1
44,-5,7,-0.3766666667,1.133911081,0.02244139424,-2.605078109,-1.596933837,0.76945117,0,1
44,-5,8,-0.4883333333,1.543355408,0.005604307999,-1.157795929,-0.9955665975,0.75735823,0,1
44,-5,9,2.264615385,1.570887323,0.001353151175,0.0033437021,-0.7503069946,0.74431894,0,1
44,-5,11,-1.35,4.131053134,0.01290022359,-1.983670241,-1.19671457,0.71611422,0,1
44,-5,12,0.03,5.26,0.009458866976,-1.310524819,-1.489241052,0.70128064,0,1
44,-4,0,1.515,1.354508748,0.1370004426,5.39053245,5.285878131,0.80534954,0,1
44,-4,1,-0.7152777778,0.8714322768,0.1003147173,4.612837845,4.522959489,0.80440457,0,1
44,-4,2,0.3823255814,0.8121135683,0.03461607832,2.786796099,2.575968448,0.80158948,0,1
44,-4,3,0.3902857143,1.051925444,0.0009762143323,-0.5600173894,0.3041867933,0.79696265,0,1
44,-4,4,0.5284848485,0.9214850573,0.01027832466,-1.585466844,-1.327607006,0.79061764,0,1
44,-4,5,0.031875,0.9490987707,0.01367234382,-1.676555307,-1.696311423,0.78267816,0,1
44,-4,6,0.03266666667,1.050841145,0.003806066147,0.9863084933,-0.781466766,0.77329163,0,1
44,-4,7,-1.761363636,1.206402085,0.02498394838,3.102832904,0.8757137159,0.76262216,0,1
44,-4,10,-0.0925,2.963579972,0.03972909912,2.531607728,3.181203379,0.72466210,0,1
44,-4,11,-0.8933333333,3.250193157,0.01680998375,1.42648355,2.226848489,0.71059937,0,1
44,-3,0,0.8875,1.293816423,0.1315978283,-6.350553766,-3.797510234,0.79708933,0,1
44,-3,1,0.4016666667,1.000908526,0.0952596761,-5.261909776,-3.456098444,0.79617310,0,1
44,-3,2,1.096666667,0.8452897686,0.03008570531,-2.418580284,-2.582145689,0.79344326,0,1
44,-3,3,-1.365,0.950052219,0.006251109312,-0.4354858842,-1.552770026,0.78895528,0,1
44,-3,4,0.946875,1.030500821,0.004575908366,-1.131406168,-0.7897492199,0.78279814,0,1
44,-3,6,-0.4719230769,1.256162045,0.008864785227,-1.705049295,-0.8837173628,0.76597033,0,1
44,-3,7,-0.094,1.53778744,0.01559065182,-2.045326991,-1.517580336,0.75559702,0,1
44,-3,10,6.123333333,3.313011386,0.02919380506,-2.61510774,-2.303724773,0.71862659,0,0
44,-3,11,8.4,4.085345763,0.01946972302,-2.164707543,-1.847788397,0.70490573,0,1
44,-2,0,0.6746666667,1.339523298,0.1413074672,5.230652523,5.606294488,0.78865199,0,1
44,-2,1,-0.01432432432,0.9237670576,0.08075481728,3.720934935,4.444353758,0.78776452,0,1
44,-2,2,0.8502941176,1.047852526,0.005679009556,0.3468559609,1.497469336,0.78511998,0,1
44,-2,3,-0.1977142857,0.8930841768,0.03119880463,-3.069260285,-1.886729353,0.78077099,0,1
44,-2,4,0.7856,1.107142129,0.08832523305,-4.355807029,-4.215947793,0.77480205,0,1
44,-2,5,-2.469090909,1.309518253,0.1075249627,-4.890519313,-4.562679345,0.76732512,0,1
44,-2,6,-1.465454545,1.195678427,0.033618822,-2.28740118,-2.958840701,0.75847404,0,1
44,-2,7,0.4878947368,1.302606273,0.005544071119,1.489105514,-0.2985762532,0.74839835,0,1
44,-2,8,0.8025,1.64574312,0.0450263003,3.749616431,2.161791677,0.73725701,0,1
44,-2,9,-1.595,3.376846409,0.0603711312,3.663355318,3.420078137,0.72521244,0,1
44,-2,10,-0.095,4.735,0.03898013664,2.513899098,3.146077219,0.71242529,0,1
44,-1,0,-2.062,1.366884535,0.1172122387,-5.47349358,-4.336638406,0.78006463,0,1
44,-1,1,-1.542857143,1.183597652,0.06641878368,-3.733573048,-3.700491111,0.77920581,0,1
44,-1,2,0.3096969697,0.9563198515,0.01761675706,-1.721253176,-2.089653323,0.77664625,0,1
44,-1,3,-0.3953571429,1.156993628,0.0001574243637,-0.07343837654,-0.2451579544,0.77243581,0,1
44,-1,6,0.1270588235,1.858046841,0.001669681127,0.7392257707,0.384977567,0.75082589,0,1
44,-1,8,-0.65875,1.990546407,0.04726823398,-3.858041697,-2.186601513,0.73022706,0,1
44,-1,9,-2.835,3.895,0.04321385991,-3.244023195,-2.730425499,0.71851835,0,1
44,0,0,0.3457142857,3.230358123,0.1042711313,4.236077399,5.04352357,0.77135308,0,1
44,0,1,-0.05,1.797313624,0.05483325006,2.876576642,3.812926143,0.77052268,0,1
44,0,2,0.3175,1.593851408,0.001240813811,0.1533999995,0.701927923,0.76804747,0,1
44,0,3,-0.2985714286,1.477448331,0.04438883582,-3.224067299,-2.841327646,0.76397461,0,1
44,0,4,0.7872727273,2.425002377,0.1222612911,-4.854414652,-5.2250221,0.75837994,0,1
44,0,5,0.5611111111,1.867285612,0.1814103166,-6.740606577,-5.480791572,0.75136418,0,1
44,0,6,2.19125,2.011970816,0.08036095892,-4.460194697,-3.679733357,0.74304812,0,1
44,0,7,-1.54625,2.043212468,0.001851239897,-0.339363938,-0.8093399788,0.73356720,0,1
44,0,8,-2.63,7.12,0.027027859,2.840850394,1.781677398,0.72306603,0,0
45,-22,0,0.9234782609,1.056912256,0.04621451414,-2.768681557,-3.400252857,0.87081722,0,1
45,-22,1,0.06363636364,0.7631884847,0.04012214364,-2.830121505,-2.946697999,0.86962291,0,1
45,-22,2,-0.8922916667,0.7457983872,0.02308600679,-2.519295194,-1.804984536,0.86606924,0,1
45,-22,4,-0.2851111111,0.7440983939,0.0003215273832,-0.1627507618,0.3275393813,0.85227814,0,1
45,-22,5,0.1589189189,0.8338506259,0.001555040409,-0.7027268431,0.391333304,0.84235654,0,1
45,-22,6,-1.306511628,0.862476596,0.00836790178,-1.846459468,-0.2683487318,0.83068808,0,1
45,-22,7,-0.6337142857,0.8742657025,0.02832999994,-3.195082105,-1.256186638,0.81750393,0,1
45,-22,8,-1.766470588,0.8862571467,0.04234409009,-3.654943746,-2.063597038,0.80304457,0,1
45,-22,9,-1.171,1.212965716,0.03945199605,-3.317476551,-2.325543939,0.78754979,0,1
45,-22,10,-0.707,1.592064879,0.02346215819,-2.420246198,-1.975783819,0.77125042,0,1
45,-22,11,0.3757142857,1.929315729,0.008235212741,-1.37877139,-1.2349933,0.75436211,0,1
45,-22,12,-0.34,2.892907995,0.0007302098215,-0.3011910768,-0.461610304,0.73708098,0,1
45,-21,0,1.205909091,1.097096468,0.1341785996,-6.953724409,-2.733139387,0.87024450,0,1
45,-21,1,-1.016666667,0.8316255228,0.06149313819,-4.539439191,-2.231009607,0.86905254,0,1
45,-21,2,0.2139583333,0.7832626198,0.002249426823,-0.1974741213,-0.9470304803,0.86550584,0,1
45,-21,3,-0.2535555556,0.7739208293,0.01480736935,2.418681805,0.5572343795,0.85968995,0,0
45,-21,4,0.4730434783,0.7496771832,0.03924683696,3.690928694,1.644838973,0.85174121,0,1
45,-21,5,-0.1930769231,0.8784022081,0.05208970986,4.252649764,1.893840748,0.84183813,0,0
45,-21,7,0.04666666667,0.9065702855,4.363899771e-05,0.0400431933,0.128655855,0.81703004,0,1
45,-21,8,-0.8037142857,0.9090354161,0.004194352528,-0.8538980677,-1.007917379,0.80259537,0,1
45,-21,9,-0.6192307692,1.341087609,0.01068748635,-1.287400628,-1.670052326,0.78712608,0,1
45,-21,11,-3.932857143,1.994142954,0.006946564619,-1.318008364,-1.073749205,0.75398971,0,1
45,-20,0,0.01380952381,1.172967437,0.0252639597,-0.8385076821,-3.131748508,0.86910245,0,1
45,-20,1,-0.6131111111,0.7776991981,0.02970082552,-2.224914947,-2.721513021,0.86791517,0,1
45,-20,2,0.0625,0.7995306413,0.03457898142,-3.386199087,-1.708820561,0.86438231,0,1
45,-20,3,0.3740909091,0.9046120563,0.01548131894,-2.459824947,-0.6246490292,0.85858889,0,0
45,-20,4,-0.7130952381,0.7812040268,0.008613486171,-1.892966726,-0.01657521294,0.85067037,0,1
45,-20,5,0.155,0.9209571023,0.01964669633,-2.854936207,-0.1524756404,0.84080417,0,1
45,-20,6,-1.06875,0.8832936025,0.01751477629,-2.547776949,-0.8920580352,0.82919921,0,1
45,-20,7,-0.1990909091,1.050897827,0.03067993019,-3.092457706,-1.789116144,0.81608472,0,1
45,-20,8,0.5064705882,0.9007683187,0.07898638303,-5.228064915,-2.35143066,0.80169922,0,1
45,-20,9,1.381785714,1.1084846,0.07513504917,-5.095304707,-2.301614801,0.78628070,0,1
45,-20,10,-1.711333333,1.686735892,0.02363454883,-2.637276072,-1.696411077,0.77005839,0,1
45,-20,11,-0.1514285714,2.026444559,0.002181737989,-0.4176511773,-0.8563110725,0.75324657,0,0
45,-20,12,0.3966666667,3.17053448,8.389192844e-05,-0.0817949033,-0.1679655033,0.73604026,0,1
45,-20,13,-1.38,3.770003316,0.0006555846022,0.5089016998,0.1173530949,0.71861279,0,1
45,-19,0,1.434285714,1.326575895,0.05190737552,-4.470407716,-1.26935352,0.86739777,0,1
45,-19,1,1.444347826,0.9624811763,0.01528058833,-2.402902255,-0.7638540197,0.86621745,0,1
45,-19,2,0.9986666667,0.8099598818,0.008773152581,1.832115356,0.5416451758,0.86270520,0,1
45,-19,3,0.8019148936,0.732135976,0.07273613182,5.081821771,2.106321601,0.85694522,0,1
45,-19,4,0.81725,0.9348626656,0.1434727006,6.988523285,3.294182829,0.84907167,0,1
45,-19,5,0.4402325581,0.775460365,0.1827355162,7.920874727,3.64498827,0.83926035,0,0
45,-19,7,-0.9641666667,1.004833823,0.0197273723,2.209145363,1.824048017,0.81467288,0,1
45,-19,9,-0.9092592593,1.189374962,0.008374915804,1.7926396,-0.5203700828,0.78501772,0,1
45,-19,10,0.1328571429,1.453676725,0.003095577898,-0.7957364218,-0.8091373315,0.76887187,0,1
45,-19,11,0.2414285714,2.005882166,0.005131427321,-1.39707427,-0.4278879639,0.75213596,0,1
45,-19,12,-0.135,2.939143157,0.001880135241,0.8182413148,0.3357111817,0.73500393,0,1
45,-18,0,0.4422727273,1.269876589,0.0697670437,-4.766800899,-2.510744543,0.86514038,0,1
45,-18,1,0.2016666667,0.8610737943,0.05782445628,-4.435999961,-2.092720634,0.86396925,0,1
45,-18,2,1.286744186,0.7717819141,0.02990255953,-3.360070263,-1.072724519,0.86048417,0,0
45,-18,3,1.166170213,0.7439870933,0.002209233212,-0.9585810375,-0.01621120622,0.85476826,0,1
45,-18,4,0.7160526316,0.8166168578,0.001016637726,0.4071782099,0.5071222118,0.84695402,0,1
45,-18,5,0.6,0.8256501698,0.001195977266,-0.6618395336,0.2440261887,0.83721509,0,1
45,-18,6,-0.7552777778,0.8605369502,0.003307034997,0.9987256604,-0.6151604637,0.82575610,0,1
45,-18,7,-0.8136111111,0.971722342,0.007181837977,-0.7300200194,-1.56685624,0.81280176,0,1
45,-18,8,-1.816470588,0.9249166707,0.08385098886,-5.523971267,-2.090819271,0.79858618,0,1
45,-18,9,-0.08892857143,1.239967607,0.1013196025,-6.198579396,-1.931612392,0.78334318,0,1
45,-18,10,0.03125,1.36186281,0.01114297301,-1.782102548,-1.208341259,0.76729834,0,1
45,-18,12,1.1,2.703133598,0.001011841026,-0.5536284977,0.3383295371,0.73362895,0,0
45,-18,14,0.67,6.32,0.0001264170511,0.1051421729,0.2038143865,0.69902979,0,1
45,-17,0,1.179565217,1.256542794,0.01654735421,2.616141261,0.2006208189,0.86234329,0,1
45,-17,1,0.7188636364,0.8255916077,0.03614705464,3.824951845,0.6391747431,0.86118346,0,1
45,-17,2,-0.3637777778,0.7851795323,0.06279646912,4.791908378,1.778699085,0.85773184,0,1
45,-17,3,0.7508695652,0.7512558484,0.08475189716,5.025896639,3.162430259,0.85207025,0,1
45,-17,4,0.6444186047,0.7770234841,0.1216476624,5.713479039,4.238756624,0.84432911,0,1
45,-17,5,-1.404888889,0.8131095459,0.1548864034,6.589330594,4.584804731,0.83467942,0,1
45,-17,6,-1.793142857,1.039746719,0.06353366768,3.135426563,4.074550819,0.82332283,0,1
45,-17,7,0.3047222222,1.095103785,0.03112014849,2.10224837,2.920262598,0.81048090,0,1
45,-17,8,-0.1173529412,0.9094809159,0.0515036144,4.354481144,1.570450471,0.79638465,0,1
45,-17,9,-0.004782608696,1.154238429,0.03074462138,3.539695624,0.5115667823,0.78126500,0,1
45,-17,10,0.515625,1.365453651,0.0005976128036,0.4944642712,0.06433426114,0.76534494,0,1
45,-17,12,1.6325,2.744295219,0.009694571982,1.801566546,0.8875449734,0.73192103,0,1
45,-17,13,3.123333333,3.787436835,0.01295825993,1.716951947,1.563104324,0.71477778,0,1
45,-17,14,9.91,5.96,0.0190371108,2.012934055,1.966822578,0.69755181,0,1
45,-16,0,-1.936956522,1.361900473,0.1511520014,-7.584439948,-2.315664814,0.85902231,0,1
45,-16,1,0.2965909091,0.7961311008,0.1376247143,-7.343345124,-1.825747849,0.85787581,0,1
45,-16,2,-1.074893617,0.7769878789,0.03252653533,-3.625233673,-0.6246461975,0.85446366,0,1
45,-16,3,-0.6847727273,0.7505204117,0.007471511191,1.644330397,0.6361307574,0.84886612,0,1
45,-16,4,0.5252272727,0.7863756896,0.04775762495,4.2659704,1.292600912,0.84121120,0,1
45,-16,5,0.7218604651,0.7880940032,0.02430562419,3.007050333,1.034350743,0.83166681,0,1
45,-16,6,-0.8240540541,0.8487898832,0.03364001245,3.740677599,0.05558534718,0.82043110,0,1
45,-16,7,-0.03421052632,0.8734315047,0.007553680383,1.403293373,-1.083253703,0.80772194,0,1
45,-16,8,0.126875,1.0222779,0.04447955483,-3.914102346,-1.784740528,0.79376669,0,1
45,-16,13,3.8825,2.900597999,0.001847163786,0.2984844852,0.8242634592,0.71288315,0,1
45,-16,14,7.89,4.97,0.0009259689704,0.3262045969,0.5280485883,0.69579056,0,1
45,-15,0,-0.9213636364,1.050689758,0.1665310554,8.282323163,0.829176837,0.85519591,0,1
45,-15,1,0.8697826087,0.7793059274,0.1465640337,7.724230062,1.146081075,0.85406464,0,1
45,-15,2,1.006888889,0.7848353634,0.1139415915,6.596650586,1.972062192,0.85069759,0,1
45,-15,3,-0.603902439,0.8117924971,0.04642881835,3.229528355,2.981044087,0.84517326,0,1
45,-15,4,-0.08214285714,0.8176189571,0.0360512384,0.8765337398,3.772350157,0.83761692,0,1
45,-15,5,-0.6934883721,0.9053618357,0.05083209363,2.218249913,4.028375005,0.82819300,0,1
45,-15,6,0.3164102564,0.9162242451,0.03190663671,0.1382823273,3.640806824,0.81709562,0,1
45,-15,7,1.039428571,1.203250286,0.01827116438,0.1684421184,2.751954514,0.80453849,0,1
45,-15,8,-0.27,0.9915718722,0.02854180074,3.002516893,1.691024984,0.79074480,0,1
45,-15,13,-1.005,3.547241886,0.02110531845,2.558173438,1.495496793,0.71069168,0,1
45,-14,0,1.84875,1.277830236,0.1946981965,-8.54270729,-2.832906863,0.85088488,0,1
45,-14,1,1.054418605,0.8989754413,0.1026547111,-6.140335579,-2.237243212,0.84977061,0,1
45,-14,2,-1.025681818,0.8538612335,0.01617192932,-2.480671338,-0.7579708962,0.84645389,0,1
45,-14,3,-0.5811363636,0.9145912693,0.01172311473,2.03787749,0.8511160225,0.84101129,0,1
45,-14,4,0.3109756098,1.009218594,0.06678767871,4.954602532,1.79960908,0.83356506,0,1
45,-14,5,-0.5155,0.9973371566,0.04241339942,3.852443729,1.674681948,0.82427573,0,1
45,-14,6,0.8128205128,0.9321220655,0.06180232286,5.031405762,0.6304782551,0.81333302,0,1
45,-14,7,1.412727273,0.9249591856,0.02155553575,2.902548627,-0.7370780924,0.80094594,0,1
45,-14,8,-1.916896552,1.002199306,0.01571127728,-1.876290309,-1.736701721,0.78733311,0,1
45,-14,10,-0.073,1.86095943,0.01757729692,-2.334177588,-1.3654894,0.75730061,0,1
45,-14,11,1.66,2.902396639,0.0008704397034,-0.4542399656,-0.3947253867,0.74129350,0,1
45,-14,12,0.7275,2.899917025,0.004054934755,-1.212177408,0.4665417647,0.72487581,0,1
45,-13,0,-0.07458333333,1.018408344,0.1169423063,6.967523343,0.3269236198,0.84611204,0,1
45,-13,1,1.247674419,0.7925014602,0.1030934154,6.52872815,0.5169213505,0.84501639,0,1
45,-13,2,0.345,0.7835146395,0.02658603267,3.168738606,1.00999076,0.84175482,0,1
45,-13,3,-0.9581395349,0.7828859675,0.006217649382,0.09049540632,1.605812085,0.83640179,0,1
45,-13,4,-0.03023255814,0.7757563347,0.01344554645,-1.160885028,2.060654795,0.82907627,0,1
45,-13,5,-1.516923077,0.8365209253,0.01167480921,-0.279401906,2.186133676,0.81993456,0,1
45,-13,6,0.4243589744,0.8555278734,0.03343283923,-3.193358455,1.926662146,0.80916159,0,1
45,-13,7,1.470606061,0.9395495472,0.0245757719,-2.883650632,1.381732897,0.79696129,0,1
45,-13,8,0.7282142857,1.023128269,0.007038756896,1.532599734,0.7612999368,0.78354724,0,1
45,-13,9,-0.01,1.366007822,0.01281077966,2.290001927,0.2928341921,0.76913400,0,1
45,-13,10,0.392,1.965413047,0.0002343301101,0.2871569339,0.1226081707,0.75392985,0,1
45,-13,12,-0.2625,2.832780216,0.0158736604,2.504728454,0.5748845529,0.72191809,0,1
45,-13,13,5.59,3.7239663,0.01399359579,2.243081964,0.8891280649,0.70545257,0,1
45,-12,0,-0.2414285714,1.14489283,0.07320273576,-4.192056933,-3.589190731,0.84090194,0,1
45,-12,1,-0.06347826087,0.75848742,0.06126294627,-4.123155586,-2.913370875,0.83982638,0,1
45,-12,2,1.356666667,0.7700625917,0.009944151046,-1.631861213,-1.214184171,0.83662431,0,1
45,-12,3,-0.149,0.9661283957,0.003154734263,0.9103623467,0.6955226676,0.83136796,0,1
45,-12,5,-0.4986842105,1.006047586,0.03306984494,3.118983173,2.007607348,0.81519057,0,1
45,-12,8,0.6348,1.271183061,0.02083341274,-2.328728403,-1.801294259,0.77940411,0,1
45,-12,9,0.3631578947,1.426666473,0.06038559531,-4.455858268,-2.295310756,0.76521419,0,1
45,-12,10,-0.1571428571,2.345043115,0.02418867739,-2.530910327,-1.912608414,0.75023684,0,1
45,-12,11,2.4025,2.864104354,0.002396481482,-0.2483616555,-0.9671404247,0.73466438,0,1
45,-12,12,4.45,3.97,0.0032223901,-1.15733383,0.03518039607,0.71867382,0,1
45,-11,0,-0.6459090909,1.336256751,0.0154243956,2.37183269,-0.8897483903,0.83528053,0,1
45,-11,1,-1.314318182,0.8991954589,0.00149489061,-0.1542017576,-0.7734103479,0.83422637,0,1
45,-11,2,0.06068181818,0.8113816029,0.005997692326,-1.504832349,-0.4804054974,0.83108769,0,1
45,-11,3,0.3147619048,0.8601003533,0.002497925168,-1.008212947,-0.1508505999,0.82593437,0,1
45,-11,4,-0.1845945946,1.057899613,0.005154107796,-1.463103282,0.06057649152,0.81887815,0,1
45,-11,5,-0.856097561,0.9451798692,0.006134166142,-1.596378317,0.06054219689,0.81006611,0,0
45,-11,6,1.652424242,0.9273696721,0.04777240315,-4.456026834,-0.1389022176,0.79967257,0,1
45,-11,7,-0.2080645161,0.966185038,0.03309296173,-3.685589749,-0.4296383587,0.78789030,0,0
45,-11,8,-1.218095238,1.221994578,0.0024817918,-0.7691934134,-0.6639868496,0.77492172,0,1
45,-11,9,0.4073684211,1.734492669,0.002971362265,0.8401740197,-0.7282362248,0.76097087,0,1
45,-11,10,2.26375,2.020557682,0.001089374791,-0.3142371478,-0.5953855378,0.74623654,0,1
45,-11,12,0.695,3.477387669,0.001553066148,0.8017786347,-0.05741437477,0.71515516,0,1
45,-10,0,0.22875,1.050759315,0.08041653672,-4.419655305,-3.731426559,0.82927484,0,1
45,-10,1,-0.08895833333,0.9272438875,0.03488392174,-2.27149102,-3.058367114,0.82824323,0,1
45,-10,2,-0.1131707317,0.8026468706,0.005477656523,-0.6762588704,-1.349676069,0.82517135,0,1
45,-10,3,0.5531707317,0.7995455655,0.001270193135,0.3824163261,0.6182355887,0.82012664,0,1
45,-10,4,-0.07837837838,0.8568204427,0.02491419221,2.534526184,1.985346786,0.81321699,0,0
45,-10,5,0.7562162162,0.9147660354,0.0328197155,2.956914425,2.216108137,0.80458454,0,1
45,-10,6,-0.8294117647,0.9827591249,0.05622909955,4.651402138,1.326006517,0.79439794,0,1
45,-10,7,-2.631,1.192281918,0.01404349119,2.410860454,-0.1745738118,0.78284394,0,1
45,-10,8,-0.2565,1.229085331,0.01361097617,-1.790732104,-1.567181218,0.77011896,0,0
45,-10,10,-0.1814285714,2.150292339,0.03128451122,-2.92257278,-2.115261802,0.74194474,0,1
45,-9,0,1.459565217,1.198058785,0.03706085669,-3.326145754,-2.087040526,0.82291265,0,1
45,-9,1,-0.3617391304,0.765716065,0.03059720228,-2.985880339,-1.95303131,0.82190457,0,1
45,-9,2,0.3239534884,0.8667889304,0.02808003449,-3.005932249,-1.626938527,0.81890243,0,1
45,-9,3,-1.41097561,0.8003470024,0.01650969718,-2.280424228,-1.2916819,0.81397114,0,1
45,-9,4,-0.6320512821,0.852421889,0.01508843831,-2.236409306,-1.129576282,0.80721464,0,1
45,-9,5,-0.476969697,1.173462847,0.01063593413,-1.716181422,-1.216449108,0.79876995,0,1
45,-9,7,-0.02076923077,1.136957874,0.04939424923,-4.185052067,-1.742288467,0.77748499,0,1
45,-9,8,-1.302631579,1.289339091,0.01608995858,-1.833543905,-1.825448821,0.76501543,0,1
45,-9,10,1.243333333,2.017728371,0.004743109126,-0.6240836519,-1.258517534,0.73737784,0,1
45,-9,11,-0.755,3.896867332,0.00712321732,-1.516106689,-0.8154749434,0.72257691,0,1
45,-8,0,-0.1409090909,1.088331899,0.09440676437,-5.637159469,-2.738593511,0.81622219,0,1
45,-8,1,-1.316976744,0.7872265121,0.04154989338,-3.543463056,-2.174970005,0.81523847,0,1
45,-8,2,0.3013953488,0.8813004197,0.002007053673,0.545541504,-0.7330819136,0.81230853,0,0
45,-8,3,0.842,0.8118687933,0.02198884901,2.868759264,0.9584209629,0.80749471,0,0
45,-8,4,-1.405945946,0.8505784995,0.04619728571,3.800088862,2.18620079,0.80089690,0,1
45,-8,5,-0.225,1.021903457,0.03161237734,2.64958631,2.47626,0.79264694,0,1
45,-8,6,-0.9507142857,1.098722554,0.0375374772,3.52328853,1.789893082,0.78290163,0,1
45,-8,7,0.09869565217,1.421147355,0.01760635128,2.658819904,0.5056787078,0.77183512,0,1
45,-8,8,-3.8125,1.288750849,0.002453740818,-0.6329242515,-0.7875744187,0.75963120,0,1
45,-8,10,-0.03333333333,3.14658086,0.02486980105,-2.781724791,-1.615228561,0.73255273,0,1
45,-8,11,7.35,5.731049933,0.00302607336,-0.4458062311,-1.029679301,0.71803479,0,1
45,-7,0,2.706315789,1.216312373,0.01948798067,-0.677569483,-2.765642115,0.80923186,0,1
45,-7,1,-0.9862790698,0.8617806531,0.02760268927,-2.260832945,-2.524399922,0.80827318,0,1
45,-7,2,-0.4975609756,0.8370423963,0.02893417355,-2.88072628,-1.933735771,0.80541743,0,1
45,-7,3,-0.4251282051,0.8363972471,0.01525793571,-2.149038433,-1.315150758,0.80072438,0,0
45,-7,4,-1.867777778,0.9922168631,0.0191788015,-2.644632819,-0.9925530325,0.79428983,0,1
45,-7,5,0.4466666667,1.07347254,0.01038288342,-1.757560186,-1.109382177,0.78624032,0,1
45,-7,6,-2.1125,1.32339611,0.03425602965,-3.439849831,-1.555468623,0.77672660,0,1
45,-7,7,0.2995238095,1.844937665,0.05517112371,-4.334532044,-2.040956037,0.76591630,0,1
45,-7,8,0.8205555556,1.588642589,0.03905893021,-3.333737223,-2.266377801,0.75398669,0,1
45,-7,9,-0.004166666667,1.681540093,0.01327149683,-1.082483141,-2.085610225,0.74111784,0,1
45,-7,10,0.2033333333,3.279264823,0.006166837444,-0.3126042881,-1.570974341,0.72748664,0,1
45,-7,11,3.72,9.21,0.008044408202,-1.56092387,-0.9541238902,0.71326204,0,1
45,-6,0,1.2775,1.212339816,0.06798938399,-5.244959962,-0.881497331,0.80196996,0,0
45,-6,1,-0.34675,0.8858525075,0.01783888346,-2.67616942,-0.5097992936,0.80103682,0,1
45,-6,2,-0.02102564103,1.021770697,0.00354502033,1.128729907,0.4481704396,0.79825683,0,1
45,-6,3,0.2881578947,0.8620783525,0.02856643754,3.058517569,1.59072106,0.79368714,0,1
45,-6,4,-0.8563636364,1.026851046,0.07445321573,4.998149957,2.448343189,0.78741943,0,1
45,-6,5,0.5157142857,1.01911739,0.05867027193,4.146642207,2.686043759,0.77957496,0,1
45,-6,6,-2.6948,1.191714048,0.04510744465,3.708321575,2.239436856,0.77029831,0,1
45,-6,8,0.06176470588,1.825360608,0.001187908659,0.6198511009,0.3316746271,0.74810243,0,1
45,-6,10,1.874,3.939647954,0.006226007976,-1.510742708,-0.5549377378,0.72219699,0,1
45,-5,0,-0.399375,1.329838747,0.02506904017,1.383126949,-2.91835714,0.79446444,0,1
45,-5,1,-1.941891892,0.9024008549,0.01533934631,0.1407088683,-2.52231227,0.79355722,0,1
45,-5,2,1.210512821,0.8830053842,0.008473662588,-1.073135971,-1.540715435,0.79085411,0,0
45,-5,3,0.2702777778,0.8811696947,0.001911274484,-0.7528334109,-0.4779309869,0.78640968,0,1
45,-5,6,-1.867619048,1.635046949,0.02393083426,-3.093107625,-0.6236897554,0.76364015,0,1
45,-5,7,0.5557894737,1.355620381,0.04158940463,-3.887522263,-1.479943942,0.75335996,0,1
45,-5,10,2.6675,2.743122081,0.005905358389,-0.1175069851,-1.563037708,0.71670127,0,0
45,-4,0,0.6025,1.279275002,0.007122096451,-1.447484023,0.9316128731,0.78674268,0,1
45,-4,1,-1.846060606,0.9319494857,0.002927671213,-0.1676137929,1.090847632,0.78586163,0,1
45,-4,2,-0.8964705882,0.9333580226,0.007667904284,0.9595779176,1.506453908,0.78323614,0,1
45,-4,3,0.4044827586,1.01952753,0.02289454147,2.337816534,2.014887868,0.77891821,0,1
45,-4,4,0.6959259259,1.135567965,0.06382890491,4.553835741,2.412110305,0.77299134,0,1
45,-4,5,-0.5807692308,1.237075325,0.05648376551,4.133847063,2.532014236,0.76556621,0,1
45,-4,6,-1.001428571,1.247884832,0.0437553945,3.585341046,2.312907745,0.75677516,0,1
45,-4,7,1.212941176,1.410603812,0.02370928007,2.556956762,1.82375966,0.74676614,0,1
45,-4,9,-1.417142857,2.236161525,0.002834941464,0.784734785,0.7507692781,0.72372699,0,1
45,-4,11,1.37,5.74,0.0009838713365,0.3246147967,0.5513256512,0.69771932,0,1
45,-3,0,-1.101333333,1.339539224,0.02109687541,0.8346594495,-2.842638372,0.77883133,0,0
45,-3,1,-1.613,1.021432525,0.01293830947,0.2343953488,-2.308241246,0.77797657,0,1
45,-3,2,-0.8803448276,1.110537801,0.002370640325,0.2032554773,-0.9721009414,0.77542907,0,1
45,-3,3,1.092258065,1.138675491,0.001615980608,0.6435427282,0.5081076579,0.77123828,0,1
45,-3,4,0.5604166667,1.290035035,0.005069994096,0.2391377133,1.432535792,0.76548372,0,0
45,-3,5,0.6513636364,1.451227767,0.005700649887,0.6051543395,1.416162084,0.75827083,0,1
45,-3,6,-0.5065,1.367204269,0.002199816679,-0.7752125421,0.560596309,0.74972594,0,1
45,-3,8,4.0825,2.09539674,0.03727586152,-3.606659075,-1.581279776,0.72921506,0,1
45,-3,10,2.35,4.3,0.005180357489,0.1702215575,-1.458179138,0.70516102,0,1
45,-2,0,0.6623076923,1.414741493,0.008896686823,0.7259895752,1.781673683,0.77075614,0,1
45,-2,1,0.9638461538,1.098347721,0.01035138317,1.068621946,1.778957065,0.76992766,0,1
45,-2,2,0.44375,1.12619547,0.01691151182,1.968869595,1.777498883,0.76745816,0,1
45,-2,3,-0.3504,1.221593015,0.02294131891,2.519093809,1.788515353,0.76339462,0,1
45,-2,4,-0.2960869565,1.554963205,0.02622866599,2.763740234,1.809432228,0.75781259,0,1
45,-2,5,1.026818182,1.319824104,0.01305299799,1.462979047,1.813925776,0.75081242,0,1
45,-2,6,-0.3692857143,1.585129719,0.01245362538,1.440470757,1.762473387,0.74251446,0,1
45,-2,8,1.286666667,2.404047513,0.03493667587,3.536462543,1.424310931,0.72257425,0,1
45,-1,0,-3.70125,1.767104358,0.02020896368,-0.913755345,-2.751888306,0.76254180,0,0
45,-1,1,-1.358636364,1.165454651,0.01420995767,-1.12803653,-2.153953407,0.76173951,0,0
45,-1,2,0.7872727273,1.195405197,0.002040851909,-0.6534431904,-0.6496908557,0.75934772,0,0
45,-1,3,0.5928571429,1.3962779,0.00382465057,0.7088788558,1.043416252,0.75541099,0,1
45,-1,4,-0.2838095238,1.30601912,0.01497028537,1.268784206,2.149069301,0.75000104,0,1
45,-1,5,1.202666667,1.489729879,0.0388218643,3.352586192,2.216259902,0.74321320,0,1
45,-1,6,2.3,1.707670478,0.01655165527,2.270790928,1.315196489,0.73516198,0,1
45,-1,7,0.7333333333,2.027581421,0.001319136722,-0.7395045418,-0.04419566099,0.72597604,0,1
45,-1,8,-2.5925,3.061173182,0.02422936159,-2.937613068,-1.204547198,0.71579304,0,1
45,0,0,-0.525,3.617424268,0.004356022921,-0.1238150007,1.340511602,0.75421190,0,1
45,0,1,-3.06875,1.931652177,0.006987835917,1.132322488,1.274794064,0.75343558,0,1
45,0,2,1.99,2.057867829,0.01278374473,2.022760629,1.107723964,0.75112093,0,1
45,0,3,0.4371428571,2.976039806,0.008968331287,1.70250003,0.9125365445,0.74731014,0,1
45,0,4,2.864,2.412111938,0.007636564022,1.60978797,0.7653344953,0.74207117,0,1
45,0,5,5.153333333,2.576081866,0.002865209497,-0.8324642422,0.7064413213,0.73549449,0,1
45,0,6,1.323333333,3.248543947,0.002476251511,-0.7095931201,0.7257476406,0.72768892,0,0
45,0,7,-1.255,3.035966691,0.006477232099,1.445699446,0.7776715717,0.71877691,0,1
46,-23,0,-0.6958333333,1.526481624,0.04216188975,4.187197449,0.09284666901,0.85195652,0,1
46,-23,1,-0.6930434783,1.059592068,0.0212148435,2.714157014,1.208172606,0.85083804,0,1
46,-23,2,0.6075,1.051373523,0.1279544503,6.094800999,4.011010934,0.84750886,0,1
46,-23,3,2.03875,1.068963591,0.3054065031,8.712519682,7.152261613,0.84204602,0,1
46,-23,4,1.889473684,1.215925627,0.6753237208,14.03573158,9.163148439,0.83457251,0,1
46,-23,5,-0.06421052632,1.720521191,0.2807634256,5.713592785,9.174152492,0.82524984,0,1
46,-23,6,-3.233529412,1.320657014,0.4006203318,10.65479003,7.290509664,0.81426879,0,1
46,-23,7,0.3270588235,1.315128896,0.3895716933,11.92630525,4.454502678,0.80183957,0,1
46,-23,8,3.113125,1.379308166,0.05213715243,4.247497246,1.910541332,0.78818189,0,1
46,-23,9,0.211,2.589735486,0.00220387682,-0.7566862286,0.5868030844,0.77351614,0,1
46,-23,10,1.585,2.68606357,0.001281951701,-0.1507049082,0.7145891215,0.75805583,0,1
46,-23,11,-1.315,3.825,0.02790287246,2.867108586,1.84079837,0.74200179,0,1
46,-22,0,1.074347826,1.106198816,0.08565842997,2.663299325,5.342714414,0.85168823,0,1
46,-22,1,-0.2663636364,0.7808380484,0.05640397877,3.366845472,3.48295052,0.85057081,0,1
46,-22,2,-0.9726086957,0.7918493876,0.01678793475,-2.358929442,-1.191632504,0.84724475,0,1
46,-22,3,-0.06555555556,0.7672781137,0.2568984198,-8.090267858,-6.436525956,0.84178698,0,1
46,-22,4,2.241707317,1.017556009,0.8026503584,-15.41343035,-9.816558703,0.83432031,0,1
46,-22,5,0.4228947368,0.9800008642,0.3290581437,-6.224417355,-9.90755371,0.82500599,0,1
46,-22,6,-0.5178378378,0.9714530567,0.2766345823,-8.199024212,-6.918701746,0.81403455,0,1
46,-22,7,-0.47,0.9495937162,0.1398595577,-7.223622257,-2.450948733,0.80161588,0,1
46,-22,8,-1.620967742,0.9688702025,0.005640720029,0.5954504545,1.41146451,0.78796944,0,1
46,-22,9,1.1015,1.222925182,0.08633397488,5.101930372,3.144697785,0.77331532,0,1
46,-22,11,1.31,2.504580803,0.001140044405,-0.6855906933,0.06538473751,0.74182453,0,1
46,-21,0,-0.2123809524,1.222830422,0.06523285623,5.201420078,0.2916027342,0.85088488,0,1
46,-21,1,-1.016888889,0.810699151,0.02667670699,3.116876879,1.176345528,0.84977061,0,1
46,-21,2,1.265217391,0.8182920672,0.0954849217,5.307763268,3.399069335,0.84645389,0,1
46,-21,3,0.7415217391,0.8548567113,0.2031849911,7.061361586,5.888231486,0.84101129,0,1
46,-21,5,0.1948717949,0.8275770024,0.1563119306,3.016154481,7.479011143,0.82427573,0,1
46,-21,6,0.2091891892,0.8711847638,0.2168749131,7.383187387,5.976475965,0.81333302,0,1
46,-21,8,-1.409285714,1.03617022,0.05824377937,4.62238925,1.692793609,0.78733311,0,1
46,-21,9,0.4295,1.182115265,0.001102073055,0.2417815064,0.6324979651,0.77271381,0,1
46,-21,10,-0.359,2.075069182,0.001288725369,-0.1362110212,0.7194541614,0.75730061,0,1
46,-21,11,-0.68,3.533503927,0.01795397305,2.220051044,1.594062073,0.74129350,0,1
46,-21,12,-3.03,3.252545157,0.02807756256,-2.19147565,2.622777859,0.72487581,0,1
46,-20,0,-0.730952381,1.101739812,0.03015723066,1.163571212,3.345574203,0.84955099,0,1
46,-20,1,-0.09577777778,0.7634421401,0.01794508278,1.92389502,1.940255068,0.84844195,0,1
46,-20,2,-0.9536363636,0.8479239721,0.03100110066,-3.221211055,-1.587971013,0.84514070,0,1
46,-20,3,-0.4275555556,0.7676781411,0.2111547405,-7.56464232,-5.53408153,0.83972324,0,1
46,-20,4,-0.05727272727,0.8538293522,0.583749459,-13.34302914,-8.051683741,0.83231087,0,1
46,-20,5,-1,0.8496910486,0.1902260785,-3.749446306,-8.067481593,0.82306294,0,1
46,-20,6,-0.5181578947,0.8689190531,0.1674297205,-6.047439989,-5.752109692,0.81216782,0,1
46,-20,7,-0.7341176471,1.007025067,0.1341673733,-7.098196683,-2.331365965,0.79983311,0,1
46,-20,8,-1.162333333,1.101581902,0.006849109121,-1.574185436,0.6094897421,0.78627598,0,1
46,-20,9,-0.2115789474,1.556341914,0.02700805508,2.74715809,1.920856168,0.77171441,0,1
46,-20,10,0.044,1.717371538,0.02300110272,2.774633965,1.36780843,0.75635976,0,1
46,-20,12,1.515,3.413550205,0.02530687566,2.259527202,-2.328805626,0.72405058,0,1
46,-19,0,-0.4231818182,1.104301133,0.100811567,6.403766715,0.9663949533,0.84769405,0,1
46,-19,1,-0.2725,0.8149750723,0.03953028982,3.86152394,1.238955961,0.84659225,0,1
46,-19,2,-2.024347826,0.7532679591,0.04948917204,4.110664817,1.921498589,0.84331247,0,1
46,-19,3,-0.7385365854,0.8371370754,0.03889654538,3.000765953,2.679200722,0.83792986,0,1
46,-19,4,-1.348409091,0.7918352477,0.1023647512,5.715555958,3.149724106,0.83056446,0,1
46,-19,5,-0.8805263158,0.8605869526,0.05514810442,-3.632972814,3.121794525,0.82137399,0,1
46,-19,6,-0.05513513514,0.8580184248,0.0174187848,0.5940014025,2.625673337,0.81054493,0,1
46,-19,8,-1.081111111,1.053023865,0.05251398204,4.508782126,1.232502679,0.78480312,0,1
46,-19,9,-2.723,1.240436818,0.009724251189,1.818750427,0.8589952664,0.77032174,0,1
46,-19,10,-1.402222222,1.815521216,0.00168963466,0.1458147331,0.8256525287,0.75504843,0,1
46,-19,11,2.1775,4.194662034,0.007139955151,1.387338715,1.022660186,0.73918074,0,1
46,-19,12,1.985,3.360662137,0.02639997075,-3.063889809,1.263390198,0.72289997,0,1
46,-18,0,0.9466666667,1.144038239,0.009287135186,-1.907912253,0.4730083474,0.84532434,0,1
46,-18,1,-0.3828571429,0.8166745326,0.004464801163,-1.350922131,-0.1804648162,0.84423175,0,1
46,-18,2,-1.996382979,0.7433549595,0.04933022189,-4.151464639,-1.813541563,0.84097922,0,1
46,-18,3,2.490238095,0.8338284351,0.09145468476,-4.996681038,-3.616965851,0.83564088,0,1
46,-18,4,-1.176363636,0.9397459336,0.2307617952,-8.585942114,-4.721110745,0.82833516,0,1
46,-18,5,-1.266410256,0.8250136173,0.05195402639,0.3852922161,-4.633223745,0.81921768,0,1
46,-18,6,0.1565,0.8624323496,0.04110037178,-2.268844607,-3.457158934,0.80847257,0,1
46,-18,7,-0.3938235294,0.9178705422,0.07019750532,-5.097868199,-1.793616511,0.79630295,0,1
46,-18,8,1.036923077,1.129309765,0.02178718917,-2.984173521,-0.3989477225,0.78292156,0,1
46,-18,10,-5.111428571,2.170807869,0.0003298464792,0.3598562537,-0.08794573123,0.75337242,0,1
46,-17,0,1.804210526,1.764931673,0.1178350773,6.653202976,2.181647003,0.84245485,0,1
46,-17,1,0.3004347826,0.7524336696,0.05771810833,4.607204239,1.669430705,0.84137333,0,1
46,-17,2,-0.1731818182,0.8384480386,0.01404371822,2.387502886,0.3776884603,0.83815360,0,1
46,-17,3,0.3191111111,0.7946455802,0.0156629573,-2.311132738,-1.084048141,0.83286856,0,1
46,-17,4,-0.2995238095,0.9120604332,0.01626733459,-1.602743264,-2.049184491,0.82563468,0,1
46,-17,5,0.2062162162,0.9060414802,0.2343259129,-9.643644,-2.119021562,0.81660511,0,1
46,-17,6,0.9569230769,0.8713540701,0.066251684,-5.077097562,-1.336697995,0.80596115,0,1
46,-17,7,0.7425806452,1.128424724,0.00342996302,1.187426969,-0.130522496,0.79390291,0,0
46,-17,8,-1.204230769,1.151616011,0.03070864789,3.452277909,0.9262593218,0.78064015,0,1
46,-17,9,-2.77875,1.401201828,0.02193369391,2.67648762,1.400648948,0.76638384,0,1
46,-17,10,3.543333333,2.364279312,0.006196858981,1.086294271,1.182428386,0.75133904,0,1
46,-17,11,-0.3325,2.657618765,0.00431768804,1.248790255,0.4866984423,0.73569926,0,1
46,-17,12,-1.46,3.140251228,0.0380663449,-3.968382977,-0.2987450671,0.71964251,0,1
46,-17,13,0.39,3.87,0.01081418905,1.955565032,-0.8215561926,0.70332872,0,1
46,-16,0,-2.528695652,1.516081686,0.1172585068,-6.761349146,-1.751848159,0.83910101,0,1
46,-16,1,0.8055555556,0.7612825435,0.05371104754,-4.44478217,-1.609386118,0.83803234,0,1
46,-16,2,0.4257142857,0.8376352938,0.0322869298,-3.449284609,-1.239052484,0.83485067,0,1
46,-16,3,-1.59,0.884174785,0.001490445385,0.04122287634,-0.786379685,0.82962747,0,1
46,-16,4,-0.8630232558,0.9175546812,0.008564524008,-1.840104877,-0.4210004066,0.82247700,0,1
46,-16,5,-0.2633333333,0.8591328082,0.07200562796,5.466960879,-0.2644229089,0.81354953,0,1
46,-16,6,0.1737837838,0.877678016,0.01738030597,2.667048603,-0.3432797225,0.80302307,0,1
46,-16,7,-0.3606666667,0.9651269347,0.007719906006,-1.693210935,-0.5872520279,0.79109428,0,1
46,-16,8,-2.2508,1.336946885,0.02363598732,-3.013198132,-0.8684878327,0.77796947,0,1
46,-16,9,-1.117142857,1.48670863,0.01605321197,-2.356688484,-1.060602562,0.76385636,0,1
46,-16,10,-0.6214285714,2.143186641,0.003909742464,-0.6636510039,-1.089126305,0.74895705,0,1
46,-16,11,0.425,2.606374398,0.009109973446,-1.697638005,-0.9529868896,0.73346251,0,1
46,-16,12,0.895,3.432352206,0.01478032807,2.375189945,-0.7125687063,0.71754862,0,1
46,-15,0,1.084347826,1.079565655,0.1783777509,7.796041827,3.665365107,0.83528053,0,1
46,-15,1,-0.2664444444,0.765313879,0.05337843869,4.021385374,2.456886574,0.83422637,0,1
46,-15,2,0.596097561,0.8778551243,0.0008684470058,-0.1350472611,-0.5857262694,0.83108769,0,1
46,-15,3,0.3482222222,0.8586050049,0.1376188633,-6.414302495,-4.014020682,0.82593437,0,1
46,-15,4,0.6804761905,0.9360893616,0.1818293014,-6.049263118,-6.24944682,0.81887815,0,1
46,-15,5,0.4688888889,0.877639801,0.4965571808,-12.89132249,-6.356408703,0.81006611,0,0
46,-15,6,0.3760526316,0.8746614303,0.2367614076,-8.871603232,-4.449500358,0.79967257,0,1
46,-15,7,1.423571429,1.086581725,0.01292875488,-1.725992769,-1.549158691,0.78789030,0,1
46,-15,8,-0.7384,1.082400591,0.01973935927,2.687593282,0.9946375566,0.77492172,0,1
46,-15,10,2.36375,2.017433007,0.01438528329,1.709992921,1.749528292,0.74623654,0,1
46,-15,12,5.18,2.928966328,0.0548496597,-4.540886333,-1.483333209,0.71515516,0,1
46,-14,0,-0.3657142857,1.363689598,0.1556624231,-7.70508469,-2.322550558,0.83101310,0,0
46,-14,1,0.09404255319,0.752116645,0.07642841441,-5.408923221,-1.594116827,0.82997500,0,1
46,-14,2,0.4284444444,0.7706732346,0.0009689259876,-0.584938776,0.2469077374,0.82688388,0,1
46,-14,3,0.7608108108,0.8843403556,0.09016319875,5.658976923,2.34263255,0.82180789,0,1
46,-14,5,0.8602777778,0.9119774856,0.2765314405,9.991967169,3.900014402,0.80617182,0,1
46,-14,6,0.9373529412,0.9377777789,0.143674924,7.194819925,2.830158742,0.79592558,0,1
46,-14,7,0.9192857143,1.129051544,0.008130614702,1.458812919,1.120074272,0.78430577,0,0
46,-14,9,0.6485714286,1.512220627,0.01597914498,-2.256633856,-1.247255726,0.75773986,0,1
46,-14,11,2.975,2.771568825,0.001213042972,-0.6398005499,-0.3087648088,0.72804241,0,1
46,-14,12,0.935,3.71436401,0.0171596042,2.58459664,0.6775157266,0.71247131,0,1
46,-13,0,0.2576190476,1.276267233,0.12305627,5.375878308,4.721956903,0.82632017,0,1
46,-13,1,0.07045454545,0.9153550331,0.05912055115,3.851525809,3.124509246,0.82529953,0,0
46,-13,3,0.9311627907,0.8834751057,0.2266090729,-8.060721139,-5.413348694,0.81726834,0,1
46,-13,4,0.525,0.8527212022,0.3457992755,-8.616439296,-8.34416142,0.81043009,0,1
46,-13,5,0.6027272727,0.9173835414,0.6412571508,-13.97403386,-8.456843513,0.80188515,0,1
46,-13,7,-0.3458333333,1.418812516,0.02786103407,-2.692216656,-2.084085676,0.78035685,0,1
46,-13,8,-0.1778947368,1.259018767,0.03498164792,3.60272029,1.254729395,0.76775083,0,1
46,-13,9,-1.221428571,1.54293353,0.05831129463,4.06502873,2.781306058,0.75417699,0,1
46,-13,10,2.022857143,2.32459491,0.01575707822,1.320552677,2.193580194,0.73982642,0,1
46,-13,11,-0.2575,2.869783311,0.0007184361777,0.5146809347,0.1844052804,0.72488053,0,1
46,-13,12,-3.14,3.836055917,0.05647073886,-4.390935139,-2.052816738,0.70950718,0,1
46,-12,0,-0.17,1.091577655,0.05365200233,-4.560085929,-1.235824855,0.82122462,0,1
46,-12,1,0.5997619048,1.102694961,0.004740942228,-1.372975542,-0.2956068696,0.82022273,0,1
46,-12,2,0.1002439024,0.8103518599,0.02671743037,2.612780778,2.070997258,0.81723891,0,1
46,-12,3,-0.568,0.9411932007,0.2178908106,8.259976595,4.735521795,0.81233743,0,1
46,-12,4,0.7462162162,0.8445523016,0.2507864446,7.906316007,6.467504227,0.80562119,0,1
46,-12,5,0.8590625,1.023764338,0.4782063504,12.49996393,6.535002505,0.79722590,0,1
46,-12,6,-0.03357142857,1.084391085,0.259610909,9.100077749,5.01980108,0.78731284,0,1
46,-12,7,0.4166666667,1.257516915,0.03412820206,2.623340554,2.704986471,0.77606089,0,1
46,-12,9,-0.065,1.554004209,0.004295372853,-1.267529,-0.4247806337,0.75029695,0,1
46,-12,10,0.3371428571,2.103253068,0.003616165703,1.198581389,-0.2605576247,0.73616263,0,1
46,-12,12,4.955,3.941715997,0.04680625144,3.966759105,1.933475782,0.70627370,0,1
46,-11,0,0.32,1.204512267,0.1246988738,5.561317897,4.577344744,0.81575052,0,1
46,-11,1,-0.0656097561,0.9177806641,0.03936145958,2.716039651,2.999877773,0.81476851,0,1
46,-11,3,0.9715,0.8937399488,0.2297999467,-8.146121797,-5.408125008,0.80703800,0,1
46,-11,4,0.01371428571,0.9344375098,0.3515827829,-8.828631255,-8.266167516,0.80045129,0,1
46,-11,5,1.063461538,1.272922131,0.57255668,-12.99140295,-8.33263387,0.79221495,0,1
46,-11,6,1.135384615,1.078871932,0.2879938695,-9.289231025,-5.790388017,0.78248537,0,1
46,-11,7,0.7665,1.258931988,0.01876420439,-1.948188895,-2.002826315,0.77143625,0,1
46,-11,9,1.4775,1.682501651,0.05181672562,3.770496433,2.709510235,0.74611535,0,1
46,-11,10,1.3,2.572976486,0.01271088869,0.9944162975,2.073508567,0.73221169,0,1
46,-10,0,0.6031818182,1.102867693,0.01076198081,1.992760982,0.7115981045,0.80992283,0,1
46,-10,1,0.67925,0.8738895069,0.01834015405,2.341573495,1.465388265,0.80896168,0,1
46,-10,2,0.3692857143,0.9164486316,0.07723223708,4.569129896,3.354867697,0.80609866,0,1
46,-10,3,-0.2021052632,0.9425220515,0.2645805346,8.960249625,5.458143679,0.80139376,0,1
46,-10,4,-0.9154054054,0.8664942843,0.2519811853,7.675346868,6.776766193,0.79494319,0,1
46,-10,5,1.014615385,1.200486982,0.3809212015,10.63961327,6.728966251,0.78687400,0,1
46,-10,6,1.077916667,1.311987923,0.2367952251,8.326540488,5.402424498,0.77733753,0,1
46,-10,7,0.7481818182,1.22654349,0.06172022718,3.709902197,3.451813576,0.76650206,0,0
46,-10,8,-0.9338888889,1.524427706,0.007335761648,-0.2720827207,1.725681857,0.75454549,0,1
46,-10,10,-2.34,2.186375108,0.01158268283,1.984368465,0.9387219782,0.72798852,0,1
46,-9,0,0.8671428571,1.21042695,0.05914924077,3.990742047,2.946646089,0.80376710,0,1
46,-9,1,1.61025,0.8290260852,0.01785336335,2.084801507,1.755393131,0.80282768,0,1
46,-9,2,0.7539473684,0.8464977547,0.0200095552,-2.609574604,-1.230851562,0.80002906,0,1
46,-9,3,-0.07666666667,0.9630117045,0.2102713527,-8.167526034,-4.557835148,0.79542904,0,1
46,-9,4,-0.4568571429,0.9683549918,0.2292664388,-7.14600782,-6.657306165,0.78912030,0,1
46,-9,6,0.2416,1.385752104,0.1714997894,-7.058437518,-4.640052572,0.77189041,0,1
46,-9,7,-0.0565,1.763375691,0.01927442267,-2.227720131,-1.748224813,0.76127805,0,1
46,-9,10,0.405,2.905794857,0.00399908181,0.4912785166,1.192662303,0.72350858,0,1
46,-8,0,3.102777778,1.282432584,0.05413320024,4.000657256,2.552760906,0.79730924,0,1
46,-8,1,-0.1460526316,0.8640239265,0.07088944498,4.63371016,2.832300929,0.79639226,0,1
46,-8,2,1.617777778,1.027779091,0.08580455323,4.825720692,3.522921267,0.79366018,0,1
46,-8,3,0.6708571429,0.9523458318,0.1389219423,6.296260465,4.26085463,0.78916853,0,1
46,-8,4,-0.6763333333,1.004040946,0.1038158569,4.63337248,4.660893323,0.78300644,0,1
46,-8,6,-0.5366666667,1.350990601,0.1242899632,6.053746545,3.881026825,0.76616548,0,1
46,-8,7,-0.1384210526,1.416699951,0.05504715816,3.698497874,3.036973464,0.75578434,0,1
46,-8,8,1.056666667,1.478520732,0.01875332952,1.565966234,2.313002061,0.74431493,0,1
46,-8,9,0.378,1.822205257,0.01399604121,1.451416947,1.927789321,0.73192693,0,1
46,-8,10,-3.1025,2.917547129,0.02054969281,2.222040328,1.900561367,0.71878773,0,1
46,-7,0,0.9357894737,1.2192339,0.0003908013854,0.169700119,0.3657770194,0.79057527,0,1
46,-7,1,0.9235294118,0.9562765621,0.001132409743,-0.645939302,-0.232154728,0.78968130,0,1
46,-7,3,0.6623529412,0.9358497772,0.08637910611,-4.973221672,-3.347336329,0.78263705,0,1
46,-7,4,0.461,0.9764104328,0.09967637592,-4.78269134,-4.312275539,0.77662554,0,1
46,-7,5,-0.9526923077,1.109647313,0.1559594095,-6.887885469,-4.176501485,0.76909621,0,1
46,-7,6,0.6504545455,1.245591095,0.07685004511,-4.754538024,-3.060628103,0.76018441,0,1
46,-7,7,0.7611764706,1.41111002,0.009518145774,-1.261534091,-1.53899597,0.75004131,0,1
46,-7,8,0.6885714286,1.588222758,0.001596339143,0.7533859139,-0.3107387435,0.73882753,0,1
46,-7,9,-1.89375,2.762399925,0.0002591897873,0.2883681481,0.1570936775,0.72670709,0,1
46,-7,10,-0.05,5.78,0.000832634213,-0.5618345038,-0.1753718413,0.71384210,0,1
46,-6,0,1.7375,1.320250479,0.09226953345,4.973804868,3.694528687,0.78359107,0,1
46,-6,1,-0.3988888889,0.878944153,0.07023547304,4.200097073,3.402984164,0.78272056,0,1
46,-6,2,0.5893103448,1.226262085,0.03104005692,2.421232558,2.655502411,0.78012633,0,1
46,-6,3,-1.253125,0.9220093122,0.01506091019,1.767589019,1.772468698,0.77585934,0,1
46,-6,4,-1.038571429,1.028484185,0.003079084279,0.1922614001,1.115380267,0.77000150,0,1
46,-6,5,-2.3725,1.171508882,0.02659717069,3.196661142,0.92031361,0.76266138,0,1
46,-6,9,3.017142857,2.682613078,0.03426970848,2.832368954,2.497083622,0.72127138,0,1
46,-6,10,1.12,6.04,0.02414092182,2.144398533,2.333509053,0.70868797,0,1
46,-5,0,-0.37,1.228107422,0.04587097325,-3.870621894,-2.025506045,0.77638217,0,1
46,-5,1,0.7855555556,1.222949279,0.03402152626,-3.167348423,-2.03036684,0.77553543,0,1
46,-5,2,-0.04068965517,0.9735060508,0.01429994956,-1.359630704,-2.025049805,0.77301176,0,1
46,-5,3,0.1722222222,1.058989023,0.01783597167,-1.885207125,-1.966357227,0.76885984,0,1
46,-5,4,0.4726923077,1.454523084,0.01550996339,-1.766709679,-1.825261479,0.76315796,0,1
46,-5,5,0.3566666667,1.355034508,0.04048203456,-3.771624179,-1.61777585,0.75601001,0,1
46,-5,6,1.828947368,1.371119303,0.01945696462,-2.473681062,-1.405658084,0.74754047,0,1
46,-5,8,-1.815454545,2.025909162,0.004589176363,-0.6173500411,-1.236196893,0.72720362,0,1
46,-5,9,3.515,3.842931823,0.01280370436,-1.904142211,-1.304285047,0.71563746,0,1
46,-4,0,1.846666667,1.503902331,0.08736481307,4.47337149,4.04186099,0.76897358,0,1
46,-4,1,-0.0625,1.077601906,0.05046960325,3.201796947,3.278127799,0.76815083,0,1
46,-4,2,0.2055,1.177442249,0.004393173338,0.1287642478,1.345799957,0.76569834,0,1
46,-4,4,-2.057083333,1.136857801,0.03859635242,-3.242022186,-2.355230602,0.75611814,0,1
46,-4,5,-0.3044444444,1.766679286,0.01885332157,-1.179533342,-2.540183275,0.74916440,0,1
46,-4,7,1.741666667,1.72666546,0.002208885229,0.9172258949,0.2787333663,0.73151963,0,1
46,-4,8,1.49875,2.397504981,0.02065767104,2.285976792,1.835437451,0.72110492,0,1
46,-4,9,-0.815,5.945,0.03822605795,3.053868205,2.564692743,0.70982285,0,1
46,-3,0,-1.292,1.715776792,0.06985022677,-4.384024671,-3.137063046,0.76138964,0,1
46,-3,1,0.9414285714,1.17979221,0.04426168925,-3.313821319,-2.72643399,0.76059097,0,1
46,-3,2,-1.6,1.163581928,0.01352928111,-1.676086199,-1.67914403,0.75820995,0,1
46,-3,3,-0.3755555556,1.519377285,0.0023398093,-0.8738157667,-0.4581614797,0.75429080,0,1
46,-3,4,1.16875,1.770650745,0.002672225326,0.967283196,0.4196774674,0.74890471,0,1
46,-3,5,-0.135625,1.71481315,0.001369479718,0.4233335673,0.6249430899,0.74214632,0,1
46,-3,6,2.530714286,1.984030049,0.001625474854,0.8080575174,0.1526883005,0.73412935,0,1
46,-3,8,-0.03,3.391164992,0.0157466002,-2.056631624,-1.523666787,0.71483979,0,1
46,-2,0,-0.4175,2.379856501,0.06889375954,3.807786868,3.76346418,0.75365385,0,1
46,-2,1,0.316875,1.46675541,0.0341808329,2.569657349,2.760004597,0.75287925,0,1
46,-2,2,-0.08611111111,1.53960379,0.00022302793,-0.1989463166,0.2306729631,0.75056971,0,1
46,-2,3,2.222857143,1.536785341,0.03213127824,-2.541654143,-2.628317245,0.74676725,0,1
46,-2,4,2.28,1.811317696,0.1017255727,-4.687290974,-4.511287862,0.74153961,0,1
46,-2,5,-0.003076923077,1.686381114,0.1129836469,-5.046883816,-4.640608144,0.73497694,0,1
46,-2,6,1.473,2.343690845,0.07101233875,-4.46186682,-3.104202348,0.72718765,0,1
46,-2,7,-1.2125,2.815726086,0.008816637744,-1.766763489,-0.7393677933,0.71829382,0,1
46,-1,0,1.3,1.868027452,0.03149620088,-2.555773498,-2.563563612,0.74578878,0,1
46,-1,1,2.3025,1.620955608,0.0237241295,-2.41844799,-2.005346486,0.74503816,0,1
46,-1,4,0.342,2.205800333,0.02024318486,2.006302109,2.09686134,0.73404403,0,1
46,-1,5,0.09125,2.035997913,0.03535907415,3.125269274,2.223433742,0.72767666,0,1
46,-1,6,-2.454,1.869162379,0.03449646439,3.508625429,1.428855754,0.72011481,0,1
46,-1,7,-1.1825,3.193543943,0.004732921767,1.394109872,0.1598938794,0.71147492,0,1
46,0,0,-4.51,3.388094351,0.05958450392,3.961320039,3.016252287,0.73781599,0,1
46,0,1,-1.843333333,2.48255603,0.02896275562,2.807114296,2.042037876,0.73708916,0,1
46,0,2,-0.7916666667,2.257774839,0.0005194259427,-0.2252372189,-0.4066604924,0.73492149,0,1
46,0,3,1.7025,2.603534857,0.04125013015,-2.685778473,-3.154124912,0.73135082,0,1
46,0,4,0.786,2.586506524,0.1251289788,-5.27282097,-4.925103419,0.72643821,0,1
46,0,5,-5.175,4.297558415,0.1321249657,-5.497622766,-4.974542582,0.72026507,0,1
46,0,6,0.835,4.663185606,0.1242652245,-6.328288896,-3.413602739,0.71292963,0,1
46,0,7,-0.25,4.479891182,0.04108209668,-3.989975423,-1.082634105,0.70454280,0,1
47,-23,0,1.152857143,1.182340524,0.05753489364,-4.050645756,-2.743970332,0.83376688,0,1
47,-23,2,-0.9988888889,0.9399059281,0.01470646031,-2.04606251,-1.390027817,0.82959668,0,0
47,-23,3,0.942195122,0.8178537953,0.0002477398376,0.1163217746,-0.2992326234,0.82447088,0,1
47,-23,4,0.3520930233,0.9060593708,0.004445024456,1.295213181,0.4144308969,0.81745178,0,1
47,-23,5,-0.2571794872,0.9050400151,0.001730354499,0.7109006293,0.4631690994,0.80868522,0,1
47,-23,6,0.04366666667,0.9891683937,0.0003150813004,-0.3473621356,-0.1021153422,0.79834407,0,1
47,-23,7,-0.475483871,0.9714470471,0.005905791107,-1.250923344,-0.9445981087,0.78661957,0,1
47,-23,8,-0.6976190476,1.201070535,0.01595160316,-1.992553641,-1.632885347,0.77371261,0,1
47,-23,9,-3.743333333,1.666463018,0.01969740237,-2.176771504,-1.859212571,0.75982580,0,1
47,-23,10,0.8133333333,2.548634493,0.01312218714,-1.730423217,-1.570049586,0.74515661,0,0
47,-22,0,1.430909091,1.110893003,0.003611259785,-0.9442721754,-0.781534771,0.83326416,0,1
47,-22,1,-1.208888889,0.7675867265,0.001987811575,-0.6261559115,-0.6595057396,0.83221761,0,0
47,-22,2,-0.5554347826,0.8160447029,0.001282778466,-0.6273274505,-0.3743712375,0.82910146,0,1
47,-22,4,0.09093023256,0.8250722854,0.0005047604506,-0.4536756738,-0.06466405056,0.81697798,0,1
47,-22,5,0.8521052632,0.8592395417,0.0003220462601,-0.2490809076,-0.2682245969,0.80822649,0,1
47,-22,6,-0.2496875,0.999865564,0.01276811454,-2.220726139,-0.6168350638,0.79790270,0,1
47,-22,7,1.126875,0.9503005795,0.02978436588,-3.401782662,-0.9052684173,0.78619735,0,1
47,-22,8,-0.956,1.198893135,0.01424896521,-2.23896725,-0.9566797962,0.77331083,0,1
47,-21,0,-1.689166667,1.078950751,0.1311333258,-6.348472841,-3.775480862,0.83226143,0,1
47,-21,2,-0.2766666667,0.9885507196,0.01775779583,-2.194398771,-1.603950128,0.82811367,0,1
47,-21,3,-0.4906666667,0.7790386288,0.007078065965,1.703819259,0.2044353477,0.82301514,0,1
47,-21,5,0.4289473684,0.9104085799,0.01948134718,2.257969984,1.733980517,0.80731137,0,1
47,-21,6,0.39375,1.017793089,0.02086078971,2.787015548,0.9547624681,0.79702217,0,1
47,-21,8,1.092380952,1.27893611,0.009830244344,-1.107561546,-1.692078996,0.77250914,0,1
47,-21,9,0.2885714286,1.600686617,0.03449684503,-2.95890411,-2.365824592,0.75868589,0,1
47,-21,10,0.05,2.732880806,0.02594874122,-2.415311477,-2.227580355,0.74408136,0,1
47,-21,11,4.805,3.667424164,0.009114984032,-1.292174797,-1.456889745,0.72888139,0,1
47,-20,0,0.3395454545,1.128094105,0.005071596806,-0.6081325662,1.31916156,0.83076411,0,1
47,-20,1,0.7091304348,0.7776027093,0.005335553158,0.7974027788,1.258562262,0.82972694,0,1
47,-20,2,0.5043478261,0.7716158505,0.008193133794,1.506786893,1.066914018,0.82663858,0,1
47,-20,3,0.3441304348,0.7780390138,0.002057790122,0.5595760013,0.7368907441,0.82156708,0,1
47,-20,6,-0.6816129032,0.9666521283,0.004864366063,-1.381826201,-0.3381589533,0.79570681,0,1
47,-20,7,-0.059,0.9965147599,0.02272520346,-3.061796287,-0.2830380427,0.78409643,0,1
47,-20,8,0.2772727273,1.168159621,0.004249067283,-1.327779116,0.06932368922,0.77131128,0,1
47,-20,9,0.9238461538,1.532125414,0.001170065456,0.3819108295,0.5839040919,0.75755108,0,1
47,-20,10,2.335,4.19576473,0.004305733174,0.8430694216,1.039525211,0.74301075,0,1
47,-20,11,1.845,3.80432977,0.005904657719,0.9651564756,1.23493977,0.72787496,0,1
47,-19,0,-0.1542857143,1.226213601,0.07003348674,-3.875979045,-3.756842784,0.82878019,0,1
47,-19,1,0.4120454545,0.805806472,0.05993741924,-3.951718825,-3.052962706,0.82775043,0,1
47,-19,2,0.8254545455,0.8856223821,0.01268786074,-1.924832611,-1.254488067,0.82468401,0,1
47,-19,3,-0.3306818182,0.7962744514,0.009942394589,1.848185068,0.8489378107,0.81964817,0,1
47,-19,5,0.0275,0.9092984715,0.03610236187,2.775437841,2.705023393,0.80413275,0,1
47,-19,6,0.3525806452,0.9901302745,0.04775530339,4.062597468,1.834027402,0.79396308,0,1
47,-19,7,-0.8835714286,1.038947969,0.02807021448,3.409066124,0.238202129,0.78242777,0,1
47,-19,8,-1.113809524,1.189619597,0.005264040717,-0.6305539982,-1.338835098,0.76972275,0,1
47,-19,9,-2.8225,1.782799605,0.03306435672,-2.945716568,-2.253666756,0.75604590,0,1
47,-19,10,0.206,2.472509656,0.0237088919,-2.208995208,-2.232555902,0.74159042,0,1
47,-19,11,-2.435,3.82583651,0.008122509379,-1.146114817,-1.437271775,0.72653953,0,1
47,-18,0,-0.04090909091,1.25469213,0.02145638809,-1.65145207,2.489885302,0.82632017,0,1
47,-18,1,-0.5693023256,0.7978860659,0.01408467227,0.2614473794,2.406554092,0.82529953,0,1
47,-18,2,0.6732608696,0.7767967768,0.03066355577,2.850990674,2.151574056,0.82226017,0,1
47,-18,3,-0.40725,0.9186259937,0.03164774917,3.188704143,1.731777515,0.81726834,0,1
47,-18,5,-0.1506060606,0.9625172115,0.03392439009,3.686789354,0.7222581098,0.80188515,0,1
47,-18,6,-0.2816666667,0.9859852513,0.0007998685012,0.370428657,0.4422260646,0.79179946,0,1
47,-18,7,-0.3857692308,1.093835056,0.00765958444,-1.716132236,0.4915504834,0.78035685,0,1
47,-18,8,0.6486363636,1.302713335,0.00191924739,0.2424150808,0.8600745253,0.76775083,0,1
47,-18,12,-2.3,3.64843117,0.02029032209,2.350529378,1.707834442,0.70950718,0,1
47,-17,0,-1.212608696,1.223896812,0.02644326817,1.152036045,-3.110370103,0.82339686,0,1
47,-17,1,0.4909090909,0.7898536257,0.01623836568,-0.7448088922,-2.490210913,0.82238700,0,1
47,-17,2,-0.8229268293,0.8016565983,0.007591971987,-1.529820252,-0.9045727728,0.81937959,0,1
47,-17,3,-0.7131707317,0.9941748288,0.00222485783,-0.1352325505,0.9525508438,0.81443973,0,1
47,-17,4,-0.996,0.8082779148,0.02046481465,1.803504265,2.293829977,0.80767164,0,0
47,-17,5,-2.129705882,1.067504586,0.01758666586,0.755594109,2.597291234,0.79921276,0,1
47,-17,6,0.2978571429,1.004005498,0.03029694125,3.045920603,1.824077379,0.78922632,0,1
47,-17,7,0.12,1.441383363,0.02409124184,3.140681055,0.3989523382,0.77789331,0,1
47,-17,8,-0.5972222222,1.401816237,0.004691010167,-0.9541406096,-1.020434698,0.76540441,0,1
47,-17,9,-0.865,1.531993499,0.03163749466,-3.116020557,-1.858234922,0.75195248,0,1
47,-17,11,-2.62,3.387159577,0.003549168806,-0.332092776,-1.168900461,0.72290465,0,1
47,-17,12,10.125,4.037672597,0.001879345788,-0.8653151131,-0.1819949272,0.70765405,0,1
47,-16,0,-0.7452380952,1.518996006,0.02589963747,-2.540186706,2.079150284,0.82002523,0,1
47,-16,1,-0.8456818182,0.8063929551,0.01134239583,0.3758194607,2.139557591,0.81902771,0,0
47,-16,3,0.46325,0.8241304888,0.0601556267,4.458661695,2.268872621,0.81117650,0,1
47,-16,5,1.20875,1.133227509,0.08463754646,5.696197648,1.663237651,0.79612848,0,1
47,-16,6,1.002222222,1.130347542,0.01102775701,1.765759633,1.212491638,0.78625579,0,1
47,-16,7,0.08461538462,1.304865243,0.003381512401,-0.7402899302,0.926731952,0.77504846,0,1
47,-16,8,-0.1657894737,1.267777627,0.006288258876,1.315386741,0.9412525277,0.76269392,0,1
47,-16,9,-0.04714285714,1.724657134,0.01755082956,2.407198747,1.227733234,0.74938193,0,1
47,-16,10,1.165,3.110204977,0.01313625905,1.699310845,1.605496002,0.73529829,0,1
47,-16,11,4.213333333,3.32364258,0.01037078478,0.9582839899,1.842933759,0.72061976,0,1
47,-16,12,3.085,4.072508441,0.02404179237,2.610796606,1.784995332,0.70551031,0,1
47,-15,0,1.008181818,1.290955657,0.02847208599,2.52312098,-2.340839431,0.81622219,0,1
47,-15,1,0.2987804878,0.9997447964,0.01113832214,0.9264708476,-1.943114739,0.81523847,0,1
47,-15,2,-0.3748837209,0.793380367,0.009464929257,-1.753844784,-0.9283667742,0.81230853,0,1
47,-15,3,-0.1358974359,0.8800439136,0.01530442901,-2.510559814,0.2538117996,0.80749471,0,1
47,-15,4,-0.5833333333,0.9169137658,0.007271781556,-1.350412171,1.096255103,0.80089690,0,1
47,-15,5,-1.218275862,0.9858864321,0.01367666567,-2.020199704,1.268424764,0.79264694,0,0
47,-15,6,-1.287916667,1.103274602,0.002700725179,0.7424071663,0.7566074135,0.78290163,0,1
47,-15,8,-0.09352941176,1.367458178,0.004325601867,-0.8609942516,-1.028753558,0.75963120,0,0
47,-15,10,2.895,2.647726619,0.02093768797,-2.582505205,-1.428876146,0.73255273,0,1
47,-15,11,-1.3325,4.623165177,0.002403106859,-0.4057015841,-0.913896489,0.71803479,0,1
47,-14,0,-0.5223809524,1.140027748,0.001267527969,-0.6494173335,0.3249704411,0.81200638,0,1
47,-14,1,-1.510697674,0.8083958245,0.0009583506724,0.07088864959,0.6274486392,0.81103781,0,1
47,-14,2,-1.936585366,0.8139260834,0.01636015684,2.222128757,1.367005878,0.80815276,0,1
47,-14,3,-0.2465789474,0.8639504946,0.0528637899,4.175016441,2.136106888,0.80341202,0,1
47,-14,4,0.7662857143,1.137517944,0.06458836382,4.531092275,2.518108008,0.79691298,0,1
47,-14,5,0.4256666667,1.325796458,0.09711010597,5.919549517,2.315406345,0.78878428,0,1
47,-14,6,1.055416667,1.102371733,0.02148695703,2.497113113,1.644374324,0.77917903,0,1
47,-14,7,-0.517,1.229403107,0.001802220151,-0.1609218345,0.8508283182,0.76826745,0,1
47,-14,8,-1.73375,1.893557691,0.0002557075373,0.110173955,0.306997621,0.75622936,0,1
47,-14,9,2.445,2.075764167,0.002497577726,0.9966335554,0.2140706778,0.74324730,0,1
47,-14,11,2.0875,3.218232887,0.003483495147,0.7032824796,0.9770795545,0.71515969,0,1
47,-13,0,-2.165909091,1.119785159,0.009765013799,1.124173923,-1.672996729,0.80739791,0,1
47,-13,1,0.4238636364,0.7878534888,0.008324194158,-1.04023178,-1.54309984,0.80644572,0,1
47,-13,2,-0.1957142857,0.8428574775,0.02337985936,-2.87130873,-1.217645073,0.80360923,0,1
47,-13,3,1.37,1.057151275,0.03143630207,-3.513861362,-0.8553913109,0.79894753,0,1
47,-13,4,-0.9037931034,1.189229727,0.01863577878,-2.7131172,-0.6263524932,0.79255538,0,1
47,-13,5,-1.516785714,1.284888468,0.04233383021,-4.150040717,-0.6244517537,0.78455797,0,1
47,-13,6,-1.263181818,1.317086412,0.007441345031,-1.555391706,-0.8226122758,0.77510445,0,1
47,-13,7,0.9475,1.269514474,0.003334341711,0.4402041919,-1.092454316,0.76436081,0,0
47,-13,9,-0.37,2.551082403,0.01418191372,-2.07473215,-1.263250037,0.73970832,0,1
47,-13,10,-1.2875,2.800634973,0.01474494041,-2.243063245,-1.050345588,0.72615334,0,1
47,-13,11,2.825,3.721306894,0.002715868972,-0.7771957577,-0.7251830337,0.71200529,0,1
47,-12,0,0.6536842105,1.355049946,0.02743523751,-2.878058575,-1.769483525,0.80241812,0,1
47,-12,1,0.7939473684,0.9004555935,0.004863385219,-0.7032293311,-1.236468989,0.80148341,0,1
47,-12,2,-0.4444736842,0.8566471393,0.00749125294,1.76245034,0.1023085959,0.79869878,0,1
47,-12,3,0.2479411765,0.9016026196,0.03756001876,3.613823341,1.602166804,0.79412154,0,0
47,-12,4,-0.7590625,0.9774018554,0.04617002384,3.552803383,2.566397321,0.78784362,0,1
47,-12,5,-1.321538462,1.065461258,0.07953974318,5.135523999,2.592007886,0.77998659,0,1
47,-12,6,-0.5895454545,1.170517298,0.0225482152,2.516660313,1.745706971,0.77069541,0,1
47,-12,8,0.1571428571,2.091376703,0.004393026297,-1.219925531,-0.5826476447,0.74846617,0,1
47,-11,0,-1.064,1.278202768,0.009279319789,-1.660170238,-1.050927821,0.79708933,0,1
47,-11,1,-0.4471052632,0.8629960134,0.01148720699,-1.873139546,-1.127183727,0.79617310,0,1
47,-11,2,0.9252777778,1.031185747,0.02795212204,-3.138178615,-1.334606797,0.79344326,0,1
47,-11,4,0.82,1.007247813,0.03130371803,-3.084352547,-1.873639348,0.78279814,0,0
47,-11,6,0.0535,1.402150655,0.02426899856,-2.471139202,-1.997615153,0.76597033,0,1
47,-11,8,0.7785714286,1.525145694,0.005311501594,-0.4662282005,-1.411543443,0.74413601,0,1
47,-11,10,1.875,2.632076177,0.005764686712,-1.398813408,-0.6645976774,0.71862659,0,1
47,-11,11,3.435,7.465,0.001504995544,-0.6263469495,-0.4835652535,0.70490573,0,1
47,-10,0,0.9055555556,1.265679806,0.08478844113,-5.076983567,-3.082214133,0.79143460,0,1
47,-10,1,-0.1983333333,1.010011355,0.04241016737,-3.425713244,-2.430848908,0.79053771,0,0
47,-10,2,-0.03194444444,0.8869413126,0.002585095413,0.683278325,-0.7801581408,0.78786524,0,1
47,-10,3,-1.92030303,1.042937965,0.04413362326,4.138214969,1.112092486,0.78347072,0,1
47,-10,4,0.005769230769,1.217322683,0.04137127995,3.377568341,2.409221002,0.77744013,0,1
47,-10,5,-0.04461538462,1.157150111,0.05383693377,3.957788756,2.595090502,0.76988731,0,1
47,-10,7,0.9516666667,1.368905912,0.0003057056853,-0.2885672111,0.2095621229,0.75077500,0,1
47,-10,8,-0.5042857143,1.523652968,0.01419606399,-2.138238775,-1.155048152,0.73952877,0,1
47,-10,9,-2.77625,2.036747177,0.02004448607,-2.220000844,-1.846890428,0.72737435,0,0
47,-9,0,-1.306315789,1.21965687,0.0005731702987,-0.2730469601,-0.4048579856,0.78547748,0,1
47,-9,1,0.620625,1.003953469,0.002820529426,-0.9327062892,-0.5509320408,0.78460067,0,1
47,-9,2,-0.8963888889,0.8806037929,0.01175855828,-2.000826273,-0.9427531393,0.78198776,0,1
47,-9,3,0.1672413793,1.021700338,0.03544012662,-3.554129234,-1.453565443,0.77769033,0,1
47,-9,4,-0.47,1.040305497,0.02832484649,-2.850933293,-1.912221174,0.77179123,0,1
47,-9,5,0.2913636364,1.236389503,0.0402509713,-3.47785826,-2.156552075,0.76440030,0,1
47,-9,6,-1.415555556,1.33688924,0.02453832957,-2.416708804,-2.09011187,0.75564890,0,1
47,-9,9,1.0175,2.429525784,0.0008997367468,-0.08977381023,-0.6052037908,0.72274174,0,1
47,-9,10,1.695,3.392760675,0.0007164205794,-0.5018921459,-0.2148661591,0.71008256,0,1
47,-8,0,-0.1972222222,1.525761313,0.08683570078,-5.167963637,-3.069154617,0.77924178,0,1
47,-8,1,0.5835483871,1.113763411,0.0561402309,-4.160407231,-2.459242455,0.77838567,0,1
47,-8,2,-0.1916666667,1.075078301,0.005483346152,-1.207029204,-0.9079643126,0.77583416,0,1
47,-8,3,-0.1610714286,1.011711459,0.01865708601,2.641329019,0.8863228351,0.77163684,0,1
47,-8,4,0.8457142857,1.262220562,0.04388307136,3.695762768,2.144450869,0.76587341,0,1
47,-8,7,2.70625,1.494749404,0.0009930825505,-0.6171625104,0.1796592752,0.74034248,0,1
47,-8,8,1.31,1.565391977,0.0159604288,-2.312264873,-1.137403883,0.72955193,0,1
47,-8,9,1.352,2.598684282,0.02160827529,-2.360877711,-1.848315747,0.71787514,0,1
47,-7,0,0.6391666667,1.495810585,0.003234755544,1.152370071,0.1335928738,0.77275137,0,1
47,-7,2,1.0292,1.077545359,0.0005716767494,0.471573443,-0.1243452254,0.76942782,0,1
47,-7,3,0.6725,1.112449671,0.003280529713,-1.092257295,-0.4145141159,0.76533308,0,0
47,-7,5,-2.529444444,1.679971497,0.02173331662,-2.836885477,-0.9970548,0.75265637,0,1
47,-7,6,-0.16,1.778675794,0.01827180239,-2.535331414,-1.083506555,0.74429781,0,1
47,-7,7,0.065625,1.390753365,0.004852418269,-1.066988931,-0.9382744418,0.73476958,0,1
47,-7,8,0.59,2.324447366,0.0008921488577,0.1545777092,-0.5893045003,0.72421743,0,1
47,-7,9,0.1333333333,2.374359563,0.0002633927332,0.2927299858,-0.154571609,0.71279095,0,1
47,-6,0,-0.7258333333,1.533632896,0.03448087615,-3.203214682,-2.021141129,0.76602994,0,1
47,-6,1,-0.3590909091,1.208853507,0.02727985667,-2.969838801,-1.590504693,0.76521660,0,1
47,-6,3,-1.936190476,1.394793631,0.005823242319,1.349227289,0.7760905303,0.75880175,0,1
47,-6,4,1.221111111,1.47395801,0.02274365407,2.583913715,1.66906358,0.75331915,0,1
47,-6,5,-0.6665,1.535012991,0.04480125422,3.910104609,1.83041506,0.74644164,0,1
47,-6,6,0.851875,1.443806375,0.01619983409,2.273858236,1.252768345,0.73828620,0,1
47,-6,7,-0.675625,1.44198589,0.0006589261926,-0.4591169993,0.2517032417,0.72898413,0,1
47,-6,8,2.065714286,2.411586967,0.01084405868,-2.002781684,-0.7074473878,0.71867581,0,1
47,-5,0,-0.313,1.754129129,0.006555806858,1.625385152,0.2926323704,0.75910089,0,1
47,-5,1,0.1225,1.527108357,0.009543397619,1.950299788,0.4084280821,0.75830939,0,1
47,-5,2,-0.1116666667,1.255995252,0.0114322159,2.072403645,0.679307939,0.75594967,0,0
47,-5,3,0.8557142857,1.288785617,0.004969826656,1.1013148,0.9245416107,0.75206529,0,1
47,-5,4,1.605714286,1.761377681,0.006107874881,1.261958963,0.9739662809,0.74672639,0,1
47,-5,5,0.883125,1.509337801,0.002174907202,-0.5515294229,0.7750319605,0.74002628,0,1
47,-5,7,0.3754545455,1.799586959,0.0004654209899,-0.426287809,0.10915482,0.72300489,0,1
47,-5,8,-1.966,2.547133291,0.0007975799591,0.575967542,-0.009515054015,0.71294468,0,1
47,-5,9,1.56,5.59,0.000946256231,0.6168910008,0.1145890783,0.70203557,0,1
47,-4,0,4.77,2.397486035,0.005857132682,-1.370052387,-0.748189255,0.75198708,0,1
47,-4,1,0.3314285714,1.648192436,0.006501495066,-1.546733668,-0.559043295,0.75121761,0,1
47,-4,2,-0.3357894737,1.278118435,0.0004222977472,-0.4116338356,-0.07907241749,0.74892328,0,1
47,-4,3,0.441875,1.526208324,0.005235180206,1.398342436,0.4719204645,0.74514567,0,1
47,-4,6,-2.813846154,1.672716318,0.001616165578,0.5520119749,0.6063665316,0.72569005,0,1
47,-3,0,-0.7025,1.838043712,0.0003677545576,0.3847422091,-0.07053987248,0.74471079,0,1
47,-3,1,0.3221428571,1.448316052,0.003251977144,1.13707477,0.2450097225,0.74396341,0,1
47,-3,2,0.5813333333,1.408321302,0.01002384952,1.764878053,1.027413172,0.74173471,0,1
47,-3,4,0.9055555556,2.043858914,0.02776954892,2.445260109,2.360949955,0.73301610,0,1
47,-3,5,1.628,1.899063453,0.02670541412,2.445962762,2.264491092,0.72667521,0,1
47,-3,6,-1.012222222,2.051537213,0.01750834303,2.12672997,1.661709368,0.71914422,0,1
47,-3,7,-0.8575,3.046593384,0.006138264185,1.343098749,0.8659560081,0.71053880,0,1
47,-2,0,-0.4414285714,2.738368848,0.0001215641345,-0.2243087924,0.01617759954,0.73729352,0,1
47,-2,1,0.01428571429,1.460648619,3.64561391e-05,-0.122967492,-0.006811014715,0.73656823,0,1
47,-2,2,0.6954545455,1.621669887,2.485627188e-05,0.07452909069,-0.06918628487,0.73440514,0,1
47,-2,3,2.601,2.194995545,0.0006786356911,0.5087430642,-0.1533736408,0.73084196,0,1
47,-2,4,1.466,1.943089036,0.0001652026709,-0.113516554,-0.2363170232,0.72593952,0,1
47,-2,6,0.1916666667,3.155150727,0.00465529023,-1.355377134,-0.3158528129,0.71245823,0,1
47,-2,7,0.905,3.400454626,0.002434716333,-0.963895146,-0.2895819035,0.70408784,0,1
47,-1,0,-2.401666667,3.115665169,0.008414711809,-1.706658506,-0.7669520386,0.72975593,0,1
47,-1,1,2.475833333,1.81820985,0.001779605231,-0.8004442781,-0.3157289937,0.72905264,0,1
47,-1,2,0.1244444444,2.320905661,0.003556270324,0.9012316801,0.8169148723,0.72695491,0,1
47,-1,4,1.816,2.552593975,0.04612547197,3.290933823,2.891370968,0.71874146,0,1
47,-1,5,-1.991666667,3.230371926,0.0427314488,3.063319641,2.897288033,0.71276087,0,1
47,-1,6,4.25,4.108789359,0.04678549033,3.849487712,2.155530838,0.70565008,0,1
47,-1,7,-0.08,4.298098417,0.0258867449,3.107182616,1.05615657,0.69751464,0,1
47,0,0,-6.19,7.46,0.002496860454,1.018421653,0.04029415294,0.72211778,0,1
47,0,1,0.6475,3.011000318,0.0001035421159,0.1832122161,-0.09752672657,0.72143632,0,1
47,0,2,4.275,2.94714127,0.001969896876,-0.7832783603,-0.4539171021,0.71940346,0,1
47,0,3,1.54,3.726879839,0.003258025255,-0.7586293488,-0.8831571742,0.71605322,0,1
47,0,4,-2.035,3.281165951,0.01001753496,-1.640656449,-1.214903966,0.71144055,0,1
47,0,6,10.57,7.07,0.009035654235,-1.532918345,-1.187181544,0.69873710,0,1
48,-24,0,1.926363636,1.964164533,0.094504882,4.670275463,4.184113973,0.81645833,0,1
48,-24,1,-0.7736363636,1.397084866,0.02534024342,1.677851395,2.779837406,0.81547376,0,1
48,-24,2,-0.3009090909,1.126453423,0.00366928198,-0.9949078287,-0.7326286885,0.81254129,0,0
48,-24,3,0.6409090909,1.13120995,0.141614712,-6.126591604,-4.624172,0.80772335,0,1
48,-24,4,-0.2011111111,1.260615052,0.1661966043,-4.420841437,-7.042827947,0.80111999,0,1
48,-24,5,3.041111111,1.334775724,0.4838277722,-12.36960162,-6.948890292,0.79286320,0,1
48,-24,6,2.57,1.402265188,0.1587107499,-6.714107847,-4.577288292,0.78311001,0,1
48,-24,7,2.997272727,1.707441661,0.003973795402,-0.4266721162,-1.212942114,0.77203478,0,1
48,-24,8,2.0525,2.349144791,0.00988499084,1.313229768,1.545324719,0.75982154,0,1
48,-24,9,-2.553333333,3.67439035,0.03286967445,2.632995504,2.596651313,0.74665681,0,1
48,-23,0,-2.328571429,1.223968037,0.003460758352,1.023195323,-0.6268193547,0.81622219,0,1
48,-23,1,-0.298,0.8129407025,0.02887366465,3.454262818,0.284274329,0.81523847,0,1
48,-23,2,-0.8523255814,0.817438817,0.05555704991,4.060345504,2.574456572,0.81230853,0,1
48,-23,4,0.2541176471,0.9696458289,0.1336661332,3.07590318,6.793375054,0.80089690,0,1
48,-23,5,1.140882353,0.9569076402,0.4290986061,11.4914411,6.816971951,0.79264694,0,1
48,-23,6,0.1377777778,1.070408752,0.2205491535,7.977732919,5.3022776,0.78290163,0,1
48,-23,7,0.3654545455,1.335580476,0.04854487189,3.327979522,3.020166057,0.77183512,0,1
48,-22,0,1.2685,1.173691494,0.07129681114,4.266839433,3.384783936,0.81551500,0,1
48,-22,1,-0.02522727273,0.8851691164,0.01464631904,1.199856887,2.157283269,0.81453383,0,0
48,-22,2,-0.7556097561,0.8669197679,0.007185718829,-1.469750417,-0.9107228044,0.81161145,0,1
48,-22,3,-0.189047619,0.9000701231,0.1378871075,-6.233148228,-4.302918004,0.80680994,0,1
48,-22,4,0.3583333333,0.9008459245,0.133451588,-3.820082396,-6.397564774,0.80022876,0,1
48,-22,7,-2.170909091,1.286205182,0.00448439806,-0.5902703747,-1.231784165,0.77123705,0,1
48,-22,8,0.3153333333,1.418412728,0.003902087598,0.4772802782,1.181375271,0.75906104,0,1
48,-22,9,0.7583333333,2.334149857,0.01834947832,1.805786246,2.0912543,0.74593512,0,1
48,-21,0,-0.8647826087,1.261665075,0.01187360497,2.184661485,-0.4089108119,0.81434041,0,1
48,-21,1,-0.08113636364,0.8898802813,0.02827964849,3.425735174,0.1730450262,0.81336347,0,1
48,-21,2,0.6388372093,0.8168639659,0.0257366728,2.832687753,1.638137315,0.81045362,0,1
48,-21,4,0.8161111111,0.9128317087,0.04593832414,0.3078164951,4.360924052,0.79911891,0,1
48,-21,5,0.39,1.043503831,0.1713438038,7.205517651,4.400823383,0.79092321,0,1
48,-21,6,0.006333333333,1.029536357,0.06495137449,3.884250842,3.454748807,0.78124057,0,1
48,-21,7,-0.6376190476,1.19798139,0.01376947099,1.308743465,2.003973542,0.77024336,0,1
48,-21,9,-0.3633333333,2.912340029,0.00321013382,1.15566324,0.00160217681,0.74503594,0,1
48,-20,0,-0.16,1.055932809,0.01674291925,2.214247368,1.436285577,0.81270448,0,1
48,-20,1,-1.133,0.9213867197,0.001510698535,-0.4075675749,0.6800053147,0.81173341,0,1
48,-20,2,-1.541363636,0.8483893203,0.01587557191,-2.270665446,-1.203756861,0.80884096,0,1
48,-20,3,0.86675,0.8392990379,0.1012448474,-5.607875203,-3.26713134,0.80408817,0,1
48,-20,4,0.6135135135,0.9566879503,0.0543916059,-1.533362643,-4.503127148,0.79757284,0,1
48,-20,6,1.591851852,1.20374227,0.05679351779,-3.82638409,-2.997906488,0.77979578,0,1
48,-20,7,1.119545455,1.378737185,0.003813706632,-0.5447687887,-1.135737867,0.76885862,0,0
48,-20,8,0.782,1.460315948,0.00124021357,-0.6284088487,0.3479755174,0.75679316,0,1
48,-20,10,5.15,3.500207137,0.00391777704,1.214130481,0.3947894154,0.73000650,0,1
48,-19,0,0.1577272727,1.129648706,0.01839588965,2.759197063,0.2008713139,0.81061556,0,1
48,-19,1,0.2495555556,0.7967973548,0.03382183434,3.743964773,0.2326639108,0.80965195,0,1
48,-19,3,-0.4728947368,0.9119464675,0.003873753092,1.193978303,0.4313599166,0.80206482,0,1
48,-19,4,-0.1272727273,1.176272061,0.05178987875,-4.61086041,0.5356172515,0.79559816,0,1
48,-19,5,0.0128125,1.086900394,0.003188316969,0.9855466208,0.5959707696,0.78750922,0,1
48,-19,6,-1.135,1.055280327,0.001471802609,-0.5147052407,0.58941888,0.77794992,0,1
48,-19,7,-0.6775,1.317767825,0.002375772637,-0.8514017584,0.5133647316,0.76708917,0,1
48,-19,10,5.32,3.537742925,7.970771985e-05,-0.1223638391,0.1348669283,0.72849145,0,1
48,-18,0,0.8881818182,1.402781966,0.008715493592,-1.8034979,-0.611091453,0.80808418,0,1
48,-18,1,0.4197826087,0.7756197595,0.01875230173,-2.688664336,-0.7568918446,0.80712956,0,1
48,-18,2,-0.50675,0.8271798852,0.01392911637,-2.137225906,-1.107882892,0.80428587,0,1
48,-18,4,0.0703030303,0.944616227,0.01870533444,2.289890698,-1.59331769,0.79320447,0,1
48,-18,5,0.8238709677,0.999458636,0.02529461868,-2.911114654,-1.431471564,0.78518758,0,1
48,-18,6,-0.92,1.335607662,0.005508800473,-1.093538219,-1.046939826,0.77571156,0,1
48,-18,7,0.9280952381,1.207671998,0.001010070212,0.1506446227,-0.6305084047,0.76494301,0,1
48,-18,9,0.292,3.370427866,0.003777274877,-1.197397967,-0.3711527924,0.74023595,0,1
48,-18,11,11.79,6.34,0.006115186435,1.37008768,-0.8167327745,0.71247579,0,1
48,-17,0,0.7252173913,1.406231455,0.03736604191,3.7322393,1.271355309,0.80512290,0,1
48,-17,1,0.538,0.8393166119,0.02536537876,3.170059488,0.7098320814,0.80417873,0,1
48,-17,2,-0.2831707317,0.8642925656,0.001293195924,0.2421366929,-0.6923853742,0.80136601,0,1
48,-17,3,0.08514285714,0.9194846383,0.01817229091,-1.596737359,-2.238508519,0.79674302,0,1
48,-17,4,-0.3796428571,1.068101897,0.2108270594,-8.807951146,-3.183321904,0.79040322,0,1
48,-17,5,0.09724137931,1.089547054,0.06327561009,-4.080058713,-3.111048286,0.78247013,0,1
48,-17,6,-0.465,1.364943072,0.04696355688,-3.877645042,-2.121985263,0.77309098,0,0
48,-17,8,0.9957142857,2.223226226,0.001099662337,0.5576781868,0.3827584688,0.75065979,0,1
48,-17,9,0.624,2.427038525,0.009878080743,1.860885198,0.8042588392,0.73795769,0,0
48,-17,10,0.48,3.751586331,0.001982708936,0.7765183775,0.4710788976,0.72449697,0,1
48,-17,11,2.855,5.285,0.01244414179,-2.253900269,-0.311859615,0.71044367,0,1
48,-16,0,-2.101,1.181308808,0.04737569848,-4.06849867,-1.77700325,0.80174617,0,1
48,-16,1,0.14925,0.8710279359,0.04304428193,-4.004911616,-1.367128661,0.80081381,0,0
48,-16,2,0.5628947368,0.8895630737,0.001583177966,-0.7435331368,-0.3253178985,0.79803613,0,1
48,-16,3,-1.2871875,0.9490734585,0.003043112923,0.7038674331,0.8778624726,0.79347020,0,1
48,-16,4,0.6066666667,0.9518531054,0.1118086045,6.600320144,1.718482954,0.78720759,0,1
48,-16,5,-1.375,1.135566835,0.0176605348,1.966815037,1.865265565,0.77936939,0,1
48,-16,6,-1.6525,1.213010408,0.014103524,2.032118805,1.318405725,0.77009999,0,1
48,-16,7,0.5933333333,1.435462395,0.003367684258,1.12109585,0.3798055522,0.75956030,0,1
48,-16,10,-2.215,3.442836766,0.003312004256,-0.6452985787,-0.9805776463,0.72203355,0,1
48,-16,11,5.68,9.34,0.004897827556,1.323743287,-0.534247438,0.70812037,0,1
48,-15,0,-0.6684210526,1.258544658,0.03179325804,2.64264822,2.498766915,0.79797009,0,0
48,-15,1,0.5342857143,0.9174798933,0.02506946645,2.867360164,1.486025436,0.79705082,0,1
48,-15,2,-0.1857894737,1.079155907,0.003098424171,-0.4377029814,-1.047616319,0.79431198,0,1
48,-15,3,0.134516129,1.033578067,0.06228206463,-3.323772066,-3.855474054,0.78980932,0,1
48,-15,4,1.138333333,1.004117246,0.349455795,-10.67858955,-5.599737306,0.78363233,0,1
48,-15,5,0.7627272727,1.162905598,0.1919090615,-7.022590838,-5.525035875,0.77589939,0,0
48,-15,6,0.6368181818,1.431555837,0.1081250926,-5.530693256,-3.794250273,0.76675181,0,1
48,-15,7,1.169473684,1.303867675,0.01821883266,-2.410043951,-1.330992937,0.75634715,0,1
48,-15,8,1.172857143,1.514210578,0.006629406058,1.502383047,0.7077968317,0.74485248,0,1
48,-14,0,0.1775,1.598154013,0.0317564361,-3.209793226,-1.705676866,0.79381226,0,1
48,-14,1,0.9002439024,0.8746785812,0.01116608357,-1.930277521,-0.9589691415,0.79290727,0,1
48,-14,2,0.7986486486,0.8877343333,0.006123208833,1.301485365,0.9239405822,0.79021078,0,1
48,-14,3,0.4719354839,1.024882203,0.04746385611,3.227947767,3.054087873,0.78577712,0,1
48,-14,4,-0.9873076923,1.210670197,0.2676476565,9.564088378,4.458887748,0.77969352,0,1
48,-14,5,-2.118947368,1.583248732,0.1349008211,5.948539452,4.55408488,0.77207547,0,0
48,-14,7,-1.77375,1.475406724,0.01064103064,1.37622976,1.591583842,0.75280379,0,1
48,-14,8,2.169166667,1.995636702,0.00165915125,-0.8301368674,-0.03397566153,0.74146752,0,1
48,-14,9,-0.23625,1.993423563,0.007049391133,-1.482454188,-0.8574342198,0.72921883,0,1
48,-14,10,3.62,3.775769237,0.001382608971,-0.2712950721,-0.7082559697,0.71622236,0,1
48,-13,0,-0.2705,1.170648752,0.0568493285,3.611927545,3.256663582,0.78929152,0,1
48,-13,2,0.5908333333,0.9423103468,0.006775265443,-1.405213738,-0.9187979054,0.78575096,0,1
48,-13,4,-1.215,1.109108047,0.3757528753,-10.81057825,-6.281838823,0.77540845,0,1
48,-13,5,0.1372727273,1.250114658,0.2260401156,-7.454800339,-6.202322907,0.76791412,0,1
48,-13,6,-0.9355,1.260768119,0.09935186374,-4.883855113,-4.181244354,0.75904288,0,1
48,-13,7,-0.045,1.642313101,0.006830005091,-1.065698654,-1.306091795,0.74894480,0,1
48,-13,9,-3.03875,2.207439886,0.02972455219,2.898334113,1.991584891,0.72570963,0,1
48,-13,10,1.545,3.502038692,0.008065486431,1.245128726,1.343599521,0.71289662,0,1
48,-13,11,0.07,5.5,0.01616855743,-2.580027123,-0.2651553317,0.69949530,0,1
48,-12,0,0.46,1.22686141,0.002787483626,0.7812887073,-0.7411521787,0.78442779,0,1
48,-12,1,-2.2675,0.8889292526,0.001274503105,0.7268973463,0.0432536571,0.78355449,0,1
48,-12,3,-0.7068965517,1.086539577,0.1025139243,4.976351015,4.229223943,0.77667151,0,0
48,-12,4,0.645,1.184900962,0.320485308,10.06775668,5.654784004,0.77079540,0,1
48,-12,5,1.19,1.224249362,0.1797421593,6.517663898,5.683386501,0.76343277,0,1
48,-12,6,0.1845,1.210309568,0.09418349863,4.461869264,4.390477807,0.75471418,0,1
48,-12,7,-0.5955555556,1.756179421,0.02388697948,1.99803402,2.438425349,0.74478564,0,1
48,-12,9,5.921428571,2.158719859,0.002761075266,-1.057512726,-0.1743512695,0.72192376,0,1
48,-12,10,3.68,4.65,5.54674454e-05,0.149480854,-0.02706338913,0.70930678,0,1
48,-11,0,-1.636,1.433264605,0.04577782722,3.180120965,2.988723188,0.77924178,0,1
48,-11,1,0.2309677419,0.9809201121,0.01986979301,2.138972937,1.921333548,0.77838567,0,1
48,-11,2,-1.592666667,1.291315015,0.009165701097,-1.804767377,-0.7457605057,0.77583416,0,1
48,-11,3,0.866,1.228710028,0.08760174387,-4.776009592,-3.692695356,0.77163684,0,1
48,-11,5,0.5222222222,1.506235743,0.1469564143,-5.64606737,-5.409473458,0.75864961,0,1
48,-11,6,1.213888889,1.315937679,0.06030348031,-3.500170941,-3.582982587,0.75009205,0,1
48,-11,8,0.3742857143,1.55855768,0.0105971576,1.807423185,1.068698158,0.72955193,0,1
48,-11,9,2.058333333,2.823503045,0.02624364224,2.741224509,1.845053942,0.71787514,0,1
48,-11,10,1.37,6.12,0.006634422639,1.131355225,1.216656752,0.70546562,0,1
48,-10,0,-0.2607142857,1.618401893,0.01811811199,2.708632433,0.4486201714,0.77375481,0,1
48,-10,1,-2.556785714,1.041829772,0.02067491141,2.75905874,0.9946296636,0.77291663,0,1
48,-10,2,0.3146153846,1.045754873,0.0419931168,3.447006218,2.364143392,0.77041836,0,1
48,-10,3,-1.055,1.110299093,0.07912039634,4.216141887,3.891245566,0.76630786,0,1
48,-10,5,-0.3733333333,1.349334622,0.114624255,4.935966157,4.829605061,0.75358346,0,1
48,-10,6,-0.1672222222,1.360986162,0.06833846821,3.658857579,3.878741872,0.74519431,0,1
48,-10,7,1.520625,1.457112674,0.02901232838,2.441744092,2.471501497,0.73563206,0,1
48,-10,8,0.4263636364,1.697492804,0.005060533846,0.7853832525,1.220074956,0.72504324,0,1
48,-10,9,0.135,2.77897688,0.001547957019,-0.5614847512,0.57337129,0.71357824,0,1
48,-10,10,-0.02,5.54,0.001338055127,0.3939035203,0.6336648548,0.70138647,0,1
48,-9,0,0.7741666667,1.491154009,0.007519949342,0.6426463281,1.647920794,0.76798860,0,1
48,-9,1,-0.9992,1.035891114,0.003049395618,0.6162449976,0.9428297147,0.76716900,0,1
48,-9,2,0.1172,1.242264937,0.002490148349,-0.6133677399,-0.8122768982,0.76472587,0,1
48,-9,3,0.1082608696,1.132905411,0.03169121919,-2.39205542,-2.731857211,0.76070535,0,1
48,-9,4,0.2376190476,1.495525215,0.1502129687,-6.888902313,-3.87793475,0.75518168,0,1
48,-9,5,2.304444444,1.44549022,0.08453048869,-4.599784234,-3.743056409,0.74825350,0,1
48,-9,8,1.299,2.338710685,0.003457304193,1.051497569,0.576842222,0.72029248,0,1
48,-9,9,-2.8725,2.798593024,0.01247279703,2.035715915,1.022303978,0.70904791,0,1
48,-8,0,-0.465,2.064356419,0.03937581318,3.816438864,1.347925881,0.76196507,0,1
48,-8,1,0.601,1.302952093,0.02430008633,2.810307924,1.487312522,0.76116459,0,1
48,-8,2,0.4095833333,1.305147346,0.0146947555,1.658031353,1.834287717,0.75877820,0,1
48,-8,3,0.7315789474,1.266834015,0.01455183835,1.07576222,2.212906478,0.75485027,0,1
48,-8,5,0.9055555556,1.337886439,0.03388884415,2.897137223,2.388698332,0.74267918,0,1
48,-8,6,1.60125,1.767565387,0.03256144685,3.025578639,2.095924787,0.73464512,0,1
48,-8,7,0.8414285714,1.760642009,0.02130205093,2.458085898,1.679412182,0.72547830,0,1
48,-8,8,-2.15125,2.057518226,0.007445576748,1.190285132,1.296501525,0.71531594,0,1
48,-8,9,3.775,8.205,0.00270769196,0.05872402302,1.059751462,0.70429930,0,1
48,-7,0,0.04,2.040451339,0.009545749405,-1.98421001,-0.1853964584,0.75570613,0,1
48,-7,1,-1.758333333,1.756338521,0.003126444304,-1.057728798,-0.4265574727,0.75492519,0,0
48,-7,2,0.6321052632,1.270535473,0.002572978439,0.1979610003,-1.015522639,0.75259683,0,1
48,-7,3,0.6923529412,1.351482078,0.006430129157,-0.176566797,-1.626052639,0.74876364,0,1
48,-7,4,0.44,1.450480993,0.04150851285,-3.682606706,-1.925569175,0.74349426,0,1
48,-7,5,1.105625,1.474101686,0.0255775214,-2.747704133,-1.75827234,0.73688001,0,1
48,-7,6,-2.171428571,1.968784379,0.01538735167,-2.216289584,-1.220610931,0.72903071,0,1
48,-7,7,-1.090833333,2.119506253,0.003707122411,-1.091689275,-0.5920677598,0.72006992,0,1
48,-7,8,3.69,2.362361107,0.0001226644424,0.1478083122,-0.170840948,0.71013005,0,1
48,-6,0,-1.898333333,2.815775105,0.03688905781,3.472555327,1.813523414,0.74923355,0,1
48,-6,1,1.374117647,1.433854087,0.01603733465,2.084822468,1.525046886,0.74847249,0,1
48,-6,2,0.514375,1.473997673,0.00188813233,-0.3839670314,0.7988224549,0.74620314,0,1
48,-6,5,0.175,2.653238302,0.001042345885,-0.293542154,-0.5894877326,0.73087543,0,1
48,-6,6,-1.954285714,1.952139349,0.002981339997,1.102767755,-0.1558038721,0.72321447,0,1
48,-6,7,1.685,2.338025401,0.008953932566,1.865451215,0.4953085352,0.71446389,0,1
48,-5,0,1.271666667,2.115401197,0.02399595133,-2.707975305,-1.627963472,0.74256876,0,1
48,-5,1,0.6869230769,1.677467713,0.0113957604,-1.62067213,-1.454156409,0.74182781,0,1
48,-5,2,3.87,1.715163519,0.003110612596,-0.5380911908,-1.002303674,0.73961819,0,1
48,-5,3,3.309,1.83596732,0.0004894840744,-0.01405912803,-0.4510540295,0.73597896,0,1
48,-5,4,0.63,1.878002781,0.001388889946,-0.7600699959,-0.01158896921,0.73097313,0,1
48,-5,5,-0.1388888889,2.017252287,0.001138523259,0.6691629141,0.1609282187,0.72468466,0,1
48,-5,6,-2.0225,2.094140635,4.230101526e-06,0.0306356004,0.02865959758,0.71721476,0,1
48,-4,0,0.4833333333,2.226895572,0.03265845102,3.124698326,1.955414352,0.73573274,0,1
48,-4,2,0.833,1.820219187,0.002136515035,-0.9279434512,-0.1667552904,0.73286260,0,1
48,-4,3,0.3822222222,2.358341447,0.02545031104,-2.668942152,-1.861510725,0.72932171,0,1
48,-4,4,0.9022222222,1.946037443,0.03449636841,-2.390015155,-2.939365372,0.72444960,0,1
48,-4,5,0.455,3.117700045,0.05763277295,-3.913944785,-2.942594543,0.71832659,0,1
48,-4,6,2.984285714,2.84106524,0.02343960949,-2.437480013,-1.952081779,0.71104962,0,0
48,-4,7,2.216666667,4.716048252,0.0006700832967,-0.1611074235,-0.5028212369,0.70272820,0,1
48,-3,0,-1.625,2.567151145,0.02736904113,-2.693998268,-2.03202504,0.72874589,0,1
48,-3,1,0.8388888889,1.867672348,0.01668765638,-2.089646696,-1.605052183,0.72804551,0,1
48,-3,3,-0.6583333333,2.656631221,0.002449698322,0.7026618399,0.7248800256,0.72251424,0,1
48,-3,4,1.558571429,2.115753834,0.007588811178,0.7989336716,1.587133219,0.71777641,0,1
48,-3,5,0.816,2.696488828,0.02959186637,3.055933441,1.724186341,0.71181967,0,1
48,-3,7,3.99,5.77,0.0003700737968,0.3517231678,0.1739487343,0.69663249,0,1
48,-2,0,1.208,3.38012485,0.04024000428,3.633618567,1.881081676,0.72162793,0,1
48,-2,1,-1.9825,2.540209321,0.01550706194,2.265183397,1.149164741,0.72094786,0,1
48,-2,2,-0.03571428571,2.057628911,0.002012721181,-0.608051436,-0.6838537957,0.71891911,0,1
48,-2,3,0.44,2.356550563,0.03777210873,-2.882927012,-2.720960937,0.71557560,0,1
48,-2,4,-1.81,4.867103862,0.07605959826,-3.958037169,-3.997268633,0.71097209,0,1
48,-2,5,0.36,3.446507089,0.1025069775,-5.190039296,-3.963711201,0.70518181,0,1
48,-1,0,-0.55,3.889167649,0.02656095248,-3.037674484,-1.350216621,0.71439781,0,1
48,-1,1,4.6575,4.36864467,0.009632760529,-1.800689581,-0.8747449829,0.71373796,0,0
48,-1,2,5.286666667,2.361047908,0.0005517876617,0.3524247167,0.3246002326,0.71176931,0,1
48,-1,3,1.67,3.465674538,0.01514851758,1.862956204,1.68281283,0.70852411,0,1
48,-1,4,0.3333333333,3.034875066,0.03354838772,2.700208383,2.5819592,0.70405452,0,1
48,0,2,2.47,4.308506122,0.001686200033,-0.3624509578,-0.7550922978,0.70452488,0,1
48,0,3,5.78,5.11,0.03714931786,-2.959525763,-2.587855255,0.70137734,0,1
49,-24,0,-0.7236842105,1.477810774,0.004431069147,-1.281486163,-0.4486839982,0.79974041,0,1
49,-24,2,-0.1736111111,0.9495140071,0.002488664621,-0.9566266006,-0.3467881101,0.79605801,0,1
49,-24,3,-0.5614285714,1.088888273,0.0005468917539,-0.3566771633,-0.3167222366,0.79152576,0,1
49,-24,4,1.104193548,0.9835470117,0.0003543366507,0.0424011914,-0.3816046738,0.78530873,0,1
49,-24,5,0.9754545455,1.33379982,0.0009252921097,-0.3163481631,-0.5337480546,0.77752654,0,1
49,-24,6,0.00875,1.162761321,0.003340283008,-0.951483772,-0.6959789081,0.76832198,0,1
49,-24,7,0.2306666667,1.43260307,0.005187129134,-1.254105268,-0.7650484061,0.75785413,0,1
49,-24,8,0.675,2.107264963,0.004739755296,-1.230914597,-0.6758703257,0.74629167,0,1
49,-23,0,-0.2085714286,1.167197061,0.08790993671,-5.050945737,-3.326024031,0.79929672,0,1
49,-23,1,0.001764705882,1.006957213,0.06231890025,-4.179362266,-2.908676202,0.79837287,0,1
49,-23,2,-0.4731428571,0.9285233394,0.01971970099,-2.18212728,-1.855425375,0.79562043,0,1
49,-23,3,-0.01861111111,0.9049588184,0.00105637656,-0.06626515448,-0.6596280043,0.79109561,0,1
49,-23,4,0.2187096774,0.9950073599,0.001087251782,0.6571921844,0.142982827,0.78488862,0,1
49,-23,5,0.4145833333,1.343617761,0.001211429685,0.6687674645,0.2382421645,0.77711880,0,1
49,-23,7,1.077857143,1.530539364,0.005701174261,-0.9530055528,-1.209845198,0.75747654,0,1
49,-23,8,-0.4325,2.107477122,0.01461394424,-1.513523461,-1.94661373,0.74593109,0,1
49,-22,0,-1.224,1.255846622,0.02802491064,1.966580413,2.791448573,0.79841156,0,1
49,-22,1,0.3526470588,1.056025771,0.02294021993,1.847702371,2.475915893,0.79749078,0,1
49,-22,2,-0.2713888889,0.9076124816,0.01103656369,1.370793355,1.647007165,0.79474741,0,1
49,-22,3,-1.644857143,0.9190655414,0.00148352562,0.4929902296,0.6116976659,0.79023739,0,1
49,-22,5,-1.0208,1.358208982,0.001867747525,-0.5940159181,-0.6513156595,0.77630522,0,1
49,-22,6,-1.448571429,1.357132005,0.001717343101,-0.7002079556,-0.4734984808,0.76714345,0,0
49,-22,7,0.854375,1.38065201,0.0006956798747,-0.5136399442,0.1600254164,0.75672305,0,1
49,-22,8,0.24,2.095046027,0.002222833133,0.01770014752,0.961501582,0.74521150,0,0
49,-22,9,5.04,4.546330938,0.008316207182,0.9487185534,1.599952948,0.73277943,0,1
49,-21,0,-0.7064705882,1.338316998,0.181489518,-7.109055781,-4.9969121,0.79708933,0,0
49,-21,1,0.3333333333,0.9921029452,0.1218313309,-5.666679516,-4.309995135,0.79617310,0,1
49,-21,2,-0.3608333333,0.8883788033,0.0377514356,-3.021024269,-2.565094149,0.79344326,0,1
49,-21,3,0.1,0.9824270906,0.0007391121134,-0.05490757213,-0.5518052646,0.78895528,0,1
49,-21,4,-0.005357142857,1.051746027,0.005278420767,1.209646758,0.8560462801,0.78279814,0,0
49,-21,5,-2.646666667,1.130189727,0.01692774867,2.407658015,1.116193487,0.77508963,0,1
49,-21,6,-0.3466666667,1.367672992,0.005918939807,1.549452909,0.248477226,0.76597033,0,1
49,-21,7,-0.8693333333,1.462661653,0.003846760277,-0.3218807181,-1.223445194,0.75559702,0,0
49,-21,8,2.18125,2.406711922,0.02441090719,-1.889401549,-2.566358785,0.74413601,0,1
49,-21,9,0.645,4.416053102,0.04547989997,-2.947754143,-3.198816972,0.73175679,0,1
49,-20,0,1.971764706,1.45311841,0.1090349903,4.330403485,5.158591578,0.79533652,0,1
49,-20,1,-0.1907894737,0.8909801164,0.09183289533,4.057047025,4.663366318,0.79442631,0,1
49,-20,2,0.08189189189,0.8876080349,0.067844593,4.106204576,3.371273789,0.79171435,0,1
49,-20,3,-0.0703125,0.9696358853,0.02597961292,2.76320706,1.781396792,0.78725547,0,1
49,-20,4,0.0072,1.114881088,0.007244857592,1.665798395,0.4891854543,0.78113774,0,1
49,-20,5,0.5033333333,1.124392351,0.0002982593259,-0.3473594699,-0.05857215037,0.77347770,0,1
49,-20,6,-1.132,1.378210243,0.000557470696,-0.4043887025,0.2615390357,0.76441451,0,1
49,-20,7,-1.182142857,1.510674772,0.004942965517,0.7564754568,1.218294267,0.75410344,0,1
49,-20,9,2.993333333,3.446150832,0.04679921492,3.087571531,3.152377027,0.73039992,0,1
49,-19,0,1.13,1.218763615,0.1578293701,-6.156960268,-5.268392439,0.79316168,0,1
49,-19,1,-0.3362162162,0.9067012107,0.1284695853,-5.740808594,-4.526835977,0.79225891,0,1
49,-19,2,-0.34,0.9269674671,0.0586965095,-4.176792898,-2.640982727,0.78956901,0,1
49,-19,3,0.3274193548,0.9861322507,0.003021371997,-1.02285983,-0.4591126766,0.78514608,0,1
49,-19,4,0.4645454545,1.2010493,0.005347027067,1.032403237,1.076451288,0.77907702,0,1
49,-19,5,-1.39047619,1.213044744,0.03225745201,3.395671765,1.374759814,0.77147685,0,1
49,-19,6,0.9085714286,1.264519725,0.01504677948,2.461837068,0.4466491493,0.76248300,0,1
49,-19,7,1.114285714,1.527252602,0.00323962093,-0.1433018871,-1.152081866,0.75224885,0,1
49,-19,9,1.98,2.898381732,0.05489575871,-3.402624788,-3.355778584,0.72871440,0,1
49,-18,0,0.1445,1.207789406,0.1441135161,5.301444921,5.643791993,0.79057527,0,1
49,-18,1,-0.015,0.8571704542,0.1442295984,5.739091989,5.202770886,0.78968130,0,1
49,-18,3,-0.4621875,0.9478579366,0.05652552221,4.084813911,2.613705341,0.78263705,0,1
49,-18,4,1.432083333,1.655543496,0.02771095369,3.082375224,1.424066858,0.77662554,0,1
49,-18,5,0.5816666667,1.300655817,0.002529374757,0.5288215023,0.8790230447,0.76909621,0,1
49,-18,6,-2.098,1.497681296,0.00318114615,0.337210754,1.099904007,0.76018441,0,1
49,-18,8,-0.3277777778,1.906779328,0.03727126638,2.710765207,2.856269529,0.73882753,0,1
49,-18,9,-0.2233333333,3.06349655,0.06288571764,3.688116605,3.54416191,0.72670709,0,1
49,-17,0,-0.5465,1.181573739,0.1124502345,-5.209246296,-4.432618825,0.78758955,0,1
49,-17,1,-0.3408108108,0.9015444188,0.09188161194,-4.826426018,-3.864258813,0.78670566,0,1
49,-17,2,0.0853125,1.190122061,0.06447366633,-4.578740714,-2.420553513,0.78407173,0,1
49,-17,3,-1.352916667,1.317159532,0.01414216545,-2.305178409,-0.7549368046,0.77974004,0,1
49,-17,4,1.15875,1.520003613,0.001387853601,-0.6400656835,0.4095429864,0.77379453,0,1
49,-17,5,-1.3175,1.249638027,0.01118694129,2.064926819,0.6247784441,0.76634645,0,1
49,-17,6,0.3615,1.304008854,0.00768749212,1.786077324,-0.09094157656,0.75752881,0,1
49,-17,8,0.46,2.397786678,0.02245505467,-1.898826621,-2.395155622,0.73638882,0,1
49,-17,10,12.3,5.69,0.04702939151,-3.552847855,-2.635073969,0.71164180,0,1
49,-16,0,1.493157895,1.260534666,0.1320490423,6.201316906,4.059804312,0.78421836,0,1
49,-16,1,-1.100857143,0.9037182151,0.1039714073,5.313829897,3.875563813,0.78334576,0,1
49,-16,2,-1.225357143,0.9969663807,0.08534650788,4.908625037,3.378370498,0.78074533,0,1
49,-16,3,-0.6504,1.160929151,0.05334221226,3.846966802,2.719118711,0.77646823,0,1
49,-16,4,-1.611052632,1.267741902,0.05039063759,4.069244212,2.099053079,0.77059669,0,1
49,-16,5,1.061111111,1.640966933,0.01554901755,1.888235729,1.704011935,0.76323970,0,1
49,-16,6,-1.808947368,1.399178517,0.009468301386,1.122702377,1.636697505,0.75452765,0,1
49,-16,8,0.90625,2.030205116,0.01722304217,1.418860925,2.26988856,0.73363107,0,1
49,-16,10,3.44,5.91,0.04700618139,3.480718839,2.727871443,0.70915192,0,1
49,-15,0,1.058823529,1.798816172,0.05963975327,-4.030881172,-2.926570947,0.78047704,0,0
49,-15,1,-1.734137931,1.262903403,0.06221333997,-4.322555774,-2.683106401,0.77961685,0,1
49,-15,2,0.2203571429,1.135978529,0.05247360226,-4.189002056,-2.069695891,0.77705326,0,1
49,-15,3,-0.5248148148,1.230770654,0.02284670311,-2.759059157,-1.375808463,0.77283623,0,1
49,-15,4,-1.546190476,1.182097371,0.0232332415,-2.971924142,-0.9130939773,0.76704609,0,1
49,-15,5,-0.0985,1.231979099,0.003238432712,-0.7809418494,-0.858756969,0.75978937,0,1
49,-15,6,1.339473684,1.528187107,0.003326488145,0.03485638222,-1.175905506,0.75119361,0,1
49,-15,8,1.108333333,2.444881274,0.01361933469,-1.284945278,-2.003789309,0.73056533,0,1
49,-15,9,0.04,3.610405102,0.02381837956,-2.3867585,-2.052535344,0.71884060,0,1
49,-14,0,-0.6141176471,1.305312939,0.01554464865,2.249829333,1.18555521,0.77638217,0,1
49,-14,1,0.8427586207,1.101170883,0.02463732659,2.902906271,1.350322727,0.77553543,0,1
49,-14,2,0.0576,1.253216831,0.03852940044,3.601601159,1.748837642,0.77301176,0,1
49,-14,3,0.1856521739,1.144689473,0.03556061886,3.189593986,2.149722658,0.76885984,0,1
49,-14,5,-0.6583333333,1.316277369,0.02721645048,2.585020253,2.154283673,0.75601001,0,1
49,-14,8,0.39,2.265201557,0.0020062832,-0.03250417772,0.9130430174,0.72720362,0,1
49,-14,9,-1.505,4.213564406,0.00245962428,0.5697317952,0.8358947538,0.71563746,0,1
49,-13,0,-1.669,1.765396682,0.02144495283,-2.768579711,-1.121174187,0.77195142,0,1
49,-13,1,-0.7693333333,1.002415804,0.02105951427,-2.694639551,-1.224999217,0.77111908,0,1
49,-13,2,-0.005769230769,1.080564722,0.03468603635,-3.490264601,-1.499668179,0.76863814,0,1
49,-13,3,-1.437727273,1.597134194,0.03436678302,-3.299631165,-1.84677071,0.76455592,0,1
49,-13,4,-3.112857143,1.178899425,0.05249939503,-4.155361814,-2.138943303,0.75894857,0,1
49,-13,5,-1.336111111,1.297737347,0.0276698271,-2.527594267,-2.263439892,0.75191716,0,1
49,-13,6,-0.2927777778,1.340983723,0.01869093532,-1.760899079,-2.162291475,0.74358293,0,1
49,-13,8,-0.6928571429,2.155310953,0.005035333546,-0.2377519359,-1.427725222,0.72355882,0,1
49,-13,9,0.665,3.819100025,0.003167031503,-0.5479028554,-1.008677376,0.71216299,0,1
49,-13,10,4.63,5.07,0.004673239436,-1.199567101,-0.7108562602,0.70004240,0,1
49,-12,0,-1.035833333,1.521180782,0.01842184498,-2.209919702,-1.667504486,0.76720334,0,1
49,-12,1,-0.5626923077,1.176155871,0.006826070875,-1.182238509,-1.200943252,0.76638625,0,1
49,-12,2,0.1917391304,1.206719273,0.005984828359,1.577733163,-0.02675666126,0.76395057,0,1
49,-12,3,0.6371428571,1.424300353,0.0228468939,2.797628851,1.295611263,0.75994219,0,0
49,-12,4,0.702,1.220504199,0.05036050056,4.036210029,2.158991091,0.75443501,0,1
49,-12,5,0.038,1.265732199,0.02471008721,2.325538414,2.207346611,0.74752718,0,1
49,-12,6,0.8027777778,1.353479284,0.009441255802,1.306828917,1.490028642,0.73933649,0,1
49,-12,7,2.008571429,2.001977829,0.0004124547438,0.1026861185,0.4013169454,0.72999516,0,1
49,-12,8,3.262857143,2.214552979,0.005667996268,-1.435750164,-0.5447595022,0.71964450,0,1
49,-11,0,3.003636364,2.023373993,0.001288096416,-0.3098502428,0.6632487369,0.76215717,0,1
49,-11,1,-0.2195238095,1.280173626,0.001696382968,-0.7779926502,0.3170158836,0.76135608,0,1
49,-11,2,0.6665217391,1.340526357,0.008128459809,-1.74560231,-0.578513226,0.75896789,0,1
49,-11,4,-0.53,1.248270103,0.06014569374,-4.341282719,-2.485272395,0.74963506,0,1
49,-11,5,0.6236842105,1.308141669,0.0420011134,-3.147815598,-2.750565351,0.74285706,0,1
49,-11,7,0.6042857143,1.53631915,0.009404360296,-1.226560399,-1.551833293,0.72564410,0,1
49,-11,8,-0.1325,2.273346141,0.001166648242,0.3381879143,-0.6091035135,0.71547487,0,1
49,-11,9,6.32,5.04,0.00317327806,1.144284469,0.1041128813,0.70445099,0,1
49,-10,0,0.6022222222,2.100717984,0.05810396949,-3.567129184,-3.383704297,0.75683265,0,1
49,-10,1,-0.061,1.445949861,0.04246948914,-3.159913111,-2.772033062,0.75604822,0,1
49,-10,2,0.6705555556,1.418887872,0.009574339205,-1.57700828,-1.223274597,0.75370948,0,1
49,-10,4,-0.5361111111,1.672537921,0.03950884337,3.652815841,1.759088615,0.74456697,0,1
49,-10,5,0.03833333333,1.405008373,0.03121006055,3.04361321,1.929043271,0.73792431,0,0
49,-10,6,2.141875,1.464760806,0.008088864449,1.47506332,1.090651056,0.73004194,0,1
49,-10,7,-2.421428571,1.686174178,0.0009867751993,-0.5791607817,-0.2740723744,0.72104426,0,1
49,-10,8,2.614285714,2.698554161,0.01984325045,-2.447208118,-1.505608632,0.71106455,0,1
49,-10,9,1.5,4.066085341,0.03199613989,-2.98830455,-2.093291572,0.70024023,0,1
49,-9,0,2.115,3.366245789,0.01256264538,0.9845580753,2.063315551,0.75124984,0,0
49,-9,1,-0.542,1.316735526,0.0101191109,1.212805101,1.65502543,0.75048262,0,1
49,-9,2,0.5175,1.508244473,0.002946715554,0.9313562435,0.5987835917,0.74819500,0,1
49,-9,4,-0.3105882353,1.37404846,0.02387138967,-2.680123155,-1.657863668,0.73924933,0,1
49,-9,5,0.284375,1.454918946,0.0292574316,-2.866744393,-1.988513116,0.73274674,0,1
49,-9,6,-2.05625,1.94987155,0.01730591245,-2.163236426,-1.587591361,0.72502741,0,1
49,-9,7,0.9564285714,1.569744065,0.001779549682,-0.5332117842,-0.6753206069,0.71621165,0,1
49,-8,0,4.56,2.335782524,0.05213743172,-2.972999624,-3.585078865,0.74542893,0,1
49,-8,2,2.209,1.730594407,0.0272836762,-2.965700112,-1.59870561,0.74244427,0,1
49,-8,5,0.425,1.791103647,0.01980845673,2.541280018,1.335329563,0.72734238,0,1
49,-8,6,-2.308333333,1.885036706,0.00508494849,1.331355355,0.5857134621,0.71979085,0,1
49,-8,7,-0.5711111111,1.933940198,0.003036155878,-0.9178827134,-0.6485898279,0.71116247,0,1
49,-8,8,1.81,4.571480431,0.0272774274,-2.871485531,-1.761592416,0.70158209,0,1
49,-8,9,7.06,5.32,0.03867162622,-3.299706999,-2.280585461,0.69117879,0,1
49,-7,0,-2.861666667,2.106249299,0.02602302548,1.876637348,2.702772952,0.73939009,0,1
49,-7,1,0.198,1.818860938,0.02604390555,2.2396684,2.412327065,0.73865861,0,1
49,-7,2,2.012222222,1.942325194,0.02366969055,2.666227726,1.654957966,0.73647710,0,1
49,-7,4,-0.245,1.776582112,6.468719719e-05,-0.1617255041,-0.02752536321,0.72794046,0,1
49,-7,5,-0.692,1.805575255,0.001739791413,-0.7809118425,-0.3376509951,0.72172927,0,1
49,-7,6,1.822727273,2.054986879,0.001679224385,-0.8252716058,-0.1325128985,0.71434946,0,1
49,-7,7,4.524,2.875097216,0.0006737866738,0.2769819468,0.451227848,0.70591302,0,1
49,-6,0,0.154,2.582033307,0.03054658974,-2.363228942,-2.669064363,0.73315333,0,1
49,-6,1,1.502,1.724337844,0.02810952524,-2.520495797,-2.311261143,0.73244018,0,1
49,-6,2,3.691428571,3.440567802,0.01346372613,-1.90352552,-1.406451702,0.73031315,0,1
49,-6,3,0.49875,1.994613449,0.002889678789,-1.030570967,-0.3743793049,0.72680891,0,1
49,-6,4,-0.535,2.62070315,0.001141665131,0.6074647885,0.3255312404,0.72198665,0,1
49,-6,5,-2.63625,2.090856583,0.0004694400237,0.1443635689,0.4176928653,0.71592537,0,1
49,-5,0,-3.655,3.97342107,0.01911478804,1.505763103,2.384384464,0.72673832,0,0
49,-5,1,2.153,1.971331783,0.02463941958,2.202043198,2.324244568,0.72604371,0,1
49,-5,3,-1.115,4.16502601,0.02999114593,2.974445217,1.905345544,0.72055760,0,1
49,-5,4,2.1,2.727238163,0.01099591539,1.379183784,1.634823413,0.71585790,0,1
49,-5,5,2.32,3.902656787,0.01399143067,1.955587708,1.413060984,0.70994841,0,1
49,-4,0,0.375,2.750420422,0.007497084776,-1.075958107,-1.40051373,0.72016435,0,1
49,-4,1,5.814285714,2.208484567,0.007466284903,-1.18058406,-1.308637346,0.71948840,0,1
49,-4,2,-2.47,3.331478651,0.007274200258,-1.362843465,-1.081227201,0.71747191,0,1
49,-4,4,1.686666667,3.04670496,0.001163629506,0.05574808208,-0.6935520002,0.70957227,0,1
49,-3,0,0.89,4.341779589,0.003960938825,-0.1093131219,1.279054101,0.71345012,0,1
49,-3,1,-1.724,3.585539848,0.006622277502,0.7862707217,1.461828898,0.71279289,0,1
49,-3,2,2.0525,5.355609793,0.02258482353,2.396053951,1.911865092,0.71083203,0,1
49,-3,3,2.7725,3.275371162,0.03626947866,3.063405212,2.388573502,0.70759958,0,1
49,-3,4,1.56,5.57,0.03093802976,2.429336337,2.640063869,0.70314735,0,1
49,-2,0,6.08,5.44,0.001809015104,0.7682357166,-0.4030453493,0.70661377,0,1
49,-2,1,4.995,4.222913686,0.0007652565318,-0.1708974398,-0.5377501379,0.70597523,0,1
49,-2,2,2.075,7.075,0.00775585621,-1.562024739,-0.8870534543,0.70406995,0,1
49,-2,3,-0.2333333333,3.303299697,0.01326951039,-1.950657897,-1.309827119,0.70092847,0,1
49,-1,3,9.35,6.2,0.03101674324,2.905573953,2.112344816,0.69415200,0,1
50,-25,0,2.115,2.127254266,0.02444739326,-2.433359439,-2.061547311,0.78380000,0,0
50,-25,1,-1.294615385,1.545548867,0.007295933474,-1.183184312,-1.278871162,0.78292879,0,1
50,-25,2,-1.251428571,1.513495751,0.003012831671,0.883716543,0.6873998785,0.78033250,0,1
50,-25,3,0.3066666667,1.668079193,0.02087737146,0.573704998,2.890811023,0.77606215,0,1
50,-25,4,1.805384615,1.918430387,0.1896256164,7.768497502,4.306185569,0.77019975,0,1
50,-25,5,-1.216,1.808532001,0.1277570603,5.86070951,4.336446573,0.76285401,0,1
50,-25,6,-0.3816666667,2.624877669,0.1035114852,5.798465828,3.072983697,0.75415501,0,1
50,-25,7,-2.1775,4.296408141,0.01541651206,2.235162531,1.190802696,0.74424823,0,1
50,-25,8,7.48,4.805884414,0.01049589518,-2.043729358,-0.4358152278,0.73328852,0,1
50,-24,0,-1.670666667,1.544732822,0.1034939464,5.573366739,3.463483945,0.78359107,0,1
50,-24,1,0.8087096774,0.995107034,0.05650239843,4.084232022,2.612774111,0.78272056,0,0
50,-24,2,1.413103448,1.260776024,0.00344070377,1.087578047,0.4986597604,0.78012633,0,1
50,-24,3,0.01269230769,1.097177457,0.008036377726,0.2932748836,-1.804850279,0.77585934,0,1
50,-24,4,-1.723913043,1.305093206,0.1482079709,-7.184806501,-3.16855476,0.77000150,0,1
50,-24,5,0.1495454545,1.221271946,0.07653515542,-4.781262594,-2.996931087,0.76266138,0,1
50,-24,6,-1.626153846,1.570358757,0.04446133902,-4.030894746,-1.499934957,0.75396889,0,1
50,-23,0,1.154666667,1.618779042,0.01989264977,-2.095780486,-1.970771783,0.78296528,0,1
50,-23,1,0.1354285714,0.9311564458,0.007965176048,-1.272255211,-1.302013159,0.78209685,0,1
50,-23,2,-0.4379310345,1.050621254,0.0006777802647,0.370804095,0.3801202524,0.77950879,0,1
50,-23,3,0.1857692308,1.175732986,0.01240479191,0.04733820696,2.27127951,0.77525188,0,1
50,-23,4,0.6063636364,1.220087214,0.1439693416,6.903702675,3.49808699,0.76940769,0,1
50,-23,5,1.107272727,1.452222387,0.08421131133,4.737924613,3.547923971,0.76208437,0,1
50,-23,6,-0.54,2.056212244,0.06651261162,4.632983805,2.49152561,0.75341138,0,1
50,-22,0,-1.786875,1.407291346,0.05497343427,4.218886649,2.252202773,0.78192563,0,0
50,-22,1,0.6146666667,1.011403206,0.02737355485,2.957387018,1.625574473,0.78106065,0,1
50,-22,2,-1.467241379,1.133271008,0.0009542424049,0.6259206674,0.07232627156,0.77848283,0,1
50,-22,3,-0.83,1.233131625,0.006301399356,0.187993344,-1.608205252,0.77424261,0,1
50,-22,4,0.2304347826,1.183758472,0.1216867407,-6.630991146,-2.580138595,0.76842104,0,1
50,-22,5,-1.533684211,1.293437731,0.05160061263,-3.956625148,-2.411077307,0.76112560,0,1
50,-22,7,1.72,1.880325238,0.0003252269838,-0.3064718716,0.2034306983,0.74264297,0,1
50,-21,0,-1.077142857,1.475937958,0.00994715299,-1.272786203,-1.586971469,0.78047704,0,1
50,-21,1,-0.05857142857,1.144456817,0.006046043872,-1.007175302,-1.225162916,0.77961685,0,1
50,-21,2,-0.8919230769,1.086942335,0.001537036233,-0.7375737525,-0.3089679324,0.77705326,0,1
50,-21,3,-1.263043478,1.20327601,0.007511950946,-1.605818106,0.7393630803,0.77283623,0,0
50,-21,4,-0.2518181818,1.376039495,0.05419458291,4.520105066,1.454659711,0.76704609,0,1
50,-21,5,0.1205,1.263900411,0.01523525371,1.982747492,1.551535806,0.75978937,0,1
50,-21,6,1.128333333,1.352062325,0.01419607674,2.193910265,1.045449352,0.75119361,0,1
50,-21,8,5.13,3.537294949,0.01394547764,-2.346955441,-0.5419836301,0.73056533,0,1
50,-20,0,-1.505,1.768407351,0.003120560023,1.050620248,0.4410107211,0.77862635,0,1
50,-20,1,-0.1240740741,1.068018048,0.002466021147,0.9944727382,0.1923531007,0.77777226,0,1
50,-20,2,-1.324285714,1.39713475,0.0006539429063,0.3155532708,-0.4153261404,0.77522676,0,1
50,-20,3,0.075,1.19943329,0.003721720202,0.6722479526,-1.047132147,0.77103924,0,1
50,-20,4,-0.4660869565,1.173849193,0.0679130779,-5.137796682,-1.36306311,0.76528909,0,1
50,-20,5,0.3427777778,1.766024265,0.01498270316,-2.18591296,-1.206342867,0.75808166,0,1
50,-20,6,1.570666667,1.62590062,0.01112428097,-2.04118031,-0.6795471302,0.74954308,0,1
50,-20,8,0.68,7.92,0.008427772982,1.845755038,0.3154695868,0.72904680,0,0
50,-19,0,0.2393333333,1.4301874,0.001355235953,0.2037065509,-0.7227328477,0.77638217,0,0
50,-19,1,0.8688461538,1.092325019,0.002269946867,-0.5957272377,-0.7677949457,0.77553543,0,0
50,-19,2,-0.4663636364,1.613239266,0.0071921826,-1.496442871,-0.8677155458,0.77301176,0,1
50,-19,3,0.423,1.268119375,0.02564500706,-3.128143072,-0.9403178277,0.76885984,0,1
50,-19,5,-0.181,1.40946946,0.005847609439,-1.358054164,-0.7671750093,0.75601001,0,0
50,-19,8,0.04,6.45,0.009200550287,-1.926157218,-0.3431635462,0.72720362,0,0
50,-18,0,-0.1233333333,1.545800969,0.01016676424,-1.708947787,-1.144259054,0.77375481,0,1
50,-18,1,-0.9346153846,1.200489545,0.005406830819,-1.138000201,-0.9769546637,0.77291663,0,1
50,-18,2,0.7058333333,1.226485925,0.0008898407131,0.2707170996,-0.5449091871,0.77041836,0,1
50,-18,3,-0.5,1.208463566,0.009272360592,1.963929674,-0.02644619624,0.76630786,0,0
50,-18,4,-2.109411765,1.538366081,0.01382230503,-2.369231416,0.3707333939,0.76066216,0,1
50,-18,5,0.6278947368,1.295144886,0.001153978117,0.4803050463,0.4994135321,0.75358346,0,1
50,-18,8,6.32,4.267718946,0.001444836599,0.6444192909,-0.4310925714,0.72504324,0,1
50,-17,0,-2.262307692,1.512378119,0.003239534586,1.001355306,0.5874348335,0.77075614,0,0
50,-17,1,-0.1390909091,1.169414012,0.0005093406797,0.4328069144,0.1568018258,0.76992766,0,1
50,-17,3,-1.789130435,1.175451407,0.04718964981,-3.929639626,-2.047180934,0.76339462,0,1
50,-17,4,-0.09894736842,1.295962727,0.01936265901,-0.9302225202,-2.681496472,0.75781259,0,1
50,-17,5,1.452352941,1.413686911,0.05083131512,-3.852022917,-2.511977988,0.75081242,0,1
50,-17,7,0.329,2.15583057,0.001450675445,-0.5121490088,-0.5841657667,0.73305370,0,1
50,-17,8,-1.12,4.843129154,0.0003186861146,-0.2981551397,0.2090245773,0.72257425,0,1
50,-16,0,-1.571428571,2.270572338,0.03894902116,-3.51791653,-1.956734114,0.76739943,0,1
50,-16,1,-1.051666667,1.111252109,0.01184137234,-1.673895859,-1.457606354,0.76658171,0,1
50,-16,2,-0.5254545455,1.151944726,0.003016568998,1.102772516,-0.197284552,0.76414417,0,1
50,-16,3,-0.9410526316,1.245859514,0.03163795709,3.411791301,1.233893694,0.76013277,0,1
50,-16,4,0.613,1.29931563,0.01203324472,0.4629430098,2.189076277,0.75462147,0,1
50,-16,7,1.138181818,1.829353993,0.0009575123941,-0.512595912,0.3682576068,0.73016408,0,1
50,-15,0,3.151818182,1.955372933,0.04281672298,3.75021238,1.936385851,0.76369922,0,1
50,-15,1,0.3416,1.268146506,0.008815696563,1.449468696,1.25170559,0.76289326,0,1
50,-15,2,0.450952381,1.210817924,0.01057867212,-2.049379943,-0.448603813,0.76049063,0,1
50,-15,3,-1.565789474,1.516493014,0.06097976544,-4.482735393,-2.296825912,0.75653619,0,1
50,-15,4,-0.5670588235,1.406223931,0.0357790082,-1.861047309,-3.379671583,0.75110220,0,1
50,-15,5,2.095555556,1.362582991,0.07100103003,-4.382956618,-3.213925028,0.74428469,0,1
50,-15,6,-0.438125,1.554238886,0.01917132853,-2.026365201,-1.967226283,0.73619897,0,1
50,-15,7,-0.506,1.749522506,0.0008467644693,0.5001036363,-0.3196693099,0.72697459,0,1
50,-15,8,4.1075,3.060105186,0.003995409769,0.8929668581,0.9299894655,0.71675010,0,1
50,-14,0,0.5872727273,1.603985996,0.03371699479,-3.187934537,-1.965924752,0.75967114,0,1
50,-14,1,0.01476190476,1.235579798,0.008215160339,-1.306678423,-1.307848537,0.75887786,0,1
50,-14,2,-1.782,1.241161553,0.01487621169,2.463359911,0.3478955056,0.75651284,0,1
50,-14,3,0.01894736842,1.593377724,0.06795460955,4.835797486,2.210709727,0.75261982,0,1
50,-14,4,-0.284375,1.370946297,0.03811568358,2.037663786,3.421368947,0.74726919,0,1
50,-14,7,0.541,1.772368472,0.001813742666,-0.04723869027,0.8673909469,0.72349755,0,1
50,-14,8,3.274,2.590804508,0.001724240332,-0.6810031598,-0.5035834063,0.71341704,0,1
50,-13,0,0.3366666667,1.748133348,0.0762387201,4.931916983,2.719362494,0.75533174,0,1
50,-13,1,-1.100666667,1.712023438,0.02473820048,2.526878418,1.976635987,0.75455196,0,1
50,-13,3,0.02117647059,1.358946391,0.06028194587,-4.639855462,-1.88460681,0.74839947,0,1
50,-13,4,0.5875,1.719992127,0.03053083481,-1.791487985,-3.081034185,0.74313772,0,1
50,-13,5,-0.48625,1.412561946,0.04529579566,-3.197807302,-2.935833322,0.73653290,0,1
50,-13,6,-0.8353333333,1.49447724,0.009230698572,-1.093593143,-1.6261734,0.72869457,0,1
50,-13,7,1.458,1.872813659,0.001970160288,0.8975657004,0.1185374626,0.71974601,0,1
50,-13,8,0.136,3.285051902,0.01014970506,1.466149623,1.439839998,0.70981937,0,1
50,-13,9,2.67,4.73,0.01102807943,1.170026365,1.794217238,0.69905095,0,1
50,-12,0,0.81,2.765438913,0.01623718464,-2.112255171,-1.51452217,0.75069833,0,1
50,-12,1,1.97,1.33383543,0.002147339836,-0.2890907326,-0.8998980653,0.74993280,0,1
50,-12,2,0.4023076923,1.524480705,0.0184440358,2.693891646,0.6453653829,0.74765018,0,1
50,-12,3,-0.6311764706,1.413559031,0.06040907651,4.412062097,2.380462489,0.74389171,0,1
50,-12,5,3.524285714,1.569534898,0.06896345452,4.022289763,3.537383889,0.73223496,0,1
50,-12,6,0.02538461538,1.787750562,0.0276319384,2.229676297,2.554343974,0.72453162,0,1
50,-12,7,2.784444444,1.976471479,0.003049548881,0.3331831644,1.07598258,0.71573372,0,1
50,-11,0,1.578333333,3.901050642,0.04138862498,3.292080028,2.52621043,0.74578878,0,1
50,-11,1,-0.5038461538,1.471340008,0.01808938438,1.957742365,1.921781093,0.74503816,0,1
50,-11,3,2.314285714,1.644848339,0.01585163609,-2.26347059,-1.213134229,0.73911365,0,1
50,-11,5,-1.212142857,1.515079139,0.02977564825,-2.859532151,-2.052092869,0.72767666,0,1
50,-11,6,1.220909091,1.767509805,0.004918432982,-1.031203242,-0.9914178093,0.72011481,0,0
50,-11,7,0.7157142857,2.928881517,0.002357614547,0.9042436947,0.4040013119,0.71147492,0,1
50,-11,8,3.646666667,3.381825608,0.01023406621,1.481062757,1.436762012,0.70188207,0,1
50,-11,9,1.88,5.57,0.0110764316,1.342254667,1.675304831,0.69146563,0,1
50,-10,0,-1.47,2.54969606,0.003580441232,-0.7373632713,-0.9725842077,0.74062138,0,1
50,-10,1,2.218888889,1.79448882,0.0007838062065,0.03584359776,-0.5699244524,0.73988624,0,1
50,-10,3,1.817,1.795811825,0.01681950528,2.115513117,1.58816723,0.73408284,0,1
50,-10,4,-0.445,1.946610872,0.01496547257,0.8730119878,2.337554266,0.72911534,0,1
50,-10,5,3.207,1.817686717,0.0391440012,3.258092175,2.381281368,0.72287429,0,1
50,-10,6,-0.295,2.585193416,0.02047484669,2.331793188,1.755334129,0.71545966,0,1
50,-10,8,2.805,3.776539421,9.265958369e-05,-0.1859766016,-0.06295442156,0.69756955,0,1
50,-9,0,-1.3875,2.491499298,0.009392736535,1.35052968,1.443561761,0.73521468,0,1
50,-9,1,2.214285714,2.177112392,0.004763957669,0.8606545601,1.114133945,0.73449550,0,1
50,-9,2,0.08125,3.156518447,0.0004126682027,0.2845861801,0.301163152,0.73235057,0,1
50,-9,3,-1.265555556,1.841909905,0.0007957194429,-0.08884683842,-0.568472802,0.72881706,0,0
50,-9,5,-0.4933333333,1.898839477,0.01263903276,-2.091651353,-0.9398940724,0.71784441,0,1
50,-9,6,0.96,1.922457737,0.005538709069,-1.481082948,-0.332784403,0.71058194,0,1
50,-8,0,1.9375,2.760617005,0.001353684357,-0.5676140408,-0.4909255492,0.72958730,0,1
50,-8,1,2.18,2.281882751,0.0004791468249,-0.2204458414,-0.3882657167,0.72888450,0,1
50,-8,4,0.515,2.996346386,0.004420996644,-1.289674109,0.4196119576,0.71858035,0,1
50,-8,5,-0.068,2.545244978,0.004430309505,1.267204356,0.487238332,0.71260374,0,1
50,-8,7,0.87,4.57,0.002091410736,0.9189010249,0.1604427126,0.69736738,0,1
50,-7,0,-5.275,2.75732887,0.0008138882728,0.5814534309,0.02293568476,0.72375784,0,1
50,-7,1,0.1033333333,2.340262924,0.0002765833941,0.3390746852,0.009974627178,0.72307173,0,1
50,-7,2,3.518,2.559666385,0.000259687188,-0.3285212367,-0.01074013246,0.72102505,0,1
50,-7,4,1.0875,3.524337704,0.005669365052,1.534331588,0.0673609824,0.71300877,0,1
50,-6,0,-3.47,2.573223902,6.09291378e-05,-0.1580407244,-0.0192974589,0.71774470,0,1
50,-6,1,-2.39,2.837920674,0.0005640767038,-0.4376524428,-0.2077056226,0.71707554,0,1
50,-6,3,2.46,4.65,0.00771795206,-1.35969675,-1.16715039,0.71178875,0,0
50,-6,4,5.425,3.741754268,0.01909026808,-2.425530963,-1.43499475,0.70725748,0,1
50,-6,5,3.755,4.167505249,0.008083679296,-1.247702918,-1.344028161,0.70155676,0,1
50,-5,0,-1.696666667,3.145402288,0.003361999115,-0.5166175665,-1.063884005,0.71156601,0,1
50,-5,1,2.8025,2.87053131,0.002346780787,-0.5584777041,-0.8151497054,0.71091396,0,1
50,-5,2,5.575,3.928017948,0.0005234301185,-0.4299524632,-0.181414877,0.70896852,0,1
50,-5,5,-0.16,5.61,0.007989118509,1.396176761,1.172400605,0.69578345,0,1
50,-4,0,4.395,4.371364204,0.003128255237,1.027642856,0.4954241386,0.70523948,0,1
50,-4,1,0.94,5.05,0.0004560531469,0.4224127975,0.1063299357,0.70460466,0,1
50,-3,1,2.54,5.76,0.006663251682,-1.305850841,-1.032940491,0.69816478,0,1
50,-3,2,1.25,5.37,9.592253902e-06,-0.04113232978,-0.04794726918,0.69632188,0,1
51,-25,0,0.3688888889,2.072846197,0.01116186125,-1.767714134,-1.232486588,0.76838214,0,0
51,-25,1,0.9076190476,1.230589428,0.008358582295,-1.473791902,-1.142577662,0.76756128,0,1
51,-25,2,-0.5809090909,1.560272746,0.003954487131,-0.8899692765,-0.9236878498,0.76511441,0,0
51,-25,3,-0.7476190476,1.281053811,0.00199117582,-0.5846471167,-0.6975718402,0.76108779,0,0
51,-25,4,-0.6305882353,1.49634763,0.001305863869,-0.4498269151,-0.5839125501,0.75555585,0,1
51,-25,6,3.501818182,2.557709493,0.004324046556,-1.085347281,-0.7880477034,0.74039127,0,1
51,-25,8,-1.49,5.94,0.004622733348,-0.9689566139,-0.9921633574,0.72061712,0,1
51,-24,0,0.85,1.638597597,0.01673961807,1.471832406,2.190466525,0.76798860,0,1
51,-24,2,-0.1908695652,1.343309422,0.002340334231,0.2013189924,0.9659994792,0.76472587,0,1
51,-24,3,0.05277777778,1.353618379,0.0001615419782,-0.241098785,-0.09528959285,0.76070535,0,1
51,-24,4,-1.555,1.326790893,0.004501194335,-1.020496612,-0.911748877,0.75518168,0,1
51,-24,5,-0.173125,1.427404359,0.005433028127,-0.9292767182,-1.181875167,0.74825350,0,1
51,-24,6,-0.685,1.931855901,0.001735696323,-0.06834396476,-0.8470282527,0.74003918,0,1
51,-23,0,-1.603333333,1.592541208,0.08086498206,-4.287921466,-3.90604661,0.76720334,0,1
51,-23,1,0.07166666667,1.452969969,0.05532861072,-3.357885262,-3.426922502,0.76638625,0,1
51,-23,2,0.6404761905,1.241292301,0.01908123313,-1.741284168,-2.215080333,0.76395057,0,1
51,-23,3,-1.823684211,1.32375128,0.002904825486,-0.7195471193,-0.8311377937,0.75994219,0,1
51,-23,4,0.3194444444,1.319738096,0.001233606554,0.7073725726,0.1134013652,0.75443501,0,1
51,-23,7,0.1483333333,2.466091149,0.0143407874,-2.026687884,-1.363432786,0.72999516,0,1
51,-23,8,3.905,4.560375533,0.01817568403,-1.624734694,-2.218589517,0.71964450,0,1
51,-22,0,3.468333333,1.746572329,0.1225826578,4.877844486,5.215988282,0.76602994,0,1
51,-22,1,-1.00952381,1.224662386,0.08831634092,3.995478675,4.558477958,0.76521660,0,1
51,-22,2,0.26125,1.482401056,0.03550119353,2.557771259,2.868431606,0.76279201,0,1
51,-22,3,-1.707894737,1.390463043,0.005905434814,1.309570875,0.8613655957,0.75880175,0,1
51,-22,4,-0.08941176471,1.720607893,0.004595025804,-1.223339704,-0.6443426341,0.75331915,0,1
51,-22,5,-0.5906666667,1.463590107,0.008603138822,-1.543922631,-1.093432993,0.74644164,0,1
51,-22,7,4.471666667,2.711080248,0.00997799235,1.797636504,0.9590603339,0.72898413,0,1
51,-22,8,0.485,4.140184175,0.02191715582,1.86110107,2.377987736,0.71867581,0,1
51,-21,0,-3.005555556,2.080572244,0.1455252466,-5.817155993,-5.167760236,0.76447376,0,1
51,-21,1,-1.076086957,1.206032725,0.1083698089,-4.999962223,-4.481862758,0.76366535,0,1
51,-21,2,-2.282105263,1.475176385,0.04158203155,-3.126751863,-2.7428851,0.76125544,0,1
51,-21,3,-0.4717647059,1.422430148,0.005135674795,-1.257312697,-0.7455444644,0.75728912,0,1
51,-21,4,0.05764705882,1.663070232,0.01163503901,2.106129882,0.6363305777,0.75183901,0,1
51,-21,5,1.87625,1.477357888,0.0151283803,2.353056498,0.870179256,0.74500159,0,0
51,-21,6,-0.1727272727,1.829390406,0.0002957242879,-0.3506757193,-0.0078197285,0.73689275,0,1
51,-21,7,-2.133333333,2.480014561,0.01584176267,-2.111177034,-1.460759227,0.72764259,0,1
51,-20,0,0.4525,2.024790884,0.2448390908,7.567595609,6.677991741,0.76254180,0,1
51,-20,1,-0.08434782609,1.204399779,0.2001708216,6.93411237,5.932803132,0.76173951,0,1
51,-20,2,1.177,1.275377297,0.09946780494,5.023814991,4.018005077,0.75934772,0,1
51,-20,3,-0.7027777778,1.326875798,0.02648699516,2.823883607,1.745125496,0.75541099,0,0
51,-20,4,2.149333333,1.529857655,0.00377886355,-1.253237445,0.03966299571,0.75000104,0,1
51,-20,5,1.402857143,1.552298986,0.01044086401,-2.029321529,-0.4751034543,0.74321320,0,1
51,-20,7,-1.31,2.361411419,0.02232687423,2.468469737,1.787635676,0.72597604,0,1
51,-20,8,1.34,7.19,0.04725691596,2.925390832,3.332130187,0.71579304,0,1
51,-19,0,-1.57,1.885127628,0.1723848152,-6.874150597,-4.946300861,0.76024268,0,1
51,-19,1,-0.08428571429,1.232316735,0.1290423731,-5.930226971,-4.303468466,0.75944761,0,1
51,-19,3,0.4685714286,2.090221834,0.009882299959,-1.86107503,-0.8049106258,0.75317558,0,1
51,-19,4,1.861764706,1.406746596,0.01430369122,2.39071027,0.4852663893,0.74781317,0,1
51,-19,5,1.296923077,2.316641409,0.02294926753,3.009972045,0.6985671463,0.74108403,0,1
51,-19,6,0.234,1.88520662,0.0001440584614,0.2088638183,-0.1277133763,0.73310107,0,1
51,-19,7,-2.98,2.620218312,0.01228688692,-1.703554774,-1.486539226,0.72399121,0,1
51,-18,0,-1.225,2.182080429,0.2760357571,8.887553078,5.987878919,0.75758647,0,1
51,-18,1,0.8505263158,1.281980376,0.2107865343,7.646547892,5.406198921,0.75679969,0,1
51,-18,2,-1.488823529,1.371109848,0.1090856749,5.487191362,3.908360198,0.75445400,0,1
51,-18,3,1.394,1.623263262,0.03722799956,3.315171806,2.120886274,0.75059251,0,1
51,-18,4,1.189333333,1.441518644,0.002900358708,-0.7918385419,0.7613615645,0.74528469,0,1
51,-18,6,1.564,1.910483476,0.004238133631,1.019427582,0.8508946272,0.73071844,0,1
51,-18,7,-1.0725,2.857954907,0.02119113484,2.19661768,1.997832887,0.72169603,0,1
51,-18,8,11.48,6.87,0.03461314325,2.081230981,3.173184902,0.71168961,0,1
51,-17,0,0.1242857143,2.297625956,0.1079751017,-5.67195289,-3.570917316,0.75458463,0,1
51,-17,1,0.481,1.337512794,0.09485804793,-5.410623888,-3.192235063,0.75380716,0,1
51,-17,3,0.633125,1.414550503,0.01814674318,-2.49633064,-1.148126698,0.74767272,0,1
51,-17,5,-0.21625,1.731945408,0.004634495532,1.353222123,-0.311365589,0.73584014,0,1
51,-17,7,-0.934,2.779288398,0.01004133443,-1.308564629,-1.570129132,0.71909951,0,1
51,-16,0,-0.4257142857,2.159976694,0.08897466038,4.990563908,3.480191594,0.75124984,0,1
51,-16,5,0.2361538462,1.928624639,0.002237226922,0.1007258822,0.9595005721,0.73274674,0,0
51,-16,6,0.743,1.843919738,0.008519921131,1.530012749,1.097146976,0.72502741,0,1
51,-16,7,-1.552,2.753814809,0.009609598695,1.301219585,1.518174226,0.71621165,0,1
51,-15,0,1.9,2.414906091,0.01822498724,-2.295834537,-1.520381006,0.74759588,0,1
51,-15,2,0.3892307692,1.673892846,0.03416315664,-3.449367721,-1.521601943,0.74458522,0,1
51,-15,4,-0.6484615385,1.548762247,0.007696589094,-0.8018903497,-1.599718474,0.73576689,0,1
51,-15,5,-1.251666667,1.881081182,0.009446597996,-1.090067896,-1.655886997,0.72935497,0,1
51,-15,6,3.286666667,2.08105772,0.01937088004,-2.296365724,-1.669090185,0.72174123,0,1
51,-15,7,0.474,2.850709736,0.01264881275,-1.649591855,-1.594152402,0.71304337,0,1
51,-14,0,-1.696,2.305348564,0.0008638495499,-0.5428154549,0.2544634726,0.74363746,0,1
51,-14,1,0.2538461538,1.516209849,0.001198341752,0.581163537,0.4010149936,0.74289331,0,1
51,-14,2,1.788,1.793312577,0.01657954979,2.513188666,0.7627065922,0.74067418,0,1
51,-14,3,0.1516666667,1.631270381,0.02806676787,3.218163112,1.149114586,0.73701943,0,1
51,-14,5,-1.66,1.838752047,0.006587207708,1.024895903,1.300062748,0.72567789,0,1
51,-14,6,1.785,2.412506189,0.0101391398,1.79123947,1.004887791,0.71817755,0,1
51,-14,7,3.1875,3.03969468,0.002592474893,0.8280955978,0.6267725829,0.70960637,0,1
51,-13,0,2.453333333,4.428770835,0.00681948514,1.529089118,0.706469456,0.73939009,0,1
51,-13,3,0.4290909091,1.688391821,0.02871625307,-3.072178915,-1.583972829,0.73288382,0,1
51,-13,4,2.801666667,1.633544842,0.02506150582,-2.197795582,-2.36567295,0.72794046,0,1
51,-13,5,-2.105,1.70330031,0.03981954676,-3.155863788,-2.57045651,0.72172927,0,1
51,-13,6,-0.4242857143,2.136848719,0.04102520195,-3.527787163,-2.15012731,0.71434946,0,1
51,-13,7,2.4025,2.989427203,0.01104780685,-1.694355136,-1.313600152,0.70591302,0,1
51,-12,0,-1.22,3.410938287,0.04198999139,-3.418917001,-2.404315302,0.73486991,0,1
51,-12,1,4.032857143,2.039815251,0.02295457434,-2.383483565,-1.967013406,0.73415175,0,1
51,-12,2,1.045555556,1.755695494,0.002682506322,-0.6094918026,-0.8628806739,0.73200982,0,1
51,-12,3,-2.16,2.242472328,0.002798536195,1.005420278,0.3917231498,0.72848122,0,1
51,-12,4,2.02,2.101376128,0.005719693948,0.9259478457,1.233803305,0.72362582,0,1
51,-12,5,3.607777778,1.955561237,0.01538863818,2.153541372,1.328392024,0.71752350,0,1
51,-12,6,0.1542857143,2.170660578,0.0113565266,2.053599443,0.7124291685,0.71027067,0,1
51,-11,1,-2.475,2.158037946,0.02325992304,2.332418986,2.05839649,0.72938928,0,1
51,-11,2,-2.381428571,2.015410021,0.00172751503,0.5393477197,0.654085629,0.72728865,0,1
51,-11,3,1.195,2.236487201,0.00606009669,-1.234770448,-0.9983059674,0.72382756,0,1
51,-11,4,-1.878333333,2.330451792,0.01929225741,-1.776664057,-2.206787679,0.71906401,0,1
51,-11,5,-1.946666667,2.259908061,0.04765690422,-3.679663295,-2.507487638,0.71307543,0,1
51,-11,6,3.923333333,3.54569943,0.03760306431,-3.493330647,-1.855049188,0.70595532,0,1
51,-10,0,-6.425,3.88020618,0.06749986755,-3.831913864,-3.660521524,0.72507796,0,1
51,-10,1,1.882,4.531790375,0.046557886,-3.106289988,-3.117873908,0.72438810,0,1
51,-10,2,-1.14,2.945241926,0.01912856298,-2.216874642,-1.744651715,0.72233025,0,1
51,-10,3,-2.26,5.138535784,0.002366663846,-0.9767337698,-0.1750136508,0.71893915,0,1
51,-9,0,0.78,3.665023874,0.07451713355,4.152188965,3.709690937,0.71984031,0,1
51,-9,1,3.725,2.252077436,0.04891802409,3.22185799,3.157804603,0.71916527,0,1
51,-9,2,3.013333333,5.422869269,0.01580477338,1.879911554,1.743969417,0.71715150,0,1
51,-9,3,0.805,4.148822122,0.0008005538146,0.5717109735,0.0788223709,0.71383247,0,1
51,-9,4,-1.9,4.440205513,0.003161252552,-0.07301286941,-1.14450531,0.70926232,0,1
51,-8,0,1.345,3.622775179,0.06112716904,-3.690860855,-3.436451448,0.71439781,0,1
51,-8,1,-1.408333333,2.43333984,0.04234754233,-2.950505098,-2.985465202,0.71373796,0,1
51,-8,2,5.75,4.302679398,0.01476294854,-1.65409307,-1.845542437,0.71176931,0,1
51,-7,0,0.64,3.512082715,0.06877700153,3.844907994,3.719006507,0.70876762,0,0
51,-6,1,-0.32,4.643988946,0.02002493699,-2.041121754,-2.040856851,0.70233800,0,1
51,-5,0,4.87,5.38,0.03340313246,2.583730418,2.68729288,0.69701178,0,1
51,-5,1,14.29,6.45,0.03024756085,2.450513933,2.56502,0.69639890,0,1
52,-26,0,8.495,4.747603782,0.09604334173,5.413867254,3.26318747,0.75365385,0,1
52,-26,1,1.6875,2.089547648,0.09851024292,5.744627599,2.825587856,0.75287925,0,1
52,-26,2,0.5855555556,1.956854682,0.02532042207,2.733581632,1.749847478,0.75056971,0,0
52,-26,3,0.69625,2.047061537,0.01401495134,-2.336294904,0.6103903738,0.74676725,0,1
52,-26,4,1.428888889,1.968103681,1.328881474e-05,-0.07387390346,-0.008449329985,0.74153961,0,0
52,-26,5,-2.44,2.369807189,0.0009023006496,-0.589973662,0.1653140723,0.73497694,0,1
52,-26,6,-2.445,3.449701678,0.003893000766,0.8348702193,0.9605494155,0.72718765,0,1
52,-26,7,6.395,4.454974747,0.01943836202,2.126842387,1.887796225,0.71829382,0,1
52,-25,0,1.295555556,1.938823622,0.07140239018,-4.556364019,-2.991012137,0.75346810,0,1
52,-25,1,-0.8347368421,1.328694296,0.07365090219,-4.976437029,-2.424286147,0.75269408,0,1
52,-25,2,1.753529412,1.464994213,0.01145736682,-1.939171928,-1.003191055,0.75038623,0,1
52,-25,3,1.520625,1.50532706,0.03067619231,3.524636826,0.5827618326,0.74658655,0,1
52,-25,4,-0.2693333333,1.47225813,0.01440980828,1.858904204,1.593613409,0.74136268,0,0
52,-25,5,2.915,1.696936578,0.022940212,2.635997915,1.611109944,0.73480466,0,1
52,-25,6,-1.19625,2.081249249,0.003256013144,0.9114441436,0.7238214749,0.72702079,0,1
52,-25,7,-1.505,3.19867453,0.002150415505,-0.7620620036,-0.560295546,0.71813301,0,1
52,-24,0,1.427777778,2.726521378,0.06974569833,4.648872626,2.721273901,0.75291170,0,1
52,-24,1,-0.0885,1.292043053,0.07667586397,5.137164611,2.34737061,0.75213938,0,1
52,-24,2,0.12,1.662246263,0.02090535438,2.579378289,1.429816626,0.74983662,0,0
52,-24,3,2.048235294,1.547197475,0.01259018919,-2.241441649,0.4626277837,0.74604524,0,1
52,-24,4,-0.3575,1.469225455,0.0002588025375,-0.3237259439,-0.05361914085,0.74083265,0,1
52,-24,5,-0.347,1.989519791,0.002993041627,-1.110431462,0.1103718337,0.73428856,0,1
52,-24,6,-1.1,2.203386243,0.002411811949,0.6006174122,0.8016738748,0.72652091,0,1
52,-24,7,1.105,3.084403305,0.01621943627,2.049848371,1.595661883,0.71765122,0,1
52,-23,0,-1.25375,3.003805288,0.0681051387,-4.554310387,-2.755550511,0.75198708,0,1
52,-23,2,0.1611764706,1.389077262,0.01715986288,-2.393795085,-1.187021508,0.74892328,0,1
52,-23,3,-0.4105882353,1.414900072,0.01572439674,2.556530466,0.07879374702,0.74514567,0,1
52,-23,4,-0.411875,1.447987693,0.00663942657,1.39029706,0.9106998644,0.73995177,0,1
52,-23,5,1.208181818,1.737458246,0.01857847915,2.604080122,0.9737812292,0.73343079,0,0
52,-23,6,-1.1,2.11047388,0.001343532094,0.6749061296,0.3216698808,0.72569005,0,1
52,-23,7,0.06,3.437044919,0.005013797057,-1.282742691,-0.6637291114,0.71685039,0,0
52,-22,0,3.326666667,1.922597266,0.02388709788,2.851089492,1.345137946,0.75069833,0,1
52,-22,2,1.828888889,1.591184023,0.009483393618,1.874180986,0.6580000244,0.74765018,0,1
52,-22,3,-0.498125,1.660776982,0.0113062709,-2.162946148,0.1599416061,0.74389171,0,1
52,-22,4,3.333333333,1.717974017,0.001268416444,-0.722318488,-0.07729364826,0.73872381,0,1
52,-22,5,1.515,1.982926938,0.007287095426,-1.740203945,0.05873474097,0.73223496,0,1
52,-22,6,1.84,2.33723105,0.0007265934768,0.2950324134,0.4639519916,0.72453162,0,1
52,-22,7,0.995,4.263906659,0.008940658686,1.711135249,0.8897934649,0.71573372,0,1
52,-21,0,0.339,1.78680413,0.04734332137,-3.903677868,-2.111457019,0.74905106,0,1
52,-21,1,3.098571429,1.558837872,0.05758571628,-4.520980352,-1.875895888,0.74829055,0,1
52,-21,3,0.15,1.440860745,0.006320959431,1.518098223,-0.5702466879,0.74228874,0,1
52,-21,4,1.180833333,1.63501975,0.0005533497978,0.4761465747,-0.05918488229,0.73715395,0,1
52,-21,5,2.52,1.776465522,0.009490246304,1.985837163,0.06942756135,0.73070602,0,1
52,-21,6,1.22,2.433767655,8.59913246e-05,-0.002444554984,-0.1891303357,0.72305033,0,1
52,-21,7,7.965,4.699372299,0.007511226945,-1.636307867,-0.668958071,0.71430563,0,1
52,-20,0,3.42125,1.972122508,0.003200964728,1.120052829,-0.2778974561,0.74705237,0,1
52,-20,1,1.446923077,1.726777933,0.006392907959,1.612715936,-0.2426615648,0.74629793,0,1
52,-20,3,1.4225,1.44487759,0.009236727671,-1.960324466,-0.004717757313,0.74034356,0,1
52,-20,6,3.75,2.52155816,0.0003199884896,0.273197849,0.2418523167,0.72125215,0,1
52,-19,0,-1.16,1.906849086,0.02093022933,-2.797191037,-0.9400209299,0.74471079,0,1
52,-19,1,1.144285714,1.511057881,0.02179994524,-2.857900137,-0.9498235605,0.74396341,0,1
52,-19,3,-0.1671428571,1.471863493,0.002917078177,0.6108144137,-0.9168105103,0.73806431,0,1
52,-19,5,-1.749,1.839824992,0.002988190926,0.9278828109,-0.6182680258,0.72667521,0,1
52,-19,6,2.72,3.166007701,0.001430588875,-0.6283022686,-0.44768917,0.71914422,0,1
52,-19,7,5.785,4.45174404,0.004350589646,-1.295019305,-0.3646450641,0.71053880,0,0
52,-18,0,-1.812857143,2.244041544,0.00938711813,-1.184911525,-1.581596707,0.74203614,0,1
52,-18,1,2.689,2.532160013,0.004346507557,-0.2941785542,-1.312174405,0.74129677,0,1
52,-18,2,-0.48,1.792442314,0.001119764571,-0.2587406624,-0.6316056594,0.73909188,0,1
52,-18,3,-0.11,1.575276626,0.00215406197,-0.9359441619,0.1421098709,0.73546038,0,1
52,-18,4,2.877692308,2.07930744,0.003264936929,0.9601425212,0.6606716199,0.73046505,0,1
52,-18,5,0.6788888889,1.976861211,0.002761277007,-0.7987098404,0.7147573395,0.72418957,0,1
52,-18,6,2.252,2.638467737,0.000539022133,0.3443554528,0.3250796515,0.71673481,0,1
52,-18,7,15.21,7.74,0.0008748606951,0.5310332819,-0.2863303376,0.70821458,0,1
52,-17,0,-0.3616666667,3.326506092,0.002218553436,0.7643988767,0.5819900328,0.73903942,0,1
52,-17,2,0.09583333333,1.589252095,0.002589884716,-1.02005579,-0.1923401804,0.73613056,0,1
52,-17,3,2.308333333,1.879668263,0.001755628726,-0.4151724326,-0.7470290396,0.73254232,0,0
52,-17,4,0.1215384615,1.59510061,0.0079458253,-1.521743195,-0.99504696,0.72760582,0,1
52,-17,5,1.911111111,2.041018869,0.002590861862,0.6563108942,-0.8044694565,0.72140312,0,1
52,-17,6,1.542,3.565057363,0.0005451053122,-0.3761263926,-0.2920912027,0.71403321,0,1
52,-16,0,-1.105,2.570030399,0.03935727627,-3.324706341,-2.306669752,0.73573274,0,1
52,-16,1,-0.596,1.719494693,0.01716445584,-1.913036457,-1.865871744,0.73501204,0,1
52,-16,2,1.822,1.907238143,0.001396635096,0.07273330402,-0.7587970086,0.73286260,0,0
52,-16,3,1.3225,1.637085189,0.002428883323,0.8823813027,0.4815890089,0.72932171,0,1
52,-16,4,-0.6815384615,1.562458962,0.01343873179,1.987781738,1.280562684,0.72444960,0,0
52,-16,5,-0.5088888889,1.915434386,0.004332466849,-0.3008469947,1.308431202,0.71832659,0,1
52,-16,6,2.358,3.124367776,0.00198474561,0.6587364938,0.6259470411,0.71104962,0,1
52,-16,7,1.51,6.09,0.0008828603117,0.4731974837,-0.3786736729,0.70272820,0,1
52,-15,0,-0.73,2.51062188,0.03978810035,3.562726784,1.964845453,0.73212913,0,1
52,-15,1,2.981666667,2.269626744,0.01528700108,1.944276521,1.606197067,0.73141896,0,1
52,-15,2,0.02666666667,2.460943812,0.001691485674,-0.421306201,0.7254207225,0.72930079,0,1
52,-15,3,-1.654,1.889250998,0.003657495619,-1.216535529,-0.2042646168,0.72581104,0,1
52,-15,4,-0.6345454545,1.660014438,0.006027447609,-1.420140131,-0.7006364151,0.72100848,0,1
52,-15,5,-2.342,1.810807279,0.005121810622,1.357112543,-0.5377259443,0.71497159,0,1
52,-15,6,1.075,2.989503512,0.0005512710716,0.4562216816,0.1456548814,0.70779510,0,1
52,-14,0,1.06,4.64,0.05494883038,-4.060822591,-2.524065261,0.72824244,0,1
52,-14,1,2.0125,2.430435918,0.02346075106,-2.386249898,-2.016566229,0.72754351,0,1
52,-14,2,2.18625,1.868403396,0.001325032549,0.007792172185,-0.7424368224,0.72545874,0,1
52,-14,3,1.5725,2.038963979,0.006369495279,1.477251978,0.6839029105,0.72202359,0,1
52,-14,4,-2.48875,2.141878713,0.02174729334,2.546636235,1.600779909,0.71729534,0,1
52,-14,5,2.8675,2.046627561,0.006645549272,0.3289674255,1.629916535,0.71135047,0,1
52,-14,6,0.4675,3.021261809,0.00405880177,0.9890349527,0.8428843352,0.70428139,0,1
52,-14,7,6.25,6.27,0.0007633566204,0.4685013477,-0.3132047004,0.69619266,0,1
52,-13,0,4.765,4.215,0.04549313084,3.442457489,2.660202169,0.72408719,0,1
52,-13,1,2.646666667,3.018192984,0.02676322455,2.432576116,2.284136362,0.72340015,0,1
52,-13,2,-0.768,2.424509847,0.007136119632,1.062983176,1.35610235,0.72135069,0,1
52,-13,3,-1.25125,2.214815727,0.0003509667382,0.120657222,0.3625738376,0.71797330,0,1
52,-13,5,3.045,4.523439878,0.004019421359,1.290522374,-0.08253556493,0.70747620,0,1
52,-13,6,2.78,5.22,0.001872792856,0.6688821117,0.5759885459,0.70052088,0,1
52,-12,0,-1.265,3.92241316,0.0397058838,-3.255991622,-2.432684231,0.71967846,0,1
52,-12,1,-2.125,3.75841722,0.0217872794,-2.27283874,-1.974510698,0.71900388,0,1
52,-12,2,-3.015,4.16376132,0.003003658241,-0.7581295014,-0.8215209192,0.71699145,0,1
52,-12,4,1.013333333,3.187379627,0.01323265323,1.934272934,1.328144304,0.70910749,0,0
52,-12,5,3.185,3.426258893,0.006034616115,0.7677483989,1.386085926,0.70336228,0,1
52,-12,6,1.28,5.64,0.00536569461,1.317043184,0.7055264759,0.69652641,0,1
52,-11,0,-2.02,5.12,0.02700457178,2.337189755,2.402636226,0.71503171,0,0
52,-11,1,-2.055,3.701840758,0.0187287748,1.814903144,2.120881772,0.71437009,0,1
52,-11,2,2.7,3.287692538,0.01151273852,1.661100246,1.424978298,0.71239622,0,1
52,-11,3,1.275,3.952685796,0.0064681035,1.493965794,0.6775605207,0.70914249,0,1
52,-11,4,2.65,5.66,0.0007467868986,0.4982982548,0.2497915063,0.70466125,0,1
52,-10,0,8.19,7.56,0.03312865135,-3.033172939,-2.140764191,0.71016268,0,1
52,-10,2,5.585,4.126224061,0.005771693541,-1.15604083,-1.031917525,0.70758048,0,1
52,-9,0,-0.025,3.481267729,0.01325849134,1.902094383,1.377739399,0.70508728,0,1
52,-9,1,2.5,5.85,0.008008311706,1.314367538,1.266592253,0.70445286,0,1
52,-9,2,2.4,5.38,0.004083865574,0.842183206,0.9948865551,0.70255985,0,1
52,-8,0,-1.18,5.91,0.02249764893,-2.596477627,-1.618127945,0.69982143,0,1
52,-8,1,1.62,6.43,0.01534804636,-2.035284959,-1.49769587,0.69920111,0,0
52,-7,0,1.79,6.08,0.002215016351,0.9551877827,0.09572227802,0.69438099,0,1
53,-26,0,-1.31875,1.953338488,0.001846692936,0.3874263457,0.786262151,0.73939009,0,1
53,-26,1,1.54,1.425375362,0.001025676318,0.3142009329,0.5727174408,0.73865861,0,1
53,-26,2,-0.6115384615,1.642660204,6.771805421e-05,-0.1659880215,0.02493459192,0.73647710,0,1
53,-26,3,1.535,1.6586771,0.002950346355,-0.9172420506,-0.6214047305,0.73288382,0,1
53,-26,4,0.3575,1.897933086,0.006293316361,-1.190883799,-1.095490081,0.72794046,0,0
53,-26,5,2.53625,2.162476517,0.006223418518,-1.058596825,-1.211855955,0.72172927,0,1
53,-26,6,1.75,2.591749195,0.003698304975,-0.8013699639,-0.9468196425,0.71434946,0,1
53,-25,0,0.5675,2.068144927,0.01072349855,-0.9628356744,-1.880001411,0.73903942,0,1
53,-25,2,0.51,1.904904889,0.003950894045,-0.5405361463,-1.162570577,0.73613056,0,1
53,-25,3,0.782,1.861409144,0.0008204439569,-0.001909792874,-0.5842413458,0.73254232,0,1
53,-25,4,4.14,2.522784743,0.0006167384698,-0.464432245,-0.2022217595,0.72760582,0,1
53,-25,5,3.498571429,2.289731737,0.002530870822,-1.013070669,-0.1632297254,0.72140312,0,0
53,-25,6,2.236666667,2.620304266,0.002604536352,-0.9456215252,-0.4352059634,0.71403321,0,1
53,-25,7,1.37,6,0.004458605657,-1.07199043,-0.8401291939,0.70560783,0,1
53,-24,1,1.133076923,1.94267737,0.0344448378,2.30379357,3.003853752,0.73761120,0,1
53,-24,3,0.5258333333,1.613591147,0.004126599644,-1.280558504,-0.2775266165,0.73186075,0,1
53,-24,4,0.9844444444,1.967853377,0.01230588879,-1.658889145,-1.538795041,0.72693792,0,1
53,-24,5,0.3433333333,2.493507124,0.01051012662,-1.049311752,-1.808764873,0.72075215,0,1
53,-24,6,-1.266666667,2.415455444,0.003850865969,-0.6735875384,-1.071640481,0.71340196,0,1
53,-24,7,2.12,6.35,0.0006187927795,0.4420035234,0.2491556157,0.70499865,0,1
53,-23,0,1.371428571,2.277853447,0.04216969608,-2.177080443,-3.57838113,0.73729352,0,1
53,-23,1,2.222,1.524164908,0.03428817245,-2.205684345,-3.066003738,0.73656823,0,1
53,-23,2,-0.1216666667,2.510154177,0.01108719299,-1.216265984,-1.770160486,0.73440514,0,1
53,-23,3,-0.6041666667,1.658897098,0.001706745618,0.7908254255,-0.2909950328,0.73084196,0,0
53,-23,4,-0.095,1.976824193,0.002937548298,0.8424796981,0.7158073827,0.72593952,0,1
53,-23,5,-0.7842857143,2.879794021,0.001775270533,-0.05149559263,0.8578698121,0.71977898,0,1
53,-23,6,-2.7,2.535023471,0.0003028012261,-0.3090719259,0.1745092477,0.71245823,0,1
53,-22,0,2.68,3.971940332,0.1474756971,5.564123404,5.513352482,0.73590567,0,1
53,-22,1,1.686875,1.432860448,0.1157500013,5.098075182,4.708167109,0.73518447,0,1
53,-22,3,0.07909090909,2.045795891,0.002764228398,-1.037997579,0.2694520397,0.72949016,0,1
53,-22,4,-1.882727273,1.733382019,0.01520371173,-2.068056998,-1.431282062,0.72461469,0,1
53,-22,5,3.1575,2.074325191,0.01370043967,-1.575287201,-1.79400934,0.71848754,0,1
53,-22,6,4.2375,3.097323441,0.004078300311,-1.020928845,-0.808987456,0.71120572,0,1
53,-22,7,6.7,4.638027598,0.004068573215,0.8983088078,0.9411433402,0.70287888,0,1
53,-21,0,4.72,5.06490375,0.07771736798,-4.070530159,-3.970479288,0.73418183,0,1
53,-21,1,-0.5192857143,1.534162339,0.05882221822,-3.628608236,-3.362423446,0.73346568,0,1
53,-21,3,-0.3811111111,1.931020967,0.003517755983,1.20781569,-0.06874598,0.72781091,0,0
53,-21,4,-2.611818182,2.829358365,0.0101407177,1.718310787,1.125345647,0.72296881,0,1
53,-21,5,2.11125,2.108266839,0.006707921476,1.062000917,1.289554641,0.71688296,0,1
53,-21,6,-1.77,3.58955429,0.002102342361,0.8099790331,0.4675499669,0.70964934,0,1
53,-20,0,3.265,2.43707019,0.2183839221,7.602316896,5.749983862,0.73212913,0,0
53,-20,1,1.766,1.739211316,0.1636126865,6.583751887,4.972368605,0.73141896,0,1
53,-20,2,-2.650833333,1.622679754,0.05413105075,3.684854314,2.99045166,0.72930079,0,1
53,-20,3,0.461,1.765256072,0.001606866522,-0.4466097141,0.6848857778,0.72581104,0,1
53,-20,4,-1.76,1.66419233,0.01014054051,-1.815723194,-0.9602449445,0.72100848,0,1
53,-20,5,4.977142857,3.485039943,0.01122473319,-1.712924259,-1.31752969,0.71497159,0,1
53,-19,0,-0.7575,2.699020656,0.06744088777,-4.242357751,-3.171883378,0.72975593,0,1
53,-19,1,0.2733333333,1.74206313,0.05467246712,-3.92929294,-2.703120976,0.72905264,0,0
53,-19,2,-0.125,2.052028341,0.01655233607,-2.139528593,-1.519517649,0.72695491,0,1
53,-19,3,-0.798,1.780713902,0.00148446701,0.76632923,-0.1741969369,0.72349856,0,1
53,-19,4,-0.1,1.824921368,0.00496414335,1.237488798,0.7307040734,0.71874146,0,1
53,-19,5,0.095,2.115912554,0.004560028585,1.092417577,0.8389284131,0.71276087,0,1
53,-19,6,5.805,8.535,0.003531679383,1.19653001,0.1940449596,0.70565008,0,1
53,-19,7,2.43,6.48,0.001992193109,-0.40053261,-0.8175668716,0.69751464,0,1
53,-18,0,2.955,3.412099793,0.1104729984,5.31402862,4.209850033,0.72707177,0,1
53,-18,1,-2.6225,1.880403879,0.09764003701,5.20549295,3.677701908,0.72637620,0,1
53,-18,2,-1.11375,2.643378478,0.04441420405,3.618607121,2.320342552,0.72430141,0,1
53,-18,3,1.247,1.762809405,0.001704633512,0.4052867893,0.7382051545,0.72088260,0,1
53,-18,4,-0.657,1.865372796,0.001682918824,-0.736827,-0.3965550613,0.71617658,0,1
53,-18,5,2.564285714,2.224990255,0.003563648926,-1.027414775,-0.6534961063,0.71025926,0,1
53,-18,7,0.41,6.2,0.003635246769,0.5400201846,1.104900178,0.69516964,0,1
53,-17,0,-0.04,3.383230705,0.01177545946,-1.571179202,-1.559011489,0.72408719,0,1
53,-17,1,3.312,2.430324258,0.01275149396,-1.827853192,-1.401480602,0.72340015,0,1
53,-17,2,0.5785714286,2.36302009,0.01176762329,-1.969600991,-1.008232435,0.72135069,0,1
53,-17,3,-2.855,2.164282919,0.002014698734,-0.7134831965,-0.5737133795,0.71797330,0,1
53,-17,4,-3.136,1.830189608,0.000733277906,-0.4624046102,-0.3020903429,0.71332366,0,0
53,-17,5,-0.01,2.457396997,0.0003711495745,-0.2530334771,-0.3006476015,0.70747620,0,1
53,-17,6,3.59,7.99,0.0006801426776,0.0310835911,-0.5310402655,0.70052088,0,1
53,-16,1,0.965,2.589825042,0.008772185474,1.308002228,1.392391463,0.72013595,0,1
53,-16,2,-0.8166666667,3.73682545,0.01198651796,2.013892464,0.9649704046,0.71811403,0,1
53,-16,3,1.25875,1.936566711,0.003771513583,1.165317201,0.4595162126,0.71478169,0,1
53,-16,4,0.4116666667,3.374207479,0.001054825767,0.6570520123,0.08448448658,0.71019339,0,1
53,-16,5,1.27,2.989260987,1.506344074e-06,-0.01451549575,-0.02039625671,0.70442195,0,1
53,-15,2,-0.83,4.143142929,0.001155308003,-0.6083583677,-0.3325059437,0.71460354,0,1
53,-15,3,0.83625,2.029108872,0.007787290918,-1.523127127,-0.9591387409,0.71131961,0,1
53,-15,5,0.39,3.232839309,0.01942895741,-2.390420129,-1.539224477,0.70110755,0,1
53,-14,1,1.375,4.060397148,0.01011244649,-1.831471223,-0.9235506774,0.71279289,0,1
53,-14,2,-0.81,5.56,0.00142952088,-0.6230206067,-0.4545220823,0.71083203,0,1
53,-14,3,0.305,4.087606268,0.0002148563412,0.2890984283,0.07623649372,0.70759958,0,1
53,-14,4,0.2133333333,3.222528338,0.005273561201,1.417563853,0.4295945044,0.70314735,0,1
53,-13,1,3.485,3.780214941,0.03277391333,3.257511431,1.738977201,0.70874055,0,1
53,-13,2,3.06,10.22,0.003157744347,1.041252036,0.4791220211,0.70681285,0,1
53,-13,4,4.22,5.92,0.03431230996,-3.187410611,-2.028762735,0.69925641,0,1
53,-12,1,3.745,3.909453287,0.03579854823,-3.008277511,-2.417451766,0.70445286,0,1
53,-12,2,2.38,6.06,0.0134098231,-1.917448867,-1.379304011,0.70255985,0,1
53,-10,1,6.86,6.69,0.03985552635,-3.019061288,-2.732574058,0.69522906,0,1
54,-27,0,-1.165,2.950519022,0.08710014238,-5.266851732,-2.915107316,0.72574074,0,1
54,-27,1,2.796666667,2.388791535,0.0311648708,-2.539747225,-2.552581513,0.72504898,0,0
54,-27,2,4.21,3.194687256,0.00658506177,0.1295070499,-1.650124201,0.72298552,0,1
54,-27,3,-2.326666667,3.233168381,0.001924034779,-0.6026262689,-0.6613067439,0.71958522,0,1
54,-27,4,-4.39,4.011315246,0.001247032332,-0.7176237683,-0.06194901627,0.71490440,0,1
54,-27,5,-2.54,8,0.01064172154,-2.101731528,-0.1007944076,0.70901830,0,1
54,-27,6,4.41,6.67,0.006486908592,-1.493136717,-0.6851193771,0.70201784,0,1
54,-26,0,3.154285714,2.112985121,0.0681680252,4.722382224,2.46172124,0.72557488,0,1
54,-26,1,1.065833333,1.667631596,0.02507094517,2.213145472,2.352153957,0.72488359,0,1
54,-26,2,-0.559,1.980285866,0.01079603244,0.3111904545,2.096376805,0.72282154,0,1
54,-26,4,3.5975,3.027463873,0.02458816878,2.64096935,1.804179957,0.71474585,0,0
54,-26,5,0.3425,3.093361844,0.04813333595,4.029363882,1.946756266,0.70886364,0,1
54,-25,0,1.695,2.288208542,0.09004095137,-5.419179075,-2.84492264,0.72507796,0,1
54,-25,1,-1.840769231,2.273680362,0.03329101153,-2.754110652,-2.503084709,0.72438810,0,1
54,-25,2,3.9775,2.021167283,0.006677163809,-0.2372887797,-1.649755916,0.72233025,0,1
54,-25,3,3.506666667,2.741350843,0.00231491764,-0.6798378393,-0.707764366,0.71893915,0,1
54,-25,4,0.63,2.577945694,0.000363465771,-0.368757584,-0.1234340192,0.71427084,0,1
54,-24,0,-3.048333333,2.327016449,0.03705191808,3.54685425,1.683772491,0.72425204,0,0
54,-24,1,0.3738461538,1.607600292,0.01249601277,1.608843398,1.615712358,0.72356453,0,0
54,-24,2,1.02,1.876342852,0.005246021218,0.2258783362,1.45998624,0.72151367,0,1
54,-24,3,0.2728571429,2.189041352,0.008956955428,1.401346521,1.327676299,0.71813400,0,0
54,-24,4,1.45,2.510211943,0.009571388435,1.502279342,1.31350104,0.71348126,0,1
54,-24,5,2.14,3.458316867,0.02501762326,2.893504812,1.426915103,0.70762996,0,1
54,-23,0,-1.173333333,2.55876359,0.08819367653,-5.502345988,-2.533125709,0.72310047,0,1
54,-23,1,-0.54125,2.362454412,0.03702002479,-3.214267884,-2.251772147,0.72241623,0,1
54,-23,2,3.5175,2.258811121,0.006805651069,-0.6708954228,-1.543164398,0.72037510,0,1
54,-23,4,3.8275,3.670445874,0.0002799285663,0.2679516564,-0.2113404535,0.71238024,0,1
54,-22,0,2.016,2.470426684,0.01612665869,2.550824557,0.4502328553,0.72162793,0,0
54,-22,1,0.4725,2.355102932,0.001642350892,0.6871141616,0.4595280065,0.72094786,0,1
54,-22,2,-0.5028571429,2.526636871,0.001671430175,-0.6739338318,0.4911245666,0.71891911,0,1
54,-22,3,1.67125,2.330915238,0.0007886979571,0.1622952267,0.5493578913,0.71557560,0,1
54,-22,5,4.486666667,4.437357822,0.01042381063,1.964972758,0.6896783647,0.70518181,0,1
54,-21,0,0.025,3.054709479,0.06635971899,-4.9399436,-1.790414987,0.71984031,0,1
54,-21,1,-0.7525,1.925497906,0.0237848477,-2.706607677,-1.603072549,0.71916527,0,1
54,-21,2,-2.725714286,2.09395778,0.003355323297,-0.3695032593,-1.122244531,0.71715150,0,1
54,-21,3,1.855,2.058732544,0.000735400543,0.01127834279,-0.5530212566,0.71383247,0,1
54,-21,4,-1.14,2.537719449,0.0007637655083,0.5489020109,-0.1283253494,0.70926232,0,1
54,-20,0,3.305,3.51028845,0.003215802573,0.836657515,-0.7987006638,0.71774470,0,1
54,-20,1,4.94,2.862549126,0.001772636574,-0.5134253569,-0.6883973907,0.71707554,0,1
54,-20,2,-2.61625,2.017199095,0.005583313099,-1.467807326,-0.4104279404,0.71507922,0,0
54,-19,0,-2.86,4.97,0.009306281123,-1.880153852,-0.5803904936,0.71534929,0,1
54,-19,1,7.975,3.702218929,0.002442229095,-0.8714265866,-0.5066486776,0.71468679,0,1
54,-19,2,-2.516666667,2.869835845,0.0002242050862,-0.01337390188,-0.3051238134,0.71271030,0,1
54,-19,3,-2.46,2.704209065,7.491887734e-06,0.04564557854,-0.03214721626,0.70945228,0,1
54,-18,2,-0.786,2.374345383,0.007186619652,-1.412276503,-0.997713474,0.71005378,0,1
54,-18,4,-0.29,4.269482795,2.263190545e-05,-0.08514553725,-0.04654168402,0.70239405,0,1
54,-17,4,-0.22,3.825088234,0.002378468281,0.6491514204,0.7537587442,0.69955343,0,1
54,-16,2,2.525,4.140978145,0.009517714145,-1.52762614,-1.275208084,0.70391850,0,1
54,-16,3,2.28,5.84,0.0005128252577,0.1205617478,-0.4458960013,0.70077904,0,1
54,-15,2,8.955,4.186072145,0.01401372364,1.842497784,1.560622126,0.70046193,0,1
54,-15,3,0.03,6.39,0.00656699885,1.03710386,1.287082962,0.69736829,0,1
54,-13,2,-0.06,6.35,0.02059833761,2.249268326,1.873666767,0.69283108,0,1
55,-27,0,1.0525,2.968137042,0.0001607995149,-0.01215377866,-0.2583643129,0.71250620,0,1
55,-27,1,2.768888889,2.339786579,0.0002044413037,-0.01176354064,-0.2914076169,0.71185157,0,1
55,-27,2,-1.115,2.574028943,0.0003828450522,-0.1331420979,-0.3762365579,0.70989844,0,1
55,-27,5,0.47,6.13,0.001758187653,-0.6514010073,-0.5542218793,0.69666238,0,1
55,-26,0,-1.4125,3.162507905,0.01005600573,1.15430628,1.68858752,0.71219239,0,1
55,-26,1,-1.303333333,2.256730058,0.005195776585,0.7047204854,1.290366557,0.71153862,0,1
55,-26,2,-2.3525,3.219607572,0.0004564719633,-0.3327135124,0.2814508693,0.70958806,0,1
55,-26,3,0.61,4.66,0.005614449644,-1.253961669,-0.8737526967,0.70637248,0,1
55,-26,5,2.49,6.76,0.01379492551,-1.622567665,-1.762550371,0.69636904,0,1
55,-25,0,0.6166666667,2.624999894,0.008482281696,-0.6931018232,-1.746029972,0.71156601,0,1
55,-25,1,-1.988333333,2.840567334,0.005505624938,-0.4477083038,-1.445733359,0.71091396,0,1
55,-25,2,0.57,2.876619109,0.001316207991,0.2733126744,-0.6876786473,0.70896852,0,1
55,-25,3,3.06,5.91,0.001175256819,0.6774190547,0.1733872412,0.70576132,0,1
55,-25,5,4.3,5.6,0.002182837301,0.4901086783,0.8172833079,0.69578345,0,1
55,-24,0,-2.6,6.24,0.05429089386,3.337753352,3.3833204,0.71062953,0,0
55,-24,1,0.2066666667,2.117817273,0.03154098591,2.401609176,2.711962854,0.70998005,0,1
55,-24,2,7.76,2.979497651,0.002460147306,-0.008840010254,1.011658942,0.70804225,0,1
55,-24,5,0.35,6.64,0.02794638718,-2.383920534,-2.438006819,0.69490784,0,1
55,-23,0,4.625,3.796962602,0.02330404172,-2.027141352,-2.363520199,0.70938663,0,1
55,-23,1,-0.1675,2.634428306,0.01199675839,-1.218200829,-1.872746101,0.70874055,0,1
55,-23,3,4.6,4.021243589,0.008674897623,1.735549057,0.7726688552,0.70363468,0,1
55,-23,5,5.49,5.79,0.01356633914,1.539277129,1.809650062,0.69374549,0,1
55,-22,0,1.23,3.532778651,0.1078690089,5.291356799,4.108516024,0.70784213,0,1
55,-22,3,8.38,4.223023206,0.009968938451,-1.876726366,-0.7908381876,0.70212737,0,1
55,-22,4,4.61,5.95,0.03367187777,-2.956084749,-2.295774159,0.69777701,0,1
55,-21,1,2.04,3.410296908,0.01327042615,-1.727418096,-1.592834275,0.70536510,0,1
55,-20,2,4.02,5.1,0.006820452107,1.149395426,1.231464607,0.70135873,0,1
55,-19,2,2.9,5.81,3.553457604e-05,0.07441854855,-0.09615540519,0.69897488,0,1
55,-19,3,0.01,5.05,0.002913167086,0.8412687672,0.7101235322,0.69590081,0,1
56,-28,1,6.06,4.66,0.006111467591,-0.4338346456,1.534416166,0.69920111,0,1
56,-27,1,1.345,3.37633307,0.007178539628,0.3721317431,-1.687635449,0.69905278,0,1
56,-27,2,2.28,4.95,0.006183638161,-0.9054364924,-1.323954845,0.69720285,0,1
56,-26,0,2.66,5.08,0.004792252071,-0.7375480459,1.204082781,0.69922710,0,1
56,-26,1,3.506666667,4.535931853,0.004549761853,-0.4996885431,1.281880253,0.69860836,0,1
56,-26,2,5.1,4.7,0.009120272534,1.253947942,1.490656986,0.69676195,0,1
56,-25,1,11.77,5.35,0.007239731011,-0.4099826257,-1.686406849,0.69786954,0,0
56,-24,0,5.94,4.82,0.002086931754,-0.7271823079,0.5826348694,0.69745316,0,0
56,-24,2,3.55,5.2,0.002256156188,0.5657758452,0.7864859633,0.69500665,0,1
